timestamp,open,high,low,close,volume
2026-07-14 00:00:00,79.62,79.66,79.52,79.6,91.0
2026-07-14 00:01:00,79.58,79.62,79.57,79.59,18.0
2026-07-14 00:02:00,79.57,79.57,79.54,79.54,15.0
2026-07-14 00:03:00,79.55,79.55,79.5,79.51,23.0
2026-07-14 00:04:00,79.51,79.64,79.51,79.63,42.0
2026-07-14 00:05:00,79.65,79.66,79.62,79.66,27.0
2026-07-14 00:06:00,79.65,79.67,79.64,79.65,8.0
2026-07-14 00:07:00,79.64,79.68,79.62,79.68,41.0
2026-07-14 00:08:00,79.68,79.77,79.68,79.74,52.0
2026-07-14 00:09:00,79.74,79.76,79.7,79.7,65.0
2026-07-14 00:10:00,79.72,79.72,79.69,79.72,5.0
2026-07-14 00:11:00,79.67,79.68,79.65,79.68,14.0
2026-07-14 00:12:00,79.69,79.8,79.69,79.77,39.0
2026-07-14 00:13:00,79.78,79.82,79.67,79.67,73.0
2026-07-14 00:14:00,79.67,79.72,79.67,79.72,17.0
2026-07-14 00:15:00,79.7,79.73,79.7,79.72,11.0
2026-07-14 00:16:00,79.73,79.73,79.65,79.66,33.0
2026-07-14 00:17:00,79.66,79.69,79.61,79.61,34.0
2026-07-14 00:18:00,79.62,79.65,79.62,79.64,9.0
2026-07-14 00:19:00,79.61,79.63,79.57,79.57,31.0
2026-07-14 00:20:00,79.55,79.57,79.49,79.51,44.0
2026-07-14 00:21:00,79.49,79.5,79.45,79.48,32.0
2026-07-14 00:22:00,79.49,79.54,79.43,79.49,302.0
2026-07-14 00:23:00,79.5,79.5,79.48,79.48,31.0
2026-07-14 00:24:00,79.5,79.53,79.45,79.48,58.0
2026-07-14 00:25:00,79.5,79.57,79.5,79.56,42.0
2026-07-14 00:26:00,79.56,79.61,79.56,79.6,17.0
2026-07-14 00:27:00,79.6,79.6,79.53,79.53,17.0
2026-07-14 00:28:00,79.54,79.58,79.54,79.58,20.0
2026-07-14 00:29:00,79.6,79.65,79.59,79.62,21.0
2026-07-14 00:30:00,79.62,79.62,79.61,79.62,4.0
2026-07-14 00:31:00,79.62,79.62,79.57,79.58,9.0
2026-07-14 00:32:00,79.59,79.69,79.58,79.67,55.0
2026-07-14 00:33:00,79.66,79.7,79.66,79.7,19.0
2026-07-14 00:34:00,79.7,79.72,79.68,79.69,21.0
2026-07-14 00:35:00,79.71,79.72,79.67,79.71,32.0
2026-07-14 00:36:00,79.72,79.76,79.71,79.72,49.0
2026-07-14 00:37:00,79.72,79.84,79.72,79.78,62.0
2026-07-14 00:38:00,79.79,79.81,79.78,79.78,11.0
2026-07-14 00:39:00,79.78,79.8,79.75,79.75,36.0
2026-07-14 00:40:00,79.73,79.83,79.72,79.82,64.0
2026-07-14 00:41:00,79.83,79.85,79.81,79.82,40.0
2026-07-14 00:42:00,79.82,79.83,79.78,79.82,33.0
2026-07-14 00:43:00,79.8,79.8,79.77,79.77,28.0
2026-07-14 00:44:00,79.78,79.8,79.77,79.8,15.0
2026-07-14 00:45:00,79.81,79.81,79.76,79.79,18.0
2026-07-14 00:46:00,79.79,79.81,79.79,79.8,13.0
2026-07-14 00:47:00,79.8,79.84,79.8,79.84,16.0
2026-07-14 00:48:00,79.83,79.84,79.82,79.82,12.0
2026-07-14 00:49:00,79.83,79.86,79.83,79.84,17.0
2026-07-14 00:50:00,79.86,79.86,79.84,79.85,6.0
2026-07-14 00:51:00,79.86,79.89,79.85,79.89,20.0
2026-07-14 00:52:00,79.89,79.91,79.84,79.84,30.0
2026-07-14 00:53:00,79.84,79.87,79.83,79.87,38.0
2026-07-14 00:54:00,79.84,79.87,79.84,79.85,15.0
2026-07-14 00:55:00,79.82,79.87,79.74,79.75,74.0
2026-07-14 00:56:00,79.79,79.83,79.79,79.82,26.0
2026-07-14 00:57:00,79.83,79.83,79.74,79.74,15.0
2026-07-14 00:58:00,79.77,79.78,79.75,79.75,24.0
2026-07-14 00:59:00,79.74,79.78,79.73,79.78,24.0
2026-07-14 01:00:00,79.78,79.81,79.66,79.8,111.0
2026-07-14 01:01:00,79.79,79.87,79.79,79.83,16.0
2026-07-14 01:02:00,79.85,79.88,79.85,79.87,19.0
2026-07-14 01:03:00,79.87,79.88,79.78,79.79,26.0
2026-07-14 01:04:00,79.82,79.85,79.82,79.85,7.0
2026-07-14 01:05:00,79.85,79.9,79.84,79.89,28.0
2026-07-14 01:06:00,79.88,79.88,79.78,79.79,24.0
2026-07-14 01:07:00,79.78,79.81,79.77,79.8,16.0
2026-07-14 01:08:00,79.81,79.85,79.81,79.81,9.0
2026-07-14 01:09:00,79.77,79.78,79.77,79.78,6.0
2026-07-14 01:10:00,79.8,79.8,79.78,79.79,10.0
2026-07-14 01:11:00,79.78,79.82,79.76,79.82,12.0
2026-07-14 01:12:00,79.8,79.81,79.72,79.72,32.0
2026-07-14 01:13:00,79.72,79.75,79.7,79.74,22.0
2026-07-14 01:14:00,79.73,79.74,79.7,79.71,23.0
2026-07-14 01:15:00,79.72,79.74,79.71,79.71,17.0
2026-07-14 01:16:00,79.72,79.72,79.68,79.68,35.0
2026-07-14 01:17:00,79.67,79.74,79.65,79.74,33.0
2026-07-14 01:18:00,79.72,79.73,79.71,79.72,17.0
2026-07-14 01:19:00,79.74,79.79,79.73,79.74,36.0
2026-07-14 01:20:00,79.74,79.75,79.74,79.75,4.0
2026-07-14 01:21:00,79.74,79.74,79.69,79.71,24.0
2026-07-14 01:22:00,79.7,79.77,79.7,79.76,25.0
2026-07-14 01:23:00,79.77,79.78,79.77,79.77,4.0
2026-07-14 01:24:00,79.79,79.8,79.75,79.8,69.0
2026-07-14 01:25:00,79.8,79.84,79.8,79.82,12.0
2026-07-14 01:26:00,79.79,79.8,79.73,79.75,32.0
2026-07-14 01:27:00,79.73,79.73,79.7,79.71,9.0
2026-07-14 01:28:00,79.71,79.76,79.71,79.74,18.0
2026-07-14 01:29:00,79.74,79.75,79.7,79.7,16.0
2026-07-14 01:30:00,79.68,79.68,79.31,79.39,479.0
2026-07-14 01:31:00,79.36,79.43,79.26,79.43,256.0
2026-07-14 01:32:00,79.43,79.43,79.32,79.34,160.0
2026-07-14 01:33:00,79.35,79.42,79.32,79.32,67.0
2026-07-14 01:34:00,79.33,79.43,79.33,79.39,84.0
2026-07-14 01:35:00,79.39,79.4,79.24,79.25,140.0
2026-07-14 01:36:00,79.26,79.26,79.08,79.11,176.0
2026-07-14 01:37:00,79.11,79.14,79.04,79.08,175.0
2026-07-14 01:38:00,79.07,79.1,79.04,79.05,97.0
2026-07-14 01:39:00,79.05,79.07,79.0,79.02,148.0
2026-07-14 01:40:00,79.01,79.06,79.01,79.06,43.0
2026-07-14 01:41:00,79.08,79.09,79.02,79.04,41.0
2026-07-14 01:42:00,79.03,79.05,79.0,79.05,153.0
2026-07-14 01:43:00,79.04,79.05,78.91,78.93,117.0
2026-07-14 01:44:00,78.91,78.96,78.86,78.91,136.0
2026-07-14 01:45:00,78.93,78.97,78.83,78.97,96.0
2026-07-14 01:46:00,78.95,79.02,78.91,79.02,88.0
2026-07-14 01:47:00,79.0,79.02,78.95,78.99,98.0
2026-07-14 01:48:00,79.0,79.01,78.95,78.97,31.0
2026-07-14 01:49:00,78.97,79.05,78.96,79.03,52.0
2026-07-14 01:50:00,79.03,79.05,78.94,78.95,80.0
2026-07-14 01:51:00,78.95,79.18,78.95,79.16,135.0
2026-07-14 01:52:00,79.15,79.19,79.12,79.14,58.0
2026-07-14 01:53:00,79.14,79.22,79.14,79.17,130.0
2026-07-14 01:54:00,79.2,79.23,79.17,79.17,43.0
2026-07-14 01:55:00,79.18,79.31,79.17,79.26,77.0
2026-07-14 01:56:00,79.25,79.25,79.2,79.25,48.0
2026-07-14 01:57:00,79.27,79.27,79.24,79.27,15.0
2026-07-14 01:58:00,79.27,79.45,79.26,79.42,138.0
2026-07-14 01:59:00,79.43,79.44,79.34,79.35,55.0
2026-07-14 02:00:00,79.39,79.43,79.33,79.37,65.0
2026-07-14 02:01:00,79.38,79.45,79.37,79.38,144.0
2026-07-14 02:02:00,79.41,79.44,79.31,79.34,50.0
2026-07-14 02:03:00,79.35,79.5,79.35,79.5,113.0
2026-07-14 02:04:00,79.51,79.54,79.49,79.53,40.0
2026-07-14 02:05:00,79.55,79.58,79.52,79.53,62.0
2026-07-14 02:06:00,79.51,79.62,79.49,79.6,153.0
2026-07-14 02:07:00,79.6,79.65,79.58,79.64,79.0
2026-07-14 02:08:00,79.64,79.71,79.64,79.67,73.0
2026-07-14 02:09:00,79.69,79.72,79.63,79.65,53.0
2026-07-14 02:10:00,79.66,79.66,79.5,79.5,67.0
2026-07-14 02:11:00,79.5,79.63,79.5,79.58,82.0
2026-07-14 02:12:00,79.57,79.64,79.57,79.6,46.0
2026-07-14 02:13:00,79.6,79.61,79.52,79.52,55.0
2026-07-14 02:14:00,79.53,79.67,79.53,79.64,102.0
2026-07-14 02:15:00,79.61,79.62,79.56,79.56,126.0
2026-07-14 02:16:00,79.56,79.57,79.54,79.57,78.0
2026-07-14 02:17:00,79.58,79.64,79.58,79.6,22.0
2026-07-14 02:18:00,79.58,79.63,79.57,79.62,16.0
2026-07-14 02:19:00,79.62,79.63,79.55,79.55,40.0
2026-07-14 02:20:00,79.55,79.55,79.47,79.48,67.0
2026-07-14 02:21:00,79.5,79.72,79.48,79.7,108.0
2026-07-14 02:22:00,79.7,79.8,79.7,79.8,113.0
2026-07-14 02:23:00,79.79,79.87,79.78,79.86,113.0
2026-07-14 02:24:00,79.86,79.89,79.83,79.89,65.0
2026-07-14 02:25:00,79.9,79.92,79.85,79.86,249.0
2026-07-14 02:26:00,79.85,79.98,79.85,79.96,131.0
2026-07-14 02:27:00,79.97,80.05,79.96,80.0,97.0
2026-07-14 02:28:00,80.01,80.19,80.01,80.18,188.0
2026-07-14 02:29:00,80.18,80.32,80.16,80.22,332.0
2026-07-14 02:30:00,80.22,80.25,80.05,80.05,151.0
2026-07-14 02:31:00,80.04,80.11,80.04,80.09,122.0
2026-07-14 02:32:00,80.08,80.1,80.01,80.05,56.0
2026-07-14 02:33:00,80.05,80.14,79.97,80.08,422.0
2026-07-14 02:34:00,80.07,80.28,80.04,80.27,104.0
2026-07-14 02:35:00,80.26,80.29,80.18,80.2,137.0
2026-07-14 02:36:00,80.22,80.25,80.14,80.15,81.0
2026-07-14 02:37:00,80.18,80.24,80.11,80.12,79.0
2026-07-14 02:38:00,80.13,80.16,80.11,80.13,46.0
2026-07-14 02:39:00,80.12,80.13,80.09,80.1,46.0
2026-07-14 02:40:00,80.08,80.11,80.03,80.06,86.0
2026-07-14 02:41:00,80.04,80.06,79.98,80.0,116.0
2026-07-14 02:42:00,80.01,80.17,80.01,80.17,96.0
2026-07-14 02:43:00,80.17,80.32,80.17,80.29,123.0
2026-07-14 02:44:00,80.28,80.3,80.23,80.28,68.0
2026-07-14 02:45:00,80.29,80.45,80.27,80.44,255.0
2026-07-14 02:46:00,80.43,80.49,80.41,80.42,119.0
2026-07-14 02:47:00,80.43,80.53,80.43,80.46,229.0
2026-07-14 02:48:00,80.46,80.46,80.41,80.44,77.0
2026-07-14 02:49:00,80.46,80.58,80.45,80.56,190.0
2026-07-14 02:50:00,80.53,80.58,80.53,80.53,60.0
2026-07-14 02:51:00,80.52,80.52,80.33,80.4,145.0
2026-07-14 02:52:00,80.39,80.43,80.39,80.4,57.0
2026-07-14 02:53:00,80.37,80.49,80.37,80.46,57.0
2026-07-14 02:54:00,80.44,80.46,80.4,80.44,51.0
2026-07-14 02:55:00,80.44,80.45,80.27,80.33,145.0
2026-07-14 02:56:00,80.34,80.38,80.32,80.37,43.0
2026-07-14 02:57:00,80.37,80.46,80.37,80.4,133.0
2026-07-14 02:58:00,80.41,80.47,80.4,80.41,95.0
2026-07-14 02:59:00,80.4,80.48,80.39,80.44,65.0
2026-07-14 03:00:00,80.43,80.64,80.4,80.46,326.0
2026-07-14 03:01:00,80.45,80.47,80.37,80.42,99.0
2026-07-14 03:02:00,80.43,80.53,80.39,80.5,128.0
2026-07-14 03:03:00,80.48,80.48,80.29,80.29,88.0
2026-07-14 03:04:00,80.28,80.3,80.14,80.17,308.0
2026-07-14 03:05:00,80.19,80.21,80.06,80.11,190.0
2026-07-14 03:06:00,80.12,80.12,79.97,80.05,170.0
2026-07-14 03:07:00,80.06,80.27,80.06,80.24,157.0
2026-07-14 03:08:00,80.24,80.27,80.13,80.14,177.0
2026-07-14 03:09:00,80.14,80.25,80.11,80.25,69.0
2026-07-14 03:10:00,80.22,80.37,80.21,80.35,90.0
2026-07-14 03:11:00,80.38,80.39,80.32,80.34,92.0
2026-07-14 03:12:00,80.33,80.35,80.25,80.29,55.0
2026-07-14 03:13:00,80.31,80.31,80.26,80.26,66.0
2026-07-14 03:14:00,80.26,80.27,80.06,80.06,133.0
2026-07-14 03:15:00,80.1,80.13,79.97,80.13,127.0
2026-07-14 03:16:00,80.12,80.16,80.04,80.16,106.0
2026-07-14 03:17:00,80.15,80.3,80.13,80.25,183.0
2026-07-14 03:18:00,80.26,80.33,80.21,80.33,136.0
2026-07-14 03:19:00,80.32,80.39,80.29,80.33,82.0
2026-07-14 03:20:00,80.33,80.43,80.31,80.38,110.0
2026-07-14 03:21:00,80.39,80.46,80.36,80.43,97.0
2026-07-14 03:22:00,80.41,80.48,80.38,80.44,73.0
2026-07-14 03:23:00,80.43,80.48,80.36,80.38,70.0
2026-07-14 03:24:00,80.37,80.46,80.36,80.37,168.0
2026-07-14 03:25:00,80.35,80.39,80.31,80.33,105.0
2026-07-14 03:26:00,80.32,80.33,80.24,80.29,126.0
2026-07-14 03:27:00,80.25,80.37,80.21,80.28,389.0
2026-07-14 03:28:00,80.28,80.4,80.28,80.34,172.0
2026-07-14 03:29:00,80.35,80.43,80.3,80.42,47.0
2026-07-14 03:30:00,80.44,80.58,80.44,80.57,226.0
2026-07-14 03:31:00,80.56,80.73,80.5,80.68,207.0
2026-07-14 03:32:00,80.68,80.74,80.66,80.69,121.0
2026-07-14 03:33:00,80.69,80.93,80.68,80.86,369.0
2026-07-14 03:34:00,80.85,80.87,80.77,80.8,280.0
2026-07-14 03:35:00,80.8,80.87,80.76,80.86,148.0
2026-07-14 03:36:00,80.85,80.86,80.77,80.8,108.0
2026-07-14 03:37:00,80.78,80.84,80.71,80.74,114.0
2026-07-14 03:38:00,80.74,80.76,80.59,80.6,140.0
2026-07-14 03:39:00,80.6,80.71,80.6,80.67,106.0
2026-07-14 03:40:00,80.66,80.79,80.65,80.76,95.0
2026-07-14 03:41:00,80.77,80.78,80.68,80.77,128.0
2026-07-14 03:42:00,80.79,80.85,80.78,80.83,133.0
2026-07-14 03:43:00,80.83,80.93,80.79,80.92,188.0
2026-07-14 03:44:00,80.9,80.92,80.85,80.88,100.0
2026-07-14 03:45:00,80.86,80.91,80.84,80.87,166.0
2026-07-14 03:46:00,80.87,80.92,80.83,80.86,155.0
2026-07-14 03:47:00,80.83,80.83,80.57,80.6,199.0
2026-07-14 03:48:00,80.6,80.71,80.6,80.67,152.0
2026-07-14 03:49:00,80.68,80.68,80.35,80.36,351.0
2026-07-14 03:50:00,80.37,80.44,80.19,80.32,415.0
2026-07-14 03:51:00,80.31,80.31,80.22,80.27,138.0
2026-07-14 03:52:00,80.28,80.38,80.24,80.25,176.0
2026-07-14 03:53:00,80.24,80.25,80.09,80.2,191.0
2026-07-14 03:54:00,80.2,80.28,80.13,80.28,123.0
2026-07-14 03:55:00,80.28,80.49,80.28,80.48,147.0
2026-07-14 03:56:00,80.47,80.56,80.46,80.53,142.0
2026-07-14 03:57:00,80.53,80.62,80.53,80.57,117.0
2026-07-14 03:58:00,80.55,80.62,80.55,80.6,57.0
2026-07-14 03:59:00,80.59,80.59,80.37,80.38,165.0
2026-07-14 04:00:00,80.39,80.63,80.34,80.53,308.0
2026-07-14 04:01:00,80.52,80.57,80.45,80.57,84.0
2026-07-14 04:02:00,80.58,80.6,80.48,80.58,214.0
2026-07-14 04:03:00,80.6,81.1,80.59,81.01,718.0
2026-07-14 04:04:00,81.0,81.02,80.82,80.86,253.0
2026-07-14 04:05:00,80.86,80.95,80.8,80.95,162.0
2026-07-14 04:06:00,80.92,80.98,80.92,80.94,120.0
2026-07-14 04:07:00,80.95,81.07,80.93,81.05,171.0
2026-07-14 04:08:00,81.06,81.13,80.92,80.94,302.0
2026-07-14 04:09:00,80.95,81.03,80.91,81.03,145.0
2026-07-14 04:10:00,81.04,81.05,80.82,80.85,229.0
2026-07-14 04:11:00,80.83,80.97,80.83,80.89,120.0
2026-07-14 04:12:00,80.89,81.03,80.81,80.87,264.0
2026-07-14 04:13:00,80.85,80.85,80.53,80.54,293.0
2026-07-14 04:14:00,80.54,80.65,80.53,80.59,258.0
2026-07-14 04:15:00,80.58,80.58,80.47,80.55,142.0
2026-07-14 04:16:00,80.53,80.55,80.19,80.22,345.0
2026-07-14 04:17:00,80.22,80.34,80.2,80.27,225.0
2026-07-14 04:18:00,80.28,80.31,80.22,80.23,198.0
2026-07-14 04:19:00,80.24,80.27,80.19,80.2,151.0
2026-07-14 04:20:00,80.22,80.26,80.06,80.08,300.0
2026-07-14 04:21:00,80.08,80.18,80.08,80.14,167.0
2026-07-14 04:22:00,80.17,80.19,80.0,80.16,206.0
2026-07-14 04:23:00,80.15,80.22,80.1,80.16,179.0
2026-07-14 04:24:00,80.17,80.21,80.09,80.2,113.0
2026-07-14 04:25:00,80.17,80.17,80.02,80.09,121.0
2026-07-14 04:26:00,80.08,80.17,80.02,80.12,285.0
2026-07-14 04:27:00,80.13,80.16,79.97,80.01,247.0
2026-07-14 04:28:00,80.01,80.18,79.99,80.12,319.0
2026-07-14 04:29:00,80.13,80.39,80.13,80.36,563.0
2026-07-14 04:30:00,80.37,80.54,80.3,80.31,506.0
2026-07-14 04:31:00,80.3,80.38,80.3,80.34,111.0
2026-07-14 04:32:00,80.33,80.52,80.31,80.5,125.0
2026-07-14 04:33:00,80.49,80.61,80.46,80.47,119.0
2026-07-14 04:34:00,80.46,80.52,80.44,80.46,94.0
2026-07-14 04:35:00,80.47,80.57,80.46,80.5,69.0
2026-07-14 04:36:00,80.5,80.54,80.4,80.52,139.0
2026-07-14 04:37:00,80.5,80.53,80.45,80.47,69.0
2026-07-14 04:38:00,80.51,80.52,80.4,80.43,112.0
2026-07-14 04:39:00,80.43,80.43,80.36,80.42,58.0
2026-07-14 04:40:00,80.43,80.55,80.42,80.53,179.0
2026-07-14 04:41:00,80.53,80.62,80.5,80.56,135.0
2026-07-14 04:42:00,80.58,80.71,80.55,80.6,140.0
2026-07-14 04:43:00,80.58,80.7,80.56,80.61,216.0
2026-07-14 04:44:00,80.6,80.63,80.53,80.56,84.0
2026-07-14 04:45:00,80.58,80.66,80.54,80.63,76.0
2026-07-14 04:46:00,80.63,80.66,80.56,80.61,94.0
2026-07-14 04:47:00,80.6,80.62,80.44,80.44,110.0
2026-07-14 04:48:00,80.48,80.6,80.47,80.55,80.0
2026-07-14 04:49:00,80.55,80.65,80.55,80.63,85.0
2026-07-14 04:50:00,80.62,80.64,80.55,80.6,56.0
2026-07-14 04:51:00,80.6,80.68,80.59,80.63,84.0
2026-07-14 04:52:00,80.66,80.66,80.48,80.49,172.0
2026-07-14 04:53:00,80.51,80.65,80.51,80.55,74.0
2026-07-14 04:54:00,80.58,80.58,80.41,80.41,121.0
2026-07-14 04:55:00,80.43,80.59,80.35,80.58,123.0
2026-07-14 04:56:00,80.58,80.76,80.57,80.74,176.0
2026-07-14 04:57:00,80.76,81.01,80.75,80.98,365.0
2026-07-14 04:58:00,80.97,81.06,80.96,81.01,344.0
2026-07-14 04:59:00,81.02,81.05,80.95,81.03,172.0
2026-07-14 05:00:00,81.04,81.22,81.03,81.04,498.0
2026-07-14 05:01:00,81.07,81.15,81.04,81.13,212.0
2026-07-14 05:02:00,81.15,81.22,81.08,81.18,196.0
2026-07-14 05:03:00,81.19,81.25,81.15,81.17,116.0
2026-07-14 05:04:00,81.17,81.18,81.03,81.03,161.0
2026-07-14 05:05:00,81.0,81.09,80.9,81.09,227.0
2026-07-14 05:06:00,81.1,81.18,81.04,81.07,164.0
2026-07-14 05:07:00,81.08,81.1,81.06,81.08,44.0
2026-07-14 05:08:00,81.06,81.06,80.72,80.72,302.0
2026-07-14 05:09:00,80.73,80.73,80.58,80.67,232.0
2026-07-14 05:10:00,80.64,80.7,80.44,80.45,198.0
2026-07-14 05:11:00,80.45,80.46,80.25,80.44,390.0
2026-07-14 05:12:00,80.43,80.46,80.29,80.31,159.0
2026-07-14 05:13:00,80.32,80.34,80.24,80.3,148.0
2026-07-14 05:14:00,80.3,80.33,80.13,80.15,229.0
2026-07-14 05:15:00,80.15,80.24,80.11,80.12,221.0
2026-07-14 05:16:00,80.12,80.27,80.06,80.09,248.0
2026-07-14 05:17:00,80.08,80.25,80.03,80.12,322.0
2026-07-14 05:18:00,80.15,80.29,80.13,80.26,237.0
2026-07-14 05:19:00,80.26,80.41,80.26,80.32,183.0
2026-07-14 05:20:00,80.33,80.52,80.29,80.51,137.0
2026-07-14 05:21:00,80.51,80.52,80.41,80.41,165.0
2026-07-14 05:22:00,80.43,80.52,80.4,80.5,121.0
2026-07-14 05:23:00,80.52,80.65,80.5,80.65,111.0
2026-07-14 05:24:00,80.62,80.63,80.5,80.52,93.0
2026-07-14 05:25:00,80.53,80.63,80.46,80.6,95.0
2026-07-14 05:26:00,80.59,80.59,80.53,80.56,63.0
2026-07-14 05:27:00,80.57,80.7,80.56,80.67,80.0
2026-07-14 05:28:00,80.7,80.75,80.69,80.7,50.0
2026-07-14 05:29:00,80.7,80.72,80.64,80.68,75.0
2026-07-14 05:30:00,80.68,80.68,80.53,80.55,68.0
2026-07-14 05:31:00,80.53,80.62,80.53,80.55,65.0
2026-07-14 05:32:00,80.54,80.55,80.35,80.41,94.0
2026-07-14 05:33:00,80.43,80.45,80.35,80.37,79.0
2026-07-14 05:34:00,80.39,80.43,80.35,80.43,54.0
2026-07-14 05:35:00,80.43,80.45,80.32,80.36,49.0
2026-07-14 05:36:00,80.37,80.38,80.3,80.34,61.0
2026-07-14 05:37:00,80.33,80.38,80.26,80.31,72.0
2026-07-14 05:38:00,80.32,80.33,80.25,80.3,38.0
2026-07-14 05:39:00,80.28,80.36,80.28,80.32,76.0
2026-07-14 05:40:00,80.32,80.35,80.28,80.28,44.0
2026-07-14 05:41:00,80.27,80.33,80.22,80.28,127.0
2026-07-14 05:42:00,80.27,80.33,80.21,80.27,72.0
2026-07-14 05:43:00,80.27,80.38,80.25,80.37,128.0
2026-07-14 05:44:00,80.36,80.39,80.32,80.39,74.0
2026-07-14 05:45:00,80.38,80.43,80.19,80.21,99.0
2026-07-14 05:46:00,80.18,80.37,80.18,80.32,64.0
2026-07-14 05:47:00,80.34,80.39,80.34,80.36,69.0
2026-07-14 05:48:00,80.35,80.35,80.23,80.24,61.0
2026-07-14 05:49:00,80.24,80.25,80.16,80.21,90.0
2026-07-14 05:50:00,80.22,80.41,80.22,80.4,209.0
2026-07-14 05:51:00,80.4,80.45,80.34,80.41,130.0
2026-07-14 05:52:00,80.42,80.6,80.42,80.59,136.0
2026-07-14 05:53:00,80.58,80.6,80.46,80.49,195.0
2026-07-14 05:54:00,80.5,80.59,80.48,80.56,143.0
2026-07-14 05:55:00,80.56,80.62,80.55,80.58,128.0
2026-07-14 05:56:00,80.58,80.68,80.57,80.64,134.0
2026-07-14 05:57:00,80.66,80.67,80.58,80.58,144.0
2026-07-14 05:58:00,80.59,80.65,80.59,80.61,109.0
2026-07-14 05:59:00,80.62,80.68,80.57,80.58,252.0
2026-07-14 06:00:00,80.59,80.64,80.51,80.59,117.0
2026-07-14 06:01:00,80.62,80.82,80.62,80.79,176.0
2026-07-14 06:02:00,80.77,80.82,80.74,80.76,131.0
2026-07-14 06:03:00,80.77,80.8,80.65,80.65,106.0
2026-07-14 06:04:00,80.67,80.73,80.59,80.62,85.0
2026-07-14 06:05:00,80.64,80.78,80.63,80.74,75.0
2026-07-14 06:06:00,80.74,80.8,80.7,80.8,167.0
2026-07-14 06:07:00,80.81,80.9,80.78,80.89,235.0
2026-07-14 06:08:00,80.89,80.91,80.83,80.84,74.0
2026-07-14 06:09:00,80.85,80.88,80.82,80.87,19.0
2026-07-14 06:10:00,80.88,80.94,80.86,80.87,55.0
2026-07-14 06:11:00,80.86,80.94,80.85,80.93,103.0
2026-07-14 06:12:00,80.92,80.93,80.84,80.92,161.0
2026-07-14 06:13:00,80.91,81.07,80.89,81.03,170.0
2026-07-14 06:14:00,81.03,81.07,80.95,80.98,145.0
2026-07-14 06:15:00,80.98,81.06,80.96,80.99,83.0
2026-07-14 06:16:00,81.0,81.04,80.92,80.97,111.0
2026-07-14 06:17:00,80.98,81.02,80.89,80.89,76.0
2026-07-14 06:18:00,80.92,80.92,80.81,80.81,95.0
2026-07-14 06:19:00,80.8,80.85,80.77,80.78,76.0
2026-07-14 06:20:00,80.77,80.82,80.76,80.76,62.0
2026-07-14 06:21:00,80.77,80.77,80.7,80.75,41.0
2026-07-14 06:22:00,80.76,80.8,80.7,80.75,102.0
2026-07-14 06:23:00,80.75,80.78,80.73,80.77,39.0
2026-07-14 06:24:00,80.77,80.77,80.66,80.7,99.0
2026-07-14 06:25:00,80.7,80.9,80.7,80.88,154.0
2026-07-14 06:26:00,80.89,81.04,80.89,80.99,174.0
2026-07-14 06:27:00,80.98,81.01,80.86,80.91,96.0
2026-07-14 06:28:00,80.89,80.89,80.73,80.79,97.0
2026-07-14 06:29:00,80.81,80.91,80.8,80.86,85.0
2026-07-14 06:30:00,80.88,80.99,80.88,80.98,100.0
2026-07-14 06:31:00,80.99,81.24,80.99,81.19,425.0
2026-07-14 06:32:00,81.2,81.27,81.12,81.18,417.0
2026-07-14 06:33:00,81.19,81.19,81.08,81.08,52.0
2026-07-14 06:34:00,81.07,81.14,81.01,81.06,138.0
2026-07-14 06:35:00,81.07,81.09,80.72,80.78,241.0
2026-07-14 06:36:00,80.77,80.79,80.5,80.5,376.0
2026-07-14 06:37:00,80.5,80.54,80.3,80.36,393.0
2026-07-14 06:38:00,80.37,80.49,80.34,80.48,218.0
2026-07-14 06:39:00,80.47,80.59,80.41,80.58,171.0
2026-07-14 06:40:00,80.6,80.73,80.59,80.68,176.0
2026-07-14 06:41:00,80.67,80.72,80.67,80.7,84.0
2026-07-14 06:42:00,80.71,80.8,80.67,80.71,133.0
2026-07-14 06:43:00,80.71,80.75,80.64,80.75,41.0
2026-07-14 06:44:00,80.77,80.78,80.67,80.73,119.0
2026-07-14 06:45:00,80.74,80.81,80.73,80.76,108.0
2026-07-14 06:46:00,80.75,80.83,80.75,80.8,93.0
2026-07-14 06:47:00,80.78,80.86,80.77,80.77,70.0
2026-07-14 06:48:00,80.77,80.85,80.77,80.84,70.0
2026-07-14 06:49:00,80.84,80.85,80.77,80.81,80.0
2026-07-14 06:50:00,80.83,80.94,80.83,80.91,122.0
2026-07-14 06:51:00,80.93,80.99,80.9,80.91,90.0
2026-07-14 06:52:00,80.91,81.05,80.86,81.05,158.0
2026-07-14 06:53:00,81.06,81.1,81.0,81.06,185.0
2026-07-14 06:54:00,81.03,81.04,80.98,81.01,76.0
2026-07-14 06:55:00,81.03,81.09,80.99,81.09,73.0
2026-07-14 06:56:00,81.08,81.11,81.05,81.08,86.0
2026-07-14 06:57:00,81.09,81.1,81.05,81.07,108.0
2026-07-14 06:58:00,81.08,81.08,80.96,80.98,168.0
2026-07-14 06:59:00,80.99,80.99,80.85,80.92,152.0
2026-07-14 07:00:00,80.92,81.05,80.81,81.0,367.0
2026-07-14 07:01:00,80.99,81.01,80.96,80.98,34.0
2026-07-14 07:02:00,80.97,80.98,80.93,80.93,129.0
2026-07-14 07:03:00,80.93,81.04,80.86,80.89,154.0
2026-07-14 07:04:00,80.89,80.97,80.87,80.91,49.0
2026-07-14 07:05:00,80.9,80.9,80.82,80.88,62.0
2026-07-14 07:06:00,80.89,80.91,80.81,80.83,53.0
2026-07-14 07:07:00,80.8,80.83,80.78,80.8,68.0
2026-07-14 07:08:00,80.81,80.84,80.8,80.84,29.0
2026-07-14 07:09:00,80.86,80.88,80.8,80.81,37.0
2026-07-14 07:10:00,80.8,80.8,80.68,80.71,85.0
2026-07-14 07:11:00,80.71,80.75,80.56,80.62,200.0
2026-07-14 07:12:00,80.63,80.67,80.52,80.53,146.0
2026-07-14 07:13:00,80.53,80.57,80.44,80.44,236.0
2026-07-14 07:14:00,80.44,80.58,80.37,80.47,369.0
2026-07-14 07:15:00,80.47,80.6,80.44,80.6,177.0
2026-07-14 07:16:00,80.6,80.62,80.49,80.51,116.0
2026-07-14 07:17:00,80.5,80.53,80.47,80.5,96.0
2026-07-14 07:18:00,80.48,80.49,80.44,80.46,70.0
2026-07-14 07:19:00,80.47,80.48,80.21,80.26,231.0
2026-07-14 07:20:00,80.25,80.33,80.18,80.28,266.0
2026-07-14 07:21:00,80.28,80.38,80.26,80.35,138.0
2026-07-14 07:22:00,80.35,80.36,80.28,80.3,87.0
2026-07-14 07:23:00,80.3,80.31,80.16,80.21,141.0
2026-07-14 07:24:00,80.22,80.22,80.0,80.02,339.0
2026-07-14 07:25:00,80.02,80.11,80.0,80.05,192.0
2026-07-14 07:26:00,80.06,80.09,79.94,80.0,318.0
2026-07-14 07:27:00,80.0,80.08,79.95,79.98,152.0
2026-07-14 07:28:00,79.97,80.06,79.96,80.0,124.0
2026-07-14 07:29:00,80.03,80.08,79.95,79.98,144.0
2026-07-14 07:30:00,79.97,79.97,79.74,79.79,528.0
2026-07-14 07:31:00,79.78,79.78,79.66,79.73,309.0
2026-07-14 07:32:00,79.72,79.77,79.56,79.56,278.0
2026-07-14 07:33:00,79.56,79.82,79.5,79.73,493.0
2026-07-14 07:34:00,79.73,79.83,79.7,79.82,204.0
2026-07-14 07:35:00,79.81,79.84,79.73,79.77,196.0
2026-07-14 07:36:00,79.77,79.81,79.72,79.76,144.0
2026-07-14 07:37:00,79.76,79.77,79.62,79.63,137.0
2026-07-14 07:38:00,79.63,79.69,79.56,79.69,226.0
2026-07-14 07:39:00,79.66,79.71,79.57,79.66,147.0
2026-07-14 07:40:00,79.64,79.75,79.64,79.67,176.0
2026-07-14 07:41:00,79.66,79.76,79.66,79.68,109.0
2026-07-14 07:42:00,79.67,79.82,79.66,79.82,100.0
2026-07-14 07:43:00,79.8,79.83,79.71,79.72,139.0
2026-07-14 07:44:00,79.72,79.88,79.72,79.84,148.0
2026-07-14 07:45:00,79.84,79.87,79.76,79.83,146.0
2026-07-14 07:46:00,79.81,79.91,79.77,79.9,141.0
2026-07-14 07:47:00,79.9,79.9,79.7,79.72,161.0
2026-07-14 07:48:00,79.72,79.73,79.52,79.59,449.0
2026-07-14 07:49:00,79.61,79.86,79.6,79.82,188.0
2026-07-14 07:50:00,79.82,79.9,79.78,79.81,145.0
2026-07-14 07:51:00,79.8,79.82,79.73,79.74,125.0
2026-07-14 07:52:00,79.76,79.83,79.73,79.74,123.0
2026-07-14 07:53:00,79.72,79.75,79.62,79.63,128.0
2026-07-14 07:54:00,79.63,79.76,79.63,79.7,137.0
2026-07-14 07:55:00,79.7,79.71,79.63,79.7,280.0
2026-07-14 07:56:00,79.69,79.71,79.67,79.69,74.0
2026-07-14 07:57:00,79.7,79.74,79.62,79.71,293.0
2026-07-14 07:58:00,79.7,79.7,79.56,79.58,122.0
2026-07-14 07:59:00,79.58,79.61,79.47,79.54,220.0
2026-07-14 08:00:00,79.54,79.66,79.48,79.62,225.0
2026-07-14 08:01:00,79.63,79.69,79.57,79.68,136.0
2026-07-14 08:02:00,79.69,79.78,79.68,79.75,105.0
2026-07-14 08:03:00,79.76,79.76,79.61,79.65,111.0
2026-07-14 08:04:00,79.7,79.77,79.69,79.76,81.0
2026-07-14 08:05:00,79.74,79.87,79.71,79.84,195.0
2026-07-14 08:06:00,79.85,79.89,79.78,79.88,161.0
2026-07-14 08:07:00,79.88,80.04,79.86,79.98,347.0
2026-07-14 08:08:00,79.97,80.05,79.95,79.98,148.0
2026-07-14 08:09:00,79.97,80.03,79.94,80.01,88.0
2026-07-14 08:10:00,80.02,80.1,80.0,80.02,216.0
2026-07-14 08:11:00,80.01,80.1,79.98,80.07,114.0
2026-07-14 08:12:00,80.07,80.08,79.94,79.98,145.0
2026-07-14 08:13:00,79.97,79.99,79.93,79.94,233.0
2026-07-14 08:14:00,79.92,80.04,79.91,80.02,110.0
2026-07-14 08:15:00,80.0,80.03,79.94,79.99,167.0
2026-07-14 08:16:00,80.02,80.05,79.94,79.96,179.0
2026-07-14 08:17:00,79.95,80.08,79.94,80.08,94.0
2026-07-14 08:18:00,80.08,80.14,80.07,80.09,116.0
2026-07-14 08:19:00,80.09,80.13,80.03,80.07,101.0
2026-07-14 08:20:00,80.08,80.17,80.07,80.13,103.0
2026-07-14 08:21:00,80.11,80.15,80.08,80.09,114.0
2026-07-14 08:22:00,80.1,80.12,80.02,80.05,85.0
2026-07-14 08:23:00,80.06,80.07,79.87,79.9,235.0
2026-07-14 08:24:00,79.91,79.92,79.77,79.78,197.0
2026-07-14 08:25:00,79.77,79.87,79.75,79.82,180.0
2026-07-14 08:26:00,79.83,79.9,79.81,79.85,131.0
2026-07-14 08:27:00,79.86,79.94,79.84,79.91,105.0
2026-07-14 08:28:00,79.9,80.02,79.87,80.02,124.0
2026-07-14 08:29:00,80.03,80.08,80.02,80.06,76.0
2026-07-14 08:30:00,80.07,80.08,79.77,79.89,387.0
2026-07-14 08:31:00,79.88,80.24,79.88,80.18,471.0
2026-07-14 08:32:00,80.19,80.35,80.19,80.3,401.0
2026-07-14 08:33:00,80.31,80.43,80.3,80.42,176.0
2026-07-14 08:34:00,80.43,80.44,80.35,80.39,173.0
2026-07-14 08:35:00,80.38,80.48,80.38,80.42,196.0
2026-07-14 08:36:00,80.41,80.46,80.36,80.42,230.0
2026-07-14 08:37:00,80.44,80.48,80.41,80.43,158.0
2026-07-14 08:38:00,80.43,80.54,80.39,80.53,281.0
2026-07-14 08:39:00,80.53,80.62,80.52,80.59,222.0
2026-07-14 08:40:00,80.59,80.63,80.54,80.59,232.0
2026-07-14 08:41:00,80.6,80.65,80.49,80.56,206.0
2026-07-14 08:42:00,80.56,80.62,80.51,80.52,118.0
2026-07-14 08:43:00,80.52,80.64,80.46,80.61,173.0
2026-07-14 08:44:00,80.61,80.63,80.48,80.5,141.0
2026-07-14 08:45:00,80.48,80.57,80.44,80.55,215.0
2026-07-14 08:46:00,80.55,80.64,80.55,80.56,143.0
2026-07-14 08:47:00,80.58,80.75,80.58,80.74,295.0
2026-07-14 08:48:00,80.73,80.75,80.68,80.7,209.0
2026-07-14 08:49:00,80.72,80.77,80.68,80.77,452.0
2026-07-14 08:50:00,80.77,80.88,80.77,80.79,378.0
2026-07-14 08:51:00,80.8,80.86,80.79,80.8,176.0
2026-07-14 08:52:00,80.79,80.87,80.75,80.78,307.0
2026-07-14 08:53:00,80.8,80.82,80.74,80.76,292.0
2026-07-14 08:54:00,80.77,80.81,80.75,80.77,132.0
2026-07-14 08:55:00,80.76,80.76,80.62,80.63,360.0
2026-07-14 08:56:00,80.64,80.73,80.59,80.7,285.0
2026-07-14 08:57:00,80.7,80.73,80.65,80.72,249.0
2026-07-14 08:58:00,80.74,80.77,80.69,80.75,198.0
2026-07-14 08:59:00,80.74,80.74,80.63,80.71,448.0
2026-07-14 09:00:00,80.7,80.96,80.58,80.94,1171.0
2026-07-14 09:01:00,80.93,80.96,80.57,80.62,524.0
2026-07-14 09:02:00,80.63,80.78,80.61,80.71,231.0
2026-07-14 09:03:00,80.72,80.84,80.67,80.81,390.0
2026-07-14 09:04:00,80.8,80.9,80.76,80.86,331.0
2026-07-14 09:05:00,80.87,80.95,80.79,80.82,287.0
2026-07-14 09:06:00,80.81,80.87,80.64,80.64,307.0
2026-07-14 09:07:00,80.66,80.78,80.54,80.64,359.0
2026-07-14 09:08:00,80.66,80.79,80.63,80.78,206.0
2026-07-14 09:09:00,80.79,80.85,80.7,80.83,251.0
2026-07-14 09:10:00,80.83,80.84,80.75,80.83,284.0
2026-07-14 09:11:00,80.84,80.87,80.55,80.57,237.0
2026-07-14 09:12:00,80.57,80.7,80.57,80.64,354.0
2026-07-14 09:13:00,80.63,80.68,80.59,80.65,266.0
2026-07-14 09:14:00,80.63,80.71,80.45,80.48,445.0
2026-07-14 09:15:00,80.49,80.57,80.43,80.48,309.0
2026-07-14 09:16:00,80.48,80.59,80.43,80.54,282.0
2026-07-14 09:17:00,80.55,80.63,80.46,80.59,145.0
2026-07-14 09:18:00,80.6,80.6,80.46,80.55,208.0
2026-07-14 09:19:00,80.56,80.6,80.46,80.56,242.0
2026-07-14 09:20:00,80.57,80.63,80.41,80.43,320.0
2026-07-14 09:21:00,80.44,80.44,80.15,80.17,854.0
2026-07-14 09:22:00,80.17,80.27,80.15,80.17,218.0
2026-07-14 09:23:00,80.18,80.19,80.03,80.04,398.0
2026-07-14 09:24:00,80.05,80.05,79.84,79.95,625.0
2026-07-14 09:25:00,79.96,80.02,79.9,80.01,483.0
2026-07-14 09:26:00,80.01,80.14,79.99,80.09,365.0
2026-07-14 09:27:00,80.09,80.14,80.02,80.05,266.0
2026-07-14 09:28:00,80.03,80.04,79.95,79.96,264.0
2026-07-14 09:29:00,79.98,80.1,79.98,80.04,204.0
2026-07-14 09:30:00,80.04,80.22,80.0,80.22,468.0
2026-07-14 09:31:00,80.22,80.41,80.2,80.39,436.0
2026-07-14 09:32:00,80.38,80.53,80.34,80.37,451.0
2026-07-14 09:33:00,80.36,80.37,80.15,80.2,309.0
2026-07-14 09:34:00,80.19,80.34,80.18,80.28,227.0
2026-07-14 09:35:00,80.28,80.41,80.26,80.38,313.0
2026-07-14 09:36:00,80.39,80.43,80.18,80.2,317.0
2026-07-14 09:37:00,80.2,80.22,79.93,79.97,755.0
2026-07-14 09:38:00,79.98,80.07,79.81,79.82,624.0
2026-07-14 09:39:00,79.82,79.9,79.72,79.79,532.0
2026-07-14 09:40:00,79.8,80.04,79.8,80.03,591.0
2026-07-14 09:41:00,80.02,80.08,79.93,79.99,195.0
2026-07-14 09:42:00,79.98,80.14,79.97,80.13,232.0
2026-07-14 09:43:00,80.11,80.14,79.74,79.75,373.0
2026-07-14 09:44:00,79.75,79.85,79.68,79.71,563.0
2026-07-14 09:45:00,79.71,79.77,79.64,79.7,476.0
2026-07-14 09:46:00,79.71,79.8,79.59,79.76,657.0
2026-07-14 09:47:00,79.76,80.0,79.76,80.0,481.0
2026-07-14 09:48:00,80.0,80.06,79.92,80.04,321.0
2026-07-14 09:49:00,80.04,80.11,79.98,80.05,200.0
2026-07-14 09:50:00,80.02,80.04,79.91,80.02,201.0
2026-07-14 09:51:00,80.01,80.16,79.97,80.13,265.0
2026-07-14 09:52:00,80.13,80.17,80.01,80.17,406.0
2026-07-14 09:53:00,80.17,80.19,80.0,80.01,134.0
2026-07-14 09:54:00,80.03,80.07,79.99,80.06,167.0
2026-07-14 09:55:00,80.07,80.13,79.96,80.13,220.0
2026-07-14 09:56:00,80.12,80.13,80.04,80.04,160.0
2026-07-14 09:57:00,80.05,80.07,79.87,79.9,249.0
2026-07-14 09:58:00,79.89,80.01,79.82,80.0,336.0
2026-07-14 09:59:00,80.0,80.0,79.88,79.93,214.0
2026-07-14 10:00:00,79.94,79.96,79.75,79.83,487.0
2026-07-14 10:01:00,79.84,79.85,79.67,79.71,306.0
2026-07-14 10:02:00,79.71,79.87,79.64,79.85,344.0
2026-07-14 10:03:00,79.86,79.87,79.69,79.71,135.0
2026-07-14 10:04:00,79.71,79.77,79.65,79.77,178.0
2026-07-14 10:05:00,79.78,79.79,79.63,79.64,305.0
2026-07-14 10:06:00,79.64,79.71,79.53,79.56,329.0
2026-07-14 10:07:00,79.56,79.65,79.37,79.46,618.0
2026-07-14 10:08:00,79.46,79.53,79.38,79.42,662.0
2026-07-14 10:09:00,79.42,79.6,79.42,79.57,332.0
2026-07-14 10:10:00,79.57,79.6,79.5,79.55,161.0
2026-07-14 10:11:00,79.56,79.74,79.56,79.7,242.0
2026-07-14 10:12:00,79.71,79.84,79.64,79.82,352.0
2026-07-14 10:13:00,79.81,79.85,79.78,79.82,229.0
2026-07-14 10:14:00,79.82,79.89,79.76,79.81,340.0
2026-07-14 10:15:00,79.81,79.94,79.79,79.9,292.0
2026-07-14 10:16:00,79.9,79.93,79.84,79.89,456.0
2026-07-14 10:17:00,79.91,80.0,79.9,79.93,313.0
2026-07-14 10:18:00,79.94,79.94,79.68,79.69,290.0
2026-07-14 10:19:00,79.67,79.7,79.61,79.67,197.0
2026-07-14 10:20:00,79.69,79.73,79.55,79.56,302.0
2026-07-14 10:21:00,79.56,79.66,79.53,79.66,255.0
2026-07-14 10:22:00,79.66,79.66,79.51,79.52,173.0
2026-07-14 10:23:00,79.53,79.55,79.42,79.48,338.0
2026-07-14 10:24:00,79.46,79.54,79.41,79.49,153.0
2026-07-14 10:25:00,79.47,79.64,79.46,79.58,250.0
2026-07-14 10:26:00,79.57,79.6,79.39,79.48,503.0
2026-07-14 10:27:00,79.48,79.55,79.32,79.32,258.0
2026-07-14 10:28:00,79.35,79.48,79.34,79.47,324.0
2026-07-14 10:29:00,79.47,79.55,79.38,79.42,161.0
2026-07-14 10:30:00,79.41,79.51,79.33,79.39,171.0
2026-07-14 10:31:00,79.41,79.43,79.21,79.25,322.0
2026-07-14 10:32:00,79.25,79.34,79.22,79.25,274.0
2026-07-14 10:33:00,79.25,79.34,79.2,79.34,250.0
2026-07-14 10:34:00,79.33,79.33,78.12,79.0,1904.0
2026-07-14 10:35:00,79.0,79.21,78.92,79.07,880.0
2026-07-14 10:36:00,79.08,79.13,79.0,79.09,508.0
2026-07-14 10:37:00,79.09,79.3,79.04,79.27,546.0
2026-07-14 10:38:00,79.25,79.26,79.15,79.17,366.0
2026-07-14 10:39:00,79.18,79.2,79.02,79.09,302.0
2026-07-14 10:40:00,79.08,79.16,79.07,79.1,342.0
2026-07-14 10:41:00,79.13,79.24,79.1,79.22,160.0
2026-07-14 10:42:00,79.21,79.29,79.14,79.28,203.0
2026-07-14 10:43:00,79.28,79.34,79.16,79.17,406.0
2026-07-14 10:44:00,79.22,79.36,79.17,79.34,209.0
2026-07-14 10:45:00,79.32,79.34,79.25,79.31,184.0
2026-07-14 10:46:00,79.31,79.31,79.13,79.22,199.0
2026-07-14 10:47:00,79.2,79.3,79.15,79.27,108.0
2026-07-14 10:48:00,79.26,79.35,79.24,79.28,101.0
2026-07-14 10:49:00,79.29,79.33,79.16,79.18,162.0
2026-07-14 10:50:00,79.17,79.18,79.05,79.17,296.0
2026-07-14 10:51:00,79.16,79.16,78.84,78.88,408.0
2026-07-14 10:52:00,78.88,78.92,78.72,78.76,637.0
2026-07-14 10:53:00,78.77,78.83,78.61,78.71,1216.0
2026-07-14 10:54:00,78.72,78.78,78.68,78.72,490.0
2026-07-14 10:55:00,78.71,78.86,78.68,78.8,372.0
2026-07-14 10:56:00,78.8,78.8,78.65,78.74,377.0
2026-07-14 10:57:00,78.74,78.8,78.64,78.77,426.0
2026-07-14 10:58:00,78.76,78.87,78.68,78.86,281.0
2026-07-14 10:59:00,78.86,78.87,78.75,78.84,353.0
2026-07-14 11:00:00,78.84,78.99,78.84,78.99,450.0
2026-07-14 11:01:00,79.0,79.01,78.88,78.95,332.0
2026-07-14 11:02:00,78.95,79.03,78.88,78.91,216.0
2026-07-14 11:03:00,78.93,79.02,78.86,78.91,226.0
2026-07-14 11:04:00,78.92,78.96,77.91,78.5,1052.0
2026-07-14 11:05:00,78.49,78.53,78.25,78.31,1438.0
2026-07-14 11:06:00,78.3,78.43,78.22,78.27,1164.0
2026-07-14 11:07:00,78.3,78.38,78.11,78.19,778.0
2026-07-14 11:08:00,78.2,78.29,77.92,77.95,1108.0
2026-07-14 11:09:00,77.96,78.13,77.84,78.02,1585.0
2026-07-14 11:10:00,78.03,78.25,77.96,78.24,790.0
2026-07-14 11:11:00,78.24,78.42,78.24,78.31,775.0
2026-07-14 11:12:00,78.3,78.53,78.29,78.5,402.0
2026-07-14 11:13:00,78.48,78.57,78.4,78.5,432.0
2026-07-14 11:14:00,78.5,78.6,78.42,78.6,367.0
2026-07-14 11:15:00,78.6,78.74,78.55,78.68,569.0
2026-07-14 11:16:00,78.68,78.72,78.57,78.67,623.0
2026-07-14 11:17:00,78.68,78.7,78.58,78.68,235.0
2026-07-14 11:18:00,78.66,78.77,78.65,78.74,454.0
2026-07-14 11:19:00,78.73,78.82,78.7,78.72,369.0
2026-07-14 11:20:00,78.76,78.88,78.74,78.76,384.0
2026-07-14 11:21:00,78.75,78.76,78.62,78.65,446.0
2026-07-14 11:22:00,78.66,78.88,78.66,78.88,343.0
2026-07-14 11:23:00,78.89,78.95,78.85,78.94,347.0
2026-07-14 11:24:00,78.94,78.99,78.79,78.84,607.0
2026-07-14 11:25:00,78.83,78.88,78.75,78.86,512.0
2026-07-14 11:26:00,78.85,78.89,78.76,78.81,286.0
2026-07-14 11:27:00,78.81,78.84,78.73,78.8,370.0
2026-07-14 11:28:00,78.8,78.82,78.59,78.64,424.0
2026-07-14 11:29:00,78.63,78.63,78.49,78.55,765.0
2026-07-14 11:30:00,78.56,78.92,78.56,78.82,735.0
2026-07-14 11:31:00,78.81,79.03,78.8,78.95,634.0
2026-07-14 11:32:00,78.96,79.0,78.91,78.98,579.0
2026-07-14 11:33:00,78.98,79.3,78.96,79.28,884.0
2026-07-14 11:34:00,79.29,79.42,79.26,79.38,1304.0
2026-07-14 11:35:00,79.39,79.54,79.34,79.43,779.0
2026-07-14 11:36:00,79.45,79.5,79.36,79.45,463.0
2026-07-14 11:37:00,79.46,79.48,79.33,79.37,338.0
2026-07-14 11:38:00,79.36,79.52,79.36,79.45,385.0
2026-07-14 11:39:00,79.46,79.59,79.45,79.55,330.0
2026-07-14 11:40:00,79.56,79.63,79.54,79.58,353.0
2026-07-14 11:41:00,79.57,79.67,79.55,79.66,651.0
2026-07-14 11:42:00,79.66,79.74,79.56,79.56,473.0
2026-07-14 11:43:00,79.57,79.66,79.57,79.61,299.0
2026-07-14 11:44:00,79.61,79.61,79.51,79.55,282.0
2026-07-14 11:45:00,79.55,79.55,79.39,79.44,600.0
2026-07-14 11:46:00,79.45,79.56,79.43,79.56,210.0
2026-07-14 11:47:00,79.55,79.57,79.44,79.45,153.0
2026-07-14 11:48:00,79.45,79.57,79.44,79.51,240.0
2026-07-14 11:49:00,79.52,79.65,79.51,79.64,166.0
2026-07-14 11:50:00,79.66,79.76,79.63,79.73,386.0
2026-07-14 11:51:00,79.73,79.79,79.64,79.65,366.0
2026-07-14 11:52:00,79.64,79.74,79.64,79.72,332.0
2026-07-14 11:53:00,79.7,79.76,79.68,79.7,265.0
2026-07-14 11:54:00,79.71,79.77,79.63,79.77,665.0
2026-07-14 11:55:00,79.76,79.79,79.7,79.72,260.0
2026-07-14 11:56:00,79.71,79.72,79.55,79.58,433.0
2026-07-14 11:57:00,79.57,79.61,79.48,79.61,237.0
2026-07-14 11:58:00,79.62,79.63,79.53,79.56,168.0
2026-07-14 11:59:00,79.58,79.58,79.46,79.48,171.0
2026-07-14 12:00:00,79.48,79.59,79.38,79.59,488.0
2026-07-14 12:01:00,79.58,79.62,79.53,79.56,200.0
2026-07-14 12:02:00,79.54,79.56,79.46,79.48,234.0
2026-07-14 12:03:00,79.49,79.53,79.45,79.47,142.0
2026-07-14 12:04:00,79.47,79.61,79.42,79.53,279.0
2026-07-14 12:05:00,79.52,79.61,79.51,79.55,137.0
2026-07-14 12:06:00,79.55,79.63,79.54,79.57,185.0
2026-07-14 12:07:00,79.57,79.6,79.46,79.49,376.0
2026-07-14 12:08:00,79.5,79.53,79.35,79.36,220.0
2026-07-14 12:09:00,79.37,79.44,79.23,79.32,591.0
2026-07-14 12:10:00,79.32,79.32,79.11,79.19,584.0
2026-07-14 12:11:00,79.2,79.23,78.99,78.99,316.0
2026-07-14 12:12:00,78.99,79.06,78.95,78.96,308.0
2026-07-14 12:13:00,78.97,79.06,78.93,78.97,400.0
2026-07-14 12:14:00,78.97,79.07,78.94,79.06,370.0
2026-07-14 12:15:00,79.04,79.04,78.96,78.98,219.0
2026-07-14 12:16:00,78.97,78.97,78.82,78.87,221.0
2026-07-14 12:17:00,78.86,78.92,78.82,78.89,277.0
2026-07-14 12:18:00,78.87,78.92,78.79,78.9,180.0
2026-07-14 12:19:00,78.9,79.02,78.9,78.99,153.0
2026-07-14 12:20:00,78.98,79.05,78.97,79.02,224.0
2026-07-14 12:21:00,79.02,79.17,79.02,79.11,165.0
2026-07-14 12:22:00,79.11,79.42,79.11,79.38,646.0
2026-07-14 12:23:00,79.39,79.39,79.2,79.23,344.0
2026-07-14 12:24:00,79.22,79.24,79.14,79.18,157.0
2026-07-14 12:25:00,79.18,79.26,79.14,79.24,108.0
2026-07-14 12:26:00,79.24,79.28,79.21,79.28,87.0
2026-07-14 12:27:00,79.27,79.28,79.21,79.26,58.0
2026-07-14 12:28:00,79.27,79.35,79.25,79.29,101.0
2026-07-14 12:29:00,79.29,79.39,79.29,79.35,244.0
2026-07-14 12:30:00,79.35,79.35,79.27,79.32,158.0
2026-07-14 12:31:00,79.33,79.39,79.25,79.25,196.0
2026-07-14 12:32:00,79.24,79.3,79.19,79.2,109.0
2026-07-14 12:33:00,79.21,79.33,79.2,79.33,73.0
2026-07-14 12:34:00,79.33,79.37,79.31,79.34,68.0
2026-07-14 12:35:00,79.33,79.34,79.17,79.19,112.0
2026-07-14 12:36:00,79.19,79.19,79.02,79.02,310.0
2026-07-14 12:37:00,79.03,79.16,79.02,79.08,128.0
2026-07-14 12:38:00,79.08,79.17,79.08,79.13,83.0
2026-07-14 12:39:00,79.14,79.15,79.06,79.08,57.0
2026-07-14 12:40:00,79.07,79.1,78.99,79.04,185.0
2026-07-14 12:41:00,79.04,79.07,78.96,79.06,163.0
2026-07-14 12:42:00,79.07,79.14,79.07,79.1,96.0
2026-07-14 12:43:00,79.09,79.13,79.08,79.12,36.0
2026-07-14 12:44:00,79.11,79.16,79.09,79.13,59.0
2026-07-14 12:45:00,79.12,79.2,79.07,79.17,169.0
2026-07-14 12:46:00,79.16,79.18,79.11,79.18,60.0
2026-07-14 12:47:00,79.17,79.29,79.17,79.28,174.0
2026-07-14 12:48:00,79.27,79.37,79.27,79.35,195.0
2026-07-14 12:49:00,79.34,79.39,79.33,79.34,89.0
2026-07-14 12:50:00,79.36,79.36,79.25,79.27,119.0
2026-07-14 12:51:00,79.27,79.36,79.27,79.28,70.0
2026-07-14 12:52:00,79.27,79.29,79.15,79.15,216.0
2026-07-14 12:53:00,79.15,79.21,79.13,79.2,73.0
2026-07-14 12:54:00,79.2,79.25,79.16,79.24,85.0
2026-07-14 12:55:00,79.23,79.29,79.19,79.29,94.0
2026-07-14 12:56:00,79.28,79.33,79.24,79.31,59.0
2026-07-14 12:57:00,79.32,79.38,79.3,79.31,120.0
2026-07-14 12:58:00,79.3,79.38,79.24,79.26,257.0
2026-07-14 12:59:00,79.26,79.27,79.2,79.2,132.0
2026-07-14 13:00:00,79.2,79.32,79.18,79.29,128.0
2026-07-14 13:01:00,79.28,79.28,79.21,79.24,91.0
2026-07-14 13:02:00,79.23,79.23,79.12,79.16,140.0
2026-07-14 13:03:00,79.14,79.2,79.08,79.2,392.0
2026-07-14 13:04:00,79.21,79.24,79.11,79.11,114.0
2026-07-14 13:05:00,79.11,79.23,79.07,79.19,119.0
2026-07-14 13:06:00,79.2,79.2,79.15,79.15,25.0
2026-07-14 13:07:00,79.15,79.15,79.05,79.11,139.0
2026-07-14 13:08:00,79.11,79.14,79.07,79.07,37.0
2026-07-14 13:09:00,79.06,79.08,78.95,78.96,178.0
2026-07-14 13:10:00,78.96,79.03,78.94,78.99,281.0
2026-07-14 13:11:00,78.99,79.01,78.94,78.97,98.0
2026-07-14 13:12:00,78.97,78.98,78.87,78.88,183.0
2026-07-14 13:13:00,78.88,79.03,78.81,79.03,316.0
2026-07-14 13:14:00,79.03,79.11,78.99,79.1,153.0
2026-07-14 13:15:00,79.1,79.27,79.06,79.26,313.0
2026-07-14 13:16:00,79.26,79.27,79.13,79.13,126.0
2026-07-14 13:17:00,79.15,79.19,79.12,79.19,95.0
2026-07-14 13:18:00,79.18,79.21,79.06,79.07,186.0
2026-07-14 13:19:00,79.07,79.17,79.06,79.17,68.0
2026-07-14 13:20:00,79.17,79.18,79.04,79.08,131.0
2026-07-14 13:21:00,79.07,79.11,79.02,79.02,69.0
2026-07-14 13:22:00,79.01,79.08,78.97,79.07,144.0
2026-07-14 13:23:00,79.08,79.08,78.98,79.0,103.0
2026-07-14 13:24:00,79.01,79.08,78.98,79.08,83.0
2026-07-14 13:25:00,79.06,79.06,78.97,79.02,89.0
2026-07-14 13:26:00,79.04,79.05,78.98,78.99,55.0
2026-07-14 13:27:00,78.98,79.08,78.97,79.08,138.0
2026-07-14 13:28:00,79.07,79.1,79.04,79.07,71.0
2026-07-14 13:29:00,79.06,79.11,79.04,79.08,182.0
2026-07-14 13:30:00,79.07,79.12,78.97,79.05,304.0
2026-07-14 13:31:00,79.04,79.08,79.0,79.02,93.0
2026-07-14 13:32:00,79.03,79.07,79.03,79.06,91.0
2026-07-14 13:33:00,79.06,79.14,79.06,79.14,246.0
2026-07-14 13:34:00,79.14,79.16,79.03,79.13,168.0
2026-07-14 13:35:00,79.12,79.16,79.09,79.1,265.0
2026-07-14 13:36:00,79.09,79.09,78.93,78.94,145.0
2026-07-14 13:37:00,78.93,78.98,78.89,78.9,213.0
2026-07-14 13:38:00,78.9,78.95,78.88,78.91,86.0
2026-07-14 13:39:00,78.91,78.91,78.86,78.86,139.0
2026-07-14 13:40:00,78.85,78.91,78.78,78.87,362.0
2026-07-14 13:41:00,78.85,78.92,78.84,78.88,96.0
2026-07-14 13:42:00,78.88,78.96,78.86,78.96,64.0
2026-07-14 13:43:00,78.96,78.98,78.9,78.93,150.0
2026-07-14 13:44:00,78.94,79.0,78.93,78.94,132.0
2026-07-14 13:45:00,78.94,79.03,78.87,79.03,159.0
2026-07-14 13:46:00,79.04,79.07,79.0,79.03,150.0
2026-07-14 13:47:00,79.04,79.04,78.82,78.84,174.0
2026-07-14 13:48:00,78.84,78.84,78.63,78.67,429.0
2026-07-14 13:49:00,78.67,78.68,78.57,78.57,266.0
2026-07-14 13:50:00,78.56,78.61,78.47,78.57,390.0
2026-07-14 13:51:00,78.57,78.58,78.51,78.56,368.0
2026-07-14 13:52:00,78.57,78.71,78.56,78.66,232.0
2026-07-14 13:53:00,78.67,78.75,78.64,78.74,172.0
2026-07-14 13:54:00,78.74,78.76,78.62,78.64,164.0
2026-07-14 13:55:00,78.64,78.71,78.63,78.7,138.0
2026-07-14 13:56:00,78.71,78.73,78.7,78.72,66.0
2026-07-14 13:57:00,78.71,78.72,78.64,78.67,89.0
2026-07-14 13:58:00,78.67,78.72,78.66,78.71,85.0
2026-07-14 13:59:00,78.71,78.75,78.7,78.73,87.0
2026-07-14 14:00:00,78.74,78.92,78.72,78.92,202.0
2026-07-14 14:01:00,78.92,78.99,78.91,78.98,170.0
2026-07-14 14:02:00,78.97,79.0,78.91,78.92,161.0
2026-07-14 14:03:00,78.91,78.99,78.89,78.98,108.0
2026-07-14 14:04:00,78.97,79.1,78.97,79.04,325.0
2026-07-14 14:05:00,79.04,79.09,79.03,79.06,164.0
2026-07-14 14:06:00,79.05,79.13,79.03,79.07,276.0
2026-07-14 14:07:00,79.08,79.14,79.07,79.09,176.0
2026-07-14 14:08:00,79.09,79.17,79.09,79.16,163.0
2026-07-14 14:09:00,79.16,79.16,79.09,79.12,160.0
2026-07-14 14:10:00,79.12,79.12,79.0,79.0,330.0
2026-07-14 14:11:00,79.0,79.08,78.97,79.03,241.0
2026-07-14 14:12:00,79.02,79.06,78.97,78.98,153.0
2026-07-14 14:13:00,78.97,79.01,78.92,78.93,164.0
2026-07-14 14:14:00,78.93,78.95,78.86,78.89,183.0
2026-07-14 14:15:00,78.88,79.06,78.83,79.04,291.0
2026-07-14 14:16:00,79.05,79.13,79.04,79.08,185.0
2026-07-14 14:17:00,79.08,79.09,79.03,79.04,83.0
2026-07-14 14:18:00,79.05,79.15,78.99,79.01,225.0
2026-07-14 14:19:00,79.02,79.11,79.01,79.09,137.0
2026-07-14 14:20:00,79.08,79.17,79.08,79.14,115.0
2026-07-14 14:21:00,79.13,79.19,79.07,79.08,202.0
2026-07-14 14:22:00,79.08,79.18,79.06,79.15,164.0
2026-07-14 14:23:00,79.15,79.17,79.11,79.13,121.0
2026-07-14 14:24:00,79.13,79.21,79.13,79.15,161.0
2026-07-14 14:25:00,79.14,79.2,79.13,79.18,192.0
2026-07-14 14:26:00,79.19,79.19,79.12,79.15,127.0
2026-07-14 14:27:00,79.14,79.32,79.13,79.3,512.0
2026-07-14 14:28:00,79.3,79.39,79.22,79.39,1826.0
2026-07-14 14:29:00,79.39,79.4,79.32,79.4,1799.0
2026-07-14 14:30:00,79.41,79.56,79.41,79.54,618.0
2026-07-14 14:31:00,79.54,79.58,79.51,79.52,242.0
2026-07-14 14:32:00,79.53,79.61,79.53,79.56,189.0
2026-07-14 14:33:00,79.56,79.58,79.51,79.54,163.0
2026-07-14 14:34:00,79.53,79.55,79.38,79.4,161.0
2026-07-14 14:35:00,79.38,79.38,79.32,79.35,112.0
2026-07-14 14:36:00,79.37,79.53,79.37,79.47,265.0
2026-07-14 14:37:00,79.47,79.63,79.38,79.43,922.0
2026-07-14 14:38:00,79.44,79.54,79.44,79.53,34.0
2026-07-14 14:39:00,79.54,79.56,79.53,79.56,141.0
2026-07-14 14:40:00,79.56,79.69,79.56,79.66,205.0
2026-07-14 14:41:00,79.65,79.85,79.65,79.77,870.0
2026-07-14 14:42:00,79.77,79.8,79.7,79.72,123.0
2026-07-14 14:43:00,79.72,79.72,79.6,79.63,278.0
2026-07-14 14:44:00,79.63,79.63,79.53,79.57,152.0
2026-07-14 14:45:00,79.58,79.58,79.54,79.55,114.0
2026-07-14 14:46:00,79.54,79.61,79.52,79.61,74.0
2026-07-14 14:47:00,79.6,79.65,79.58,79.61,62.0
2026-07-14 14:48:00,79.61,79.64,79.6,79.63,120.0
2026-07-14 14:49:00,79.64,79.77,79.64,79.77,169.0
2026-07-14 14:50:00,79.76,79.77,79.63,79.64,182.0
2026-07-14 14:51:00,79.64,79.74,79.63,79.68,166.0
2026-07-14 14:52:00,79.69,79.71,79.63,79.65,157.0
2026-07-14 14:53:00,79.64,79.67,79.6,79.62,90.0
2026-07-14 14:54:00,79.62,79.66,79.61,79.64,51.0
2026-07-14 14:55:00,79.63,79.67,79.63,79.64,76.0
2026-07-14 14:56:00,79.65,79.66,79.61,79.62,58.0
2026-07-14 14:57:00,79.62,79.66,79.6,79.66,40.0
2026-07-14 14:58:00,79.66,79.67,79.54,79.55,169.0
2026-07-14 14:59:00,79.55,79.65,79.53,79.63,104.0
2026-07-14 15:00:00,79.64,79.69,79.61,79.65,80.0
2026-07-14 15:01:00,79.66,79.69,79.65,79.69,40.0
2026-07-14 15:02:00,79.69,79.8,79.67,79.77,119.0
2026-07-14 15:03:00,79.77,79.79,79.7,79.71,110.0
2026-07-14 15:04:00,79.71,79.75,79.69,79.69,19.0
2026-07-14 15:05:00,79.71,79.73,79.69,79.69,55.0
2026-07-14 15:06:00,79.69,79.69,79.63,79.69,138.0
2026-07-14 15:07:00,79.69,79.69,79.6,79.6,90.0
2026-07-14 15:08:00,79.6,79.62,79.58,79.59,103.0
2026-07-14 15:09:00,79.59,79.72,79.58,79.69,110.0
2026-07-14 15:10:00,79.69,79.7,79.65,79.66,62.0
2026-07-14 15:11:00,79.67,79.77,79.67,79.74,67.0
2026-07-14 15:12:00,79.74,79.75,79.66,79.68,44.0
2026-07-14 15:13:00,79.71,79.72,79.66,79.66,49.0
2026-07-14 15:14:00,79.66,79.69,79.61,79.67,92.0
2026-07-14 15:15:00,79.67,79.68,79.53,79.59,54.0
2026-07-14 15:16:00,79.6,79.68,79.6,79.62,68.0
2026-07-14 15:17:00,79.64,79.7,79.63,79.64,89.0
2026-07-14 15:18:00,79.64,79.79,79.6,79.73,579.0
2026-07-14 15:19:00,79.74,79.75,79.65,79.68,118.0
2026-07-14 15:20:00,79.67,79.67,79.6,79.64,81.0
2026-07-14 15:21:00,79.63,79.63,79.59,79.63,99.0
2026-07-14 15:22:00,79.63,79.64,79.56,79.56,87.0
2026-07-14 15:23:00,79.55,79.57,79.52,79.53,99.0
2026-07-14 15:24:00,79.53,79.57,79.49,79.56,209.0
2026-07-14 15:25:00,79.54,79.58,79.52,79.57,80.0
2026-07-14 15:26:00,79.57,79.58,79.56,79.58,12.0
2026-07-14 15:27:00,79.59,79.59,79.57,79.57,12.0
2026-07-14 15:28:00,79.59,79.61,79.58,79.59,56.0
2026-07-14 15:29:00,79.59,79.61,79.58,79.59,25.0
2026-07-14 15:30:00,79.59,79.78,79.58,79.75,605.0
2026-07-14 15:31:00,79.76,79.79,79.71,79.78,38.0
2026-07-14 15:32:00,79.79,79.93,79.78,79.89,294.0
2026-07-14 15:33:00,79.86,79.94,79.85,79.87,74.0
2026-07-14 15:34:00,79.87,79.91,79.85,79.9,50.0
2026-07-14 15:35:00,79.89,79.96,79.89,79.91,54.0
2026-07-14 15:36:00,79.9,79.9,79.86,79.88,51.0
2026-07-14 15:37:00,79.92,79.92,79.82,79.83,64.0
2026-07-14 15:38:00,79.83,79.83,79.78,79.83,104.0
2026-07-14 15:39:00,79.84,79.84,79.78,79.78,18.0
2026-07-14 15:40:00,79.79,79.79,79.74,79.77,41.0
2026-07-14 15:41:00,79.76,79.76,79.63,79.73,111.0
2026-07-14 15:42:00,79.74,79.79,79.74,79.75,75.0
2026-07-14 15:43:00,79.76,79.77,79.72,79.75,16.0
2026-07-14 15:44:00,79.74,79.79,79.67,79.67,163.0
2026-07-14 15:45:00,79.67,79.68,79.63,79.68,70.0
2026-07-14 15:46:00,79.68,79.73,79.65,79.67,17.0
2026-07-14 15:47:00,79.68,79.68,79.62,79.65,35.0
2026-07-14 15:48:00,79.63,79.67,79.62,79.67,37.0
2026-07-14 15:49:00,79.67,79.67,79.58,79.61,57.0
2026-07-14 15:50:00,79.64,79.67,79.64,79.67,16.0
2026-07-14 15:51:00,79.67,79.69,79.66,79.69,10.0
2026-07-14 15:52:00,79.7,79.71,79.68,79.68,20.0
2026-07-14 15:53:00,79.68,79.7,79.64,79.64,22.0
2026-07-14 15:54:00,79.65,79.69,79.64,79.69,29.0
2026-07-14 15:55:00,79.7,79.72,79.68,79.69,53.0
2026-07-14 15:56:00,79.7,79.81,79.7,79.78,66.0
2026-07-14 15:57:00,79.78,79.79,79.67,79.69,111.0
2026-07-14 15:58:00,79.7,79.74,79.64,79.64,71.0
2026-07-14 15:59:00,79.66,79.7,79.63,79.7,120.0
2026-07-14 16:00:00,79.68,79.92,79.67,79.9,171.0
2026-07-14 16:01:00,79.91,79.92,79.76,79.78,110.0
2026-07-14 16:02:00,79.77,79.86,79.77,79.85,30.0
2026-07-14 16:03:00,79.87,79.88,79.84,79.87,11.0
2026-07-14 16:04:00,79.85,79.85,79.84,79.84,5.0
2026-07-14 16:05:00,79.81,79.87,79.81,79.87,36.0
2026-07-14 16:06:00,79.84,79.87,79.83,79.86,18.0
2026-07-14 16:07:00,79.88,79.88,79.85,79.87,14.0
2026-07-14 16:08:00,79.86,79.86,79.83,79.83,20.0
2026-07-14 16:09:00,79.82,79.84,79.8,79.81,14.0
2026-07-14 16:10:00,79.81,79.84,79.81,79.83,12.0
2026-07-14 16:11:00,79.86,79.86,79.83,79.84,11.0
2026-07-14 16:12:00,79.84,79.87,79.84,79.87,11.0
2026-07-14 16:13:00,79.85,79.85,79.84,79.84,2.0
2026-07-14 16:14:00,79.85,79.86,79.85,79.86,29.0
2026-07-14 16:15:00,79.86,79.86,79.82,79.84,6.0
2026-07-14 16:16:00,79.84,79.85,79.84,79.85,2.0
2026-07-14 16:17:00,79.86,79.86,79.85,79.86,10.0
2026-07-14 16:18:00,79.85,79.89,79.85,79.89,13.0
2026-07-14 16:19:00,79.89,79.89,79.87,79.88,8.0
2026-07-14 16:20:00,79.87,79.87,79.84,79.85,7.0
2026-07-14 16:21:00,79.88,79.9,79.88,79.9,4.0
2026-07-14 16:22:00,79.91,79.92,79.88,79.88,27.0
2026-07-14 16:23:00,79.88,79.95,79.88,79.92,61.0
2026-07-14 16:24:00,79.93,79.96,79.93,79.95,34.0
2026-07-14 16:25:00,79.94,80.01,79.94,80.0,97.0
2026-07-14 16:26:00,80.0,80.0,79.97,79.97,15.0
2026-07-14 16:27:00,79.95,79.97,79.94,79.97,13.0
2026-07-14 16:28:00,79.95,80.0,79.94,80.0,29.0
2026-07-14 16:29:00,79.97,80.01,79.95,79.95,39.0
2026-07-14 16:30:00,79.95,80.09,79.93,80.06,99.0
2026-07-14 16:31:00,80.07,80.08,80.02,80.07,34.0
2026-07-14 16:32:00,80.08,80.08,80.02,80.08,35.0
2026-07-14 16:33:00,80.09,80.25,80.07,80.23,138.0
2026-07-14 16:34:00,80.23,80.23,80.16,80.2,51.0
2026-07-14 16:35:00,80.2,80.28,80.2,80.22,61.0
2026-07-14 16:36:00,80.22,80.25,80.21,80.25,28.0
2026-07-14 16:37:00,80.24,80.25,80.13,80.14,17.0
2026-07-14 16:38:00,80.14,80.15,80.12,80.12,24.0
2026-07-14 16:39:00,80.13,80.14,80.03,80.03,48.0
2026-07-14 16:40:00,80.05,80.07,80.02,80.07,27.0
2026-07-14 16:41:00,80.05,80.05,80.02,80.04,13.0
2026-07-14 16:42:00,80.04,80.04,79.95,79.96,37.0
2026-07-14 16:43:00,79.97,80.06,79.97,80.0,33.0
2026-07-14 16:44:00,79.99,80.0,79.98,80.0,15.0
2026-07-14 16:45:00,80.01,80.02,79.93,79.94,59.0
2026-07-14 16:46:00,79.93,79.95,79.93,79.95,15.0
2026-07-14 16:47:00,79.95,79.95,79.92,79.92,60.0
2026-07-14 16:48:00,79.93,79.96,79.83,79.94,127.0
2026-07-14 16:49:00,79.94,79.95,79.91,79.92,20.0
2026-07-14 16:50:00,79.91,79.92,79.88,79.91,22.0
2026-07-14 16:51:00,79.91,79.91,79.86,79.88,31.0
2026-07-14 16:52:00,79.91,79.91,79.87,79.89,10.0
2026-07-14 16:53:00,79.88,79.88,79.8,79.83,38.0
2026-07-14 16:54:00,79.85,79.89,79.84,79.85,50.0
2026-07-14 16:55:00,79.86,79.87,79.8,79.82,61.0
2026-07-14 16:56:00,79.85,79.87,79.82,79.84,30.0
2026-07-14 16:57:00,79.85,79.89,79.84,79.87,31.0
2026-07-14 16:58:00,79.87,79.9,79.86,79.87,30.0
2026-07-14 16:59:00,79.87,79.9,79.81,79.83,149.0
2026-07-14 18:00:00,79.74,79.85,79.59,79.81,98.0
2026-07-14 18:01:00,79.8,79.91,79.8,79.89,48.0
2026-07-14 18:02:00,79.87,79.97,79.87,79.97,59.0
2026-07-14 18:03:00,79.94,79.96,79.91,79.91,21.0
2026-07-14 18:04:00,79.91,79.92,79.9,79.91,5.0
2026-07-14 18:05:00,79.9,79.99,79.88,79.96,24.0
2026-07-14 18:06:00,79.97,80.03,79.97,80.03,14.0
2026-07-14 18:07:00,80.04,80.18,80.04,80.09,117.0
2026-07-14 18:08:00,80.08,80.08,79.89,80.01,88.0
2026-07-14 18:09:00,80.03,80.03,79.94,79.95,23.0
2026-07-14 18:10:00,79.97,80.15,79.97,80.15,130.0
2026-07-14 18:11:00,80.1,80.24,80.07,80.1,113.0
2026-07-14 18:12:00,80.12,80.13,80.1,80.11,20.0
2026-07-14 18:13:00,80.09,80.09,79.92,79.96,75.0
2026-07-14 18:14:00,79.96,80.02,79.92,80.0,30.0
2026-07-14 18:15:00,79.99,79.99,79.91,79.91,49.0
2026-07-14 18:16:00,79.9,79.96,79.83,79.96,83.0
2026-07-14 18:17:00,79.94,79.96,79.94,79.96,4.0
2026-07-14 18:18:00,79.96,79.99,79.95,79.99,6.0
2026-07-14 18:19:00,79.97,79.99,79.93,79.99,12.0
2026-07-14 18:20:00,79.97,79.98,79.91,79.91,8.0
2026-07-14 18:21:00,79.91,79.92,79.91,79.91,5.0
2026-07-14 18:22:00,79.94,79.99,79.91,79.99,28.0
2026-07-14 18:23:00,79.99,79.99,79.96,79.96,8.0
2026-07-14 18:24:00,79.99,80.02,79.99,80.01,12.0
2026-07-14 18:25:00,80.02,80.06,80.01,80.03,16.0
2026-07-14 18:26:00,80.01,80.01,79.96,79.98,12.0
2026-07-14 18:27:00,79.98,79.98,79.93,79.93,13.0
2026-07-14 18:28:00,79.94,79.94,79.88,79.88,19.0
2026-07-14 18:29:00,79.88,79.91,79.86,79.86,12.0
2026-07-14 18:30:00,79.86,79.89,79.84,79.84,19.0
2026-07-14 18:31:00,79.86,79.89,79.83,79.89,14.0
2026-07-14 18:32:00,79.91,79.94,79.9,79.9,29.0
2026-07-14 18:33:00,79.92,79.94,79.92,79.93,45.0
2026-07-14 18:34:00,79.94,79.96,79.93,79.95,9.0
2026-07-14 18:35:00,79.97,79.98,79.97,79.97,14.0
2026-07-14 18:36:00,79.95,79.97,79.87,79.88,68.0
2026-07-14 18:37:00,79.86,79.9,79.84,79.9,96.0
2026-07-14 18:38:00,79.96,79.96,79.96,79.96,1.0
2026-07-14 18:39:00,79.97,79.97,79.93,79.93,11.0
2026-07-14 18:40:00,79.95,79.95,79.9,79.93,66.0
2026-07-14 18:41:00,79.97,79.97,79.97,79.97,1.0
2026-07-14 18:42:00,79.96,79.96,79.96,79.96,1.0
2026-07-14 18:43:00,79.98,80.0,79.98,79.98,16.0
2026-07-14 18:44:00,79.99,79.99,79.96,79.97,6.0
2026-07-14 18:45:00,79.94,79.95,79.92,79.95,7.0
2026-07-14 18:49:00,79.95,79.95,79.95,79.95,2.0
2026-07-14 18:50:00,79.95,79.95,79.95,79.95,2.0
2026-07-14 18:52:00,79.95,79.95,79.94,79.94,2.0
2026-07-14 18:53:00,79.95,79.95,79.95,79.95,1.0
2026-07-14 18:54:00,79.94,79.95,79.94,79.94,4.0
2026-07-14 18:55:00,79.94,79.95,79.93,79.93,4.0
2026-07-14 18:56:00,79.94,79.94,79.93,79.93,4.0
2026-07-14 18:57:00,79.94,79.95,79.94,79.95,6.0
2026-07-14 18:58:00,79.93,79.93,79.93,79.93,1.0
2026-07-14 18:59:00,79.9,79.9,79.9,79.9,1.0
2026-07-14 19:00:00,79.94,79.96,79.94,79.96,3.0
2026-07-14 19:01:00,79.92,79.92,79.89,79.89,26.0
2026-07-14 19:02:00,79.88,79.91,79.87,79.91,19.0
2026-07-14 19:03:00,79.92,79.92,79.89,79.89,10.0
2026-07-14 19:04:00,79.88,79.89,79.88,79.88,4.0
2026-07-14 19:06:00,79.9,79.9,79.89,79.89,8.0
2026-07-14 19:07:00,79.9,79.92,79.9,79.9,13.0
2026-07-14 19:08:00,79.91,79.92,79.91,79.92,8.0
2026-07-14 19:09:00,79.91,79.93,79.91,79.93,2.0
2026-07-14 19:10:00,79.91,79.91,79.91,79.91,1.0
2026-07-14 19:12:00,79.93,79.93,79.93,79.93,4.0
2026-07-14 19:13:00,79.93,79.93,79.93,79.93,1.0
2026-07-14 19:15:00,79.94,79.94,79.94,79.94,2.0
2026-07-14 19:16:00,79.95,79.96,79.95,79.96,2.0
2026-07-14 19:17:00,79.95,79.95,79.94,79.94,4.0
2026-07-14 19:18:00,79.93,79.93,79.93,79.93,5.0
2026-07-14 19:19:00,79.94,79.94,79.94,79.94,2.0
2026-07-14 19:20:00,79.95,79.96,79.95,79.96,3.0
2026-07-14 19:21:00,79.96,79.98,79.96,79.98,10.0
2026-07-14 19:23:00,79.96,79.96,79.93,79.93,8.0
2026-07-14 19:24:00,79.93,79.93,79.89,79.91,106.0
2026-07-14 19:25:00,79.9,79.9,79.72,79.73,71.0
2026-07-14 19:26:00,79.73,79.76,79.68,79.71,61.0
2026-07-14 19:27:00,79.73,79.74,79.72,79.73,13.0
2026-07-14 19:28:00,79.75,79.77,79.73,79.74,22.0
2026-07-14 19:29:00,79.74,79.76,79.74,79.76,6.0
2026-07-14 19:30:00,79.77,79.78,79.75,79.76,14.0
2026-07-14 19:31:00,79.75,79.77,79.75,79.77,5.0
2026-07-14 19:32:00,79.77,79.78,79.76,79.78,3.0
2026-07-14 19:33:00,79.78,79.86,79.78,79.86,25.0
2026-07-14 19:34:00,79.85,79.85,79.82,79.84,14.0
2026-07-14 19:35:00,79.85,79.85,79.83,79.85,7.0
2026-07-14 19:36:00,79.84,79.84,79.82,79.82,5.0
2026-07-14 19:37:00,79.83,79.83,79.82,79.82,2.0
2026-07-14 19:38:00,79.82,79.84,79.82,79.83,4.0
2026-07-14 19:39:00,79.84,79.87,79.84,79.87,6.0
2026-07-14 19:40:00,79.87,79.9,79.87,79.9,20.0
2026-07-14 19:41:00,79.9,79.9,79.85,79.87,17.0
2026-07-14 19:42:00,79.85,79.87,79.85,79.85,10.0
2026-07-14 19:43:00,79.86,79.9,79.84,79.9,8.0
2026-07-14 19:44:00,79.89,79.89,79.88,79.89,5.0
2026-07-14 19:45:00,79.88,79.92,79.87,79.92,9.0
2026-07-14 19:46:00,79.9,79.93,79.9,79.91,13.0
2026-07-14 19:47:00,79.91,79.92,79.9,79.92,3.0
2026-07-14 19:48:00,79.91,79.91,79.9,79.9,5.0
2026-07-14 19:49:00,79.89,79.89,79.84,79.84,11.0
2026-07-14 19:50:00,79.84,79.86,79.84,79.86,3.0
2026-07-14 19:51:00,79.86,79.88,79.85,79.86,11.0
2026-07-14 19:52:00,79.86,79.86,79.84,79.84,8.0
2026-07-14 19:53:00,79.83,79.85,79.82,79.85,34.0
2026-07-14 19:54:00,79.84,79.84,79.81,79.82,14.0
2026-07-14 19:55:00,79.82,79.86,79.82,79.84,10.0
2026-07-14 19:56:00,79.85,79.86,79.83,79.86,18.0
2026-07-14 19:57:00,79.84,79.85,79.84,79.84,16.0
2026-07-14 19:58:00,79.83,79.84,79.81,79.84,15.0
2026-07-14 19:59:00,79.84,79.87,79.84,79.87,38.0
2026-07-14 20:00:00,79.84,79.84,79.61,79.72,404.0
2026-07-14 20:01:00,79.72,79.76,79.72,79.73,37.0
2026-07-14 20:02:00,79.73,79.84,79.73,79.79,57.0
2026-07-14 20:03:00,79.79,79.88,79.78,79.85,36.0
2026-07-14 20:04:00,79.86,80.0,79.86,80.0,42.0
2026-07-14 20:05:00,79.99,79.99,79.95,79.97,43.0
2026-07-14 20:06:00,79.99,80.07,79.99,80.07,34.0
2026-07-14 20:07:00,80.07,80.12,80.06,80.08,62.0
2026-07-14 20:08:00,80.09,80.13,80.08,80.12,51.0
2026-07-14 20:09:00,80.12,80.13,80.09,80.1,46.0
2026-07-14 20:10:00,80.09,80.11,80.05,80.05,47.0
2026-07-14 20:11:00,80.06,80.12,80.06,80.11,81.0
2026-07-14 20:12:00,80.13,80.18,80.12,80.12,46.0
2026-07-14 20:13:00,80.12,80.15,80.09,80.15,13.0
2026-07-14 20:14:00,80.16,80.22,80.16,80.22,31.0
2026-07-14 20:15:00,80.21,80.22,80.17,80.19,31.0
2026-07-14 20:16:00,80.19,80.2,80.16,80.18,44.0
2026-07-14 20:17:00,80.21,80.23,80.2,80.22,27.0
2026-07-14 20:18:00,80.21,80.25,80.2,80.23,33.0
2026-07-14 20:19:00,80.22,80.25,80.21,80.23,23.0
2026-07-14 20:20:00,80.24,80.28,80.2,80.2,55.0
2026-07-14 20:21:00,80.21,80.23,80.11,80.12,37.0
2026-07-14 20:22:00,80.13,80.2,80.13,80.19,17.0
2026-07-14 20:23:00,80.21,80.21,80.19,80.21,6.0
2026-07-14 20:24:00,80.23,80.27,80.23,80.27,18.0
2026-07-14 20:25:00,80.29,80.33,80.24,80.26,72.0
2026-07-14 20:26:00,80.26,80.26,80.23,80.23,16.0
2026-07-14 20:27:00,80.22,80.24,80.2,80.22,33.0
2026-07-14 20:28:00,80.23,80.23,80.18,80.2,34.0
2026-07-14 20:29:00,80.22,80.26,80.22,80.26,14.0
2026-07-14 20:30:00,80.29,80.32,80.29,80.32,33.0
2026-07-14 20:31:00,80.31,80.37,80.29,80.34,48.0
2026-07-14 20:32:00,80.34,80.47,80.34,80.45,72.0
2026-07-14 20:33:00,80.43,80.45,80.42,80.44,19.0
2026-07-14 20:34:00,80.45,80.47,80.42,80.46,21.0
2026-07-14 20:35:00,80.45,80.49,80.44,80.44,50.0
2026-07-14 20:36:00,80.45,80.48,80.45,80.47,23.0
2026-07-14 20:37:00,80.47,80.53,80.47,80.48,60.0
2026-07-14 20:38:00,80.47,80.49,80.44,80.44,13.0
2026-07-14 20:39:00,80.45,80.56,80.45,80.54,33.0
2026-07-14 20:40:00,80.52,80.52,80.46,80.46,40.0
2026-07-14 20:41:00,80.45,80.51,80.44,80.48,34.0
2026-07-14 20:42:00,80.49,80.55,80.48,80.54,21.0
2026-07-14 20:43:00,80.54,80.56,80.54,80.56,13.0
2026-07-14 20:44:00,80.52,80.53,80.48,80.51,24.0
2026-07-14 20:45:00,80.54,80.54,80.49,80.51,19.0
2026-07-14 20:46:00,80.52,80.55,80.51,80.53,41.0
2026-07-14 20:47:00,80.55,80.56,80.53,80.56,38.0
2026-07-14 20:48:00,80.56,80.58,80.52,80.55,33.0
2026-07-14 20:49:00,80.57,80.59,80.51,80.51,61.0
2026-07-14 20:50:00,80.51,80.51,80.42,80.42,32.0
2026-07-14 20:51:00,80.4,80.43,80.38,80.42,23.0
2026-07-14 20:52:00,80.42,80.42,80.29,80.31,71.0
2026-07-14 20:53:00,80.32,80.37,80.32,80.37,21.0
2026-07-14 20:54:00,80.37,80.41,80.37,80.4,9.0
2026-07-14 20:55:00,80.4,80.4,80.3,80.31,50.0
2026-07-14 20:56:00,80.32,80.32,80.23,80.26,39.0
2026-07-14 20:57:00,80.27,80.32,80.23,80.27,43.0
2026-07-14 20:58:00,80.27,80.32,80.25,80.32,51.0
2026-07-14 20:59:00,80.31,80.31,80.2,80.2,97.0
2026-07-14 21:00:00,80.2,80.21,79.94,80.1,466.0
2026-07-14 21:01:00,80.06,80.09,79.94,80.03,173.0
2026-07-14 21:02:00,80.03,80.09,79.95,80.07,76.0
2026-07-14 21:03:00,80.06,80.06,79.94,79.95,131.0
2026-07-14 21:04:00,79.96,79.97,79.91,79.91,91.0
2026-07-14 21:05:00,79.92,80.05,79.9,79.99,70.0
2026-07-14 21:06:00,80.0,80.01,79.89,79.95,65.0
2026-07-14 21:07:00,79.96,80.06,79.96,80.02,32.0
2026-07-14 21:08:00,80.0,80.0,79.94,79.94,48.0
2026-07-14 21:09:00,79.95,79.95,79.87,79.89,57.0
2026-07-14 21:10:00,79.89,80.01,79.86,79.99,56.0
2026-07-14 21:11:00,79.97,80.02,79.91,79.94,30.0
2026-07-14 21:12:00,79.95,80.0,79.95,79.99,6.0
2026-07-14 21:13:00,79.97,79.97,79.92,79.93,14.0
2026-07-14 21:14:00,79.94,79.97,79.92,79.97,24.0
2026-07-14 21:15:00,79.96,79.96,79.84,79.85,56.0
2026-07-14 21:16:00,79.9,79.9,79.84,79.87,55.0
2026-07-14 21:17:00,79.89,79.89,79.85,79.87,38.0
2026-07-14 21:18:00,79.86,79.91,79.83,79.9,39.0
2026-07-14 21:19:00,79.87,79.9,79.86,79.9,19.0
2026-07-14 21:20:00,79.88,79.88,79.79,79.84,47.0
2026-07-14 21:21:00,79.83,79.83,79.78,79.8,87.0
2026-07-14 21:22:00,79.81,79.83,79.78,79.78,21.0
2026-07-14 21:23:00,79.78,79.82,79.78,79.78,26.0
2026-07-14 21:24:00,79.8,79.93,79.77,79.91,42.0
2026-07-14 21:25:00,79.9,79.92,79.87,79.9,20.0
2026-07-14 21:26:00,79.9,79.92,79.85,79.92,19.0
2026-07-14 21:27:00,79.92,80.01,79.91,80.01,42.0
2026-07-14 21:28:00,80.04,80.05,80.02,80.05,27.0
2026-07-14 21:29:00,80.06,80.09,80.04,80.08,34.0
2026-07-14 21:30:00,80.08,80.09,79.98,80.01,33.0
2026-07-14 21:31:00,79.96,79.96,79.9,79.93,20.0
2026-07-14 21:32:00,79.92,79.98,79.92,79.95,9.0
2026-07-14 21:33:00,79.99,80.02,79.99,80.02,7.0
2026-07-14 21:34:00,80.02,80.04,79.97,79.97,15.0
2026-07-14 21:35:00,80.02,80.05,80.02,80.04,21.0
2026-07-14 21:36:00,80.02,80.02,79.91,79.92,29.0
2026-07-14 21:37:00,79.93,80.02,79.93,80.0,27.0
2026-07-14 21:38:00,80.01,80.05,80.01,80.05,21.0
2026-07-14 21:39:00,80.05,80.05,80.02,80.02,4.0
2026-07-14 21:40:00,80.01,80.11,79.99,80.1,80.0
2026-07-14 21:41:00,80.09,80.1,80.0,80.0,21.0
2026-07-14 21:42:00,79.95,80.01,79.95,80.01,7.0
2026-07-14 21:43:00,80.01,80.06,80.01,80.04,19.0
2026-07-14 21:44:00,80.05,80.07,80.04,80.07,8.0
2026-07-14 21:45:00,80.0,80.0,79.98,79.99,19.0
2026-07-14 21:46:00,80.01,80.01,79.96,79.96,3.0
2026-07-14 21:47:00,79.99,79.99,79.99,79.99,1.0
2026-07-14 21:48:00,80.04,80.07,80.03,80.04,18.0
2026-07-14 21:49:00,80.04,80.1,80.04,80.09,11.0
2026-07-14 21:50:00,80.09,80.1,80.05,80.07,8.0
2026-07-14 21:51:00,80.09,80.11,80.06,80.11,12.0
2026-07-14 21:52:00,80.1,80.16,80.1,80.14,34.0
2026-07-14 21:53:00,80.14,80.14,80.05,80.07,35.0
2026-07-14 21:54:00,80.11,80.13,80.11,80.13,20.0
2026-07-14 21:55:00,80.14,80.17,80.13,80.14,52.0
2026-07-14 21:56:00,80.16,80.23,80.16,80.18,90.0
2026-07-14 21:57:00,80.21,80.23,80.19,80.2,16.0
2026-07-14 21:58:00,80.19,80.25,80.19,80.19,56.0
2026-07-14 21:59:00,80.19,80.22,80.19,80.21,53.0
2026-07-14 22:00:00,80.23,80.3,80.18,80.29,111.0
2026-07-14 22:01:00,80.29,80.3,80.24,80.26,30.0
2026-07-14 22:02:00,80.29,80.33,80.29,80.32,14.0
2026-07-14 22:03:00,80.3,80.37,80.3,80.33,33.0
2026-07-14 22:04:00,80.36,80.37,80.35,80.35,14.0
2026-07-14 22:05:00,80.35,80.35,80.21,80.22,46.0
2026-07-14 22:06:00,80.24,80.25,80.21,80.21,19.0
2026-07-14 22:07:00,80.22,80.24,80.21,80.22,21.0
2026-07-14 22:08:00,80.21,80.21,80.18,80.18,19.0
2026-07-14 22:09:00,80.18,80.19,80.14,80.19,33.0
2026-07-14 22:10:00,80.17,80.17,80.11,80.16,49.0
2026-07-14 22:11:00,80.14,80.19,80.14,80.18,43.0
2026-07-14 22:12:00,80.2,80.21,80.07,80.07,43.0
2026-07-14 22:13:00,80.06,80.12,80.04,80.12,28.0
2026-07-14 22:14:00,80.11,80.12,80.11,80.12,8.0
2026-07-14 22:15:00,80.1,80.1,80.1,80.1,5.0
2026-07-14 22:16:00,80.11,80.11,80.1,80.1,9.0
2026-07-14 22:17:00,80.11,80.15,80.11,80.14,5.0
2026-07-14 22:18:00,80.15,80.17,80.15,80.17,5.0
2026-07-14 22:19:00,80.14,80.15,80.12,80.13,15.0
2026-07-14 22:21:00,80.15,80.16,80.13,80.14,11.0
2026-07-14 22:22:00,80.17,80.17,80.15,80.16,6.0
2026-07-14 22:23:00,80.17,80.17,80.15,80.15,6.0
2026-07-14 22:24:00,80.15,80.15,80.14,80.15,5.0
2026-07-14 22:25:00,80.16,80.18,80.16,80.16,7.0
2026-07-14 22:26:00,80.17,80.19,80.17,80.17,15.0
2026-07-14 22:27:00,80.18,80.21,80.18,80.21,14.0
2026-07-14 22:28:00,80.22,80.23,80.19,80.21,20.0
2026-07-14 22:29:00,80.23,80.23,80.2,80.2,16.0
2026-07-14 22:30:00,80.19,80.22,80.15,80.18,36.0
2026-07-14 22:31:00,80.17,80.25,80.16,80.25,31.0
2026-07-14 22:32:00,80.25,80.25,80.22,80.22,5.0
2026-07-14 22:33:00,80.24,80.25,80.21,80.21,5.0
2026-07-14 22:34:00,80.21,80.24,80.19,80.19,29.0
2026-07-14 22:35:00,80.2,80.22,80.19,80.22,6.0
2026-07-14 22:36:00,80.22,80.22,80.19,80.22,25.0
2026-07-14 22:37:00,80.23,80.26,80.23,80.24,13.0
2026-07-14 22:38:00,80.24,80.29,80.23,80.28,29.0
2026-07-14 22:39:00,80.27,80.28,80.26,80.28,8.0
2026-07-14 22:40:00,80.28,80.28,80.24,80.24,3.0
2026-07-14 22:41:00,80.21,80.21,80.18,80.18,9.0
2026-07-14 22:42:00,80.21,80.21,80.18,80.2,7.0
2026-07-14 22:43:00,80.23,80.23,80.23,80.23,4.0
2026-07-14 22:44:00,80.24,80.24,80.22,80.23,10.0
2026-07-14 22:45:00,80.22,80.24,80.22,80.22,11.0
2026-07-14 22:46:00,80.22,80.24,80.22,80.24,11.0
2026-07-14 22:47:00,80.24,80.42,80.23,80.4,217.0
2026-07-14 22:48:00,80.41,80.41,80.32,80.35,41.0
2026-07-14 22:49:00,80.37,80.38,80.35,80.35,17.0
2026-07-14 22:50:00,80.37,80.38,80.35,80.38,5.0
2026-07-14 22:51:00,80.37,80.41,80.34,80.41,62.0
2026-07-14 22:52:00,80.41,80.43,80.34,80.4,88.0
2026-07-14 22:53:00,80.4,80.43,80.39,80.4,28.0
2026-07-14 22:54:00,80.42,80.43,80.38,80.39,19.0
2026-07-14 22:55:00,80.38,80.41,80.3,80.3,102.0
2026-07-14 22:56:00,80.29,80.29,80.23,80.23,48.0
2026-07-14 22:57:00,80.23,80.26,80.22,80.26,32.0
2026-07-14 22:58:00,80.26,80.27,80.25,80.25,9.0
2026-07-14 22:59:00,80.26,80.3,80.26,80.3,11.0
2026-07-14 23:00:00,80.29,80.31,80.25,80.27,19.0
2026-07-14 23:01:00,80.24,80.25,80.22,80.24,9.0
2026-07-14 23:02:00,80.23,80.24,80.16,80.16,27.0
2026-07-14 23:03:00,80.18,80.21,80.16,80.2,14.0
2026-07-14 23:04:00,80.19,80.2,80.19,80.19,8.0
2026-07-14 23:05:00,80.18,80.19,80.16,80.17,9.0
2026-07-14 23:06:00,80.17,80.19,80.17,80.19,7.0
2026-07-14 23:07:00,80.2,80.21,80.19,80.2,9.0
2026-07-14 23:08:00,80.21,80.22,80.2,80.2,5.0
2026-07-14 23:09:00,80.2,80.2,80.12,80.12,42.0
2026-07-14 23:10:00,80.16,80.21,80.16,80.21,6.0
2026-07-14 23:11:00,80.19,80.2,80.19,80.2,6.0
2026-07-14 23:12:00,80.22,80.25,80.22,80.25,13.0
2026-07-14 23:13:00,80.23,80.25,80.19,80.21,32.0
2026-07-14 23:14:00,80.22,80.22,80.21,80.21,5.0
2026-07-14 23:15:00,80.21,80.22,80.19,80.2,49.0
2026-07-14 23:16:00,80.19,80.2,80.18,80.2,4.0
2026-07-14 23:17:00,80.23,80.24,80.2,80.2,7.0
2026-07-14 23:18:00,80.24,80.24,80.23,80.24,8.0
2026-07-14 23:19:00,80.24,80.29,80.23,80.29,18.0
2026-07-14 23:20:00,80.24,80.27,80.24,80.26,7.0
2026-07-14 23:21:00,80.25,80.25,80.24,80.25,9.0
2026-07-14 23:22:00,80.24,80.26,80.23,80.25,16.0
2026-07-14 23:23:00,80.23,80.23,80.19,80.21,19.0
2026-07-14 23:24:00,80.21,80.21,80.19,80.19,4.0
2026-07-14 23:25:00,80.2,80.2,80.12,80.15,33.0
2026-07-14 23:26:00,80.15,80.15,80.08,80.11,66.0
2026-07-14 23:27:00,80.11,80.12,80.07,80.11,39.0
2026-07-14 23:28:00,80.12,80.13,80.08,80.1,37.0
2026-07-14 23:29:00,80.09,80.13,80.07,80.09,52.0
2026-07-14 23:30:00,80.1,80.12,80.0,80.01,179.0
2026-07-14 23:31:00,80.02,80.08,80.0,80.08,133.0
2026-07-14 23:32:00,80.08,80.1,80.07,80.09,26.0
2026-07-14 23:33:00,80.09,80.15,80.09,80.13,27.0
2026-07-14 23:34:00,80.14,80.17,80.14,80.16,34.0
2026-07-14 23:35:00,80.17,80.22,80.16,80.21,27.0
2026-07-14 23:36:00,80.2,80.2,80.18,80.2,33.0
2026-07-14 23:37:00,80.19,80.24,80.19,80.23,47.0
2026-07-14 23:38:00,80.22,80.22,80.15,80.15,22.0
2026-07-14 23:39:00,80.15,80.16,80.15,80.15,14.0
2026-07-14 23:40:00,80.16,80.17,80.16,80.16,10.0
2026-07-14 23:41:00,80.16,80.16,80.14,80.14,14.0
2026-07-14 23:42:00,80.14,80.21,80.14,80.21,35.0
2026-07-14 23:43:00,80.19,80.19,80.16,80.16,16.0
2026-07-14 23:44:00,80.16,80.17,80.13,80.14,21.0
2026-07-14 23:45:00,80.15,80.15,80.03,80.08,51.0
2026-07-14 23:46:00,80.06,80.06,80.05,80.05,9.0
2026-07-14 23:47:00,80.06,80.06,80.02,80.05,44.0
2026-07-14 23:48:00,80.06,80.06,80.03,80.03,15.0
2026-07-14 23:49:00,80.03,80.04,79.98,79.99,87.0
2026-07-14 23:50:00,79.98,79.98,79.82,79.84,137.0
2026-07-14 23:51:00,79.85,79.86,79.83,79.86,32.0
2026-07-14 23:52:00,79.84,79.88,79.83,79.88,21.0
2026-07-14 23:53:00,79.89,79.95,79.89,79.95,59.0
2026-07-14 23:54:00,79.97,79.97,79.92,79.92,29.0
2026-07-14 23:55:00,79.93,80.03,79.93,79.97,99.0
2026-07-14 23:56:00,79.98,79.98,79.96,79.96,9.0
2026-07-14 23:57:00,79.96,79.98,79.96,79.98,12.0
2026-07-14 23:58:00,79.97,79.97,79.93,79.93,25.0
2026-07-14 23:59:00,79.93,79.94,79.87,79.93,40.0
2026-07-15 00:00:00,79.95,80.03,79.95,80.02,40.0
2026-07-15 00:01:00,80.04,80.04,80.0,80.03,11.0
2026-07-15 00:02:00,80.05,80.07,80.05,80.05,23.0
2026-07-15 00:03:00,80.05,80.06,79.99,79.99,13.0
2026-07-15 00:04:00,80.0,80.03,80.0,80.03,8.0
2026-07-15 00:05:00,80.03,80.06,80.03,80.05,20.0
2026-07-15 00:06:00,80.05,80.07,80.04,80.06,17.0
2026-07-15 00:07:00,80.07,80.07,80.05,80.05,6.0
2026-07-15 00:08:00,80.04,80.07,80.04,80.07,4.0
2026-07-15 00:09:00,80.02,80.05,80.01,80.05,12.0
2026-07-15 00:10:00,80.04,80.07,80.04,80.06,9.0
2026-07-15 00:11:00,80.05,80.06,80.03,80.04,22.0
2026-07-15 00:12:00,80.06,80.07,80.04,80.04,10.0
2026-07-15 00:13:00,80.04,80.04,80.02,80.04,16.0
2026-07-15 00:14:00,80.03,80.03,79.95,79.97,114.0
2026-07-15 00:15:00,80.0,80.02,79.97,79.97,27.0
2026-07-15 00:16:00,79.97,79.97,79.86,79.88,54.0
2026-07-15 00:17:00,79.89,79.9,79.85,79.85,36.0
2026-07-15 00:18:00,79.85,79.87,79.84,79.87,17.0
2026-07-15 00:19:00,79.87,79.93,79.87,79.88,21.0
2026-07-15 00:20:00,79.89,79.92,79.86,79.88,80.0
2026-07-15 00:21:00,79.86,79.86,79.86,79.86,3.0
2026-07-15 00:22:00,79.9,79.9,79.84,79.85,9.0
2026-07-15 00:23:00,79.81,79.85,79.81,79.85,13.0
2026-07-15 00:24:00,79.86,79.87,79.81,79.81,6.0
2026-07-15 00:25:00,79.81,79.81,79.78,79.8,41.0
2026-07-15 00:26:00,79.78,79.78,79.75,79.76,36.0
2026-07-15 00:27:00,79.78,79.81,79.78,79.81,13.0
2026-07-15 00:28:00,79.81,79.85,79.81,79.85,9.0
2026-07-15 00:29:00,79.84,79.85,79.82,79.85,12.0
2026-07-15 00:30:00,79.86,79.86,79.82,79.82,10.0
2026-07-15 00:31:00,79.84,79.87,79.84,79.87,8.0
2026-07-15 00:32:00,79.89,79.9,79.86,79.86,10.0
2026-07-15 00:34:00,79.85,79.87,79.85,79.86,15.0
2026-07-15 00:35:00,79.86,79.86,79.82,79.82,11.0
2026-07-15 00:36:00,79.83,79.83,79.81,79.81,15.0
2026-07-15 00:37:00,79.8,79.8,79.71,79.77,71.0
2026-07-15 00:38:00,79.78,79.78,79.71,79.73,36.0
2026-07-15 00:39:00,79.74,79.8,79.74,79.79,39.0
2026-07-15 00:40:00,79.78,79.8,79.78,79.79,9.0
2026-07-15 00:41:00,79.8,79.83,79.79,79.83,9.0
2026-07-15 00:42:00,79.83,79.83,79.81,79.82,10.0
2026-07-15 00:43:00,79.82,79.82,79.82,79.82,5.0
2026-07-15 00:44:00,79.82,79.82,79.82,79.82,8.0
2026-07-15 00:45:00,79.8,79.8,79.77,79.77,4.0
2026-07-15 00:46:00,79.75,79.76,79.72,79.75,21.0
2026-07-15 00:47:00,79.73,79.73,79.72,79.73,8.0
2026-07-15 00:48:00,79.72,79.74,79.72,79.74,6.0
2026-07-15 00:49:00,79.74,79.74,79.73,79.73,7.0
2026-07-15 00:50:00,79.74,79.77,79.72,79.76,14.0
2026-07-15 00:51:00,79.75,79.75,79.72,79.72,7.0
2026-07-15 00:52:00,79.73,79.73,79.71,79.73,19.0
2026-07-15 00:53:00,79.74,79.74,79.72,79.72,29.0
2026-07-15 00:54:00,79.71,79.73,79.71,79.72,11.0
2026-07-15 00:55:00,79.74,79.74,79.66,79.7,74.0
2026-07-15 00:56:00,79.71,79.73,79.69,79.7,16.0
2026-07-15 00:57:00,79.7,79.75,79.69,79.74,36.0
2026-07-15 00:58:00,79.73,79.73,79.72,79.73,14.0
2026-07-15 00:59:00,79.74,79.79,79.74,79.78,10.0
2026-07-15 01:00:00,79.78,79.85,79.77,79.83,65.0
2026-07-15 01:01:00,79.85,79.92,79.84,79.88,96.0
2026-07-15 01:02:00,79.88,79.93,79.86,79.93,56.0
2026-07-15 01:03:00,79.93,79.99,79.93,79.97,31.0
2026-07-15 01:04:00,79.95,79.98,79.93,79.93,26.0
2026-07-15 01:05:00,79.91,79.91,79.86,79.87,31.0
2026-07-15 01:06:00,79.89,79.9,79.83,79.9,29.0
2026-07-15 01:07:00,79.9,79.9,79.8,79.82,20.0
2026-07-15 01:08:00,79.83,79.86,79.83,79.86,9.0
2026-07-15 01:09:00,79.87,79.87,79.86,79.86,9.0
2026-07-15 01:10:00,79.85,79.86,79.85,79.85,7.0
2026-07-15 01:11:00,79.85,79.9,79.83,79.83,19.0
2026-07-15 01:12:00,79.83,79.86,79.83,79.84,8.0
2026-07-15 01:13:00,79.83,79.83,79.8,79.81,7.0
2026-07-15 01:14:00,79.78,79.78,79.75,79.76,22.0
2026-07-15 01:15:00,79.77,79.78,79.73,79.78,28.0
2026-07-15 01:16:00,79.78,79.84,79.78,79.83,13.0
2026-07-15 01:17:00,79.83,79.84,79.82,79.82,8.0
2026-07-15 01:18:00,79.82,79.83,79.81,79.83,11.0
2026-07-15 01:19:00,79.83,79.85,79.76,79.77,51.0
2026-07-15 01:20:00,79.78,79.81,79.77,79.79,19.0
2026-07-15 01:21:00,79.81,79.81,79.79,79.79,11.0
2026-07-15 01:22:00,79.81,79.82,79.77,79.79,14.0
2026-07-15 01:23:00,79.8,79.84,79.79,79.84,5.0
2026-07-15 01:24:00,79.83,79.84,79.83,79.84,10.0
2026-07-15 01:25:00,79.85,79.87,79.85,79.87,9.0
2026-07-15 01:26:00,79.87,79.89,79.86,79.87,17.0
2026-07-15 01:27:00,79.9,79.9,79.88,79.88,12.0
2026-07-15 01:28:00,79.88,79.89,79.87,79.89,8.0
2026-07-15 01:29:00,79.91,79.93,79.87,79.87,44.0
2026-07-15 01:30:00,79.88,79.9,79.76,79.79,107.0
2026-07-15 01:31:00,79.78,79.85,79.74,79.85,29.0
2026-07-15 01:32:00,79.84,79.84,79.76,79.79,49.0
2026-07-15 01:33:00,79.79,79.82,79.76,79.76,29.0
2026-07-15 01:34:00,79.75,79.8,79.75,79.78,22.0
2026-07-15 01:35:00,79.76,79.76,79.58,79.61,159.0
2026-07-15 01:36:00,79.61,79.64,79.51,79.55,156.0
2026-07-15 01:37:00,79.55,79.57,79.48,79.54,100.0
2026-07-15 01:38:00,79.54,79.56,79.49,79.53,54.0
2026-07-15 01:39:00,79.54,79.55,79.51,79.54,21.0
2026-07-15 01:40:00,79.55,79.57,79.52,79.55,36.0
2026-07-15 01:41:00,79.56,79.61,79.53,79.61,40.0
2026-07-15 01:42:00,79.61,79.72,79.6,79.71,31.0
2026-07-15 01:43:00,79.72,79.85,79.71,79.85,42.0
2026-07-15 01:44:00,79.85,79.87,79.82,79.83,56.0
2026-07-15 01:45:00,79.85,79.9,79.79,79.82,76.0
2026-07-15 01:46:00,79.8,79.81,79.75,79.8,32.0
2026-07-15 01:47:00,79.8,79.84,79.8,79.81,25.0
2026-07-15 01:48:00,79.8,79.83,79.77,79.81,32.0
2026-07-15 01:49:00,79.8,79.81,79.77,79.77,14.0
2026-07-15 01:50:00,79.82,79.85,79.81,79.81,15.0
2026-07-15 01:51:00,79.81,79.84,79.78,79.79,11.0
2026-07-15 01:52:00,79.77,79.77,79.72,79.77,37.0
2026-07-15 01:53:00,79.77,79.77,79.75,79.77,11.0
2026-07-15 01:54:00,79.76,79.76,79.61,79.63,42.0
2026-07-15 01:55:00,79.64,79.69,79.62,79.68,22.0
2026-07-15 01:56:00,79.69,79.69,79.68,79.69,17.0
2026-07-15 01:57:00,79.7,79.74,79.69,79.73,20.0
2026-07-15 01:58:00,79.72,79.72,79.64,79.65,17.0
2026-07-15 01:59:00,79.67,79.73,79.64,79.73,14.0
2026-07-15 02:00:00,79.72,79.74,79.71,79.71,27.0
2026-07-15 02:01:00,79.73,79.76,79.69,79.73,22.0
2026-07-15 02:02:00,79.75,79.78,79.73,79.73,28.0
2026-07-15 02:03:00,79.7,79.72,79.66,79.72,23.0
2026-07-15 02:04:00,79.72,79.74,79.67,79.69,35.0
2026-07-15 02:05:00,79.69,79.74,79.69,79.73,35.0
2026-07-15 02:06:00,79.73,79.84,79.73,79.84,31.0
2026-07-15 02:07:00,79.85,79.85,79.82,79.82,36.0
2026-07-15 02:08:00,79.84,79.86,79.83,79.83,14.0
2026-07-15 02:09:00,79.85,79.85,79.69,79.69,45.0
2026-07-15 02:10:00,79.68,79.71,79.66,79.66,49.0
2026-07-15 02:11:00,79.67,79.71,79.65,79.68,29.0
2026-07-15 02:12:00,79.66,79.68,79.64,79.68,36.0
2026-07-15 02:13:00,79.67,79.68,79.67,79.68,9.0
2026-07-15 02:14:00,79.69,79.69,79.68,79.69,6.0
2026-07-15 02:15:00,79.68,79.7,79.67,79.7,34.0
2026-07-15 02:16:00,79.71,79.82,79.71,79.81,22.0
2026-07-15 02:17:00,79.79,79.79,79.75,79.78,27.0
2026-07-15 02:18:00,79.75,79.75,79.67,79.68,19.0
2026-07-15 02:19:00,79.72,79.74,79.63,79.64,59.0
2026-07-15 02:20:00,79.66,79.67,79.57,79.6,50.0
2026-07-15 02:21:00,79.61,79.62,79.52,79.52,52.0
2026-07-15 02:22:00,79.53,79.56,79.52,79.53,31.0
2026-07-15 02:23:00,79.54,79.58,79.52,79.52,52.0
2026-07-15 02:24:00,79.51,79.54,79.49,79.54,20.0
2026-07-15 02:25:00,79.55,79.67,79.55,79.67,71.0
2026-07-15 02:26:00,79.68,79.74,79.63,79.73,53.0
2026-07-15 02:27:00,79.73,79.75,79.72,79.75,20.0
2026-07-15 02:28:00,79.73,79.73,79.68,79.68,18.0
2026-07-15 02:29:00,79.7,79.74,79.67,79.72,48.0
2026-07-15 02:30:00,79.7,79.71,79.66,79.67,18.0
2026-07-15 02:31:00,79.67,79.71,79.66,79.7,23.0
2026-07-15 02:32:00,79.72,79.75,79.7,79.73,14.0
2026-07-15 02:33:00,79.75,79.79,79.73,79.73,11.0
2026-07-15 02:34:00,79.74,79.74,79.67,79.67,17.0
2026-07-15 02:35:00,79.68,79.68,79.64,79.66,25.0
2026-07-15 02:36:00,79.67,79.71,79.66,79.69,30.0
2026-07-15 02:37:00,79.66,79.7,79.65,79.68,49.0
2026-07-15 02:38:00,79.7,79.7,79.64,79.65,21.0
2026-07-15 02:39:00,79.63,79.69,79.62,79.69,30.0
2026-07-15 02:40:00,79.68,79.69,79.61,79.61,15.0
2026-07-15 02:41:00,79.62,79.63,79.6,79.61,13.0
2026-07-15 02:42:00,79.62,79.64,79.57,79.64,29.0
2026-07-15 02:43:00,79.65,79.68,79.65,79.67,37.0
2026-07-15 02:44:00,79.68,79.69,79.64,79.64,25.0
2026-07-15 02:45:00,79.64,79.75,79.63,79.75,24.0
2026-07-15 02:46:00,79.73,79.76,79.67,79.68,34.0
2026-07-15 02:47:00,79.63,79.63,79.59,79.62,16.0
2026-07-15 02:48:00,79.63,79.71,79.63,79.71,16.0
2026-07-15 02:49:00,79.72,79.79,79.71,79.79,18.0
2026-07-15 02:50:00,79.77,79.8,79.74,79.8,20.0
2026-07-15 02:51:00,79.79,79.86,79.77,79.84,30.0
2026-07-15 02:52:00,79.86,79.88,79.82,79.85,41.0
2026-07-15 02:53:00,79.82,79.88,79.82,79.84,27.0
2026-07-15 02:54:00,79.85,79.89,79.85,79.88,57.0
2026-07-15 02:55:00,79.87,79.93,79.86,79.9,220.0
2026-07-15 02:56:00,79.9,79.94,79.9,79.94,44.0
2026-07-15 02:57:00,79.94,80.02,79.92,80.0,100.0
2026-07-15 02:58:00,80.0,80.02,79.97,80.0,101.0
2026-07-15 02:59:00,80.02,80.03,79.98,79.98,54.0
2026-07-15 03:00:00,79.99,80.21,79.99,80.1,216.0
2026-07-15 03:01:00,80.08,80.24,80.08,80.24,86.0
2026-07-15 03:02:00,80.22,80.29,80.2,80.28,107.0
2026-07-15 03:03:00,80.28,80.32,80.28,80.31,97.0
2026-07-15 03:04:00,80.31,80.32,80.21,80.24,113.0
2026-07-15 03:05:00,80.25,80.29,80.23,80.25,110.0
2026-07-15 03:06:00,80.24,80.26,80.18,80.18,83.0
2026-07-15 03:07:00,80.21,80.25,80.19,80.2,78.0
2026-07-15 03:08:00,80.2,80.2,80.1,80.18,76.0
2026-07-15 03:09:00,80.19,80.2,80.16,80.18,33.0
2026-07-15 03:10:00,80.18,80.24,80.16,80.21,107.0
2026-07-15 03:11:00,80.23,80.23,80.17,80.23,39.0
2026-07-15 03:12:00,80.23,80.41,80.23,80.35,203.0
2026-07-15 03:13:00,80.35,80.35,80.24,80.27,66.0
2026-07-15 03:14:00,80.23,80.26,80.17,80.19,38.0
2026-07-15 03:15:00,80.2,80.27,80.2,80.24,28.0
2026-07-15 03:16:00,80.22,80.27,80.22,80.26,46.0
2026-07-15 03:17:00,80.27,80.33,80.27,80.33,31.0
2026-07-15 03:18:00,80.33,80.36,80.3,80.35,42.0
2026-07-15 03:19:00,80.34,80.34,80.29,80.3,36.0
2026-07-15 03:20:00,80.29,80.3,80.19,80.2,49.0
2026-07-15 03:21:00,80.17,80.24,80.13,80.24,61.0
2026-07-15 03:22:00,80.25,80.3,80.22,80.3,54.0
2026-07-15 03:23:00,80.31,80.32,80.26,80.27,17.0
2026-07-15 03:24:00,80.26,80.32,80.25,80.31,28.0
2026-07-15 03:25:00,80.29,80.38,80.28,80.37,55.0
2026-07-15 03:26:00,80.38,80.44,80.37,80.42,62.0
2026-07-15 03:27:00,80.43,80.49,80.42,80.42,90.0
2026-07-15 03:28:00,80.44,80.44,80.34,80.36,55.0
2026-07-15 03:29:00,80.36,80.36,80.33,80.34,21.0
2026-07-15 03:30:00,80.36,80.4,80.35,80.35,57.0
2026-07-15 03:31:00,80.38,80.39,80.35,80.37,28.0
2026-07-15 03:32:00,80.36,80.46,80.35,80.43,83.0
2026-07-15 03:33:00,80.45,80.45,80.39,80.43,57.0
2026-07-15 03:34:00,80.43,80.43,80.33,80.35,48.0
2026-07-15 03:35:00,80.37,80.4,80.3,80.3,51.0
2026-07-15 03:36:00,80.28,80.34,80.24,80.34,45.0
2026-07-15 03:37:00,80.33,80.35,80.27,80.3,45.0
2026-07-15 03:38:00,80.31,80.33,80.22,80.25,69.0
2026-07-15 03:39:00,80.26,80.27,80.15,80.23,99.0
2026-07-15 03:40:00,80.23,80.24,80.14,80.19,27.0
2026-07-15 03:41:00,80.17,80.21,80.16,80.21,29.0
2026-07-15 03:42:00,80.22,80.24,80.17,80.24,81.0
2026-07-15 03:43:00,80.24,80.33,80.23,80.31,36.0
2026-07-15 03:44:00,80.34,80.49,80.33,80.4,187.0
2026-07-15 03:45:00,80.39,80.43,80.34,80.4,102.0
2026-07-15 03:46:00,80.43,80.43,80.3,80.31,43.0
2026-07-15 03:47:00,80.3,80.36,80.27,80.36,27.0
2026-07-15 03:48:00,80.36,80.36,80.27,80.28,28.0
2026-07-15 03:49:00,80.28,80.3,80.21,80.23,43.0
2026-07-15 03:50:00,80.23,80.27,80.22,80.26,50.0
2026-07-15 03:51:00,80.26,80.47,80.26,80.47,104.0
2026-07-15 03:52:00,80.48,80.48,80.36,80.38,43.0
2026-07-15 03:53:00,80.39,80.48,80.36,80.48,51.0
2026-07-15 03:54:00,80.48,80.56,80.48,80.49,153.0
2026-07-15 03:55:00,80.52,80.55,80.5,80.52,75.0
2026-07-15 03:56:00,80.52,80.6,80.51,80.59,103.0
2026-07-15 03:57:00,80.59,80.61,80.55,80.56,92.0
2026-07-15 03:58:00,80.58,80.63,80.54,80.54,95.0
2026-07-15 03:59:00,80.55,80.55,80.51,80.52,60.0
2026-07-15 04:00:00,80.55,80.66,80.52,80.65,172.0
2026-07-15 04:01:00,80.66,80.73,80.6,80.68,192.0
2026-07-15 04:02:00,80.68,80.74,80.63,80.74,129.0
2026-07-15 04:03:00,80.74,80.78,80.72,80.78,129.0
2026-07-15 04:04:00,80.77,80.88,80.77,80.84,204.0
2026-07-15 04:05:00,80.83,80.84,80.75,80.76,166.0
2026-07-15 04:06:00,80.78,80.81,80.65,80.69,109.0
2026-07-15 04:07:00,80.67,80.72,80.65,80.67,122.0
2026-07-15 04:08:00,80.68,80.75,80.67,80.75,89.0
2026-07-15 04:09:00,80.75,80.76,80.67,80.72,63.0
2026-07-15 04:10:00,80.75,80.89,80.75,80.86,129.0
2026-07-15 04:11:00,80.86,80.93,80.8,80.89,104.0
2026-07-15 04:12:00,80.89,80.92,80.84,80.91,125.0
2026-07-15 04:13:00,80.9,80.93,80.85,80.93,104.0
2026-07-15 04:14:00,80.92,80.93,80.81,80.81,123.0
2026-07-15 04:15:00,80.8,80.8,80.64,80.65,172.0
2026-07-15 04:16:00,80.66,80.75,80.61,80.75,117.0
2026-07-15 04:17:00,80.74,80.75,80.63,80.65,58.0
2026-07-15 04:18:00,80.66,80.69,80.45,80.51,237.0
2026-07-15 04:19:00,80.5,80.53,80.48,80.49,80.0
2026-07-15 04:20:00,80.5,80.5,80.37,80.38,150.0
2026-07-15 04:21:00,80.38,80.46,80.35,80.44,191.0
2026-07-15 04:22:00,80.45,80.51,80.41,80.47,79.0
2026-07-15 04:23:00,80.48,80.53,80.45,80.45,69.0
2026-07-15 04:24:00,80.45,80.45,80.38,80.44,93.0
2026-07-15 04:25:00,80.43,80.43,80.28,80.31,187.0
2026-07-15 04:26:00,80.32,80.39,80.32,80.36,91.0
2026-07-15 04:27:00,80.37,80.42,80.35,80.38,132.0
2026-07-15 04:28:00,80.37,80.38,80.06,80.11,376.0
2026-07-15 04:29:00,80.08,80.08,79.82,79.85,1196.0
2026-07-15 04:30:00,79.84,79.9,79.67,79.71,551.0
2026-07-15 04:31:00,79.72,79.92,79.66,79.88,365.0
2026-07-15 04:32:00,79.88,79.95,79.82,79.82,198.0
2026-07-15 04:33:00,79.81,79.85,79.76,79.8,172.0
2026-07-15 04:34:00,79.79,79.93,79.75,79.93,63.0
2026-07-15 04:35:00,79.92,79.94,79.8,79.83,105.0
2026-07-15 04:36:00,79.85,79.92,79.83,79.83,36.0
2026-07-15 04:37:00,79.83,79.92,79.83,79.86,42.0
2026-07-15 04:38:00,79.86,79.91,79.82,79.84,42.0
2026-07-15 04:39:00,79.87,79.93,79.84,79.92,47.0
2026-07-15 04:40:00,79.91,79.95,79.9,79.94,73.0
2026-07-15 04:41:00,79.93,79.94,79.84,79.92,59.0
2026-07-15 04:42:00,79.92,80.02,79.92,79.93,145.0
2026-07-15 04:43:00,79.92,79.94,79.72,79.77,109.0
2026-07-15 04:44:00,79.77,79.83,79.76,79.78,54.0
2026-07-15 04:45:00,79.78,79.78,79.61,79.65,197.0
2026-07-15 04:46:00,79.65,79.69,79.58,79.68,159.0
2026-07-15 04:47:00,79.69,79.81,79.68,79.8,80.0
2026-07-15 04:48:00,79.79,79.85,79.79,79.79,105.0
2026-07-15 04:49:00,79.79,79.79,79.74,79.75,23.0
2026-07-15 04:50:00,79.75,79.75,79.64,79.66,47.0
2026-07-15 04:51:00,79.66,79.68,79.54,79.58,96.0
2026-07-15 04:52:00,79.6,79.64,79.46,79.49,302.0
2026-07-15 04:53:00,79.48,79.59,79.46,79.59,94.0
2026-07-15 04:54:00,79.59,79.65,79.59,79.64,90.0
2026-07-15 04:55:00,79.64,79.65,79.55,79.59,74.0
2026-07-15 04:56:00,79.6,79.62,79.52,79.52,38.0
2026-07-15 04:57:00,79.52,79.55,79.46,79.5,123.0
2026-07-15 04:58:00,79.49,79.5,79.36,79.38,181.0
2026-07-15 04:59:00,79.38,79.46,79.34,79.4,178.0
2026-07-15 05:00:00,79.4,79.43,79.3,79.42,217.0
2026-07-15 05:01:00,79.42,79.42,79.38,79.4,65.0
2026-07-15 05:02:00,79.42,79.51,79.4,79.48,150.0
2026-07-15 05:03:00,79.46,79.55,79.45,79.46,97.0
2026-07-15 05:04:00,79.47,79.51,79.44,79.45,78.0
2026-07-15 05:05:00,79.45,79.51,79.37,79.42,101.0
2026-07-15 05:06:00,79.42,79.42,79.31,79.4,109.0
2026-07-15 05:07:00,79.4,79.49,79.37,79.45,140.0
2026-07-15 05:08:00,79.44,79.53,79.42,79.51,74.0
2026-07-15 05:09:00,79.52,79.54,79.41,79.42,64.0
2026-07-15 05:10:00,79.43,79.56,79.43,79.56,49.0
2026-07-15 05:11:00,79.56,79.62,79.52,79.6,100.0
2026-07-15 05:12:00,79.6,79.64,79.57,79.58,68.0
2026-07-15 05:13:00,79.59,79.62,79.56,79.58,90.0
2026-07-15 05:14:00,79.57,79.6,79.57,79.58,24.0
2026-07-15 05:15:00,79.59,79.78,79.58,79.76,121.0
2026-07-15 05:16:00,79.76,79.78,79.74,79.76,50.0
2026-07-15 05:17:00,79.76,79.83,79.75,79.82,83.0
2026-07-15 05:18:00,79.8,79.86,79.8,79.82,122.0
2026-07-15 05:19:00,79.82,79.88,79.79,79.85,78.0
2026-07-15 05:20:00,79.84,79.87,79.82,79.85,43.0
2026-07-15 05:21:00,79.84,79.87,79.8,79.85,51.0
2026-07-15 05:22:00,79.84,79.96,79.84,79.95,89.0
2026-07-15 05:23:00,79.95,79.96,79.86,79.87,80.0
2026-07-15 05:24:00,79.88,79.91,79.83,79.84,72.0
2026-07-15 05:25:00,79.85,79.92,79.85,79.89,67.0
2026-07-15 05:26:00,79.88,79.92,79.85,79.89,50.0
2026-07-15 05:27:00,79.9,79.93,79.89,79.92,24.0
2026-07-15 05:28:00,79.94,79.97,79.93,79.93,49.0
2026-07-15 05:29:00,79.95,79.98,79.92,79.94,28.0
2026-07-15 05:30:00,79.95,80.02,79.94,79.97,84.0
2026-07-15 05:31:00,79.96,80.02,79.95,79.95,76.0
2026-07-15 05:32:00,79.95,79.95,79.84,79.84,85.0
2026-07-15 05:33:00,79.83,79.91,79.82,79.9,84.0
2026-07-15 05:34:00,79.9,79.92,79.88,79.9,38.0
2026-07-15 05:35:00,79.9,79.92,79.9,79.91,19.0
2026-07-15 05:36:00,79.91,79.96,79.91,79.91,29.0
2026-07-15 05:37:00,79.89,79.89,79.85,79.86,26.0
2026-07-15 05:38:00,79.89,79.9,79.84,79.9,69.0
2026-07-15 05:39:00,79.9,79.94,79.85,79.92,107.0
2026-07-15 05:40:00,79.93,79.93,79.85,79.88,39.0
2026-07-15 05:41:00,79.89,79.9,79.72,79.72,98.0
2026-07-15 05:42:00,79.72,79.84,79.72,79.82,46.0
2026-07-15 05:43:00,79.84,79.84,79.79,79.82,49.0
2026-07-15 05:44:00,79.82,79.82,79.78,79.78,21.0
2026-07-15 05:45:00,79.79,79.92,79.78,79.92,33.0
2026-07-15 05:46:00,79.93,80.07,79.93,80.07,134.0
2026-07-15 05:47:00,80.05,80.05,79.99,80.03,46.0
2026-07-15 05:48:00,80.02,80.11,80.02,80.08,112.0
2026-07-15 05:49:00,80.09,80.1,80.04,80.05,63.0
2026-07-15 05:50:00,80.06,80.1,80.04,80.05,82.0
2026-07-15 05:51:00,80.06,80.13,80.05,80.12,85.0
2026-07-15 05:52:00,80.13,80.16,80.07,80.13,50.0
2026-07-15 05:53:00,80.13,80.17,80.11,80.13,57.0
2026-07-15 05:54:00,80.14,80.14,80.06,80.06,42.0
2026-07-15 05:55:00,80.05,80.1,80.04,80.08,40.0
2026-07-15 05:56:00,80.07,80.09,80.06,80.06,25.0
2026-07-15 05:57:00,80.08,80.11,80.08,80.09,14.0
2026-07-15 05:58:00,80.09,80.14,80.09,80.13,36.0
2026-07-15 05:59:00,80.14,80.17,80.12,80.13,48.0
2026-07-15 06:00:00,80.13,80.13,80.02,80.02,75.0
2026-07-15 06:01:00,80.02,80.04,79.96,79.97,115.0
2026-07-15 06:02:00,79.97,80.0,79.94,79.97,48.0
2026-07-15 06:03:00,79.98,80.03,79.98,80.02,28.0
2026-07-15 06:04:00,80.01,80.07,79.99,80.04,79.0
2026-07-15 06:05:00,80.05,80.12,80.03,80.12,27.0
2026-07-15 06:06:00,80.13,80.17,80.11,80.16,54.0
2026-07-15 06:07:00,80.16,80.27,80.16,80.26,128.0
2026-07-15 06:08:00,80.26,80.27,80.22,80.25,37.0
2026-07-15 06:09:00,80.24,80.26,80.2,80.21,66.0
2026-07-15 06:10:00,80.2,80.28,80.2,80.28,33.0
2026-07-15 06:11:00,80.27,80.29,80.21,80.25,55.0
2026-07-15 06:12:00,80.25,80.26,80.2,80.25,60.0
2026-07-15 06:13:00,80.25,80.27,80.18,80.19,35.0
2026-07-15 06:14:00,80.22,80.22,80.19,80.2,11.0
2026-07-15 06:15:00,80.19,80.19,80.08,80.1,54.0
2026-07-15 06:16:00,80.1,80.13,80.1,80.13,16.0
2026-07-15 06:17:00,80.09,80.09,80.04,80.06,50.0
2026-07-15 06:18:00,80.07,80.07,80.04,80.05,30.0
2026-07-15 06:19:00,80.05,80.11,80.01,80.1,71.0
2026-07-15 06:20:00,80.1,80.12,80.02,80.02,130.0
2026-07-15 06:21:00,80.02,80.17,80.01,80.15,141.0
2026-07-15 06:22:00,80.14,80.16,80.09,80.1,108.0
2026-07-15 06:23:00,80.12,80.22,80.08,80.16,162.0
2026-07-15 06:24:00,80.16,80.26,80.12,80.26,101.0
2026-07-15 06:25:00,80.26,80.28,80.19,80.22,83.0
2026-07-15 06:26:00,80.23,80.24,80.19,80.21,57.0
2026-07-15 06:27:00,80.22,80.34,80.22,80.33,88.0
2026-07-15 06:28:00,80.32,80.33,80.29,80.32,34.0
2026-07-15 06:29:00,80.3,80.33,80.27,80.28,30.0
2026-07-15 06:30:00,80.28,80.3,80.2,80.22,51.0
2026-07-15 06:31:00,80.24,80.28,80.2,80.26,41.0
2026-07-15 06:32:00,80.25,80.25,80.19,80.22,40.0
2026-07-15 06:33:00,80.22,80.23,80.17,80.17,41.0
2026-07-15 06:34:00,80.16,80.21,80.12,80.21,75.0
2026-07-15 06:35:00,80.21,80.21,80.16,80.16,40.0
2026-07-15 06:36:00,80.17,80.21,80.16,80.16,33.0
2026-07-15 06:37:00,80.17,80.18,80.13,80.14,31.0
2026-07-15 06:38:00,80.14,80.14,80.08,80.11,35.0
2026-07-15 06:39:00,80.1,80.1,80.06,80.09,47.0
2026-07-15 06:40:00,80.08,80.08,80.0,80.0,53.0
2026-07-15 06:41:00,80.0,80.03,79.93,79.97,140.0
2026-07-15 06:42:00,79.97,80.07,79.97,80.07,26.0
2026-07-15 06:43:00,80.05,80.05,79.99,80.0,21.0
2026-07-15 06:44:00,80.01,80.02,79.99,80.02,33.0
2026-07-15 06:45:00,80.02,80.03,79.96,79.98,34.0
2026-07-15 06:46:00,79.98,80.04,79.97,80.02,46.0
2026-07-15 06:47:00,80.05,80.05,80.03,80.05,22.0
2026-07-15 06:48:00,80.05,80.12,80.05,80.11,38.0
2026-07-15 06:49:00,80.11,80.13,80.01,80.05,70.0
2026-07-15 06:50:00,80.07,80.12,80.07,80.09,52.0
2026-07-15 06:51:00,80.08,80.1,80.05,80.06,69.0
2026-07-15 06:52:00,80.08,80.08,80.04,80.06,30.0
2026-07-15 06:53:00,80.06,80.07,79.96,79.96,25.0
2026-07-15 06:54:00,80.01,80.01,79.95,79.95,50.0
2026-07-15 06:55:00,79.99,80.04,79.99,80.04,29.0
2026-07-15 06:56:00,80.04,80.04,79.97,80.0,39.0
2026-07-15 06:57:00,79.99,80.01,79.92,79.98,66.0
2026-07-15 06:58:00,79.98,79.98,79.96,79.97,15.0
2026-07-15 06:59:00,79.99,79.99,79.85,79.87,143.0
2026-07-15 07:00:00,79.87,79.87,79.77,79.78,99.0
2026-07-15 07:01:00,79.78,79.85,79.77,79.82,61.0
2026-07-15 07:02:00,79.81,79.82,79.73,79.79,138.0
2026-07-15 07:03:00,79.78,79.84,79.77,79.84,50.0
2026-07-15 07:04:00,79.84,79.94,79.81,79.92,119.0
2026-07-15 07:05:00,79.92,79.97,79.91,79.92,149.0
2026-07-15 07:06:00,79.94,79.97,79.93,79.93,29.0
2026-07-15 07:07:00,79.95,80.02,79.95,80.0,56.0
2026-07-15 07:08:00,80.0,80.0,79.92,79.94,45.0
2026-07-15 07:09:00,79.97,79.98,79.96,79.96,17.0
2026-07-15 07:10:00,79.99,80.01,79.95,79.99,49.0
2026-07-15 07:11:00,79.99,80.09,79.99,80.02,47.0
2026-07-15 07:12:00,80.03,80.04,80.0,80.03,28.0
2026-07-15 07:13:00,80.05,80.08,80.03,80.07,42.0
2026-07-15 07:14:00,80.06,80.08,80.03,80.03,21.0
2026-07-15 07:15:00,80.04,80.07,80.0,80.0,24.0
2026-07-15 07:16:00,80.01,80.02,79.93,79.94,31.0
2026-07-15 07:17:00,79.93,80.0,79.93,79.98,58.0
2026-07-15 07:18:00,79.98,79.98,79.82,79.86,158.0
2026-07-15 07:19:00,79.86,79.88,79.83,79.86,26.0
2026-07-15 07:20:00,79.86,79.87,79.82,79.84,58.0
2026-07-15 07:21:00,79.84,79.88,79.82,79.85,41.0
2026-07-15 07:22:00,79.85,79.87,79.83,79.83,38.0
2026-07-15 07:23:00,79.84,79.85,79.83,79.84,11.0
2026-07-15 07:24:00,79.83,79.84,79.75,79.77,75.0
2026-07-15 07:25:00,79.78,79.8,79.76,79.8,49.0
2026-07-15 07:26:00,79.81,79.85,79.8,79.82,66.0
2026-07-15 07:27:00,79.83,79.86,79.79,79.84,79.0
2026-07-15 07:28:00,79.83,79.87,79.78,79.78,59.0
2026-07-15 07:29:00,79.75,79.8,79.74,79.74,39.0
2026-07-15 07:30:00,79.74,79.81,79.74,79.8,39.0
2026-07-15 07:31:00,79.8,79.84,79.77,79.83,59.0
2026-07-15 07:32:00,79.83,79.85,79.8,79.82,57.0
2026-07-15 07:33:00,79.83,79.88,79.83,79.88,135.0
2026-07-15 07:34:00,79.87,79.89,79.86,79.88,52.0
2026-07-15 07:35:00,79.88,79.91,79.84,79.87,117.0
2026-07-15 07:36:00,79.88,79.88,79.73,79.74,141.0
2026-07-15 07:37:00,79.75,79.78,79.72,79.75,51.0
2026-07-15 07:38:00,79.74,79.79,79.73,79.79,78.0
2026-07-15 07:39:00,79.79,79.83,79.76,79.78,44.0
2026-07-15 07:40:00,79.77,79.83,79.75,79.81,74.0
2026-07-15 07:41:00,79.82,79.82,79.79,79.8,22.0
2026-07-15 07:42:00,79.8,79.83,79.79,79.8,25.0
2026-07-15 07:43:00,79.79,79.81,79.79,79.81,28.0
2026-07-15 07:44:00,79.79,79.84,79.79,79.8,36.0
2026-07-15 07:45:00,79.79,79.79,79.72,79.73,21.0
2026-07-15 07:46:00,79.73,79.73,79.65,79.73,108.0
2026-07-15 07:47:00,79.73,79.78,79.7,79.71,60.0
2026-07-15 07:48:00,79.71,79.72,79.69,79.72,33.0
2026-07-15 07:49:00,79.73,79.79,79.7,79.72,92.0
2026-07-15 07:50:00,79.71,79.71,79.55,79.55,264.0
2026-07-15 07:51:00,79.57,79.58,79.42,79.43,325.0
2026-07-15 07:52:00,79.45,79.48,79.4,79.45,178.0
2026-07-15 07:53:00,79.47,79.54,79.47,79.49,125.0
2026-07-15 07:54:00,79.48,79.5,79.42,79.45,124.0
2026-07-15 07:55:00,79.45,79.5,79.41,79.42,113.0
2026-07-15 07:56:00,79.43,79.45,79.38,79.4,127.0
2026-07-15 07:57:00,79.4,79.43,79.36,79.38,168.0
2026-07-15 07:58:00,79.38,79.5,79.37,79.48,174.0
2026-07-15 07:59:00,79.46,79.58,79.45,79.56,120.0
2026-07-15 08:00:00,79.56,79.7,79.56,79.62,130.0
2026-07-15 08:01:00,79.63,79.68,79.6,79.66,78.0
2026-07-15 08:02:00,79.63,79.68,79.63,79.68,39.0
2026-07-15 08:03:00,79.67,79.77,79.67,79.72,85.0
2026-07-15 08:04:00,79.71,79.71,79.66,79.66,39.0
2026-07-15 08:05:00,79.66,79.71,79.66,79.7,43.0
2026-07-15 08:06:00,79.71,79.76,79.66,79.69,126.0
2026-07-15 08:07:00,79.68,79.71,79.68,79.69,86.0
2026-07-15 08:08:00,79.69,79.69,79.65,79.66,32.0
2026-07-15 08:09:00,79.65,79.67,79.63,79.65,33.0
2026-07-15 08:10:00,79.67,79.69,79.6,79.6,80.0
2026-07-15 08:11:00,79.6,79.67,79.59,79.64,88.0
2026-07-15 08:12:00,79.65,79.66,79.62,79.64,28.0
2026-07-15 08:13:00,79.63,79.78,79.62,79.67,221.0
2026-07-15 08:14:00,79.67,79.67,79.59,79.62,70.0
2026-07-15 08:15:00,79.64,79.66,79.54,79.56,67.0
2026-07-15 08:16:00,79.58,79.66,79.58,79.63,30.0
2026-07-15 08:17:00,79.62,79.65,79.57,79.61,62.0
2026-07-15 08:18:00,79.61,79.69,79.61,79.66,46.0
2026-07-15 08:19:00,79.66,79.66,79.59,79.64,96.0
2026-07-15 08:20:00,79.66,79.7,79.63,79.66,54.0
2026-07-15 08:21:00,79.66,79.8,79.66,79.77,60.0
2026-07-15 08:22:00,79.75,79.78,79.74,79.74,22.0
2026-07-15 08:23:00,79.76,79.88,79.76,79.81,166.0
2026-07-15 08:24:00,79.82,79.87,79.81,79.87,61.0
2026-07-15 08:25:00,79.87,79.94,79.85,79.85,147.0
2026-07-15 08:26:00,79.86,79.9,79.84,79.87,59.0
2026-07-15 08:27:00,79.87,79.88,79.82,79.82,42.0
2026-07-15 08:28:00,79.8,79.83,79.76,79.83,62.0
2026-07-15 08:29:00,79.83,79.86,79.82,79.85,27.0
2026-07-15 08:30:00,79.86,79.86,79.76,79.8,59.0
2026-07-15 08:31:00,79.79,79.87,79.77,79.87,33.0
2026-07-15 08:32:00,79.86,79.88,79.8,79.84,84.0
2026-07-15 08:33:00,79.81,79.82,79.78,79.81,56.0
2026-07-15 08:34:00,79.81,79.86,79.79,79.86,64.0
2026-07-15 08:35:00,79.82,79.84,79.8,79.83,34.0
2026-07-15 08:36:00,79.84,79.86,79.81,79.83,170.0
2026-07-15 08:37:00,79.82,79.9,79.82,79.83,113.0
2026-07-15 08:38:00,79.84,79.87,79.84,79.84,31.0
2026-07-15 08:39:00,79.85,79.85,79.75,79.82,135.0
2026-07-15 08:40:00,79.81,79.84,79.8,79.82,27.0
2026-07-15 08:41:00,79.81,79.81,79.73,79.76,73.0
2026-07-15 08:42:00,79.75,79.75,79.65,79.67,144.0
2026-07-15 08:43:00,79.66,79.75,79.66,79.73,71.0
2026-07-15 08:44:00,79.75,79.76,79.7,79.71,39.0
2026-07-15 08:45:00,79.73,79.74,79.61,79.63,63.0
2026-07-15 08:46:00,79.64,79.66,79.61,79.63,47.0
2026-07-15 08:47:00,79.62,79.71,79.62,79.7,44.0
2026-07-15 08:48:00,79.69,79.72,79.6,79.68,192.0
2026-07-15 08:49:00,79.69,79.71,79.68,79.69,23.0
2026-07-15 08:50:00,79.68,79.71,79.68,79.7,21.0
2026-07-15 08:51:00,79.71,79.74,79.67,79.74,46.0
2026-07-15 08:52:00,79.76,79.85,79.76,79.81,82.0
2026-07-15 08:53:00,79.8,79.82,79.78,79.8,24.0
2026-07-15 08:54:00,79.81,79.81,79.79,79.81,10.0
2026-07-15 08:55:00,79.81,79.82,79.78,79.8,36.0
2026-07-15 08:56:00,79.8,79.85,79.8,79.81,53.0
2026-07-15 08:57:00,79.8,79.84,79.78,79.8,66.0
2026-07-15 08:58:00,79.82,79.85,79.74,79.74,110.0
2026-07-15 08:59:00,79.74,79.81,79.73,79.78,153.0
2026-07-15 09:00:00,79.77,79.9,79.73,79.88,423.0
2026-07-15 09:01:00,79.87,79.93,79.77,79.8,201.0
2026-07-15 09:02:00,79.81,79.82,79.64,79.64,233.0
2026-07-15 09:03:00,79.65,79.67,79.62,79.65,176.0
2026-07-15 09:04:00,79.65,79.71,79.6,79.7,217.0
2026-07-15 09:05:00,79.72,79.74,79.68,79.72,124.0
2026-07-15 09:06:00,79.72,79.84,79.69,79.82,221.0
2026-07-15 09:07:00,79.82,80.0,79.77,79.98,414.0
2026-07-15 09:08:00,79.98,79.99,79.92,79.98,239.0
2026-07-15 09:09:00,79.98,79.99,79.91,79.97,160.0
2026-07-15 09:10:00,79.97,80.07,79.95,80.05,450.0
2026-07-15 09:11:00,80.05,80.12,80.04,80.1,292.0
2026-07-15 09:12:00,80.1,80.25,80.1,80.18,362.0
2026-07-15 09:13:00,80.19,80.24,80.17,80.19,133.0
2026-07-15 09:14:00,80.2,80.28,80.2,80.24,262.0
2026-07-15 09:15:00,80.24,80.3,80.22,80.28,189.0
2026-07-15 09:16:00,80.29,80.36,80.24,80.28,227.0
2026-07-15 09:17:00,80.29,80.29,80.23,80.24,119.0
2026-07-15 09:18:00,80.25,80.28,80.24,80.25,137.0
2026-07-15 09:19:00,80.25,80.26,80.16,80.19,305.0
2026-07-15 09:20:00,80.18,80.21,80.06,80.13,455.0
2026-07-15 09:21:00,80.12,80.17,80.09,80.16,101.0
2026-07-15 09:22:00,80.18,80.23,80.16,80.2,221.0
2026-07-15 09:23:00,80.2,80.27,80.18,80.26,121.0
2026-07-15 09:24:00,80.25,80.27,80.2,80.21,70.0
2026-07-15 09:25:00,80.21,80.3,80.21,80.29,77.0
2026-07-15 09:26:00,80.28,80.34,80.28,80.32,89.0
2026-07-15 09:27:00,80.32,80.45,80.3,80.35,230.0
2026-07-15 09:28:00,80.35,80.41,80.32,80.38,161.0
2026-07-15 09:29:00,80.39,80.39,80.31,80.38,271.0
2026-07-15 09:30:00,80.38,80.39,80.17,80.23,229.0
2026-07-15 09:31:00,80.22,80.25,80.13,80.13,106.0
2026-07-15 09:32:00,80.12,80.2,80.11,80.13,181.0
2026-07-15 09:33:00,80.13,80.14,80.02,80.02,224.0
2026-07-15 09:34:00,80.01,80.12,79.99,80.07,267.0
2026-07-15 09:35:00,80.06,80.1,79.98,79.99,101.0
2026-07-15 09:36:00,80.01,80.05,79.96,79.97,193.0
2026-07-15 09:37:00,79.96,79.97,79.81,79.87,601.0
2026-07-15 09:38:00,79.86,79.93,79.84,79.88,85.0
2026-07-15 09:39:00,79.88,79.89,79.83,79.89,108.0
2026-07-15 09:40:00,79.88,79.93,79.85,79.85,141.0
2026-07-15 09:41:00,79.85,79.94,79.84,79.93,82.0
2026-07-15 09:42:00,79.93,79.96,79.9,79.91,109.0
2026-07-15 09:43:00,79.91,80.03,79.91,79.97,95.0
2026-07-15 09:44:00,79.98,80.0,79.95,79.95,42.0
2026-07-15 09:45:00,79.95,79.95,79.88,79.93,102.0
2026-07-15 09:46:00,79.94,80.01,79.94,79.98,58.0
2026-07-15 09:47:00,79.97,79.98,79.9,79.93,70.0
2026-07-15 09:48:00,79.92,80.01,79.9,80.01,85.0
2026-07-15 09:49:00,80.03,80.08,79.96,79.97,172.0
2026-07-15 09:50:00,79.97,80.05,79.97,80.03,68.0
2026-07-15 09:51:00,80.06,80.15,80.06,80.14,96.0
2026-07-15 09:52:00,80.15,80.17,80.11,80.11,86.0
2026-07-15 09:53:00,80.12,80.18,80.11,80.14,105.0
2026-07-15 09:54:00,80.14,80.17,80.11,80.15,86.0
2026-07-15 09:55:00,80.17,80.18,79.74,79.75,1016.0
2026-07-15 09:56:00,79.75,79.96,79.64,79.75,906.0
2026-07-15 09:57:00,79.75,79.8,79.57,79.6,603.0
2026-07-15 09:58:00,79.6,79.85,79.38,79.72,1153.0
2026-07-15 09:59:00,79.72,79.87,79.68,79.78,577.0
2026-07-15 10:00:00,79.79,79.86,79.72,79.83,394.0
2026-07-15 10:01:00,79.84,79.85,79.74,79.81,208.0
2026-07-15 10:02:00,79.8,79.85,79.77,79.81,342.0
2026-07-15 10:03:00,79.81,79.84,79.7,79.77,158.0
2026-07-15 10:04:00,79.81,79.84,79.72,79.75,76.0
2026-07-15 10:05:00,79.73,79.74,79.61,79.66,141.0
2026-07-15 10:06:00,79.69,79.73,79.53,79.59,246.0
2026-07-15 10:07:00,79.59,79.78,79.57,79.78,184.0
2026-07-15 10:08:00,79.77,79.79,79.7,79.73,111.0
2026-07-15 10:09:00,79.74,79.74,79.57,79.58,138.0
2026-07-15 10:10:00,79.58,79.63,79.55,79.61,173.0
2026-07-15 10:11:00,79.61,79.73,79.58,79.71,145.0
2026-07-15 10:12:00,79.7,79.74,79.61,79.63,175.0
2026-07-15 10:13:00,79.64,79.73,79.61,79.7,86.0
2026-07-15 10:14:00,79.7,79.8,79.68,79.8,132.0
2026-07-15 10:15:00,79.8,79.85,79.76,79.8,191.0
2026-07-15 10:16:00,79.81,79.82,79.7,79.73,57.0
2026-07-15 10:17:00,79.74,79.74,79.68,79.72,96.0
2026-07-15 10:18:00,79.74,79.8,79.68,79.72,79.0
2026-07-15 10:19:00,79.7,79.72,79.66,79.66,50.0
2026-07-15 10:20:00,79.67,79.71,79.63,79.64,91.0
2026-07-15 10:21:00,79.63,79.65,79.58,79.58,38.0
2026-07-15 10:22:00,79.59,79.61,79.53,79.56,114.0
2026-07-15 10:23:00,79.56,79.66,79.56,79.66,60.0
2026-07-15 10:24:00,79.65,79.65,79.49,79.51,161.0
2026-07-15 10:25:00,79.52,79.53,79.36,79.38,319.0
2026-07-15 10:26:00,79.39,79.39,79.26,79.32,440.0
2026-07-15 10:27:00,79.32,79.35,79.22,79.27,251.0
2026-07-15 10:28:00,79.27,79.4,79.25,79.39,143.0
2026-07-15 10:29:00,79.38,79.49,79.38,79.47,98.0
2026-07-15 10:30:00,79.49,79.49,79.28,79.36,278.0
2026-07-15 10:31:00,79.39,79.39,79.2,79.28,283.0
2026-07-15 10:32:00,79.28,79.29,79.1,79.16,470.0
2026-07-15 10:33:00,79.16,79.2,79.07,79.12,194.0
2026-07-15 10:34:00,79.12,79.28,79.1,79.26,262.0
2026-07-15 10:35:00,79.26,79.27,79.18,79.26,250.0
2026-07-15 10:36:00,79.25,79.27,79.05,79.12,320.0
2026-07-15 10:37:00,79.1,79.21,79.08,79.17,138.0
2026-07-15 10:38:00,79.17,79.26,79.11,79.26,149.0
2026-07-15 10:39:00,79.26,79.35,79.19,79.21,243.0
2026-07-15 10:40:00,79.25,79.33,79.22,79.32,166.0
2026-07-15 10:41:00,79.31,79.33,79.24,79.27,83.0
2026-07-15 10:42:00,79.27,79.28,79.24,79.26,78.0
2026-07-15 10:43:00,79.26,79.36,79.26,79.34,149.0
2026-07-15 10:44:00,79.36,79.41,79.28,79.3,272.0
2026-07-15 10:45:00,79.29,79.3,79.2,79.2,179.0
2026-07-15 10:46:00,79.22,79.24,79.15,79.18,84.0
2026-07-15 10:47:00,79.2,79.21,79.17,79.21,92.0
2026-07-15 10:48:00,79.21,79.21,78.94,78.94,512.0
2026-07-15 10:49:00,78.94,79.01,78.84,78.86,429.0
2026-07-15 10:50:00,78.86,78.9,78.79,78.87,565.0
2026-07-15 10:51:00,78.87,78.87,78.75,78.76,489.0
2026-07-15 10:52:00,78.76,78.79,78.71,78.78,613.0
2026-07-15 10:53:00,78.78,78.78,78.7,78.74,378.0
2026-07-15 10:54:00,78.75,78.8,78.65,78.65,796.0
2026-07-15 10:55:00,78.65,78.71,78.58,78.68,371.0
2026-07-15 10:56:00,78.68,78.7,78.63,78.69,214.0
2026-07-15 10:57:00,78.68,78.72,78.56,78.65,301.0
2026-07-15 10:58:00,78.65,78.68,78.6,78.66,151.0
2026-07-15 10:59:00,78.67,78.68,78.56,78.64,300.0
2026-07-15 11:00:00,78.64,78.84,78.61,78.78,446.0
2026-07-15 11:01:00,78.79,78.88,78.79,78.83,326.0
2026-07-15 11:02:00,78.83,78.85,78.74,78.83,181.0
2026-07-15 11:03:00,78.82,78.91,78.78,78.82,209.0
2026-07-15 11:04:00,78.8,78.89,78.79,78.83,162.0
2026-07-15 11:05:00,78.83,78.89,78.81,78.89,124.0
2026-07-15 11:06:00,78.89,78.9,78.78,78.86,197.0
2026-07-15 11:07:00,78.85,78.86,78.68,78.68,157.0
2026-07-15 11:08:00,78.69,78.76,78.58,78.61,367.0
2026-07-15 11:09:00,78.61,78.72,78.59,78.71,144.0
2026-07-15 11:10:00,78.72,78.79,78.71,78.71,99.0
2026-07-15 11:11:00,78.71,78.88,78.69,78.79,221.0
2026-07-15 11:12:00,78.81,78.84,78.74,78.84,133.0
2026-07-15 11:13:00,78.83,78.91,78.81,78.84,335.0
2026-07-15 11:14:00,78.85,78.91,78.79,78.89,141.0
2026-07-15 11:15:00,78.9,78.98,78.86,78.91,199.0
2026-07-15 11:16:00,78.91,78.93,78.75,78.79,173.0
2026-07-15 11:17:00,78.79,78.79,78.65,78.71,114.0
2026-07-15 11:18:00,78.71,78.77,78.66,78.69,128.0
2026-07-15 11:19:00,78.7,78.71,78.65,78.69,145.0
2026-07-15 11:20:00,78.67,78.8,78.65,78.78,161.0
2026-07-15 11:21:00,78.78,78.82,78.7,78.71,192.0
2026-07-15 11:22:00,78.74,78.84,78.74,78.78,94.0
2026-07-15 11:23:00,78.79,78.8,78.67,78.67,72.0
2026-07-15 11:24:00,78.68,78.69,78.45,78.46,453.0
2026-07-15 11:25:00,78.46,78.48,78.33,78.4,726.0
2026-07-15 11:26:00,78.4,78.46,78.34,78.46,437.0
2026-07-15 11:27:00,78.46,78.51,78.35,78.41,385.0
2026-07-15 11:28:00,78.42,78.43,78.34,78.35,293.0
2026-07-15 11:29:00,78.36,78.46,78.32,78.4,971.0
2026-07-15 11:30:00,78.39,78.52,78.36,78.49,581.0
2026-07-15 11:31:00,78.48,78.6,78.48,78.57,439.0
2026-07-15 11:32:00,78.56,78.58,78.4,78.43,411.0
2026-07-15 11:33:00,78.41,78.45,78.38,78.38,111.0
2026-07-15 11:34:00,78.38,78.46,78.24,78.33,678.0
2026-07-15 11:35:00,78.32,78.37,78.19,78.22,487.0
2026-07-15 11:36:00,78.22,78.48,78.2,78.46,585.0
2026-07-15 11:37:00,78.44,78.61,78.43,78.55,499.0
2026-07-15 11:38:00,78.55,78.7,78.55,78.67,464.0
2026-07-15 11:39:00,78.67,78.81,78.65,78.81,261.0
2026-07-15 11:40:00,78.8,78.81,78.69,78.73,266.0
2026-07-15 11:41:00,78.72,78.72,78.57,78.57,136.0
2026-07-15 11:42:00,78.55,78.63,78.45,78.5,230.0
2026-07-15 11:43:00,78.52,78.58,78.51,78.52,68.0
2026-07-15 11:44:00,78.51,78.6,78.51,78.58,119.0
2026-07-15 11:45:00,78.57,78.66,78.56,78.66,105.0
2026-07-15 11:46:00,78.65,78.68,78.5,78.54,167.0
2026-07-15 11:47:00,78.55,78.62,78.52,78.6,77.0
2026-07-15 11:48:00,78.6,78.71,78.59,78.66,77.0
2026-07-15 11:49:00,78.66,78.71,78.62,78.69,113.0
2026-07-15 11:50:00,78.69,78.72,78.64,78.67,76.0
2026-07-15 11:51:00,78.68,78.77,78.66,78.76,83.0
2026-07-15 11:52:00,78.75,78.75,78.64,78.68,117.0
2026-07-15 11:53:00,78.71,78.73,78.58,78.59,88.0
2026-07-15 11:54:00,78.59,78.64,78.57,78.59,117.0
2026-07-15 11:55:00,78.63,78.72,78.61,78.71,67.0
2026-07-15 11:56:00,78.72,78.76,78.7,78.73,118.0
2026-07-15 11:57:00,78.72,78.82,78.72,78.81,132.0
2026-07-15 11:58:00,78.82,78.82,78.71,78.72,164.0
2026-07-15 11:59:00,78.73,78.89,78.73,78.87,225.0
2026-07-15 12:00:00,78.89,78.95,78.84,78.87,246.0
2026-07-15 12:01:00,78.87,78.93,78.86,78.89,164.0
2026-07-15 12:02:00,78.89,79.01,78.89,78.96,403.0
2026-07-15 12:03:00,78.96,79.03,78.95,78.96,165.0
2026-07-15 12:04:00,78.96,78.97,78.86,78.92,111.0
2026-07-15 12:05:00,78.92,78.98,78.89,78.97,152.0
2026-07-15 12:06:00,78.97,78.98,78.92,78.97,66.0
2026-07-15 12:07:00,78.97,78.99,78.9,78.98,70.0
2026-07-15 12:08:00,78.99,79.03,78.95,79.02,119.0
2026-07-15 12:09:00,79.02,79.1,78.99,79.1,107.0
2026-07-15 12:10:00,79.09,79.17,79.08,79.17,181.0
2026-07-15 12:11:00,79.18,79.18,79.11,79.17,215.0
2026-07-15 12:12:00,79.17,79.21,79.12,79.13,117.0
2026-07-15 12:13:00,79.12,79.16,79.1,79.15,66.0
2026-07-15 12:14:00,79.13,79.13,78.98,79.01,122.0
2026-07-15 12:15:00,79.02,79.05,78.99,79.0,134.0
2026-07-15 12:16:00,79.0,79.02,78.95,78.99,93.0
2026-07-15 12:17:00,79.0,79.05,78.99,79.02,76.0
2026-07-15 12:18:00,79.0,79.06,79.0,79.06,51.0
2026-07-15 12:19:00,79.06,79.06,78.99,79.04,64.0
2026-07-15 12:20:00,79.04,79.17,79.02,79.17,137.0
2026-07-15 12:21:00,79.16,79.17,79.13,79.16,29.0
2026-07-15 12:22:00,79.17,79.24,79.15,79.24,143.0
2026-07-15 12:23:00,79.25,79.28,79.22,79.26,137.0
2026-07-15 12:24:00,79.26,79.4,79.23,79.34,517.0
2026-07-15 12:25:00,79.33,79.36,79.3,79.31,234.0
2026-07-15 12:26:00,79.33,79.34,79.27,79.27,206.0
2026-07-15 12:27:00,79.28,79.31,79.23,79.26,180.0
2026-07-15 12:28:00,79.26,79.26,79.2,79.23,72.0
2026-07-15 12:29:00,79.23,79.23,79.15,79.21,137.0
2026-07-15 12:30:00,79.22,79.24,79.14,79.23,124.0
2026-07-15 12:31:00,79.23,79.25,79.21,79.22,53.0
2026-07-15 12:32:00,79.22,79.27,79.21,79.25,65.0
2026-07-15 12:33:00,79.25,79.29,79.18,79.29,93.0
2026-07-15 12:34:00,79.27,79.37,79.27,79.36,178.0
2026-07-15 12:35:00,79.36,79.38,79.31,79.33,190.0
2026-07-15 12:36:00,79.34,79.44,79.34,79.36,146.0
2026-07-15 12:37:00,79.36,79.43,79.36,79.41,91.0
2026-07-15 12:38:00,79.44,79.47,79.41,79.46,129.0
2026-07-15 12:39:00,79.48,79.48,79.4,79.43,181.0
2026-07-15 12:40:00,79.44,79.47,79.36,79.39,122.0
2026-07-15 12:41:00,79.38,79.43,79.35,79.38,98.0
2026-07-15 12:42:00,79.37,79.41,79.37,79.4,40.0
2026-07-15 12:43:00,79.41,79.47,79.41,79.46,121.0
2026-07-15 12:44:00,79.47,79.5,79.46,79.49,142.0
2026-07-15 12:45:00,79.49,79.51,79.47,79.5,154.0
2026-07-15 12:46:00,79.51,79.53,78.83,79.27,1239.0
2026-07-15 12:47:00,79.25,79.48,79.24,79.46,478.0
2026-07-15 12:48:00,79.47,79.48,79.37,79.42,148.0
2026-07-15 12:49:00,79.41,79.42,79.32,79.37,154.0
2026-07-15 12:50:00,79.37,79.45,79.35,79.45,144.0
2026-07-15 12:51:00,79.45,79.57,79.44,79.57,342.0
2026-07-15 12:52:00,79.56,79.57,79.52,79.55,245.0
2026-07-15 12:53:00,79.55,79.64,79.51,79.63,186.0
2026-07-15 12:54:00,79.63,79.64,79.58,79.6,134.0
2026-07-15 12:55:00,79.6,79.64,79.58,79.63,171.0
2026-07-15 12:56:00,79.63,79.72,79.63,79.69,372.0
2026-07-15 12:57:00,79.69,79.72,79.66,79.66,223.0
2026-07-15 12:58:00,79.66,79.67,79.6,79.6,151.0
2026-07-15 12:59:00,79.59,79.61,79.48,79.48,130.0
2026-07-15 13:00:00,79.49,79.49,79.27,79.27,344.0
2026-07-15 13:01:00,79.28,79.41,79.28,79.36,130.0
2026-07-15 13:02:00,79.36,79.36,79.32,79.34,90.0
2026-07-15 13:03:00,79.33,79.37,79.27,79.29,307.0
2026-07-15 13:04:00,79.28,79.32,79.24,79.24,100.0
2026-07-15 13:05:00,79.26,79.28,79.22,79.25,137.0
2026-07-15 13:06:00,79.26,79.26,79.15,79.15,147.0
2026-07-15 13:07:00,79.15,79.16,79.1,79.16,145.0
2026-07-15 13:08:00,79.15,79.2,79.15,79.19,73.0
2026-07-15 13:09:00,79.18,79.27,79.17,79.27,51.0
2026-07-15 13:10:00,79.25,79.36,79.24,79.32,324.0
2026-07-15 13:11:00,79.32,79.32,79.25,79.27,45.0
2026-07-15 13:12:00,79.26,79.28,79.25,79.27,57.0
2026-07-15 13:13:00,79.26,79.39,79.26,79.38,66.0
2026-07-15 13:14:00,79.37,79.39,79.34,79.35,25.0
2026-07-15 13:15:00,79.36,79.42,79.35,79.42,58.0
2026-07-15 13:16:00,79.39,79.39,79.36,79.37,42.0
2026-07-15 13:17:00,79.38,79.39,79.27,79.28,102.0
2026-07-15 13:18:00,79.31,79.33,79.29,79.29,36.0
2026-07-15 13:19:00,79.28,79.31,79.28,79.31,23.0
2026-07-15 13:20:00,79.3,79.31,79.28,79.3,30.0
2026-07-15 13:21:00,79.34,79.35,79.29,79.29,36.0
2026-07-15 13:22:00,79.28,79.33,79.27,79.29,23.0
2026-07-15 13:23:00,79.29,79.31,79.26,79.31,52.0
2026-07-15 13:24:00,79.31,79.34,79.28,79.34,45.0
2026-07-15 13:25:00,79.35,79.35,79.28,79.28,40.0
2026-07-15 13:26:00,79.29,79.29,79.25,79.28,71.0
2026-07-15 13:27:00,79.28,79.3,79.06,79.1,347.0
2026-07-15 13:28:00,79.11,79.17,79.06,79.09,439.0
2026-07-15 13:29:00,79.09,79.12,78.97,78.99,353.0
2026-07-15 13:30:00,78.98,78.98,78.83,78.89,444.0
2026-07-15 13:31:00,78.87,78.94,78.78,78.81,331.0
2026-07-15 13:32:00,78.82,78.94,78.82,78.91,151.0
2026-07-15 13:33:00,78.92,79.02,78.89,78.99,161.0
2026-07-15 13:34:00,78.99,79.1,78.99,79.1,192.0
2026-07-15 13:35:00,79.09,79.18,79.07,79.14,136.0
2026-07-15 13:36:00,79.16,79.17,79.13,79.13,70.0
2026-07-15 13:37:00,79.14,79.16,79.02,79.03,116.0
2026-07-15 13:38:00,79.04,79.05,78.99,79.02,104.0
2026-07-15 13:39:00,79.03,79.12,79.02,79.12,159.0
2026-07-15 13:40:00,79.12,79.13,79.03,79.08,73.0
2026-07-15 13:41:00,79.07,79.08,79.0,79.02,103.0
2026-07-15 13:42:00,79.02,79.09,79.01,79.08,67.0
2026-07-15 13:43:00,79.07,79.07,79.0,79.0,46.0
2026-07-15 13:44:00,79.0,79.01,78.95,78.95,53.0
2026-07-15 13:45:00,78.97,79.03,78.96,78.96,80.0
2026-07-15 13:46:00,78.97,78.97,78.92,78.94,48.0
2026-07-15 13:47:00,78.94,79.0,78.89,79.0,88.0
2026-07-15 13:48:00,79.0,79.02,78.92,78.94,66.0
2026-07-15 13:49:00,78.94,78.96,78.9,78.9,74.0
2026-07-15 13:50:00,78.9,78.92,78.86,78.91,90.0
2026-07-15 13:51:00,78.91,78.95,78.9,78.93,76.0
2026-07-15 13:52:00,78.92,78.96,78.88,78.9,107.0
2026-07-15 13:53:00,78.9,79.01,78.9,79.0,133.0
2026-07-15 13:54:00,79.0,79.03,78.99,79.0,61.0
2026-07-15 13:55:00,79.0,79.02,78.96,78.96,32.0
2026-07-15 13:56:00,78.97,78.99,78.96,78.96,38.0
2026-07-15 13:57:00,78.96,78.96,78.93,78.94,69.0
2026-07-15 13:58:00,78.95,78.97,78.94,78.96,88.0
2026-07-15 13:59:00,78.94,79.01,78.94,78.98,66.0
2026-07-15 14:00:00,78.97,78.99,78.92,78.98,139.0
2026-07-15 14:01:00,78.99,79.07,78.97,79.04,181.0
2026-07-15 14:02:00,79.05,79.06,78.93,78.96,265.0
2026-07-15 14:03:00,78.95,78.95,78.87,78.9,86.0
2026-07-15 14:04:00,78.9,78.9,78.83,78.84,60.0
2026-07-15 14:05:00,78.83,78.93,78.83,78.93,29.0
2026-07-15 14:06:00,78.91,78.95,78.87,78.94,155.0
2026-07-15 14:07:00,78.93,79.03,78.92,79.0,90.0
2026-07-15 14:08:00,79.01,79.21,79.01,79.18,211.0
2026-07-15 14:09:00,79.18,79.2,79.12,79.15,107.0
2026-07-15 14:10:00,79.17,79.22,79.15,79.15,153.0
2026-07-15 14:11:00,79.16,79.17,79.1,79.11,80.0
2026-07-15 14:12:00,79.1,79.16,79.05,79.07,97.0
2026-07-15 14:13:00,79.08,79.14,79.07,79.1,56.0
2026-07-15 14:14:00,79.1,79.14,79.07,79.12,47.0
2026-07-15 14:15:00,79.12,79.22,79.12,79.17,133.0
2026-07-15 14:16:00,79.2,79.35,79.19,79.35,205.0
2026-07-15 14:17:00,79.36,79.36,79.28,79.29,121.0
2026-07-15 14:18:00,79.28,79.32,79.28,79.31,43.0
2026-07-15 14:19:00,79.28,79.28,79.23,79.24,47.0
2026-07-15 14:20:00,79.25,79.3,79.23,79.3,133.0
2026-07-15 14:21:00,79.3,79.31,79.27,79.3,53.0
2026-07-15 14:22:00,79.3,79.33,79.26,79.26,81.0
2026-07-15 14:23:00,79.26,79.29,79.24,79.26,107.0
2026-07-15 14:24:00,79.25,79.4,79.25,79.4,111.0
2026-07-15 14:25:00,79.4,79.43,79.35,79.37,109.0
2026-07-15 14:26:00,79.37,79.39,79.31,79.39,99.0
2026-07-15 14:27:00,79.36,79.4,79.32,79.38,148.0
2026-07-15 14:28:00,79.37,79.63,79.37,79.57,1187.0
2026-07-15 14:29:00,79.57,79.69,79.57,79.66,987.0
2026-07-15 14:30:00,79.66,79.74,79.65,79.72,562.0
2026-07-15 14:31:00,79.73,79.73,79.61,79.62,176.0
2026-07-15 14:32:00,79.63,79.68,79.63,79.65,142.0
2026-07-15 14:33:00,79.67,79.79,79.67,79.78,188.0
2026-07-15 14:34:00,79.79,79.84,79.77,79.79,197.0
2026-07-15 14:35:00,79.79,79.88,79.78,79.85,120.0
2026-07-15 14:36:00,79.85,79.87,79.81,79.82,97.0
2026-07-15 14:37:00,79.81,79.86,79.78,79.83,57.0
2026-07-15 14:38:00,79.83,79.84,79.75,79.78,36.0
2026-07-15 14:39:00,79.79,79.86,79.79,79.85,90.0
2026-07-15 14:40:00,79.86,79.9,79.84,79.89,70.0
2026-07-15 14:41:00,79.88,79.88,79.82,79.82,46.0
2026-07-15 14:42:00,79.81,79.81,79.76,79.76,73.0
2026-07-15 14:43:00,79.76,79.77,79.72,79.75,161.0
2026-07-15 14:44:00,79.74,79.8,79.74,79.78,55.0
2026-07-15 14:45:00,79.78,79.79,79.71,79.71,65.0
2026-07-15 14:46:00,79.71,79.83,79.65,79.76,427.0
2026-07-15 14:47:00,79.74,79.85,79.64,79.76,413.0
2026-07-15 14:48:00,79.75,79.79,79.72,79.78,64.0
2026-07-15 14:49:00,79.78,79.79,79.68,79.71,98.0
2026-07-15 14:50:00,79.72,79.72,79.67,79.7,70.0
2026-07-15 14:51:00,79.69,79.76,79.68,79.72,65.0
2026-07-15 14:52:00,79.71,79.71,79.66,79.71,60.0
2026-07-15 14:53:00,79.7,79.72,79.69,79.72,25.0
2026-07-15 14:54:00,79.71,79.73,79.71,79.73,19.0
2026-07-15 14:55:00,79.73,79.76,79.67,79.68,43.0
2026-07-15 14:56:00,79.7,79.75,79.7,79.75,53.0
2026-07-15 14:57:00,79.76,79.79,79.73,79.74,60.0
2026-07-15 14:58:00,79.75,79.78,79.73,79.75,31.0
2026-07-15 14:59:00,79.75,79.75,79.73,79.74,47.0
2026-07-15 15:00:00,79.75,79.75,79.68,79.68,61.0
2026-07-15 15:01:00,79.69,79.71,79.69,79.71,12.0
2026-07-15 15:02:00,79.71,79.73,79.7,79.71,13.0
2026-07-15 15:03:00,79.71,79.77,79.71,79.77,9.0
2026-07-15 15:04:00,79.76,79.76,79.69,79.69,27.0
2026-07-15 15:05:00,79.69,79.7,79.67,79.68,51.0
2026-07-15 15:06:00,79.68,79.68,79.66,79.66,24.0
2026-07-15 15:07:00,79.67,79.69,79.65,79.68,25.0
2026-07-15 15:08:00,79.68,79.74,79.68,79.74,24.0
2026-07-15 15:09:00,79.75,79.77,79.75,79.75,11.0
2026-07-15 15:10:00,79.75,79.76,79.74,79.74,25.0
2026-07-15 15:11:00,79.75,79.75,79.74,79.74,7.0
2026-07-15 15:12:00,79.74,79.74,79.58,79.63,741.0
2026-07-15 15:13:00,79.63,79.78,79.62,79.73,379.0
2026-07-15 15:14:00,79.74,79.74,79.63,79.68,123.0
2026-07-15 15:15:00,79.66,79.67,79.56,79.64,280.0
2026-07-15 15:16:00,79.65,79.71,79.64,79.68,75.0
2026-07-15 15:17:00,79.68,79.72,79.68,79.72,19.0
2026-07-15 15:18:00,79.72,79.72,79.7,79.71,24.0
2026-07-15 15:19:00,79.71,79.75,79.71,79.75,21.0
2026-07-15 15:20:00,79.75,79.92,79.75,79.86,484.0
2026-07-15 15:21:00,79.87,79.9,79.86,79.9,60.0
2026-07-15 15:22:00,79.89,79.92,79.88,79.91,48.0
2026-07-15 15:23:00,79.91,79.92,79.86,79.86,69.0
2026-07-15 15:24:00,79.86,79.87,79.84,79.85,31.0
2026-07-15 15:25:00,79.85,79.9,79.85,79.88,60.0
2026-07-15 15:26:00,79.89,79.91,79.88,79.88,31.0
2026-07-15 15:27:00,79.88,79.9,79.85,79.86,172.0
2026-07-15 15:28:00,79.85,79.85,79.81,79.83,67.0
2026-07-15 15:29:00,79.83,79.89,79.83,79.89,14.0
2026-07-15 15:30:00,79.88,79.88,79.86,79.86,12.0
2026-07-15 15:31:00,79.86,79.86,79.84,79.85,15.0
2026-07-15 15:32:00,79.84,80.34,79.84,80.24,921.0
2026-07-15 15:33:00,80.25,80.27,80.12,80.27,268.0
2026-07-15 15:34:00,80.27,80.51,80.26,80.46,424.0
2026-07-15 15:35:00,80.48,80.68,80.44,80.49,396.0
2026-07-15 15:36:00,80.48,80.52,80.39,80.41,159.0
2026-07-15 15:37:00,80.42,80.44,80.33,80.42,172.0
2026-07-15 15:38:00,80.41,80.43,80.3,80.33,174.0
2026-07-15 15:39:00,80.32,80.34,80.23,80.3,152.0
2026-07-15 15:40:00,80.29,80.29,80.22,80.25,55.0
2026-07-15 15:41:00,80.26,80.34,80.22,80.29,266.0
2026-07-15 15:42:00,80.29,80.31,80.28,80.29,12.0
2026-07-15 15:43:00,80.3,80.34,80.28,80.28,70.0
2026-07-15 15:44:00,80.27,80.28,80.24,80.27,54.0
2026-07-15 15:45:00,80.26,80.3,80.26,80.3,11.0
2026-07-15 15:46:00,80.31,80.36,80.31,80.35,29.0
2026-07-15 15:47:00,80.35,80.36,80.3,80.33,89.0
2026-07-15 15:48:00,80.32,80.38,80.32,80.35,62.0
2026-07-15 15:49:00,80.35,80.37,80.34,80.36,21.0
2026-07-15 15:50:00,80.34,80.36,80.33,80.33,13.0
2026-07-15 15:51:00,80.33,80.33,80.27,80.29,29.0
2026-07-15 15:52:00,80.27,80.3,80.25,80.29,38.0
2026-07-15 15:53:00,80.29,80.31,80.26,80.26,26.0
2026-07-15 15:54:00,80.24,80.33,80.23,80.33,29.0
2026-07-15 15:55:00,80.31,80.31,80.26,80.3,72.0
2026-07-15 15:56:00,80.31,80.38,80.31,80.38,28.0
2026-07-15 15:57:00,80.36,80.36,80.32,80.32,15.0
2026-07-15 15:58:00,80.33,80.33,80.3,80.31,36.0
2026-07-15 15:59:00,80.32,80.34,80.28,80.32,110.0
2026-07-15 16:00:00,80.32,80.35,80.31,80.34,36.0
2026-07-15 16:01:00,80.33,80.36,80.32,80.35,27.0
2026-07-15 16:02:00,80.34,80.39,80.34,80.34,46.0
2026-07-15 16:03:00,80.33,80.34,80.29,80.34,30.0
2026-07-15 16:04:00,80.33,80.41,80.32,80.38,62.0
2026-07-15 16:05:00,80.38,80.39,80.37,80.37,5.0
2026-07-15 16:06:00,80.38,80.43,80.38,80.41,43.0
2026-07-15 16:07:00,80.42,80.42,80.33,80.33,35.0
2026-07-15 16:08:00,80.34,80.39,80.33,80.38,17.0
2026-07-15 16:09:00,80.39,80.51,80.32,80.45,344.0
2026-07-15 16:10:00,80.46,80.47,80.38,80.39,76.0
2026-07-15 16:11:00,80.39,80.41,80.39,80.4,11.0
2026-07-15 16:12:00,80.39,80.43,80.38,80.43,27.0
2026-07-15 16:13:00,80.4,80.43,80.38,80.41,43.0
2026-07-15 16:14:00,80.41,80.43,80.4,80.4,38.0
2026-07-15 16:15:00,80.4,80.4,80.38,80.38,83.0
2026-07-15 16:16:00,80.4,80.4,80.38,80.38,10.0
2026-07-15 16:17:00,80.38,80.39,80.37,80.38,75.0
2026-07-15 16:18:00,80.37,80.37,80.26,80.27,59.0
2026-07-15 16:19:00,80.25,80.26,80.19,80.2,136.0
2026-07-15 16:20:00,80.2,80.25,80.2,80.23,41.0
2026-07-15 16:21:00,80.24,80.24,80.22,80.23,17.0
2026-07-15 16:22:00,80.2,80.21,80.18,80.21,63.0
2026-07-15 16:23:00,80.21,80.3,80.21,80.3,62.0
2026-07-15 16:24:00,80.3,80.31,80.29,80.29,18.0
2026-07-15 16:25:00,80.28,80.29,80.27,80.29,27.0
2026-07-15 16:26:00,80.31,80.31,80.3,80.3,3.0
2026-07-15 16:27:00,80.31,80.33,80.31,80.31,14.0
2026-07-15 16:28:00,80.32,80.34,80.29,80.34,17.0
2026-07-15 16:29:00,80.35,80.35,80.3,80.3,40.0
2026-07-15 16:30:00,80.3,80.32,80.3,80.3,11.0
2026-07-15 16:31:00,80.29,80.33,80.29,80.3,16.0
2026-07-15 16:32:00,80.31,80.39,80.31,80.36,41.0
2026-07-15 16:34:00,80.38,80.41,80.38,80.41,17.0
2026-07-15 16:35:00,80.39,80.39,80.39,80.39,4.0
2026-07-15 16:36:00,80.36,80.37,80.34,80.35,28.0
2026-07-15 16:37:00,80.38,80.41,80.38,80.41,124.0
2026-07-15 16:38:00,80.4,80.4,80.36,80.36,31.0
2026-07-15 16:39:00,80.35,80.37,80.35,80.36,7.0
2026-07-15 16:40:00,80.38,80.39,80.38,80.39,5.0
2026-07-15 16:41:00,80.38,80.45,80.38,80.45,23.0
2026-07-15 16:42:00,80.46,80.46,80.39,80.39,7.0
2026-07-15 16:43:00,80.4,80.41,80.39,80.39,9.0
2026-07-15 16:44:00,80.41,80.41,80.41,80.41,8.0
2026-07-15 16:45:00,80.43,80.43,80.41,80.42,19.0
2026-07-15 16:46:00,80.41,80.42,80.41,80.42,2.0
2026-07-15 16:47:00,80.4,80.4,80.38,80.39,28.0
2026-07-15 16:48:00,80.37,80.39,80.36,80.38,18.0
2026-07-15 16:49:00,80.4,80.41,80.35,80.35,23.0
2026-07-15 16:50:00,80.34,80.35,80.27,80.27,31.0
2026-07-15 16:51:00,80.25,80.28,80.23,80.24,57.0
2026-07-15 16:52:00,80.26,80.3,80.26,80.26,41.0
2026-07-15 16:53:00,80.27,80.27,80.24,80.27,26.0
2026-07-15 16:54:00,80.26,80.26,80.19,80.21,71.0
2026-07-15 16:55:00,80.22,80.25,80.19,80.2,37.0
2026-07-15 16:56:00,80.2,80.23,80.2,80.23,10.0
2026-07-15 16:57:00,80.23,80.25,80.23,80.24,18.0
2026-07-15 16:58:00,80.24,80.26,80.22,80.22,13.0
2026-07-15 16:59:00,80.22,80.27,80.22,80.24,34.0
2026-07-15 18:00:00,80.0,80.09,79.6,79.99,213.0
2026-07-15 18:01:00,80.0,80.19,79.99,80.15,75.0
2026-07-15 18:02:00,80.15,80.15,80.11,80.11,15.0
2026-07-15 18:03:00,80.08,80.18,80.07,80.18,19.0
2026-07-15 18:04:00,80.18,80.19,80.18,80.18,6.0
2026-07-15 18:05:00,80.17,80.18,80.16,80.16,6.0
2026-07-15 18:06:00,80.14,80.27,80.13,80.25,25.0
2026-07-15 18:08:00,80.2,80.2,80.19,80.19,3.0
2026-07-15 18:09:00,80.17,80.17,80.12,80.16,13.0
2026-07-15 18:10:00,80.15,80.2,80.15,80.17,13.0
2026-07-15 18:11:00,80.14,80.15,80.09,80.15,17.0
2026-07-15 18:12:00,80.13,80.13,80.12,80.12,2.0
2026-07-15 18:13:00,80.14,80.17,80.14,80.17,14.0
2026-07-15 18:14:00,80.18,80.23,80.18,80.22,9.0
2026-07-15 18:15:00,80.22,80.27,80.21,80.21,42.0
2026-07-15 18:16:00,80.25,80.29,80.25,80.29,9.0
2026-07-15 18:17:00,80.25,80.28,80.22,80.22,28.0
2026-07-15 18:18:00,80.22,80.26,80.22,80.23,5.0
2026-07-15 18:19:00,80.25,80.25,80.23,80.23,9.0
2026-07-15 18:20:00,80.26,80.26,80.24,80.24,4.0
2026-07-15 18:21:00,80.24,80.25,80.24,80.25,2.0
2026-07-15 18:22:00,80.24,80.25,80.24,80.25,4.0
2026-07-15 18:23:00,80.24,80.24,80.24,80.24,2.0
2026-07-15 18:24:00,80.24,80.24,80.24,80.24,1.0
2026-07-15 18:25:00,80.21,80.25,80.21,80.25,6.0
2026-07-15 18:26:00,80.26,80.34,80.26,80.34,14.0
2026-07-15 18:27:00,80.34,80.36,80.34,80.36,10.0
2026-07-15 18:28:00,80.36,80.37,80.32,80.34,21.0
2026-07-15 18:29:00,80.34,80.36,80.29,80.34,21.0
2026-07-15 18:30:00,80.38,80.43,80.38,80.43,16.0
2026-07-15 18:31:00,80.44,80.49,80.38,80.44,38.0
2026-07-15 18:32:00,80.44,80.45,80.44,80.45,3.0
2026-07-15 18:33:00,80.41,80.44,80.41,80.44,6.0
2026-07-15 18:34:00,80.45,80.46,80.44,80.46,5.0
2026-07-15 18:35:00,80.47,80.47,80.39,80.39,48.0
2026-07-15 18:36:00,80.39,80.4,80.35,80.4,86.0
2026-07-15 18:37:00,80.39,80.39,80.39,80.39,1.0
2026-07-15 18:38:00,80.41,80.41,80.38,80.4,4.0
2026-07-15 18:39:00,80.41,80.42,80.4,80.42,5.0
2026-07-15 18:40:00,80.36,80.46,80.35,80.44,38.0
2026-07-15 18:41:00,80.4,80.4,80.4,80.4,4.0
2026-07-15 18:42:00,80.4,80.4,80.34,80.37,81.0
2026-07-15 18:43:00,80.36,80.38,80.36,80.38,4.0
2026-07-15 18:44:00,80.35,80.35,80.27,80.32,64.0
2026-07-15 18:45:00,80.33,80.33,80.33,80.33,2.0
2026-07-15 18:46:00,80.36,80.36,80.36,80.36,1.0
2026-07-15 18:47:00,80.31,80.34,80.31,80.32,3.0
2026-07-15 18:48:00,80.33,80.33,80.33,80.33,1.0
2026-07-15 18:49:00,80.34,80.35,80.31,80.31,4.0
2026-07-15 18:50:00,80.33,80.36,80.33,80.36,3.0
2026-07-15 18:52:00,80.38,80.39,80.38,80.39,7.0
2026-07-15 18:53:00,80.41,80.45,80.41,80.42,10.0
2026-07-15 18:54:00,80.4,80.4,80.22,80.38,151.0
2026-07-15 18:55:00,80.4,80.59,80.4,80.59,126.0
2026-07-15 18:56:00,80.56,80.57,80.49,80.5,20.0
2026-07-15 18:57:00,80.51,80.51,80.38,80.38,19.0
2026-07-15 18:58:00,80.4,80.41,80.33,80.33,13.0
2026-07-15 18:59:00,80.31,80.31,80.29,80.29,19.0
2026-07-15 19:00:00,80.29,80.3,80.24,80.29,39.0
2026-07-15 19:01:00,80.32,80.34,80.31,80.34,5.0
2026-07-15 19:02:00,80.34,80.34,80.34,80.34,1.0
2026-07-15 19:03:00,80.33,80.33,80.33,80.33,1.0
2026-07-15 19:04:00,80.34,80.34,80.31,80.31,6.0
2026-07-15 19:05:00,80.3,80.3,80.3,80.3,2.0
2026-07-15 19:09:00,80.32,80.34,80.3,80.34,14.0
2026-07-15 19:10:00,80.3,80.3,80.3,80.3,2.0
2026-07-15 19:11:00,80.33,80.33,80.33,80.33,1.0
2026-07-15 19:12:00,80.3,80.3,80.28,80.28,5.0
2026-07-15 19:13:00,80.29,80.3,80.29,80.3,4.0
2026-07-15 19:14:00,80.29,80.31,80.29,80.31,6.0
2026-07-15 19:15:00,80.29,80.29,80.29,80.29,3.0
2026-07-15 19:17:00,80.24,80.25,80.24,80.25,12.0
2026-07-15 19:18:00,80.23,80.23,80.23,80.23,2.0
2026-07-15 19:19:00,80.23,80.23,80.21,80.21,4.0
2026-07-15 19:20:00,80.22,80.25,80.22,80.24,18.0
2026-07-15 19:21:00,80.25,80.25,80.22,80.22,5.0
2026-07-15 19:22:00,80.25,80.25,80.24,80.24,5.0
2026-07-15 19:23:00,80.21,80.21,80.2,80.2,7.0
2026-07-15 19:24:00,80.2,80.2,80.2,80.2,2.0
2026-07-15 19:25:00,80.21,80.23,80.21,80.21,8.0
2026-07-15 19:26:00,80.22,80.23,80.22,80.23,2.0
2026-07-15 19:27:00,80.23,80.23,80.23,80.23,3.0
2026-07-15 19:28:00,80.22,80.22,80.19,80.19,13.0
2026-07-15 19:29:00,80.18,80.18,80.18,80.18,1.0
2026-07-15 19:30:00,80.19,80.19,80.16,80.16,24.0
2026-07-15 19:31:00,80.15,80.18,80.13,80.16,44.0
2026-07-15 19:32:00,80.14,80.16,80.14,80.16,9.0
2026-07-15 19:33:00,80.16,80.16,80.07,80.14,62.0
2026-07-15 19:34:00,80.15,80.16,80.14,80.15,12.0
2026-07-15 19:35:00,80.16,80.16,80.15,80.15,5.0
2026-07-15 19:36:00,80.15,80.15,80.15,80.15,3.0
2026-07-15 19:37:00,80.14,80.14,80.14,80.14,1.0
2026-07-15 19:39:00,80.19,80.19,80.19,80.19,5.0
2026-07-15 19:40:00,80.23,80.25,80.21,80.25,7.0
2026-07-15 19:41:00,80.25,80.25,80.25,80.25,1.0
2026-07-15 19:42:00,80.25,80.25,80.25,80.25,4.0
2026-07-15 19:43:00,80.24,80.24,80.24,80.24,1.0
2026-07-15 19:44:00,80.2,80.2,80.19,80.19,8.0
2026-07-15 19:45:00,80.14,80.17,80.14,80.17,16.0
2026-07-15 19:48:00,80.17,80.17,80.17,80.17,1.0
2026-07-15 19:50:00,80.18,80.18,80.18,80.18,2.0
2026-07-15 19:51:00,80.18,80.18,80.18,80.18,17.0
2026-07-15 19:53:00,80.21,80.21,80.21,80.21,1.0
2026-07-15 19:55:00,80.2,80.2,80.19,80.19,9.0
2026-07-15 19:56:00,80.17,80.17,80.14,80.14,5.0
2026-07-15 19:57:00,80.15,80.15,80.15,80.15,2.0
2026-07-15 19:58:00,80.15,80.15,80.15,80.15,1.0
2026-07-15 19:59:00,80.16,80.22,80.16,80.22,16.0
2026-07-15 20:00:00,80.17,80.19,80.02,80.05,165.0
2026-07-15 20:01:00,80.05,80.06,80.0,80.04,30.0
2026-07-15 20:02:00,80.04,80.06,80.04,80.05,16.0
2026-07-15 20:03:00,80.06,80.07,80.03,80.06,23.0
2026-07-15 20:04:00,80.05,80.05,79.99,80.03,43.0
2026-07-15 20:05:00,80.04,80.06,80.01,80.04,27.0
2026-07-15 20:06:00,80.04,80.08,80.0,80.02,68.0
2026-07-15 20:07:00,80.01,80.02,80.0,80.0,41.0
2026-07-15 20:08:00,80.01,80.01,79.98,79.99,20.0
2026-07-15 20:09:00,79.99,80.01,79.97,79.98,43.0
2026-07-15 20:10:00,79.98,80.04,79.98,80.04,13.0
2026-07-15 20:11:00,80.06,80.08,80.03,80.05,25.0
2026-07-15 20:12:00,80.05,80.06,80.03,80.04,14.0
2026-07-15 20:13:00,80.03,80.03,80.03,80.03,4.0
2026-07-15 20:14:00,80.03,80.03,79.96,79.97,13.0
2026-07-15 20:15:00,79.98,80.0,79.94,79.96,15.0
2026-07-15 20:16:00,79.96,79.97,79.96,79.96,5.0
2026-07-15 20:17:00,79.96,80.02,79.95,80.01,64.0
2026-07-15 20:18:00,80.02,80.02,79.99,80.0,12.0
2026-07-15 20:19:00,80.01,80.01,79.96,79.97,7.0
2026-07-15 20:20:00,79.96,79.96,79.92,79.93,26.0
2026-07-15 20:21:00,79.9,79.93,79.89,79.93,16.0
2026-07-15 20:22:00,79.96,79.97,79.94,79.97,11.0
2026-07-15 20:23:00,79.96,79.98,79.96,79.98,4.0
2026-07-15 20:24:00,79.99,80.01,79.99,80.0,6.0
2026-07-15 20:25:00,80.02,80.03,79.98,79.99,13.0
2026-07-15 20:26:00,79.99,80.0,79.99,80.0,3.0
2026-07-15 20:27:00,80.02,80.02,79.99,79.99,7.0
2026-07-15 20:28:00,80.01,80.06,80.01,80.04,88.0
2026-07-15 20:29:00,80.04,80.04,79.99,79.99,6.0
2026-07-15 20:30:00,80.0,80.05,79.97,79.98,74.0
2026-07-15 20:31:00,79.98,80.04,79.96,80.04,40.0
2026-07-15 20:32:00,80.01,80.06,80.01,80.06,7.0
2026-07-15 20:33:00,80.06,80.12,80.06,80.11,17.0
2026-07-15 20:34:00,80.1,80.14,80.09,80.09,47.0
2026-07-15 20:35:00,80.08,80.1,80.08,80.09,11.0
2026-07-15 20:36:00,80.1,80.12,80.1,80.1,6.0
2026-07-15 20:37:00,80.1,80.13,80.1,80.13,12.0
2026-07-15 20:38:00,80.11,80.11,80.09,80.11,5.0
2026-07-15 20:39:00,80.12,80.12,80.12,80.12,2.0
2026-07-15 20:40:00,80.13,80.21,80.13,80.15,41.0
2026-07-15 20:41:00,80.11,80.13,80.09,80.13,28.0
2026-07-15 20:42:00,80.11,80.12,80.1,80.12,15.0
2026-07-15 20:43:00,80.14,80.17,80.14,80.14,17.0
2026-07-15 20:44:00,80.15,80.15,80.14,80.14,4.0
2026-07-15 20:45:00,80.16,80.16,80.07,80.08,43.0
2026-07-15 20:46:00,80.09,80.1,80.09,80.1,2.0
2026-07-15 20:47:00,80.11,80.11,80.11,80.11,1.0
2026-07-15 20:48:00,80.1,80.11,80.1,80.11,6.0
2026-07-15 20:50:00,80.11,80.14,80.11,80.14,3.0
2026-07-15 20:51:00,80.14,80.14,80.07,80.07,5.0
2026-07-15 20:52:00,80.04,80.04,80.02,80.04,13.0
2026-07-15 20:53:00,80.06,80.08,80.06,80.08,2.0
2026-07-15 20:54:00,80.08,80.08,80.06,80.08,11.0
2026-07-15 20:55:00,80.07,80.07,80.07,80.07,3.0
2026-07-15 20:56:00,80.07,80.09,80.07,80.09,4.0
2026-07-15 20:57:00,80.07,80.15,80.07,80.15,31.0
2026-07-15 20:58:00,80.16,80.16,80.12,80.12,9.0
2026-07-15 20:59:00,80.11,80.15,80.11,80.14,5.0
2026-07-15 21:00:00,80.11,80.2,80.0,80.2,154.0
2026-07-15 21:01:00,80.2,80.29,80.2,80.28,36.0
2026-07-15 21:02:00,80.28,80.32,80.26,80.3,29.0
2026-07-15 21:03:00,80.29,80.29,80.14,80.18,35.0
2026-07-15 21:04:00,80.16,80.25,80.16,80.24,11.0
2026-07-15 21:05:00,80.23,80.23,80.13,80.16,29.0
2026-07-15 21:06:00,80.18,80.27,80.18,80.27,11.0
2026-07-15 21:07:00,80.27,80.27,80.23,80.26,15.0
2026-07-15 21:08:00,80.26,80.26,80.24,80.26,4.0
2026-07-15 21:09:00,80.24,80.31,80.23,80.3,42.0
2026-07-15 21:10:00,80.3,80.32,80.3,80.31,18.0
2026-07-15 21:11:00,80.29,80.37,80.29,80.33,35.0
2026-07-15 21:12:00,80.34,80.36,80.31,80.31,13.0
2026-07-15 21:13:00,80.32,80.33,80.26,80.27,22.0
2026-07-15 21:14:00,80.28,80.28,80.28,80.28,1.0
2026-07-15 21:15:00,80.27,80.27,80.18,80.18,9.0
2026-07-15 21:16:00,80.19,80.24,80.19,80.24,12.0
2026-07-15 21:17:00,80.23,80.27,80.23,80.24,8.0
2026-07-15 21:18:00,80.24,80.24,80.19,80.19,9.0
2026-07-15 21:19:00,80.19,80.19,80.12,80.15,21.0
2026-07-15 21:20:00,80.14,80.14,80.1,80.11,16.0
2026-07-15 21:21:00,80.11,80.16,80.01,80.15,190.0
2026-07-15 21:22:00,80.17,80.2,80.14,80.15,19.0
2026-07-15 21:23:00,80.14,80.14,80.1,80.13,18.0
2026-07-15 21:24:00,80.12,80.12,80.08,80.08,8.0
2026-07-15 21:25:00,80.08,80.18,80.08,80.16,53.0
2026-07-15 21:26:00,80.19,80.23,80.09,80.12,39.0
2026-07-15 21:27:00,80.14,80.14,80.14,80.14,2.0
2026-07-15 21:28:00,80.14,80.15,80.12,80.15,8.0
2026-07-15 21:29:00,80.15,80.15,80.15,80.15,1.0
2026-07-15 21:30:00,80.12,80.14,80.1,80.1,29.0
2026-07-15 21:31:00,80.08,80.12,80.08,80.12,19.0
2026-07-15 21:32:00,80.08,80.08,80.02,80.06,45.0
2026-07-15 21:33:00,80.06,80.06,80.04,80.06,10.0
2026-07-15 21:34:00,80.05,80.05,79.98,80.02,45.0
2026-07-15 21:35:00,80.02,80.02,79.96,79.98,22.0
2026-07-15 21:36:00,79.99,80.03,79.99,80.01,12.0
2026-07-15 21:37:00,80.03,80.1,80.03,80.07,20.0
2026-07-15 21:38:00,80.04,80.04,80.03,80.03,4.0
2026-07-15 21:39:00,80.05,80.05,80.04,80.04,3.0
2026-07-15 21:40:00,80.05,80.06,80.0,80.04,176.0
2026-07-15 21:41:00,80.04,80.1,80.04,80.09,27.0
2026-07-15 21:42:00,80.09,80.12,80.07,80.07,40.0
2026-07-15 21:43:00,80.07,80.13,80.07,80.13,13.0
2026-07-15 21:44:00,80.12,80.13,80.11,80.13,25.0
2026-07-15 21:45:00,80.13,80.13,80.03,80.03,30.0
2026-07-15 21:46:00,80.03,80.06,80.01,80.04,19.0
2026-07-15 21:47:00,80.04,80.05,80.03,80.03,9.0
2026-07-15 21:48:00,80.04,80.06,80.04,80.06,6.0
2026-07-15 21:49:00,80.08,80.27,80.08,80.18,70.0
2026-07-15 21:50:00,80.21,80.29,80.21,80.24,37.0
2026-07-15 21:51:00,80.25,80.25,80.21,80.21,22.0
2026-07-15 21:52:00,80.21,80.25,80.18,80.19,77.0
2026-07-15 21:53:00,80.17,80.17,80.11,80.11,28.0
2026-07-15 21:54:00,80.12,80.12,80.09,80.1,32.0
2026-07-15 21:55:00,80.09,80.09,80.01,80.04,67.0
2026-07-15 21:56:00,80.02,80.02,79.95,79.99,58.0
2026-07-15 21:57:00,80.0,80.11,80.0,80.11,83.0
2026-07-15 21:58:00,80.13,80.15,80.1,80.12,24.0
2026-07-15 21:59:00,80.11,80.11,80.03,80.05,38.0
2026-07-15 22:00:00,80.06,80.12,80.05,80.12,22.0
2026-07-15 22:01:00,80.15,80.16,80.15,80.16,5.0
2026-07-15 22:02:00,80.15,80.15,80.12,80.13,21.0
2026-07-15 22:03:00,80.1,80.1,80.1,80.1,6.0
2026-07-15 22:04:00,80.08,80.08,80.07,80.08,3.0
2026-07-15 22:05:00,80.12,80.12,80.08,80.08,12.0
2026-07-15 22:06:00,80.12,80.14,80.08,80.09,27.0
2026-07-15 22:07:00,80.09,80.09,80.07,80.08,12.0
2026-07-15 22:08:00,80.05,80.12,80.04,80.12,38.0
2026-07-15 22:09:00,80.12,80.12,80.11,80.11,5.0
2026-07-15 22:10:00,80.13,80.15,80.13,80.15,23.0
2026-07-15 22:11:00,80.12,80.12,80.11,80.11,5.0
2026-07-15 22:12:00,80.14,80.14,80.12,80.12,5.0
2026-07-15 22:13:00,80.13,80.13,80.12,80.12,4.0
2026-07-15 22:14:00,80.1,80.15,80.1,80.13,46.0
2026-07-15 22:15:00,80.12,80.12,80.1,80.1,3.0
2026-07-15 22:16:00,80.09,80.12,80.09,80.12,14.0
2026-07-15 22:17:00,80.12,80.12,80.11,80.11,6.0
2026-07-15 22:18:00,80.11,80.12,80.08,80.12,21.0
2026-07-15 22:19:00,80.12,80.12,80.09,80.09,3.0
2026-07-15 22:20:00,80.08,80.08,80.04,80.07,33.0
2026-07-15 22:21:00,80.09,80.12,80.09,80.12,21.0
2026-07-15 22:22:00,80.14,80.14,80.14,80.14,2.0
2026-07-15 22:23:00,80.13,80.14,80.13,80.14,9.0
2026-07-15 22:24:00,80.15,80.16,80.15,80.16,4.0
2026-07-15 22:25:00,80.18,80.18,80.17,80.17,2.0
2026-07-15 22:26:00,80.19,80.28,80.19,80.28,103.0
2026-07-15 22:27:00,80.27,80.27,80.24,80.24,12.0
2026-07-15 22:28:00,80.25,80.25,80.24,80.24,2.0
2026-07-15 22:29:00,80.24,80.24,80.23,80.23,5.0
2026-07-15 22:30:00,80.23,80.25,80.13,80.15,59.0
2026-07-15 22:31:00,80.14,80.21,80.14,80.17,51.0
2026-07-15 22:32:00,80.14,80.14,80.11,80.12,6.0
2026-07-15 22:33:00,80.12,80.14,80.09,80.14,13.0
2026-07-15 22:34:00,80.13,80.13,80.13,80.13,2.0
2026-07-15 22:35:00,80.1,80.1,80.01,80.04,79.0
2026-07-15 22:36:00,80.07,80.07,80.06,80.06,2.0
2026-07-15 22:37:00,80.08,80.1,80.08,80.1,2.0
2026-07-15 22:38:00,80.08,80.08,80.06,80.08,8.0
2026-07-15 22:39:00,80.09,80.09,80.08,80.08,2.0
2026-07-15 22:40:00,80.11,80.19,80.08,80.18,18.0
2026-07-15 22:41:00,80.15,80.17,80.15,80.17,9.0
2026-07-15 22:42:00,80.2,80.24,80.2,80.22,5.0
2026-07-15 22:43:00,80.18,80.21,80.17,80.18,8.0
2026-07-15 22:44:00,80.19,80.19,80.17,80.17,2.0
2026-07-15 22:45:00,80.18,80.18,80.09,80.1,6.0
2026-07-15 22:46:00,80.12,80.15,80.1,80.1,17.0
2026-07-15 22:47:00,80.1,80.15,80.09,80.13,17.0
2026-07-15 22:48:00,80.12,80.12,80.1,80.12,12.0
2026-07-15 22:49:00,80.13,80.14,80.12,80.13,9.0
2026-07-15 22:50:00,80.13,80.16,80.13,80.14,7.0
2026-07-15 22:51:00,80.16,80.16,80.0,80.0,64.0
2026-07-15 22:52:00,79.99,80.09,79.99,80.06,32.0
2026-07-15 22:53:00,80.08,80.08,80.06,80.08,15.0
2026-07-15 22:54:00,80.07,80.07,80.05,80.06,31.0
2026-07-15 22:55:00,80.09,80.11,80.05,80.07,46.0
2026-07-15 22:56:00,80.06,80.07,80.04,80.06,45.0
2026-07-15 22:57:00,80.06,80.07,80.05,80.07,30.0
2026-07-15 22:58:00,80.06,80.07,80.03,80.03,42.0
2026-07-15 22:59:00,80.03,80.04,80.02,80.04,41.0
2026-07-15 23:00:00,80.02,80.08,79.95,80.08,75.0
2026-07-15 23:01:00,80.05,80.06,80.04,80.04,6.0
2026-07-15 23:02:00,80.08,80.08,80.08,80.08,2.0
2026-07-15 23:03:00,80.03,80.06,80.01,80.06,9.0
2026-07-15 23:04:00,80.06,80.07,80.06,80.06,6.0
2026-07-15 23:05:00,80.01,80.01,79.87,79.92,73.0
2026-07-15 23:06:00,79.91,79.97,79.9,79.97,25.0
2026-07-15 23:07:00,79.95,79.99,79.95,79.98,14.0
2026-07-15 23:08:00,80.0,80.0,79.93,79.96,14.0
2026-07-15 23:09:00,79.97,79.98,79.97,79.97,6.0
2026-07-15 23:10:00,79.99,79.99,79.95,79.96,12.0
2026-07-15 23:11:00,79.95,79.96,79.92,79.96,12.0
2026-07-15 23:12:00,79.94,79.95,79.94,79.95,8.0
2026-07-15 23:13:00,79.92,79.92,79.91,79.92,6.0
2026-07-15 23:14:00,79.91,79.91,79.9,79.91,18.0
2026-07-15 23:15:00,79.89,79.89,79.82,79.82,35.0
2026-07-15 23:16:00,79.82,79.82,79.75,79.79,97.0
2026-07-15 23:17:00,79.77,79.78,79.74,79.75,19.0
2026-07-15 23:18:00,79.74,79.77,79.72,79.74,39.0
2026-07-15 23:19:00,79.74,79.77,79.7,79.77,56.0
2026-07-15 23:20:00,79.74,79.74,79.68,79.7,30.0
2026-07-15 23:21:00,79.71,79.72,79.67,79.72,20.0
2026-07-15 23:22:00,79.74,79.76,79.72,79.76,11.0
2026-07-15 23:23:00,79.76,79.78,79.76,79.76,31.0
2026-07-15 23:24:00,79.75,79.77,79.69,79.72,16.0
2026-07-15 23:25:00,79.69,79.73,79.67,79.72,22.0
2026-07-15 23:26:00,79.71,79.71,79.66,79.69,26.0
2026-07-15 23:27:00,79.68,79.7,79.65,79.7,27.0
2026-07-15 23:28:00,79.69,79.69,79.67,79.69,35.0
2026-07-15 23:29:00,79.7,79.72,79.68,79.72,38.0
2026-07-15 23:30:00,79.72,79.73,79.59,79.59,134.0
2026-07-15 23:31:00,79.57,79.58,79.43,79.47,264.0
2026-07-15 23:32:00,79.47,79.47,79.42,79.44,40.0
2026-07-15 23:33:00,79.43,79.45,79.33,79.33,106.0
2026-07-15 23:34:00,79.32,79.39,79.3,79.39,77.0
2026-07-15 23:35:00,79.37,79.37,79.29,79.33,47.0
2026-07-15 23:36:00,79.36,79.38,79.27,79.34,56.0
2026-07-15 23:37:00,79.34,79.4,79.34,79.35,37.0
2026-07-15 23:38:00,79.34,79.44,79.34,79.44,26.0
2026-07-15 23:39:00,79.44,79.46,79.43,79.43,27.0
2026-07-15 23:40:00,79.43,79.47,79.42,79.42,18.0
2026-07-15 23:41:00,79.41,79.46,79.41,79.45,27.0
2026-07-15 23:42:00,79.47,79.47,79.45,79.45,5.0
2026-07-15 23:43:00,79.45,79.45,79.37,79.41,226.0
2026-07-15 23:44:00,79.4,79.4,79.38,79.4,12.0
2026-07-15 23:45:00,79.38,79.43,79.37,79.43,12.0
2026-07-15 23:46:00,79.44,79.45,79.42,79.43,17.0
2026-07-15 23:47:00,79.43,79.44,79.4,79.41,17.0
2026-07-15 23:48:00,79.42,79.42,79.4,79.4,7.0
2026-07-15 23:49:00,79.39,79.41,79.38,79.4,36.0
2026-07-15 23:50:00,79.41,79.42,79.39,79.41,21.0
2026-07-15 23:51:00,79.41,79.44,79.41,79.44,12.0
2026-07-15 23:52:00,79.44,79.44,79.4,79.42,6.0
2026-07-15 23:53:00,79.41,79.48,79.41,79.48,59.0
2026-07-15 23:54:00,79.45,79.51,79.44,79.49,71.0
2026-07-15 23:55:00,79.5,79.51,79.49,79.49,7.0
2026-07-15 23:56:00,79.5,79.54,79.5,79.51,9.0
2026-07-15 23:57:00,79.51,79.54,79.51,79.53,77.0
2026-07-15 23:58:00,79.52,79.56,79.52,79.56,17.0
2026-07-15 23:59:00,79.55,79.57,79.55,79.55,23.0
2026-07-16 00:00:00,79.54,79.58,79.52,79.55,21.0
2026-07-16 00:01:00,79.56,79.59,79.56,79.59,18.0
2026-07-16 00:02:00,79.59,79.59,79.56,79.59,23.0
2026-07-16 00:03:00,79.59,79.59,79.56,79.56,5.0
2026-07-16 00:04:00,79.56,79.58,79.56,79.58,2.0
2026-07-16 00:05:00,79.56,79.56,79.55,79.55,40.0
2026-07-16 00:06:00,79.56,79.57,79.53,79.55,19.0
2026-07-16 00:07:00,79.54,79.6,79.54,79.59,46.0
2026-07-16 00:08:00,79.59,79.61,79.58,79.59,29.0
2026-07-16 00:09:00,79.61,79.61,79.56,79.56,17.0
2026-07-16 00:10:00,79.56,79.56,79.54,79.55,14.0
2026-07-16 00:11:00,79.55,79.56,79.53,79.56,8.0
2026-07-16 00:12:00,79.55,79.55,79.52,79.52,12.0
2026-07-16 00:13:00,79.53,79.53,79.47,79.49,64.0
2026-07-16 00:14:00,79.48,79.49,79.48,79.49,6.0
2026-07-16 00:15:00,79.52,79.52,79.51,79.51,4.0
2026-07-16 00:16:00,79.52,79.52,79.52,79.52,2.0
2026-07-16 00:17:00,79.52,79.53,79.48,79.48,17.0
2026-07-16 00:18:00,79.5,79.5,79.48,79.49,5.0
2026-07-16 00:19:00,79.5,79.5,79.49,79.49,2.0
2026-07-16 00:20:00,79.48,79.48,79.44,79.45,14.0
2026-07-16 00:21:00,79.47,79.48,79.46,79.47,17.0
2026-07-16 00:22:00,79.48,79.48,79.48,79.48,4.0
2026-07-16 00:23:00,79.49,79.51,79.49,79.51,15.0
2026-07-16 00:24:00,79.51,79.53,79.51,79.53,4.0
2026-07-16 00:25:00,79.57,79.57,79.56,79.56,3.0
2026-07-16 00:26:00,79.56,79.57,79.56,79.57,7.0
2026-07-16 00:27:00,79.56,79.56,79.56,79.56,3.0
2026-07-16 00:28:00,79.57,79.57,79.55,79.55,9.0
2026-07-16 00:29:00,79.54,79.54,79.49,79.49,14.0
2026-07-16 00:30:00,79.51,79.52,79.5,79.5,7.0
2026-07-16 00:32:00,79.48,79.48,79.47,79.47,3.0
2026-07-16 00:33:00,79.46,79.46,79.45,79.46,9.0
2026-07-16 00:34:00,79.45,79.46,79.45,79.45,13.0
2026-07-16 00:35:00,79.46,79.46,79.45,79.45,3.0
2026-07-16 00:36:00,79.44,79.46,79.44,79.45,6.0
2026-07-16 00:37:00,79.44,79.44,79.4,79.4,15.0
2026-07-16 00:38:00,79.4,79.43,79.4,79.43,12.0
2026-07-16 00:39:00,79.42,79.43,79.41,79.43,6.0
2026-07-16 00:40:00,79.44,79.44,79.38,79.38,13.0
2026-07-16 00:41:00,79.39,79.4,79.36,79.38,8.0
2026-07-16 00:42:00,79.39,79.39,79.36,79.36,25.0
2026-07-16 00:43:00,79.35,79.38,79.35,79.38,3.0
2026-07-16 00:44:00,79.37,79.37,79.32,79.34,21.0
2026-07-16 00:45:00,79.33,79.34,79.29,79.31,78.0
2026-07-16 00:46:00,79.28,79.3,79.26,79.3,11.0
2026-07-16 00:47:00,79.32,79.32,79.31,79.32,8.0
2026-07-16 00:48:00,79.3,79.3,79.3,79.3,6.0
2026-07-16 00:49:00,79.28,79.29,79.28,79.29,4.0
2026-07-16 00:50:00,79.3,79.32,79.3,79.32,6.0
2026-07-16 00:51:00,79.31,79.31,79.3,79.31,5.0
2026-07-16 00:52:00,79.31,79.31,79.26,79.31,20.0
2026-07-16 00:53:00,79.3,79.3,79.29,79.29,8.0
2026-07-16 00:54:00,79.3,79.3,79.26,79.26,15.0
2026-07-16 00:55:00,79.27,79.3,79.27,79.3,9.0
2026-07-16 00:56:00,79.32,79.36,79.32,79.36,5.0
2026-07-16 00:57:00,79.36,79.39,79.36,79.39,10.0
2026-07-16 00:58:00,79.39,79.39,79.37,79.38,16.0
2026-07-16 00:59:00,79.37,79.37,79.34,79.37,8.0
2026-07-16 01:00:00,79.39,79.39,79.36,79.36,3.0
2026-07-16 01:01:00,79.37,79.38,79.34,79.34,12.0
2026-07-16 01:02:00,79.34,79.36,79.34,79.36,2.0
2026-07-16 01:03:00,79.35,79.35,79.35,79.35,1.0
2026-07-16 01:04:00,79.35,79.38,79.35,79.38,4.0
2026-07-16 01:06:00,79.34,79.35,79.27,79.27,23.0
2026-07-16 01:07:00,79.29,79.29,79.29,79.29,5.0
2026-07-16 01:08:00,79.28,79.32,79.27,79.32,32.0
2026-07-16 01:09:00,79.32,79.33,79.32,79.33,3.0
2026-07-16 01:10:00,79.32,79.32,79.23,79.25,108.0
2026-07-16 01:11:00,79.28,79.3,79.28,79.3,10.0
2026-07-16 01:12:00,79.31,79.32,79.3,79.3,8.0
2026-07-16 01:13:00,79.31,79.33,79.31,79.32,4.0
2026-07-16 01:14:00,79.31,79.34,79.31,79.34,20.0
2026-07-16 01:15:00,79.34,79.34,79.28,79.28,53.0
2026-07-16 01:16:00,79.28,79.3,79.28,79.3,15.0
2026-07-16 01:17:00,79.31,79.31,79.29,79.29,4.0
2026-07-16 01:18:00,79.3,79.42,79.26,79.4,77.0
2026-07-16 01:19:00,79.4,79.4,79.39,79.4,9.0
2026-07-16 01:20:00,79.39,79.4,79.38,79.4,8.0
2026-07-16 01:21:00,79.39,79.39,79.37,79.37,8.0
2026-07-16 01:22:00,79.38,79.4,79.37,79.38,15.0
2026-07-16 01:23:00,79.38,79.4,79.37,79.37,9.0
2026-07-16 01:24:00,79.37,79.37,79.37,79.37,1.0
2026-07-16 01:25:00,79.38,79.4,79.37,79.37,21.0
2026-07-16 01:26:00,79.35,79.36,79.31,79.33,42.0
2026-07-16 01:27:00,79.32,79.34,79.32,79.34,21.0
2026-07-16 01:28:00,79.3,79.31,79.29,79.31,10.0
2026-07-16 01:29:00,79.3,79.31,79.29,79.29,13.0
2026-07-16 01:30:00,79.3,79.3,79.16,79.29,164.0
2026-07-16 01:31:00,79.28,79.28,79.19,79.2,29.0
2026-07-16 01:32:00,79.2,79.33,79.2,79.32,15.0
2026-07-16 01:33:00,79.29,79.3,79.18,79.18,21.0
2026-07-16 01:34:00,79.17,79.23,79.14,79.23,29.0
2026-07-16 01:35:00,79.21,79.27,79.21,79.27,4.0
2026-07-16 01:36:00,79.26,79.27,79.24,79.27,6.0
2026-07-16 01:37:00,79.29,79.32,79.25,79.31,13.0
2026-07-16 01:38:00,79.33,79.39,79.33,79.38,9.0
2026-07-16 01:39:00,79.4,79.4,79.36,79.36,7.0
2026-07-16 01:40:00,79.38,79.44,79.38,79.41,13.0
2026-07-16 01:41:00,79.37,79.4,79.37,79.4,7.0
2026-07-16 01:42:00,79.39,79.41,79.36,79.36,6.0
2026-07-16 01:43:00,79.36,79.36,79.32,79.34,29.0
2026-07-16 01:44:00,79.35,79.36,79.35,79.36,11.0
2026-07-16 01:45:00,79.36,79.37,79.34,79.35,9.0
2026-07-16 01:46:00,79.36,79.38,79.36,79.38,6.0
2026-07-16 01:47:00,79.37,79.37,79.28,79.3,27.0
2026-07-16 01:48:00,79.29,79.33,79.29,79.33,8.0
2026-07-16 01:49:00,79.35,79.35,79.32,79.32,9.0
2026-07-16 01:50:00,79.32,79.35,79.32,79.34,8.0
2026-07-16 01:51:00,79.33,79.37,79.32,79.32,14.0
2026-07-16 01:52:00,79.33,79.43,79.33,79.43,16.0
2026-07-16 01:53:00,79.44,79.48,79.44,79.46,36.0
2026-07-16 01:54:00,79.46,79.49,79.45,79.45,58.0
2026-07-16 01:55:00,79.46,79.46,79.39,79.4,19.0
2026-07-16 01:56:00,79.41,79.45,79.4,79.45,16.0
2026-07-16 01:57:00,79.44,79.46,79.43,79.44,14.0
2026-07-16 01:58:00,79.46,79.46,79.43,79.43,8.0
2026-07-16 01:59:00,79.43,79.44,79.39,79.39,27.0
2026-07-16 02:00:00,79.4,79.43,79.36,79.43,29.0
2026-07-16 02:01:00,79.41,79.43,79.39,79.39,8.0
2026-07-16 02:02:00,79.38,79.44,79.34,79.36,26.0
2026-07-16 02:03:00,79.35,79.36,79.3,79.36,33.0
2026-07-16 02:04:00,79.37,79.4,79.36,79.36,16.0
2026-07-16 02:05:00,79.36,79.4,79.36,79.4,10.0
2026-07-16 02:06:00,79.43,79.52,79.43,79.48,50.0
2026-07-16 02:07:00,79.48,79.57,79.48,79.54,48.0
2026-07-16 02:08:00,79.55,79.61,79.52,79.55,161.0
2026-07-16 02:09:00,79.55,79.61,79.55,79.6,37.0
2026-07-16 02:10:00,79.6,79.68,79.6,79.66,47.0
2026-07-16 02:11:00,79.68,79.68,79.59,79.62,80.0
2026-07-16 02:12:00,79.61,79.62,79.55,79.57,42.0
2026-07-16 02:13:00,79.55,79.55,79.44,79.44,33.0
2026-07-16 02:14:00,79.43,79.44,79.38,79.43,31.0
2026-07-16 02:15:00,79.43,79.47,79.42,79.47,30.0
2026-07-16 02:16:00,79.46,79.46,79.32,79.33,38.0
2026-07-16 02:17:00,79.33,79.44,79.32,79.44,93.0
2026-07-16 02:18:00,79.43,79.44,79.4,79.42,13.0
2026-07-16 02:19:00,79.42,79.49,79.42,79.47,40.0
2026-07-16 02:20:00,79.49,79.54,79.49,79.54,34.0
2026-07-16 02:21:00,79.53,79.56,79.53,79.53,28.0
2026-07-16 02:22:00,79.55,79.58,79.52,79.57,68.0
2026-07-16 02:23:00,79.57,79.62,79.57,79.61,30.0
2026-07-16 02:24:00,79.63,79.64,79.6,79.63,25.0
2026-07-16 02:25:00,79.62,79.67,79.62,79.64,56.0
2026-07-16 02:26:00,79.64,79.64,79.57,79.59,164.0
2026-07-16 02:27:00,79.6,79.6,79.56,79.6,94.0
2026-07-16 02:28:00,79.59,79.62,79.56,79.58,28.0
2026-07-16 02:29:00,79.58,79.59,79.53,79.56,29.0
2026-07-16 02:30:00,79.59,79.61,79.56,79.59,15.0
2026-07-16 02:31:00,79.6,79.61,79.57,79.59,18.0
2026-07-16 02:32:00,79.62,79.69,79.62,79.64,50.0
2026-07-16 02:33:00,79.63,79.64,79.55,79.55,19.0
2026-07-16 02:34:00,79.55,79.55,79.47,79.52,33.0
2026-07-16 02:35:00,79.53,79.53,79.48,79.48,24.0
2026-07-16 02:36:00,79.49,79.49,79.39,79.4,24.0
2026-07-16 02:37:00,79.4,79.43,79.3,79.41,135.0
2026-07-16 02:38:00,79.4,79.42,79.38,79.42,56.0
2026-07-16 02:39:00,79.41,79.44,79.4,79.42,30.0
2026-07-16 02:40:00,79.43,79.51,79.43,79.51,9.0
2026-07-16 02:41:00,79.51,79.55,79.51,79.51,45.0
2026-07-16 02:42:00,79.52,79.55,79.49,79.52,21.0
2026-07-16 02:43:00,79.53,79.54,79.49,79.49,16.0
2026-07-16 02:44:00,79.49,79.53,79.49,79.53,25.0
2026-07-16 02:45:00,79.56,79.61,79.48,79.49,39.0
2026-07-16 02:46:00,79.52,79.56,79.52,79.54,10.0
2026-07-16 02:47:00,79.56,79.56,79.55,79.55,4.0
2026-07-16 02:48:00,79.55,79.55,79.47,79.47,30.0
2026-07-16 02:49:00,79.49,79.49,79.31,79.33,92.0
2026-07-16 02:50:00,79.34,79.35,79.28,79.29,68.0
2026-07-16 02:51:00,79.28,79.33,79.26,79.31,42.0
2026-07-16 02:52:00,79.33,79.39,79.33,79.37,41.0
2026-07-16 02:53:00,79.37,79.43,79.36,79.39,9.0
2026-07-16 02:54:00,79.39,79.4,79.38,79.39,15.0
2026-07-16 02:55:00,79.38,79.4,79.36,79.4,20.0
2026-07-16 02:56:00,79.44,79.44,79.42,79.42,5.0
2026-07-16 02:57:00,79.43,79.43,79.39,79.39,9.0
2026-07-16 02:58:00,79.36,79.37,79.34,79.36,13.0
2026-07-16 02:59:00,79.37,79.44,79.37,79.41,44.0
2026-07-16 03:00:00,79.42,79.62,79.38,79.61,149.0
2026-07-16 03:01:00,79.6,79.6,79.52,79.55,100.0
2026-07-16 03:02:00,79.55,79.61,79.55,79.58,69.0
2026-07-16 03:03:00,79.6,79.6,79.54,79.54,21.0
2026-07-16 03:04:00,79.56,79.56,79.48,79.49,33.0
2026-07-16 03:05:00,79.48,79.53,79.43,79.43,32.0
2026-07-16 03:06:00,79.42,79.44,79.37,79.41,85.0
2026-07-16 03:07:00,79.42,79.51,79.42,79.49,55.0
2026-07-16 03:08:00,79.48,79.53,79.45,79.46,112.0
2026-07-16 03:09:00,79.46,79.5,79.44,79.47,14.0
2026-07-16 03:10:00,79.5,79.5,79.47,79.48,51.0
2026-07-16 03:11:00,79.49,79.49,79.4,79.42,18.0
2026-07-16 03:12:00,79.41,79.44,79.41,79.44,16.0
2026-07-16 03:13:00,79.45,79.45,79.26,79.28,90.0
2026-07-16 03:14:00,79.28,79.31,79.22,79.26,150.0
2026-07-16 03:15:00,79.27,79.33,79.27,79.32,45.0
2026-07-16 03:16:00,79.32,79.34,79.3,79.31,27.0
2026-07-16 03:17:00,79.35,79.36,79.27,79.27,32.0
2026-07-16 03:18:00,79.28,79.39,79.25,79.39,34.0
2026-07-16 03:19:00,79.39,79.43,79.36,79.38,31.0
2026-07-16 03:20:00,79.36,79.4,79.36,79.38,12.0
2026-07-16 03:21:00,79.39,79.4,79.35,79.4,19.0
2026-07-16 03:22:00,79.4,79.42,79.39,79.42,20.0
2026-07-16 03:23:00,79.42,79.47,79.41,79.44,21.0
2026-07-16 03:24:00,79.41,79.49,79.41,79.49,30.0
2026-07-16 03:25:00,79.49,79.52,79.49,79.5,24.0
2026-07-16 03:26:00,79.52,79.58,79.52,79.57,40.0
2026-07-16 03:27:00,79.57,79.69,79.57,79.68,98.0
2026-07-16 03:28:00,79.69,79.72,79.67,79.7,89.0
2026-07-16 03:29:00,79.7,79.74,79.7,79.7,70.0
2026-07-16 03:30:00,79.69,79.74,79.66,79.7,69.0
2026-07-16 03:31:00,79.69,79.72,79.69,79.69,30.0
2026-07-16 03:32:00,79.67,79.7,79.63,79.67,39.0
2026-07-16 03:33:00,79.66,79.69,79.63,79.68,24.0
2026-07-16 03:34:00,79.68,79.68,79.53,79.53,75.0
2026-07-16 03:35:00,79.53,79.59,79.52,79.59,40.0
2026-07-16 03:36:00,79.6,79.63,79.6,79.62,16.0
2026-07-16 03:37:00,79.6,79.62,79.59,79.62,8.0
2026-07-16 03:38:00,79.61,79.7,79.59,79.68,29.0
2026-07-16 03:39:00,79.68,79.71,79.68,79.71,20.0
2026-07-16 03:40:00,79.71,79.76,79.71,79.74,62.0
2026-07-16 03:41:00,79.75,79.77,79.72,79.75,50.0
2026-07-16 03:42:00,79.76,79.78,79.64,79.64,103.0
2026-07-16 03:43:00,79.64,79.69,79.62,79.63,27.0
2026-07-16 03:44:00,79.63,79.66,79.57,79.57,27.0
2026-07-16 03:45:00,79.57,79.59,79.5,79.52,40.0
2026-07-16 03:46:00,79.52,79.56,79.47,79.5,111.0
2026-07-16 03:47:00,79.47,79.53,79.46,79.53,64.0
2026-07-16 03:48:00,79.53,79.57,79.49,79.57,44.0
2026-07-16 03:49:00,79.58,79.6,79.54,79.6,52.0
2026-07-16 03:50:00,79.59,79.62,79.51,79.54,33.0
2026-07-16 03:51:00,79.48,79.54,79.48,79.51,26.0
2026-07-16 03:52:00,79.51,79.57,79.51,79.57,16.0
2026-07-16 03:53:00,79.55,79.57,79.49,79.52,60.0
2026-07-16 03:54:00,79.52,79.53,79.48,79.51,9.0
2026-07-16 03:55:00,79.52,79.54,79.49,79.53,87.0
2026-07-16 03:56:00,79.52,79.55,79.49,79.53,43.0
2026-07-16 03:57:00,79.53,79.55,79.5,79.55,49.0
2026-07-16 03:58:00,79.53,79.58,79.49,79.51,109.0
2026-07-16 03:59:00,79.5,79.56,79.5,79.54,24.0
2026-07-16 04:00:00,79.56,79.6,79.39,79.39,120.0
2026-07-16 04:01:00,79.39,79.42,79.27,79.36,158.0
2026-07-16 04:02:00,79.35,79.39,79.29,79.31,111.0
2026-07-16 04:03:00,79.32,79.4,79.3,79.4,58.0
2026-07-16 04:04:00,79.42,79.42,79.3,79.38,67.0
2026-07-16 04:05:00,79.38,79.42,79.37,79.42,82.0
2026-07-16 04:06:00,79.4,79.41,79.33,79.37,37.0
2026-07-16 04:07:00,79.38,79.44,79.38,79.4,49.0
2026-07-16 04:08:00,79.41,79.48,79.41,79.45,84.0
2026-07-16 04:09:00,79.45,79.57,79.44,79.52,51.0
2026-07-16 04:10:00,79.53,79.59,79.53,79.56,70.0
2026-07-16 04:11:00,79.56,79.61,79.54,79.6,56.0
2026-07-16 04:12:00,79.6,79.63,79.57,79.61,101.0
2026-07-16 04:13:00,79.59,79.6,79.42,79.45,102.0
2026-07-16 04:14:00,79.45,79.55,79.45,79.54,33.0
2026-07-16 04:15:00,79.53,79.56,79.53,79.53,14.0
2026-07-16 04:16:00,79.5,79.5,79.44,79.48,25.0
2026-07-16 04:17:00,79.44,79.52,79.44,79.46,16.0
2026-07-16 04:18:00,79.47,79.48,79.45,79.47,14.0
2026-07-16 04:19:00,79.47,79.5,79.47,79.5,7.0
2026-07-16 04:20:00,79.48,79.52,79.43,79.51,31.0
2026-07-16 04:21:00,79.53,79.53,79.43,79.43,23.0
2026-07-16 04:22:00,79.42,79.46,79.42,79.44,21.0
2026-07-16 04:23:00,79.43,79.53,79.42,79.53,21.0
2026-07-16 04:24:00,79.52,79.52,79.48,79.49,17.0
2026-07-16 04:25:00,79.48,79.49,79.4,79.43,34.0
2026-07-16 04:26:00,79.43,79.48,79.41,79.47,66.0
2026-07-16 04:27:00,79.46,79.5,79.42,79.49,59.0
2026-07-16 04:28:00,79.47,79.5,79.4,79.43,114.0
2026-07-16 04:29:00,79.45,79.55,79.41,79.42,278.0
2026-07-16 04:30:00,79.42,79.48,79.33,79.47,178.0
2026-07-16 04:31:00,79.46,79.5,79.4,79.46,47.0
2026-07-16 04:32:00,79.48,79.62,79.47,79.6,144.0
2026-07-16 04:33:00,79.59,79.59,79.53,79.57,45.0
2026-07-16 04:34:00,79.58,79.59,79.52,79.58,37.0
2026-07-16 04:35:00,79.58,79.65,79.47,79.47,63.0
2026-07-16 04:36:00,79.49,79.52,79.41,79.46,35.0
2026-07-16 04:37:00,79.44,79.66,79.42,79.6,113.0
2026-07-16 04:38:00,79.61,79.64,79.56,79.63,53.0
2026-07-16 04:39:00,79.63,79.67,79.6,79.64,77.0
2026-07-16 04:40:00,79.64,79.64,79.59,79.59,17.0
2026-07-16 04:41:00,79.58,79.58,79.52,79.55,33.0
2026-07-16 04:42:00,79.57,79.58,79.54,79.58,12.0
2026-07-16 04:43:00,79.57,79.58,79.53,79.55,19.0
2026-07-16 04:44:00,79.54,79.58,79.54,79.58,26.0
2026-07-16 04:45:00,79.59,79.59,79.56,79.56,14.0
2026-07-16 04:46:00,79.56,79.56,79.54,79.54,15.0
2026-07-16 04:47:00,79.54,79.56,79.52,79.54,19.0
2026-07-16 04:48:00,79.54,79.55,79.46,79.46,36.0
2026-07-16 04:49:00,79.47,79.47,79.38,79.41,76.0
2026-07-16 04:50:00,79.4,79.47,79.4,79.45,65.0
2026-07-16 04:51:00,79.46,79.5,79.46,79.47,32.0
2026-07-16 04:52:00,79.49,79.57,79.49,79.54,28.0
2026-07-16 04:53:00,79.55,79.58,79.55,79.56,18.0
2026-07-16 04:54:00,79.56,79.61,79.54,79.59,68.0
2026-07-16 04:55:00,79.58,79.58,79.54,79.54,28.0
2026-07-16 04:56:00,79.55,79.56,79.51,79.56,17.0
2026-07-16 04:57:00,79.55,79.55,79.46,79.48,29.0
2026-07-16 04:58:00,79.48,79.48,79.3,79.3,113.0
2026-07-16 04:59:00,79.3,79.34,79.28,79.31,121.0
2026-07-16 05:00:00,79.31,79.31,79.2,79.22,115.0
2026-07-16 05:01:00,79.22,79.32,79.22,79.31,65.0
2026-07-16 05:02:00,79.3,79.33,79.21,79.23,52.0
2026-07-16 05:03:00,79.23,79.25,79.18,79.19,75.0
2026-07-16 05:04:00,79.2,79.2,79.09,79.16,167.0
2026-07-16 05:05:00,79.15,79.18,79.02,79.05,239.0
2026-07-16 05:06:00,79.05,79.12,79.01,79.02,215.0
2026-07-16 05:07:00,79.02,79.07,78.98,79.02,201.0
2026-07-16 05:08:00,79.01,79.1,79.01,79.07,73.0
2026-07-16 05:09:00,79.1,79.17,79.1,79.14,65.0
2026-07-16 05:10:00,79.17,79.22,79.08,79.13,38.0
2026-07-16 05:11:00,79.14,79.14,79.01,79.03,49.0
2026-07-16 05:12:00,79.03,79.03,78.91,78.96,166.0
2026-07-16 05:13:00,78.97,78.98,78.91,78.91,66.0
2026-07-16 05:14:00,78.92,78.96,78.91,78.95,48.0
2026-07-16 05:15:00,78.96,79.0,78.95,78.99,36.0
2026-07-16 05:16:00,79.01,79.1,79.01,79.1,62.0
2026-07-16 05:17:00,79.1,79.13,79.08,79.1,36.0
2026-07-16 05:18:00,79.11,79.19,79.11,79.18,40.0
2026-07-16 05:19:00,79.17,79.25,79.15,79.25,65.0
2026-07-16 05:20:00,79.26,79.35,79.24,79.35,77.0
2026-07-16 05:21:00,79.34,79.4,79.31,79.4,98.0
2026-07-16 05:22:00,79.38,79.38,79.35,79.36,54.0
2026-07-16 05:23:00,79.37,79.37,79.25,79.25,70.0
2026-07-16 05:24:00,79.25,79.32,79.25,79.32,34.0
2026-07-16 05:25:00,79.32,79.32,79.25,79.25,70.0
2026-07-16 05:26:00,79.25,79.25,79.12,79.17,377.0
2026-07-16 05:27:00,79.18,79.21,79.14,79.14,128.0
2026-07-16 05:28:00,79.14,79.14,79.08,79.08,63.0
2026-07-16 05:29:00,79.08,79.1,79.07,79.08,23.0
2026-07-16 05:30:00,79.09,79.16,79.02,79.06,83.0
2026-07-16 05:31:00,79.05,79.08,79.04,79.08,29.0
2026-07-16 05:32:00,79.09,79.15,79.09,79.11,23.0
2026-07-16 05:33:00,79.15,79.22,79.15,79.21,18.0
2026-07-16 05:34:00,79.21,79.32,79.2,79.29,112.0
2026-07-16 05:35:00,79.28,79.32,79.25,79.3,62.0
2026-07-16 05:36:00,79.31,79.44,79.3,79.41,229.0
2026-07-16 05:37:00,79.41,79.44,79.36,79.38,69.0
2026-07-16 05:38:00,79.38,79.43,79.37,79.4,89.0
2026-07-16 05:39:00,79.4,79.49,79.4,79.46,133.0
2026-07-16 05:40:00,79.46,79.5,79.42,79.42,102.0
2026-07-16 05:41:00,79.42,79.53,79.41,79.53,71.0
2026-07-16 05:42:00,79.52,79.59,79.5,79.55,86.0
2026-07-16 05:43:00,79.54,79.56,79.47,79.49,65.0
2026-07-16 05:44:00,79.49,79.59,79.49,79.54,102.0
2026-07-16 05:45:00,79.52,79.63,79.52,79.61,208.0
2026-07-16 05:46:00,79.6,79.64,79.58,79.61,89.0
2026-07-16 05:47:00,79.61,79.65,79.6,79.64,100.0
2026-07-16 05:48:00,79.63,79.66,79.57,79.57,69.0
2026-07-16 05:49:00,79.57,79.62,79.57,79.61,69.0
2026-07-16 05:50:00,79.6,79.6,79.54,79.55,86.0
2026-07-16 05:51:00,79.56,79.56,79.52,79.56,65.0
2026-07-16 05:52:00,79.56,79.56,79.44,79.44,90.0
2026-07-16 05:53:00,79.44,79.54,79.42,79.54,73.0
2026-07-16 05:54:00,79.55,79.55,79.45,79.47,30.0
2026-07-16 05:55:00,79.44,79.5,79.44,79.49,39.0
2026-07-16 05:56:00,79.49,79.49,79.46,79.48,15.0
2026-07-16 05:57:00,79.5,79.52,79.5,79.51,20.0
2026-07-16 05:58:00,79.51,79.52,79.45,79.52,103.0
2026-07-16 05:59:00,79.52,79.55,79.48,79.55,90.0
2026-07-16 06:00:00,79.56,79.6,79.47,79.5,91.0
2026-07-16 06:01:00,79.51,79.51,79.42,79.46,21.0
2026-07-16 06:02:00,79.46,79.49,79.4,79.41,31.0
2026-07-16 06:03:00,79.41,79.46,79.41,79.43,33.0
2026-07-16 06:04:00,79.44,79.46,79.44,79.44,13.0
2026-07-16 06:05:00,79.45,79.59,79.45,79.57,70.0
2026-07-16 06:06:00,79.56,79.6,79.56,79.56,26.0
2026-07-16 06:07:00,79.57,79.58,79.54,79.58,36.0
2026-07-16 06:08:00,79.58,79.58,79.53,79.55,32.0
2026-07-16 06:09:00,79.54,79.54,79.5,79.53,30.0
2026-07-16 06:10:00,79.54,79.55,79.5,79.5,25.0
2026-07-16 06:11:00,79.5,79.54,79.48,79.54,34.0
2026-07-16 06:12:00,79.52,79.53,79.47,79.53,36.0
2026-07-16 06:13:00,79.51,79.54,79.5,79.54,13.0
2026-07-16 06:14:00,79.53,79.58,79.53,79.56,47.0
2026-07-16 06:15:00,79.56,79.61,79.55,79.56,29.0
2026-07-16 06:16:00,79.56,79.56,79.53,79.54,12.0
2026-07-16 06:17:00,79.53,79.54,79.5,79.51,32.0
2026-07-16 06:18:00,79.51,79.53,79.42,79.45,23.0
2026-07-16 06:19:00,79.45,79.48,79.45,79.47,22.0
2026-07-16 06:20:00,79.47,79.6,79.47,79.58,76.0
2026-07-16 06:21:00,79.57,79.59,79.55,79.56,16.0
2026-07-16 06:22:00,79.56,79.59,79.55,79.59,27.0
2026-07-16 06:23:00,79.58,79.58,79.58,79.58,3.0
2026-07-16 06:24:00,79.57,79.57,79.55,79.57,23.0
2026-07-16 06:25:00,79.56,79.56,79.52,79.52,19.0
2026-07-16 06:26:00,79.52,79.58,79.52,79.56,30.0
2026-07-16 06:27:00,79.57,79.6,79.57,79.59,15.0
2026-07-16 06:28:00,79.57,79.58,79.56,79.58,9.0
2026-07-16 06:29:00,79.58,79.59,79.54,79.58,82.0
2026-07-16 06:30:00,79.59,79.63,79.58,79.6,84.0
2026-07-16 06:31:00,79.59,79.62,79.59,79.62,19.0
2026-07-16 06:32:00,79.63,79.69,79.63,79.66,60.0
2026-07-16 06:33:00,79.67,79.68,79.65,79.65,36.0
2026-07-16 06:34:00,79.65,79.65,79.61,79.61,13.0
2026-07-16 06:35:00,79.61,79.65,79.6,79.6,25.0
2026-07-16 06:36:00,79.6,79.61,79.57,79.57,24.0
2026-07-16 06:37:00,79.56,79.57,79.54,79.55,26.0
2026-07-16 06:38:00,79.57,79.59,79.57,79.59,5.0
2026-07-16 06:39:00,79.59,79.62,79.59,79.6,12.0
2026-07-16 06:40:00,79.6,79.6,79.55,79.55,7.0
2026-07-16 06:41:00,79.59,79.59,79.56,79.56,6.0
2026-07-16 06:42:00,79.59,79.65,79.58,79.6,52.0
2026-07-16 06:43:00,79.59,79.6,79.59,79.6,8.0
2026-07-16 06:44:00,79.59,79.6,79.58,79.6,9.0
2026-07-16 06:45:00,79.59,79.59,79.56,79.57,6.0
2026-07-16 06:46:00,79.6,79.61,79.44,79.48,225.0
2026-07-16 06:47:00,79.49,79.52,79.47,79.47,17.0
2026-07-16 06:48:00,79.47,79.49,79.46,79.49,27.0
2026-07-16 06:49:00,79.5,79.57,79.5,79.56,71.0
2026-07-16 06:50:00,79.58,79.62,79.58,79.6,31.0
2026-07-16 06:51:00,79.59,79.64,79.59,79.64,21.0
2026-07-16 06:52:00,79.64,79.65,79.63,79.64,28.0
2026-07-16 06:53:00,79.64,79.64,79.61,79.63,16.0
2026-07-16 06:54:00,79.63,79.63,79.46,79.53,256.0
2026-07-16 06:55:00,79.56,79.63,79.56,79.63,95.0
2026-07-16 06:56:00,79.62,79.66,79.62,79.65,49.0
2026-07-16 06:57:00,79.66,79.66,79.62,79.65,40.0
2026-07-16 06:58:00,79.65,79.69,79.63,79.65,78.0
2026-07-16 06:59:00,79.66,79.66,79.62,79.62,12.0
2026-07-16 07:00:00,79.63,79.63,79.5,79.55,82.0
2026-07-16 07:01:00,79.57,79.57,79.5,79.55,32.0
2026-07-16 07:02:00,79.53,79.56,79.51,79.55,31.0
2026-07-16 07:03:00,79.57,79.57,79.49,79.5,24.0
2026-07-16 07:04:00,79.5,79.54,79.5,79.54,19.0
2026-07-16 07:05:00,79.53,79.54,79.51,79.51,10.0
2026-07-16 07:06:00,79.47,79.49,79.38,79.4,86.0
2026-07-16 07:07:00,79.4,79.46,79.4,79.45,28.0
2026-07-16 07:08:00,79.44,79.44,79.39,79.39,42.0
2026-07-16 07:09:00,79.39,79.4,79.34,79.35,92.0
2026-07-16 07:10:00,79.37,79.47,79.37,79.47,116.0
2026-07-16 07:11:00,79.46,79.47,79.45,79.47,11.0
2026-07-16 07:12:00,79.46,79.49,79.46,79.47,14.0
2026-07-16 07:13:00,79.47,79.5,79.47,79.48,11.0
2026-07-16 07:14:00,79.48,79.5,79.47,79.49,12.0
2026-07-16 07:15:00,79.5,79.52,79.49,79.52,10.0
2026-07-16 07:16:00,79.54,79.58,79.53,79.54,20.0
2026-07-16 07:17:00,79.53,79.53,79.41,79.42,46.0
2026-07-16 07:18:00,79.41,79.47,79.41,79.46,81.0
2026-07-16 07:19:00,79.45,79.46,79.39,79.4,72.0
2026-07-16 07:20:00,79.41,79.48,79.41,79.47,79.0
2026-07-16 07:21:00,79.47,79.47,79.43,79.47,20.0
2026-07-16 07:22:00,79.46,79.47,79.38,79.39,110.0
2026-07-16 07:23:00,79.4,79.4,79.34,79.36,33.0
2026-07-16 07:24:00,79.37,79.4,79.36,79.37,36.0
2026-07-16 07:25:00,79.37,79.41,79.37,79.39,21.0
2026-07-16 07:26:00,79.4,79.4,79.33,79.38,52.0
2026-07-16 07:27:00,79.36,79.4,79.34,79.37,26.0
2026-07-16 07:28:00,79.36,79.42,79.34,79.42,19.0
2026-07-16 07:29:00,79.45,79.45,79.35,79.39,58.0
2026-07-16 07:30:00,79.37,79.48,79.36,79.48,70.0
2026-07-16 07:31:00,79.47,79.49,79.41,79.41,38.0
2026-07-16 07:32:00,79.42,79.48,79.42,79.44,24.0
2026-07-16 07:33:00,79.45,79.45,79.39,79.42,48.0
2026-07-16 07:34:00,79.42,79.43,79.39,79.4,58.0
2026-07-16 07:35:00,79.4,79.42,79.39,79.42,39.0
2026-07-16 07:36:00,79.42,79.46,79.39,79.46,28.0
2026-07-16 07:37:00,79.46,79.49,79.46,79.49,51.0
2026-07-16 07:38:00,79.5,79.55,79.5,79.55,65.0
2026-07-16 07:39:00,79.54,79.55,79.42,79.44,86.0
2026-07-16 07:40:00,79.47,79.5,79.44,79.49,39.0
2026-07-16 07:41:00,79.5,79.52,79.42,79.46,61.0
2026-07-16 07:42:00,79.46,79.49,79.45,79.49,21.0
2026-07-16 07:43:00,79.49,79.52,79.47,79.47,40.0
2026-07-16 07:44:00,79.48,79.48,79.45,79.46,10.0
2026-07-16 07:45:00,79.46,79.46,79.41,79.42,31.0
2026-07-16 07:46:00,79.41,79.43,79.37,79.39,43.0
2026-07-16 07:47:00,79.41,79.44,79.41,79.42,20.0
2026-07-16 07:48:00,79.42,79.43,79.36,79.36,30.0
2026-07-16 07:49:00,79.36,80.1,79.35,80.05,757.0
2026-07-16 07:50:00,79.97,80.02,79.77,79.94,790.0
2026-07-16 07:51:00,79.93,79.97,79.68,79.7,515.0
2026-07-16 07:52:00,79.67,79.99,79.67,79.87,510.0
2026-07-16 07:53:00,79.88,79.89,79.74,79.74,124.0
2026-07-16 07:54:00,79.74,79.87,79.74,79.84,125.0
2026-07-16 07:55:00,79.82,79.85,79.8,79.8,52.0
2026-07-16 07:56:00,79.8,79.95,79.79,79.86,201.0
2026-07-16 07:57:00,79.85,79.9,79.83,79.87,113.0
2026-07-16 07:58:00,79.87,79.92,79.77,79.77,204.0
2026-07-16 07:59:00,79.78,79.8,79.65,79.68,384.0
2026-07-16 08:00:00,79.66,79.81,79.63,79.75,171.0
2026-07-16 08:01:00,79.74,79.81,79.73,79.8,81.0
2026-07-16 08:02:00,79.82,79.87,79.81,79.86,111.0
2026-07-16 08:03:00,79.86,79.88,79.83,79.83,68.0
2026-07-16 08:04:00,79.84,79.96,79.84,79.94,307.0
2026-07-16 08:05:00,79.96,79.99,79.94,79.98,150.0
2026-07-16 08:06:00,79.99,80.01,79.95,79.95,147.0
2026-07-16 08:07:00,79.95,80.03,79.95,79.98,115.0
2026-07-16 08:08:00,79.99,80.07,79.97,80.03,149.0
2026-07-16 08:09:00,80.03,80.06,79.98,80.01,61.0
2026-07-16 08:10:00,80.01,80.07,80.0,80.04,85.0
2026-07-16 08:11:00,80.04,80.14,80.02,80.13,127.0
2026-07-16 08:12:00,80.13,80.19,80.1,80.17,130.0
2026-07-16 08:13:00,80.16,80.19,80.15,80.15,97.0
2026-07-16 08:14:00,80.15,80.15,80.07,80.1,137.0
2026-07-16 08:15:00,80.11,80.21,80.11,80.15,300.0
2026-07-16 08:16:00,80.17,80.22,80.17,80.17,73.0
2026-07-16 08:17:00,80.16,80.27,80.16,80.25,258.0
2026-07-16 08:18:00,80.25,80.27,80.21,80.21,119.0
2026-07-16 08:19:00,80.21,80.27,80.17,80.18,115.0
2026-07-16 08:20:00,80.19,80.23,80.19,80.22,54.0
2026-07-16 08:21:00,80.2,80.43,80.16,80.28,864.0
2026-07-16 08:22:00,80.28,80.33,80.25,80.29,111.0
2026-07-16 08:23:00,80.27,80.34,80.27,80.31,77.0
2026-07-16 08:24:00,80.33,80.43,80.33,80.37,175.0
2026-07-16 08:25:00,80.38,80.73,80.37,80.71,863.0
2026-07-16 08:26:00,80.7,80.71,80.59,80.63,413.0
2026-07-16 08:27:00,80.65,80.72,80.56,80.56,235.0
2026-07-16 08:28:00,80.55,80.59,80.49,80.52,221.0
2026-07-16 08:29:00,80.5,80.53,80.43,80.44,195.0
2026-07-16 08:30:00,80.45,80.47,80.31,80.41,228.0
2026-07-16 08:31:00,80.43,80.46,80.37,80.46,177.0
2026-07-16 08:32:00,80.47,80.6,80.45,80.57,424.0
2026-07-16 08:33:00,80.57,80.6,80.53,80.55,195.0
2026-07-16 08:34:00,80.55,80.55,80.42,80.5,105.0
2026-07-16 08:35:00,80.52,80.64,80.5,80.64,173.0
2026-07-16 08:36:00,80.63,80.64,80.5,80.54,199.0
2026-07-16 08:37:00,80.56,80.64,80.53,80.58,285.0
2026-07-16 08:38:00,80.6,80.6,80.54,80.58,84.0
2026-07-16 08:39:00,80.56,80.65,80.55,80.64,121.0
2026-07-16 08:40:00,80.64,80.64,80.53,80.6,89.0
2026-07-16 08:41:00,80.6,80.64,80.59,80.6,89.0
2026-07-16 08:42:00,80.61,80.65,80.59,80.6,124.0
2026-07-16 08:43:00,80.6,80.67,80.6,80.66,66.0
2026-07-16 08:44:00,80.66,80.7,80.6,80.67,139.0
2026-07-16 08:45:00,80.68,80.68,80.56,80.57,109.0
2026-07-16 08:46:00,80.58,80.59,80.41,80.42,158.0
2026-07-16 08:47:00,80.42,80.44,80.36,80.37,147.0
2026-07-16 08:48:00,80.37,80.39,80.28,80.33,172.0
2026-07-16 08:49:00,80.33,80.45,80.33,80.41,145.0
2026-07-16 08:50:00,80.42,80.48,80.4,80.44,117.0
2026-07-16 08:51:00,80.44,80.55,80.43,80.54,117.0
2026-07-16 08:52:00,80.54,80.56,80.51,80.51,103.0
2026-07-16 08:53:00,80.52,80.54,80.42,80.42,156.0
2026-07-16 08:54:00,80.41,80.54,80.41,80.51,102.0
2026-07-16 08:55:00,80.51,80.57,80.5,80.53,89.0
2026-07-16 08:56:00,80.51,80.58,80.51,80.55,91.0
2026-07-16 08:57:00,80.56,80.56,80.53,80.54,18.0
2026-07-16 08:58:00,80.53,80.63,80.52,80.56,234.0
2026-07-16 08:59:00,80.56,80.57,80.48,80.5,116.0
2026-07-16 09:00:00,80.5,80.76,80.42,80.67,647.0
2026-07-16 09:01:00,80.69,80.74,80.65,80.74,195.0
2026-07-16 09:02:00,80.73,80.87,80.68,80.87,201.0
2026-07-16 09:03:00,80.85,80.86,80.71,80.78,264.0
2026-07-16 09:04:00,80.78,80.79,80.68,80.71,155.0
2026-07-16 09:05:00,80.68,80.7,80.37,80.45,522.0
2026-07-16 09:06:00,80.44,80.5,80.4,80.47,242.0
2026-07-16 09:07:00,80.48,80.54,80.4,80.4,285.0
2026-07-16 09:08:00,80.4,80.47,80.36,80.47,209.0
2026-07-16 09:09:00,80.47,80.49,80.43,80.46,78.0
2026-07-16 09:10:00,80.47,80.52,80.42,80.45,105.0
2026-07-16 09:11:00,80.46,80.53,80.45,80.53,80.0
2026-07-16 09:12:00,80.52,80.52,80.37,80.43,111.0
2026-07-16 09:13:00,80.42,80.45,80.33,80.34,155.0
2026-07-16 09:14:00,80.34,80.41,80.32,80.37,123.0
2026-07-16 09:15:00,80.34,80.42,80.33,80.36,206.0
2026-07-16 09:16:00,80.36,80.47,80.34,80.47,79.0
2026-07-16 09:17:00,80.47,80.48,80.44,80.46,57.0
2026-07-16 09:18:00,80.46,80.55,80.45,80.53,298.0
2026-07-16 09:19:00,80.54,80.55,80.43,80.46,70.0
2026-07-16 09:20:00,80.48,80.51,80.46,80.48,22.0
2026-07-16 09:21:00,80.49,80.52,80.38,80.38,80.0
2026-07-16 09:22:00,80.38,80.44,80.38,80.42,83.0
2026-07-16 09:23:00,80.41,80.42,80.36,80.4,115.0
2026-07-16 09:24:00,80.41,80.45,80.35,80.37,163.0
2026-07-16 09:25:00,80.37,80.39,80.31,80.37,77.0
2026-07-16 09:26:00,80.36,80.36,80.2,80.2,379.0
2026-07-16 09:27:00,80.23,80.27,80.17,80.24,141.0
2026-07-16 09:28:00,80.24,80.26,80.16,80.17,119.0
2026-07-16 09:29:00,80.17,80.18,80.12,80.15,218.0
2026-07-16 09:30:00,80.15,80.16,80.03,80.04,231.0
2026-07-16 09:31:00,80.06,80.06,79.94,79.94,216.0
2026-07-16 09:32:00,79.94,80.11,79.94,80.1,226.0
2026-07-16 09:33:00,80.1,80.26,80.1,80.22,319.0
2026-07-16 09:34:00,80.22,80.31,80.22,80.3,155.0
2026-07-16 09:35:00,80.29,80.32,80.25,80.3,135.0
2026-07-16 09:36:00,80.28,80.36,80.18,80.18,155.0
2026-07-16 09:37:00,80.18,80.2,80.09,80.17,191.0
2026-07-16 09:38:00,80.16,80.18,80.11,80.11,132.0
2026-07-16 09:39:00,80.12,80.15,80.07,80.12,98.0
2026-07-16 09:40:00,80.1,80.11,79.98,80.04,186.0
2026-07-16 09:41:00,80.04,80.13,80.0,80.07,152.0
2026-07-16 09:42:00,80.07,80.07,79.93,79.97,219.0
2026-07-16 09:43:00,79.98,80.0,79.9,79.91,159.0
2026-07-16 09:44:00,79.9,80.02,79.87,80.0,119.0
2026-07-16 09:45:00,80.0,80.1,80.0,80.06,121.0
2026-07-16 09:46:00,80.04,80.1,80.04,80.09,59.0
2026-07-16 09:47:00,80.06,80.1,80.06,80.06,81.0
2026-07-16 09:48:00,80.07,80.08,79.94,79.95,92.0
2026-07-16 09:49:00,79.96,79.98,79.87,79.93,106.0
2026-07-16 09:50:00,79.92,80.03,79.89,80.03,115.0
2026-07-16 09:51:00,80.03,80.04,79.96,80.04,139.0
2026-07-16 09:52:00,80.03,80.06,79.98,79.99,95.0
2026-07-16 09:53:00,79.97,80.0,79.96,79.98,24.0
2026-07-16 09:54:00,79.99,79.99,79.94,79.97,43.0
2026-07-16 09:55:00,79.96,79.96,79.89,79.92,124.0
2026-07-16 09:56:00,79.92,80.02,79.9,79.98,94.0
2026-07-16 09:57:00,79.99,80.03,79.97,79.99,95.0
2026-07-16 09:58:00,79.99,80.05,79.96,80.05,170.0
2026-07-16 09:59:00,80.05,80.12,80.05,80.07,153.0
2026-07-16 10:00:00,80.09,80.09,79.99,80.0,144.0
2026-07-16 10:01:00,80.0,80.02,79.92,79.96,109.0
2026-07-16 10:02:00,79.96,79.98,79.89,79.89,121.0
2026-07-16 10:03:00,79.89,79.91,79.8,79.8,167.0
2026-07-16 10:04:00,79.79,79.83,79.71,79.71,269.0
2026-07-16 10:05:00,79.71,79.77,79.68,79.72,203.0
2026-07-16 10:06:00,79.72,79.77,79.7,79.74,93.0
2026-07-16 10:07:00,79.74,79.8,79.69,79.74,126.0
2026-07-16 10:08:00,79.73,79.82,79.73,79.8,80.0
2026-07-16 10:09:00,79.81,79.92,79.81,79.88,138.0
2026-07-16 10:10:00,79.88,79.96,79.88,79.94,96.0
2026-07-16 10:11:00,79.96,79.96,79.87,79.87,60.0
2026-07-16 10:12:00,79.87,79.98,79.87,79.97,103.0
2026-07-16 10:13:00,79.99,79.99,79.91,79.98,73.0
2026-07-16 10:14:00,79.97,79.99,79.94,79.94,87.0
2026-07-16 10:15:00,79.97,80.05,79.97,80.02,76.0
2026-07-16 10:16:00,80.01,80.05,79.98,80.02,82.0
2026-07-16 10:17:00,80.01,80.02,79.9,79.91,59.0
2026-07-16 10:18:00,79.9,79.95,79.88,79.9,98.0
2026-07-16 10:19:00,79.9,79.95,79.9,79.92,20.0
2026-07-16 10:20:00,79.91,80.0,79.9,79.98,59.0
2026-07-16 10:21:00,80.0,80.04,79.98,80.01,45.0
2026-07-16 10:22:00,80.02,80.1,80.02,80.1,159.0
2026-07-16 10:23:00,80.09,80.31,80.09,80.26,476.0
2026-07-16 10:24:00,80.26,80.26,80.18,80.19,123.0
2026-07-16 10:25:00,80.19,80.23,80.16,80.16,80.0
2026-07-16 10:26:00,80.17,80.2,80.15,80.16,87.0
2026-07-16 10:27:00,80.16,80.22,80.09,80.12,153.0
2026-07-16 10:28:00,80.11,80.14,80.06,80.06,85.0
2026-07-16 10:29:00,80.05,80.07,79.99,80.04,89.0
2026-07-16 10:30:00,80.05,80.07,80.0,80.01,69.0
2026-07-16 10:31:00,80.01,80.01,79.95,79.97,56.0
2026-07-16 10:32:00,79.97,80.04,79.96,79.99,93.0
2026-07-16 10:33:00,80.0,80.05,79.98,79.99,99.0
2026-07-16 10:34:00,80.0,80.04,79.98,80.04,72.0
2026-07-16 10:35:00,80.04,80.04,79.98,79.98,73.0
2026-07-16 10:36:00,79.97,79.98,79.92,79.96,122.0
2026-07-16 10:37:00,79.97,80.02,79.84,79.94,498.0
2026-07-16 10:38:00,79.93,79.96,79.9,79.94,81.0
2026-07-16 10:39:00,79.94,79.94,79.87,79.88,69.0
2026-07-16 10:40:00,79.89,79.89,79.78,79.84,161.0
2026-07-16 10:41:00,79.83,79.95,79.83,79.95,113.0
2026-07-16 10:42:00,79.94,79.94,79.88,79.91,98.0
2026-07-16 10:43:00,79.91,79.98,79.88,79.92,152.0
2026-07-16 10:44:00,79.93,79.94,79.78,79.79,97.0
2026-07-16 10:45:00,79.8,79.82,79.76,79.82,154.0
2026-07-16 10:46:00,79.82,79.87,79.79,79.85,44.0
2026-07-16 10:47:00,79.87,79.87,79.75,79.75,77.0
2026-07-16 10:48:00,79.74,79.74,79.62,79.68,255.0
2026-07-16 10:49:00,79.68,79.74,79.66,79.72,87.0
2026-07-16 10:50:00,79.71,79.8,79.68,79.75,82.0
2026-07-16 10:51:00,79.75,79.75,79.65,79.68,82.0
2026-07-16 10:52:00,79.69,79.72,79.67,79.7,35.0
2026-07-16 10:53:00,79.67,79.7,79.66,79.7,57.0
2026-07-16 10:54:00,79.71,79.72,79.62,79.63,220.0
2026-07-16 10:55:00,79.63,79.64,79.46,79.46,275.0
2026-07-16 10:56:00,79.47,79.57,79.44,79.57,154.0
2026-07-16 10:57:00,79.56,79.62,79.56,79.6,145.0
2026-07-16 10:58:00,79.6,79.64,79.55,79.62,72.0
2026-07-16 10:59:00,79.63,79.72,79.57,79.58,564.0
2026-07-16 11:00:00,79.58,79.69,79.57,79.66,138.0
2026-07-16 11:01:00,79.64,79.66,79.5,79.53,181.0
2026-07-16 11:02:00,79.54,79.6,79.47,79.58,144.0
2026-07-16 11:03:00,79.58,79.64,79.56,79.63,39.0
2026-07-16 11:04:00,79.62,79.74,79.62,79.73,149.0
2026-07-16 11:05:00,79.73,79.76,79.69,79.75,60.0
2026-07-16 11:06:00,79.75,79.77,79.71,79.75,107.0
2026-07-16 11:07:00,79.73,79.75,79.68,79.68,70.0
2026-07-16 11:08:00,79.67,79.7,79.58,79.58,99.0
2026-07-16 11:09:00,79.59,79.6,79.54,79.58,79.0
2026-07-16 11:10:00,79.58,79.7,79.58,79.66,55.0
2026-07-16 11:11:00,79.69,79.69,79.58,79.63,187.0
2026-07-16 11:12:00,79.65,79.67,79.6,79.67,116.0
2026-07-16 11:13:00,79.67,79.71,79.65,79.66,77.0
2026-07-16 11:14:00,79.66,79.69,79.65,79.69,77.0
2026-07-16 11:15:00,79.68,79.69,79.63,79.67,116.0
2026-07-16 11:16:00,79.67,79.7,79.65,79.67,51.0
2026-07-16 11:17:00,79.68,79.72,79.61,79.67,71.0
2026-07-16 11:18:00,79.67,79.67,79.61,79.65,26.0
2026-07-16 11:19:00,79.64,79.67,79.61,79.62,44.0
2026-07-16 11:20:00,79.63,79.63,79.52,79.53,176.0
2026-07-16 11:21:00,79.54,79.54,79.31,79.41,499.0
2026-07-16 11:22:00,79.4,79.51,79.4,79.51,217.0
2026-07-16 11:23:00,79.5,79.55,79.45,79.47,95.0
2026-07-16 11:24:00,79.47,79.48,79.43,79.46,71.0
2026-07-16 11:25:00,79.46,79.47,79.35,79.39,132.0
2026-07-16 11:26:00,79.38,79.42,79.3,79.39,190.0
2026-07-16 11:27:00,79.39,79.42,79.33,79.38,132.0
2026-07-16 11:28:00,79.38,79.45,79.32,79.45,192.0
2026-07-16 11:29:00,79.44,79.54,79.36,79.52,389.0
2026-07-16 11:30:00,79.52,79.67,79.52,79.57,310.0
2026-07-16 11:31:00,79.56,79.61,79.49,79.57,103.0
2026-07-16 11:32:00,79.57,79.6,79.49,79.51,94.0
2026-07-16 11:33:00,79.52,79.57,79.5,79.52,62.0
2026-07-16 11:34:00,79.5,79.5,79.4,79.42,129.0
2026-07-16 11:35:00,79.43,79.45,79.35,79.36,185.0
2026-07-16 11:36:00,79.37,79.43,79.37,79.4,73.0
2026-07-16 11:37:00,79.4,79.41,79.32,79.38,113.0
2026-07-16 11:38:00,79.39,79.4,79.34,79.38,44.0
2026-07-16 11:39:00,79.38,79.38,79.3,79.3,88.0
2026-07-16 11:40:00,79.3,79.33,79.25,79.32,169.0
2026-07-16 11:41:00,79.32,79.32,79.21,79.22,185.0
2026-07-16 11:42:00,79.22,79.27,79.17,79.25,204.0
2026-07-16 11:43:00,79.25,79.25,79.18,79.22,170.0
2026-07-16 11:44:00,79.23,79.33,79.22,79.33,45.0
2026-07-16 11:45:00,79.34,79.44,79.32,79.43,241.0
2026-07-16 11:46:00,79.43,79.43,79.34,79.4,147.0
2026-07-16 11:47:00,79.38,79.42,79.36,79.4,75.0
2026-07-16 11:48:00,79.4,79.41,79.32,79.36,60.0
2026-07-16 11:49:00,79.36,79.38,79.32,79.33,47.0
2026-07-16 11:50:00,79.35,79.43,79.34,79.39,77.0
2026-07-16 11:51:00,79.41,79.45,79.37,79.39,86.0
2026-07-16 11:52:00,79.39,79.4,79.36,79.36,72.0
2026-07-16 11:53:00,79.37,79.42,79.36,79.38,48.0
2026-07-16 11:54:00,79.4,79.4,79.33,79.37,217.0
2026-07-16 11:55:00,79.38,79.39,79.34,79.36,39.0
2026-07-16 11:56:00,79.36,79.36,79.33,79.33,47.0
2026-07-16 11:57:00,79.33,79.35,79.31,79.34,65.0
2026-07-16 11:58:00,79.35,79.38,79.33,79.36,111.0
2026-07-16 11:59:00,79.37,79.38,79.34,79.35,56.0
2026-07-16 12:00:00,79.35,79.38,79.32,79.37,191.0
2026-07-16 12:01:00,79.37,79.38,79.32,79.34,81.0
2026-07-16 12:02:00,79.34,79.43,79.34,79.42,42.0
2026-07-16 12:03:00,79.4,79.46,79.39,79.44,66.0
2026-07-16 12:04:00,79.46,79.6,79.45,79.56,270.0
2026-07-16 12:05:00,79.57,79.63,79.56,79.62,107.0
2026-07-16 12:06:00,79.61,79.66,79.6,79.64,90.0
2026-07-16 12:07:00,79.65,79.71,79.6,79.66,112.0
2026-07-16 12:08:00,79.65,79.65,79.54,79.56,141.0
2026-07-16 12:09:00,79.57,79.6,79.5,79.53,148.0
2026-07-16 12:10:00,79.54,79.58,79.51,79.58,76.0
2026-07-16 12:11:00,79.57,79.6,79.57,79.57,69.0
2026-07-16 12:12:00,79.58,79.58,79.42,79.46,159.0
2026-07-16 12:13:00,79.48,79.48,79.31,79.35,222.0
2026-07-16 12:14:00,79.35,79.42,79.35,79.42,87.0
2026-07-16 12:15:00,79.43,79.45,79.36,79.36,103.0
2026-07-16 12:16:00,79.35,79.37,79.33,79.37,30.0
2026-07-16 12:17:00,79.38,79.44,79.38,79.41,36.0
2026-07-16 12:18:00,79.41,79.49,79.41,79.49,56.0
2026-07-16 12:19:00,79.49,79.65,79.42,79.54,572.0
2026-07-16 12:20:00,79.54,80.06,79.53,79.92,1182.0
2026-07-16 12:21:00,79.9,79.91,79.62,79.64,493.0
2026-07-16 12:22:00,79.63,79.73,79.61,79.67,401.0
2026-07-16 12:23:00,79.67,79.72,79.56,79.64,261.0
2026-07-16 12:24:00,79.65,79.68,79.61,79.65,71.0
2026-07-16 12:25:00,79.66,79.72,79.64,79.72,211.0
2026-07-16 12:26:00,79.72,79.73,79.59,79.66,210.0
2026-07-16 12:27:00,79.66,79.66,79.5,79.5,185.0
2026-07-16 12:28:00,79.5,79.57,79.45,79.5,223.0
2026-07-16 12:29:00,79.51,79.52,79.43,79.44,133.0
2026-07-16 12:30:00,79.44,79.45,79.34,79.37,316.0
2026-07-16 12:31:00,79.38,79.4,79.28,79.37,236.0
2026-07-16 12:32:00,79.38,79.39,79.32,79.34,109.0
2026-07-16 12:33:00,79.33,79.41,79.33,79.38,76.0
2026-07-16 12:34:00,79.42,79.43,79.3,79.3,143.0
2026-07-16 12:35:00,79.31,79.32,79.26,79.26,105.0
2026-07-16 12:36:00,79.25,79.36,79.24,79.36,145.0
2026-07-16 12:37:00,79.33,79.39,79.3,79.37,123.0
2026-07-16 12:38:00,79.36,79.37,79.32,79.36,47.0
2026-07-16 12:39:00,79.34,79.43,79.32,79.41,124.0
2026-07-16 12:40:00,79.39,79.43,79.36,79.36,81.0
2026-07-16 12:41:00,79.34,79.35,79.3,79.32,58.0
2026-07-16 12:42:00,79.33,79.39,79.33,79.35,81.0
2026-07-16 12:43:00,79.34,79.34,79.3,79.32,54.0
2026-07-16 12:44:00,79.33,79.38,79.33,79.36,49.0
2026-07-16 12:45:00,79.36,79.4,79.35,79.39,18.0
2026-07-16 12:46:00,79.38,79.41,79.34,79.37,77.0
2026-07-16 12:47:00,79.38,79.42,79.36,79.36,47.0
2026-07-16 12:48:00,79.36,79.38,79.3,79.3,50.0
2026-07-16 12:49:00,79.3,79.34,79.29,79.29,12.0
2026-07-16 12:50:00,79.29,79.32,79.27,79.29,71.0
2026-07-16 12:51:00,79.3,79.31,79.23,79.26,90.0
2026-07-16 12:52:00,79.27,79.28,79.21,79.26,69.0
2026-07-16 12:53:00,79.26,79.27,79.24,79.25,26.0
2026-07-16 12:54:00,79.25,79.25,78.97,79.02,542.0
2026-07-16 12:55:00,79.01,79.03,78.82,78.96,733.0
2026-07-16 12:56:00,78.98,79.0,78.92,78.98,202.0
2026-07-16 12:57:00,79.0,79.03,78.95,78.98,138.0
2026-07-16 12:58:00,78.97,79.04,78.96,79.03,177.0
2026-07-16 12:59:00,79.03,79.04,78.96,78.98,181.0
2026-07-16 13:00:00,78.99,79.0,78.79,78.88,261.0
2026-07-16 13:01:00,78.87,78.9,78.84,78.86,168.0
2026-07-16 13:02:00,78.86,78.97,78.84,78.96,94.0
2026-07-16 13:03:00,78.98,78.99,78.94,78.96,112.0
2026-07-16 13:04:00,78.94,78.97,78.91,78.97,35.0
2026-07-16 13:05:00,78.97,78.97,78.91,78.92,40.0
2026-07-16 13:06:00,78.95,79.01,78.92,78.98,61.0
2026-07-16 13:07:00,78.99,78.99,78.91,78.94,70.0
2026-07-16 13:08:00,78.93,78.94,78.91,78.93,34.0
2026-07-16 13:09:00,78.93,79.04,78.93,79.03,61.0
2026-07-16 13:10:00,79.03,79.12,79.03,79.12,213.0
2026-07-16 13:11:00,79.12,79.22,79.11,79.18,257.0
2026-07-16 13:12:00,79.18,79.24,79.17,79.21,136.0
2026-07-16 13:13:00,79.21,79.23,79.19,79.2,34.0
2026-07-16 13:14:00,79.21,79.24,79.17,79.24,80.0
2026-07-16 13:15:00,79.24,79.25,79.11,79.11,146.0
2026-07-16 13:16:00,79.1,79.15,79.07,79.13,156.0
2026-07-16 13:17:00,79.14,79.17,79.12,79.13,103.0
2026-07-16 13:18:00,79.13,79.13,79.05,79.09,142.0
2026-07-16 13:19:00,79.07,79.08,79.04,79.05,52.0
2026-07-16 13:20:00,79.05,79.1,79.04,79.09,67.0
2026-07-16 13:21:00,79.1,79.1,79.0,79.02,82.0
2026-07-16 13:22:00,79.02,79.04,78.97,78.97,59.0
2026-07-16 13:23:00,78.98,79.0,78.93,78.98,143.0
2026-07-16 13:24:00,78.98,79.02,78.98,79.02,52.0
2026-07-16 13:25:00,79.02,79.03,78.97,78.98,123.0
2026-07-16 13:26:00,78.99,79.03,78.96,78.97,104.0
2026-07-16 13:27:00,78.97,79.02,78.97,79.0,44.0
2026-07-16 13:28:00,79.01,79.04,79.0,79.02,50.0
2026-07-16 13:29:00,79.0,79.0,78.92,78.94,65.0
2026-07-16 13:30:00,78.95,79.01,78.94,78.97,61.0
2026-07-16 13:31:00,78.97,78.97,78.91,78.95,70.0
2026-07-16 13:32:00,78.96,79.12,78.96,79.09,237.0
2026-07-16 13:33:00,79.08,79.11,79.04,79.08,102.0
2026-07-16 13:34:00,79.08,79.11,79.07,79.09,27.0
2026-07-16 13:35:00,79.08,79.11,79.08,79.09,29.0
2026-07-16 13:36:00,79.1,79.12,79.07,79.09,35.0
2026-07-16 13:37:00,79.09,79.09,79.04,79.04,34.0
2026-07-16 13:38:00,79.05,79.09,79.02,79.07,158.0
2026-07-16 13:39:00,79.08,79.09,79.02,79.04,74.0
2026-07-16 13:40:00,79.03,79.03,78.93,78.93,86.0
2026-07-16 13:41:00,78.92,78.95,78.89,78.94,81.0
2026-07-16 13:42:00,78.93,78.97,78.71,78.93,575.0
2026-07-16 13:43:00,78.94,79.02,78.93,79.02,273.0
2026-07-16 13:44:00,79.0,79.07,78.97,79.05,150.0
2026-07-16 13:45:00,79.05,79.11,79.03,79.04,129.0
2026-07-16 13:46:00,79.02,79.05,78.91,78.94,228.0
2026-07-16 13:47:00,78.95,79.0,78.94,78.97,43.0
2026-07-16 13:48:00,78.98,78.99,78.95,78.98,46.0
2026-07-16 13:49:00,78.96,78.96,78.91,78.92,68.0
2026-07-16 13:50:00,78.9,78.9,78.83,78.86,71.0
2026-07-16 13:51:00,78.86,78.87,78.74,78.76,112.0
2026-07-16 13:52:00,78.75,78.8,78.71,78.75,152.0
2026-07-16 13:53:00,78.75,78.77,78.71,78.71,117.0
2026-07-16 13:54:00,78.72,78.81,78.71,78.8,68.0
2026-07-16 13:55:00,78.8,78.83,78.76,78.76,104.0
2026-07-16 13:56:00,78.75,78.8,78.73,78.8,47.0
2026-07-16 13:57:00,78.77,78.79,78.73,78.78,71.0
2026-07-16 13:58:00,78.79,78.82,78.75,78.76,89.0
2026-07-16 13:59:00,78.76,78.8,78.75,78.77,113.0
2026-07-16 14:00:00,78.77,78.77,78.68,78.73,181.0
2026-07-16 14:01:00,78.72,78.72,78.66,78.67,59.0
2026-07-16 14:02:00,78.67,78.69,78.65,78.65,60.0
2026-07-16 14:03:00,78.65,78.67,78.61,78.67,68.0
2026-07-16 14:04:00,78.66,78.78,78.66,78.78,124.0
2026-07-16 14:05:00,78.79,78.82,78.74,78.78,76.0
2026-07-16 14:06:00,78.78,78.85,78.78,78.82,44.0
2026-07-16 14:07:00,78.8,78.87,78.78,78.81,223.0
2026-07-16 14:08:00,78.8,78.87,78.8,78.87,104.0
2026-07-16 14:09:00,78.87,78.87,78.81,78.81,54.0
2026-07-16 14:10:00,78.81,78.83,78.8,78.81,135.0
2026-07-16 14:11:00,78.81,78.82,78.76,78.77,232.0
2026-07-16 14:12:00,78.76,78.77,78.67,78.7,86.0
2026-07-16 14:13:00,78.71,78.73,78.6,78.66,98.0
2026-07-16 14:14:00,78.66,78.69,78.66,78.69,98.0
2026-07-16 14:15:00,78.68,78.68,78.64,78.66,102.0
2026-07-16 14:16:00,78.66,78.66,78.58,78.66,126.0
2026-07-16 14:17:00,78.65,78.67,78.61,78.64,109.0
2026-07-16 14:18:00,78.63,78.69,78.59,78.68,94.0
2026-07-16 14:19:00,78.68,78.76,78.68,78.75,135.0
2026-07-16 14:20:00,78.74,78.75,78.7,78.7,77.0
2026-07-16 14:21:00,78.71,78.72,78.64,78.7,51.0
2026-07-16 14:22:00,78.71,78.85,78.7,78.84,134.0
2026-07-16 14:23:00,78.85,78.88,78.8,78.85,201.0
2026-07-16 14:24:00,78.83,79.03,78.83,79.02,522.0
2026-07-16 14:25:00,79.03,79.08,78.97,79.01,393.0
2026-07-16 14:26:00,79.02,79.05,78.94,78.97,169.0
2026-07-16 14:27:00,78.97,79.01,78.89,79.01,226.0
2026-07-16 14:28:00,79.0,79.03,78.87,78.94,799.0
2026-07-16 14:29:00,78.94,79.01,78.93,78.97,957.0
2026-07-16 14:30:00,78.96,78.99,78.93,78.98,173.0
2026-07-16 14:31:00,78.99,78.99,78.87,78.87,306.0
2026-07-16 14:32:00,78.87,78.88,78.84,78.88,144.0
2026-07-16 14:33:00,78.88,78.9,78.84,78.86,60.0
2026-07-16 14:34:00,78.88,78.92,78.86,78.86,49.0
2026-07-16 14:35:00,78.88,78.88,78.79,78.79,54.0
2026-07-16 14:36:00,78.8,78.8,78.76,78.76,20.0
2026-07-16 14:37:00,78.77,78.78,78.75,78.78,23.0
2026-07-16 14:38:00,78.78,78.8,78.77,78.78,35.0
2026-07-16 14:39:00,78.79,78.91,78.79,78.89,124.0
2026-07-16 14:40:00,78.88,78.9,78.88,78.89,23.0
2026-07-16 14:41:00,78.9,78.9,78.86,78.9,38.0
2026-07-16 14:42:00,78.9,78.9,78.88,78.9,59.0
2026-07-16 14:43:00,78.89,78.9,78.87,78.88,14.0
2026-07-16 14:44:00,78.89,78.97,78.89,78.96,96.0
2026-07-16 14:45:00,78.96,79.01,78.94,79.01,200.0
2026-07-16 14:46:00,79.02,79.08,78.98,79.08,176.0
2026-07-16 14:47:00,79.06,79.08,79.04,79.04,37.0
2026-07-16 14:48:00,79.03,79.04,79.02,79.02,18.0
2026-07-16 14:49:00,79.03,79.04,79.0,79.01,39.0
2026-07-16 14:50:00,79.0,79.02,78.96,78.96,29.0
2026-07-16 14:51:00,78.95,78.98,78.93,78.98,66.0
2026-07-16 14:52:00,78.97,78.99,78.97,78.97,9.0
2026-07-16 14:53:00,78.96,78.97,78.9,78.9,73.0
2026-07-16 14:54:00,78.89,78.92,78.89,78.9,45.0
2026-07-16 14:55:00,78.89,78.93,78.89,78.93,19.0
2026-07-16 14:56:00,78.92,78.94,78.92,78.92,37.0
2026-07-16 14:57:00,78.93,78.95,78.89,78.95,23.0
2026-07-16 14:58:00,78.95,78.98,78.95,78.97,57.0
2026-07-16 14:59:00,78.97,79.02,78.97,79.0,65.0
2026-07-16 15:00:00,79.02,79.03,79.0,79.0,23.0
2026-07-16 15:01:00,79.01,79.03,78.99,79.02,18.0
2026-07-16 15:02:00,79.02,79.08,79.02,79.08,58.0
2026-07-16 15:03:00,79.08,79.1,79.06,79.08,65.0
2026-07-16 15:04:00,79.08,79.09,79.03,79.03,47.0
2026-07-16 15:05:00,79.02,79.06,78.99,79.06,66.0
2026-07-16 15:06:00,79.06,79.08,79.04,79.08,13.0
2026-07-16 15:07:00,79.07,79.07,79.03,79.03,13.0
2026-07-16 15:08:00,79.02,79.04,78.98,79.03,40.0
2026-07-16 15:09:00,79.01,79.04,79.01,79.02,39.0
2026-07-16 15:10:00,79.03,79.06,79.0,79.02,36.0
2026-07-16 15:11:00,79.02,79.04,79.0,79.0,21.0
2026-07-16 15:12:00,79.01,79.02,78.97,78.98,23.0
2026-07-16 15:13:00,78.96,78.97,78.95,78.96,20.0
2026-07-16 15:14:00,78.95,78.99,78.94,78.98,74.0
2026-07-16 15:15:00,78.98,79.0,78.98,79.0,16.0
2026-07-16 15:16:00,78.98,78.98,78.97,78.97,3.0
2026-07-16 15:17:00,78.97,78.98,78.97,78.98,13.0
2026-07-16 15:18:00,78.97,78.99,78.97,78.99,18.0
2026-07-16 15:19:00,78.98,79.01,78.98,79.01,24.0
2026-07-16 15:20:00,79.01,79.03,79.0,79.0,22.0
2026-07-16 15:21:00,78.98,78.98,78.97,78.97,7.0
2026-07-16 15:22:00,78.96,78.97,78.96,78.96,6.0
2026-07-16 15:23:00,78.96,78.98,78.96,78.96,8.0
2026-07-16 15:24:00,78.96,78.96,78.95,78.96,3.0
2026-07-16 15:25:00,78.95,78.97,78.95,78.97,9.0
2026-07-16 15:26:00,78.96,78.97,78.96,78.97,10.0
2026-07-16 15:27:00,78.96,78.98,78.96,78.98,9.0
2026-07-16 15:28:00,78.98,79.0,78.98,78.99,39.0
2026-07-16 15:29:00,78.98,78.99,78.98,78.98,4.0
2026-07-16 15:30:00,78.99,78.99,78.99,78.99,2.0
2026-07-16 15:31:00,79.01,79.02,79.0,79.01,18.0
2026-07-16 15:32:00,79.02,79.06,79.02,79.06,16.0
2026-07-16 15:33:00,79.06,79.11,79.06,79.1,49.0
2026-07-16 15:34:00,79.11,79.15,79.09,79.14,35.0
2026-07-16 15:35:00,79.14,79.18,79.02,79.03,282.0
2026-07-16 15:36:00,79.03,79.07,79.01,79.06,16.0
2026-07-16 15:37:00,79.05,79.05,79.01,79.03,32.0
2026-07-16 15:38:00,79.04,79.06,79.04,79.06,8.0
2026-07-16 15:39:00,79.06,79.06,79.05,79.06,6.0
2026-07-16 15:40:00,79.06,79.06,79.01,79.04,27.0
2026-07-16 15:41:00,79.05,79.06,79.02,79.03,37.0
2026-07-16 15:42:00,79.03,79.04,79.03,79.04,2.0
2026-07-16 15:43:00,79.03,79.03,79.02,79.02,6.0
2026-07-16 15:44:00,79.04,79.07,79.03,79.06,23.0
2026-07-16 15:45:00,79.07,79.07,79.05,79.06,10.0
2026-07-16 15:46:00,79.06,79.06,79.03,79.03,13.0
2026-07-16 15:47:00,79.03,79.06,79.03,79.06,7.0
2026-07-16 15:48:00,79.04,79.06,79.04,79.05,15.0
2026-07-16 15:49:00,79.05,79.08,79.05,79.07,35.0
2026-07-16 15:50:00,79.08,79.1,79.08,79.08,56.0
2026-07-16 15:51:00,79.07,79.09,79.06,79.09,19.0
2026-07-16 15:52:00,79.1,79.13,79.1,79.13,50.0
2026-07-16 15:53:00,79.12,79.14,79.12,79.12,24.0
2026-07-16 15:54:00,79.13,79.14,79.09,79.1,32.0
2026-07-16 15:55:00,79.1,79.1,79.07,79.08,18.0
2026-07-16 15:56:00,79.09,79.11,79.09,79.09,8.0
2026-07-16 15:57:00,79.09,79.1,79.07,79.09,26.0
2026-07-16 15:58:00,79.1,79.12,79.05,79.06,63.0
2026-07-16 15:59:00,79.06,79.07,79.03,79.06,38.0
2026-07-16 16:00:00,79.07,79.09,79.04,79.07,23.0
2026-07-16 16:01:00,79.09,79.09,79.04,79.04,12.0
2026-07-16 16:02:00,79.05,79.05,79.04,79.04,5.0
2026-07-16 16:03:00,79.05,79.06,79.04,79.06,10.0
2026-07-16 16:04:00,79.06,79.06,79.03,79.04,21.0
2026-07-16 16:05:00,79.04,79.1,79.04,79.07,58.0
2026-07-16 16:06:00,79.06,79.07,79.06,79.07,19.0
2026-07-16 16:07:00,79.05,79.05,78.98,78.98,34.0
2026-07-16 16:08:00,78.97,78.97,78.86,78.92,104.0
2026-07-16 16:09:00,78.9,78.9,78.87,78.87,11.0
2026-07-16 16:10:00,78.92,78.95,78.92,78.94,12.0
2026-07-16 16:11:00,78.93,78.94,78.92,78.94,16.0
2026-07-16 16:12:00,78.94,78.98,78.94,78.98,15.0
2026-07-16 16:13:00,78.99,79.06,78.99,79.06,27.0
2026-07-16 16:14:00,79.07,79.08,79.06,79.08,14.0
2026-07-16 16:15:00,79.09,79.12,79.08,79.1,20.0
2026-07-16 16:16:00,79.1,79.13,79.1,79.11,16.0
2026-07-16 16:17:00,79.11,79.11,79.1,79.1,7.0
2026-07-16 16:18:00,79.08,79.09,79.07,79.09,5.0
2026-07-16 16:19:00,79.09,79.14,79.09,79.14,15.0
2026-07-16 16:20:00,79.13,79.14,79.12,79.12,33.0
2026-07-16 16:21:00,79.12,79.13,79.12,79.13,7.0
2026-07-16 16:22:00,79.14,79.15,79.13,79.14,19.0
2026-07-16 16:23:00,79.13,79.15,79.11,79.11,22.0
2026-07-16 16:24:00,79.11,79.11,79.1,79.11,5.0
2026-07-16 16:25:00,79.12,79.13,79.12,79.13,2.0
2026-07-16 16:27:00,79.08,79.11,79.08,79.11,11.0
2026-07-16 16:28:00,79.1,79.1,79.09,79.09,7.0
2026-07-16 16:29:00,79.12,79.12,79.12,79.12,1.0
2026-07-16 16:30:00,79.14,79.24,79.14,79.23,57.0
2026-07-16 16:31:00,79.24,79.28,79.2,79.26,69.0
2026-07-16 16:32:00,79.26,79.37,79.26,79.37,101.0
2026-07-16 16:33:00,79.36,79.42,79.35,79.39,70.0
2026-07-16 16:34:00,79.4,79.43,79.39,79.41,27.0
2026-07-16 16:35:00,79.39,79.39,79.36,79.38,23.0
2026-07-16 16:36:00,79.38,79.4,79.34,79.36,16.0
2026-07-16 16:37:00,79.35,79.37,79.32,79.35,12.0
2026-07-16 16:38:00,79.36,79.54,79.36,79.51,130.0
2026-07-16 16:39:00,79.54,79.6,79.47,79.47,77.0
2026-07-16 16:40:00,79.46,79.49,79.4,79.42,79.0
2026-07-16 16:41:00,79.42,79.44,79.41,79.44,13.0
2026-07-16 16:42:00,79.43,79.44,79.41,79.43,16.0
2026-07-16 16:43:00,79.41,79.45,79.41,79.43,10.0
2026-07-16 16:44:00,79.43,79.47,79.42,79.47,51.0
2026-07-16 16:45:00,79.45,79.45,79.43,79.45,42.0
2026-07-16 16:46:00,79.46,79.46,79.41,79.43,17.0
2026-07-16 16:47:00,79.47,79.6,79.47,79.6,73.0
2026-07-16 16:48:00,79.6,79.64,79.6,79.64,59.0
2026-07-16 16:49:00,79.65,79.69,79.63,79.66,41.0
2026-07-16 16:50:00,79.65,79.65,79.54,79.58,31.0
2026-07-16 16:51:00,79.58,79.59,79.55,79.59,20.0
2026-07-16 16:52:00,79.61,79.62,79.6,79.61,14.0
2026-07-16 16:53:00,79.62,79.66,79.62,79.63,19.0
2026-07-16 16:54:00,79.61,79.61,79.55,79.55,25.0
2026-07-16 16:55:00,79.55,79.57,79.55,79.55,11.0
2026-07-16 16:56:00,79.55,79.6,79.55,79.58,83.0
2026-07-16 16:57:00,79.55,79.56,79.53,79.53,4.0
2026-07-16 16:58:00,79.55,79.59,79.51,79.58,43.0
2026-07-16 16:59:00,79.56,79.59,79.54,79.58,43.0
2026-07-16 18:00:00,78.86,78.93,78.81,78.91,45.0
2026-07-16 18:01:00,78.89,78.92,78.81,78.92,80.0
2026-07-16 18:02:00,78.93,79.01,78.9,78.98,61.0
2026-07-16 18:03:00,78.96,78.96,78.88,78.89,24.0
2026-07-16 18:04:00,78.88,78.91,78.86,78.9,7.0
2026-07-16 18:05:00,78.9,78.91,78.9,78.91,13.0
2026-07-16 18:06:00,78.9,78.96,78.9,78.96,28.0
2026-07-16 18:07:00,78.94,78.94,78.9,78.94,18.0
2026-07-16 18:09:00,78.91,78.94,78.91,78.91,55.0
2026-07-16 18:10:00,78.91,78.95,78.91,78.95,18.0
2026-07-16 18:11:00,78.94,78.98,78.94,78.98,31.0
2026-07-16 18:12:00,78.99,79.01,78.98,79.01,9.0
2026-07-16 18:13:00,79.01,79.02,79.0,79.0,29.0
2026-07-16 18:14:00,79.0,79.03,79.0,79.03,30.0
2026-07-16 18:15:00,79.05,79.06,79.04,79.04,29.0
2026-07-16 18:16:00,79.06,79.06,79.04,79.05,7.0
2026-07-16 18:17:00,79.05,79.05,79.05,79.05,17.0
2026-07-16 18:18:00,79.04,79.04,79.04,79.04,6.0
2026-07-16 18:19:00,79.06,79.07,79.04,79.06,31.0
2026-07-16 18:20:00,79.05,79.05,79.05,79.05,1.0
2026-07-16 18:21:00,79.04,79.04,78.97,78.97,23.0
2026-07-16 18:22:00,78.96,78.96,78.94,78.94,11.0
2026-07-16 18:23:00,78.91,78.92,78.89,78.89,17.0
2026-07-16 18:24:00,78.87,78.89,78.87,78.89,9.0
2026-07-16 18:25:00,78.9,78.93,78.88,78.92,20.0
2026-07-16 18:26:00,78.94,78.95,78.93,78.93,6.0
2026-07-16 18:27:00,78.94,78.95,78.93,78.94,18.0
2026-07-16 18:28:00,78.94,78.95,78.94,78.95,2.0
2026-07-16 18:29:00,78.95,78.96,78.95,78.96,3.0
2026-07-16 18:30:00,78.95,78.95,78.91,78.94,19.0
2026-07-16 18:31:00,78.92,78.96,78.92,78.96,6.0
2026-07-16 18:32:00,78.99,79.0,78.96,78.97,13.0
2026-07-16 18:33:00,78.97,78.97,78.93,78.96,11.0
2026-07-16 18:34:00,78.96,78.96,78.96,78.96,1.0
2026-07-16 18:36:00,78.97,78.98,78.97,78.98,6.0
2026-07-16 18:37:00,79.01,79.01,79.01,79.01,26.0
2026-07-16 18:38:00,78.97,78.97,78.96,78.96,13.0
2026-07-16 18:39:00,78.96,78.96,78.96,78.96,1.0
2026-07-16 18:40:00,78.96,78.96,78.96,78.96,2.0
2026-07-16 18:41:00,78.97,79.02,78.95,79.0,86.0
2026-07-16 18:42:00,79.0,79.0,78.99,78.99,3.0
2026-07-16 18:43:00,79.01,79.01,78.99,78.99,10.0
2026-07-16 18:44:00,78.99,78.99,78.96,78.97,14.0
2026-07-16 18:45:00,78.97,78.99,78.96,78.96,16.0
2026-07-16 18:46:00,78.96,78.96,78.93,78.94,35.0
2026-07-16 18:47:00,78.95,78.98,78.95,78.98,5.0
2026-07-16 18:48:00,78.97,78.97,78.97,78.97,3.0
2026-07-16 18:49:00,78.97,79.0,78.97,79.0,5.0
2026-07-16 18:50:00,79.01,79.01,79.0,79.0,2.0
2026-07-16 18:51:00,79.0,79.0,78.99,79.0,5.0
2026-07-16 18:52:00,78.99,79.02,78.99,79.02,7.0
2026-07-16 18:53:00,79.0,79.01,78.99,78.99,10.0
2026-07-16 18:54:00,78.99,78.99,78.99,78.99,1.0
2026-07-16 18:55:00,78.97,78.98,78.97,78.98,5.0
2026-07-16 18:56:00,78.99,79.01,78.99,79.0,13.0
2026-07-16 18:57:00,79.02,79.02,79.0,79.0,3.0
2026-07-16 18:58:00,79.01,79.01,78.99,79.0,10.0
2026-07-16 18:59:00,78.98,78.98,78.94,78.94,13.0
2026-07-16 19:00:00,78.93,78.93,78.92,78.92,4.0
2026-07-16 19:01:00,78.93,78.94,78.92,78.94,10.0
2026-07-16 19:02:00,78.94,78.94,78.92,78.92,8.0
2026-07-16 19:03:00,78.93,78.94,78.92,78.92,4.0
2026-07-16 19:04:00,78.93,78.93,78.91,78.93,14.0
2026-07-16 19:05:00,78.96,78.98,78.96,78.98,2.0
2026-07-16 19:06:00,78.99,78.99,78.98,78.98,6.0
2026-07-16 19:07:00,79.0,79.0,78.98,78.98,9.0
2026-07-16 19:08:00,78.96,78.96,78.95,78.95,4.0
2026-07-16 19:09:00,78.97,78.97,78.96,78.96,2.0
2026-07-16 19:10:00,78.97,78.98,78.96,78.96,3.0
2026-07-16 19:11:00,78.98,78.99,78.97,78.99,5.0
2026-07-16 19:13:00,78.99,78.99,78.99,78.99,1.0
2026-07-16 19:15:00,78.99,79.03,78.99,79.0,22.0
2026-07-16 19:16:00,79.01,79.01,79.0,79.0,2.0
2026-07-16 19:17:00,78.99,78.99,78.99,78.99,1.0
2026-07-16 19:18:00,78.97,78.98,78.96,78.98,5.0
2026-07-16 19:19:00,78.99,78.99,78.99,78.99,5.0
2026-07-16 19:20:00,79.0,79.0,79.0,79.0,2.0
2026-07-16 19:22:00,78.99,78.99,78.99,78.99,2.0
2026-07-16 19:23:00,79.0,79.0,78.99,78.99,3.0
2026-07-16 19:24:00,78.98,78.98,78.95,78.96,9.0
2026-07-16 19:25:00,78.95,78.95,78.95,78.95,4.0
2026-07-16 19:26:00,78.95,78.97,78.94,78.95,32.0
2026-07-16 19:27:00,78.95,78.97,78.94,78.97,13.0
2026-07-16 19:28:00,78.98,78.99,78.98,78.99,4.0
2026-07-16 19:29:00,79.0,79.0,79.0,79.0,19.0
2026-07-16 19:30:00,79.01,79.02,79.0,79.0,28.0
2026-07-16 19:31:00,79.0,79.01,79.0,79.01,17.0
2026-07-16 19:32:00,79.01,79.02,79.01,79.02,9.0
2026-07-16 19:33:00,79.02,79.02,78.99,79.02,40.0
2026-07-16 19:34:00,79.01,79.01,79.0,79.0,15.0
2026-07-16 19:36:00,78.99,79.01,78.96,78.98,36.0
2026-07-16 19:37:00,78.98,78.98,78.98,78.98,1.0
2026-07-16 19:38:00,78.98,78.99,78.97,78.99,13.0
2026-07-16 19:39:00,78.99,78.99,78.96,78.96,15.0
2026-07-16 19:40:00,78.96,78.97,78.95,78.97,7.0
2026-07-16 19:41:00,78.98,78.98,78.97,78.97,8.0
2026-07-16 19:42:00,78.97,78.97,78.97,78.97,1.0
2026-07-16 19:43:00,78.97,78.97,78.96,78.96,3.0
2026-07-16 19:44:00,78.96,78.97,78.95,78.96,12.0
2026-07-16 19:45:00,78.96,78.96,78.95,78.96,8.0
2026-07-16 19:46:00,78.95,78.97,78.95,78.97,4.0
2026-07-16 19:48:00,78.96,79.0,78.96,79.0,24.0
2026-07-16 19:49:00,79.0,79.01,79.0,79.0,9.0
2026-07-16 19:50:00,78.99,78.99,78.99,78.99,3.0
2026-07-16 19:51:00,78.98,78.98,78.97,78.97,2.0
2026-07-16 19:52:00,78.97,78.97,78.97,78.97,9.0
2026-07-16 19:53:00,78.97,78.98,78.97,78.98,12.0
2026-07-16 19:54:00,78.98,78.98,78.97,78.97,2.0
2026-07-16 19:55:00,78.98,78.98,78.97,78.97,4.0
2026-07-16 19:57:00,78.99,78.99,78.98,78.98,11.0
2026-07-16 19:58:00,78.97,78.97,78.97,78.97,1.0
2026-07-16 19:59:00,78.98,79.02,78.98,79.02,22.0
2026-07-16 20:00:00,79.01,79.01,78.79,78.87,415.0
2026-07-16 20:01:00,78.85,78.89,78.84,78.86,47.0
2026-07-16 20:02:00,78.87,78.87,78.8,78.81,23.0
2026-07-16 20:03:00,78.81,78.88,78.81,78.86,22.0
2026-07-16 20:04:00,78.87,78.91,78.87,78.9,11.0
2026-07-16 20:05:00,78.88,78.89,78.86,78.87,17.0
2026-07-16 20:06:00,78.88,78.88,78.87,78.88,3.0
2026-07-16 20:07:00,78.88,78.91,78.88,78.89,13.0
2026-07-16 20:08:00,78.9,78.9,78.86,78.88,10.0
2026-07-16 20:09:00,78.88,78.89,78.88,78.88,10.0
2026-07-16 20:10:00,78.88,78.91,78.88,78.88,16.0
2026-07-16 20:11:00,78.9,78.9,78.86,78.86,10.0
2026-07-16 20:12:00,78.86,78.86,78.82,78.84,18.0
2026-07-16 20:13:00,78.81,78.85,78.81,78.84,12.0
2026-07-16 20:14:00,78.85,78.85,78.82,78.82,13.0
2026-07-16 20:15:00,78.83,78.88,78.82,78.86,23.0
2026-07-16 20:16:00,78.84,78.86,78.79,78.86,18.0
2026-07-16 20:17:00,78.84,78.85,78.84,78.84,4.0
2026-07-16 20:18:00,78.83,78.87,78.83,78.87,6.0
2026-07-16 20:19:00,78.84,78.87,78.84,78.87,8.0
2026-07-16 20:20:00,78.87,78.92,78.85,78.92,28.0
2026-07-16 20:21:00,78.94,78.95,78.91,78.91,12.0
2026-07-16 20:22:00,78.88,78.88,78.86,78.88,19.0
2026-07-16 20:23:00,78.88,78.88,78.85,78.86,11.0
2026-07-16 20:24:00,78.87,78.91,78.86,78.9,20.0
2026-07-16 20:25:00,78.92,78.92,78.85,78.87,34.0
2026-07-16 20:26:00,78.86,78.86,78.83,78.85,27.0
2026-07-16 20:27:00,78.85,78.85,78.82,78.83,12.0
2026-07-16 20:28:00,78.83,78.89,78.8,78.89,63.0
2026-07-16 20:29:00,78.89,79.03,78.89,78.99,147.0
2026-07-16 20:30:00,78.98,78.99,78.93,78.93,42.0
2026-07-16 20:31:00,78.94,78.97,78.92,78.97,23.0
2026-07-16 20:32:00,78.96,78.96,78.93,78.94,8.0
2026-07-16 20:33:00,78.94,78.94,78.91,78.92,7.0
2026-07-16 20:34:00,78.94,78.95,78.93,78.94,8.0
2026-07-16 20:35:00,78.93,78.93,78.92,78.92,2.0
2026-07-16 20:36:00,78.93,78.95,78.88,78.93,36.0
2026-07-16 20:37:00,78.92,78.92,78.88,78.88,11.0
2026-07-16 20:38:00,78.88,78.88,78.83,78.85,23.0
2026-07-16 20:39:00,78.84,78.94,78.84,78.94,18.0
2026-07-16 20:40:00,78.94,79.0,78.94,78.94,34.0
2026-07-16 20:41:00,78.95,78.96,78.94,78.94,4.0
2026-07-16 20:42:00,78.92,78.92,78.92,78.92,1.0
2026-07-16 20:43:00,78.91,78.94,78.91,78.94,7.0
2026-07-16 20:44:00,78.95,79.12,78.95,79.09,89.0
2026-07-16 20:45:00,79.11,79.11,79.06,79.07,63.0
2026-07-16 20:46:00,79.05,79.1,78.99,79.05,151.0
2026-07-16 20:47:00,79.05,79.06,78.98,78.99,33.0
2026-07-16 20:48:00,79.01,79.09,79.01,79.08,14.0
2026-07-16 20:49:00,79.08,79.09,79.05,79.05,17.0
2026-07-16 20:50:00,79.06,79.07,79.05,79.05,9.0
2026-07-16 20:51:00,79.05,79.06,79.04,79.06,13.0
2026-07-16 20:52:00,79.04,79.07,79.04,79.07,3.0
2026-07-16 20:53:00,79.08,79.1,79.07,79.08,25.0
2026-07-16 20:54:00,79.07,79.08,79.05,79.08,11.0
2026-07-16 20:55:00,79.1,79.12,79.1,79.1,15.0
2026-07-16 20:56:00,79.08,79.14,79.08,79.14,16.0
2026-07-16 20:57:00,79.14,79.14,79.11,79.13,11.0
2026-07-16 20:58:00,79.14,79.14,79.08,79.14,37.0
2026-07-16 20:59:00,79.14,79.14,79.11,79.11,37.0
2026-07-16 21:00:00,79.11,79.19,79.01,79.13,168.0
2026-07-16 21:01:00,79.13,79.19,79.07,79.12,79.0
2026-07-16 21:02:00,79.14,79.21,79.1,79.18,36.0
2026-07-16 21:03:00,79.19,79.22,79.16,79.18,31.0
2026-07-16 21:04:00,79.2,79.22,79.13,79.13,38.0
2026-07-16 21:05:00,79.13,79.15,79.07,79.07,37.0
2026-07-16 21:06:00,79.07,79.08,79.0,79.08,45.0
2026-07-16 21:07:00,79.07,79.17,79.07,79.15,26.0
2026-07-16 21:08:00,79.16,79.26,79.15,79.24,89.0
2026-07-16 21:09:00,79.23,79.3,79.23,79.25,70.0
2026-07-16 21:10:00,79.26,79.38,79.26,79.34,109.0
2026-07-16 21:11:00,79.34,79.35,79.29,79.3,47.0
2026-07-16 21:12:00,79.31,79.4,79.31,79.36,70.0
2026-07-16 21:13:00,79.36,79.39,79.34,79.36,25.0
2026-07-16 21:14:00,79.36,79.38,79.32,79.34,26.0
2026-07-16 21:15:00,79.34,79.37,79.34,79.34,21.0
2026-07-16 21:16:00,79.34,79.37,79.31,79.35,28.0
2026-07-16 21:17:00,79.35,79.36,79.31,79.36,30.0
2026-07-16 21:18:00,79.37,79.39,79.35,79.39,14.0
2026-07-16 21:19:00,79.39,79.4,79.36,79.39,50.0
2026-07-16 21:20:00,79.4,79.43,79.38,79.41,59.0
2026-07-16 21:21:00,79.41,79.47,79.41,79.42,57.0
2026-07-16 21:22:00,79.43,79.51,79.43,79.5,88.0
2026-07-16 21:23:00,79.48,79.49,79.41,79.47,74.0
2026-07-16 21:24:00,79.47,79.47,79.44,79.44,14.0
2026-07-16 21:25:00,79.42,79.51,79.4,79.51,97.0
2026-07-16 21:26:00,79.52,79.53,79.47,79.48,42.0
2026-07-16 21:27:00,79.48,79.52,79.45,79.45,19.0
2026-07-16 21:28:00,79.46,79.46,79.42,79.42,22.0
2026-07-16 21:29:00,79.43,79.53,79.41,79.52,83.0
2026-07-16 21:30:00,79.52,79.58,79.47,79.48,121.0
2026-07-16 21:31:00,79.48,79.5,79.43,79.43,38.0
2026-07-16 21:32:00,79.44,79.45,79.41,79.42,59.0
2026-07-16 21:33:00,79.43,79.44,79.38,79.39,76.0
2026-07-16 21:34:00,79.38,79.38,79.3,79.3,92.0
2026-07-16 21:35:00,79.32,79.32,79.24,79.29,79.0
2026-07-16 21:36:00,79.26,79.28,79.24,79.26,49.0
2026-07-16 21:37:00,79.26,79.27,79.24,79.25,35.0
2026-07-16 21:38:00,79.23,79.25,79.2,79.22,39.0
2026-07-16 21:39:00,79.22,79.25,79.19,79.23,36.0
2026-07-16 21:40:00,79.22,79.26,79.21,79.24,27.0
2026-07-16 21:41:00,79.25,79.26,79.23,79.26,5.0
2026-07-16 21:42:00,79.25,79.25,79.16,79.19,31.0
2026-07-16 21:43:00,79.19,79.23,79.19,79.23,15.0
2026-07-16 21:44:00,79.24,79.29,79.24,79.26,202.0
2026-07-16 21:45:00,79.26,79.26,79.23,79.23,22.0
2026-07-16 21:46:00,79.23,79.24,79.16,79.16,35.0
2026-07-16 21:47:00,79.16,79.22,79.16,79.17,21.0
2026-07-16 21:48:00,79.16,79.2,79.11,79.15,49.0
2026-07-16 21:49:00,79.14,79.21,79.13,79.21,26.0
2026-07-16 21:50:00,79.21,79.26,79.2,79.2,49.0
2026-07-16 21:51:00,79.2,79.22,79.18,79.2,43.0
2026-07-16 21:52:00,79.21,79.21,79.16,79.2,12.0
2026-07-16 21:53:00,79.19,79.2,79.17,79.2,23.0
2026-07-16 21:54:00,79.18,79.19,79.16,79.18,29.0
2026-07-16 21:55:00,79.17,79.19,79.12,79.17,52.0
2026-07-16 21:56:00,79.16,79.23,79.16,79.23,37.0
2026-07-16 21:57:00,79.22,79.26,79.22,79.25,73.0
2026-07-16 21:58:00,79.24,79.27,79.24,79.25,82.0
2026-07-16 21:59:00,79.24,79.24,79.13,79.17,58.0
2026-07-16 22:00:00,79.17,79.23,79.13,79.13,46.0
2026-07-16 22:01:00,79.13,79.14,79.1,79.14,34.0
2026-07-16 22:02:00,79.16,79.24,79.16,79.24,36.0
2026-07-16 22:03:00,79.24,79.24,79.18,79.19,21.0
2026-07-16 22:04:00,79.18,79.24,79.17,79.24,18.0
2026-07-16 22:05:00,79.23,79.23,79.19,79.23,43.0
2026-07-16 22:06:00,79.23,79.23,79.2,79.22,15.0
2026-07-16 22:07:00,79.22,79.22,79.19,79.19,12.0
2026-07-16 22:08:00,79.15,79.17,79.13,79.17,10.0
2026-07-16 22:09:00,79.17,79.21,79.17,79.2,13.0
2026-07-16 22:10:00,79.2,79.2,79.16,79.18,20.0
2026-07-16 22:11:00,79.18,79.2,79.18,79.2,8.0
2026-07-16 22:12:00,79.17,79.17,79.14,79.15,9.0
2026-07-16 22:13:00,79.16,79.17,79.14,79.17,20.0
2026-07-16 22:14:00,79.19,79.21,79.17,79.17,28.0
2026-07-16 22:15:00,79.16,79.17,79.15,79.17,19.0
2026-07-16 22:16:00,79.16,79.16,79.12,79.15,54.0
2026-07-16 22:17:00,79.14,79.15,79.13,79.15,8.0
2026-07-16 22:18:00,79.14,79.17,79.14,79.17,21.0
2026-07-16 22:19:00,79.16,79.18,79.15,79.18,11.0
2026-07-16 22:20:00,79.18,79.18,79.17,79.17,4.0
2026-07-16 22:21:00,79.16,79.16,79.15,79.15,5.0
2026-07-16 22:22:00,79.16,79.16,79.15,79.15,2.0
2026-07-16 22:23:00,79.14,79.14,79.13,79.13,11.0
2026-07-16 22:24:00,79.13,79.13,79.13,79.13,1.0
2026-07-16 22:25:00,79.13,79.13,79.13,79.13,2.0
2026-07-16 22:26:00,79.14,79.14,79.11,79.12,19.0
2026-07-16 22:27:00,79.11,79.11,79.06,79.08,66.0
2026-07-16 22:28:00,79.09,79.12,79.08,79.09,42.0
2026-07-16 22:29:00,79.09,79.09,79.07,79.07,26.0
2026-07-16 22:30:00,79.07,79.08,78.99,79.0,122.0
2026-07-16 22:31:00,79.0,79.02,78.93,78.96,51.0
2026-07-16 22:32:00,78.97,79.02,78.95,78.97,57.0
2026-07-16 22:33:00,78.98,79.07,78.97,79.06,41.0
2026-07-16 22:34:00,79.07,79.07,78.98,78.98,66.0
2026-07-16 22:35:00,78.98,78.98,78.89,78.9,122.0
2026-07-16 22:36:00,78.9,78.9,78.85,78.89,103.0
2026-07-16 22:37:00,78.9,78.91,78.89,78.91,12.0
2026-07-16 22:38:00,78.92,78.95,78.92,78.94,13.0
2026-07-16 22:39:00,78.94,78.99,78.94,78.96,23.0
2026-07-16 22:40:00,78.96,78.96,78.92,78.92,13.0
2026-07-16 22:41:00,78.93,78.96,78.92,78.93,27.0
2026-07-16 22:42:00,78.92,78.96,78.9,78.96,19.0
2026-07-16 22:43:00,78.97,78.97,78.91,78.91,20.0
2026-07-16 22:44:00,78.95,78.99,78.95,78.97,10.0
2026-07-16 22:45:00,78.98,78.98,78.96,78.96,16.0
2026-07-16 22:46:00,78.94,78.97,78.92,78.92,6.0
2026-07-16 22:47:00,78.92,78.94,78.91,78.91,28.0
2026-07-16 22:48:00,78.95,78.96,78.94,78.95,16.0
2026-07-16 22:49:00,78.95,78.95,78.87,78.88,39.0
2026-07-16 22:50:00,78.86,78.96,78.86,78.96,85.0
2026-07-16 22:51:00,78.95,78.96,78.79,78.79,165.0
2026-07-16 22:52:00,78.8,78.86,78.79,78.82,54.0
2026-07-16 22:53:00,78.8,78.86,78.77,78.83,105.0
2026-07-16 22:54:00,78.83,79.0,78.83,78.99,166.0
2026-07-16 22:55:00,78.99,78.99,78.93,78.93,96.0
2026-07-16 22:56:00,78.94,78.97,78.91,78.92,47.0
2026-07-16 22:57:00,78.94,78.97,78.94,78.97,25.0
2026-07-16 22:58:00,78.97,79.02,78.94,79.0,37.0
2026-07-16 22:59:00,79.02,79.05,79.01,79.03,32.0
2026-07-16 23:00:00,79.01,79.02,78.97,79.02,20.0
2026-07-16 23:01:00,79.01,79.01,79.0,79.0,20.0
2026-07-16 23:02:00,79.0,79.06,78.99,79.04,22.0
2026-07-16 23:03:00,79.05,79.08,79.04,79.08,13.0
2026-07-16 23:04:00,79.08,79.08,79.02,79.07,17.0
2026-07-16 23:05:00,79.05,79.08,79.05,79.05,16.0
2026-07-16 23:06:00,79.05,79.09,79.05,79.06,15.0
2026-07-16 23:07:00,79.06,79.06,79.01,79.02,13.0
2026-07-16 23:08:00,79.0,79.01,78.98,78.99,17.0
2026-07-16 23:09:00,79.0,79.04,79.0,79.04,28.0
2026-07-16 23:10:00,79.04,79.1,79.04,79.07,18.0
2026-07-16 23:11:00,79.1,79.11,79.06,79.06,40.0
2026-07-16 23:12:00,79.05,79.07,79.04,79.04,9.0
2026-07-16 23:13:00,79.03,79.03,79.02,79.02,12.0
2026-07-16 23:14:00,79.02,79.03,79.02,79.03,2.0
2026-07-16 23:15:00,79.02,79.02,78.97,78.99,15.0
2026-07-16 23:16:00,78.96,78.96,78.89,78.92,49.0
2026-07-16 23:17:00,78.91,78.91,78.87,78.91,27.0
2026-07-16 23:18:00,78.91,78.92,78.88,78.91,10.0
2026-07-16 23:19:00,78.89,78.93,78.89,78.89,14.0
2026-07-16 23:20:00,78.93,78.94,78.89,78.92,7.0
2026-07-16 23:21:00,78.92,78.93,78.91,78.93,7.0
2026-07-16 23:22:00,78.93,78.93,78.92,78.92,30.0
2026-07-16 23:23:00,78.92,78.92,78.91,78.91,3.0
2026-07-16 23:24:00,78.93,78.99,78.93,78.99,7.0
2026-07-16 23:25:00,78.99,79.04,78.96,79.04,25.0
2026-07-16 23:26:00,79.05,79.05,79.02,79.02,13.0
2026-07-16 23:27:00,79.03,79.03,79.01,79.02,8.0
2026-07-16 23:28:00,79.03,79.05,79.03,79.05,9.0
2026-07-16 23:29:00,79.04,79.07,79.03,79.05,27.0
2026-07-16 23:30:00,79.06,79.06,78.98,78.98,48.0
2026-07-16 23:31:00,78.99,79.01,78.98,79.0,34.0
2026-07-16 23:32:00,78.99,78.99,78.94,78.95,24.0
2026-07-16 23:33:00,78.94,78.97,78.94,78.96,19.0
2026-07-16 23:34:00,78.97,78.98,78.96,78.98,16.0
2026-07-16 23:35:00,78.97,78.97,78.96,78.97,7.0
2026-07-16 23:36:00,78.95,78.96,78.95,78.96,5.0
2026-07-16 23:37:00,78.96,78.98,78.96,78.97,11.0
2026-07-16 23:38:00,78.97,78.98,78.97,78.98,8.0
2026-07-16 23:39:00,78.97,78.98,78.96,78.98,7.0
2026-07-16 23:40:00,78.98,78.98,78.96,78.98,13.0
2026-07-16 23:41:00,78.99,79.06,78.99,79.05,73.0
2026-07-16 23:42:00,79.05,79.05,79.04,79.04,5.0
2026-07-16 23:43:00,79.05,79.09,79.05,79.08,33.0
2026-07-16 23:44:00,79.1,79.14,79.1,79.1,46.0
2026-07-16 23:45:00,79.08,79.11,79.07,79.07,21.0
2026-07-16 23:46:00,79.08,79.08,79.05,79.06,21.0
2026-07-16 23:47:00,79.05,79.06,79.05,79.05,5.0
2026-07-16 23:48:00,79.06,79.07,79.06,79.07,6.0
2026-07-16 23:49:00,79.08,79.09,79.08,79.08,5.0
2026-07-16 23:50:00,79.08,79.08,79.07,79.07,10.0
2026-07-16 23:51:00,79.07,79.07,79.06,79.06,4.0
2026-07-16 23:52:00,79.07,79.09,79.07,79.07,11.0
2026-07-16 23:53:00,79.06,79.07,79.06,79.07,4.0
2026-07-16 23:54:00,79.08,79.09,79.08,79.09,6.0
2026-07-16 23:55:00,79.09,79.12,79.09,79.12,23.0
2026-07-16 23:56:00,79.12,79.13,79.11,79.11,8.0
2026-07-16 23:57:00,79.13,79.16,79.13,79.15,19.0
2026-07-16 23:58:00,79.15,79.16,79.14,79.16,15.0
2026-07-16 23:59:00,79.17,79.17,79.14,79.16,20.0
2026-07-17 00:00:00,79.15,79.18,79.15,79.16,19.0
2026-07-17 00:01:00,79.17,79.17,79.12,79.16,27.0
2026-07-17 00:02:00,79.16,79.18,79.15,79.15,24.0
2026-07-17 00:03:00,79.15,79.15,79.14,79.15,14.0
2026-07-17 00:04:00,79.15,79.15,79.14,79.14,3.0
2026-07-17 00:05:00,79.14,79.14,79.11,79.11,32.0
2026-07-17 00:06:00,79.12,79.12,79.08,79.09,47.0
2026-07-17 00:07:00,79.1,79.1,79.1,79.1,3.0
2026-07-17 00:08:00,79.1,79.1,79.07,79.1,21.0
2026-07-17 00:09:00,79.09,79.12,79.08,79.12,17.0
2026-07-17 00:10:00,79.13,79.15,79.13,79.15,13.0
2026-07-17 00:11:00,79.13,79.18,79.13,79.16,42.0
2026-07-17 00:12:00,79.15,79.17,79.15,79.16,18.0
2026-07-17 00:13:00,79.15,79.17,79.15,79.17,12.0
2026-07-17 00:14:00,79.18,79.18,79.18,79.18,6.0
2026-07-17 00:15:00,79.18,79.2,79.17,79.18,20.0
2026-07-17 00:16:00,79.18,79.22,79.18,79.19,26.0
2026-07-17 00:17:00,79.18,79.18,79.15,79.16,18.0
2026-07-17 00:18:00,79.17,79.21,79.17,79.21,10.0
2026-07-17 00:19:00,79.2,79.21,79.19,79.19,27.0
2026-07-17 00:20:00,79.17,79.19,79.17,79.19,5.0
2026-07-17 00:21:00,79.2,79.22,79.18,79.22,55.0
2026-07-17 00:22:00,79.21,79.22,79.19,79.19,26.0
2026-07-17 00:23:00,79.2,79.23,79.2,79.22,28.0
2026-07-17 00:24:00,79.22,79.24,79.22,79.23,30.0
2026-07-17 00:25:00,79.22,79.24,79.22,79.24,16.0
2026-07-17 00:26:00,79.24,79.28,79.23,79.25,47.0
2026-07-17 00:27:00,79.24,79.26,79.24,79.26,7.0
2026-07-17 00:28:00,79.24,79.26,79.24,79.25,14.0
2026-07-17 00:29:00,79.26,79.26,79.25,79.25,11.0
2026-07-17 00:30:00,79.25,79.26,79.25,79.26,6.0
2026-07-17 00:31:00,79.26,79.27,79.25,79.27,14.0
2026-07-17 00:32:00,79.27,79.27,79.26,79.27,4.0
2026-07-17 00:33:00,79.27,79.27,79.25,79.25,4.0
2026-07-17 00:34:00,79.26,79.28,79.26,79.27,20.0
2026-07-17 00:35:00,79.26,79.27,79.25,79.27,19.0
2026-07-17 00:36:00,79.27,79.27,79.24,79.25,35.0
2026-07-17 00:37:00,79.24,79.24,79.22,79.22,13.0
2026-07-17 00:38:00,79.21,79.24,79.2,79.23,22.0
2026-07-17 00:39:00,79.23,79.23,79.2,79.2,10.0
2026-07-17 00:40:00,79.21,79.21,79.21,79.21,3.0
2026-07-17 00:41:00,79.21,79.23,79.21,79.22,17.0
2026-07-17 00:42:00,79.22,79.23,79.19,79.19,12.0
2026-07-17 00:43:00,79.2,79.2,79.17,79.18,22.0
2026-07-17 00:44:00,79.18,79.18,79.16,79.17,8.0
2026-07-17 00:45:00,79.16,79.17,79.16,79.17,3.0
2026-07-17 00:46:00,79.17,79.17,79.16,79.16,6.0
2026-07-17 00:47:00,79.15,79.16,79.15,79.15,4.0
2026-07-17 00:48:00,79.15,79.15,79.12,79.15,16.0
2026-07-17 00:49:00,79.12,79.14,79.12,79.13,10.0
2026-07-17 00:50:00,79.13,79.13,79.13,79.13,4.0
2026-07-17 00:51:00,79.13,79.14,79.13,79.14,4.0
2026-07-17 00:52:00,79.12,79.14,79.1,79.12,25.0
2026-07-17 00:53:00,79.13,79.14,79.12,79.12,25.0
2026-07-17 00:54:00,79.12,79.12,79.11,79.11,11.0
2026-07-17 00:55:00,79.11,79.18,79.11,79.16,56.0
2026-07-17 00:56:00,79.16,79.17,79.16,79.16,4.0
2026-07-17 00:57:00,79.17,79.18,79.17,79.18,7.0
2026-07-17 00:58:00,79.17,79.17,79.16,79.16,4.0
2026-07-17 00:59:00,79.17,79.19,79.17,79.19,3.0
2026-07-17 01:00:00,79.19,79.21,79.17,79.2,14.0
2026-07-17 01:01:00,79.19,79.19,79.16,79.18,8.0
2026-07-17 01:02:00,79.18,79.19,79.18,79.18,5.0
2026-07-17 01:03:00,79.18,79.18,79.17,79.17,2.0
2026-07-17 01:04:00,79.17,79.19,79.16,79.16,9.0
2026-07-17 01:05:00,79.18,79.18,79.16,79.16,6.0
2026-07-17 01:06:00,79.15,79.15,79.12,79.13,10.0
2026-07-17 01:07:00,79.13,79.13,79.11,79.12,60.0
2026-07-17 01:08:00,79.12,79.16,79.12,79.12,15.0
2026-07-17 01:09:00,79.12,79.12,79.06,79.06,86.0
2026-07-17 01:10:00,79.06,79.07,79.06,79.07,7.0
2026-07-17 01:11:00,79.06,79.06,79.05,79.06,16.0
2026-07-17 01:12:00,79.06,79.08,79.05,79.07,20.0
2026-07-17 01:13:00,79.07,79.07,79.07,79.07,1.0
2026-07-17 01:14:00,79.06,79.07,79.05,79.06,11.0
2026-07-17 01:15:00,79.07,79.08,79.06,79.08,6.0
2026-07-17 01:16:00,79.08,79.09,79.06,79.06,9.0
2026-07-17 01:17:00,79.06,79.09,79.06,79.09,11.0
2026-07-17 01:18:00,79.09,79.09,79.07,79.07,5.0
2026-07-17 01:19:00,79.07,79.07,79.07,79.07,1.0
2026-07-17 01:20:00,79.07,79.07,79.04,79.04,4.0
2026-07-17 01:21:00,79.04,79.04,79.01,79.03,38.0
2026-07-17 01:22:00,79.03,79.07,79.03,79.06,24.0
2026-07-17 01:23:00,79.05,79.05,79.04,79.04,6.0
2026-07-17 01:24:00,79.04,79.04,79.03,79.03,2.0
2026-07-17 01:25:00,79.01,79.02,78.98,79.0,27.0
2026-07-17 01:26:00,79.0,79.0,78.99,79.0,11.0
2026-07-17 01:27:00,79.0,79.03,79.0,79.03,9.0
2026-07-17 01:28:00,79.02,79.02,78.95,78.95,13.0
2026-07-17 01:29:00,78.95,78.99,78.93,78.98,34.0
2026-07-17 01:30:00,78.98,79.03,78.94,79.01,49.0
2026-07-17 01:31:00,79.02,79.04,78.96,78.96,14.0
2026-07-17 01:32:00,78.95,79.1,78.95,79.1,18.0
2026-07-17 01:33:00,79.11,79.11,78.96,78.96,29.0
2026-07-17 01:34:00,78.98,79.03,78.97,79.01,16.0
2026-07-17 01:35:00,78.99,78.99,78.89,78.91,53.0
2026-07-17 01:36:00,78.91,78.94,78.85,78.86,47.0
2026-07-17 01:37:00,78.88,78.9,78.85,78.86,46.0
2026-07-17 01:38:00,78.87,78.87,78.81,78.83,44.0
2026-07-17 01:39:00,78.84,78.84,78.77,78.78,54.0
2026-07-17 01:40:00,78.78,78.78,78.61,78.62,169.0
2026-07-17 01:41:00,78.62,78.62,78.29,78.38,443.0
2026-07-17 01:42:00,78.38,78.39,78.13,78.22,364.0
2026-07-17 01:43:00,78.22,78.4,78.18,78.38,170.0
2026-07-17 01:44:00,78.4,78.4,78.31,78.34,91.0
2026-07-17 01:45:00,78.35,78.39,78.22,78.3,108.0
2026-07-17 01:46:00,78.32,78.32,78.15,78.23,101.0
2026-07-17 01:47:00,78.23,78.39,78.17,78.39,73.0
2026-07-17 01:48:00,78.37,78.37,78.24,78.33,78.0
2026-07-17 01:49:00,78.33,78.36,78.23,78.24,79.0
2026-07-17 01:50:00,78.25,78.35,78.24,78.35,41.0
2026-07-17 01:51:00,78.37,78.4,78.32,78.36,49.0
2026-07-17 01:52:00,78.33,78.43,78.32,78.42,42.0
2026-07-17 01:53:00,78.43,78.47,78.41,78.47,55.0
2026-07-17 01:54:00,78.47,78.5,78.41,78.41,56.0
2026-07-17 01:55:00,78.41,78.44,78.33,78.35,59.0
2026-07-17 01:56:00,78.37,78.46,78.37,78.46,18.0
2026-07-17 01:57:00,78.45,78.45,78.39,78.44,32.0
2026-07-17 01:58:00,78.45,78.45,78.36,78.36,59.0
2026-07-17 01:59:00,78.34,78.4,78.34,78.38,34.0
2026-07-17 02:00:00,78.43,78.45,78.32,78.33,93.0
2026-07-17 02:01:00,78.34,78.36,78.28,78.29,84.0
2026-07-17 02:02:00,78.28,78.28,78.16,78.16,129.0
2026-07-17 02:03:00,78.15,78.22,78.1,78.11,127.0
2026-07-17 02:04:00,78.11,78.14,78.06,78.09,114.0
2026-07-17 02:05:00,78.07,78.1,77.93,78.02,491.0
2026-07-17 02:06:00,78.01,78.05,77.95,78.0,81.0
2026-07-17 02:07:00,77.98,78.06,77.98,78.06,86.0
2026-07-17 02:08:00,78.03,78.04,77.98,77.98,28.0
2026-07-17 02:09:00,77.98,78.06,77.98,78.01,35.0
2026-07-17 02:10:00,78.02,78.05,77.99,78.02,62.0
2026-07-17 02:11:00,78.02,78.08,77.98,78.02,95.0
2026-07-17 02:12:00,78.02,78.09,78.02,78.04,49.0
2026-07-17 02:13:00,78.07,78.07,77.97,78.04,96.0
2026-07-17 02:14:00,78.04,78.13,78.0,78.13,67.0
2026-07-17 02:15:00,78.14,78.15,78.08,78.08,37.0
2026-07-17 02:16:00,78.08,78.16,78.06,78.16,53.0
2026-07-17 02:17:00,78.17,78.22,78.15,78.22,62.0
2026-07-17 02:18:00,78.23,78.3,78.22,78.28,87.0
2026-07-17 02:19:00,78.28,78.31,78.26,78.31,47.0
2026-07-17 02:20:00,78.3,78.33,78.28,78.31,26.0
2026-07-17 02:21:00,78.32,78.34,78.25,78.25,42.0
2026-07-17 02:22:00,78.24,78.24,78.17,78.21,56.0
2026-07-17 02:23:00,78.15,78.19,78.08,78.14,180.0
2026-07-17 02:24:00,78.14,78.21,78.14,78.19,59.0
2026-07-17 02:25:00,78.19,78.25,78.19,78.25,57.0
2026-07-17 02:26:00,78.25,78.36,78.25,78.33,43.0
2026-07-17 02:27:00,78.33,78.39,78.33,78.37,48.0
2026-07-17 02:28:00,78.37,78.47,78.37,78.45,114.0
2026-07-17 02:29:00,78.44,78.48,78.42,78.44,107.0
2026-07-17 02:30:00,78.45,78.49,78.4,78.43,74.0
2026-07-17 02:31:00,78.43,78.43,78.38,78.42,29.0
2026-07-17 02:32:00,78.42,78.5,78.42,78.48,44.0
2026-07-17 02:33:00,78.47,78.47,78.42,78.43,26.0
2026-07-17 02:34:00,78.43,78.44,78.4,78.42,10.0
2026-07-17 02:35:00,78.44,78.59,78.44,78.58,179.0
2026-07-17 02:36:00,78.57,78.6,78.54,78.56,42.0
2026-07-17 02:37:00,78.58,78.67,78.56,78.67,350.0
2026-07-17 02:38:00,78.66,78.82,78.66,78.82,379.0
2026-07-17 02:39:00,78.81,78.83,78.77,78.79,198.0
2026-07-17 02:40:00,78.8,78.84,78.76,78.78,120.0
2026-07-17 02:41:00,78.78,78.88,78.78,78.86,87.0
2026-07-17 02:42:00,78.87,78.89,78.8,78.81,114.0
2026-07-17 02:43:00,78.78,78.85,78.77,78.84,68.0
2026-07-17 02:44:00,78.85,78.85,78.71,78.72,69.0
2026-07-17 02:45:00,78.73,78.76,78.72,78.76,43.0
2026-07-17 02:46:00,78.77,78.85,78.75,78.84,51.0
2026-07-17 02:47:00,78.82,78.83,78.78,78.8,28.0
2026-07-17 02:48:00,78.8,78.82,78.75,78.77,48.0
2026-07-17 02:49:00,78.77,78.79,78.69,78.71,42.0
2026-07-17 02:50:00,78.7,78.7,78.59,78.59,103.0
2026-07-17 02:51:00,78.59,78.64,78.58,78.61,27.0
2026-07-17 02:52:00,78.6,78.6,78.51,78.55,37.0
2026-07-17 02:53:00,78.54,78.6,78.54,78.58,43.0
2026-07-17 02:54:00,78.58,78.65,78.57,78.65,39.0
2026-07-17 02:55:00,78.64,78.67,78.63,78.64,39.0
2026-07-17 02:56:00,78.63,78.64,78.58,78.64,41.0
2026-07-17 02:57:00,78.66,78.67,78.64,78.64,17.0
2026-07-17 02:58:00,78.66,78.67,78.64,78.65,42.0
2026-07-17 02:59:00,78.63,78.68,78.63,78.65,15.0
2026-07-17 03:00:00,78.63,78.76,78.61,78.67,156.0
2026-07-17 03:01:00,78.67,78.75,78.67,78.71,63.0
2026-07-17 03:02:00,78.73,78.79,78.73,78.74,57.0
2026-07-17 03:03:00,78.74,78.77,78.68,78.7,45.0
2026-07-17 03:04:00,78.68,78.74,78.67,78.69,57.0
2026-07-17 03:05:00,78.69,78.8,78.69,78.74,61.0
2026-07-17 03:06:00,78.76,78.84,78.74,78.81,64.0
2026-07-17 03:07:00,78.82,78.84,78.81,78.84,28.0
2026-07-17 03:08:00,78.83,78.92,78.83,78.9,83.0
2026-07-17 03:09:00,78.91,78.96,78.9,78.92,64.0
2026-07-17 03:10:00,78.9,78.95,78.88,78.92,48.0
2026-07-17 03:11:00,78.93,78.94,78.89,78.91,91.0
2026-07-17 03:12:00,78.9,78.93,78.89,78.92,51.0
2026-07-17 03:13:00,78.91,78.93,78.89,78.9,62.0
2026-07-17 03:14:00,78.9,78.93,78.85,78.87,71.0
2026-07-17 03:15:00,78.87,78.88,78.77,78.79,67.0
2026-07-17 03:16:00,78.78,78.84,78.78,78.79,43.0
2026-07-17 03:17:00,78.8,78.94,78.8,78.85,69.0
2026-07-17 03:18:00,78.86,78.9,78.85,78.9,23.0
2026-07-17 03:19:00,78.89,78.99,78.89,78.96,68.0
2026-07-17 03:20:00,78.97,79.03,78.97,79.0,79.0
2026-07-17 03:21:00,78.98,79.0,78.94,78.97,36.0
2026-07-17 03:22:00,78.97,79.08,78.96,79.07,90.0
2026-07-17 03:23:00,79.08,79.12,79.01,79.02,100.0
2026-07-17 03:24:00,79.01,79.09,79.01,79.04,91.0
2026-07-17 03:25:00,79.04,79.12,79.01,79.12,71.0
2026-07-17 03:26:00,79.11,79.14,79.06,79.07,61.0
2026-07-17 03:27:00,79.07,79.08,78.98,78.99,30.0
2026-07-17 03:28:00,79.0,79.09,78.96,79.09,124.0
2026-07-17 03:29:00,79.08,79.11,79.0,79.01,61.0
2026-07-17 03:30:00,79.0,79.05,78.97,79.05,38.0
2026-07-17 03:31:00,79.04,79.04,78.97,78.99,28.0
2026-07-17 03:32:00,78.99,79.05,78.98,78.99,65.0
2026-07-17 03:33:00,78.99,79.04,78.98,79.03,58.0
2026-07-17 03:34:00,79.03,79.03,78.97,79.0,25.0
2026-07-17 03:35:00,79.01,79.06,79.01,79.04,50.0
2026-07-17 03:36:00,79.03,79.04,78.93,79.02,109.0
2026-07-17 03:37:00,79.02,79.02,78.9,78.97,100.0
2026-07-17 03:38:00,78.96,78.96,78.88,78.92,55.0
2026-07-17 03:39:00,78.92,78.94,78.91,78.91,28.0
2026-07-17 03:40:00,78.92,78.94,78.89,78.93,34.0
2026-07-17 03:41:00,78.94,78.97,78.92,78.97,21.0
2026-07-17 03:42:00,78.97,78.98,78.92,78.96,35.0
2026-07-17 03:43:00,78.96,78.96,78.9,78.92,26.0
2026-07-17 03:44:00,78.93,78.95,78.91,78.93,21.0
2026-07-17 03:45:00,78.94,78.97,78.93,78.95,29.0
2026-07-17 03:46:00,78.95,78.95,78.83,78.87,43.0
2026-07-17 03:47:00,78.86,78.87,78.8,78.81,40.0
2026-07-17 03:48:00,78.79,78.8,78.75,78.77,46.0
2026-07-17 03:49:00,78.77,78.8,78.77,78.8,22.0
2026-07-17 03:50:00,78.8,78.83,78.77,78.81,52.0
2026-07-17 03:51:00,78.81,78.81,78.72,78.79,40.0
2026-07-17 03:52:00,78.78,78.78,78.76,78.76,14.0
2026-07-17 03:53:00,78.79,78.81,78.78,78.81,19.0
2026-07-17 03:54:00,78.79,78.8,78.79,78.8,14.0
2026-07-17 03:55:00,78.8,78.85,78.78,78.78,48.0
2026-07-17 03:56:00,78.78,78.81,78.76,78.81,30.0
2026-07-17 03:57:00,78.8,78.83,78.8,78.83,15.0
2026-07-17 03:58:00,78.86,78.89,78.72,78.76,87.0
2026-07-17 03:59:00,78.76,78.8,78.73,78.77,65.0
2026-07-17 04:00:00,78.76,78.79,78.69,78.73,87.0
2026-07-17 04:01:00,78.72,78.72,78.63,78.63,49.0
2026-07-17 04:02:00,78.61,78.63,78.58,78.6,45.0
2026-07-17 04:03:00,78.6,78.72,78.6,78.72,61.0
2026-07-17 04:04:00,78.69,78.7,78.53,78.57,87.0
2026-07-17 04:05:00,78.58,78.64,78.56,78.63,31.0
2026-07-17 04:06:00,78.66,78.7,78.6,78.61,63.0
2026-07-17 04:07:00,78.59,78.79,78.59,78.75,131.0
2026-07-17 04:08:00,78.75,78.75,78.67,78.7,44.0
2026-07-17 04:09:00,78.71,78.72,78.65,78.65,21.0
2026-07-17 04:10:00,78.66,78.72,78.66,78.72,13.0
2026-07-17 04:11:00,78.69,78.83,78.67,78.81,79.0
2026-07-17 04:12:00,78.79,78.85,78.74,78.78,153.0
2026-07-17 04:13:00,78.8,78.89,78.8,78.84,56.0
2026-07-17 04:14:00,78.84,78.84,78.8,78.81,17.0
2026-07-17 04:15:00,78.81,78.82,78.68,78.68,57.0
2026-07-17 04:16:00,78.67,78.68,78.62,78.63,42.0
2026-07-17 04:17:00,78.65,78.72,78.64,78.67,40.0
2026-07-17 04:18:00,78.64,78.65,78.58,78.61,59.0
2026-07-17 04:19:00,78.61,78.63,78.57,78.62,44.0
2026-07-17 04:20:00,78.6,78.64,78.56,78.59,76.0
2026-07-17 04:21:00,78.59,78.63,78.59,78.62,26.0
2026-07-17 04:22:00,78.64,78.87,78.64,78.87,88.0
2026-07-17 04:23:00,78.86,78.9,78.82,78.88,80.0
2026-07-17 04:24:00,78.87,78.9,78.83,78.9,42.0
2026-07-17 04:25:00,78.91,79.0,78.89,79.0,111.0
2026-07-17 04:26:00,78.98,79.09,78.97,79.09,215.0
2026-07-17 04:27:00,79.08,79.11,79.03,79.04,122.0
2026-07-17 04:28:00,79.05,79.07,78.97,79.04,120.0
2026-07-17 04:29:00,79.05,79.1,78.94,79.07,226.0
2026-07-17 04:30:00,79.05,79.09,78.94,79.07,185.0
2026-07-17 04:31:00,79.08,79.09,78.93,78.99,57.0
2026-07-17 04:32:00,79.0,79.02,78.95,78.98,29.0
2026-07-17 04:33:00,78.97,79.01,78.95,79.0,56.0
2026-07-17 04:34:00,79.02,79.09,78.99,79.09,83.0
2026-07-17 04:35:00,79.09,79.09,78.91,78.91,63.0
2026-07-17 04:36:00,78.91,78.95,78.87,78.87,45.0
2026-07-17 04:37:00,78.86,78.88,78.8,78.84,43.0
2026-07-17 04:38:00,78.83,78.95,78.83,78.94,27.0
2026-07-17 04:39:00,78.9,78.9,78.85,78.86,69.0
2026-07-17 04:40:00,78.86,78.88,78.82,78.82,77.0
2026-07-17 04:41:00,78.8,78.83,78.8,78.83,14.0
2026-07-17 04:42:00,78.85,78.91,78.82,78.91,30.0
2026-07-17 04:43:00,78.93,79.02,78.93,78.97,39.0
2026-07-17 04:44:00,78.96,79.01,78.96,78.96,37.0
2026-07-17 04:45:00,78.97,79.02,78.95,79.02,48.0
2026-07-17 04:46:00,79.02,79.03,79.01,79.03,15.0
2026-07-17 04:47:00,79.03,79.07,79.01,79.02,34.0
2026-07-17 04:48:00,79.05,79.05,79.01,79.04,26.0
2026-07-17 04:49:00,79.04,79.07,79.02,79.03,26.0
2026-07-17 04:50:00,79.06,79.08,79.03,79.07,39.0
2026-07-17 04:51:00,79.09,79.11,79.05,79.05,73.0
2026-07-17 04:52:00,79.07,79.2,79.07,79.19,104.0
2026-07-17 04:53:00,79.2,79.26,79.18,79.2,111.0
2026-07-17 04:54:00,79.2,79.21,79.17,79.2,40.0
2026-07-17 04:55:00,79.21,79.23,79.09,79.11,87.0
2026-07-17 04:56:00,79.11,79.12,79.08,79.09,64.0
2026-07-17 04:57:00,79.1,79.19,79.08,79.13,108.0
2026-07-17 04:58:00,79.13,79.27,79.1,79.27,134.0
2026-07-17 04:59:00,79.26,79.32,79.24,79.29,170.0
2026-07-17 05:00:00,79.32,79.38,79.29,79.38,113.0
2026-07-17 05:01:00,79.36,79.58,79.34,79.56,668.0
2026-07-17 05:02:00,79.56,79.61,79.49,79.58,252.0
2026-07-17 05:03:00,79.58,79.62,79.48,79.51,155.0
2026-07-17 05:04:00,79.52,79.57,79.45,79.45,149.0
2026-07-17 05:05:00,79.44,79.52,79.43,79.51,110.0
2026-07-17 05:06:00,79.52,79.55,79.46,79.54,200.0
2026-07-17 05:07:00,79.52,79.54,79.4,79.46,84.0
2026-07-17 05:08:00,79.46,79.58,79.45,79.53,121.0
2026-07-17 05:09:00,79.54,79.6,79.52,79.57,114.0
2026-07-17 05:10:00,79.58,79.58,79.5,79.53,90.0
2026-07-17 05:11:00,79.52,79.57,79.5,79.55,130.0
2026-07-17 05:12:00,79.54,79.55,79.49,79.51,39.0
2026-07-17 05:13:00,79.53,79.53,79.44,79.45,84.0
2026-07-17 05:14:00,79.44,79.46,79.4,79.45,89.0
2026-07-17 05:15:00,79.45,79.48,79.42,79.43,128.0
2026-07-17 05:16:00,79.42,79.5,79.4,79.5,115.0
2026-07-17 05:17:00,79.49,79.53,79.44,79.47,62.0
2026-07-17 05:18:00,79.49,79.53,79.48,79.49,49.0
2026-07-17 05:19:00,79.49,79.53,79.49,79.53,36.0
2026-07-17 05:20:00,79.53,79.63,79.53,79.58,96.0
2026-07-17 05:21:00,79.6,79.69,79.58,79.69,210.0
2026-07-17 05:22:00,79.69,79.76,79.68,79.73,172.0
2026-07-17 05:23:00,79.74,79.77,79.71,79.73,97.0
2026-07-17 05:24:00,79.74,79.75,79.69,79.7,87.0
2026-07-17 05:25:00,79.69,79.75,79.67,79.72,104.0
2026-07-17 05:26:00,79.71,79.78,79.71,79.75,125.0
2026-07-17 05:27:00,79.76,79.81,79.75,79.77,181.0
2026-07-17 05:28:00,79.78,79.81,79.75,79.8,120.0
2026-07-17 05:29:00,79.78,79.83,79.76,79.77,92.0
2026-07-17 05:30:00,79.78,79.86,79.77,79.81,132.0
2026-07-17 05:31:00,79.81,79.82,79.66,79.68,94.0
2026-07-17 05:32:00,79.68,79.77,79.68,79.71,83.0
2026-07-17 05:33:00,79.7,79.79,79.69,79.77,86.0
2026-07-17 05:34:00,79.78,79.82,79.75,79.76,73.0
2026-07-17 05:35:00,79.77,79.81,79.74,79.78,85.0
2026-07-17 05:36:00,79.78,79.87,79.76,79.79,164.0
2026-07-17 05:37:00,79.79,79.93,79.79,79.9,253.0
2026-07-17 05:38:00,79.88,79.9,79.84,79.85,49.0
2026-07-17 05:39:00,79.87,79.89,79.83,79.86,49.0
2026-07-17 05:40:00,79.85,79.88,79.83,79.83,36.0
2026-07-17 05:41:00,79.84,79.85,79.75,79.75,96.0
2026-07-17 05:42:00,79.76,79.77,79.72,79.76,95.0
2026-07-17 05:43:00,79.76,79.8,79.65,79.65,95.0
2026-07-17 05:44:00,79.66,79.74,79.66,79.73,75.0
2026-07-17 05:45:00,79.72,79.73,79.69,79.71,69.0
2026-07-17 05:46:00,79.69,79.72,79.66,79.72,92.0
2026-07-17 05:47:00,79.73,79.73,79.69,79.73,42.0
2026-07-17 05:48:00,79.72,79.73,79.67,79.67,31.0
2026-07-17 05:49:00,79.69,79.83,79.69,79.8,101.0
2026-07-17 05:50:00,79.81,79.84,79.8,79.84,75.0
2026-07-17 05:51:00,79.83,79.91,79.82,79.87,128.0
2026-07-17 05:52:00,79.88,79.89,79.84,79.86,138.0
2026-07-17 05:53:00,79.84,79.88,79.82,79.86,73.0
2026-07-17 05:54:00,79.86,79.88,79.83,79.87,80.0
2026-07-17 05:55:00,79.87,79.89,79.84,79.86,79.0
2026-07-17 05:56:00,79.85,79.9,79.84,79.89,101.0
2026-07-17 05:57:00,79.86,79.86,79.79,79.82,89.0
2026-07-17 05:58:00,79.83,79.87,79.8,79.83,111.0
2026-07-17 05:59:00,79.85,79.86,79.77,79.77,117.0
2026-07-17 06:00:00,79.77,79.77,79.62,79.62,138.0
2026-07-17 06:01:00,79.62,79.62,79.56,79.61,134.0
2026-07-17 06:02:00,79.61,79.62,79.56,79.59,80.0
2026-07-17 06:03:00,79.6,79.61,79.58,79.6,43.0
2026-07-17 06:04:00,79.6,79.67,79.58,79.67,56.0
2026-07-17 06:05:00,79.67,79.69,79.64,79.68,68.0
2026-07-17 06:06:00,79.69,79.74,79.69,79.72,82.0
2026-07-17 06:07:00,79.74,79.81,79.74,79.81,77.0
2026-07-17 06:08:00,79.82,79.83,79.81,79.83,33.0
2026-07-17 06:09:00,79.82,79.98,79.82,79.95,207.0
2026-07-17 06:10:00,79.97,79.99,79.88,79.94,147.0
2026-07-17 06:11:00,79.93,79.96,79.91,79.93,127.0
2026-07-17 06:12:00,79.94,79.96,79.9,79.91,62.0
2026-07-17 06:13:00,79.91,79.98,79.91,79.95,111.0
2026-07-17 06:14:00,79.97,80.03,79.95,79.98,920.0
2026-07-17 06:15:00,79.98,80.0,79.91,79.95,163.0
2026-07-17 06:16:00,79.94,80.05,79.94,80.04,114.0
2026-07-17 06:17:00,80.05,80.08,79.98,80.01,136.0
2026-07-17 06:18:00,80.01,80.08,80.0,80.05,172.0
2026-07-17 06:19:00,80.04,80.06,80.03,80.05,17.0
2026-07-17 06:20:00,80.05,80.06,80.0,80.0,26.0
2026-07-17 06:21:00,80.0,80.02,79.97,80.01,58.0
2026-07-17 06:22:00,80.01,80.04,80.01,80.01,70.0
2026-07-17 06:23:00,80.01,80.04,79.92,79.93,103.0
2026-07-17 06:24:00,79.94,80.02,79.94,80.01,59.0
2026-07-17 06:25:00,80.03,80.09,80.02,80.05,182.0
2026-07-17 06:26:00,80.05,80.05,79.95,79.95,32.0
2026-07-17 06:27:00,79.97,79.97,79.88,79.92,83.0
2026-07-17 06:28:00,79.91,79.91,79.85,79.89,71.0
2026-07-17 06:29:00,79.88,79.89,79.84,79.84,56.0
2026-07-17 06:30:00,79.85,79.85,79.81,79.83,57.0
2026-07-17 06:31:00,79.83,79.83,79.77,79.82,74.0
2026-07-17 06:32:00,79.8,79.81,79.78,79.79,46.0
2026-07-17 06:33:00,79.78,79.86,79.77,79.86,80.0
2026-07-17 06:34:00,79.87,79.87,79.84,79.87,24.0
2026-07-17 06:35:00,79.87,79.9,79.85,79.85,63.0
2026-07-17 06:36:00,79.85,79.85,79.8,79.83,42.0
2026-07-17 06:37:00,79.82,79.86,79.8,79.8,56.0
2026-07-17 06:38:00,79.8,79.81,79.75,79.76,231.0
2026-07-17 06:39:00,79.76,79.79,79.75,79.77,68.0
2026-07-17 06:40:00,79.77,79.78,79.74,79.77,90.0
2026-07-17 06:41:00,79.77,79.78,79.76,79.77,35.0
2026-07-17 06:42:00,79.78,79.82,79.77,79.82,64.0
2026-07-17 06:43:00,79.82,79.85,79.82,79.82,51.0
2026-07-17 06:44:00,79.82,79.82,79.78,79.79,66.0
2026-07-17 06:45:00,79.8,79.85,79.8,79.82,35.0
2026-07-17 06:46:00,79.82,79.85,79.81,79.85,58.0
2026-07-17 06:47:00,79.84,79.86,79.83,79.83,28.0
2026-07-17 06:48:00,79.84,79.87,79.83,79.84,54.0
2026-07-17 06:49:00,79.82,79.84,79.81,79.84,30.0
2026-07-17 06:50:00,79.83,79.84,79.8,79.82,48.0
2026-07-17 06:51:00,79.82,79.89,79.82,79.89,38.0
2026-07-17 06:52:00,79.89,79.94,79.89,79.92,55.0
2026-07-17 06:53:00,79.92,79.93,79.91,79.92,22.0
2026-07-17 06:54:00,79.92,79.99,79.92,79.98,47.0
2026-07-17 06:55:00,79.99,80.0,79.98,79.98,116.0
2026-07-17 06:56:00,79.99,79.99,79.96,79.98,72.0
2026-07-17 06:57:00,79.98,80.04,79.95,80.04,89.0
2026-07-17 06:58:00,80.04,80.04,80.0,80.01,70.0
2026-07-17 06:59:00,80.0,80.0,79.98,79.98,46.0
2026-07-17 07:00:00,79.99,80.03,79.92,80.03,212.0
2026-07-17 07:01:00,80.03,80.03,79.97,79.99,77.0
2026-07-17 07:02:00,79.98,80.03,79.97,80.03,42.0
2026-07-17 07:03:00,80.02,80.06,80.02,80.05,38.0
2026-07-17 07:04:00,80.06,80.07,80.01,80.02,93.0
2026-07-17 07:05:00,80.02,80.09,80.01,80.08,73.0
2026-07-17 07:06:00,80.09,80.17,80.07,80.15,294.0
2026-07-17 07:07:00,80.14,80.16,80.11,80.11,45.0
2026-07-17 07:08:00,80.12,80.16,80.12,80.12,23.0
2026-07-17 07:09:00,80.12,80.19,80.12,80.15,72.0
2026-07-17 07:10:00,80.17,80.23,80.17,80.2,91.0
2026-07-17 07:11:00,80.19,80.21,80.18,80.19,37.0
2026-07-17 07:12:00,80.2,80.23,80.19,80.19,68.0
2026-07-17 07:13:00,80.18,80.2,80.13,80.19,81.0
2026-07-17 07:14:00,80.2,80.2,80.15,80.16,52.0
2026-07-17 07:15:00,80.15,80.28,80.15,80.21,127.0
2026-07-17 07:16:00,80.21,80.27,80.21,80.27,34.0
2026-07-17 07:17:00,80.27,80.27,80.18,80.2,55.0
2026-07-17 07:18:00,80.21,80.21,80.18,80.18,22.0
2026-07-17 07:19:00,80.19,80.21,80.17,80.2,31.0
2026-07-17 07:20:00,80.2,80.32,80.17,80.26,151.0
2026-07-17 07:21:00,80.27,80.27,80.15,80.16,151.0
2026-07-17 07:22:00,80.19,80.23,80.18,80.22,36.0
2026-07-17 07:23:00,80.22,80.27,80.22,80.26,59.0
2026-07-17 07:24:00,80.27,80.29,80.21,80.21,79.0
2026-07-17 07:25:00,80.2,80.25,80.2,80.24,62.0
2026-07-17 07:26:00,80.24,80.24,80.17,80.17,35.0
2026-07-17 07:27:00,80.16,80.16,80.1,80.11,96.0
2026-07-17 07:28:00,80.11,80.13,80.11,80.11,24.0
2026-07-17 07:29:00,80.12,80.13,80.06,80.07,153.0
2026-07-17 07:30:00,80.07,80.1,80.04,80.05,73.0
2026-07-17 07:31:00,80.05,80.15,80.04,80.12,60.0
2026-07-17 07:32:00,80.11,80.15,80.1,80.13,52.0
2026-07-17 07:33:00,80.14,80.16,80.12,80.15,64.0
2026-07-17 07:34:00,80.15,80.19,80.14,80.19,30.0
2026-07-17 07:35:00,80.18,80.18,80.07,80.07,42.0
2026-07-17 07:36:00,80.09,80.09,80.05,80.06,47.0
2026-07-17 07:37:00,80.07,80.1,80.05,80.08,67.0
2026-07-17 07:38:00,80.08,80.09,80.03,80.09,31.0
2026-07-17 07:39:00,80.07,80.07,79.94,79.94,195.0
2026-07-17 07:40:00,79.93,80.02,79.92,80.01,154.0
2026-07-17 07:41:00,80.0,80.0,79.93,79.94,94.0
2026-07-17 07:42:00,79.94,79.97,79.94,79.95,40.0
2026-07-17 07:43:00,79.95,80.0,79.95,79.99,52.0
2026-07-17 07:44:00,80.0,80.01,79.96,79.97,131.0
2026-07-17 07:45:00,79.98,79.99,79.9,79.95,72.0
2026-07-17 07:46:00,79.96,79.99,79.95,79.98,48.0
2026-07-17 07:47:00,79.97,79.99,79.97,79.98,25.0
2026-07-17 07:48:00,79.97,80.0,79.96,79.99,71.0
2026-07-17 07:49:00,79.99,80.08,79.96,80.08,96.0
2026-07-17 07:50:00,80.08,80.15,80.04,80.09,164.0
2026-07-17 07:51:00,80.1,80.14,80.08,80.12,87.0
2026-07-17 07:52:00,80.12,80.2,80.1,80.14,119.0
2026-07-17 07:53:00,80.15,80.18,80.14,80.16,98.0
2026-07-17 07:54:00,80.17,80.2,80.14,80.17,132.0
2026-07-17 07:55:00,80.18,80.2,80.17,80.18,33.0
2026-07-17 07:56:00,80.18,80.18,80.14,80.14,32.0
2026-07-17 07:57:00,80.15,80.15,80.11,80.11,103.0
2026-07-17 07:58:00,80.12,80.18,80.11,80.18,101.0
2026-07-17 07:59:00,80.18,80.21,80.17,80.19,57.0
2026-07-17 08:00:00,80.2,80.21,80.14,80.17,89.0
2026-07-17 08:01:00,80.15,80.15,80.13,80.14,58.0
2026-07-17 08:02:00,80.15,80.16,80.12,80.15,56.0
2026-07-17 08:03:00,80.15,80.19,80.15,80.19,42.0
2026-07-17 08:04:00,80.18,80.2,80.17,80.2,64.0
2026-07-17 08:05:00,80.19,80.22,80.11,80.14,219.0
2026-07-17 08:06:00,80.14,80.14,80.1,80.12,59.0
2026-07-17 08:07:00,80.13,80.2,80.12,80.2,91.0
2026-07-17 08:08:00,80.2,80.22,80.15,80.17,48.0
2026-07-17 08:09:00,80.19,80.21,80.06,80.07,181.0
2026-07-17 08:10:00,80.06,80.15,80.06,80.11,77.0
2026-07-17 08:11:00,80.11,80.13,80.09,80.11,102.0
2026-07-17 08:12:00,80.11,80.14,80.1,80.1,70.0
2026-07-17 08:13:00,80.09,80.11,80.08,80.09,56.0
2026-07-17 08:14:00,80.08,80.11,80.05,80.1,76.0
2026-07-17 08:15:00,80.11,80.16,80.11,80.16,47.0
2026-07-17 08:16:00,80.16,80.22,80.16,80.22,95.0
2026-07-17 08:17:00,80.21,80.31,80.2,80.29,214.0
2026-07-17 08:18:00,80.28,80.31,80.14,80.2,178.0
2026-07-17 08:19:00,80.21,80.24,80.2,80.23,83.0
2026-07-17 08:20:00,80.22,80.26,80.21,80.26,61.0
2026-07-17 08:21:00,80.26,80.26,80.2,80.23,71.0
2026-07-17 08:22:00,80.23,80.23,80.19,80.2,83.0
2026-07-17 08:23:00,80.19,80.23,80.19,80.21,179.0
2026-07-17 08:24:00,80.22,80.24,80.2,80.24,72.0
2026-07-17 08:25:00,80.23,80.24,80.2,80.2,44.0
2026-07-17 08:26:00,80.2,80.23,80.13,80.13,105.0
2026-07-17 08:27:00,80.15,80.15,80.09,80.12,59.0
2026-07-17 08:28:00,80.12,80.15,80.11,80.15,48.0
2026-07-17 08:29:00,80.15,80.25,80.15,80.23,56.0
2026-07-17 08:30:00,80.26,80.32,80.26,80.31,124.0
2026-07-17 08:31:00,80.31,80.38,80.3,80.34,193.0
2026-07-17 08:32:00,80.36,80.37,80.3,80.3,196.0
2026-07-17 08:33:00,80.3,80.34,80.3,80.34,111.0
2026-07-17 08:34:00,80.34,80.43,80.31,80.39,245.0
2026-07-17 08:35:00,80.39,80.42,80.34,80.34,105.0
2026-07-17 08:36:00,80.35,80.36,80.29,80.31,80.0
2026-07-17 08:37:00,80.32,80.44,80.31,80.41,106.0
2026-07-17 08:38:00,80.42,80.42,80.35,80.38,113.0
2026-07-17 08:39:00,80.38,80.4,80.36,80.37,46.0
2026-07-17 08:40:00,80.38,80.38,80.32,80.34,70.0
2026-07-17 08:41:00,80.34,80.34,80.29,80.3,65.0
2026-07-17 08:42:00,80.3,80.36,80.28,80.29,89.0
2026-07-17 08:43:00,80.28,80.32,80.25,80.31,145.0
2026-07-17 08:44:00,80.31,80.33,80.26,80.33,99.0
2026-07-17 08:45:00,80.31,80.33,80.22,80.24,115.0
2026-07-17 08:46:00,80.23,80.23,80.19,80.21,115.0
2026-07-17 08:47:00,80.22,80.26,80.21,80.26,67.0
2026-07-17 08:48:00,80.27,80.28,80.23,80.24,44.0
2026-07-17 08:49:00,80.23,80.24,80.17,80.18,129.0
2026-07-17 08:50:00,80.18,80.21,80.13,80.14,190.0
2026-07-17 08:51:00,80.15,80.2,80.14,80.16,183.0
2026-07-17 08:52:00,80.15,80.15,80.1,80.15,197.0
2026-07-17 08:53:00,80.15,80.18,80.1,80.17,99.0
2026-07-17 08:54:00,80.18,80.21,80.16,80.21,70.0
2026-07-17 08:55:00,80.22,80.23,80.19,80.21,124.0
2026-07-17 08:56:00,80.22,80.26,80.17,80.26,185.0
2026-07-17 08:57:00,80.26,80.28,80.24,80.27,76.0
2026-07-17 08:58:00,80.27,80.46,80.22,80.41,552.0
2026-07-17 08:59:00,80.41,80.41,80.35,80.35,212.0
2026-07-17 09:00:00,80.34,80.63,80.29,80.63,1125.0
2026-07-17 09:01:00,80.61,80.78,80.6,80.77,1047.0
2026-07-17 09:02:00,80.76,80.89,80.73,80.75,565.0
2026-07-17 09:03:00,80.75,80.88,80.74,80.83,406.0
2026-07-17 09:04:00,80.83,80.98,80.83,80.9,497.0
2026-07-17 09:05:00,80.91,80.92,80.8,80.83,351.0
2026-07-17 09:06:00,80.83,80.93,80.81,80.93,242.0
2026-07-17 09:07:00,80.92,81.01,80.87,80.88,607.0
2026-07-17 09:08:00,80.89,80.92,80.83,80.84,199.0
2026-07-17 09:09:00,80.84,80.84,80.65,80.66,298.0
2026-07-17 09:10:00,80.66,80.73,80.65,80.72,193.0
2026-07-17 09:11:00,80.72,80.78,80.69,80.7,377.0
2026-07-17 09:12:00,80.71,80.78,80.7,80.77,183.0
2026-07-17 09:13:00,80.77,80.83,80.75,80.79,151.0
2026-07-17 09:14:00,80.8,80.87,80.8,80.85,105.0
2026-07-17 09:15:00,80.86,80.86,80.66,80.77,214.0
2026-07-17 09:16:00,80.78,80.84,80.76,80.77,113.0
2026-07-17 09:17:00,80.78,80.87,80.76,80.81,146.0
2026-07-17 09:18:00,80.81,80.87,80.79,80.83,118.0
2026-07-17 09:19:00,80.82,80.84,80.79,80.8,131.0
2026-07-17 09:20:00,80.79,80.9,80.77,80.9,201.0
2026-07-17 09:21:00,80.88,80.95,80.84,80.93,169.0
2026-07-17 09:22:00,80.93,81.02,80.92,81.0,346.0
2026-07-17 09:23:00,80.99,81.01,80.94,80.99,152.0
2026-07-17 09:24:00,80.99,81.0,80.93,80.94,120.0
2026-07-17 09:25:00,80.93,80.96,80.92,80.96,57.0
2026-07-17 09:26:00,80.94,80.96,80.9,80.91,103.0
2026-07-17 09:27:00,80.91,80.95,80.86,80.93,246.0
2026-07-17 09:28:00,80.92,80.94,80.86,80.87,170.0
2026-07-17 09:29:00,80.88,80.98,80.88,80.95,273.0
2026-07-17 09:30:00,80.94,81.06,80.92,81.02,444.0
2026-07-17 09:31:00,81.03,81.04,80.89,80.9,310.0
2026-07-17 09:32:00,80.91,81.0,80.91,80.96,130.0
2026-07-17 09:33:00,80.96,81.03,80.93,80.99,138.0
2026-07-17 09:34:00,81.02,81.05,80.87,80.88,195.0
2026-07-17 09:35:00,80.88,80.93,80.86,80.88,185.0
2026-07-17 09:36:00,80.89,80.9,80.78,80.84,307.0
2026-07-17 09:37:00,80.83,80.83,80.65,80.66,355.0
2026-07-17 09:38:00,80.66,80.71,80.63,80.68,262.0
2026-07-17 09:39:00,80.67,80.69,80.58,80.6,219.0
2026-07-17 09:40:00,80.61,80.84,80.58,80.84,203.0
2026-07-17 09:41:00,80.83,80.85,80.74,80.81,245.0
2026-07-17 09:42:00,80.8,80.83,80.73,80.83,95.0
2026-07-17 09:43:00,80.82,80.84,80.77,80.8,138.0
2026-07-17 09:44:00,80.81,80.92,80.79,80.91,176.0
2026-07-17 09:45:00,80.92,80.94,80.86,80.88,131.0
2026-07-17 09:46:00,80.89,80.95,80.88,80.94,174.0
2026-07-17 09:47:00,80.94,80.99,80.92,80.93,160.0
2026-07-17 09:48:00,80.93,80.99,80.93,80.98,137.0
2026-07-17 09:49:00,80.97,81.0,80.94,80.97,108.0
2026-07-17 09:50:00,80.98,81.07,80.98,81.03,271.0
2026-07-17 09:51:00,81.02,81.17,81.02,81.14,315.0
2026-07-17 09:52:00,81.13,81.15,81.04,81.09,239.0
2026-07-17 09:53:00,81.1,81.12,81.07,81.09,169.0
2026-07-17 09:54:00,81.09,81.12,81.06,81.07,142.0
2026-07-17 09:55:00,81.09,81.14,81.08,81.14,113.0
2026-07-17 09:56:00,81.13,81.14,81.06,81.08,120.0
2026-07-17 09:57:00,81.09,81.1,81.04,81.06,123.0
2026-07-17 09:58:00,81.06,81.18,81.06,81.11,165.0
2026-07-17 09:59:00,81.12,81.2,81.1,81.14,204.0
2026-07-17 10:00:00,81.14,81.16,81.05,81.08,279.0
2026-07-17 10:01:00,81.1,81.16,81.09,81.15,172.0
2026-07-17 10:02:00,81.15,81.22,81.15,81.18,195.0
2026-07-17 10:03:00,81.18,81.21,81.15,81.15,215.0
2026-07-17 10:04:00,81.15,81.25,81.15,81.22,482.0
2026-07-17 10:05:00,81.23,81.25,81.17,81.18,188.0
2026-07-17 10:06:00,81.16,81.17,81.06,81.06,249.0
2026-07-17 10:07:00,81.06,81.07,80.95,80.98,256.0
2026-07-17 10:08:00,80.99,81.05,80.98,80.99,196.0
2026-07-17 10:09:00,80.99,81.02,80.9,80.95,241.0
2026-07-17 10:10:00,80.95,81.13,80.95,81.08,183.0
2026-07-17 10:11:00,81.07,81.11,81.03,81.09,102.0
2026-07-17 10:12:00,81.09,81.13,81.09,81.1,120.0
2026-07-17 10:13:00,81.1,81.11,81.07,81.1,220.0
2026-07-17 10:14:00,81.11,81.12,81.05,81.12,160.0
2026-07-17 10:15:00,81.11,81.11,80.95,80.95,209.0
2026-07-17 10:16:00,80.95,81.0,80.89,80.97,317.0
2026-07-17 10:17:00,80.97,80.98,80.91,80.98,184.0
2026-07-17 10:18:00,80.98,80.99,80.87,80.88,154.0
2026-07-17 10:19:00,80.87,81.02,80.87,81.01,153.0
2026-07-17 10:20:00,81.0,81.02,80.92,80.99,183.0
2026-07-17 10:21:00,81.0,81.0,80.91,80.93,98.0
2026-07-17 10:22:00,80.93,80.99,80.92,80.96,84.0
2026-07-17 10:23:00,80.95,80.95,80.87,80.88,113.0
2026-07-17 10:24:00,80.88,80.91,80.84,80.88,208.0
2026-07-17 10:25:00,80.89,80.93,80.84,80.85,191.0
2026-07-17 10:26:00,80.86,80.91,80.83,80.91,143.0
2026-07-17 10:27:00,80.92,80.93,80.87,80.9,120.0
2026-07-17 10:28:00,80.9,80.95,80.9,80.92,121.0
2026-07-17 10:29:00,80.93,80.97,80.89,80.91,104.0
2026-07-17 10:30:00,80.9,80.9,80.76,80.77,318.0
2026-07-17 10:31:00,80.76,80.79,80.73,80.76,194.0
2026-07-17 10:32:00,80.78,80.79,80.68,80.68,187.0
2026-07-17 10:33:00,80.69,80.79,80.69,80.76,188.0
2026-07-17 10:34:00,80.75,80.76,80.64,80.66,249.0
2026-07-17 10:35:00,80.64,80.64,80.53,80.58,549.0
2026-07-17 10:36:00,80.58,80.73,80.58,80.73,268.0
2026-07-17 10:37:00,80.72,80.73,80.68,80.7,129.0
2026-07-17 10:38:00,80.69,80.72,80.65,80.7,103.0
2026-07-17 10:39:00,80.72,80.76,80.7,80.71,124.0
2026-07-17 10:40:00,80.7,80.77,80.68,80.77,131.0
2026-07-17 10:41:00,80.75,80.77,80.72,80.74,76.0
2026-07-17 10:42:00,80.74,80.77,80.66,80.72,128.0
2026-07-17 10:43:00,80.71,80.76,80.68,80.76,103.0
2026-07-17 10:44:00,80.76,80.8,80.74,80.8,147.0
2026-07-17 10:45:00,80.79,80.8,80.69,80.69,109.0
2026-07-17 10:46:00,80.7,80.7,80.63,80.64,148.0
2026-07-17 10:47:00,80.64,80.72,80.64,80.69,139.0
2026-07-17 10:48:00,80.69,80.77,80.68,80.76,127.0
2026-07-17 10:49:00,80.77,80.77,80.69,80.69,101.0
2026-07-17 10:50:00,80.69,80.7,80.58,80.62,164.0
2026-07-17 10:51:00,80.61,80.64,80.59,80.64,95.0
2026-07-17 10:52:00,80.64,80.65,80.57,80.58,317.0
2026-07-17 10:53:00,80.57,80.58,80.52,80.56,362.0
2026-07-17 10:54:00,80.56,80.56,80.43,80.44,362.0
2026-07-17 10:55:00,80.45,80.46,80.4,80.42,439.0
2026-07-17 10:56:00,80.42,80.43,80.36,80.42,564.0
2026-07-17 10:57:00,80.42,80.42,80.3,80.35,487.0
2026-07-17 10:58:00,80.36,80.37,80.3,80.3,401.0
2026-07-17 10:59:00,80.31,80.31,80.17,80.22,1004.0
2026-07-17 11:00:00,80.21,80.33,80.14,80.32,409.0
2026-07-17 11:01:00,80.32,80.35,80.23,80.27,298.0
2026-07-17 11:02:00,80.27,80.31,80.17,80.19,358.0
2026-07-17 11:03:00,80.18,80.19,80.01,80.02,748.0
2026-07-17 11:04:00,80.02,80.06,79.98,80.03,541.0
2026-07-17 11:05:00,80.04,80.04,79.87,80.02,729.0
2026-07-17 11:06:00,80.02,80.13,80.01,80.09,293.0
2026-07-17 11:07:00,80.09,80.12,80.02,80.04,220.0
2026-07-17 11:08:00,80.02,80.06,79.99,80.05,127.0
2026-07-17 11:09:00,80.04,80.05,79.97,79.97,145.0
2026-07-17 11:10:00,79.97,79.97,79.82,79.89,557.0
2026-07-17 11:11:00,79.88,79.94,79.85,79.93,181.0
2026-07-17 11:12:00,79.92,79.95,79.88,79.92,180.0
2026-07-17 11:13:00,79.91,80.03,79.88,80.0,207.0
2026-07-17 11:14:00,80.01,80.03,79.96,79.97,178.0
2026-07-17 11:15:00,79.97,80.14,79.97,80.14,208.0
2026-07-17 11:16:00,80.14,80.26,80.11,80.23,344.0
2026-07-17 11:17:00,80.22,80.32,80.21,80.31,271.0
2026-07-17 11:18:00,80.3,80.32,80.26,80.26,150.0
2026-07-17 11:19:00,80.25,80.28,80.13,80.16,175.0
2026-07-17 11:20:00,80.19,80.23,80.02,80.03,157.0
2026-07-17 11:21:00,80.03,80.19,80.03,80.18,151.0
2026-07-17 11:22:00,80.18,80.31,80.17,80.28,117.0
2026-07-17 11:23:00,80.28,80.38,80.28,80.35,269.0
2026-07-17 11:24:00,80.34,80.46,80.32,80.45,895.0
2026-07-17 11:25:00,80.44,80.5,80.39,80.48,418.0
2026-07-17 11:26:00,80.48,80.54,80.44,80.46,299.0
2026-07-17 11:27:00,80.45,80.47,80.37,80.44,220.0
2026-07-17 11:28:00,80.42,80.5,80.41,80.5,204.0
2026-07-17 11:29:00,80.5,80.57,80.4,80.42,556.0
2026-07-17 11:30:00,80.42,80.43,80.3,80.42,284.0
2026-07-17 11:31:00,80.43,80.5,80.39,80.48,208.0
2026-07-17 11:32:00,80.48,80.82,80.48,80.63,1692.0
2026-07-17 11:33:00,80.63,80.74,80.53,80.73,460.0
2026-07-17 11:34:00,80.74,80.79,80.69,80.69,574.0
2026-07-17 11:35:00,80.71,80.81,80.68,80.73,220.0
2026-07-17 11:36:00,80.73,80.75,80.61,80.65,171.0
2026-07-17 11:37:00,80.67,80.69,80.59,80.63,130.0
2026-07-17 11:38:00,80.63,80.83,80.63,80.82,182.0
2026-07-17 11:39:00,80.81,80.85,80.75,80.76,238.0
2026-07-17 11:40:00,80.77,80.83,80.74,80.78,181.0
2026-07-17 11:41:00,80.77,80.79,80.72,80.77,62.0
2026-07-17 11:42:00,80.77,80.77,80.7,80.71,90.0
2026-07-17 11:43:00,80.71,80.75,80.68,80.74,137.0
2026-07-17 11:44:00,80.75,80.75,80.69,80.71,79.0
2026-07-17 11:45:00,80.72,80.75,80.68,80.68,87.0
2026-07-17 11:46:00,80.67,80.69,80.64,80.64,92.0
2026-07-17 11:47:00,80.65,80.66,80.6,80.61,109.0
2026-07-17 11:48:00,80.61,80.64,80.6,80.64,79.0
2026-07-17 11:49:00,80.64,80.66,80.61,80.65,80.0
2026-07-17 11:50:00,80.65,80.73,80.64,80.66,111.0
2026-07-17 11:51:00,80.67,80.7,80.65,80.67,79.0
2026-07-17 11:52:00,80.68,80.72,80.68,80.7,73.0
2026-07-17 11:53:00,80.7,80.81,80.7,80.78,122.0
2026-07-17 11:54:00,80.77,80.79,80.73,80.77,123.0
2026-07-17 11:55:00,80.77,80.79,80.73,80.77,92.0
2026-07-17 11:56:00,80.76,80.78,80.69,80.78,119.0
2026-07-17 11:57:00,80.77,80.78,80.69,80.7,75.0
2026-07-17 11:58:00,80.7,80.72,80.66,80.67,94.0
2026-07-17 11:59:00,80.67,80.7,80.66,80.68,89.0
2026-07-17 12:00:00,80.69,80.78,80.62,80.77,191.0
2026-07-17 12:01:00,80.78,81.13,80.77,81.1,1519.0
2026-07-17 12:02:00,81.1,81.29,81.09,81.29,737.0
2026-07-17 12:03:00,81.29,81.4,81.21,81.29,788.0
2026-07-17 12:04:00,81.31,81.33,81.2,81.2,270.0
2026-07-17 12:05:00,81.2,81.26,81.08,81.09,307.0
2026-07-17 12:06:00,81.09,81.27,81.09,81.25,173.0
2026-07-17 12:07:00,81.24,81.35,81.19,81.32,186.0
2026-07-17 12:08:00,81.33,81.39,81.3,81.36,292.0
2026-07-17 12:09:00,81.35,81.42,81.24,81.39,311.0
2026-07-17 12:10:00,81.38,81.41,81.33,81.38,218.0
2026-07-17 12:11:00,81.36,81.43,81.35,81.38,136.0
2026-07-17 12:12:00,81.38,81.45,81.38,81.38,256.0
2026-07-17 12:13:00,81.37,81.41,81.36,81.4,188.0
2026-07-17 12:14:00,81.4,81.41,81.3,81.32,216.0
2026-07-17 12:15:00,81.32,81.36,81.3,81.34,209.0
2026-07-17 12:16:00,81.33,81.52,81.32,81.51,261.0
2026-07-17 12:17:00,81.5,81.5,81.34,81.35,231.0
2026-07-17 12:18:00,81.33,81.35,81.28,81.3,145.0
2026-07-17 12:19:00,81.31,81.35,81.3,81.31,89.0
2026-07-17 12:20:00,81.31,81.32,81.25,81.29,143.0
2026-07-17 12:21:00,81.28,81.33,81.23,81.3,165.0
2026-07-17 12:22:00,81.3,81.32,81.21,81.22,169.0
2026-07-17 12:23:00,81.23,81.36,81.22,81.32,207.0
2026-07-17 12:24:00,81.34,81.48,81.34,81.46,157.0
2026-07-17 12:25:00,81.46,81.5,81.42,81.5,238.0
2026-07-17 12:26:00,81.5,81.51,81.39,81.4,236.0
2026-07-17 12:27:00,81.4,81.45,81.37,81.4,112.0
2026-07-17 12:28:00,81.39,81.44,81.36,81.43,81.0
2026-07-17 12:29:00,81.43,81.44,81.37,81.41,86.0
2026-07-17 12:30:00,81.41,81.42,81.35,81.4,101.0
2026-07-17 12:31:00,81.4,81.42,81.38,81.38,92.0
2026-07-17 12:32:00,81.39,81.39,81.31,81.32,143.0
2026-07-17 12:33:00,81.32,81.35,81.3,81.35,77.0
2026-07-17 12:34:00,81.34,81.42,81.33,81.4,88.0
2026-07-17 12:35:00,81.41,81.45,81.39,81.42,104.0
2026-07-17 12:36:00,81.41,81.43,81.39,81.43,99.0
2026-07-17 12:37:00,81.42,81.47,81.38,81.4,135.0
2026-07-17 12:38:00,81.4,81.4,81.38,81.39,46.0
2026-07-17 12:39:00,81.39,81.39,81.29,81.29,125.0
2026-07-17 12:40:00,81.29,81.3,81.21,81.26,276.0
2026-07-17 12:41:00,81.25,81.28,81.25,81.27,134.0
2026-07-17 12:42:00,81.28,81.34,81.28,81.3,106.0
2026-07-17 12:43:00,81.3,81.31,81.25,81.31,104.0
2026-07-17 12:44:00,81.31,81.36,81.29,81.34,102.0
2026-07-17 12:45:00,81.34,81.36,81.33,81.33,56.0
2026-07-17 12:46:00,81.33,81.36,81.32,81.36,67.0
2026-07-17 12:47:00,81.36,81.36,81.28,81.3,75.0
2026-07-17 12:48:00,81.31,81.34,81.29,81.32,88.0
2026-07-17 12:49:00,81.32,81.35,81.22,81.22,185.0
2026-07-17 12:50:00,81.23,81.32,81.2,81.32,174.0
2026-07-17 12:51:00,81.32,81.39,81.31,81.36,187.0
2026-07-17 12:52:00,81.35,81.37,81.3,81.36,178.0
2026-07-17 12:53:00,81.36,81.48,81.36,81.48,194.0
2026-07-17 12:54:00,81.48,81.5,81.46,81.5,131.0
2026-07-17 12:55:00,81.49,81.54,81.49,81.52,222.0
2026-07-17 12:56:00,81.52,81.53,81.47,81.5,245.0
2026-07-17 12:57:00,81.49,81.54,81.49,81.51,121.0
2026-07-17 12:58:00,81.5,81.52,81.48,81.51,133.0
2026-07-17 12:59:00,81.5,81.5,81.44,81.47,350.0
2026-07-17 13:00:00,81.47,81.48,81.39,81.39,192.0
2026-07-17 13:01:00,81.39,81.43,81.34,81.38,173.0
2026-07-17 13:02:00,81.38,81.43,81.37,81.43,105.0
2026-07-17 13:03:00,81.44,81.45,81.33,81.33,144.0
2026-07-17 13:04:00,81.33,81.41,81.33,81.38,87.0
2026-07-17 13:05:00,81.37,81.37,81.28,81.29,209.0
2026-07-17 13:06:00,81.29,81.31,81.28,81.3,103.0
2026-07-17 13:07:00,81.3,81.37,81.3,81.37,102.0
2026-07-17 13:08:00,81.37,81.48,81.37,81.47,309.0
2026-07-17 13:09:00,81.48,81.5,81.44,81.45,89.0
2026-07-17 13:10:00,81.47,81.52,81.46,81.5,117.0
2026-07-17 13:11:00,81.51,81.53,81.48,81.5,159.0
2026-07-17 13:12:00,81.5,81.5,81.45,81.47,76.0
2026-07-17 13:13:00,81.47,81.53,81.47,81.53,100.0
2026-07-17 13:14:00,81.53,81.54,81.48,81.49,100.0
2026-07-17 13:15:00,81.49,81.51,81.45,81.45,144.0
2026-07-17 13:16:00,81.46,81.46,81.44,81.44,83.0
2026-07-17 13:17:00,81.45,81.49,81.44,81.49,172.0
2026-07-17 13:18:00,81.5,81.54,81.49,81.54,118.0
2026-07-17 13:19:00,81.54,81.58,81.53,81.57,170.0
2026-07-17 13:20:00,81.58,81.58,81.49,81.5,142.0
2026-07-17 13:21:00,81.51,81.57,81.5,81.54,77.0
2026-07-17 13:22:00,81.55,81.55,81.51,81.53,194.0
2026-07-17 13:23:00,81.53,81.62,81.53,81.61,150.0
2026-07-17 13:24:00,81.6,81.64,81.57,81.6,181.0
2026-07-17 13:25:00,81.6,81.67,81.6,81.65,330.0
2026-07-17 13:26:00,81.64,81.66,81.62,81.66,146.0
2026-07-17 13:27:00,81.67,81.67,81.65,81.66,136.0
2026-07-17 13:28:00,81.67,81.73,81.66,81.7,258.0
2026-07-17 13:29:00,81.7,81.71,81.63,81.64,128.0
2026-07-17 13:30:00,81.64,81.79,81.63,81.74,343.0
2026-07-17 13:31:00,81.75,81.82,81.75,81.81,437.0
2026-07-17 13:32:00,81.82,81.85,81.75,81.76,222.0
2026-07-17 13:33:00,81.75,81.77,81.75,81.75,106.0
2026-07-17 13:34:00,81.75,81.75,81.64,81.64,317.0
2026-07-17 13:35:00,81.64,81.68,81.62,81.66,245.0
2026-07-17 13:36:00,81.66,81.67,81.55,81.6,310.0
2026-07-17 13:37:00,81.6,81.61,81.51,81.51,134.0
2026-07-17 13:38:00,81.52,81.6,81.52,81.58,223.0
2026-07-17 13:39:00,81.57,81.58,81.54,81.56,155.0
2026-07-17 13:40:00,81.56,81.58,81.52,81.57,184.0
2026-07-17 13:41:00,81.57,81.63,81.54,81.59,491.0
2026-07-17 13:42:00,81.58,81.63,81.58,81.61,109.0
2026-07-17 13:43:00,81.61,81.78,81.61,81.78,233.0
2026-07-17 13:44:00,81.76,81.81,81.74,81.81,484.0
2026-07-17 13:45:00,81.81,81.87,81.77,81.87,331.0
2026-07-17 13:46:00,81.88,81.88,81.71,81.76,250.0
2026-07-17 13:47:00,81.76,81.77,81.68,81.72,217.0
2026-07-17 13:48:00,81.71,81.79,81.71,81.77,89.0
2026-07-17 13:49:00,81.78,81.79,81.69,81.78,185.0
2026-07-17 13:50:00,81.79,81.83,81.78,81.78,224.0
2026-07-17 13:51:00,81.78,81.79,81.73,81.75,92.0
2026-07-17 13:52:00,81.75,81.77,81.72,81.72,163.0
2026-07-17 13:53:00,81.73,81.75,81.68,81.7,106.0
2026-07-17 13:54:00,81.7,81.74,81.67,81.68,194.0
2026-07-17 13:55:00,81.68,81.71,81.67,81.71,215.0
2026-07-17 13:56:00,81.72,81.79,81.72,81.78,321.0
2026-07-17 13:57:00,81.77,81.8,81.76,81.8,329.0
2026-07-17 13:58:00,81.81,81.85,81.8,81.8,235.0
2026-07-17 13:59:00,81.8,81.82,81.75,81.77,329.0
2026-07-17 14:00:00,81.77,81.8,81.66,81.66,333.0
2026-07-17 14:01:00,81.68,81.68,81.61,81.67,238.0
2026-07-17 14:02:00,81.66,81.71,81.63,81.63,183.0
2026-07-17 14:03:00,81.64,81.79,81.64,81.79,171.0
2026-07-17 14:04:00,81.8,81.85,81.78,81.82,194.0
2026-07-17 14:05:00,81.82,81.93,81.82,81.93,308.0
2026-07-17 14:06:00,81.93,82.07,81.91,82.0,1093.0
2026-07-17 14:07:00,82.0,82.02,81.93,82.01,276.0
2026-07-17 14:08:00,82.0,82.03,81.95,81.95,186.0
2026-07-17 14:09:00,81.96,81.96,81.86,81.89,175.0
2026-07-17 14:10:00,81.9,81.91,81.83,81.86,153.0
2026-07-17 14:11:00,81.87,81.89,81.84,81.89,131.0
2026-07-17 14:12:00,81.9,82.0,81.9,81.98,150.0
2026-07-17 14:13:00,81.98,82.01,81.96,81.98,131.0
2026-07-17 14:14:00,81.98,82.02,81.97,82.01,149.0
2026-07-17 14:15:00,82.02,82.02,81.98,82.02,233.0
2026-07-17 14:16:00,82.02,82.06,81.99,81.99,213.0
2026-07-17 14:17:00,81.98,82.03,81.95,82.0,291.0
2026-07-17 14:18:00,82.0,82.01,81.98,82.0,118.0
2026-07-17 14:19:00,82.01,82.01,81.87,81.88,280.0
2026-07-17 14:20:00,81.87,81.91,81.85,81.88,209.0
2026-07-17 14:21:00,81.88,81.98,81.86,81.94,213.0
2026-07-17 14:22:00,81.95,81.96,81.89,81.89,191.0
2026-07-17 14:23:00,81.9,81.95,81.89,81.93,213.0
2026-07-17 14:24:00,81.94,82.03,81.94,82.0,265.0
2026-07-17 14:25:00,82.0,82.0,81.93,81.99,554.0
2026-07-17 14:26:00,81.98,82.05,81.94,82.0,600.0
2026-07-17 14:27:00,82.01,82.01,81.86,81.86,913.0
2026-07-17 14:28:00,81.85,81.93,81.77,81.81,2227.0
2026-07-17 14:29:00,81.81,81.82,81.65,81.67,2465.0
2026-07-17 14:30:00,81.66,81.69,81.62,81.64,642.0
2026-07-17 14:31:00,81.64,81.67,81.57,81.63,556.0
2026-07-17 14:32:00,81.63,81.68,81.59,81.67,399.0
2026-07-17 14:33:00,81.66,81.68,81.63,81.67,126.0
2026-07-17 14:34:00,81.67,81.69,81.5,81.51,440.0
2026-07-17 14:35:00,81.51,81.53,81.47,81.5,258.0
2026-07-17 14:36:00,81.5,81.54,81.43,81.54,403.0
2026-07-17 14:37:00,81.54,81.58,81.53,81.56,124.0
2026-07-17 14:38:00,81.57,81.63,81.56,81.56,274.0
2026-07-17 14:39:00,81.57,81.6,81.54,81.56,141.0
2026-07-17 14:40:00,81.56,81.57,81.5,81.52,127.0
2026-07-17 14:41:00,81.52,81.54,81.46,81.46,188.0
2026-07-17 14:42:00,81.46,81.47,81.37,81.39,529.0
2026-07-17 14:43:00,81.39,81.42,81.34,81.42,345.0
2026-07-17 14:44:00,81.43,81.45,81.41,81.42,106.0
2026-07-17 14:45:00,81.42,81.43,81.38,81.41,78.0
2026-07-17 14:46:00,81.41,81.48,81.41,81.46,136.0
2026-07-17 14:47:00,81.45,81.45,81.41,81.42,96.0
2026-07-17 14:48:00,81.4,81.43,81.36,81.4,183.0
2026-07-17 14:49:00,81.4,81.47,81.4,81.47,58.0
2026-07-17 14:50:00,81.47,81.48,81.41,81.41,263.0
2026-07-17 14:51:00,81.41,81.47,81.4,81.47,143.0
2026-07-17 14:52:00,81.46,81.52,81.46,81.46,155.0
2026-07-17 14:53:00,81.45,81.49,81.44,81.49,45.0
2026-07-17 14:54:00,81.49,81.5,81.44,81.49,86.0
2026-07-17 14:55:00,81.47,81.49,81.46,81.46,107.0
2026-07-17 14:56:00,81.45,81.46,81.43,81.44,63.0
2026-07-17 14:57:00,81.44,81.44,81.41,81.42,31.0
2026-07-17 14:58:00,81.42,81.46,81.41,81.45,56.0
2026-07-17 14:59:00,81.44,81.44,81.4,81.41,41.0
2026-07-17 15:00:00,81.42,81.42,81.37,81.4,59.0
2026-07-17 15:01:00,81.41,81.44,81.38,81.38,45.0
2026-07-17 15:02:00,81.39,81.39,81.34,81.36,77.0
2026-07-17 15:03:00,81.36,81.37,81.31,81.32,66.0
2026-07-17 15:04:00,81.32,81.39,81.32,81.36,60.0
2026-07-17 15:05:00,81.37,81.39,81.35,81.38,45.0
2026-07-17 15:06:00,81.38,81.43,81.34,81.39,110.0
2026-07-17 15:07:00,81.37,81.4,81.34,81.34,37.0
2026-07-17 15:08:00,81.35,81.38,81.33,81.34,43.0
2026-07-17 15:09:00,81.35,81.36,81.34,81.36,43.0
2026-07-17 15:10:00,81.35,81.39,81.35,81.39,40.0
2026-07-17 15:11:00,81.4,81.41,81.36,81.36,60.0
2026-07-17 15:12:00,81.35,81.35,81.31,81.33,63.0
2026-07-17 15:13:00,81.34,81.37,81.33,81.37,34.0
2026-07-17 15:14:00,81.38,81.39,81.36,81.38,110.0
2026-07-17 15:15:00,81.38,81.43,81.37,81.4,155.0
2026-07-17 15:16:00,81.39,81.41,81.36,81.37,98.0
2026-07-17 15:17:00,81.37,81.39,81.37,81.38,67.0
2026-07-17 15:18:00,81.38,81.38,81.35,81.38,73.0
2026-07-17 15:19:00,81.37,81.4,81.35,81.39,75.0
2026-07-17 15:20:00,81.4,81.44,81.4,81.43,42.0
2026-07-17 15:21:00,81.43,81.47,81.43,81.46,47.0
2026-07-17 15:22:00,81.45,81.45,81.37,81.38,58.0
2026-07-17 15:23:00,81.38,81.43,81.38,81.4,56.0
2026-07-17 15:24:00,81.4,81.41,81.37,81.41,49.0
2026-07-17 15:25:00,81.41,81.43,81.39,81.39,25.0
2026-07-17 15:26:00,81.41,81.44,81.4,81.41,70.0
2026-07-17 15:27:00,81.41,81.41,81.35,81.36,106.0
2026-07-17 15:28:00,81.35,81.42,81.33,81.38,254.0
2026-07-17 15:29:00,81.37,81.38,81.35,81.38,42.0
2026-07-17 15:30:00,81.36,81.36,81.27,81.32,385.0
2026-07-17 15:31:00,81.31,81.33,81.27,81.28,69.0
2026-07-17 15:32:00,81.29,81.29,81.21,81.24,182.0
2026-07-17 15:33:00,81.23,81.27,81.22,81.24,86.0
2026-07-17 15:34:00,81.24,81.28,81.15,81.16,143.0
2026-07-17 15:35:00,81.17,81.23,81.15,81.2,237.0
2026-07-17 15:36:00,81.2,81.22,81.18,81.21,49.0
2026-07-17 15:37:00,81.2,81.27,81.2,81.27,85.0
2026-07-17 15:38:00,81.26,81.34,81.24,81.28,71.0
2026-07-17 15:39:00,81.28,81.28,81.22,81.23,37.0
2026-07-17 15:40:00,81.22,81.24,81.19,81.2,90.0
2026-07-17 15:41:00,81.21,81.22,81.15,81.17,90.0
2026-07-17 15:42:00,81.17,81.2,81.13,81.15,128.0
2026-07-17 15:43:00,81.16,81.17,81.13,81.14,135.0
2026-07-17 15:44:00,81.13,81.14,81.08,81.14,99.0
2026-07-17 15:45:00,81.13,81.15,81.12,81.14,59.0
2026-07-17 15:46:00,81.14,81.21,81.14,81.17,120.0
2026-07-17 15:47:00,81.16,81.17,81.13,81.13,118.0
2026-07-17 15:48:00,81.13,81.2,81.13,81.2,95.0
2026-07-17 15:49:00,81.21,81.23,81.14,81.16,74.0
2026-07-17 15:50:00,81.17,81.28,81.13,81.27,139.0
2026-07-17 15:51:00,81.28,81.31,81.26,81.26,62.0
2026-07-17 15:52:00,81.26,81.34,81.25,81.33,64.0
2026-07-17 15:53:00,81.32,81.41,81.31,81.37,228.0
2026-07-17 15:54:00,81.35,81.46,81.34,81.41,111.0
2026-07-17 15:55:00,81.4,81.46,81.39,81.46,67.0
2026-07-17 15:56:00,81.45,81.45,81.42,81.42,108.0
2026-07-17 15:57:00,81.43,81.43,81.4,81.43,69.0
2026-07-17 15:58:00,81.43,81.46,81.41,81.44,86.0
2026-07-17 15:59:00,81.43,81.46,81.39,81.44,104.0
2026-07-17 16:00:00,81.44,81.48,81.43,81.46,62.0
2026-07-17 16:01:00,81.45,81.45,81.43,81.43,27.0
2026-07-17 16:02:00,81.41,81.42,81.33,81.33,54.0
2026-07-17 16:03:00,81.32,81.45,81.32,81.44,103.0
2026-07-17 16:04:00,81.44,81.54,81.43,81.52,84.0
2026-07-17 16:05:00,81.5,81.58,81.5,81.58,75.0
2026-07-17 16:06:00,81.57,81.6,81.57,81.6,75.0
2026-07-17 16:07:00,81.61,81.64,81.6,81.62,59.0
2026-07-17 16:08:00,81.63,81.64,81.58,81.59,62.0
2026-07-17 16:09:00,81.59,81.59,81.53,81.54,52.0
2026-07-17 16:10:00,81.54,81.54,81.51,81.52,21.0
2026-07-17 16:11:00,81.5,81.52,81.49,81.5,48.0
2026-07-17 16:12:00,81.51,81.53,81.5,81.52,27.0
2026-07-17 16:13:00,81.52,81.53,81.5,81.51,24.0
2026-07-17 16:14:00,81.52,81.53,81.51,81.51,13.0
2026-07-17 16:15:00,81.51,81.57,81.51,81.57,53.0
2026-07-17 16:16:00,81.55,81.56,81.52,81.55,36.0
2026-07-17 16:17:00,81.57,81.58,81.56,81.57,15.0
2026-07-17 16:18:00,81.56,81.57,81.55,81.55,42.0
2026-07-17 16:19:00,81.55,81.57,81.54,81.57,19.0
2026-07-17 16:20:00,81.57,81.65,81.56,81.65,68.0
2026-07-17 16:21:00,81.65,81.67,81.65,81.65,41.0
2026-07-17 16:22:00,81.65,81.7,81.65,81.7,89.0
2026-07-17 16:23:00,81.7,81.72,81.68,81.71,40.0
2026-07-17 16:24:00,81.7,81.73,81.68,81.69,36.0
2026-07-17 16:25:00,81.68,81.68,81.63,81.65,50.0
2026-07-17 16:26:00,81.66,81.67,81.65,81.67,13.0
2026-07-17 16:27:00,81.67,81.68,81.64,81.68,22.0
2026-07-17 16:28:00,81.68,81.72,81.68,81.71,85.0
2026-07-17 16:29:00,81.7,81.75,81.7,81.72,17.0
2026-07-17 16:30:00,81.72,81.83,81.72,81.78,104.0
2026-07-17 16:31:00,81.78,81.79,81.74,81.74,23.0
2026-07-17 16:32:00,81.73,81.74,81.68,81.68,28.0
2026-07-17 16:33:00,81.67,81.7,81.61,81.61,57.0
2026-07-17 16:34:00,81.63,81.71,81.63,81.7,54.0
2026-07-17 16:35:00,81.69,81.7,81.66,81.7,23.0
2026-07-17 16:36:00,81.73,81.81,81.73,81.78,47.0
2026-07-17 16:37:00,81.78,81.78,81.72,81.74,42.0
2026-07-17 16:38:00,81.74,81.79,81.74,81.78,20.0
2026-07-17 16:39:00,81.77,81.8,81.75,81.75,15.0
2026-07-17 16:40:00,81.76,81.78,81.76,81.77,24.0
2026-07-17 16:41:00,81.76,81.79,81.72,81.75,80.0
2026-07-17 16:42:00,81.76,81.79,81.76,81.79,19.0
2026-07-17 16:43:00,81.8,81.84,81.79,81.84,30.0
2026-07-17 16:44:00,81.82,81.86,81.79,81.86,50.0
2026-07-17 16:45:00,81.84,81.86,81.81,81.82,49.0
2026-07-17 16:46:00,81.8,81.82,81.77,81.82,37.0
2026-07-17 16:47:00,81.82,81.83,81.75,81.75,57.0
2026-07-17 16:48:00,81.76,81.77,81.71,81.74,21.0
2026-07-17 16:49:00,81.75,81.75,81.71,81.72,27.0
2026-07-17 16:50:00,81.72,81.73,81.69,81.73,33.0
2026-07-17 16:51:00,81.74,81.77,81.72,81.75,39.0
2026-07-17 16:52:00,81.76,81.77,81.76,81.76,10.0
2026-07-17 16:53:00,81.75,81.79,81.69,81.72,116.0
2026-07-17 16:54:00,81.71,81.75,81.71,81.71,46.0
2026-07-17 16:55:00,81.74,81.83,81.71,81.82,88.0
2026-07-17 16:56:00,81.82,81.85,81.76,81.81,254.0
2026-07-17 16:57:00,81.82,81.83,81.78,81.82,65.0
2026-07-17 16:58:00,81.81,81.83,81.77,81.82,61.0
2026-07-17 16:59:00,81.8,81.83,81.77,81.77,102.0
