Datetime,Open,High,Low,Close,Volume
2022-01-02 18:00:00,5123.75,5130.25,5123.50,5125.50,2107
2022-01-02 18:01:00,5125.50,5128.75,5124.25,5127.25,965
2022-01-02 18:02:00,5127.00,5128.75,5125.75,5125.75,481
2022-01-02 18:03:00,5125.75,5126.75,5124.50,5124.75,451
2022-01-02 18:04:00,5124.50,5126.25,5124.25,5126.00,396
2022-01-02 18:05:00,5126.00,5127.25,5125.75,5126.25,490
2022-01-02 18:06:00,5126.25,5128.25,5126.25,5128.25,217
2022-01-02 18:07:00,5128.25,5129.00,5127.25,5128.25,368
2022-01-02 18:08:00,5128.25,5128.75,5128.00,5128.25,198
2022-01-02 18:09:00,5128.25,5128.25,5126.50,5127.00,315
2022-01-02 18:10:00,5127.00,5127.50,5126.50,5127.25,277
2022-01-02 18:11:00,5127.00,5127.75,5126.75,5127.00,236
2022-01-02 18:12:00,5127.00,5127.50,5126.75,5127.00,148
2022-01-02 18:13:00,5126.75,5127.00,5126.00,5126.25,348
2022-01-02 18:14:00,5126.25,5126.25,5125.75,5125.75,129
2022-01-02 18:15:00,5125.75,5127.25,5125.75,5127.25,184
2022-01-02 18:16:00,5127.00,5127.50,5126.50,5127.50,263
2022-01-02 18:17:00,5127.50,5128.50,5127.50,5128.25,294
2022-01-02 18:18:00,5128.25,5128.25,5128.00,5128.25,235
2022-01-02 18:19:00,5128.50,5129.00,5128.25,5128.25,215
2022-01-02 18:20:00,5128.25,5128.75,5128.25,5128.50,320
2022-01-02 18:21:00,5128.50,5128.75,5127.00,5128.75,410
2022-01-02 18:22:00,5128.75,5130.25,5128.50,5129.00,492
2022-01-02 18:23:00,5128.75,5129.00,5127.50,5127.75,260
2022-01-02 18:24:00,5127.75,5128.00,5127.00,5127.50,166
2022-01-02 18:25:00,5127.50,5127.50,5125.75,5126.00,444
2022-01-02 18:26:00,5126.00,5127.00,5126.00,5126.75,77
2022-01-02 18:27:00,5127.00,5127.00,5126.50,5126.75,45
2022-01-02 18:28:00,5126.50,5127.75,5126.25,5127.75,151
2022-01-02 18:29:00,5127.75,5128.00,5127.25,5127.75,140
2022-01-02 18:30:00,5128.00,5128.25,5127.50,5127.50,165
2022-01-02 18:31:00,5127.75,5127.75,5127.50,5127.50,115
2022-01-02 18:32:00,5127.50,5127.75,5125.75,5126.00,292
2022-01-02 18:33:00,5126.00,5126.25,5125.75,5125.75,148
2022-01-02 18:34:00,5125.75,5126.25,5125.75,5126.25,107
2022-01-02 18:35:00,5126.25,5126.25,5125.75,5125.75,70
2022-01-02 18:36:00,5125.75,5126.25,5125.75,5126.25,45
2022-01-02 18:37:00,5126.25,5126.75,5126.00,5126.25,62
2022-01-02 18:38:00,5126.00,5127.25,5126.00,5126.50,119
2022-01-02 18:39:00,5126.50,5126.75,5126.50,5126.50,82
2022-01-02 18:40:00,5126.25,5126.25,5125.00,5125.75,197
2022-01-02 18:41:00,5125.75,5126.00,5125.50,5125.75,48
2022-01-02 18:42:00,5125.50,5125.75,5125.25,5125.25,65
2022-01-02 18:43:00,5125.25,5126.25,5125.25,5126.00,73
2022-01-02 18:44:00,5126.25,5126.25,5125.75,5126.25,50
2022-01-02 18:45:00,5126.25,5126.75,5125.75,5126.25,75
2022-01-02 18:46:00,5126.00,5126.75,5125.75,5126.50,40
2022-01-02 18:47:00,5126.50,5126.75,5126.50,5126.50,23
2022-01-02 18:48:00,5126.50,5126.75,5126.25,5126.75,26
2022-01-02 18:49:00,5126.75,5127.25,5126.75,5127.25,95
2022-01-02 18:50:00,5127.25,5127.25,5126.75,5126.75,60
2022-01-02 18:51:00,5126.75,5127.00,5126.50,5127.00,57
2022-01-02 18:52:00,5127.00,5127.50,5127.00,5127.25,55
2022-01-02 18:53:00,5127.50,5127.50,5127.25,5127.50,77
2022-01-02 18:54:00,5127.50,5127.50,5127.25,5127.25,13
2022-01-02 18:55:00,5127.25,5127.25,5126.75,5127.25,86
2022-01-02 18:56:00,5127.00,5127.00,5127.00,5127.00,22
2022-01-02 18:57:00,5127.00,5127.00,5126.50,5126.50,49
2022-01-02 18:58:00,5126.75,5128.25,5126.75,5128.00,211
2022-01-02 18:59:00,5128.25,5128.25,5127.75,5127.75,72
2022-01-02 19:00:00,5127.75,5129.00,5127.75,5127.75,211
2022-01-02 19:01:00,5128.00,5128.50,5127.75,5128.25,111
2022-01-02 19:02:00,5128.75,5129.50,5128.50,5128.75,250
2022-01-02 19:03:00,5128.75,5130.00,5128.75,5129.00,226
2022-01-02 19:04:00,5129.25,5129.25,5128.50,5128.75,107
2022-01-02 19:05:00,5129.00,5129.50,5129.00,5129.00,102
2022-01-02 19:06:00,5129.00,5129.25,5129.00,5129.25,58
2022-01-02 19:07:00,5129.25,5129.25,5128.75,5129.00,82
2022-01-02 19:08:00,5128.75,5128.75,5128.25,5128.50,126
2022-01-02 19:09:00,5128.50,5129.25,5128.50,5129.25,127
2022-01-02 19:10:00,5129.25,5129.75,5129.25,5129.50,165
2022-01-02 19:11:00,5129.75,5130.00,5129.25,5129.50,83
2022-01-02 19:12:00,5129.50,5129.50,5128.75,5128.75,126
2022-01-02 19:13:00,5128.75,5129.00,5128.50,5128.50,48
2022-01-02 19:14:00,5128.50,5128.50,5127.75,5127.75,86
2022-01-02 19:15:00,5128.00,5128.25,5127.50,5128.00,290
2022-01-02 19:16:00,5128.00,5129.50,5128.00,5129.25,244
2022-01-02 19:17:00,5129.25,5129.50,5129.00,5129.50,104
2022-01-02 19:18:00,5129.25,5129.50,5129.00,5129.25,62
2022-01-02 19:19:00,5129.00,5129.00,5128.75,5129.00,37
2022-01-02 19:20:00,5129.00,5130.25,5129.00,5129.75,303
2022-01-02 19:21:00,5130.00,5130.00,5129.50,5129.50,87
2022-01-02 19:22:00,5129.75,5129.75,5129.00,5129.75,87
2022-01-02 19:23:00,5129.50,5129.75,5129.50,5129.75,50
2022-01-02 19:24:00,5129.75,5132.25,5129.25,5131.50,1093
2022-01-02 19:25:00,5131.75,5132.25,5131.25,5131.25,484
2022-01-02 19:26:00,5131.50,5132.00,5130.50,5130.75,221
2022-01-02 19:27:00,5130.50,5131.25,5130.50,5131.00,267
2022-01-02 19:28:00,5131.25,5132.50,5130.75,5131.50,424
2022-01-02 19:29:00,5131.75,5132.50,5131.50,5132.25,202
2022-01-02 19:30:00,5132.25,5133.00,5132.00,5132.25,522
2022-01-02 19:31:00,5132.25,5132.50,5132.25,5132.50,102
2022-01-02 19:32:00,5132.75,5132.75,5132.00,5132.25,75
2022-01-02 19:33:00,5132.00,5132.50,5132.00,5132.25,87
2022-01-02 19:34:00,5132.25,5132.25,5131.50,5131.75,147
2022-01-02 19:35:00,5131.75,5132.50,5131.25,5132.50,126
2022-01-02 19:36:00,5132.50,5132.75,5132.50,5132.75,76
2022-01-02 19:37:00,5133.00,5133.50,5132.75,5133.50,209
2022-01-02 19:38:00,5133.50,5134.25,5133.25,5133.50,320
2022-01-02 19:39:00,5133.25,5133.50,5132.50,5132.75,118
2022-01-02 19:40:00,5132.75,5134.25,5132.75,5134.25,146
2022-01-02 19:41:00,5134.00,5135.00,5133.00,5133.00,529
2022-01-02 19:42:00,5133.00,5133.50,5132.75,5133.25,92
2022-01-02 19:43:00,5133.00,5133.50,5133.00,5133.25,90
2022-01-02 19:44:00,5133.50,5134.25,5133.25,5134.25,76
2022-01-02 19:45:00,5134.25,5134.25,5133.50,5134.00,78
2022-01-02 19:46:00,5134.25,5134.50,5133.75,5134.00,129
2022-01-02 19:47:00,5134.00,5134.75,5133.75,5134.50,139
2022-01-02 19:48:00,5134.75,5136.00,5134.50,5135.75,413
2022-01-02 19:49:00,5135.75,5135.75,5134.75,5135.75,194
2022-01-02 19:50:00,5135.50,5136.25,5135.50,5136.00,175
2022-01-02 19:51:00,5136.00,5136.25,5135.75,5136.00,122
2022-01-02 19:52:00,5135.75,5136.00,5134.75,5134.75,141
2022-01-02 19:53:00,5134.75,5135.25,5134.75,5134.75,148
2022-01-02 19:54:00,5135.00,5135.25,5135.00,5135.00,58
2022-01-02 19:55:00,5135.25,5135.25,5134.50,5134.75,168
2022-01-02 19:56:00,5134.75,5135.00,5134.25,5135.00,177
2022-01-02 19:57:00,5135.00,5136.25,5135.00,5136.00,175
2022-01-02 19:58:00,5135.75,5135.75,5135.25,5135.75,136
2022-01-02 19:59:00,5135.75,5136.75,5135.50,5135.75,356
2022-01-02 20:00:00,5135.75,5136.25,5135.50,5135.75,228
2022-01-02 20:01:00,5136.00,5136.00,5134.75,5135.50,318
2022-01-02 20:02:00,5135.25,5136.00,5135.00,5136.00,163
2022-01-02 20:03:00,5136.00,5136.00,5134.25,5134.50,246
2022-01-02 20:04:00,5134.50,5134.75,5133.75,5134.00,95
2022-01-02 20:05:00,5134.25,5134.75,5134.00,5134.00,160
2022-01-02 20:06:00,5134.25,5134.75,5134.00,5134.75,81
2022-01-02 20:07:00,5134.50,5135.00,5134.50,5134.75,123
2022-01-02 20:08:00,5135.00,5135.25,5134.75,5135.00,120
2022-01-02 20:09:00,5135.00,5135.00,5134.75,5135.00,105
2022-01-02 20:10:00,5135.00,5135.25,5134.50,5135.25,95
2022-01-02 20:11:00,5135.00,5135.75,5135.00,5135.50,186
2022-01-02 20:12:00,5135.50,5136.25,5135.25,5136.00,220
2022-01-02 20:13:00,5136.00,5136.25,5135.50,5136.00,211
2022-01-02 20:14:00,5136.25,5137.75,5136.25,5136.75,737
2022-01-02 20:15:00,5136.75,5137.25,5135.75,5136.25,286
2022-01-02 20:16:00,5136.50,5137.25,5136.25,5137.25,264
2022-01-02 20:17:00,5137.25,5137.50,5136.75,5137.00,140
2022-01-02 20:18:00,5137.00,5137.00,5136.00,5136.50,197
2022-01-02 20:19:00,5136.50,5137.50,5136.25,5137.25,250
2022-01-02 20:20:00,5137.00,5137.25,5136.50,5136.75,160
2022-01-02 20:21:00,5136.75,5136.75,5136.25,5136.50,215
2022-01-02 20:22:00,5136.50,5137.00,5136.50,5136.75,174
2022-01-02 20:23:00,5136.75,5137.00,5136.25,5136.75,200
2022-01-02 20:24:00,5136.75,5137.00,5136.75,5137.00,181
2022-01-02 20:25:00,5137.00,5137.75,5136.50,5136.75,181
2022-01-02 20:26:00,5136.75,5137.00,5136.25,5136.75,83
2022-01-02 20:27:00,5136.50,5136.75,5136.25,5136.25,202
2022-01-02 20:28:00,5136.25,5136.50,5136.00,5136.25,97
2022-01-02 20:29:00,5136.25,5136.25,5135.25,5136.00,193
2022-01-02 20:30:00,5135.75,5136.50,5135.75,5136.00,133
2022-01-02 20:31:00,5136.00,5136.00,5135.00,5135.25,138
2022-01-02 20:32:00,5135.25,5135.50,5134.75,5135.00,147
2022-01-02 20:33:00,5135.00,5136.00,5135.00,5135.75,125
2022-01-02 20:34:00,5135.75,5135.75,5135.00,5135.00,60
2022-01-02 20:35:00,5135.00,5135.00,5134.50,5134.75,107
2022-01-02 20:36:00,5134.75,5135.00,5133.25,5133.50,445
2022-01-02 20:37:00,5133.50,5133.75,5133.25,5133.25,264
2022-01-02 20:38:00,5133.25,5133.25,5132.75,5133.00,242
2022-01-02 20:39:00,5132.75,5133.25,5132.00,5133.25,281
2022-01-02 20:40:00,5133.00,5133.00,5131.50,5132.50,268
2022-01-02 20:41:00,5132.25,5132.25,5131.00,5131.25,492
2022-01-02 20:42:00,5131.25,5131.50,5129.75,5130.25,526
2022-01-02 20:43:00,5130.25,5130.50,5130.00,5130.25,256
2022-01-02 20:44:00,5130.00,5131.25,5130.00,5131.00,253
2022-01-02 20:45:00,5131.00,5131.50,5130.25,5131.00,431
2022-01-02 20:46:00,5130.75,5130.75,5129.25,5130.50,400
2022-01-02 20:47:00,5130.25,5130.50,5129.50,5130.25,250
2022-01-02 20:48:00,5130.25,5131.00,5130.00,5130.75,258
2022-01-02 20:49:00,5130.50,5131.25,5130.50,5130.50,185
2022-01-02 20:50:00,5130.50,5131.00,5130.25,5131.00,350
2022-01-02 20:51:00,5131.25,5131.50,5130.75,5131.00,109
2022-01-02 20:52:00,5131.25,5131.50,5130.75,5131.00,171
2022-01-02 20:53:00,5131.25,5131.75,5131.25,5131.75,95
2022-01-02 20:54:00,5131.75,5132.50,5131.75,5132.25,166
2022-01-02 20:55:00,5132.25,5132.50,5131.25,5131.50,108
2022-01-02 20:56:00,5131.50,5131.75,5130.50,5130.75,175
2022-01-02 20:57:00,5130.75,5131.00,5130.50,5131.00,81
2022-01-02 20:58:00,5131.00,5131.25,5130.25,5130.75,116
2022-01-02 20:59:00,5131.00,5131.00,5130.00,5130.75,152
2022-01-02 21:00:00,5130.50,5130.50,5130.00,5130.50,91
2022-01-02 21:01:00,5130.25,5130.75,5129.75,5130.50,96
2022-01-02 21:02:00,5130.50,5131.00,5130.00,5130.25,110
2022-01-02 21:03:00,5130.00,5130.00,5128.50,5129.25,288
2022-01-02 21:04:00,5129.25,5129.75,5129.00,5129.50,157
2022-01-02 21:05:00,5129.75,5130.25,5129.00,5130.00,154
2022-01-02 21:06:00,5129.75,5130.00,5128.50,5129.00,227
2022-01-02 21:07:00,5129.00,5129.75,5128.50,5129.75,199
2022-01-02 21:08:00,5129.50,5129.75,5128.25,5129.25,272
2022-01-02 21:09:00,5129.25,5129.50,5128.75,5129.50,136
2022-01-02 21:10:00,5129.50,5130.00,5129.25,5129.50,161
2022-01-02 21:11:00,5129.50,5129.75,5128.75,5129.75,85
2022-01-02 21:12:00,5129.50,5130.00,5129.25,5130.00,267
2022-01-02 21:13:00,5130.00,5130.75,5129.75,5130.75,133
2022-01-02 21:14:00,5130.50,5130.75,5130.25,5130.75,82
2022-01-02 21:15:00,5130.50,5131.00,5130.25,5130.50,58
2022-01-02 21:16:00,5130.50,5130.75,5130.00,5130.50,87
2022-01-02 21:17:00,5130.50,5130.50,5130.00,5130.25,56
2022-01-02 21:18:00,5130.00,5130.75,5130.00,5130.50,66
2022-01-02 21:19:00,5130.50,5130.50,5129.75,5130.00,117
2022-01-02 21:20:00,5129.75,5130.25,5129.75,5130.00,45
2022-01-02 21:21:00,5129.75,5130.25,5129.50,5130.25,110
2022-01-02 21:22:00,5130.00,5130.50,5129.75,5129.75,83
2022-01-02 21:23:00,5129.75,5130.00,5129.50,5130.00,37
2022-01-02 21:24:00,5130.00,5130.25,5129.75,5130.25,36
2022-01-02 21:25:00,5130.25,5130.25,5129.75,5129.75,43
2022-01-02 21:26:00,5129.75,5130.25,5129.75,5130.00,29
2022-01-02 21:27:00,5130.00,5130.50,5129.75,5130.25,84
2022-01-02 21:28:00,5130.00,5130.25,5130.00,5130.25,73
2022-01-02 21:29:00,5130.25,5130.50,5130.00,5130.25,30
2022-01-02 21:30:00,5130.25,5130.50,5129.75,5130.25,38
2022-01-02 21:31:00,5130.00,5130.50,5130.00,5130.00,19
2022-01-02 21:32:00,5130.25,5131.00,5130.00,5131.00,131
2022-01-02 21:33:00,5131.00,5131.50,5130.75,5131.25,144
2022-01-02 21:34:00,5131.00,5132.00,5131.00,5132.00,145
2022-01-02 21:35:00,5132.25,5132.75,5132.00,5132.25,197
2022-01-02 21:36:00,5132.25,5132.50,5131.25,5131.25,187
2022-01-02 21:37:00,5131.00,5131.25,5130.50,5131.25,121
2022-01-02 21:38:00,5131.25,5131.25,5130.25,5130.75,68
2022-01-02 21:39:00,5130.75,5130.75,5130.00,5130.25,50
2022-01-02 21:40:00,5130.25,5131.00,5130.00,5131.00,48
2022-01-02 21:41:00,5130.75,5131.00,5130.00,5130.00,57
2022-01-02 21:42:00,5130.00,5131.00,5130.00,5131.00,59
2022-01-02 21:43:00,5131.00,5131.50,5131.00,5131.50,35
2022-01-02 21:44:00,5131.50,5132.00,5131.25,5131.75,144
2022-01-02 21:45:00,5131.50,5132.00,5131.50,5132.00,41
2022-01-02 21:46:00,5132.00,5132.50,5131.50,5132.00,110
2022-01-02 21:47:00,5132.00,5132.00,5131.25,5131.50,36
2022-01-02 21:48:00,5131.50,5131.75,5131.50,5131.50,18
2022-01-02 21:49:00,5131.25,5131.25,5130.75,5131.00,92
2022-01-02 21:50:00,5131.00,5131.25,5130.75,5130.75,31
2022-01-02 21:51:00,5130.75,5131.25,5130.50,5131.00,44
2022-01-02 21:52:00,5131.00,5131.00,5130.25,5130.50,53
2022-01-02 21:53:00,5130.50,5131.25,5130.50,5131.00,164
2022-01-02 21:54:00,5131.25,5131.25,5131.00,5131.25,37
2022-01-02 21:55:00,5131.00,5131.50,5131.00,5131.50,63
2022-01-02 21:56:00,5131.25,5131.25,5131.00,5131.25,60
2022-01-02 21:57:00,5131.00,5131.50,5131.00,5131.25,51
2022-01-02 21:58:00,5131.25,5131.75,5131.25,5131.75,61
2022-01-02 21:59:00,5131.75,5132.50,5131.50,5132.25,156
2022-01-02 22:00:00,5132.25,5132.50,5131.75,5132.00,88
2022-01-02 22:01:00,5132.25,5132.75,5132.25,5132.75,96
2022-01-02 22:02:00,5132.50,5133.00,5132.25,5132.50,110
2022-01-02 22:03:00,5132.50,5132.50,5132.25,5132.50,79
2022-01-02 22:04:00,5132.25,5132.50,5131.50,5132.00,110
2022-01-02 22:05:00,5132.25,5132.25,5131.25,5131.75,102
2022-01-02 22:06:00,5131.50,5132.00,5130.75,5131.75,159
2022-01-02 22:07:00,5131.75,5131.75,5131.25,5131.50,20
2022-01-02 22:08:00,5131.50,5131.75,5131.25,5131.75,12
2022-01-02 22:09:00,5131.75,5131.75,5131.00,5131.00,61
2022-01-02 22:10:00,5131.00,5131.25,5131.00,5131.00,24
2022-01-02 22:11:00,5131.00,5131.25,5131.00,5131.00,24
2022-01-02 22:12:00,5131.00,5131.00,5129.75,5129.75,161
2022-01-02 22:13:00,5129.75,5130.25,5129.75,5129.75,66
2022-01-02 22:14:00,5129.75,5130.00,5129.25,5129.50,66
2022-01-02 22:15:00,5129.50,5130.00,5129.00,5129.00,119
2022-01-02 22:16:00,5129.00,5129.50,5128.75,5129.25,86
2022-01-02 22:17:00,5129.25,5129.25,5128.75,5129.25,57
2022-01-02 22:18:00,5129.25,5129.50,5129.25,5129.50,39
2022-01-02 22:19:00,5129.25,5129.75,5129.00,5129.50,54
2022-01-02 22:20:00,5129.50,5129.75,5129.50,5129.75,38
2022-01-02 22:21:00,5129.75,5130.00,5129.50,5129.75,36
2022-01-02 22:22:00,5130.00,5130.25,5129.75,5129.75,69
2022-01-02 22:23:00,5129.50,5130.00,5129.25,5129.75,26
2022-01-02 22:24:00,5129.75,5130.25,5129.50,5130.00,16
2022-01-02 22:25:00,5129.75,5130.25,5129.75,5130.25,30
2022-01-02 22:26:00,5130.25,5130.25,5130.00,5130.25,68
2022-01-02 22:27:00,5130.25,5130.75,5130.25,5130.75,50
2022-01-02 22:28:00,5130.75,5131.00,5130.50,5131.00,55
2022-01-02 22:29:00,5131.00,5131.50,5130.75,5131.00,186
2022-01-02 22:30:00,5131.25,5131.75,5131.00,5131.75,126
2022-01-02 22:31:00,5131.75,5131.75,5131.00,5131.50,105
2022-01-02 22:32:00,5131.25,5131.50,5131.25,5131.50,20
2022-01-02 22:33:00,5131.25,5131.50,5130.75,5131.00,11
2022-01-02 22:34:00,5130.75,5131.00,5130.25,5130.50,145
2022-01-02 22:35:00,5130.50,5130.75,5130.50,5130.50,29
2022-01-02 22:36:00,5130.75,5130.75,5130.00,5130.25,60
2022-01-02 22:37:00,5130.00,5130.00,5129.75,5129.75,29
2022-01-02 22:38:00,5130.00,5130.50,5129.75,5130.25,40
2022-01-02 22:39:00,5130.00,5130.25,5129.75,5129.75,35
2022-01-02 22:40:00,5129.75,5129.75,5129.25,5129.50,72
2022-01-02 22:41:00,5129.50,5130.00,5129.25,5130.00,44
2022-01-02 22:42:00,5130.00,5130.00,5129.50,5130.00,42
2022-01-02 22:43:00,5130.00,5130.75,5130.00,5130.50,53
2022-01-02 22:44:00,5130.25,5131.00,5130.25,5131.00,67
2022-01-02 22:45:00,5130.75,5130.75,5130.50,5130.50,26
2022-01-02 22:46:00,5130.50,5130.50,5130.25,5130.25,45
2022-01-02 22:47:00,5130.25,5130.50,5130.00,5130.50,33
2022-01-02 22:48:00,5130.50,5130.50,5130.25,5130.25,6
2022-01-02 22:49:00,5130.50,5130.75,5130.25,5130.50,44
2022-01-02 22:50:00,5131.00,5131.25,5130.75,5130.75,51
2022-01-02 22:51:00,5131.00,5131.25,5131.00,5131.00,55
2022-01-02 22:52:00,5131.00,5131.25,5130.75,5130.75,20
2022-01-02 22:53:00,5130.50,5131.00,5130.50,5131.00,32
2022-01-02 22:54:00,5130.75,5130.75,5130.50,5130.75,26
2022-01-02 22:55:00,5131.00,5131.00,5130.50,5130.50,17
2022-01-02 22:56:00,5130.50,5130.50,5130.00,5130.50,42
2022-01-02 22:57:00,5130.75,5131.25,5130.75,5131.00,28
2022-01-02 22:58:00,5130.75,5131.00,5130.25,5131.00,77
2022-01-02 22:59:00,5130.75,5131.00,5130.75,5131.00,16
2022-01-02 23:00:00,5131.00,5131.25,5130.75,5130.75,58
2022-01-02 23:01:00,5130.75,5130.75,5130.25,5130.25,47
2022-01-02 23:02:00,5130.25,5130.25,5129.75,5130.00,85
2022-01-02 23:03:00,5130.00,5130.00,5129.75,5130.00,14
2022-01-02 23:04:00,5130.00,5130.00,5129.50,5129.75,117
2022-01-02 23:05:00,5130.00,5130.50,5130.00,5130.25,57
2022-01-02 23:06:00,5130.25,5131.00,5130.25,5130.25,141
2022-01-02 23:07:00,5130.25,5130.50,5130.00,5130.25,53
2022-01-02 23:08:00,5130.50,5130.50,5130.25,5130.50,19
2022-01-02 23:09:00,5130.50,5130.50,5130.50,5130.50,13
2022-01-02 23:10:00,5130.50,5130.50,5130.50,5130.50,9
2022-01-02 23:11:00,5130.50,5130.50,5130.25,5130.25,26
2022-01-02 23:12:00,5130.50,5130.50,5130.00,5130.00,17
2022-01-02 23:13:00,5130.25,5130.25,5130.00,5130.00,7
2022-01-02 23:14:00,5130.00,5130.25,5130.00,5130.00,19
2022-01-02 23:15:00,5129.75,5131.00,5129.50,5130.75,248
2022-01-02 23:16:00,5130.75,5130.75,5130.50,5130.50,29
2022-01-02 23:17:00,5130.50,5130.50,5130.25,5130.50,16
2022-01-02 23:18:00,5130.50,5130.50,5130.50,5130.50,1
2022-01-02 23:19:00,5130.50,5130.75,5130.50,5130.50,10
2022-01-02 23:20:00,5130.50,5130.50,5130.25,5130.50,22
2022-01-02 23:21:00,5130.50,5131.00,5130.50,5131.00,35
2022-01-02 23:22:00,5130.75,5130.75,5130.00,5130.50,30
2022-01-02 23:23:00,5130.25,5130.25,5130.00,5130.25,16
2022-01-02 23:24:00,5130.25,5130.25,5130.25,5130.25,11
2022-01-02 23:25:00,5130.50,5130.50,5130.25,5130.50,33
2022-01-02 23:26:00,5130.25,5130.25,5130.25,5130.25,1
2022-01-02 23:27:00,5130.50,5130.50,5130.25,5130.25,10
2022-01-02 23:28:00,5130.25,5130.50,5130.25,5130.50,19
2022-01-02 23:29:00,5130.75,5131.00,5130.25,5130.25,33
2022-01-02 23:30:00,5130.25,5130.50,5130.25,5130.50,17
2022-01-02 23:31:00,5130.50,5130.50,5130.25,5130.50,12
2022-01-02 23:32:00,5130.50,5130.50,5130.50,5130.50,7
2022-01-02 23:33:00,5130.50,5130.50,5130.50,5130.50,5
2022-01-02 23:34:00,5130.50,5130.75,5130.50,5130.75,4
2022-01-02 23:35:00,5130.75,5130.75,5130.50,5130.75,13
2022-01-02 23:36:00,5130.75,5130.75,5130.50,5130.75,13
2022-01-02 23:37:00,5130.75,5131.00,5130.75,5130.75,17
2022-01-02 23:38:00,5130.75,5130.75,5130.75,5130.75,2
2022-01-02 23:39:00,5130.75,5130.75,5130.50,5130.50,19
2022-01-02 23:40:00,5130.50,5131.00,5130.25,5130.75,85
2022-01-02 23:41:00,5130.50,5130.50,5130.50,5130.50,20
2022-01-02 23:42:00,5130.50,5130.50,5130.50,5130.50,1
2022-01-02 23:43:00,5130.50,5130.75,5130.50,5130.75,19
2022-01-02 23:44:00,5130.75,5130.75,5130.75,5130.75,29
2022-01-02 23:45:00,5130.50,5130.50,5130.25,5130.50,28
2022-01-02 23:46:00,5130.50,5130.50,5130.00,5130.00,20
2022-01-02 23:47:00,5130.00,5130.00,5129.75,5130.00,55
2022-01-02 23:48:00,5130.00,5130.00,5129.75,5130.00,16
2022-01-02 23:49:00,5130.00,5130.25,5130.00,5130.25,68
2022-01-02 23:50:00,5130.00,5130.25,5130.00,5130.00,25
2022-01-02 23:51:00,5130.00,5130.00,5129.75,5130.00,10
2022-01-02 23:52:00,5129.75,5130.00,5129.75,5129.75,9
2022-01-02 23:53:00,5129.75,5130.25,5129.75,5130.00,19
2022-01-02 23:54:00,5130.00,5130.25,5130.00,5130.00,21
2022-01-02 23:55:00,5130.00,5130.50,5130.00,5130.00,79
2022-01-02 23:56:00,5130.00,5130.00,5130.00,5130.00,15
2022-01-02 23:57:00,5130.00,5130.50,5130.00,5130.25,36
2022-01-02 23:58:00,5130.25,5130.25,5130.25,5130.25,10
2022-01-02 23:59:00,5130.50,5131.00,5130.50,5131.00,73
2022-01-03 00:00:00,5131.25,5131.50,5131.00,5131.25,120
2022-01-03 00:01:00,5131.25,5131.50,5131.00,5131.25,49
2022-01-03 00:02:00,5131.25,5131.50,5131.25,5131.25,21
2022-01-03 00:03:00,5131.50,5132.00,5131.50,5131.75,128
2022-01-03 00:04:00,5131.50,5132.00,5131.50,5132.00,38
2022-01-03 00:05:00,5132.00,5132.25,5131.50,5131.50,84
2022-01-03 00:06:00,5131.50,5131.50,5131.25,5131.50,35
2022-01-03 00:07:00,5131.25,5131.50,5131.25,5131.25,31
2022-01-03 00:08:00,5131.00,5131.25,5130.75,5131.25,54
2022-01-03 00:09:00,5131.25,5131.25,5131.00,5131.25,13
2022-01-03 00:10:00,5131.25,5131.25,5130.75,5130.75,46
2022-01-03 00:11:00,5130.50,5130.50,5130.00,5130.50,55
2022-01-03 00:12:00,5130.50,5130.75,5130.50,5130.75,15
2022-01-03 00:13:00,5130.50,5130.50,5130.50,5130.50,1
2022-01-03 00:14:00,5130.50,5131.00,5130.50,5130.75,37
2022-01-03 00:15:00,5130.50,5130.75,5130.50,5130.75,11
2022-01-03 00:16:00,5130.50,5130.50,5130.25,5130.25,29
2022-01-03 00:17:00,5130.25,5130.50,5130.25,5130.50,10
2022-01-03 00:18:00,5130.50,5131.50,5130.50,5131.25,70
2022-01-03 00:19:00,5131.25,5131.50,5131.25,5131.25,45
2022-01-03 00:20:00,5131.25,5131.25,5131.25,5131.25,9
2022-01-03 00:21:00,5131.00,5131.00,5131.00,5131.00,8
2022-01-03 00:22:00,5131.00,5131.00,5131.00,5131.00,3
2022-01-03 00:23:00,5131.00,5131.00,5130.75,5131.00,8
2022-01-03 00:24:00,5131.00,5131.25,5131.00,5131.25,12
2022-01-03 00:25:00,5131.25,5131.25,5130.75,5130.75,11
2022-01-03 00:26:00,5130.75,5131.00,5130.50,5131.00,26
2022-01-03 00:27:00,5130.75,5131.00,5130.75,5130.75,11
2022-01-03 00:28:00,5130.75,5130.75,5130.25,5130.75,46
2022-01-03 00:29:00,5130.50,5130.50,5130.50,5130.50,1
2022-01-03 00:30:00,5130.50,5130.75,5130.25,5130.25,40
2022-01-03 00:31:00,5130.25,5130.50,5130.25,5130.50,20
2022-01-03 00:32:00,5130.50,5130.75,5130.50,5130.75,4
2022-01-03 00:33:00,5131.00,5131.00,5130.75,5131.00,52
2022-01-03 00:34:00,5130.75,5131.00,5130.75,5131.00,11
2022-01-03 00:35:00,5131.00,5131.50,5131.00,5131.25,25
2022-01-03 00:36:00,5131.25,5131.25,5131.00,5131.00,11
2022-01-03 00:37:00,5131.00,5131.00,5131.00,5131.00,6
2022-01-03 00:38:00,5131.00,5131.00,5131.00,5131.00,8
2022-01-03 00:39:00,5130.75,5131.00,5130.75,5131.00,12
2022-01-03 00:40:00,5131.00,5131.00,5131.00,5131.00,8
2022-01-03 00:41:00,5131.00,5131.25,5131.00,5131.25,7
2022-01-03 00:42:00,5131.25,5132.25,5131.25,5132.25,97
2022-01-03 00:43:00,5132.00,5132.50,5132.00,5132.00,70
2022-01-03 00:44:00,5132.00,5132.25,5132.00,5132.25,31
2022-01-03 00:45:00,5132.25,5132.25,5131.75,5132.00,64
2022-01-03 00:46:00,5132.00,5132.00,5132.00,5132.00,11
2022-01-03 00:47:00,5132.00,5132.25,5132.00,5132.00,21
2022-01-03 00:48:00,5132.00,5132.00,5131.75,5131.75,27
2022-01-03 00:49:00,5131.75,5132.25,5131.75,5132.25,31
2022-01-03 00:50:00,5132.00,5132.00,5131.50,5131.50,34
2022-01-03 00:51:00,5131.50,5131.50,5131.25,5131.25,61
2022-01-03 00:52:00,5131.25,5131.25,5131.25,5131.25,12
2022-01-03 00:53:00,5131.25,5131.50,5131.25,5131.25,14
2022-01-03 00:54:00,5131.25,5131.25,5131.25,5131.25,13
2022-01-03 00:55:00,5131.25,5131.50,5131.25,5131.50,56
2022-01-03 00:56:00,5131.75,5131.75,5131.50,5131.50,50
2022-01-03 00:57:00,5131.50,5131.50,5131.25,5131.50,18
2022-01-03 00:58:00,5131.50,5131.50,5131.00,5131.25,15
2022-01-03 00:59:00,5131.50,5131.75,5131.25,5131.50,59
2022-01-03 01:00:00,5131.50,5132.00,5131.25,5132.00,100
2022-01-03 01:01:00,5131.75,5132.00,5131.75,5131.75,25
2022-01-03 01:02:00,5131.75,5131.75,5131.00,5131.50,252
2022-01-03 01:03:00,5131.50,5131.75,5131.25,5131.75,48
2022-01-03 01:04:00,5132.00,5132.25,5131.75,5132.00,33
2022-01-03 01:05:00,5132.00,5132.00,5131.00,5131.25,155
2022-01-03 01:06:00,5131.25,5131.25,5130.75,5131.00,133
2022-01-03 01:07:00,5131.00,5131.00,5131.00,5131.00,19
2022-01-03 01:08:00,5131.00,5131.00,5130.00,5130.00,167
2022-01-03 01:09:00,5130.25,5130.25,5129.25,5129.75,118
2022-01-03 01:10:00,5129.75,5129.75,5128.50,5128.50,115
2022-01-03 01:11:00,5128.75,5129.00,5127.25,5127.50,417
2022-01-03 01:12:00,5127.50,5128.75,5127.25,5128.25,115
2022-01-03 01:13:00,5128.00,5128.50,5128.00,5128.25,70
2022-01-03 01:14:00,5128.50,5128.75,5128.00,5128.00,111
2022-01-03 01:15:00,5128.00,5128.25,5128.00,5128.25,31
2022-01-03 01:16:00,5128.25,5128.50,5128.25,5128.25,34
2022-01-03 01:17:00,5128.25,5128.25,5128.00,5128.00,43
2022-01-03 01:18:00,5128.25,5128.25,5126.00,5126.50,914
2022-01-03 01:19:00,5126.75,5127.50,5126.75,5127.50,105
2022-01-03 01:20:00,5127.25,5129.00,5127.00,5128.50,511
2022-01-03 01:21:00,5128.50,5128.75,5128.25,5128.75,114
2022-01-03 01:22:00,5128.50,5128.75,5128.25,5128.25,39
2022-01-03 01:23:00,5128.25,5128.50,5127.50,5127.75,88
2022-01-03 01:24:00,5127.75,5128.25,5127.75,5128.00,20
2022-01-03 01:25:00,5127.75,5128.25,5127.75,5128.00,28
2022-01-03 01:26:00,5128.00,5128.25,5128.00,5128.00,15
2022-01-03 01:27:00,5127.75,5128.25,5127.75,5128.00,49
2022-01-03 01:28:00,5128.00,5128.25,5128.00,5128.25,18
2022-01-03 01:29:00,5128.50,5128.75,5128.50,5128.50,52
2022-01-03 01:30:00,5128.50,5129.50,5126.75,5127.25,687
2022-01-03 01:31:00,5127.25,5128.25,5126.50,5128.25,319
2022-01-03 01:32:00,5128.25,5128.50,5127.50,5127.50,54
2022-01-03 01:33:00,5127.75,5127.75,5127.75,5127.75,24
2022-01-03 01:34:00,5127.75,5128.50,5127.75,5128.25,53
2022-01-03 01:35:00,5128.50,5128.75,5128.25,5128.25,169
2022-01-03 01:36:00,5128.25,5128.25,5126.75,5127.00,358
2022-01-03 01:37:00,5127.00,5127.50,5125.50,5125.75,566
2022-01-03 01:38:00,5125.50,5126.50,5125.50,5126.25,261
2022-01-03 01:39:00,5126.25,5126.50,5126.00,5126.50,76
2022-01-03 01:40:00,5126.75,5127.00,5125.75,5126.75,220
2022-01-03 01:41:00,5127.00,5127.75,5127.00,5127.50,61
2022-01-03 01:42:00,5127.50,5127.75,5127.50,5127.75,52
2022-01-03 01:43:00,5127.75,5128.25,5127.75,5127.75,53
2022-01-03 01:44:00,5128.00,5128.00,5127.25,5127.75,61
2022-01-03 01:45:00,5128.00,5128.25,5128.00,5128.00,20
2022-01-03 01:46:00,5127.75,5128.00,5127.75,5128.00,38
2022-01-03 01:47:00,5127.75,5128.00,5127.75,5127.75,21
2022-01-03 01:48:00,5127.75,5127.75,5127.00,5127.50,87
2022-01-03 01:49:00,5127.50,5128.00,5127.50,5128.00,26
2022-01-03 01:50:00,5128.00,5128.25,5128.00,5128.00,58
2022-01-03 01:51:00,5128.00,5128.75,5127.75,5128.25,200
2022-01-03 01:52:00,5128.25,5129.00,5128.00,5128.75,93
2022-01-03 01:53:00,5129.00,5129.00,5128.75,5128.75,22
2022-01-03 01:54:00,5128.75,5129.25,5128.75,5129.00,40
2022-01-03 01:55:00,5129.00,5129.50,5128.75,5129.00,109
2022-01-03 01:56:00,5129.00,5129.25,5129.00,5129.25,34
2022-01-03 01:57:00,5129.25,5129.50,5129.00,5129.50,34
2022-01-03 01:58:00,5129.50,5129.75,5129.25,5129.25,68
2022-01-03 01:59:00,5129.25,5129.75,5129.25,5129.25,112
2022-01-03 02:00:00,5129.50,5129.75,5128.50,5129.00,181
2022-01-03 02:01:00,5129.00,5129.25,5128.75,5129.00,95
2022-01-03 02:02:00,5129.00,5129.25,5128.25,5129.00,111
2022-01-03 02:03:00,5129.00,5129.25,5128.75,5129.00,63
2022-01-03 02:04:00,5129.00,5129.00,5128.25,5128.50,271
2022-01-03 02:05:00,5128.25,5128.75,5128.00,5128.50,132
2022-01-03 02:06:00,5128.50,5129.25,5128.50,5128.75,55
2022-01-03 02:07:00,5128.75,5129.25,5128.75,5129.25,64
2022-01-03 02:08:00,5129.00,5129.25,5128.75,5129.00,65
2022-01-03 02:09:00,5129.00,5129.00,5127.75,5128.00,208
2022-01-03 02:10:00,5128.25,5128.25,5127.50,5127.50,111
2022-01-03 02:11:00,5127.75,5128.00,5126.50,5126.50,246
2022-01-03 02:12:00,5126.75,5127.00,5126.25,5126.50,96
2022-01-03 02:13:00,5126.75,5127.00,5126.50,5127.00,53
2022-01-03 02:14:00,5127.00,5127.00,5125.75,5126.25,128
2022-01-03 02:15:00,5126.25,5126.25,5125.75,5126.25,75
2022-01-03 02:16:00,5126.25,5126.25,5125.50,5125.50,124
2022-01-03 02:17:00,5125.50,5125.75,5125.25,5125.75,160
2022-01-03 02:18:00,5125.50,5125.75,5125.25,5125.50,73
2022-01-03 02:19:00,5125.50,5125.75,5124.25,5125.75,258
2022-01-03 02:20:00,5125.50,5125.50,5125.00,5125.25,69
2022-01-03 02:21:00,5125.25,5125.50,5125.00,5125.50,43
2022-01-03 02:22:00,5125.25,5125.50,5125.00,5125.50,50
2022-01-03 02:23:00,5125.75,5125.75,5125.25,5125.25,31
2022-01-03 02:24:00,5125.25,5125.50,5125.00,5125.00,57
2022-01-03 02:25:00,5125.00,5125.00,5124.25,5124.50,55
2022-01-03 02:26:00,5124.25,5125.75,5124.00,5125.50,147
2022-01-03 02:27:00,5125.75,5126.25,5125.50,5125.75,110
2022-01-03 02:28:00,5125.75,5126.50,5125.75,5126.50,63
2022-01-03 02:29:00,5126.25,5126.25,5125.75,5126.00,62
2022-01-03 02:30:00,5126.25,5126.25,5125.50,5125.50,36
2022-01-03 02:31:00,5125.50,5126.00,5125.50,5126.00,38
2022-01-03 02:32:00,5126.00,5126.25,5126.00,5126.25,16
2022-01-03 02:33:00,5126.00,5126.75,5126.00,5126.50,21
2022-01-03 02:34:00,5126.75,5126.75,5126.50,5126.50,34
2022-01-03 02:35:00,5126.50,5126.75,5126.25,5126.50,25
2022-01-03 02:36:00,5126.50,5127.00,5126.25,5126.50,41
2022-01-03 02:37:00,5126.50,5126.50,5126.00,5126.25,15
2022-01-03 02:38:00,5126.25,5126.75,5126.25,5126.25,71
2022-01-03 02:39:00,5126.25,5126.75,5126.25,5126.25,66
2022-01-03 02:40:00,5126.25,5126.75,5126.25,5126.50,46
2022-01-03 02:41:00,5126.50,5127.00,5126.50,5127.00,52
2022-01-03 02:42:00,5127.00,5127.25,5127.00,5127.25,43
2022-01-03 02:43:00,5127.25,5127.25,5126.75,5127.00,40
2022-01-03 02:44:00,5127.00,5127.25,5127.00,5127.25,26
2022-01-03 02:45:00,5127.25,5127.25,5127.25,5127.25,52
2022-01-03 02:46:00,5127.25,5127.75,5127.25,5127.75,52
2022-01-03 02:47:00,5127.75,5128.00,5127.50,5127.75,40
2022-01-03 02:48:00,5127.75,5128.00,5127.25,5127.25,83
2022-01-03 02:49:00,5127.25,5127.50,5127.25,5127.50,30
2022-01-03 02:50:00,5127.75,5127.75,5127.25,5127.50,54
2022-01-03 02:51:00,5127.50,5127.75,5127.50,5127.75,22
2022-01-03 02:52:00,5127.50,5128.00,5127.50,5128.00,37
2022-01-03 02:53:00,5128.00,5128.25,5128.00,5128.25,80
2022-01-03 02:54:00,5128.25,5128.75,5128.00,5128.50,158
2022-01-03 02:55:00,5128.50,5128.75,5128.50,5128.75,92
2022-01-03 02:56:00,5128.75,5129.00,5128.00,5129.00,197
2022-01-03 02:57:00,5129.00,5130.00,5128.75,5130.00,757
2022-01-03 02:58:00,5130.00,5130.50,5129.75,5130.25,614
2022-01-03 02:59:00,5130.25,5130.50,5129.50,5129.50,228
2022-01-03 03:00:00,5129.50,5130.00,5128.25,5129.75,1339
2022-01-03 03:01:00,5129.75,5130.25,5129.50,5129.75,521
2022-01-03 03:02:00,5129.75,5130.50,5129.50,5129.75,409
2022-01-03 03:03:00,5129.75,5130.50,5129.25,5129.75,639
2022-01-03 03:04:00,5130.00,5130.75,5129.75,5129.75,679
2022-01-03 03:05:00,5130.00,5130.75,5130.00,5130.50,433
2022-01-03 03:06:00,5130.75,5131.50,5130.50,5131.25,561
2022-01-03 03:07:00,5131.25,5131.25,5130.50,5130.75,357
2022-01-03 03:08:00,5130.75,5131.25,5130.25,5130.50,331
2022-01-03 03:09:00,5130.50,5130.50,5129.25,5129.25,498
2022-01-03 03:10:00,5129.50,5130.25,5129.25,5130.00,342
2022-01-03 03:11:00,5130.00,5130.25,5129.00,5129.25,138
2022-01-03 03:12:00,5129.50,5129.75,5129.25,5129.75,176
2022-01-03 03:13:00,5129.75,5130.50,5129.50,5130.25,368
2022-01-03 03:14:00,5130.25,5130.75,5130.25,5130.75,403
2022-01-03 03:15:00,5130.75,5132.25,5130.75,5132.00,783
2022-01-03 03:16:00,5132.00,5132.50,5131.50,5132.00,529
2022-01-03 03:17:00,5131.75,5132.00,5131.50,5131.50,220
2022-01-03 03:18:00,5131.75,5132.25,5131.75,5131.75,220
2022-01-03 03:19:00,5131.75,5131.75,5130.75,5130.75,338
2022-01-03 03:20:00,5130.75,5131.25,5130.75,5131.00,169
2022-01-03 03:21:00,5130.75,5131.50,5130.75,5131.25,227
2022-01-03 03:22:00,5131.25,5131.75,5131.00,5131.50,170
2022-01-03 03:23:00,5131.75,5132.00,5131.25,5132.00,252
2022-01-03 03:24:00,5132.00,5132.00,5131.25,5131.25,165
2022-01-03 03:25:00,5131.25,5131.50,5130.75,5131.50,257
2022-01-03 03:26:00,5131.50,5131.75,5131.25,5131.50,298
2022-01-03 03:27:00,5131.50,5131.75,5131.25,5131.50,222
2022-01-03 03:28:00,5131.50,5131.75,5131.25,5131.50,254
2022-01-03 03:29:00,5131.50,5132.00,5131.50,5132.00,244
2022-01-03 03:30:00,5132.00,5132.25,5131.50,5131.50,231
2022-01-03 03:31:00,5131.50,5132.00,5131.50,5132.00,229
2022-01-03 03:32:00,5132.00,5132.25,5131.75,5132.25,228
2022-01-03 03:33:00,5132.00,5132.25,5131.50,5131.50,175
2022-01-03 03:34:00,5131.50,5131.75,5130.75,5131.25,93
2022-01-03 03:35:00,5131.00,5131.50,5130.75,5131.25,215
2022-01-03 03:36:00,5131.25,5131.75,5131.25,5131.75,90
2022-01-03 03:37:00,5131.50,5131.75,5131.25,5131.50,67
2022-01-03 03:38:00,5131.75,5132.50,5131.75,5132.50,468
2022-01-03 03:39:00,5132.50,5132.75,5132.00,5132.25,333
2022-01-03 03:40:00,5132.00,5132.25,5131.75,5131.75,131
2022-01-03 03:41:00,5131.75,5132.25,5131.50,5132.00,311
2022-01-03 03:42:00,5132.25,5132.25,5131.75,5132.25,101
2022-01-03 03:43:00,5132.25,5132.50,5131.50,5131.75,241
2022-01-03 03:44:00,5131.75,5132.25,5131.00,5131.50,316
2022-01-03 03:45:00,5131.50,5131.75,5131.25,5131.50,119
2022-01-03 03:46:00,5131.75,5132.00,5131.50,5131.50,67
2022-01-03 03:47:00,5131.50,5131.50,5131.00,5131.00,145
2022-01-03 03:48:00,5131.00,5131.50,5130.25,5130.50,293
2022-01-03 03:49:00,5130.50,5130.75,5129.75,5130.25,158
2022-01-03 03:50:00,5130.25,5130.75,5130.00,5130.00,125
2022-01-03 03:51:00,5130.00,5130.25,5129.25,5129.50,215
2022-01-03 03:52:00,5129.50,5130.00,5129.25,5129.50,261
2022-01-03 03:53:00,5129.75,5130.75,5129.50,5129.50,232
2022-01-03 03:54:00,5129.50,5129.50,5128.50,5128.75,323
2022-01-03 03:55:00,5128.75,5129.00,5128.50,5129.00,270
2022-01-03 03:56:00,5128.75,5129.50,5128.75,5129.00,161
2022-01-03 03:57:00,5129.00,5129.50,5129.00,5129.25,188
2022-01-03 03:58:00,5129.25,5129.75,5129.25,5129.50,245
2022-01-03 03:59:00,5129.25,5129.25,5128.00,5128.75,190
2022-01-03 04:00:00,5128.75,5130.00,5128.50,5129.75,657
2022-01-03 04:01:00,5130.00,5130.25,5129.50,5130.00,295
2022-01-03 04:02:00,5130.00,5130.00,5129.00,5129.00,355
2022-01-03 04:03:00,5129.00,5129.00,5128.00,5128.50,297
2022-01-03 04:04:00,5128.50,5128.50,5128.25,5128.25,127
2022-01-03 04:05:00,5128.50,5128.50,5128.00,5128.25,88
2022-01-03 04:06:00,5128.25,5128.25,5126.75,5127.00,315
2022-01-03 04:07:00,5127.00,5127.50,5126.75,5127.00,105
2022-01-03 04:08:00,5127.00,5127.50,5126.50,5127.00,162
2022-01-03 04:09:00,5127.00,5127.75,5127.00,5127.50,171
2022-01-03 04:10:00,5127.75,5129.00,5127.25,5129.00,362
2022-01-03 04:11:00,5129.00,5129.75,5128.75,5129.50,389
2022-01-03 04:12:00,5129.50,5129.75,5129.00,5129.25,269
2022-01-03 04:13:00,5129.25,5129.75,5129.00,5129.50,136
2022-01-03 04:14:00,5129.75,5131.25,5129.50,5131.00,475
2022-01-03 04:15:00,5131.00,5131.25,5130.75,5131.00,304
2022-01-03 04:16:00,5130.75,5130.75,5130.00,5130.00,321
2022-01-03 04:17:00,5130.25,5130.50,5128.50,5129.00,181
2022-01-03 04:18:00,5129.25,5129.25,5128.25,5128.50,156
2022-01-03 04:19:00,5128.50,5129.25,5128.50,5128.75,104
2022-01-03 04:20:00,5128.75,5129.75,5128.50,5129.75,112
2022-01-03 04:21:00,5129.50,5130.00,5129.50,5129.50,99
2022-01-03 04:22:00,5129.75,5130.25,5129.50,5130.25,76
2022-01-03 04:23:00,5130.25,5130.75,5130.00,5130.75,179
2022-01-03 04:24:00,5130.50,5131.00,5130.50,5130.75,50
2022-01-03 04:25:00,5131.00,5131.50,5130.75,5131.50,108
2022-01-03 04:26:00,5131.50,5131.75,5131.00,5131.25,102
2022-01-03 04:27:00,5131.50,5131.50,5130.50,5130.75,89
2022-01-03 04:28:00,5130.75,5130.75,5130.00,5130.00,57
2022-01-03 04:29:00,5130.00,5130.75,5130.00,5130.75,99
2022-01-03 04:30:00,5130.75,5131.25,5130.75,5131.00,119
2022-01-03 04:31:00,5130.75,5131.25,5130.25,5130.25,90
2022-01-03 04:32:00,5130.50,5130.50,5129.50,5130.25,137
2022-01-03 04:33:00,5130.25,5130.75,5129.75,5130.50,58
2022-01-03 04:34:00,5130.50,5131.50,5130.25,5131.50,140
2022-01-03 04:35:00,5131.25,5131.50,5131.25,5131.50,59
2022-01-03 04:36:00,5131.25,5131.75,5131.25,5131.25,80
2022-01-03 04:37:00,5131.25,5131.25,5131.00,5131.00,33
2022-01-03 04:38:00,5131.00,5131.25,5130.75,5130.75,55
2022-01-03 04:39:00,5130.75,5131.25,5130.00,5130.25,335
2022-01-03 04:40:00,5130.25,5131.00,5130.25,5130.75,95
2022-01-03 04:41:00,5130.75,5131.00,5130.75,5130.75,64
2022-01-03 04:42:00,5130.75,5131.00,5129.75,5130.25,99
2022-01-03 04:43:00,5130.25,5130.50,5130.25,5130.50,16
2022-01-03 04:44:00,5130.75,5131.00,5130.50,5131.00,73
2022-01-03 04:45:00,5131.00,5131.25,5130.50,5130.75,65
2022-01-03 04:46:00,5130.75,5131.00,5130.25,5130.75,58
2022-01-03 04:47:00,5130.50,5131.00,5130.50,5131.00,41
2022-01-03 04:48:00,5131.00,5131.75,5131.00,5131.75,62
2022-01-03 04:49:00,5131.50,5132.50,5131.50,5132.50,187
2022-01-03 04:50:00,5132.25,5133.00,5132.25,5132.50,205
2022-01-03 04:51:00,5132.50,5133.75,5132.50,5133.75,316
2022-01-03 04:52:00,5133.75,5134.50,5133.75,5134.25,372
2022-01-03 04:53:00,5134.25,5134.50,5134.00,5134.50,80
2022-01-03 04:54:00,5134.25,5134.25,5133.50,5133.75,121
2022-01-03 04:55:00,5133.75,5134.25,5133.25,5133.50,132
2022-01-03 04:56:00,5133.50,5134.75,5133.50,5134.50,137
2022-01-03 04:57:00,5134.25,5134.75,5134.25,5134.50,260
2022-01-03 04:58:00,5134.50,5135.25,5134.50,5135.25,235
2022-01-03 04:59:00,5135.25,5135.50,5135.00,5135.00,74
2022-01-03 05:00:00,5135.25,5135.50,5134.75,5134.75,146
2022-01-03 05:01:00,5134.75,5135.25,5134.75,5135.00,160
2022-01-03 05:02:00,5134.75,5134.75,5134.50,5134.50,111
2022-01-03 05:03:00,5134.50,5134.50,5133.75,5134.25,120
2022-01-03 05:04:00,5134.25,5134.75,5134.25,5134.50,59
2022-01-03 05:05:00,5134.50,5134.75,5134.25,5134.50,50
2022-01-03 05:06:00,5134.50,5135.00,5134.50,5135.00,52
2022-01-03 05:07:00,5135.00,5135.00,5134.75,5134.75,75
2022-01-03 05:08:00,5134.75,5134.75,5134.50,5134.75,33
2022-01-03 05:09:00,5134.75,5135.00,5134.50,5135.00,44
2022-01-03 05:10:00,5135.00,5136.00,5134.75,5135.75,232
2022-01-03 05:11:00,5135.75,5136.50,5135.50,5136.50,160
2022-01-03 05:12:00,5136.50,5136.75,5136.25,5136.25,182
2022-01-03 05:13:00,5136.25,5136.75,5136.00,5136.50,101
2022-01-03 05:14:00,5136.50,5136.75,5136.25,5136.50,100
2022-01-03 05:15:00,5136.75,5137.25,5136.50,5137.25,288
2022-01-03 05:16:00,5137.50,5137.75,5136.75,5137.00,241
2022-01-03 05:17:00,5136.75,5137.00,5136.50,5136.75,110
2022-01-03 05:18:00,5136.75,5136.75,5136.25,5136.50,116
2022-01-03 05:19:00,5136.25,5137.00,5136.25,5136.75,49
2022-01-03 05:20:00,5137.00,5137.50,5137.00,5137.50,66
2022-01-03 05:21:00,5137.50,5137.50,5137.50,5137.50,38
2022-01-03 05:22:00,5137.75,5139.50,5137.50,5139.00,564
2022-01-03 05:23:00,5139.25,5139.25,5138.25,5138.25,206
2022-01-03 05:24:00,5138.25,5138.25,5137.75,5138.00,139
2022-01-03 05:25:00,5138.00,5138.75,5138.00,5138.25,64
2022-01-03 05:26:00,5138.25,5138.75,5138.00,5138.75,113
2022-01-03 05:27:00,5138.75,5139.00,5138.75,5138.75,146
2022-01-03 05:28:00,5138.75,5139.00,5138.50,5138.75,83
2022-01-03 05:29:00,5138.75,5139.75,5138.75,5139.75,227
2022-01-03 05:30:00,5139.50,5139.75,5139.25,5139.25,373
2022-01-03 05:31:00,5139.25,5139.25,5138.50,5138.75,98
2022-01-03 05:32:00,5138.50,5139.00,5138.25,5138.50,72
2022-01-03 05:33:00,5138.75,5139.00,5138.50,5138.75,50
2022-01-03 05:34:00,5138.75,5139.50,5138.50,5139.00,274
2022-01-03 05:35:00,5138.75,5139.00,5138.50,5138.75,27
2022-01-03 05:36:00,5138.75,5139.25,5138.75,5139.25,76
2022-01-03 05:37:00,5139.50,5139.75,5139.50,5139.75,72
2022-01-03 05:38:00,5139.50,5139.75,5139.00,5139.25,93
2022-01-03 05:39:00,5139.25,5139.50,5139.25,5139.50,55
2022-01-03 05:40:00,5139.25,5139.50,5138.75,5139.50,220
2022-01-03 05:41:00,5139.25,5139.50,5139.00,5139.25,55
2022-01-03 05:42:00,5139.00,5139.25,5139.00,5139.25,35
2022-01-03 05:43:00,5139.25,5139.25,5138.75,5139.00,75
2022-01-03 05:44:00,5139.00,5139.25,5138.75,5139.25,97
2022-01-03 05:45:00,5139.25,5139.50,5139.25,5139.25,56
2022-01-03 05:46:00,5139.25,5139.50,5139.25,5139.50,95
2022-01-03 05:47:00,5139.25,5139.50,5139.00,5139.00,56
2022-01-03 05:48:00,5139.00,5139.75,5139.00,5139.50,65
2022-01-03 05:49:00,5139.50,5139.50,5139.25,5139.25,122
2022-01-03 05:50:00,5139.25,5139.50,5138.75,5139.00,164
2022-01-03 05:51:00,5139.00,5139.25,5138.75,5139.25,69
2022-01-03 05:52:00,5139.25,5139.25,5139.00,5139.25,42
2022-01-03 05:53:00,5139.25,5139.25,5139.00,5139.25,55
2022-01-03 05:54:00,5139.50,5139.75,5139.50,5139.50,45
2022-01-03 05:55:00,5139.50,5139.50,5139.25,5139.50,37
2022-01-03 05:56:00,5139.50,5139.75,5139.25,5139.50,82
2022-01-03 05:57:00,5139.75,5140.00,5139.50,5140.00,132
2022-01-03 05:58:00,5140.00,5140.25,5140.00,5140.25,133
2022-01-03 05:59:00,5140.50,5140.50,5140.00,5140.25,51
2022-01-03 06:00:00,5140.25,5142.25,5140.00,5141.50,865
2022-01-03 06:01:00,5141.75,5142.50,5141.50,5141.50,349
2022-01-03 06:02:00,5141.50,5141.50,5140.50,5141.00,307
2022-01-03 06:03:00,5141.00,5142.00,5141.00,5142.00,154
2022-01-03 06:04:00,5141.75,5142.25,5141.00,5142.00,176
2022-01-03 06:05:00,5142.25,5142.75,5142.00,5142.25,279
2022-01-03 06:06:00,5142.25,5142.75,5142.25,5142.50,108
2022-01-03 06:07:00,5142.25,5142.75,5142.00,5142.25,230
2022-01-03 06:08:00,5142.00,5142.50,5142.00,5142.50,169
2022-01-03 06:09:00,5142.75,5143.25,5142.25,5142.25,338
2022-01-03 06:10:00,5142.50,5143.25,5142.25,5142.75,164
2022-01-03 06:11:00,5143.00,5143.50,5142.75,5143.25,223
2022-01-03 06:12:00,5143.25,5143.25,5142.50,5142.75,111
2022-01-03 06:13:00,5142.50,5142.75,5142.25,5142.50,142
2022-01-03 06:14:00,5142.50,5142.75,5142.25,5142.25,80
2022-01-03 06:15:00,5142.25,5142.50,5142.00,5142.25,45
2022-01-03 06:16:00,5142.50,5142.50,5142.25,5142.50,56
2022-01-03 06:17:00,5142.25,5142.50,5142.25,5142.25,60
2022-01-03 06:18:00,5142.25,5142.25,5142.25,5142.25,58
2022-01-03 06:19:00,5142.50,5142.75,5142.25,5142.75,80
2022-01-03 06:20:00,5142.75,5143.50,5142.75,5143.25,136
2022-01-03 06:21:00,5143.25,5143.50,5143.25,5143.25,74
2022-01-03 06:22:00,5143.00,5143.25,5143.00,5143.25,143
2022-01-03 06:23:00,5143.25,5143.25,5143.00,5143.00,39
2022-01-03 06:24:00,5143.25,5143.50,5143.00,5143.25,193
2022-01-03 06:25:00,5143.25,5144.00,5143.00,5143.25,520
2022-01-03 06:26:00,5143.00,5143.25,5142.25,5142.50,272
2022-01-03 06:27:00,5142.50,5142.50,5141.50,5141.50,316
2022-01-03 06:28:00,5141.50,5141.75,5141.50,5141.75,159
2022-01-03 06:29:00,5141.75,5142.25,5141.75,5142.25,105
2022-01-03 06:30:00,5142.25,5142.50,5142.00,5142.25,52
2022-01-03 06:31:00,5142.50,5143.00,5142.25,5143.00,75
2022-01-03 06:32:00,5143.25,5143.50,5142.75,5142.75,37
2022-01-03 06:33:00,5142.75,5142.75,5142.50,5142.50,70
2022-01-03 06:34:00,5142.75,5143.00,5142.50,5142.75,44
2022-01-03 06:35:00,5142.75,5143.00,5142.50,5142.75,50
2022-01-03 06:36:00,5142.75,5143.25,5142.50,5142.75,56
2022-01-03 06:37:00,5142.75,5142.75,5142.00,5142.50,135
2022-01-03 06:38:00,5142.75,5143.25,5142.75,5143.25,87
2022-01-03 06:39:00,5143.25,5143.50,5143.25,5143.50,79
2022-01-03 06:40:00,5143.50,5143.50,5142.50,5142.75,68
2022-01-03 06:41:00,5142.50,5142.75,5142.25,5142.50,63
2022-01-03 06:42:00,5142.50,5142.75,5142.25,5142.50,57
2022-01-03 06:43:00,5142.75,5143.00,5142.50,5142.75,47
2022-01-03 06:44:00,5142.50,5142.50,5142.00,5142.50,98
2022-01-03 06:45:00,5142.50,5142.50,5142.25,5142.50,48
2022-01-03 06:46:00,5142.50,5142.75,5142.00,5142.00,61
2022-01-03 06:47:00,5142.25,5142.25,5142.00,5142.00,67
2022-01-03 06:48:00,5142.00,5142.25,5141.75,5142.25,34
2022-01-03 06:49:00,5142.25,5142.75,5142.25,5142.50,51
2022-01-03 06:50:00,5142.50,5142.50,5142.00,5142.25,91
2022-01-03 06:51:00,5142.00,5142.75,5142.00,5142.75,109
2022-01-03 06:52:00,5142.75,5142.75,5142.25,5142.75,105
2022-01-03 06:53:00,5143.00,5143.25,5143.00,5143.25,70
2022-01-03 06:54:00,5143.25,5143.25,5142.25,5142.75,134
2022-01-03 06:55:00,5142.75,5143.25,5142.50,5143.00,185
2022-01-03 06:56:00,5143.00,5143.50,5142.75,5143.25,103
2022-01-03 06:57:00,5143.25,5143.75,5143.25,5143.25,81
2022-01-03 06:58:00,5143.25,5143.50,5143.00,5143.50,98
2022-01-03 06:59:00,5143.50,5143.75,5143.25,5143.25,75
2022-01-03 07:00:00,5143.25,5143.25,5142.50,5142.50,81
2022-01-03 07:01:00,5142.50,5142.50,5142.00,5142.50,215
2022-01-03 07:02:00,5142.50,5142.50,5142.00,5142.25,89
2022-01-03 07:03:00,5142.25,5142.25,5142.00,5142.25,34
2022-01-03 07:04:00,5142.25,5142.25,5141.75,5142.00,132
2022-01-03 07:05:00,5142.00,5142.00,5141.50,5142.00,292
2022-01-03 07:06:00,5142.00,5142.00,5141.00,5141.25,153
2022-01-03 07:07:00,5141.25,5141.25,5140.75,5141.25,181
2022-01-03 07:08:00,5141.00,5141.25,5140.50,5140.50,132
2022-01-03 07:09:00,5140.50,5141.00,5140.00,5140.25,278
2022-01-03 07:10:00,5140.25,5141.50,5140.00,5141.00,371
2022-01-03 07:11:00,5141.25,5141.25,5140.50,5141.00,73
2022-01-03 07:12:00,5141.00,5141.25,5141.00,5141.25,106
2022-01-03 07:13:00,5141.25,5141.75,5141.00,5141.50,136
2022-01-03 07:14:00,5141.75,5141.75,5140.75,5141.00,69
2022-01-03 07:15:00,5141.00,5141.25,5140.75,5141.25,123
2022-01-03 07:16:00,5141.25,5141.75,5141.25,5141.50,64
2022-01-03 07:17:00,5141.50,5141.75,5141.25,5141.75,57
2022-01-03 07:18:00,5141.75,5142.00,5141.50,5141.75,66
2022-01-03 07:19:00,5141.75,5141.75,5141.50,5141.50,35
2022-01-03 07:20:00,5141.50,5141.75,5141.50,5141.50,40
2022-01-03 07:21:00,5141.75,5142.00,5141.25,5141.25,122
2022-01-03 07:22:00,5141.50,5142.00,5141.25,5141.50,266
2022-01-03 07:23:00,5141.25,5141.25,5140.75,5140.75,158
2022-01-03 07:24:00,5140.50,5141.25,5140.00,5140.00,351
2022-01-03 07:25:00,5140.25,5140.25,5140.00,5140.25,98
2022-01-03 07:26:00,5140.25,5141.25,5140.00,5141.25,222
2022-01-03 07:27:00,5141.00,5141.25,5140.50,5140.50,231
2022-01-03 07:28:00,5140.75,5140.75,5139.75,5140.25,415
2022-01-03 07:29:00,5140.25,5140.50,5140.00,5140.50,50
2022-01-03 07:30:00,5140.50,5140.50,5139.75,5140.00,208
2022-01-03 07:31:00,5140.25,5140.25,5139.25,5139.50,278
2022-01-03 07:32:00,5139.50,5139.75,5139.00,5139.00,337
2022-01-03 07:33:00,5139.00,5140.00,5138.25,5139.75,529
2022-01-03 07:34:00,5139.50,5140.00,5139.50,5139.75,49
2022-01-03 07:35:00,5139.75,5139.75,5139.00,5139.25,155
2022-01-03 07:36:00,5139.25,5139.50,5139.00,5139.50,74
2022-01-03 07:37:00,5139.50,5139.50,5139.25,5139.50,42
2022-01-03 07:38:00,5139.50,5139.50,5139.00,5139.50,110
2022-01-03 07:39:00,5139.50,5140.00,5139.25,5140.00,194
2022-01-03 07:40:00,5140.00,5140.25,5139.50,5140.25,131
2022-01-03 07:41:00,5140.25,5140.25,5140.00,5140.25,99
2022-01-03 07:42:00,5140.25,5140.50,5140.00,5140.25,83
2022-01-03 07:43:00,5140.25,5140.25,5139.50,5139.50,147
2022-01-03 07:44:00,5139.50,5139.50,5139.00,5139.00,208
2022-01-03 07:45:00,5139.00,5139.25,5137.75,5138.00,366
2022-01-03 07:46:00,5138.00,5138.50,5137.50,5137.50,213
2022-01-03 07:47:00,5137.75,5137.75,5136.50,5136.75,537
2022-01-03 07:48:00,5137.00,5138.50,5136.75,5138.50,467
2022-01-03 07:49:00,5138.25,5138.75,5137.75,5138.25,360
2022-01-03 07:50:00,5138.25,5138.50,5138.25,5138.50,188
2022-01-03 07:51:00,5138.50,5139.00,5138.25,5138.75,358
2022-01-03 07:52:00,5138.75,5139.25,5138.75,5139.25,98
2022-01-03 07:53:00,5139.25,5139.25,5138.25,5138.50,296
2022-01-03 07:54:00,5138.75,5138.75,5138.25,5138.25,243
2022-01-03 07:55:00,5138.50,5138.50,5137.75,5138.00,168
2022-01-03 07:56:00,5138.25,5138.25,5137.75,5138.00,169
2022-01-03 07:57:00,5138.00,5138.25,5137.75,5138.00,374
2022-01-03 07:58:00,5137.75,5138.00,5137.25,5137.25,143
2022-01-03 07:59:00,5137.25,5137.25,5136.75,5137.00,117
2022-01-03 08:00:00,5137.25,5137.25,5136.50,5137.25,647
2022-01-03 08:01:00,5137.25,5137.75,5137.00,5137.00,564
2022-01-03 08:02:00,5137.00,5137.75,5137.00,5137.25,276
2022-01-03 08:03:00,5137.25,5137.50,5137.00,5137.50,295
2022-01-03 08:04:00,5137.50,5138.00,5137.50,5137.75,280
2022-01-03 08:05:00,5137.75,5138.00,5137.75,5138.00,65
2022-01-03 08:06:00,5138.00,5138.00,5136.75,5137.25,316
2022-01-03 08:07:00,5137.00,5137.50,5136.50,5136.75,467
2022-01-03 08:08:00,5137.00,5137.00,5136.25,5136.75,219
2022-01-03 08:09:00,5136.50,5137.50,5136.50,5137.25,231
2022-01-03 08:10:00,5137.25,5137.75,5137.25,5137.25,197
2022-01-03 08:11:00,5137.25,5137.50,5136.75,5137.00,242
2022-01-03 08:12:00,5137.25,5137.50,5137.00,5137.25,412
2022-01-03 08:13:00,5137.25,5137.75,5137.00,5137.00,249
2022-01-03 08:14:00,5137.00,5137.50,5136.75,5137.00,410
2022-01-03 08:15:00,5137.25,5137.25,5135.75,5137.00,972
2022-01-03 08:16:00,5137.25,5137.25,5136.75,5137.00,359
2022-01-03 08:17:00,5136.75,5137.75,5136.75,5137.00,522
2022-01-03 08:18:00,5137.00,5137.25,5136.50,5136.50,153
2022-01-03 08:19:00,5136.50,5136.50,5135.75,5136.25,403
2022-01-03 08:20:00,5136.25,5136.50,5135.75,5135.75,168
2022-01-03 08:21:00,5136.00,5136.75,5136.00,5136.25,270
2022-01-03 08:22:00,5136.25,5136.50,5136.00,5136.25,45
2022-01-03 08:23:00,5136.25,5136.75,5136.00,5136.75,303
2022-01-03 08:24:00,5136.75,5137.00,5136.25,5136.75,307
2022-01-03 08:25:00,5136.75,5137.50,5136.25,5136.50,422
2022-01-03 08:26:00,5136.50,5136.75,5136.25,5136.50,230
2022-01-03 08:27:00,5136.75,5137.00,5136.50,5136.75,216
2022-01-03 08:28:00,5136.75,5137.00,5136.00,5136.75,552
2022-01-03 08:29:00,5137.00,5137.75,5136.50,5137.25,633
2022-01-03 08:30:00,5137.50,5137.50,5136.75,5137.25,391
2022-01-03 08:31:00,5137.00,5138.00,5137.00,5137.75,450
2022-01-03 08:32:00,5137.50,5137.50,5136.75,5137.00,228
2022-01-03 08:33:00,5136.75,5136.75,5135.75,5136.00,481
2022-01-03 08:34:00,5135.75,5136.00,5134.50,5135.25,677
2022-01-03 08:35:00,5135.25,5136.50,5135.25,5136.00,361
2022-01-03 08:36:00,5135.75,5136.25,5135.75,5136.00,192
2022-01-03 08:37:00,5136.00,5136.25,5135.25,5135.50,827
2022-01-03 08:38:00,5135.50,5136.00,5135.50,5136.00,266
2022-01-03 08:39:00,5135.75,5136.00,5135.25,5135.25,353
2022-01-03 08:40:00,5135.25,5135.50,5134.50,5135.00,388
2022-01-03 08:41:00,5135.25,5135.25,5134.75,5134.75,355
2022-01-03 08:42:00,5135.00,5135.00,5133.75,5134.25,669
2022-01-03 08:43:00,5134.25,5135.00,5134.25,5135.00,331
2022-01-03 08:44:00,5135.25,5135.25,5134.50,5134.50,251
2022-01-03 08:45:00,5134.50,5135.00,5134.50,5135.00,291
2022-01-03 08:46:00,5135.00,5135.75,5135.00,5135.75,208
2022-01-03 08:47:00,5135.50,5136.25,5134.75,5134.75,466
2022-01-03 08:48:00,5134.75,5135.50,5134.75,5135.25,273
2022-01-03 08:49:00,5135.50,5136.25,5135.25,5136.00,178
2022-01-03 08:50:00,5136.00,5136.00,5135.25,5136.00,322
2022-01-03 08:51:00,5136.00,5136.50,5135.75,5136.50,354
2022-01-03 08:52:00,5136.50,5136.50,5135.75,5136.00,211
2022-01-03 08:53:00,5136.00,5136.25,5136.00,5136.00,134
2022-01-03 08:54:00,5135.75,5136.00,5134.50,5135.25,648
2022-01-03 08:55:00,5135.25,5135.75,5135.25,5135.25,138
2022-01-03 08:56:00,5135.25,5135.50,5134.00,5134.00,453
2022-01-03 08:57:00,5134.00,5134.25,5132.25,5133.00,1412
2022-01-03 08:58:00,5133.00,5133.25,5129.50,5130.25,1885
2022-01-03 08:59:00,5130.25,5131.25,5127.75,5128.25,2483
2022-01-03 09:00:00,5128.25,5128.25,5126.00,5128.25,2431
2022-01-03 09:01:00,5128.00,5129.25,5126.25,5126.50,1954
2022-01-03 09:02:00,5126.50,5128.00,5126.25,5127.75,1082
2022-01-03 09:03:00,5127.75,5128.25,5125.75,5126.50,1587
2022-01-03 09:04:00,5126.50,5127.75,5125.50,5127.50,1526
2022-01-03 09:05:00,5127.50,5128.50,5125.50,5125.75,1227
2022-01-03 09:06:00,5125.75,5126.75,5125.00,5126.50,1386
2022-01-03 09:07:00,5126.75,5126.75,5125.00,5126.50,784
2022-01-03 09:08:00,5126.50,5126.75,5126.25,5126.75,552
2022-01-03 09:09:00,5126.75,5128.75,5126.25,5128.50,1198
2022-01-03 09:10:00,5128.75,5129.25,5128.50,5128.75,969
2022-01-03 09:11:00,5128.75,5129.50,5128.50,5128.50,478
2022-01-03 09:12:00,5128.50,5128.50,5127.25,5127.75,570
2022-01-03 09:13:00,5127.75,5128.75,5127.75,5128.75,535
2022-01-03 09:14:00,5128.50,5130.00,5128.50,5129.75,1116
2022-01-03 09:15:00,5129.75,5129.75,5128.50,5128.50,488
2022-01-03 09:16:00,5128.50,5129.75,5127.50,5129.50,735
2022-01-03 09:17:00,5129.25,5131.25,5129.25,5130.25,975
2022-01-03 09:18:00,5130.50,5131.00,5130.25,5131.00,751
2022-01-03 09:19:00,5131.00,5131.25,5130.50,5130.50,482
2022-01-03 09:20:00,5130.50,5130.50,5129.50,5130.25,625
2022-01-03 09:21:00,5129.75,5130.50,5129.50,5129.50,432
2022-01-03 09:22:00,5129.25,5129.50,5128.75,5129.00,498
2022-01-03 09:23:00,5128.75,5129.75,5128.50,5128.75,494
2022-01-03 09:24:00,5128.75,5129.75,5128.50,5129.50,438
2022-01-03 09:25:00,5129.50,5130.25,5128.50,5128.75,1733
2022-01-03 09:26:00,5129.00,5129.00,5127.50,5128.00,1467
2022-01-03 09:27:00,5128.00,5128.25,5126.25,5126.50,1789
2022-01-03 09:28:00,5126.75,5127.00,5125.00,5126.00,2141
2022-01-03 09:29:00,5125.75,5127.00,5125.00,5125.50,2605
2022-01-03 09:30:00,5125.75,5128.25,5124.50,5127.00,12785
2022-01-03 09:31:00,5126.75,5130.50,5125.50,5129.25,7887
2022-01-03 09:32:00,5129.00,5130.00,5126.75,5127.75,9943
2022-01-03 09:33:00,5127.75,5132.25,5127.75,5132.00,4845
2022-01-03 09:34:00,5132.00,5134.00,5131.25,5133.00,6779
2022-01-03 09:35:00,5132.75,5134.50,5131.25,5133.00,7724
2022-01-03 09:36:00,5132.75,5136.25,5132.75,5134.75,5300
2022-01-03 09:37:00,5134.75,5139.25,5134.75,5137.25,6760
2022-01-03 09:38:00,5137.25,5137.75,5136.00,5136.00,3725
2022-01-03 09:39:00,5135.75,5136.50,5133.25,5134.75,5018
2022-01-03 09:40:00,5134.75,5136.50,5133.75,5134.50,5743
2022-01-03 09:41:00,5134.50,5135.25,5132.75,5134.00,5495
2022-01-03 09:42:00,5134.25,5134.75,5132.75,5133.50,2613
2022-01-03 09:43:00,5133.50,5134.25,5133.00,5133.75,1557
2022-01-03 09:44:00,5133.75,5134.00,5132.00,5133.75,2246
2022-01-03 09:45:00,5133.75,5135.25,5130.25,5130.25,5318
2022-01-03 09:46:00,5130.50,5130.50,5126.75,5127.00,5652
2022-01-03 09:47:00,5127.00,5127.25,5116.50,5117.25,16737
2022-01-03 09:48:00,5117.25,5117.75,5110.00,5113.75,16439
2022-01-03 09:49:00,5113.75,5113.75,5107.50,5111.00,12814
2022-01-03 09:50:00,5111.00,5112.00,5100.25,5105.25,19175
2022-01-03 09:51:00,5105.25,5112.50,5104.00,5111.75,13565
2022-01-03 09:52:00,5111.75,5117.00,5107.75,5109.50,13092
2022-01-03 09:53:00,5109.50,5112.75,5108.50,5110.50,7262
2022-01-03 09:54:00,5110.25,5114.00,5109.50,5112.25,5485
2022-01-03 09:55:00,5112.25,5112.50,5107.00,5110.75,8795
2022-01-03 09:56:00,5111.00,5117.25,5110.25,5116.25,9128
2022-01-03 09:57:00,5116.25,5116.75,5113.25,5116.75,4396
2022-01-03 09:58:00,5116.25,5117.00,5111.75,5112.00,4905
2022-01-03 09:59:00,5112.00,5112.75,5109.75,5111.25,3928
2022-01-03 10:00:00,5111.50,5118.50,5109.75,5118.25,7102
2022-01-03 10:01:00,5118.25,5119.50,5116.50,5117.00,6157
2022-01-03 10:02:00,5117.00,5117.25,5112.75,5114.50,5255
2022-01-03 10:03:00,5114.50,5116.25,5112.00,5113.25,5151
2022-01-03 10:04:00,5113.25,5117.00,5113.25,5114.75,4991
2022-01-03 10:05:00,5114.75,5116.00,5110.75,5114.00,8352
2022-01-03 10:06:00,5114.00,5117.00,5112.75,5113.25,4944
2022-01-03 10:07:00,5113.25,5114.75,5112.00,5113.75,3508
2022-01-03 10:08:00,5113.75,5114.00,5112.25,5113.50,3510
2022-01-03 10:09:00,5113.25,5114.50,5111.50,5114.25,3023
2022-01-03 10:10:00,5114.25,5120.00,5114.25,5119.00,5522
2022-01-03 10:11:00,5118.75,5119.25,5115.25,5117.25,4163
2022-01-03 10:12:00,5117.00,5118.25,5116.00,5118.00,3423
2022-01-03 10:13:00,5117.75,5121.25,5116.00,5121.00,4663
2022-01-03 10:14:00,5120.75,5123.75,5120.50,5122.50,5250
2022-01-03 10:15:00,5122.75,5123.75,5120.00,5121.00,5490
2022-01-03 10:16:00,5121.00,5122.75,5120.75,5122.00,3623
2022-01-03 10:17:00,5122.00,5123.75,5121.25,5123.25,3806
2022-01-03 10:18:00,5123.25,5126.25,5123.25,5126.00,6674
2022-01-03 10:19:00,5125.75,5126.00,5123.00,5123.75,4926
2022-01-03 10:20:00,5123.50,5124.25,5120.50,5121.50,5033
2022-01-03 10:21:00,5121.50,5122.50,5119.00,5119.00,3789
2022-01-03 10:22:00,5118.75,5121.00,5117.50,5119.50,4061
2022-01-03 10:23:00,5119.50,5122.50,5119.25,5121.75,3130
2022-01-03 10:24:00,5121.50,5124.25,5121.25,5124.25,3002
2022-01-03 10:25:00,5124.00,5128.00,5122.50,5128.00,5269
2022-01-03 10:26:00,5127.75,5128.00,5124.75,5125.25,5513
2022-01-03 10:27:00,5125.25,5128.75,5125.00,5127.50,3385
2022-01-03 10:28:00,5127.50,5128.75,5126.50,5127.75,2720
2022-01-03 10:29:00,5127.50,5129.50,5127.25,5129.50,4540
2022-01-03 10:30:00,5129.50,5130.00,5122.25,5124.25,8437
2022-01-03 10:31:00,5124.25,5125.50,5122.75,5123.00,3146
2022-01-03 10:32:00,5123.00,5124.00,5121.25,5122.50,2834
2022-01-03 10:33:00,5122.75,5122.75,5118.00,5119.25,4100
2022-01-03 10:34:00,5119.25,5123.25,5118.50,5122.00,4272
2022-01-03 10:35:00,5122.00,5124.00,5121.25,5121.50,3051
2022-01-03 10:36:00,5121.75,5123.00,5120.75,5122.00,2479
2022-01-03 10:37:00,5121.75,5123.25,5121.50,5122.00,1644
2022-01-03 10:38:00,5122.00,5123.75,5120.75,5121.25,2518
2022-01-03 10:39:00,5121.50,5123.75,5119.75,5122.00,2983
2022-01-03 10:40:00,5122.00,5122.50,5119.75,5121.50,2093
2022-01-03 10:41:00,5121.50,5124.50,5121.25,5124.50,2489
2022-01-03 10:42:00,5124.25,5125.50,5122.00,5122.00,3312
2022-01-03 10:43:00,5122.25,5122.25,5119.75,5121.75,2263
2022-01-03 10:44:00,5122.00,5123.00,5120.25,5121.00,1738
2022-01-03 10:45:00,5121.00,5122.75,5119.25,5122.50,2492
2022-01-03 10:46:00,5122.50,5125.75,5121.50,5125.00,3614
2022-01-03 10:47:00,5124.75,5125.50,5123.75,5124.50,2814
2022-01-03 10:48:00,5124.50,5125.75,5123.75,5123.75,2418
2022-01-03 10:49:00,5124.00,5125.25,5123.25,5125.00,1835
2022-01-03 10:50:00,5125.00,5125.25,5122.25,5123.75,2683
2022-01-03 10:51:00,5124.00,5124.25,5123.00,5124.00,2617
2022-01-03 10:52:00,5124.00,5124.75,5123.00,5123.50,2222
2022-01-03 10:53:00,5123.75,5123.75,5121.50,5122.25,3306
2022-01-03 10:54:00,5122.25,5123.50,5121.50,5123.00,2269
2022-01-03 10:55:00,5123.00,5123.50,5120.50,5122.00,2519
2022-01-03 10:56:00,5122.25,5124.50,5122.00,5123.25,2675
2022-01-03 10:57:00,5123.25,5124.25,5122.25,5123.50,2619
2022-01-03 10:58:00,5123.50,5123.50,5121.00,5121.25,1872
2022-01-03 10:59:00,5121.50,5123.75,5121.00,5123.25,1399
2022-01-03 11:00:00,5123.25,5124.50,5121.75,5122.25,2923
2022-01-03 11:01:00,5122.50,5123.50,5121.50,5123.50,1602
2022-01-03 11:02:00,5123.50,5123.50,5120.75,5121.00,1938
2022-01-03 11:03:00,5121.00,5122.25,5120.00,5122.00,1957
2022-01-03 11:04:00,5122.00,5122.00,5119.75,5121.50,1648
2022-01-03 11:05:00,5121.25,5122.50,5119.75,5122.00,2124
2022-01-03 11:06:00,5122.00,5124.00,5121.50,5122.25,2750
2022-01-03 11:07:00,5122.25,5122.25,5119.25,5119.75,2738
2022-01-03 11:08:00,5119.75,5119.75,5117.00,5119.00,2931
2022-01-03 11:09:00,5119.00,5120.00,5118.00,5118.25,1969
2022-01-03 11:10:00,5118.25,5118.75,5117.25,5117.75,1961
2022-01-03 11:11:00,5117.75,5118.00,5115.25,5117.75,3798
2022-01-03 11:12:00,5117.75,5118.00,5115.25,5115.75,3402
2022-01-03 11:13:00,5115.75,5116.00,5113.75,5115.75,2949
2022-01-03 11:14:00,5115.75,5116.00,5113.75,5114.75,2177
2022-01-03 11:15:00,5114.75,5115.00,5113.25,5114.00,2251
2022-01-03 11:16:00,5114.00,5116.50,5114.00,5115.50,2636
2022-01-03 11:17:00,5115.50,5115.75,5113.25,5113.75,2625
2022-01-03 11:18:00,5114.00,5115.25,5112.25,5114.25,3856
2022-01-03 11:19:00,5114.25,5115.00,5113.25,5114.25,1528
2022-01-03 11:20:00,5114.25,5114.75,5112.25,5113.25,2029
2022-01-03 11:21:00,5113.25,5115.50,5113.25,5115.00,2114
2022-01-03 11:22:00,5115.00,5117.50,5115.00,5116.00,2471
2022-01-03 11:23:00,5115.75,5118.00,5115.00,5117.50,2152
2022-01-03 11:24:00,5117.25,5118.25,5116.25,5117.00,2094
2022-01-03 11:25:00,5116.75,5117.00,5115.50,5116.00,1671
2022-01-03 11:26:00,5116.00,5116.25,5114.50,5116.25,1813
2022-01-03 11:27:00,5116.25,5117.75,5115.75,5116.75,1727
2022-01-03 11:28:00,5116.75,5117.00,5114.75,5115.50,1280
2022-01-03 11:29:00,5115.25,5117.50,5114.50,5117.00,2036
2022-01-03 11:30:00,5117.25,5117.25,5114.50,5115.75,2504
2022-01-03 11:31:00,5115.75,5116.75,5115.00,5116.25,2304
2022-01-03 11:32:00,5116.25,5116.25,5114.25,5114.75,1544
2022-01-03 11:33:00,5114.75,5115.25,5113.50,5114.75,1516
2022-01-03 11:34:00,5114.75,5116.00,5113.00,5113.75,2524
2022-01-03 11:35:00,5113.50,5114.50,5108.75,5110.50,6959
2022-01-03 11:36:00,5110.75,5111.75,5109.75,5110.50,2983
2022-01-03 11:37:00,5110.50,5110.50,5106.25,5108.00,4368
2022-01-03 11:38:00,5108.00,5108.00,5106.25,5107.50,3042
2022-01-03 11:39:00,5107.50,5108.00,5107.00,5107.25,2618
2022-01-03 11:40:00,5107.50,5110.50,5107.50,5110.25,3994
2022-01-03 11:41:00,5110.50,5114.00,5110.50,5113.00,3527
2022-01-03 11:42:00,5112.75,5114.00,5112.25,5113.50,1809
2022-01-03 11:43:00,5113.50,5115.25,5113.00,5115.00,1753
2022-01-03 11:44:00,5115.00,5115.50,5114.00,5115.00,1917
2022-01-03 11:45:00,5115.00,5115.75,5113.50,5115.00,2083
2022-01-03 11:46:00,5115.00,5116.50,5114.25,5115.75,2360
2022-01-03 11:47:00,5115.50,5119.25,5115.50,5118.50,4505
2022-01-03 11:48:00,5118.50,5120.25,5118.00,5118.25,2726
2022-01-03 11:49:00,5118.25,5119.25,5116.25,5116.50,2358
2022-01-03 11:50:00,5116.50,5117.75,5113.75,5114.25,3111
2022-01-03 11:51:00,5114.25,5114.75,5112.50,5113.75,3099
2022-01-03 11:52:00,5113.50,5114.50,5113.00,5114.25,2075
2022-01-03 11:53:00,5114.25,5115.25,5113.50,5114.50,1497
2022-01-03 11:54:00,5114.25,5115.75,5114.25,5115.75,1394
2022-01-03 11:55:00,5115.50,5117.25,5114.50,5116.25,1441
2022-01-03 11:56:00,5116.25,5116.25,5114.25,5115.75,1547
2022-01-03 11:57:00,5115.50,5115.75,5113.75,5115.00,1291
2022-01-03 11:58:00,5115.00,5116.50,5114.50,5115.00,1751
2022-01-03 11:59:00,5115.00,5115.50,5114.25,5115.25,1234
2022-01-03 12:00:00,5115.25,5115.25,5113.00,5113.00,1741
2022-01-03 12:01:00,5113.00,5113.75,5112.50,5112.50,2180
2022-01-03 12:02:00,5112.50,5113.75,5112.00,5113.50,1159
2022-01-03 12:03:00,5113.25,5115.50,5113.25,5115.50,1540
2022-01-03 12:04:00,5115.25,5116.50,5115.00,5115.75,886
2022-01-03 12:05:00,5115.50,5116.00,5112.75,5113.50,1874
2022-01-03 12:06:00,5113.25,5114.75,5113.00,5114.75,984
2022-01-03 12:07:00,5114.50,5115.25,5114.25,5115.00,975
2022-01-03 12:08:00,5114.75,5116.25,5114.75,5115.75,823
2022-01-03 12:09:00,5115.50,5117.50,5115.50,5117.00,2174
2022-01-03 12:10:00,5116.75,5118.25,5115.00,5117.25,2102
2022-01-03 12:11:00,5117.00,5117.25,5114.75,5115.25,1288
2022-01-03 12:12:00,5115.25,5115.50,5113.75,5115.25,1303
2022-01-03 12:13:00,5115.50,5117.00,5115.25,5116.50,1191
2022-01-03 12:14:00,5116.75,5117.75,5116.50,5117.50,1122
2022-01-03 12:15:00,5117.50,5118.25,5117.25,5117.25,1386
2022-01-03 12:16:00,5117.25,5117.50,5116.75,5117.25,858
2022-01-03 12:17:00,5117.25,5117.75,5115.75,5117.00,1414
2022-01-03 12:18:00,5117.00,5118.00,5116.25,5118.00,1149
2022-01-03 12:19:00,5117.75,5118.25,5117.00,5117.75,643
2022-01-03 12:20:00,5117.75,5118.75,5117.75,5118.25,851
2022-01-03 12:21:00,5118.25,5120.00,5118.25,5119.50,1252
2022-01-03 12:22:00,5119.75,5120.50,5119.50,5120.25,1394
2022-01-03 12:23:00,5120.25,5121.25,5119.50,5121.00,1227
2022-01-03 12:24:00,5120.75,5121.75,5120.50,5120.75,1442
2022-01-03 12:25:00,5120.75,5121.00,5119.25,5120.00,2179
2022-01-03 12:26:00,5120.25,5121.00,5120.00,5120.50,829
2022-01-03 12:27:00,5120.50,5120.75,5120.00,5120.50,987
2022-01-03 12:28:00,5120.25,5120.75,5119.75,5120.50,841
2022-01-03 12:29:00,5120.50,5121.25,5120.50,5121.00,1428
2022-01-03 12:30:00,5121.00,5121.25,5119.75,5119.75,1790
2022-01-03 12:31:00,5119.75,5120.25,5119.00,5119.25,1514
2022-01-03 12:32:00,5119.50,5119.75,5119.00,5119.75,636
2022-01-03 12:33:00,5119.75,5120.00,5119.25,5119.25,560
2022-01-03 12:34:00,5119.50,5120.00,5119.00,5119.75,1054
2022-01-03 12:35:00,5119.75,5120.75,5119.50,5119.75,841
2022-01-03 12:36:00,5119.75,5120.00,5118.50,5119.00,1703
2022-01-03 12:37:00,5119.25,5119.50,5118.00,5119.00,820
2022-01-03 12:38:00,5119.00,5119.00,5118.00,5118.50,1032
2022-01-03 12:39:00,5118.75,5118.75,5117.75,5118.75,506
2022-01-03 12:40:00,5118.75,5118.75,5117.25,5118.25,1003
2022-01-03 12:41:00,5118.25,5119.25,5118.00,5118.75,741
2022-01-03 12:42:00,5118.75,5118.75,5117.25,5117.75,987
2022-01-03 12:43:00,5118.00,5118.00,5116.25,5117.25,1434
2022-01-03 12:44:00,5117.50,5118.50,5117.00,5118.25,974
2022-01-03 12:45:00,5118.25,5119.50,5118.25,5119.25,1208
2022-01-03 12:46:00,5119.50,5120.00,5119.00,5119.25,1751
2022-01-03 12:47:00,5119.50,5119.50,5118.75,5119.50,681
2022-01-03 12:48:00,5119.50,5119.50,5118.50,5118.50,948
2022-01-03 12:49:00,5118.75,5119.75,5118.75,5119.75,574
2022-01-03 12:50:00,5119.75,5120.50,5119.50,5120.25,822
2022-01-03 12:51:00,5120.25,5120.75,5120.00,5120.75,917
2022-01-03 12:52:00,5120.75,5120.75,5119.25,5119.50,1093
2022-01-03 12:53:00,5119.50,5119.50,5117.25,5117.50,2284
2022-01-03 12:54:00,5117.50,5117.75,5117.00,5117.25,883
2022-01-03 12:55:00,5117.50,5118.25,5117.25,5118.00,911
2022-01-03 12:56:00,5118.25,5118.50,5117.75,5118.00,1160
2022-01-03 12:57:00,5118.00,5118.00,5117.25,5117.75,574
2022-01-03 12:58:00,5118.00,5118.00,5117.25,5117.50,881
2022-01-03 12:59:00,5117.75,5118.00,5116.75,5117.50,1596
2022-01-03 13:00:00,5117.50,5118.25,5116.75,5117.25,1452
2022-01-03 13:01:00,5117.25,5117.50,5115.25,5115.75,2658
2022-01-03 13:02:00,5115.75,5117.00,5115.50,5116.75,1162
2022-01-03 13:03:00,5117.00,5118.50,5116.75,5117.75,1309
2022-01-03 13:04:00,5118.00,5118.00,5117.25,5118.00,698
2022-01-03 13:05:00,5118.00,5118.00,5117.25,5117.25,807
2022-01-03 13:06:00,5117.50,5118.25,5117.00,5117.75,2112
2022-01-03 13:07:00,5117.75,5117.75,5116.00,5117.00,1177
2022-01-03 13:08:00,5117.00,5117.25,5116.00,5116.50,1855
2022-01-03 13:09:00,5116.75,5116.75,5115.50,5116.00,1475
2022-01-03 13:10:00,5116.00,5116.25,5114.75,5116.25,1386
2022-01-03 13:11:00,5116.50,5118.00,5116.50,5117.50,1354
2022-01-03 13:12:00,5117.75,5120.00,5117.50,5119.50,2044
2022-01-03 13:13:00,5119.50,5123.00,5119.25,5121.75,5765
2022-01-03 13:14:00,5121.50,5122.75,5120.50,5120.75,2637
2022-01-03 13:15:00,5120.75,5121.00,5119.75,5120.25,1162
2022-01-03 13:16:00,5120.50,5120.75,5119.75,5120.75,584
2022-01-03 13:17:00,5120.75,5121.75,5119.75,5121.25,1870
2022-01-03 13:18:00,5121.25,5122.00,5121.25,5122.00,1206
2022-01-03 13:19:00,5122.00,5122.50,5121.00,5121.25,1114
2022-01-03 13:20:00,5121.50,5122.50,5121.25,5122.50,1716
2022-01-03 13:21:00,5122.25,5123.00,5122.00,5122.75,1680
2022-01-03 13:22:00,5122.50,5122.50,5122.00,5122.50,1142
2022-01-03 13:23:00,5122.50,5122.75,5122.00,5122.25,1428
2022-01-03 13:24:00,5122.25,5122.75,5121.50,5121.75,994
2022-01-03 13:25:00,5121.75,5122.50,5121.75,5122.50,1210
2022-01-03 13:26:00,5122.25,5122.25,5121.50,5122.00,1255
2022-01-03 13:27:00,5121.75,5122.25,5121.75,5122.25,649
2022-01-03 13:28:00,5122.25,5123.50,5122.25,5122.25,1216
2022-01-03 13:29:00,5122.25,5122.75,5121.75,5122.25,942
2022-01-03 13:30:00,5122.25,5123.50,5122.00,5123.25,1163
2022-01-03 13:31:00,5123.50,5123.50,5122.25,5122.50,1656
2022-01-03 13:32:00,5122.50,5122.50,5121.00,5121.25,1412
2022-01-03 13:33:00,5121.50,5121.50,5120.25,5120.50,1528
2022-01-03 13:34:00,5120.75,5121.25,5120.75,5121.25,714
2022-01-03 13:35:00,5121.25,5122.25,5120.75,5121.75,1380
2022-01-03 13:36:00,5121.75,5122.00,5121.50,5122.00,831
2022-01-03 13:37:00,5121.75,5121.75,5120.75,5121.00,1278
2022-01-03 13:38:00,5121.00,5121.25,5120.75,5121.00,476
2022-01-03 13:39:00,5121.25,5121.50,5120.75,5121.25,632
2022-01-03 13:40:00,5121.25,5121.25,5120.75,5120.75,451
2022-01-03 13:41:00,5120.75,5122.50,5120.50,5122.50,916
2022-01-03 13:42:00,5122.50,5123.75,5122.50,5123.50,2556
2022-01-03 13:43:00,5123.50,5123.75,5123.00,5123.50,1467
2022-01-03 13:44:00,5123.50,5125.75,5123.25,5125.50,3568
2022-01-03 13:45:00,5125.50,5125.75,5124.75,5125.25,2403
2022-01-03 13:46:00,5125.25,5125.75,5124.50,5124.75,1258
2022-01-03 13:47:00,5124.75,5125.00,5124.75,5124.75,746
2022-01-03 13:48:00,5124.75,5125.25,5123.50,5125.00,1323
2022-01-03 13:49:00,5125.00,5125.75,5125.00,5125.50,981
2022-01-03 13:50:00,5125.50,5126.25,5125.25,5126.00,1355
2022-01-03 13:51:00,5126.25,5127.00,5126.00,5126.75,2201
2022-01-03 13:52:00,5127.00,5127.00,5126.00,5126.50,1061
2022-01-03 13:53:00,5126.75,5127.25,5126.00,5127.00,1264
2022-01-03 13:54:00,5127.25,5128.50,5126.75,5128.25,2028
2022-01-03 13:55:00,5128.25,5129.25,5128.25,5129.25,1937
2022-01-03 13:56:00,5129.25,5129.25,5128.00,5128.75,1960
2022-01-03 13:57:00,5129.00,5129.00,5128.00,5128.25,1329
2022-01-03 13:58:00,5128.50,5128.50,5127.25,5127.50,1805
2022-01-03 13:59:00,5127.75,5129.25,5127.50,5129.00,1648
2022-01-03 14:00:00,5129.00,5129.75,5128.25,5129.50,3320
2022-01-03 14:01:00,5129.75,5130.00,5129.00,5129.00,1443
2022-01-03 14:02:00,5129.25,5129.50,5127.75,5128.00,1263
2022-01-03 14:03:00,5128.00,5129.00,5127.50,5128.75,1539
2022-01-03 14:04:00,5128.75,5129.00,5128.00,5128.50,1171
2022-01-03 14:05:00,5128.75,5128.75,5127.50,5127.75,1278
2022-01-03 14:06:00,5128.00,5129.25,5127.50,5129.25,1204
2022-01-03 14:07:00,5129.25,5130.00,5129.00,5129.25,1709
2022-01-03 14:08:00,5129.50,5132.00,5129.50,5132.00,3313
2022-01-03 14:09:00,5132.00,5132.25,5131.00,5131.50,1578
2022-01-03 14:10:00,5131.50,5131.50,5130.75,5131.25,987
2022-01-03 14:11:00,5131.25,5131.50,5131.25,5131.25,1395
2022-01-03 14:12:00,5131.50,5131.50,5130.25,5130.50,1729
2022-01-03 14:13:00,5130.50,5130.75,5130.00,5130.75,1373
2022-01-03 14:14:00,5130.75,5131.50,5130.25,5130.50,1252
2022-01-03 14:15:00,5130.50,5130.50,5129.25,5130.00,1634
2022-01-03 14:16:00,5130.25,5132.00,5130.25,5131.75,1676
2022-01-03 14:17:00,5131.75,5131.75,5130.50,5130.50,1635
2022-01-03 14:18:00,5130.75,5131.50,5130.50,5131.00,1003
2022-01-03 14:19:00,5131.00,5131.25,5130.50,5130.50,552
2022-01-03 14:20:00,5130.50,5131.00,5130.25,5130.50,438
2022-01-03 14:21:00,5130.75,5130.75,5130.00,5130.00,1132
2022-01-03 14:22:00,5130.00,5130.25,5129.50,5129.50,985
2022-01-03 14:23:00,5129.75,5130.00,5129.50,5129.50,735
2022-01-03 14:24:00,5129.50,5129.50,5128.50,5129.00,1099
2022-01-03 14:25:00,5129.00,5129.25,5128.50,5129.00,1518
2022-01-03 14:26:00,5129.25,5130.00,5129.25,5129.75,1152
2022-01-03 14:27:00,5129.75,5130.75,5129.75,5130.00,914
2022-01-03 14:28:00,5130.00,5130.75,5129.50,5130.75,669
2022-01-03 14:29:00,5130.75,5131.00,5130.50,5130.75,766
2022-01-03 14:30:00,5131.00,5132.00,5130.25,5131.75,2041
2022-01-03 14:31:00,5131.75,5132.00,5130.50,5130.50,1227
2022-01-03 14:32:00,5130.75,5130.75,5129.25,5130.00,1732
2022-01-03 14:33:00,5130.00,5130.00,5129.50,5129.75,780
2022-01-03 14:34:00,5129.75,5130.25,5129.50,5129.50,485
2022-01-03 14:35:00,5129.75,5130.25,5129.50,5130.25,738
2022-01-03 14:36:00,5130.25,5131.00,5129.75,5129.75,1006
2022-01-03 14:37:00,5130.00,5130.75,5129.50,5130.25,2408
2022-01-03 14:38:00,5130.25,5130.25,5129.25,5130.25,1448
2022-01-03 14:39:00,5130.25,5133.00,5130.25,5133.00,2191
2022-01-03 14:40:00,5132.75,5134.00,5132.50,5133.50,4304
2022-01-03 14:41:00,5133.50,5135.00,5133.25,5134.25,2480
2022-01-03 14:42:00,5134.50,5134.75,5133.75,5134.25,1809
2022-01-03 14:43:00,5134.50,5136.50,5134.25,5136.50,2752
2022-01-03 14:44:00,5136.50,5138.50,5135.50,5137.50,3624
2022-01-03 14:45:00,5137.50,5138.50,5136.75,5138.00,2902
2022-01-03 14:46:00,5138.00,5138.25,5137.25,5137.50,1614
2022-01-03 14:47:00,5137.75,5138.25,5137.25,5137.25,1417
2022-01-03 14:48:00,5137.50,5137.75,5136.25,5136.25,1430
2022-01-03 14:49:00,5136.50,5136.50,5135.25,5136.25,1420
2022-01-03 14:50:00,5136.50,5137.50,5135.75,5136.25,2042
2022-01-03 14:51:00,5136.25,5136.25,5135.00,5135.50,1377
2022-01-03 14:52:00,5135.50,5136.50,5135.25,5136.25,1471
2022-01-03 14:53:00,5136.50,5136.50,5135.50,5135.75,1125
2022-01-03 14:54:00,5135.75,5136.00,5135.50,5135.75,741
2022-01-03 14:55:00,5135.75,5135.75,5134.75,5135.00,1351
2022-01-03 14:56:00,5135.00,5135.25,5134.25,5135.00,1556
2022-01-03 14:57:00,5135.00,5135.25,5134.50,5135.00,492
2022-01-03 14:58:00,5135.00,5135.00,5133.75,5134.50,1870
2022-01-03 14:59:00,5134.50,5134.50,5133.25,5134.00,1491
2022-01-03 15:00:00,5133.75,5135.25,5133.50,5135.25,1576
2022-01-03 15:01:00,5135.25,5135.50,5132.50,5133.00,3408
2022-01-03 15:02:00,5133.00,5133.75,5132.50,5133.50,1546
2022-01-03 15:03:00,5133.50,5133.75,5131.50,5133.00,2186
2022-01-03 15:04:00,5133.00,5135.00,5132.50,5134.75,1685
2022-01-03 15:05:00,5134.75,5134.75,5133.50,5134.00,1388
2022-01-03 15:06:00,5134.00,5134.25,5132.75,5133.25,1054
2022-01-03 15:07:00,5133.25,5134.25,5133.25,5133.75,758
2022-01-03 15:08:00,5133.75,5135.25,5133.75,5135.00,1780
2022-01-03 15:09:00,5135.25,5135.25,5134.50,5134.75,1118
2022-01-03 15:10:00,5134.75,5136.00,5134.25,5135.50,2341
2022-01-03 15:11:00,5135.50,5135.50,5134.75,5134.75,710
2022-01-03 15:12:00,5135.00,5136.00,5134.75,5135.75,1393
2022-01-03 15:13:00,5135.75,5136.25,5135.50,5136.00,1397
2022-01-03 15:14:00,5136.00,5136.50,5135.25,5135.50,2120
2022-01-03 15:15:00,5135.50,5136.50,5135.50,5136.25,1080
2022-01-03 15:16:00,5136.25,5136.25,5135.00,5135.50,1117
2022-01-03 15:17:00,5135.50,5135.75,5134.75,5134.75,898
2022-01-03 15:18:00,5134.75,5135.00,5134.25,5134.75,1899
2022-01-03 15:19:00,5134.75,5135.75,5134.00,5135.75,1488
2022-01-03 15:20:00,5135.50,5136.50,5135.00,5136.50,1415
2022-01-03 15:21:00,5136.25,5136.75,5135.75,5136.25,1461
2022-01-03 15:22:00,5136.00,5137.00,5135.25,5135.25,2210
2022-01-03 15:23:00,5135.25,5135.50,5134.50,5134.50,1636
2022-01-03 15:24:00,5134.50,5135.00,5134.25,5134.50,1021
2022-01-03 15:25:00,5134.75,5136.00,5134.75,5135.25,1059
2022-01-03 15:26:00,5135.25,5136.50,5135.00,5136.00,1280
2022-01-03 15:27:00,5135.75,5136.00,5135.25,5135.50,952
2022-01-03 15:28:00,5135.50,5136.00,5134.75,5135.00,1031
2022-01-03 15:29:00,5135.00,5135.75,5134.25,5135.50,1932
2022-01-03 15:30:00,5135.25,5136.25,5134.50,5136.00,2014
2022-01-03 15:31:00,5136.00,5136.25,5135.00,5135.00,1307
2022-01-03 15:32:00,5135.00,5135.50,5134.25,5134.50,1285
2022-01-03 15:33:00,5134.50,5137.00,5134.50,5136.75,2852
2022-01-03 15:34:00,5137.00,5137.00,5135.50,5137.00,1735
2022-01-03 15:35:00,5136.75,5138.00,5136.25,5137.50,2413
2022-01-03 15:36:00,5137.50,5138.25,5136.75,5137.75,2415
2022-01-03 15:37:00,5137.75,5139.00,5137.50,5138.25,2853
2022-01-03 15:38:00,5138.25,5138.25,5135.25,5136.00,3215
2022-01-03 15:39:00,5136.25,5136.50,5134.50,5135.50,1582
2022-01-03 15:40:00,5135.50,5136.00,5134.50,5135.25,1957
2022-01-03 15:41:00,5135.25,5135.75,5131.50,5132.25,4888
2022-01-03 15:42:00,5132.25,5133.00,5130.50,5130.50,3915
2022-01-03 15:43:00,5130.50,5130.50,5128.25,5128.25,3879
2022-01-03 15:44:00,5128.50,5131.25,5128.00,5131.25,3851
2022-01-03 15:45:00,5131.00,5134.00,5130.00,5134.00,4175
2022-01-03 15:46:00,5134.00,5135.00,5132.50,5133.75,3878
2022-01-03 15:47:00,5133.75,5135.50,5133.25,5135.00,2218
2022-01-03 15:48:00,5135.00,5137.00,5134.75,5136.25,3217
2022-01-03 15:49:00,5136.50,5138.50,5135.25,5138.00,3897
2022-01-03 15:50:00,5138.00,5139.00,5135.50,5136.25,7981
2022-01-03 15:51:00,5136.50,5138.00,5136.25,5137.50,2542
2022-01-03 15:52:00,5137.25,5138.00,5136.25,5136.25,2960
2022-01-03 15:53:00,5136.50,5137.00,5133.25,5134.50,3421
2022-01-03 15:54:00,5134.25,5137.00,5132.75,5136.25,7895
2022-01-03 15:55:00,5136.50,5137.00,5133.25,5133.50,5046
2022-01-03 15:56:00,5133.50,5135.00,5133.00,5134.75,3517
2022-01-03 15:57:00,5135.00,5136.50,5134.75,5136.00,4034
2022-01-03 15:58:00,5135.75,5136.25,5134.75,5135.50,4977
2022-01-03 15:59:00,5135.50,5140.00,5134.00,5139.25,49822
2022-01-03 16:00:00,5139.25,5139.75,5136.75,5138.50,15347
2022-01-03 16:01:00,5138.50,5139.50,5138.00,5139.00,3107
2022-01-03 16:02:00,5139.25,5139.25,5138.25,5138.50,1695
2022-01-03 16:03:00,5138.75,5139.00,5138.25,5138.25,1373
2022-01-03 16:04:00,5138.50,5139.50,5137.75,5139.50,2372
2022-01-03 16:05:00,5139.50,5140.25,5138.00,5138.00,3301
2022-01-03 16:06:00,5138.25,5139.25,5138.25,5139.00,756
2022-01-03 16:07:00,5139.00,5139.50,5138.75,5139.25,864
2022-01-03 16:08:00,5139.25,5139.50,5138.75,5139.00,461
2022-01-03 16:09:00,5139.00,5139.25,5138.50,5138.75,973
2022-01-03 16:10:00,5139.00,5139.00,5138.00,5138.00,916
2022-01-03 16:11:00,5138.25,5139.25,5138.25,5139.00,859
2022-01-03 16:12:00,5139.25,5139.25,5138.50,5138.75,671
2022-01-03 16:13:00,5138.75,5138.75,5137.75,5138.00,1220
2022-01-03 16:14:00,5138.00,5138.25,5136.75,5137.50,1700
2022-01-03 16:15:00,5137.50,5138.25,5137.25,5138.25,607
2022-01-03 16:16:00,5138.25,5138.50,5138.00,5138.25,276
2022-01-03 16:17:00,5138.25,5138.75,5138.00,5138.25,155
2022-01-03 16:18:00,5138.25,5139.00,5138.25,5138.50,314
2022-01-03 16:19:00,5138.50,5140.00,5138.50,5139.50,521
2022-01-03 16:20:00,5139.50,5140.00,5139.25,5139.50,336
2022-01-03 16:21:00,5139.50,5140.50,5139.25,5140.25,287
2022-01-03 16:22:00,5140.00,5140.00,5139.50,5139.50,77
2022-01-03 16:23:00,5139.75,5139.75,5139.50,5139.75,180
2022-01-03 16:24:00,5139.50,5139.75,5139.25,5139.75,147
2022-01-03 16:25:00,5139.50,5140.25,5139.00,5139.50,448
2022-01-03 16:26:00,5139.75,5139.75,5139.25,5139.50,133
2022-01-03 16:27:00,5139.25,5139.50,5139.00,5139.25,109
2022-01-03 16:28:00,5139.50,5139.50,5138.75,5139.00,187
2022-01-03 16:29:00,5138.75,5139.00,5138.75,5138.75,218
2022-01-03 16:30:00,5139.00,5139.25,5138.75,5139.25,102
2022-01-03 16:31:00,5139.00,5139.50,5139.00,5139.00,77
2022-01-03 16:32:00,5139.00,5139.25,5139.00,5139.25,15
2022-01-03 16:33:00,5139.00,5139.00,5138.75,5138.75,171
2022-01-03 16:34:00,5139.00,5139.00,5138.75,5139.00,100
2022-01-03 16:35:00,5139.00,5139.50,5139.00,5139.25,87
2022-01-03 16:36:00,5139.25,5139.75,5139.25,5139.75,112
2022-01-03 16:37:00,5139.50,5140.00,5139.50,5140.00,136
2022-01-03 16:38:00,5140.00,5140.50,5139.75,5140.25,296
2022-01-03 16:39:00,5140.50,5140.50,5140.00,5140.25,63
2022-01-03 16:40:00,5140.25,5140.25,5139.75,5139.75,94
2022-01-03 16:41:00,5139.75,5140.00,5139.50,5139.50,145
2022-01-03 16:42:00,5139.50,5139.50,5138.75,5138.75,219
2022-01-03 16:43:00,5138.75,5139.25,5138.75,5139.00,191
2022-01-03 16:44:00,5139.00,5139.00,5138.50,5139.00,101
2022-01-03 16:45:00,5139.00,5139.00,5138.75,5139.00,132
2022-01-03 16:46:00,5139.00,5139.25,5138.50,5138.50,165
2022-01-03 16:47:00,5138.50,5138.75,5138.25,5138.25,155
2022-01-03 16:48:00,5138.50,5138.50,5137.75,5137.75,272
2022-01-03 16:49:00,5137.75,5138.00,5136.75,5136.75,816
2022-01-03 16:50:00,5136.75,5137.50,5136.75,5137.50,126
2022-01-03 16:51:00,5137.25,5137.50,5137.25,5137.50,84
2022-01-03 16:52:00,5137.50,5137.50,5136.75,5137.00,221
2022-01-03 16:53:00,5136.75,5137.25,5136.75,5137.25,92
2022-01-03 16:54:00,5137.00,5137.50,5137.00,5137.25,130
2022-01-03 16:55:00,5137.50,5137.75,5136.75,5137.00,141
2022-01-03 16:56:00,5137.00,5137.75,5137.00,5137.25,180
2022-01-03 16:57:00,5137.50,5137.75,5137.00,5137.00,92
2022-01-03 16:58:00,5137.25,5137.75,5137.00,5137.25,139
2022-01-03 16:59:00,5137.25,5137.50,5136.75,5137.25,241
2022-01-03 18:00:00,5138.00,5139.50,5137.75,5139.00,429
2022-01-03 18:01:00,5138.50,5139.00,5138.25,5138.25,129
2022-01-03 18:02:00,5138.25,5138.75,5138.00,5138.25,81
2022-01-03 18:03:00,5138.00,5138.00,5137.25,5137.75,192
2022-01-03 18:04:00,5138.00,5138.25,5138.00,5138.00,50
2022-01-03 18:05:00,5138.00,5138.50,5138.00,5138.50,69
2022-01-03 18:06:00,5138.50,5138.50,5138.00,5138.00,81
2022-01-03 18:07:00,5138.00,5138.50,5137.75,5138.25,59
2022-01-03 18:08:00,5138.25,5139.00,5138.25,5138.50,70
2022-01-03 18:09:00,5138.75,5139.00,5138.75,5138.75,95
2022-01-03 18:10:00,5139.00,5139.25,5138.00,5138.50,76
2022-01-03 18:11:00,5138.75,5139.50,5138.50,5139.00,132
2022-01-03 18:12:00,5139.00,5139.25,5139.00,5139.00,80
2022-01-03 18:13:00,5139.50,5139.50,5139.00,5139.25,97
2022-01-03 18:14:00,5139.25,5139.50,5139.00,5139.25,45
2022-01-03 18:15:00,5139.25,5139.50,5139.25,5139.25,30
2022-01-03 18:16:00,5139.00,5139.25,5139.00,5139.00,19
2022-01-03 18:17:00,5139.00,5139.00,5138.25,5138.25,55
2022-01-03 18:18:00,5138.50,5138.75,5138.25,5138.50,80
2022-01-03 18:19:00,5138.25,5138.50,5138.00,5138.50,41
2022-01-03 18:20:00,5138.75,5139.00,5138.25,5138.25,46
2022-01-03 18:21:00,5138.50,5139.00,5138.50,5139.00,68
2022-01-03 18:22:00,5139.25,5139.50,5139.00,5139.00,128
2022-01-03 18:23:00,5139.00,5139.00,5138.75,5139.00,63
2022-01-03 18:24:00,5138.75,5138.75,5137.75,5138.00,110
2022-01-03 18:25:00,5138.25,5138.25,5137.50,5137.50,128
2022-01-03 18:26:00,5137.50,5137.75,5137.25,5137.50,90
2022-01-03 18:27:00,5137.50,5137.75,5137.25,5137.50,42
2022-01-03 18:28:00,5137.75,5137.75,5137.25,5137.50,36
2022-01-03 18:29:00,5137.50,5137.75,5137.25,5137.50,56
2022-01-03 18:30:00,5137.25,5137.75,5136.75,5136.75,208
2022-01-03 18:31:00,5136.50,5136.50,5136.00,5136.25,240
2022-01-03 18:32:00,5136.50,5136.50,5135.75,5136.25,172
2022-01-03 18:33:00,5136.50,5137.25,5136.25,5137.25,120
2022-01-03 18:34:00,5137.25,5137.75,5137.00,5137.50,295
2022-01-03 18:35:00,5137.50,5137.50,5136.00,5136.25,84
2022-01-03 18:36:00,5136.50,5137.00,5136.25,5137.00,139
2022-01-03 18:37:00,5137.00,5137.00,5135.75,5135.75,90
2022-01-03 18:38:00,5136.00,5136.75,5136.00,5136.75,102
2022-01-03 18:39:00,5136.75,5136.75,5136.25,5136.25,30
2022-01-03 18:40:00,5136.50,5136.50,5136.25,5136.25,17
2022-01-03 18:41:00,5136.25,5136.50,5136.00,5136.00,47
2022-01-03 18:42:00,5136.00,5136.75,5136.00,5136.50,38
2022-01-03 18:43:00,5136.75,5137.75,5136.75,5137.50,149
2022-01-03 18:44:00,5137.25,5137.75,5137.00,5137.75,59
2022-01-03 18:45:00,5137.75,5138.25,5136.75,5137.00,163
2022-01-03 18:46:00,5137.00,5137.50,5137.00,5137.00,61
2022-01-03 18:47:00,5137.25,5137.75,5137.00,5137.00,104
2022-01-03 18:48:00,5137.25,5137.50,5136.75,5137.25,48
2022-01-03 18:49:00,5137.25,5137.25,5136.25,5136.75,111
2022-01-03 18:50:00,5137.00,5137.00,5136.50,5136.50,47
2022-01-03 18:51:00,5136.50,5136.50,5135.50,5136.00,174
2022-01-03 18:52:00,5136.00,5136.25,5135.75,5136.00,111
2022-01-03 18:53:00,5136.25,5136.50,5135.75,5136.25,49
2022-01-03 18:54:00,5136.25,5136.50,5136.00,5136.50,37
2022-01-03 18:55:00,5136.25,5136.50,5135.50,5136.00,288
2022-01-03 18:56:00,5136.00,5136.00,5135.25,5135.25,171
2022-01-03 18:57:00,5135.00,5136.00,5135.00,5136.00,127
2022-01-03 18:58:00,5136.00,5136.00,5135.00,5135.00,91
2022-01-03 18:59:00,5135.25,5135.50,5134.75,5135.50,148
2022-01-03 19:00:00,5135.75,5135.75,5133.75,5133.75,460
2022-01-03 19:01:00,5133.75,5135.00,5133.75,5134.25,283
2022-01-03 19:02:00,5134.25,5134.75,5133.75,5134.75,194
2022-01-03 19:03:00,5134.50,5135.25,5134.00,5135.00,237
2022-01-03 19:04:00,5135.00,5136.50,5135.00,5135.75,238
2022-01-03 19:05:00,5135.50,5135.50,5134.75,5134.75,115
2022-01-03 19:06:00,5134.50,5135.00,5134.50,5134.75,83
2022-01-03 19:07:00,5134.75,5135.50,5134.75,5135.00,192
2022-01-03 19:08:00,5135.00,5135.25,5134.75,5135.25,78
2022-01-03 19:09:00,5135.50,5135.50,5134.50,5135.00,74
2022-01-03 19:10:00,5134.75,5136.00,5134.50,5135.50,121
2022-01-03 19:11:00,5135.50,5135.75,5134.75,5135.25,117
2022-01-03 19:12:00,5135.25,5135.50,5135.25,5135.50,24
2022-01-03 19:13:00,5135.50,5135.50,5134.75,5135.25,40
2022-01-03 19:14:00,5135.50,5135.75,5135.25,5135.50,30
2022-01-03 19:15:00,5135.25,5135.50,5134.00,5134.25,302
2022-01-03 19:16:00,5134.25,5134.75,5134.25,5134.25,154
2022-01-03 19:17:00,5134.50,5135.00,5134.25,5134.50,142
2022-01-03 19:18:00,5134.50,5135.50,5134.50,5135.50,54
2022-01-03 19:19:00,5135.75,5136.00,5135.00,5135.25,84
2022-01-03 19:20:00,5135.75,5135.75,5135.00,5135.75,123
2022-01-03 19:21:00,5135.75,5135.75,5135.25,5135.50,95
2022-01-03 19:22:00,5135.50,5135.75,5135.00,5135.75,73
2022-01-03 19:23:00,5135.75,5136.00,5134.75,5134.75,56
2022-01-03 19:24:00,5135.00,5135.25,5134.75,5135.00,61
2022-01-03 19:25:00,5134.75,5135.75,5134.75,5135.25,57
2022-01-03 19:26:00,5135.25,5136.00,5135.00,5135.50,45
2022-01-03 19:27:00,5135.75,5135.75,5135.75,5135.75,12
2022-01-03 19:28:00,5135.75,5136.00,5135.25,5135.25,49
2022-01-03 19:29:00,5135.25,5135.25,5135.00,5135.00,44
2022-01-03 19:30:00,5134.75,5135.25,5134.50,5135.25,109
2022-01-03 19:31:00,5135.50,5135.50,5135.25,5135.25,57
2022-01-03 19:32:00,5135.00,5135.50,5134.75,5135.50,68
2022-01-03 19:33:00,5135.50,5135.75,5135.25,5135.50,20
2022-01-03 19:34:00,5135.75,5135.75,5135.00,5135.00,31
2022-01-03 19:35:00,5135.25,5135.25,5134.50,5134.75,25
2022-01-03 19:36:00,5135.00,5135.00,5134.50,5134.75,15
2022-01-03 19:37:00,5134.50,5135.50,5134.50,5135.25,42
2022-01-03 19:38:00,5135.50,5135.50,5135.25,5135.25,35
2022-01-03 19:39:00,5135.50,5135.50,5135.00,5135.00,66
2022-01-03 19:40:00,5134.75,5134.75,5134.25,5134.75,111
2022-01-03 19:41:00,5134.50,5134.75,5133.75,5134.00,141
2022-01-03 19:42:00,5134.25,5134.75,5134.00,5134.75,80
2022-01-03 19:43:00,5134.50,5135.50,5134.50,5135.25,93
2022-01-03 19:44:00,5135.25,5135.50,5135.00,5135.00,49
2022-01-03 19:45:00,5135.00,5136.50,5135.00,5136.00,156
2022-01-03 19:46:00,5136.00,5136.50,5135.75,5136.50,108
2022-01-03 19:47:00,5136.25,5136.75,5136.25,5136.50,62
2022-01-03 19:48:00,5136.75,5137.00,5136.25,5136.50,82
2022-01-03 19:49:00,5136.75,5137.00,5136.50,5137.00,45
2022-01-03 19:50:00,5137.00,5137.25,5136.50,5136.75,140
2022-01-03 19:51:00,5137.00,5137.50,5136.75,5137.00,93
2022-01-03 19:52:00,5137.00,5137.75,5137.00,5137.50,133
2022-01-03 19:53:00,5137.50,5137.75,5137.00,5137.00,91
2022-01-03 19:54:00,5137.25,5138.25,5137.25,5137.50,227
2022-01-03 19:55:00,5137.50,5137.75,5137.00,5137.25,121
2022-01-03 19:56:00,5137.50,5137.75,5137.00,5137.50,81
2022-01-03 19:57:00,5137.50,5138.25,5137.50,5138.00,164
2022-01-03 19:58:00,5138.00,5138.50,5137.75,5137.75,279
2022-01-03 19:59:00,5138.00,5138.00,5136.75,5137.00,158
2022-01-03 20:00:00,5137.00,5137.00,5135.75,5136.25,369
2022-01-03 20:01:00,5136.25,5136.25,5135.50,5135.75,346
2022-01-03 20:02:00,5135.75,5136.00,5135.25,5135.25,124
2022-01-03 20:03:00,5135.25,5136.00,5135.00,5135.75,177
2022-01-03 20:04:00,5135.50,5136.25,5135.50,5135.75,176
2022-01-03 20:05:00,5135.50,5136.25,5135.50,5136.00,103
2022-01-03 20:06:00,5135.75,5136.50,5135.75,5136.25,98
2022-01-03 20:07:00,5136.50,5137.25,5136.50,5137.00,185
2022-01-03 20:08:00,5137.00,5137.25,5136.75,5136.75,106
2022-01-03 20:09:00,5137.00,5137.75,5136.75,5137.50,91
2022-01-03 20:10:00,5137.75,5138.25,5137.25,5138.25,147
2022-01-03 20:11:00,5138.00,5138.25,5136.25,5137.50,299
2022-01-03 20:12:00,5137.50,5138.25,5137.50,5138.00,112
2022-01-03 20:13:00,5138.00,5138.00,5137.50,5137.75,109
2022-01-03 20:14:00,5137.75,5138.50,5137.50,5138.25,100
2022-01-03 20:15:00,5138.25,5139.00,5138.00,5139.00,197
2022-01-03 20:16:00,5139.00,5139.25,5138.00,5138.00,335
2022-01-03 20:17:00,5138.00,5138.75,5137.75,5138.25,157
2022-01-03 20:18:00,5138.25,5138.50,5138.00,5138.00,43
2022-01-03 20:19:00,5138.00,5138.25,5137.75,5137.75,58
2022-01-03 20:20:00,5138.00,5138.25,5137.50,5138.00,96
2022-01-03 20:21:00,5137.75,5138.25,5137.75,5138.25,27
2022-01-03 20:22:00,5138.25,5138.25,5137.75,5138.00,56
2022-01-03 20:23:00,5138.00,5138.25,5138.00,5138.25,7
2022-01-03 20:24:00,5138.25,5138.50,5138.00,5138.25,51
2022-01-03 20:25:00,5138.50,5138.75,5138.25,5138.75,72
2022-01-03 20:26:00,5138.50,5138.50,5137.75,5138.25,115
2022-01-03 20:27:00,5138.00,5138.25,5137.75,5138.00,55
2022-01-03 20:28:00,5138.25,5138.25,5138.25,5138.25,90
2022-01-03 20:29:00,5138.00,5139.00,5137.75,5138.00,239
2022-01-03 20:30:00,5138.00,5138.25,5137.75,5137.75,73
2022-01-03 20:31:00,5138.00,5138.00,5137.25,5137.25,125
2022-01-03 20:32:00,5137.25,5138.00,5137.25,5137.50,382
2022-01-03 20:33:00,5137.50,5138.00,5137.50,5137.50,204
2022-01-03 20:34:00,5137.75,5138.00,5137.25,5137.25,119
2022-01-03 20:35:00,5137.25,5137.50,5137.25,5137.50,102
2022-01-03 20:36:00,5137.25,5137.75,5137.25,5137.50,89
2022-01-03 20:37:00,5137.50,5138.25,5137.50,5138.00,112
2022-01-03 20:38:00,5138.25,5138.75,5137.75,5138.50,204
2022-01-03 20:39:00,5138.50,5138.50,5138.25,5138.25,75
2022-01-03 20:40:00,5138.25,5138.50,5138.00,5138.00,90
2022-01-03 20:41:00,5138.00,5139.00,5137.75,5138.75,183
2022-01-03 20:42:00,5138.75,5138.75,5138.25,5138.50,181
2022-01-03 20:43:00,5138.50,5138.50,5138.25,5138.50,62
2022-01-03 20:44:00,5138.50,5138.75,5138.25,5138.25,94
2022-01-03 20:45:00,5138.50,5138.75,5138.25,5138.50,115
2022-01-03 20:46:00,5138.75,5139.50,5138.50,5139.25,163
2022-01-03 20:47:00,5139.25,5139.25,5138.75,5139.00,109
2022-01-03 20:48:00,5139.00,5139.00,5138.25,5138.25,59
2022-01-03 20:49:00,5138.50,5138.50,5137.75,5137.75,130
2022-01-03 20:50:00,5138.00,5138.25,5137.50,5138.00,102
2022-01-03 20:51:00,5137.75,5138.00,5137.00,5137.00,90
2022-01-03 20:52:00,5137.00,5138.00,5137.00,5138.00,58
2022-01-03 20:53:00,5137.75,5137.75,5137.50,5137.50,52
2022-01-03 20:54:00,5137.25,5137.75,5137.00,5137.25,47
2022-01-03 20:55:00,5137.50,5137.50,5137.25,5137.25,42
2022-01-03 20:56:00,5137.25,5137.50,5137.00,5137.50,64
2022-01-03 20:57:00,5137.25,5137.50,5137.00,5137.25,65
2022-01-03 20:58:00,5137.25,5138.25,5137.00,5138.25,113
2022-01-03 20:59:00,5138.00,5138.00,5137.00,5137.25,55
2022-01-03 21:00:00,5137.00,5137.75,5137.00,5137.50,57
2022-01-03 21:01:00,5137.50,5137.75,5137.25,5137.25,42
2022-01-03 21:02:00,5137.25,5137.50,5137.25,5137.50,18
2022-01-03 21:03:00,5137.50,5137.75,5137.25,5137.75,88
2022-01-03 21:04:00,5137.75,5138.00,5137.00,5137.00,93
2022-01-03 21:05:00,5137.00,5137.00,5136.50,5137.00,132
2022-01-03 21:06:00,5136.75,5137.25,5136.50,5137.25,114
2022-01-03 21:07:00,5137.50,5137.75,5137.25,5137.50,65
2022-01-03 21:08:00,5137.25,5137.50,5137.25,5137.50,44
2022-01-03 21:09:00,5137.50,5137.50,5137.00,5137.00,34
2022-01-03 21:10:00,5137.25,5137.50,5137.00,5137.50,33
2022-01-03 21:11:00,5137.25,5137.75,5137.25,5137.50,38
2022-01-03 21:12:00,5137.50,5137.75,5137.50,5137.50,7
2022-01-03 21:13:00,5137.50,5138.00,5137.25,5137.75,54
2022-01-03 21:14:00,5137.50,5138.00,5137.25,5137.75,58
2022-01-03 21:15:00,5137.75,5138.00,5137.50,5137.75,37
2022-01-03 21:16:00,5138.00,5138.00,5137.50,5138.00,79
2022-01-03 21:17:00,5138.25,5138.25,5137.50,5138.00,35
2022-01-03 21:18:00,5138.00,5138.75,5137.75,5138.50,93
2022-01-03 21:19:00,5138.50,5138.50,5137.75,5137.75,49
2022-01-03 21:20:00,5137.75,5137.75,5137.25,5137.50,56
2022-01-03 21:21:00,5137.50,5137.75,5137.25,5137.75,21
2022-01-03 21:22:00,5137.75,5138.00,5137.25,5138.00,32
2022-01-03 21:23:00,5138.00,5138.50,5138.00,5138.00,54
2022-01-03 21:24:00,5138.25,5138.75,5138.25,5138.25,93
2022-01-03 21:25:00,5138.25,5138.25,5138.00,5138.25,35
2022-01-03 21:26:00,5138.00,5138.75,5138.00,5138.25,28
2022-01-03 21:27:00,5138.50,5138.50,5138.00,5138.25,26
2022-01-03 21:28:00,5138.25,5138.75,5138.25,5138.25,38
2022-01-03 21:29:00,5138.25,5138.75,5138.25,5138.75,33
2022-01-03 21:30:00,5138.50,5138.50,5138.00,5138.50,70
2022-01-03 21:31:00,5138.50,5138.50,5138.25,5138.25,58
2022-01-03 21:32:00,5138.25,5138.25,5137.50,5138.25,84
2022-01-03 21:33:00,5138.25,5138.50,5138.25,5138.25,21
2022-01-03 21:34:00,5138.00,5138.50,5138.00,5138.50,45
2022-01-03 21:35:00,5138.25,5138.50,5137.75,5138.00,109
2022-01-03 21:36:00,5138.25,5138.50,5138.25,5138.25,36
2022-01-03 21:37:00,5138.25,5138.50,5138.25,5138.50,25
2022-01-03 21:38:00,5138.75,5138.75,5138.25,5138.75,55
2022-01-03 21:39:00,5138.50,5139.00,5138.50,5138.75,115
2022-01-03 21:40:00,5138.75,5138.75,5138.50,5138.75,15
2022-01-03 21:41:00,5138.50,5139.00,5138.50,5139.00,37
2022-01-03 21:42:00,5138.75,5139.25,5138.75,5139.25,56
2022-01-03 21:43:00,5139.25,5139.25,5139.00,5139.00,56
2022-01-03 21:44:00,5139.25,5139.25,5138.75,5139.25,29
2022-01-03 21:45:00,5139.25,5139.75,5139.25,5139.25,129
2022-01-03 21:46:00,5139.25,5139.25,5138.75,5138.75,96
2022-01-03 21:47:00,5138.75,5139.00,5138.50,5138.75,79
2022-01-03 21:48:00,5138.75,5139.00,5138.75,5139.00,44
2022-01-03 21:49:00,5139.25,5139.25,5139.00,5139.25,21
2022-01-03 21:50:00,5139.00,5139.75,5139.00,5139.50,79
2022-01-03 21:51:00,5139.75,5139.75,5139.50,5139.50,40
2022-01-03 21:52:00,5139.75,5140.00,5139.50,5140.00,91
2022-01-03 21:53:00,5140.00,5140.25,5139.50,5140.25,137
2022-01-03 21:54:00,5140.25,5140.50,5140.25,5140.50,119
2022-01-03 21:55:00,5140.50,5140.50,5140.25,5140.50,62
2022-01-03 21:56:00,5140.25,5140.50,5139.75,5139.75,68
2022-01-03 21:57:00,5140.00,5140.25,5139.75,5140.25,55
2022-01-03 21:58:00,5140.00,5141.50,5140.00,5141.50,412
2022-01-03 21:59:00,5141.50,5142.00,5141.50,5141.50,196
2022-01-03 22:00:00,5141.75,5142.25,5141.25,5141.25,188
2022-01-03 22:01:00,5141.25,5141.25,5140.50,5140.50,93
2022-01-03 22:02:00,5140.50,5140.75,5140.25,5140.50,88
2022-01-03 22:03:00,5140.50,5141.00,5140.50,5140.50,67
2022-01-03 22:04:00,5140.75,5140.75,5140.25,5140.75,52
2022-01-03 22:05:00,5140.75,5140.75,5139.50,5140.00,157
2022-01-03 22:06:00,5140.00,5140.25,5139.75,5140.00,126
2022-01-03 22:07:00,5140.00,5140.25,5139.75,5140.00,29
2022-01-03 22:08:00,5140.00,5140.00,5139.75,5140.00,51
2022-01-03 22:09:00,5140.00,5140.25,5140.00,5140.00,34
2022-01-03 22:10:00,5139.75,5140.25,5139.75,5140.25,19
2022-01-03 22:11:00,5140.25,5140.50,5140.00,5140.50,82
2022-01-03 22:12:00,5140.25,5140.50,5140.00,5140.25,91
2022-01-03 22:13:00,5140.25,5140.50,5140.00,5140.25,67
2022-01-03 22:14:00,5140.25,5140.50,5140.00,5140.25,129
2022-01-03 22:15:00,5140.25,5140.50,5140.00,5140.50,42
2022-01-03 22:16:00,5140.50,5140.75,5140.50,5140.75,101
2022-01-03 22:17:00,5140.75,5141.00,5140.75,5140.75,60
2022-01-03 22:18:00,5140.50,5141.00,5140.50,5140.75,20
2022-01-03 22:19:00,5141.00,5141.25,5140.75,5141.25,42
2022-01-03 22:20:00,5141.25,5141.50,5141.25,5141.50,98
2022-01-03 22:21:00,5141.50,5142.00,5141.50,5141.75,127
2022-01-03 22:22:00,5142.00,5142.50,5141.75,5142.25,183
2022-01-03 22:23:00,5142.25,5142.50,5142.00,5142.25,41
2022-01-03 22:24:00,5142.25,5142.75,5142.00,5142.50,92
2022-01-03 22:25:00,5142.50,5142.75,5142.25,5142.75,193
2022-01-03 22:26:00,5142.75,5142.75,5142.50,5142.75,75
2022-01-03 22:27:00,5142.50,5142.75,5142.50,5142.50,219
2022-01-03 22:28:00,5142.75,5142.75,5142.25,5142.25,70
2022-01-03 22:29:00,5142.25,5142.50,5142.25,5142.25,56
2022-01-03 22:30:00,5142.25,5142.50,5141.75,5142.00,128
2022-01-03 22:31:00,5142.00,5142.25,5142.00,5142.25,63
2022-01-03 22:32:00,5142.25,5142.50,5142.25,5142.50,28
2022-01-03 22:33:00,5142.50,5142.50,5142.25,5142.25,32
2022-01-03 22:34:00,5142.25,5142.75,5142.25,5142.50,59
2022-01-03 22:35:00,5142.50,5142.75,5142.00,5142.25,23
2022-01-03 22:36:00,5142.25,5142.25,5142.00,5142.00,34
2022-01-03 22:37:00,5142.00,5142.25,5142.00,5142.25,43
2022-01-03 22:38:00,5142.25,5142.25,5142.25,5142.25,9
2022-01-03 22:39:00,5142.25,5142.50,5142.00,5142.50,68
2022-01-03 22:40:00,5142.50,5142.50,5142.25,5142.25,10
2022-01-03 22:41:00,5142.50,5142.50,5142.25,5142.50,40
2022-01-03 22:42:00,5142.50,5142.75,5142.50,5142.75,24
2022-01-03 22:43:00,5142.75,5143.00,5142.50,5143.00,58
2022-01-03 22:44:00,5142.75,5143.25,5142.75,5143.25,86
2022-01-03 22:45:00,5143.00,5143.25,5142.75,5143.00,77
2022-01-03 22:46:00,5143.00,5143.50,5143.00,5143.25,92
2022-01-03 22:47:00,5143.25,5143.25,5143.00,5143.00,78
2022-01-03 22:48:00,5143.25,5143.50,5143.00,5143.25,61
2022-01-03 22:49:00,5143.25,5143.25,5143.00,5143.00,28
2022-01-03 22:50:00,5143.00,5143.00,5142.50,5142.50,82
2022-01-03 22:51:00,5142.50,5142.75,5142.50,5142.50,57
2022-01-03 22:52:00,5142.50,5142.75,5142.25,5142.50,41
2022-01-03 22:53:00,5142.50,5142.75,5142.25,5142.50,42
2022-01-03 22:54:00,5142.50,5142.50,5142.00,5142.25,50
2022-01-03 22:55:00,5142.25,5142.50,5142.00,5142.25,39
2022-01-03 22:56:00,5142.50,5142.50,5142.25,5142.25,67
2022-01-03 22:57:00,5142.25,5142.50,5142.25,5142.50,56
2022-01-03 22:58:00,5142.50,5142.75,5142.25,5142.75,57
2022-01-03 22:59:00,5142.75,5143.00,5142.50,5142.75,30
2022-01-03 23:00:00,5142.75,5143.00,5142.50,5142.75,20
2022-01-03 23:01:00,5142.75,5142.75,5142.75,5142.75,23
2022-01-03 23:02:00,5143.00,5143.00,5142.75,5143.00,19
2022-01-03 23:03:00,5143.00,5143.25,5143.00,5143.00,71
2022-01-03 23:04:00,5143.25,5143.25,5142.75,5142.75,28
2022-01-03 23:05:00,5142.50,5142.75,5142.50,5142.50,25
2022-01-03 23:06:00,5142.75,5142.75,5142.25,5142.50,28
2022-01-03 23:07:00,5142.50,5142.50,5142.25,5142.50,27
2022-01-03 23:08:00,5142.75,5142.75,5142.50,5142.75,27
2022-01-03 23:09:00,5142.75,5143.00,5142.50,5143.00,54
2022-01-03 23:10:00,5143.00,5143.25,5142.75,5143.00,42
2022-01-03 23:11:00,5143.00,5143.00,5142.75,5143.00,22
2022-01-03 23:12:00,5143.00,5143.25,5142.75,5143.00,28
2022-01-03 23:13:00,5143.25,5143.25,5143.00,5143.25,11
2022-01-03 23:14:00,5143.25,5143.25,5143.00,5143.00,28
2022-01-03 23:15:00,5143.25,5143.25,5143.00,5143.25,37
2022-01-03 23:16:00,5143.25,5143.25,5143.00,5143.00,50
2022-01-03 23:17:00,5143.00,5143.25,5143.00,5143.25,37
2022-01-03 23:18:00,5143.25,5143.25,5143.00,5143.25,11
2022-01-03 23:19:00,5143.25,5143.75,5143.25,5143.75,122
2022-01-03 23:20:00,5143.75,5145.00,5143.50,5145.00,373
2022-01-03 23:21:00,5145.00,5145.00,5144.50,5144.75,148
2022-01-03 23:22:00,5144.50,5144.75,5144.25,5144.50,55
2022-01-03 23:23:00,5144.75,5144.75,5144.75,5144.75,23
2022-01-03 23:24:00,5144.50,5146.00,5144.50,5146.00,265
2022-01-03 23:25:00,5146.00,5146.00,5145.00,5145.75,245
2022-01-03 23:26:00,5145.50,5146.25,5145.50,5145.75,294
2022-01-03 23:27:00,5145.75,5146.00,5145.50,5145.75,67
2022-01-03 23:28:00,5145.75,5146.00,5145.50,5145.75,42
2022-01-03 23:29:00,5145.75,5146.25,5145.50,5146.25,83
2022-01-03 23:30:00,5146.25,5146.50,5145.75,5146.25,81
2022-01-03 23:31:00,5146.25,5146.50,5146.00,5146.00,41
2022-01-03 23:32:00,5146.25,5146.25,5146.00,5146.00,51
2022-01-03 23:33:00,5146.00,5146.25,5145.75,5146.00,48
2022-01-03 23:34:00,5146.00,5146.00,5145.75,5146.00,25
2022-01-03 23:35:00,5146.00,5146.25,5146.00,5146.25,24
2022-01-03 23:36:00,5146.00,5146.25,5146.00,5146.25,20
2022-01-03 23:37:00,5146.25,5146.25,5146.00,5146.00,71
2022-01-03 23:38:00,5146.25,5146.25,5145.75,5145.75,60
2022-01-03 23:39:00,5145.75,5146.00,5145.75,5145.75,52
2022-01-03 23:40:00,5145.75,5146.00,5145.50,5145.75,42
2022-01-03 23:41:00,5145.75,5145.75,5145.50,5145.75,34
2022-01-03 23:42:00,5145.75,5146.25,5145.75,5146.25,90
2022-01-03 23:43:00,5146.25,5146.25,5145.75,5146.00,23
2022-01-03 23:44:00,5146.00,5146.00,5145.75,5146.00,57
2022-01-03 23:45:00,5145.75,5146.50,5145.75,5146.00,86
2022-01-03 23:46:00,5146.50,5146.50,5146.25,5146.50,77
2022-01-03 23:47:00,5146.50,5146.75,5146.50,5146.75,100
2022-01-03 23:48:00,5146.50,5146.50,5146.25,5146.50,44
2022-01-03 23:49:00,5146.50,5146.50,5146.25,5146.50,26
2022-01-03 23:50:00,5146.50,5146.75,5146.25,5146.50,31
2022-01-03 23:51:00,5146.50,5146.75,5146.25,5146.75,114
2022-01-03 23:52:00,5146.75,5147.00,5146.50,5146.75,105
2022-01-03 23:53:00,5147.00,5147.00,5146.75,5147.00,41
2022-01-03 23:54:00,5147.00,5147.75,5147.00,5147.50,552
2022-01-03 23:55:00,5147.75,5147.75,5147.25,5147.50,59
2022-01-03 23:56:00,5147.50,5147.50,5147.00,5147.50,178
2022-01-03 23:57:00,5147.50,5147.50,5147.25,5147.50,13
2022-01-03 23:58:00,5147.25,5147.50,5147.25,5147.50,45
2022-01-03 23:59:00,5147.50,5147.50,5147.00,5147.00,47
2022-01-04 00:00:00,5147.25,5148.00,5147.25,5147.75,185
2022-01-04 00:01:00,5148.00,5148.00,5147.50,5147.75,174
2022-01-04 00:02:00,5147.75,5147.75,5147.25,5147.50,49
2022-01-04 00:03:00,5147.50,5147.50,5147.00,5147.25,88
2022-01-04 00:04:00,5147.25,5147.50,5147.00,5147.25,52
2022-01-04 00:05:00,5147.50,5147.50,5147.25,5147.25,38
2022-01-04 00:06:00,5147.50,5147.75,5147.50,5147.50,34
2022-01-04 00:07:00,5147.50,5147.75,5147.25,5147.25,90
2022-01-04 00:08:00,5147.50,5147.50,5147.25,5147.50,60
2022-01-04 00:09:00,5147.50,5147.75,5147.25,5147.50,59
2022-01-04 00:10:00,5147.75,5148.00,5147.50,5147.50,94
2022-01-04 00:11:00,5147.75,5148.00,5147.75,5148.00,70
2022-01-04 00:12:00,5148.00,5148.00,5147.75,5148.00,85
2022-01-04 00:13:00,5148.25,5148.50,5148.00,5148.50,126
2022-01-04 00:14:00,5148.50,5148.50,5148.00,5148.25,235
2022-01-04 00:15:00,5148.25,5148.25,5148.00,5148.25,38
2022-01-04 00:16:00,5148.25,5148.25,5147.75,5147.75,152
2022-01-04 00:17:00,5148.00,5148.25,5147.75,5148.00,40
2022-01-04 00:18:00,5148.25,5149.25,5148.25,5149.00,544
2022-01-04 00:19:00,5149.00,5149.50,5149.00,5149.25,118
2022-01-04 00:20:00,5149.25,5149.50,5149.00,5149.25,116
2022-01-04 00:21:00,5149.50,5149.50,5149.00,5149.25,62
2022-01-04 00:22:00,5149.25,5149.25,5149.00,5149.25,35
2022-01-04 00:23:00,5149.25,5149.25,5149.00,5149.25,47
2022-01-04 00:24:00,5149.00,5149.50,5149.00,5149.50,43
2022-01-04 00:25:00,5149.75,5149.75,5149.00,5149.00,202
2022-01-04 00:26:00,5149.00,5149.25,5148.75,5148.75,70
2022-01-04 00:27:00,5149.00,5149.00,5148.75,5149.00,27
2022-01-04 00:28:00,5149.00,5149.25,5148.75,5149.00,72
2022-01-04 00:29:00,5149.25,5150.00,5149.25,5150.00,212
2022-01-04 00:30:00,5150.00,5150.00,5149.50,5150.00,213
2022-01-04 00:31:00,5149.75,5150.00,5149.25,5149.25,91
2022-01-04 00:32:00,5149.25,5149.75,5149.25,5149.50,52
2022-01-04 00:33:00,5149.50,5149.50,5149.25,5149.50,48
2022-01-04 00:34:00,5149.75,5149.75,5149.25,5149.75,48
2022-01-04 00:35:00,5149.50,5150.00,5149.50,5149.75,85
2022-01-04 00:36:00,5149.75,5150.25,5149.75,5149.75,193
2022-01-04 00:37:00,5150.00,5150.25,5149.75,5150.00,107
2022-01-04 00:38:00,5150.00,5150.25,5150.00,5150.00,22
2022-01-04 00:39:00,5150.00,5150.25,5149.75,5150.00,85
2022-01-04 00:40:00,5149.75,5150.00,5149.75,5150.00,43
2022-01-04 00:41:00,5149.75,5150.00,5149.50,5150.00,82
2022-01-04 00:42:00,5150.00,5150.00,5149.75,5150.00,30
2022-01-04 00:43:00,5150.00,5150.50,5150.00,5150.50,61
2022-01-04 00:44:00,5150.25,5150.50,5150.00,5150.25,83
2022-01-04 00:45:00,5150.00,5150.25,5150.00,5150.25,58
2022-01-04 00:46:00,5150.25,5150.50,5150.00,5150.25,47
2022-01-04 00:47:00,5150.25,5150.25,5150.00,5150.25,25
2022-01-04 00:48:00,5150.50,5150.50,5150.00,5150.25,76
2022-01-04 00:49:00,5150.25,5150.50,5150.25,5150.50,23
2022-01-04 00:50:00,5150.25,5150.50,5150.00,5150.00,52
2022-01-04 00:51:00,5150.00,5150.00,5149.75,5149.75,81
2022-01-04 00:52:00,5150.00,5150.00,5149.75,5149.75,13
2022-01-04 00:53:00,5150.00,5150.50,5149.75,5150.25,75
2022-01-04 00:54:00,5150.00,5150.25,5150.00,5150.25,39
2022-01-04 00:55:00,5150.25,5150.50,5150.00,5150.25,73
2022-01-04 00:56:00,5150.25,5150.75,5150.00,5150.50,80
2022-01-04 00:57:00,5150.50,5150.50,5150.25,5150.50,50
2022-01-04 00:58:00,5150.25,5150.25,5150.00,5150.25,49
2022-01-04 00:59:00,5150.00,5150.25,5149.75,5150.00,78
2022-01-04 01:00:00,5150.00,5150.25,5149.75,5150.00,97
2022-01-04 01:01:00,5149.75,5150.25,5149.75,5150.00,69
2022-01-04 01:02:00,5149.75,5150.25,5149.75,5150.00,84
2022-01-04 01:03:00,5150.00,5150.25,5149.75,5149.75,83
2022-01-04 01:04:00,5149.75,5150.25,5149.50,5150.00,224
2022-01-04 01:05:00,5150.00,5150.25,5150.00,5150.00,147
2022-01-04 01:06:00,5150.00,5150.25,5150.00,5150.25,24
2022-01-04 01:07:00,5150.25,5150.50,5150.00,5150.50,154
2022-01-04 01:08:00,5150.75,5151.00,5150.50,5151.00,242
2022-01-04 01:09:00,5151.00,5151.00,5150.50,5150.75,50
2022-01-04 01:10:00,5150.75,5151.00,5150.75,5150.75,117
2022-01-04 01:11:00,5150.75,5151.00,5150.75,5151.00,12
2022-01-04 01:12:00,5151.00,5151.25,5150.75,5151.00,58
2022-01-04 01:13:00,5151.25,5151.25,5151.00,5151.00,52
2022-01-04 01:14:00,5150.75,5151.00,5150.50,5150.50,114
2022-01-04 01:15:00,5150.75,5150.75,5149.75,5150.00,440
2022-01-04 01:16:00,5150.25,5150.25,5149.50,5149.75,81
2022-01-04 01:17:00,5149.50,5149.75,5148.75,5148.75,195
2022-01-04 01:18:00,5149.00,5149.00,5148.50,5148.75,72
2022-01-04 01:19:00,5148.75,5148.75,5148.50,5148.75,46
2022-01-04 01:20:00,5148.50,5148.50,5148.00,5148.25,243
2022-01-04 01:21:00,5148.00,5148.50,5148.00,5148.25,82
2022-01-04 01:22:00,5148.25,5148.50,5148.00,5148.25,47
2022-01-04 01:23:00,5148.25,5148.50,5148.25,5148.50,40
2022-01-04 01:24:00,5148.50,5149.00,5148.25,5149.00,102
2022-01-04 01:25:00,5149.00,5149.00,5148.75,5149.00,23
2022-01-04 01:26:00,5149.00,5149.00,5148.50,5148.75,23
2022-01-04 01:27:00,5148.75,5148.75,5148.50,5148.50,16
2022-01-04 01:28:00,5148.75,5148.75,5148.25,5148.50,54
2022-01-04 01:29:00,5148.25,5148.50,5148.00,5148.25,57
2022-01-04 01:30:00,5148.00,5148.75,5148.00,5148.75,101
2022-01-04 01:31:00,5148.50,5148.50,5148.25,5148.50,31
2022-01-04 01:32:00,5148.50,5148.50,5148.25,5148.50,57
2022-01-04 01:33:00,5148.50,5148.50,5148.25,5148.50,23
2022-01-04 01:34:00,5148.25,5149.00,5148.25,5148.75,118
2022-01-04 01:35:00,5149.00,5149.50,5149.00,5149.25,160
2022-01-04 01:36:00,5149.00,5149.25,5149.00,5149.25,19
2022-01-04 01:37:00,5149.00,5149.25,5148.75,5149.00,40
2022-01-04 01:38:00,5149.00,5149.00,5148.50,5148.50,38
2022-01-04 01:39:00,5148.75,5149.25,5148.75,5149.25,90
2022-01-04 01:40:00,5149.25,5149.75,5149.25,5149.75,49
2022-01-04 01:41:00,5149.75,5150.00,5149.50,5150.00,35
2022-01-04 01:42:00,5150.00,5150.00,5149.50,5149.75,71
2022-01-04 01:43:00,5149.75,5149.75,5149.25,5149.25,46
2022-01-04 01:44:00,5149.25,5149.25,5149.00,5149.25,31
2022-01-04 01:45:00,5149.25,5149.25,5148.50,5148.50,80
2022-01-04 01:46:00,5148.25,5148.75,5148.25,5148.50,104
2022-01-04 01:47:00,5148.75,5149.75,5148.75,5149.75,161
2022-01-04 01:48:00,5149.75,5149.75,5149.00,5149.00,58
2022-01-04 01:49:00,5149.25,5149.50,5149.25,5149.50,33
2022-01-04 01:50:00,5149.50,5149.50,5149.00,5149.00,51
2022-01-04 01:51:00,5149.25,5149.25,5149.00,5149.00,10
2022-01-04 01:52:00,5149.00,5149.50,5149.00,5149.25,57
2022-01-04 01:53:00,5149.25,5150.00,5149.00,5149.75,68
2022-01-04 01:54:00,5149.75,5149.75,5149.50,5149.50,21
2022-01-04 01:55:00,5149.50,5149.75,5149.00,5149.00,79
2022-01-04 01:56:00,5149.00,5149.25,5148.75,5149.25,29
2022-01-04 01:57:00,5149.25,5149.25,5149.00,5149.00,41
2022-01-04 01:58:00,5149.00,5149.25,5149.00,5149.25,13
2022-01-04 01:59:00,5149.25,5149.50,5149.00,5149.00,61
2022-01-04 02:00:00,5149.00,5149.00,5147.50,5147.75,822
2022-01-04 02:01:00,5147.75,5148.50,5147.75,5148.00,118
2022-01-04 02:02:00,5148.00,5148.25,5147.75,5147.75,98
2022-01-04 02:03:00,5148.00,5148.00,5147.00,5147.00,160
2022-01-04 02:04:00,5147.25,5147.25,5146.75,5147.00,236
2022-01-04 02:05:00,5146.75,5147.25,5146.75,5147.00,107
2022-01-04 02:06:00,5147.00,5147.50,5147.00,5147.00,69
2022-01-04 02:07:00,5147.25,5147.25,5146.50,5146.75,83
2022-01-04 02:08:00,5146.75,5146.75,5145.75,5146.25,309
2022-01-04 02:09:00,5146.25,5146.25,5146.00,5146.00,88
2022-01-04 02:10:00,5146.25,5146.75,5146.00,5146.50,176
2022-01-04 02:11:00,5146.50,5146.75,5146.25,5146.25,92
2022-01-04 02:12:00,5146.50,5147.50,5146.50,5147.25,108
2022-01-04 02:13:00,5147.25,5147.50,5146.75,5147.25,80
2022-01-04 02:14:00,5147.25,5147.50,5147.00,5147.50,57
2022-01-04 02:15:00,5147.75,5147.75,5146.75,5147.25,112
2022-01-04 02:16:00,5147.25,5147.50,5146.75,5147.25,89
2022-01-04 02:17:00,5147.00,5147.25,5147.00,5147.00,43
2022-01-04 02:18:00,5146.75,5147.00,5146.25,5146.75,84
2022-01-04 02:19:00,5146.75,5147.00,5146.50,5146.75,45
2022-01-04 02:20:00,5146.50,5146.50,5145.75,5146.00,125
2022-01-04 02:21:00,5146.00,5146.25,5145.75,5146.25,37
2022-01-04 02:22:00,5146.25,5146.75,5146.25,5146.50,47
2022-01-04 02:23:00,5146.50,5146.50,5146.25,5146.50,41
2022-01-04 02:24:00,5146.50,5146.75,5146.50,5146.50,21
2022-01-04 02:25:00,5146.50,5147.25,5146.50,5147.00,50
2022-01-04 02:26:00,5147.00,5147.25,5146.75,5147.25,37
2022-01-04 02:27:00,5147.25,5147.50,5147.00,5147.25,50
2022-01-04 02:28:00,5147.25,5147.25,5146.75,5147.00,30
2022-01-04 02:29:00,5147.00,5147.25,5146.75,5146.75,75
2022-01-04 02:30:00,5146.50,5147.50,5146.50,5147.00,92
2022-01-04 02:31:00,5147.25,5148.00,5147.25,5147.75,47
2022-01-04 02:32:00,5147.75,5148.00,5147.75,5148.00,66
2022-01-04 02:33:00,5147.75,5147.75,5147.50,5147.75,69
2022-01-04 02:34:00,5147.75,5148.25,5147.75,5147.75,83
2022-01-04 02:35:00,5147.75,5147.75,5147.50,5147.75,46
2022-01-04 02:36:00,5147.75,5148.00,5147.75,5147.75,22
2022-01-04 02:37:00,5147.75,5148.25,5147.75,5148.25,43
2022-01-04 02:38:00,5148.25,5148.25,5147.50,5147.75,79
2022-01-04 02:39:00,5148.00,5148.25,5147.75,5147.75,81
2022-01-04 02:40:00,5147.75,5148.00,5147.75,5148.00,32
2022-01-04 02:41:00,5148.00,5148.25,5147.75,5148.00,93
2022-01-04 02:42:00,5148.00,5148.00,5147.75,5147.75,56
2022-01-04 02:43:00,5147.75,5148.75,5147.75,5148.50,158
2022-01-04 02:44:00,5148.50,5149.00,5148.50,5149.00,165
2022-01-04 02:45:00,5149.00,5149.25,5148.75,5148.75,122
2022-01-04 02:46:00,5149.00,5149.00,5148.50,5148.50,93
2022-01-04 02:47:00,5148.25,5148.25,5147.75,5148.00,174
2022-01-04 02:48:00,5148.00,5148.25,5147.75,5148.00,46
2022-01-04 02:49:00,5148.25,5148.50,5148.00,5148.50,83
2022-01-04 02:50:00,5148.25,5148.50,5148.00,5148.50,113
2022-01-04 02:51:00,5148.50,5149.50,5148.50,5149.25,158
2022-01-04 02:52:00,5149.50,5149.50,5149.00,5149.25,117
2022-01-04 02:53:00,5149.25,5149.50,5149.25,5149.25,56
2022-01-04 02:54:00,5149.50,5149.75,5149.00,5149.25,95
2022-01-04 02:55:00,5149.00,5149.25,5148.25,5148.25,209
2022-01-04 02:56:00,5148.50,5148.50,5148.00,5148.00,116
2022-01-04 02:57:00,5148.00,5148.75,5148.00,5148.50,50
2022-01-04 02:58:00,5148.50,5148.75,5148.25,5148.75,77
2022-01-04 02:59:00,5148.75,5150.25,5148.75,5150.25,372
2022-01-04 03:00:00,5150.25,5150.25,5149.25,5149.75,1350
2022-01-04 03:01:00,5149.50,5149.50,5148.00,5148.25,573
2022-01-04 03:02:00,5148.25,5148.75,5147.25,5148.50,516
2022-01-04 03:03:00,5148.25,5148.25,5147.50,5148.00,416
2022-01-04 03:04:00,5148.00,5149.00,5147.75,5148.50,415
2022-01-04 03:05:00,5148.25,5149.25,5148.00,5148.75,347
2022-01-04 03:06:00,5149.00,5150.25,5149.00,5150.25,351
2022-01-04 03:07:00,5150.25,5150.25,5148.50,5148.75,205
2022-01-04 03:08:00,5148.75,5148.75,5148.00,5148.75,215
2022-01-04 03:09:00,5148.75,5148.75,5147.25,5147.50,925
2022-01-04 03:10:00,5147.50,5147.75,5146.75,5147.00,307
2022-01-04 03:11:00,5147.00,5147.75,5146.75,5147.00,261
2022-01-04 03:12:00,5146.75,5147.00,5146.75,5146.75,197
2022-01-04 03:13:00,5146.75,5147.25,5146.00,5146.75,274
2022-01-04 03:14:00,5146.50,5146.75,5146.25,5146.25,113
2022-01-04 03:15:00,5146.50,5147.50,5146.50,5146.50,294
2022-01-04 03:16:00,5146.50,5147.00,5145.75,5146.00,385
2022-01-04 03:17:00,5146.25,5146.75,5145.50,5146.00,353
2022-01-04 03:18:00,5146.00,5147.00,5145.50,5147.00,329
2022-01-04 03:19:00,5147.00,5148.00,5146.75,5148.00,247
2022-01-04 03:20:00,5147.75,5147.75,5147.00,5147.25,291
2022-01-04 03:21:00,5147.25,5148.00,5147.25,5147.50,225
2022-01-04 03:22:00,5147.50,5148.50,5147.50,5148.25,317
2022-01-04 03:23:00,5148.25,5148.75,5148.25,5148.50,318
2022-01-04 03:24:00,5148.50,5149.25,5148.25,5149.00,233
2022-01-04 03:25:00,5149.00,5149.00,5147.75,5148.00,242
2022-01-04 03:26:00,5148.00,5148.50,5147.50,5147.75,306
2022-01-04 03:27:00,5147.75,5148.00,5147.50,5148.00,131
2022-01-04 03:28:00,5148.00,5148.00,5147.00,5147.75,170
2022-01-04 03:29:00,5147.75,5148.25,5147.25,5148.25,148
2022-01-04 03:30:00,5148.25,5148.75,5146.75,5147.00,257
2022-01-04 03:31:00,5146.75,5147.25,5146.75,5147.25,123
2022-01-04 03:32:00,5147.50,5148.25,5147.25,5148.25,203
2022-01-04 03:33:00,5148.25,5148.50,5148.00,5148.25,153
2022-01-04 03:34:00,5148.25,5148.75,5147.25,5148.00,318
2022-01-04 03:35:00,5148.00,5148.25,5147.50,5147.75,245
2022-01-04 03:36:00,5147.75,5148.00,5147.25,5147.50,236
2022-01-04 03:37:00,5147.50,5148.25,5147.25,5148.25,125
2022-01-04 03:38:00,5148.00,5149.00,5148.00,5148.75,172
2022-01-04 03:39:00,5148.75,5149.00,5148.25,5148.50,135
2022-01-04 03:40:00,5148.50,5149.00,5148.25,5149.00,300
2022-01-04 03:41:00,5149.00,5149.75,5148.75,5149.50,335
2022-01-04 03:42:00,5149.25,5149.50,5148.25,5148.50,215
2022-01-04 03:43:00,5148.50,5148.50,5148.00,5148.00,162
2022-01-04 03:44:00,5148.00,5148.00,5146.25,5146.25,438
2022-01-04 03:45:00,5146.25,5147.50,5146.25,5147.25,431
2022-01-04 03:46:00,5147.00,5147.50,5146.50,5147.00,287
2022-01-04 03:47:00,5147.25,5147.25,5146.25,5146.50,237
2022-01-04 03:48:00,5146.50,5147.00,5146.25,5146.75,115
2022-01-04 03:49:00,5147.00,5147.75,5147.00,5147.25,209
2022-01-04 03:50:00,5147.25,5147.75,5146.75,5147.00,158
2022-01-04 03:51:00,5146.75,5146.75,5146.00,5146.25,101
2022-01-04 03:52:00,5146.50,5147.50,5146.50,5147.50,103
2022-01-04 03:53:00,5147.50,5147.75,5147.00,5147.00,203
2022-01-04 03:54:00,5147.00,5147.50,5147.00,5147.00,154
2022-01-04 03:55:00,5147.00,5147.25,5146.00,5146.00,480
2022-01-04 03:56:00,5145.75,5146.00,5145.25,5145.25,198
2022-01-04 03:57:00,5145.50,5146.25,5145.50,5146.00,257
2022-01-04 03:58:00,5146.00,5146.50,5145.50,5146.50,200
2022-01-04 03:59:00,5146.25,5146.50,5146.00,5146.25,48
2022-01-04 04:00:00,5146.25,5147.00,5145.75,5146.50,180
2022-01-04 04:01:00,5146.50,5146.50,5146.25,5146.50,122
2022-01-04 04:02:00,5146.50,5147.25,5146.25,5146.75,136
2022-01-04 04:03:00,5146.75,5146.75,5146.00,5146.50,179
2022-01-04 04:04:00,5146.25,5147.00,5146.25,5146.75,131
2022-01-04 04:05:00,5146.75,5147.00,5146.50,5147.00,147
2022-01-04 04:06:00,5147.00,5147.75,5146.75,5147.50,148
2022-01-04 04:07:00,5147.50,5147.50,5146.50,5146.50,133
2022-01-04 04:08:00,5146.75,5147.00,5146.50,5146.50,73
2022-01-04 04:09:00,5146.50,5147.00,5146.50,5147.00,97
2022-01-04 04:10:00,5147.00,5147.25,5147.00,5147.25,69
2022-01-04 04:11:00,5147.25,5147.25,5146.75,5147.00,72
2022-01-04 04:12:00,5147.00,5147.75,5147.00,5147.75,195
2022-01-04 04:13:00,5147.75,5147.75,5147.25,5147.50,164
2022-01-04 04:14:00,5147.25,5147.75,5147.25,5147.50,190
2022-01-04 04:15:00,5147.75,5148.00,5147.25,5148.00,244
2022-01-04 04:16:00,5148.00,5148.25,5147.75,5148.00,133
2022-01-04 04:17:00,5148.00,5148.00,5147.75,5147.75,84
2022-01-04 04:18:00,5148.00,5148.50,5147.75,5148.50,119
2022-01-04 04:19:00,5148.50,5148.75,5148.00,5148.75,150
2022-01-04 04:20:00,5148.50,5148.50,5147.00,5147.75,264
2022-01-04 04:21:00,5147.75,5148.25,5147.75,5148.25,73
2022-01-04 04:22:00,5148.25,5148.50,5147.75,5148.00,142
2022-01-04 04:23:00,5148.00,5148.25,5147.75,5148.00,155
2022-01-04 04:24:00,5148.00,5148.00,5147.75,5147.75,46
2022-01-04 04:25:00,5148.00,5148.00,5147.50,5147.50,81
2022-01-04 04:26:00,5147.50,5148.00,5147.25,5147.50,92
2022-01-04 04:27:00,5147.75,5148.00,5147.75,5148.00,49
2022-01-04 04:28:00,5147.75,5148.00,5147.50,5147.75,129
2022-01-04 04:29:00,5147.75,5147.75,5147.25,5147.50,118
2022-01-04 04:30:00,5147.50,5147.75,5147.25,5147.25,128
2022-01-04 04:31:00,5147.50,5147.75,5147.25,5147.75,117
2022-01-04 04:32:00,5147.75,5147.75,5147.50,5147.50,44
2022-01-04 04:33:00,5147.50,5147.50,5147.00,5147.00,95
2022-01-04 04:34:00,5147.00,5147.25,5146.75,5146.75,150
2022-01-04 04:35:00,5146.75,5147.25,5146.50,5147.00,210
2022-01-04 04:36:00,5147.00,5147.00,5146.25,5146.25,162
2022-01-04 04:37:00,5146.25,5146.25,5146.00,5146.25,201
2022-01-04 04:38:00,5146.50,5147.00,5146.50,5146.75,93
2022-01-04 04:39:00,5146.75,5147.00,5146.75,5147.00,60
2022-01-04 04:40:00,5147.00,5147.00,5146.75,5146.75,211
2022-01-04 04:41:00,5146.75,5146.75,5146.50,5146.50,155
2022-01-04 04:42:00,5146.50,5147.75,5146.50,5147.50,297
2022-01-04 04:43:00,5147.50,5147.50,5147.25,5147.25,75
2022-01-04 04:44:00,5147.50,5148.25,5147.50,5148.00,268
2022-01-04 04:45:00,5148.00,5148.00,5147.50,5147.50,154
2022-01-04 04:46:00,5147.50,5148.25,5147.50,5148.25,185
2022-01-04 04:47:00,5148.25,5148.25,5148.00,5148.25,214
2022-01-04 04:48:00,5148.25,5148.50,5148.00,5148.25,48
2022-01-04 04:49:00,5148.25,5148.25,5147.75,5148.00,215
2022-01-04 04:50:00,5148.25,5148.50,5148.25,5148.50,88
2022-01-04 04:51:00,5148.75,5148.75,5148.50,5148.50,193
2022-01-04 04:52:00,5148.75,5148.75,5148.50,5148.50,91
2022-01-04 04:53:00,5148.75,5149.00,5148.50,5148.75,117
2022-01-04 04:54:00,5148.50,5148.75,5148.50,5148.50,66
2022-01-04 04:55:00,5148.25,5148.50,5148.00,5148.25,265
2022-01-04 04:56:00,5148.25,5148.75,5148.00,5148.75,92
2022-01-04 04:57:00,5148.75,5148.75,5148.50,5148.75,140
2022-01-04 04:58:00,5148.75,5149.00,5148.50,5149.00,155
2022-01-04 04:59:00,5149.00,5149.25,5149.00,5149.25,101
2022-01-04 05:00:00,5149.25,5150.00,5149.25,5149.75,283
2022-01-04 05:01:00,5149.75,5150.00,5149.75,5149.75,68
2022-01-04 05:02:00,5150.00,5150.50,5149.75,5150.50,128
2022-01-04 05:03:00,5150.50,5150.75,5150.25,5150.50,170
2022-01-04 05:04:00,5150.50,5150.75,5150.00,5150.75,156
2022-01-04 05:05:00,5150.75,5150.75,5149.75,5150.00,173
2022-01-04 05:06:00,5150.25,5150.75,5150.25,5150.50,107
2022-01-04 05:07:00,5150.50,5150.75,5150.00,5150.25,90
2022-01-04 05:08:00,5150.25,5151.00,5150.25,5151.00,297
2022-01-04 05:09:00,5151.00,5152.50,5151.00,5152.25,645
2022-01-04 05:10:00,5152.25,5152.50,5151.75,5152.25,343
2022-01-04 05:11:00,5152.25,5152.50,5152.00,5152.25,406
2022-01-04 05:12:00,5152.25,5153.50,5152.00,5153.50,1640
2022-01-04 05:13:00,5153.25,5155.25,5153.00,5155.00,1304
2022-01-04 05:14:00,5154.75,5154.75,5153.50,5153.75,413
2022-01-04 05:15:00,5153.75,5153.75,5152.75,5153.50,524
2022-01-04 05:16:00,5153.50,5153.75,5153.25,5153.50,93
2022-01-04 05:17:00,5153.75,5153.75,5153.25,5153.50,89
2022-01-04 05:18:00,5153.50,5154.00,5153.50,5153.50,264
2022-01-04 05:19:00,5153.50,5154.50,5153.25,5154.50,251
2022-01-04 05:20:00,5154.50,5155.50,5154.50,5155.25,377
2022-01-04 05:21:00,5155.50,5155.50,5154.25,5154.25,248
2022-01-04 05:22:00,5154.25,5155.50,5154.25,5155.50,196
2022-01-04 05:23:00,5155.75,5157.00,5155.25,5156.50,493
2022-01-04 05:24:00,5156.50,5156.75,5156.00,5156.75,235
2022-01-04 05:25:00,5156.75,5156.75,5155.75,5155.75,212
2022-01-04 05:26:00,5155.75,5157.00,5155.75,5156.75,332
2022-01-04 05:27:00,5157.00,5157.00,5156.00,5156.25,259
2022-01-04 05:28:00,5156.25,5156.75,5156.00,5156.75,122
2022-01-04 05:29:00,5156.50,5157.50,5156.50,5157.00,309
2022-01-04 05:30:00,5157.00,5157.25,5156.25,5156.50,344
2022-01-04 05:31:00,5156.75,5156.75,5156.50,5156.75,217
2022-01-04 05:32:00,5157.00,5157.50,5157.00,5157.25,148
2022-01-04 05:33:00,5157.00,5157.50,5156.75,5157.25,216
2022-01-04 05:34:00,5157.25,5158.00,5157.25,5157.50,418
2022-01-04 05:35:00,5157.50,5157.75,5157.00,5157.00,297
2022-01-04 05:36:00,5157.00,5157.50,5156.50,5156.75,212
2022-01-04 05:37:00,5156.75,5156.75,5156.00,5156.25,185
2022-01-04 05:38:00,5156.50,5156.50,5156.25,5156.25,137
2022-01-04 05:39:00,5156.50,5157.00,5156.25,5156.75,196
2022-01-04 05:40:00,5156.50,5157.00,5156.50,5156.50,150
2022-01-04 05:41:00,5156.75,5157.25,5156.50,5157.25,272
2022-01-04 05:42:00,5157.25,5157.50,5157.00,5157.50,136
2022-01-04 05:43:00,5157.50,5157.75,5157.00,5157.50,129
2022-01-04 05:44:00,5157.50,5157.75,5157.00,5157.75,255
2022-01-04 05:45:00,5157.75,5158.00,5157.00,5157.25,389
2022-01-04 05:46:00,5157.25,5157.25,5156.50,5157.00,317
2022-01-04 05:47:00,5156.75,5156.75,5156.25,5156.50,243
2022-01-04 05:48:00,5156.50,5157.00,5156.25,5156.25,393
2022-01-04 05:49:00,5156.25,5156.50,5155.75,5156.25,188
2022-01-04 05:50:00,5156.50,5157.00,5156.00,5156.25,191
2022-01-04 05:51:00,5156.25,5156.25,5155.75,5156.00,377
2022-01-04 05:52:00,5155.75,5156.00,5155.50,5155.75,223
2022-01-04 05:53:00,5155.75,5156.00,5155.50,5155.50,96
2022-01-04 05:54:00,5155.50,5155.50,5155.00,5155.25,147
2022-01-04 05:55:00,5155.25,5155.75,5155.25,5155.50,84
2022-01-04 05:56:00,5155.50,5155.50,5155.00,5155.25,62
2022-01-04 05:57:00,5155.25,5156.00,5155.25,5156.00,158
2022-01-04 05:58:00,5156.00,5156.75,5155.75,5156.50,298
2022-01-04 05:59:00,5156.50,5156.75,5156.25,5156.50,143
2022-01-04 06:00:00,5156.50,5156.75,5155.00,5155.50,302
2022-01-04 06:01:00,5155.75,5158.50,5155.50,5157.75,796
2022-01-04 06:02:00,5157.50,5158.50,5157.25,5158.25,406
2022-01-04 06:03:00,5158.25,5159.00,5158.00,5158.00,378
2022-01-04 06:04:00,5158.00,5158.25,5157.50,5158.00,204
2022-01-04 06:05:00,5158.00,5158.50,5157.50,5158.25,302
2022-01-04 06:06:00,5158.00,5158.75,5157.75,5158.25,336
2022-01-04 06:07:00,5158.50,5158.75,5158.50,5158.75,356
2022-01-04 06:08:00,5158.75,5159.50,5158.75,5159.00,291
2022-01-04 06:09:00,5159.00,5159.25,5158.75,5159.00,180
2022-01-04 06:10:00,5159.25,5159.75,5158.75,5159.25,375
2022-01-04 06:11:00,5159.25,5159.50,5159.00,5159.50,229
2022-01-04 06:12:00,5159.25,5159.75,5159.25,5159.75,107
2022-01-04 06:13:00,5159.50,5160.25,5159.25,5159.75,291
2022-01-04 06:14:00,5159.75,5159.75,5158.75,5159.50,367
2022-01-04 06:15:00,5159.50,5159.75,5159.00,5159.00,157
2022-01-04 06:16:00,5159.25,5159.50,5159.00,5159.50,91
2022-01-04 06:17:00,5159.50,5160.25,5158.75,5159.50,425
2022-01-04 06:18:00,5159.50,5159.75,5159.25,5159.50,245
2022-01-04 06:19:00,5159.50,5159.50,5159.00,5159.25,117
2022-01-04 06:20:00,5159.00,5159.50,5159.00,5159.50,170
2022-01-04 06:21:00,5159.50,5159.75,5159.00,5159.75,122
2022-01-04 06:22:00,5159.75,5160.00,5158.75,5159.00,240
2022-01-04 06:23:00,5159.00,5159.00,5158.75,5159.00,88
2022-01-04 06:24:00,5159.00,5159.00,5158.25,5158.50,335
2022-01-04 06:25:00,5158.25,5158.50,5157.75,5158.25,564
2022-01-04 06:26:00,5158.25,5158.25,5157.75,5158.00,195
2022-01-04 06:27:00,5158.00,5158.25,5157.25,5157.25,252
2022-01-04 06:28:00,5157.25,5157.50,5156.75,5157.50,242
2022-01-04 06:29:00,5157.25,5157.50,5157.25,5157.50,52
2022-01-04 06:30:00,5157.25,5158.00,5157.25,5157.75,185
2022-01-04 06:31:00,5157.75,5157.75,5157.25,5157.25,77
2022-01-04 06:32:00,5157.25,5157.75,5157.25,5157.50,170
2022-01-04 06:33:00,5157.50,5157.50,5157.00,5157.50,70
2022-01-04 06:34:00,5157.25,5157.50,5156.50,5156.75,254
2022-01-04 06:35:00,5156.50,5156.50,5156.25,5156.25,181
2022-01-04 06:36:00,5156.25,5156.50,5155.75,5156.25,468
2022-01-04 06:37:00,5156.50,5157.00,5156.25,5156.75,121
2022-01-04 06:38:00,5157.00,5157.25,5156.75,5157.25,111
2022-01-04 06:39:00,5157.25,5157.50,5157.00,5157.50,111
2022-01-04 06:40:00,5157.50,5157.50,5156.25,5156.50,190
2022-01-04 06:41:00,5156.75,5157.25,5156.75,5157.00,179
2022-01-04 06:42:00,5157.00,5157.25,5156.75,5156.75,77
2022-01-04 06:43:00,5156.50,5156.75,5156.50,5156.75,125
2022-01-04 06:44:00,5156.75,5156.75,5156.75,5156.75,81
2022-01-04 06:45:00,5156.75,5157.00,5156.50,5156.50,79
2022-01-04 06:46:00,5156.50,5156.75,5156.50,5156.50,91
2022-01-04 06:47:00,5156.75,5157.25,5156.50,5157.25,107
2022-01-04 06:48:00,5157.25,5157.25,5156.75,5156.75,144
2022-01-04 06:49:00,5156.75,5157.25,5156.75,5157.25,90
2022-01-04 06:50:00,5157.25,5157.75,5157.25,5157.75,285
2022-01-04 06:51:00,5157.75,5158.00,5157.50,5157.75,206
2022-01-04 06:52:00,5157.75,5158.00,5157.25,5157.50,299
2022-01-04 06:53:00,5157.75,5157.75,5157.25,5157.50,142
2022-01-04 06:54:00,5157.50,5158.00,5157.50,5157.75,105
2022-01-04 06:55:00,5157.75,5158.00,5157.50,5157.75,120
2022-01-04 06:56:00,5157.50,5158.00,5157.50,5157.50,122
2022-01-04 06:57:00,5157.50,5157.75,5157.25,5157.50,194
2022-01-04 06:58:00,5157.50,5157.50,5157.00,5157.00,164
2022-01-04 06:59:00,5156.75,5156.75,5155.50,5156.00,306
2022-01-04 07:00:00,5155.75,5156.00,5155.50,5155.75,359
2022-01-04 07:01:00,5156.00,5156.25,5155.75,5156.00,156
2022-01-04 07:02:00,5156.25,5156.25,5155.50,5155.75,199
2022-01-04 07:03:00,5155.75,5155.75,5155.50,5155.50,321
2022-01-04 07:04:00,5155.75,5155.75,5155.00,5155.00,176
2022-01-04 07:05:00,5155.25,5155.25,5155.00,5155.00,112
2022-01-04 07:06:00,5155.25,5156.00,5155.25,5155.75,177
2022-01-04 07:07:00,5155.75,5156.50,5155.50,5155.75,213
2022-01-04 07:08:00,5155.75,5156.25,5155.75,5156.25,189
2022-01-04 07:09:00,5156.25,5156.25,5155.50,5155.75,116
2022-01-04 07:10:00,5155.50,5156.00,5155.25,5155.75,196
2022-01-04 07:11:00,5156.00,5156.25,5155.75,5156.25,80
2022-01-04 07:12:00,5156.25,5156.25,5155.75,5156.00,79
2022-01-04 07:13:00,5156.00,5156.00,5155.75,5156.00,149
2022-01-04 07:14:00,5156.00,5156.00,5154.00,5154.00,1051
2022-01-04 07:15:00,5154.25,5154.75,5154.25,5154.75,163
2022-01-04 07:16:00,5154.75,5155.00,5154.50,5155.00,306
2022-01-04 07:17:00,5155.00,5155.25,5154.75,5155.00,315
2022-01-04 07:18:00,5155.00,5155.00,5153.50,5154.50,928
2022-01-04 07:19:00,5154.50,5154.50,5154.00,5154.25,177
2022-01-04 07:20:00,5154.25,5154.50,5154.00,5154.50,240
2022-01-04 07:21:00,5154.50,5154.50,5153.75,5154.00,320
2022-01-04 07:22:00,5154.25,5154.50,5154.00,5154.00,217
2022-01-04 07:23:00,5154.25,5154.25,5153.00,5153.25,558
2022-01-04 07:24:00,5153.25,5153.50,5151.00,5151.25,1408
2022-01-04 07:25:00,5151.25,5151.50,5148.75,5150.00,2698
2022-01-04 07:26:00,5150.00,5150.75,5149.75,5150.50,1031
2022-01-04 07:27:00,5150.50,5151.00,5150.00,5151.00,279
2022-01-04 07:28:00,5151.00,5151.00,5147.75,5148.00,1189
2022-01-04 07:29:00,5148.25,5149.75,5148.25,5149.50,537
2022-01-04 07:30:00,5149.50,5150.00,5148.75,5148.75,658
2022-01-04 07:31:00,5149.00,5150.75,5149.00,5150.75,507
2022-01-04 07:32:00,5150.75,5151.25,5150.50,5151.00,274
2022-01-04 07:33:00,5151.00,5151.25,5150.75,5151.25,225
2022-01-04 07:34:00,5151.00,5152.00,5150.75,5151.75,316
2022-01-04 07:35:00,5152.00,5152.00,5151.25,5151.50,499
2022-01-04 07:36:00,5151.75,5152.25,5151.50,5151.75,650
2022-01-04 07:37:00,5151.50,5151.75,5151.25,5151.50,296
2022-01-04 07:38:00,5151.50,5151.75,5150.50,5150.50,456
2022-01-04 07:39:00,5150.50,5150.50,5149.75,5150.00,348
2022-01-04 07:40:00,5149.75,5150.25,5149.75,5149.75,370
2022-01-04 07:41:00,5149.75,5150.25,5149.50,5150.00,226
2022-01-04 07:42:00,5150.00,5150.75,5149.75,5150.50,319
2022-01-04 07:43:00,5150.50,5151.50,5150.50,5151.50,627
2022-01-04 07:44:00,5151.50,5152.00,5150.50,5150.50,473
2022-01-04 07:45:00,5150.75,5151.75,5150.00,5151.75,384
2022-01-04 07:46:00,5151.75,5151.75,5151.25,5151.50,128
2022-01-04 07:47:00,5151.50,5151.50,5151.00,5151.25,113
2022-01-04 07:48:00,5151.50,5151.75,5151.00,5151.00,251
2022-01-04 07:49:00,5151.25,5151.25,5150.00,5150.50,179
2022-01-04 07:50:00,5150.25,5150.75,5150.00,5150.25,361
2022-01-04 07:51:00,5150.25,5150.50,5150.00,5150.00,202
2022-01-04 07:52:00,5150.25,5150.25,5149.50,5149.50,362
2022-01-04 07:53:00,5149.75,5150.00,5149.25,5149.25,378
2022-01-04 07:54:00,5149.50,5150.25,5149.25,5150.00,372
2022-01-04 07:55:00,5150.00,5150.50,5149.75,5150.00,172
2022-01-04 07:56:00,5150.00,5150.75,5150.00,5150.50,240
2022-01-04 07:57:00,5150.75,5151.00,5150.25,5151.00,203
2022-01-04 07:58:00,5151.00,5152.00,5151.00,5152.00,294
2022-01-04 07:59:00,5152.00,5152.50,5151.75,5152.00,465
2022-01-04 08:00:00,5152.00,5152.50,5151.25,5151.75,579
2022-01-04 08:01:00,5151.75,5152.00,5150.75,5151.75,333
2022-01-04 08:02:00,5151.75,5151.75,5151.00,5151.00,218
2022-01-04 08:03:00,5151.00,5151.50,5151.00,5151.00,170
2022-01-04 08:04:00,5151.00,5151.75,5151.00,5151.25,249
2022-01-04 08:05:00,5151.50,5151.75,5151.25,5151.75,380
2022-01-04 08:06:00,5151.75,5152.00,5151.00,5151.25,397
2022-01-04 08:07:00,5151.50,5152.25,5151.50,5152.25,539
2022-01-04 08:08:00,5152.25,5152.75,5152.25,5152.75,372
2022-01-04 08:09:00,5152.75,5153.00,5152.50,5152.50,317
2022-01-04 08:10:00,5152.50,5153.00,5152.25,5152.75,649
2022-01-04 08:11:00,5152.75,5153.25,5152.75,5153.00,368
2022-01-04 08:12:00,5153.25,5154.00,5153.00,5153.50,1210
2022-01-04 08:13:00,5153.50,5153.75,5153.25,5153.50,280
2022-01-04 08:14:00,5153.75,5154.25,5153.25,5154.25,498
2022-01-04 08:15:00,5154.25,5154.75,5153.75,5154.25,1695
2022-01-04 08:16:00,5154.25,5154.25,5153.00,5153.25,736
2022-01-04 08:17:00,5153.00,5154.75,5153.00,5154.25,1295
2022-01-04 08:18:00,5154.50,5154.50,5153.50,5154.25,1074
2022-01-04 08:19:00,5154.25,5155.50,5154.00,5155.00,1334
2022-01-04 08:20:00,5155.00,5157.00,5154.25,5156.75,1341
2022-01-04 08:21:00,5156.50,5157.75,5156.25,5156.75,1138
2022-01-04 08:22:00,5156.75,5157.25,5156.00,5156.00,438
2022-01-04 08:23:00,5156.00,5156.50,5155.25,5156.50,469
2022-01-04 08:24:00,5156.75,5157.00,5156.50,5156.75,209
2022-01-04 08:25:00,5156.75,5157.25,5156.50,5157.00,386
2022-01-04 08:26:00,5157.00,5157.00,5155.75,5155.75,411
2022-01-04 08:27:00,5155.75,5156.00,5154.75,5156.00,754
2022-01-04 08:28:00,5155.50,5156.00,5155.00,5156.00,245
2022-01-04 08:29:00,5156.25,5156.75,5156.25,5156.25,229
2022-01-04 08:30:00,5156.25,5156.75,5156.00,5156.25,515
2022-01-04 08:31:00,5156.25,5156.50,5155.75,5155.75,521
2022-01-04 08:32:00,5155.75,5156.00,5155.50,5155.50,332
2022-01-04 08:33:00,5155.25,5155.50,5154.75,5155.25,375
2022-01-04 08:34:00,5155.00,5155.50,5154.75,5154.75,402
2022-01-04 08:35:00,5154.75,5154.75,5153.50,5154.25,414
2022-01-04 08:36:00,5154.25,5154.50,5153.00,5153.50,618
2022-01-04 08:37:00,5153.50,5154.00,5153.25,5153.75,389
2022-01-04 08:38:00,5153.75,5154.25,5153.75,5153.75,502
2022-01-04 08:39:00,5154.00,5154.50,5153.75,5154.50,295
2022-01-04 08:40:00,5154.50,5155.00,5154.25,5154.75,289
2022-01-04 08:41:00,5154.50,5155.00,5154.25,5154.50,125
2022-01-04 08:42:00,5154.50,5154.75,5153.75,5154.25,371
2022-01-04 08:43:00,5154.50,5155.25,5154.25,5155.00,296
2022-01-04 08:44:00,5155.25,5155.50,5154.75,5155.00,366
2022-01-04 08:45:00,5155.00,5155.00,5154.00,5154.50,381
2022-01-04 08:46:00,5154.50,5154.50,5153.75,5154.25,279
2022-01-04 08:47:00,5154.25,5154.50,5153.75,5154.25,174
2022-01-04 08:48:00,5154.00,5154.00,5153.25,5153.25,346
2022-01-04 08:49:00,5153.25,5153.75,5153.00,5153.25,451
2022-01-04 08:50:00,5153.00,5154.00,5153.00,5153.75,270
2022-01-04 08:51:00,5153.75,5154.50,5153.50,5154.25,513
2022-01-04 08:52:00,5154.50,5154.75,5153.50,5154.00,351
2022-01-04 08:53:00,5154.25,5155.75,5154.25,5155.25,530
2022-01-04 08:54:00,5155.50,5155.75,5155.00,5155.25,474
2022-01-04 08:55:00,5155.50,5155.50,5155.25,5155.25,219
2022-01-04 08:56:00,5155.25,5155.75,5155.00,5155.50,247
2022-01-04 08:57:00,5155.50,5156.00,5155.00,5155.75,484
2022-01-04 08:58:00,5155.75,5156.00,5155.25,5155.75,224
2022-01-04 08:59:00,5155.75,5155.75,5155.25,5155.50,350
2022-01-04 09:00:00,5155.25,5156.50,5155.25,5155.25,663
2022-01-04 09:01:00,5155.50,5155.75,5154.75,5155.25,484
2022-01-04 09:02:00,5155.25,5155.25,5154.75,5154.75,332
2022-01-04 09:03:00,5154.75,5154.75,5154.25,5154.25,294
2022-01-04 09:04:00,5154.00,5154.25,5152.75,5153.00,683
2022-01-04 09:05:00,5153.00,5154.25,5153.00,5154.25,430
2022-01-04 09:06:00,5154.25,5154.75,5154.00,5154.25,309
2022-01-04 09:07:00,5154.25,5155.00,5153.75,5155.00,322
2022-01-04 09:08:00,5155.00,5155.25,5154.50,5154.75,360
2022-01-04 09:09:00,5154.75,5155.25,5154.75,5154.75,172
2022-01-04 09:10:00,5154.75,5155.25,5154.50,5155.00,280
2022-01-04 09:11:00,5155.25,5156.50,5155.25,5156.25,780
2022-01-04 09:12:00,5156.50,5157.00,5155.75,5155.75,768
2022-01-04 09:13:00,5155.75,5156.50,5155.75,5156.50,350
2022-01-04 09:14:00,5156.50,5156.75,5155.75,5156.00,514
2022-01-04 09:15:00,5155.75,5156.25,5155.50,5156.00,426
2022-01-04 09:16:00,5156.00,5156.25,5155.25,5155.25,405
2022-01-04 09:17:00,5155.00,5155.50,5154.75,5155.50,392
2022-01-04 09:18:00,5155.50,5155.50,5155.00,5155.25,288
2022-01-04 09:19:00,5155.50,5155.75,5155.25,5155.50,263
2022-01-04 09:20:00,5155.50,5156.00,5155.25,5156.00,467
2022-01-04 09:21:00,5156.00,5156.25,5155.50,5156.25,242
2022-01-04 09:22:00,5156.00,5156.00,5155.25,5155.50,296
2022-01-04 09:23:00,5155.75,5156.00,5155.50,5155.75,216
2022-01-04 09:24:00,5155.75,5156.25,5155.75,5156.25,354
2022-01-04 09:25:00,5156.00,5156.00,5155.50,5155.75,521
2022-01-04 09:26:00,5155.50,5155.75,5154.75,5155.00,468
2022-01-04 09:27:00,5155.00,5155.50,5154.25,5154.75,828
2022-01-04 09:28:00,5154.75,5155.25,5153.50,5154.25,1418
2022-01-04 09:29:00,5154.25,5154.50,5153.00,5154.00,2376
2022-01-04 09:30:00,5154.00,5155.25,5152.25,5154.25,14501
2022-01-04 09:31:00,5154.25,5156.50,5151.75,5156.50,7156
2022-01-04 09:32:00,5156.25,5157.50,5155.75,5156.00,5196
2022-01-04 09:33:00,5156.00,5157.25,5153.75,5156.00,6656
2022-01-04 09:34:00,5156.00,5158.00,5155.00,5156.75,5966
2022-01-04 09:35:00,5156.75,5159.75,5154.25,5154.25,8012
2022-01-04 09:36:00,5154.25,5158.50,5153.50,5158.00,5660
2022-01-04 09:37:00,5158.00,5159.75,5157.50,5158.75,6064
2022-01-04 09:38:00,5158.75,5160.75,5156.75,5157.75,10544
2022-01-04 09:39:00,5157.50,5158.75,5156.75,5158.25,5384
2022-01-04 09:40:00,5158.50,5160.25,5158.00,5159.50,3674
2022-01-04 09:41:00,5159.50,5160.00,5158.00,5160.00,3179
2022-01-04 09:42:00,5159.75,5161.00,5156.00,5156.75,8104
2022-01-04 09:43:00,5156.50,5159.00,5156.25,5157.75,3420
2022-01-04 09:44:00,5157.50,5158.75,5157.00,5158.25,2605
2022-01-04 09:45:00,5158.25,5160.00,5158.00,5158.75,4666
2022-01-04 09:46:00,5158.75,5159.00,5156.75,5157.75,5785
2022-01-04 09:47:00,5157.75,5159.50,5157.25,5158.00,2760
2022-01-04 09:48:00,5158.25,5159.25,5157.25,5157.25,3770
2022-01-04 09:49:00,5157.50,5158.00,5156.50,5156.50,3057
2022-01-04 09:50:00,5156.50,5157.00,5153.50,5154.50,5936
2022-01-04 09:51:00,5154.75,5157.25,5154.50,5157.25,3935
2022-01-04 09:52:00,5157.25,5159.00,5157.00,5157.50,3564
2022-01-04 09:53:00,5157.75,5158.75,5157.50,5158.00,1867
2022-01-04 09:54:00,5158.00,5159.75,5156.25,5159.50,5442
2022-01-04 09:55:00,5159.75,5160.00,5158.00,5158.50,3488
2022-01-04 09:56:00,5158.50,5158.50,5157.50,5158.00,2326
2022-01-04 09:57:00,5157.75,5158.50,5157.00,5157.50,2078
2022-01-04 09:58:00,5157.25,5158.00,5156.75,5157.75,2454
2022-01-04 09:59:00,5157.75,5158.25,5157.00,5158.00,1502
2022-01-04 10:00:00,5157.75,5158.50,5155.75,5157.50,5052
2022-01-04 10:01:00,5157.50,5157.75,5155.25,5155.75,4839
2022-01-04 10:02:00,5155.75,5156.00,5153.25,5154.00,5813
2022-01-04 10:03:00,5154.00,5154.75,5151.00,5151.25,7406
2022-01-04 10:04:00,5151.50,5154.75,5151.00,5153.50,6109
2022-01-04 10:05:00,5153.75,5154.50,5152.00,5153.50,4122
2022-01-04 10:06:00,5153.50,5153.75,5152.50,5152.75,2352
2022-01-04 10:07:00,5153.00,5153.00,5151.75,5152.25,4152
2022-01-04 10:08:00,5152.50,5155.00,5152.25,5154.50,3713
2022-01-04 10:09:00,5154.75,5155.25,5153.25,5155.00,3561
2022-01-04 10:10:00,5155.25,5156.75,5154.50,5155.50,2783
2022-01-04 10:11:00,5155.75,5155.75,5153.25,5154.25,3338
2022-01-04 10:12:00,5154.50,5155.00,5152.25,5152.50,3065
2022-01-04 10:13:00,5152.75,5154.00,5151.75,5152.00,4238
2022-01-04 10:14:00,5152.00,5153.50,5151.25,5153.00,3345
2022-01-04 10:15:00,5153.25,5154.50,5152.50,5153.50,4081
2022-01-04 10:16:00,5153.50,5153.75,5150.75,5151.50,5028
2022-01-04 10:17:00,5151.75,5152.00,5149.50,5150.75,5542
2022-01-04 10:18:00,5151.00,5151.50,5150.00,5151.00,3463
2022-01-04 10:19:00,5151.25,5151.75,5149.75,5150.75,2802
2022-01-04 10:20:00,5151.00,5155.50,5150.50,5153.50,5993
2022-01-04 10:21:00,5153.50,5153.75,5151.25,5152.00,3086
2022-01-04 10:22:00,5152.00,5152.50,5150.50,5150.50,2980
2022-01-04 10:23:00,5150.75,5152.25,5149.50,5152.00,3407
2022-01-04 10:24:00,5152.00,5153.25,5151.75,5153.00,2694
2022-01-04 10:25:00,5153.25,5153.25,5150.50,5150.75,2951
2022-01-04 10:26:00,5151.00,5151.75,5150.00,5151.00,2683
2022-01-04 10:27:00,5151.00,5151.25,5148.50,5149.50,3915
2022-01-04 10:28:00,5149.50,5152.75,5149.25,5152.25,3085
2022-01-04 10:29:00,5152.50,5157.50,5152.25,5157.50,6928
2022-01-04 10:30:00,5157.25,5159.00,5156.00,5157.00,5299
2022-01-04 10:31:00,5156.75,5158.50,5155.75,5155.75,3493
2022-01-04 10:32:00,5156.00,5156.75,5154.50,5155.50,4157
2022-01-04 10:33:00,5155.25,5155.25,5152.00,5153.00,4113
2022-01-04 10:34:00,5152.75,5154.25,5151.75,5152.75,4605
2022-01-04 10:35:00,5152.75,5153.25,5150.75,5152.75,3365
2022-01-04 10:36:00,5153.00,5153.00,5149.75,5150.00,3396
2022-01-04 10:37:00,5150.00,5151.25,5148.50,5149.50,4071
2022-01-04 10:38:00,5149.75,5150.00,5147.75,5148.25,5819
2022-01-04 10:39:00,5148.25,5148.50,5147.75,5147.75,3028
2022-01-04 10:40:00,5147.75,5150.25,5147.75,5150.00,4418
2022-01-04 10:41:00,5150.00,5150.75,5148.75,5149.25,2635
2022-01-04 10:42:00,5149.25,5149.50,5148.00,5148.25,2202
2022-01-04 10:43:00,5148.25,5149.00,5148.00,5148.50,1747
2022-01-04 10:44:00,5148.25,5148.75,5144.00,5145.50,8766
2022-01-04 10:45:00,5145.75,5146.00,5144.50,5145.50,4131
2022-01-04 10:46:00,5145.50,5147.50,5144.50,5146.75,4420
2022-01-04 10:47:00,5146.75,5148.75,5146.50,5148.00,3371
2022-01-04 10:48:00,5148.00,5148.75,5147.00,5147.75,2543
2022-01-04 10:49:00,5147.50,5148.00,5146.25,5147.00,2146
2022-01-04 10:50:00,5147.00,5148.00,5146.50,5147.25,2682
2022-01-04 10:51:00,5147.25,5147.75,5146.25,5146.50,2266
2022-01-04 10:52:00,5146.75,5147.25,5145.25,5146.00,3299
2022-01-04 10:53:00,5146.00,5146.50,5143.00,5143.75,3845
2022-01-04 10:54:00,5143.75,5144.25,5142.75,5143.75,5245
2022-01-04 10:55:00,5143.50,5143.75,5140.25,5141.25,10353
2022-01-04 10:56:00,5141.25,5142.25,5137.25,5138.75,10394
2022-01-04 10:57:00,5138.75,5139.50,5137.00,5137.50,5121
2022-01-04 10:58:00,5137.50,5139.25,5136.50,5138.50,6236
2022-01-04 10:59:00,5138.50,5138.50,5136.50,5137.75,4237
2022-01-04 11:00:00,5137.75,5138.25,5131.75,5133.00,10410
2022-01-04 11:01:00,5133.00,5134.75,5130.50,5134.50,6512
2022-01-04 11:02:00,5134.50,5135.25,5130.75,5131.00,6538
2022-01-04 11:03:00,5130.75,5130.75,5126.50,5128.75,8926
2022-01-04 11:04:00,5128.50,5131.00,5126.75,5130.25,6703
2022-01-04 11:05:00,5130.25,5133.50,5130.00,5131.75,6298
2022-01-04 11:06:00,5131.75,5133.00,5130.75,5131.25,4033
2022-01-04 11:07:00,5131.00,5132.50,5130.00,5132.00,3706
2022-01-04 11:08:00,5131.75,5133.50,5131.25,5131.75,2958
2022-01-04 11:09:00,5131.75,5133.00,5131.25,5132.75,2537
2022-01-04 11:10:00,5132.50,5133.75,5130.75,5130.75,3378
2022-01-04 11:11:00,5131.00,5131.50,5129.00,5131.25,4727
2022-01-04 11:12:00,5131.00,5133.25,5130.25,5133.00,3482
2022-01-04 11:13:00,5132.75,5133.25,5131.25,5133.25,3241
2022-01-04 11:14:00,5133.00,5133.75,5131.25,5133.00,2757
2022-01-04 11:15:00,5132.75,5133.50,5129.00,5129.25,3978
2022-01-04 11:16:00,5129.25,5132.00,5129.25,5131.25,2636
2022-01-04 11:17:00,5131.25,5132.25,5129.50,5132.00,2336
2022-01-04 11:18:00,5131.75,5133.25,5131.25,5132.25,2870
2022-01-04 11:19:00,5132.25,5133.00,5131.50,5132.00,2765
2022-01-04 11:20:00,5132.00,5132.25,5129.75,5131.00,2964
2022-01-04 11:21:00,5130.75,5131.50,5130.25,5131.00,1660
2022-01-04 11:22:00,5130.75,5131.00,5129.25,5129.50,2996
2022-01-04 11:23:00,5129.50,5129.75,5125.75,5126.00,4339
2022-01-04 11:24:00,5126.00,5129.75,5126.00,5129.75,4018
2022-01-04 11:25:00,5129.50,5129.75,5126.75,5129.00,3706
2022-01-04 11:26:00,5128.75,5129.50,5127.50,5129.50,2106
2022-01-04 11:27:00,5129.25,5130.75,5127.75,5128.00,2491
2022-01-04 11:28:00,5127.75,5128.50,5126.25,5126.75,2738
2022-01-04 11:29:00,5127.00,5131.25,5127.00,5131.25,4107
2022-01-04 11:30:00,5131.25,5132.25,5129.75,5131.50,4941
2022-01-04 11:31:00,5131.50,5132.50,5130.25,5131.00,3300
2022-01-04 11:32:00,5131.00,5131.50,5130.25,5130.50,3400
2022-01-04 11:33:00,5130.50,5133.25,5130.50,5132.50,2791
2022-01-04 11:34:00,5132.50,5136.00,5131.50,5135.50,5373
2022-01-04 11:35:00,5135.50,5136.00,5134.25,5135.25,3509
2022-01-04 11:36:00,5135.00,5135.75,5134.50,5135.00,2590
2022-01-04 11:37:00,5134.75,5135.50,5133.75,5135.00,2515
2022-01-04 11:38:00,5135.00,5136.25,5135.00,5135.50,1805
2022-01-04 11:39:00,5135.50,5136.25,5135.25,5136.25,1585
2022-01-04 11:40:00,5136.00,5136.25,5133.50,5133.75,2452
2022-01-04 11:41:00,5133.50,5135.00,5133.50,5134.25,2205
2022-01-04 11:42:00,5134.25,5135.00,5133.75,5133.75,1781
2022-01-04 11:43:00,5133.75,5135.75,5133.75,5135.50,1455
2022-01-04 11:44:00,5135.50,5137.25,5134.75,5137.00,2355
2022-01-04 11:45:00,5137.00,5138.25,5136.50,5137.75,3556
2022-01-04 11:46:00,5137.50,5140.25,5137.50,5140.00,4439
2022-01-04 11:47:00,5140.00,5140.75,5139.75,5140.50,3350
2022-01-04 11:48:00,5140.50,5141.25,5139.50,5139.50,2805
2022-01-04 11:49:00,5139.50,5140.75,5139.50,5140.00,2177
2022-01-04 11:50:00,5140.25,5140.50,5139.50,5139.75,1804
2022-01-04 11:51:00,5140.00,5140.50,5139.50,5139.50,1462
2022-01-04 11:52:00,5139.75,5139.75,5138.00,5138.75,2535
2022-01-04 11:53:00,5138.75,5139.50,5137.75,5138.25,2119
2022-01-04 11:54:00,5138.00,5140.50,5138.00,5140.00,1747
2022-01-04 11:55:00,5139.75,5140.25,5139.25,5139.75,1469
2022-01-04 11:56:00,5139.50,5139.75,5139.00,5139.75,1083
2022-01-04 11:57:00,5139.50,5139.75,5136.25,5137.25,3521
2022-01-04 11:58:00,5137.00,5137.75,5135.75,5135.75,2548
2022-01-04 11:59:00,5135.50,5136.50,5135.25,5136.00,1879
2022-01-04 12:00:00,5136.00,5136.50,5134.75,5135.25,1936
2022-01-04 12:01:00,5135.25,5137.25,5134.00,5134.25,2714
2022-01-04 12:02:00,5134.00,5135.00,5133.50,5134.50,2116
2022-01-04 12:03:00,5134.50,5134.75,5133.50,5134.00,1533
2022-01-04 12:04:00,5134.00,5135.00,5133.50,5134.50,1158
2022-01-04 12:05:00,5134.25,5135.00,5133.00,5133.75,1491
2022-01-04 12:06:00,5133.50,5134.00,5132.25,5133.50,1412
2022-01-04 12:07:00,5133.25,5135.00,5133.00,5134.75,1322
2022-01-04 12:08:00,5134.75,5135.75,5134.75,5135.50,1364
2022-01-04 12:09:00,5135.25,5135.50,5134.00,5134.25,1282
2022-01-04 12:10:00,5134.00,5135.25,5134.00,5135.00,1126
2022-01-04 12:11:00,5135.00,5137.25,5135.00,5137.00,1892
2022-01-04 12:12:00,5137.00,5138.50,5136.75,5138.00,1577
2022-01-04 12:13:00,5137.75,5138.00,5136.50,5137.50,1126
2022-01-04 12:14:00,5137.25,5138.50,5137.00,5138.25,902
2022-01-04 12:15:00,5138.00,5139.25,5137.75,5138.75,1005
2022-01-04 12:16:00,5138.75,5140.25,5138.75,5139.75,1629
2022-01-04 12:17:00,5139.75,5141.00,5139.75,5140.00,1625
2022-01-04 12:18:00,5140.00,5140.25,5139.00,5139.50,1339
2022-01-04 12:19:00,5139.25,5139.50,5138.50,5138.75,1172
2022-01-04 12:20:00,5138.75,5139.50,5138.00,5139.00,1843
2022-01-04 12:21:00,5139.00,5139.50,5138.50,5139.50,803
2022-01-04 12:22:00,5139.25,5139.50,5138.25,5139.25,1357
2022-01-04 12:23:00,5139.25,5139.25,5137.75,5138.25,1676
2022-01-04 12:24:00,5138.25,5139.00,5137.50,5137.50,1076
2022-01-04 12:25:00,5137.50,5138.25,5136.75,5137.50,1372
2022-01-04 12:26:00,5137.50,5138.75,5137.25,5137.75,1177
2022-01-04 12:27:00,5138.00,5138.25,5137.00,5137.50,784
2022-01-04 12:28:00,5137.50,5138.00,5137.00,5137.75,807
2022-01-04 12:29:00,5137.75,5138.00,5136.50,5136.75,1079
2022-01-04 12:30:00,5136.50,5136.50,5134.25,5135.00,4207
2022-01-04 12:31:00,5135.00,5135.50,5134.00,5134.75,1395
2022-01-04 12:32:00,5135.00,5136.75,5134.25,5134.50,1406
2022-01-04 12:33:00,5134.50,5135.25,5134.00,5134.75,990
2022-01-04 12:34:00,5135.00,5135.75,5134.50,5135.75,1066
2022-01-04 12:35:00,5135.75,5137.50,5135.75,5137.00,1812
2022-01-04 12:36:00,5137.00,5137.00,5135.75,5136.25,991
2022-01-04 12:37:00,5136.25,5137.50,5136.00,5137.00,784
2022-01-04 12:38:00,5137.00,5137.25,5136.00,5137.00,1050
2022-01-04 12:39:00,5137.00,5137.25,5135.50,5136.00,889
2022-01-04 12:40:00,5136.00,5136.25,5134.50,5134.50,1122
2022-01-04 12:41:00,5134.75,5135.75,5134.75,5135.50,967
2022-01-04 12:42:00,5135.25,5135.25,5134.50,5135.00,676
2022-01-04 12:43:00,5135.00,5135.00,5133.75,5134.75,1267
2022-01-04 12:44:00,5134.75,5134.75,5134.00,5134.00,728
2022-01-04 12:45:00,5134.25,5135.50,5133.75,5135.50,1310
2022-01-04 12:46:00,5135.50,5136.50,5134.75,5135.25,947
2022-01-04 12:47:00,5135.25,5135.75,5134.75,5134.75,764
2022-01-04 12:48:00,5134.75,5134.75,5131.50,5132.75,3270
2022-01-04 12:49:00,5132.75,5133.25,5132.25,5132.75,1349
2022-01-04 12:50:00,5133.00,5134.25,5132.50,5133.25,1546
2022-01-04 12:51:00,5133.25,5134.25,5133.00,5133.75,948
2022-01-04 12:52:00,5133.50,5133.75,5132.50,5132.50,944
2022-01-04 12:53:00,5132.25,5133.00,5131.00,5131.00,1500
2022-01-04 12:54:00,5131.00,5132.25,5130.50,5131.50,1805
2022-01-04 12:55:00,5131.50,5132.50,5130.75,5131.75,1199
2022-01-04 12:56:00,5131.50,5131.75,5129.75,5130.25,1609
2022-01-04 12:57:00,5130.00,5130.50,5128.75,5129.00,1504
2022-01-04 12:58:00,5129.00,5130.00,5128.25,5128.75,1457
2022-01-04 12:59:00,5128.75,5130.00,5128.75,5129.50,1205
2022-01-04 13:00:00,5129.25,5129.50,5127.25,5128.25,2217
2022-01-04 13:01:00,5128.25,5129.50,5128.25,5129.25,1764
2022-01-04 13:02:00,5129.25,5131.25,5129.00,5130.50,2599
2022-01-04 13:03:00,5130.25,5131.00,5130.25,5130.50,1277
2022-01-04 13:04:00,5130.50,5131.50,5130.50,5131.00,1062
2022-01-04 13:05:00,5130.75,5131.75,5130.50,5131.75,1025
2022-01-04 13:06:00,5131.50,5132.00,5131.25,5131.75,662
2022-01-04 13:07:00,5131.75,5132.75,5131.75,5132.25,1580
2022-01-04 13:08:00,5132.00,5134.50,5132.00,5133.50,2714
2022-01-04 13:09:00,5133.50,5133.75,5131.50,5132.00,1888
2022-01-04 13:10:00,5131.75,5132.50,5131.00,5131.75,1150
2022-01-04 13:11:00,5131.75,5132.00,5130.75,5131.25,855
2022-01-04 13:12:00,5131.25,5132.00,5130.75,5131.25,917
2022-01-04 13:13:00,5131.00,5131.50,5130.75,5131.25,687
2022-01-04 13:14:00,5131.00,5131.50,5130.00,5130.25,768
2022-01-04 13:15:00,5130.50,5131.50,5129.50,5129.50,1427
2022-01-04 13:16:00,5129.50,5129.75,5128.25,5128.50,1384
2022-01-04 13:17:00,5128.50,5129.50,5127.75,5129.25,1947
2022-01-04 13:18:00,5129.00,5129.25,5128.00,5128.25,1435
2022-01-04 13:19:00,5128.25,5128.75,5127.75,5128.50,1367
2022-01-04 13:20:00,5128.25,5129.25,5128.00,5129.25,979
2022-01-04 13:21:00,5129.00,5130.25,5128.25,5128.50,1799
2022-01-04 13:22:00,5128.25,5129.00,5128.00,5128.25,1265
2022-01-04 13:23:00,5128.25,5128.50,5127.25,5127.50,1807
2022-01-04 13:24:00,5127.75,5130.00,5127.75,5129.50,1703
2022-01-04 13:25:00,5129.50,5131.25,5128.50,5131.00,1526
2022-01-04 13:26:00,5131.00,5132.50,5130.75,5132.25,2320
2022-01-04 13:27:00,5132.00,5132.25,5130.25,5130.75,1267
2022-01-04 13:28:00,5130.50,5131.00,5129.75,5130.75,947
2022-01-04 13:29:00,5130.75,5130.75,5128.75,5129.00,1365
2022-01-04 13:30:00,5129.25,5129.50,5121.25,5122.00,7716
2022-01-04 13:31:00,5121.75,5125.75,5121.75,5125.00,4418
2022-01-04 13:32:00,5125.00,5126.75,5124.25,5124.25,2527
2022-01-04 13:33:00,5124.00,5125.00,5123.75,5124.50,1863
2022-01-04 13:34:00,5124.25,5124.50,5122.25,5122.25,2581
2022-01-04 13:35:00,5122.25,5123.75,5122.00,5123.00,2941
2022-01-04 13:36:00,5123.00,5123.25,5121.50,5121.75,2014
2022-01-04 13:37:00,5121.75,5123.50,5121.75,5123.00,2849
2022-01-04 13:38:00,5123.00,5124.75,5122.75,5124.00,1933
2022-01-04 13:39:00,5123.75,5126.50,5123.75,5125.25,3408
2022-01-04 13:40:00,5125.00,5125.25,5123.75,5124.75,1340
2022-01-04 13:41:00,5124.75,5124.75,5123.50,5124.25,1012
2022-01-04 13:42:00,5124.25,5125.50,5124.00,5125.00,968
2022-01-04 13:43:00,5125.00,5125.50,5124.00,5125.00,1001
2022-01-04 13:44:00,5124.75,5126.25,5124.25,5125.00,1964
2022-01-04 13:45:00,5125.00,5126.25,5124.50,5126.25,1364
2022-01-04 13:46:00,5126.00,5126.25,5125.00,5125.25,881
2022-01-04 13:47:00,5125.25,5125.75,5124.00,5124.25,1053
2022-01-04 13:48:00,5124.25,5125.25,5124.25,5124.50,712
2022-01-04 13:49:00,5124.75,5125.00,5124.25,5124.75,844
2022-01-04 13:50:00,5124.50,5124.50,5123.00,5123.50,1260
2022-01-04 13:51:00,5123.50,5123.75,5122.00,5122.75,2220
2022-01-04 13:52:00,5123.00,5123.00,5121.50,5122.75,2089
2022-01-04 13:53:00,5122.75,5122.75,5121.25,5121.50,1174
2022-01-04 13:54:00,5121.50,5122.00,5119.50,5121.25,3140
2022-01-04 13:55:00,5121.00,5121.50,5119.25,5119.25,2670
2022-01-04 13:56:00,5119.25,5120.25,5118.25,5118.25,2658
2022-01-04 13:57:00,5118.25,5120.00,5117.50,5118.75,3008
2022-01-04 13:58:00,5118.75,5120.25,5118.25,5119.00,1638
2022-01-04 13:59:00,5118.75,5119.25,5117.25,5118.50,4233
2022-01-04 14:00:00,5118.50,5121.50,5118.00,5121.50,4621
2022-01-04 14:01:00,5121.25,5122.00,5120.25,5121.50,1964
2022-01-04 14:02:00,5121.50,5123.75,5121.25,5123.25,3178
2022-01-04 14:03:00,5123.00,5124.00,5121.75,5122.00,2440
2022-01-04 14:04:00,5122.00,5124.25,5122.00,5124.00,1595
2022-01-04 14:05:00,5124.00,5124.75,5123.00,5124.25,2079
2022-01-04 14:06:00,5124.00,5124.25,5122.50,5123.00,1805
2022-01-04 14:07:00,5123.00,5124.00,5122.00,5122.75,1539
2022-01-04 14:08:00,5122.50,5123.25,5121.00,5121.50,1917
2022-01-04 14:09:00,5121.50,5122.00,5121.25,5121.75,1428
2022-01-04 14:10:00,5121.50,5123.50,5120.75,5123.25,2635
2022-01-04 14:11:00,5123.00,5123.75,5122.50,5123.75,2450
2022-01-04 14:12:00,5123.75,5124.75,5123.25,5124.50,2352
2022-01-04 14:13:00,5124.25,5124.50,5123.50,5123.75,1141
2022-01-04 14:14:00,5123.50,5125.75,5123.50,5125.75,1683
2022-01-04 14:15:00,5125.50,5126.25,5124.50,5126.00,2369
2022-01-04 14:16:00,5125.75,5127.50,5125.75,5127.00,2462
2022-01-04 14:17:00,5126.75,5127.50,5126.50,5127.00,1451
2022-01-04 14:18:00,5126.75,5127.75,5126.75,5127.00,1274
2022-01-04 14:19:00,5127.00,5127.00,5126.00,5126.75,1520
2022-01-04 14:20:00,5126.50,5127.50,5126.25,5127.50,1015
2022-01-04 14:21:00,5127.25,5127.50,5125.25,5126.00,1563
2022-01-04 14:22:00,5125.75,5126.25,5125.00,5125.00,912
2022-01-04 14:23:00,5124.75,5125.75,5124.75,5125.00,970
2022-01-04 14:24:00,5125.00,5125.25,5124.50,5124.50,1198
2022-01-04 14:25:00,5124.50,5126.50,5124.25,5126.50,1303
2022-01-04 14:26:00,5126.25,5127.50,5125.75,5127.25,1342
2022-01-04 14:27:00,5127.25,5127.25,5125.75,5126.25,1062
2022-01-04 14:28:00,5126.00,5126.50,5124.75,5125.25,1173
2022-01-04 14:29:00,5125.50,5126.75,5125.25,5126.50,918
2022-01-04 14:30:00,5126.50,5130.25,5126.25,5129.00,4369
2022-01-04 14:31:00,5128.75,5131.25,5128.50,5130.75,3369
2022-01-04 14:32:00,5130.75,5133.50,5130.00,5132.25,4317
2022-01-04 14:33:00,5132.25,5133.50,5131.75,5132.00,2347
2022-01-04 14:34:00,5132.00,5132.25,5129.75,5130.75,2459
2022-01-04 14:35:00,5131.00,5131.25,5130.50,5131.00,947
2022-01-04 14:36:00,5130.75,5131.25,5129.75,5131.00,1114
2022-01-04 14:37:00,5130.50,5131.00,5130.00,5130.75,915
2022-01-04 14:38:00,5130.50,5130.75,5129.50,5129.50,1358
2022-01-04 14:39:00,5129.75,5130.50,5129.50,5130.00,1228
2022-01-04 14:40:00,5130.00,5132.50,5129.75,5132.25,1270
2022-01-04 14:41:00,5132.25,5134.25,5132.00,5133.00,2310
2022-01-04 14:42:00,5133.00,5133.50,5132.00,5132.25,1530
2022-01-04 14:43:00,5132.50,5134.00,5132.50,5133.50,1267
2022-01-04 14:44:00,5133.50,5134.50,5133.25,5134.25,990
2022-01-04 14:45:00,5134.25,5134.50,5133.50,5134.50,1407
2022-01-04 14:46:00,5134.50,5136.00,5134.25,5135.50,1787
2022-01-04 14:47:00,5135.50,5135.75,5133.75,5134.25,2595
2022-01-04 14:48:00,5134.25,5134.25,5132.75,5133.75,2005
2022-01-04 14:49:00,5133.50,5135.25,5133.25,5134.75,1425
2022-01-04 14:50:00,5135.00,5136.75,5134.75,5136.25,2720
2022-01-04 14:51:00,5136.25,5136.50,5134.25,5134.25,1741
2022-01-04 14:52:00,5134.25,5135.75,5134.00,5135.75,1196
2022-01-04 14:53:00,5135.75,5135.75,5135.25,5135.50,1453
2022-01-04 14:54:00,5135.75,5136.00,5134.75,5135.50,860
2022-01-04 14:55:00,5135.75,5136.00,5135.00,5135.75,1298
2022-01-04 14:56:00,5135.75,5135.75,5134.25,5134.50,1588
2022-01-04 14:57:00,5134.75,5135.75,5134.25,5135.50,1455
2022-01-04 14:58:00,5135.75,5135.75,5134.25,5135.25,1008
2022-01-04 14:59:00,5135.25,5135.75,5134.75,5135.25,1228
2022-01-04 15:00:00,5135.25,5136.50,5134.75,5136.25,1785
2022-01-04 15:01:00,5136.50,5137.25,5136.00,5137.25,1818
2022-01-04 15:02:00,5137.25,5137.50,5136.50,5137.50,1255
2022-01-04 15:03:00,5137.50,5138.25,5136.75,5138.00,1446
2022-01-04 15:04:00,5138.00,5138.25,5137.25,5137.75,1574
2022-01-04 15:05:00,5138.00,5138.00,5136.75,5137.00,1502
2022-01-04 15:06:00,5137.25,5138.00,5137.00,5137.50,1293
2022-01-04 15:07:00,5137.75,5138.50,5137.50,5138.25,808
2022-01-04 15:08:00,5138.25,5138.75,5137.75,5137.75,1522
2022-01-04 15:09:00,5138.00,5138.25,5137.00,5138.25,1837
2022-01-04 15:10:00,5138.50,5140.00,5138.25,5139.50,2703
2022-01-04 15:11:00,5139.50,5140.75,5139.25,5140.00,3159
2022-01-04 15:12:00,5140.00,5140.75,5139.25,5140.00,2207
2022-01-04 15:13:00,5140.00,5140.25,5139.00,5140.00,1623
2022-01-04 15:14:00,5140.25,5140.50,5139.75,5140.00,1350
2022-01-04 15:15:00,5140.00,5141.25,5140.00,5140.50,4139
2022-01-04 15:16:00,5140.75,5140.75,5138.50,5139.00,3714
2022-01-04 15:17:00,5139.25,5141.00,5139.00,5140.00,2631
2022-01-04 15:18:00,5140.00,5141.00,5139.50,5139.50,1658
2022-01-04 15:19:00,5139.75,5140.25,5139.25,5140.00,1306
2022-01-04 15:20:00,5140.25,5144.25,5140.00,5143.25,6114
2022-01-04 15:21:00,5143.00,5143.50,5141.00,5141.50,2524
2022-01-04 15:22:00,5141.75,5143.50,5141.50,5142.50,1524
2022-01-04 15:23:00,5142.75,5142.75,5141.50,5141.75,3428
2022-01-04 15:24:00,5142.00,5142.50,5141.25,5142.25,1666
2022-01-04 15:25:00,5142.50,5143.50,5141.75,5141.75,2052
2022-01-04 15:26:00,5141.50,5141.75,5141.00,5141.50,1469
2022-01-04 15:27:00,5141.25,5142.75,5141.25,5142.50,1691
2022-01-04 15:28:00,5142.25,5143.25,5141.75,5143.25,2365
2022-01-04 15:29:00,5143.25,5144.50,5143.00,5143.75,2838
2022-01-04 15:30:00,5143.75,5144.00,5141.75,5141.75,1985
2022-01-04 15:31:00,5141.75,5142.25,5140.25,5140.50,3290
2022-01-04 15:32:00,5140.50,5141.75,5140.25,5141.00,2334
2022-01-04 15:33:00,5141.00,5143.25,5140.75,5143.00,2970
2022-01-04 15:34:00,5143.00,5143.50,5141.25,5141.50,2395
2022-01-04 15:35:00,5141.25,5143.25,5140.75,5143.00,2430
2022-01-04 15:36:00,5143.00,5143.00,5141.25,5141.75,1808
2022-01-04 15:37:00,5141.75,5142.00,5140.75,5142.00,1598
2022-01-04 15:38:00,5142.00,5142.50,5140.75,5142.00,1638
2022-01-04 15:39:00,5142.00,5143.50,5141.50,5142.00,4020
2022-01-04 15:40:00,5142.00,5144.00,5141.50,5143.50,3794
2022-01-04 15:41:00,5143.50,5143.75,5141.25,5142.00,2915
2022-01-04 15:42:00,5142.00,5144.50,5141.75,5143.25,2460
2022-01-04 15:43:00,5143.25,5146.00,5142.75,5144.25,5141
2022-01-04 15:44:00,5144.00,5145.25,5143.25,5144.75,2391
2022-01-04 15:45:00,5145.00,5146.50,5144.25,5146.00,3381
2022-01-04 15:46:00,5146.00,5146.75,5144.25,5146.50,3752
2022-01-04 15:47:00,5146.50,5147.00,5145.00,5145.75,3459
2022-01-04 15:48:00,5145.75,5147.25,5145.75,5146.50,2461
2022-01-04 15:49:00,5146.50,5147.75,5145.50,5147.25,4478
2022-01-04 15:50:00,5147.00,5151.00,5146.00,5150.50,10338
2022-01-04 15:51:00,5150.25,5150.50,5146.75,5147.75,5288
2022-01-04 15:52:00,5147.50,5147.50,5145.50,5146.00,4792
2022-01-04 15:53:00,5146.25,5147.75,5145.00,5147.50,4023
2022-01-04 15:54:00,5147.25,5148.25,5142.25,5142.75,8345
2022-01-04 15:55:00,5142.75,5143.00,5139.00,5140.00,12852
2022-01-04 15:56:00,5140.00,5141.25,5139.25,5139.75,6567
2022-01-04 15:57:00,5140.00,5141.50,5138.50,5140.25,7501
2022-01-04 15:58:00,5140.25,5141.25,5139.25,5140.25,7147
2022-01-04 15:59:00,5140.00,5141.75,5135.50,5136.50,37648
2022-01-04 16:00:00,5136.25,5137.75,5135.25,5135.50,13327
2022-01-04 16:01:00,5135.75,5138.00,5135.50,5135.75,3952
2022-01-04 16:02:00,5135.75,5136.50,5135.00,5135.25,3172
2022-01-04 16:03:00,5135.50,5136.00,5135.00,5135.50,1495
2022-01-04 16:04:00,5135.75,5136.00,5134.25,5135.50,1801
2022-01-04 16:05:00,5135.75,5135.75,5134.50,5134.75,1506
2022-01-04 16:06:00,5135.00,5135.50,5134.75,5135.25,665
2022-01-04 16:07:00,5135.50,5136.25,5135.50,5136.00,927
2022-01-04 16:08:00,5136.25,5137.25,5136.00,5136.00,1010
2022-01-04 16:09:00,5136.25,5136.50,5135.75,5136.00,609
2022-01-04 16:10:00,5136.00,5136.00,5135.00,5135.25,946
2022-01-04 16:11:00,5135.50,5135.50,5134.25,5134.25,1306
2022-01-04 16:12:00,5134.25,5136.00,5133.75,5135.75,1286
2022-01-04 16:13:00,5135.75,5136.00,5135.00,5135.75,457
2022-01-04 16:14:00,5135.50,5135.75,5134.25,5134.50,810
2022-01-04 16:15:00,5134.75,5135.25,5133.75,5134.50,904
2022-01-04 16:16:00,5134.50,5135.50,5134.50,5134.75,411
2022-01-04 16:17:00,5135.00,5135.75,5134.75,5135.75,294
2022-01-04 16:18:00,5135.50,5136.00,5135.25,5135.25,343
2022-01-04 16:19:00,5135.25,5136.50,5135.25,5136.25,226
2022-01-04 16:20:00,5136.25,5137.25,5136.25,5136.75,614
2022-01-04 16:21:00,5136.75,5137.25,5136.25,5136.75,486
2022-01-04 16:22:00,5136.75,5136.75,5136.25,5136.75,212
2022-01-04 16:23:00,5136.75,5137.00,5136.50,5136.50,101
2022-01-04 16:24:00,5136.50,5137.00,5136.50,5136.75,202
2022-01-04 16:25:00,5136.75,5137.25,5136.50,5136.75,81
2022-01-04 16:26:00,5137.00,5137.00,5135.00,5135.50,681
2022-01-04 16:27:00,5135.50,5135.75,5135.25,5135.75,123
2022-01-04 16:28:00,5135.75,5136.00,5135.50,5135.50,190
2022-01-04 16:29:00,5135.50,5136.00,5135.50,5135.50,250
2022-01-04 16:30:00,5135.50,5135.75,5135.25,5135.75,300
2022-01-04 16:31:00,5135.50,5136.00,5135.50,5135.75,164
2022-01-04 16:32:00,5135.75,5135.75,5135.25,5135.50,156
2022-01-04 16:33:00,5135.50,5135.50,5134.25,5134.50,225
2022-01-04 16:34:00,5134.25,5134.75,5134.00,5134.75,139
2022-01-04 16:35:00,5134.50,5135.50,5134.50,5135.50,220
2022-01-04 16:36:00,5135.75,5135.75,5135.25,5135.25,60
2022-01-04 16:37:00,5135.25,5135.25,5135.00,5135.25,55
2022-01-04 16:38:00,5135.00,5135.25,5135.00,5135.25,17
2022-01-04 16:39:00,5135.50,5135.50,5135.25,5135.50,70
2022-01-04 16:40:00,5135.50,5136.25,5135.50,5136.00,127
2022-01-04 16:41:00,5136.00,5136.25,5135.75,5136.00,169
2022-01-04 16:42:00,5136.25,5136.50,5136.00,5136.25,140
2022-01-04 16:43:00,5136.25,5136.50,5136.25,5136.25,19
2022-01-04 16:44:00,5136.25,5136.50,5136.00,5136.25,105
2022-01-04 16:45:00,5136.00,5136.25,5136.00,5136.00,50
2022-01-04 16:46:00,5136.00,5136.00,5135.75,5135.75,103
2022-01-04 16:47:00,5135.50,5135.75,5135.25,5135.25,108
2022-01-04 16:48:00,5135.25,5135.25,5135.00,5135.00,161
2022-01-04 16:49:00,5135.00,5135.75,5135.00,5135.50,192
2022-01-04 16:50:00,5135.75,5135.75,5135.50,5135.75,31
2022-01-04 16:51:00,5135.75,5135.75,5135.50,5135.50,34
2022-01-04 16:52:00,5135.50,5135.50,5135.25,5135.50,74
2022-01-04 16:53:00,5135.50,5135.50,5135.25,5135.25,44
2022-01-04 16:54:00,5135.25,5135.50,5135.25,5135.25,83
2022-01-04 16:55:00,5135.25,5135.75,5135.25,5135.50,95
2022-01-04 16:56:00,5135.50,5135.75,5135.00,5135.75,202
2022-01-04 16:57:00,5135.75,5136.00,5135.50,5135.50,103
2022-01-04 16:58:00,5135.50,5136.25,5135.50,5136.00,153
2022-01-04 16:59:00,5136.25,5136.75,5136.00,5136.50,115
2022-01-04 18:00:00,5136.25,5137.25,5135.25,5136.00,649
2022-01-04 18:01:00,5136.25,5136.75,5135.75,5136.50,99
2022-01-04 18:02:00,5136.25,5136.75,5136.25,5136.75,133
2022-01-04 18:03:00,5136.75,5137.25,5136.50,5136.75,181
2022-01-04 18:04:00,5136.75,5137.00,5135.75,5135.75,106
2022-01-04 18:05:00,5136.00,5136.50,5135.75,5136.50,38
2022-01-04 18:06:00,5136.25,5136.75,5135.50,5135.75,140
2022-01-04 18:07:00,5135.50,5136.00,5135.50,5136.00,50
2022-01-04 18:08:00,5136.00,5136.00,5134.25,5134.25,187
2022-01-04 18:09:00,5134.50,5134.75,5134.25,5134.25,75
2022-01-04 18:10:00,5134.50,5135.50,5134.50,5135.50,198
2022-01-04 18:11:00,5135.50,5135.75,5134.50,5134.50,69
2022-01-04 18:12:00,5134.50,5135.00,5134.50,5134.75,39
2022-01-04 18:13:00,5134.75,5135.50,5134.75,5135.25,52
2022-01-04 18:14:00,5135.25,5135.25,5134.75,5134.75,30
2022-01-04 18:15:00,5135.00,5135.00,5134.25,5134.25,123
2022-01-04 18:16:00,5134.00,5134.00,5133.25,5133.25,427
2022-01-04 18:17:00,5133.25,5134.00,5133.25,5134.00,86
2022-01-04 18:18:00,5134.00,5134.00,5133.25,5133.25,101
2022-01-04 18:19:00,5133.25,5133.25,5132.25,5132.50,245
2022-01-04 18:20:00,5132.75,5133.25,5131.75,5132.25,250
2022-01-04 18:21:00,5132.50,5132.50,5131.75,5132.50,65
2022-01-04 18:22:00,5132.50,5132.50,5132.00,5132.25,60
2022-01-04 18:23:00,5132.25,5132.25,5131.00,5131.75,179
2022-01-04 18:24:00,5132.00,5132.00,5131.00,5131.50,144
2022-01-04 18:25:00,5131.75,5131.75,5131.25,5131.50,114
2022-01-04 18:26:00,5131.50,5132.25,5131.00,5132.00,131
2022-01-04 18:27:00,5132.25,5133.75,5132.25,5132.75,368
2022-01-04 18:28:00,5132.50,5133.00,5132.50,5132.75,52
2022-01-04 18:29:00,5132.50,5132.75,5132.00,5132.50,64
2022-01-04 18:30:00,5132.50,5132.50,5131.25,5131.50,170
2022-01-04 18:31:00,5131.50,5131.75,5131.00,5131.75,76
2022-01-04 18:32:00,5131.75,5132.25,5131.25,5131.50,104
2022-01-04 18:33:00,5131.25,5132.00,5130.75,5131.50,262
2022-01-04 18:34:00,5131.50,5132.25,5131.25,5131.75,104
2022-01-04 18:35:00,5131.75,5132.00,5131.25,5131.50,108
2022-01-04 18:36:00,5131.50,5132.00,5131.50,5132.00,79
2022-01-04 18:37:00,5132.00,5132.50,5132.00,5132.00,63
2022-01-04 18:38:00,5132.25,5132.50,5132.00,5132.25,75
2022-01-04 18:39:00,5132.25,5132.50,5131.75,5132.00,40
2022-01-04 18:40:00,5131.75,5132.25,5131.50,5132.25,70
2022-01-04 18:41:00,5132.25,5132.50,5131.50,5132.00,169
2022-01-04 18:42:00,5132.00,5132.00,5132.00,5132.00,35
2022-01-04 18:43:00,5131.75,5132.00,5130.75,5131.00,85
2022-01-04 18:44:00,5131.25,5131.50,5131.00,5131.25,64
2022-01-04 18:45:00,5131.50,5131.50,5130.75,5131.25,167
2022-01-04 18:46:00,5131.00,5131.25,5130.25,5130.75,262
2022-01-04 18:47:00,5131.00,5131.25,5130.25,5131.25,147
2022-01-04 18:48:00,5131.00,5131.00,5130.25,5130.75,84
2022-01-04 18:49:00,5130.50,5130.75,5129.75,5130.25,145
2022-01-04 18:50:00,5130.25,5130.75,5130.00,5130.75,78
2022-01-04 18:51:00,5130.75,5131.00,5130.50,5131.00,43
2022-01-04 18:52:00,5131.25,5131.50,5131.25,5131.25,107
2022-01-04 18:53:00,5131.25,5131.25,5130.75,5130.75,76
2022-01-04 18:54:00,5130.75,5131.00,5130.75,5131.00,79
2022-01-04 18:55:00,5131.00,5131.50,5131.00,5131.50,56
2022-01-04 18:56:00,5131.25,5131.25,5130.50,5130.75,46
2022-01-04 18:57:00,5130.75,5131.00,5130.50,5130.50,131
2022-01-04 18:58:00,5130.75,5131.25,5130.25,5131.25,140
2022-01-04 18:59:00,5131.25,5131.50,5131.00,5131.00,81
2022-01-04 19:00:00,5131.00,5131.00,5129.75,5130.50,318
2022-01-04 19:01:00,5130.50,5132.00,5130.25,5130.75,371
2022-01-04 19:02:00,5131.00,5131.25,5128.50,5129.00,447
2022-01-04 19:03:00,5129.00,5130.00,5128.50,5129.75,220
2022-01-04 19:04:00,5129.50,5129.75,5129.00,5129.50,62
2022-01-04 19:05:00,5129.75,5130.00,5129.25,5130.00,120
2022-01-04 19:06:00,5129.75,5129.75,5128.75,5128.75,148
2022-01-04 19:07:00,5128.75,5128.75,5128.00,5128.25,253
2022-01-04 19:08:00,5128.25,5128.75,5128.00,5128.75,197
2022-01-04 19:09:00,5129.00,5129.50,5128.75,5129.00,188
2022-01-04 19:10:00,5129.25,5129.50,5128.50,5128.75,97
2022-01-04 19:11:00,5128.75,5129.50,5128.75,5129.00,196
2022-01-04 19:12:00,5129.00,5129.75,5129.00,5129.50,77
2022-01-04 19:13:00,5129.50,5130.00,5129.50,5129.50,146
2022-01-04 19:14:00,5129.50,5130.00,5129.50,5129.50,153
2022-01-04 19:15:00,5129.75,5130.25,5129.25,5130.00,125
2022-01-04 19:16:00,5130.00,5130.00,5129.50,5129.50,71
2022-01-04 19:17:00,5129.50,5130.00,5129.25,5129.75,76
2022-01-04 19:18:00,5129.75,5129.75,5128.25,5128.75,218
2022-01-04 19:19:00,5128.75,5128.75,5128.00,5128.00,130
2022-01-04 19:20:00,5128.00,5128.75,5127.50,5128.75,403
2022-01-04 19:21:00,5128.50,5129.00,5128.50,5129.00,75
2022-01-04 19:22:00,5129.00,5130.00,5129.00,5129.75,131
2022-01-04 19:23:00,5130.00,5130.00,5129.25,5129.50,123
2022-01-04 19:24:00,5129.50,5130.00,5129.25,5129.75,76
2022-01-04 19:25:00,5129.75,5129.75,5129.25,5129.25,28
2022-01-04 19:26:00,5129.25,5129.50,5129.00,5129.25,99
2022-01-04 19:27:00,5129.25,5129.50,5129.00,5129.00,41
2022-01-04 19:28:00,5129.25,5129.25,5129.00,5129.00,17
2022-01-04 19:29:00,5128.75,5129.25,5128.75,5129.00,95
2022-01-04 19:30:00,5129.00,5129.00,5127.75,5128.00,314
2022-01-04 19:31:00,5128.00,5128.25,5127.25,5127.75,188
2022-01-04 19:32:00,5127.75,5128.50,5127.25,5128.50,226
2022-01-04 19:33:00,5128.50,5128.50,5128.00,5128.25,63
2022-01-04 19:34:00,5128.25,5128.75,5128.25,5128.50,42
2022-01-04 19:35:00,5128.50,5129.50,5128.50,5129.25,194
2022-01-04 19:36:00,5129.00,5129.00,5127.25,5127.25,253
2022-01-04 19:37:00,5127.50,5127.75,5127.00,5127.50,186
2022-01-04 19:38:00,5127.25,5128.50,5127.00,5128.00,287
2022-01-04 19:39:00,5128.00,5128.25,5127.75,5127.75,36
2022-01-04 19:40:00,5128.00,5128.50,5128.00,5128.50,60
2022-01-04 19:41:00,5128.50,5128.75,5128.25,5128.75,69
2022-01-04 19:42:00,5128.75,5128.75,5127.75,5128.00,144
2022-01-04 19:43:00,5128.00,5128.25,5127.50,5128.25,101
2022-01-04 19:44:00,5128.25,5128.50,5128.00,5128.50,37
2022-01-04 19:45:00,5128.50,5128.50,5127.75,5128.00,58
2022-01-04 19:46:00,5128.00,5129.00,5128.00,5128.50,101
2022-01-04 19:47:00,5128.25,5128.50,5127.75,5128.00,109
2022-01-04 19:48:00,5128.25,5128.25,5127.75,5128.25,20
2022-01-04 19:49:00,5128.25,5128.75,5128.00,5128.50,92
2022-01-04 19:50:00,5128.50,5129.00,5128.25,5129.00,82
2022-01-04 19:51:00,5129.00,5129.75,5128.75,5129.00,203
2022-01-04 19:52:00,5129.00,5129.00,5128.25,5128.50,91
2022-01-04 19:53:00,5128.50,5129.25,5128.00,5129.25,99
2022-01-04 19:54:00,5129.25,5129.75,5129.25,5129.25,109
2022-01-04 19:55:00,5129.25,5129.50,5129.25,5129.50,40
2022-01-04 19:56:00,5129.50,5129.75,5129.25,5129.50,69
2022-01-04 19:57:00,5129.50,5129.75,5129.25,5129.50,41
2022-01-04 19:58:00,5129.25,5129.75,5129.25,5129.50,28
2022-01-04 19:59:00,5129.75,5129.75,5129.50,5129.50,100
2022-01-04 20:00:00,5129.75,5130.50,5129.50,5130.00,227
2022-01-04 20:01:00,5130.00,5130.00,5129.25,5129.25,141
2022-01-04 20:02:00,5129.25,5129.75,5129.25,5129.50,74
2022-01-04 20:03:00,5129.50,5129.50,5129.25,5129.50,47
2022-01-04 20:04:00,5129.50,5130.00,5129.50,5129.75,76
2022-01-04 20:05:00,5129.75,5130.00,5129.50,5130.00,69
2022-01-04 20:06:00,5130.00,5130.25,5129.75,5129.75,124
2022-01-04 20:07:00,5129.75,5129.75,5129.50,5129.75,83
2022-01-04 20:08:00,5129.50,5129.50,5129.00,5129.25,93
2022-01-04 20:09:00,5129.00,5129.25,5129.00,5129.00,47
2022-01-04 20:10:00,5129.00,5129.00,5128.50,5128.75,143
2022-01-04 20:11:00,5128.50,5129.00,5128.25,5129.00,72
2022-01-04 20:12:00,5129.25,5129.75,5129.25,5129.75,78
2022-01-04 20:13:00,5129.75,5131.00,5129.75,5130.75,197
2022-01-04 20:14:00,5131.00,5131.25,5131.00,5131.25,172
2022-01-04 20:15:00,5131.25,5134.00,5131.00,5133.75,609
2022-01-04 20:16:00,5133.75,5133.75,5132.25,5133.25,333
2022-01-04 20:17:00,5133.00,5133.25,5132.50,5133.00,144
2022-01-04 20:18:00,5133.25,5133.25,5132.50,5133.00,133
2022-01-04 20:19:00,5133.00,5133.25,5132.75,5133.00,77
2022-01-04 20:20:00,5133.00,5133.00,5132.00,5132.00,143
2022-01-04 20:21:00,5131.75,5132.25,5131.50,5132.00,83
2022-01-04 20:22:00,5131.75,5132.50,5131.75,5132.25,74
2022-01-04 20:23:00,5132.50,5132.75,5132.50,5132.50,58
2022-01-04 20:24:00,5132.50,5133.00,5132.00,5132.50,95
2022-01-04 20:25:00,5132.50,5132.50,5131.75,5132.00,38
2022-01-04 20:26:00,5132.00,5132.00,5131.00,5131.00,111
2022-01-04 20:27:00,5131.00,5131.50,5131.00,5131.25,74
2022-01-04 20:28:00,5131.50,5131.75,5130.75,5131.00,98
2022-01-04 20:29:00,5131.00,5131.25,5130.75,5130.75,73
2022-01-04 20:30:00,5130.75,5130.75,5129.25,5129.75,384
2022-01-04 20:31:00,5129.75,5129.75,5126.00,5127.00,962
2022-01-04 20:32:00,5127.00,5127.75,5126.50,5127.25,296
2022-01-04 20:33:00,5127.50,5128.50,5127.50,5128.00,165
2022-01-04 20:34:00,5128.00,5128.00,5127.25,5127.50,68
2022-01-04 20:35:00,5127.50,5127.75,5126.25,5126.25,202
2022-01-04 20:36:00,5126.50,5128.00,5125.50,5127.50,555
2022-01-04 20:37:00,5127.50,5127.50,5126.75,5127.00,102
2022-01-04 20:38:00,5127.00,5127.00,5125.75,5126.75,195
2022-01-04 20:39:00,5126.75,5126.75,5126.00,5126.50,292
2022-01-04 20:40:00,5126.25,5126.25,5125.50,5125.50,185
2022-01-04 20:41:00,5125.25,5126.25,5125.00,5126.00,237
2022-01-04 20:42:00,5125.75,5127.00,5125.75,5127.00,198
2022-01-04 20:43:00,5126.75,5127.00,5126.00,5126.25,130
2022-01-04 20:44:00,5126.25,5126.25,5125.75,5125.75,241
2022-01-04 20:45:00,5125.75,5126.00,5124.25,5125.00,654
2022-01-04 20:46:00,5125.00,5125.25,5124.50,5124.50,114
2022-01-04 20:47:00,5124.75,5124.75,5124.00,5124.75,228
2022-01-04 20:48:00,5124.50,5124.50,5123.50,5123.50,214
2022-01-04 20:49:00,5123.50,5124.25,5122.25,5123.75,787
2022-01-04 20:50:00,5124.00,5125.00,5123.50,5125.00,256
2022-01-04 20:51:00,5124.75,5125.00,5124.50,5124.50,149
2022-01-04 20:52:00,5124.50,5125.25,5124.50,5125.25,172
2022-01-04 20:53:00,5125.00,5125.25,5124.50,5125.00,130
2022-01-04 20:54:00,5125.00,5125.75,5124.25,5125.00,286
2022-01-04 20:55:00,5124.75,5125.25,5124.75,5125.00,92
2022-01-04 20:56:00,5125.00,5125.25,5124.50,5125.00,84
2022-01-04 20:57:00,5125.00,5125.50,5124.75,5125.25,122
2022-01-04 20:58:00,5125.25,5125.50,5125.25,5125.25,54
2022-01-04 20:59:00,5125.25,5125.25,5124.75,5125.00,91
2022-01-04 21:00:00,5125.00,5125.75,5124.75,5125.75,166
2022-01-04 21:01:00,5125.75,5126.00,5125.75,5126.00,132
2022-01-04 21:02:00,5126.00,5126.75,5126.00,5126.25,192
2022-01-04 21:03:00,5126.25,5126.25,5125.75,5126.00,138
2022-01-04 21:04:00,5125.75,5125.75,5124.75,5124.75,193
2022-01-04 21:05:00,5124.75,5125.00,5124.50,5124.75,142
2022-01-04 21:06:00,5124.50,5124.75,5124.25,5124.25,76
2022-01-04 21:07:00,5124.25,5124.50,5124.00,5124.00,155
2022-01-04 21:08:00,5124.00,5124.50,5124.00,5124.50,161
2022-01-04 21:09:00,5124.25,5124.75,5124.25,5124.50,40
2022-01-04 21:10:00,5124.50,5125.50,5124.50,5125.50,168
2022-01-04 21:11:00,5125.25,5126.00,5125.25,5125.75,85
2022-01-04 21:12:00,5126.00,5126.50,5125.25,5126.25,302
2022-01-04 21:13:00,5126.25,5126.75,5126.25,5126.25,92
2022-01-04 21:14:00,5126.25,5126.25,5125.75,5125.75,61
2022-01-04 21:15:00,5125.75,5127.25,5125.75,5127.00,155
2022-01-04 21:16:00,5126.75,5127.00,5126.50,5127.00,108
2022-01-04 21:17:00,5126.75,5128.00,5126.50,5127.25,393
2022-01-04 21:18:00,5127.25,5127.50,5126.50,5126.75,156
2022-01-04 21:19:00,5127.00,5127.25,5126.75,5127.25,105
2022-01-04 21:20:00,5127.25,5127.25,5126.50,5126.50,74
2022-01-04 21:21:00,5126.50,5127.00,5126.50,5126.75,42
2022-01-04 21:22:00,5127.00,5127.00,5126.25,5126.50,59
2022-01-04 21:23:00,5126.50,5127.00,5126.25,5127.00,51
2022-01-04 21:24:00,5126.75,5126.75,5126.00,5126.50,142
2022-01-04 21:25:00,5126.50,5127.00,5126.50,5127.00,67
2022-01-04 21:26:00,5126.75,5127.00,5126.00,5126.25,186
2022-01-04 21:27:00,5126.25,5126.25,5125.50,5125.75,174
2022-01-04 21:28:00,5125.75,5125.75,5125.50,5125.50,134
2022-01-04 21:29:00,5125.75,5125.75,5125.25,5125.25,74
2022-01-04 21:30:00,5125.25,5125.50,5124.25,5124.50,182
2022-01-04 21:31:00,5124.50,5125.75,5124.50,5125.50,114
2022-01-04 21:32:00,5125.75,5125.75,5125.25,5125.75,240
2022-01-04 21:33:00,5125.75,5126.75,5125.75,5126.50,345
2022-01-04 21:34:00,5126.50,5126.50,5125.75,5125.75,105
2022-01-04 21:35:00,5126.00,5126.25,5125.75,5125.75,39
2022-01-04 21:36:00,5125.75,5125.75,5125.25,5125.75,90
2022-01-04 21:37:00,5125.75,5125.75,5125.25,5125.25,32
2022-01-04 21:38:00,5125.25,5125.50,5125.00,5125.50,51
2022-01-04 21:39:00,5125.25,5125.25,5124.75,5125.00,89
2022-01-04 21:40:00,5125.00,5125.00,5124.00,5124.00,131
2022-01-04 21:41:00,5124.25,5124.75,5124.00,5124.50,97
2022-01-04 21:42:00,5124.50,5125.00,5124.50,5124.50,107
2022-01-04 21:43:00,5124.75,5125.00,5124.50,5124.50,73
2022-01-04 21:44:00,5124.50,5124.50,5124.25,5124.50,35
2022-01-04 21:45:00,5124.50,5124.75,5124.25,5124.50,71
2022-01-04 21:46:00,5124.50,5124.75,5124.25,5124.50,45
2022-01-04 21:47:00,5124.50,5125.25,5124.50,5125.00,28
2022-01-04 21:48:00,5125.25,5125.75,5124.75,5125.00,258
2022-01-04 21:49:00,5125.00,5125.25,5124.75,5125.00,24
2022-01-04 21:50:00,5125.25,5125.75,5125.00,5125.75,73
2022-01-04 21:51:00,5125.50,5126.00,5125.50,5125.50,127
2022-01-04 21:52:00,5125.75,5126.00,5125.50,5125.75,106
2022-01-04 21:53:00,5125.75,5126.00,5125.25,5125.25,191
2022-01-04 21:54:00,5125.25,5125.25,5125.25,5125.25,35
2022-01-04 21:55:00,5125.25,5125.75,5125.25,5125.50,81
2022-01-04 21:56:00,5125.75,5127.00,5125.50,5126.50,257
2022-01-04 21:57:00,5126.50,5126.75,5126.50,5126.50,206
2022-01-04 21:58:00,5126.50,5126.75,5126.00,5126.25,125
2022-01-04 21:59:00,5126.50,5126.50,5126.25,5126.50,66
2022-01-04 22:00:00,5126.50,5127.50,5126.50,5126.75,269
2022-01-04 22:01:00,5126.75,5127.00,5126.50,5126.50,65
2022-01-04 22:02:00,5126.75,5126.75,5126.00,5126.00,133
2022-01-04 22:03:00,5126.25,5126.75,5126.25,5126.50,100
2022-01-04 22:04:00,5126.50,5126.50,5126.25,5126.50,33
2022-01-04 22:05:00,5126.50,5127.50,5126.50,5127.00,194
2022-01-04 22:06:00,5126.75,5127.00,5126.50,5126.75,72
2022-01-04 22:07:00,5127.00,5127.00,5126.50,5126.50,71
2022-01-04 22:08:00,5126.75,5126.75,5126.50,5126.50,52
2022-01-04 22:09:00,5126.50,5126.50,5126.25,5126.50,111
2022-01-04 22:10:00,5126.75,5126.75,5126.25,5126.25,28
2022-01-04 22:11:00,5126.25,5126.50,5125.75,5125.75,78
2022-01-04 22:12:00,5125.75,5126.00,5125.25,5125.50,72
2022-01-04 22:13:00,5125.50,5125.50,5125.00,5125.00,36
2022-01-04 22:14:00,5125.25,5125.25,5124.75,5125.00,48
2022-01-04 22:15:00,5124.75,5124.75,5124.00,5124.75,182
2022-01-04 22:16:00,5124.75,5124.75,5124.50,5124.75,49
2022-01-04 22:17:00,5124.75,5125.00,5124.50,5124.75,63
2022-01-04 22:18:00,5124.75,5124.75,5124.25,5124.25,59
2022-01-04 22:19:00,5124.25,5124.75,5124.00,5124.50,42
2022-01-04 22:20:00,5124.25,5124.75,5124.00,5124.50,51
2022-01-04 22:21:00,5124.50,5125.50,5124.50,5125.50,62
2022-01-04 22:22:00,5125.50,5125.50,5125.25,5125.25,41
2022-01-04 22:23:00,5125.25,5125.50,5125.00,5125.25,61
2022-01-04 22:24:00,5125.00,5125.25,5125.00,5125.00,19
2022-01-04 22:25:00,5125.00,5125.00,5124.50,5124.50,81
2022-01-04 22:26:00,5124.75,5125.25,5124.50,5125.25,54
2022-01-04 22:27:00,5125.25,5125.25,5124.75,5124.75,85
2022-01-04 22:28:00,5124.50,5125.25,5124.50,5125.00,50
2022-01-04 22:29:00,5125.00,5125.25,5125.00,5125.25,78
2022-01-04 22:30:00,5125.00,5125.75,5125.00,5125.50,96
2022-01-04 22:31:00,5125.50,5125.50,5125.00,5125.25,43
2022-01-04 22:32:00,5125.00,5125.00,5124.25,5125.00,148
2022-01-04 22:33:00,5125.00,5125.25,5125.00,5125.00,62
2022-01-04 22:34:00,5125.25,5125.25,5125.25,5125.25,20
2022-01-04 22:35:00,5125.25,5126.50,5125.25,5126.00,147
2022-01-04 22:36:00,5125.75,5126.50,5125.75,5126.00,99
2022-01-04 22:37:00,5126.00,5126.25,5125.75,5126.25,19
2022-01-04 22:38:00,5126.00,5126.00,5125.75,5125.75,31
2022-01-04 22:39:00,5125.75,5126.50,5125.75,5126.25,48
2022-01-04 22:40:00,5126.25,5126.25,5126.00,5126.25,28
2022-01-04 22:41:00,5126.25,5126.25,5126.00,5126.25,51
2022-01-04 22:42:00,5126.00,5126.25,5126.00,5126.25,21
2022-01-04 22:43:00,5126.25,5126.25,5126.00,5126.00,34
2022-01-04 22:44:00,5126.25,5126.25,5126.25,5126.25,36
2022-01-04 22:45:00,5126.50,5126.50,5126.25,5126.50,11
2022-01-04 22:46:00,5126.25,5126.25,5125.75,5126.00,66
2022-01-04 22:47:00,5126.00,5126.25,5125.50,5125.50,70
2022-01-04 22:48:00,5125.75,5125.75,5125.50,5125.50,51
2022-01-04 22:49:00,5125.50,5125.50,5125.00,5125.25,147
2022-01-04 22:50:00,5125.25,5125.75,5125.25,5125.50,89
2022-01-04 22:51:00,5125.50,5125.50,5125.25,5125.50,54
2022-01-04 22:52:00,5125.50,5125.50,5125.50,5125.50,21
2022-01-04 22:53:00,5125.50,5126.25,5125.50,5126.00,162
2022-01-04 22:54:00,5126.00,5126.25,5126.00,5126.25,44
2022-01-04 22:55:00,5126.50,5126.50,5126.25,5126.50,43
2022-01-04 22:56:00,5126.50,5126.50,5126.00,5126.00,33
2022-01-04 22:57:00,5125.75,5126.00,5125.50,5126.00,33
2022-01-04 22:58:00,5126.00,5126.25,5126.00,5126.25,25
2022-01-04 22:59:00,5126.25,5127.00,5126.25,5126.50,187
2022-01-04 23:00:00,5126.50,5126.75,5126.50,5126.50,168
2022-01-04 23:01:00,5126.50,5126.75,5126.50,5126.50,27
2022-01-04 23:02:00,5126.50,5126.50,5126.25,5126.50,63
2022-01-04 23:03:00,5126.50,5127.00,5126.50,5127.00,63
2022-01-04 23:04:00,5127.00,5127.00,5126.75,5126.75,51
2022-01-04 23:05:00,5126.50,5126.50,5126.25,5126.25,29
2022-01-04 23:06:00,5126.25,5126.25,5126.00,5126.25,80
2022-01-04 23:07:00,5126.00,5126.25,5126.00,5126.00,35
2022-01-04 23:08:00,5125.75,5126.00,5125.75,5126.00,41
2022-01-04 23:09:00,5126.00,5126.00,5126.00,5126.00,13
2022-01-04 23:10:00,5126.00,5126.25,5126.00,5126.00,46
2022-01-04 23:11:00,5126.00,5126.25,5126.00,5126.25,17
2022-01-04 23:12:00,5126.25,5126.50,5126.00,5126.00,40
2022-01-04 23:13:00,5126.00,5126.50,5126.00,5126.00,51
2022-01-04 23:14:00,5126.00,5126.25,5126.00,5126.00,11
2022-01-04 23:15:00,5126.00,5126.25,5125.75,5126.00,21
2022-01-04 23:16:00,5126.00,5126.00,5125.50,5125.50,50
2022-01-04 23:17:00,5125.50,5125.75,5125.50,5125.75,43
2022-01-04 23:18:00,5126.00,5126.00,5125.75,5125.75,27
2022-01-04 23:19:00,5125.75,5125.75,5125.75,5125.75,8
2022-01-04 23:20:00,5126.00,5126.00,5125.75,5125.75,12
2022-01-04 23:21:00,5125.75,5126.00,5125.75,5125.75,8
2022-01-04 23:22:00,5126.00,5126.00,5125.75,5126.00,58
2022-01-04 23:23:00,5126.00,5126.25,5126.00,5126.00,22
2022-01-04 23:24:00,5126.00,5126.50,5126.00,5126.50,66
2022-01-04 23:25:00,5126.25,5126.25,5126.00,5126.25,45
2022-01-04 23:26:00,5126.25,5126.25,5126.00,5126.00,27
2022-01-04 23:27:00,5126.00,5126.00,5125.75,5126.00,55
2022-01-04 23:28:00,5126.00,5126.00,5126.00,5126.00,10
2022-01-04 23:29:00,5126.25,5126.25,5126.00,5126.00,37
2022-01-04 23:30:00,5126.00,5126.00,5125.75,5125.75,31
2022-01-04 23:31:00,5125.75,5125.75,5125.00,5125.25,224
2022-01-04 23:32:00,5125.00,5125.00,5124.75,5125.00,67
2022-01-04 23:33:00,5125.00,5125.50,5125.00,5125.25,59
2022-01-04 23:34:00,5125.50,5125.50,5125.00,5125.25,24
2022-01-04 23:35:00,5125.25,5125.50,5125.00,5125.00,88
2022-01-04 23:36:00,5124.75,5124.75,5124.00,5124.50,176
2022-01-04 23:37:00,5124.25,5124.50,5124.00,5124.00,72
2022-01-04 23:38:00,5124.25,5124.50,5124.00,5124.00,49
2022-01-04 23:39:00,5124.00,5124.50,5124.00,5124.50,123
2022-01-04 23:40:00,5124.75,5125.00,5124.50,5125.00,44
2022-01-04 23:41:00,5124.75,5124.75,5124.75,5124.75,25
2022-01-04 23:42:00,5125.00,5125.25,5125.00,5125.00,50
2022-01-04 23:43:00,5125.25,5125.50,5125.25,5125.50,15
2022-01-04 23:44:00,5125.50,5125.50,5125.25,5125.25,40
2022-01-04 23:45:00,5125.25,5125.50,5125.25,5125.25,22
2022-01-04 23:46:00,5125.25,5125.25,5125.25,5125.25,23
2022-01-04 23:47:00,5125.25,5125.50,5125.25,5125.50,55
2022-01-04 23:48:00,5125.50,5125.75,5125.50,5125.75,72
2022-01-04 23:49:00,5125.75,5126.00,5125.75,5126.00,63
2022-01-04 23:50:00,5126.00,5126.25,5126.00,5126.25,27
2022-01-04 23:51:00,5126.25,5126.25,5125.75,5125.75,40
2022-01-04 23:52:00,5125.75,5125.75,5125.25,5125.25,59
2022-01-04 23:53:00,5125.25,5125.75,5125.25,5125.50,102
2022-01-04 23:54:00,5125.50,5125.50,5125.25,5125.25,21
2022-01-04 23:55:00,5125.25,5125.25,5125.00,5125.00,52
2022-01-04 23:56:00,5125.00,5125.25,5125.00,5125.25,41
2022-01-04 23:57:00,5125.25,5125.25,5125.00,5125.25,37
2022-01-04 23:58:00,5125.25,5125.25,5125.25,5125.25,25
2022-01-04 23:59:00,5125.25,5125.75,5125.25,5125.75,15
2022-01-05 00:00:00,5125.50,5126.25,5125.25,5125.50,267
2022-01-05 00:01:00,5125.50,5125.50,5125.00,5125.00,68
2022-01-05 00:02:00,5125.00,5125.00,5124.00,5124.25,248
2022-01-05 00:03:00,5124.25,5124.25,5123.75,5124.25,184
2022-01-05 00:04:00,5124.00,5124.75,5123.75,5124.50,87
2022-01-05 00:05:00,5124.50,5124.75,5124.50,5124.50,43
2022-01-05 00:06:00,5124.50,5124.75,5124.25,5124.50,77
2022-01-05 00:07:00,5124.50,5124.50,5124.25,5124.25,104
2022-01-05 00:08:00,5124.50,5124.75,5124.25,5124.25,35
2022-01-05 00:09:00,5124.25,5124.25,5123.00,5124.00,320
2022-01-05 00:10:00,5123.75,5124.50,5123.75,5124.50,157
2022-01-05 00:11:00,5124.25,5124.75,5124.00,5124.75,75
2022-01-05 00:12:00,5124.50,5124.50,5124.25,5124.50,34
2022-01-05 00:13:00,5124.75,5125.25,5124.50,5125.00,75
2022-01-05 00:14:00,5125.25,5125.50,5125.00,5125.25,43
2022-01-05 00:15:00,5125.25,5125.25,5124.75,5124.75,86
2022-01-05 00:16:00,5124.75,5125.00,5124.75,5124.75,26
2022-01-05 00:17:00,5124.75,5124.75,5124.00,5124.25,75
2022-01-05 00:18:00,5124.25,5124.25,5123.50,5123.50,135
2022-01-05 00:19:00,5123.50,5124.00,5123.25,5123.50,61
2022-01-05 00:20:00,5123.75,5123.75,5123.50,5123.50,55
2022-01-05 00:21:00,5123.50,5123.75,5123.00,5123.25,142
2022-01-05 00:22:00,5123.50,5123.50,5122.50,5122.75,262
2022-01-05 00:23:00,5122.75,5122.75,5121.75,5121.75,206
2022-01-05 00:24:00,5121.75,5122.25,5121.75,5122.25,164
2022-01-05 00:25:00,5122.25,5123.50,5122.25,5123.50,139
2022-01-05 00:26:00,5123.25,5123.50,5122.75,5122.75,69
2022-01-05 00:27:00,5122.75,5123.00,5121.75,5121.75,98
2022-01-05 00:28:00,5121.75,5121.75,5121.00,5121.00,277
2022-01-05 00:29:00,5121.00,5121.00,5119.75,5120.50,492
2022-01-05 00:30:00,5120.75,5122.00,5120.75,5121.25,319
2022-01-05 00:31:00,5121.00,5121.75,5120.75,5121.25,109
2022-01-05 00:32:00,5121.25,5122.00,5121.25,5121.75,65
2022-01-05 00:33:00,5121.50,5121.50,5121.00,5121.50,61
2022-01-05 00:34:00,5121.25,5121.25,5120.75,5121.00,85
2022-01-05 00:35:00,5121.00,5121.00,5120.25,5120.25,89
2022-01-05 00:36:00,5120.25,5121.00,5120.00,5121.00,83
2022-01-05 00:37:00,5121.00,5121.50,5121.00,5121.25,38
2022-01-05 00:38:00,5121.25,5121.50,5121.00,5121.00,57
2022-01-05 00:39:00,5121.25,5122.50,5121.25,5122.25,136
2022-01-05 00:40:00,5122.25,5123.00,5122.25,5122.50,116
2022-01-05 00:41:00,5122.50,5122.75,5122.50,5122.50,42
2022-01-05 00:42:00,5122.50,5122.75,5122.50,5122.50,35
2022-01-05 00:43:00,5122.50,5122.75,5122.50,5122.50,27
2022-01-05 00:44:00,5122.50,5122.50,5121.75,5121.75,52
2022-01-05 00:45:00,5121.75,5122.00,5121.75,5121.75,43
2022-01-05 00:46:00,5121.75,5121.75,5121.50,5121.50,45
2022-01-05 00:47:00,5121.50,5121.75,5121.50,5121.50,31
2022-01-05 00:48:00,5121.75,5122.00,5121.75,5122.00,21
2022-01-05 00:49:00,5122.00,5122.50,5122.00,5122.25,42
2022-01-05 00:50:00,5122.25,5122.25,5121.25,5121.25,88
2022-01-05 00:51:00,5121.25,5121.75,5121.25,5121.75,48
2022-01-05 00:52:00,5121.75,5121.75,5121.50,5121.75,25
2022-01-05 00:53:00,5121.75,5122.00,5121.75,5122.00,21
2022-01-05 00:54:00,5122.00,5122.00,5122.00,5122.00,12
2022-01-05 00:55:00,5122.00,5122.00,5121.75,5121.75,55
2022-01-05 00:56:00,5122.00,5122.00,5121.50,5121.75,82
2022-01-05 00:57:00,5121.75,5122.00,5121.75,5121.75,13
2022-01-05 00:58:00,5121.75,5121.75,5121.50,5121.50,33
2022-01-05 00:59:00,5121.75,5121.75,5121.00,5121.00,78
2022-01-05 01:00:00,5121.25,5122.00,5121.25,5122.00,96
2022-01-05 01:01:00,5121.75,5121.75,5121.25,5121.50,42
2022-01-05 01:02:00,5121.75,5121.75,5121.50,5121.50,59
2022-01-05 01:03:00,5121.50,5121.75,5121.25,5121.75,27
2022-01-05 01:04:00,5121.50,5121.75,5121.25,5121.75,40
2022-01-05 01:05:00,5122.00,5122.25,5122.00,5122.25,55
2022-01-05 01:06:00,5122.25,5122.25,5121.75,5121.75,45
2022-01-05 01:07:00,5121.50,5121.75,5121.25,5121.50,42
2022-01-05 01:08:00,5121.25,5121.50,5121.00,5121.00,87
2022-01-05 01:09:00,5121.00,5121.00,5119.25,5120.00,375
2022-01-05 01:10:00,5120.00,5120.50,5120.00,5120.50,81
2022-01-05 01:11:00,5120.50,5121.00,5120.50,5121.00,98
2022-01-05 01:12:00,5121.00,5122.00,5120.75,5121.50,135
2022-01-05 01:13:00,5121.75,5122.00,5121.75,5121.75,45
2022-01-05 01:14:00,5121.75,5122.00,5121.50,5122.00,67
2022-01-05 01:15:00,5122.25,5122.75,5122.00,5122.50,126
2022-01-05 01:16:00,5122.25,5122.25,5122.00,5122.00,62
2022-01-05 01:17:00,5122.25,5123.00,5122.25,5122.75,86
2022-01-05 01:18:00,5122.75,5123.00,5122.75,5122.75,23
2022-01-05 01:19:00,5122.75,5123.00,5122.75,5122.75,38
2022-01-05 01:20:00,5122.50,5122.75,5122.50,5122.75,19
2022-01-05 01:21:00,5123.00,5123.75,5123.00,5123.25,154
2022-01-05 01:22:00,5123.00,5123.25,5123.00,5123.00,25
2022-01-05 01:23:00,5123.25,5123.50,5123.00,5123.50,36
2022-01-05 01:24:00,5123.50,5123.75,5123.50,5123.75,12
2022-01-05 01:25:00,5123.75,5123.75,5123.25,5123.50,42
2022-01-05 01:26:00,5123.25,5123.25,5122.75,5123.00,107
2022-01-05 01:27:00,5123.25,5123.25,5123.25,5123.25,15
2022-01-05 01:28:00,5123.00,5123.00,5123.00,5123.00,6
2022-01-05 01:29:00,5122.75,5123.25,5122.75,5123.00,41
2022-01-05 01:30:00,5123.25,5123.25,5122.50,5123.00,93
2022-01-05 01:31:00,5123.25,5123.25,5122.50,5122.75,57
2022-01-05 01:32:00,5122.75,5123.00,5122.50,5122.75,74
2022-01-05 01:33:00,5122.75,5123.00,5122.50,5122.50,96
2022-01-05 01:34:00,5122.25,5122.75,5122.00,5122.75,99
2022-01-05 01:35:00,5122.75,5123.75,5122.75,5123.25,113
2022-01-05 01:36:00,5123.25,5123.25,5123.00,5123.00,30
2022-01-05 01:37:00,5123.00,5123.00,5122.75,5122.75,20
2022-01-05 01:38:00,5122.75,5123.00,5122.75,5122.75,74
2022-01-05 01:39:00,5122.75,5123.50,5122.75,5123.25,38
2022-01-05 01:40:00,5123.50,5123.50,5123.50,5123.50,6
2022-01-05 01:41:00,5123.50,5123.75,5123.50,5123.75,51
2022-01-05 01:42:00,5124.00,5124.25,5124.00,5124.25,89
2022-01-05 01:43:00,5124.50,5126.25,5124.50,5126.00,428
2022-01-05 01:44:00,5125.75,5126.25,5125.50,5126.25,87
2022-01-05 01:45:00,5126.50,5127.50,5126.00,5126.75,290
2022-01-05 01:46:00,5126.75,5127.75,5126.75,5127.50,342
2022-01-05 01:47:00,5127.50,5128.50,5127.25,5127.75,320
2022-01-05 01:48:00,5128.00,5128.00,5127.50,5128.00,104
2022-01-05 01:49:00,5128.00,5128.25,5127.75,5128.00,89
2022-01-05 01:50:00,5128.00,5128.25,5127.50,5127.50,72
2022-01-05 01:51:00,5127.75,5128.00,5127.25,5128.00,80
2022-01-05 01:52:00,5128.00,5128.25,5128.00,5128.00,60
2022-01-05 01:53:00,5128.00,5128.50,5127.75,5128.00,109
2022-01-05 01:54:00,5127.75,5127.75,5127.25,5127.50,110
2022-01-05 01:55:00,5127.75,5128.25,5127.75,5128.00,102
2022-01-05 01:56:00,5128.00,5128.75,5128.00,5128.00,99
2022-01-05 01:57:00,5128.00,5128.25,5128.00,5128.00,26
2022-01-05 01:58:00,5128.00,5128.25,5127.25,5127.25,79
2022-01-05 01:59:00,5127.50,5127.50,5127.00,5127.00,42
2022-01-05 02:00:00,5127.25,5127.75,5126.00,5126.00,266
2022-01-05 02:01:00,5126.25,5127.50,5125.75,5127.50,168
2022-01-05 02:02:00,5127.50,5128.00,5127.25,5127.75,101
2022-01-05 02:03:00,5127.75,5128.00,5127.50,5128.00,104
2022-01-05 02:04:00,5127.75,5128.00,5127.50,5127.75,56
2022-01-05 02:05:00,5127.75,5128.75,5127.50,5128.50,120
2022-01-05 02:06:00,5128.75,5128.75,5128.00,5128.25,58
2022-01-05 02:07:00,5128.25,5129.50,5128.25,5129.25,138
2022-01-05 02:08:00,5129.00,5129.25,5128.25,5128.50,136
2022-01-05 02:09:00,5128.75,5129.75,5128.50,5129.25,134
2022-01-05 02:10:00,5129.25,5129.75,5129.00,5129.25,107
2022-01-05 02:11:00,5129.25,5129.50,5128.25,5128.50,69
2022-01-05 02:12:00,5128.75,5128.75,5128.25,5128.75,50
2022-01-05 02:13:00,5128.50,5128.75,5128.25,5128.75,67
2022-01-05 02:14:00,5128.75,5129.00,5128.75,5129.00,35
2022-01-05 02:15:00,5129.00,5129.00,5128.75,5128.75,46
2022-01-05 02:16:00,5128.75,5129.25,5128.75,5129.00,46
2022-01-05 02:17:00,5129.25,5129.25,5129.00,5129.25,21
2022-01-05 02:18:00,5129.25,5129.75,5129.25,5129.25,84
2022-01-05 02:19:00,5129.25,5129.75,5129.25,5129.75,62
2022-01-05 02:20:00,5129.50,5129.75,5128.25,5128.75,62
2022-01-05 02:21:00,5129.00,5129.75,5129.00,5129.75,97
2022-01-05 02:22:00,5129.75,5129.75,5129.00,5129.00,82
2022-01-05 02:23:00,5129.00,5129.00,5128.25,5128.75,94
2022-01-05 02:24:00,5128.75,5128.75,5128.00,5128.00,50
2022-01-05 02:25:00,5128.00,5128.75,5128.00,5128.00,150
2022-01-05 02:26:00,5128.00,5128.00,5127.50,5127.50,123
2022-01-05 02:27:00,5127.50,5128.25,5127.50,5127.75,104
2022-01-05 02:28:00,5128.00,5128.25,5127.75,5128.00,62
2022-01-05 02:29:00,5128.00,5128.25,5127.25,5127.50,55
2022-01-05 02:30:00,5127.75,5128.00,5127.50,5127.75,66
2022-01-05 02:31:00,5128.00,5128.00,5127.50,5127.75,21
2022-01-05 02:32:00,5127.75,5128.25,5127.75,5128.25,62
2022-01-05 02:33:00,5128.25,5129.00,5128.25,5129.00,119
2022-01-05 02:34:00,5129.00,5129.25,5129.00,5129.25,39
2022-01-05 02:35:00,5129.25,5129.75,5129.00,5129.00,110
2022-01-05 02:36:00,5129.00,5129.25,5128.50,5128.75,91
2022-01-05 02:37:00,5128.75,5128.75,5128.50,5128.50,35
2022-01-05 02:38:00,5128.75,5128.75,5127.75,5127.75,93
2022-01-05 02:39:00,5127.75,5128.00,5126.75,5126.75,150
2022-01-05 02:40:00,5127.00,5127.75,5127.00,5127.50,138
2022-01-05 02:41:00,5127.50,5128.00,5127.25,5128.00,106
2022-01-05 02:42:00,5128.00,5128.00,5127.25,5127.50,89
2022-01-05 02:43:00,5127.75,5129.00,5127.75,5129.00,130
2022-01-05 02:44:00,5129.00,5129.25,5128.50,5128.75,82
2022-01-05 02:45:00,5129.00,5129.00,5128.75,5128.75,28
2022-01-05 02:46:00,5129.00,5131.25,5129.00,5131.00,502
2022-01-05 02:47:00,5131.00,5132.25,5131.00,5131.75,223
2022-01-05 02:48:00,5131.75,5132.25,5131.50,5131.75,232
2022-01-05 02:49:00,5131.75,5132.50,5131.50,5132.50,151
2022-01-05 02:50:00,5132.25,5133.25,5131.50,5132.00,601
2022-01-05 02:51:00,5132.00,5132.00,5131.50,5131.75,74
2022-01-05 02:52:00,5131.50,5131.75,5131.50,5131.75,60
2022-01-05 02:53:00,5132.00,5132.00,5131.75,5132.00,48
2022-01-05 02:54:00,5132.25,5132.50,5132.00,5132.25,115
2022-01-05 02:55:00,5132.00,5132.75,5132.00,5132.50,164
2022-01-05 02:56:00,5132.50,5133.00,5132.50,5132.75,49
2022-01-05 02:57:00,5132.75,5133.00,5132.25,5132.25,92
2022-01-05 02:58:00,5132.50,5132.50,5131.50,5132.50,180
2022-01-05 02:59:00,5132.00,5132.25,5131.00,5131.25,231
2022-01-05 03:00:00,5131.25,5133.00,5131.00,5132.50,821
2022-01-05 03:01:00,5132.50,5133.50,5132.00,5133.25,507
2022-01-05 03:02:00,5133.25,5134.75,5132.00,5132.25,718
2022-01-05 03:03:00,5132.00,5132.25,5131.25,5131.25,322
2022-01-05 03:04:00,5131.25,5132.25,5130.00,5130.25,288
2022-01-05 03:05:00,5130.50,5131.25,5129.25,5131.00,527
2022-01-05 03:06:00,5130.75,5131.50,5130.25,5130.25,433
2022-01-05 03:07:00,5130.50,5131.50,5130.50,5130.75,341
2022-01-05 03:08:00,5130.75,5131.25,5130.25,5130.50,247
2022-01-05 03:09:00,5130.50,5131.75,5130.50,5131.25,468
2022-01-05 03:10:00,5131.00,5131.25,5130.00,5130.25,264
2022-01-05 03:11:00,5130.00,5131.50,5129.50,5129.75,286
2022-01-05 03:12:00,5129.75,5131.75,5129.75,5131.75,256
2022-01-05 03:13:00,5131.75,5132.50,5131.25,5132.00,288
2022-01-05 03:14:00,5132.00,5133.75,5132.00,5132.50,350
2022-01-05 03:15:00,5132.50,5133.25,5132.50,5133.25,194
2022-01-05 03:16:00,5133.25,5133.75,5132.50,5133.00,159
2022-01-05 03:17:00,5133.00,5133.00,5132.00,5132.00,238
2022-01-05 03:18:00,5132.25,5132.25,5131.25,5131.75,212
2022-01-05 03:19:00,5131.75,5132.50,5131.50,5131.75,209
2022-01-05 03:20:00,5131.75,5131.75,5130.25,5130.75,144
2022-01-05 03:21:00,5130.75,5130.75,5129.50,5130.00,194
2022-01-05 03:22:00,5130.00,5130.25,5128.75,5130.00,272
2022-01-05 03:23:00,5130.25,5132.00,5130.00,5131.50,261
2022-01-05 03:24:00,5131.75,5132.75,5131.00,5132.75,94
2022-01-05 03:25:00,5132.75,5133.75,5132.50,5133.00,320
2022-01-05 03:26:00,5133.00,5133.25,5132.00,5132.50,184
2022-01-05 03:27:00,5132.50,5132.75,5131.50,5131.50,128
2022-01-05 03:28:00,5131.75,5132.00,5131.50,5131.75,37
2022-01-05 03:29:00,5131.75,5132.00,5131.75,5131.75,146
2022-01-05 03:30:00,5131.75,5133.00,5131.75,5133.00,145
2022-01-05 03:31:00,5132.75,5133.75,5132.50,5132.50,133
2022-01-05 03:32:00,5132.75,5133.00,5132.00,5132.75,124
2022-01-05 03:33:00,5132.50,5132.50,5130.75,5130.75,133
2022-01-05 03:34:00,5131.00,5131.00,5130.25,5130.50,41
2022-01-05 03:35:00,5130.50,5131.00,5129.75,5130.50,163
2022-01-05 03:36:00,5130.50,5130.50,5129.00,5129.25,94
2022-01-05 03:37:00,5129.25,5130.25,5129.25,5129.50,114
2022-01-05 03:38:00,5129.75,5131.00,5129.75,5130.50,101
2022-01-05 03:39:00,5130.75,5131.25,5130.50,5131.25,86
2022-01-05 03:40:00,5131.50,5133.00,5131.25,5132.75,224
2022-01-05 03:41:00,5132.75,5132.75,5131.00,5131.25,128
2022-01-05 03:42:00,5131.25,5131.75,5131.00,5131.00,106
2022-01-05 03:43:00,5131.00,5131.50,5131.00,5131.50,109
2022-01-05 03:44:00,5131.75,5132.00,5131.00,5131.25,92
2022-01-05 03:45:00,5131.25,5131.75,5130.75,5131.00,185
2022-01-05 03:46:00,5131.00,5131.50,5130.75,5131.50,140
2022-01-05 03:47:00,5131.50,5131.50,5130.25,5130.50,73
2022-01-05 03:48:00,5130.75,5130.75,5129.75,5129.75,72
2022-01-05 03:49:00,5130.00,5130.00,5129.00,5129.00,145
2022-01-05 03:50:00,5129.00,5129.50,5128.75,5129.00,176
2022-01-05 03:51:00,5129.00,5130.25,5128.75,5129.75,175
2022-01-05 03:52:00,5129.75,5130.00,5129.25,5129.50,98
2022-01-05 03:53:00,5129.75,5130.00,5129.50,5129.50,94
2022-01-05 03:54:00,5129.50,5129.75,5129.00,5129.25,62
2022-01-05 03:55:00,5129.25,5129.50,5128.50,5129.00,155
2022-01-05 03:56:00,5129.00,5130.00,5129.00,5129.75,183
2022-01-05 03:57:00,5130.00,5130.50,5130.00,5130.25,106
2022-01-05 03:58:00,5130.25,5131.00,5130.25,5131.00,125
2022-01-05 03:59:00,5131.00,5131.25,5130.50,5130.75,166
2022-01-05 04:00:00,5130.75,5132.75,5130.75,5132.25,318
2022-01-05 04:01:00,5132.25,5132.25,5130.00,5130.00,269
2022-01-05 04:02:00,5130.00,5130.50,5129.75,5130.50,62
2022-01-05 04:03:00,5130.25,5132.25,5130.25,5132.25,189
2022-01-05 04:04:00,5132.25,5132.25,5131.00,5131.75,142
2022-01-05 04:05:00,5131.50,5133.50,5131.50,5133.25,298
2022-01-05 04:06:00,5133.25,5134.25,5133.00,5133.50,314
2022-01-05 04:07:00,5133.25,5133.75,5133.00,5133.00,221
2022-01-05 04:08:00,5133.00,5133.25,5132.50,5132.75,88
2022-01-05 04:09:00,5132.50,5133.25,5132.25,5133.00,129
2022-01-05 04:10:00,5133.00,5133.25,5132.50,5133.25,90
2022-01-05 04:11:00,5133.25,5133.50,5132.25,5132.50,125
2022-01-05 04:12:00,5132.25,5133.25,5132.00,5132.50,310
2022-01-05 04:13:00,5132.50,5135.25,5132.50,5135.00,412
2022-01-05 04:14:00,5135.00,5136.00,5134.75,5135.75,373
2022-01-05 04:15:00,5135.50,5137.75,5135.00,5137.50,842
2022-01-05 04:16:00,5137.25,5138.75,5137.25,5137.75,607
2022-01-05 04:17:00,5137.50,5138.00,5136.50,5136.75,581
2022-01-05 04:18:00,5136.75,5137.00,5136.00,5136.50,330
2022-01-05 04:19:00,5136.50,5136.75,5136.25,5136.50,108
2022-01-05 04:20:00,5136.75,5138.25,5136.75,5137.75,183
2022-01-05 04:21:00,5137.75,5137.75,5136.25,5136.75,250
2022-01-05 04:22:00,5136.75,5137.50,5136.75,5137.00,134
2022-01-05 04:23:00,5136.75,5136.75,5136.25,5136.50,154
2022-01-05 04:24:00,5136.50,5137.25,5136.25,5137.00,105
2022-01-05 04:25:00,5136.75,5137.00,5136.50,5137.00,59
2022-01-05 04:26:00,5137.00,5137.00,5136.75,5137.00,46
2022-01-05 04:27:00,5137.00,5137.00,5136.25,5136.25,118
2022-01-05 04:28:00,5136.25,5137.00,5136.25,5136.25,89
2022-01-05 04:29:00,5136.25,5136.50,5136.25,5136.25,78
2022-01-05 04:30:00,5136.25,5137.00,5136.25,5136.75,51
2022-01-05 04:31:00,5136.50,5137.00,5135.50,5135.50,159
2022-01-05 04:32:00,5135.50,5136.25,5135.50,5136.25,138
2022-01-05 04:33:00,5136.50,5136.50,5136.00,5136.25,16
2022-01-05 04:34:00,5136.25,5136.50,5136.00,5136.00,90
2022-01-05 04:35:00,5136.00,5136.25,5135.50,5136.00,162
2022-01-05 04:36:00,5136.25,5136.25,5135.75,5136.00,139
2022-01-05 04:37:00,5136.00,5136.25,5135.50,5136.25,38
2022-01-05 04:38:00,5136.00,5136.00,5135.50,5135.75,226
2022-01-05 04:39:00,5135.75,5135.75,5134.50,5134.50,207
2022-01-05 04:40:00,5134.50,5134.75,5134.00,5134.50,172
2022-01-05 04:41:00,5134.50,5135.00,5134.50,5135.00,117
2022-01-05 04:42:00,5135.00,5135.75,5135.00,5135.25,96
2022-01-05 04:43:00,5135.50,5136.00,5135.50,5135.75,57
2022-01-05 04:44:00,5136.00,5136.75,5135.75,5135.75,183
2022-01-05 04:45:00,5135.75,5136.75,5135.00,5136.50,118
2022-01-05 04:46:00,5136.25,5136.50,5135.00,5135.25,57
2022-01-05 04:47:00,5135.50,5135.50,5134.50,5134.75,167
2022-01-05 04:48:00,5134.75,5136.00,5134.75,5135.50,94
2022-01-05 04:49:00,5135.50,5135.75,5135.25,5135.50,48
2022-01-05 04:50:00,5135.50,5136.00,5135.50,5135.50,54
2022-01-05 04:51:00,5135.75,5136.25,5135.50,5135.50,202
2022-01-05 04:52:00,5135.50,5135.75,5135.25,5135.25,54
2022-01-05 04:53:00,5135.25,5135.50,5134.75,5135.50,96
2022-01-05 04:54:00,5135.50,5135.75,5135.25,5135.75,52
2022-01-05 04:55:00,5136.00,5136.00,5135.00,5135.25,237
2022-01-05 04:56:00,5135.25,5135.50,5135.25,5135.50,56
2022-01-05 04:57:00,5135.75,5137.25,5135.75,5136.75,244
2022-01-05 04:58:00,5136.75,5136.75,5135.75,5136.00,160
2022-01-05 04:59:00,5135.75,5136.50,5135.75,5136.50,86
2022-01-05 05:00:00,5136.75,5137.00,5136.00,5136.25,139
2022-01-05 05:01:00,5136.50,5137.25,5136.50,5137.00,87
2022-01-05 05:02:00,5137.00,5138.75,5137.00,5138.25,177
2022-01-05 05:03:00,5138.50,5139.25,5138.25,5138.75,254
2022-01-05 05:04:00,5138.75,5139.25,5138.25,5138.25,206
2022-01-05 05:05:00,5138.50,5138.50,5137.75,5138.25,156
2022-01-05 05:06:00,5138.25,5138.75,5137.75,5137.75,124
2022-01-05 05:07:00,5138.00,5138.75,5138.00,5138.50,88
2022-01-05 05:08:00,5138.50,5139.75,5138.25,5139.75,387
2022-01-05 05:09:00,5139.75,5140.50,5139.75,5139.75,525
2022-01-05 05:10:00,5140.00,5140.25,5139.75,5140.00,230
2022-01-05 05:11:00,5139.75,5140.00,5139.00,5139.00,385
2022-01-05 05:12:00,5139.00,5139.25,5137.00,5137.00,596
2022-01-05 05:13:00,5137.25,5137.50,5137.00,5137.50,228
2022-01-05 05:14:00,5137.50,5137.75,5137.25,5137.75,102
2022-01-05 05:15:00,5137.75,5137.75,5137.25,5137.25,91
2022-01-05 05:16:00,5137.50,5137.75,5137.00,5137.00,102
2022-01-05 05:17:00,5137.00,5137.75,5137.00,5137.50,98
2022-01-05 05:18:00,5137.50,5137.75,5137.25,5137.50,142
2022-01-05 05:19:00,5137.50,5137.75,5137.50,5137.50,106
2022-01-05 05:20:00,5137.50,5138.25,5137.25,5138.00,228
2022-01-05 05:21:00,5138.00,5138.00,5137.00,5137.00,214
2022-01-05 05:22:00,5137.00,5137.50,5137.00,5137.50,96
2022-01-05 05:23:00,5137.50,5137.75,5136.50,5137.25,260
2022-01-05 05:24:00,5137.25,5138.00,5137.25,5137.25,115
2022-01-05 05:25:00,5137.00,5137.75,5137.00,5137.75,61
2022-01-05 05:26:00,5137.75,5138.00,5137.75,5137.75,47
2022-01-05 05:27:00,5137.75,5138.25,5137.50,5137.50,73
2022-01-05 05:28:00,5137.75,5138.00,5137.75,5138.00,66
2022-01-05 05:29:00,5138.25,5139.00,5137.75,5138.75,209
2022-01-05 05:30:00,5138.75,5140.25,5138.75,5140.25,482
2022-01-05 05:31:00,5140.00,5140.25,5139.75,5140.25,143
2022-01-05 05:32:00,5140.25,5140.25,5137.00,5137.75,1556
2022-01-05 05:33:00,5137.75,5137.75,5137.00,5137.00,209
2022-01-05 05:34:00,5137.00,5137.50,5136.25,5137.25,343
2022-01-05 05:35:00,5137.25,5137.50,5136.25,5137.00,255
2022-01-05 05:36:00,5136.75,5137.50,5135.75,5137.25,323
2022-01-05 05:37:00,5137.25,5137.50,5136.25,5136.25,150
2022-01-05 05:38:00,5136.50,5136.50,5135.00,5135.25,227
2022-01-05 05:39:00,5135.50,5136.25,5135.50,5135.75,182
2022-01-05 05:40:00,5135.75,5136.00,5135.25,5135.25,137
2022-01-05 05:41:00,5135.25,5135.50,5135.00,5135.50,149
2022-01-05 05:42:00,5135.25,5136.25,5135.25,5136.00,149
2022-01-05 05:43:00,5135.75,5135.75,5135.00,5135.00,180
2022-01-05 05:44:00,5135.00,5135.25,5134.50,5134.50,217
2022-01-05 05:45:00,5134.50,5135.25,5134.50,5135.25,160
2022-01-05 05:46:00,5135.00,5135.50,5134.50,5134.75,133
2022-01-05 05:47:00,5134.50,5134.75,5134.50,5134.50,137
2022-01-05 05:48:00,5134.75,5135.25,5134.25,5134.75,212
2022-01-05 05:49:00,5135.00,5135.50,5134.75,5135.00,127
2022-01-05 05:50:00,5135.00,5135.75,5135.00,5135.75,196
2022-01-05 05:51:00,5135.75,5135.75,5134.50,5134.50,105
2022-01-05 05:52:00,5134.25,5134.50,5134.00,5134.00,138
2022-01-05 05:53:00,5134.25,5134.50,5134.25,5134.50,95
2022-01-05 05:54:00,5134.50,5134.75,5134.00,5134.25,91
2022-01-05 05:55:00,5134.50,5135.00,5134.50,5134.75,105
2022-01-05 05:56:00,5135.00,5136.75,5135.00,5136.75,449
2022-01-05 05:57:00,5136.50,5136.75,5136.00,5136.00,223
2022-01-05 05:58:00,5136.25,5136.50,5135.25,5135.50,119
2022-01-05 05:59:00,5135.25,5135.25,5134.50,5134.50,128
2022-01-05 06:00:00,5134.75,5135.00,5134.00,5134.25,158
2022-01-05 06:01:00,5134.25,5134.50,5133.75,5134.50,144
2022-01-05 06:02:00,5134.50,5135.00,5134.25,5134.50,71
2022-01-05 06:03:00,5134.50,5134.75,5132.75,5132.75,323
2022-01-05 06:04:00,5133.00,5133.75,5132.75,5132.75,1116
2022-01-05 06:05:00,5132.75,5134.00,5132.75,5133.50,227
2022-01-05 06:06:00,5133.25,5133.25,5132.25,5132.75,370
2022-01-05 06:07:00,5132.75,5132.75,5131.50,5132.00,281
2022-01-05 06:08:00,5132.00,5133.75,5132.00,5133.50,505
2022-01-05 06:09:00,5133.50,5133.50,5133.00,5133.50,116
2022-01-05 06:10:00,5133.25,5133.75,5132.25,5132.75,230
2022-01-05 06:11:00,5132.75,5134.00,5132.75,5134.00,170
2022-01-05 06:12:00,5133.75,5134.75,5133.50,5134.00,233
2022-01-05 06:13:00,5134.00,5135.00,5133.75,5134.75,374
2022-01-05 06:14:00,5134.75,5135.00,5134.25,5134.50,134
2022-01-05 06:15:00,5134.25,5134.75,5133.75,5134.00,88
2022-01-05 06:16:00,5134.00,5134.50,5132.50,5134.25,204
2022-01-05 06:17:00,5134.25,5134.75,5134.00,5134.25,330
2022-01-05 06:18:00,5134.50,5134.50,5133.50,5134.25,180
2022-01-05 06:19:00,5134.25,5134.75,5133.50,5133.75,94
2022-01-05 06:20:00,5133.50,5134.00,5133.25,5134.00,82
2022-01-05 06:21:00,5134.00,5134.00,5133.00,5133.75,115
2022-01-05 06:22:00,5133.50,5133.75,5133.00,5133.00,188
2022-01-05 06:23:00,5133.25,5133.50,5133.00,5133.00,148
2022-01-05 06:24:00,5133.00,5133.00,5132.00,5132.25,163
2022-01-05 06:25:00,5132.00,5133.50,5131.00,5132.75,1521
2022-01-05 06:26:00,5132.75,5133.50,5131.75,5131.75,439
2022-01-05 06:27:00,5132.00,5132.25,5131.75,5131.75,229
2022-01-05 06:28:00,5131.75,5132.25,5131.50,5131.50,133
2022-01-05 06:29:00,5131.50,5131.75,5131.25,5131.25,115
2022-01-05 06:30:00,5131.25,5132.25,5131.25,5132.00,231
2022-01-05 06:31:00,5132.00,5132.25,5131.75,5132.00,131
2022-01-05 06:32:00,5132.25,5132.25,5131.75,5132.25,155
2022-01-05 06:33:00,5132.00,5132.25,5131.50,5131.75,221
2022-01-05 06:34:00,5131.75,5131.75,5131.25,5131.25,203
2022-01-05 06:35:00,5131.25,5131.75,5131.00,5131.00,445
2022-01-05 06:36:00,5131.25,5131.75,5131.25,5131.75,213
2022-01-05 06:37:00,5131.50,5131.75,5131.00,5131.25,232
2022-01-05 06:38:00,5131.50,5131.50,5131.25,5131.50,158
2022-01-05 06:39:00,5131.25,5132.25,5131.25,5132.00,214
2022-01-05 06:40:00,5132.00,5132.50,5131.75,5132.25,223
2022-01-05 06:41:00,5132.50,5133.50,5132.00,5133.00,492
2022-01-05 06:42:00,5133.00,5133.25,5133.00,5133.25,148
2022-01-05 06:43:00,5133.25,5133.25,5132.25,5132.50,261
2022-01-05 06:44:00,5132.50,5133.25,5132.00,5133.25,210
2022-01-05 06:45:00,5133.25,5133.25,5132.75,5133.00,154
2022-01-05 06:46:00,5132.75,5133.50,5132.50,5133.25,100
2022-01-05 06:47:00,5133.25,5134.25,5133.25,5134.00,214
2022-01-05 06:48:00,5134.00,5134.00,5133.50,5133.75,71
2022-01-05 06:49:00,5133.75,5134.25,5133.50,5133.50,69
2022-01-05 06:50:00,5133.50,5134.00,5133.50,5133.75,163
2022-01-05 06:51:00,5133.75,5133.75,5132.50,5132.50,186
2022-01-05 06:52:00,5132.50,5132.75,5132.25,5132.75,106
2022-01-05 06:53:00,5132.75,5134.00,5132.50,5134.00,325
2022-01-05 06:54:00,5134.00,5134.75,5133.50,5133.75,575
2022-01-05 06:55:00,5133.75,5134.00,5133.50,5133.75,235
2022-01-05 06:56:00,5133.75,5134.00,5133.25,5133.50,230
2022-01-05 06:57:00,5133.50,5134.25,5133.50,5134.25,255
2022-01-05 06:58:00,5134.25,5134.25,5133.75,5134.00,163
2022-01-05 06:59:00,5134.00,5134.00,5133.75,5133.75,172
2022-01-05 07:00:00,5133.75,5134.00,5133.00,5134.00,337
2022-01-05 07:01:00,5133.75,5134.00,5133.25,5134.00,154
2022-01-05 07:02:00,5134.00,5135.00,5134.00,5134.50,175
2022-01-05 07:03:00,5134.50,5135.00,5134.00,5134.25,160
2022-01-05 07:04:00,5134.00,5134.00,5133.25,5133.25,237
2022-01-05 07:05:00,5133.25,5133.25,5132.00,5132.75,271
2022-01-05 07:06:00,5132.75,5135.00,5132.75,5134.25,481
2022-01-05 07:07:00,5134.50,5135.00,5134.50,5135.00,125
2022-01-05 07:08:00,5135.00,5135.50,5135.00,5135.50,247
2022-01-05 07:09:00,5135.25,5135.50,5134.75,5134.75,146
2022-01-05 07:10:00,5134.75,5135.25,5134.50,5134.50,144
2022-01-05 07:11:00,5134.75,5135.50,5134.50,5135.50,279
2022-01-05 07:12:00,5135.50,5136.25,5135.50,5135.75,355
2022-01-05 07:13:00,5135.50,5136.00,5135.50,5136.00,75
2022-01-05 07:14:00,5136.00,5136.00,5135.50,5135.75,132
2022-01-05 07:15:00,5135.75,5136.00,5135.00,5135.00,175
2022-01-05 07:16:00,5135.00,5135.00,5134.75,5135.00,151
2022-01-05 07:17:00,5135.00,5136.00,5135.00,5135.75,228
2022-01-05 07:18:00,5135.75,5136.00,5135.25,5135.50,255
2022-01-05 07:19:00,5135.75,5136.50,5135.00,5135.00,168
2022-01-05 07:20:00,5135.00,5135.50,5135.00,5135.00,164
2022-01-05 07:21:00,5135.00,5135.25,5134.50,5134.50,244
2022-01-05 07:22:00,5134.50,5135.25,5134.00,5134.75,142
2022-01-05 07:23:00,5134.75,5134.75,5134.25,5134.50,101
2022-01-05 07:24:00,5134.50,5134.50,5132.75,5133.00,259
2022-01-05 07:25:00,5133.00,5134.00,5132.50,5134.00,197
2022-01-05 07:26:00,5134.00,5134.75,5134.00,5134.75,145
2022-01-05 07:27:00,5134.75,5135.25,5134.75,5135.00,158
2022-01-05 07:28:00,5134.75,5135.75,5134.75,5135.25,202
2022-01-05 07:29:00,5135.50,5135.75,5134.50,5135.50,279
2022-01-05 07:30:00,5135.50,5135.50,5134.75,5135.25,144
2022-01-05 07:31:00,5135.00,5135.75,5135.00,5135.25,155
2022-01-05 07:32:00,5135.25,5135.50,5135.00,5135.25,115
2022-01-05 07:33:00,5135.25,5135.25,5134.75,5135.00,140
2022-01-05 07:34:00,5134.75,5134.75,5133.75,5134.00,196
2022-01-05 07:35:00,5134.25,5134.50,5133.75,5134.50,243
2022-01-05 07:36:00,5134.50,5134.50,5134.00,5134.25,237
2022-01-05 07:37:00,5134.00,5134.25,5133.50,5134.00,240
2022-01-05 07:38:00,5134.00,5134.25,5133.00,5133.25,410
2022-01-05 07:39:00,5133.25,5133.75,5132.50,5132.50,636
2022-01-05 07:40:00,5132.50,5132.75,5132.25,5132.50,195
2022-01-05 07:41:00,5132.50,5132.75,5132.25,5132.75,192
2022-01-05 07:42:00,5132.75,5132.75,5131.75,5132.00,240
2022-01-05 07:43:00,5132.00,5132.50,5131.50,5132.00,267
2022-01-05 07:44:00,5132.00,5132.25,5131.50,5132.00,160
2022-01-05 07:45:00,5132.00,5132.25,5131.75,5132.00,141
2022-01-05 07:46:00,5131.75,5131.75,5130.75,5131.50,502
2022-01-05 07:47:00,5131.25,5131.25,5130.75,5131.00,236
2022-01-05 07:48:00,5131.00,5131.25,5130.25,5130.75,296
2022-01-05 07:49:00,5130.75,5131.00,5129.75,5130.00,968
2022-01-05 07:50:00,5130.00,5130.75,5130.00,5130.25,558
2022-01-05 07:51:00,5130.50,5130.50,5129.75,5130.00,335
2022-01-05 07:52:00,5130.25,5130.25,5129.75,5129.75,294
2022-01-05 07:53:00,5129.75,5130.25,5129.75,5130.25,459
2022-01-05 07:54:00,5130.25,5130.25,5130.00,5130.25,199
2022-01-05 07:55:00,5130.25,5130.25,5129.75,5129.75,262
2022-01-05 07:56:00,5130.00,5130.75,5129.75,5130.50,329
2022-01-05 07:57:00,5130.50,5132.00,5130.50,5131.50,996
2022-01-05 07:58:00,5131.50,5131.50,5130.50,5131.25,482
2022-01-05 07:59:00,5131.00,5132.00,5131.00,5132.00,428
2022-01-05 08:00:00,5132.00,5133.50,5131.75,5133.00,1059
2022-01-05 08:01:00,5133.25,5133.50,5132.00,5132.25,402
2022-01-05 08:02:00,5132.50,5133.25,5132.25,5132.75,425
2022-01-05 08:03:00,5132.75,5132.75,5131.75,5132.25,266
2022-01-05 08:04:00,5132.25,5132.50,5132.00,5132.00,294
2022-01-05 08:05:00,5132.00,5133.50,5132.00,5133.50,614
2022-01-05 08:06:00,5133.25,5133.50,5131.75,5131.75,282
2022-01-05 08:07:00,5131.75,5132.50,5131.75,5132.25,267
2022-01-05 08:08:00,5132.25,5133.75,5132.25,5133.75,419
2022-01-05 08:09:00,5133.75,5133.75,5131.75,5132.00,551
2022-01-05 08:10:00,5132.00,5132.00,5130.25,5130.50,534
2022-01-05 08:11:00,5130.50,5130.50,5129.75,5130.00,523
2022-01-05 08:12:00,5130.00,5131.00,5129.75,5130.25,572
2022-01-05 08:13:00,5130.50,5130.75,5130.00,5130.00,263
2022-01-05 08:14:00,5130.00,5130.25,5129.75,5130.00,268
2022-01-05 08:15:00,5130.00,5133.25,5127.75,5132.00,2303
2022-01-05 08:16:00,5132.25,5134.00,5131.50,5132.00,1345
2022-01-05 08:17:00,5131.75,5133.50,5130.75,5133.25,1343
2022-01-05 08:18:00,5133.25,5133.75,5132.25,5132.75,739
2022-01-05 08:19:00,5132.75,5133.75,5132.25,5132.50,657
2022-01-05 08:20:00,5132.75,5133.00,5131.50,5133.00,725
2022-01-05 08:21:00,5132.75,5133.25,5132.00,5132.25,834
2022-01-05 08:22:00,5132.25,5133.00,5132.25,5132.75,350
2022-01-05 08:23:00,5132.75,5133.00,5132.25,5132.50,317
2022-01-05 08:24:00,5132.50,5133.50,5132.50,5133.25,349
2022-01-05 08:25:00,5133.25,5134.25,5132.75,5133.75,510
2022-01-05 08:26:00,5133.50,5134.25,5133.25,5133.75,410
2022-01-05 08:27:00,5134.00,5134.25,5133.50,5134.00,407
2022-01-05 08:28:00,5134.00,5135.00,5133.50,5134.00,476
2022-01-05 08:29:00,5134.25,5134.25,5133.00,5133.75,304
2022-01-05 08:30:00,5133.75,5134.50,5133.25,5133.75,550
2022-01-05 08:31:00,5133.75,5134.00,5132.50,5133.75,469
2022-01-05 08:32:00,5134.00,5135.25,5133.25,5134.00,860
2022-01-05 08:33:00,5134.00,5135.00,5133.50,5134.75,404
2022-01-05 08:34:00,5134.50,5134.50,5133.75,5134.50,395
2022-01-05 08:35:00,5134.50,5135.00,5134.25,5134.50,343
2022-01-05 08:36:00,5134.50,5134.75,5134.00,5134.50,428
2022-01-05 08:37:00,5134.25,5134.50,5132.75,5133.25,642
2022-01-05 08:38:00,5133.25,5133.75,5132.50,5132.75,369
2022-01-05 08:39:00,5133.00,5133.25,5132.25,5133.25,341
2022-01-05 08:40:00,5133.00,5133.75,5133.00,5133.50,229
2022-01-05 08:41:00,5133.75,5133.75,5132.75,5133.50,183
2022-01-05 08:42:00,5133.25,5133.50,5132.50,5132.50,271
2022-01-05 08:43:00,5132.50,5133.75,5132.25,5133.25,638
2022-01-05 08:44:00,5133.50,5134.25,5133.25,5133.50,255
2022-01-05 08:45:00,5133.50,5134.25,5133.00,5133.00,389
2022-01-05 08:46:00,5133.25,5133.75,5132.75,5132.75,197
2022-01-05 08:47:00,5133.00,5133.25,5132.50,5132.50,308
2022-01-05 08:48:00,5132.75,5132.75,5132.00,5132.50,359
2022-01-05 08:49:00,5132.75,5132.75,5131.00,5132.25,855
2022-01-05 08:50:00,5132.00,5132.75,5131.75,5132.25,405
2022-01-05 08:51:00,5132.50,5133.00,5132.25,5132.75,215
2022-01-05 08:52:00,5132.75,5133.25,5132.50,5132.75,340
2022-01-05 08:53:00,5133.00,5133.75,5132.75,5133.75,310
2022-01-05 08:54:00,5133.75,5135.75,5133.50,5135.25,1001
2022-01-05 08:55:00,5135.50,5136.50,5135.00,5136.25,1072
2022-01-05 08:56:00,5136.25,5136.75,5135.75,5136.25,529
2022-01-05 08:57:00,5136.25,5136.75,5135.50,5135.75,549
2022-01-05 08:58:00,5135.75,5135.75,5135.25,5135.75,286
2022-01-05 08:59:00,5135.50,5135.75,5135.00,5135.25,618
2022-01-05 09:00:00,5135.25,5136.50,5134.75,5135.00,1360
2022-01-05 09:01:00,5135.00,5136.00,5134.50,5135.00,593
2022-01-05 09:02:00,5135.00,5135.25,5134.50,5135.25,364
2022-01-05 09:03:00,5135.25,5135.75,5134.75,5135.25,298
2022-01-05 09:04:00,5135.25,5135.25,5132.50,5132.75,907
2022-01-05 09:05:00,5133.00,5133.50,5132.25,5133.50,491
2022-01-05 09:06:00,5133.50,5133.75,5133.00,5133.25,383
2022-01-05 09:07:00,5133.25,5133.50,5132.50,5133.00,391
2022-01-05 09:08:00,5133.00,5133.75,5131.75,5132.00,510
2022-01-05 09:09:00,5132.00,5132.25,5131.25,5131.75,401
2022-01-05 09:10:00,5132.00,5133.25,5131.75,5133.00,455
2022-01-05 09:11:00,5133.00,5133.75,5133.00,5133.50,334
2022-01-05 09:12:00,5133.50,5134.75,5133.25,5134.25,837
2022-01-05 09:13:00,5134.50,5135.25,5134.25,5135.00,393
2022-01-05 09:14:00,5134.75,5135.50,5134.75,5135.50,499
2022-01-05 09:15:00,5135.50,5136.50,5135.25,5135.75,761
2022-01-05 09:16:00,5135.75,5136.00,5134.75,5134.75,463
2022-01-05 09:17:00,5135.00,5135.00,5134.50,5135.00,235
2022-01-05 09:18:00,5135.00,5135.50,5134.50,5135.25,220
2022-01-05 09:19:00,5135.25,5135.50,5135.00,5135.25,349
2022-01-05 09:20:00,5135.25,5135.75,5134.75,5135.50,381
2022-01-05 09:21:00,5135.50,5135.75,5135.00,5135.25,228
2022-01-05 09:22:00,5135.50,5135.50,5134.75,5134.75,376
2022-01-05 09:23:00,5134.75,5135.25,5134.00,5134.25,674
2022-01-05 09:24:00,5134.25,5136.00,5134.00,5135.50,882
2022-01-05 09:25:00,5135.75,5136.00,5134.75,5135.00,678
2022-01-05 09:26:00,5134.75,5135.25,5134.25,5135.00,1148
2022-01-05 09:27:00,5135.00,5135.00,5133.75,5134.00,541
2022-01-05 09:28:00,5134.25,5134.25,5132.50,5133.00,1470
2022-01-05 09:29:00,5133.00,5134.00,5132.25,5133.25,1684
2022-01-05 09:30:00,5133.00,5138.00,5131.50,5135.00,13471
2022-01-05 09:31:00,5135.25,5137.25,5132.25,5132.75,6485
2022-01-05 09:32:00,5132.75,5132.75,5126.50,5128.00,9713
2022-01-05 09:33:00,5127.75,5129.25,5126.00,5127.25,7251
2022-01-05 09:34:00,5127.25,5129.00,5125.00,5125.00,5545
2022-01-05 09:35:00,5125.00,5126.75,5122.75,5126.50,7660
2022-01-05 09:36:00,5126.50,5131.50,5124.75,5130.75,6742
2022-01-05 09:37:00,5130.75,5131.75,5128.00,5128.00,5330
2022-01-05 09:38:00,5128.25,5129.50,5125.75,5128.75,5394
2022-01-05 09:39:00,5128.75,5129.25,5126.75,5127.50,3807
2022-01-05 09:40:00,5127.50,5131.75,5127.25,5131.00,5936
2022-01-05 09:41:00,5131.00,5136.25,5130.75,5132.00,10018
2022-01-05 09:42:00,5132.00,5134.00,5127.25,5128.00,6054
2022-01-05 09:43:00,5128.00,5130.00,5126.50,5129.50,3749
2022-01-05 09:44:00,5129.50,5130.50,5128.00,5129.75,2212
2022-01-05 09:45:00,5129.50,5130.50,5127.25,5128.75,3768
2022-01-05 09:46:00,5128.50,5130.25,5126.25,5126.25,4836
2022-01-05 09:47:00,5126.25,5128.25,5125.00,5126.50,4820
2022-01-05 09:48:00,5126.50,5128.00,5124.75,5127.75,3859
2022-01-05 09:49:00,5127.50,5128.50,5126.50,5128.25,3310
2022-01-05 09:50:00,5128.25,5131.75,5126.50,5130.75,6206
2022-01-05 09:51:00,5130.75,5134.75,5130.00,5133.75,4724
2022-01-05 09:52:00,5133.75,5136.00,5131.75,5132.25,9072
2022-01-05 09:53:00,5132.25,5134.50,5132.00,5132.25,3881
2022-01-05 09:54:00,5132.25,5132.50,5130.25,5132.25,3895
2022-01-05 09:55:00,5132.00,5134.50,5131.00,5134.50,4466
2022-01-05 09:56:00,5134.50,5135.75,5132.00,5132.25,4334
2022-01-05 09:57:00,5132.25,5133.75,5132.00,5132.75,3516
2022-01-05 09:58:00,5132.50,5133.50,5131.25,5133.25,2470
2022-01-05 09:59:00,5133.00,5134.00,5132.50,5133.50,2311
2022-01-05 10:00:00,5133.25,5135.75,5132.00,5134.00,6512
2022-01-05 10:01:00,5134.00,5135.50,5131.00,5131.25,5341
2022-01-05 10:02:00,5131.25,5133.00,5131.25,5132.75,3461
2022-01-05 10:03:00,5132.75,5132.75,5129.75,5132.25,3537
2022-01-05 10:04:00,5132.00,5132.50,5128.75,5130.00,3810
2022-01-05 10:05:00,5130.25,5132.75,5129.75,5132.50,3763
2022-01-05 10:06:00,5132.25,5133.75,5132.00,5132.75,2637
2022-01-05 10:07:00,5133.00,5133.25,5131.25,5131.50,1974
2022-01-05 10:08:00,5131.50,5134.75,5131.50,5132.75,2445
2022-01-05 10:09:00,5132.75,5133.50,5131.25,5132.00,1981
2022-01-05 10:10:00,5132.00,5133.25,5131.00,5132.00,2907
2022-01-05 10:11:00,5132.00,5132.75,5131.50,5132.25,1824
2022-01-05 10:12:00,5132.00,5134.00,5131.75,5133.00,2286
2022-01-05 10:13:00,5133.00,5134.00,5130.50,5131.00,2218
2022-01-05 10:14:00,5131.00,5131.50,5130.00,5131.25,2259
2022-01-05 10:15:00,5131.25,5132.75,5130.75,5131.75,2342
2022-01-05 10:16:00,5131.75,5132.75,5130.50,5132.00,2717
2022-01-05 10:17:00,5131.75,5133.50,5131.50,5132.00,2477
2022-01-05 10:18:00,5132.00,5133.00,5130.50,5131.00,2027
2022-01-05 10:19:00,5130.75,5132.50,5130.50,5131.75,1875
2022-01-05 10:20:00,5131.50,5133.75,5131.50,5133.25,2229
2022-01-05 10:21:00,5133.25,5136.25,5132.75,5136.25,4334
2022-01-05 10:22:00,5136.25,5137.00,5134.75,5135.75,2759
2022-01-05 10:23:00,5135.75,5136.75,5133.25,5134.75,5358
2022-01-05 10:24:00,5134.50,5136.00,5133.75,5135.50,1625
2022-01-05 10:25:00,5135.75,5140.50,5135.50,5139.75,7098
2022-01-05 10:26:00,5139.75,5141.00,5138.50,5138.75,5065
2022-01-05 10:27:00,5138.75,5139.75,5138.00,5138.75,3760
2022-01-05 10:28:00,5138.75,5139.50,5137.50,5137.75,3471
2022-01-05 10:29:00,5138.00,5139.50,5137.50,5138.75,2975
2022-01-05 10:30:00,5138.75,5138.75,5135.25,5136.00,4812
2022-01-05 10:31:00,5136.25,5136.25,5134.50,5135.00,3341
2022-01-05 10:32:00,5135.00,5135.75,5133.75,5134.75,2734
2022-01-05 10:33:00,5134.75,5135.00,5131.75,5133.50,3920
2022-01-05 10:34:00,5133.50,5133.50,5131.75,5132.50,3081
2022-01-05 10:35:00,5132.75,5135.25,5132.25,5135.00,3226
2022-01-05 10:36:00,5135.00,5135.00,5132.75,5134.00,2319
2022-01-05 10:37:00,5134.25,5134.75,5133.00,5134.25,2044
2022-01-05 10:38:00,5134.50,5134.50,5131.50,5131.75,2521
2022-01-05 10:39:00,5132.00,5133.00,5131.00,5132.75,3034
2022-01-05 10:40:00,5133.00,5133.50,5132.25,5132.50,1713
2022-01-05 10:41:00,5132.75,5133.50,5132.25,5133.00,1746
2022-01-05 10:42:00,5133.25,5134.25,5132.50,5133.25,2147
2022-01-05 10:43:00,5133.50,5134.25,5132.00,5133.75,1821
2022-01-05 10:44:00,5133.75,5135.00,5133.00,5134.25,1802
2022-01-05 10:45:00,5134.00,5135.00,5133.25,5133.75,2199
2022-01-05 10:46:00,5134.00,5134.00,5132.00,5132.25,2068
2022-01-05 10:47:00,5132.50,5132.50,5130.75,5132.25,2408
2022-01-05 10:48:00,5132.25,5133.75,5131.50,5132.75,1619
2022-01-05 10:49:00,5133.00,5133.75,5132.75,5133.25,1363
2022-01-05 10:50:00,5133.25,5133.50,5130.50,5132.25,1974
2022-01-05 10:51:00,5132.25,5132.25,5131.00,5131.50,1221
2022-01-05 10:52:00,5131.50,5132.50,5131.25,5132.50,1248
2022-01-05 10:53:00,5132.50,5133.00,5132.00,5132.50,1342
2022-01-05 10:54:00,5132.75,5134.00,5131.50,5133.25,1599
2022-01-05 10:55:00,5133.50,5134.50,5132.25,5132.25,3159
2022-01-05 10:56:00,5132.50,5133.25,5131.50,5132.75,2345
2022-01-05 10:57:00,5132.75,5134.50,5132.50,5133.50,2226
2022-01-05 10:58:00,5133.50,5133.50,5132.50,5133.25,1112
2022-01-05 10:59:00,5133.50,5134.75,5133.00,5134.00,1449
2022-01-05 11:00:00,5134.00,5135.25,5134.00,5134.50,1878
2022-01-05 11:01:00,5134.50,5135.00,5134.00,5134.00,1595
2022-01-05 11:02:00,5134.00,5134.50,5133.00,5134.00,1710
2022-01-05 11:03:00,5133.75,5133.75,5132.00,5132.25,1659
2022-01-05 11:04:00,5132.25,5132.50,5130.50,5130.50,1662
2022-01-05 11:05:00,5130.75,5132.25,5130.50,5130.75,1863
2022-01-05 11:06:00,5130.75,5131.25,5129.00,5129.50,2534
2022-01-05 11:07:00,5129.50,5130.00,5129.25,5129.25,2221
2022-01-05 11:08:00,5129.25,5130.00,5127.75,5128.25,3024
2022-01-05 11:09:00,5128.25,5129.25,5127.75,5128.50,2117
2022-01-05 11:10:00,5128.50,5129.25,5127.00,5127.25,4966
2022-01-05 11:11:00,5127.50,5127.75,5126.00,5126.50,2430
2022-01-05 11:12:00,5126.50,5128.75,5126.50,5128.00,3395
2022-01-05 11:13:00,5128.25,5129.75,5127.75,5129.25,1540
2022-01-05 11:14:00,5129.50,5130.50,5128.75,5130.50,2072
2022-01-05 11:15:00,5130.25,5131.50,5130.00,5131.25,2055
2022-01-05 11:16:00,5131.00,5131.75,5130.50,5131.00,1564
2022-01-05 11:17:00,5131.25,5132.25,5130.00,5131.25,1879
2022-01-05 11:18:00,5131.50,5132.00,5130.75,5132.00,1724
2022-01-05 11:19:00,5131.75,5132.00,5130.00,5130.75,1348
2022-01-05 11:20:00,5130.75,5131.25,5130.25,5130.75,1386
2022-01-05 11:21:00,5131.00,5132.75,5131.00,5132.25,1579
2022-01-05 11:22:00,5132.25,5132.25,5130.50,5130.75,1124
2022-01-05 11:23:00,5130.75,5131.00,5129.50,5130.50,1269
2022-01-05 11:24:00,5130.75,5131.50,5130.00,5130.75,999
2022-01-05 11:25:00,5130.75,5132.00,5130.75,5131.00,895
2022-01-05 11:26:00,5131.00,5131.75,5130.50,5131.25,801
2022-01-05 11:27:00,5131.25,5131.50,5130.75,5131.25,604
2022-01-05 11:28:00,5131.25,5133.00,5131.00,5132.00,1972
2022-01-05 11:29:00,5132.00,5133.75,5131.75,5133.25,1403
2022-01-05 11:30:00,5133.50,5134.00,5132.25,5132.50,2027
2022-01-05 11:31:00,5132.50,5132.50,5130.75,5131.50,1582
2022-01-05 11:32:00,5131.50,5131.50,5129.25,5129.75,1947
2022-01-05 11:33:00,5129.75,5130.00,5129.00,5129.50,1884
2022-01-05 11:34:00,5129.25,5129.50,5128.50,5129.25,1768
2022-01-05 11:35:00,5129.25,5130.50,5129.00,5130.00,1614
2022-01-05 11:36:00,5129.75,5130.00,5128.50,5129.25,1154
2022-01-05 11:37:00,5129.25,5129.50,5127.50,5128.25,1506
2022-01-05 11:38:00,5128.00,5129.50,5128.00,5129.50,918
2022-01-05 11:39:00,5129.25,5130.50,5129.25,5130.00,1213
2022-01-05 11:40:00,5129.75,5130.50,5129.50,5130.25,1197
2022-01-05 11:41:00,5130.25,5130.50,5128.50,5128.75,1720
2022-01-05 11:42:00,5128.75,5128.75,5126.25,5126.75,2943
2022-01-05 11:43:00,5126.75,5128.25,5126.25,5126.50,1820
2022-01-05 11:44:00,5126.25,5127.00,5124.25,5125.25,3591
2022-01-05 11:45:00,5125.25,5126.50,5124.75,5125.00,2262
2022-01-05 11:46:00,5125.00,5125.50,5124.25,5125.50,2857
2022-01-05 11:47:00,5125.25,5127.00,5125.00,5126.00,1707
2022-01-05 11:48:00,5125.75,5127.25,5125.75,5125.75,1310
2022-01-05 11:49:00,5125.75,5126.00,5124.75,5125.75,1453
2022-01-05 11:50:00,5125.75,5126.75,5125.25,5125.75,1113
2022-01-05 11:51:00,5125.50,5126.50,5124.75,5124.75,1398
2022-01-05 11:52:00,5124.75,5125.25,5124.25,5124.75,1218
2022-01-05 11:53:00,5124.75,5125.25,5124.25,5124.50,2495
2022-01-05 11:54:00,5124.50,5126.00,5124.25,5125.00,1789
2022-01-05 11:55:00,5124.75,5126.25,5124.75,5125.75,1432
2022-01-05 11:56:00,5125.75,5126.50,5125.50,5126.25,725
2022-01-05 11:57:00,5126.00,5127.25,5125.75,5127.00,1774
2022-01-05 11:58:00,5126.75,5127.75,5126.00,5127.00,1821
2022-01-05 11:59:00,5127.00,5127.00,5126.00,5126.50,896
2022-01-05 12:00:00,5126.75,5127.00,5124.75,5127.00,1535
2022-01-05 12:01:00,5126.75,5127.00,5126.00,5126.25,682
2022-01-05 12:02:00,5126.25,5127.75,5126.25,5127.75,1046
2022-01-05 12:03:00,5127.75,5129.25,5127.75,5127.75,1533
2022-01-05 12:04:00,5127.75,5129.75,5127.00,5129.50,1892
2022-01-05 12:05:00,5129.50,5130.00,5128.25,5129.25,1632
2022-01-05 12:06:00,5129.25,5130.25,5129.00,5129.25,774
2022-01-05 12:07:00,5129.25,5129.75,5128.75,5129.25,1138
2022-01-05 12:08:00,5129.25,5129.25,5127.50,5128.25,1697
2022-01-05 12:09:00,5128.25,5128.75,5127.00,5128.25,1239
2022-01-05 12:10:00,5128.25,5129.50,5128.00,5128.50,944
2022-01-05 12:11:00,5128.50,5129.25,5128.25,5129.00,755
2022-01-05 12:12:00,5129.00,5130.00,5128.75,5129.25,1117
2022-01-05 12:13:00,5129.25,5129.50,5128.25,5128.75,835
2022-01-05 12:14:00,5129.00,5130.50,5128.50,5130.25,920
2022-01-05 12:15:00,5130.50,5130.75,5129.25,5130.25,1283
2022-01-05 12:16:00,5130.25,5131.50,5130.00,5130.25,1340
2022-01-05 12:17:00,5130.00,5131.75,5129.75,5130.50,1496
2022-01-05 12:18:00,5130.25,5131.50,5130.00,5131.00,1177
2022-01-05 12:19:00,5130.75,5131.50,5130.25,5131.50,693
2022-01-05 12:20:00,5131.25,5131.25,5130.50,5130.50,815
2022-01-05 12:21:00,5130.50,5131.25,5130.00,5131.25,655
2022-01-05 12:22:00,5131.25,5132.50,5131.25,5131.75,1842
2022-01-05 12:23:00,5131.75,5132.50,5131.50,5132.00,1216
2022-01-05 12:24:00,5131.75,5132.25,5131.50,5131.50,859
2022-01-05 12:25:00,5131.50,5133.50,5131.50,5132.50,2295
2022-01-05 12:26:00,5132.50,5133.50,5132.25,5132.50,1159
2022-01-05 12:27:00,5132.50,5133.00,5132.25,5132.25,1971
2022-01-05 12:28:00,5132.25,5133.75,5132.25,5132.75,1305
2022-01-05 12:29:00,5132.75,5133.00,5131.50,5132.50,1205
2022-01-05 12:30:00,5132.50,5133.00,5131.75,5132.25,2234
2022-01-05 12:31:00,5132.00,5132.00,5130.25,5130.25,3348
2022-01-05 12:32:00,5130.50,5131.00,5129.50,5130.75,1379
2022-01-05 12:33:00,5131.00,5131.50,5128.75,5129.75,3952
2022-01-05 12:34:00,5129.75,5130.25,5129.25,5129.50,1187
2022-01-05 12:35:00,5129.25,5129.75,5127.75,5129.25,1759
2022-01-05 12:36:00,5129.25,5129.25,5125.50,5125.75,4859
2022-01-05 12:37:00,5125.75,5126.00,5123.00,5124.50,5719
2022-01-05 12:38:00,5124.75,5124.75,5123.00,5124.00,2241
2022-01-05 12:39:00,5124.00,5125.50,5123.25,5124.25,2515
2022-01-05 12:40:00,5124.00,5125.75,5123.50,5124.25,2306
2022-01-05 12:41:00,5124.00,5124.75,5123.75,5124.25,1255
2022-01-05 12:42:00,5124.00,5124.75,5123.50,5124.25,1702
2022-01-05 12:43:00,5124.00,5124.25,5121.75,5124.00,3458
2022-01-05 12:44:00,5124.00,5124.50,5122.00,5123.00,4298
2022-01-05 12:45:00,5123.25,5123.25,5121.25,5123.00,2077
2022-01-05 12:46:00,5123.00,5124.00,5122.25,5122.75,1873
2022-01-05 12:47:00,5123.00,5123.25,5121.75,5122.25,1919
2022-01-05 12:48:00,5122.00,5122.50,5121.25,5121.50,1244
2022-01-05 12:49:00,5121.50,5121.75,5120.25,5121.75,2174
2022-01-05 12:50:00,5121.75,5122.50,5120.75,5121.25,1496
2022-01-05 12:51:00,5121.00,5121.25,5120.25,5120.50,1512
2022-01-05 12:52:00,5120.50,5122.25,5119.75,5122.25,2603
2022-01-05 12:53:00,5122.25,5123.00,5121.50,5123.00,1556
2022-01-05 12:54:00,5122.75,5123.25,5122.25,5122.75,1524
2022-01-05 12:55:00,5122.75,5123.25,5121.75,5122.00,1905
2022-01-05 12:56:00,5122.00,5122.75,5121.25,5121.25,761
2022-01-05 12:57:00,5121.50,5122.50,5121.25,5121.75,1146
2022-01-05 12:58:00,5121.75,5121.75,5121.00,5121.25,881
2022-01-05 12:59:00,5121.00,5121.25,5120.00,5120.75,1808
2022-01-05 13:00:00,5120.50,5120.50,5118.50,5119.50,4162
2022-01-05 13:01:00,5119.50,5121.50,5119.50,5121.25,2310
2022-01-05 13:02:00,5121.25,5121.25,5119.25,5119.50,1618
2022-01-05 13:03:00,5119.50,5119.75,5118.75,5119.50,1584
2022-01-05 13:04:00,5119.50,5121.00,5119.50,5120.75,2449
2022-01-05 13:05:00,5120.75,5121.25,5119.75,5120.00,1596
2022-01-05 13:06:00,5120.00,5120.25,5118.75,5119.50,1917
2022-01-05 13:07:00,5119.75,5119.75,5118.50,5119.00,2153
2022-01-05 13:08:00,5118.75,5119.00,5117.75,5118.25,2175
2022-01-05 13:09:00,5118.25,5118.50,5115.50,5116.25,6135
2022-01-05 13:10:00,5116.50,5117.50,5115.50,5115.50,2555
2022-01-05 13:11:00,5115.50,5115.75,5114.00,5114.50,4756
2022-01-05 13:12:00,5114.50,5115.50,5114.00,5115.50,2705
2022-01-05 13:13:00,5115.25,5116.00,5114.50,5115.25,1997
2022-01-05 13:14:00,5115.00,5117.00,5114.75,5116.75,2203
2022-01-05 13:15:00,5116.50,5119.00,5116.50,5118.50,3478
2022-01-05 13:16:00,5118.50,5119.25,5117.75,5118.00,1908
2022-01-05 13:17:00,5118.00,5118.50,5116.75,5118.25,1593
2022-01-05 13:18:00,5118.00,5118.50,5117.25,5117.50,1432
2022-01-05 13:19:00,5117.25,5118.00,5116.75,5117.50,1577
2022-01-05 13:20:00,5117.50,5119.50,5117.50,5119.25,1702
2022-01-05 13:21:00,5119.25,5121.25,5119.25,5121.25,2987
2022-01-05 13:22:00,5121.00,5121.00,5120.00,5120.25,1941
2022-01-05 13:23:00,5120.25,5120.75,5119.25,5120.00,1599
2022-01-05 13:24:00,5119.75,5120.25,5119.25,5120.00,3041
2022-01-05 13:25:00,5120.25,5120.75,5119.00,5119.25,1562
2022-01-05 13:26:00,5119.50,5120.50,5119.00,5119.25,1165
2022-01-05 13:27:00,5119.25,5120.75,5119.25,5120.00,1357
2022-01-05 13:28:00,5120.00,5120.25,5119.50,5119.75,1101
2022-01-05 13:29:00,5119.75,5120.00,5119.25,5119.50,1010
2022-01-05 13:30:00,5119.50,5121.75,5119.25,5121.00,2502
2022-01-05 13:31:00,5121.00,5122.25,5121.00,5121.25,1959
2022-01-05 13:32:00,5121.25,5121.25,5120.00,5120.75,1174
2022-01-05 13:33:00,5120.50,5120.75,5119.75,5120.25,1341
2022-01-05 13:34:00,5120.25,5120.50,5119.50,5119.75,1242
2022-01-05 13:35:00,5119.75,5121.25,5119.50,5120.75,1372
2022-01-05 13:36:00,5120.75,5121.00,5120.00,5120.00,1142
2022-01-05 13:37:00,5119.75,5120.50,5119.50,5119.50,1493
2022-01-05 13:38:00,5119.25,5119.50,5117.75,5118.75,2539
2022-01-05 13:39:00,5118.75,5120.75,5118.75,5120.25,1644
2022-01-05 13:40:00,5120.00,5122.25,5120.00,5121.75,1653
2022-01-05 13:41:00,5121.50,5121.75,5120.00,5120.00,1686
2022-01-05 13:42:00,5120.00,5120.50,5119.50,5120.25,742
2022-01-05 13:43:00,5120.00,5121.00,5119.50,5120.50,1050
2022-01-05 13:44:00,5120.00,5121.00,5119.50,5119.75,840
2022-01-05 13:45:00,5119.75,5121.25,5119.75,5120.75,1967
2022-01-05 13:46:00,5120.50,5120.75,5120.00,5120.00,877
2022-01-05 13:47:00,5119.75,5120.00,5119.25,5119.50,577
2022-01-05 13:48:00,5119.50,5119.50,5118.25,5118.25,1317
2022-01-05 13:49:00,5118.25,5118.50,5116.75,5117.50,2093
2022-01-05 13:50:00,5117.50,5119.50,5117.50,5119.00,2156
2022-01-05 13:51:00,5119.00,5119.25,5117.50,5117.75,1375
2022-01-05 13:52:00,5117.75,5118.50,5117.25,5118.25,868
2022-01-05 13:53:00,5118.25,5119.25,5118.00,5118.50,1048
2022-01-05 13:54:00,5118.50,5119.50,5118.25,5118.75,763
2022-01-05 13:55:00,5118.50,5119.25,5118.50,5119.25,1088
2022-01-05 13:56:00,5119.00,5120.00,5119.00,5120.00,1168
2022-01-05 13:57:00,5119.75,5120.00,5118.75,5119.00,392
2022-01-05 13:58:00,5118.75,5119.00,5118.25,5118.25,617
2022-01-05 13:59:00,5118.00,5120.00,5117.50,5119.25,1438
2022-01-05 14:00:00,5119.50,5120.00,5117.25,5118.00,1436
2022-01-05 14:01:00,5118.00,5118.75,5117.00,5118.50,1442
2022-01-05 14:02:00,5118.50,5130.25,5118.50,5123.50,13083
2022-01-05 14:03:00,5123.25,5123.25,5113.25,5117.75,13702
2022-01-05 14:04:00,5117.75,5121.25,5113.25,5113.25,13417
2022-01-05 14:05:00,5113.50,5115.75,5106.00,5109.75,17280
2022-01-05 14:06:00,5110.00,5115.75,5109.50,5110.25,8944
2022-01-05 14:07:00,5110.25,5114.00,5108.75,5110.25,6874
2022-01-05 14:08:00,5110.25,5115.75,5110.00,5114.25,6092
2022-01-05 14:09:00,5114.25,5115.75,5106.00,5107.75,8131
2022-01-05 14:10:00,5108.00,5108.50,5105.50,5106.00,6613
2022-01-05 14:11:00,5106.00,5107.75,5103.00,5104.00,8574
2022-01-05 14:12:00,5104.00,5104.50,5099.75,5100.50,9986
2022-01-05 14:13:00,5100.50,5101.75,5096.50,5097.75,9090
2022-01-05 14:14:00,5097.75,5100.75,5096.25,5100.00,7223
2022-01-05 14:15:00,5099.75,5102.50,5098.00,5102.00,6582
2022-01-05 14:16:00,5101.75,5104.50,5098.25,5099.50,8432
2022-01-05 14:17:00,5099.50,5101.00,5097.75,5100.50,4509
2022-01-05 14:18:00,5100.25,5100.50,5094.75,5095.00,5815
2022-01-05 14:19:00,5095.00,5097.75,5094.75,5096.25,5931
2022-01-05 14:20:00,5096.00,5100.50,5095.75,5100.25,5852
2022-01-05 14:21:00,5100.00,5100.25,5095.75,5096.50,4894
2022-01-05 14:22:00,5096.50,5098.50,5094.50,5096.00,4861
2022-01-05 14:23:00,5096.00,5096.50,5094.00,5094.50,3061
2022-01-05 14:24:00,5094.50,5097.25,5094.25,5096.75,5078
2022-01-05 14:25:00,5096.75,5096.75,5094.75,5095.50,3303
2022-01-05 14:26:00,5095.50,5098.75,5094.25,5097.50,5594
2022-01-05 14:27:00,5097.50,5101.25,5097.00,5099.00,7062
2022-01-05 14:28:00,5099.00,5101.50,5093.75,5094.25,13251
2022-01-05 14:29:00,5094.25,5098.00,5093.00,5094.75,7838
2022-01-05 14:30:00,5094.75,5099.50,5094.25,5098.75,4315
2022-01-05 14:31:00,5098.50,5098.50,5095.50,5097.00,5416
2022-01-05 14:32:00,5097.00,5097.25,5093.25,5094.00,3829
2022-01-05 14:33:00,5093.75,5095.75,5089.50,5089.75,8481
2022-01-05 14:34:00,5089.75,5090.75,5086.00,5086.75,11354
2022-01-05 14:35:00,5086.75,5088.25,5085.00,5086.00,10741
2022-01-05 14:36:00,5086.00,5090.25,5086.00,5089.00,6601
2022-01-05 14:37:00,5089.00,5090.00,5087.50,5089.00,3875
2022-01-05 14:38:00,5088.75,5089.50,5085.00,5085.25,3742
2022-01-05 14:39:00,5085.25,5085.50,5081.25,5084.50,9407
2022-01-05 14:40:00,5084.25,5084.50,5080.00,5080.50,7429
2022-01-05 14:41:00,5080.25,5081.00,5078.25,5079.75,6776
2022-01-05 14:42:00,5079.75,5081.25,5077.00,5077.50,6557
2022-01-05 14:43:00,5077.25,5078.25,5075.25,5076.75,10392
2022-01-05 14:44:00,5076.75,5078.25,5074.00,5074.75,6330
2022-01-05 14:45:00,5074.50,5076.50,5074.25,5075.25,6164
2022-01-05 14:46:00,5075.00,5076.25,5073.25,5074.00,7893
2022-01-05 14:47:00,5073.75,5077.75,5072.00,5077.00,8815
2022-01-05 14:48:00,5076.75,5077.50,5075.00,5076.75,5347
2022-01-05 14:49:00,5076.75,5080.50,5076.25,5080.00,7338
2022-01-05 14:50:00,5080.00,5081.75,5079.25,5081.25,5405
2022-01-05 14:51:00,5081.00,5083.25,5080.50,5083.00,5973
2022-01-05 14:52:00,5082.75,5083.25,5081.00,5081.50,4175
2022-01-05 14:53:00,5081.50,5082.25,5076.50,5076.75,5326
2022-01-05 14:54:00,5076.75,5081.25,5076.25,5080.50,5151
2022-01-05 14:55:00,5080.25,5080.25,5076.25,5076.50,5149
2022-01-05 14:56:00,5076.50,5078.75,5076.00,5077.00,3798
2022-01-05 14:57:00,5077.00,5080.00,5075.75,5077.50,4308
2022-01-05 14:58:00,5077.50,5080.50,5077.25,5078.25,4085
2022-01-05 14:59:00,5078.00,5079.00,5077.00,5077.75,4027
2022-01-05 15:00:00,5078.00,5078.00,5073.50,5073.50,6309
2022-01-05 15:01:00,5073.75,5074.75,5072.50,5073.00,5550
2022-01-05 15:02:00,5073.00,5073.50,5071.25,5071.75,6545
2022-01-05 15:03:00,5072.00,5075.25,5072.00,5073.75,5958
2022-01-05 15:04:00,5073.50,5074.25,5069.00,5069.25,7216
2022-01-05 15:05:00,5069.25,5071.50,5067.50,5067.50,6359
2022-01-05 15:06:00,5067.75,5068.75,5067.00,5068.25,6147
2022-01-05 15:07:00,5068.25,5069.00,5064.50,5066.00,7541
2022-01-05 15:08:00,5065.75,5066.00,5060.25,5062.00,10864
2022-01-05 15:09:00,5062.00,5066.75,5061.75,5065.75,6445
2022-01-05 15:10:00,5065.75,5067.00,5063.75,5064.25,6103
2022-01-05 15:11:00,5064.50,5068.25,5064.25,5067.75,7696
2022-01-05 15:12:00,5067.75,5069.75,5066.25,5069.00,5723
2022-01-05 15:13:00,5068.75,5071.50,5068.50,5070.25,4581
2022-01-05 15:14:00,5070.25,5071.25,5067.00,5069.50,4287
2022-01-05 15:15:00,5069.25,5069.25,5064.75,5065.75,5539
2022-01-05 15:16:00,5065.75,5070.00,5065.50,5066.25,5268
2022-01-05 15:17:00,5066.00,5069.50,5065.50,5069.25,6010
2022-01-05 15:18:00,5069.25,5070.00,5066.00,5067.25,5299
2022-01-05 15:19:00,5067.25,5068.00,5065.25,5067.75,5611
2022-01-05 15:20:00,5067.50,5070.25,5063.75,5064.50,5065
2022-01-05 15:21:00,5064.50,5065.25,5063.25,5063.75,5366
2022-01-05 15:22:00,5063.75,5066.25,5063.25,5063.75,3784
2022-01-05 15:23:00,5063.75,5067.75,5063.00,5064.75,5329
2022-01-05 15:24:00,5065.00,5067.00,5065.00,5066.25,4096
2022-01-05 15:25:00,5066.25,5066.50,5063.00,5064.00,3593
2022-01-05 15:26:00,5063.75,5069.75,5063.50,5068.50,5585
2022-01-05 15:27:00,5068.50,5068.50,5064.25,5064.75,5148
2022-01-05 15:28:00,5064.75,5067.75,5063.25,5064.50,4475
2022-01-05 15:29:00,5064.50,5065.25,5062.50,5063.75,4160
2022-01-05 15:30:00,5063.75,5064.00,5060.50,5063.25,6073
2022-01-05 15:31:00,5063.00,5067.25,5061.50,5065.25,6319
2022-01-05 15:32:00,5065.00,5066.75,5061.50,5062.50,5257
2022-01-05 15:33:00,5062.75,5065.00,5062.00,5064.75,4215
2022-01-05 15:34:00,5064.75,5065.00,5061.25,5063.50,4774
2022-01-05 15:35:00,5063.50,5064.25,5060.75,5063.50,5069
2022-01-05 15:36:00,5063.25,5067.00,5062.50,5065.50,5669
2022-01-05 15:37:00,5065.75,5068.75,5065.25,5068.50,5293
2022-01-05 15:38:00,5068.50,5072.50,5068.25,5070.75,6501
2022-01-05 15:39:00,5070.50,5070.75,5066.00,5067.25,4760
2022-01-05 15:40:00,5067.00,5070.25,5066.25,5068.25,4741
2022-01-05 15:41:00,5068.50,5070.25,5067.00,5069.25,4704
2022-01-05 15:42:00,5069.25,5069.25,5065.00,5066.00,4036
2022-01-05 15:43:00,5065.75,5068.75,5065.50,5067.50,4678
2022-01-05 15:44:00,5067.25,5067.25,5063.25,5063.75,5156
2022-01-05 15:45:00,5064.00,5064.25,5060.25,5063.00,9761
2022-01-05 15:46:00,5062.75,5063.75,5060.25,5061.25,7400
2022-01-05 15:47:00,5061.25,5062.75,5058.25,5060.25,9581
2022-01-05 15:48:00,5060.25,5060.75,5056.50,5058.25,7294
2022-01-05 15:49:00,5058.25,5059.00,5055.75,5056.00,6944
2022-01-05 15:50:00,5056.25,5059.00,5053.50,5056.50,12948
2022-01-05 15:51:00,5056.50,5057.00,5054.00,5054.25,9103
2022-01-05 15:52:00,5054.50,5061.00,5054.00,5060.75,9968
2022-01-05 15:53:00,5060.75,5060.75,5056.75,5057.50,7878
2022-01-05 15:54:00,5057.75,5061.00,5056.00,5056.25,12809
2022-01-05 15:55:00,5056.50,5057.75,5053.00,5053.50,11641
2022-01-05 15:56:00,5053.75,5053.75,5049.50,5050.25,12123
2022-01-05 15:57:00,5050.25,5051.25,5048.00,5048.75,10308
2022-01-05 15:58:00,5048.75,5050.00,5047.50,5048.50,11777
2022-01-05 15:59:00,5048.75,5049.25,5043.75,5045.00,54768
2022-01-05 16:00:00,5045.00,5048.00,5044.75,5045.75,29447
2022-01-05 16:01:00,5046.00,5047.25,5044.50,5045.25,6048
2022-01-05 16:02:00,5045.50,5046.50,5045.25,5045.25,5241
2022-01-05 16:03:00,5045.50,5045.75,5045.00,5045.25,3877
2022-01-05 16:04:00,5045.50,5045.75,5042.25,5044.50,5908
2022-01-05 16:05:00,5044.25,5045.25,5042.75,5044.00,5719
2022-01-05 16:06:00,5044.00,5046.25,5043.00,5046.25,3587
2022-01-05 16:07:00,5046.25,5048.75,5046.00,5048.75,4213
2022-01-05 16:08:00,5048.50,5050.00,5048.50,5050.00,2455
2022-01-05 16:09:00,5049.75,5050.00,5048.00,5048.50,2460
2022-01-05 16:10:00,5048.50,5049.00,5047.75,5048.25,2104
2022-01-05 16:11:00,5048.25,5049.50,5048.00,5049.25,1550
2022-01-05 16:12:00,5049.25,5049.50,5048.25,5048.75,1396
2022-01-05 16:13:00,5049.00,5050.75,5049.00,5049.75,1869
2022-01-05 16:14:00,5050.00,5052.00,5050.00,5051.25,3927
2022-01-05 16:15:00,5051.00,5051.50,5049.75,5050.25,716
2022-01-05 16:16:00,5050.25,5051.00,5050.00,5051.00,342
2022-01-05 16:17:00,5050.75,5051.50,5050.00,5050.00,490
2022-01-05 16:18:00,5050.25,5051.00,5050.00,5050.75,498
2022-01-05 16:19:00,5050.75,5050.75,5049.75,5050.00,218
2022-01-05 16:20:00,5050.00,5051.00,5050.00,5050.00,342
2022-01-05 16:21:00,5050.00,5050.25,5049.75,5049.75,292
2022-01-05 16:22:00,5050.00,5050.00,5049.75,5050.00,402
2022-01-05 16:23:00,5050.00,5050.00,5049.25,5049.50,573
2022-01-05 16:24:00,5049.25,5049.50,5048.75,5049.00,343
2022-01-05 16:25:00,5049.25,5049.25,5048.25,5048.50,386
2022-01-05 16:26:00,5048.50,5049.00,5047.75,5047.75,469
2022-01-05 16:27:00,5048.00,5048.25,5047.75,5048.25,528
2022-01-05 16:28:00,5048.25,5048.50,5047.75,5048.00,333
2022-01-05 16:29:00,5048.00,5048.25,5047.75,5047.75,550
2022-01-05 16:30:00,5048.00,5048.25,5047.75,5048.00,347
2022-01-05 16:31:00,5048.00,5048.25,5047.75,5048.00,247
2022-01-05 16:32:00,5048.00,5048.25,5047.75,5048.25,116
2022-01-05 16:33:00,5048.25,5048.25,5048.00,5048.00,53
2022-01-05 16:34:00,5048.00,5048.25,5047.75,5048.00,928
2022-01-05 16:35:00,5047.75,5048.00,5047.75,5047.75,221
2022-01-05 16:36:00,5047.75,5048.00,5047.75,5047.75,132
2022-01-05 16:37:00,5048.00,5048.25,5047.75,5048.00,359
2022-01-05 16:38:00,5048.00,5048.25,5047.75,5048.00,176
2022-01-05 16:39:00,5048.00,5048.00,5047.75,5047.75,380
2022-01-05 16:40:00,5047.75,5048.25,5047.75,5048.00,947
2022-01-05 16:41:00,5048.00,5048.00,5046.50,5046.50,544
2022-01-05 16:42:00,5046.75,5046.75,5046.25,5046.25,245
2022-01-05 16:43:00,5046.25,5046.50,5045.75,5046.25,190
2022-01-05 16:44:00,5046.50,5046.50,5045.75,5045.75,224
2022-01-05 16:45:00,5046.00,5047.75,5046.00,5047.00,732
2022-01-05 16:46:00,5046.75,5047.25,5046.75,5047.00,132
2022-01-05 16:47:00,5047.00,5047.25,5046.25,5046.75,321
2022-01-05 16:48:00,5047.00,5047.00,5046.00,5046.50,263
2022-01-05 16:49:00,5046.50,5046.50,5044.75,5045.50,497
2022-01-05 16:50:00,5045.50,5046.75,5045.25,5046.50,332
2022-01-05 16:51:00,5046.50,5047.00,5046.00,5046.25,221
2022-01-05 16:52:00,5046.25,5047.00,5046.25,5046.75,276
2022-01-05 16:53:00,5046.75,5046.75,5045.75,5046.00,156
2022-01-05 16:54:00,5045.75,5046.00,5044.25,5044.75,566
2022-01-05 16:55:00,5044.75,5045.00,5043.00,5044.00,588
2022-01-05 16:56:00,5044.25,5044.25,5043.00,5043.00,278
2022-01-05 16:57:00,5043.25,5043.75,5043.25,5043.25,224
2022-01-05 16:58:00,5043.50,5044.50,5043.25,5044.25,411
2022-01-05 16:59:00,5044.50,5045.25,5044.25,5044.75,486
2022-01-05 18:00:00,5044.75,5046.75,5044.75,5046.25,926
2022-01-05 18:01:00,5046.50,5047.00,5045.50,5046.25,372
2022-01-05 18:02:00,5046.25,5047.00,5045.50,5046.25,208
2022-01-05 18:03:00,5046.25,5046.50,5046.00,5046.00,134
2022-01-05 18:04:00,5046.00,5046.00,5040.75,5041.00,1279
2022-01-05 18:05:00,5041.25,5041.75,5039.50,5041.00,1051
2022-01-05 18:06:00,5041.00,5041.00,5036.50,5037.25,1059
2022-01-05 18:07:00,5037.50,5038.00,5034.50,5035.25,915
2022-01-05 18:08:00,5035.50,5037.25,5035.25,5036.75,519
2022-01-05 18:09:00,5036.75,5038.00,5036.00,5037.75,302
2022-01-05 18:10:00,5038.00,5039.50,5038.00,5039.00,769
2022-01-05 18:11:00,5039.00,5039.25,5037.50,5038.50,252
2022-01-05 18:12:00,5038.50,5039.25,5037.00,5037.75,206
2022-01-05 18:13:00,5037.50,5039.50,5037.50,5038.25,367
2022-01-05 18:14:00,5038.25,5039.50,5038.25,5039.50,251
2022-01-05 18:15:00,5039.50,5041.50,5039.50,5040.50,482
2022-01-05 18:16:00,5040.50,5041.00,5039.75,5040.25,316
2022-01-05 18:17:00,5040.25,5040.75,5040.00,5040.50,152
2022-01-05 18:18:00,5040.75,5042.25,5040.00,5041.75,446
2022-01-05 18:19:00,5041.50,5042.75,5041.50,5042.00,592
2022-01-05 18:20:00,5042.00,5042.50,5041.50,5042.25,130
2022-01-05 18:21:00,5042.25,5044.00,5042.25,5042.50,424
2022-01-05 18:22:00,5042.50,5044.00,5042.50,5043.00,228
2022-01-05 18:23:00,5043.00,5044.50,5043.00,5044.25,345
2022-01-05 18:24:00,5044.50,5045.75,5044.25,5045.50,822
2022-01-05 18:25:00,5045.50,5046.75,5045.25,5046.00,477
2022-01-05 18:26:00,5046.00,5048.00,5045.25,5046.75,492
2022-01-05 18:27:00,5046.75,5048.25,5046.75,5048.00,444
2022-01-05 18:28:00,5048.00,5048.00,5046.50,5046.50,184
2022-01-05 18:29:00,5047.00,5048.25,5046.75,5048.25,196
2022-01-05 18:30:00,5048.25,5048.75,5047.50,5047.50,490
2022-01-05 18:31:00,5047.75,5050.00,5047.50,5049.00,442
2022-01-05 18:32:00,5049.25,5049.25,5048.50,5049.25,189
2022-01-05 18:33:00,5049.00,5050.00,5048.75,5050.00,351
2022-01-05 18:34:00,5049.75,5050.00,5048.75,5049.00,344
2022-01-05 18:35:00,5049.00,5049.50,5048.25,5048.25,304
2022-01-05 18:36:00,5048.50,5049.00,5047.50,5047.75,276
2022-01-05 18:37:00,5047.75,5048.00,5047.00,5047.50,305
2022-01-05 18:38:00,5047.25,5047.50,5045.75,5046.00,364
2022-01-05 18:39:00,5046.25,5048.50,5046.25,5048.25,249
2022-01-05 18:40:00,5048.25,5048.50,5047.00,5047.50,157
2022-01-05 18:41:00,5047.25,5048.00,5046.75,5047.25,154
2022-01-05 18:42:00,5047.25,5048.50,5047.25,5047.75,164
2022-01-05 18:43:00,5047.50,5049.25,5047.25,5049.00,201
2022-01-05 18:44:00,5048.75,5049.25,5048.50,5049.00,153
2022-01-05 18:45:00,5049.00,5049.50,5048.25,5048.25,144
2022-01-05 18:46:00,5048.25,5048.25,5047.00,5047.75,250
2022-01-05 18:47:00,5047.50,5048.25,5047.25,5048.25,54
2022-01-05 18:48:00,5048.25,5049.25,5048.00,5048.00,140
2022-01-05 18:49:00,5048.00,5048.75,5047.75,5048.00,63
2022-01-05 18:50:00,5048.25,5049.50,5048.25,5048.50,166
2022-01-05 18:51:00,5048.25,5049.25,5048.25,5048.25,190
2022-01-05 18:52:00,5048.25,5048.75,5048.25,5048.75,64
2022-01-05 18:53:00,5049.00,5049.25,5049.00,5049.00,32
2022-01-05 18:54:00,5049.00,5049.25,5048.75,5049.00,51
2022-01-05 18:55:00,5049.00,5049.75,5049.00,5049.75,125
2022-01-05 18:56:00,5049.75,5050.75,5049.50,5050.75,373
2022-01-05 18:57:00,5050.75,5051.75,5050.50,5051.25,444
2022-01-05 18:58:00,5051.25,5051.50,5051.25,5051.25,144
2022-01-05 18:59:00,5051.50,5051.75,5050.75,5051.00,163
2022-01-05 19:00:00,5050.75,5052.75,5050.75,5052.50,783
2022-01-05 19:01:00,5052.50,5052.50,5051.00,5052.50,269
2022-01-05 19:02:00,5052.50,5052.50,5051.50,5052.50,179
2022-01-05 19:03:00,5052.25,5052.75,5051.50,5052.50,228
2022-01-05 19:04:00,5052.50,5053.00,5052.25,5052.75,228
2022-01-05 19:05:00,5052.75,5052.75,5051.25,5051.50,230
2022-01-05 19:06:00,5051.50,5051.50,5050.25,5051.00,378
2022-01-05 19:07:00,5051.00,5051.50,5050.75,5051.50,123
2022-01-05 19:08:00,5051.50,5054.00,5051.50,5053.50,486
2022-01-05 19:09:00,5053.50,5053.50,5051.50,5051.50,255
2022-01-05 19:10:00,5051.75,5052.75,5051.75,5052.75,142
2022-01-05 19:11:00,5052.50,5053.00,5051.75,5053.00,170
2022-01-05 19:12:00,5053.00,5054.25,5052.75,5053.75,436
2022-01-05 19:13:00,5053.75,5054.50,5053.25,5054.50,299
2022-01-05 19:14:00,5054.25,5054.50,5054.00,5054.50,215
2022-01-05 19:15:00,5054.50,5055.50,5053.75,5055.25,405
2022-01-05 19:16:00,5055.50,5055.75,5054.25,5054.25,481
2022-01-05 19:17:00,5054.25,5054.50,5054.00,5054.25,207
2022-01-05 19:18:00,5054.00,5054.25,5053.75,5054.25,201
2022-01-05 19:19:00,5054.25,5054.50,5053.75,5053.75,205
2022-01-05 19:20:00,5053.75,5053.75,5052.75,5053.25,218
2022-01-05 19:21:00,5053.25,5054.50,5053.00,5053.75,151
2022-01-05 19:22:00,5053.75,5053.75,5052.75,5053.25,230
2022-01-05 19:23:00,5053.00,5053.25,5051.50,5052.50,463
2022-01-05 19:24:00,5052.50,5052.50,5051.00,5051.25,176
2022-01-05 19:25:00,5051.25,5053.25,5051.25,5053.25,141
2022-01-05 19:26:00,5053.00,5054.25,5053.00,5053.50,185
2022-01-05 19:27:00,5053.75,5054.00,5053.00,5053.50,169
2022-01-05 19:28:00,5053.50,5054.25,5053.25,5054.00,135
2022-01-05 19:29:00,5054.00,5054.00,5053.50,5053.75,152
2022-01-05 19:30:00,5054.00,5054.00,5053.25,5053.25,180
2022-01-05 19:31:00,5053.25,5054.00,5053.00,5053.75,190
2022-01-05 19:32:00,5054.00,5055.75,5053.75,5054.75,432
2022-01-05 19:33:00,5054.50,5055.50,5053.50,5054.00,306
2022-01-05 19:34:00,5053.75,5054.25,5053.75,5054.00,73
2022-01-05 19:35:00,5054.00,5054.25,5053.00,5053.25,137
2022-01-05 19:36:00,5053.25,5054.75,5053.00,5053.00,480
2022-01-05 19:37:00,5053.00,5053.25,5052.75,5053.00,256
2022-01-05 19:38:00,5052.75,5053.25,5052.00,5052.25,245
2022-01-05 19:39:00,5052.25,5052.25,5049.00,5049.50,786
2022-01-05 19:40:00,5049.25,5049.50,5048.00,5048.25,432
2022-01-05 19:41:00,5048.25,5048.50,5047.00,5047.75,656
2022-01-05 19:42:00,5047.75,5048.50,5047.25,5048.00,289
2022-01-05 19:43:00,5048.00,5049.00,5047.25,5048.75,389
2022-01-05 19:44:00,5048.75,5048.75,5046.75,5046.75,295
2022-01-05 19:45:00,5046.75,5048.25,5046.25,5046.50,489
2022-01-05 19:46:00,5046.25,5046.25,5044.50,5046.00,531
2022-01-05 19:47:00,5046.00,5046.75,5045.75,5046.50,209
2022-01-05 19:48:00,5046.75,5048.00,5046.25,5048.00,187
2022-01-05 19:49:00,5048.00,5049.50,5047.75,5049.00,308
2022-01-05 19:50:00,5049.25,5051.25,5049.00,5050.75,243
2022-01-05 19:51:00,5050.75,5051.75,5050.50,5051.50,272
2022-01-05 19:52:00,5051.50,5052.00,5051.25,5051.50,137
2022-01-05 19:53:00,5051.50,5052.00,5051.25,5051.75,104
2022-01-05 19:54:00,5051.75,5051.75,5051.25,5051.25,66
2022-01-05 19:55:00,5051.50,5051.50,5050.25,5050.25,284
2022-01-05 19:56:00,5050.00,5051.00,5049.75,5050.75,225
2022-01-05 19:57:00,5050.75,5051.00,5050.25,5050.50,113
2022-01-05 19:58:00,5050.25,5050.50,5050.00,5050.50,105
2022-01-05 19:59:00,5050.75,5051.00,5050.50,5051.00,109
2022-01-05 20:00:00,5051.00,5052.50,5050.50,5050.75,327
2022-01-05 20:01:00,5050.50,5050.75,5047.75,5049.50,418
2022-01-05 20:02:00,5049.50,5051.00,5048.50,5050.50,134
2022-01-05 20:03:00,5050.50,5052.50,5050.00,5052.25,162
2022-01-05 20:04:00,5051.75,5052.25,5051.00,5052.25,129
2022-01-05 20:05:00,5052.25,5052.25,5050.50,5050.75,110
2022-01-05 20:06:00,5050.75,5051.00,5049.25,5050.00,161
2022-01-05 20:07:00,5050.00,5050.00,5046.50,5047.25,395
2022-01-05 20:08:00,5047.25,5047.75,5046.50,5047.50,265
2022-01-05 20:09:00,5047.25,5047.50,5044.25,5044.50,448
2022-01-05 20:10:00,5044.25,5045.75,5044.25,5044.25,446
2022-01-05 20:11:00,5044.00,5044.50,5042.50,5044.00,594
2022-01-05 20:12:00,5044.00,5044.00,5041.75,5043.00,793
2022-01-05 20:13:00,5043.00,5046.75,5043.00,5046.25,474
2022-01-05 20:14:00,5046.25,5046.75,5045.00,5045.25,280
2022-01-05 20:15:00,5045.00,5048.00,5044.75,5047.50,378
2022-01-05 20:16:00,5047.75,5047.75,5046.00,5046.50,262
2022-01-05 20:17:00,5046.25,5047.75,5046.00,5046.75,219
2022-01-05 20:18:00,5046.75,5048.00,5046.75,5047.75,131
2022-01-05 20:19:00,5047.75,5049.25,5047.25,5048.25,286
2022-01-05 20:20:00,5048.00,5049.25,5048.00,5048.75,126
2022-01-05 20:21:00,5048.75,5048.75,5047.50,5048.00,118
2022-01-05 20:22:00,5048.00,5048.50,5047.75,5048.00,105
2022-01-05 20:23:00,5048.00,5048.75,5047.75,5048.75,107
2022-01-05 20:24:00,5048.75,5049.25,5048.25,5049.25,154
2022-01-05 20:25:00,5049.25,5050.25,5049.00,5050.25,228
2022-01-05 20:26:00,5050.25,5050.25,5049.25,5050.00,161
2022-01-05 20:27:00,5050.25,5050.25,5049.25,5049.50,98
2022-01-05 20:28:00,5049.75,5050.75,5049.50,5050.25,133
2022-01-05 20:29:00,5050.25,5050.50,5049.50,5049.75,164
2022-01-05 20:30:00,5049.75,5049.75,5048.00,5049.25,252
2022-01-05 20:31:00,5049.25,5049.50,5047.50,5048.00,295
2022-01-05 20:32:00,5048.00,5050.50,5047.50,5050.50,153
2022-01-05 20:33:00,5050.50,5052.75,5050.50,5052.50,658
2022-01-05 20:34:00,5052.50,5055.50,5052.25,5055.25,1059
2022-01-05 20:35:00,5055.00,5055.75,5053.25,5053.50,504
2022-01-05 20:36:00,5053.50,5053.75,5052.25,5052.50,266
2022-01-05 20:37:00,5052.50,5054.25,5052.25,5053.75,291
2022-01-05 20:38:00,5053.50,5054.25,5052.25,5053.00,304
2022-01-05 20:39:00,5053.25,5053.25,5050.75,5051.00,237
2022-01-05 20:40:00,5051.00,5051.25,5049.75,5050.50,243
2022-01-05 20:41:00,5050.75,5051.00,5049.25,5050.25,175
2022-01-05 20:42:00,5050.25,5051.50,5050.25,5051.25,160
2022-01-05 20:43:00,5051.25,5051.50,5051.00,5051.50,82
2022-01-05 20:44:00,5051.25,5052.75,5050.50,5052.25,212
2022-01-05 20:45:00,5052.50,5053.25,5051.75,5053.00,208
2022-01-05 20:46:00,5053.00,5054.00,5051.00,5051.00,288
2022-01-05 20:47:00,5051.25,5051.25,5050.25,5051.00,274
2022-01-05 20:48:00,5051.25,5051.50,5049.75,5051.50,163
2022-01-05 20:49:00,5051.25,5052.25,5050.75,5051.50,176
2022-01-05 20:50:00,5051.25,5053.25,5051.25,5052.50,163
2022-01-05 20:51:00,5052.25,5052.25,5051.25,5051.75,100
2022-01-05 20:52:00,5051.75,5053.50,5051.50,5053.00,148
2022-01-05 20:53:00,5053.00,5053.25,5052.50,5052.50,139
2022-01-05 20:54:00,5052.25,5053.00,5051.75,5052.50,63
2022-01-05 20:55:00,5052.50,5052.50,5051.25,5051.50,120
2022-01-05 20:56:00,5051.75,5052.75,5051.75,5052.25,67
2022-01-05 20:57:00,5052.00,5052.00,5050.75,5051.50,180
2022-01-05 20:58:00,5051.50,5051.50,5050.50,5050.75,70
2022-01-05 20:59:00,5050.50,5051.00,5049.75,5051.00,122
2022-01-05 21:00:00,5051.00,5051.50,5047.00,5048.25,760
2022-01-05 21:01:00,5048.25,5050.50,5048.25,5049.75,251
2022-01-05 21:02:00,5050.00,5050.50,5048.75,5049.00,203
2022-01-05 21:03:00,5049.00,5050.50,5048.75,5050.25,185
2022-01-05 21:04:00,5050.25,5050.25,5048.50,5049.25,264
2022-01-05 21:05:00,5049.00,5049.50,5048.75,5049.00,111
2022-01-05 21:06:00,5048.75,5048.75,5046.75,5048.25,427
2022-01-05 21:07:00,5048.00,5049.50,5047.50,5048.50,203
2022-01-05 21:08:00,5048.75,5048.75,5047.25,5047.75,124
2022-01-05 21:09:00,5047.75,5047.75,5046.75,5047.00,178
2022-01-05 21:10:00,5047.00,5047.50,5046.75,5047.25,164
2022-01-05 21:11:00,5047.25,5047.50,5046.75,5047.25,79
2022-01-05 21:12:00,5047.25,5048.00,5047.00,5047.75,131
2022-01-05 21:13:00,5047.75,5049.75,5047.50,5049.50,172
2022-01-05 21:14:00,5049.75,5050.25,5048.50,5048.50,253
2022-01-05 21:15:00,5048.50,5048.50,5044.50,5045.50,535
2022-01-05 21:16:00,5045.50,5046.50,5043.75,5046.00,563
2022-01-05 21:17:00,5046.25,5047.25,5046.00,5047.00,133
2022-01-05 21:18:00,5047.00,5048.25,5046.25,5047.50,252
2022-01-05 21:19:00,5047.75,5048.50,5047.50,5047.75,146
2022-01-05 21:20:00,5048.00,5048.25,5047.00,5047.00,253
2022-01-05 21:21:00,5047.00,5047.75,5046.25,5047.75,232
2022-01-05 21:22:00,5047.50,5047.50,5046.00,5046.25,94
2022-01-05 21:23:00,5046.25,5046.75,5046.00,5046.00,66
2022-01-05 21:24:00,5046.00,5047.25,5045.50,5046.50,186
2022-01-05 21:25:00,5046.75,5047.00,5045.00,5045.25,141
2022-01-05 21:26:00,5045.00,5045.00,5043.50,5044.50,537
2022-01-05 21:27:00,5044.50,5044.50,5042.25,5042.75,498
2022-01-05 21:28:00,5042.50,5044.50,5042.50,5044.25,234
2022-01-05 21:29:00,5044.00,5044.50,5043.00,5043.00,153
2022-01-05 21:30:00,5043.00,5045.50,5042.25,5045.50,422
2022-01-05 21:31:00,5045.25,5046.25,5044.25,5044.25,232
2022-01-05 21:32:00,5044.50,5044.50,5042.50,5044.50,527
2022-01-05 21:33:00,5044.50,5046.00,5044.50,5045.75,165
2022-01-05 21:34:00,5045.75,5046.50,5045.25,5046.50,184
2022-01-05 21:35:00,5046.25,5046.25,5045.00,5045.00,134
2022-01-05 21:36:00,5045.00,5045.25,5044.25,5045.25,196
2022-01-05 21:37:00,5045.25,5046.25,5044.75,5045.50,179
2022-01-05 21:38:00,5045.75,5045.75,5044.75,5045.25,126
2022-01-05 21:39:00,5045.50,5045.50,5045.00,5045.00,92
2022-01-05 21:40:00,5044.75,5044.75,5042.50,5043.25,383
2022-01-05 21:41:00,5043.00,5043.00,5041.00,5041.75,422
2022-01-05 21:42:00,5041.25,5042.25,5040.75,5040.75,199
2022-01-05 21:43:00,5040.75,5042.50,5040.75,5042.00,194
2022-01-05 21:44:00,5042.25,5042.50,5042.00,5042.00,61
2022-01-05 21:45:00,5041.75,5042.25,5041.25,5041.50,106
2022-01-05 21:46:00,5041.75,5042.25,5041.50,5042.25,190
2022-01-05 21:47:00,5042.25,5042.25,5041.25,5041.25,78
2022-01-05 21:48:00,5041.50,5041.75,5040.75,5040.75,224
2022-01-05 21:49:00,5040.75,5042.50,5040.75,5042.50,165
2022-01-05 21:50:00,5042.25,5043.50,5042.25,5043.00,326
2022-01-05 21:51:00,5043.00,5043.25,5042.00,5042.25,97
2022-01-05 21:52:00,5042.50,5043.00,5042.00,5042.50,99
2022-01-05 21:53:00,5042.75,5043.00,5042.25,5042.75,60
2022-01-05 21:54:00,5042.75,5043.25,5042.25,5043.25,86
2022-01-05 21:55:00,5043.25,5044.00,5042.25,5044.00,190
2022-01-05 21:56:00,5044.00,5044.00,5042.25,5042.50,255
2022-01-05 21:57:00,5042.75,5043.75,5042.75,5043.25,92
2022-01-05 21:58:00,5043.50,5045.75,5043.50,5045.50,317
2022-01-05 21:59:00,5045.50,5046.25,5045.50,5046.25,220
2022-01-05 22:00:00,5046.25,5046.50,5045.50,5046.00,174
2022-01-05 22:01:00,5046.25,5046.25,5046.00,5046.25,49
2022-01-05 22:02:00,5046.50,5046.50,5045.50,5046.00,98
2022-01-05 22:03:00,5046.00,5047.00,5046.00,5046.75,143
2022-01-05 22:04:00,5046.75,5046.75,5045.75,5046.00,124
2022-01-05 22:05:00,5046.00,5046.50,5045.75,5046.25,94
2022-01-05 22:06:00,5046.25,5046.25,5045.50,5045.75,63
2022-01-05 22:07:00,5045.75,5045.75,5045.00,5045.50,100
2022-01-05 22:08:00,5045.50,5046.00,5045.00,5045.25,62
2022-01-05 22:09:00,5045.25,5045.25,5044.25,5044.50,113
2022-01-05 22:10:00,5044.25,5044.50,5043.00,5043.25,292
2022-01-05 22:11:00,5043.25,5043.25,5040.75,5041.00,319
2022-01-05 22:12:00,5041.25,5041.25,5039.75,5039.75,460
2022-01-05 22:13:00,5040.00,5040.50,5039.50,5039.75,259
2022-01-05 22:14:00,5039.75,5041.25,5039.75,5041.00,207
2022-01-05 22:15:00,5041.00,5041.75,5041.00,5041.75,105
2022-01-05 22:16:00,5041.50,5041.75,5040.75,5041.00,104
2022-01-05 22:17:00,5041.00,5041.00,5039.00,5040.25,400
2022-01-05 22:18:00,5040.25,5041.00,5040.00,5040.25,115
2022-01-05 22:19:00,5040.25,5040.75,5039.25,5040.50,139
2022-01-05 22:20:00,5040.50,5041.50,5039.50,5041.25,191
2022-01-05 22:21:00,5041.50,5041.50,5040.75,5040.75,57
2022-01-05 22:22:00,5041.00,5042.00,5041.00,5041.75,81
2022-01-05 22:23:00,5041.75,5042.75,5041.50,5042.00,141
2022-01-05 22:24:00,5042.00,5042.00,5041.25,5042.00,119
2022-01-05 22:25:00,5042.00,5042.25,5041.25,5042.25,110
2022-01-05 22:26:00,5042.25,5042.75,5041.75,5041.75,51
2022-01-05 22:27:00,5041.75,5041.75,5040.50,5041.50,155
2022-01-05 22:28:00,5041.50,5042.50,5041.50,5042.50,89
2022-01-05 22:29:00,5042.50,5043.00,5042.50,5042.75,77
2022-01-05 22:30:00,5042.50,5042.75,5041.25,5041.50,160
2022-01-05 22:31:00,5041.50,5041.75,5041.25,5041.50,130
2022-01-05 22:32:00,5041.25,5041.75,5040.50,5040.50,113
2022-01-05 22:33:00,5040.50,5041.50,5040.50,5041.50,110
2022-01-05 22:34:00,5041.25,5042.25,5041.25,5041.25,194
2022-01-05 22:35:00,5041.25,5041.75,5040.50,5041.50,145
2022-01-05 22:36:00,5041.75,5043.25,5041.75,5043.00,208
2022-01-05 22:37:00,5042.75,5043.75,5042.75,5043.50,200
2022-01-05 22:38:00,5043.50,5043.50,5042.00,5042.25,129
2022-01-05 22:39:00,5042.25,5042.50,5042.00,5042.50,60
2022-01-05 22:40:00,5042.25,5042.25,5040.75,5041.25,124
2022-01-05 22:41:00,5041.50,5041.50,5037.50,5038.25,762
2022-01-05 22:42:00,5038.25,5039.00,5036.25,5037.25,594
2022-01-05 22:43:00,5037.25,5037.50,5036.50,5036.75,201
2022-01-05 22:44:00,5036.50,5037.00,5035.25,5035.50,527
2022-01-05 22:45:00,5035.75,5036.25,5032.75,5034.25,1219
2022-01-05 22:46:00,5034.25,5034.25,5032.75,5033.00,475
2022-01-05 22:47:00,5032.75,5033.75,5032.75,5032.75,864
2022-01-05 22:48:00,5032.75,5033.25,5031.00,5032.25,1051
2022-01-05 22:49:00,5032.25,5032.75,5030.25,5032.25,773
2022-01-05 22:50:00,5032.25,5033.25,5032.00,5032.75,279
2022-01-05 22:51:00,5032.75,5033.00,5031.50,5031.75,413
2022-01-05 22:52:00,5032.00,5032.50,5029.75,5030.00,568
2022-01-05 22:53:00,5030.25,5030.75,5029.50,5029.75,448
2022-01-05 22:54:00,5029.75,5030.50,5028.25,5028.25,1143
2022-01-05 22:55:00,5028.50,5029.25,5028.25,5029.00,467
2022-01-05 22:56:00,5029.00,5029.50,5028.25,5028.50,279
2022-01-05 22:57:00,5028.50,5029.00,5027.00,5027.75,515
2022-01-05 22:58:00,5027.75,5028.75,5026.25,5026.25,631
2022-01-05 22:59:00,5026.50,5027.75,5026.50,5026.75,329
2022-01-05 23:00:00,5027.00,5028.75,5026.75,5028.50,551
2022-01-05 23:01:00,5028.50,5028.75,5026.25,5027.75,728
2022-01-05 23:02:00,5027.75,5027.75,5026.50,5027.50,247
2022-01-05 23:03:00,5027.50,5027.50,5026.25,5027.00,260
2022-01-05 23:04:00,5026.75,5027.25,5026.50,5026.75,147
2022-01-05 23:05:00,5026.75,5027.00,5026.00,5026.25,433
2022-01-05 23:06:00,5026.25,5026.75,5026.00,5026.25,502
2022-01-05 23:07:00,5026.25,5027.75,5026.25,5027.25,431
2022-01-05 23:08:00,5027.25,5028.00,5026.25,5028.00,407
2022-01-05 23:09:00,5027.75,5028.50,5027.75,5028.50,288
2022-01-05 23:10:00,5028.25,5028.25,5026.75,5026.75,349
2022-01-05 23:11:00,5026.75,5027.75,5026.50,5027.00,249
2022-01-05 23:12:00,5027.25,5028.00,5027.00,5028.00,219
2022-01-05 23:13:00,5028.00,5028.25,5026.75,5027.50,226
2022-01-05 23:14:00,5027.50,5028.25,5027.25,5028.00,132
2022-01-05 23:15:00,5027.75,5028.00,5027.25,5028.00,219
2022-01-05 23:16:00,5028.00,5028.00,5027.25,5027.50,112
2022-01-05 23:17:00,5027.75,5027.75,5026.75,5027.25,227
2022-01-05 23:18:00,5027.25,5027.25,5026.50,5026.50,128
2022-01-05 23:19:00,5026.75,5027.00,5026.00,5026.50,412
2022-01-05 23:20:00,5026.50,5026.75,5026.00,5026.50,199
2022-01-05 23:21:00,5026.50,5027.50,5026.50,5027.50,263
2022-01-05 23:22:00,5027.50,5028.00,5027.00,5027.00,291
2022-01-05 23:23:00,5027.00,5027.25,5026.75,5027.00,89
2022-01-05 23:24:00,5027.00,5027.00,5026.00,5026.25,539
2022-01-05 23:25:00,5026.25,5027.25,5026.25,5027.00,237
2022-01-05 23:26:00,5027.00,5027.25,5026.75,5027.25,147
2022-01-05 23:27:00,5027.00,5027.75,5027.00,5027.00,102
2022-01-05 23:28:00,5027.00,5027.00,5026.00,5026.50,447
2022-01-05 23:29:00,5026.50,5026.75,5026.00,5026.75,247
2022-01-05 23:30:00,5026.75,5027.00,5026.25,5026.75,190
2022-01-05 23:31:00,5026.50,5026.75,5026.25,5026.50,85
2022-01-05 23:32:00,5026.50,5027.00,5026.50,5026.50,153
2022-01-05 23:33:00,5026.50,5026.75,5026.25,5026.25,111
2022-01-05 23:34:00,5026.50,5026.50,5026.00,5026.50,547
2022-01-05 23:35:00,5026.25,5026.50,5026.00,5026.25,185
2022-01-05 23:36:00,5026.00,5026.50,5026.00,5026.25,96
2022-01-05 23:37:00,5026.00,5026.50,5026.00,5026.25,320
2022-01-05 23:38:00,5026.25,5026.75,5026.00,5026.75,441
2022-01-05 23:39:00,5026.50,5026.75,5026.25,5026.50,135
2022-01-05 23:40:00,5026.50,5026.50,5024.00,5025.00,1227
2022-01-05 23:41:00,5025.00,5025.25,5023.25,5023.50,431
2022-01-05 23:42:00,5023.50,5023.50,5021.50,5021.50,771
2022-01-05 23:43:00,5021.50,5023.00,5020.75,5023.00,660
2022-01-05 23:44:00,5023.00,5023.50,5022.50,5023.25,238
2022-01-05 23:45:00,5023.50,5024.25,5023.50,5024.00,289
2022-01-05 23:46:00,5024.00,5024.50,5024.00,5024.25,148
2022-01-05 23:47:00,5024.50,5024.50,5023.25,5023.50,112
2022-01-05 23:48:00,5023.50,5023.50,5022.25,5022.50,169
2022-01-05 23:49:00,5022.50,5022.75,5021.00,5021.50,358
2022-01-05 23:50:00,5021.50,5022.75,5021.50,5022.50,318
2022-01-05 23:51:00,5022.50,5023.25,5022.50,5023.00,134
2022-01-05 23:52:00,5023.25,5024.00,5023.00,5023.00,322
2022-01-05 23:53:00,5023.00,5023.25,5022.50,5022.50,93
2022-01-05 23:54:00,5022.75,5023.00,5022.00,5022.50,163
2022-01-05 23:55:00,5022.50,5022.50,5021.25,5021.25,189
2022-01-05 23:56:00,5021.25,5022.50,5021.25,5022.00,260
2022-01-05 23:57:00,5022.00,5022.25,5021.00,5021.25,225
2022-01-05 23:58:00,5021.50,5021.50,5020.75,5021.50,410
2022-01-05 23:59:00,5021.50,5022.00,5021.50,5022.00,144
2022-01-06 00:00:00,5022.00,5022.00,5020.75,5020.75,352
2022-01-06 00:01:00,5020.75,5021.50,5020.75,5021.00,318
2022-01-06 00:02:00,5020.75,5021.50,5020.75,5021.00,229
2022-01-06 00:03:00,5021.00,5022.25,5021.00,5022.00,274
2022-01-06 00:04:00,5021.75,5021.75,5020.75,5020.75,320
2022-01-06 00:05:00,5021.00,5021.50,5020.75,5021.00,143
2022-01-06 00:06:00,5021.25,5021.50,5020.75,5021.00,145
2022-01-06 00:07:00,5021.00,5021.00,5020.75,5020.75,308
2022-01-06 00:08:00,5020.75,5023.25,5020.75,5023.25,455
2022-01-06 00:09:00,5023.25,5025.50,5023.25,5023.75,791
2022-01-06 00:10:00,5024.00,5024.25,5023.00,5023.00,221
2022-01-06 00:11:00,5023.00,5023.00,5022.00,5022.25,230
2022-01-06 00:12:00,5022.25,5023.50,5022.00,5023.50,218
2022-01-06 00:13:00,5023.50,5023.75,5022.75,5023.50,176
2022-01-06 00:14:00,5023.25,5024.25,5023.00,5024.00,155
2022-01-06 00:15:00,5024.00,5024.25,5023.50,5024.25,155
2022-01-06 00:16:00,5024.25,5024.50,5023.75,5024.00,72
2022-01-06 00:17:00,5024.25,5025.50,5024.25,5025.25,386
2022-01-06 00:18:00,5025.25,5025.50,5025.00,5025.25,163
2022-01-06 00:19:00,5025.25,5026.50,5025.25,5026.00,320
2022-01-06 00:20:00,5026.00,5026.25,5025.25,5025.25,173
2022-01-06 00:21:00,5025.00,5025.50,5024.50,5024.75,203
2022-01-06 00:22:00,5024.75,5026.00,5024.75,5025.25,171
2022-01-06 00:23:00,5025.25,5025.75,5025.00,5025.50,128
2022-01-06 00:24:00,5025.50,5026.75,5025.50,5026.50,157
2022-01-06 00:25:00,5026.50,5026.50,5025.50,5026.00,107
2022-01-06 00:26:00,5026.00,5027.75,5026.00,5027.75,312
2022-01-06 00:27:00,5027.75,5028.00,5027.00,5027.75,277
2022-01-06 00:28:00,5027.50,5028.00,5027.50,5027.50,114
2022-01-06 00:29:00,5027.50,5029.50,5027.50,5029.50,311
2022-01-06 00:30:00,5029.25,5029.25,5028.00,5028.75,305
2022-01-06 00:31:00,5028.50,5028.75,5027.25,5027.25,286
2022-01-06 00:32:00,5027.50,5028.25,5027.25,5028.25,204
2022-01-06 00:33:00,5028.00,5028.25,5027.50,5028.25,106
2022-01-06 00:34:00,5028.25,5028.25,5027.00,5027.00,179
2022-01-06 00:35:00,5027.25,5027.50,5027.25,5027.50,90
2022-01-06 00:36:00,5027.50,5028.75,5027.50,5028.25,238
2022-01-06 00:37:00,5028.00,5029.25,5027.75,5028.25,232
2022-01-06 00:38:00,5028.00,5028.25,5027.50,5028.25,92
2022-01-06 00:39:00,5028.25,5028.50,5027.75,5027.75,54
2022-01-06 00:40:00,5027.75,5027.75,5026.50,5026.75,159
2022-01-06 00:41:00,5026.75,5027.00,5025.75,5026.50,187
2022-01-06 00:42:00,5026.75,5027.00,5026.50,5026.75,89
2022-01-06 00:43:00,5026.75,5028.25,5026.50,5028.00,155
2022-01-06 00:44:00,5027.75,5028.25,5027.25,5027.50,61
2022-01-06 00:45:00,5027.50,5028.00,5027.00,5027.50,99
2022-01-06 00:46:00,5027.75,5028.50,5027.50,5028.50,135
2022-01-06 00:47:00,5028.25,5028.75,5028.00,5028.00,97
2022-01-06 00:48:00,5028.00,5029.00,5028.00,5029.00,94
2022-01-06 00:49:00,5028.75,5028.75,5027.75,5028.25,100
2022-01-06 00:50:00,5028.25,5028.50,5027.75,5027.75,140
2022-01-06 00:51:00,5027.75,5027.75,5025.50,5026.75,331
2022-01-06 00:52:00,5026.75,5027.50,5026.75,5027.50,221
2022-01-06 00:53:00,5027.50,5027.50,5026.00,5026.00,132
2022-01-06 00:54:00,5026.00,5026.25,5025.25,5026.00,180
2022-01-06 00:55:00,5025.75,5026.25,5025.25,5025.50,129
2022-01-06 00:56:00,5025.25,5027.00,5024.25,5027.00,316
2022-01-06 00:57:00,5027.00,5028.25,5027.00,5028.00,444
2022-01-06 00:58:00,5028.00,5029.00,5028.00,5028.75,157
2022-01-06 00:59:00,5028.50,5029.00,5027.50,5027.50,130
2022-01-06 01:00:00,5027.50,5028.25,5026.25,5026.50,478
2022-01-06 01:01:00,5026.50,5026.50,5025.25,5025.50,350
2022-01-06 01:02:00,5025.50,5026.00,5024.00,5024.00,403
2022-01-06 01:03:00,5024.25,5026.00,5024.25,5025.75,305
2022-01-06 01:04:00,5025.75,5027.25,5025.50,5026.75,197
2022-01-06 01:05:00,5026.75,5027.00,5025.75,5026.00,103
2022-01-06 01:06:00,5026.00,5027.00,5026.00,5026.75,85
2022-01-06 01:07:00,5027.00,5027.00,5026.50,5026.75,62
2022-01-06 01:08:00,5026.75,5026.75,5025.50,5025.50,56
2022-01-06 01:09:00,5025.50,5025.75,5024.50,5024.75,82
2022-01-06 01:10:00,5024.75,5025.75,5023.75,5023.75,233
2022-01-06 01:11:00,5024.00,5024.25,5023.50,5023.75,215
2022-01-06 01:12:00,5023.75,5024.75,5023.75,5024.25,131
2022-01-06 01:13:00,5024.25,5024.75,5023.50,5024.50,79
2022-01-06 01:14:00,5024.75,5024.75,5022.25,5022.75,270
2022-01-06 01:15:00,5023.00,5023.25,5021.50,5022.25,245
2022-01-06 01:16:00,5022.00,5022.50,5021.75,5022.25,151
2022-01-06 01:17:00,5022.25,5022.75,5021.50,5021.50,118
2022-01-06 01:18:00,5021.50,5022.50,5021.50,5022.25,132
2022-01-06 01:19:00,5022.25,5022.50,5021.75,5022.25,60
2022-01-06 01:20:00,5022.00,5022.25,5021.25,5021.75,258
2022-01-06 01:21:00,5021.75,5023.50,5021.75,5023.00,177
2022-01-06 01:22:00,5023.00,5024.50,5023.00,5024.25,159
2022-01-06 01:23:00,5024.25,5024.50,5024.00,5024.00,63
2022-01-06 01:24:00,5024.00,5025.00,5024.00,5025.00,86
2022-01-06 01:25:00,5025.25,5026.50,5024.50,5026.25,330
2022-01-06 01:26:00,5026.00,5026.50,5025.25,5026.25,216
2022-01-06 01:27:00,5026.25,5026.50,5025.75,5026.00,103
2022-01-06 01:28:00,5026.00,5026.50,5025.50,5026.00,78
2022-01-06 01:29:00,5026.25,5026.25,5025.75,5025.75,135
2022-01-06 01:30:00,5026.00,5026.25,5025.75,5025.75,199
2022-01-06 01:31:00,5025.75,5026.75,5025.25,5026.50,128
2022-01-06 01:32:00,5026.50,5026.50,5025.75,5026.00,66
2022-01-06 01:33:00,5026.25,5026.50,5026.00,5026.25,52
2022-01-06 01:34:00,5025.75,5026.00,5025.25,5025.25,94
2022-01-06 01:35:00,5025.50,5026.75,5025.50,5026.75,251
2022-01-06 01:36:00,5026.75,5028.00,5026.75,5028.00,215
2022-01-06 01:37:00,5028.25,5029.25,5027.50,5028.75,287
2022-01-06 01:38:00,5028.75,5029.75,5028.50,5029.75,349
2022-01-06 01:39:00,5029.75,5030.00,5028.75,5029.50,188
2022-01-06 01:40:00,5029.50,5029.75,5028.75,5028.75,130
2022-01-06 01:41:00,5028.75,5029.75,5028.75,5029.25,187
2022-01-06 01:42:00,5029.25,5029.25,5028.50,5028.75,69
2022-01-06 01:43:00,5028.75,5029.50,5028.75,5029.50,73
2022-01-06 01:44:00,5029.00,5030.25,5029.00,5030.25,249
2022-01-06 01:45:00,5030.50,5030.75,5029.75,5029.75,202
2022-01-06 01:46:00,5030.00,5030.00,5029.50,5029.75,75
2022-01-06 01:47:00,5029.75,5029.75,5029.25,5029.25,89
2022-01-06 01:48:00,5029.50,5029.50,5028.50,5028.50,121
2022-01-06 01:49:00,5028.75,5029.00,5028.00,5028.50,90
2022-01-06 01:50:00,5028.50,5028.75,5028.25,5028.25,85
2022-01-06 01:51:00,5028.00,5028.00,5027.50,5028.00,100
2022-01-06 01:52:00,5028.00,5028.00,5027.50,5027.50,55
2022-01-06 01:53:00,5027.50,5028.25,5027.25,5027.50,142
2022-01-06 01:54:00,5027.25,5027.75,5027.00,5027.75,134
2022-01-06 01:55:00,5028.00,5029.50,5028.00,5029.50,175
2022-01-06 01:56:00,5029.25,5030.00,5027.75,5028.00,212
2022-01-06 01:57:00,5028.00,5028.25,5027.75,5028.25,69
2022-01-06 01:58:00,5028.25,5029.25,5028.00,5028.75,103
2022-01-06 01:59:00,5029.00,5029.50,5029.00,5029.25,169
2022-01-06 02:00:00,5029.00,5029.50,5028.00,5028.75,342
2022-01-06 02:01:00,5029.00,5032.00,5029.00,5031.50,816
2022-01-06 02:02:00,5031.50,5034.25,5031.25,5033.75,773
2022-01-06 02:03:00,5033.75,5033.75,5032.75,5033.25,225
2022-01-06 02:04:00,5033.00,5035.50,5033.00,5035.25,645
2022-01-06 02:05:00,5035.25,5035.50,5034.25,5035.50,400
2022-01-06 02:06:00,5035.50,5037.00,5035.50,5036.00,469
2022-01-06 02:07:00,5036.00,5036.25,5035.50,5036.00,249
2022-01-06 02:08:00,5036.00,5037.25,5035.50,5035.50,275
2022-01-06 02:09:00,5035.50,5036.25,5034.75,5035.50,201
2022-01-06 02:10:00,5035.50,5036.50,5035.00,5036.50,204
2022-01-06 02:11:00,5036.25,5036.50,5035.75,5035.75,157
2022-01-06 02:12:00,5036.25,5036.75,5036.25,5036.50,87
2022-01-06 02:13:00,5036.75,5037.00,5036.50,5036.50,118
2022-01-06 02:14:00,5036.75,5037.50,5036.25,5037.50,174
2022-01-06 02:15:00,5037.75,5038.00,5037.00,5037.25,404
2022-01-06 02:16:00,5037.25,5037.75,5036.50,5037.75,231
2022-01-06 02:17:00,5037.50,5038.25,5037.00,5037.00,255
2022-01-06 02:18:00,5036.75,5038.50,5036.50,5038.00,240
2022-01-06 02:19:00,5038.25,5039.50,5038.25,5039.00,356
2022-01-06 02:20:00,5039.00,5041.00,5039.00,5040.75,575
2022-01-06 02:21:00,5040.75,5041.25,5040.25,5041.00,354
2022-01-06 02:22:00,5041.25,5041.75,5041.00,5041.50,336
2022-01-06 02:23:00,5041.75,5043.00,5041.75,5042.50,458
2022-01-06 02:24:00,5042.25,5043.50,5042.25,5043.25,234
2022-01-06 02:25:00,5043.50,5044.25,5042.75,5043.00,535
2022-01-06 02:26:00,5043.25,5043.75,5042.75,5043.75,189
2022-01-06 02:27:00,5043.75,5043.75,5043.25,5043.75,260
2022-01-06 02:28:00,5043.50,5045.00,5043.50,5045.00,323
2022-01-06 02:29:00,5045.00,5046.75,5045.00,5046.25,587
2022-01-06 02:30:00,5046.50,5048.25,5046.25,5047.75,1098
2022-01-06 02:31:00,5047.50,5047.50,5043.50,5043.75,721
2022-01-06 02:32:00,5043.75,5044.00,5040.75,5041.00,940
2022-01-06 02:33:00,5041.25,5042.00,5040.75,5041.25,401
2022-01-06 02:34:00,5041.50,5041.75,5040.75,5041.00,346
2022-01-06 02:35:00,5041.00,5044.00,5040.75,5043.75,623
2022-01-06 02:36:00,5043.75,5043.75,5042.00,5042.75,370
2022-01-06 02:37:00,5043.00,5046.00,5042.75,5046.00,511
2022-01-06 02:38:00,5045.75,5048.50,5045.50,5047.00,554
2022-01-06 02:39:00,5047.25,5048.50,5047.00,5048.50,420
2022-01-06 02:40:00,5048.75,5049.25,5048.00,5049.00,591
2022-01-06 02:41:00,5049.00,5049.25,5048.50,5049.00,317
2022-01-06 02:42:00,5049.00,5049.50,5047.25,5049.00,536
2022-01-06 02:43:00,5048.75,5049.00,5047.00,5047.50,290
2022-01-06 02:44:00,5047.50,5048.00,5046.25,5046.75,255
2022-01-06 02:45:00,5046.50,5047.00,5045.25,5045.75,435
2022-01-06 02:46:00,5045.50,5045.75,5043.50,5044.50,367
2022-01-06 02:47:00,5044.50,5044.50,5043.00,5043.25,251
2022-01-06 02:48:00,5043.50,5044.75,5042.50,5044.50,451
2022-01-06 02:49:00,5044.50,5045.75,5044.50,5044.75,362
2022-01-06 02:50:00,5044.75,5044.75,5042.25,5042.50,317
2022-01-06 02:51:00,5042.75,5043.00,5042.25,5042.75,242
2022-01-06 02:52:00,5042.50,5042.75,5040.75,5041.00,255
2022-01-06 02:53:00,5041.25,5041.50,5039.25,5040.00,534
2022-01-06 02:54:00,5040.25,5041.25,5039.50,5041.25,223
2022-01-06 02:55:00,5041.25,5042.00,5040.50,5040.75,219
2022-01-06 02:56:00,5041.00,5041.50,5040.75,5041.00,220
2022-01-06 02:57:00,5040.75,5041.25,5039.50,5040.50,252
2022-01-06 02:58:00,5040.25,5041.50,5040.00,5040.50,304
2022-01-06 02:59:00,5040.75,5041.50,5039.25,5040.00,348
2022-01-06 03:00:00,5040.25,5042.25,5038.50,5040.50,1742
2022-01-06 03:01:00,5040.75,5043.00,5039.50,5042.75,1039
2022-01-06 03:02:00,5042.50,5045.25,5042.00,5045.00,914
2022-01-06 03:03:00,5044.75,5045.50,5043.25,5044.25,891
2022-01-06 03:04:00,5044.50,5047.25,5044.00,5046.25,628
2022-01-06 03:05:00,5046.00,5047.75,5045.25,5047.50,787
2022-01-06 03:06:00,5047.50,5048.50,5046.00,5048.00,978
2022-01-06 03:07:00,5047.75,5048.25,5046.75,5046.75,828
2022-01-06 03:08:00,5046.50,5046.75,5044.25,5045.00,501
2022-01-06 03:09:00,5045.00,5046.00,5043.50,5044.50,690
2022-01-06 03:10:00,5044.25,5046.50,5043.75,5046.50,342
2022-01-06 03:11:00,5046.25,5046.50,5044.25,5044.25,407
2022-01-06 03:12:00,5044.25,5045.00,5041.50,5041.75,785
2022-01-06 03:13:00,5042.00,5043.50,5040.50,5043.50,1100
2022-01-06 03:14:00,5043.50,5044.50,5041.50,5042.25,377
2022-01-06 03:15:00,5042.00,5042.50,5040.75,5042.00,838
2022-01-06 03:16:00,5042.25,5043.25,5041.00,5042.75,382
2022-01-06 03:17:00,5043.00,5044.25,5041.50,5042.75,609
2022-01-06 03:18:00,5042.75,5043.25,5041.00,5043.25,640
2022-01-06 03:19:00,5043.25,5044.50,5043.25,5044.00,283
2022-01-06 03:20:00,5043.75,5045.00,5043.50,5044.25,328
2022-01-06 03:21:00,5044.00,5044.50,5040.75,5040.75,399
2022-01-06 03:22:00,5040.75,5041.25,5038.25,5039.00,590
2022-01-06 03:23:00,5039.00,5039.25,5036.75,5037.25,706
2022-01-06 03:24:00,5037.25,5038.25,5036.00,5036.50,604
2022-01-06 03:25:00,5036.25,5038.25,5035.00,5036.00,905
2022-01-06 03:26:00,5036.00,5037.25,5035.50,5036.25,499
2022-01-06 03:27:00,5036.25,5036.50,5033.00,5033.25,829
2022-01-06 03:28:00,5033.50,5034.50,5033.00,5034.25,730
2022-01-06 03:29:00,5034.25,5036.75,5034.00,5036.50,556
2022-01-06 03:30:00,5036.50,5038.50,5034.50,5038.25,898
2022-01-06 03:31:00,5038.00,5038.50,5036.25,5038.50,509
2022-01-06 03:32:00,5038.25,5038.25,5036.00,5036.50,599
2022-01-06 03:33:00,5036.50,5036.50,5034.75,5035.75,329
2022-01-06 03:34:00,5035.75,5037.50,5035.50,5036.50,701
2022-01-06 03:35:00,5036.25,5036.50,5035.50,5036.00,198
2022-01-06 03:36:00,5036.25,5036.25,5034.50,5034.75,223
2022-01-06 03:37:00,5034.75,5034.75,5032.00,5033.25,604
2022-01-06 03:38:00,5033.00,5033.25,5032.00,5032.25,439
2022-01-06 03:39:00,5032.50,5035.50,5032.25,5035.50,494
2022-01-06 03:40:00,5035.75,5036.50,5034.75,5036.00,364
2022-01-06 03:41:00,5036.25,5038.25,5036.25,5037.75,454
2022-01-06 03:42:00,5037.75,5038.25,5036.25,5038.00,609
2022-01-06 03:43:00,5038.00,5038.25,5036.75,5037.00,500
2022-01-06 03:44:00,5036.75,5037.25,5035.00,5035.25,336
2022-01-06 03:45:00,5035.50,5036.50,5034.25,5035.75,234
2022-01-06 03:46:00,5035.75,5036.50,5035.25,5036.50,314
2022-01-06 03:47:00,5036.50,5037.50,5035.25,5037.25,263
2022-01-06 03:48:00,5037.25,5038.25,5036.25,5037.00,306
2022-01-06 03:49:00,5037.00,5040.00,5036.75,5039.75,601
2022-01-06 03:50:00,5040.00,5040.75,5038.50,5038.50,500
2022-01-06 03:51:00,5038.75,5039.50,5037.75,5038.25,229
2022-01-06 03:52:00,5038.25,5038.25,5035.75,5036.00,315
2022-01-06 03:53:00,5036.00,5038.00,5035.25,5038.00,313
2022-01-06 03:54:00,5038.25,5041.75,5038.25,5041.50,469
2022-01-06 03:55:00,5041.75,5042.75,5041.00,5042.50,512
2022-01-06 03:56:00,5042.75,5044.75,5042.50,5044.50,539
2022-01-06 03:57:00,5044.25,5046.25,5044.00,5045.50,769
2022-01-06 03:58:00,5045.75,5047.00,5044.50,5047.00,823
2022-01-06 03:59:00,5047.00,5047.00,5044.50,5044.75,478
2022-01-06 04:00:00,5044.75,5045.75,5044.00,5044.75,441
2022-01-06 04:01:00,5045.00,5046.25,5041.50,5042.25,1186
2022-01-06 04:02:00,5042.25,5042.75,5041.50,5041.50,360
2022-01-06 04:03:00,5041.75,5042.25,5039.75,5039.75,384
2022-01-06 04:04:00,5040.00,5040.00,5038.00,5039.00,638
2022-01-06 04:05:00,5039.00,5040.75,5038.75,5040.50,452
2022-01-06 04:06:00,5040.50,5041.25,5038.75,5039.25,360
2022-01-06 04:07:00,5039.25,5040.25,5038.25,5039.00,327
2022-01-06 04:08:00,5039.00,5039.00,5037.25,5038.00,294
2022-01-06 04:09:00,5038.25,5040.25,5038.25,5040.00,199
2022-01-06 04:10:00,5040.00,5041.25,5040.00,5040.50,174
2022-01-06 04:11:00,5040.50,5042.00,5040.25,5041.75,111
2022-01-06 04:12:00,5041.75,5042.50,5039.75,5039.75,248
2022-01-06 04:13:00,5039.75,5041.50,5039.50,5040.75,195
2022-01-06 04:14:00,5040.75,5042.25,5040.50,5041.50,252
2022-01-06 04:15:00,5041.75,5043.50,5041.00,5043.25,632
2022-01-06 04:16:00,5043.25,5045.50,5043.25,5044.00,563
2022-01-06 04:17:00,5043.75,5045.00,5042.25,5045.00,362
2022-01-06 04:18:00,5044.75,5045.00,5043.00,5043.50,311
2022-01-06 04:19:00,5043.25,5044.50,5042.75,5044.50,240
2022-01-06 04:20:00,5044.50,5044.75,5044.00,5044.25,207
2022-01-06 04:21:00,5044.25,5044.50,5042.50,5043.00,285
2022-01-06 04:22:00,5043.00,5044.50,5042.75,5044.25,160
2022-01-06 04:23:00,5044.25,5045.75,5044.25,5044.75,699
2022-01-06 04:24:00,5044.75,5045.25,5044.25,5045.25,171
2022-01-06 04:25:00,5045.25,5046.50,5044.25,5044.25,325
2022-01-06 04:26:00,5044.25,5044.50,5043.50,5044.25,214
2022-01-06 04:27:00,5044.25,5044.25,5042.50,5043.00,434
2022-01-06 04:28:00,5043.25,5043.50,5041.50,5041.50,394
2022-01-06 04:29:00,5041.75,5043.00,5041.00,5041.00,304
2022-01-06 04:30:00,5041.00,5042.25,5040.75,5041.50,373
2022-01-06 04:31:00,5041.50,5042.00,5040.00,5041.00,285
2022-01-06 04:32:00,5041.00,5041.25,5038.50,5038.50,606
2022-01-06 04:33:00,5038.50,5039.75,5038.25,5039.25,386
2022-01-06 04:34:00,5039.50,5039.75,5038.00,5038.50,249
2022-01-06 04:35:00,5038.25,5038.75,5037.25,5038.00,308
2022-01-06 04:36:00,5038.00,5039.75,5038.00,5039.75,239
2022-01-06 04:37:00,5039.75,5040.25,5039.00,5039.75,187
2022-01-06 04:38:00,5040.00,5041.00,5040.00,5041.00,128
2022-01-06 04:39:00,5040.75,5041.25,5039.50,5040.00,153
2022-01-06 04:40:00,5040.00,5040.50,5039.75,5039.75,212
2022-01-06 04:41:00,5040.00,5040.00,5038.50,5038.75,192
2022-01-06 04:42:00,5038.75,5039.25,5037.75,5038.00,188
2022-01-06 04:43:00,5038.25,5039.50,5038.25,5039.50,142
2022-01-06 04:44:00,5039.50,5040.00,5039.00,5039.75,111
2022-01-06 04:45:00,5039.75,5040.50,5039.50,5040.25,141
2022-01-06 04:46:00,5040.25,5040.75,5039.25,5039.25,190
2022-01-06 04:47:00,5039.25,5039.25,5038.25,5038.75,139
2022-01-06 04:48:00,5038.75,5039.50,5038.00,5039.50,141
2022-01-06 04:49:00,5039.25,5039.75,5038.25,5039.50,130
2022-01-06 04:50:00,5039.50,5040.50,5038.75,5040.50,550
2022-01-06 04:51:00,5040.25,5041.00,5039.75,5041.00,176
2022-01-06 04:52:00,5040.75,5041.50,5040.50,5041.50,101
2022-01-06 04:53:00,5041.25,5043.25,5041.25,5042.00,305
2022-01-06 04:54:00,5042.00,5042.00,5040.25,5040.75,163
2022-01-06 04:55:00,5040.25,5040.75,5038.00,5038.50,269
2022-01-06 04:56:00,5038.50,5038.50,5036.50,5038.00,437
2022-01-06 04:57:00,5037.75,5040.75,5037.75,5040.75,257
2022-01-06 04:58:00,5040.75,5042.00,5040.75,5041.50,281
2022-01-06 04:59:00,5041.50,5043.00,5041.50,5042.75,268
2022-01-06 05:00:00,5043.00,5043.75,5042.00,5042.00,308
2022-01-06 05:01:00,5042.00,5042.25,5041.25,5042.00,132
2022-01-06 05:02:00,5041.75,5042.00,5041.75,5041.75,141
2022-01-06 05:03:00,5041.75,5043.50,5041.50,5043.00,329
2022-01-06 05:04:00,5043.00,5044.25,5042.75,5043.50,402
2022-01-06 05:05:00,5043.50,5045.00,5043.50,5044.75,267
2022-01-06 05:06:00,5044.50,5045.00,5043.75,5044.25,356
2022-01-06 05:07:00,5044.25,5045.50,5044.25,5044.75,376
2022-01-06 05:08:00,5044.50,5046.75,5044.25,5046.50,662
2022-01-06 05:09:00,5046.50,5047.00,5045.00,5045.75,291
2022-01-06 05:10:00,5045.75,5047.25,5045.50,5046.50,575
2022-01-06 05:11:00,5046.75,5048.00,5046.50,5047.75,360
2022-01-06 05:12:00,5047.50,5048.00,5047.00,5047.50,182
2022-01-06 05:13:00,5047.50,5048.00,5047.00,5047.75,452
2022-01-06 05:14:00,5047.75,5048.25,5047.25,5047.75,319
2022-01-06 05:15:00,5047.75,5048.00,5047.25,5047.50,481
2022-01-06 05:16:00,5047.50,5047.75,5047.25,5047.75,311
2022-01-06 05:17:00,5047.50,5048.25,5047.25,5048.25,199
2022-01-06 05:18:00,5048.00,5048.00,5045.75,5046.00,746
2022-01-06 05:19:00,5045.75,5046.50,5045.75,5046.25,229
2022-01-06 05:20:00,5046.50,5047.50,5046.25,5047.00,334
2022-01-06 05:21:00,5047.00,5049.25,5047.00,5049.00,408
2022-01-06 05:22:00,5049.25,5050.50,5049.00,5049.75,638
2022-01-06 05:23:00,5049.75,5051.00,5049.50,5050.75,435
2022-01-06 05:24:00,5050.75,5051.25,5050.25,5050.25,519
2022-01-06 05:25:00,5050.50,5050.75,5049.50,5050.25,398
2022-01-06 05:26:00,5050.25,5051.00,5049.50,5051.00,379
2022-01-06 05:27:00,5051.00,5051.25,5050.50,5051.00,501
2022-01-06 05:28:00,5051.00,5051.00,5049.00,5049.00,599
2022-01-06 05:29:00,5049.00,5049.75,5049.00,5049.75,157
2022-01-06 05:30:00,5050.00,5050.75,5049.25,5050.00,269
2022-01-06 05:31:00,5050.00,5051.75,5049.50,5051.25,436
2022-01-06 05:32:00,5051.25,5052.00,5051.00,5052.00,343
2022-01-06 05:33:00,5051.75,5052.50,5051.50,5051.75,497
2022-01-06 05:34:00,5052.00,5052.00,5050.75,5050.75,239
2022-01-06 05:35:00,5051.00,5053.25,5051.00,5053.00,843
2022-01-06 05:36:00,5053.00,5053.50,5052.25,5053.25,432
2022-01-06 05:37:00,5053.25,5053.25,5052.25,5053.00,287
2022-01-06 05:38:00,5052.75,5053.25,5052.75,5052.75,302
2022-01-06 05:39:00,5052.75,5054.25,5052.25,5054.25,515
2022-01-06 05:40:00,5054.25,5055.25,5051.75,5051.75,761
2022-01-06 05:41:00,5051.75,5052.00,5050.00,5051.00,676
2022-01-06 05:42:00,5050.75,5050.75,5047.75,5048.25,814
2022-01-06 05:43:00,5048.25,5048.25,5046.00,5046.50,909
2022-01-06 05:44:00,5046.75,5048.50,5046.75,5048.50,774
2022-01-06 05:45:00,5048.25,5049.75,5048.00,5049.75,885
2022-01-06 05:46:00,5049.75,5050.75,5049.50,5050.50,326
2022-01-06 05:47:00,5050.50,5050.50,5048.75,5049.25,438
2022-01-06 05:48:00,5049.50,5050.00,5049.00,5050.00,183
2022-01-06 05:49:00,5050.00,5050.50,5049.75,5050.25,148
2022-01-06 05:50:00,5050.25,5051.50,5050.00,5051.00,391
2022-01-06 05:51:00,5051.00,5051.25,5049.50,5050.25,252
2022-01-06 05:52:00,5050.25,5050.75,5048.25,5048.75,384
2022-01-06 05:53:00,5048.75,5048.75,5047.75,5048.75,307
2022-01-06 05:54:00,5048.50,5048.50,5047.25,5047.50,253
2022-01-06 05:55:00,5047.75,5048.50,5047.50,5048.50,265
2022-01-06 05:56:00,5048.50,5049.50,5048.25,5049.25,116
2022-01-06 05:57:00,5049.25,5049.25,5047.00,5048.00,339
2022-01-06 05:58:00,5048.00,5049.25,5047.00,5047.25,288
2022-01-06 05:59:00,5047.25,5048.50,5047.25,5048.00,275
2022-01-06 06:00:00,5048.25,5049.00,5047.25,5047.75,251
2022-01-06 06:01:00,5048.00,5050.50,5048.00,5050.00,186
2022-01-06 06:02:00,5049.75,5050.00,5049.00,5050.00,268
2022-01-06 06:03:00,5049.75,5050.50,5049.50,5050.25,110
2022-01-06 06:04:00,5050.25,5051.75,5050.25,5051.00,335
2022-01-06 06:05:00,5051.00,5052.50,5051.00,5052.25,169
2022-01-06 06:06:00,5052.25,5052.25,5049.50,5050.00,297
2022-01-06 06:07:00,5049.75,5050.00,5048.75,5049.25,429
2022-01-06 06:08:00,5049.00,5049.50,5048.50,5048.75,342
2022-01-06 06:09:00,5048.75,5049.00,5047.50,5047.75,250
2022-01-06 06:10:00,5047.75,5047.75,5046.50,5047.50,533
2022-01-06 06:11:00,5048.00,5048.50,5047.00,5047.50,197
2022-01-06 06:12:00,5047.50,5047.75,5047.00,5047.50,81
2022-01-06 06:13:00,5047.50,5047.75,5046.00,5046.25,239
2022-01-06 06:14:00,5046.50,5047.00,5046.25,5047.00,81
2022-01-06 06:15:00,5047.00,5048.00,5046.75,5046.75,142
2022-01-06 06:16:00,5046.75,5047.50,5045.75,5046.25,174
2022-01-06 06:17:00,5046.50,5047.25,5045.75,5046.00,169
2022-01-06 06:18:00,5046.25,5047.00,5045.50,5047.00,297
2022-01-06 06:19:00,5047.00,5048.00,5047.00,5047.25,190
2022-01-06 06:20:00,5047.25,5048.00,5046.75,5047.00,126
2022-01-06 06:21:00,5046.75,5047.00,5045.25,5045.50,158
2022-01-06 06:22:00,5045.75,5045.75,5045.00,5045.25,221
2022-01-06 06:23:00,5045.50,5046.50,5045.00,5045.00,324
2022-01-06 06:24:00,5044.75,5045.25,5044.25,5044.75,293
2022-01-06 06:25:00,5044.50,5045.00,5043.50,5044.50,664
2022-01-06 06:26:00,5044.75,5046.75,5044.75,5046.50,356
2022-01-06 06:27:00,5046.25,5046.25,5044.00,5044.25,204
2022-01-06 06:28:00,5044.25,5045.50,5044.25,5045.50,154
2022-01-06 06:29:00,5045.25,5045.75,5044.25,5045.00,135
2022-01-06 06:30:00,5045.00,5045.00,5044.00,5044.00,138
2022-01-06 06:31:00,5044.00,5045.00,5043.75,5044.75,149
2022-01-06 06:32:00,5044.75,5046.50,5044.75,5046.25,242
2022-01-06 06:33:00,5046.00,5047.25,5045.75,5046.75,253
2022-01-06 06:34:00,5046.75,5048.25,5046.50,5047.50,298
2022-01-06 06:35:00,5047.50,5047.50,5046.00,5046.00,160
2022-01-06 06:36:00,5046.25,5046.75,5045.50,5046.00,139
2022-01-06 06:37:00,5046.00,5046.25,5044.25,5044.50,405
2022-01-06 06:38:00,5044.75,5044.75,5043.25,5043.50,335
2022-01-06 06:39:00,5044.00,5045.25,5043.75,5044.00,449
2022-01-06 06:40:00,5043.75,5044.75,5043.25,5044.50,232
2022-01-06 06:41:00,5044.50,5045.75,5044.00,5045.50,167
2022-01-06 06:42:00,5045.50,5046.75,5045.50,5046.25,190
2022-01-06 06:43:00,5046.50,5047.00,5045.75,5046.00,297
2022-01-06 06:44:00,5046.00,5046.00,5044.25,5044.50,258
2022-01-06 06:45:00,5044.50,5044.75,5043.25,5044.50,241
2022-01-06 06:46:00,5044.50,5045.50,5044.50,5044.75,83
2022-01-06 06:47:00,5045.00,5045.00,5043.00,5043.25,434
2022-01-06 06:48:00,5043.25,5043.50,5042.25,5042.50,316
2022-01-06 06:49:00,5042.50,5042.50,5040.75,5041.25,589
2022-01-06 06:50:00,5041.00,5042.75,5041.00,5042.50,361
2022-01-06 06:51:00,5042.75,5043.00,5041.25,5042.50,292
2022-01-06 06:52:00,5042.50,5044.50,5042.50,5044.50,288
2022-01-06 06:53:00,5044.50,5044.75,5043.25,5043.75,350
2022-01-06 06:54:00,5044.00,5045.50,5044.00,5045.25,185
2022-01-06 06:55:00,5045.25,5045.50,5044.25,5044.50,229
2022-01-06 06:56:00,5044.75,5045.25,5043.50,5043.75,417
2022-01-06 06:57:00,5043.50,5044.75,5043.25,5044.50,108
2022-01-06 06:58:00,5044.75,5044.75,5044.00,5044.50,64
2022-01-06 06:59:00,5044.75,5045.00,5042.75,5043.50,474
2022-01-06 07:00:00,5043.25,5048.50,5043.00,5048.50,1211
2022-01-06 07:01:00,5048.50,5048.75,5047.75,5048.00,399
2022-01-06 07:02:00,5047.75,5047.75,5046.50,5046.50,322
2022-01-06 07:03:00,5046.50,5046.75,5046.00,5046.25,235
2022-01-06 07:04:00,5046.25,5047.50,5046.25,5047.25,235
2022-01-06 07:05:00,5047.25,5049.25,5047.00,5049.25,402
2022-01-06 07:06:00,5049.25,5049.25,5047.75,5047.75,318
2022-01-06 07:07:00,5047.75,5048.25,5047.00,5048.00,185
2022-01-06 07:08:00,5048.00,5048.50,5047.25,5048.25,247
2022-01-06 07:09:00,5048.00,5049.50,5048.00,5048.75,589
2022-01-06 07:10:00,5048.75,5049.00,5048.00,5048.50,634
2022-01-06 07:11:00,5048.50,5049.25,5048.50,5049.00,248
2022-01-06 07:12:00,5049.00,5049.00,5048.50,5048.75,133
2022-01-06 07:13:00,5048.75,5050.00,5048.75,5049.50,376
2022-01-06 07:14:00,5049.75,5049.75,5049.00,5049.25,189
2022-01-06 07:15:00,5049.25,5050.00,5048.50,5048.50,300
2022-01-06 07:16:00,5048.75,5049.75,5048.50,5049.75,265
2022-01-06 07:17:00,5049.50,5049.75,5048.75,5049.00,207
2022-01-06 07:18:00,5049.00,5049.50,5048.50,5048.50,164
2022-01-06 07:19:00,5048.50,5048.75,5047.50,5047.75,205
2022-01-06 07:20:00,5047.75,5048.00,5046.00,5047.00,342
2022-01-06 07:21:00,5046.75,5047.50,5046.75,5047.00,388
2022-01-06 07:22:00,5047.00,5047.25,5045.75,5046.00,462
2022-01-06 07:23:00,5046.00,5046.00,5042.25,5043.00,1070
2022-01-06 07:24:00,5043.25,5044.25,5042.75,5044.00,560
2022-01-06 07:25:00,5044.00,5044.50,5042.00,5042.00,402
2022-01-06 07:26:00,5042.00,5042.75,5039.50,5040.75,1158
2022-01-06 07:27:00,5040.75,5041.50,5040.00,5040.50,447
2022-01-06 07:28:00,5040.75,5042.25,5040.00,5041.50,526
2022-01-06 07:29:00,5041.75,5042.25,5040.25,5040.75,509
2022-01-06 07:30:00,5040.75,5040.75,5040.00,5040.25,406
2022-01-06 07:31:00,5040.25,5041.75,5040.00,5041.50,307
2022-01-06 07:32:00,5041.25,5043.50,5041.25,5043.25,422
2022-01-06 07:33:00,5043.25,5043.25,5041.50,5041.75,443
2022-01-06 07:34:00,5042.00,5042.25,5041.00,5041.00,208
2022-01-06 07:35:00,5041.00,5044.50,5040.50,5044.50,852
2022-01-06 07:36:00,5044.50,5044.75,5042.00,5043.00,594
2022-01-06 07:37:00,5042.75,5042.75,5041.75,5042.75,161
2022-01-06 07:38:00,5043.00,5045.00,5043.00,5044.75,500
2022-01-06 07:39:00,5045.00,5046.25,5044.50,5044.50,585
2022-01-06 07:40:00,5044.25,5044.75,5043.50,5044.00,281
2022-01-06 07:41:00,5043.75,5044.25,5043.50,5044.00,140
2022-01-06 07:42:00,5043.75,5044.25,5043.50,5043.50,136
2022-01-06 07:43:00,5043.75,5044.50,5042.25,5042.25,275
2022-01-06 07:44:00,5042.25,5042.50,5040.50,5040.75,480
2022-01-06 07:45:00,5041.00,5041.00,5039.50,5040.00,358
2022-01-06 07:46:00,5040.25,5040.50,5039.50,5040.25,443
2022-01-06 07:47:00,5040.25,5040.75,5040.00,5040.50,276
2022-01-06 07:48:00,5040.50,5040.75,5039.75,5040.00,285
2022-01-06 07:49:00,5040.00,5041.00,5040.00,5040.75,190
2022-01-06 07:50:00,5040.75,5042.75,5040.75,5042.00,424
2022-01-06 07:51:00,5042.00,5042.00,5040.25,5040.25,197
2022-01-06 07:52:00,5040.50,5042.50,5040.25,5042.25,250
2022-01-06 07:53:00,5042.25,5043.50,5042.25,5043.50,476
2022-01-06 07:54:00,5043.50,5043.75,5042.75,5042.75,542
2022-01-06 07:55:00,5043.00,5043.50,5041.75,5041.75,285
2022-01-06 07:56:00,5041.75,5042.75,5041.75,5042.00,200
2022-01-06 07:57:00,5042.25,5044.25,5041.75,5043.25,319
2022-01-06 07:58:00,5043.25,5044.75,5043.25,5044.00,485
2022-01-06 07:59:00,5044.00,5044.25,5043.00,5043.75,286
2022-01-06 08:00:00,5043.50,5045.50,5042.75,5044.75,1007
2022-01-06 08:01:00,5045.00,5045.75,5043.00,5043.75,773
2022-01-06 08:02:00,5043.50,5044.50,5042.00,5042.50,536
2022-01-06 08:03:00,5042.25,5042.50,5041.75,5042.50,373
2022-01-06 08:04:00,5042.50,5044.00,5042.50,5043.50,434
2022-01-06 08:05:00,5043.50,5043.75,5042.00,5042.75,372
2022-01-06 08:06:00,5042.75,5043.75,5042.50,5043.25,327
2022-01-06 08:07:00,5043.25,5043.25,5042.50,5042.75,163
2022-01-06 08:08:00,5042.75,5043.25,5042.50,5043.00,228
2022-01-06 08:09:00,5043.00,5045.25,5043.00,5044.75,488
2022-01-06 08:10:00,5045.00,5046.00,5044.25,5045.25,541
2022-01-06 08:11:00,5045.25,5045.50,5044.00,5044.25,335
2022-01-06 08:12:00,5044.50,5045.00,5043.75,5044.75,321
2022-01-06 08:13:00,5044.75,5047.25,5044.50,5046.75,972
2022-01-06 08:14:00,5046.50,5047.00,5045.75,5046.50,660
2022-01-06 08:15:00,5046.50,5047.50,5046.25,5046.75,543
2022-01-06 08:16:00,5046.75,5047.75,5046.25,5047.75,581
2022-01-06 08:17:00,5047.75,5048.00,5046.50,5046.75,574
2022-01-06 08:18:00,5046.75,5049.00,5046.50,5048.00,902
2022-01-06 08:19:00,5048.25,5050.00,5047.75,5049.50,948
