Datetime,Open,High,Low,Close,Volume
2023-01-02 18:00:00,4204.50,4209.50,4196.25,4198.00,3804
2023-01-02 18:01:00,4198.25,4199.75,4197.50,4198.25,778
2023-01-02 18:02:00,4198.00,4199.25,4197.50,4198.25,399
2023-01-02 18:03:00,4198.00,4198.25,4195.00,4195.75,813
2023-01-02 18:04:00,4195.75,4195.75,4192.75,4193.25,798
2023-01-02 18:05:00,4193.25,4196.75,4193.00,4196.25,604
2023-01-02 18:06:00,4196.50,4199.50,4196.50,4198.50,998
2023-01-02 18:07:00,4198.50,4199.75,4198.25,4199.50,388
2023-01-02 18:08:00,4199.75,4199.75,4195.75,4197.50,540
2023-01-02 18:09:00,4197.50,4197.75,4193.25,4194.50,426
2023-01-02 18:10:00,4194.50,4195.00,4188.50,4188.75,1442
2023-01-02 18:11:00,4188.75,4189.50,4186.50,4186.75,690
2023-01-02 18:12:00,4187.00,4187.50,4185.25,4186.50,639
2023-01-02 18:13:00,4186.75,4187.75,4186.00,4186.50,317
2023-01-02 18:14:00,4186.50,4187.50,4186.00,4186.00,304
2023-01-02 18:15:00,4186.00,4186.75,4183.50,4183.50,623
2023-01-02 18:16:00,4183.75,4184.75,4183.25,4183.75,408
2023-01-02 18:17:00,4183.75,4185.25,4182.25,4184.25,686
2023-01-02 18:18:00,4184.00,4185.00,4183.25,4184.50,489
2023-01-02 18:19:00,4184.25,4185.00,4183.50,4183.75,214
2023-01-02 18:20:00,4183.50,4185.25,4183.00,4183.25,399
2023-01-02 18:21:00,4183.50,4183.50,4182.00,4182.00,301
2023-01-02 18:22:00,4182.00,4182.50,4180.50,4181.25,460
2023-01-02 18:23:00,4181.50,4182.25,4180.75,4181.75,250
2023-01-02 18:24:00,4181.75,4182.75,4181.25,4182.25,153
2023-01-02 18:25:00,4182.50,4183.75,4182.50,4182.75,229
2023-01-02 18:26:00,4182.75,4183.25,4182.50,4183.25,217
2023-01-02 18:27:00,4183.25,4183.50,4182.75,4183.00,160
2023-01-02 18:28:00,4183.25,4183.25,4182.50,4182.75,107
2023-01-02 18:29:00,4182.75,4183.00,4180.75,4180.75,301
2023-01-02 18:30:00,4180.75,4181.75,4180.50,4180.75,261
2023-01-02 18:31:00,4181.00,4181.75,4180.50,4180.50,214
2023-01-02 18:32:00,4180.75,4181.25,4180.50,4180.50,226
2023-01-02 18:33:00,4180.50,4181.25,4179.25,4180.75,614
2023-01-02 18:34:00,4180.50,4181.00,4180.00,4180.25,216
2023-01-02 18:35:00,4180.25,4180.50,4179.00,4179.25,308
2023-01-02 18:36:00,4179.00,4180.50,4179.00,4179.50,220
2023-01-02 18:37:00,4179.50,4179.75,4179.00,4179.50,197
2023-01-02 18:38:00,4179.50,4180.50,4179.25,4180.00,168
2023-01-02 18:39:00,4180.00,4181.00,4180.00,4180.50,235
2023-01-02 18:40:00,4180.75,4181.00,4180.25,4181.00,375
2023-01-02 18:41:00,4181.00,4181.50,4180.50,4181.00,488
2023-01-02 18:42:00,4181.00,4181.50,4181.00,4181.50,236
2023-01-02 18:43:00,4181.50,4181.50,4180.75,4181.00,168
2023-01-02 18:44:00,4181.00,4181.25,4180.50,4180.75,97
2023-01-02 18:45:00,4180.50,4181.00,4180.25,4180.50,216
2023-01-02 18:46:00,4180.50,4180.75,4179.75,4179.75,281
2023-01-02 18:47:00,4179.75,4180.25,4179.50,4179.50,134
2023-01-02 18:48:00,4179.50,4179.75,4178.75,4179.00,172
2023-01-02 18:49:00,4179.00,4179.50,4178.25,4179.00,266
2023-01-02 18:50:00,4179.25,4179.25,4178.50,4179.25,132
2023-01-02 18:51:00,4179.00,4180.00,4179.00,4179.00,256
2023-01-02 18:52:00,4178.75,4179.25,4178.25,4179.00,219
2023-01-02 18:53:00,4179.25,4179.25,4178.25,4178.50,98
2023-01-02 18:54:00,4178.50,4179.00,4178.50,4179.00,164
2023-01-02 18:55:00,4179.00,4180.25,4179.00,4180.00,180
2023-01-02 18:56:00,4179.75,4180.50,4179.75,4180.50,230
2023-01-02 18:57:00,4180.25,4180.50,4180.00,4180.50,118
2023-01-02 18:58:00,4180.50,4180.75,4180.25,4180.50,220
2023-01-02 18:59:00,4180.25,4181.25,4180.25,4181.00,374
2023-01-02 19:00:00,4180.75,4181.25,4179.75,4180.50,465
2023-01-02 19:01:00,4180.50,4180.75,4179.75,4180.25,169
2023-01-02 19:02:00,4180.50,4180.50,4179.00,4179.50,240
2023-01-02 19:03:00,4179.50,4180.00,4179.00,4179.00,179
2023-01-02 19:04:00,4179.00,4179.25,4178.50,4178.75,157
2023-01-02 19:05:00,4179.00,4179.75,4178.50,4178.75,181
2023-01-02 19:06:00,4178.75,4179.00,4178.50,4179.00,169
2023-01-02 19:07:00,4179.00,4179.50,4178.75,4179.00,53
2023-01-02 19:08:00,4179.00,4179.50,4178.75,4179.25,113
2023-01-02 19:09:00,4179.00,4179.50,4178.75,4179.25,234
2023-01-02 19:10:00,4179.00,4179.00,4177.00,4177.50,615
2023-01-02 19:11:00,4177.25,4178.00,4176.50,4176.75,1008
2023-01-02 19:12:00,4176.75,4177.25,4174.00,4174.00,732
2023-01-02 19:13:00,4174.00,4175.00,4172.50,4172.75,664
2023-01-02 19:14:00,4172.50,4174.75,4172.50,4174.25,533
2023-01-02 19:15:00,4174.25,4174.25,4172.75,4173.75,355
2023-01-02 19:16:00,4173.75,4174.00,4173.25,4174.00,362
2023-01-02 19:17:00,4174.00,4175.50,4173.75,4175.25,391
2023-01-02 19:18:00,4175.25,4175.50,4174.50,4174.50,274
2023-01-02 19:19:00,4174.75,4175.50,4173.50,4175.25,322
2023-01-02 19:20:00,4175.00,4175.75,4174.50,4175.50,276
2023-01-02 19:21:00,4175.25,4176.25,4175.25,4175.50,181
2023-01-02 19:22:00,4175.75,4176.00,4175.00,4175.25,190
2023-01-02 19:23:00,4175.00,4175.75,4174.75,4175.50,169
2023-01-02 19:24:00,4175.25,4176.00,4175.00,4175.25,292
2023-01-02 19:25:00,4175.25,4175.25,4174.50,4174.50,366
2023-01-02 19:26:00,4174.50,4175.25,4174.50,4174.75,202
2023-01-02 19:27:00,4174.75,4174.75,4173.25,4173.50,374
2023-01-02 19:28:00,4173.50,4173.75,4172.75,4173.50,296
2023-01-02 19:29:00,4173.50,4173.75,4173.00,4173.00,210
2023-01-02 19:30:00,4173.25,4174.50,4173.00,4174.25,351
2023-01-02 19:31:00,4174.25,4174.50,4173.50,4173.75,339
2023-01-02 19:32:00,4174.00,4175.00,4173.75,4174.75,282
2023-01-02 19:33:00,4174.75,4175.50,4174.50,4175.50,408
2023-01-02 19:34:00,4175.50,4175.50,4175.00,4175.50,106
2023-01-02 19:35:00,4175.25,4176.00,4175.25,4175.75,284
2023-01-02 19:36:00,4175.75,4175.75,4174.75,4175.00,393
2023-01-02 19:37:00,4175.00,4176.25,4174.50,4175.75,239
2023-01-02 19:38:00,4175.75,4176.00,4175.00,4175.00,105
2023-01-02 19:39:00,4175.00,4175.50,4174.50,4175.00,93
2023-01-02 19:40:00,4175.00,4175.50,4174.75,4175.00,125
2023-01-02 19:41:00,4175.25,4175.25,4173.75,4174.25,228
2023-01-02 19:42:00,4174.50,4175.25,4174.25,4174.25,118
2023-01-02 19:43:00,4174.25,4174.75,4173.50,4174.25,227
2023-01-02 19:44:00,4174.25,4174.25,4173.00,4173.50,276
2023-01-02 19:45:00,4173.25,4173.50,4172.25,4172.50,311
2023-01-02 19:46:00,4172.50,4173.75,4171.75,4173.50,440
2023-01-02 19:47:00,4173.50,4174.50,4173.50,4174.25,151
2023-01-02 19:48:00,4174.50,4174.50,4173.75,4173.75,136
2023-01-02 19:49:00,4173.75,4174.00,4173.00,4173.00,409
2023-01-02 19:50:00,4173.00,4173.25,4172.50,4172.50,203
2023-01-02 19:51:00,4172.75,4173.25,4172.25,4173.25,111
2023-01-02 19:52:00,4173.25,4173.25,4172.00,4172.00,95
2023-01-02 19:53:00,4172.00,4172.75,4168.75,4169.00,938
2023-01-02 19:54:00,4169.00,4169.50,4167.50,4169.25,676
2023-01-02 19:55:00,4169.50,4169.75,4167.50,4168.00,473
2023-01-02 19:56:00,4168.00,4168.50,4167.75,4168.00,286
2023-01-02 19:57:00,4168.00,4168.00,4167.50,4167.75,349
2023-01-02 19:58:00,4167.75,4168.75,4167.75,4168.75,177
2023-01-02 19:59:00,4168.75,4169.00,4165.50,4166.25,1093
2023-01-02 20:00:00,4166.00,4166.50,4161.75,4164.50,1954
2023-01-02 20:01:00,4164.50,4165.00,4163.75,4164.25,679
2023-01-02 20:02:00,4164.00,4164.00,4161.00,4161.50,775
2023-01-02 20:03:00,4161.50,4162.75,4161.00,4161.25,462
2023-01-02 20:04:00,4161.50,4163.25,4160.50,4162.25,764
2023-01-02 20:05:00,4162.00,4162.25,4159.00,4159.25,672
2023-01-02 20:06:00,4159.00,4159.25,4156.00,4157.25,1340
2023-01-02 20:07:00,4157.25,4158.50,4156.75,4157.75,458
2023-01-02 20:08:00,4158.00,4158.75,4157.25,4158.25,505
2023-01-02 20:09:00,4158.25,4159.50,4157.50,4158.75,400
2023-01-02 20:10:00,4158.75,4159.25,4157.25,4158.00,482
2023-01-02 20:11:00,4158.25,4159.50,4158.25,4159.00,324
2023-01-02 20:12:00,4159.00,4159.75,4158.75,4159.00,386
2023-01-02 20:13:00,4159.25,4160.75,4159.00,4159.50,483
2023-01-02 20:14:00,4159.50,4159.75,4159.00,4159.00,255
2023-01-02 20:15:00,4159.25,4161.00,4158.00,4160.50,526
2023-01-02 20:16:00,4160.50,4160.75,4159.75,4160.25,344
2023-01-02 20:17:00,4160.50,4161.25,4160.00,4160.75,286
2023-01-02 20:18:00,4160.75,4161.00,4160.25,4160.50,161
2023-01-02 20:19:00,4160.50,4160.50,4158.50,4159.25,325
2023-01-02 20:20:00,4159.25,4159.25,4158.00,4158.25,304
2023-01-02 20:21:00,4158.00,4158.50,4156.00,4156.50,972
2023-01-02 20:22:00,4156.50,4157.50,4156.50,4157.00,234
2023-01-02 20:23:00,4157.25,4158.50,4154.00,4154.25,973
2023-01-02 20:24:00,4154.25,4154.75,4152.75,4153.75,687
2023-01-02 20:25:00,4154.00,4154.50,4153.00,4154.50,411
2023-01-02 20:26:00,4154.50,4154.50,4153.00,4154.50,247
2023-01-02 20:27:00,4154.00,4154.25,4152.75,4153.00,236
2023-01-02 20:28:00,4152.75,4153.75,4152.50,4153.00,382
2023-01-02 20:29:00,4153.00,4153.75,4152.25,4153.25,491
2023-01-02 20:30:00,4153.00,4155.25,4152.25,4154.50,487
2023-01-02 20:31:00,4154.75,4155.50,4153.25,4154.25,383
2023-01-02 20:32:00,4154.00,4155.75,4154.00,4155.25,328
2023-01-02 20:33:00,4155.00,4156.25,4154.75,4155.50,301
2023-01-02 20:34:00,4155.75,4156.75,4154.75,4155.50,501
2023-01-02 20:35:00,4155.50,4156.00,4154.00,4155.75,483
2023-01-02 20:36:00,4155.50,4155.75,4154.25,4155.00,436
2023-01-02 20:37:00,4155.00,4156.50,4155.00,4156.25,257
2023-01-02 20:38:00,4156.25,4156.50,4155.50,4156.25,203
2023-01-02 20:39:00,4156.25,4156.50,4155.50,4155.75,216
2023-01-02 20:40:00,4155.50,4156.00,4155.00,4155.75,197
2023-01-02 20:41:00,4155.75,4156.75,4155.50,4156.50,208
2023-01-02 20:42:00,4156.50,4158.25,4156.25,4157.50,722
2023-01-02 20:43:00,4157.50,4158.75,4157.50,4158.50,385
2023-01-02 20:44:00,4158.75,4158.75,4158.25,4158.75,206
2023-01-02 20:45:00,4158.75,4160.00,4158.50,4158.50,466
2023-01-02 20:46:00,4158.75,4158.75,4157.25,4157.75,421
2023-01-02 20:47:00,4158.00,4158.25,4157.50,4157.75,142
2023-01-02 20:48:00,4158.00,4158.75,4157.50,4158.75,154
2023-01-02 20:49:00,4158.75,4160.00,4158.75,4159.00,361
2023-01-02 20:50:00,4159.25,4159.25,4156.50,4157.00,394
2023-01-02 20:51:00,4157.25,4158.50,4156.25,4157.75,323
2023-01-02 20:52:00,4157.75,4158.00,4157.25,4157.25,175
2023-01-02 20:53:00,4157.50,4158.25,4157.50,4158.25,166
2023-01-02 20:54:00,4158.25,4159.50,4158.25,4159.25,330
2023-01-02 20:55:00,4159.25,4159.50,4158.25,4158.75,183
2023-01-02 20:56:00,4159.00,4160.00,4158.75,4159.75,224
2023-01-02 20:57:00,4160.00,4162.25,4160.00,4162.00,677
2023-01-02 20:58:00,4162.00,4163.50,4161.75,4163.25,533
2023-01-02 20:59:00,4163.25,4163.75,4162.25,4162.75,449
2023-01-02 21:00:00,4163.00,4163.00,4161.25,4162.00,461
2023-01-02 21:01:00,4162.00,4162.00,4160.75,4161.00,302
2023-01-02 21:02:00,4161.25,4161.25,4160.25,4160.50,133
2023-01-02 21:03:00,4160.75,4162.25,4160.75,4162.00,162
2023-01-02 21:04:00,4162.25,4164.00,4162.00,4163.75,383
2023-01-02 21:05:00,4163.50,4164.00,4162.75,4163.00,209
2023-01-02 21:06:00,4163.50,4163.50,4162.00,4162.50,133
2023-01-02 21:07:00,4162.50,4163.25,4162.50,4162.75,78
2023-01-02 21:08:00,4162.75,4162.75,4161.75,4162.00,107
2023-01-02 21:09:00,4161.75,4162.75,4161.75,4162.75,80
2023-01-02 21:10:00,4162.75,4163.25,4162.00,4163.25,100
2023-01-02 21:11:00,4163.25,4164.00,4163.25,4164.00,288
2023-01-02 21:12:00,4164.00,4165.50,4162.50,4162.50,463
2023-01-02 21:13:00,4162.75,4164.00,4162.50,4162.50,260
2023-01-02 21:14:00,4162.75,4162.75,4162.00,4162.50,161
2023-01-02 21:15:00,4162.50,4162.50,4160.50,4161.25,461
2023-01-02 21:16:00,4161.25,4161.50,4160.25,4161.50,158
2023-01-02 21:17:00,4161.25,4162.50,4160.75,4161.75,249
2023-01-02 21:18:00,4161.75,4163.75,4161.50,4163.25,297
2023-01-02 21:19:00,4163.50,4164.00,4163.00,4163.75,161
2023-01-02 21:20:00,4163.75,4165.50,4163.50,4165.00,286
2023-01-02 21:21:00,4165.00,4166.00,4164.75,4165.25,267
2023-01-02 21:22:00,4165.25,4165.50,4164.00,4164.00,175
2023-01-02 21:23:00,4164.25,4165.25,4164.25,4165.25,140
2023-01-02 21:24:00,4165.00,4166.50,4165.00,4166.00,165
2023-01-02 21:25:00,4165.75,4166.50,4165.25,4166.25,163
2023-01-02 21:26:00,4166.50,4166.75,4165.50,4165.50,191
2023-01-02 21:27:00,4165.50,4166.00,4164.75,4165.25,232
2023-01-02 21:28:00,4165.00,4165.75,4165.00,4165.50,90
2023-01-02 21:29:00,4165.75,4166.00,4165.50,4165.75,96
2023-01-02 21:30:00,4165.75,4166.25,4165.00,4165.00,125
2023-01-02 21:31:00,4165.00,4165.25,4164.50,4165.00,157
2023-01-02 21:32:00,4165.00,4165.75,4165.00,4165.25,103
2023-01-02 21:33:00,4165.25,4166.75,4164.75,4166.50,612
2023-01-02 21:34:00,4166.75,4167.50,4166.50,4167.00,355
2023-01-02 21:35:00,4166.75,4168.00,4166.75,4167.50,371
2023-01-02 21:36:00,4167.75,4167.75,4166.50,4167.00,273
2023-01-02 21:37:00,4166.75,4169.25,4166.75,4168.75,453
2023-01-02 21:38:00,4168.75,4170.00,4168.25,4169.50,483
2023-01-02 21:39:00,4169.25,4171.25,4169.25,4170.50,468
2023-01-02 21:40:00,4170.25,4171.00,4169.50,4170.50,310
2023-01-02 21:41:00,4170.50,4170.50,4170.00,4170.00,348
2023-01-02 21:42:00,4170.00,4170.00,4169.25,4170.00,343
2023-01-02 21:43:00,4169.75,4171.25,4169.75,4171.25,177
2023-01-02 21:44:00,4171.25,4172.75,4171.00,4172.25,576
2023-01-02 21:45:00,4172.25,4173.00,4171.25,4171.75,370
2023-01-02 21:46:00,4171.50,4171.50,4170.00,4170.50,207
2023-01-02 21:47:00,4170.25,4171.00,4169.75,4170.00,176
2023-01-02 21:48:00,4170.00,4171.25,4170.00,4170.50,167
2023-01-02 21:49:00,4170.50,4171.00,4170.50,4170.75,54
2023-01-02 21:50:00,4170.75,4172.50,4170.75,4172.25,423
2023-01-02 21:51:00,4172.00,4173.00,4171.25,4171.25,299
2023-01-02 21:52:00,4171.50,4171.75,4171.25,4171.50,96
2023-01-02 21:53:00,4171.75,4172.00,4171.50,4171.75,46
2023-01-02 21:54:00,4171.75,4172.00,4171.00,4171.25,77
2023-01-02 21:55:00,4171.50,4171.50,4169.50,4170.00,301
2023-01-02 21:56:00,4170.00,4170.75,4169.75,4170.75,106
2023-01-02 21:57:00,4170.75,4171.50,4170.75,4171.00,98
2023-01-02 21:58:00,4170.75,4171.25,4170.75,4170.75,64
2023-01-02 21:59:00,4171.00,4171.00,4170.25,4171.00,172
2023-01-02 22:00:00,4170.75,4172.50,4170.75,4171.75,386
2023-01-02 22:01:00,4171.50,4171.75,4170.00,4170.00,195
2023-01-02 22:02:00,4170.00,4170.50,4169.00,4170.25,474
2023-01-02 22:03:00,4170.25,4170.50,4169.50,4170.25,89
2023-01-02 22:04:00,4170.25,4171.00,4170.25,4171.00,175
2023-01-02 22:05:00,4170.75,4171.25,4170.25,4171.00,190
2023-01-02 22:06:00,4171.00,4171.50,4170.75,4171.50,128
2023-01-02 22:07:00,4171.25,4172.50,4171.25,4172.00,209
2023-01-02 22:08:00,4172.00,4172.25,4170.75,4171.00,124
2023-01-02 22:09:00,4171.00,4171.50,4170.50,4170.75,103
2023-01-02 22:10:00,4170.75,4171.50,4170.50,4171.00,137
2023-01-02 22:11:00,4171.25,4171.75,4171.25,4171.25,184
2023-01-02 22:12:00,4171.50,4172.50,4171.50,4172.00,150
2023-01-02 22:13:00,4171.75,4172.25,4170.75,4171.00,195
2023-01-02 22:14:00,4171.00,4171.00,4170.00,4170.50,165
2023-01-02 22:15:00,4170.75,4170.75,4169.50,4169.75,166
2023-01-02 22:16:00,4169.75,4170.75,4169.75,4170.25,93
2023-01-02 22:17:00,4170.25,4171.00,4170.00,4170.50,90
2023-01-02 22:18:00,4170.50,4170.75,4170.00,4170.50,71
2023-01-02 22:19:00,4170.50,4170.75,4170.25,4170.50,85
2023-01-02 22:20:00,4170.25,4171.50,4170.25,4171.50,153
2023-01-02 22:21:00,4171.75,4172.00,4170.50,4171.00,175
2023-01-02 22:22:00,4171.00,4172.25,4171.00,4172.00,175
2023-01-02 22:23:00,4172.00,4172.00,4170.75,4170.75,303
2023-01-02 22:24:00,4171.00,4171.25,4170.25,4171.25,116
2023-01-02 22:25:00,4171.25,4172.00,4171.00,4171.50,92
2023-01-02 22:26:00,4171.50,4171.50,4171.00,4171.50,47
2023-01-02 22:27:00,4171.50,4171.50,4170.50,4171.00,88
2023-01-02 22:28:00,4171.00,4171.25,4170.75,4171.25,63
2023-01-02 22:29:00,4171.25,4172.25,4171.25,4171.75,67
2023-01-02 22:30:00,4171.75,4171.75,4170.50,4171.00,139
2023-01-02 22:31:00,4171.25,4172.25,4171.25,4171.50,219
2023-01-02 22:32:00,4171.75,4174.00,4171.75,4173.50,478
2023-01-02 22:33:00,4173.50,4173.50,4172.75,4173.50,168
2023-01-02 22:34:00,4173.25,4174.25,4173.25,4174.25,209
2023-01-02 22:35:00,4174.00,4174.25,4173.00,4173.00,204
2023-01-02 22:36:00,4172.75,4173.25,4172.50,4173.00,61
2023-01-02 22:37:00,4173.00,4173.50,4173.00,4173.25,81
2023-01-02 22:38:00,4173.25,4173.25,4172.75,4173.00,103
2023-01-02 22:39:00,4173.25,4173.25,4172.75,4172.75,97
2023-01-02 22:40:00,4172.75,4173.50,4172.75,4173.50,180
2023-01-02 22:41:00,4173.75,4174.00,4173.00,4173.00,65
2023-01-02 22:42:00,4173.25,4174.00,4173.25,4173.50,122
2023-01-02 22:43:00,4173.50,4175.50,4173.50,4175.25,436
2023-01-02 22:44:00,4175.25,4175.50,4174.00,4174.25,295
2023-01-02 22:45:00,4174.00,4175.75,4174.00,4175.25,279
2023-01-02 22:46:00,4175.50,4175.75,4175.00,4175.00,160
2023-01-02 22:47:00,4175.25,4176.00,4175.25,4175.75,110
2023-01-02 22:48:00,4175.75,4176.50,4175.75,4176.50,297
2023-01-02 22:49:00,4176.50,4177.25,4176.25,4176.75,451
2023-01-02 22:50:00,4176.75,4176.75,4176.00,4176.50,137
2023-01-02 22:51:00,4176.25,4176.50,4175.25,4175.50,141
2023-01-02 22:52:00,4175.25,4175.75,4175.25,4175.50,110
2023-01-02 22:53:00,4175.50,4175.50,4174.75,4174.75,219
2023-01-02 22:54:00,4175.00,4175.25,4174.75,4175.25,162
2023-01-02 22:55:00,4175.25,4175.75,4175.25,4175.75,78
2023-01-02 22:56:00,4175.75,4176.00,4175.25,4175.50,104
2023-01-02 22:57:00,4175.50,4175.50,4175.00,4175.00,47
2023-01-02 22:58:00,4175.00,4175.75,4175.00,4175.75,65
2023-01-02 22:59:00,4175.75,4176.00,4175.50,4176.00,65
2023-01-02 23:00:00,4176.25,4176.75,4176.00,4176.25,143
2023-01-02 23:01:00,4176.00,4177.00,4176.00,4176.75,106
2023-01-02 23:02:00,4176.50,4176.50,4175.50,4175.75,83
2023-01-02 23:03:00,4175.75,4176.50,4175.25,4175.50,99
2023-01-02 23:04:00,4175.50,4175.50,4174.75,4175.00,64
2023-01-02 23:05:00,4175.00,4175.75,4175.00,4175.75,108
2023-01-02 23:06:00,4175.75,4175.75,4175.25,4175.25,71
2023-01-02 23:07:00,4175.00,4175.00,4173.25,4173.25,306
2023-01-02 23:08:00,4173.25,4173.75,4173.00,4173.50,244
2023-01-02 23:09:00,4173.50,4173.50,4173.00,4173.25,70
2023-01-02 23:10:00,4173.25,4174.00,4173.25,4173.75,64
2023-01-02 23:11:00,4173.50,4174.50,4173.50,4174.00,87
2023-01-02 23:12:00,4173.75,4174.25,4173.50,4173.50,64
2023-01-02 23:13:00,4173.75,4174.00,4173.75,4174.00,37
2023-01-02 23:14:00,4174.00,4174.25,4174.00,4174.25,21
2023-01-02 23:15:00,4174.25,4175.00,4174.25,4174.50,79
2023-01-02 23:16:00,4174.25,4174.75,4174.25,4174.75,46
2023-01-02 23:17:00,4174.50,4174.75,4174.25,4174.25,41
2023-01-02 23:18:00,4174.00,4174.00,4173.50,4173.75,52
2023-01-02 23:19:00,4174.00,4174.75,4174.00,4174.75,73
2023-01-02 23:20:00,4174.75,4175.50,4174.75,4174.75,116
2023-01-02 23:21:00,4174.75,4175.00,4174.50,4175.00,22
2023-01-02 23:22:00,4174.75,4175.00,4174.50,4174.50,55
2023-01-02 23:23:00,4174.50,4174.75,4174.25,4174.50,17
2023-01-02 23:24:00,4174.50,4174.75,4174.50,4174.50,11
2023-01-02 23:25:00,4174.75,4175.25,4174.75,4175.00,60
2023-01-02 23:26:00,4174.75,4175.50,4174.75,4175.00,44
2023-01-02 23:27:00,4175.00,4175.00,4174.50,4174.50,17
2023-01-02 23:28:00,4174.50,4174.75,4174.25,4174.75,42
2023-01-02 23:29:00,4174.75,4175.50,4174.25,4175.50,108
2023-01-02 23:30:00,4175.25,4176.25,4175.25,4175.50,169
2023-01-02 23:31:00,4175.25,4175.75,4175.00,4175.50,115
2023-01-02 23:32:00,4175.50,4176.00,4175.50,4176.00,46
2023-01-02 23:33:00,4176.00,4176.00,4175.75,4176.00,31
2023-01-02 23:34:00,4175.75,4176.00,4175.75,4175.75,52
2023-01-02 23:35:00,4176.00,4176.00,4175.25,4175.50,29
2023-01-02 23:36:00,4175.25,4176.00,4175.25,4176.00,59
2023-01-02 23:37:00,4176.00,4176.25,4176.00,4176.25,46
2023-01-02 23:38:00,4176.25,4176.50,4176.25,4176.50,59
2023-01-02 23:39:00,4176.50,4177.25,4176.25,4176.25,165
2023-01-02 23:40:00,4176.00,4176.00,4175.00,4175.25,130
2023-01-02 23:41:00,4175.50,4175.75,4175.00,4175.25,46
2023-01-02 23:42:00,4175.25,4175.50,4175.25,4175.25,31
2023-01-02 23:43:00,4175.25,4175.75,4175.25,4175.75,38
2023-01-02 23:44:00,4175.50,4175.75,4175.00,4175.00,67
2023-01-02 23:45:00,4175.25,4175.75,4175.25,4175.25,47
2023-01-02 23:46:00,4175.25,4175.75,4175.25,4175.25,28
2023-01-02 23:47:00,4175.25,4175.25,4175.00,4175.00,27
2023-01-02 23:48:00,4175.25,4175.25,4175.25,4175.25,33
2023-01-02 23:49:00,4175.00,4175.00,4174.50,4174.75,130
2023-01-02 23:50:00,4175.00,4175.00,4174.25,4174.75,72
2023-01-02 23:51:00,4174.50,4175.00,4174.50,4175.00,26
2023-01-02 23:52:00,4175.00,4175.25,4174.75,4174.75,39
2023-01-02 23:53:00,4175.00,4175.00,4175.00,4175.00,14
2023-01-02 23:54:00,4174.75,4174.75,4174.50,4174.50,30
2023-01-02 23:55:00,4174.25,4174.50,4173.75,4174.00,97
2023-01-02 23:56:00,4174.00,4174.25,4173.75,4174.00,69
2023-01-02 23:57:00,4174.00,4174.00,4173.50,4174.00,69
2023-01-02 23:58:00,4174.00,4174.00,4173.75,4173.75,79
2023-01-02 23:59:00,4174.00,4174.00,4173.25,4173.50,97
2023-01-03 00:00:00,4173.50,4174.00,4173.50,4174.00,71
2023-01-03 00:01:00,4174.00,4174.50,4174.00,4174.00,52
2023-01-03 00:02:00,4174.00,4174.25,4173.75,4174.00,28
2023-01-03 00:03:00,4174.00,4175.25,4174.00,4174.75,117
2023-01-03 00:04:00,4174.75,4175.25,4174.75,4175.00,48
2023-01-03 00:05:00,4175.00,4175.50,4175.00,4175.50,36
2023-01-03 00:06:00,4175.50,4175.50,4174.75,4175.00,58
2023-01-03 00:07:00,4174.75,4175.00,4174.50,4174.75,52
2023-01-03 00:08:00,4174.75,4175.25,4174.75,4174.75,109
2023-01-03 00:09:00,4174.75,4175.00,4174.25,4174.75,91
2023-01-03 00:10:00,4174.75,4175.50,4174.75,4175.50,111
2023-01-03 00:11:00,4175.75,4176.00,4175.00,4175.50,107
2023-01-03 00:12:00,4175.50,4176.75,4175.50,4176.50,203
2023-01-03 00:13:00,4176.25,4177.50,4176.25,4177.00,413
2023-01-03 00:14:00,4177.00,4177.75,4176.75,4176.75,241
2023-01-03 00:15:00,4176.75,4177.50,4176.75,4177.50,83
2023-01-03 00:16:00,4177.25,4178.00,4176.25,4176.75,286
2023-01-03 00:17:00,4176.75,4176.75,4175.75,4176.25,100
2023-01-03 00:18:00,4176.00,4176.00,4175.50,4175.50,47
2023-01-03 00:19:00,4175.75,4176.25,4175.75,4176.00,37
2023-01-03 00:20:00,4175.75,4176.75,4175.75,4176.75,38
2023-01-03 00:21:00,4176.75,4177.00,4176.25,4176.50,70
2023-01-03 00:22:00,4176.50,4176.50,4175.50,4176.00,99
2023-01-03 00:23:00,4175.75,4175.75,4175.00,4175.50,119
2023-01-03 00:24:00,4175.50,4175.75,4175.25,4175.50,55
2023-01-03 00:25:00,4175.50,4175.50,4175.00,4175.25,61
2023-01-03 00:26:00,4175.25,4175.25,4174.75,4175.00,39
2023-01-03 00:27:00,4174.75,4174.75,4174.25,4174.50,104
2023-01-03 00:28:00,4174.50,4174.50,4174.00,4174.25,88
2023-01-03 00:29:00,4174.25,4174.75,4174.00,4174.00,92
2023-01-03 00:30:00,4174.25,4175.75,4174.25,4175.75,124
2023-01-03 00:31:00,4175.50,4175.75,4175.00,4175.25,99
2023-01-03 00:32:00,4175.25,4175.50,4175.00,4175.50,72
2023-01-03 00:33:00,4175.25,4176.00,4175.25,4175.75,55
2023-01-03 00:34:00,4175.75,4175.75,4175.25,4175.25,51
2023-01-03 00:35:00,4175.50,4175.75,4175.25,4175.25,28
2023-01-03 00:36:00,4175.50,4175.75,4175.25,4175.25,29
2023-01-03 00:37:00,4175.00,4175.50,4175.00,4175.25,42
2023-01-03 00:38:00,4175.00,4183.25,4175.00,4181.75,2221
2023-01-03 00:39:00,4181.75,4182.00,4179.25,4180.25,413
2023-01-03 00:40:00,4180.00,4180.50,4178.75,4179.50,197
2023-01-03 00:41:00,4179.50,4180.25,4179.50,4179.75,167
2023-01-03 00:42:00,4180.00,4180.75,4179.75,4180.50,169
2023-01-03 00:43:00,4180.75,4182.25,4180.75,4182.00,329
2023-01-03 00:44:00,4182.00,4182.50,4181.25,4181.50,206
2023-01-03 00:45:00,4181.75,4182.75,4181.50,4182.75,218
2023-01-03 00:46:00,4182.75,4182.75,4181.75,4181.75,139
2023-01-03 00:47:00,4181.75,4183.00,4181.75,4182.50,78
2023-01-03 00:48:00,4182.50,4182.75,4181.75,4182.25,121
2023-01-03 00:49:00,4182.00,4182.50,4180.75,4181.25,205
2023-01-03 00:50:00,4181.25,4181.50,4180.75,4180.75,124
2023-01-03 00:51:00,4180.75,4181.50,4180.75,4181.25,93
2023-01-03 00:52:00,4181.00,4181.00,4179.75,4180.50,207
2023-01-03 00:53:00,4180.25,4180.75,4180.00,4180.00,46
2023-01-03 00:54:00,4180.00,4180.25,4180.00,4180.00,35
2023-01-03 00:55:00,4180.00,4181.50,4180.00,4181.25,112
2023-01-03 00:56:00,4181.00,4181.00,4180.00,4180.50,64
2023-01-03 00:57:00,4180.50,4181.00,4180.50,4181.00,30
2023-01-03 00:58:00,4181.00,4181.00,4180.50,4180.75,22
2023-01-03 00:59:00,4180.75,4181.00,4180.75,4181.00,46
2023-01-03 01:00:00,4181.00,4181.00,4180.25,4180.50,83
2023-01-03 01:01:00,4180.50,4180.75,4180.25,4180.25,66
2023-01-03 01:02:00,4180.25,4180.25,4179.00,4179.50,188
2023-01-03 01:03:00,4179.50,4179.50,4178.75,4179.25,83
2023-01-03 01:04:00,4179.25,4179.75,4179.00,4179.50,45
2023-01-03 01:05:00,4179.75,4179.75,4178.75,4178.75,59
2023-01-03 01:06:00,4179.00,4179.00,4178.25,4178.50,76
2023-01-03 01:07:00,4178.75,4179.50,4178.75,4179.25,71
2023-01-03 01:08:00,4179.50,4180.25,4179.50,4180.00,104
2023-01-03 01:09:00,4180.00,4180.50,4179.75,4180.25,123
2023-01-03 01:10:00,4180.00,4180.25,4179.50,4180.25,85
2023-01-03 01:11:00,4180.25,4180.25,4179.50,4179.75,55
2023-01-03 01:12:00,4179.75,4180.25,4179.50,4179.75,78
2023-01-03 01:13:00,4179.75,4180.50,4179.25,4180.00,143
2023-01-03 01:14:00,4180.50,4181.00,4180.00,4180.50,160
2023-01-03 01:15:00,4180.50,4181.00,4180.50,4181.00,113
2023-01-03 01:16:00,4181.00,4181.50,4180.50,4180.50,178
2023-01-03 01:17:00,4180.50,4181.00,4180.50,4181.00,82
2023-01-03 01:18:00,4180.75,4181.50,4180.75,4181.00,87
2023-01-03 01:19:00,4180.75,4181.50,4180.75,4181.00,90
2023-01-03 01:20:00,4181.25,4181.25,4180.00,4180.75,148
2023-01-03 01:21:00,4180.50,4181.50,4180.25,4181.50,140
2023-01-03 01:22:00,4181.75,4182.25,4181.25,4181.75,177
2023-01-03 01:23:00,4182.00,4182.00,4181.75,4182.00,61
2023-01-03 01:24:00,4181.75,4182.25,4181.25,4182.25,128
2023-01-03 01:25:00,4182.25,4182.25,4181.25,4181.50,98
2023-01-03 01:26:00,4181.25,4181.75,4181.25,4181.50,98
2023-01-03 01:27:00,4181.25,4182.25,4181.25,4182.00,100
2023-01-03 01:28:00,4182.25,4182.75,4182.00,4182.75,143
2023-01-03 01:29:00,4182.50,4183.50,4182.50,4182.50,202
2023-01-03 01:30:00,4182.75,4183.75,4182.50,4183.25,298
2023-01-03 01:31:00,4183.25,4183.75,4183.00,4183.25,135
2023-01-03 01:32:00,4183.25,4183.25,4181.75,4182.25,182
2023-01-03 01:33:00,4182.00,4182.75,4182.00,4182.75,84
2023-01-03 01:34:00,4182.50,4182.50,4181.75,4182.00,61
2023-01-03 01:35:00,4182.00,4182.50,4181.75,4182.00,86
2023-01-03 01:36:00,4181.75,4182.00,4181.00,4181.00,112
2023-01-03 01:37:00,4181.25,4181.75,4179.50,4180.00,344
2023-01-03 01:38:00,4180.00,4180.25,4179.00,4179.50,211
2023-01-03 01:39:00,4179.25,4179.25,4176.75,4177.25,400
2023-01-03 01:40:00,4177.25,4177.50,4177.00,4177.50,139
2023-01-03 01:41:00,4177.50,4178.50,4177.50,4177.50,132
2023-01-03 01:42:00,4177.75,4178.00,4177.00,4177.00,100
2023-01-03 01:43:00,4177.00,4177.50,4177.00,4177.25,57
2023-01-03 01:44:00,4177.25,4177.25,4176.75,4177.00,101
2023-01-03 01:45:00,4177.00,4177.00,4175.75,4175.75,194
2023-01-03 01:46:00,4175.75,4177.25,4175.75,4176.75,128
2023-01-03 01:47:00,4176.75,4176.75,4176.00,4176.75,113
2023-01-03 01:48:00,4176.50,4177.75,4176.25,4177.25,179
2023-01-03 01:49:00,4177.25,4177.25,4176.50,4176.75,73
2023-01-03 01:50:00,4176.75,4177.50,4176.50,4177.25,62
2023-01-03 01:51:00,4177.00,4177.00,4176.50,4177.00,82
2023-01-03 01:52:00,4177.00,4177.25,4176.25,4176.25,74
2023-01-03 01:53:00,4176.50,4176.75,4176.25,4176.75,174
2023-01-03 01:54:00,4177.00,4177.00,4176.75,4177.00,83
2023-01-03 01:55:00,4176.75,4177.75,4176.75,4177.75,169
2023-01-03 01:56:00,4177.75,4178.25,4177.50,4178.00,116
2023-01-03 01:57:00,4178.00,4178.50,4178.00,4178.50,121
2023-01-03 01:58:00,4178.50,4178.50,4177.75,4178.50,158
2023-01-03 01:59:00,4178.25,4180.00,4178.25,4180.00,195
2023-01-03 02:00:00,4179.75,4182.25,4179.00,4182.00,803
2023-01-03 02:01:00,4182.00,4182.00,4179.75,4180.25,395
2023-01-03 02:02:00,4180.50,4181.50,4180.25,4180.50,294
2023-01-03 02:03:00,4180.25,4180.50,4177.25,4177.75,441
2023-01-03 02:04:00,4178.00,4178.25,4177.00,4177.25,126
2023-01-03 02:05:00,4177.50,4177.50,4176.00,4177.00,241
2023-01-03 02:06:00,4177.00,4177.00,4175.75,4176.25,226
2023-01-03 02:07:00,4176.25,4176.75,4175.50,4176.50,162
2023-01-03 02:08:00,4176.50,4176.75,4175.50,4175.50,118
2023-01-03 02:09:00,4175.50,4176.50,4175.25,4176.25,121
2023-01-03 02:10:00,4176.25,4177.00,4175.25,4176.00,164
2023-01-03 02:11:00,4176.00,4176.75,4175.75,4176.50,82
2023-01-03 02:12:00,4176.50,4176.75,4176.25,4176.50,55
2023-01-03 02:13:00,4176.75,4177.75,4176.75,4177.50,124
2023-01-03 02:14:00,4177.50,4177.50,4176.50,4177.25,81
2023-01-03 02:15:00,4177.50,4178.25,4177.25,4178.25,126
2023-01-03 02:16:00,4178.25,4178.75,4177.75,4178.50,104
2023-01-03 02:17:00,4178.75,4178.75,4178.00,4178.25,80
2023-01-03 02:18:00,4178.50,4179.00,4177.75,4178.00,160
2023-01-03 02:19:00,4178.25,4179.75,4178.25,4179.00,166
2023-01-03 02:20:00,4179.00,4179.00,4178.00,4178.25,110
2023-01-03 02:21:00,4178.25,4178.50,4176.75,4176.75,160
2023-01-03 02:22:00,4177.00,4178.25,4177.00,4178.25,141
2023-01-03 02:23:00,4178.00,4178.50,4177.25,4177.50,126
2023-01-03 02:24:00,4177.25,4177.50,4176.75,4177.25,78
2023-01-03 02:25:00,4177.25,4179.50,4177.25,4179.00,154
2023-01-03 02:26:00,4179.00,4179.00,4177.75,4178.25,162
2023-01-03 02:27:00,4178.25,4180.75,4178.25,4180.50,265
2023-01-03 02:28:00,4180.75,4181.25,4180.25,4180.75,197
2023-01-03 02:29:00,4180.75,4181.25,4180.00,4181.00,165
2023-01-03 02:30:00,4181.00,4182.00,4181.00,4181.25,246
2023-01-03 02:31:00,4181.25,4181.50,4180.50,4181.25,150
2023-01-03 02:32:00,4181.25,4181.75,4181.00,4181.25,102
2023-01-03 02:33:00,4181.25,4182.75,4180.75,4182.50,268
2023-01-03 02:34:00,4182.50,4183.25,4182.25,4182.50,217
2023-01-03 02:35:00,4182.50,4183.25,4181.75,4183.00,153
2023-01-03 02:36:00,4183.00,4183.25,4182.00,4182.75,148
2023-01-03 02:37:00,4182.75,4183.00,4181.50,4181.75,178
2023-01-03 02:38:00,4181.75,4182.25,4181.00,4181.25,199
2023-01-03 02:39:00,4181.00,4182.25,4181.00,4181.75,139
2023-01-03 02:40:00,4182.00,4182.50,4181.00,4181.00,355
2023-01-03 02:41:00,4181.00,4185.50,4180.50,4185.00,1241
2023-01-03 02:42:00,4184.75,4186.75,4184.50,4186.50,857
2023-01-03 02:43:00,4186.50,4187.00,4185.50,4185.75,550
2023-01-03 02:44:00,4185.75,4186.00,4185.50,4185.75,135
2023-01-03 02:45:00,4185.75,4187.50,4185.75,4187.25,319
2023-01-03 02:46:00,4187.25,4187.25,4185.75,4185.75,347
2023-01-03 02:47:00,4185.50,4186.00,4185.00,4185.25,194
2023-01-03 02:48:00,4185.00,4185.25,4184.50,4184.75,341
2023-01-03 02:49:00,4184.75,4186.25,4184.50,4186.25,255
2023-01-03 02:50:00,4186.00,4186.00,4184.50,4185.00,278
2023-01-03 02:51:00,4185.50,4186.75,4185.00,4186.50,265
2023-01-03 02:52:00,4186.50,4187.75,4186.25,4186.75,444
2023-01-03 02:53:00,4186.75,4187.50,4186.00,4187.25,265
2023-01-03 02:54:00,4187.25,4187.25,4186.25,4187.00,203
2023-01-03 02:55:00,4187.00,4188.50,4187.00,4188.00,345
2023-01-03 02:56:00,4188.00,4188.00,4186.00,4187.75,511
2023-01-03 02:57:00,4188.00,4188.25,4187.25,4187.50,413
2023-01-03 02:58:00,4187.50,4189.25,4187.25,4188.50,838
2023-01-03 02:59:00,4188.50,4191.50,4188.00,4191.25,750
2023-01-03 03:00:00,4191.00,4195.50,4190.50,4195.25,2437
2023-01-03 03:01:00,4195.00,4197.00,4195.00,4195.50,1388
2023-01-03 03:02:00,4195.25,4198.00,4195.00,4196.25,1466
2023-01-03 03:03:00,4196.25,4196.75,4194.25,4194.75,858
2023-01-03 03:04:00,4195.00,4195.00,4193.00,4193.25,1019
2023-01-03 03:05:00,4193.00,4193.25,4191.75,4193.25,811
2023-01-03 03:06:00,4193.50,4194.75,4193.00,4194.00,579
2023-01-03 03:07:00,4194.00,4194.00,4192.50,4192.75,312
2023-01-03 03:08:00,4192.75,4192.75,4191.00,4191.25,458
2023-01-03 03:09:00,4191.50,4191.75,4189.75,4191.00,440
2023-01-03 03:10:00,4191.25,4192.25,4190.25,4192.25,522
2023-01-03 03:11:00,4192.25,4192.25,4190.50,4191.50,337
2023-01-03 03:12:00,4191.50,4192.50,4188.75,4189.50,578
2023-01-03 03:13:00,4189.25,4189.50,4187.00,4187.75,824
2023-01-03 03:14:00,4187.75,4188.50,4187.00,4187.50,539
2023-01-03 03:15:00,4187.50,4189.50,4187.25,4188.50,533
2023-01-03 03:16:00,4188.75,4190.00,4188.00,4189.25,454
2023-01-03 03:17:00,4189.25,4189.75,4188.00,4189.50,429
2023-01-03 03:18:00,4189.75,4192.00,4189.75,4190.50,610
2023-01-03 03:19:00,4190.50,4192.00,4190.25,4191.50,342
2023-01-03 03:20:00,4191.50,4193.00,4191.25,4192.50,836
2023-01-03 03:21:00,4192.75,4193.75,4192.00,4192.00,629
2023-01-03 03:22:00,4192.00,4192.50,4191.00,4192.00,425
2023-01-03 03:23:00,4192.00,4192.50,4191.25,4192.25,417
2023-01-03 03:24:00,4192.25,4193.50,4192.00,4193.50,477
2023-01-03 03:25:00,4193.75,4193.75,4192.25,4193.25,537
2023-01-03 03:26:00,4193.00,4195.75,4193.00,4195.50,731
2023-01-03 03:27:00,4195.75,4197.00,4195.00,4196.25,747
2023-01-03 03:28:00,4196.00,4196.75,4194.25,4196.75,584
2023-01-03 03:29:00,4196.75,4197.00,4195.25,4196.50,357
2023-01-03 03:30:00,4196.50,4197.50,4195.25,4195.75,655
2023-01-03 03:31:00,4196.00,4196.50,4194.75,4196.00,505
2023-01-03 03:32:00,4196.00,4197.00,4195.50,4196.25,487
2023-01-03 03:33:00,4196.25,4197.25,4195.50,4196.00,463
2023-01-03 03:34:00,4196.25,4197.00,4195.50,4197.00,498
2023-01-03 03:35:00,4197.00,4197.25,4195.00,4195.25,677
2023-01-03 03:36:00,4195.50,4201.00,4195.50,4200.75,1424
2023-01-03 03:37:00,4201.00,4202.25,4200.00,4202.25,1028
2023-01-03 03:38:00,4202.00,4205.00,4201.00,4204.50,1213
2023-01-03 03:39:00,4204.50,4206.00,4202.75,4203.25,1198
2023-01-03 03:40:00,4203.25,4204.25,4202.00,4202.00,743
2023-01-03 03:41:00,4202.00,4204.50,4201.75,4203.00,813
2023-01-03 03:42:00,4203.00,4203.50,4201.00,4201.50,577
2023-01-03 03:43:00,4201.50,4203.00,4201.00,4202.75,389
2023-01-03 03:44:00,4202.75,4203.50,4201.75,4202.75,355
2023-01-03 03:45:00,4202.75,4205.75,4202.50,4204.00,1076
2023-01-03 03:46:00,4204.25,4204.50,4203.25,4204.00,314
2023-01-03 03:47:00,4204.00,4205.50,4204.00,4205.25,330
2023-01-03 03:48:00,4205.25,4205.50,4204.25,4204.50,303
2023-01-03 03:49:00,4204.50,4205.50,4204.50,4205.00,302
2023-01-03 03:50:00,4205.00,4206.00,4204.25,4205.25,555
2023-01-03 03:51:00,4205.50,4206.50,4204.75,4206.00,468
2023-01-03 03:52:00,4206.00,4206.25,4204.75,4204.75,370
2023-01-03 03:53:00,4204.75,4205.00,4203.75,4204.25,393
2023-01-03 03:54:00,4204.00,4205.00,4203.50,4204.75,396
2023-01-03 03:55:00,4204.50,4206.00,4204.25,4205.25,415
2023-01-03 03:56:00,4205.00,4205.25,4204.25,4205.00,423
2023-01-03 03:57:00,4205.00,4205.25,4204.25,4205.00,320
2023-01-03 03:58:00,4205.25,4205.25,4203.25,4204.00,542
2023-01-03 03:59:00,4204.00,4206.00,4203.75,4204.75,719
2023-01-03 04:00:00,4204.75,4206.50,4204.00,4204.75,930
2023-01-03 04:01:00,4205.00,4208.00,4205.00,4206.75,946
2023-01-03 04:02:00,4207.00,4208.75,4207.00,4207.75,758
2023-01-03 04:03:00,4208.00,4211.25,4207.50,4210.75,1722
2023-01-03 04:04:00,4210.50,4212.00,4210.50,4212.00,802
2023-01-03 04:05:00,4212.00,4212.50,4211.25,4212.00,849
2023-01-03 04:06:00,4212.00,4212.25,4207.25,4208.25,1179
2023-01-03 04:07:00,4208.00,4209.00,4206.00,4206.25,821
2023-01-03 04:08:00,4206.25,4207.25,4205.75,4206.50,611
2023-01-03 04:09:00,4206.50,4207.75,4206.00,4207.25,624
2023-01-03 04:10:00,4207.50,4210.00,4207.50,4209.00,853
2023-01-03 04:11:00,4209.00,4210.75,4208.00,4210.25,614
2023-01-03 04:12:00,4210.50,4211.00,4209.75,4211.00,487
2023-01-03 04:13:00,4211.00,4212.00,4211.00,4211.50,863
2023-01-03 04:14:00,4211.50,4212.00,4210.50,4212.00,844
2023-01-03 04:15:00,4212.00,4212.75,4210.75,4210.75,957
2023-01-03 04:16:00,4211.00,4215.25,4210.25,4214.25,1254
2023-01-03 04:17:00,4214.00,4215.00,4213.50,4214.50,693
2023-01-03 04:18:00,4214.50,4214.75,4212.50,4212.75,574
2023-01-03 04:19:00,4212.75,4213.00,4209.25,4210.00,839
2023-01-03 04:20:00,4210.25,4212.50,4210.00,4212.00,455
2023-01-03 04:21:00,4212.25,4212.25,4210.75,4211.50,388
2023-01-03 04:22:00,4211.50,4213.00,4211.50,4212.25,418
2023-01-03 04:23:00,4212.50,4213.50,4212.50,4212.50,306
2023-01-03 04:24:00,4212.50,4215.00,4212.50,4214.25,614
2023-01-03 04:25:00,4214.25,4215.25,4214.00,4215.00,375
2023-01-03 04:26:00,4215.00,4215.00,4212.75,4213.00,715
2023-01-03 04:27:00,4213.25,4213.25,4212.00,4212.00,745
2023-01-03 04:28:00,4212.25,4212.25,4210.50,4211.00,413
2023-01-03 04:29:00,4211.00,4212.50,4210.75,4212.00,337
2023-01-03 04:30:00,4212.00,4214.00,4212.00,4213.50,578
2023-01-03 04:31:00,4213.50,4213.50,4211.25,4211.50,416
2023-01-03 04:32:00,4211.25,4214.00,4211.25,4213.75,612
2023-01-03 04:33:00,4213.50,4214.25,4213.00,4213.50,543
2023-01-03 04:34:00,4213.50,4213.75,4213.00,4213.50,470
2023-01-03 04:35:00,4213.75,4214.25,4213.00,4213.75,275
2023-01-03 04:36:00,4213.75,4214.25,4212.75,4213.25,469
2023-01-03 04:37:00,4213.25,4213.25,4212.00,4212.50,282
2023-01-03 04:38:00,4212.50,4213.00,4211.25,4211.75,378
2023-01-03 04:39:00,4212.00,4212.00,4210.75,4211.75,399
2023-01-03 04:40:00,4212.00,4213.25,4211.50,4212.75,448
2023-01-03 04:41:00,4212.75,4214.25,4212.50,4213.50,318
2023-01-03 04:42:00,4213.75,4214.50,4213.50,4214.25,451
2023-01-03 04:43:00,4214.00,4214.25,4212.00,4212.25,490
2023-01-03 04:44:00,4212.00,4213.50,4211.50,4212.50,999
2023-01-03 04:45:00,4212.50,4214.00,4212.50,4213.25,395
2023-01-03 04:46:00,4213.25,4214.00,4213.25,4214.00,401
2023-01-03 04:47:00,4213.75,4214.50,4213.50,4214.00,376
2023-01-03 04:48:00,4213.75,4214.00,4212.75,4213.25,550
2023-01-03 04:49:00,4213.50,4214.50,4213.25,4214.00,578
2023-01-03 04:50:00,4213.75,4215.25,4213.50,4215.00,875
2023-01-03 04:51:00,4215.00,4215.25,4214.00,4214.50,507
2023-01-03 04:52:00,4214.50,4215.25,4214.50,4215.00,436
2023-01-03 04:53:00,4215.00,4215.00,4214.00,4214.25,523
2023-01-03 04:54:00,4214.25,4215.00,4213.50,4213.75,385
2023-01-03 04:55:00,4213.75,4214.25,4213.00,4213.25,334
2023-01-03 04:56:00,4213.25,4214.25,4212.75,4214.00,646
2023-01-03 04:57:00,4214.00,4214.00,4212.75,4212.75,237
2023-01-03 04:58:00,4212.75,4214.75,4212.75,4214.50,243
2023-01-03 04:59:00,4214.50,4215.75,4214.00,4215.50,567
2023-01-03 05:00:00,4215.50,4216.25,4213.75,4213.75,658
2023-01-03 05:01:00,4213.50,4214.25,4213.25,4213.75,290
2023-01-03 05:02:00,4213.75,4214.00,4212.50,4213.00,307
2023-01-03 05:03:00,4213.25,4213.75,4212.75,4213.00,251
2023-01-03 05:04:00,4213.25,4214.00,4213.00,4213.00,264
2023-01-03 05:05:00,4213.00,4214.25,4212.75,4214.25,298
2023-01-03 05:06:00,4214.50,4214.50,4213.75,4214.50,210
2023-01-03 05:07:00,4214.25,4214.75,4213.50,4213.75,385
2023-01-03 05:08:00,4213.75,4213.75,4210.50,4211.50,663
2023-01-03 05:09:00,4211.75,4212.50,4211.25,4211.75,264
2023-01-03 05:10:00,4211.75,4212.00,4210.75,4211.75,301
2023-01-03 05:11:00,4211.75,4212.00,4210.75,4210.75,241
2023-01-03 05:12:00,4211.00,4211.00,4209.00,4209.25,610
2023-01-03 05:13:00,4209.00,4209.50,4208.00,4208.25,455
2023-01-03 05:14:00,4208.25,4209.25,4208.00,4208.75,580
2023-01-03 05:15:00,4208.50,4209.75,4208.25,4209.25,328
2023-01-03 05:16:00,4209.00,4209.25,4207.50,4207.50,416
2023-01-03 05:17:00,4207.75,4208.00,4207.00,4207.25,327
2023-01-03 05:18:00,4207.50,4207.75,4206.75,4207.25,639
2023-01-03 05:19:00,4207.00,4207.25,4206.50,4206.50,391
2023-01-03 05:20:00,4206.50,4207.00,4206.00,4206.75,355
2023-01-03 05:21:00,4206.50,4206.50,4204.50,4204.50,860
2023-01-03 05:22:00,4204.75,4205.25,4203.75,4203.75,580
2023-01-03 05:23:00,4203.75,4204.00,4203.00,4203.75,387
2023-01-03 05:24:00,4203.75,4205.00,4203.75,4204.75,218
2023-01-03 05:25:00,4205.00,4205.75,4204.50,4205.00,412
2023-01-03 05:26:00,4205.00,4205.50,4204.50,4204.75,257
2023-01-03 05:27:00,4204.75,4205.25,4204.00,4204.75,441
2023-01-03 05:28:00,4204.50,4205.25,4204.50,4205.00,171
2023-01-03 05:29:00,4204.75,4205.00,4204.50,4204.50,285
2023-01-03 05:30:00,4204.50,4205.75,4204.25,4205.75,442
2023-01-03 05:31:00,4205.50,4205.50,4203.25,4203.25,354
2023-01-03 05:32:00,4203.25,4204.50,4203.25,4204.00,439
2023-01-03 05:33:00,4204.25,4204.75,4203.75,4204.50,332
2023-01-03 05:34:00,4204.75,4206.25,4204.75,4205.75,304
2023-01-03 05:35:00,4205.50,4205.50,4203.25,4203.25,432
2023-01-03 05:36:00,4203.50,4203.75,4203.00,4203.00,272
2023-01-03 05:37:00,4203.00,4204.00,4202.75,4203.25,384
2023-01-03 05:38:00,4203.25,4205.75,4203.25,4205.50,558
2023-01-03 05:39:00,4205.75,4206.50,4205.00,4205.25,515
2023-01-03 05:40:00,4205.25,4205.75,4205.00,4205.00,284
2023-01-03 05:41:00,4205.00,4206.25,4205.00,4206.25,497
2023-01-03 05:42:00,4206.50,4207.25,4206.25,4207.25,626
2023-01-03 05:43:00,4207.50,4207.75,4207.25,4207.75,279
2023-01-03 05:44:00,4207.50,4207.50,4206.75,4207.25,246
2023-01-03 05:45:00,4207.25,4208.25,4207.00,4208.00,365
2023-01-03 05:46:00,4208.25,4208.25,4207.25,4207.50,162
2023-01-03 05:47:00,4207.50,4207.50,4206.50,4206.75,217
2023-01-03 05:48:00,4206.75,4207.75,4206.50,4207.75,133
2023-01-03 05:49:00,4207.50,4208.25,4207.00,4207.25,130
2023-01-03 05:50:00,4207.50,4208.25,4207.50,4207.50,124
2023-01-03 05:51:00,4207.50,4207.75,4207.25,4207.50,102
2023-01-03 05:52:00,4207.50,4207.75,4207.50,4207.50,121
2023-01-03 05:53:00,4207.75,4208.00,4207.50,4208.00,280
2023-01-03 05:54:00,4208.00,4208.00,4207.50,4208.00,123
2023-01-03 05:55:00,4208.00,4209.50,4208.00,4209.50,243
2023-01-03 05:56:00,4209.25,4209.75,4208.75,4209.50,252
2023-01-03 05:57:00,4209.50,4209.50,4208.00,4208.75,236
2023-01-03 05:58:00,4208.50,4208.75,4207.25,4207.25,280
2023-01-03 05:59:00,4207.25,4207.50,4206.25,4206.75,343
2023-01-03 06:00:00,4206.75,4207.00,4204.50,4205.75,452
2023-01-03 06:01:00,4206.00,4207.75,4205.50,4207.75,268
2023-01-03 06:02:00,4207.50,4208.00,4206.75,4207.75,249
2023-01-03 06:03:00,4207.50,4207.75,4206.75,4206.75,156
2023-01-03 06:04:00,4206.75,4207.00,4206.50,4207.00,134
2023-01-03 06:05:00,4207.00,4208.00,4206.75,4207.75,137
2023-01-03 06:06:00,4207.50,4207.50,4205.75,4206.50,287
2023-01-03 06:07:00,4206.25,4206.25,4204.00,4204.75,438
2023-01-03 06:08:00,4205.00,4205.75,4204.25,4204.25,296
2023-01-03 06:09:00,4204.25,4204.75,4204.25,4204.50,146
2023-01-03 06:10:00,4204.50,4204.75,4203.25,4203.50,240
2023-01-03 06:11:00,4203.50,4203.50,4202.50,4202.50,310
2023-01-03 06:12:00,4202.50,4202.75,4201.00,4201.25,535
2023-01-03 06:13:00,4201.00,4201.50,4200.50,4201.00,267
2023-01-03 06:14:00,4201.00,4201.75,4201.00,4201.25,166
2023-01-03 06:15:00,4201.25,4201.25,4200.00,4201.00,347
2023-01-03 06:16:00,4201.00,4202.50,4201.00,4202.25,356
2023-01-03 06:17:00,4202.25,4202.75,4201.50,4202.25,190
2023-01-03 06:18:00,4202.25,4202.75,4201.50,4201.50,142
2023-01-03 06:19:00,4201.75,4201.75,4200.50,4200.75,236
2023-01-03 06:20:00,4200.75,4202.00,4200.75,4201.75,180
2023-01-03 06:21:00,4201.50,4202.50,4201.00,4202.50,193
2023-01-03 06:22:00,4202.50,4203.00,4202.00,4202.25,465
2023-01-03 06:23:00,4202.50,4202.75,4201.75,4202.00,463
2023-01-03 06:24:00,4202.00,4202.75,4201.50,4201.75,224
2023-01-03 06:25:00,4201.50,4202.00,4201.25,4201.75,108
2023-01-03 06:26:00,4202.00,4203.00,4202.00,4202.50,191
2023-01-03 06:27:00,4202.50,4202.75,4201.25,4201.50,187
2023-01-03 06:28:00,4201.25,4202.75,4201.00,4202.75,390
2023-01-03 06:29:00,4202.50,4202.75,4201.75,4202.25,301
2023-01-03 06:30:00,4202.25,4203.00,4202.25,4203.00,297
2023-01-03 06:31:00,4202.75,4203.00,4201.75,4203.00,381
2023-01-03 06:32:00,4202.75,4203.50,4202.75,4203.25,514
2023-01-03 06:33:00,4203.00,4203.00,4202.25,4202.25,157
2023-01-03 06:34:00,4202.00,4202.50,4202.00,4202.25,136
2023-01-03 06:35:00,4202.50,4203.25,4202.50,4203.00,196
2023-01-03 06:36:00,4203.00,4203.00,4201.75,4201.75,166
2023-01-03 06:37:00,4202.00,4202.25,4201.75,4202.00,245
2023-01-03 06:38:00,4202.00,4202.50,4201.25,4202.50,150
2023-01-03 06:39:00,4202.25,4203.00,4202.00,4202.00,167
2023-01-03 06:40:00,4202.25,4202.75,4201.75,4201.75,126
2023-01-03 06:41:00,4201.75,4203.00,4201.50,4202.50,146
2023-01-03 06:42:00,4202.50,4202.75,4198.75,4199.00,966
2023-01-03 06:43:00,4199.00,4199.00,4193.50,4193.50,3075
2023-01-03 06:44:00,4193.25,4193.50,4185.25,4186.50,4942
2023-01-03 06:45:00,4186.25,4187.25,4181.75,4187.25,2436
2023-01-03 06:46:00,4187.25,4188.75,4184.75,4187.00,1632
2023-01-03 06:47:00,4187.25,4187.50,4184.75,4185.50,1161
2023-01-03 06:48:00,4185.25,4186.75,4185.00,4186.50,1419
2023-01-03 06:49:00,4186.50,4186.50,4184.75,4186.25,379
2023-01-03 06:50:00,4186.00,4187.50,4185.00,4186.25,1369
2023-01-03 06:51:00,4186.00,4188.25,4185.75,4186.50,574
2023-01-03 06:52:00,4186.50,4187.75,4186.25,4186.25,549
2023-01-03 06:53:00,4186.00,4186.00,4183.75,4185.00,899
2023-01-03 06:54:00,4185.00,4186.50,4185.00,4185.50,496
2023-01-03 06:55:00,4185.50,4187.50,4185.25,4187.25,947
2023-01-03 06:56:00,4187.00,4189.00,4187.00,4188.50,775
2023-01-03 06:57:00,4188.25,4188.50,4185.75,4186.00,654
2023-01-03 06:58:00,4185.75,4187.00,4185.75,4186.25,436
2023-01-03 06:59:00,4186.25,4187.00,4185.75,4186.50,1267
2023-01-03 07:00:00,4186.25,4187.00,4185.00,4185.25,1285
2023-01-03 07:01:00,4185.00,4185.00,4180.75,4181.50,1074
2023-01-03 07:02:00,4181.50,4182.00,4180.00,4181.50,1185
2023-01-03 07:03:00,4181.50,4183.00,4181.00,4181.75,1028
2023-01-03 07:04:00,4181.50,4183.00,4181.50,4182.50,375
2023-01-03 07:05:00,4182.75,4184.00,4182.50,4183.50,484
2023-01-03 07:06:00,4183.25,4184.00,4182.50,4183.25,523
2023-01-03 07:07:00,4183.25,4184.50,4182.50,4182.50,355
2023-01-03 07:08:00,4182.25,4183.00,4181.75,4182.00,1373
2023-01-03 07:09:00,4182.00,4183.00,4181.75,4182.00,1593
2023-01-03 07:10:00,4181.75,4182.25,4181.25,4181.50,1493
2023-01-03 07:11:00,4181.50,4181.75,4180.25,4180.75,892
2023-01-03 07:12:00,4180.75,4181.00,4180.00,4180.75,693
2023-01-03 07:13:00,4180.50,4182.75,4179.75,4181.25,1109
2023-01-03 07:14:00,4181.25,4183.75,4181.00,4183.25,642
2023-01-03 07:15:00,4183.25,4183.75,4181.75,4182.75,1220
2023-01-03 07:16:00,4182.75,4184.50,4182.75,4184.25,584
2023-01-03 07:17:00,4184.00,4185.50,4183.50,4185.00,650
2023-01-03 07:18:00,4184.75,4185.75,4184.00,4185.00,848
2023-01-03 07:19:00,4184.75,4186.00,4184.50,4185.50,762
2023-01-03 07:20:00,4185.50,4185.75,4184.75,4185.25,429
2023-01-03 07:21:00,4185.00,4186.75,4184.75,4185.75,928
2023-01-03 07:22:00,4185.75,4187.25,4185.75,4187.00,1089
2023-01-03 07:23:00,4187.00,4188.25,4186.75,4188.00,331
2023-01-03 07:24:00,4188.00,4188.00,4186.75,4187.25,343
2023-01-03 07:25:00,4187.50,4188.00,4186.75,4187.25,830
2023-01-03 07:26:00,4187.25,4187.50,4186.25,4187.50,316
2023-01-03 07:27:00,4187.25,4188.00,4186.25,4186.75,587
2023-01-03 07:28:00,4186.50,4186.75,4185.50,4185.50,364
2023-01-03 07:29:00,4185.50,4186.00,4184.75,4185.25,1042
2023-01-03 07:30:00,4185.00,4187.75,4185.00,4187.75,464
2023-01-03 07:31:00,4187.75,4189.75,4187.75,4188.75,789
2023-01-03 07:32:00,4188.75,4188.75,4187.75,4188.50,258
2023-01-03 07:33:00,4188.50,4189.50,4187.75,4188.25,487
2023-01-03 07:34:00,4188.50,4189.75,4188.25,4189.75,300
2023-01-03 07:35:00,4189.50,4189.75,4188.25,4188.75,668
2023-01-03 07:36:00,4189.00,4189.00,4188.25,4188.50,278
2023-01-03 07:37:00,4188.50,4188.50,4187.25,4187.75,779
2023-01-03 07:38:00,4187.50,4189.00,4187.25,4189.00,351
2023-01-03 07:39:00,4188.75,4189.50,4188.75,4189.25,339
2023-01-03 07:40:00,4189.50,4191.00,4189.25,4190.75,730
2023-01-03 07:41:00,4190.50,4190.75,4189.75,4190.50,298
2023-01-03 07:42:00,4190.50,4191.25,4190.00,4190.00,486
2023-01-03 07:43:00,4190.00,4190.50,4189.00,4189.50,424
2023-01-03 07:44:00,4189.25,4190.25,4189.25,4190.00,403
2023-01-03 07:45:00,4190.00,4190.25,4189.50,4189.50,223
2023-01-03 07:46:00,4189.25,4189.25,4188.50,4188.75,256
2023-01-03 07:47:00,4188.50,4189.00,4185.75,4187.00,690
2023-01-03 07:48:00,4187.00,4188.00,4186.00,4188.00,271
2023-01-03 07:49:00,4188.00,4189.75,4188.00,4189.00,368
2023-01-03 07:50:00,4189.00,4189.50,4188.25,4188.50,236
2023-01-03 07:51:00,4188.75,4189.25,4187.75,4188.00,261
2023-01-03 07:52:00,4188.00,4189.25,4188.00,4188.50,326
2023-01-03 07:53:00,4188.25,4188.25,4187.00,4187.00,400
2023-01-03 07:54:00,4187.00,4187.50,4186.25,4186.50,204
2023-01-03 07:55:00,4186.50,4186.75,4185.00,4186.25,560
2023-01-03 07:56:00,4186.00,4187.00,4185.00,4186.00,748
2023-01-03 07:57:00,4185.75,4186.75,4185.50,4186.00,314
2023-01-03 07:58:00,4186.00,4186.25,4185.25,4186.25,191
2023-01-03 07:59:00,4186.50,4189.50,4186.25,4189.50,1157
2023-01-03 08:00:00,4189.25,4191.25,4189.00,4190.00,1042
2023-01-03 08:01:00,4190.00,4193.75,4189.75,4192.75,1940
2023-01-03 08:02:00,4192.75,4194.50,4192.00,4194.00,850
2023-01-03 08:03:00,4194.00,4195.00,4193.25,4193.50,709
2023-01-03 08:04:00,4193.50,4194.00,4192.75,4193.50,516
2023-01-03 08:05:00,4193.50,4194.00,4191.75,4192.00,937
2023-01-03 08:06:00,4192.00,4192.00,4189.75,4190.75,1492
2023-01-03 08:07:00,4190.50,4190.75,4188.00,4188.00,2580
2023-01-03 08:08:00,4188.25,4188.25,4184.75,4185.00,2839
2023-01-03 08:09:00,4185.00,4185.00,4180.25,4182.00,4235
2023-01-03 08:10:00,4181.75,4184.00,4181.00,4182.25,3519
2023-01-03 08:11:00,4182.25,4184.25,4182.25,4184.00,1691
2023-01-03 08:12:00,4183.75,4185.00,4183.00,4184.75,854
2023-01-03 08:13:00,4184.75,4187.00,4184.00,4185.00,2626
2023-01-03 08:14:00,4184.75,4186.25,4184.50,4185.75,1178
2023-01-03 08:15:00,4185.50,4187.25,4185.00,4186.00,2199
2023-01-03 08:16:00,4186.25,4187.00,4186.00,4186.75,647
2023-01-03 08:17:00,4186.75,4187.75,4185.50,4187.25,621
2023-01-03 08:18:00,4187.25,4187.25,4186.25,4186.75,563
2023-01-03 08:19:00,4186.75,4187.25,4186.25,4187.00,1246
2023-01-03 08:20:00,4187.00,4190.00,4187.00,4189.50,1345
2023-01-03 08:21:00,4189.25,4190.50,4188.75,4190.00,1441
2023-01-03 08:22:00,4190.00,4193.00,4189.25,4192.25,3602
2023-01-03 08:23:00,4192.50,4193.50,4191.50,4192.75,1690
2023-01-03 08:24:00,4192.75,4192.75,4191.25,4191.75,1436
2023-01-03 08:25:00,4191.50,4191.75,4190.50,4191.25,1450
2023-01-03 08:26:00,4191.25,4191.50,4189.00,4189.00,1654
2023-01-03 08:27:00,4189.00,4189.25,4187.00,4188.00,1059
2023-01-03 08:28:00,4188.25,4188.50,4186.25,4186.75,371
2023-01-03 08:29:00,4186.75,4188.25,4186.50,4187.25,703
2023-01-03 08:30:00,4187.25,4188.00,4185.75,4187.00,1278
2023-01-03 08:31:00,4187.00,4188.25,4186.75,4187.75,1045
2023-01-03 08:32:00,4188.00,4190.00,4187.75,4189.25,1170
2023-01-03 08:33:00,4189.25,4190.50,4188.75,4188.75,1241
2023-01-03 08:34:00,4189.00,4189.50,4188.50,4188.75,757
2023-01-03 08:35:00,4189.00,4190.00,4188.25,4189.50,1819
2023-01-03 08:36:00,4189.50,4190.75,4189.00,4190.00,1664
2023-01-03 08:37:00,4190.00,4191.75,4189.25,4191.00,986
2023-01-03 08:38:00,4191.25,4192.00,4190.75,4191.50,1218
2023-01-03 08:39:00,4191.50,4192.00,4190.75,4191.50,820
2023-01-03 08:40:00,4191.75,4193.25,4191.25,4191.50,1407
2023-01-03 08:41:00,4191.50,4191.75,4190.75,4191.25,1251
2023-01-03 08:42:00,4191.00,4191.75,4190.75,4191.25,1254
2023-01-03 08:43:00,4191.25,4191.50,4190.25,4190.25,1473
2023-01-03 08:44:00,4190.50,4192.00,4190.00,4191.00,582
2023-01-03 08:45:00,4191.00,4193.00,4191.00,4192.75,787
2023-01-03 08:46:00,4192.75,4192.75,4191.50,4191.75,751
2023-01-03 08:47:00,4191.75,4192.75,4191.25,4192.25,1612
2023-01-03 08:48:00,4192.50,4193.00,4192.25,4192.25,543
2023-01-03 08:49:00,4192.00,4193.50,4191.75,4193.00,791
2023-01-03 08:50:00,4193.00,4194.50,4192.75,4194.25,669
2023-01-03 08:51:00,4194.00,4195.00,4194.00,4194.75,1079
2023-01-03 08:52:00,4194.75,4195.25,4194.25,4194.50,1333
2023-01-03 08:53:00,4194.75,4194.75,4193.00,4193.75,503
2023-01-03 08:54:00,4193.50,4194.25,4193.50,4193.75,264
2023-01-03 08:55:00,4193.75,4195.00,4193.75,4194.75,1208
2023-01-03 08:56:00,4194.75,4195.00,4194.25,4194.50,862
2023-01-03 08:57:00,4194.75,4195.00,4194.25,4194.50,948
2023-01-03 08:58:00,4194.50,4195.00,4193.75,4195.00,1035
2023-01-03 08:59:00,4195.25,4196.00,4193.25,4193.50,918
2023-01-03 09:00:00,4193.75,4194.50,4193.00,4194.25,747
2023-01-03 09:01:00,4194.25,4194.25,4193.50,4193.50,258
2023-01-03 09:02:00,4193.50,4193.50,4192.00,4192.50,636
2023-01-03 09:03:00,4192.50,4192.75,4191.25,4191.50,549
2023-01-03 09:04:00,4191.75,4192.00,4190.25,4191.00,814
2023-01-03 09:05:00,4190.75,4192.00,4190.75,4191.75,570
2023-01-03 09:06:00,4191.75,4193.25,4191.50,4192.50,670
2023-01-03 09:07:00,4192.50,4192.50,4191.75,4192.25,985
2023-01-03 09:08:00,4192.25,4194.25,4192.00,4194.25,1706
2023-01-03 09:09:00,4194.00,4195.25,4193.75,4193.75,1867
2023-01-03 09:10:00,4194.00,4196.25,4194.00,4195.50,1991
2023-01-03 09:11:00,4195.25,4195.75,4194.75,4195.00,1146
2023-01-03 09:12:00,4195.00,4196.00,4194.50,4196.00,660
2023-01-03 09:13:00,4195.75,4197.00,4195.75,4197.00,1008
2023-01-03 09:14:00,4196.75,4199.00,4196.75,4198.50,1848
2023-01-03 09:15:00,4198.75,4199.00,4197.75,4197.75,1099
2023-01-03 09:16:00,4197.75,4198.00,4197.00,4197.00,484
2023-01-03 09:17:00,4197.00,4199.00,4196.50,4199.00,872
2023-01-03 09:18:00,4199.00,4200.00,4197.75,4198.00,1121
2023-01-03 09:19:00,4198.25,4198.50,4197.50,4197.50,884
2023-01-03 09:20:00,4197.50,4197.50,4196.50,4197.00,735
2023-01-03 09:21:00,4197.00,4197.00,4194.75,4195.75,1051
2023-01-03 09:22:00,4195.75,4195.75,4195.00,4195.50,569
2023-01-03 09:23:00,4195.75,4197.00,4195.75,4196.50,627
2023-01-03 09:24:00,4196.50,4197.00,4195.00,4195.50,1443
2023-01-03 09:25:00,4195.25,4195.75,4191.25,4191.50,2636
2023-01-03 09:26:00,4191.50,4193.00,4191.50,4192.00,2348
2023-01-03 09:27:00,4191.75,4192.50,4190.50,4192.00,2160
2023-01-03 09:28:00,4192.25,4192.75,4190.75,4191.00,2261
2023-01-03 09:29:00,4191.25,4191.50,4189.75,4190.50,2599
2023-01-03 09:30:00,4190.50,4191.00,4186.00,4187.50,15641
2023-01-03 09:31:00,4187.25,4187.50,4182.00,4186.00,10255
2023-01-03 09:32:00,4186.00,4190.75,4186.00,4188.00,6846
2023-01-03 09:33:00,4188.00,4197.00,4188.00,4197.00,8361
2023-01-03 09:34:00,4197.00,4197.75,4190.75,4191.50,7805
2023-01-03 09:35:00,4191.50,4196.50,4191.25,4193.75,7214
2023-01-03 09:36:00,4193.50,4194.50,4189.50,4191.50,4575
2023-01-03 09:37:00,4191.50,4195.00,4190.00,4193.50,4698
2023-01-03 09:38:00,4193.25,4195.25,4192.25,4194.25,3819
2023-01-03 09:39:00,4194.25,4201.00,4194.00,4200.25,6762
2023-01-03 09:40:00,4200.50,4204.50,4198.25,4203.75,7736
2023-01-03 09:41:00,4204.00,4208.75,4204.00,4207.75,8453
2023-01-03 09:42:00,4207.75,4211.00,4207.50,4208.25,7178
2023-01-03 09:43:00,4208.25,4209.25,4205.75,4206.25,5021
2023-01-03 09:44:00,4206.25,4207.75,4198.00,4199.50,7873
2023-01-03 09:45:00,4199.25,4200.50,4189.25,4191.00,12329
2023-01-03 09:46:00,4191.00,4192.75,4187.75,4191.75,6273
2023-01-03 09:47:00,4192.00,4193.50,4183.00,4184.75,8357
2023-01-03 09:48:00,4184.75,4185.75,4176.50,4177.00,10592
2023-01-03 09:49:00,4176.75,4181.75,4176.25,4181.25,7831
2023-01-03 09:50:00,4181.25,4186.00,4180.75,4184.50,5883
2023-01-03 09:51:00,4184.25,4185.00,4180.50,4183.50,4994
2023-01-03 09:52:00,4183.50,4183.75,4171.75,4171.75,9083
2023-01-03 09:53:00,4172.00,4176.25,4171.25,4175.50,6645
2023-01-03 09:54:00,4175.50,4175.75,4173.00,4174.25,4286
2023-01-03 09:55:00,4174.25,4177.25,4165.75,4171.00,10394
2023-01-03 09:56:00,4171.00,4173.00,4169.00,4170.00,5666
2023-01-03 09:57:00,4169.75,4171.50,4167.75,4168.00,4017
2023-01-03 09:58:00,4168.00,4168.00,4163.00,4164.50,6442
2023-01-03 09:59:00,4164.25,4166.00,4162.75,4163.50,3652
2023-01-03 10:00:00,4163.50,4170.75,4162.75,4170.50,7921
2023-01-03 10:01:00,4170.75,4172.00,4168.25,4168.75,5815
2023-01-03 10:02:00,4168.75,4170.25,4165.75,4169.00,5403
2023-01-03 10:03:00,4169.25,4171.00,4168.25,4170.50,4154
2023-01-03 10:04:00,4170.50,4171.75,4166.50,4167.50,5652
2023-01-03 10:05:00,4167.50,4169.75,4166.50,4169.25,3756
2023-01-03 10:06:00,4169.50,4169.50,4165.00,4165.25,3574
2023-01-03 10:07:00,4165.50,4168.75,4164.00,4167.75,4114
2023-01-03 10:08:00,4167.50,4170.00,4167.25,4168.25,3049
2023-01-03 10:09:00,4168.50,4168.50,4165.25,4166.25,2938
2023-01-03 10:10:00,4166.25,4166.50,4161.00,4166.50,6086
2023-01-03 10:11:00,4166.75,4166.75,4161.75,4163.75,3395
2023-01-03 10:12:00,4164.00,4164.25,4158.00,4160.75,6162
2023-01-03 10:13:00,4160.75,4161.00,4155.75,4156.50,4993
2023-01-03 10:14:00,4156.50,4159.00,4155.50,4157.75,4336
2023-01-03 10:15:00,4158.00,4160.00,4155.50,4159.50,4233
2023-01-03 10:16:00,4159.50,4159.75,4157.50,4159.00,2967
2023-01-03 10:17:00,4159.00,4159.00,4155.50,4155.75,2574
2023-01-03 10:18:00,4155.75,4155.75,4150.00,4152.00,8262
2023-01-03 10:19:00,4152.00,4153.00,4148.25,4148.75,5576
2023-01-03 10:20:00,4148.75,4153.50,4147.50,4153.50,4904
2023-01-03 10:21:00,4153.50,4153.50,4151.25,4152.50,3528
2023-01-03 10:22:00,4152.75,4152.75,4150.00,4151.50,2869
2023-01-03 10:23:00,4151.75,4155.25,4151.00,4155.00,3098
2023-01-03 10:24:00,4154.75,4156.25,4153.75,4154.25,3475
2023-01-03 10:25:00,4154.50,4155.25,4153.25,4154.50,3193
2023-01-03 10:26:00,4154.75,4155.50,4151.75,4152.25,5065
2023-01-03 10:27:00,4152.25,4154.25,4151.75,4154.25,2235
2023-01-03 10:28:00,4154.00,4154.25,4151.00,4151.25,3421
2023-01-03 10:29:00,4151.25,4156.00,4151.00,4156.00,4625
2023-01-03 10:30:00,4155.75,4155.75,4147.75,4147.75,5850
2023-01-03 10:31:00,4147.75,4153.25,4146.75,4152.75,3838
2023-01-03 10:32:00,4152.75,4155.25,4150.75,4151.25,4731
2023-01-03 10:33:00,4151.00,4152.50,4149.50,4150.75,2793
2023-01-03 10:34:00,4151.00,4153.25,4150.50,4152.50,1668
2023-01-03 10:35:00,4152.50,4156.00,4152.00,4155.25,3022
2023-01-03 10:36:00,4155.00,4155.75,4154.25,4155.25,2155
2023-01-03 10:37:00,4155.00,4155.50,4153.50,4155.25,1958
2023-01-03 10:38:00,4155.25,4157.25,4153.50,4156.75,2546
2023-01-03 10:39:00,4156.75,4157.25,4154.75,4156.00,2470
2023-01-03 10:40:00,4156.25,4158.75,4155.75,4158.50,2592
2023-01-03 10:41:00,4158.50,4159.75,4158.00,4159.50,3052
2023-01-03 10:42:00,4159.50,4160.00,4157.50,4158.75,2763
2023-01-03 10:43:00,4158.75,4159.00,4157.00,4157.75,3033
2023-01-03 10:44:00,4158.00,4159.25,4156.50,4156.75,2172
2023-01-03 10:45:00,4156.75,4160.25,4156.75,4159.75,1699
2023-01-03 10:46:00,4159.75,4163.50,4159.50,4163.00,2748
2023-01-03 10:47:00,4162.75,4163.00,4160.75,4161.25,1995
2023-01-03 10:48:00,4161.50,4161.50,4158.50,4161.00,2252
2023-01-03 10:49:00,4161.00,4161.25,4159.75,4160.50,1642
2023-01-03 10:50:00,4160.50,4161.25,4157.75,4157.75,2142
2023-01-03 10:51:00,4158.00,4158.25,4155.50,4156.25,3334
2023-01-03 10:52:00,4156.00,4159.50,4155.75,4159.50,3220
2023-01-03 10:53:00,4159.75,4160.50,4156.75,4157.00,2649
2023-01-03 10:54:00,4156.75,4157.50,4155.25,4155.50,2231
2023-01-03 10:55:00,4155.75,4159.50,4155.50,4159.00,3249
2023-01-03 10:56:00,4159.00,4163.00,4158.50,4162.25,2960
2023-01-03 10:57:00,4162.50,4164.50,4162.25,4164.00,3948
2023-01-03 10:58:00,4164.00,4166.50,4163.75,4164.50,5675
2023-01-03 10:59:00,4164.25,4167.25,4163.75,4166.75,3678
2023-01-03 11:00:00,4166.75,4169.50,4166.50,4169.00,4961
2023-01-03 11:01:00,4168.75,4169.25,4167.25,4167.25,3290
2023-01-03 11:02:00,4167.50,4168.25,4165.50,4165.50,2640
2023-01-03 11:03:00,4165.75,4166.25,4163.75,4166.00,3082
2023-01-03 11:04:00,4166.00,4166.25,4161.75,4162.00,2566
2023-01-03 11:05:00,4162.25,4163.25,4160.50,4162.50,3409
2023-01-03 11:06:00,4162.50,4162.50,4160.50,4161.50,2584
2023-01-03 11:07:00,4161.25,4162.00,4159.50,4160.00,3004
2023-01-03 11:08:00,4160.25,4162.25,4159.50,4161.00,2876
2023-01-03 11:09:00,4161.00,4161.25,4153.25,4153.50,7339
2023-01-03 11:10:00,4153.75,4154.75,4149.75,4152.75,6380
2023-01-03 11:11:00,4153.00,4153.50,4149.25,4150.00,4625
2023-01-03 11:12:00,4150.25,4151.00,4148.75,4149.50,4783
2023-01-03 11:13:00,4149.75,4149.75,4145.75,4146.75,5644
2023-01-03 11:14:00,4147.00,4147.00,4140.75,4142.75,6058
2023-01-03 11:15:00,4142.75,4145.50,4141.50,4142.75,5382
2023-01-03 11:16:00,4143.00,4143.75,4141.00,4142.00,3171
2023-01-03 11:17:00,4141.75,4144.50,4141.75,4144.00,3865
2023-01-03 11:18:00,4144.25,4147.25,4144.25,4147.25,3739
2023-01-03 11:19:00,4147.00,4147.50,4145.00,4145.50,1952
2023-01-03 11:20:00,4145.50,4146.25,4142.00,4142.25,3092
2023-01-03 11:21:00,4142.50,4144.75,4142.25,4143.75,1829
2023-01-03 11:22:00,4144.00,4146.50,4143.00,4145.50,2603
2023-01-03 11:23:00,4145.50,4150.75,4145.50,4149.25,5190
2023-01-03 11:24:00,4149.00,4149.25,4146.25,4147.00,2146
2023-01-03 11:25:00,4147.00,4147.75,4145.25,4145.75,1629
2023-01-03 11:26:00,4145.50,4146.75,4144.50,4145.00,2137
2023-01-03 11:27:00,4145.00,4145.50,4144.00,4144.75,1984
2023-01-03 11:28:00,4145.00,4146.50,4141.25,4141.75,2416
2023-01-03 11:29:00,4141.75,4146.75,4140.50,4146.50,3994
2023-01-03 11:30:00,4146.25,4146.50,4141.25,4143.00,3471
2023-01-03 11:31:00,4143.25,4145.25,4138.00,4138.75,7334
2023-01-03 11:32:00,4139.00,4143.50,4135.50,4141.25,6905
2023-01-03 11:33:00,4141.25,4144.00,4141.00,4141.75,2931
2023-01-03 11:34:00,4141.75,4142.25,4139.75,4141.00,2497
2023-01-03 11:35:00,4141.00,4142.75,4139.00,4139.25,3265
2023-01-03 11:36:00,4139.25,4141.75,4139.00,4140.00,2336
2023-01-03 11:37:00,4140.00,4141.75,4139.75,4141.25,2192
2023-01-03 11:38:00,4141.25,4143.00,4140.00,4141.75,2227
2023-01-03 11:39:00,4142.00,4144.00,4141.25,4142.25,2749
2023-01-03 11:40:00,4142.00,4142.75,4140.50,4141.75,2236
2023-01-03 11:41:00,4141.75,4143.25,4139.50,4140.50,2404
2023-01-03 11:42:00,4140.25,4141.00,4137.00,4137.75,3167
2023-01-03 11:43:00,4138.00,4139.75,4138.00,4138.50,1942
2023-01-03 11:44:00,4138.50,4139.00,4136.75,4137.00,1843
2023-01-03 11:45:00,4136.75,4138.00,4134.75,4137.00,3259
2023-01-03 11:46:00,4137.00,4138.00,4133.25,4133.75,3972
2023-01-03 11:47:00,4133.75,4136.75,4133.50,4136.25,3304
2023-01-03 11:48:00,4136.25,4137.25,4135.25,4136.00,1901
2023-01-03 11:49:00,4136.00,4138.00,4136.00,4136.75,2993
2023-01-03 11:50:00,4136.75,4137.00,4134.75,4135.75,2292
2023-01-03 11:51:00,4135.75,4135.75,4134.00,4134.50,1579
2023-01-03 11:52:00,4134.50,4138.50,4133.00,4138.50,4084
2023-01-03 11:53:00,4138.25,4139.25,4136.50,4137.25,2888
2023-01-03 11:54:00,4137.00,4137.75,4134.75,4135.75,1999
2023-01-03 11:55:00,4136.00,4136.50,4132.75,4135.25,3083
2023-01-03 11:56:00,4135.50,4136.25,4132.50,4134.00,2517
2023-01-03 11:57:00,4134.00,4136.50,4133.50,4135.75,3315
2023-01-03 11:58:00,4135.50,4138.75,4135.50,4137.00,2708
2023-01-03 11:59:00,4137.00,4138.25,4136.00,4136.75,1894
2023-01-03 12:00:00,4137.00,4138.50,4136.00,4137.50,2326
2023-01-03 12:01:00,4137.50,4137.75,4135.00,4135.25,2005
2023-01-03 12:02:00,4135.25,4136.25,4134.50,4135.00,2212
2023-01-03 12:03:00,4135.00,4137.00,4134.75,4136.50,1639
2023-01-03 12:04:00,4136.50,4137.50,4135.25,4135.25,1470
2023-01-03 12:05:00,4135.50,4137.25,4134.00,4136.50,1933
2023-01-03 12:06:00,4136.50,4138.50,4135.75,4138.25,1633
2023-01-03 12:07:00,4138.50,4142.75,4138.25,4142.50,4443
2023-01-03 12:08:00,4142.25,4142.25,4138.75,4140.75,2738
2023-01-03 12:09:00,4140.75,4142.00,4139.50,4140.50,1834
2023-01-03 12:10:00,4140.25,4140.75,4139.25,4139.50,1261
2023-01-03 12:11:00,4139.50,4140.75,4138.75,4140.50,1367
2023-01-03 12:12:00,4140.50,4141.75,4140.00,4141.25,1877
2023-01-03 12:13:00,4141.00,4143.00,4140.25,4142.75,1899
2023-01-03 12:14:00,4143.00,4143.25,4141.50,4142.00,1632
2023-01-03 12:15:00,4142.00,4142.25,4139.75,4140.00,1581
2023-01-03 12:16:00,4140.25,4142.25,4140.00,4140.75,1503
2023-01-03 12:17:00,4140.75,4141.00,4137.25,4137.75,1889
2023-01-03 12:18:00,4138.00,4139.25,4136.00,4138.75,2237
2023-01-03 12:19:00,4138.75,4139.00,4137.25,4137.75,990
2023-01-03 12:20:00,4137.75,4139.50,4137.00,4138.50,1208
2023-01-03 12:21:00,4138.50,4140.75,4138.00,4139.75,2914
2023-01-03 12:22:00,4139.75,4139.75,4136.25,4136.25,2164
2023-01-03 12:23:00,4136.25,4137.50,4133.00,4133.75,2882
2023-01-03 12:24:00,4133.75,4134.00,4130.00,4132.00,4583
2023-01-03 12:25:00,4132.25,4135.00,4131.50,4134.50,2833
2023-01-03 12:26:00,4134.75,4137.25,4134.00,4136.50,2755
2023-01-03 12:27:00,4136.50,4137.25,4135.25,4136.25,1695
2023-01-03 12:28:00,4136.25,4137.00,4134.75,4135.00,1051
2023-01-03 12:29:00,4135.00,4136.00,4134.75,4135.50,1006
2023-01-03 12:30:00,4135.75,4136.25,4134.25,4135.25,1270
2023-01-03 12:31:00,4135.50,4139.25,4135.25,4138.75,1977
2023-01-03 12:32:00,4139.00,4139.75,4138.00,4139.00,1641
2023-01-03 12:33:00,4139.00,4143.25,4138.50,4142.50,3095
2023-01-03 12:34:00,4142.75,4146.25,4142.25,4144.25,3845
2023-01-03 12:35:00,4144.25,4145.75,4143.50,4145.50,1408
2023-01-03 12:36:00,4145.75,4145.75,4142.25,4143.00,1763
2023-01-03 12:37:00,4143.00,4144.00,4142.00,4142.50,1498
2023-01-03 12:38:00,4142.75,4142.75,4141.50,4142.25,1399
2023-01-03 12:39:00,4142.25,4142.50,4140.00,4140.75,2413
2023-01-03 12:40:00,4140.75,4141.00,4138.00,4138.75,2611
2023-01-03 12:41:00,4138.75,4138.75,4136.00,4136.00,2469
2023-01-03 12:42:00,4136.00,4137.50,4135.00,4135.50,2494
2023-01-03 12:43:00,4135.25,4135.25,4133.25,4134.25,2611
2023-01-03 12:44:00,4134.00,4135.25,4133.50,4134.50,1549
2023-01-03 12:45:00,4134.25,4134.50,4130.75,4131.50,3374
2023-01-03 12:46:00,4131.25,4131.25,4126.00,4126.25,7678
2023-01-03 12:47:00,4126.25,4128.25,4124.00,4127.00,4727
2023-01-03 12:48:00,4126.75,4128.75,4126.00,4126.50,2657
2023-01-03 12:49:00,4126.75,4128.25,4125.50,4127.00,2080
2023-01-03 12:50:00,4127.00,4128.75,4127.00,4127.50,2006
2023-01-03 12:51:00,4127.50,4128.25,4126.25,4127.75,1479
2023-01-03 12:52:00,4127.75,4129.25,4127.25,4128.25,1945
2023-01-03 12:53:00,4128.25,4128.50,4127.00,4127.50,1403
2023-01-03 12:54:00,4127.50,4128.50,4127.00,4127.75,958
2023-01-03 12:55:00,4127.75,4128.50,4126.50,4127.00,1456
2023-01-03 12:56:00,4127.00,4131.25,4125.50,4130.75,3157
2023-01-03 12:57:00,4130.75,4135.25,4130.50,4134.25,3358
2023-01-03 12:58:00,4134.00,4134.25,4130.75,4131.75,2409
2023-01-03 12:59:00,4131.75,4132.75,4131.00,4132.00,1345
2023-01-03 13:00:00,4132.25,4133.00,4130.50,4130.75,1667
2023-01-03 13:01:00,4130.75,4132.25,4130.50,4131.00,1100
2023-01-03 13:02:00,4131.00,4131.50,4129.50,4130.00,1812
2023-01-03 13:03:00,4130.00,4131.25,4129.50,4131.25,1515
2023-01-03 13:04:00,4131.00,4134.00,4131.00,4133.00,2999
2023-01-03 13:05:00,4133.00,4133.25,4130.25,4130.75,1324
2023-01-03 13:06:00,4130.75,4131.50,4130.50,4131.25,1262
2023-01-03 13:07:00,4131.25,4133.00,4131.00,4132.25,1098
2023-01-03 13:08:00,4132.25,4132.50,4130.00,4130.50,1453
2023-01-03 13:09:00,4130.75,4132.50,4130.50,4131.25,911
2023-01-03 13:10:00,4131.50,4133.75,4130.50,4133.50,1439
2023-01-03 13:11:00,4133.75,4136.25,4133.50,4135.00,2853
2023-01-03 13:12:00,4134.75,4134.75,4132.25,4133.25,1807
2023-01-03 13:13:00,4133.00,4133.00,4130.00,4130.25,1951
2023-01-03 13:14:00,4130.25,4131.50,4130.00,4130.75,1378
2023-01-03 13:15:00,4131.00,4131.75,4129.75,4130.75,2205
2023-01-03 13:16:00,4131.00,4131.50,4130.25,4130.25,1092
2023-01-03 13:17:00,4130.25,4131.50,4129.75,4130.75,1118
2023-01-03 13:18:00,4130.75,4133.00,4130.50,4130.75,1307
2023-01-03 13:19:00,4130.75,4132.00,4130.25,4131.00,975
2023-01-03 13:20:00,4131.00,4131.25,4129.50,4129.50,1406
2023-01-03 13:21:00,4129.75,4130.25,4129.50,4129.75,1499
2023-01-03 13:22:00,4129.75,4131.00,4129.50,4130.00,1420
2023-01-03 13:23:00,4130.00,4133.25,4129.75,4132.75,1652
2023-01-03 13:24:00,4133.00,4133.50,4131.25,4132.00,1542
2023-01-03 13:25:00,4132.00,4138.50,4131.75,4138.25,3715
2023-01-03 13:26:00,4138.50,4142.50,4138.25,4141.75,7225
2023-01-03 13:27:00,4141.75,4142.25,4139.50,4140.00,2742
2023-01-03 13:28:00,4140.00,4140.50,4138.00,4139.25,2571
2023-01-03 13:29:00,4139.00,4143.00,4139.00,4141.25,2546
2023-01-03 13:30:00,4141.25,4142.25,4139.75,4141.50,2300
2023-01-03 13:31:00,4141.75,4141.75,4140.00,4140.25,1173
2023-01-03 13:32:00,4140.50,4141.00,4139.00,4140.00,1474
2023-01-03 13:33:00,4140.00,4140.75,4139.25,4140.50,1270
2023-01-03 13:34:00,4140.50,4141.75,4137.75,4138.25,1755
2023-01-03 13:35:00,4138.50,4140.25,4137.75,4139.75,1565
2023-01-03 13:36:00,4139.50,4142.00,4139.25,4141.50,1798
2023-01-03 13:37:00,4141.75,4142.25,4140.25,4142.25,1172
2023-01-03 13:38:00,4142.00,4142.50,4139.50,4140.25,1456
2023-01-03 13:39:00,4140.25,4141.00,4137.00,4137.50,2468
2023-01-03 13:40:00,4137.50,4141.75,4137.25,4141.25,1771
2023-01-03 13:41:00,4141.25,4143.75,4140.75,4141.75,2057
2023-01-03 13:42:00,4142.00,4142.00,4139.25,4140.25,1523
2023-01-03 13:43:00,4140.50,4141.00,4138.75,4139.75,1244
2023-01-03 13:44:00,4139.75,4140.00,4138.75,4139.75,1003
2023-01-03 13:45:00,4139.50,4139.75,4136.25,4137.50,2296
2023-01-03 13:46:00,4137.75,4138.25,4136.50,4137.50,1745
2023-01-03 13:47:00,4137.50,4139.00,4135.75,4136.50,1526
2023-01-03 13:48:00,4136.75,4138.75,4136.75,4138.25,1125
2023-01-03 13:49:00,4138.25,4139.75,4138.00,4139.00,1488
2023-01-03 13:50:00,4139.00,4141.00,4138.25,4140.00,1488
2023-01-03 13:51:00,4140.00,4140.25,4137.25,4139.00,1397
2023-01-03 13:52:00,4139.00,4142.00,4138.50,4141.00,1528
2023-01-03 13:53:00,4141.00,4143.00,4140.50,4142.25,1729
2023-01-03 13:54:00,4142.25,4145.75,4142.25,4143.75,3695
2023-01-03 13:55:00,4143.50,4146.00,4141.75,4145.25,2719
2023-01-03 13:56:00,4145.25,4145.25,4143.75,4144.75,1843
2023-01-03 13:57:00,4145.00,4145.00,4143.50,4143.50,1168
2023-01-03 13:58:00,4143.50,4145.00,4143.50,4144.50,1201
2023-01-03 13:59:00,4144.50,4145.75,4143.75,4144.50,1446
2023-01-03 14:00:00,4144.50,4148.00,4142.75,4145.75,5626
2023-01-03 14:01:00,4145.50,4145.50,4139.50,4141.25,4292
2023-01-03 14:02:00,4141.50,4143.00,4140.75,4141.00,1865
2023-01-03 14:03:00,4140.75,4141.50,4139.50,4140.00,1501
2023-01-03 14:04:00,4140.25,4142.25,4140.25,4141.75,1490
2023-01-03 14:05:00,4141.75,4143.00,4140.50,4140.50,1225
2023-01-03 14:06:00,4140.75,4141.50,4139.50,4141.00,1471
2023-01-03 14:07:00,4141.00,4142.50,4140.00,4141.75,1103
2023-01-03 14:08:00,4141.75,4144.00,4141.50,4142.25,1961
2023-01-03 14:09:00,4142.00,4143.00,4140.75,4142.00,1595
2023-01-03 14:10:00,4142.25,4142.75,4140.25,4140.75,1911
2023-01-03 14:11:00,4141.00,4141.25,4139.50,4140.25,1655
2023-01-03 14:12:00,4140.00,4140.50,4135.25,4137.00,3155
2023-01-03 14:13:00,4137.25,4139.50,4136.50,4139.00,2888
2023-01-03 14:14:00,4139.25,4139.50,4137.50,4139.00,1327
2023-01-03 14:15:00,4139.25,4141.25,4138.75,4141.00,2083
2023-01-03 14:16:00,4140.75,4142.50,4140.50,4141.00,1597
2023-01-03 14:17:00,4141.25,4142.25,4140.75,4141.75,1039
2023-01-03 14:18:00,4141.75,4142.00,4140.00,4141.50,1236
2023-01-03 14:19:00,4141.50,4141.50,4137.50,4138.50,1791
2023-01-03 14:20:00,4138.75,4139.75,4138.25,4139.50,1091
2023-01-03 14:21:00,4139.25,4140.50,4138.00,4139.00,1078
2023-01-03 14:22:00,4139.00,4140.00,4139.00,4139.50,629
2023-01-03 14:23:00,4139.50,4140.25,4136.50,4136.75,1328
2023-01-03 14:24:00,4136.75,4137.00,4134.25,4135.50,2334
2023-01-03 14:25:00,4135.50,4136.50,4134.00,4134.00,1727
2023-01-03 14:26:00,4134.00,4135.75,4134.00,4134.75,1247
2023-01-03 14:27:00,4135.00,4137.75,4134.50,4136.25,2805
2023-01-03 14:28:00,4136.00,4136.25,4134.75,4134.75,961
2023-01-03 14:29:00,4135.00,4136.75,4134.75,4136.00,1028
2023-01-03 14:30:00,4136.00,4136.75,4133.00,4134.00,2140
2023-01-03 14:31:00,4134.25,4134.75,4130.75,4131.25,2811
2023-01-03 14:32:00,4131.25,4131.75,4128.00,4129.75,3722
2023-01-03 14:33:00,4129.50,4131.00,4126.75,4129.75,3400
2023-01-03 14:34:00,4129.75,4130.75,4128.50,4129.25,1769
2023-01-03 14:35:00,4129.25,4130.00,4128.50,4129.25,1502
2023-01-03 14:36:00,4129.25,4131.00,4128.75,4129.00,2611
2023-01-03 14:37:00,4129.00,4130.75,4128.00,4130.50,2191
2023-01-03 14:38:00,4130.50,4130.75,4129.50,4130.25,1100
2023-01-03 14:39:00,4130.25,4131.00,4129.50,4129.75,1661
2023-01-03 14:40:00,4130.00,4130.50,4129.50,4130.00,1445
2023-01-03 14:41:00,4129.75,4135.25,4129.75,4134.75,3179
2023-01-03 14:42:00,4135.00,4135.00,4133.75,4134.50,1628
2023-01-03 14:43:00,4134.50,4139.50,4134.00,4138.50,6157
2023-01-03 14:44:00,4138.50,4140.75,4136.50,4140.75,3783
2023-01-03 14:45:00,4140.50,4152.50,4139.50,4150.50,10550
2023-01-03 14:46:00,4150.50,4153.75,4150.25,4151.25,7230
2023-01-03 14:47:00,4151.50,4151.50,4146.75,4148.75,5744
2023-01-03 14:48:00,4148.75,4150.50,4147.75,4149.00,3285
2023-01-03 14:49:00,4149.00,4151.75,4148.00,4151.75,3274
2023-01-03 14:50:00,4151.75,4152.25,4148.50,4150.00,2708
2023-01-03 14:51:00,4150.00,4150.25,4147.00,4147.75,2291
2023-01-03 14:52:00,4148.00,4148.50,4144.25,4145.75,4740
2023-01-03 14:53:00,4145.75,4147.50,4144.75,4147.25,5308
2023-01-03 14:54:00,4147.00,4148.00,4145.75,4146.50,1714
2023-01-03 14:55:00,4146.25,4151.50,4145.75,4147.75,6742
2023-01-03 14:56:00,4147.75,4149.50,4145.25,4146.00,2888
2023-01-03 14:57:00,4146.00,4146.50,4143.00,4145.50,3294
2023-01-03 14:58:00,4145.50,4147.50,4145.25,4145.75,1853
2023-01-03 14:59:00,4145.75,4147.25,4145.00,4146.50,2132
2023-01-03 15:00:00,4146.75,4152.75,4145.75,4150.75,5231
2023-01-03 15:01:00,4150.75,4153.25,4148.75,4150.50,3619
2023-01-03 15:02:00,4150.50,4150.50,4144.75,4145.00,3610
2023-01-03 15:03:00,4144.75,4147.50,4144.25,4147.25,2284
2023-01-03 15:04:00,4147.50,4150.00,4146.75,4148.75,3592
2023-01-03 15:05:00,4148.75,4150.50,4147.75,4150.25,2651
2023-01-03 15:06:00,4150.50,4150.50,4147.00,4148.00,2312
2023-01-03 15:07:00,4148.00,4149.00,4144.75,4145.25,3229
2023-01-03 15:08:00,4145.25,4147.50,4145.25,4146.75,1646
2023-01-03 15:09:00,4147.00,4147.25,4145.00,4146.25,1396
2023-01-03 15:10:00,4146.25,4148.75,4145.75,4147.25,1651
2023-01-03 15:11:00,4147.25,4150.75,4146.50,4149.75,3814
2023-01-03 15:12:00,4149.50,4151.00,4148.25,4150.00,2340
2023-01-03 15:13:00,4149.75,4151.75,4149.25,4151.50,1962
2023-01-03 15:14:00,4151.50,4153.00,4150.75,4152.00,1983
2023-01-03 15:15:00,4152.00,4157.75,4152.00,4156.25,8484
2023-01-03 15:16:00,4156.25,4156.25,4154.25,4155.75,3019
2023-01-03 15:17:00,4155.75,4157.25,4155.00,4156.00,2560
2023-01-03 15:18:00,4155.75,4157.25,4155.50,4155.75,1831
2023-01-03 15:19:00,4155.75,4156.50,4153.00,4153.00,2513
2023-01-03 15:20:00,4153.00,4153.25,4148.25,4148.75,5073
2023-01-03 15:21:00,4148.75,4149.00,4145.75,4147.50,3948
2023-01-03 15:22:00,4147.25,4148.25,4146.75,4147.00,2068
2023-01-03 15:23:00,4147.00,4147.50,4145.00,4146.25,3097
2023-01-03 15:24:00,4146.25,4146.50,4144.50,4145.00,2094
2023-01-03 15:25:00,4145.25,4148.00,4145.00,4147.00,2088
2023-01-03 15:26:00,4147.25,4150.25,4147.25,4148.75,4868
2023-01-03 15:27:00,4148.75,4150.00,4147.25,4148.75,1725
2023-01-03 15:28:00,4149.00,4149.75,4147.00,4149.00,1480
2023-01-03 15:29:00,4148.75,4150.50,4147.50,4149.75,1629
2023-01-03 15:30:00,4149.75,4152.50,4149.75,4152.00,3126
2023-01-03 15:31:00,4152.00,4152.50,4149.25,4151.50,2380
2023-01-03 15:32:00,4151.25,4155.75,4151.25,4155.00,4488
2023-01-03 15:33:00,4155.00,4156.25,4154.75,4156.00,3230
2023-01-03 15:34:00,4156.25,4156.50,4154.00,4154.75,3093
2023-01-03 15:35:00,4154.75,4157.25,4154.25,4156.00,2957
2023-01-03 15:36:00,4156.00,4156.75,4155.00,4155.50,1746
2023-01-03 15:37:00,4155.50,4155.50,4150.75,4151.25,3623
2023-01-03 15:38:00,4151.25,4153.75,4151.00,4152.75,2269
2023-01-03 15:39:00,4153.00,4154.00,4152.25,4152.50,1939
2023-01-03 15:40:00,4152.50,4155.75,4152.00,4155.00,2473
2023-01-03 15:41:00,4155.00,4155.25,4150.50,4150.75,5163
2023-01-03 15:42:00,4150.75,4153.00,4150.25,4152.75,3027
2023-01-03 15:43:00,4152.75,4153.50,4152.00,4153.00,2039
2023-01-03 15:44:00,4153.25,4154.25,4151.75,4152.00,1903
2023-01-03 15:45:00,4152.00,4152.50,4150.00,4150.75,2494
2023-01-03 15:46:00,4150.50,4153.75,4150.50,4152.50,2929
2023-01-03 15:47:00,4152.25,4153.50,4151.75,4153.25,1987
2023-01-03 15:48:00,4153.25,4156.25,4153.00,4155.25,4652
2023-01-03 15:49:00,4155.25,4155.50,4153.75,4155.00,2575
2023-01-03 15:50:00,4155.00,4158.75,4151.75,4154.75,7592
2023-01-03 15:51:00,4154.75,4156.50,4154.25,4155.75,2460
2023-01-03 15:52:00,4155.75,4156.00,4154.25,4155.00,2249
2023-01-03 15:53:00,4154.75,4156.25,4154.00,4155.25,2067
2023-01-03 15:54:00,4155.25,4158.75,4154.75,4157.00,4597
2023-01-03 15:55:00,4157.00,4157.75,4153.50,4155.50,6522
2023-01-03 15:56:00,4155.50,4155.50,4153.25,4154.50,3401
2023-01-03 15:57:00,4154.50,4157.00,4153.75,4156.25,4255
2023-01-03 15:58:00,4156.50,4157.75,4155.75,4157.25,5920
2023-01-03 15:59:00,4157.00,4157.25,4154.00,4154.25,35769
2023-01-03 16:00:00,4154.25,4155.00,4150.00,4151.00,14572
2023-01-03 16:01:00,4150.75,4151.00,4148.25,4150.50,4096
2023-01-03 16:02:00,4150.25,4150.50,4147.50,4148.25,2673
2023-01-03 16:03:00,4148.00,4149.25,4147.75,4148.75,2084
2023-01-03 16:04:00,4148.50,4149.25,4148.25,4148.75,1294
2023-01-03 16:05:00,4148.75,4149.75,4148.50,4148.75,1432
2023-01-03 16:06:00,4148.75,4150.25,4148.50,4150.00,1001
2023-01-03 16:07:00,4150.00,4151.00,4150.00,4151.00,847
2023-01-03 16:08:00,4151.00,4151.25,4150.25,4150.50,648
2023-01-03 16:09:00,4150.75,4151.00,4149.75,4150.50,1013
2023-01-03 16:10:00,4150.50,4150.75,4149.75,4150.75,447
2023-01-03 16:11:00,4150.75,4152.25,4150.50,4152.00,1035
2023-01-03 16:12:00,4152.25,4153.00,4151.75,4152.50,1195
2023-01-03 16:13:00,4152.50,4152.75,4149.50,4150.50,1173
2023-01-03 16:14:00,4150.25,4150.75,4148.75,4149.00,1100
2023-01-03 16:15:00,4149.25,4151.50,4149.25,4151.25,555
2023-01-03 16:16:00,4151.00,4152.50,4151.00,4151.75,587
2023-01-03 16:17:00,4152.00,4152.75,4151.75,4152.50,329
2023-01-03 16:18:00,4152.75,4153.00,4152.25,4152.75,256
2023-01-03 16:19:00,4152.75,4153.25,4152.25,4152.50,306
2023-01-03 16:20:00,4152.75,4153.00,4152.00,4153.00,235
2023-01-03 16:21:00,4153.00,4153.00,4152.25,4153.00,172
2023-01-03 16:22:00,4152.75,4152.75,4151.50,4151.75,250
2023-01-03 16:23:00,4151.75,4152.00,4151.50,4152.00,140
2023-01-03 16:24:00,4151.75,4152.25,4151.50,4152.25,183
2023-01-03 16:25:00,4152.25,4153.25,4152.00,4153.25,200
2023-01-03 16:26:00,4153.00,4153.25,4152.25,4152.25,216
2023-01-03 16:27:00,4152.25,4152.50,4152.00,4152.00,127
2023-01-03 16:28:00,4151.75,4152.50,4151.75,4152.50,370
2023-01-03 16:29:00,4152.50,4152.75,4151.75,4152.25,119
2023-01-03 16:30:00,4152.25,4153.00,4152.00,4152.25,379
2023-01-03 16:31:00,4152.25,4152.50,4151.50,4151.75,140
2023-01-03 16:32:00,4151.75,4152.00,4151.25,4151.75,152
2023-01-03 16:33:00,4151.75,4152.00,4151.75,4151.75,80
2023-01-03 16:34:00,4151.50,4151.50,4151.00,4151.25,73
2023-01-03 16:35:00,4151.25,4151.75,4151.25,4151.75,82
2023-01-03 16:36:00,4151.50,4152.00,4151.50,4151.50,96
2023-01-03 16:37:00,4151.50,4152.00,4151.50,4151.75,50
2023-01-03 16:38:00,4151.75,4152.50,4151.50,4151.50,192
2023-01-03 16:39:00,4151.50,4151.50,4150.75,4151.00,212
2023-01-03 16:40:00,4151.25,4152.00,4151.00,4151.50,170
2023-01-03 16:41:00,4151.50,4151.75,4151.25,4151.25,61
2023-01-03 16:42:00,4151.50,4151.50,4151.00,4151.50,127
2023-01-03 16:43:00,4151.50,4152.00,4151.25,4151.75,165
2023-01-03 16:44:00,4151.75,4152.00,4151.00,4151.50,357
2023-01-03 16:45:00,4151.50,4152.00,4150.75,4151.75,355
2023-01-03 16:46:00,4151.50,4152.25,4151.00,4152.00,423
2023-01-03 16:47:00,4152.00,4152.50,4151.50,4151.75,176
2023-01-03 16:48:00,4152.00,4153.25,4152.00,4152.75,250
2023-01-03 16:49:00,4152.75,4153.50,4152.75,4153.25,93
2023-01-03 16:50:00,4153.00,4153.25,4153.00,4153.00,119
2023-01-03 16:51:00,4153.25,4153.25,4152.75,4153.25,76
2023-01-03 16:52:00,4153.00,4153.50,4153.00,4153.25,201
2023-01-03 16:53:00,4153.25,4153.75,4153.25,4153.50,267
2023-01-03 16:54:00,4153.25,4154.50,4153.25,4154.25,406
2023-01-03 16:55:00,4154.00,4154.25,4153.75,4154.25,163
2023-01-03 16:56:00,4154.25,4154.50,4154.25,4154.50,289
2023-01-03 16:57:00,4154.50,4154.50,4153.75,4154.00,219
2023-01-03 16:58:00,4153.75,4154.00,4153.50,4153.75,74
2023-01-03 16:59:00,4153.75,4153.75,4152.75,4152.75,240
2023-01-03 18:00:00,4152.25,4152.75,4148.75,4150.00,410
2023-01-03 18:01:00,4150.00,4151.00,4149.25,4151.00,299
2023-01-03 18:02:00,4151.00,4151.75,4150.75,4151.50,96
2023-01-03 18:03:00,4151.75,4151.75,4151.25,4151.50,45
2023-01-03 18:04:00,4151.25,4151.75,4151.25,4151.25,28
2023-01-03 18:05:00,4151.50,4151.50,4151.00,4151.25,22
2023-01-03 18:06:00,4151.50,4151.50,4151.25,4151.50,43
2023-01-03 18:07:00,4151.50,4151.50,4150.50,4150.75,108
2023-01-03 18:08:00,4151.00,4152.00,4151.00,4151.50,115
2023-01-03 18:09:00,4151.50,4151.75,4150.75,4151.75,92
2023-01-03 18:10:00,4151.75,4152.00,4151.00,4151.00,69
2023-01-03 18:11:00,4150.75,4150.75,4149.75,4150.75,165
2023-01-03 18:12:00,4151.00,4151.25,4151.00,4151.25,62
2023-01-03 18:13:00,4151.25,4151.25,4150.25,4150.50,30
2023-01-03 18:14:00,4150.75,4150.75,4149.75,4149.75,52
2023-01-03 18:15:00,4150.00,4151.50,4150.00,4151.25,107
2023-01-03 18:16:00,4151.25,4151.75,4151.00,4151.25,62
2023-01-03 18:17:00,4151.25,4151.50,4151.00,4151.25,54
2023-01-03 18:18:00,4151.50,4151.50,4151.25,4151.25,66
2023-01-03 18:19:00,4151.50,4152.00,4151.50,4152.00,139
2023-01-03 18:20:00,4152.25,4153.00,4151.75,4152.75,231
2023-01-03 18:21:00,4152.75,4153.25,4152.50,4152.75,105
2023-01-03 18:22:00,4153.00,4153.00,4152.00,4152.00,94
2023-01-03 18:23:00,4151.75,4152.00,4151.75,4151.75,51
2023-01-03 18:24:00,4151.50,4151.50,4151.25,4151.50,33
2023-01-03 18:25:00,4151.50,4151.75,4151.25,4151.25,62
2023-01-03 18:26:00,4151.25,4152.00,4151.25,4151.50,48
2023-01-03 18:27:00,4151.50,4151.75,4151.25,4151.50,37
2023-01-03 18:28:00,4151.50,4152.25,4151.50,4152.25,71
2023-01-03 18:29:00,4152.25,4153.00,4152.00,4152.75,93
2023-01-03 18:30:00,4152.75,4153.00,4152.25,4152.25,115
2023-01-03 18:31:00,4152.00,4152.00,4151.50,4151.75,77
2023-01-03 18:32:00,4151.75,4151.75,4151.00,4151.50,75
2023-01-03 18:33:00,4151.25,4151.25,4150.75,4150.75,95
2023-01-03 18:34:00,4150.75,4151.50,4150.50,4151.25,126
2023-01-03 18:35:00,4151.00,4151.00,4150.00,4150.50,69
2023-01-03 18:36:00,4150.25,4150.75,4150.25,4150.75,44
2023-01-03 18:37:00,4150.75,4151.25,4150.50,4151.25,59
2023-01-03 18:38:00,4151.25,4151.25,4150.75,4151.25,9
2023-01-03 18:39:00,4151.25,4151.25,4151.00,4151.00,40
2023-01-03 18:40:00,4151.25,4151.25,4151.00,4151.25,45
2023-01-03 18:41:00,4151.25,4152.50,4151.25,4152.50,160
2023-01-03 18:42:00,4152.50,4153.00,4152.50,4153.00,56
2023-01-03 18:43:00,4153.00,4153.50,4152.50,4153.50,158
2023-01-03 18:44:00,4153.50,4153.50,4152.75,4153.25,42
2023-01-03 18:45:00,4153.00,4153.00,4151.75,4152.50,95
2023-01-03 18:46:00,4152.75,4152.75,4152.00,4152.25,97
2023-01-03 18:47:00,4152.00,4153.00,4152.00,4152.75,99
2023-01-03 18:48:00,4152.75,4153.25,4152.75,4153.00,62
2023-01-03 18:49:00,4153.00,4153.75,4152.75,4153.50,184
2023-01-03 18:50:00,4153.50,4153.75,4152.75,4153.25,71
2023-01-03 18:51:00,4153.50,4154.00,4153.25,4153.75,140
2023-01-03 18:52:00,4153.75,4154.25,4153.50,4153.50,121
2023-01-03 18:53:00,4153.75,4154.00,4153.25,4154.00,64
2023-01-03 18:54:00,4154.00,4154.00,4153.25,4153.25,102
2023-01-03 18:55:00,4153.25,4153.50,4152.50,4153.50,71
2023-01-03 18:56:00,4153.50,4154.00,4153.25,4153.75,111
2023-01-03 18:57:00,4153.75,4153.75,4153.50,4153.75,19
2023-01-03 18:58:00,4153.50,4154.50,4153.50,4154.25,60
2023-01-03 18:59:00,4154.25,4154.75,4154.00,4154.50,179
2023-01-03 19:00:00,4154.50,4155.25,4153.50,4155.00,495
2023-01-03 19:01:00,4155.00,4155.25,4154.50,4154.75,220
2023-01-03 19:02:00,4155.00,4155.50,4154.50,4155.00,190
2023-01-03 19:03:00,4155.00,4155.50,4154.75,4155.00,117
2023-01-03 19:04:00,4154.75,4155.00,4154.25,4154.50,127
2023-01-03 19:05:00,4154.50,4154.50,4153.50,4154.00,141
2023-01-03 19:06:00,4154.00,4154.00,4153.50,4153.75,74
2023-01-03 19:07:00,4153.50,4154.00,4153.00,4153.75,125
2023-01-03 19:08:00,4153.75,4154.50,4153.75,4154.50,96
2023-01-03 19:09:00,4154.25,4154.50,4153.25,4153.25,75
2023-01-03 19:10:00,4153.50,4153.50,4153.25,4153.50,96
2023-01-03 19:11:00,4153.75,4154.00,4153.50,4154.00,114
2023-01-03 19:12:00,4154.00,4154.00,4153.50,4153.75,77
2023-01-03 19:13:00,4154.00,4154.50,4154.00,4154.25,64
2023-01-03 19:14:00,4154.50,4154.75,4154.25,4154.50,81
2023-01-03 19:15:00,4154.50,4155.00,4154.00,4154.50,86
2023-01-03 19:16:00,4154.50,4155.00,4153.75,4155.00,73
2023-01-03 19:17:00,4155.00,4155.00,4154.00,4154.25,159
2023-01-03 19:18:00,4154.25,4154.50,4153.75,4154.00,91
2023-01-03 19:19:00,4154.25,4155.00,4154.00,4154.75,96
2023-01-03 19:20:00,4155.00,4155.25,4154.75,4155.00,102
2023-01-03 19:21:00,4155.00,4155.25,4155.00,4155.25,31
2023-01-03 19:22:00,4155.50,4157.00,4155.50,4157.00,343
2023-01-03 19:23:00,4157.00,4157.00,4156.50,4156.75,177
2023-01-03 19:24:00,4156.75,4157.50,4156.50,4157.25,167
2023-01-03 19:25:00,4157.50,4157.75,4157.25,4157.25,144
2023-01-03 19:26:00,4157.25,4157.50,4156.75,4157.00,106
2023-01-03 19:27:00,4157.00,4158.00,4156.75,4157.25,91
2023-01-03 19:28:00,4157.50,4157.50,4157.00,4157.00,27
2023-01-03 19:29:00,4157.00,4157.75,4156.75,4157.75,67
2023-01-03 19:30:00,4157.75,4157.75,4157.25,4157.25,93
2023-01-03 19:31:00,4157.50,4157.75,4157.25,4157.50,59
2023-01-03 19:32:00,4157.75,4158.00,4157.00,4157.75,301
2023-01-03 19:33:00,4157.75,4157.75,4155.00,4156.25,900
2023-01-03 19:34:00,4156.50,4156.75,4155.50,4155.50,109
2023-01-03 19:35:00,4155.75,4156.50,4155.25,4156.50,192
2023-01-03 19:36:00,4156.50,4156.50,4155.00,4155.25,211
2023-01-03 19:37:00,4155.25,4155.75,4153.25,4153.75,503
2023-01-03 19:38:00,4154.00,4154.00,4152.75,4153.00,392
2023-01-03 19:39:00,4153.25,4154.00,4153.00,4153.75,233
2023-01-03 19:40:00,4153.75,4153.75,4153.00,4153.25,117
2023-01-03 19:41:00,4153.25,4153.25,4152.75,4153.25,158
2023-01-03 19:42:00,4153.25,4154.00,4153.25,4153.75,134
2023-01-03 19:43:00,4154.00,4154.00,4153.50,4153.50,151
2023-01-03 19:44:00,4153.75,4153.75,4153.25,4153.75,89
2023-01-03 19:45:00,4153.75,4154.25,4153.50,4153.75,125
2023-01-03 19:46:00,4154.00,4154.00,4153.00,4153.75,277
2023-01-03 19:47:00,4154.00,4154.50,4153.50,4153.75,167
2023-01-03 19:48:00,4153.75,4154.25,4153.75,4154.25,55
2023-01-03 19:49:00,4154.25,4154.50,4153.75,4153.75,179
2023-01-03 19:50:00,4153.75,4153.75,4153.00,4153.25,112
2023-01-03 19:51:00,4153.25,4153.25,4152.50,4153.25,226
2023-01-03 19:52:00,4153.25,4153.75,4153.00,4153.75,65
2023-01-03 19:53:00,4153.75,4154.25,4153.50,4154.25,130
2023-01-03 19:54:00,4154.50,4155.00,4153.75,4154.00,257
2023-01-03 19:55:00,4154.25,4155.00,4154.25,4154.25,84
2023-01-03 19:56:00,4154.25,4154.75,4154.00,4154.75,78
2023-01-03 19:57:00,4154.75,4154.75,4154.25,4154.50,44
2023-01-03 19:58:00,4154.50,4154.50,4153.75,4154.00,60
2023-01-03 19:59:00,4154.00,4154.75,4153.75,4154.00,65
2023-01-03 20:00:00,4154.25,4154.75,4153.50,4154.50,165
2023-01-03 20:01:00,4154.50,4155.00,4154.25,4154.75,141
2023-01-03 20:02:00,4154.75,4155.50,4154.75,4155.50,98
2023-01-03 20:03:00,4155.75,4157.00,4155.75,4156.50,249
2023-01-03 20:04:00,4156.75,4157.50,4156.50,4157.00,255
2023-01-03 20:05:00,4157.00,4157.25,4155.75,4156.00,185
2023-01-03 20:06:00,4156.00,4156.75,4155.75,4156.50,120
2023-01-03 20:07:00,4156.25,4157.50,4156.25,4157.25,143
2023-01-03 20:08:00,4157.25,4158.25,4157.25,4158.00,199
2023-01-03 20:09:00,4158.25,4158.50,4158.00,4158.00,164
2023-01-03 20:10:00,4158.00,4159.00,4158.00,4158.25,221
2023-01-03 20:11:00,4158.00,4158.25,4157.75,4158.00,82
2023-01-03 20:12:00,4158.00,4158.50,4158.00,4158.50,59
2023-01-03 20:13:00,4158.50,4159.25,4158.50,4159.25,226
2023-01-03 20:14:00,4159.00,4159.50,4158.75,4159.00,412
2023-01-03 20:15:00,4159.00,4159.00,4158.25,4158.75,192
2023-01-03 20:16:00,4158.75,4159.50,4158.50,4159.00,369
2023-01-03 20:17:00,4158.75,4159.25,4158.75,4159.00,90
2023-01-03 20:18:00,4159.00,4159.50,4159.00,4159.50,54
2023-01-03 20:19:00,4159.25,4159.50,4159.25,4159.25,39
2023-01-03 20:20:00,4159.25,4159.25,4159.00,4159.00,74
2023-01-03 20:21:00,4159.00,4159.00,4158.25,4159.00,172
2023-01-03 20:22:00,4159.00,4159.50,4159.00,4159.00,359
2023-01-03 20:23:00,4159.00,4159.25,4158.75,4159.00,95
2023-01-03 20:24:00,4158.75,4159.25,4158.50,4159.25,95
2023-01-03 20:25:00,4159.25,4159.25,4158.50,4158.75,86
2023-01-03 20:26:00,4159.00,4159.50,4158.75,4159.50,128
2023-01-03 20:27:00,4159.50,4159.50,4159.00,4159.25,129
2023-01-03 20:28:00,4159.00,4159.50,4158.75,4159.25,90
2023-01-03 20:29:00,4159.25,4159.50,4159.25,4159.25,81
2023-01-03 20:30:00,4159.25,4159.50,4159.25,4159.25,114
2023-01-03 20:31:00,4159.25,4159.50,4159.25,4159.50,377
2023-01-03 20:32:00,4159.25,4159.25,4159.00,4159.00,170
2023-01-03 20:33:00,4159.25,4159.25,4159.00,4159.25,104
2023-01-03 20:34:00,4159.50,4159.50,4159.25,4159.25,104
2023-01-03 20:35:00,4159.50,4159.50,4159.25,4159.25,99
2023-01-03 20:36:00,4159.50,4159.50,4159.25,4159.50,121
2023-01-03 20:37:00,4159.25,4159.50,4159.00,4159.50,119
2023-01-03 20:38:00,4159.50,4161.25,4159.25,4160.50,888
2023-01-03 20:39:00,4160.75,4160.75,4159.75,4160.25,156
2023-01-03 20:40:00,4160.25,4161.00,4160.25,4161.00,135
2023-01-03 20:41:00,4161.00,4161.00,4160.50,4160.50,99
2023-01-03 20:42:00,4160.50,4163.25,4160.25,4162.50,826
2023-01-03 20:43:00,4162.75,4162.75,4161.75,4162.25,115
2023-01-03 20:44:00,4162.25,4162.50,4162.00,4162.00,128
2023-01-03 20:45:00,4162.25,4162.25,4161.25,4161.50,117
2023-01-03 20:46:00,4161.50,4161.75,4160.75,4161.00,134
2023-01-03 20:47:00,4161.00,4162.25,4161.00,4162.25,124
2023-01-03 20:48:00,4162.25,4162.50,4161.75,4162.25,58
2023-01-03 20:49:00,4162.25,4162.25,4161.50,4162.00,66
2023-01-03 20:50:00,4161.75,4162.25,4161.50,4162.00,127
2023-01-03 20:51:00,4162.00,4162.00,4161.75,4162.00,87
2023-01-03 20:52:00,4161.75,4162.00,4161.75,4161.75,47
2023-01-03 20:53:00,4161.75,4162.00,4161.50,4161.75,87
2023-01-03 20:54:00,4161.75,4162.00,4161.50,4162.00,111
2023-01-03 20:55:00,4162.25,4162.25,4161.75,4162.00,85
2023-01-03 20:56:00,4162.00,4162.00,4161.50,4161.75,95
2023-01-03 20:57:00,4161.75,4162.25,4161.75,4162.25,105
2023-01-03 20:58:00,4162.00,4162.00,4161.75,4162.00,74
2023-01-03 20:59:00,4162.00,4162.25,4161.50,4161.75,131
2023-01-03 21:00:00,4161.50,4162.50,4161.50,4162.00,200
2023-01-03 21:01:00,4162.25,4162.50,4162.25,4162.25,93
2023-01-03 21:02:00,4162.25,4162.50,4162.25,4162.50,57
2023-01-03 21:03:00,4162.50,4162.50,4161.75,4162.00,97
2023-01-03 21:04:00,4161.75,4162.00,4161.75,4161.75,53
2023-01-03 21:05:00,4161.75,4162.00,4161.50,4162.00,63
2023-01-03 21:06:00,4162.00,4162.50,4162.00,4162.00,69
2023-01-03 21:07:00,4161.75,4162.50,4161.75,4162.25,61
2023-01-03 21:08:00,4162.50,4163.00,4162.25,4163.00,90
2023-01-03 21:09:00,4163.00,4163.00,4162.25,4162.75,178
2023-01-03 21:10:00,4162.50,4163.00,4162.25,4162.25,57
2023-01-03 21:11:00,4162.00,4162.75,4162.00,4162.75,41
2023-01-03 21:12:00,4162.75,4163.25,4162.75,4163.25,71
2023-01-03 21:13:00,4163.00,4163.00,4162.50,4162.75,59
2023-01-03 21:14:00,4162.75,4163.00,4162.50,4162.75,24
2023-01-03 21:15:00,4163.00,4163.00,4162.75,4163.00,97
2023-01-03 21:16:00,4163.00,4163.00,4162.25,4162.50,68
2023-01-03 21:17:00,4162.50,4163.00,4162.50,4163.00,84
2023-01-03 21:18:00,4162.75,4163.25,4162.75,4162.75,32
2023-01-03 21:19:00,4163.00,4163.00,4162.25,4162.25,64
2023-01-03 21:20:00,4162.50,4162.50,4162.00,4162.25,97
2023-01-03 21:21:00,4162.25,4162.50,4162.00,4162.00,121
2023-01-03 21:22:00,4162.00,4162.00,4161.50,4161.75,104
2023-01-03 21:23:00,4161.75,4161.75,4161.25,4161.25,135
2023-01-03 21:24:00,4161.25,4161.50,4160.75,4160.75,341
2023-01-03 21:25:00,4161.00,4161.25,4160.50,4160.50,186
2023-01-03 21:26:00,4160.75,4161.00,4160.50,4160.50,199
2023-01-03 21:27:00,4160.75,4160.75,4160.25,4160.50,219
2023-01-03 21:28:00,4160.50,4161.00,4160.00,4160.00,438
2023-01-03 21:29:00,4160.00,4160.25,4159.50,4160.25,235
2023-01-03 21:30:00,4160.00,4160.00,4159.50,4160.00,138
2023-01-03 21:31:00,4159.75,4160.00,4159.50,4160.00,95
2023-01-03 21:32:00,4160.00,4160.25,4159.50,4159.50,127
2023-01-03 21:33:00,4159.75,4161.50,4159.75,4160.75,298
2023-01-03 21:34:00,4160.75,4160.75,4160.00,4160.00,147
2023-01-03 21:35:00,4160.25,4160.50,4160.00,4160.25,60
2023-01-03 21:36:00,4160.25,4160.25,4159.50,4160.00,160
2023-01-03 21:37:00,4160.00,4160.25,4160.00,4160.00,97
2023-01-03 21:38:00,4160.00,4160.25,4159.50,4160.00,120
2023-01-03 21:39:00,4159.75,4159.75,4158.50,4158.50,388
2023-01-03 21:40:00,4158.50,4158.75,4158.25,4158.25,129
2023-01-03 21:41:00,4158.50,4158.50,4158.00,4158.00,108
2023-01-03 21:42:00,4158.00,4158.50,4157.75,4158.25,167
2023-01-03 21:43:00,4158.25,4158.75,4157.75,4157.75,100
2023-01-03 21:44:00,4157.75,4158.25,4157.75,4158.00,61
2023-01-03 21:45:00,4158.25,4158.25,4157.75,4158.00,72
2023-01-03 21:46:00,4158.25,4159.00,4158.25,4158.75,168
2023-01-03 21:47:00,4158.75,4158.75,4158.25,4158.50,106
2023-01-03 21:48:00,4158.50,4158.50,4158.00,4158.00,79
2023-01-03 21:49:00,4158.25,4158.25,4158.00,4158.00,32
2023-01-03 21:50:00,4158.25,4158.50,4158.00,4158.25,76
2023-01-03 21:51:00,4158.00,4158.25,4157.75,4157.75,70
2023-01-03 21:52:00,4157.75,4158.25,4157.50,4158.00,85
2023-01-03 21:53:00,4158.00,4158.25,4157.25,4157.50,161
2023-01-03 21:54:00,4157.50,4157.50,4156.75,4157.00,138
2023-01-03 21:55:00,4157.00,4157.50,4155.75,4156.00,511
2023-01-03 21:56:00,4156.00,4156.50,4155.25,4155.50,349
2023-01-03 21:57:00,4155.50,4156.25,4155.50,4155.50,205
2023-01-03 21:58:00,4155.50,4155.75,4154.75,4155.00,239
2023-01-03 21:59:00,4155.00,4155.25,4154.75,4155.00,98
2023-01-03 22:00:00,4155.00,4156.75,4154.50,4156.75,446
2023-01-03 22:01:00,4156.75,4156.75,4156.00,4156.50,181
2023-01-03 22:02:00,4156.25,4156.75,4156.00,4156.75,94
2023-01-03 22:03:00,4156.75,4157.25,4156.50,4157.25,83
2023-01-03 22:04:00,4157.00,4157.75,4157.00,4157.50,151
2023-01-03 22:05:00,4157.75,4158.25,4157.75,4158.00,162
2023-01-03 22:06:00,4158.00,4159.00,4158.00,4159.00,107
2023-01-03 22:07:00,4159.00,4159.75,4159.00,4159.25,187
2023-01-03 22:08:00,4159.50,4159.50,4159.00,4159.00,71
2023-01-03 22:09:00,4159.00,4159.75,4159.00,4159.50,111
2023-01-03 22:10:00,4159.50,4160.00,4159.25,4159.75,179
2023-01-03 22:11:00,4159.75,4159.75,4159.25,4159.50,195
2023-01-03 22:12:00,4159.50,4159.50,4159.25,4159.25,32
2023-01-03 22:13:00,4159.25,4159.50,4158.25,4158.75,448
2023-01-03 22:14:00,4158.75,4158.75,4157.75,4157.75,373
2023-01-03 22:15:00,4158.00,4158.75,4158.00,4158.75,155
2023-01-03 22:16:00,4159.00,4159.00,4158.75,4159.00,32
2023-01-03 22:17:00,4159.00,4159.75,4158.75,4159.50,91
2023-01-03 22:18:00,4159.50,4160.00,4159.25,4160.00,99
2023-01-03 22:19:00,4160.00,4160.25,4159.75,4160.25,72
2023-01-03 22:20:00,4160.00,4160.25,4159.75,4160.00,54
2023-01-03 22:21:00,4160.00,4160.00,4159.75,4159.75,39
2023-01-03 22:22:00,4159.50,4160.25,4159.50,4159.75,83
2023-01-03 22:23:00,4160.00,4160.00,4159.50,4159.75,115
2023-01-03 22:24:00,4159.75,4159.75,4159.75,4159.75,25
2023-01-03 22:25:00,4159.75,4160.00,4159.75,4159.75,74
2023-01-03 22:26:00,4159.75,4159.75,4159.50,4159.50,100
2023-01-03 22:27:00,4159.50,4159.75,4159.25,4159.50,89
2023-01-03 22:28:00,4159.50,4159.75,4159.00,4159.25,83
2023-01-03 22:29:00,4159.50,4159.50,4159.00,4159.25,40
2023-01-03 22:30:00,4159.00,4159.00,4158.25,4158.25,197
2023-01-03 22:31:00,4158.25,4159.25,4158.25,4159.25,119
2023-01-03 22:32:00,4159.00,4159.00,4158.50,4158.50,49
2023-01-03 22:33:00,4158.50,4159.00,4158.50,4159.00,78
2023-01-03 22:34:00,4159.00,4159.00,4158.75,4158.75,10
2023-01-03 22:35:00,4158.75,4159.25,4158.75,4158.75,79
2023-01-03 22:36:00,4158.50,4158.50,4157.75,4158.00,175
2023-01-03 22:37:00,4158.00,4158.00,4155.75,4155.75,489
2023-01-03 22:38:00,4155.75,4156.75,4155.25,4156.50,260
2023-01-03 22:39:00,4156.50,4156.50,4156.25,4156.50,88
2023-01-03 22:40:00,4156.25,4156.25,4155.50,4156.00,149
2023-01-03 22:41:00,4155.75,4156.50,4155.75,4156.25,63
2023-01-03 22:42:00,4156.50,4156.75,4156.00,4156.25,109
2023-01-03 22:43:00,4156.50,4156.75,4156.25,4156.50,107
2023-01-03 22:44:00,4156.50,4157.00,4156.50,4156.75,90
2023-01-03 22:45:00,4156.75,4157.00,4156.25,4156.75,161
2023-01-03 22:46:00,4156.50,4156.75,4155.50,4155.75,181
2023-01-03 22:47:00,4155.75,4155.75,4154.50,4155.25,216
2023-01-03 22:48:00,4155.00,4155.50,4154.75,4154.75,75
2023-01-03 22:49:00,4154.75,4154.75,4154.50,4154.75,102
2023-01-03 22:50:00,4154.75,4155.25,4154.50,4154.75,195
2023-01-03 22:51:00,4154.75,4155.25,4154.50,4155.00,106
2023-01-03 22:52:00,4155.25,4156.00,4155.00,4155.75,95
2023-01-03 22:53:00,4155.75,4156.50,4155.75,4156.25,112
2023-01-03 22:54:00,4156.25,4156.25,4155.50,4156.00,86
2023-01-03 22:55:00,4156.00,4156.75,4156.00,4156.50,57
2023-01-03 22:56:00,4156.25,4157.50,4156.25,4157.25,152
2023-01-03 22:57:00,4157.00,4158.25,4157.00,4158.25,196
2023-01-03 22:58:00,4158.00,4158.50,4158.00,4158.50,94
2023-01-03 22:59:00,4158.25,4158.50,4158.00,4158.00,42
2023-01-03 23:00:00,4158.25,4158.75,4158.25,4158.50,114
2023-01-03 23:01:00,4158.50,4158.50,4157.50,4157.75,167
2023-01-03 23:02:00,4157.75,4158.50,4157.50,4158.50,135
2023-01-03 23:03:00,4158.50,4159.75,4158.25,4159.50,361
2023-01-03 23:04:00,4159.25,4160.00,4159.25,4160.00,99
2023-01-03 23:05:00,4160.00,4160.25,4159.50,4159.50,140
2023-01-03 23:06:00,4159.25,4159.50,4159.00,4159.25,80
2023-01-03 23:07:00,4159.00,4159.50,4158.50,4159.50,143
2023-01-03 23:08:00,4159.50,4159.50,4159.00,4159.50,60
2023-01-03 23:09:00,4159.50,4159.50,4159.25,4159.25,18
2023-01-03 23:10:00,4159.25,4159.25,4158.75,4159.00,92
2023-01-03 23:11:00,4158.75,4158.75,4158.50,4158.75,43
2023-01-03 23:12:00,4159.00,4159.25,4158.75,4159.25,61
2023-01-03 23:13:00,4159.25,4159.25,4158.75,4158.75,29
2023-01-03 23:14:00,4158.75,4159.50,4158.75,4159.50,150
2023-01-03 23:15:00,4159.50,4160.00,4159.50,4160.00,102
2023-01-03 23:16:00,4159.75,4160.25,4159.25,4160.25,177
2023-01-03 23:17:00,4160.25,4160.25,4159.75,4160.00,77
2023-01-03 23:18:00,4160.00,4160.00,4159.75,4159.75,47
2023-01-03 23:19:00,4159.75,4159.75,4159.50,4159.75,63
2023-01-03 23:20:00,4160.00,4160.50,4160.00,4160.50,70
2023-01-03 23:21:00,4160.50,4160.50,4160.25,4160.25,91
2023-01-03 23:22:00,4160.50,4160.50,4159.75,4159.75,92
2023-01-03 23:23:00,4159.50,4159.75,4159.00,4159.75,113
2023-01-03 23:24:00,4159.50,4159.75,4159.25,4159.25,44
2023-01-03 23:25:00,4159.50,4160.25,4159.50,4160.00,90
2023-01-03 23:26:00,4160.25,4160.25,4160.00,4160.00,71
2023-01-03 23:27:00,4160.00,4160.00,4159.50,4159.50,74
2023-01-03 23:28:00,4159.50,4159.50,4159.00,4159.00,66
2023-01-03 23:29:00,4159.00,4159.25,4158.50,4158.50,125
2023-01-03 23:30:00,4158.75,4159.50,4158.50,4159.25,234
2023-01-03 23:31:00,4159.00,4159.25,4159.00,4159.25,71
2023-01-03 23:32:00,4159.25,4160.50,4159.25,4160.50,142
2023-01-03 23:33:00,4160.50,4160.75,4160.25,4160.50,137
2023-01-03 23:34:00,4160.75,4161.00,4160.50,4160.75,77
2023-01-03 23:35:00,4161.00,4161.00,4160.75,4160.75,34
2023-01-03 23:36:00,4160.75,4161.00,4160.75,4161.00,65
2023-01-03 23:37:00,4161.00,4161.25,4160.75,4160.75,56
2023-01-03 23:38:00,4160.75,4161.00,4160.25,4160.25,177
2023-01-03 23:39:00,4160.50,4160.75,4160.50,4160.75,26
2023-01-03 23:40:00,4160.75,4160.75,4160.25,4160.50,40
2023-01-03 23:41:00,4160.25,4160.50,4160.25,4160.50,41
2023-01-03 23:42:00,4160.75,4161.00,4160.25,4160.50,125
2023-01-03 23:43:00,4160.50,4160.50,4160.50,4160.50,21
2023-01-03 23:44:00,4160.50,4160.75,4160.50,4160.75,26
2023-01-03 23:45:00,4161.00,4161.25,4160.75,4161.25,116
2023-01-03 23:46:00,4161.25,4161.25,4161.00,4161.00,38
2023-01-03 23:47:00,4161.00,4161.25,4160.75,4161.00,42
2023-01-03 23:48:00,4160.75,4160.75,4160.50,4160.75,28
2023-01-03 23:49:00,4161.00,4161.25,4161.00,4161.25,35
2023-01-03 23:50:00,4161.25,4161.25,4161.00,4161.25,44
2023-01-03 23:51:00,4161.50,4161.50,4160.75,4161.00,132
2023-01-03 23:52:00,4161.00,4161.25,4160.75,4161.25,63
2023-01-03 23:53:00,4161.00,4161.75,4161.00,4161.50,88
2023-01-03 23:54:00,4161.50,4161.75,4161.50,4161.50,54
2023-01-03 23:55:00,4161.50,4161.50,4161.25,4161.25,37
2023-01-03 23:56:00,4161.25,4161.50,4161.25,4161.50,18
2023-01-03 23:57:00,4161.50,4161.75,4161.25,4161.50,185
2023-01-03 23:58:00,4161.50,4162.50,4161.50,4162.50,357
2023-01-03 23:59:00,4162.50,4162.75,4162.25,4162.50,256
2023-01-04 00:00:00,4162.75,4163.25,4162.25,4163.00,290
2023-01-04 00:01:00,4163.00,4164.00,4163.00,4163.50,317
2023-01-04 00:02:00,4163.25,4163.50,4163.00,4163.25,56
2023-01-04 00:03:00,4163.00,4164.00,4163.00,4163.75,118
2023-01-04 00:04:00,4163.75,4164.00,4163.00,4163.00,239
2023-01-04 00:05:00,4163.25,4163.25,4162.75,4162.75,86
2023-01-04 00:06:00,4163.00,4163.00,4162.50,4162.75,69
2023-01-04 00:07:00,4162.50,4162.75,4162.25,4162.75,99
2023-01-04 00:08:00,4163.00,4163.25,4163.00,4163.25,63
2023-01-04 00:09:00,4163.25,4163.50,4163.00,4163.50,137
2023-01-04 00:10:00,4163.50,4163.50,4162.75,4162.75,91
2023-01-04 00:11:00,4163.00,4163.00,4162.25,4162.50,128
2023-01-04 00:12:00,4162.25,4162.75,4162.00,4162.75,75
2023-01-04 00:13:00,4162.75,4163.25,4162.75,4163.25,90
2023-01-04 00:14:00,4163.00,4163.00,4162.25,4162.50,82
2023-01-04 00:15:00,4162.25,4163.00,4162.25,4162.75,87
2023-01-04 00:16:00,4162.75,4162.75,4162.25,4162.75,67
2023-01-04 00:17:00,4162.75,4162.75,4162.50,4162.50,23
2023-01-04 00:18:00,4162.50,4162.75,4162.25,4162.25,16
2023-01-04 00:19:00,4162.25,4162.25,4161.25,4161.50,381
2023-01-04 00:20:00,4161.50,4162.00,4161.25,4161.75,120
2023-01-04 00:21:00,4161.75,4161.75,4161.25,4161.25,52
2023-01-04 00:22:00,4161.25,4161.75,4161.25,4161.25,43
2023-01-04 00:23:00,4161.25,4161.25,4160.75,4160.75,124
2023-01-04 00:24:00,4160.50,4161.00,4160.50,4160.75,119
2023-01-04 00:25:00,4160.75,4160.75,4159.75,4159.75,139
2023-01-04 00:26:00,4159.75,4160.25,4159.75,4160.25,104
2023-01-04 00:27:00,4160.25,4160.25,4159.75,4160.25,22
2023-01-04 00:28:00,4160.25,4160.25,4159.75,4159.75,62
2023-01-04 00:29:00,4159.75,4160.25,4159.50,4159.75,189
2023-01-04 00:30:00,4159.75,4160.25,4159.50,4159.50,101
2023-01-04 00:31:00,4159.75,4160.00,4159.25,4160.00,52
2023-01-04 00:32:00,4160.00,4160.25,4159.75,4159.75,107
2023-01-04 00:33:00,4159.75,4159.75,4159.25,4159.50,83
2023-01-04 00:34:00,4159.50,4160.00,4159.50,4160.00,34
2023-01-04 00:35:00,4160.00,4160.50,4160.00,4160.50,71
2023-01-04 00:36:00,4160.50,4161.00,4160.50,4160.50,107
2023-01-04 00:37:00,4160.50,4161.00,4160.25,4160.25,64
2023-01-04 00:38:00,4160.25,4160.50,4160.00,4160.25,81
2023-01-04 00:39:00,4160.25,4160.50,4160.00,4160.00,31
2023-01-04 00:40:00,4160.00,4160.50,4160.00,4160.25,50
2023-01-04 00:41:00,4160.50,4160.50,4159.50,4159.75,71
2023-01-04 00:42:00,4159.75,4159.75,4159.25,4159.25,43
2023-01-04 00:43:00,4159.00,4159.25,4158.75,4159.00,113
2023-01-04 00:44:00,4159.00,4159.00,4158.50,4158.75,67
2023-01-04 00:45:00,4159.00,4159.50,4158.75,4159.50,87
2023-01-04 00:46:00,4159.50,4159.50,4159.00,4159.00,46
2023-01-04 00:47:00,4159.00,4159.25,4159.00,4159.25,29
2023-01-04 00:48:00,4159.25,4159.50,4159.25,4159.50,18
2023-01-04 00:49:00,4159.25,4161.25,4159.25,4161.25,252
2023-01-04 00:50:00,4161.25,4161.25,4160.50,4161.00,122
2023-01-04 00:51:00,4161.00,4161.25,4160.75,4161.00,50
2023-01-04 00:52:00,4160.75,4161.00,4160.50,4160.75,48
2023-01-04 00:53:00,4161.00,4162.00,4161.00,4161.75,188
2023-01-04 00:54:00,4162.00,4162.50,4161.50,4162.25,174
2023-01-04 00:55:00,4162.25,4162.25,4161.50,4161.50,121
2023-01-04 00:56:00,4161.50,4161.75,4161.25,4161.75,74
2023-01-04 00:57:00,4161.75,4162.00,4161.50,4161.75,65
2023-01-04 00:58:00,4161.75,4161.75,4161.25,4161.50,10
2023-01-04 00:59:00,4161.25,4161.75,4161.25,4161.50,59
2023-01-04 01:00:00,4161.50,4162.00,4161.00,4162.00,174
2023-01-04 01:01:00,4161.75,4162.25,4161.50,4162.00,122
2023-01-04 01:02:00,4161.75,4162.25,4161.25,4161.50,128
2023-01-04 01:03:00,4161.50,4161.50,4160.75,4161.25,200
2023-01-04 01:04:00,4161.25,4161.25,4160.75,4161.25,74
2023-01-04 01:05:00,4161.00,4161.00,4160.00,4160.75,118
2023-01-04 01:06:00,4160.50,4161.25,4160.50,4161.25,73
2023-01-04 01:07:00,4161.25,4161.50,4161.00,4161.50,39
2023-01-04 01:08:00,4161.25,4162.25,4161.25,4162.00,53
2023-01-04 01:09:00,4162.25,4163.50,4162.25,4163.50,350
2023-01-04 01:10:00,4163.50,4163.75,4163.00,4163.25,158
2023-01-04 01:11:00,4163.00,4163.50,4163.00,4163.00,86
2023-01-04 01:12:00,4163.00,4163.25,4162.50,4162.75,34
2023-01-04 01:13:00,4162.50,4163.00,4162.25,4163.00,74
2023-01-04 01:14:00,4162.75,4163.00,4161.75,4162.00,91
2023-01-04 01:15:00,4162.00,4162.25,4161.50,4162.25,93
2023-01-04 01:16:00,4162.25,4162.50,4162.00,4162.50,50
2023-01-04 01:17:00,4162.50,4162.50,4162.00,4162.25,64
2023-01-04 01:18:00,4162.25,4162.25,4162.00,4162.00,40
2023-01-04 01:19:00,4162.00,4162.00,4161.25,4161.50,102
2023-01-04 01:20:00,4161.50,4161.75,4161.25,4161.25,67
2023-01-04 01:21:00,4161.25,4162.00,4161.25,4161.75,67
2023-01-04 01:22:00,4161.75,4162.25,4161.75,4162.25,73
2023-01-04 01:23:00,4162.50,4162.75,4162.50,4162.50,56
2023-01-04 01:24:00,4162.50,4162.50,4162.00,4162.25,39
2023-01-04 01:25:00,4161.75,4162.00,4161.50,4162.00,52
2023-01-04 01:26:00,4161.75,4162.00,4161.50,4161.75,62
2023-01-04 01:27:00,4161.75,4162.00,4161.25,4161.75,140
2023-01-04 01:28:00,4161.75,4162.00,4161.75,4161.75,38
2023-01-04 01:29:00,4161.50,4161.50,4161.25,4161.25,59
2023-01-04 01:30:00,4161.50,4161.50,4161.00,4161.25,65
2023-01-04 01:31:00,4161.25,4161.50,4160.50,4160.50,73
2023-01-04 01:32:00,4160.50,4161.00,4160.25,4161.00,57
2023-01-04 01:33:00,4160.75,4160.75,4160.50,4160.75,45
2023-01-04 01:34:00,4161.00,4161.25,4161.00,4161.00,16
2023-01-04 01:35:00,4161.00,4161.50,4160.50,4161.25,64
2023-01-04 01:36:00,4161.25,4161.25,4161.00,4161.00,11
2023-01-04 01:37:00,4161.00,4161.00,4160.25,4160.25,103
2023-01-04 01:38:00,4160.25,4160.25,4159.25,4159.25,141
2023-01-04 01:39:00,4159.25,4159.50,4159.00,4159.00,95
2023-01-04 01:40:00,4159.00,4159.25,4157.75,4158.00,281
2023-01-04 01:41:00,4157.75,4157.75,4156.75,4157.50,132
2023-01-04 01:42:00,4157.50,4158.00,4157.25,4157.75,48
2023-01-04 01:43:00,4157.75,4158.00,4157.75,4158.00,52
2023-01-04 01:44:00,4158.00,4158.75,4158.00,4158.75,83
2023-01-04 01:45:00,4158.50,4159.25,4158.50,4159.25,105
2023-01-04 01:46:00,4159.25,4159.50,4159.25,4159.25,89
2023-01-04 01:47:00,4159.00,4159.25,4158.75,4159.00,38
2023-01-04 01:48:00,4159.00,4159.25,4158.75,4159.00,57
2023-01-04 01:49:00,4159.00,4159.00,4158.75,4158.75,52
2023-01-04 01:50:00,4158.50,4160.00,4158.50,4160.00,231
2023-01-04 01:51:00,4159.75,4160.00,4159.50,4159.75,103
2023-01-04 01:52:00,4159.75,4160.50,4159.75,4160.50,77
2023-01-04 01:53:00,4160.50,4160.75,4160.00,4160.75,105
2023-01-04 01:54:00,4160.75,4162.00,4160.75,4161.25,224
2023-01-04 01:55:00,4161.50,4161.75,4161.25,4161.50,43
2023-01-04 01:56:00,4161.50,4161.75,4161.25,4161.50,56
2023-01-04 01:57:00,4161.75,4162.25,4161.75,4162.25,149
2023-01-04 01:58:00,4162.25,4162.75,4162.25,4162.75,122
2023-01-04 01:59:00,4162.50,4163.50,4162.00,4162.75,205
2023-01-04 02:00:00,4162.75,4163.50,4162.25,4163.00,369
2023-01-04 02:01:00,4163.00,4164.00,4162.75,4163.00,311
2023-01-04 02:02:00,4162.75,4163.25,4162.50,4163.00,181
2023-01-04 02:03:00,4163.00,4163.25,4162.50,4163.25,237
2023-01-04 02:04:00,4163.25,4163.25,4162.50,4163.00,98
2023-01-04 02:05:00,4163.00,4163.00,4162.00,4162.75,184
2023-01-04 02:06:00,4162.75,4163.25,4162.50,4162.50,146
2023-01-04 02:07:00,4162.50,4163.00,4162.00,4162.25,91
2023-01-04 02:08:00,4162.25,4162.50,4161.75,4162.00,91
2023-01-04 02:09:00,4162.00,4162.25,4161.50,4162.25,114
2023-01-04 02:10:00,4162.25,4162.75,4162.00,4162.50,57
2023-01-04 02:11:00,4162.50,4163.00,4162.50,4162.50,108
2023-01-04 02:12:00,4162.50,4162.75,4162.50,4162.75,62
2023-01-04 02:13:00,4163.00,4163.00,4162.75,4162.75,53
2023-01-04 02:14:00,4162.50,4162.75,4162.50,4162.50,53
2023-01-04 02:15:00,4162.50,4162.75,4162.25,4162.75,88
2023-01-04 02:16:00,4162.50,4162.75,4162.50,4162.50,55
2023-01-04 02:17:00,4162.50,4164.00,4162.50,4163.50,216
2023-01-04 02:18:00,4163.75,4163.75,4163.50,4163.50,89
2023-01-04 02:19:00,4163.50,4164.00,4163.50,4163.75,67
2023-01-04 02:20:00,4163.50,4163.50,4163.00,4163.25,64
2023-01-04 02:21:00,4163.25,4163.50,4163.25,4163.25,37
2023-01-04 02:22:00,4163.50,4164.00,4163.25,4163.50,95
2023-01-04 02:23:00,4163.25,4163.50,4162.75,4162.75,108
2023-01-04 02:24:00,4163.00,4163.00,4162.50,4162.50,97
2023-01-04 02:25:00,4162.50,4162.75,4162.25,4162.50,93
2023-01-04 02:26:00,4162.25,4162.75,4162.25,4162.75,117
2023-01-04 02:27:00,4163.00,4163.75,4163.00,4163.75,87
2023-01-04 02:28:00,4163.50,4164.00,4163.50,4163.75,329
2023-01-04 02:29:00,4164.00,4164.00,4163.75,4163.75,145
2023-01-04 02:30:00,4163.75,4164.00,4163.00,4163.25,262
2023-01-04 02:31:00,4163.00,4163.75,4163.00,4163.75,109
2023-01-04 02:32:00,4163.50,4163.75,4163.25,4163.50,134
2023-01-04 02:33:00,4163.50,4164.00,4163.50,4163.75,78
2023-01-04 02:34:00,4164.00,4164.00,4163.50,4163.75,149
2023-01-04 02:35:00,4163.50,4164.50,4163.50,4164.00,838
2023-01-04 02:36:00,4164.25,4164.25,4163.00,4163.25,285
2023-01-04 02:37:00,4163.25,4163.50,4162.25,4163.00,233
2023-01-04 02:38:00,4162.75,4163.50,4162.75,4163.25,136
2023-01-04 02:39:00,4163.50,4164.50,4163.50,4164.25,330
2023-01-04 02:40:00,4164.00,4164.25,4163.50,4163.75,175
2023-01-04 02:41:00,4163.50,4164.00,4163.50,4163.75,106
2023-01-04 02:42:00,4163.75,4164.50,4163.75,4164.25,279
2023-01-04 02:43:00,4164.25,4164.50,4164.00,4164.50,304
2023-01-04 02:44:00,4164.25,4164.50,4164.00,4164.50,347
2023-01-04 02:45:00,4164.50,4166.50,4164.25,4165.25,1667
2023-01-04 02:46:00,4165.25,4166.50,4165.25,4165.50,444
2023-01-04 02:47:00,4165.50,4167.00,4165.50,4167.00,312
2023-01-04 02:48:00,4167.00,4167.50,4166.50,4166.75,460
2023-01-04 02:49:00,4166.75,4167.50,4166.75,4167.25,327
2023-01-04 02:50:00,4167.00,4167.50,4166.75,4167.25,250
2023-01-04 02:51:00,4167.25,4167.50,4166.75,4167.00,197
2023-01-04 02:52:00,4167.00,4167.00,4166.00,4166.25,143
2023-01-04 02:53:00,4166.00,4166.00,4165.50,4165.50,207
2023-01-04 02:54:00,4165.75,4166.25,4165.25,4166.25,119
2023-01-04 02:55:00,4166.00,4166.75,4166.00,4166.50,94
2023-01-04 02:56:00,4166.75,4167.50,4166.50,4167.00,197
2023-01-04 02:57:00,4167.25,4167.50,4167.00,4167.50,501
2023-01-04 02:58:00,4167.50,4167.50,4167.25,4167.25,795
2023-01-04 02:59:00,4167.25,4167.25,4166.50,4166.75,356
2023-01-04 03:00:00,4166.75,4167.50,4166.00,4166.25,1375
2023-01-04 03:01:00,4166.00,4168.25,4166.00,4166.75,834
2023-01-04 03:02:00,4166.75,4168.25,4166.50,4167.25,668
2023-01-04 03:03:00,4167.50,4168.25,4167.25,4167.75,361
2023-01-04 03:04:00,4168.00,4168.25,4167.50,4168.25,505
2023-01-04 03:05:00,4168.00,4168.25,4167.75,4167.75,629
2023-01-04 03:06:00,4167.75,4168.25,4167.00,4167.75,444
2023-01-04 03:07:00,4168.00,4168.25,4167.25,4167.50,331
2023-01-04 03:08:00,4167.50,4168.25,4167.50,4168.00,620
2023-01-04 03:09:00,4168.00,4168.25,4167.75,4168.00,559
2023-01-04 03:10:00,4168.25,4169.50,4168.00,4169.25,1861
2023-01-04 03:11:00,4169.25,4169.25,4168.50,4169.00,461
2023-01-04 03:12:00,4169.25,4169.50,4168.00,4168.50,443
2023-01-04 03:13:00,4168.50,4169.50,4168.50,4169.25,367
2023-01-04 03:14:00,4169.50,4169.50,4168.50,4169.25,1237
2023-01-04 03:15:00,4169.25,4169.50,4167.75,4168.75,749
2023-01-04 03:16:00,4169.00,4169.50,4168.50,4168.75,1029
2023-01-04 03:17:00,4168.75,4169.50,4168.50,4169.25,794
2023-01-04 03:18:00,4169.25,4169.50,4167.75,4168.50,904
2023-01-04 03:19:00,4168.25,4169.50,4168.00,4169.25,539
2023-01-04 03:20:00,4169.25,4169.50,4168.75,4169.00,316
2023-01-04 03:21:00,4169.25,4171.50,4168.75,4170.75,1758
2023-01-04 03:22:00,4170.50,4173.00,4170.50,4172.00,1311
2023-01-04 03:23:00,4172.00,4175.25,4172.00,4174.50,1670
2023-01-04 03:24:00,4174.50,4175.50,4173.75,4175.25,809
2023-01-04 03:25:00,4175.25,4175.75,4174.00,4174.75,756
2023-01-04 03:26:00,4174.75,4175.50,4174.50,4175.00,385
2023-01-04 03:27:00,4175.00,4175.75,4174.50,4175.50,924
2023-01-04 03:28:00,4175.50,4175.75,4175.00,4175.25,365
2023-01-04 03:29:00,4175.50,4175.75,4174.75,4175.50,715
2023-01-04 03:30:00,4175.50,4175.75,4174.75,4175.50,887
2023-01-04 03:31:00,4175.50,4175.75,4175.25,4175.25,739
2023-01-04 03:32:00,4175.25,4175.75,4175.00,4175.75,771
2023-01-04 03:33:00,4175.75,4175.75,4175.00,4175.50,559
2023-01-04 03:34:00,4175.25,4175.25,4173.50,4173.75,625
2023-01-04 03:35:00,4173.75,4174.75,4173.25,4174.00,364
2023-01-04 03:36:00,4174.00,4174.25,4173.25,4173.75,319
2023-01-04 03:37:00,4173.50,4174.25,4173.25,4173.25,220
2023-01-04 03:38:00,4173.25,4173.75,4172.50,4173.75,488
2023-01-04 03:39:00,4173.50,4174.25,4173.50,4174.00,449
2023-01-04 03:40:00,4174.00,4175.00,4174.00,4174.50,316
2023-01-04 03:41:00,4174.25,4175.00,4173.75,4174.25,516
2023-01-04 03:42:00,4174.25,4174.50,4172.75,4172.75,363
2023-01-04 03:43:00,4173.00,4173.75,4172.75,4173.75,343
2023-01-04 03:44:00,4173.75,4174.50,4173.25,4173.25,311
2023-01-04 03:45:00,4173.25,4173.75,4172.50,4173.50,337
2023-01-04 03:46:00,4173.25,4174.25,4173.00,4174.25,156
2023-01-04 03:47:00,4174.25,4175.00,4173.75,4174.25,258
2023-01-04 03:48:00,4174.25,4175.00,4173.75,4174.00,252
2023-01-04 03:49:00,4174.00,4174.00,4172.50,4172.75,191
2023-01-04 03:50:00,4172.50,4172.75,4171.25,4172.50,413
2023-01-04 03:51:00,4172.50,4173.00,4171.50,4172.50,201
2023-01-04 03:52:00,4172.25,4172.75,4171.00,4171.75,422
2023-01-04 03:53:00,4171.50,4172.25,4171.25,4172.25,200
2023-01-04 03:54:00,4172.25,4173.00,4171.75,4172.50,230
2023-01-04 03:55:00,4172.25,4173.00,4172.25,4173.00,162
2023-01-04 03:56:00,4173.00,4173.75,4173.00,4173.50,383
2023-01-04 03:57:00,4173.75,4174.00,4173.00,4173.00,380
2023-01-04 03:58:00,4173.25,4173.25,4171.75,4171.75,255
2023-01-04 03:59:00,4171.75,4171.75,4170.50,4170.50,241
2023-01-04 04:00:00,4170.75,4171.75,4170.25,4170.75,491
2023-01-04 04:01:00,4171.00,4171.25,4169.50,4169.50,543
2023-01-04 04:02:00,4169.25,4169.75,4168.25,4168.50,393
2023-01-04 04:03:00,4168.75,4170.50,4168.75,4170.25,489
2023-01-04 04:04:00,4170.25,4171.00,4169.75,4170.00,547
2023-01-04 04:05:00,4170.25,4171.25,4169.50,4169.75,312
2023-01-04 04:06:00,4169.75,4170.75,4168.00,4168.25,470
2023-01-04 04:07:00,4168.25,4170.00,4168.25,4169.25,536
2023-01-04 04:08:00,4169.00,4170.00,4168.75,4169.00,489
2023-01-04 04:09:00,4169.00,4169.00,4167.25,4167.25,453
2023-01-04 04:10:00,4167.25,4168.25,4166.25,4167.75,527
2023-01-04 04:11:00,4167.50,4168.25,4167.00,4167.75,259
2023-01-04 04:12:00,4167.50,4168.75,4167.00,4168.50,325
2023-01-04 04:13:00,4168.25,4169.50,4168.25,4168.50,277
2023-01-04 04:14:00,4168.50,4169.50,4168.50,4168.75,247
2023-01-04 04:15:00,4168.50,4168.50,4167.50,4167.75,244
2023-01-04 04:16:00,4167.50,4169.25,4167.50,4169.00,208
2023-01-04 04:17:00,4169.00,4169.50,4168.50,4169.25,133
2023-01-04 04:18:00,4169.25,4170.50,4168.75,4169.25,247
2023-01-04 04:19:00,4169.50,4170.25,4169.50,4170.25,201
2023-01-04 04:20:00,4170.00,4170.25,4169.75,4170.00,99
2023-01-04 04:21:00,4169.75,4170.00,4169.00,4170.00,277
2023-01-04 04:22:00,4170.00,4170.75,4169.75,4170.00,356
2023-01-04 04:23:00,4170.25,4171.25,4170.00,4170.50,363
2023-01-04 04:24:00,4170.50,4170.50,4168.75,4169.00,151
2023-01-04 04:25:00,4169.25,4169.75,4168.00,4168.00,367
2023-01-04 04:26:00,4168.25,4168.50,4167.50,4167.75,217
2023-01-04 04:27:00,4167.75,4168.00,4167.00,4167.00,291
2023-01-04 04:28:00,4167.25,4167.75,4167.25,4167.50,135
2023-01-04 04:29:00,4167.75,4168.25,4166.75,4167.00,214
2023-01-04 04:30:00,4167.00,4167.00,4165.75,4166.25,358
2023-01-04 04:31:00,4166.00,4166.75,4166.00,4166.50,254
2023-01-04 04:32:00,4166.75,4168.75,4166.75,4168.50,463
2023-01-04 04:33:00,4168.25,4169.50,4167.25,4169.25,480
2023-01-04 04:34:00,4169.25,4169.75,4168.25,4168.50,299
2023-01-04 04:35:00,4168.75,4169.75,4168.00,4169.25,415
2023-01-04 04:36:00,4169.00,4169.75,4168.50,4169.25,343
2023-01-04 04:37:00,4169.00,4170.00,4168.50,4169.50,251
2023-01-04 04:38:00,4169.50,4169.75,4169.25,4169.75,233
2023-01-04 04:39:00,4169.50,4169.75,4168.75,4169.75,205
2023-01-04 04:40:00,4169.50,4170.75,4168.75,4170.25,343
2023-01-04 04:41:00,4170.25,4170.50,4169.50,4169.50,317
2023-01-04 04:42:00,4169.75,4169.75,4168.75,4168.75,318
2023-01-04 04:43:00,4168.75,4169.25,4168.75,4169.00,221
2023-01-04 04:44:00,4169.00,4170.00,4168.25,4170.00,318
2023-01-04 04:45:00,4170.25,4170.25,4169.00,4169.25,508
2023-01-04 04:46:00,4169.25,4171.25,4169.25,4171.25,540
2023-01-04 04:47:00,4171.00,4171.75,4171.00,4171.75,335
2023-01-04 04:48:00,4171.75,4172.25,4171.50,4171.75,231
2023-01-04 04:49:00,4171.75,4172.00,4171.75,4171.75,140
2023-01-04 04:50:00,4171.75,4172.25,4171.75,4172.00,150
2023-01-04 04:51:00,4172.00,4172.00,4170.75,4171.00,357
2023-01-04 04:52:00,4171.00,4171.75,4170.50,4171.75,256
2023-01-04 04:53:00,4171.75,4171.75,4170.00,4170.50,486
2023-01-04 04:54:00,4170.50,4170.50,4170.00,4170.50,74
2023-01-04 04:55:00,4170.75,4171.00,4170.00,4170.50,119
2023-01-04 04:56:00,4170.50,4171.50,4170.25,4171.00,143
2023-01-04 04:57:00,4171.00,4171.25,4170.25,4170.50,98
2023-01-04 04:58:00,4170.50,4170.75,4169.50,4169.50,112
2023-01-04 04:59:00,4169.75,4170.75,4169.75,4170.00,197
2023-01-04 05:00:00,4170.25,4171.25,4169.75,4171.00,259
2023-01-04 05:01:00,4171.00,4172.00,4171.00,4172.00,219
2023-01-04 05:02:00,4171.75,4172.00,4171.25,4171.50,128
2023-01-04 05:03:00,4171.75,4172.25,4171.50,4172.25,145
2023-01-04 05:04:00,4172.00,4172.75,4172.00,4172.00,150
2023-01-04 05:05:00,4172.00,4173.25,4172.00,4173.25,286
2023-01-04 05:06:00,4173.00,4173.25,4172.50,4172.75,116
2023-01-04 05:07:00,4172.75,4173.75,4172.75,4173.75,323
2023-01-04 05:08:00,4173.75,4174.25,4173.25,4173.25,303
2023-01-04 05:09:00,4173.25,4173.50,4172.75,4173.25,175
2023-01-04 05:10:00,4173.50,4174.75,4173.25,4174.50,258
2023-01-04 05:11:00,4174.50,4174.75,4173.75,4174.25,361
2023-01-04 05:12:00,4174.25,4174.25,4173.50,4174.00,242
2023-01-04 05:13:00,4174.00,4174.25,4173.25,4173.25,133
2023-01-04 05:14:00,4173.50,4174.00,4173.00,4173.25,101
2023-01-04 05:15:00,4173.25,4174.25,4173.00,4173.00,233
2023-01-04 05:16:00,4173.00,4173.25,4172.25,4172.75,209
2023-01-04 05:17:00,4173.00,4173.00,4172.50,4172.50,208
2023-01-04 05:18:00,4172.50,4172.50,4170.75,4170.75,335
2023-01-04 05:19:00,4170.75,4171.00,4170.00,4171.00,255
2023-01-04 05:20:00,4171.00,4171.25,4170.50,4170.75,165
2023-01-04 05:21:00,4170.75,4172.25,4170.75,4172.25,311
2023-01-04 05:22:00,4172.50,4173.25,4172.25,4173.25,216
2023-01-04 05:23:00,4173.25,4173.25,4172.50,4173.00,113
2023-01-04 05:24:00,4173.00,4173.00,4171.75,4172.25,147
2023-01-04 05:25:00,4172.50,4172.75,4172.00,4172.50,106
2023-01-04 05:26:00,4172.50,4172.75,4172.00,4172.25,99
2023-01-04 05:27:00,4172.50,4172.75,4171.50,4171.50,146
2023-01-04 05:28:00,4171.50,4171.50,4171.00,4171.25,133
2023-01-04 05:29:00,4171.25,4171.50,4170.50,4171.00,183
2023-01-04 05:30:00,4171.25,4172.25,4171.25,4172.25,105
2023-01-04 05:31:00,4172.25,4173.00,4172.25,4172.75,181
2023-01-04 05:32:00,4172.50,4172.50,4171.75,4172.50,134
2023-01-04 05:33:00,4172.25,4172.25,4171.75,4172.25,144
2023-01-04 05:34:00,4172.25,4172.25,4171.50,4171.75,141
2023-01-04 05:35:00,4171.50,4171.75,4170.25,4170.50,168
2023-01-04 05:36:00,4170.25,4170.50,4168.75,4168.75,395
2023-01-04 05:37:00,4169.00,4169.25,4168.50,4169.00,190
2023-01-04 05:38:00,4169.00,4169.00,4168.50,4169.00,142
2023-01-04 05:39:00,4169.00,4169.25,4165.25,4165.50,766
2023-01-04 05:40:00,4165.75,4167.00,4164.50,4166.00,871
2023-01-04 05:41:00,4166.00,4167.25,4163.75,4164.00,552
2023-01-04 05:42:00,4163.75,4164.75,4163.50,4164.75,370
2023-01-04 05:43:00,4164.50,4164.75,4163.00,4164.00,211
2023-01-04 05:44:00,4164.00,4165.25,4164.00,4164.50,287
2023-01-04 05:45:00,4164.50,4165.75,4164.50,4165.50,344
2023-01-04 05:46:00,4165.75,4166.00,4165.00,4165.75,87
2023-01-04 05:47:00,4166.00,4167.00,4165.75,4166.75,188
2023-01-04 05:48:00,4166.75,4168.00,4166.25,4166.75,443
2023-01-04 05:49:00,4166.75,4167.50,4166.50,4167.50,72
2023-01-04 05:50:00,4167.50,4167.50,4166.50,4167.00,208
2023-01-04 05:51:00,4167.00,4167.75,4166.75,4167.50,124
2023-01-04 05:52:00,4167.50,4168.00,4167.25,4167.25,70
2023-01-04 05:53:00,4167.50,4167.75,4167.00,4167.50,246
2023-01-04 05:54:00,4167.25,4168.00,4167.00,4167.25,290
2023-01-04 05:55:00,4167.25,4167.25,4166.50,4167.25,107
2023-01-04 05:56:00,4167.25,4167.25,4166.50,4166.75,110
2023-01-04 05:57:00,4166.75,4167.50,4166.50,4167.25,311
2023-01-04 05:58:00,4166.75,4167.25,4166.50,4166.75,126
2023-01-04 05:59:00,4167.00,4167.00,4166.50,4167.00,71
2023-01-04 06:00:00,4167.00,4167.50,4166.50,4167.25,160
2023-01-04 06:01:00,4167.50,4168.00,4166.75,4167.75,240
2023-01-04 06:02:00,4167.75,4169.25,4167.75,4169.00,385
2023-01-04 06:03:00,4169.00,4169.25,4168.00,4168.75,225
2023-01-04 06:04:00,4169.00,4169.50,4168.25,4169.25,471
2023-01-04 06:05:00,4169.50,4169.75,4168.75,4169.00,254
2023-01-04 06:06:00,4169.00,4169.50,4168.50,4168.75,139
2023-01-04 06:07:00,4168.75,4169.00,4168.50,4168.75,108
2023-01-04 06:08:00,4168.75,4169.25,4168.50,4168.50,72
2023-01-04 06:09:00,4168.50,4171.00,4168.50,4170.25,615
2023-01-04 06:10:00,4170.25,4170.75,4169.75,4170.00,119
2023-01-04 06:11:00,4169.75,4171.25,4169.75,4171.25,238
2023-01-04 06:12:00,4171.25,4171.75,4170.75,4171.50,265
2023-01-04 06:13:00,4171.75,4172.25,4171.25,4172.25,254
2023-01-04 06:14:00,4172.00,4173.00,4171.75,4172.50,303
2023-01-04 06:15:00,4172.50,4173.00,4172.25,4172.75,198
2023-01-04 06:16:00,4172.50,4172.50,4171.75,4172.00,220
2023-01-04 06:17:00,4171.75,4172.25,4171.25,4171.75,190
2023-01-04 06:18:00,4171.75,4172.25,4171.25,4171.75,344
2023-01-04 06:19:00,4171.75,4171.75,4170.75,4171.25,162
2023-01-04 06:20:00,4171.00,4172.25,4171.00,4172.25,130
2023-01-04 06:21:00,4172.25,4172.25,4171.50,4172.00,196
2023-01-04 06:22:00,4172.25,4173.00,4171.50,4171.75,227
2023-01-04 06:23:00,4171.75,4172.25,4171.50,4171.50,135
2023-01-04 06:24:00,4171.75,4172.75,4171.50,4172.75,112
2023-01-04 06:25:00,4172.50,4173.25,4172.00,4172.25,338
2023-01-04 06:26:00,4172.00,4172.00,4171.00,4171.50,196
2023-01-04 06:27:00,4171.75,4172.00,4170.75,4171.50,278
2023-01-04 06:28:00,4171.25,4171.75,4170.75,4171.00,153
2023-01-04 06:29:00,4171.00,4172.25,4170.75,4172.00,220
2023-01-04 06:30:00,4172.00,4172.25,4170.50,4171.00,339
2023-01-04 06:31:00,4171.25,4172.00,4171.25,4171.75,108
2023-01-04 06:32:00,4172.00,4172.75,4171.50,4172.50,269
2023-01-04 06:33:00,4172.50,4172.75,4170.75,4171.00,373
2023-01-04 06:34:00,4171.00,4171.00,4169.75,4170.75,355
2023-01-04 06:35:00,4171.00,4172.75,4171.00,4172.75,343
2023-01-04 06:36:00,4172.50,4174.50,4172.00,4173.75,768
2023-01-04 06:37:00,4173.75,4174.50,4173.50,4174.25,550
2023-01-04 06:38:00,4174.00,4174.50,4173.50,4174.25,462
2023-01-04 06:39:00,4174.25,4174.25,4173.75,4173.75,186
2023-01-04 06:40:00,4174.00,4174.50,4173.75,4174.00,139
2023-01-04 06:41:00,4173.75,4174.25,4173.25,4173.25,178
2023-01-04 06:42:00,4173.00,4173.25,4172.00,4172.00,228
2023-01-04 06:43:00,4172.25,4172.75,4172.00,4172.75,125
2023-01-04 06:44:00,4172.75,4173.50,4172.25,4173.00,184
2023-01-04 06:45:00,4173.25,4173.25,4172.00,4172.50,218
2023-01-04 06:46:00,4172.25,4172.50,4171.50,4172.25,152
2023-01-04 06:47:00,4172.25,4172.75,4171.75,4172.50,143
2023-01-04 06:48:00,4172.50,4172.75,4172.25,4172.25,99
2023-01-04 06:49:00,4172.25,4172.50,4171.75,4172.50,115
2023-01-04 06:50:00,4172.50,4173.50,4172.25,4173.25,142
2023-01-04 06:51:00,4173.00,4173.75,4173.00,4173.25,221
2023-01-04 06:52:00,4173.25,4173.50,4172.50,4172.50,201
2023-01-04 06:53:00,4172.50,4173.25,4172.50,4173.25,217
2023-01-04 06:54:00,4173.25,4173.75,4172.75,4173.50,354
2023-01-04 06:55:00,4173.50,4174.00,4173.25,4173.25,180
2023-01-04 06:56:00,4173.25,4174.25,4173.00,4173.50,212
2023-01-04 06:57:00,4173.50,4173.75,4171.75,4172.00,335
2023-01-04 06:58:00,4172.00,4172.25,4169.25,4169.50,636
2023-01-04 06:59:00,4169.75,4170.50,4169.00,4169.25,531
2023-01-04 07:00:00,4169.25,4169.50,4168.50,4169.25,474
2023-01-04 07:01:00,4169.50,4170.50,4168.25,4168.50,493
2023-01-04 07:02:00,4168.50,4168.75,4167.50,4168.75,391
2023-01-04 07:03:00,4168.75,4168.75,4167.75,4168.00,262
2023-01-04 07:04:00,4167.75,4168.25,4167.50,4168.00,245
2023-01-04 07:05:00,4167.75,4168.00,4167.25,4167.50,218
2023-01-04 07:06:00,4167.50,4168.25,4167.25,4167.75,228
2023-01-04 07:07:00,4168.00,4168.00,4166.50,4166.75,256
2023-01-04 07:08:00,4166.75,4167.25,4165.00,4165.75,537
2023-01-04 07:09:00,4166.00,4166.25,4165.00,4165.50,293
2023-01-04 07:10:00,4165.50,4166.25,4165.25,4166.00,305
2023-01-04 07:11:00,4166.25,4168.00,4166.00,4167.75,518
2023-01-04 07:12:00,4168.00,4169.00,4167.75,4169.00,347
2023-01-04 07:13:00,4169.00,4169.00,4168.00,4168.50,260
2023-01-04 07:14:00,4168.50,4168.75,4168.00,4168.25,158
2023-01-04 07:15:00,4168.50,4169.25,4167.75,4167.75,323
2023-01-04 07:16:00,4167.75,4168.50,4167.50,4168.50,149
2023-01-04 07:17:00,4168.25,4168.50,4167.50,4168.00,188
2023-01-04 07:18:00,4168.25,4168.75,4167.75,4167.75,119
2023-01-04 07:19:00,4167.75,4168.00,4166.25,4166.75,438
2023-01-04 07:20:00,4166.75,4167.25,4166.25,4166.25,158
2023-01-04 07:21:00,4166.25,4166.50,4165.50,4165.50,215
2023-01-04 07:22:00,4165.50,4165.50,4164.00,4164.00,523
2023-01-04 07:23:00,4164.25,4165.25,4164.00,4164.75,224
2023-01-04 07:24:00,4164.50,4165.00,4164.25,4164.25,209
2023-01-04 07:25:00,4164.00,4165.75,4163.75,4165.25,414
2023-01-04 07:26:00,4165.25,4166.75,4165.25,4166.75,323
2023-01-04 07:27:00,4166.50,4166.50,4165.75,4166.25,207
2023-01-04 07:28:00,4166.25,4166.75,4165.00,4165.25,203
2023-01-04 07:29:00,4165.50,4165.50,4163.75,4165.25,393
2023-01-04 07:30:00,4165.00,4166.75,4165.00,4166.25,302
2023-01-04 07:31:00,4166.50,4166.75,4165.25,4165.75,274
2023-01-04 07:32:00,4165.75,4166.50,4165.50,4166.25,261
2023-01-04 07:33:00,4166.25,4167.75,4166.00,4167.00,416
2023-01-04 07:34:00,4167.25,4168.50,4166.50,4166.75,667
2023-01-04 07:35:00,4166.75,4167.25,4166.00,4167.00,450
2023-01-04 07:36:00,4166.75,4167.75,4165.50,4165.75,273
2023-01-04 07:37:00,4166.00,4166.50,4165.50,4166.50,165
2023-01-04 07:38:00,4166.25,4166.75,4165.75,4166.50,200
2023-01-04 07:39:00,4166.50,4166.75,4166.00,4166.00,230
2023-01-04 07:40:00,4166.00,4166.00,4164.00,4164.25,507
2023-01-04 07:41:00,4164.50,4165.50,4164.50,4165.50,245
2023-01-04 07:42:00,4165.25,4166.25,4164.75,4165.25,250
2023-01-04 07:43:00,4165.50,4165.75,4165.00,4165.25,323
2023-01-04 07:44:00,4165.25,4166.75,4165.25,4166.50,372
2023-01-04 07:45:00,4166.25,4166.50,4165.25,4165.50,328
2023-01-04 07:46:00,4165.50,4165.50,4161.25,4161.75,1030
2023-01-04 07:47:00,4161.75,4162.75,4161.50,4162.25,552
2023-01-04 07:48:00,4162.00,4163.00,4161.75,4162.50,673
2023-01-04 07:49:00,4162.50,4162.50,4161.00,4161.50,314
2023-01-04 07:50:00,4161.25,4161.50,4160.50,4161.00,266
2023-01-04 07:51:00,4161.25,4161.50,4160.25,4161.25,434
2023-01-04 07:52:00,4161.25,4162.75,4160.75,4162.75,784
2023-01-04 07:53:00,4162.50,4163.00,4162.25,4163.00,233
2023-01-04 07:54:00,4163.25,4164.25,4163.00,4164.25,378
2023-01-04 07:55:00,4164.25,4164.25,4162.75,4163.00,273
2023-01-04 07:56:00,4162.75,4164.25,4162.75,4163.75,191
2023-01-04 07:57:00,4163.75,4164.75,4163.75,4164.75,171
2023-01-04 07:58:00,4164.75,4165.50,4164.50,4165.25,241
2023-01-04 07:59:00,4165.00,4165.25,4164.50,4164.50,97
2023-01-04 08:00:00,4164.75,4165.50,4163.25,4164.00,419
2023-01-04 08:01:00,4164.25,4165.50,4164.25,4165.00,300
2023-01-04 08:02:00,4164.75,4167.00,4164.75,4166.75,432
2023-01-04 08:03:00,4166.75,4167.75,4166.25,4167.50,413
2023-01-04 08:04:00,4167.50,4169.00,4167.50,4168.75,677
2023-01-04 08:05:00,4168.50,4168.75,4167.25,4167.75,486
2023-01-04 08:06:00,4167.75,4168.25,4167.00,4167.50,355
2023-01-04 08:07:00,4167.50,4168.25,4167.25,4168.00,252
2023-01-04 08:08:00,4168.00,4170.00,4168.00,4168.75,617
2023-01-04 08:09:00,4169.00,4170.50,4168.50,4170.25,484
2023-01-04 08:10:00,4170.00,4171.00,4170.00,4170.75,727
2023-01-04 08:11:00,4170.75,4171.00,4169.75,4170.25,330
2023-01-04 08:12:00,4170.50,4171.25,4170.00,4170.75,750
2023-01-04 08:13:00,4170.75,4171.00,4170.25,4170.25,300
2023-01-04 08:14:00,4170.25,4170.25,4169.25,4169.75,734
2023-01-04 08:15:00,4169.75,4170.50,4169.25,4170.25,541
2023-01-04 08:16:00,4170.25,4170.25,4169.25,4169.25,249
2023-01-04 08:17:00,4169.25,4171.00,4168.75,4169.75,623
2023-01-04 08:18:00,4169.75,4171.25,4169.75,4170.75,586
2023-01-04 08:19:00,4170.75,4172.00,4170.25,4172.00,608
2023-01-04 08:20:00,4172.00,4174.00,4171.25,4173.25,992
2023-01-04 08:21:00,4173.25,4175.75,4172.75,4175.25,1588
2023-01-04 08:22:00,4175.00,4176.75,4175.00,4176.50,1723
2023-01-04 08:23:00,4176.50,4176.75,4175.25,4176.25,1042
2023-01-04 08:24:00,4176.50,4178.00,4175.75,4177.25,1142
2023-01-04 08:25:00,4177.25,4178.00,4177.00,4178.00,706
2023-01-04 08:26:00,4177.75,4178.75,4176.00,4176.50,1263
2023-01-04 08:27:00,4176.25,4178.25,4176.25,4178.25,845
2023-01-04 08:28:00,4178.00,4178.00,4175.75,4176.50,1029
2023-01-04 08:29:00,4176.75,4177.00,4175.75,4176.25,882
2023-01-04 08:30:00,4176.50,4177.75,4176.50,4177.50,643
2023-01-04 08:31:00,4177.75,4177.75,4176.75,4177.50,561
2023-01-04 08:32:00,4177.75,4178.50,4177.25,4177.75,613
2023-01-04 08:33:00,4177.75,4177.75,4176.75,4177.00,755
2023-01-04 08:34:00,4177.00,4177.00,4175.75,4176.50,538
2023-01-04 08:35:00,4176.50,4176.50,4174.25,4174.75,1029
2023-01-04 08:36:00,4174.75,4175.75,4174.25,4175.50,593
2023-01-04 08:37:00,4175.50,4176.50,4175.50,4175.75,378
2023-01-04 08:38:00,4175.75,4176.25,4175.50,4176.00,353
2023-01-04 08:39:00,4176.00,4177.50,4176.00,4176.50,810
2023-01-04 08:40:00,4176.50,4176.75,4175.00,4175.25,734
2023-01-04 08:41:00,4175.25,4177.00,4174.50,4176.75,491
2023-01-04 08:42:00,4176.50,4177.25,4175.75,4177.25,359
2023-01-04 08:43:00,4177.25,4177.75,4176.75,4177.00,414
2023-01-04 08:44:00,4176.75,4178.50,4176.75,4178.00,957
2023-01-04 08:45:00,4178.00,4179.50,4178.00,4179.00,1584
2023-01-04 08:46:00,4179.25,4179.50,4178.25,4178.75,808
2023-01-04 08:47:00,4178.75,4178.75,4177.00,4177.50,797
2023-01-04 08:48:00,4177.50,4178.25,4177.25,4178.00,379
2023-01-04 08:49:00,4177.75,4178.75,4177.75,4178.50,1263
2023-01-04 08:50:00,4178.25,4178.25,4177.25,4178.25,550
2023-01-04 08:51:00,4178.25,4178.25,4176.25,4177.00,562
2023-01-04 08:52:00,4177.00,4177.25,4176.50,4177.00,265
2023-01-04 08:53:00,4176.75,4177.00,4176.25,4176.25,523
2023-01-04 08:54:00,4176.25,4176.25,4175.25,4175.25,612
2023-01-04 08:55:00,4175.25,4175.50,4174.00,4174.75,960
2023-01-04 08:56:00,4174.75,4174.75,4173.75,4174.00,711
2023-01-04 08:57:00,4174.00,4175.00,4173.00,4174.75,785
2023-01-04 08:58:00,4174.50,4176.50,4174.50,4176.25,992
2023-01-04 08:59:00,4176.00,4176.25,4175.00,4175.75,287
2023-01-04 09:00:00,4175.75,4176.75,4172.00,4174.75,3926
2023-01-04 09:01:00,4174.75,4175.25,4172.50,4173.75,1013
2023-01-04 09:02:00,4173.50,4174.00,4171.00,4172.00,1861
2023-01-04 09:03:00,4172.00,4172.75,4171.25,4171.50,1103
2023-01-04 09:04:00,4171.50,4172.50,4171.25,4172.25,518
2023-01-04 09:05:00,4172.50,4172.75,4172.00,4172.00,766
2023-01-04 09:06:00,4172.00,4172.50,4171.00,4171.50,601
2023-01-04 09:07:00,4171.75,4172.25,4171.50,4172.25,392
2023-01-04 09:08:00,4172.25,4172.75,4172.00,4172.75,402
2023-01-04 09:09:00,4172.75,4173.25,4172.00,4172.00,589
2023-01-04 09:10:00,4172.25,4172.75,4171.50,4172.25,631
2023-01-04 09:11:00,4172.25,4174.50,4172.25,4174.00,1054
2023-01-04 09:12:00,4174.00,4174.00,4171.00,4171.25,660
2023-01-04 09:13:00,4171.00,4172.25,4170.75,4171.50,501
2023-01-04 09:14:00,4171.75,4172.50,4171.25,4172.00,1068
2023-01-04 09:15:00,4171.75,4172.75,4171.25,4171.50,443
2023-01-04 09:16:00,4171.50,4172.50,4171.25,4172.00,478
2023-01-04 09:17:00,4172.00,4172.25,4170.00,4170.00,889
2023-01-04 09:18:00,4170.25,4172.25,4169.50,4171.25,1185
2023-01-04 09:19:00,4171.25,4171.50,4170.00,4171.00,825
2023-01-04 09:20:00,4171.00,4172.75,4170.75,4172.50,795
2023-01-04 09:21:00,4172.50,4173.25,4172.25,4173.00,769
2023-01-04 09:22:00,4173.00,4173.25,4171.75,4171.75,982
2023-01-04 09:23:00,4171.75,4172.25,4171.25,4172.00,774
2023-01-04 09:24:00,4171.75,4173.25,4171.75,4173.00,1408
2023-01-04 09:25:00,4173.00,4174.00,4172.50,4174.00,1702
2023-01-04 09:26:00,4174.00,4174.75,4173.75,4174.25,1354
2023-01-04 09:27:00,4174.25,4177.50,4173.25,4176.75,2100
2023-01-04 09:28:00,4176.50,4177.50,4176.00,4177.00,2063
2023-01-04 09:29:00,4177.00,4179.25,4176.50,4178.25,3853
2023-01-04 09:30:00,4178.50,4179.00,4174.75,4175.25,12820
2023-01-04 09:31:00,4175.25,4179.50,4172.50,4173.25,10847
2023-01-04 09:32:00,4173.00,4173.25,4168.75,4169.75,8489
2023-01-04 09:33:00,4169.75,4170.50,4165.25,4166.75,8196
2023-01-04 09:34:00,4166.75,4171.25,4166.25,4170.50,6448
2023-01-04 09:35:00,4170.75,4179.25,4170.50,4178.00,10148
2023-01-04 09:36:00,4178.00,4183.25,4176.25,4181.50,8825
2023-01-04 09:37:00,4181.50,4184.75,4179.75,4181.75,7253
2023-01-04 09:38:00,4181.75,4183.00,4180.00,4180.25,3881
2023-01-04 09:39:00,4180.25,4180.25,4176.75,4178.25,5595
2023-01-04 09:40:00,4178.25,4184.50,4178.25,4184.25,7168
2023-01-04 09:41:00,4184.25,4187.25,4182.00,4187.00,7766
2023-01-04 09:42:00,4187.00,4188.25,4183.00,4183.50,8855
2023-01-04 09:43:00,4183.50,4184.00,4180.00,4181.50,6185
2023-01-04 09:44:00,4181.50,4181.75,4171.00,4172.75,11487
2023-01-04 09:45:00,4172.75,4174.75,4171.75,4172.25,6232
2023-01-04 09:46:00,4172.25,4173.75,4168.00,4173.00,6443
2023-01-04 09:47:00,4173.25,4175.50,4172.75,4174.75,4757
2023-01-04 09:48:00,4174.75,4176.75,4172.25,4175.00,4146
2023-01-04 09:49:00,4175.00,4175.00,4170.50,4173.75,4562
2023-01-04 09:50:00,4173.75,4178.00,4173.25,4175.75,6215
2023-01-04 09:51:00,4175.75,4176.50,4172.00,4173.00,3648
2023-01-04 09:52:00,4173.00,4174.75,4171.00,4173.50,3350
2023-01-04 09:53:00,4173.50,4175.00,4171.75,4174.25,3212
2023-01-04 09:54:00,4174.25,4176.25,4173.00,4175.25,2374
2023-01-04 09:55:00,4175.00,4177.75,4174.75,4176.75,3504
2023-01-04 09:56:00,4176.50,4176.75,4172.50,4175.25,2609
2023-01-04 09:57:00,4175.25,4177.50,4175.00,4175.50,2095
2023-01-04 09:58:00,4175.50,4177.50,4174.00,4177.25,2019
2023-01-04 09:59:00,4177.25,4180.00,4176.00,4179.25,2642
2023-01-04 10:00:00,4178.75,4179.25,4162.25,4168.75,17494
2023-01-04 10:01:00,4168.75,4176.50,4168.25,4174.25,8219
2023-01-04 10:02:00,4174.50,4189.50,4174.25,4181.50,15554
2023-01-04 10:03:00,4181.75,4181.75,4169.00,4173.00,9892
2023-01-04 10:04:00,4173.25,4174.25,4158.50,4160.50,10534
2023-01-04 10:05:00,4160.50,4165.25,4157.25,4158.00,12215
2023-01-04 10:06:00,4158.25,4158.50,4153.25,4155.25,11035
2023-01-04 10:07:00,4155.50,4159.00,4155.00,4156.00,5747
2023-01-04 10:08:00,4156.00,4157.00,4154.50,4154.75,5978
2023-01-04 10:09:00,4154.75,4156.50,4151.75,4155.50,9397
2023-01-04 10:10:00,4155.75,4156.25,4152.00,4152.75,5947
2023-01-04 10:11:00,4153.00,4153.50,4146.00,4149.50,10341
2023-01-04 10:12:00,4149.25,4152.25,4147.50,4149.50,9237
2023-01-04 10:13:00,4149.50,4153.75,4149.25,4152.75,4917
2023-01-04 10:14:00,4153.00,4156.50,4151.75,4155.75,6485
2023-01-04 10:15:00,4155.75,4158.25,4153.00,4157.25,7334
2023-01-04 10:16:00,4157.25,4160.75,4156.25,4160.25,5783
2023-01-04 10:17:00,4160.50,4161.50,4157.25,4160.50,5275
2023-01-04 10:18:00,4160.50,4160.50,4156.50,4158.00,3702
2023-01-04 10:19:00,4158.25,4159.75,4157.50,4158.75,3106
2023-01-04 10:20:00,4159.00,4161.75,4158.00,4159.50,5349
2023-01-04 10:21:00,4159.50,4160.75,4158.25,4160.50,2932
2023-01-04 10:22:00,4160.75,4160.75,4155.00,4156.00,4639
2023-01-04 10:23:00,4156.00,4158.00,4153.00,4153.50,4805
2023-01-04 10:24:00,4153.50,4158.75,4152.00,4157.50,4968
2023-01-04 10:25:00,4157.50,4159.50,4154.00,4155.00,4401
2023-01-04 10:26:00,4155.25,4156.00,4152.75,4154.00,4268
2023-01-04 10:27:00,4154.00,4157.25,4153.00,4157.25,3953
2023-01-04 10:28:00,4157.00,4158.75,4155.00,4158.50,3191
2023-01-04 10:29:00,4158.50,4163.00,4157.75,4163.00,4910
2023-01-04 10:30:00,4162.75,4163.25,4158.00,4159.00,4797
2023-01-04 10:31:00,4159.00,4159.00,4155.25,4158.50,4734
2023-01-04 10:32:00,4158.25,4158.50,4155.75,4156.75,2912
2023-01-04 10:33:00,4156.75,4160.75,4155.00,4160.50,3713
2023-01-04 10:34:00,4160.25,4163.00,4159.75,4160.00,4228
2023-01-04 10:35:00,4160.00,4161.50,4157.75,4159.50,4024
2023-01-04 10:36:00,4159.50,4163.75,4158.75,4162.75,5415
2023-01-04 10:37:00,4162.50,4163.50,4160.50,4161.75,3378
2023-01-04 10:38:00,4161.75,4161.75,4159.00,4161.50,3406
2023-01-04 10:39:00,4161.50,4161.50,4157.75,4159.00,2945
2023-01-04 10:40:00,4159.00,4160.00,4156.50,4159.00,3367
2023-01-04 10:41:00,4159.00,4159.50,4156.25,4158.25,2627
2023-01-04 10:42:00,4158.25,4161.50,4157.50,4161.25,2912
2023-01-04 10:43:00,4161.25,4162.75,4159.25,4162.25,2500
2023-01-04 10:44:00,4162.25,4169.25,4162.25,4168.00,8077
2023-01-04 10:45:00,4168.00,4174.00,4167.75,4173.50,8118
2023-01-04 10:46:00,4173.75,4175.25,4172.25,4174.25,6370
2023-01-04 10:47:00,4174.25,4174.50,4171.25,4172.25,5387
2023-01-04 10:48:00,4172.25,4175.00,4172.00,4174.25,4428
2023-01-04 10:49:00,4174.25,4174.50,4172.25,4173.75,2837
2023-01-04 10:50:00,4174.00,4174.50,4170.50,4171.00,3525
2023-01-04 10:51:00,4171.00,4173.25,4170.50,4173.00,3310
2023-01-04 10:52:00,4173.00,4174.50,4172.50,4173.75,2633
2023-01-04 10:53:00,4174.00,4174.00,4171.50,4172.00,2245
2023-01-04 10:54:00,4172.00,4173.25,4171.25,4173.00,2002
2023-01-04 10:55:00,4173.00,4173.25,4170.25,4171.25,2930
2023-01-04 10:56:00,4171.25,4174.25,4170.75,4173.50,3334
2023-01-04 10:57:00,4173.25,4175.00,4172.50,4174.25,3328
2023-01-04 10:58:00,4174.00,4174.75,4172.75,4174.75,2016
2023-01-04 10:59:00,4174.50,4176.25,4173.75,4176.25,4660
2023-01-04 11:00:00,4176.25,4177.25,4172.00,4172.25,5048
2023-01-04 11:01:00,4172.00,4175.00,4172.00,4173.50,2374
2023-01-04 11:02:00,4173.50,4174.00,4172.00,4172.50,2195
2023-01-04 11:03:00,4172.75,4173.50,4171.50,4173.25,2870
2023-01-04 11:04:00,4173.25,4173.50,4171.50,4171.50,1781
2023-01-04 11:05:00,4171.50,4174.25,4171.00,4173.00,2724
2023-01-04 11:06:00,4173.00,4173.50,4169.50,4170.75,2847
2023-01-04 11:07:00,4171.00,4173.50,4170.25,4173.50,2371
2023-01-04 11:08:00,4173.50,4176.00,4172.50,4175.75,3278
2023-01-04 11:09:00,4175.75,4176.00,4174.00,4174.50,2359
2023-01-04 11:10:00,4174.25,4179.00,4174.00,4176.75,4314
2023-01-04 11:11:00,4176.50,4177.00,4175.00,4175.75,2800
2023-01-04 11:12:00,4175.75,4179.50,4175.00,4179.50,4245
2023-01-04 11:13:00,4179.50,4181.00,4178.25,4178.75,6050
2023-01-04 11:14:00,4178.75,4181.00,4178.00,4181.00,3785
2023-01-04 11:15:00,4181.00,4182.50,4179.50,4179.75,4287
2023-01-04 11:16:00,4180.00,4181.25,4179.25,4179.75,2245
2023-01-04 11:17:00,4179.75,4180.50,4179.00,4179.25,1838
2023-01-04 11:18:00,4179.25,4180.25,4178.25,4179.25,2424
2023-01-04 11:19:00,4179.00,4180.25,4179.00,4179.25,2063
2023-01-04 11:20:00,4179.25,4180.25,4178.50,4179.25,1697
2023-01-04 11:21:00,4179.50,4180.50,4179.25,4179.75,1581
2023-01-04 11:22:00,4180.00,4180.25,4178.00,4178.50,1888
2023-01-04 11:23:00,4178.50,4180.50,4178.00,4179.25,1751
2023-01-04 11:24:00,4179.25,4179.25,4177.50,4178.50,1880
2023-01-04 11:25:00,4178.25,4179.25,4177.75,4178.00,1959
2023-01-04 11:26:00,4178.00,4179.00,4177.50,4178.75,1666
2023-01-04 11:27:00,4179.00,4182.00,4178.25,4180.50,3333
2023-01-04 11:28:00,4180.25,4183.25,4180.25,4182.75,3193
2023-01-04 11:29:00,4182.75,4183.50,4181.25,4182.25,2813
2023-01-04 11:30:00,4182.25,4187.75,4182.25,4187.50,6779
2023-01-04 11:31:00,4187.25,4194.00,4187.25,4193.25,13480
2023-01-04 11:32:00,4193.00,4195.00,4192.75,4194.75,6914
2023-01-04 11:33:00,4194.75,4195.00,4192.25,4193.25,5813
2023-01-04 11:34:00,4193.25,4194.25,4192.00,4193.50,3637
2023-01-04 11:35:00,4193.25,4198.00,4193.25,4196.50,5856
2023-01-04 11:36:00,4196.50,4199.25,4195.25,4196.25,5712
2023-01-04 11:37:00,4196.50,4197.50,4195.75,4197.25,3428
2023-01-04 11:38:00,4197.25,4198.00,4196.00,4196.00,3783
2023-01-04 11:39:00,4196.25,4200.00,4196.00,4198.25,4690
2023-01-04 11:40:00,4198.25,4201.00,4198.00,4199.50,4687
2023-01-04 11:41:00,4199.50,4200.50,4198.50,4199.00,2509
2023-01-04 11:42:00,4199.25,4200.00,4198.50,4199.25,2892
2023-01-04 11:43:00,4199.00,4200.25,4198.75,4199.50,2654
2023-01-04 11:44:00,4199.75,4201.25,4199.25,4199.75,3303
2023-01-04 11:45:00,4199.75,4200.25,4196.75,4198.50,4534
2023-01-04 11:46:00,4198.50,4200.00,4198.00,4198.50,2551
2023-01-04 11:47:00,4198.50,4201.25,4198.50,4199.50,3255
2023-01-04 11:48:00,4199.75,4200.75,4199.25,4199.50,2861
2023-01-04 11:49:00,4199.75,4200.75,4198.75,4200.25,2293
2023-01-04 11:50:00,4200.50,4202.25,4199.50,4201.75,3600
2023-01-04 11:51:00,4202.00,4202.75,4198.75,4198.75,4634
2023-01-04 11:52:00,4199.00,4202.25,4198.50,4201.00,3169
2023-01-04 11:53:00,4200.75,4202.50,4200.25,4202.50,1559
2023-01-04 11:54:00,4202.25,4203.00,4201.00,4201.75,2487
2023-01-04 11:55:00,4201.75,4204.50,4201.75,4204.00,3512
2023-01-04 11:56:00,4204.00,4204.25,4203.25,4204.25,2388
2023-01-04 11:57:00,4204.25,4205.75,4203.75,4203.75,4065
2023-01-04 11:58:00,4204.00,4204.50,4201.75,4203.75,3932
2023-01-04 11:59:00,4203.75,4204.00,4201.25,4201.75,2802
2023-01-04 12:00:00,4202.00,4203.50,4201.25,4202.50,2645
2023-01-04 12:01:00,4202.50,4202.75,4199.50,4201.00,3821
2023-01-04 12:02:00,4201.25,4202.00,4200.50,4201.00,2312
2023-01-04 12:03:00,4201.25,4201.50,4199.75,4200.00,2234
2023-01-04 12:04:00,4200.25,4202.00,4199.75,4201.25,2392
2023-01-04 12:05:00,4201.25,4201.25,4199.75,4200.25,2382
2023-01-04 12:06:00,4200.50,4201.00,4197.50,4198.50,4140
2023-01-04 12:07:00,4198.50,4199.75,4198.00,4199.00,2359
2023-01-04 12:08:00,4199.00,4201.25,4198.50,4200.50,1786
2023-01-04 12:09:00,4200.50,4200.75,4198.50,4199.25,1919
2023-01-04 12:10:00,4199.25,4200.50,4198.25,4198.75,2644
2023-01-04 12:11:00,4199.00,4200.25,4199.00,4199.50,1501
2023-01-04 12:12:00,4199.75,4201.00,4199.25,4201.00,1858
2023-01-04 12:13:00,4200.75,4201.00,4198.75,4199.00,1360
2023-01-04 12:14:00,4199.00,4200.00,4197.75,4198.50,2218
2023-01-04 12:15:00,4198.50,4200.25,4198.00,4200.00,2423
2023-01-04 12:16:00,4200.00,4200.75,4199.00,4199.00,1514
2023-01-04 12:17:00,4199.25,4200.00,4198.75,4199.75,1076
2023-01-04 12:18:00,4200.00,4201.25,4199.50,4201.00,1444
2023-01-04 12:19:00,4201.00,4201.00,4199.50,4200.25,1281
2023-01-04 12:20:00,4200.00,4201.00,4198.50,4199.50,2015
2023-01-04 12:21:00,4199.75,4203.00,4199.00,4202.50,3477
2023-01-04 12:22:00,4202.50,4203.25,4201.75,4202.25,1768
2023-01-04 12:23:00,4202.50,4202.50,4200.75,4202.00,1842
2023-01-04 12:24:00,4202.25,4203.25,4202.00,4202.75,1992
2023-01-04 12:25:00,4202.50,4202.75,4201.50,4202.25,1905
2023-01-04 12:26:00,4202.50,4202.50,4200.50,4200.50,1589
2023-01-04 12:27:00,4200.75,4201.00,4199.00,4199.50,2128
2023-01-04 12:28:00,4199.25,4200.50,4198.75,4200.00,2113
2023-01-04 12:29:00,4200.00,4200.00,4198.25,4198.75,1568
2023-01-04 12:30:00,4199.00,4201.00,4198.75,4200.75,2352
2023-01-04 12:31:00,4200.75,4201.75,4200.50,4200.75,1536
2023-01-04 12:32:00,4201.00,4203.00,4200.00,4203.00,2718
2023-01-04 12:33:00,4203.00,4203.75,4201.75,4202.00,2645
2023-01-04 12:34:00,4202.00,4202.75,4201.50,4202.25,1467
2023-01-04 12:35:00,4202.25,4202.25,4200.75,4201.50,1767
2023-01-04 12:36:00,4201.50,4203.75,4201.25,4203.75,1482
2023-01-04 12:37:00,4203.75,4204.25,4202.00,4202.75,2038
2023-01-04 12:38:00,4202.75,4203.50,4202.00,4202.25,1144
2023-01-04 12:39:00,4202.50,4203.50,4202.00,4203.25,1309
2023-01-04 12:40:00,4203.25,4203.75,4202.50,4203.50,1371
2023-01-04 12:41:00,4203.50,4203.50,4202.50,4203.00,1205
2023-01-04 12:42:00,4203.25,4204.00,4202.50,4202.75,1418
2023-01-04 12:43:00,4203.00,4204.50,4202.50,4203.25,2031
2023-01-04 12:44:00,4203.50,4204.00,4202.25,4203.75,2021
2023-01-04 12:45:00,4203.75,4204.25,4202.75,4203.50,1812
2023-01-04 12:46:00,4203.75,4203.75,4202.25,4203.00,1248
2023-01-04 12:47:00,4203.25,4203.50,4202.00,4202.50,1442
2023-01-04 12:48:00,4202.75,4202.75,4199.50,4200.00,2898
2023-01-04 12:49:00,4199.75,4201.00,4199.75,4200.75,1642
2023-01-04 12:50:00,4200.75,4202.00,4200.50,4200.75,1309
2023-01-04 12:51:00,4200.75,4200.75,4197.00,4197.25,3329
2023-01-04 12:52:00,4197.50,4198.50,4196.50,4197.25,3229
2023-01-04 12:53:00,4197.25,4198.75,4196.25,4198.75,3236
2023-01-04 12:54:00,4198.75,4199.25,4197.75,4198.00,1525
2023-01-04 12:55:00,4198.25,4198.25,4195.25,4195.50,3151
2023-01-04 12:56:00,4195.75,4195.75,4194.00,4195.00,2777
2023-01-04 12:57:00,4195.25,4195.25,4192.00,4192.75,2552
2023-01-04 12:58:00,4192.75,4192.75,4191.00,4192.25,2932
2023-01-04 12:59:00,4192.25,4192.25,4190.00,4190.00,2459
2023-01-04 13:00:00,4190.25,4190.50,4187.75,4188.25,5796
2023-01-04 13:01:00,4188.25,4188.25,4185.50,4185.75,6466
2023-01-04 13:02:00,4185.50,4186.50,4183.25,4186.50,5092
2023-01-04 13:03:00,4186.50,4188.75,4185.75,4188.50,5023
2023-01-04 13:04:00,4188.50,4188.50,4187.00,4188.00,2236
2023-01-04 13:05:00,4188.00,4188.25,4186.50,4187.75,2126
2023-01-04 13:06:00,4187.75,4187.75,4186.25,4187.25,1596
2023-01-04 13:07:00,4187.25,4189.50,4186.75,4189.25,2558
2023-01-04 13:08:00,4189.25,4189.50,4188.25,4188.25,2556
2023-01-04 13:09:00,4188.00,4190.00,4187.50,4189.75,1969
2023-01-04 13:10:00,4189.50,4191.00,4189.00,4190.50,4943
2023-01-04 13:11:00,4190.50,4191.25,4189.75,4191.00,1667
2023-01-04 13:12:00,4190.75,4191.75,4190.75,4191.25,1729
2023-01-04 13:13:00,4191.25,4192.00,4191.00,4191.75,1352
2023-01-04 13:14:00,4191.75,4192.50,4191.25,4192.25,1658
2023-01-04 13:15:00,4192.00,4194.50,4191.50,4193.75,4080
2023-01-04 13:16:00,4193.50,4195.00,4193.50,4194.75,1908
2023-01-04 13:17:00,4194.75,4196.50,4194.25,4196.50,1750
2023-01-04 13:18:00,4196.25,4197.75,4195.50,4196.25,2862
2023-01-04 13:19:00,4196.25,4197.75,4196.00,4197.00,2153
2023-01-04 13:20:00,4196.75,4197.25,4195.75,4196.25,2416
2023-01-04 13:21:00,4196.50,4198.00,4196.25,4197.00,2044
2023-01-04 13:22:00,4197.00,4197.00,4195.50,4196.00,1866
2023-01-04 13:23:00,4196.00,4197.75,4195.75,4197.50,1735
2023-01-04 13:24:00,4197.50,4197.75,4196.50,4197.00,1392
2023-01-04 13:25:00,4197.00,4197.75,4196.50,4196.75,1046
2023-01-04 13:26:00,4197.00,4198.00,4196.50,4197.50,960
2023-01-04 13:27:00,4197.50,4197.50,4195.00,4196.25,2029
2023-01-04 13:28:00,4196.25,4197.00,4195.75,4196.25,890
2023-01-04 13:29:00,4196.00,4196.25,4194.75,4195.25,1326
2023-01-04 13:30:00,4195.00,4197.25,4195.00,4195.25,2227
2023-01-04 13:31:00,4195.25,4197.00,4195.00,4195.75,1422
2023-01-04 13:32:00,4196.00,4197.25,4195.75,4196.75,1538
2023-01-04 13:33:00,4197.00,4197.50,4195.00,4196.25,1362
2023-01-04 13:34:00,4196.00,4197.50,4196.00,4197.00,928
2023-01-04 13:35:00,4197.00,4197.25,4196.50,4197.25,767
2023-01-04 13:36:00,4197.25,4200.00,4197.00,4199.50,2932
2023-01-04 13:37:00,4199.50,4200.25,4198.25,4199.75,1865
2023-01-04 13:38:00,4199.75,4200.00,4199.00,4199.25,1205
2023-01-04 13:39:00,4199.25,4199.50,4198.50,4198.75,1272
2023-01-04 13:40:00,4198.75,4199.50,4198.50,4199.25,1235
2023-01-04 13:41:00,4199.25,4199.50,4196.25,4196.50,2078
2023-01-04 13:42:00,4196.25,4198.75,4196.00,4197.50,2047
2023-01-04 13:43:00,4197.50,4197.75,4196.50,4196.75,1136
2023-01-04 13:44:00,4196.75,4197.25,4196.25,4196.75,1326
2023-01-04 13:45:00,4196.75,4197.25,4195.50,4196.25,1856
2023-01-04 13:46:00,4196.50,4197.00,4195.25,4196.50,1432
2023-01-04 13:47:00,4196.25,4196.25,4191.75,4192.25,2231
2023-01-04 13:48:00,4192.25,4195.25,4192.00,4194.25,2141
2023-01-04 13:49:00,4194.25,4195.25,4194.25,4195.00,1298
2023-01-04 13:50:00,4195.00,4196.50,4194.50,4195.75,1587
2023-01-04 13:51:00,4195.50,4196.50,4195.00,4195.00,1134
2023-01-04 13:52:00,4195.00,4195.75,4194.50,4195.25,930
2023-01-04 13:53:00,4195.00,4195.75,4194.75,4195.25,686
2023-01-04 13:54:00,4195.25,4195.50,4194.75,4195.00,610
2023-01-04 13:55:00,4194.75,4195.00,4191.75,4191.75,1687
2023-01-04 13:56:00,4191.75,4193.00,4190.75,4192.50,1309
2023-01-04 13:57:00,4192.50,4192.75,4190.75,4191.75,1001
2023-01-04 13:58:00,4191.75,4192.00,4189.50,4189.75,978
2023-01-04 13:59:00,4189.75,4195.50,4186.25,4189.25,2824
2023-01-04 14:00:00,4189.00,4200.75,4183.75,4197.25,10474
2023-01-04 14:01:00,4197.00,4202.75,4188.25,4190.25,10725
2023-01-04 14:02:00,4190.50,4191.50,4176.75,4180.25,13877
2023-01-04 14:03:00,4180.25,4180.75,4169.00,4174.00,12575
2023-01-04 14:04:00,4173.75,4182.75,4172.75,4180.75,9062
2023-01-04 14:05:00,4180.75,4191.75,4180.75,4190.50,8749
2023-01-04 14:06:00,4190.75,4191.25,4184.50,4187.75,6759
2023-01-04 14:07:00,4187.75,4189.75,4184.50,4185.50,4272
2023-01-04 14:08:00,4185.75,4186.00,4179.50,4181.25,6081
2023-01-04 14:09:00,4181.25,4181.50,4174.75,4176.50,6901
2023-01-04 14:10:00,4176.75,4179.50,4172.00,4175.50,7362
2023-01-04 14:11:00,4175.50,4182.00,4172.50,4178.50,5563
2023-01-04 14:12:00,4178.25,4179.00,4175.00,4175.75,3172
2023-01-04 14:13:00,4176.00,4181.75,4174.00,4180.25,4802
2023-01-04 14:14:00,4180.00,4182.25,4177.00,4181.50,3045
2023-01-04 14:15:00,4181.25,4186.50,4180.75,4186.00,5676
2023-01-04 14:16:00,4186.00,4190.75,4184.75,4189.75,5548
2023-01-04 14:17:00,4190.00,4193.50,4188.00,4190.00,6569
2023-01-04 14:18:00,4190.00,4192.50,4187.25,4188.50,4197
2023-01-04 14:19:00,4188.75,4192.75,4188.25,4191.00,3898
2023-01-04 14:20:00,4191.00,4191.25,4188.00,4188.75,2757
2023-01-04 14:21:00,4188.50,4191.00,4181.75,4182.75,4264
2023-01-04 14:22:00,4182.75,4183.75,4176.00,4177.25,7067
2023-01-04 14:23:00,4177.25,4180.00,4175.00,4176.00,4630
2023-01-04 14:24:00,4176.25,4178.75,4175.00,4177.50,3349
2023-01-04 14:25:00,4177.50,4178.50,4163.75,4165.25,13427
2023-01-04 14:26:00,4165.00,4168.75,4163.50,4166.50,6643
2023-01-04 14:27:00,4166.50,4166.50,4161.50,4161.75,6173
2023-01-04 14:28:00,4161.75,4165.50,4160.25,4161.25,6516
2023-01-04 14:29:00,4161.50,4161.75,4158.25,4161.25,6255
2023-01-04 14:30:00,4161.25,4165.50,4157.50,4164.25,8930
2023-01-04 14:31:00,4164.25,4164.75,4161.50,4162.25,4591
2023-01-04 14:32:00,4162.00,4162.25,4158.75,4160.00,5287
2023-01-04 14:33:00,4160.00,4163.75,4159.75,4163.50,3977
2023-01-04 14:34:00,4163.25,4167.50,4163.00,4165.25,5132
2023-01-04 14:35:00,4165.25,4168.50,4164.50,4166.00,5062
2023-01-04 14:36:00,4165.75,4167.25,4163.75,4166.50,3071
2023-01-04 14:37:00,4166.25,4167.25,4164.75,4165.25,2133
2023-01-04 14:38:00,4165.00,4166.50,4162.75,4166.50,3505
2023-01-04 14:39:00,4166.75,4167.25,4165.25,4165.75,2221
2023-01-04 14:40:00,4165.50,4166.00,4162.25,4164.25,4653
2023-01-04 14:41:00,4164.00,4174.00,4163.50,4171.25,7000
2023-01-04 14:42:00,4171.00,4171.25,4168.00,4169.00,4268
2023-01-04 14:43:00,4169.25,4170.25,4166.00,4167.25,2813
2023-01-04 14:44:00,4167.25,4167.75,4165.75,4167.00,2495
2023-01-04 14:45:00,4167.00,4169.75,4165.00,4169.00,3121
2023-01-04 14:46:00,4168.75,4172.50,4168.00,4170.25,3535
2023-01-04 14:47:00,4170.00,4172.50,4169.50,4170.75,3329
2023-01-04 14:48:00,4170.50,4171.75,4168.50,4170.00,2890
2023-01-04 14:49:00,4169.75,4170.25,4167.00,4167.50,2720
2023-01-04 14:50:00,4167.50,4167.75,4163.25,4164.25,5215
2023-01-04 14:51:00,4164.25,4169.00,4164.25,4168.25,3497
2023-01-04 14:52:00,4168.25,4168.50,4166.25,4167.75,2274
2023-01-04 14:53:00,4167.75,4172.00,4167.25,4169.25,3169
2023-01-04 14:54:00,4169.25,4170.75,4167.50,4168.75,2333
2023-01-04 14:55:00,4168.75,4174.00,4168.00,4172.75,4153
2023-01-04 14:56:00,4172.50,4178.50,4172.00,4177.25,7477
2023-01-04 14:57:00,4177.25,4178.00,4174.25,4176.00,3338
2023-01-04 14:58:00,4176.00,4178.00,4175.75,4176.50,3293
2023-01-04 14:59:00,4176.50,4180.00,4175.75,4178.75,3407
2023-01-04 15:00:00,4179.00,4181.25,4177.75,4180.75,3665
2023-01-04 15:01:00,4180.50,4187.50,4180.00,4184.50,7834
2023-01-04 15:02:00,4184.50,4184.75,4181.75,4182.50,3995
2023-01-04 15:03:00,4182.50,4184.25,4181.75,4183.25,2653
2023-01-04 15:04:00,4183.00,4185.75,4182.75,4185.50,2794
2023-01-04 15:05:00,4185.75,4186.00,4182.50,4183.25,3175
2023-01-04 15:06:00,4183.25,4185.00,4180.75,4181.25,3294
2023-01-04 15:07:00,4181.50,4181.75,4178.75,4180.00,4069
2023-01-04 15:08:00,4180.00,4181.25,4176.50,4177.75,3280
2023-01-04 15:09:00,4177.75,4181.50,4177.50,4181.25,3225
2023-01-04 15:10:00,4181.00,4182.00,4179.50,4180.25,2327
2023-01-04 15:11:00,4180.50,4181.25,4179.00,4179.75,1973
2023-01-04 15:12:00,4180.00,4183.25,4179.50,4180.00,2339
2023-01-04 15:13:00,4180.00,4180.50,4176.00,4179.00,4394
2023-01-04 15:14:00,4179.25,4182.00,4178.75,4180.50,3203
2023-01-04 15:15:00,4180.25,4182.00,4179.50,4181.25,3101
2023-01-04 15:16:00,4181.00,4181.50,4179.50,4180.75,1533
2023-01-04 15:17:00,4180.50,4183.00,4179.50,4182.75,2399
2023-01-04 15:18:00,4182.75,4184.00,4181.25,4181.50,3261
2023-01-04 15:19:00,4181.50,4182.75,4179.00,4180.50,2767
2023-01-04 15:20:00,4180.50,4183.00,4180.25,4181.75,2326
2023-01-04 15:21:00,4181.75,4182.00,4177.00,4177.25,3484
2023-01-04 15:22:00,4177.50,4177.75,4172.75,4174.50,5482
2023-01-04 15:23:00,4174.50,4175.50,4172.25,4174.25,3128
2023-01-04 15:24:00,4174.25,4176.25,4172.75,4175.25,2382
2023-01-04 15:25:00,4175.25,4179.00,4174.50,4178.00,3066
2023-01-04 15:26:00,4178.00,4180.00,4174.00,4174.50,3853
2023-01-04 15:27:00,4174.50,4175.50,4172.50,4174.00,2584
2023-01-04 15:28:00,4174.00,4177.75,4173.75,4176.00,3031
2023-01-04 15:29:00,4176.00,4178.00,4173.75,4173.75,2012
2023-01-04 15:30:00,4173.75,4175.25,4171.25,4173.00,3887
2023-01-04 15:31:00,4172.75,4174.00,4171.00,4172.50,2628
2023-01-04 15:32:00,4172.50,4173.75,4171.50,4172.00,2496
2023-01-04 15:33:00,4172.25,4173.00,4169.50,4170.50,2879
2023-01-04 15:34:00,4170.50,4172.00,4168.75,4170.75,3033
2023-01-04 15:35:00,4170.50,4171.00,4163.75,4164.25,5577
2023-01-04 15:36:00,4164.50,4164.50,4161.00,4161.25,5873
2023-01-04 15:37:00,4161.50,4165.00,4160.75,4165.00,4350
2023-01-04 15:38:00,4165.00,4166.75,4164.00,4165.25,5301
2023-01-04 15:39:00,4165.25,4166.75,4164.00,4164.50,2743
2023-01-04 15:40:00,4164.50,4164.75,4161.25,4162.25,3767
2023-01-04 15:41:00,4162.25,4163.00,4160.75,4162.25,3054
2023-01-04 15:42:00,4162.00,4162.75,4158.25,4160.50,4461
2023-01-04 15:43:00,4160.50,4162.25,4158.50,4161.25,4620
2023-01-04 15:44:00,4161.25,4161.50,4158.50,4160.00,3988
2023-01-04 15:45:00,4159.75,4160.00,4157.75,4159.50,3522
2023-01-04 15:46:00,4159.25,4161.50,4158.00,4160.50,2814
2023-01-04 15:47:00,4160.25,4163.00,4160.00,4162.75,3978
2023-01-04 15:48:00,4162.75,4165.75,4162.25,4165.50,3761
2023-01-04 15:49:00,4165.50,4167.75,4164.25,4167.75,3811
2023-01-04 15:50:00,4167.75,4170.75,4167.25,4168.00,7576
2023-01-04 15:51:00,4168.00,4171.50,4167.25,4170.00,3965
2023-01-04 15:52:00,4170.00,4171.50,4169.50,4170.25,3324
2023-01-04 15:53:00,4170.25,4171.50,4168.75,4168.75,3376
2023-01-04 15:54:00,4168.50,4173.50,4168.50,4172.75,5166
2023-01-04 15:55:00,4172.75,4177.75,4172.50,4177.75,9740
2023-01-04 15:56:00,4177.50,4178.25,4176.75,4177.75,5755
2023-01-04 15:57:00,4178.00,4180.00,4177.00,4180.00,8709
2023-01-04 15:58:00,4180.00,4181.25,4178.50,4181.00,8658
2023-01-04 15:59:00,4181.00,4186.00,4181.00,4183.25,40168
2023-01-04 16:00:00,4183.25,4183.50,4179.75,4179.75,19249
2023-01-04 16:01:00,4180.00,4181.00,4179.50,4180.25,4749
2023-01-04 16:02:00,4180.25,4183.25,4180.25,4181.75,2944
2023-01-04 16:03:00,4181.75,4184.50,4181.75,4183.75,2662
2023-01-04 16:04:00,4183.50,4184.25,4182.75,4183.50,1456
2023-01-04 16:05:00,4183.50,4184.50,4182.75,4184.00,1906
2023-01-04 16:06:00,4184.25,4185.50,4184.00,4184.75,1592
2023-01-04 16:07:00,4184.75,4185.25,4184.50,4185.25,850
2023-01-04 16:08:00,4185.25,4185.25,4183.50,4184.00,1275
2023-01-04 16:09:00,4184.25,4184.50,4183.25,4183.50,988
2023-01-04 16:10:00,4183.50,4183.75,4182.75,4183.25,1095
2023-01-04 16:11:00,4183.00,4184.25,4183.00,4184.00,997
2023-01-04 16:12:00,4183.75,4184.00,4183.25,4183.25,598
2023-01-04 16:13:00,4183.25,4183.75,4182.75,4182.75,775
2023-01-04 16:14:00,4183.00,4183.75,4181.75,4182.00,1562
2023-01-04 16:15:00,4182.00,4182.75,4182.00,4182.50,409
2023-01-04 16:16:00,4182.50,4183.00,4182.50,4182.75,334
2023-01-04 16:17:00,4182.50,4183.25,4182.50,4183.00,137
2023-01-04 16:18:00,4183.25,4183.75,4183.00,4183.50,312
2023-01-04 16:19:00,4183.50,4183.75,4183.25,4183.75,185
2023-01-04 16:20:00,4183.75,4183.75,4182.75,4183.25,593
2023-01-04 16:21:00,4183.00,4183.50,4182.75,4183.00,304
2023-01-04 16:22:00,4183.00,4183.25,4182.50,4182.75,274
2023-01-04 16:23:00,4182.75,4182.75,4182.00,4182.25,273
2023-01-04 16:24:00,4182.50,4182.50,4182.00,4182.25,172
2023-01-04 16:25:00,4182.00,4182.25,4181.00,4181.25,525
2023-01-04 16:26:00,4181.25,4181.25,4180.00,4180.50,572
2023-01-04 16:27:00,4180.50,4180.75,4180.00,4180.50,380
2023-01-04 16:28:00,4180.50,4180.75,4180.25,4180.50,324
2023-01-04 16:29:00,4180.75,4181.00,4179.75,4180.25,570
2023-01-04 16:30:00,4180.25,4180.50,4180.00,4180.50,390
2023-01-04 16:31:00,4180.50,4180.50,4180.00,4180.25,318
2023-01-04 16:32:00,4180.25,4180.25,4179.25,4179.50,196
2023-01-04 16:33:00,4179.50,4179.75,4179.25,4179.75,191
2023-01-04 16:34:00,4179.75,4179.75,4178.25,4178.25,760
2023-01-04 16:35:00,4178.50,4178.50,4177.75,4178.00,347
2023-01-04 16:36:00,4178.00,4178.25,4178.00,4178.25,151
2023-01-04 16:37:00,4178.25,4178.50,4178.00,4178.25,473
2023-01-04 16:38:00,4178.25,4178.25,4177.50,4177.75,376
2023-01-04 16:39:00,4178.00,4178.00,4177.25,4178.00,398
2023-01-04 16:40:00,4178.00,4178.50,4177.50,4178.25,177
2023-01-04 16:41:00,4178.25,4179.00,4178.00,4178.25,432
2023-01-04 16:42:00,4178.25,4178.50,4177.75,4178.50,199
2023-01-04 16:43:00,4178.50,4178.50,4178.00,4178.00,92
2023-01-04 16:44:00,4178.25,4178.50,4178.00,4178.00,178
2023-01-04 16:45:00,4178.00,4179.00,4177.75,4178.50,677
2023-01-04 16:46:00,4178.75,4178.75,4178.25,4178.25,278
2023-01-04 16:47:00,4178.25,4178.25,4178.00,4178.25,84
2023-01-04 16:48:00,4178.00,4178.50,4178.00,4178.50,163
2023-01-04 16:49:00,4178.50,4178.75,4178.00,4178.25,141
2023-01-04 16:50:00,4178.00,4178.25,4177.75,4178.00,178
2023-01-04 16:51:00,4178.00,4178.25,4177.75,4178.00,63
2023-01-04 16:52:00,4177.75,4178.25,4177.75,4178.00,90
2023-01-04 16:53:00,4178.00,4178.25,4177.75,4178.25,105
2023-01-04 16:54:00,4178.00,4178.75,4178.00,4178.50,350
2023-01-04 16:55:00,4178.50,4179.00,4178.50,4179.00,404
2023-01-04 16:56:00,4179.00,4179.75,4178.75,4179.50,522
2023-01-04 16:57:00,4179.50,4180.50,4179.50,4180.50,265
2023-01-04 16:58:00,4180.25,4180.75,4180.25,4180.50,304
2023-01-04 16:59:00,4180.25,4181.00,4179.75,4180.75,432
2023-01-04 18:00:00,4180.50,4182.75,4178.50,4180.25,647
2023-01-04 18:01:00,4180.50,4181.00,4179.25,4180.75,214
2023-01-04 18:02:00,4180.50,4181.50,4180.25,4180.75,278
2023-01-04 18:03:00,4180.75,4181.25,4180.75,4181.00,44
2023-01-04 18:04:00,4181.00,4181.00,4180.25,4180.25,60
2023-01-04 18:05:00,4180.25,4180.25,4179.50,4180.00,81
2023-01-04 18:06:00,4180.25,4181.00,4180.25,4180.50,69
2023-01-04 18:07:00,4180.25,4181.50,4180.00,4181.25,117
2023-01-04 18:08:00,4181.25,4181.50,4181.00,4181.25,39
2023-01-04 18:09:00,4181.25,4182.00,4181.00,4182.00,141
2023-01-04 18:10:00,4182.00,4182.00,4181.00,4181.25,175
2023-01-04 18:11:00,4181.50,4181.50,4180.25,4181.00,172
2023-01-04 18:12:00,4180.75,4181.00,4180.00,4180.75,80
2023-01-04 18:13:00,4181.00,4181.00,4180.00,4180.50,52
2023-01-04 18:14:00,4180.75,4181.50,4180.75,4181.00,61
2023-01-04 18:15:00,4180.75,4181.50,4180.75,4181.50,32
2023-01-04 18:16:00,4181.50,4181.50,4181.25,4181.25,73
2023-01-04 18:17:00,4181.25,4181.50,4181.25,4181.50,106
2023-01-04 18:18:00,4181.25,4181.75,4181.25,4181.50,129
2023-01-04 18:19:00,4181.75,4182.25,4181.75,4181.75,122
2023-01-04 18:20:00,4182.00,4182.00,4180.75,4181.00,174
2023-01-04 18:21:00,4180.75,4181.25,4180.00,4181.00,208
2023-01-04 18:22:00,4181.00,4181.00,4180.75,4181.00,38
2023-01-04 18:23:00,4180.75,4181.50,4180.50,4181.00,132
2023-01-04 18:24:00,4181.25,4181.75,4181.25,4181.25,100
2023-01-04 18:25:00,4181.50,4182.00,4181.50,4182.00,54
2023-01-04 18:26:00,4181.75,4181.75,4181.25,4181.50,42
2023-01-04 18:27:00,4181.50,4182.50,4181.25,4181.75,219
2023-01-04 18:28:00,4181.75,4182.00,4181.50,4182.00,62
2023-01-04 18:29:00,4182.00,4182.50,4181.75,4182.50,54
2023-01-04 18:30:00,4182.50,4183.50,4182.25,4183.00,247
2023-01-04 18:31:00,4183.00,4183.25,4182.75,4182.75,151
2023-01-04 18:32:00,4182.50,4184.00,4182.50,4184.00,215
2023-01-04 18:33:00,4184.00,4184.25,4183.50,4184.00,179
2023-01-04 18:34:00,4184.00,4184.25,4183.75,4183.75,107
2023-01-04 18:35:00,4183.75,4184.00,4182.25,4183.25,306
2023-01-04 18:36:00,4183.25,4183.25,4183.00,4183.25,48
2023-01-04 18:37:00,4183.25,4183.50,4183.25,4183.50,61
2023-01-04 18:38:00,4183.50,4183.50,4183.25,4183.25,49
2023-01-04 18:39:00,4183.50,4185.25,4183.50,4185.25,559
2023-01-04 18:40:00,4185.25,4185.25,4184.50,4184.50,162
2023-01-04 18:41:00,4184.50,4185.00,4184.50,4184.75,92
2023-01-04 18:42:00,4184.75,4185.25,4184.50,4185.25,223
2023-01-04 18:43:00,4185.25,4185.25,4184.50,4184.50,165
2023-01-04 18:44:00,4185.00,4185.00,4184.75,4185.00,67
2023-01-04 18:45:00,4185.00,4185.00,4184.50,4184.50,163
2023-01-04 18:46:00,4184.50,4184.75,4184.50,4184.50,183
2023-01-04 18:47:00,4184.50,4185.00,4184.50,4184.50,147
2023-01-04 18:48:00,4184.50,4184.50,4184.50,4184.50,20
2023-01-04 18:49:00,4184.50,4185.00,4184.50,4185.00,194
2023-01-04 18:50:00,4184.75,4184.75,4184.50,4184.50,51
2023-01-04 18:51:00,4184.50,4184.75,4184.50,4184.75,88
2023-01-04 18:52:00,4185.00,4185.00,4184.75,4185.00,38
2023-01-04 18:53:00,4185.00,4185.00,4184.50,4184.75,55
2023-01-04 18:54:00,4184.50,4185.25,4184.50,4185.00,48
2023-01-04 18:55:00,4185.00,4185.00,4184.50,4184.50,45
2023-01-04 18:56:00,4184.50,4184.50,4182.50,4182.50,282
2023-01-04 18:57:00,4182.75,4183.50,4182.25,4183.25,172
2023-01-04 18:58:00,4183.25,4183.25,4182.50,4182.75,85
2023-01-04 18:59:00,4182.50,4182.75,4182.00,4182.00,126
2023-01-04 19:00:00,4182.25,4182.50,4181.00,4181.75,571
2023-01-04 19:01:00,4181.50,4182.50,4181.50,4182.50,183
2023-01-04 19:02:00,4182.50,4182.75,4181.75,4182.00,143
2023-01-04 19:03:00,4182.25,4182.75,4181.25,4181.75,97
2023-01-04 19:04:00,4181.50,4181.50,4181.00,4181.00,193
2023-01-04 19:05:00,4180.75,4181.75,4180.50,4181.25,168
2023-01-04 19:06:00,4181.00,4181.50,4180.75,4181.25,100
2023-01-04 19:07:00,4181.25,4181.75,4180.50,4181.25,114
2023-01-04 19:08:00,4181.00,4181.25,4180.75,4180.75,77
2023-01-04 19:09:00,4181.00,4181.25,4180.75,4181.00,96
2023-01-04 19:10:00,4181.00,4181.25,4180.25,4181.00,140
2023-01-04 19:11:00,4181.00,4181.50,4180.75,4181.25,73
2023-01-04 19:12:00,4181.25,4182.00,4181.25,4181.75,73
2023-01-04 19:13:00,4181.75,4181.75,4180.75,4180.75,130
2023-01-04 19:14:00,4181.00,4181.00,4180.50,4181.00,125
2023-01-04 19:15:00,4181.00,4182.75,4181.00,4182.50,242
2023-01-04 19:16:00,4182.50,4182.50,4182.25,4182.50,149
2023-01-04 19:17:00,4182.50,4183.00,4182.25,4182.75,223
2023-01-04 19:18:00,4183.00,4183.25,4182.75,4182.75,93
2023-01-04 19:19:00,4182.75,4184.00,4182.50,4183.25,222
2023-01-04 19:20:00,4183.50,4184.25,4183.50,4183.75,140
2023-01-04 19:21:00,4184.00,4184.25,4183.25,4183.50,108
2023-01-04 19:22:00,4183.75,4183.75,4183.50,4183.50,31
2023-01-04 19:23:00,4183.75,4183.75,4183.00,4183.25,63
2023-01-04 19:24:00,4183.25,4183.50,4183.00,4183.00,61
2023-01-04 19:25:00,4183.00,4183.00,4182.25,4182.75,86
2023-01-04 19:26:00,4182.75,4182.75,4182.00,4182.25,101
2023-01-04 19:27:00,4182.00,4182.50,4182.00,4182.50,69
2023-01-04 19:28:00,4182.75,4183.25,4182.75,4183.00,94
2023-01-04 19:29:00,4183.25,4183.50,4183.00,4183.25,85
2023-01-04 19:30:00,4183.50,4183.50,4182.00,4182.75,171
2023-01-04 19:31:00,4182.50,4182.75,4182.00,4182.50,121
2023-01-04 19:32:00,4182.50,4183.50,4182.25,4183.00,88
2023-01-04 19:33:00,4183.00,4183.50,4183.00,4183.25,72
2023-01-04 19:34:00,4183.25,4183.25,4182.00,4182.00,120
2023-01-04 19:35:00,4182.00,4182.25,4181.75,4182.00,45
2023-01-04 19:36:00,4182.00,4182.00,4181.25,4181.50,62
2023-01-04 19:37:00,4181.25,4181.50,4180.50,4181.25,126
2023-01-04 19:38:00,4181.00,4181.25,4180.75,4180.75,47
2023-01-04 19:39:00,4181.00,4181.75,4180.75,4181.75,92
2023-01-04 19:40:00,4181.75,4182.25,4181.75,4181.75,91
2023-01-04 19:41:00,4181.50,4182.00,4181.25,4181.25,50
2023-01-04 19:42:00,4181.50,4181.50,4181.00,4181.25,51
2023-01-04 19:43:00,4181.00,4181.00,4180.75,4180.75,107
2023-01-04 19:44:00,4180.75,4180.75,4179.75,4179.75,222
2023-01-04 19:45:00,4179.75,4180.50,4179.50,4180.25,310
2023-01-04 19:46:00,4180.25,4180.25,4179.50,4180.00,106
2023-01-04 19:47:00,4180.00,4180.25,4180.00,4180.25,36
2023-01-04 19:48:00,4180.25,4180.75,4180.00,4180.75,66
2023-01-04 19:49:00,4180.75,4181.00,4180.00,4180.50,74
2023-01-04 19:50:00,4180.50,4180.75,4180.25,4180.25,80
2023-01-04 19:51:00,4180.50,4180.50,4179.75,4180.50,90
2023-01-04 19:52:00,4180.50,4180.75,4180.25,4180.25,68
2023-01-04 19:53:00,4180.50,4181.00,4180.50,4181.00,39
2023-01-04 19:54:00,4180.75,4181.50,4180.75,4181.25,96
2023-01-04 19:55:00,4181.25,4181.50,4180.75,4181.50,80
2023-01-04 19:56:00,4181.50,4181.50,4181.00,4181.00,95
2023-01-04 19:57:00,4181.00,4181.00,4180.75,4181.00,63
2023-01-04 19:58:00,4181.00,4181.00,4180.25,4180.25,260
2023-01-04 19:59:00,4180.50,4180.50,4179.50,4179.75,618
2023-01-04 20:00:00,4179.75,4179.75,4178.00,4178.50,557
2023-01-04 20:01:00,4178.50,4179.75,4178.50,4179.25,201
2023-01-04 20:02:00,4179.50,4180.25,4179.00,4180.25,147
2023-01-04 20:03:00,4180.25,4180.50,4179.75,4180.25,425
2023-01-04 20:04:00,4180.25,4181.00,4180.25,4180.75,241
2023-01-04 20:05:00,4180.50,4180.75,4180.50,4180.50,92
2023-01-04 20:06:00,4180.50,4181.75,4180.25,4181.50,254
2023-01-04 20:07:00,4181.75,4181.75,4181.00,4181.25,192
2023-01-04 20:08:00,4181.25,4182.00,4181.25,4182.00,204
2023-01-04 20:09:00,4182.00,4182.50,4181.75,4182.00,150
2023-01-04 20:10:00,4182.25,4182.50,4181.75,4182.00,170
2023-01-04 20:11:00,4182.00,4183.25,4181.75,4182.75,508
2023-01-04 20:12:00,4182.75,4182.75,4181.75,4182.00,228
2023-01-04 20:13:00,4182.25,4183.00,4182.00,4183.00,255
2023-01-04 20:14:00,4183.00,4183.25,4182.75,4182.75,193
2023-01-04 20:15:00,4182.50,4182.75,4181.50,4182.00,211
2023-01-04 20:16:00,4182.25,4182.50,4182.00,4182.25,157
2023-01-04 20:17:00,4182.50,4182.50,4182.25,4182.25,296
2023-01-04 20:18:00,4182.50,4182.50,4182.00,4182.00,233
2023-01-04 20:19:00,4182.25,4182.75,4182.25,4182.50,107
2023-01-04 20:20:00,4182.50,4182.75,4182.25,4182.50,62
2023-01-04 20:21:00,4182.75,4184.00,4182.75,4183.75,339
2023-01-04 20:22:00,4183.75,4184.25,4183.75,4184.00,176
2023-01-04 20:23:00,4184.25,4184.25,4184.00,4184.25,145
2023-01-04 20:24:00,4184.00,4184.00,4183.75,4184.00,159
2023-01-04 20:25:00,4184.00,4184.00,4183.00,4183.25,256
2023-01-04 20:26:00,4183.25,4183.50,4183.00,4183.25,91
2023-01-04 20:27:00,4183.25,4183.25,4182.25,4183.25,254
2023-01-04 20:28:00,4183.25,4183.75,4183.25,4183.75,110
2023-01-04 20:29:00,4183.50,4183.75,4183.00,4183.00,141
2023-01-04 20:30:00,4182.75,4183.00,4182.00,4182.25,323
2023-01-04 20:31:00,4182.50,4183.75,4182.50,4183.00,185
2023-01-04 20:32:00,4183.25,4183.25,4182.00,4182.25,124
2023-01-04 20:33:00,4182.25,4182.50,4181.75,4181.75,163
2023-01-04 20:34:00,4182.00,4183.00,4182.00,4183.00,201
2023-01-04 20:35:00,4183.00,4183.00,4182.25,4182.25,407
2023-01-04 20:36:00,4182.25,4182.50,4182.00,4182.50,210
2023-01-04 20:37:00,4182.25,4182.25,4182.00,4182.25,221
2023-01-04 20:38:00,4182.25,4182.25,4181.75,4181.75,267
2023-01-04 20:39:00,4181.50,4181.50,4181.25,4181.50,91
2023-01-04 20:40:00,4181.50,4182.00,4181.25,4181.75,138
2023-01-04 20:41:00,4182.00,4183.00,4181.75,4182.25,220
2023-01-04 20:42:00,4182.50,4183.00,4182.50,4182.50,209
2023-01-04 20:43:00,4182.75,4182.75,4182.50,4182.50,114
2023-01-04 20:44:00,4182.75,4182.75,4181.75,4182.00,169
2023-01-04 20:45:00,4182.25,4183.25,4182.25,4183.25,256
2023-01-04 20:46:00,4183.25,4183.25,4182.50,4182.75,250
2023-01-04 20:47:00,4182.50,4183.25,4182.50,4183.00,170
2023-01-04 20:48:00,4183.00,4183.00,4182.75,4183.00,206
2023-01-04 20:49:00,4183.25,4184.00,4183.00,4184.00,107
2023-01-04 20:50:00,4184.00,4184.00,4183.25,4183.50,545
2023-01-04 20:51:00,4183.50,4184.25,4183.00,4183.25,294
2023-01-04 20:52:00,4183.00,4183.00,4182.25,4183.00,116
2023-01-04 20:53:00,4182.75,4183.25,4182.75,4182.75,189
2023-01-04 20:54:00,4182.50,4182.50,4182.00,4182.25,124
2023-01-04 20:55:00,4182.25,4182.50,4181.00,4181.25,311
2023-01-04 20:56:00,4181.50,4181.50,4180.75,4181.25,407
2023-01-04 20:57:00,4181.25,4181.25,4180.75,4181.25,434
2023-01-04 20:58:00,4181.00,4181.25,4180.75,4180.75,164
2023-01-04 20:59:00,4181.00,4181.00,4180.25,4180.25,378
2023-01-04 21:00:00,4180.25,4180.50,4180.00,4180.50,371
2023-01-04 21:01:00,4180.50,4180.50,4179.25,4179.50,643
2023-01-04 21:02:00,4179.25,4180.00,4178.25,4178.25,618
2023-01-04 21:03:00,4178.25,4178.75,4178.00,4178.25,259
2023-01-04 21:04:00,4178.00,4178.25,4175.00,4175.50,698
2023-01-04 21:05:00,4175.75,4175.75,4172.25,4173.00,1042
2023-01-04 21:06:00,4172.75,4173.00,4171.50,4171.50,821
2023-01-04 21:07:00,4171.50,4172.75,4171.50,4171.75,538
2023-01-04 21:08:00,4172.00,4172.50,4172.00,4172.25,170
2023-01-04 21:09:00,4172.25,4172.25,4171.25,4171.50,229
2023-01-04 21:10:00,4171.50,4172.00,4171.50,4172.00,154
2023-01-04 21:11:00,4172.25,4172.50,4171.75,4172.00,84
2023-01-04 21:12:00,4172.00,4172.50,4171.25,4171.50,238
2023-01-04 21:13:00,4171.50,4171.75,4170.50,4170.50,428
2023-01-04 21:14:00,4170.50,4171.00,4170.00,4170.00,276
2023-01-04 21:15:00,4170.00,4171.25,4169.25,4171.00,627
2023-01-04 21:16:00,4171.00,4172.00,4170.75,4171.75,249
2023-01-04 21:17:00,4171.75,4171.75,4169.00,4169.25,559
2023-01-04 21:18:00,4169.00,4170.25,4169.00,4170.00,216
2023-01-04 21:19:00,4170.25,4171.00,4170.25,4170.75,107
2023-01-04 21:20:00,4171.00,4171.25,4170.75,4170.75,139
2023-01-04 21:21:00,4171.00,4171.00,4170.50,4170.75,134
2023-01-04 21:22:00,4170.50,4170.50,4169.25,4169.50,299
2023-01-04 21:23:00,4169.25,4170.50,4169.00,4170.00,247
2023-01-04 21:24:00,4170.00,4171.00,4169.75,4171.00,212
2023-01-04 21:25:00,4171.00,4171.00,4170.00,4170.25,135
2023-01-04 21:26:00,4170.50,4171.00,4170.50,4170.50,98
2023-01-04 21:27:00,4170.25,4170.50,4170.00,4170.00,149
2023-01-04 21:28:00,4170.00,4170.00,4169.00,4169.00,215
2023-01-04 21:29:00,4169.25,4169.25,4167.50,4168.50,477
2023-01-04 21:30:00,4168.25,4168.50,4166.75,4166.75,559
2023-01-04 21:31:00,4166.75,4167.75,4166.75,4167.75,311
2023-01-04 21:32:00,4167.75,4169.50,4167.50,4169.00,276
2023-01-04 21:33:00,4169.25,4169.75,4169.00,4169.25,260
2023-01-04 21:34:00,4169.25,4170.25,4169.00,4170.00,235
2023-01-04 21:35:00,4170.00,4170.25,4169.50,4169.75,176
2023-01-04 21:36:00,4169.75,4170.50,4169.75,4170.00,124
2023-01-04 21:37:00,4170.00,4170.00,4169.00,4169.50,155
2023-01-04 21:38:00,4169.50,4170.50,4169.50,4170.50,88
2023-01-04 21:39:00,4170.25,4170.50,4170.00,4170.50,94
2023-01-04 21:40:00,4170.50,4170.50,4169.75,4170.00,96
2023-01-04 21:41:00,4170.25,4170.25,4169.50,4170.25,151
2023-01-04 21:42:00,4170.50,4172.00,4170.50,4171.75,314
2023-01-04 21:43:00,4171.75,4172.25,4171.25,4171.50,250
2023-01-04 21:44:00,4171.75,4171.75,4171.25,4171.25,126
2023-01-04 21:45:00,4171.50,4172.25,4171.00,4172.00,216
2023-01-04 21:46:00,4171.75,4172.75,4171.75,4172.25,206
2023-01-04 21:47:00,4172.25,4172.75,4172.00,4172.25,155
2023-01-04 21:48:00,4172.00,4172.75,4171.75,4172.75,184
2023-01-04 21:49:00,4172.50,4173.00,4171.75,4172.00,176
2023-01-04 21:50:00,4172.00,4172.75,4172.00,4172.50,74
2023-01-04 21:51:00,4172.25,4173.00,4172.25,4172.75,79
2023-01-04 21:52:00,4173.00,4173.25,4172.75,4173.00,163
2023-01-04 21:53:00,4173.00,4173.00,4172.25,4172.75,108
2023-01-04 21:54:00,4172.75,4173.25,4172.75,4173.00,111
2023-01-04 21:55:00,4172.75,4173.00,4172.50,4172.75,100
2023-01-04 21:56:00,4172.75,4172.75,4172.00,4172.00,92
2023-01-04 21:57:00,4172.00,4172.50,4171.75,4172.50,94
2023-01-04 21:58:00,4172.25,4172.25,4171.00,4171.25,142
2023-01-04 21:59:00,4171.00,4171.75,4171.00,4171.50,131
2023-01-04 22:00:00,4171.75,4172.00,4171.00,4172.00,138
2023-01-04 22:01:00,4171.75,4172.25,4171.75,4172.00,91
2023-01-04 22:02:00,4172.00,4172.00,4171.75,4171.75,82
2023-01-04 22:03:00,4171.75,4172.00,4171.50,4171.50,77
2023-01-04 22:04:00,4171.50,4171.75,4171.00,4171.00,124
2023-01-04 22:05:00,4170.75,4171.00,4170.25,4170.50,183
2023-01-04 22:06:00,4170.50,4171.25,4170.50,4171.25,90
2023-01-04 22:07:00,4171.00,4172.25,4171.00,4172.00,167
2023-01-04 22:08:00,4172.25,4173.25,4172.25,4173.25,175
2023-01-04 22:09:00,4173.25,4173.50,4173.00,4173.25,195
2023-01-04 22:10:00,4173.25,4173.50,4173.00,4173.50,77
2023-01-04 22:11:00,4173.75,4173.75,4172.25,4172.75,146
2023-01-04 22:12:00,4172.75,4173.75,4172.50,4173.25,94
2023-01-04 22:13:00,4173.25,4174.00,4173.25,4173.75,105
2023-01-04 22:14:00,4173.75,4174.25,4173.50,4173.50,161
2023-01-04 22:15:00,4173.50,4174.25,4173.50,4173.75,122
2023-01-04 22:16:00,4173.75,4174.25,4173.75,4174.00,115
2023-01-04 22:17:00,4173.75,4174.50,4173.75,4174.00,121
2023-01-04 22:18:00,4174.25,4174.50,4174.00,4174.00,102
2023-01-04 22:19:00,4174.25,4175.25,4174.25,4175.00,309
2023-01-04 22:20:00,4175.00,4175.00,4174.25,4174.25,146
2023-01-04 22:21:00,4174.50,4174.50,4174.25,4174.50,60
2023-01-04 22:22:00,4174.50,4174.50,4174.00,4174.25,52
2023-01-04 22:23:00,4174.25,4174.25,4173.50,4173.75,105
2023-01-04 22:24:00,4173.75,4173.75,4172.75,4172.75,110
2023-01-04 22:25:00,4172.75,4173.50,4172.75,4173.00,99
2023-01-04 22:26:00,4173.00,4173.00,4171.75,4172.50,177
2023-01-04 22:27:00,4172.50,4172.50,4172.25,4172.50,31
2023-01-04 22:28:00,4172.50,4172.50,4172.25,4172.50,62
2023-01-04 22:29:00,4172.25,4172.25,4171.50,4172.00,241
2023-01-04 22:30:00,4172.25,4173.50,4172.00,4173.50,132
2023-01-04 22:31:00,4173.50,4173.50,4172.75,4173.25,45
2023-01-04 22:32:00,4173.25,4174.00,4173.25,4174.00,77
2023-01-04 22:33:00,4174.00,4174.25,4174.00,4174.00,56
2023-01-04 22:34:00,4174.00,4174.25,4173.00,4173.00,95
2023-01-04 22:35:00,4173.00,4173.00,4172.25,4172.25,63
2023-01-04 22:36:00,4172.25,4172.50,4171.75,4171.75,134
2023-01-04 22:37:00,4172.00,4172.75,4171.50,4172.50,105
2023-01-04 22:38:00,4172.75,4173.25,4172.50,4172.75,147
2023-01-04 22:39:00,4173.00,4174.00,4173.00,4174.00,100
2023-01-04 22:40:00,4173.75,4173.75,4172.50,4172.75,143
2023-01-04 22:41:00,4172.75,4173.00,4172.75,4173.00,33
2023-01-04 22:42:00,4173.00,4173.00,4172.00,4172.00,47
2023-01-04 22:43:00,4172.00,4172.25,4172.00,4172.25,57
2023-01-04 22:44:00,4172.25,4172.25,4172.00,4172.25,36
2023-01-04 22:45:00,4172.50,4172.75,4172.25,4172.75,65
2023-01-04 22:46:00,4173.00,4173.50,4173.00,4173.50,27
2023-01-04 22:47:00,4173.25,4173.25,4173.00,4173.25,54
2023-01-04 22:48:00,4173.25,4173.25,4172.75,4172.75,56
2023-01-04 22:49:00,4173.00,4173.00,4172.25,4172.50,122
2023-01-04 22:50:00,4172.50,4172.50,4172.00,4172.25,70
2023-01-04 22:51:00,4172.00,4172.25,4171.50,4171.75,86
2023-01-04 22:52:00,4171.75,4172.00,4171.25,4171.25,193
2023-01-04 22:53:00,4171.25,4172.50,4170.75,4172.00,414
2023-01-04 22:54:00,4171.75,4172.50,4171.50,4171.75,139
2023-01-04 22:55:00,4171.75,4172.25,4171.75,4172.25,115
2023-01-04 22:56:00,4172.25,4173.00,4172.00,4172.50,172
2023-01-04 22:57:00,4172.50,4173.00,4172.50,4172.75,43
2023-01-04 22:58:00,4173.00,4173.00,4172.75,4172.75,39
2023-01-04 22:59:00,4172.75,4173.25,4172.75,4173.00,70
2023-01-04 23:00:00,4173.00,4173.75,4172.75,4173.75,230
2023-01-04 23:01:00,4173.75,4175.00,4173.50,4174.75,377
2023-01-04 23:02:00,4174.50,4174.75,4174.50,4174.50,66
2023-01-04 23:03:00,4174.50,4175.25,4174.25,4175.25,193
2023-01-04 23:04:00,4175.00,4175.25,4174.25,4174.25,102
2023-01-04 23:05:00,4174.25,4174.50,4174.00,4174.25,43
2023-01-04 23:06:00,4174.50,4174.50,4173.50,4173.75,180
2023-01-04 23:07:00,4173.50,4173.75,4173.25,4173.75,79
2023-01-04 23:08:00,4173.75,4173.75,4173.25,4173.25,31
2023-01-04 23:09:00,4173.50,4173.75,4173.25,4173.50,47
2023-01-04 23:10:00,4173.50,4174.00,4173.50,4173.50,40
2023-01-04 23:11:00,4173.75,4173.75,4173.50,4173.75,17
2023-01-04 23:12:00,4173.75,4173.75,4173.50,4173.75,55
2023-01-04 23:13:00,4173.75,4174.00,4173.75,4174.00,25
2023-01-04 23:14:00,4174.00,4174.50,4174.00,4174.25,63
2023-01-04 23:15:00,4174.25,4175.25,4174.25,4175.25,78
2023-01-04 23:16:00,4175.25,4175.50,4174.75,4174.75,147
2023-01-04 23:17:00,4174.75,4175.25,4174.75,4175.00,41
2023-01-04 23:18:00,4175.25,4175.75,4175.25,4175.75,70
2023-01-04 23:19:00,4175.75,4176.50,4175.50,4176.25,293
2023-01-04 23:20:00,4176.25,4176.75,4176.00,4176.75,158
2023-01-04 23:21:00,4176.50,4178.00,4176.50,4178.00,415
2023-01-04 23:22:00,4178.00,4178.50,4177.50,4177.75,188
2023-01-04 23:23:00,4177.50,4177.75,4177.25,4177.75,91
2023-01-04 23:24:00,4177.75,4177.75,4177.50,4177.75,58
2023-01-04 23:25:00,4177.75,4178.25,4177.50,4178.25,143
2023-01-04 23:26:00,4178.00,4178.50,4178.00,4178.50,196
2023-01-04 23:27:00,4178.25,4178.25,4177.75,4178.00,129
2023-01-04 23:28:00,4178.25,4178.75,4178.25,4178.75,118
2023-01-04 23:29:00,4178.75,4179.50,4178.75,4179.50,356
2023-01-04 23:30:00,4179.50,4180.50,4179.50,4180.00,357
2023-01-04 23:31:00,4180.00,4181.25,4180.00,4180.25,423
2023-01-04 23:32:00,4180.25,4181.25,4180.25,4181.00,125
2023-01-04 23:33:00,4181.00,4181.25,4180.50,4180.75,160
2023-01-04 23:34:00,4181.00,4181.50,4181.00,4181.25,116
2023-01-04 23:35:00,4181.50,4181.75,4181.00,4181.25,341
2023-01-04 23:36:00,4181.00,4181.50,4181.00,4181.50,113
2023-01-04 23:37:00,4181.50,4182.25,4181.50,4181.75,300
2023-01-04 23:38:00,4181.75,4182.00,4181.25,4181.25,177
2023-01-04 23:39:00,4181.25,4181.25,4180.75,4181.00,133
2023-01-04 23:40:00,4181.00,4181.75,4181.00,4181.50,125
2023-01-04 23:41:00,4181.50,4181.50,4181.00,4181.00,72
2023-01-04 23:42:00,4181.00,4181.00,4180.50,4180.75,141
2023-01-04 23:43:00,4181.00,4181.50,4180.75,4181.50,98
2023-01-04 23:44:00,4181.25,4183.25,4181.25,4183.25,470
2023-01-04 23:45:00,4183.25,4183.25,4182.00,4182.25,228
2023-01-04 23:46:00,4182.25,4183.00,4182.25,4182.25,94
2023-01-04 23:47:00,4182.25,4182.50,4181.75,4181.75,80
2023-01-04 23:48:00,4181.75,4181.75,4181.75,4181.75,58
2023-01-04 23:49:00,4181.75,4182.25,4181.75,4182.00,76
2023-01-04 23:50:00,4181.75,4182.00,4181.75,4181.75,27
2023-01-04 23:51:00,4182.00,4182.50,4182.00,4182.25,47
2023-01-04 23:52:00,4182.00,4182.00,4181.00,4181.00,54
2023-01-04 23:53:00,4181.25,4181.50,4181.00,4181.00,90
2023-01-04 23:54:00,4181.25,4181.50,4181.25,4181.50,98
2023-01-04 23:55:00,4181.50,4181.75,4181.50,4181.75,23
2023-01-04 23:56:00,4181.75,4182.25,4181.50,4182.25,99
2023-01-04 23:57:00,4182.00,4182.25,4181.75,4182.00,27
2023-01-04 23:58:00,4182.00,4182.50,4182.00,4182.50,103
2023-01-04 23:59:00,4182.50,4182.50,4181.75,4182.00,74
2023-01-05 00:00:00,4182.25,4183.00,4182.25,4182.75,252
2023-01-05 00:01:00,4182.50,4182.50,4182.25,4182.25,107
2023-01-05 00:02:00,4182.00,4182.25,4182.00,4182.25,44
2023-01-05 00:03:00,4182.25,4182.75,4182.00,4182.25,86
2023-01-05 00:04:00,4182.25,4182.75,4182.00,4182.50,80
2023-01-05 00:05:00,4182.50,4182.50,4182.00,4182.00,49
2023-01-05 00:06:00,4182.00,4182.50,4182.00,4182.50,34
2023-01-05 00:07:00,4182.50,4182.75,4181.75,4182.25,80
2023-01-05 00:08:00,4182.25,4182.50,4182.00,4182.25,65
2023-01-05 00:09:00,4182.25,4183.00,4182.00,4183.00,121
2023-01-05 00:10:00,4183.00,4183.00,4182.75,4183.00,73
2023-01-05 00:11:00,4182.75,4183.25,4182.75,4183.25,92
2023-01-05 00:12:00,4183.25,4184.00,4183.25,4183.75,245
2023-01-05 00:13:00,4183.75,4184.00,4183.75,4183.75,52
2023-01-05 00:14:00,4183.75,4184.00,4183.75,4183.75,59
2023-01-05 00:15:00,4184.00,4184.00,4183.00,4183.00,148
2023-01-05 00:16:00,4183.00,4183.00,4182.25,4182.25,94
2023-01-05 00:17:00,4182.25,4182.50,4182.25,4182.25,80
2023-01-05 00:18:00,4182.25,4182.25,4181.75,4181.75,79
2023-01-05 00:19:00,4181.75,4182.25,4181.75,4182.00,56
2023-01-05 00:20:00,4182.00,4182.00,4181.50,4181.50,65
2023-01-05 00:21:00,4181.75,4181.75,4181.50,4181.50,54
2023-01-05 00:22:00,4181.50,4181.75,4181.00,4181.25,125
2023-01-05 00:23:00,4181.50,4181.75,4180.75,4180.75,123
2023-01-05 00:24:00,4180.75,4181.00,4180.50,4181.00,98
2023-01-05 00:25:00,4181.00,4181.50,4180.50,4180.75,93
2023-01-05 00:26:00,4180.75,4180.75,4180.50,4180.50,25
2023-01-05 00:27:00,4180.50,4180.50,4180.00,4180.00,121
2023-01-05 00:28:00,4180.00,4180.75,4180.00,4180.75,64
2023-01-05 00:29:00,4180.50,4180.75,4180.25,4180.75,65
2023-01-05 00:30:00,4180.75,4181.50,4180.25,4181.25,158
2023-01-05 00:31:00,4181.25,4181.50,4181.00,4181.00,92
2023-01-05 00:32:00,4181.25,4181.25,4180.50,4180.50,89
2023-01-05 00:33:00,4180.50,4181.25,4180.50,4181.25,57
2023-01-05 00:34:00,4181.00,4181.50,4181.00,4181.50,48
2023-01-05 00:35:00,4181.50,4182.50,4181.25,4182.25,144
2023-01-05 00:36:00,4182.00,4182.50,4182.00,4182.00,78
2023-01-05 00:37:00,4182.00,4182.50,4182.00,4182.25,93
2023-01-05 00:38:00,4182.25,4182.25,4181.50,4181.75,120
2023-01-05 00:39:00,4181.75,4181.75,4181.50,4181.75,33
2023-01-05 00:40:00,4181.75,4183.00,4181.75,4183.00,187
2023-01-05 00:41:00,4183.00,4183.00,4182.50,4182.75,118
2023-01-05 00:42:00,4182.75,4183.00,4182.25,4182.25,82
2023-01-05 00:43:00,4182.50,4182.75,4182.25,4182.50,173
2023-01-05 00:44:00,4182.25,4182.25,4181.75,4181.75,96
2023-01-05 00:45:00,4181.75,4181.75,4181.00,4181.25,166
2023-01-05 00:46:00,4181.25,4181.75,4181.25,4181.75,80
2023-01-05 00:47:00,4181.75,4182.00,4181.75,4182.00,101
2023-01-05 00:48:00,4182.00,4182.25,4182.00,4182.00,74
2023-01-05 00:49:00,4182.00,4182.00,4181.75,4181.75,52
2023-01-05 00:50:00,4181.50,4181.50,4180.50,4180.50,157
2023-01-05 00:51:00,4180.75,4181.75,4180.75,4181.50,119
2023-01-05 00:52:00,4181.50,4181.75,4181.00,4181.00,118
2023-01-05 00:53:00,4181.00,4181.00,4180.50,4180.50,58
2023-01-05 00:54:00,4180.50,4180.75,4180.25,4180.25,46
2023-01-05 00:55:00,4180.50,4180.75,4180.50,4180.75,83
2023-01-05 00:56:00,4180.50,4181.00,4180.50,4180.75,129
2023-01-05 00:57:00,4180.75,4180.75,4180.75,4180.75,35
2023-01-05 00:58:00,4180.75,4181.00,4180.50,4180.50,57
2023-01-05 00:59:00,4180.75,4181.75,4180.50,4181.75,223
2023-01-05 01:00:00,4181.75,4182.25,4180.75,4180.75,254
2023-01-05 01:01:00,4181.00,4181.25,4180.50,4180.50,169
2023-01-05 01:02:00,4180.50,4181.50,4180.50,4180.75,121
2023-01-05 01:03:00,4180.50,4180.50,4179.00,4179.75,569
2023-01-05 01:04:00,4179.75,4180.50,4179.75,4180.25,118
2023-01-05 01:05:00,4180.25,4180.75,4179.00,4179.25,448
2023-01-05 01:06:00,4179.25,4181.00,4179.25,4181.00,184
2023-01-05 01:07:00,4181.00,4181.25,4180.75,4181.25,124
2023-01-05 01:08:00,4181.50,4182.00,4181.25,4181.25,124
2023-01-05 01:09:00,4181.50,4182.50,4181.25,4182.00,175
2023-01-05 01:10:00,4182.00,4182.00,4180.75,4181.50,99
2023-01-05 01:11:00,4181.50,4182.75,4181.50,4182.50,63
2023-01-05 01:12:00,4182.50,4183.00,4182.50,4182.75,246
2023-01-05 01:13:00,4182.75,4183.50,4182.50,4183.00,216
2023-01-05 01:14:00,4182.75,4183.25,4182.50,4183.00,116
2023-01-05 01:15:00,4183.00,4183.00,4182.00,4182.25,125
2023-01-05 01:16:00,4182.25,4183.25,4182.25,4183.00,78
2023-01-05 01:17:00,4183.00,4183.00,4182.50,4182.75,60
2023-01-05 01:18:00,4182.50,4182.50,4182.00,4182.25,45
2023-01-05 01:19:00,4182.25,4182.25,4181.25,4181.25,52
2023-01-05 01:20:00,4181.50,4181.50,4181.00,4181.25,67
2023-01-05 01:21:00,4181.25,4181.25,4180.75,4181.00,76
2023-01-05 01:22:00,4181.00,4181.25,4180.75,4181.25,39
2023-01-05 01:23:00,4181.00,4181.00,4180.50,4180.75,38
2023-01-05 01:24:00,4181.00,4181.00,4180.50,4181.00,63
2023-01-05 01:25:00,4181.00,4181.00,4180.75,4181.00,67
2023-01-05 01:26:00,4181.00,4181.00,4181.00,4181.00,37
2023-01-05 01:27:00,4181.00,4181.00,4180.75,4181.00,25
2023-01-05 01:28:00,4180.75,4181.00,4180.25,4180.25,51
2023-01-05 01:29:00,4180.50,4180.50,4179.75,4180.50,83
2023-01-05 01:30:00,4180.00,4180.50,4179.75,4179.75,68
2023-01-05 01:31:00,4179.75,4179.75,4179.25,4179.25,55
2023-01-05 01:32:00,4179.50,4180.00,4179.50,4180.00,32
2023-01-05 01:33:00,4180.00,4180.00,4179.50,4179.75,66
2023-01-05 01:34:00,4179.75,4179.75,4179.50,4179.50,60
2023-01-05 01:35:00,4179.25,4179.25,4179.00,4179.00,76
2023-01-05 01:36:00,4179.00,4179.50,4179.00,4179.00,54
2023-01-05 01:37:00,4179.25,4179.25,4178.50,4178.75,100
2023-01-05 01:38:00,4178.75,4179.50,4178.75,4179.25,34
2023-01-05 01:39:00,4179.25,4179.75,4179.25,4179.50,22
2023-01-05 01:40:00,4179.50,4180.00,4179.50,4180.00,43
2023-01-05 01:41:00,4180.00,4180.50,4180.00,4180.50,32
2023-01-05 01:42:00,4180.25,4180.50,4179.75,4180.00,51
2023-01-05 01:43:00,4180.25,4180.25,4179.75,4180.00,48
2023-01-05 01:44:00,4180.00,4180.00,4179.75,4180.00,29
2023-01-05 01:45:00,4179.75,4179.75,4179.50,4179.50,29
2023-01-05 01:46:00,4179.50,4179.50,4178.75,4179.00,66
2023-01-05 01:47:00,4179.00,4179.25,4178.75,4178.75,58
2023-01-05 01:48:00,4179.00,4179.00,4178.25,4178.50,118
2023-01-05 01:49:00,4178.50,4179.25,4178.25,4179.25,69
2023-01-05 01:50:00,4179.00,4179.25,4178.50,4179.25,72
2023-01-05 01:51:00,4179.00,4179.00,4178.75,4179.00,35
2023-01-05 01:52:00,4178.75,4179.00,4176.50,4177.00,203
2023-01-05 01:53:00,4177.00,4177.00,4176.25,4176.25,257
2023-01-05 01:54:00,4176.50,4176.50,4174.50,4174.75,357
2023-01-05 01:55:00,4174.75,4175.50,4174.25,4175.00,235
2023-01-05 01:56:00,4175.25,4175.25,4174.00,4174.00,143
2023-01-05 01:57:00,4174.25,4175.00,4174.25,4174.50,85
2023-01-05 01:58:00,4174.50,4175.25,4174.25,4174.75,76
2023-01-05 01:59:00,4174.75,4174.75,4173.00,4173.00,232
2023-01-05 02:00:00,4173.00,4174.50,4173.00,4174.50,187
2023-01-05 02:01:00,4174.25,4176.25,4174.00,4176.25,372
2023-01-05 02:02:00,4176.25,4176.75,4174.50,4175.50,269
2023-01-05 02:03:00,4175.25,4175.50,4173.50,4173.75,261
2023-01-05 02:04:00,4174.00,4174.50,4173.00,4174.00,334
2023-01-05 02:05:00,4174.25,4174.50,4173.00,4174.50,231
2023-01-05 02:06:00,4174.75,4175.00,4173.75,4174.00,181
2023-01-05 02:07:00,4173.75,4175.00,4173.50,4174.50,136
2023-01-05 02:08:00,4174.50,4175.00,4174.00,4174.50,81
2023-01-05 02:09:00,4174.25,4174.75,4174.00,4174.50,91
2023-01-05 02:10:00,4174.25,4174.25,4174.00,4174.00,58
2023-01-05 02:11:00,4173.75,4174.00,4173.00,4173.50,205
2023-01-05 02:12:00,4173.25,4174.00,4173.00,4174.00,84
2023-01-05 02:13:00,4174.25,4174.50,4173.50,4174.25,109
2023-01-05 02:14:00,4174.50,4175.00,4174.50,4175.00,190
2023-01-05 02:15:00,4174.75,4175.25,4174.50,4175.25,108
2023-01-05 02:16:00,4175.25,4175.75,4175.00,4175.25,71
2023-01-05 02:17:00,4175.25,4175.75,4175.25,4175.75,70
2023-01-05 02:18:00,4175.50,4176.00,4175.50,4175.50,131
2023-01-05 02:19:00,4175.25,4175.25,4175.00,4175.00,85
2023-01-05 02:20:00,4175.00,4176.50,4175.00,4176.50,108
2023-01-05 02:21:00,4176.50,4177.00,4176.00,4176.00,145
2023-01-05 02:22:00,4176.00,4176.25,4175.00,4175.50,83
2023-01-05 02:23:00,4175.75,4176.75,4175.75,4176.25,115
2023-01-05 02:24:00,4176.25,4176.50,4175.75,4175.75,125
2023-01-05 02:25:00,4175.75,4175.75,4174.75,4174.75,112
2023-01-05 02:26:00,4174.75,4175.75,4174.75,4175.50,99
2023-01-05 02:27:00,4175.25,4175.25,4174.75,4175.00,34
2023-01-05 02:28:00,4175.00,4175.75,4175.00,4175.50,127
2023-01-05 02:29:00,4175.50,4176.00,4174.75,4175.25,86
2023-01-05 02:30:00,4175.00,4176.00,4174.50,4175.75,154
2023-01-05 02:31:00,4175.50,4176.00,4175.25,4175.50,64
2023-01-05 02:32:00,4175.50,4176.75,4175.25,4176.75,114
2023-01-05 02:33:00,4176.50,4177.00,4174.75,4175.25,290
2023-01-05 02:34:00,4175.25,4175.25,4173.25,4174.00,366
2023-01-05 02:35:00,4173.75,4174.75,4173.75,4174.75,128
2023-01-05 02:36:00,4174.50,4175.00,4174.00,4175.00,107
2023-01-05 02:37:00,4174.75,4175.00,4174.25,4175.00,125
2023-01-05 02:38:00,4175.25,4176.00,4174.50,4175.75,133
2023-01-05 02:39:00,4175.50,4175.50,4175.00,4175.50,112
2023-01-05 02:40:00,4175.50,4176.00,4175.00,4176.00,98
2023-01-05 02:41:00,4176.00,4176.25,4175.50,4176.25,79
2023-01-05 02:42:00,4176.00,4176.25,4175.25,4176.25,161
2023-01-05 02:43:00,4176.25,4176.50,4175.50,4176.00,140
2023-01-05 02:44:00,4175.75,4176.00,4174.75,4175.00,107
2023-01-05 02:45:00,4175.25,4175.25,4174.25,4175.00,153
2023-01-05 02:46:00,4174.75,4175.00,4173.75,4173.75,139
2023-01-05 02:47:00,4173.75,4173.75,4172.50,4172.75,251
2023-01-05 02:48:00,4172.75,4173.00,4172.00,4172.25,224
2023-01-05 02:49:00,4172.00,4172.25,4170.75,4170.75,392
2023-01-05 02:50:00,4171.00,4171.25,4170.00,4170.75,356
2023-01-05 02:51:00,4170.75,4171.00,4170.00,4170.50,353
2023-01-05 02:52:00,4170.50,4171.00,4170.00,4170.00,229
2023-01-05 02:53:00,4170.00,4170.00,4169.50,4169.50,177
2023-01-05 02:54:00,4169.75,4171.75,4169.50,4171.50,293
2023-01-05 02:55:00,4171.75,4172.00,4171.25,4171.25,152
2023-01-05 02:56:00,4171.25,4171.50,4170.25,4170.25,171
2023-01-05 02:57:00,4170.50,4170.50,4170.00,4170.25,93
2023-01-05 02:58:00,4170.25,4171.25,4170.25,4171.00,124
2023-01-05 02:59:00,4171.00,4171.75,4170.75,4171.75,174
2023-01-05 03:00:00,4171.75,4173.25,4171.50,4172.50,785
2023-01-05 03:01:00,4172.50,4172.75,4171.00,4172.75,399
2023-01-05 03:02:00,4172.75,4175.00,4172.00,4174.75,468
2023-01-05 03:03:00,4174.75,4174.75,4172.50,4172.50,391
2023-01-05 03:04:00,4172.75,4173.75,4172.50,4173.50,324
2023-01-05 03:05:00,4173.75,4174.50,4173.00,4173.25,288
2023-01-05 03:06:00,4173.00,4175.00,4172.25,4174.75,449
2023-01-05 03:07:00,4174.50,4174.75,4173.50,4174.25,324
2023-01-05 03:08:00,4174.50,4175.50,4174.25,4174.50,337
2023-01-05 03:09:00,4174.50,4175.00,4173.50,4173.50,280
2023-01-05 03:10:00,4173.50,4174.50,4173.25,4173.75,291
2023-01-05 03:11:00,4173.25,4173.25,4171.00,4171.25,345
2023-01-05 03:12:00,4171.00,4174.25,4171.00,4174.00,410
2023-01-05 03:13:00,4174.00,4175.50,4173.50,4175.00,455
2023-01-05 03:14:00,4175.00,4176.00,4174.00,4175.50,305
2023-01-05 03:15:00,4175.50,4176.50,4173.25,4174.50,344
2023-01-05 03:16:00,4174.50,4175.25,4174.25,4174.50,182
2023-01-05 03:17:00,4174.25,4175.25,4173.50,4174.25,231
2023-01-05 03:18:00,4174.25,4175.75,4174.25,4175.75,149
2023-01-05 03:19:00,4175.50,4176.50,4174.50,4174.75,313
2023-01-05 03:20:00,4174.75,4175.25,4173.75,4174.25,210
2023-01-05 03:21:00,4174.25,4175.00,4173.75,4174.50,202
2023-01-05 03:22:00,4174.75,4174.75,4173.00,4173.50,307
2023-01-05 03:23:00,4173.50,4174.75,4172.75,4174.25,246
2023-01-05 03:24:00,4174.50,4175.25,4174.50,4174.75,253
2023-01-05 03:25:00,4174.25,4175.00,4173.50,4175.00,208
2023-01-05 03:26:00,4174.75,4175.75,4174.75,4175.75,183
2023-01-05 03:27:00,4175.75,4176.25,4175.00,4176.00,237
2023-01-05 03:28:00,4176.25,4176.75,4175.50,4176.00,311
2023-01-05 03:29:00,4175.50,4175.75,4173.75,4174.25,325
2023-01-05 03:30:00,4174.25,4175.25,4173.75,4174.75,135
2023-01-05 03:31:00,4174.50,4174.50,4173.25,4173.50,245
2023-01-05 03:32:00,4173.50,4175.50,4173.50,4175.00,180
2023-01-05 03:33:00,4175.25,4176.25,4175.00,4175.00,202
2023-01-05 03:34:00,4175.25,4175.25,4174.00,4174.00,186
2023-01-05 03:35:00,4173.75,4174.00,4172.75,4173.00,205
2023-01-05 03:36:00,4172.75,4173.50,4172.00,4172.25,323
2023-01-05 03:37:00,4172.00,4172.50,4170.00,4170.00,493
2023-01-05 03:38:00,4169.75,4170.75,4166.25,4167.00,1118
2023-01-05 03:39:00,4167.00,4168.50,4165.75,4168.00,861
2023-01-05 03:40:00,4168.00,4168.75,4167.00,4167.25,501
2023-01-05 03:41:00,4167.00,4167.50,4166.50,4167.00,345
2023-01-05 03:42:00,4167.25,4167.75,4166.75,4167.75,297
2023-01-05 03:43:00,4167.75,4169.25,4167.75,4168.25,338
2023-01-05 03:44:00,4168.25,4168.75,4167.50,4168.50,185
2023-01-05 03:45:00,4168.50,4170.25,4168.25,4170.00,314
2023-01-05 03:46:00,4170.00,4170.25,4168.50,4169.75,356
2023-01-05 03:47:00,4170.00,4171.75,4170.00,4171.00,391
2023-01-05 03:48:00,4171.00,4172.25,4170.75,4171.00,199
2023-01-05 03:49:00,4171.00,4171.75,4170.00,4170.50,212
2023-01-05 03:50:00,4170.75,4171.75,4170.50,4171.75,174
2023-01-05 03:51:00,4171.50,4172.00,4171.25,4172.00,131
2023-01-05 03:52:00,4171.75,4172.25,4170.75,4171.00,197
2023-01-05 03:53:00,4171.25,4171.50,4170.25,4171.25,144
2023-01-05 03:54:00,4171.25,4172.75,4171.25,4172.50,214
2023-01-05 03:55:00,4172.50,4172.50,4170.75,4171.75,206
2023-01-05 03:56:00,4171.75,4173.00,4171.25,4172.75,185
2023-01-05 03:57:00,4172.75,4174.50,4172.50,4174.50,187
2023-01-05 03:58:00,4174.25,4174.25,4173.00,4173.50,187
2023-01-05 03:59:00,4173.50,4174.25,4173.50,4174.00,139
2023-01-05 04:00:00,4174.25,4174.75,4173.75,4174.50,353
2023-01-05 04:01:00,4174.50,4174.50,4173.50,4174.00,245
2023-01-05 04:02:00,4174.00,4174.75,4173.75,4173.75,141
2023-01-05 04:03:00,4173.75,4174.25,4172.25,4172.50,251
2023-01-05 04:04:00,4172.25,4173.50,4171.75,4173.00,277
2023-01-05 04:05:00,4173.00,4173.50,4172.25,4173.25,149
2023-01-05 04:06:00,4173.50,4174.00,4172.25,4172.75,451
2023-01-05 04:07:00,4173.00,4173.25,4171.75,4172.00,429
2023-01-05 04:08:00,4172.00,4172.75,4171.75,4171.75,167
2023-01-05 04:09:00,4171.75,4172.00,4170.00,4170.25,215
2023-01-05 04:10:00,4170.00,4170.75,4169.75,4170.50,213
2023-01-05 04:11:00,4170.50,4171.25,4170.25,4171.25,184
2023-01-05 04:12:00,4171.25,4171.25,4170.75,4171.25,202
2023-01-05 04:13:00,4171.25,4173.00,4171.00,4173.00,192
2023-01-05 04:14:00,4172.75,4173.25,4172.25,4173.00,128
2023-01-05 04:15:00,4173.00,4174.25,4173.00,4174.00,173
2023-01-05 04:16:00,4174.00,4174.50,4173.75,4174.25,154
2023-01-05 04:17:00,4174.50,4176.25,4173.75,4176.00,360
2023-01-05 04:18:00,4176.25,4179.25,4175.75,4177.75,892
2023-01-05 04:19:00,4177.75,4179.25,4177.75,4178.25,257
2023-01-05 04:20:00,4178.25,4179.25,4176.75,4177.25,431
2023-01-05 04:21:00,4177.50,4178.75,4177.50,4178.00,245
2023-01-05 04:22:00,4178.00,4179.00,4177.50,4178.50,188
2023-01-05 04:23:00,4178.50,4179.25,4178.25,4179.00,185
2023-01-05 04:24:00,4179.25,4180.25,4179.00,4179.00,267
2023-01-05 04:25:00,4179.25,4179.25,4176.75,4177.25,359
2023-01-05 04:26:00,4177.50,4178.25,4177.25,4177.50,136
2023-01-05 04:27:00,4177.25,4178.00,4177.25,4177.50,140
2023-01-05 04:28:00,4177.75,4178.00,4177.25,4177.50,194
2023-01-05 04:29:00,4177.50,4177.50,4176.75,4177.50,151
2023-01-05 04:30:00,4177.50,4178.50,4177.00,4177.00,168
2023-01-05 04:31:00,4177.00,4178.00,4176.75,4177.75,157
2023-01-05 04:32:00,4177.75,4178.00,4176.75,4177.25,173
2023-01-05 04:33:00,4177.50,4177.50,4175.25,4175.25,344
2023-01-05 04:34:00,4175.25,4175.50,4175.00,4175.50,203
2023-01-05 04:35:00,4175.50,4176.25,4175.50,4176.00,162
2023-01-05 04:36:00,4176.25,4176.75,4175.25,4175.75,171
2023-01-05 04:37:00,4175.75,4176.00,4174.75,4175.25,183
2023-01-05 04:38:00,4175.00,4176.00,4174.75,4176.00,226
2023-01-05 04:39:00,4176.00,4177.75,4176.00,4177.50,196
2023-01-05 04:40:00,4177.50,4178.50,4177.00,4178.50,170
2023-01-05 04:41:00,4178.50,4179.00,4177.50,4178.00,249
2023-01-05 04:42:00,4178.00,4178.25,4177.50,4178.00,153
2023-01-05 04:43:00,4178.00,4178.00,4176.25,4176.75,146
2023-01-05 04:44:00,4176.75,4177.00,4175.00,4175.50,234
2023-01-05 04:45:00,4175.50,4177.50,4175.50,4177.00,324
2023-01-05 04:46:00,4177.00,4177.25,4175.75,4176.25,162
2023-01-05 04:47:00,4176.00,4176.50,4175.50,4176.50,136
2023-01-05 04:48:00,4176.25,4176.75,4175.75,4176.50,170
2023-01-05 04:49:00,4176.75,4178.00,4176.75,4177.75,228
2023-01-05 04:50:00,4178.00,4178.00,4176.75,4176.75,186
2023-01-05 04:51:00,4177.00,4177.75,4176.00,4176.00,189
2023-01-05 04:52:00,4176.00,4176.25,4175.00,4175.75,208
2023-01-05 04:53:00,4176.00,4176.25,4175.25,4175.75,104
2023-01-05 04:54:00,4175.75,4177.00,4175.75,4177.00,104
2023-01-05 04:55:00,4177.00,4177.75,4176.75,4177.50,193
2023-01-05 04:56:00,4177.50,4179.50,4177.25,4178.75,302
2023-01-05 04:57:00,4178.75,4179.50,4178.50,4179.25,276
2023-01-05 04:58:00,4179.25,4179.50,4178.75,4179.50,229
2023-01-05 04:59:00,4179.50,4181.50,4179.50,4181.25,341
2023-01-05 05:00:00,4181.25,4181.75,4179.50,4181.50,480
2023-01-05 05:01:00,4181.25,4182.75,4181.00,4182.00,412
2023-01-05 05:02:00,4182.00,4185.00,4182.00,4184.75,656
2023-01-05 05:03:00,4184.50,4185.50,4184.25,4185.00,636
2023-01-05 05:04:00,4184.75,4186.00,4184.50,4184.50,574
2023-01-05 05:05:00,4184.25,4185.00,4182.75,4183.25,500
2023-01-05 05:06:00,4183.00,4183.00,4181.50,4181.50,218
2023-01-05 05:07:00,4181.50,4182.75,4181.25,4182.00,215
2023-01-05 05:08:00,4182.00,4182.25,4181.00,4182.00,129
2023-01-05 05:09:00,4181.75,4182.25,4181.50,4182.25,122
2023-01-05 05:10:00,4182.50,4183.00,4182.00,4182.50,406
2023-01-05 05:11:00,4182.75,4183.00,4182.00,4182.50,168
2023-01-05 05:12:00,4182.25,4182.75,4181.75,4182.75,137
2023-01-05 05:13:00,4182.50,4182.50,4181.75,4182.25,131
2023-01-05 05:14:00,4182.00,4182.00,4181.50,4181.75,112
2023-01-05 05:15:00,4182.00,4183.50,4181.75,4183.00,215
2023-01-05 05:16:00,4183.00,4185.00,4183.00,4184.75,279
2023-01-05 05:17:00,4184.75,4185.25,4184.00,4184.75,180
2023-01-05 05:18:00,4184.50,4185.00,4183.75,4183.75,157
2023-01-05 05:19:00,4184.00,4184.75,4183.75,4184.50,70
2023-01-05 05:20:00,4184.25,4185.50,4183.75,4185.50,279
2023-01-05 05:21:00,4185.50,4186.75,4185.50,4185.50,558
2023-01-05 05:22:00,4185.25,4186.00,4184.25,4184.75,235
2023-01-05 05:23:00,4184.75,4186.00,4184.75,4185.50,148
2023-01-05 05:24:00,4185.25,4185.50,4184.75,4185.25,100
2023-01-05 05:25:00,4185.25,4186.00,4185.00,4185.00,119
2023-01-05 05:26:00,4185.25,4185.50,4184.25,4184.50,155
2023-01-05 05:27:00,4184.75,4185.00,4183.50,4183.50,447
2023-01-05 05:28:00,4183.50,4184.50,4183.25,4183.75,156
2023-01-05 05:29:00,4183.75,4184.00,4183.25,4183.75,81
2023-01-05 05:30:00,4184.00,4184.75,4183.75,4183.75,228
2023-01-05 05:31:00,4183.75,4184.50,4183.25,4184.25,200
2023-01-05 05:32:00,4184.25,4184.50,4183.25,4183.25,125
2023-01-05 05:33:00,4183.50,4184.00,4183.25,4183.75,98
2023-01-05 05:34:00,4184.00,4184.25,4183.50,4184.00,116
2023-01-05 05:35:00,4183.75,4185.00,4183.75,4184.75,137
2023-01-05 05:36:00,4184.50,4185.00,4184.00,4184.50,131
2023-01-05 05:37:00,4184.75,4185.25,4184.75,4184.75,61
2023-01-05 05:38:00,4185.00,4186.00,4184.75,4185.50,347
2023-01-05 05:39:00,4186.00,4187.75,4186.00,4186.75,526
2023-01-05 05:40:00,4186.75,4187.25,4186.00,4186.75,147
2023-01-05 05:41:00,4186.75,4187.50,4186.50,4186.75,147
2023-01-05 05:42:00,4187.00,4188.25,4186.75,4188.25,398
2023-01-05 05:43:00,4188.00,4188.25,4187.75,4188.00,269
2023-01-05 05:44:00,4188.00,4188.75,4188.00,4188.50,358
2023-01-05 05:45:00,4188.50,4188.75,4185.75,4186.00,509
2023-01-05 05:46:00,4186.00,4186.25,4185.25,4185.50,251
2023-01-05 05:47:00,4185.75,4186.75,4185.75,4186.25,174
2023-01-05 05:48:00,4186.25,4187.25,4186.00,4186.75,99
2023-01-05 05:49:00,4186.75,4187.00,4185.25,4185.75,159
2023-01-05 05:50:00,4185.75,4186.25,4183.50,4184.25,407
2023-01-05 05:51:00,4184.25,4184.75,4184.00,4184.75,173
2023-01-05 05:52:00,4184.75,4185.25,4184.00,4184.25,91
2023-01-05 05:53:00,4184.25,4184.50,4183.25,4183.50,187
2023-01-05 05:54:00,4183.75,4185.00,4183.75,4185.00,138
2023-01-05 05:55:00,4185.00,4185.00,4184.75,4184.75,61
2023-01-05 05:56:00,4185.00,4185.50,4184.50,4185.00,116
2023-01-05 05:57:00,4185.25,4185.75,4184.50,4184.75,323
2023-01-05 05:58:00,4184.75,4186.00,4184.75,4185.50,112
2023-01-05 05:59:00,4185.75,4186.00,4185.25,4185.50,89
2023-01-05 06:00:00,4185.75,4187.25,4185.75,4186.50,446
2023-01-05 06:01:00,4186.75,4187.25,4186.25,4187.25,113
2023-01-05 06:02:00,4187.25,4187.75,4186.50,4187.50,140
2023-01-05 06:03:00,4187.75,4187.75,4186.75,4187.50,151
2023-01-05 06:04:00,4187.50,4187.75,4187.00,4187.00,122
2023-01-05 06:05:00,4187.00,4187.00,4186.50,4187.00,107
2023-01-05 06:06:00,4187.00,4187.25,4186.00,4186.25,112
2023-01-05 06:07:00,4186.25,4188.50,4186.25,4187.75,326
2023-01-05 06:08:00,4188.00,4188.25,4187.25,4188.00,210
2023-01-05 06:09:00,4188.00,4188.00,4187.25,4187.25,140
2023-01-05 06:10:00,4187.25,4189.00,4187.25,4188.75,411
2023-01-05 06:11:00,4188.75,4190.25,4188.50,4189.75,880
2023-01-05 06:12:00,4189.75,4190.50,4189.50,4190.00,359
2023-01-05 06:13:00,4189.75,4190.25,4189.25,4190.00,247
2023-01-05 06:14:00,4189.75,4190.50,4189.75,4189.75,194
2023-01-05 06:15:00,4189.75,4190.75,4189.50,4190.75,283
2023-01-05 06:16:00,4190.75,4191.25,4190.25,4190.25,282
2023-01-05 06:17:00,4190.25,4190.75,4189.50,4189.75,185
2023-01-05 06:18:00,4189.50,4189.75,4189.00,4189.00,326
2023-01-05 06:19:00,4188.75,4189.75,4188.75,4189.75,182
2023-01-05 06:20:00,4189.75,4190.00,4189.25,4189.25,103
2023-01-05 06:21:00,4189.25,4189.50,4189.00,4189.00,152
2023-01-05 06:22:00,4189.00,4189.25,4188.25,4188.25,293
2023-01-05 06:23:00,4188.25,4188.75,4188.00,4188.00,115
2023-01-05 06:24:00,4188.00,4188.00,4187.25,4187.75,267
2023-01-05 06:25:00,4187.75,4188.25,4187.25,4187.25,91
2023-01-05 06:26:00,4187.25,4187.75,4187.25,4187.50,126
2023-01-05 06:27:00,4187.50,4188.25,4187.00,4188.25,119
2023-01-05 06:28:00,4188.25,4188.25,4187.25,4187.75,165
2023-01-05 06:29:00,4188.00,4188.75,4187.75,4188.50,203
2023-01-05 06:30:00,4188.25,4188.75,4187.00,4187.25,275
2023-01-05 06:31:00,4187.25,4188.75,4187.00,4188.50,185
2023-01-05 06:32:00,4188.50,4188.50,4187.50,4187.75,212
2023-01-05 06:33:00,4187.75,4188.00,4187.50,4187.75,62
2023-01-05 06:34:00,4187.75,4188.00,4187.00,4187.75,150
2023-01-05 06:35:00,4187.75,4188.00,4187.25,4187.75,138
2023-01-05 06:36:00,4187.75,4188.00,4187.25,4187.75,146
2023-01-05 06:37:00,4187.75,4188.75,4187.75,4188.50,255
2023-01-05 06:38:00,4188.50,4189.25,4188.50,4188.50,288
2023-01-05 06:39:00,4188.25,4188.50,4187.50,4187.75,211
2023-01-05 06:40:00,4188.00,4188.00,4186.50,4186.75,273
2023-01-05 06:41:00,4186.75,4187.25,4186.50,4187.25,152
2023-01-05 06:42:00,4187.25,4187.75,4186.75,4187.25,171
2023-01-05 06:43:00,4187.25,4188.75,4187.25,4187.75,250
2023-01-05 06:44:00,4187.75,4188.50,4187.50,4188.00,142
2023-01-05 06:45:00,4188.25,4188.25,4187.50,4188.00,95
2023-01-05 06:46:00,4188.00,4188.50,4187.75,4188.50,151
2023-01-05 06:47:00,4188.50,4189.50,4188.50,4189.00,334
2023-01-05 06:48:00,4189.50,4189.50,4188.25,4188.25,54
2023-01-05 06:49:00,4188.50,4188.75,4188.00,4188.50,103
2023-01-05 06:50:00,4188.50,4188.50,4187.75,4187.75,70
2023-01-05 06:51:00,4187.50,4188.50,4187.50,4188.25,141
2023-01-05 06:52:00,4188.50,4189.50,4188.50,4189.00,186
2023-01-05 06:53:00,4188.75,4190.75,4188.75,4190.50,252
2023-01-05 06:54:00,4190.50,4192.50,4190.25,4192.25,886
2023-01-05 06:55:00,4192.00,4192.50,4190.75,4191.00,283
2023-01-05 06:56:00,4191.25,4192.00,4190.75,4191.75,350
2023-01-05 06:57:00,4191.75,4192.00,4189.50,4190.25,341
2023-01-05 06:58:00,4190.25,4190.25,4188.25,4188.50,314
2023-01-05 06:59:00,4188.50,4188.50,4188.00,4188.25,215
2023-01-05 07:00:00,4188.25,4188.25,4186.25,4186.50,486
2023-01-05 07:01:00,4186.75,4187.00,4186.00,4186.00,290
2023-01-05 07:02:00,4186.25,4186.25,4185.25,4185.50,325
2023-01-05 07:03:00,4185.75,4186.75,4185.25,4186.50,298
2023-01-05 07:04:00,4186.50,4186.75,4186.00,4186.25,190
2023-01-05 07:05:00,4186.00,4187.00,4186.00,4186.75,201
2023-01-05 07:06:00,4187.00,4187.00,4186.50,4186.75,69
2023-01-05 07:07:00,4187.00,4187.25,4187.00,4187.25,173
2023-01-05 07:08:00,4187.25,4187.25,4185.75,4185.75,267
2023-01-05 07:09:00,4186.00,4186.25,4185.50,4185.50,112
2023-01-05 07:10:00,4185.75,4187.25,4185.50,4186.75,315
2023-01-05 07:11:00,4187.00,4187.25,4186.25,4186.50,95
2023-01-05 07:12:00,4186.25,4186.25,4185.75,4186.25,181
2023-01-05 07:13:00,4186.25,4187.50,4186.25,4187.00,199
2023-01-05 07:14:00,4187.00,4187.25,4186.75,4187.00,111
2023-01-05 07:15:00,4187.00,4187.00,4186.50,4187.00,138
2023-01-05 07:16:00,4187.00,4188.00,4186.75,4187.75,235
2023-01-05 07:17:00,4187.75,4189.50,4187.75,4189.00,532
2023-01-05 07:18:00,4189.00,4189.00,4188.00,4188.25,149
2023-01-05 07:19:00,4188.50,4189.25,4188.25,4189.00,122
2023-01-05 07:20:00,4189.25,4190.25,4189.25,4190.00,313
2023-01-05 07:21:00,4190.25,4190.75,4189.50,4190.25,210
2023-01-05 07:22:00,4190.50,4190.75,4190.00,4190.25,144
2023-01-05 07:23:00,4190.25,4190.50,4190.00,4190.25,120
2023-01-05 07:24:00,4190.25,4191.00,4190.00,4191.00,283
2023-01-05 07:25:00,4190.75,4191.00,4190.50,4190.75,151
2023-01-05 07:26:00,4190.75,4190.75,4189.25,4189.50,268
2023-01-05 07:27:00,4189.50,4189.75,4188.50,4188.75,332
2023-01-05 07:28:00,4188.75,4189.50,4188.50,4189.25,235
2023-01-05 07:29:00,4189.25,4190.00,4189.00,4189.75,176
2023-01-05 07:30:00,4189.50,4190.00,4189.50,4189.75,103
2023-01-05 07:31:00,4189.50,4190.00,4188.25,4189.75,326
2023-01-05 07:32:00,4189.75,4191.75,4189.50,4191.25,356
2023-01-05 07:33:00,4191.25,4191.75,4191.00,4191.50,301
2023-01-05 07:34:00,4191.50,4195.00,4191.50,4194.75,1234
2023-01-05 07:35:00,4194.50,4194.75,4193.50,4194.00,752
2023-01-05 07:36:00,4194.00,4194.50,4193.25,4193.50,421
2023-01-05 07:37:00,4193.50,4194.00,4193.25,4193.25,259
2023-01-05 07:38:00,4193.25,4193.25,4192.25,4192.50,215
2023-01-05 07:39:00,4192.50,4192.50,4191.75,4191.75,272
2023-01-05 07:40:00,4191.75,4192.00,4191.50,4191.50,144
2023-01-05 07:41:00,4191.50,4191.50,4190.50,4190.75,254
2023-01-05 07:42:00,4190.50,4191.50,4190.25,4191.25,266
2023-01-05 07:43:00,4191.50,4192.00,4191.00,4191.00,205
2023-01-05 07:44:00,4191.25,4191.75,4188.50,4188.75,503
2023-01-05 07:45:00,4188.50,4189.00,4186.50,4187.25,648
2023-01-05 07:46:00,4187.25,4187.50,4185.50,4186.00,652
2023-01-05 07:47:00,4186.00,4186.00,4184.50,4184.50,499
2023-01-05 07:48:00,4184.25,4185.25,4184.00,4184.75,282
2023-01-05 07:49:00,4184.75,4185.25,4184.75,4184.75,183
2023-01-05 07:50:00,4184.75,4184.75,4183.50,4184.00,359
2023-01-05 07:51:00,4184.00,4184.50,4183.00,4184.50,413
2023-01-05 07:52:00,4184.50,4185.75,4184.50,4185.00,608
2023-01-05 07:53:00,4185.00,4185.00,4183.75,4185.00,311
2023-01-05 07:54:00,4185.00,4185.75,4185.00,4185.25,225
2023-01-05 07:55:00,4185.50,4186.75,4185.50,4185.75,536
2023-01-05 07:56:00,4185.75,4186.50,4185.50,4185.75,1173
2023-01-05 07:57:00,4185.50,4185.50,4183.75,4184.25,791
2023-01-05 07:58:00,4184.00,4185.00,4184.00,4184.75,1501
2023-01-05 07:59:00,4184.75,4184.75,4183.50,4183.75,385
2023-01-05 08:00:00,4184.00,4185.25,4183.50,4185.25,676
2023-01-05 08:01:00,4185.25,4185.75,4183.75,4184.25,573
2023-01-05 08:02:00,4184.25,4184.75,4183.25,4183.50,528
2023-01-05 08:03:00,4183.25,4183.50,4182.00,4182.75,886
2023-01-05 08:04:00,4182.75,4184.25,4182.25,4182.50,535
2023-01-05 08:05:00,4182.25,4183.00,4182.25,4182.25,684
2023-01-05 08:06:00,4182.25,4182.75,4181.75,4182.00,643
2023-01-05 08:07:00,4182.00,4182.00,4180.75,4181.00,644
2023-01-05 08:08:00,4180.75,4181.50,4180.50,4181.00,471
2023-01-05 08:09:00,4181.00,4184.00,4181.00,4183.00,1188
2023-01-05 08:10:00,4183.00,4183.00,4180.75,4180.75,1063
2023-01-05 08:11:00,4181.00,4181.50,4180.75,4181.00,467
2023-01-05 08:12:00,4181.00,4182.00,4180.25,4182.00,471
2023-01-05 08:13:00,4182.00,4182.75,4180.75,4182.00,374
2023-01-05 08:14:00,4182.00,4189.25,4181.50,4185.75,910
2023-01-05 08:15:00,4186.00,4188.00,4167.25,4171.75,5703
2023-01-05 08:16:00,4171.50,4176.00,4171.00,4173.75,2642
2023-01-05 08:17:00,4173.75,4177.00,4172.00,4174.25,1538
2023-01-05 08:18:00,4174.25,4176.50,4173.25,4173.25,1183
2023-01-05 08:19:00,4173.50,4173.50,4167.75,4170.50,2230
2023-01-05 08:20:00,4170.50,4172.75,4168.25,4172.00,1545
2023-01-05 08:21:00,4172.25,4173.75,4171.50,4172.25,857
2023-01-05 08:22:00,4172.25,4172.25,4169.50,4171.50,881
2023-01-05 08:23:00,4171.25,4174.50,4171.25,4174.25,1078
2023-01-05 08:24:00,4174.25,4174.75,4172.75,4174.00,936
2023-01-05 08:25:00,4174.25,4174.50,4172.00,4173.00,708
2023-01-05 08:26:00,4173.00,4173.25,4171.50,4172.00,817
2023-01-05 08:27:00,4172.00,4174.00,4171.75,4172.50,579
2023-01-05 08:28:00,4172.50,4173.00,4171.25,4171.50,443
2023-01-05 08:29:00,4171.50,4173.25,4170.75,4171.50,508
2023-01-05 08:30:00,4171.25,4172.00,4161.50,4167.00,5769
2023-01-05 08:31:00,4167.25,4169.50,4163.50,4164.25,3411
2023-01-05 08:32:00,4164.50,4166.75,4162.75,4164.50,2084
2023-01-05 08:33:00,4164.25,4166.75,4163.00,4166.00,1443
2023-01-05 08:34:00,4166.25,4167.50,4165.00,4165.25,945
2023-01-05 08:35:00,4165.50,4165.50,4163.25,4163.75,1372
2023-01-05 08:36:00,4163.75,4164.25,4160.50,4162.50,1991
2023-01-05 08:37:00,4162.25,4163.25,4160.75,4161.50,1029
2023-01-05 08:38:00,4161.50,4162.00,4159.00,4159.00,1662
2023-01-05 08:39:00,4159.00,4164.75,4158.75,4164.50,1958
2023-01-05 08:40:00,4164.25,4165.00,4162.75,4164.00,1355
2023-01-05 08:41:00,4164.00,4166.00,4163.00,4165.75,1235
2023-01-05 08:42:00,4166.00,4167.00,4164.25,4164.75,1566
2023-01-05 08:43:00,4164.50,4166.25,4164.00,4165.50,1071
2023-01-05 08:44:00,4165.25,4165.50,4164.00,4165.50,724
2023-01-05 08:45:00,4165.50,4166.50,4164.00,4166.00,815
2023-01-05 08:46:00,4166.25,4166.50,4165.00,4165.75,1001
2023-01-05 08:47:00,4166.00,4166.00,4163.00,4164.00,1180
2023-01-05 08:48:00,4164.00,4164.00,4161.75,4162.25,1101
2023-01-05 08:49:00,4162.50,4165.25,4161.75,4164.75,898
2023-01-05 08:50:00,4164.75,4165.50,4163.75,4165.25,776
2023-01-05 08:51:00,4165.25,4166.25,4164.50,4166.00,637
2023-01-05 08:52:00,4166.00,4166.50,4163.75,4164.25,942
2023-01-05 08:53:00,4164.25,4164.75,4162.50,4163.50,1212
2023-01-05 08:54:00,4163.25,4164.50,4162.75,4163.50,924
2023-01-05 08:55:00,4163.25,4165.00,4162.50,4162.75,823
2023-01-05 08:56:00,4163.00,4164.00,4162.50,4162.75,1024
2023-01-05 08:57:00,4163.00,4163.50,4162.00,4162.25,1016
2023-01-05 08:58:00,4162.25,4163.75,4161.75,4162.00,1125
2023-01-05 08:59:00,4162.00,4163.25,4161.25,4162.50,924
2023-01-05 09:00:00,4162.25,4162.50,4159.50,4160.00,1722
2023-01-05 09:01:00,4160.00,4160.75,4155.75,4156.00,2747
2023-01-05 09:02:00,4156.00,4158.25,4154.75,4156.50,3833
2023-01-05 09:03:00,4156.50,4158.75,4155.25,4157.25,2362
2023-01-05 09:04:00,4157.25,4157.50,4156.75,4157.25,1652
2023-01-05 09:05:00,4157.25,4157.50,4155.50,4156.00,1548
2023-01-05 09:06:00,4156.00,4159.00,4155.75,4158.50,1705
2023-01-05 09:07:00,4158.75,4160.25,4158.50,4159.50,1426
2023-01-05 09:08:00,4159.25,4159.25,4157.50,4159.25,1230
2023-01-05 09:09:00,4159.50,4159.50,4158.25,4159.25,1269
2023-01-05 09:10:00,4159.25,4159.25,4157.75,4158.50,1062
2023-01-05 09:11:00,4158.50,4158.50,4157.00,4157.25,814
2023-01-05 09:12:00,4157.50,4157.50,4155.75,4157.00,1105
2023-01-05 09:13:00,4157.00,4158.00,4156.75,4158.00,647
2023-01-05 09:14:00,4158.25,4160.75,4158.00,4160.25,1513
2023-01-05 09:15:00,4160.25,4161.75,4160.25,4160.25,1472
2023-01-05 09:16:00,4160.25,4161.50,4160.00,4161.50,834
2023-01-05 09:17:00,4161.25,4161.50,4160.25,4161.25,875
2023-01-05 09:18:00,4161.00,4161.00,4158.50,4159.25,966
2023-01-05 09:19:00,4159.25,4160.50,4158.75,4159.25,1055
2023-01-05 09:20:00,4159.50,4159.75,4158.25,4158.25,1012
2023-01-05 09:21:00,4158.00,4159.00,4157.50,4158.50,770
2023-01-05 09:22:00,4158.50,4158.50,4156.75,4157.00,810
2023-01-05 09:23:00,4157.25,4157.25,4153.25,4154.00,2345
2023-01-05 09:24:00,4154.25,4155.50,4154.00,4155.00,941
2023-01-05 09:25:00,4155.00,4156.50,4155.00,4155.75,1154
2023-01-05 09:26:00,4155.75,4158.00,4155.75,4157.50,1450
2023-01-05 09:27:00,4157.25,4159.50,4157.25,4158.75,2114
2023-01-05 09:28:00,4158.75,4159.75,4158.50,4158.75,1217
2023-01-05 09:29:00,4158.50,4162.25,4158.25,4162.00,4287
2023-01-05 09:30:00,4162.25,4162.75,4157.75,4161.75,14745
2023-01-05 09:31:00,4161.50,4161.75,4153.50,4154.75,10375
2023-01-05 09:32:00,4154.75,4157.00,4151.25,4152.50,10011
2023-01-05 09:33:00,4152.50,4152.50,4147.25,4147.75,8885
2023-01-05 09:34:00,4147.75,4151.50,4146.00,4151.25,8559
2023-01-05 09:35:00,4151.50,4153.25,4148.75,4149.50,6807
2023-01-05 09:36:00,4149.75,4150.75,4147.25,4150.75,6016
2023-01-05 09:37:00,4150.75,4152.25,4148.50,4149.25,4515
2023-01-05 09:38:00,4149.25,4149.50,4142.75,4145.25,10190
2023-01-05 09:39:00,4145.50,4147.75,4143.75,4143.75,5521
2023-01-05 09:40:00,4144.00,4144.00,4136.25,4137.75,13884
2023-01-05 09:41:00,4137.75,4140.75,4135.50,4140.50,8329
2023-01-05 09:42:00,4140.25,4140.50,4137.00,4137.75,4358
2023-01-05 09:43:00,4137.75,4140.00,4137.00,4138.50,3813
2023-01-05 09:44:00,4138.50,4143.00,4137.00,4141.75,4834
2023-01-05 09:45:00,4141.75,4141.75,4134.50,4136.00,7293
2023-01-05 09:46:00,4135.75,4138.00,4134.00,4134.75,6868
2023-01-05 09:47:00,4134.75,4136.25,4133.00,4135.00,5268
2023-01-05 09:48:00,4135.00,4137.50,4133.50,4136.50,5346
2023-01-05 09:49:00,4136.75,4138.75,4135.50,4137.00,5024
2023-01-05 09:50:00,4137.25,4140.00,4136.00,4139.75,5053
2023-01-05 09:51:00,4139.75,4143.00,4139.00,4143.00,6586
2023-01-05 09:52:00,4142.75,4143.00,4139.00,4140.00,5108
2023-01-05 09:53:00,4140.00,4141.75,4139.25,4140.25,3907
2023-01-05 09:54:00,4140.25,4143.00,4139.00,4143.00,4748
2023-01-05 09:55:00,4142.75,4147.75,4141.00,4141.75,9360
2023-01-05 09:56:00,4141.75,4144.00,4140.75,4143.00,4222
2023-01-05 09:57:00,4143.00,4148.75,4142.00,4147.75,5392
2023-01-05 09:58:00,4147.50,4149.75,4145.50,4146.25,5914
2023-01-05 09:59:00,4146.25,4147.50,4144.25,4145.75,3904
2023-01-05 10:00:00,4145.75,4146.50,4140.75,4142.00,8199
2023-01-05 10:01:00,4141.75,4147.75,4141.50,4146.75,5989
2023-01-05 10:02:00,4147.00,4150.00,4146.50,4147.00,5856
2023-01-05 10:03:00,4147.25,4150.00,4147.25,4148.50,3387
2023-01-05 10:04:00,4148.50,4149.00,4145.50,4147.75,3980
2023-01-05 10:05:00,4147.75,4148.00,4143.50,4143.75,4948
2023-01-05 10:06:00,4143.75,4144.75,4142.00,4144.50,5216
2023-01-05 10:07:00,4144.25,4149.00,4144.00,4147.75,5498
2023-01-05 10:08:00,4148.00,4163.00,4146.75,4152.25,34986
2023-01-05 10:09:00,4152.50,4158.00,4150.50,4152.50,12112
2023-01-05 10:10:00,4152.75,4153.50,4148.25,4151.00,7511
2023-01-05 10:11:00,4151.00,4154.50,4150.25,4151.75,6245
2023-01-05 10:12:00,4151.75,4158.75,4151.75,4158.50,5376
2023-01-05 10:13:00,4158.75,4160.50,4153.25,4154.00,8761
2023-01-05 10:14:00,4154.25,4155.50,4153.50,4154.75,3673
2023-01-05 10:15:00,4154.50,4156.00,4151.75,4152.00,4580
2023-01-05 10:16:00,4152.25,4153.00,4150.50,4151.25,4212
2023-01-05 10:17:00,4151.50,4153.00,4147.00,4147.75,5230
2023-01-05 10:18:00,4147.75,4150.00,4147.00,4148.00,3974
2023-01-05 10:19:00,4148.25,4149.50,4146.25,4148.50,4510
2023-01-05 10:20:00,4148.75,4149.50,4146.00,4146.75,3002
2023-01-05 10:21:00,4146.75,4149.00,4145.75,4147.50,2622
2023-01-05 10:22:00,4147.50,4149.00,4145.00,4145.25,3192
2023-01-05 10:23:00,4145.25,4146.50,4142.00,4142.75,4820
2023-01-05 10:24:00,4143.00,4144.75,4141.00,4144.50,5588
2023-01-05 10:25:00,4144.50,4145.75,4143.25,4143.25,2704
2023-01-05 10:26:00,4143.25,4145.75,4142.75,4145.50,2312
2023-01-05 10:27:00,4145.50,4148.75,4145.50,4148.25,3504
2023-01-05 10:28:00,4148.50,4151.00,4147.25,4148.50,3698
2023-01-05 10:29:00,4148.25,4149.25,4146.50,4146.75,2984
2023-01-05 10:30:00,4146.75,4149.00,4145.50,4146.00,4050
2023-01-05 10:31:00,4146.25,4148.25,4144.75,4145.75,2698
2023-01-05 10:32:00,4146.00,4146.00,4143.25,4145.00,3794
2023-01-05 10:33:00,4144.75,4145.00,4142.00,4142.50,2455
2023-01-05 10:34:00,4142.25,4144.75,4141.75,4143.25,2137
2023-01-05 10:35:00,4143.00,4144.50,4139.50,4140.50,4821
2023-01-05 10:36:00,4140.25,4141.75,4140.00,4141.00,2514
2023-01-05 10:37:00,4141.00,4142.50,4140.00,4142.50,2681
2023-01-05 10:38:00,4142.50,4145.75,4142.25,4145.25,3383
2023-01-05 10:39:00,4145.00,4145.75,4143.25,4144.00,2913
2023-01-05 10:40:00,4143.75,4144.25,4140.75,4141.00,3181
2023-01-05 10:41:00,4141.00,4144.25,4140.25,4144.00,2746
2023-01-05 10:42:00,4144.00,4147.50,4143.75,4147.00,3131
2023-01-05 10:43:00,4147.25,4150.25,4147.25,4149.50,4239
2023-01-05 10:44:00,4149.50,4151.50,4149.00,4149.75,3584
2023-01-05 10:45:00,4149.75,4151.00,4148.75,4151.00,3004
2023-01-05 10:46:00,4150.75,4151.00,4149.25,4149.25,2314
2023-01-05 10:47:00,4149.25,4150.25,4147.00,4147.25,2915
2023-01-05 10:48:00,4147.50,4148.00,4145.00,4145.00,3061
2023-01-05 10:49:00,4145.00,4147.00,4144.75,4146.75,2288
2023-01-05 10:50:00,4146.75,4147.50,4145.25,4145.50,2312
2023-01-05 10:51:00,4145.50,4146.25,4144.25,4145.25,2790
2023-01-05 10:52:00,4145.25,4145.50,4141.50,4143.00,3664
2023-01-05 10:53:00,4143.25,4143.25,4139.75,4140.75,3745
2023-01-05 10:54:00,4140.75,4141.00,4137.00,4139.25,6540
2023-01-05 10:55:00,4139.25,4141.75,4139.00,4140.25,3636
2023-01-05 10:56:00,4140.00,4140.25,4137.75,4138.75,2678
2023-01-05 10:57:00,4138.75,4140.25,4138.50,4140.00,2501
2023-01-05 10:58:00,4139.75,4140.75,4138.75,4139.25,2021
2023-01-05 10:59:00,4139.25,4139.75,4137.00,4138.00,2896
2023-01-05 11:00:00,4138.25,4140.25,4136.50,4138.25,4148
2023-01-05 11:01:00,4138.00,4139.50,4135.25,4136.00,5135
2023-01-05 11:02:00,4135.75,4137.25,4135.75,4136.50,2583
2023-01-05 11:03:00,4136.50,4139.75,4136.25,4139.25,3193
2023-01-05 11:04:00,4139.25,4140.50,4138.50,4140.00,2525
2023-01-05 11:05:00,4140.00,4142.75,4140.00,4141.25,5033
2023-01-05 11:06:00,4141.25,4142.00,4139.00,4141.25,2631
2023-01-05 11:07:00,4141.50,4142.50,4140.00,4140.25,3280
2023-01-05 11:08:00,4140.00,4140.50,4138.75,4139.75,2283
2023-01-05 11:09:00,4139.75,4141.50,4139.50,4141.50,1748
2023-01-05 11:10:00,4141.50,4142.50,4140.75,4142.25,2269
2023-01-05 11:11:00,4142.00,4143.00,4141.75,4141.75,2227
2023-01-05 11:12:00,4142.00,4142.00,4140.75,4142.00,2117
2023-01-05 11:13:00,4141.75,4148.00,4141.75,4144.25,6116
2023-01-05 11:14:00,4144.50,4144.50,4140.25,4142.00,5745
2023-01-05 11:15:00,4142.25,4144.25,4139.50,4140.25,4647
2023-01-05 11:16:00,4140.00,4143.25,4139.25,4142.00,3433
2023-01-05 11:17:00,4142.00,4143.00,4141.50,4142.00,1890
2023-01-05 11:18:00,4141.75,4142.00,4140.50,4141.25,1849
2023-01-05 11:19:00,4141.00,4141.25,4138.75,4138.75,2555
2023-01-05 11:20:00,4138.75,4139.75,4138.25,4139.00,3498
2023-01-05 11:21:00,4139.00,4139.25,4135.00,4135.50,4702
2023-01-05 11:22:00,4135.50,4136.50,4135.00,4135.50,2917
2023-01-05 11:23:00,4135.50,4135.75,4134.00,4134.25,2888
2023-01-05 11:24:00,4134.25,4134.50,4132.00,4133.00,4257
2023-01-05 11:25:00,4133.25,4135.25,4132.75,4134.25,2950
2023-01-05 11:26:00,4134.25,4135.50,4132.00,4135.00,2626
2023-01-05 11:27:00,4135.00,4137.00,4134.50,4136.75,2567
2023-01-05 11:28:00,4136.50,4136.75,4134.75,4136.25,1509
2023-01-05 11:29:00,4136.00,4137.75,4134.00,4137.25,2687
2023-01-05 11:30:00,4137.00,4137.75,4135.50,4137.50,3194
2023-01-05 11:31:00,4137.25,4140.00,4136.25,4139.50,2864
2023-01-05 11:32:00,4139.25,4139.25,4137.50,4139.25,2163
2023-01-05 11:33:00,4139.00,4139.00,4137.00,4137.50,1898
2023-01-05 11:34:00,4137.50,4138.50,4136.50,4137.00,2067
2023-01-05 11:35:00,4137.00,4139.25,4136.75,4138.75,1961
2023-01-05 11:36:00,4138.50,4141.50,4138.50,4139.75,2813
2023-01-05 11:37:00,4139.75,4140.50,4137.50,4137.50,2190
2023-01-05 11:38:00,4137.50,4138.00,4136.50,4137.00,2135
2023-01-05 11:39:00,4136.75,4139.50,4136.75,4137.25,1526
2023-01-05 11:40:00,4137.25,4138.50,4136.25,4137.00,1848
2023-01-05 11:41:00,4137.00,4139.75,4136.25,4139.50,1900
2023-01-05 11:42:00,4139.25,4141.75,4139.25,4139.25,3004
2023-01-05 11:43:00,4139.25,4142.50,4139.00,4142.25,2255
2023-01-05 11:44:00,4142.25,4143.50,4141.75,4142.50,2308
2023-01-05 11:45:00,4142.50,4145.50,4142.00,4144.75,3404
2023-01-05 11:46:00,4144.50,4144.50,4142.25,4142.75,1898
2023-01-05 11:47:00,4142.75,4144.00,4142.75,4143.00,1292
2023-01-05 11:48:00,4143.00,4144.25,4142.25,4143.25,2118
2023-01-05 11:49:00,4143.25,4143.50,4142.25,4143.25,1490
2023-01-05 11:50:00,4143.00,4143.75,4141.00,4142.50,2824
2023-01-05 11:51:00,4142.25,4142.25,4140.75,4141.00,1504
2023-01-05 11:52:00,4141.00,4142.50,4139.00,4139.75,2601
2023-01-05 11:53:00,4139.50,4140.75,4139.25,4139.50,1463
2023-01-05 11:54:00,4139.25,4140.00,4138.00,4138.75,2245
2023-01-05 11:55:00,4138.75,4140.75,4138.75,4139.25,1492
2023-01-05 11:56:00,4139.00,4139.75,4138.75,4139.00,1170
2023-01-05 11:57:00,4139.00,4139.25,4136.50,4137.50,1780
2023-01-05 11:58:00,4137.25,4137.75,4135.50,4136.50,1665
2023-01-05 11:59:00,4136.25,4138.25,4136.25,4137.25,1397
2023-01-05 12:00:00,4137.25,4138.50,4136.25,4138.00,2702
2023-01-05 12:01:00,4137.75,4139.75,4137.50,4139.00,2241
2023-01-05 12:02:00,4138.75,4142.75,4138.75,4141.25,4159
2023-01-05 12:03:00,4141.00,4141.75,4140.00,4141.50,1537
2023-01-05 12:04:00,4141.50,4142.50,4141.25,4141.75,1640
2023-01-05 12:05:00,4141.75,4141.75,4140.25,4140.50,1189
2023-01-05 12:06:00,4140.50,4144.25,4140.50,4141.25,2719
2023-01-05 12:07:00,4141.50,4146.50,4141.25,4144.25,3721
2023-01-05 12:08:00,4144.25,4145.50,4143.75,4144.75,1436
2023-01-05 12:09:00,4144.50,4146.00,4143.50,4144.50,1477
2023-01-05 12:10:00,4144.50,4144.75,4143.00,4143.00,2038
2023-01-05 12:11:00,4143.25,4143.75,4140.50,4141.75,3226
2023-01-05 12:12:00,4142.00,4142.50,4141.00,4141.50,1981
2023-01-05 12:13:00,4141.75,4142.50,4141.00,4141.25,1046
2023-01-05 12:14:00,4141.50,4142.25,4140.25,4140.75,1251
2023-01-05 12:15:00,4140.75,4141.50,4139.00,4139.50,1987
2023-01-05 12:16:00,4139.50,4141.25,4139.25,4141.00,1352
2023-01-05 12:17:00,4141.00,4142.50,4141.00,4142.25,1382
2023-01-05 12:18:00,4142.25,4142.75,4139.00,4139.00,1772
2023-01-05 12:19:00,4139.00,4139.00,4135.25,4136.00,3980
2023-01-05 12:20:00,4136.25,4137.00,4135.00,4136.00,2246
2023-01-05 12:21:00,4136.25,4138.75,4136.00,4138.00,2668
2023-01-05 12:22:00,4138.00,4139.50,4137.75,4138.75,1821
2023-01-05 12:23:00,4138.75,4141.50,4138.75,4141.00,2120
2023-01-05 12:24:00,4140.75,4144.50,4140.75,4142.50,3104
2023-01-05 12:25:00,4142.75,4144.00,4142.25,4143.25,2232
2023-01-05 12:26:00,4143.25,4143.50,4142.00,4143.25,1968
2023-01-05 12:27:00,4143.00,4143.25,4141.00,4141.50,1819
2023-01-05 12:28:00,4141.50,4142.25,4141.00,4141.50,1107
2023-01-05 12:29:00,4141.75,4142.25,4140.75,4142.00,942
2023-01-05 12:30:00,4142.00,4145.00,4141.00,4143.25,1838
2023-01-05 12:31:00,4143.50,4144.75,4142.50,4144.25,1331
2023-01-05 12:32:00,4144.00,4145.75,4144.00,4145.25,2253
2023-01-05 12:33:00,4145.25,4145.25,4144.50,4144.75,1774
2023-01-05 12:34:00,4145.00,4149.50,4144.75,4147.25,4983
2023-01-05 12:35:00,4147.25,4148.50,4144.75,4146.00,3670
2023-01-05 12:36:00,4146.00,4146.00,4144.50,4144.75,2022
2023-01-05 12:37:00,4145.00,4145.50,4144.50,4145.00,1304
2023-01-05 12:38:00,4145.00,4145.00,4142.25,4142.25,3791
2023-01-05 12:39:00,4142.50,4143.75,4142.00,4143.25,1606
2023-01-05 12:40:00,4143.00,4143.25,4142.00,4142.00,974
2023-01-05 12:41:00,4142.25,4142.50,4141.25,4141.75,1345
2023-01-05 12:42:00,4142.00,4143.25,4141.50,4141.75,876
2023-01-05 12:43:00,4141.50,4141.75,4140.25,4140.75,1324
2023-01-05 12:44:00,4140.75,4140.75,4138.50,4140.25,1865
2023-01-05 12:45:00,4140.25,4142.00,4140.25,4141.75,1895
2023-01-05 12:46:00,4141.75,4142.25,4139.25,4139.50,1706
2023-01-05 12:47:00,4139.50,4141.00,4139.25,4139.75,1555
2023-01-05 12:48:00,4139.75,4140.75,4139.25,4140.75,725
2023-01-05 12:49:00,4140.75,4142.00,4140.50,4141.00,921
2023-01-05 12:50:00,4141.00,4142.25,4140.50,4142.00,1022
2023-01-05 12:51:00,4141.75,4141.75,4139.75,4140.00,918
2023-01-05 12:52:00,4140.00,4140.25,4139.00,4139.00,1052
2023-01-05 12:53:00,4139.00,4140.00,4138.00,4139.50,1405
2023-01-05 12:54:00,4139.25,4140.00,4138.75,4139.25,976
2023-01-05 12:55:00,4139.25,4139.25,4138.50,4139.25,757
2023-01-05 12:56:00,4139.00,4139.00,4138.00,4138.50,920
2023-01-05 12:57:00,4138.50,4139.25,4138.00,4138.50,947
2023-01-05 12:58:00,4138.50,4140.00,4137.25,4139.25,2604
2023-01-05 12:59:00,4139.00,4140.00,4138.00,4138.25,1369
2023-01-05 13:00:00,4138.50,4139.00,4137.25,4138.50,1734
2023-01-05 13:01:00,4138.50,4138.50,4137.25,4137.25,2773
2023-01-05 13:02:00,4137.50,4137.75,4135.75,4136.25,3848
2023-01-05 13:03:00,4136.50,4137.50,4136.25,4136.75,1568
2023-01-05 13:04:00,4136.75,4137.75,4136.25,4137.00,1446
2023-01-05 13:05:00,4136.75,4139.25,4136.75,4138.75,1665
2023-01-05 13:06:00,4138.50,4140.75,4138.50,4138.75,2230
2023-01-05 13:07:00,4138.75,4141.00,4138.50,4140.00,1349
2023-01-05 13:08:00,4140.25,4141.00,4140.00,4140.75,1119
2023-01-05 13:09:00,4140.75,4140.75,4138.75,4140.50,868
2023-01-05 13:10:00,4140.25,4140.25,4138.75,4139.00,758
2023-01-05 13:11:00,4138.75,4139.75,4138.50,4139.00,600
2023-01-05 13:12:00,4139.00,4139.00,4138.00,4138.25,887
2023-01-05 13:13:00,4138.25,4138.50,4136.75,4137.50,1293
2023-01-05 13:14:00,4137.25,4137.50,4135.00,4135.25,1468
2023-01-05 13:15:00,4135.50,4136.00,4135.00,4135.50,991
2023-01-05 13:16:00,4135.50,4135.75,4134.50,4135.25,1749
2023-01-05 13:17:00,4135.25,4136.25,4135.00,4136.00,1197
2023-01-05 13:18:00,4136.00,4136.25,4135.50,4135.75,739
2023-01-05 13:19:00,4136.00,4136.00,4135.00,4135.75,824
2023-01-05 13:20:00,4135.75,4147.75,4135.75,4144.25,12580
2023-01-05 13:21:00,4144.25,4147.00,4140.50,4146.75,6148
2023-01-05 13:22:00,4147.00,4155.25,4146.50,4150.25,14536
2023-01-05 13:23:00,4150.25,4153.75,4147.50,4153.50,7716
2023-01-05 13:24:00,4153.75,4155.50,4150.00,4152.75,7256
2023-01-05 13:25:00,4153.00,4154.25,4150.00,4151.25,4157
2023-01-05 13:26:00,4151.25,4155.25,4151.25,4154.25,5171
2023-01-05 13:27:00,4154.50,4159.00,4154.25,4157.25,8377
2023-01-05 13:28:00,4157.50,4158.75,4153.50,4154.75,4680
2023-01-05 13:29:00,4155.00,4156.00,4151.75,4152.25,3969
2023-01-05 13:30:00,4152.25,4155.25,4152.00,4152.25,3880
2023-01-05 13:31:00,4152.50,4154.25,4152.50,4154.00,2334
2023-01-05 13:32:00,4154.00,4158.50,4153.75,4158.25,4291
2023-01-05 13:33:00,4158.25,4159.50,4155.25,4156.50,5674
2023-01-05 13:34:00,4156.75,4157.75,4156.00,4157.50,3120
2023-01-05 13:35:00,4157.50,4158.75,4156.50,4157.50,2791
2023-01-05 13:36:00,4157.50,4157.75,4153.50,4153.50,3184
2023-01-05 13:37:00,4153.50,4154.25,4152.50,4153.00,3114
2023-01-05 13:38:00,4153.00,4154.50,4152.25,4152.50,1754
2023-01-05 13:39:00,4152.75,4154.50,4151.75,4153.50,2168
2023-01-05 13:40:00,4153.75,4157.25,4153.50,4156.25,3720
2023-01-05 13:41:00,4156.00,4156.50,4155.00,4156.00,1866
2023-01-05 13:42:00,4156.25,4157.00,4153.25,4153.75,2089
2023-01-05 13:43:00,4153.75,4154.00,4150.50,4151.25,3003
2023-01-05 13:44:00,4151.50,4152.50,4150.50,4151.75,2356
2023-01-05 13:45:00,4152.00,4153.00,4149.75,4152.00,2998
2023-01-05 13:46:00,4152.00,4152.00,4150.00,4151.50,1781
2023-01-05 13:47:00,4151.25,4153.25,4150.75,4153.00,1569
2023-01-05 13:48:00,4152.75,4154.50,4151.50,4152.50,1932
2023-01-05 13:49:00,4152.25,4152.75,4151.00,4151.25,1217
2023-01-05 13:50:00,4151.00,4152.25,4149.75,4152.00,2307
2023-01-05 13:51:00,4151.75,4153.25,4151.50,4152.25,1665
2023-01-05 13:52:00,4152.00,4152.75,4150.75,4152.25,1569
2023-01-05 13:53:00,4152.25,4153.00,4151.00,4152.75,1188
2023-01-05 13:54:00,4152.75,4153.25,4151.25,4151.75,1429
2023-01-05 13:55:00,4151.75,4154.75,4150.25,4154.75,2320
2023-01-05 13:56:00,4154.75,4154.75,4152.00,4153.50,2133
2023-01-05 13:57:00,4153.50,4153.75,4151.75,4152.25,1186
2023-01-05 13:58:00,4152.25,4152.50,4148.00,4148.50,3842
2023-01-05 13:59:00,4148.50,4150.75,4148.25,4150.25,2386
2023-01-05 14:00:00,4150.50,4153.25,4148.50,4152.50,2724
2023-01-05 14:01:00,4152.25,4153.75,4151.00,4152.50,1725
2023-01-05 14:02:00,4152.25,4154.75,4151.75,4154.50,1586
2023-01-05 14:03:00,4154.25,4155.25,4152.00,4153.25,2559
2023-01-05 14:04:00,4153.25,4153.50,4151.50,4151.50,1744
2023-01-05 14:05:00,4151.50,4153.00,4151.50,4152.75,1304
2023-01-05 14:06:00,4152.50,4153.50,4152.25,4153.50,1297
2023-01-05 14:07:00,4153.25,4154.00,4151.25,4151.50,1421
2023-01-05 14:08:00,4151.75,4154.50,4151.50,4154.25,1245
2023-01-05 14:09:00,4154.00,4155.00,4153.50,4153.75,1515
2023-01-05 14:10:00,4153.75,4155.00,4152.75,4153.50,1576
2023-01-05 14:11:00,4153.50,4153.50,4150.75,4151.25,1697
2023-01-05 14:12:00,4151.00,4153.25,4150.75,4153.25,1528
2023-01-05 14:13:00,4153.00,4153.50,4151.00,4151.00,1821
2023-01-05 14:14:00,4151.00,4151.25,4146.50,4147.25,4127
2023-01-05 14:15:00,4147.25,4149.50,4147.25,4148.75,2664
2023-01-05 14:16:00,4148.75,4151.25,4148.75,4150.25,2209
2023-01-05 14:17:00,4150.25,4151.75,4149.50,4151.00,1338
2023-01-05 14:18:00,4150.75,4151.25,4149.50,4150.75,1228
2023-01-05 14:19:00,4150.50,4152.25,4150.50,4152.25,1073
2023-01-05 14:20:00,4152.25,4152.75,4150.50,4151.00,1375
2023-01-05 14:21:00,4151.00,4152.00,4149.50,4149.75,1399
2023-01-05 14:22:00,4150.00,4152.25,4149.75,4151.75,919
2023-01-05 14:23:00,4151.75,4151.75,4149.75,4151.00,751
2023-01-05 14:24:00,4150.75,4150.75,4149.00,4150.25,1246
2023-01-05 14:25:00,4150.00,4151.75,4149.00,4149.75,1547
2023-01-05 14:26:00,4149.75,4149.75,4148.25,4149.00,1267
2023-01-05 14:27:00,4149.00,4149.50,4148.00,4148.50,1267
2023-01-05 14:28:00,4148.50,4148.50,4145.00,4147.00,3425
2023-01-05 14:29:00,4147.25,4147.50,4145.50,4146.25,1715
2023-01-05 14:30:00,4146.00,4148.25,4145.75,4148.25,2007
2023-01-05 14:31:00,4148.00,4149.25,4147.50,4149.00,1438
2023-01-05 14:32:00,4148.75,4149.75,4147.75,4148.75,1414
2023-01-05 14:33:00,4148.50,4149.75,4147.75,4148.75,948
2023-01-05 14:34:00,4149.00,4149.25,4147.75,4148.25,783
2023-01-05 14:35:00,4148.25,4149.50,4148.00,4148.75,1024
2023-01-05 14:36:00,4148.75,4153.50,4148.75,4153.25,3065
2023-01-05 14:37:00,4153.25,4158.75,4152.75,4157.25,5937
2023-01-05 14:38:00,4157.00,4157.25,4155.25,4155.50,3016
2023-01-05 14:39:00,4155.50,4156.00,4154.25,4155.75,1645
2023-01-05 14:40:00,4155.75,4157.00,4155.25,4156.50,2187
2023-01-05 14:41:00,4156.50,4157.75,4156.25,4156.75,1395
2023-01-05 14:42:00,4156.75,4156.75,4155.25,4155.25,1868
2023-01-05 14:43:00,4155.25,4155.50,4154.00,4154.75,1981
2023-01-05 14:44:00,4155.00,4155.50,4154.50,4155.00,1317
2023-01-05 14:45:00,4155.00,4157.25,4154.25,4157.00,2083
2023-01-05 14:46:00,4157.00,4158.00,4156.25,4157.25,2034
2023-01-05 14:47:00,4157.00,4158.25,4156.25,4157.25,948
2023-01-05 14:48:00,4157.50,4158.00,4156.75,4157.00,1454
2023-01-05 14:49:00,4157.00,4162.00,4157.00,4159.00,7400
2023-01-05 14:50:00,4159.00,4159.75,4157.50,4158.50,2779
2023-01-05 14:51:00,4158.50,4160.25,4158.25,4159.00,2093
2023-01-05 14:52:00,4158.75,4159.00,4156.75,4158.50,2526
2023-01-05 14:53:00,4158.50,4159.00,4158.00,4158.75,1184
2023-01-05 14:54:00,4158.75,4160.00,4158.50,4159.00,1268
2023-01-05 14:55:00,4159.00,4160.25,4157.25,4157.75,2374
2023-01-05 14:56:00,4157.75,4157.75,4156.25,4156.50,1718
2023-01-05 14:57:00,4156.50,4157.25,4155.25,4155.75,1761
2023-01-05 14:58:00,4155.75,4156.00,4154.25,4154.75,2013
2023-01-05 14:59:00,4154.75,4154.75,4152.50,4152.75,2480
2023-01-05 15:00:00,4152.75,4153.00,4149.50,4151.50,3951
2023-01-05 15:01:00,4151.50,4151.75,4150.50,4150.75,1607
2023-01-05 15:02:00,4150.75,4151.75,4148.00,4149.00,3254
2023-01-05 15:03:00,4149.00,4150.25,4148.75,4150.00,2087
2023-01-05 15:04:00,4150.00,4150.50,4149.00,4150.00,1786
2023-01-05 15:05:00,4149.75,4150.25,4148.25,4148.50,2413
2023-01-05 15:06:00,4148.50,4149.00,4147.25,4147.50,2255
2023-01-05 15:07:00,4147.50,4148.00,4146.75,4147.50,2450
2023-01-05 15:08:00,4147.50,4148.25,4147.00,4147.75,1891
2023-01-05 15:09:00,4147.75,4148.50,4147.00,4147.25,1985
2023-01-05 15:10:00,4147.25,4147.50,4145.00,4145.50,2855
2023-01-05 15:11:00,4145.75,4146.25,4144.00,4146.00,3515
2023-01-05 15:12:00,4146.00,4146.75,4144.25,4145.00,2942
2023-01-05 15:13:00,4145.00,4145.25,4143.75,4144.00,2600
2023-01-05 15:14:00,4144.25,4145.75,4144.25,4145.75,2224
2023-01-05 15:15:00,4145.50,4148.00,4145.50,4147.25,4324
2023-01-05 15:16:00,4147.00,4147.25,4144.25,4146.50,2505
2023-01-05 15:17:00,4146.75,4147.00,4144.00,4145.25,2484
2023-01-05 15:18:00,4145.25,4145.50,4143.75,4144.25,2574
2023-01-05 15:19:00,4144.00,4144.50,4142.25,4143.25,3435
2023-01-05 15:20:00,4143.25,4143.75,4142.50,4143.50,2353
2023-01-05 15:21:00,4143.50,4145.25,4142.75,4143.00,2877
2023-01-05 15:22:00,4143.00,4143.25,4141.25,4142.75,2983
2023-01-05 15:23:00,4142.50,4143.75,4142.00,4143.00,1935
2023-01-05 15:24:00,4143.00,4143.25,4141.00,4142.50,2503
2023-01-05 15:25:00,4142.25,4142.25,4139.00,4139.50,3856
2023-01-05 15:26:00,4139.50,4139.75,4138.25,4139.25,3098
2023-01-05 15:27:00,4139.25,4141.00,4139.25,4140.25,2266
2023-01-05 15:28:00,4140.25,4141.25,4139.75,4140.25,1695
2023-01-05 15:29:00,4140.50,4142.25,4140.25,4140.50,2154
2023-01-05 15:30:00,4140.50,4140.75,4136.75,4138.00,3725
2023-01-05 15:31:00,4138.00,4138.25,4136.25,4136.75,3108
2023-01-05 15:32:00,4136.50,4138.00,4136.50,4138.00,1908
2023-01-05 15:33:00,4138.00,4139.75,4138.00,4139.75,2979
2023-01-05 15:34:00,4139.75,4141.00,4139.00,4139.50,3416
2023-01-05 15:35:00,4139.50,4144.00,4139.00,4143.50,5073
2023-01-05 15:36:00,4143.50,4144.00,4142.75,4143.75,3280
2023-01-05 15:37:00,4143.50,4143.75,4141.25,4141.50,2196
2023-01-05 15:38:00,4141.50,4143.00,4141.00,4142.50,2342
2023-01-05 15:39:00,4142.50,4143.25,4142.00,4142.50,1364
2023-01-05 15:40:00,4142.25,4142.50,4140.75,4141.75,1978
2023-01-05 15:41:00,4141.50,4142.50,4140.25,4141.00,1492
2023-01-05 15:42:00,4141.00,4141.25,4139.50,4139.75,2122
2023-01-05 15:43:00,4139.75,4139.75,4137.50,4137.75,2720
2023-01-05 15:44:00,4137.75,4139.25,4136.75,4139.00,3779
2023-01-05 15:45:00,4139.25,4142.25,4139.00,4142.00,5034
2023-01-05 15:46:00,4141.75,4143.25,4140.50,4140.75,3230
2023-01-05 15:47:00,4140.75,4141.25,4138.25,4139.50,3312
2023-01-05 15:48:00,4139.50,4140.00,4135.50,4136.00,4993
2023-01-05 15:49:00,4136.00,4137.75,4135.75,4137.50,3471
2023-01-05 15:50:00,4137.25,4138.25,4134.50,4134.50,11719
2023-01-05 15:51:00,4134.50,4137.25,4134.50,4137.00,6975
2023-01-05 15:52:00,4137.25,4137.50,4134.50,4135.00,4428
2023-01-05 15:53:00,4135.00,4136.50,4133.50,4134.50,9244
2023-01-05 15:54:00,4134.50,4136.75,4133.50,4133.50,8570
2023-01-05 15:55:00,4133.50,4138.25,4133.25,4136.00,9435
2023-01-05 15:56:00,4136.25,4137.25,4135.75,4137.00,4328
2023-01-05 15:57:00,4137.00,4139.75,4136.75,4138.75,7722
2023-01-05 15:58:00,4138.75,4139.50,4138.00,4139.00,9673
2023-01-05 15:59:00,4138.75,4140.50,4137.25,4138.50,47747
2023-01-05 16:00:00,4138.25,4141.75,4138.25,4140.50,16861
2023-01-05 16:01:00,4140.50,4140.50,4138.25,4138.25,4070
2023-01-05 16:02:00,4138.50,4138.75,4137.50,4138.75,1995
2023-01-05 16:03:00,4138.75,4139.50,4138.25,4139.50,1605
2023-01-05 16:04:00,4139.50,4140.75,4138.75,4140.50,1686
2023-01-05 16:05:00,4140.50,4140.50,4139.25,4139.50,1174
2023-01-05 16:06:00,4139.50,4140.00,4138.75,4139.25,1103
2023-01-05 16:07:00,4139.25,4139.25,4137.00,4137.75,1681
2023-01-05 16:08:00,4138.00,4139.00,4137.75,4138.75,874
2023-01-05 16:09:00,4138.75,4139.50,4138.50,4139.25,874
2023-01-05 16:10:00,4139.00,4139.50,4138.50,4138.75,862
2023-01-05 16:11:00,4138.75,4138.75,4137.75,4138.00,696
2023-01-05 16:12:00,4138.00,4139.50,4138.00,4139.00,1336
2023-01-05 16:13:00,4138.75,4140.25,4138.75,4140.00,1638
2023-01-05 16:14:00,4140.25,4140.25,4138.75,4139.50,1962
2023-01-05 16:15:00,4139.25,4140.50,4138.50,4140.50,1315
2023-01-05 16:16:00,4140.50,4140.75,4140.25,4140.50,473
2023-01-05 16:17:00,4140.75,4140.75,4140.00,4140.50,177
2023-01-05 16:18:00,4140.25,4140.50,4139.75,4139.75,210
2023-01-05 16:19:00,4139.75,4141.00,4139.75,4141.00,423
2023-01-05 16:20:00,4141.00,4141.25,4140.50,4140.50,188
2023-01-05 16:21:00,4140.50,4142.00,4140.50,4141.75,521
2023-01-05 16:22:00,4141.75,4142.00,4140.75,4141.25,487
2023-01-05 16:23:00,4141.25,4142.00,4141.00,4141.75,198
2023-01-05 16:24:00,4141.75,4142.25,4141.75,4142.25,149
2023-01-05 16:25:00,4142.00,4142.25,4141.75,4142.25,257
2023-01-05 16:26:00,4142.25,4142.25,4141.50,4141.75,278
2023-01-05 16:27:00,4141.50,4142.50,4141.50,4142.00,306
2023-01-05 16:28:00,4142.00,4142.75,4142.00,4142.50,252
2023-01-05 16:29:00,4142.50,4142.75,4142.00,4142.25,238
2023-01-05 16:30:00,4142.25,4143.00,4142.25,4143.00,181
2023-01-05 16:31:00,4143.00,4143.25,4142.00,4142.25,231
2023-01-05 16:32:00,4142.25,4142.25,4142.00,4142.25,102
2023-01-05 16:33:00,4142.00,4142.25,4142.00,4142.25,251
2023-01-05 16:34:00,4142.00,4143.00,4142.00,4142.00,225
2023-01-05 16:35:00,4142.00,4142.75,4142.00,4142.50,321
2023-01-05 16:36:00,4142.25,4142.50,4141.50,4141.50,209
2023-01-05 16:37:00,4141.75,4142.75,4141.75,4142.25,164
2023-01-05 16:38:00,4142.50,4142.50,4141.75,4141.75,114
2023-01-05 16:39:00,4141.75,4141.75,4141.25,4141.50,248
2023-01-05 16:40:00,4141.75,4142.00,4141.75,4142.00,101
2023-01-05 16:41:00,4142.00,4142.50,4142.00,4142.25,112
2023-01-05 16:42:00,4142.50,4142.50,4142.00,4142.50,85
2023-01-05 16:43:00,4142.50,4142.75,4142.00,4142.25,185
2023-01-05 16:44:00,4142.25,4142.75,4142.00,4142.50,174
2023-01-05 16:45:00,4142.75,4143.25,4142.25,4142.25,220
2023-01-05 16:46:00,4142.25,4142.25,4141.00,4142.00,325
2023-01-05 16:47:00,4142.00,4142.25,4141.75,4142.00,144
2023-01-05 16:48:00,4142.00,4142.25,4141.75,4141.75,93
2023-01-05 16:49:00,4141.75,4142.50,4141.75,4142.50,81
2023-01-05 16:50:00,4142.25,4142.50,4142.25,4142.50,67
2023-01-05 16:51:00,4142.25,4142.75,4142.25,4142.50,156
2023-01-05 16:52:00,4142.50,4142.75,4142.25,4142.50,54
2023-01-05 16:53:00,4142.50,4142.50,4142.00,4142.25,154
2023-01-05 16:54:00,4142.25,4142.25,4142.00,4142.00,143
2023-01-05 16:55:00,4142.00,4142.00,4141.25,4141.75,195
2023-01-05 16:56:00,4141.75,4142.00,4141.75,4141.75,57
2023-01-05 16:57:00,4142.00,4142.50,4142.00,4142.25,203
2023-01-05 16:58:00,4142.25,4142.50,4142.25,4142.25,205
2023-01-05 16:59:00,4142.25,4142.75,4142.00,4142.25,351
2023-01-05 18:00:00,4142.50,4144.25,4142.25,4144.00,352
2023-01-05 18:01:00,4144.00,4144.50,4143.00,4143.75,151
2023-01-05 18:02:00,4143.50,4144.25,4143.25,4143.25,128
2023-01-05 18:03:00,4143.25,4143.75,4142.00,4142.50,138
2023-01-05 18:04:00,4142.50,4143.50,4142.50,4143.50,90
2023-01-05 18:05:00,4143.50,4143.50,4141.50,4142.00,131
2023-01-05 18:06:00,4141.75,4142.00,4141.25,4141.50,79
2023-01-05 18:07:00,4142.00,4142.25,4142.00,4142.00,49
2023-01-05 18:08:00,4141.75,4142.00,4141.25,4142.00,85
2023-01-05 18:09:00,4141.75,4141.75,4141.00,4141.25,140
2023-01-05 18:10:00,4141.50,4142.25,4141.50,4141.75,147
2023-01-05 18:11:00,4142.00,4142.00,4141.50,4141.50,77
2023-01-05 18:12:00,4141.25,4142.25,4141.25,4141.75,85
2023-01-05 18:13:00,4141.75,4142.75,4141.75,4142.50,109
2023-01-05 18:14:00,4142.25,4144.25,4142.25,4143.25,261
2023-01-05 18:15:00,4143.25,4144.00,4143.00,4143.75,82
2023-01-05 18:16:00,4143.75,4144.00,4143.50,4143.75,52
2023-01-05 18:17:00,4143.50,4144.00,4143.00,4144.00,56
2023-01-05 18:18:00,4144.25,4145.25,4144.00,4144.00,223
2023-01-05 18:19:00,4144.25,4144.50,4143.75,4144.25,70
2023-01-05 18:20:00,4144.50,4144.50,4143.75,4144.00,29
2023-01-05 18:21:00,4143.75,4144.00,4143.00,4143.50,119
2023-01-05 18:22:00,4143.75,4145.00,4143.75,4144.25,155
2023-01-05 18:23:00,4144.25,4144.25,4143.75,4143.75,57
2023-01-05 18:24:00,4143.75,4143.75,4143.50,4143.50,39
2023-01-05 18:25:00,4143.50,4144.00,4143.50,4143.75,33
2023-01-05 18:26:00,4143.75,4143.75,4143.50,4143.75,35
2023-01-05 18:27:00,4144.00,4144.00,4143.50,4143.50,46
2023-01-05 18:28:00,4143.50,4144.00,4143.50,4144.00,34
2023-01-05 18:29:00,4144.00,4144.50,4144.00,4144.25,71
2023-01-05 18:30:00,4144.00,4144.25,4143.75,4144.00,85
2023-01-05 18:31:00,4143.75,4144.75,4143.75,4144.50,104
2023-01-05 18:32:00,4144.50,4144.75,4144.25,4144.50,71
2023-01-05 18:33:00,4144.50,4145.00,4144.25,4144.25,74
2023-01-05 18:34:00,4144.50,4144.75,4144.25,4144.25,29
2023-01-05 18:35:00,4144.25,4144.25,4143.75,4144.25,106
2023-01-05 18:36:00,4144.50,4145.00,4144.25,4144.25,83
2023-01-05 18:37:00,4144.25,4144.25,4144.00,4144.25,23
2023-01-05 18:38:00,4144.25,4144.25,4143.00,4143.50,87
2023-01-05 18:39:00,4143.75,4144.25,4143.50,4144.25,41
2023-01-05 18:40:00,4144.25,4144.75,4144.00,4144.75,130
2023-01-05 18:41:00,4144.75,4145.00,4144.00,4144.00,125
2023-01-05 18:42:00,4144.25,4144.75,4144.00,4144.25,59
2023-01-05 18:43:00,4144.25,4145.00,4144.00,4145.00,46
2023-01-05 18:44:00,4145.00,4145.75,4144.75,4145.25,183
2023-01-05 18:45:00,4145.00,4147.00,4145.00,4146.75,421
2023-01-05 18:46:00,4146.75,4146.75,4146.00,4146.50,125
2023-01-05 18:47:00,4146.50,4146.75,4146.00,4146.00,94
2023-01-05 18:48:00,4146.25,4146.25,4145.75,4145.75,55
2023-01-05 18:49:00,4146.00,4146.25,4145.75,4146.25,99
2023-01-05 18:50:00,4146.25,4146.25,4145.75,4145.75,79
2023-01-05 18:51:00,4145.50,4145.50,4145.25,4145.25,100
2023-01-05 18:52:00,4145.50,4145.50,4145.00,4145.25,52
2023-01-05 18:53:00,4145.00,4145.50,4145.00,4145.50,44
2023-01-05 18:54:00,4145.25,4146.00,4145.25,4146.00,162
2023-01-05 18:55:00,4146.00,4146.50,4145.75,4145.75,185
2023-01-05 18:56:00,4145.75,4146.00,4145.75,4146.00,51
2023-01-05 18:57:00,4145.75,4145.75,4145.25,4145.25,104
2023-01-05 18:58:00,4145.25,4145.25,4144.75,4144.75,52
2023-01-05 18:59:00,4144.75,4144.75,4144.50,4144.50,106
2023-01-05 19:00:00,4144.50,4146.25,4144.25,4145.75,453
2023-01-05 19:01:00,4145.50,4146.50,4145.25,4146.50,165
2023-01-05 19:02:00,4146.50,4146.75,4145.50,4145.75,198
2023-01-05 19:03:00,4146.00,4147.00,4145.75,4147.00,190
2023-01-05 19:04:00,4146.75,4146.75,4146.00,4146.00,172
2023-01-05 19:05:00,4146.00,4146.00,4145.25,4145.50,64
2023-01-05 19:06:00,4145.50,4146.50,4145.50,4146.00,153
2023-01-05 19:07:00,4146.00,4146.75,4145.75,4146.75,108
2023-01-05 19:08:00,4146.75,4147.25,4146.75,4147.25,182
2023-01-05 19:09:00,4147.25,4147.50,4147.00,4147.50,77
2023-01-05 19:10:00,4147.50,4148.00,4147.00,4147.25,381
2023-01-05 19:11:00,4147.25,4147.25,4146.00,4146.00,189
2023-01-05 19:12:00,4146.25,4146.25,4145.50,4145.50,117
2023-01-05 19:13:00,4145.50,4145.75,4144.50,4145.25,167
2023-01-05 19:14:00,4145.50,4145.75,4145.00,4145.75,83
2023-01-05 19:15:00,4145.75,4145.75,4144.75,4145.25,94
2023-01-05 19:16:00,4145.00,4145.25,4144.50,4145.25,145
2023-01-05 19:17:00,4145.25,4146.00,4145.00,4145.50,129
2023-01-05 19:18:00,4145.75,4146.00,4144.75,4144.75,154
2023-01-05 19:19:00,4145.25,4147.00,4144.50,4147.00,488
2023-01-05 19:20:00,4147.00,4147.25,4146.50,4146.50,356
2023-01-05 19:21:00,4146.75,4147.00,4146.50,4146.50,69
2023-01-05 19:22:00,4146.75,4147.25,4146.75,4147.25,74
2023-01-05 19:23:00,4147.00,4147.75,4146.75,4146.75,139
2023-01-05 19:24:00,4147.00,4147.00,4146.75,4146.75,21
2023-01-05 19:25:00,4146.75,4147.00,4146.50,4146.50,65
2023-01-05 19:26:00,4146.50,4146.50,4146.00,4146.50,94
2023-01-05 19:27:00,4146.75,4147.00,4146.75,4147.00,24
2023-01-05 19:28:00,4147.25,4147.25,4146.75,4147.00,63
2023-01-05 19:29:00,4147.00,4147.75,4147.00,4147.75,132
2023-01-05 19:30:00,4147.75,4148.75,4147.75,4148.00,296
2023-01-05 19:31:00,4148.00,4148.25,4147.50,4148.25,105
2023-01-05 19:32:00,4148.25,4148.50,4148.00,4148.25,99
2023-01-05 19:33:00,4148.00,4149.00,4148.00,4148.75,147
2023-01-05 19:34:00,4148.75,4148.75,4148.25,4148.50,128
2023-01-05 19:35:00,4148.25,4148.25,4147.75,4148.25,56
2023-01-05 19:36:00,4148.00,4148.50,4148.00,4148.50,66
2023-01-05 19:37:00,4148.50,4148.75,4147.50,4147.75,238
2023-01-05 19:38:00,4147.50,4147.75,4147.25,4147.50,58
2023-01-05 19:39:00,4147.75,4147.75,4147.25,4147.50,126
2023-01-05 19:40:00,4147.75,4147.75,4147.50,4147.50,56
2023-01-05 19:41:00,4147.50,4147.50,4147.00,4147.00,92
2023-01-05 19:42:00,4147.25,4147.50,4146.75,4147.50,99
2023-01-05 19:43:00,4147.50,4148.00,4147.50,4147.50,126
2023-01-05 19:44:00,4147.75,4148.00,4147.50,4147.50,108
2023-01-05 19:45:00,4147.50,4148.00,4147.50,4147.75,81
2023-01-05 19:46:00,4147.75,4147.75,4147.00,4147.25,76
2023-01-05 19:47:00,4147.50,4147.75,4147.50,4147.75,53
2023-01-05 19:48:00,4148.00,4148.00,4147.50,4147.50,51
2023-01-05 19:49:00,4147.75,4148.00,4147.25,4147.25,48
2023-01-05 19:50:00,4147.25,4147.75,4147.00,4147.50,75
2023-01-05 19:51:00,4147.50,4147.75,4147.25,4147.50,38
2023-01-05 19:52:00,4147.50,4147.75,4147.50,4147.50,63
2023-01-05 19:53:00,4147.50,4147.75,4147.50,4147.50,9
2023-01-05 19:54:00,4147.50,4147.50,4147.00,4147.50,53
2023-01-05 19:55:00,4147.25,4147.50,4147.00,4147.50,81
2023-01-05 19:56:00,4147.75,4147.75,4147.50,4147.75,43
2023-01-05 19:57:00,4147.75,4148.00,4147.75,4148.00,102
2023-01-05 19:58:00,4148.00,4148.50,4147.75,4148.50,189
2023-01-05 19:59:00,4148.50,4149.25,4148.50,4148.50,183
2023-01-05 20:00:00,4148.75,4149.25,4148.75,4149.00,134
2023-01-05 20:01:00,4149.25,4149.75,4149.00,4149.25,256
2023-01-05 20:02:00,4149.25,4149.75,4149.25,4149.75,97
2023-01-05 20:03:00,4149.50,4150.00,4149.25,4149.50,143
2023-01-05 20:04:00,4149.50,4150.00,4149.25,4149.75,106
2023-01-05 20:05:00,4149.75,4150.00,4149.25,4149.75,115
2023-01-05 20:06:00,4150.00,4150.25,4149.50,4149.75,129
2023-01-05 20:07:00,4149.50,4150.00,4149.50,4149.75,119
2023-01-05 20:08:00,4149.75,4149.75,4149.50,4149.50,143
2023-01-05 20:09:00,4149.25,4149.50,4148.75,4148.75,129
2023-01-05 20:10:00,4149.00,4149.00,4148.50,4148.75,120
2023-01-05 20:11:00,4148.75,4149.75,4148.75,4149.50,52
2023-01-05 20:12:00,4149.50,4150.25,4149.50,4149.75,150
2023-01-05 20:13:00,4150.00,4150.50,4149.75,4150.25,174
2023-01-05 20:14:00,4150.00,4150.00,4149.50,4149.75,126
2023-01-05 20:15:00,4149.75,4149.75,4149.25,4149.75,131
2023-01-05 20:16:00,4149.50,4150.00,4149.25,4149.50,114
2023-01-05 20:17:00,4149.50,4149.50,4148.75,4148.75,169
2023-01-05 20:18:00,4148.75,4149.50,4148.75,4149.25,103
2023-01-05 20:19:00,4149.25,4149.25,4148.75,4149.00,56
2023-01-05 20:20:00,4149.00,4149.00,4147.75,4148.00,214
2023-01-05 20:21:00,4148.00,4148.25,4148.00,4148.00,78
2023-01-05 20:22:00,4147.75,4149.00,4147.75,4148.75,67
2023-01-05 20:23:00,4148.75,4149.25,4148.50,4149.25,56
2023-01-05 20:24:00,4149.25,4149.50,4148.75,4149.25,126
2023-01-05 20:25:00,4149.25,4149.50,4148.75,4148.75,75
2023-01-05 20:26:00,4149.00,4149.00,4148.25,4148.25,58
2023-01-05 20:27:00,4148.25,4148.75,4148.00,4148.75,77
2023-01-05 20:28:00,4149.00,4149.00,4148.50,4148.75,85
2023-01-05 20:29:00,4149.00,4149.50,4148.75,4149.25,55
2023-01-05 20:30:00,4149.25,4150.25,4149.25,4149.75,234
2023-01-05 20:31:00,4149.50,4151.00,4149.50,4150.50,272
2023-01-05 20:32:00,4150.50,4151.25,4150.25,4151.00,219
2023-01-05 20:33:00,4151.00,4151.00,4150.50,4151.00,173
2023-01-05 20:34:00,4151.00,4151.75,4150.75,4151.50,347
2023-01-05 20:35:00,4151.75,4153.50,4151.50,4153.25,675
2023-01-05 20:36:00,4153.25,4153.25,4152.00,4152.25,226
2023-01-05 20:37:00,4152.25,4153.00,4152.00,4152.50,223
2023-01-05 20:38:00,4152.50,4152.75,4152.25,4152.50,125
2023-01-05 20:39:00,4152.75,4152.75,4152.00,4152.00,77
2023-01-05 20:40:00,4152.25,4152.25,4151.75,4152.25,152
2023-01-05 20:41:00,4152.25,4153.50,4152.25,4153.25,219
2023-01-05 20:42:00,4153.50,4154.00,4153.00,4153.75,316
2023-01-05 20:43:00,4153.75,4154.25,4153.50,4154.00,335
2023-01-05 20:44:00,4154.25,4154.25,4153.50,4153.50,98
2023-01-05 20:45:00,4153.50,4153.50,4152.50,4152.50,243
2023-01-05 20:46:00,4152.50,4153.25,4152.50,4152.75,120
2023-01-05 20:47:00,4152.75,4153.25,4152.50,4152.75,168
2023-01-05 20:48:00,4152.50,4153.25,4152.50,4153.25,124
2023-01-05 20:49:00,4153.25,4153.25,4152.75,4153.00,31
2023-01-05 20:50:00,4152.75,4153.75,4152.75,4153.50,154
2023-01-05 20:51:00,4153.50,4153.50,4153.00,4153.00,71
2023-01-05 20:52:00,4153.00,4153.50,4152.75,4153.00,59
2023-01-05 20:53:00,4153.25,4153.25,4152.75,4152.75,66
2023-01-05 20:54:00,4152.50,4152.50,4152.00,4152.25,115
2023-01-05 20:55:00,4152.25,4153.25,4152.00,4153.00,149
2023-01-05 20:56:00,4153.00,4153.00,4152.25,4152.75,98
2023-01-05 20:57:00,4152.75,4153.25,4152.75,4153.25,45
2023-01-05 20:58:00,4153.50,4153.50,4153.00,4153.25,114
2023-01-05 20:59:00,4153.00,4153.50,4153.00,4153.50,73
2023-01-05 21:00:00,4153.50,4154.50,4153.25,4154.25,184
2023-01-05 21:01:00,4154.25,4155.00,4153.75,4154.75,411
2023-01-05 21:02:00,4154.50,4154.75,4154.50,4154.75,164
2023-01-05 21:03:00,4154.50,4154.75,4154.25,4154.50,119
2023-01-05 21:04:00,4154.50,4154.75,4154.50,4154.75,87
2023-01-05 21:05:00,4154.75,4155.00,4154.25,4154.25,105
2023-01-05 21:06:00,4154.50,4154.50,4153.75,4154.00,151
2023-01-05 21:07:00,4154.00,4154.25,4153.75,4154.00,56
2023-01-05 21:08:00,4154.00,4154.25,4154.00,4154.25,66
2023-01-05 21:09:00,4154.50,4154.50,4153.75,4154.00,77
2023-01-05 21:10:00,4154.00,4154.00,4153.50,4153.75,102
2023-01-05 21:11:00,4153.75,4154.25,4153.50,4154.25,185
2023-01-05 21:12:00,4154.00,4154.00,4153.50,4153.50,177
2023-01-05 21:13:00,4153.75,4153.75,4153.00,4153.00,112
2023-01-05 21:14:00,4153.25,4153.25,4153.25,4153.25,80
2023-01-05 21:15:00,4153.25,4154.00,4153.25,4154.00,53
2023-01-05 21:16:00,4154.00,4154.50,4154.00,4154.50,183
2023-01-05 21:17:00,4154.25,4154.75,4154.00,4154.75,161
2023-01-05 21:18:00,4154.75,4155.00,4154.50,4155.00,149
2023-01-05 21:19:00,4154.75,4154.75,4154.50,4154.50,42
2023-01-05 21:20:00,4154.75,4154.75,4153.75,4154.00,92
2023-01-05 21:21:00,4154.00,4154.00,4153.75,4153.75,91
2023-01-05 21:22:00,4153.75,4154.00,4153.50,4153.75,58
2023-01-05 21:23:00,4153.75,4154.00,4153.25,4154.00,160
2023-01-05 21:24:00,4154.00,4154.50,4153.75,4154.25,104
2023-01-05 21:25:00,4154.25,4154.50,4154.00,4154.50,73
2023-01-05 21:26:00,4154.25,4155.00,4154.25,4154.75,161
2023-01-05 21:27:00,4154.75,4154.75,4154.25,4154.25,48
2023-01-05 21:28:00,4154.25,4154.50,4154.25,4154.25,27
2023-01-05 21:29:00,4154.25,4155.00,4154.25,4154.75,102
2023-01-05 21:30:00,4154.75,4155.00,4154.50,4155.00,88
2023-01-05 21:31:00,4154.75,4154.75,4154.50,4154.75,75
2023-01-05 21:32:00,4154.75,4154.75,4154.00,4154.00,58
2023-01-05 21:33:00,4154.25,4154.75,4154.00,4154.50,87
2023-01-05 21:34:00,4154.50,4154.75,4153.75,4153.75,119
2023-01-05 21:35:00,4153.75,4154.50,4153.25,4154.50,163
2023-01-05 21:36:00,4154.25,4154.75,4154.25,4154.25,88
2023-01-05 21:37:00,4154.25,4154.25,4153.75,4153.75,85
2023-01-05 21:38:00,4153.75,4153.75,4153.50,4153.50,96
2023-01-05 21:39:00,4153.50,4154.00,4153.50,4153.50,148
2023-01-05 21:40:00,4153.50,4153.50,4153.00,4153.00,125
2023-01-05 21:41:00,4153.00,4153.50,4153.00,4153.25,137
2023-01-05 21:42:00,4153.00,4153.25,4152.75,4152.75,175
2023-01-05 21:43:00,4153.00,4153.00,4152.75,4153.00,78
2023-01-05 21:44:00,4153.00,4153.50,4152.75,4153.25,92
2023-01-05 21:45:00,4153.25,4154.00,4153.25,4153.75,198
2023-01-05 21:46:00,4153.75,4154.50,4153.75,4154.50,100
2023-01-05 21:47:00,4154.50,4154.75,4154.00,4154.00,110
2023-01-05 21:48:00,4154.00,4154.50,4153.50,4153.75,324
2023-01-05 21:49:00,4153.75,4154.00,4153.75,4154.00,56
2023-01-05 21:50:00,4154.25,4154.25,4153.50,4153.50,99
2023-01-05 21:51:00,4153.25,4153.50,4153.25,4153.25,47
2023-01-05 21:52:00,4153.25,4153.50,4153.00,4153.00,115
2023-01-05 21:53:00,4153.00,4153.50,4152.50,4153.50,199
2023-01-05 21:54:00,4153.50,4153.50,4153.25,4153.50,70
2023-01-05 21:55:00,4153.50,4153.50,4152.75,4153.25,126
2023-01-05 21:56:00,4153.25,4153.75,4153.00,4153.50,100
2023-01-05 21:57:00,4153.50,4154.50,4153.50,4154.00,379
2023-01-05 21:58:00,4154.00,4154.25,4153.75,4154.00,106
2023-01-05 21:59:00,4154.25,4154.75,4154.00,4154.00,132
2023-01-05 22:00:00,4154.00,4154.25,4153.50,4154.00,163
2023-01-05 22:01:00,4154.00,4155.25,4154.00,4155.25,218
2023-01-05 22:02:00,4155.25,4156.25,4155.25,4156.00,605
2023-01-05 22:03:00,4156.00,4156.25,4155.75,4156.25,185
2023-01-05 22:04:00,4156.00,4156.50,4155.75,4156.25,246
2023-01-05 22:05:00,4156.25,4156.50,4156.00,4156.00,372
2023-01-05 22:06:00,4156.00,4156.00,4155.75,4156.00,90
2023-01-05 22:07:00,4155.75,4156.00,4155.50,4155.75,133
2023-01-05 22:08:00,4155.75,4156.25,4155.75,4155.75,76
2023-01-05 22:09:00,4156.00,4156.25,4156.00,4156.25,126
2023-01-05 22:10:00,4156.25,4156.25,4156.00,4156.25,89
2023-01-05 22:11:00,4156.25,4156.50,4156.00,4156.00,219
2023-01-05 22:12:00,4156.00,4156.25,4156.00,4156.00,97
2023-01-05 22:13:00,4156.00,4156.25,4155.75,4155.75,200
2023-01-05 22:14:00,4155.75,4156.25,4155.75,4155.75,371
2023-01-05 22:15:00,4155.75,4156.00,4155.50,4156.00,244
2023-01-05 22:16:00,4156.00,4156.25,4156.00,4156.00,59
2023-01-05 22:17:00,4156.00,4156.50,4156.00,4156.25,181
2023-01-05 22:18:00,4156.50,4157.00,4156.50,4156.75,380
2023-01-05 22:19:00,4156.75,4156.75,4156.00,4156.25,71
2023-01-05 22:20:00,4156.00,4156.25,4155.75,4156.00,75
2023-01-05 22:21:00,4155.75,4155.75,4155.50,4155.50,113
2023-01-05 22:22:00,4155.50,4156.00,4155.50,4155.75,169
2023-01-05 22:23:00,4155.75,4155.75,4155.50,4155.50,127
2023-01-05 22:24:00,4155.50,4156.00,4155.50,4155.75,138
2023-01-05 22:25:00,4155.75,4156.50,4155.75,4156.25,83
2023-01-05 22:26:00,4156.50,4156.50,4156.00,4156.00,94
2023-01-05 22:27:00,4156.00,4156.25,4156.00,4156.25,37
2023-01-05 22:28:00,4156.25,4157.75,4156.25,4157.75,338
2023-01-05 22:29:00,4157.75,4157.75,4157.00,4157.25,129
2023-01-05 22:30:00,4157.25,4158.50,4157.25,4158.00,475
2023-01-05 22:31:00,4158.25,4158.50,4158.00,4158.00,193
2023-01-05 22:32:00,4158.00,4158.00,4157.25,4157.25,229
2023-01-05 22:33:00,4157.25,4157.50,4156.75,4157.00,276
2023-01-05 22:34:00,4157.00,4157.25,4156.50,4156.75,68
2023-01-05 22:35:00,4157.00,4157.00,4156.50,4156.75,110
2023-01-05 22:36:00,4156.50,4156.75,4156.25,4156.50,80
2023-01-05 22:37:00,4156.25,4156.50,4155.75,4155.75,169
2023-01-05 22:38:00,4155.75,4156.25,4155.50,4155.50,194
2023-01-05 22:39:00,4155.50,4155.50,4155.25,4155.50,182
2023-01-05 22:40:00,4155.50,4156.00,4155.50,4156.00,105
2023-01-05 22:41:00,4155.75,4156.25,4155.75,4156.00,76
2023-01-05 22:42:00,4155.75,4155.75,4155.50,4155.75,84
2023-01-05 22:43:00,4155.75,4155.75,4155.25,4155.50,79
2023-01-05 22:44:00,4155.25,4155.75,4155.25,4155.50,61
2023-01-05 22:45:00,4155.50,4156.00,4155.50,4155.50,125
2023-01-05 22:46:00,4155.25,4156.25,4155.25,4156.25,120
2023-01-05 22:47:00,4156.00,4156.25,4155.50,4156.00,84
2023-01-05 22:48:00,4156.25,4156.25,4155.75,4155.75,82
2023-01-05 22:49:00,4155.75,4156.00,4155.25,4155.50,59
2023-01-05 22:50:00,4155.50,4156.00,4155.50,4156.00,46
2023-01-05 22:51:00,4155.75,4156.50,4155.75,4156.50,97
2023-01-05 22:52:00,4156.50,4156.50,4156.00,4156.00,60
2023-01-05 22:53:00,4156.00,4156.50,4156.00,4156.50,116
2023-01-05 22:54:00,4156.50,4156.75,4156.50,4156.75,53
2023-01-05 22:55:00,4156.75,4157.00,4156.50,4156.50,107
2023-01-05 22:56:00,4156.50,4157.75,4156.50,4156.75,284
2023-01-05 22:57:00,4157.00,4157.00,4156.25,4156.50,329
2023-01-05 22:58:00,4156.50,4156.50,4156.00,4156.00,62
2023-01-05 22:59:00,4156.00,4156.00,4155.50,4155.50,95
2023-01-05 23:00:00,4155.75,4156.75,4155.75,4156.25,178
2023-01-05 23:01:00,4156.25,4156.50,4156.00,4156.00,72
2023-01-05 23:02:00,4156.00,4156.25,4156.00,4156.25,52
2023-01-05 23:03:00,4156.25,4157.00,4156.25,4156.75,83
2023-01-05 23:04:00,4156.75,4157.25,4156.75,4156.75,105
2023-01-05 23:05:00,4157.00,4157.00,4156.50,4156.50,48
2023-01-05 23:06:00,4156.50,4156.50,4156.25,4156.25,42
2023-01-05 23:07:00,4156.25,4156.50,4155.75,4156.25,123
2023-01-05 23:08:00,4156.25,4156.25,4155.75,4156.00,35
2023-01-05 23:09:00,4155.75,4156.00,4155.25,4155.50,115
2023-01-05 23:10:00,4155.50,4155.50,4155.00,4155.25,80
2023-01-05 23:11:00,4155.25,4155.25,4155.00,4155.00,52
2023-01-05 23:12:00,4155.25,4155.50,4155.00,4155.50,56
2023-01-05 23:13:00,4155.25,4155.75,4155.25,4155.75,136
2023-01-05 23:14:00,4155.50,4155.50,4155.25,4155.50,59
2023-01-05 23:15:00,4155.50,4155.50,4155.00,4155.25,120
2023-01-05 23:16:00,4155.00,4155.25,4154.25,4154.75,239
2023-01-05 23:17:00,4154.75,4155.25,4154.25,4154.50,177
2023-01-05 23:18:00,4154.50,4154.75,4154.25,4154.75,44
2023-01-05 23:19:00,4154.50,4154.50,4154.25,4154.50,71
2023-01-05 23:20:00,4154.50,4154.50,4154.25,4154.25,103
2023-01-05 23:21:00,4154.25,4155.00,4154.25,4155.00,149
2023-01-05 23:22:00,4155.00,4155.25,4155.00,4155.25,30
2023-01-05 23:23:00,4155.00,4155.25,4155.00,4155.25,26
2023-01-05 23:24:00,4155.00,4156.00,4155.00,4156.00,102
2023-01-05 23:25:00,4156.00,4156.25,4155.75,4156.25,67
2023-01-05 23:26:00,4156.25,4156.25,4156.00,4156.25,17
2023-01-05 23:27:00,4156.00,4156.25,4155.75,4155.75,70
2023-01-05 23:28:00,4155.75,4155.75,4155.25,4155.50,51
2023-01-05 23:29:00,4155.50,4155.75,4155.50,4155.50,87
2023-01-05 23:30:00,4155.75,4156.25,4155.75,4156.25,63
2023-01-05 23:31:00,4156.00,4156.25,4155.75,4155.75,47
2023-01-05 23:32:00,4155.75,4156.25,4155.75,4156.25,70
2023-01-05 23:33:00,4156.00,4156.00,4155.75,4156.00,18
2023-01-05 23:34:00,4156.00,4156.75,4156.00,4156.75,100
2023-01-05 23:35:00,4156.75,4157.00,4156.50,4156.75,65
2023-01-05 23:36:00,4156.75,4157.00,4156.75,4156.75,72
2023-01-05 23:37:00,4156.75,4156.75,4156.25,4156.25,67
2023-01-05 23:38:00,4156.25,4156.50,4156.00,4156.25,107
2023-01-05 23:39:00,4156.25,4156.50,4156.00,4156.00,80
2023-01-05 23:40:00,4156.00,4156.50,4156.00,4156.25,21
2023-01-05 23:41:00,4156.25,4156.50,4156.00,4156.25,53
2023-01-05 23:42:00,4156.00,4156.50,4156.00,4156.50,35
2023-01-05 23:43:00,4156.50,4156.50,4156.25,4156.50,42
2023-01-05 23:44:00,4156.25,4156.50,4156.25,4156.50,9
2023-01-05 23:45:00,4156.50,4156.50,4156.25,4156.25,66
2023-01-05 23:46:00,4156.25,4156.25,4155.75,4155.75,103
2023-01-05 23:47:00,4155.75,4156.00,4155.50,4155.50,70
2023-01-05 23:48:00,4155.25,4156.00,4155.25,4156.00,131
2023-01-05 23:49:00,4156.00,4156.50,4156.00,4156.25,75
2023-01-05 23:50:00,4156.25,4156.25,4156.00,4156.25,59
2023-01-05 23:51:00,4156.50,4156.50,4156.25,4156.25,32
2023-01-05 23:52:00,4156.25,4156.50,4156.25,4156.25,8
2023-01-05 23:53:00,4156.50,4156.50,4156.00,4156.25,64
2023-01-05 23:54:00,4156.00,4157.00,4155.50,4157.00,482
2023-01-05 23:55:00,4157.00,4157.25,4156.25,4156.50,170
2023-01-05 23:56:00,4156.25,4158.50,4156.25,4158.50,558
2023-01-05 23:57:00,4158.25,4158.50,4157.75,4158.00,220
2023-01-05 23:58:00,4158.25,4158.25,4157.75,4157.75,53
2023-01-05 23:59:00,4157.50,4157.50,4156.75,4157.00,169
2023-01-06 00:00:00,4157.00,4157.00,4156.50,4157.00,91
2023-01-06 00:01:00,4156.75,4157.00,4156.75,4156.75,106
2023-01-06 00:02:00,4156.75,4156.75,4156.25,4156.50,114
2023-01-06 00:03:00,4156.25,4156.25,4155.75,4155.75,78
2023-01-06 00:04:00,4155.75,4155.75,4155.50,4155.75,51
2023-01-06 00:05:00,4155.50,4156.25,4155.50,4156.00,63
2023-01-06 00:06:00,4155.75,4155.75,4155.50,4155.50,24
2023-01-06 00:07:00,4155.50,4155.75,4155.25,4155.25,33
2023-01-06 00:08:00,4155.25,4155.50,4154.75,4155.25,109
2023-01-06 00:09:00,4155.25,4155.25,4154.75,4155.00,129
2023-01-06 00:10:00,4155.00,4155.75,4154.75,4155.50,154
2023-01-06 00:11:00,4155.50,4155.50,4155.00,4155.00,57
2023-01-06 00:12:00,4154.75,4154.75,4154.50,4154.75,53
2023-01-06 00:13:00,4154.50,4154.50,4154.50,4154.50,97
2023-01-06 00:14:00,4154.50,4154.75,4154.50,4154.75,117
2023-01-06 00:15:00,4154.75,4155.25,4154.75,4154.75,57
2023-01-06 00:16:00,4154.75,4154.75,4154.25,4154.25,162
2023-01-06 00:17:00,4154.25,4154.75,4154.25,4154.25,97
2023-01-06 00:18:00,4154.25,4154.25,4153.50,4153.75,236
2023-01-06 00:19:00,4153.75,4154.00,4153.75,4153.75,114
2023-01-06 00:20:00,4153.75,4154.25,4153.75,4153.75,114
2023-01-06 00:21:00,4153.75,4154.25,4153.75,4154.00,48
2023-01-06 00:22:00,4154.00,4154.00,4153.50,4153.75,117
2023-01-06 00:23:00,4153.75,4153.75,4153.25,4153.50,173
2023-01-06 00:24:00,4153.50,4153.75,4153.25,4153.25,92
2023-01-06 00:25:00,4153.25,4153.25,4152.50,4153.00,176
2023-01-06 00:26:00,4153.00,4153.00,4152.25,4152.25,291
2023-01-06 00:27:00,4152.25,4152.50,4151.75,4151.75,260
2023-01-06 00:28:00,4152.00,4152.25,4151.75,4152.00,186
2023-01-06 00:29:00,4152.00,4152.00,4151.25,4151.50,346
2023-01-06 00:30:00,4151.50,4151.75,4151.00,4151.00,192
2023-01-06 00:31:00,4151.00,4151.00,4150.00,4150.00,411
2023-01-06 00:32:00,4150.25,4150.50,4150.00,4150.50,196
2023-01-06 00:33:00,4150.50,4150.75,4150.00,4150.75,128
2023-01-06 00:34:00,4150.75,4151.50,4150.75,4151.00,100
2023-01-06 00:35:00,4151.00,4151.25,4150.25,4150.25,116
2023-01-06 00:36:00,4150.50,4151.00,4150.50,4151.00,114
2023-01-06 00:37:00,4151.00,4151.25,4150.50,4150.75,81
2023-01-06 00:38:00,4151.00,4151.50,4150.75,4151.50,144
2023-01-06 00:39:00,4151.50,4151.50,4150.75,4151.25,101
2023-01-06 00:40:00,4151.25,4152.00,4151.25,4151.75,152
2023-01-06 00:41:00,4152.00,4152.00,4151.75,4152.00,85
2023-01-06 00:42:00,4151.75,4151.75,4151.25,4151.25,106
2023-01-06 00:43:00,4151.25,4151.25,4150.25,4150.50,135
2023-01-06 00:44:00,4150.50,4151.00,4150.50,4150.75,73
2023-01-06 00:45:00,4151.00,4151.25,4150.75,4150.75,164
2023-01-06 00:46:00,4150.50,4150.75,4150.00,4150.50,147
2023-01-06 00:47:00,4150.75,4151.00,4150.00,4150.25,142
2023-01-06 00:48:00,4150.50,4150.50,4149.75,4149.75,170
2023-01-06 00:49:00,4149.75,4150.25,4149.50,4149.75,117
2023-01-06 00:50:00,4149.75,4150.50,4149.75,4150.50,65
2023-01-06 00:51:00,4150.50,4150.50,4149.75,4149.75,90
2023-01-06 00:52:00,4149.75,4150.00,4149.75,4149.75,64
2023-01-06 00:53:00,4149.75,4150.00,4149.50,4150.00,84
2023-01-06 00:54:00,4150.00,4150.00,4149.50,4149.50,463
2023-01-06 00:55:00,4149.50,4150.25,4149.50,4150.25,283
2023-01-06 00:56:00,4150.25,4150.25,4150.00,4150.25,62
2023-01-06 00:57:00,4150.00,4150.50,4150.00,4150.00,108
2023-01-06 00:58:00,4150.00,4150.25,4150.00,4150.00,31
2023-01-06 00:59:00,4150.00,4151.00,4150.00,4150.75,228
2023-01-06 01:00:00,4150.75,4151.50,4150.75,4151.25,243
2023-01-06 01:01:00,4151.50,4152.25,4151.25,4151.50,263
2023-01-06 01:02:00,4151.50,4152.25,4151.50,4151.50,215
2023-01-06 01:03:00,4151.50,4151.50,4151.00,4151.00,135
2023-01-06 01:04:00,4151.00,4151.50,4150.75,4151.25,88
2023-01-06 01:05:00,4151.50,4151.75,4151.00,4151.25,182
2023-01-06 01:06:00,4151.00,4151.25,4150.75,4150.75,116
2023-01-06 01:07:00,4150.75,4150.75,4150.25,4150.50,143
2023-01-06 01:08:00,4150.50,4151.00,4150.25,4150.75,103
2023-01-06 01:09:00,4151.00,4151.50,4151.00,4151.50,111
2023-01-06 01:10:00,4151.75,4151.75,4151.25,4151.50,114
2023-01-06 01:11:00,4151.50,4151.75,4151.25,4151.75,25
2023-01-06 01:12:00,4151.75,4152.00,4151.50,4151.75,84
2023-01-06 01:13:00,4152.00,4152.25,4151.75,4152.25,83
2023-01-06 01:14:00,4152.25,4153.00,4152.00,4153.00,113
2023-01-06 01:15:00,4153.00,4153.00,4152.25,4152.25,41
2023-01-06 01:16:00,4152.25,4152.25,4151.75,4151.75,84
2023-01-06 01:17:00,4151.50,4152.00,4151.25,4151.50,160
2023-01-06 01:18:00,4151.50,4151.75,4151.50,4151.50,36
2023-01-06 01:19:00,4151.50,4151.50,4151.25,4151.25,84
2023-01-06 01:20:00,4151.50,4151.50,4151.00,4151.25,55
2023-01-06 01:21:00,4151.25,4152.00,4151.25,4151.75,50
2023-01-06 01:22:00,4151.50,4151.50,4151.25,4151.50,76
2023-01-06 01:23:00,4151.75,4152.00,4151.50,4151.50,52
2023-01-06 01:24:00,4151.25,4151.25,4150.50,4150.50,144
2023-01-06 01:25:00,4150.75,4150.75,4150.00,4150.00,203
2023-01-06 01:26:00,4150.00,4150.50,4149.75,4149.75,147
2023-01-06 01:27:00,4150.00,4150.00,4149.50,4149.50,167
2023-01-06 01:28:00,4149.50,4149.75,4149.50,4149.50,146
2023-01-06 01:29:00,4149.50,4149.75,4148.75,4149.00,349
2023-01-06 01:30:00,4149.00,4149.25,4148.75,4149.00,249
2023-01-06 01:31:00,4149.25,4150.25,4149.25,4150.00,89
2023-01-06 01:32:00,4150.00,4150.50,4150.00,4150.00,50
2023-01-06 01:33:00,4150.00,4150.00,4149.50,4149.75,26
2023-01-06 01:34:00,4149.50,4150.00,4149.00,4149.50,59
2023-01-06 01:35:00,4149.75,4150.00,4149.50,4150.00,65
2023-01-06 01:36:00,4150.00,4150.50,4149.75,4150.00,130
2023-01-06 01:37:00,4150.25,4150.25,4149.75,4149.75,47
2023-01-06 01:38:00,4150.00,4150.00,4149.75,4150.00,66
2023-01-06 01:39:00,4150.25,4150.25,4150.00,4150.00,27
2023-01-06 01:40:00,4150.25,4151.25,4150.00,4150.75,161
2023-01-06 01:41:00,4150.50,4151.50,4150.50,4151.50,88
2023-01-06 01:42:00,4151.25,4151.50,4151.00,4151.25,56
2023-01-06 01:43:00,4151.25,4151.25,4150.75,4151.00,65
2023-01-06 01:44:00,4151.25,4151.50,4151.00,4151.25,33
2023-01-06 01:45:00,4151.00,4151.50,4151.00,4151.00,37
2023-01-06 01:46:00,4151.25,4151.25,4151.00,4151.00,31
2023-01-06 01:47:00,4151.25,4151.50,4151.25,4151.25,49
2023-01-06 01:48:00,4151.25,4151.50,4150.75,4151.00,54
2023-01-06 01:49:00,4151.25,4151.25,4151.00,4151.00,21
2023-01-06 01:50:00,4151.00,4151.25,4150.75,4151.25,48
2023-01-06 01:51:00,4151.25,4151.50,4150.75,4151.00,29
2023-01-06 01:52:00,4151.00,4151.25,4150.75,4151.25,24
2023-01-06 01:53:00,4151.25,4151.25,4150.75,4151.00,31
2023-01-06 01:54:00,4151.00,4151.25,4150.50,4150.75,62
2023-01-06 01:55:00,4150.75,4151.00,4150.25,4151.00,215
2023-01-06 01:56:00,4151.00,4151.00,4150.75,4151.00,37
2023-01-06 01:57:00,4151.00,4151.00,4150.25,4150.25,56
2023-01-06 01:58:00,4150.50,4150.50,4149.50,4149.75,124
2023-01-06 01:59:00,4149.50,4150.25,4149.50,4150.25,37
2023-01-06 02:00:00,4150.25,4152.25,4150.25,4152.00,363
2023-01-06 02:01:00,4152.25,4153.00,4152.25,4153.00,217
2023-01-06 02:02:00,4153.00,4153.25,4152.25,4152.75,132
2023-01-06 02:03:00,4153.00,4153.75,4153.00,4153.75,222
2023-01-06 02:04:00,4153.75,4154.00,4153.25,4153.75,168
2023-01-06 02:05:00,4153.50,4153.50,4153.00,4153.50,125
2023-01-06 02:06:00,4153.50,4154.50,4153.50,4154.00,273
2023-01-06 02:07:00,4154.00,4154.00,4153.50,4153.50,107
2023-01-06 02:08:00,4153.75,4153.75,4152.75,4153.00,107
2023-01-06 02:09:00,4153.00,4153.50,4152.75,4152.75,131
2023-01-06 02:10:00,4153.00,4154.00,4153.00,4153.25,108
2023-01-06 02:11:00,4153.25,4153.25,4152.75,4152.75,71
2023-01-06 02:12:00,4152.75,4153.25,4152.50,4152.75,76
2023-01-06 02:13:00,4152.75,4153.00,4152.50,4152.50,68
2023-01-06 02:14:00,4152.75,4152.75,4152.00,4152.75,123
2023-01-06 02:15:00,4152.75,4153.00,4152.25,4152.25,86
2023-01-06 02:16:00,4152.50,4152.50,4151.25,4151.50,146
2023-01-06 02:17:00,4151.50,4151.75,4151.25,4151.25,59
2023-01-06 02:18:00,4151.50,4151.50,4150.75,4151.00,153
2023-01-06 02:19:00,4151.00,4151.00,4150.00,4150.25,151
2023-01-06 02:20:00,4150.50,4150.50,4149.50,4149.50,155
2023-01-06 02:21:00,4150.00,4150.00,4148.50,4148.50,321
2023-01-06 02:22:00,4148.50,4149.25,4147.50,4149.00,336
2023-01-06 02:23:00,4149.00,4149.00,4146.25,4147.00,1062
2023-01-06 02:24:00,4147.25,4147.25,4146.00,4146.75,272
2023-01-06 02:25:00,4146.50,4147.00,4146.50,4146.50,117
2023-01-06 02:26:00,4146.50,4146.50,4146.00,4146.00,116
2023-01-06 02:27:00,4146.00,4146.25,4145.25,4145.50,301
2023-01-06 02:28:00,4145.75,4146.50,4145.50,4146.00,125
2023-01-06 02:29:00,4145.75,4146.25,4145.25,4145.25,121
2023-01-06 02:30:00,4145.25,4147.00,4145.25,4146.50,148
2023-01-06 02:31:00,4146.50,4146.50,4145.50,4145.75,143
2023-01-06 02:32:00,4145.50,4146.00,4145.25,4145.25,125
2023-01-06 02:33:00,4145.25,4145.75,4145.00,4145.75,149
2023-01-06 02:34:00,4145.75,4147.00,4145.75,4146.50,185
2023-01-06 02:35:00,4146.75,4146.75,4146.00,4146.25,100
2023-01-06 02:36:00,4146.50,4147.00,4146.25,4146.25,99
2023-01-06 02:37:00,4146.25,4146.25,4145.50,4145.50,87
2023-01-06 02:38:00,4145.75,4145.75,4145.00,4145.50,181
2023-01-06 02:39:00,4145.50,4145.75,4144.75,4145.00,131
2023-01-06 02:40:00,4145.00,4145.00,4143.75,4144.00,376
2023-01-06 02:41:00,4144.00,4144.50,4143.50,4144.50,189
2023-01-06 02:42:00,4144.50,4144.50,4143.75,4144.00,163
2023-01-06 02:43:00,4144.25,4145.00,4144.00,4144.75,304
2023-01-06 02:44:00,4144.50,4144.50,4143.25,4143.50,146
2023-01-06 02:45:00,4143.25,4144.25,4143.25,4143.50,240
2023-01-06 02:46:00,4143.75,4144.50,4143.50,4144.50,107
2023-01-06 02:47:00,4144.25,4145.00,4144.00,4144.75,147
2023-01-06 02:48:00,4144.75,4144.75,4143.50,4144.00,138
2023-01-06 02:49:00,4144.00,4144.00,4143.00,4143.50,184
2023-01-06 02:50:00,4143.50,4143.75,4143.25,4143.75,61
2023-01-06 02:51:00,4143.75,4144.25,4143.25,4144.25,153
2023-01-06 02:52:00,4144.50,4145.00,4143.75,4143.75,249
2023-01-06 02:53:00,4143.75,4143.75,4143.00,4143.00,165
2023-01-06 02:54:00,4143.00,4144.00,4143.00,4143.75,267
2023-01-06 02:55:00,4143.50,4143.50,4142.25,4142.75,220
2023-01-06 02:56:00,4142.75,4143.25,4141.50,4141.50,280
2023-01-06 02:57:00,4141.75,4142.50,4141.25,4142.00,223
2023-01-06 02:58:00,4142.00,4142.25,4141.00,4141.25,324
2023-01-06 02:59:00,4141.25,4141.75,4141.25,4141.50,219
2023-01-06 03:00:00,4141.75,4144.25,4141.00,4143.75,693
2023-01-06 03:01:00,4143.75,4144.00,4142.25,4142.50,424
2023-01-06 03:02:00,4142.50,4145.25,4142.50,4144.75,386
2023-01-06 03:03:00,4144.50,4145.50,4143.75,4143.75,352
2023-01-06 03:04:00,4144.00,4144.00,4142.50,4142.50,273
2023-01-06 03:05:00,4142.25,4143.00,4141.50,4141.50,389
2023-01-06 03:06:00,4141.50,4142.25,4140.25,4140.50,431
2023-01-06 03:07:00,4140.50,4142.00,4139.75,4140.25,457
2023-01-06 03:08:00,4140.50,4141.25,4140.25,4140.75,370
2023-01-06 03:09:00,4140.50,4141.50,4140.00,4140.00,273
2023-01-06 03:10:00,4140.25,4140.50,4139.75,4140.25,360
2023-01-06 03:11:00,4140.25,4140.25,4139.50,4140.00,478
2023-01-06 03:12:00,4140.00,4141.50,4140.00,4140.50,358
2023-01-06 03:13:00,4140.75,4140.75,4139.00,4140.75,621
2023-01-06 03:14:00,4140.75,4141.00,4139.75,4141.00,245
2023-01-06 03:15:00,4141.00,4141.25,4140.00,4141.00,340
2023-01-06 03:16:00,4141.00,4141.75,4139.75,4141.00,534
2023-01-06 03:17:00,4140.75,4144.25,4140.75,4143.00,469
2023-01-06 03:18:00,4143.25,4145.00,4143.25,4144.25,699
2023-01-06 03:19:00,4144.25,4146.50,4143.75,4145.50,1028
2023-01-06 03:20:00,4145.50,4145.75,4144.75,4144.75,296
2023-01-06 03:21:00,4144.75,4144.75,4142.00,4143.00,597
2023-01-06 03:22:00,4143.25,4144.25,4142.75,4143.50,366
2023-01-06 03:23:00,4143.50,4144.50,4142.75,4143.25,257
2023-01-06 03:24:00,4143.25,4144.00,4142.75,4143.25,140
2023-01-06 03:25:00,4143.25,4144.00,4142.75,4143.25,155
2023-01-06 03:26:00,4143.50,4144.75,4143.50,4144.25,146
2023-01-06 03:27:00,4144.50,4144.75,4143.50,4143.50,136
2023-01-06 03:28:00,4143.50,4144.50,4143.50,4143.75,107
2023-01-06 03:29:00,4143.75,4144.50,4143.50,4143.50,129
2023-01-06 03:30:00,4143.75,4145.25,4143.75,4144.75,345
2023-01-06 03:31:00,4144.75,4145.00,4143.25,4143.25,237
2023-01-06 03:32:00,4143.50,4143.50,4143.00,4143.00,218
2023-01-06 03:33:00,4143.00,4143.25,4142.00,4142.25,190
2023-01-06 03:34:00,4142.25,4143.00,4141.50,4142.50,249
2023-01-06 03:35:00,4142.75,4144.25,4142.75,4144.25,120
2023-01-06 03:36:00,4144.25,4145.00,4143.75,4144.00,204
2023-01-06 03:37:00,4144.00,4145.00,4143.75,4144.75,225
2023-01-06 03:38:00,4145.00,4145.25,4144.50,4145.00,195
2023-01-06 03:39:00,4144.75,4145.50,4144.75,4145.25,119
2023-01-06 03:40:00,4145.50,4145.50,4144.00,4144.00,215
2023-01-06 03:41:00,4144.25,4144.25,4143.25,4144.00,395
2023-01-06 03:42:00,4144.00,4144.00,4142.75,4142.75,308
2023-01-06 03:43:00,4142.75,4143.00,4142.00,4142.50,140
2023-01-06 03:44:00,4142.75,4143.50,4142.75,4143.50,232
2023-01-06 03:45:00,4143.50,4143.75,4142.75,4143.50,355
2023-01-06 03:46:00,4143.50,4143.75,4143.00,4143.00,223
2023-01-06 03:47:00,4143.00,4143.50,4142.50,4143.50,278
2023-01-06 03:48:00,4143.25,4144.00,4143.00,4143.75,99
2023-01-06 03:49:00,4144.00,4144.25,4142.75,4143.00,173
2023-01-06 03:50:00,4142.75,4143.00,4142.50,4143.00,92
2023-01-06 03:51:00,4143.00,4144.00,4143.00,4143.50,151
2023-01-06 03:52:00,4143.50,4144.25,4143.50,4143.50,110
2023-01-06 03:53:00,4143.25,4144.00,4143.25,4144.00,148
2023-01-06 03:54:00,4144.00,4144.50,4143.75,4144.00,143
2023-01-06 03:55:00,4144.00,4145.00,4143.75,4145.00,328
2023-01-06 03:56:00,4144.75,4145.25,4144.25,4145.00,152
2023-01-06 03:57:00,4145.00,4145.00,4144.25,4144.50,137
2023-01-06 03:58:00,4144.50,4144.50,4144.00,4144.00,100
2023-01-06 03:59:00,4143.75,4144.75,4143.75,4144.50,110
2023-01-06 04:00:00,4144.50,4144.75,4143.75,4143.75,221
2023-01-06 04:01:00,4144.00,4144.00,4142.25,4142.75,392
2023-01-06 04:02:00,4142.75,4142.75,4141.50,4142.25,244
2023-01-06 04:03:00,4142.25,4142.50,4141.25,4142.00,227
2023-01-06 04:04:00,4142.00,4143.00,4141.75,4142.25,144
2023-01-06 04:05:00,4142.00,4142.75,4141.50,4142.50,308
2023-01-06 04:06:00,4142.50,4142.50,4141.75,4142.25,105
2023-01-06 04:07:00,4142.00,4142.00,4141.00,4141.00,128
2023-01-06 04:08:00,4141.25,4141.50,4139.00,4139.50,478
2023-01-06 04:09:00,4139.75,4141.25,4138.75,4140.25,354
2023-01-06 04:10:00,4140.25,4140.25,4139.25,4139.25,209
2023-01-06 04:11:00,4139.25,4139.25,4137.25,4138.50,635
2023-01-06 04:12:00,4138.25,4138.75,4137.00,4137.25,273
2023-01-06 04:13:00,4137.25,4138.00,4137.00,4137.25,274
2023-01-06 04:14:00,4137.50,4137.50,4136.75,4137.00,285
2023-01-06 04:15:00,4137.25,4138.75,4137.00,4138.75,273
2023-01-06 04:16:00,4138.75,4140.00,4138.50,4140.00,375
2023-01-06 04:17:00,4140.00,4140.00,4139.25,4139.25,241
2023-01-06 04:18:00,4139.25,4139.25,4138.50,4139.00,153
2023-01-06 04:19:00,4139.25,4139.75,4139.00,4139.50,204
2023-01-06 04:20:00,4139.50,4139.50,4138.00,4138.25,305
2023-01-06 04:21:00,4138.50,4138.75,4136.00,4136.00,807
2023-01-06 04:22:00,4136.25,4136.50,4135.00,4136.25,577
2023-01-06 04:23:00,4136.25,4138.00,4135.75,4137.25,434
2023-01-06 04:24:00,4137.25,4137.50,4136.75,4137.25,209
2023-01-06 04:25:00,4137.50,4137.50,4136.00,4136.25,174
2023-01-06 04:26:00,4136.25,4137.75,4136.25,4136.75,354
2023-01-06 04:27:00,4136.50,4137.25,4136.25,4137.00,105
2023-01-06 04:28:00,4137.00,4137.50,4136.50,4136.50,148
2023-01-06 04:29:00,4136.50,4137.00,4136.25,4136.25,140
2023-01-06 04:30:00,4136.25,4136.50,4136.00,4136.00,150
2023-01-06 04:31:00,4136.00,4136.00,4135.25,4135.50,261
2023-01-06 04:32:00,4135.50,4135.75,4134.75,4135.00,222
2023-01-06 04:33:00,4135.25,4136.75,4134.50,4135.50,454
2023-01-06 04:34:00,4135.75,4135.75,4135.00,4135.50,237
2023-01-06 04:35:00,4135.50,4135.50,4133.50,4133.75,500
2023-01-06 04:36:00,4134.00,4134.75,4133.50,4133.50,416
2023-01-06 04:37:00,4133.75,4134.50,4133.75,4134.50,260
2023-01-06 04:38:00,4134.50,4135.25,4134.50,4135.00,234
2023-01-06 04:39:00,4134.75,4135.25,4134.50,4135.00,142
2023-01-06 04:40:00,4135.00,4135.25,4134.00,4134.00,215
2023-01-06 04:41:00,4134.00,4135.25,4134.00,4135.25,142
2023-01-06 04:42:00,4135.25,4137.25,4135.00,4137.00,483
2023-01-06 04:43:00,4137.00,4139.00,4137.00,4138.50,798
2023-01-06 04:44:00,4138.50,4138.75,4137.25,4137.75,260
2023-01-06 04:45:00,4137.50,4137.50,4136.50,4137.25,311
2023-01-06 04:46:00,4137.50,4137.50,4136.75,4137.25,143
2023-01-06 04:47:00,4137.50,4138.00,4137.25,4138.00,195
2023-01-06 04:48:00,4138.25,4138.50,4138.00,4138.25,170
2023-01-06 04:49:00,4138.00,4138.50,4137.25,4138.25,201
2023-01-06 04:50:00,4138.25,4138.75,4137.00,4137.25,214
2023-01-06 04:51:00,4137.00,4137.50,4137.00,4137.50,138
2023-01-06 04:52:00,4137.25,4138.25,4137.00,4137.75,203
2023-01-06 04:53:00,4137.75,4138.50,4137.50,4138.25,251
2023-01-06 04:54:00,4138.00,4139.50,4138.00,4139.00,218
2023-01-06 04:55:00,4139.00,4139.25,4138.25,4138.50,149
2023-01-06 04:56:00,4138.50,4138.75,4138.00,4138.25,115
2023-01-06 04:57:00,4138.25,4139.00,4137.75,4139.00,137
2023-01-06 04:58:00,4139.00,4139.00,4138.25,4138.50,160
2023-01-06 04:59:00,4138.75,4139.50,4138.75,4139.25,456
2023-01-06 05:00:00,4139.25,4139.25,4136.50,4136.75,457
2023-01-06 05:01:00,4136.50,4137.50,4135.50,4136.75,407
2023-01-06 05:02:00,4136.75,4136.75,4136.00,4136.75,285
2023-01-06 05:03:00,4136.75,4138.00,4136.25,4137.50,256
2023-01-06 05:04:00,4137.50,4138.25,4137.00,4138.00,177
2023-01-06 05:05:00,4138.25,4138.75,4137.75,4138.50,250
2023-01-06 05:06:00,4138.50,4139.00,4138.25,4138.75,140
2023-01-06 05:07:00,4138.50,4138.50,4137.50,4138.00,191
2023-01-06 05:08:00,4137.75,4138.00,4137.00,4137.25,113
2023-01-06 05:09:00,4137.25,4138.00,4137.25,4138.00,196
2023-01-06 05:10:00,4138.00,4139.00,4138.00,4138.50,95
2023-01-06 05:11:00,4138.50,4140.00,4138.50,4139.50,190
2023-01-06 05:12:00,4139.75,4140.50,4139.75,4140.50,130
2023-01-06 05:13:00,4140.50,4141.25,4140.25,4140.75,202
2023-01-06 05:14:00,4140.50,4141.00,4140.25,4140.75,132
2023-01-06 05:15:00,4140.75,4141.50,4140.50,4140.50,197
2023-01-06 05:16:00,4140.50,4141.50,4140.25,4141.00,194
2023-01-06 05:17:00,4141.00,4143.50,4141.00,4143.25,591
2023-01-06 05:18:00,4143.25,4143.25,4141.75,4142.00,198
2023-01-06 05:19:00,4142.00,4142.50,4141.75,4142.50,93
2023-01-06 05:20:00,4142.50,4143.00,4141.75,4141.75,121
2023-01-06 05:21:00,4141.50,4141.50,4141.00,4141.50,151
2023-01-06 05:22:00,4141.75,4142.25,4141.50,4142.25,123
2023-01-06 05:23:00,4142.00,4142.50,4141.50,4142.00,194
2023-01-06 05:24:00,4141.75,4142.00,4140.75,4141.25,232
2023-01-06 05:25:00,4141.00,4141.75,4140.50,4140.75,155
2023-01-06 05:26:00,4141.00,4141.00,4140.00,4140.75,148
2023-01-06 05:27:00,4140.75,4141.25,4140.75,4141.00,57
2023-01-06 05:28:00,4141.00,4141.25,4140.00,4140.00,178
2023-01-06 05:29:00,4140.00,4140.00,4139.50,4139.75,126
2023-01-06 05:30:00,4139.50,4140.50,4139.00,4140.00,629
2023-01-06 05:31:00,4139.75,4140.50,4139.50,4140.00,153
2023-01-06 05:32:00,4140.00,4141.00,4140.00,4140.25,124
2023-01-06 05:33:00,4140.25,4140.50,4140.25,4140.50,86
2023-01-06 05:34:00,4140.25,4140.25,4139.75,4140.25,90
2023-01-06 05:35:00,4140.00,4140.00,4139.25,4139.75,146
2023-01-06 05:36:00,4139.75,4141.00,4139.75,4141.00,180
2023-01-06 05:37:00,4141.00,4141.25,4140.75,4141.25,115
2023-01-06 05:38:00,4141.25,4141.50,4140.75,4140.75,220
2023-01-06 05:39:00,4140.75,4141.75,4140.50,4141.50,74
2023-01-06 05:40:00,4141.50,4141.75,4141.25,4141.75,115
2023-01-06 05:41:00,4142.00,4142.50,4141.50,4142.25,135
2023-01-06 05:42:00,4142.50,4143.50,4142.50,4143.00,217
2023-01-06 05:43:00,4143.00,4143.25,4142.50,4143.00,119
2023-01-06 05:44:00,4142.75,4142.75,4141.75,4142.75,119
2023-01-06 05:45:00,4142.50,4142.50,4142.00,4142.25,182
2023-01-06 05:46:00,4142.00,4142.00,4141.00,4141.50,110
2023-01-06 05:47:00,4141.75,4141.75,4140.75,4140.75,225
2023-01-06 05:48:00,4141.00,4141.50,4141.00,4141.00,116
2023-01-06 05:49:00,4141.00,4142.50,4141.00,4142.25,156
2023-01-06 05:50:00,4142.25,4143.00,4141.25,4141.25,151
2023-01-06 05:51:00,4141.25,4141.75,4140.50,4141.50,251
2023-01-06 05:52:00,4141.75,4141.75,4139.75,4139.75,406
2023-01-06 05:53:00,4140.00,4141.00,4139.75,4139.75,181
2023-01-06 05:54:00,4139.75,4140.75,4139.75,4140.50,229
2023-01-06 05:55:00,4140.50,4140.50,4139.75,4140.00,101
2023-01-06 05:56:00,4139.75,4140.25,4139.75,4139.75,105
2023-01-06 05:57:00,4140.00,4140.25,4139.75,4139.75,200
2023-01-06 05:58:00,4139.75,4139.75,4138.00,4138.25,554
2023-01-06 05:59:00,4138.25,4138.50,4137.25,4137.75,382
2023-01-06 06:00:00,4137.50,4138.00,4137.00,4137.75,283
2023-01-06 06:01:00,4137.50,4137.75,4137.00,4137.75,316
2023-01-06 06:02:00,4137.75,4138.00,4137.25,4137.50,177
2023-01-06 06:03:00,4137.50,4139.75,4137.25,4139.75,287
2023-01-06 06:04:00,4139.50,4140.50,4139.50,4140.00,322
2023-01-06 06:05:00,4140.00,4140.50,4140.00,4140.25,146
2023-01-06 06:06:00,4140.00,4140.25,4139.50,4140.25,94
2023-01-06 06:07:00,4140.25,4141.25,4140.25,4140.25,186
2023-01-06 06:08:00,4140.25,4140.75,4140.25,4140.25,145
2023-01-06 06:09:00,4140.50,4142.00,4140.25,4141.25,296
2023-01-06 06:10:00,4141.25,4142.50,4141.25,4142.25,279
2023-01-06 06:11:00,4142.50,4143.75,4142.25,4142.25,303
2023-01-06 06:12:00,4142.25,4142.50,4141.75,4142.50,152
2023-01-06 06:13:00,4142.25,4142.25,4141.50,4141.50,118
2023-01-06 06:14:00,4141.75,4142.25,4141.50,4141.75,113
2023-01-06 06:15:00,4141.50,4142.50,4141.50,4142.50,95
2023-01-06 06:16:00,4142.25,4142.50,4141.75,4142.25,81
2023-01-06 06:17:00,4142.00,4142.50,4141.75,4142.25,85
2023-01-06 06:18:00,4142.25,4142.75,4142.25,4142.75,137
2023-01-06 06:19:00,4142.75,4143.75,4142.75,4143.00,204
2023-01-06 06:20:00,4143.00,4143.75,4143.00,4143.50,146
2023-01-06 06:21:00,4143.50,4144.25,4142.75,4144.00,205
2023-01-06 06:22:00,4143.75,4144.00,4143.50,4144.00,144
2023-01-06 06:23:00,4144.00,4144.50,4143.25,4143.25,296
2023-01-06 06:24:00,4143.25,4143.75,4143.25,4143.75,60
2023-01-06 06:25:00,4143.75,4144.25,4143.25,4143.25,104
2023-01-06 06:26:00,4143.25,4143.50,4142.50,4142.75,185
2023-01-06 06:27:00,4142.50,4143.25,4141.75,4142.25,362
2023-01-06 06:28:00,4142.00,4142.00,4141.50,4141.75,171
2023-01-06 06:29:00,4141.50,4142.25,4141.25,4142.00,103
2023-01-06 06:30:00,4142.00,4143.25,4142.00,4143.25,167
2023-01-06 06:31:00,4143.00,4143.50,4141.75,4142.00,165
2023-01-06 06:32:00,4141.75,4142.00,4140.75,4140.75,214
2023-01-06 06:33:00,4141.25,4141.25,4140.75,4141.00,154
2023-01-06 06:34:00,4141.00,4141.75,4141.00,4141.50,95
2023-01-06 06:35:00,4141.25,4141.50,4140.25,4140.50,177
2023-01-06 06:36:00,4140.75,4141.00,4140.00,4140.25,139
2023-01-06 06:37:00,4140.25,4140.25,4138.75,4139.25,408
2023-01-06 06:38:00,4139.50,4139.50,4137.50,4137.50,295
2023-01-06 06:39:00,4137.50,4138.50,4137.50,4138.25,282
2023-01-06 06:40:00,4138.50,4139.25,4137.75,4138.50,190
2023-01-06 06:41:00,4138.50,4138.50,4137.75,4137.75,76
2023-01-06 06:42:00,4137.75,4137.75,4136.50,4137.25,214
2023-01-06 06:43:00,4137.25,4138.25,4137.00,4138.25,189
2023-01-06 06:44:00,4138.25,4139.00,4138.25,4138.50,136
2023-01-06 06:45:00,4138.50,4140.00,4138.50,4139.50,230
2023-01-06 06:46:00,4139.50,4139.75,4137.75,4137.75,235
2023-01-06 06:47:00,4138.00,4139.25,4138.00,4139.25,114
2023-01-06 06:48:00,4139.25,4139.50,4139.00,4139.25,68
2023-01-06 06:49:00,4139.25,4139.50,4138.75,4139.50,84
2023-01-06 06:50:00,4139.50,4140.75,4139.25,4140.50,140
2023-01-06 06:51:00,4140.50,4140.50,4140.00,4140.25,98
2023-01-06 06:52:00,4140.25,4140.25,4139.75,4139.75,89
2023-01-06 06:53:00,4139.75,4140.00,4139.25,4139.25,129
2023-01-06 06:54:00,4139.25,4140.75,4139.25,4140.25,138
2023-01-06 06:55:00,4140.50,4140.75,4140.00,4140.00,134
2023-01-06 06:56:00,4140.00,4140.00,4139.25,4139.75,133
2023-01-06 06:57:00,4139.75,4140.75,4139.75,4140.50,102
2023-01-06 06:58:00,4140.75,4140.75,4140.00,4140.50,72
2023-01-06 06:59:00,4140.50,4140.50,4139.50,4139.75,185
2023-01-06 07:00:00,4139.75,4140.25,4138.00,4138.75,593
2023-01-06 07:01:00,4138.50,4139.00,4138.25,4138.50,265
2023-01-06 07:02:00,4138.25,4139.00,4138.25,4139.00,196
2023-01-06 07:03:00,4139.00,4140.00,4139.00,4139.25,156
2023-01-06 07:04:00,4139.25,4139.25,4138.50,4138.50,118
2023-01-06 07:05:00,4138.50,4139.00,4137.50,4137.75,292
2023-01-06 07:06:00,4137.75,4138.25,4137.75,4137.75,74
2023-01-06 07:07:00,4137.50,4138.50,4137.50,4138.50,234
2023-01-06 07:08:00,4138.50,4138.75,4138.00,4138.00,87
2023-01-06 07:09:00,4137.75,4139.00,4137.75,4138.50,110
2023-01-06 07:10:00,4138.25,4138.75,4138.00,4138.25,110
2023-01-06 07:11:00,4138.50,4138.75,4137.75,4138.00,115
2023-01-06 07:12:00,4138.00,4138.25,4137.00,4137.25,140
2023-01-06 07:13:00,4137.25,4137.50,4136.75,4137.50,275
2023-01-06 07:14:00,4137.50,4138.00,4137.50,4137.75,126
2023-01-06 07:15:00,4138.00,4139.00,4137.75,4138.50,253
2023-01-06 07:16:00,4138.50,4138.50,4137.50,4137.75,174
2023-01-06 07:17:00,4138.00,4138.25,4137.00,4137.50,176
2023-01-06 07:18:00,4137.25,4137.75,4136.50,4137.50,192
2023-01-06 07:19:00,4137.50,4138.50,4137.25,4138.50,395
2023-01-06 07:20:00,4138.50,4139.00,4138.00,4138.25,184
2023-01-06 07:21:00,4138.25,4138.75,4138.25,4138.75,140
2023-01-06 07:22:00,4138.75,4139.25,4138.25,4138.75,167
2023-01-06 07:23:00,4138.50,4139.25,4138.25,4139.00,124
2023-01-06 07:24:00,4139.00,4139.75,4138.75,4139.75,212
2023-01-06 07:25:00,4139.75,4140.50,4139.75,4140.50,340
2023-01-06 07:26:00,4140.50,4141.00,4140.00,4140.50,301
2023-01-06 07:27:00,4140.75,4140.75,4140.25,4140.25,88
2023-01-06 07:28:00,4140.00,4140.25,4138.75,4139.50,233
2023-01-06 07:29:00,4139.75,4140.00,4139.00,4139.25,185
2023-01-06 07:30:00,4139.25,4140.25,4139.25,4139.75,179
2023-01-06 07:31:00,4139.50,4140.50,4139.25,4140.50,303
2023-01-06 07:32:00,4140.75,4141.00,4139.00,4139.25,235
2023-01-06 07:33:00,4139.25,4139.75,4139.00,4139.00,309
2023-01-06 07:34:00,4139.00,4139.75,4139.00,4139.75,234
2023-01-06 07:35:00,4139.50,4139.75,4139.00,4139.75,118
2023-01-06 07:36:00,4139.75,4139.75,4138.50,4138.75,286
2023-01-06 07:37:00,4138.75,4138.75,4138.25,4138.50,117
2023-01-06 07:38:00,4138.50,4138.50,4137.00,4137.75,486
2023-01-06 07:39:00,4137.50,4138.00,4137.50,4137.75,199
2023-01-06 07:40:00,4137.50,4138.75,4137.50,4138.50,234
2023-01-06 07:41:00,4138.50,4138.75,4138.00,4138.50,162
2023-01-06 07:42:00,4138.75,4139.00,4137.75,4137.75,131
2023-01-06 07:43:00,4138.00,4138.00,4136.75,4137.50,509
2023-01-06 07:44:00,4137.50,4137.50,4135.50,4135.50,478
2023-01-06 07:45:00,4135.75,4136.50,4135.25,4135.50,368
2023-01-06 07:46:00,4135.50,4137.25,4135.50,4137.00,490
2023-01-06 07:47:00,4137.00,4137.25,4135.50,4136.25,563
2023-01-06 07:48:00,4136.25,4137.25,4136.00,4137.25,289
2023-01-06 07:49:00,4137.25,4138.00,4136.50,4136.75,300
2023-01-06 07:50:00,4136.75,4138.75,4136.50,4138.75,247
2023-01-06 07:51:00,4138.50,4139.25,4137.00,4137.50,516
2023-01-06 07:52:00,4137.25,4137.75,4137.25,4137.75,195
2023-01-06 07:53:00,4137.75,4138.25,4137.75,4138.25,133
2023-01-06 07:54:00,4138.25,4140.50,4138.25,4140.25,1190
2023-01-06 07:55:00,4140.25,4140.25,4139.50,4140.00,262
2023-01-06 07:56:00,4140.25,4140.25,4138.75,4139.25,552
2023-01-06 07:57:00,4139.00,4139.75,4137.75,4139.75,1073
2023-01-06 07:58:00,4139.50,4139.50,4139.00,4139.25,592
2023-01-06 07:59:00,4139.25,4139.25,4136.75,4137.00,677
2023-01-06 08:00:00,4137.25,4137.50,4135.50,4135.75,950
2023-01-06 08:01:00,4136.00,4137.00,4135.50,4135.75,701
2023-01-06 08:02:00,4135.75,4136.00,4135.25,4135.50,286
2023-01-06 08:03:00,4135.50,4135.75,4134.25,4134.75,589
2023-01-06 08:04:00,4134.50,4134.75,4133.75,4134.00,509
2023-01-06 08:05:00,4134.00,4135.00,4133.75,4134.00,625
2023-01-06 08:06:00,4134.25,4135.75,4134.25,4135.25,400
2023-01-06 08:07:00,4135.25,4136.00,4134.75,4134.75,583
2023-01-06 08:08:00,4134.75,4135.75,4133.50,4135.50,767
2023-01-06 08:09:00,4135.50,4137.00,4135.50,4136.75,660
2023-01-06 08:10:00,4136.50,4137.75,4136.50,4137.50,528
2023-01-06 08:11:00,4137.50,4137.50,4136.25,4136.75,641
2023-01-06 08:12:00,4136.75,4138.50,4136.25,4138.00,577
2023-01-06 08:13:00,4138.00,4138.25,4136.75,4136.75,480
2023-01-06 08:14:00,4136.75,4137.00,4136.00,4136.50,345
2023-01-06 08:15:00,4136.25,4136.75,4135.50,4135.50,303
2023-01-06 08:16:00,4135.50,4135.75,4134.50,4134.75,555
2023-01-06 08:17:00,4134.75,4135.00,4132.25,4133.50,1305
2023-01-06 08:18:00,4133.50,4133.75,4131.00,4131.25,949
2023-01-06 08:19:00,4131.25,4131.75,4128.75,4129.25,1266
