Datetime,Open,High,Low,Close,Volume
2024-01-01 18:00:00,4946.50,4948.00,4944.25,4947.25,1483
2024-01-01 18:01:00,4947.25,4948.25,4946.50,4948.25,783
2024-01-01 18:02:00,4948.25,4949.25,4947.75,4948.00,531
2024-01-01 18:03:00,4948.00,4948.50,4947.75,4948.50,119
2024-01-01 18:04:00,4948.25,4948.25,4947.00,4947.25,190
2024-01-01 18:05:00,4947.50,4948.25,4947.50,4948.25,143
2024-01-01 18:06:00,4948.25,4948.25,4947.75,4947.75,140
2024-01-01 18:07:00,4947.75,4949.25,4947.75,4949.25,290
2024-01-01 18:08:00,4949.00,4949.00,4948.50,4948.50,114
2024-01-01 18:09:00,4949.00,4950.25,4949.00,4949.75,336
2024-01-01 18:10:00,4950.00,4950.50,4949.50,4950.25,188
2024-01-01 18:11:00,4950.50,4951.00,4950.00,4951.00,331
2024-01-01 18:12:00,4951.00,4951.00,4949.75,4950.00,465
2024-01-01 18:13:00,4950.00,4950.00,4949.75,4950.00,63
2024-01-01 18:14:00,4949.75,4950.00,4949.25,4949.50,271
2024-01-01 18:15:00,4949.25,4950.00,4949.25,4950.00,160
2024-01-01 18:16:00,4950.00,4950.00,4949.50,4949.75,107
2024-01-01 18:17:00,4949.50,4950.00,4949.50,4949.75,195
2024-01-01 18:18:00,4949.75,4950.00,4949.50,4949.50,126
2024-01-01 18:19:00,4949.75,4950.00,4949.25,4949.25,350
2024-01-01 18:20:00,4949.50,4949.50,4948.75,4948.75,165
2024-01-01 18:21:00,4949.00,4949.50,4948.75,4949.50,321
2024-01-01 18:22:00,4949.75,4949.75,4949.50,4949.75,62
2024-01-01 18:23:00,4949.75,4950.00,4949.75,4949.75,248
2024-01-01 18:24:00,4949.75,4950.25,4949.50,4950.00,182
2024-01-01 18:25:00,4950.00,4950.75,4950.00,4950.75,273
2024-01-01 18:26:00,4950.75,4950.75,4950.00,4950.00,232
2024-01-01 18:27:00,4950.00,4950.50,4950.00,4950.50,67
2024-01-01 18:28:00,4950.50,4950.50,4950.00,4950.00,136
2024-01-01 18:29:00,4950.00,4950.50,4950.00,4950.25,360
2024-01-01 18:30:00,4950.50,4950.75,4950.00,4950.50,348
2024-01-01 18:31:00,4950.25,4950.75,4950.25,4950.25,278
2024-01-01 18:32:00,4950.25,4950.50,4950.25,4950.50,120
2024-01-01 18:33:00,4950.25,4950.25,4950.00,4950.25,148
2024-01-01 18:34:00,4950.00,4950.25,4949.50,4949.50,170
2024-01-01 18:35:00,4949.50,4949.75,4949.50,4949.75,33
2024-01-01 18:36:00,4949.50,4949.75,4949.50,4949.75,33
2024-01-01 18:37:00,4949.75,4949.75,4949.25,4949.50,164
2024-01-01 18:38:00,4949.50,4950.00,4949.25,4950.00,204
2024-01-01 18:39:00,4950.00,4950.50,4949.75,4950.00,537
2024-01-01 18:40:00,4950.00,4950.50,4949.75,4950.50,957
2024-01-01 18:41:00,4950.25,4950.25,4950.00,4950.00,142
2024-01-01 18:42:00,4950.00,4950.25,4949.50,4949.50,126
2024-01-01 18:43:00,4949.75,4949.75,4949.50,4949.50,34
2024-01-01 18:44:00,4949.50,4949.50,4948.75,4948.75,290
2024-01-01 18:45:00,4948.75,4949.25,4948.75,4949.00,114
2024-01-01 18:46:00,4949.00,4949.00,4948.75,4949.00,229
2024-01-01 18:47:00,4949.00,4949.00,4948.75,4948.75,11
2024-01-01 18:48:00,4949.00,4949.00,4948.75,4948.75,143
2024-01-01 18:49:00,4948.75,4949.00,4948.75,4948.75,117
2024-01-01 18:50:00,4948.75,4949.25,4948.75,4949.25,120
2024-01-01 18:51:00,4949.25,4949.25,4948.75,4949.00,116
2024-01-01 18:52:00,4949.00,4949.25,4948.75,4949.25,115
2024-01-01 18:53:00,4949.25,4949.50,4949.25,4949.50,63
2024-01-01 18:54:00,4949.25,4949.50,4949.25,4949.25,97
2024-01-01 18:55:00,4949.25,4949.50,4949.25,4949.25,9
2024-01-01 18:56:00,4949.25,4949.50,4949.25,4949.50,72
2024-01-01 18:57:00,4949.50,4949.50,4949.25,4949.25,58
2024-01-01 18:58:00,4949.25,4949.25,4949.25,4949.25,2
2024-01-01 18:59:00,4949.50,4949.50,4949.25,4949.50,21
2024-01-01 19:00:00,4949.25,4949.25,4949.00,4949.25,192
2024-01-01 19:01:00,4949.25,4949.50,4949.00,4949.25,168
2024-01-01 19:02:00,4949.25,4949.25,4949.25,4949.25,1
2024-01-01 19:03:00,4949.50,4949.75,4949.25,4949.75,79
2024-01-01 19:04:00,4949.75,4949.75,4949.50,4949.75,38
2024-01-01 19:05:00,4949.50,4949.75,4949.50,4949.50,110
2024-01-01 19:06:00,4949.50,4949.50,4949.25,4949.50,38
2024-01-01 19:07:00,4949.50,4949.50,4949.25,4949.50,5
2024-01-01 19:08:00,4949.50,4949.75,4949.50,4949.75,201
2024-01-01 19:09:00,4949.75,4949.75,4949.75,4949.75,37
2024-01-01 19:10:00,4949.75,4950.00,4949.75,4950.00,32
2024-01-01 19:11:00,4950.00,4950.00,4950.00,4950.00,17
2024-01-01 19:12:00,4949.75,4949.75,4949.75,4949.75,40
2024-01-01 19:13:00,4949.50,4949.50,4949.25,4949.25,122
2024-01-01 19:14:00,4949.50,4949.75,4949.25,4949.50,115
2024-01-01 19:15:00,4949.75,4949.75,4949.50,4949.75,115
2024-01-01 19:16:00,4949.50,4949.75,4949.50,4949.75,35
2024-01-01 19:17:00,4949.50,4949.75,4949.50,4949.75,8
2024-01-01 19:18:00,4949.50,4949.75,4949.25,4949.25,54
2024-01-01 19:19:00,4949.50,4949.50,4949.00,4949.00,112
2024-01-01 19:20:00,4949.25,4949.25,4948.75,4949.00,43
2024-01-01 19:21:00,4948.75,4948.75,4948.50,4948.50,40
2024-01-01 19:22:00,4948.50,4949.00,4948.50,4948.75,100
2024-01-01 19:23:00,4948.75,4949.00,4948.75,4948.75,83
2024-01-01 19:24:00,4948.75,4949.00,4948.75,4949.00,105
2024-01-01 19:25:00,4949.00,4949.00,4949.00,4949.00,31
2024-01-01 19:26:00,4948.75,4948.75,4948.00,4948.25,197
2024-01-01 19:27:00,4948.25,4948.25,4947.75,4948.00,252
2024-01-01 19:28:00,4947.75,4948.00,4947.75,4948.00,48
2024-01-01 19:29:00,4948.00,4948.00,4947.50,4947.75,115
2024-01-01 19:30:00,4947.75,4947.75,4947.25,4947.50,138
2024-01-01 19:31:00,4947.50,4947.50,4947.25,4947.50,42
2024-01-01 19:32:00,4947.25,4947.75,4947.25,4947.50,67
2024-01-01 19:33:00,4947.25,4947.75,4947.25,4947.50,61
2024-01-01 19:34:00,4947.75,4948.00,4947.75,4948.00,27
2024-01-01 19:35:00,4948.00,4948.50,4948.00,4948.50,132
2024-01-01 19:36:00,4948.50,4948.75,4948.50,4948.50,81
2024-01-01 19:37:00,4948.50,4948.50,4948.50,4948.50,36
2024-01-01 19:38:00,4948.50,4949.00,4948.50,4948.75,124
2024-01-01 19:39:00,4948.75,4949.00,4948.50,4949.00,68
2024-01-01 19:40:00,4948.75,4949.00,4948.75,4948.75,11
2024-01-01 19:41:00,4948.75,4948.75,4948.25,4948.50,68
2024-01-01 19:42:00,4948.50,4948.50,4948.25,4948.50,29
2024-01-01 19:43:00,4948.50,4948.50,4948.50,4948.50,82
2024-01-01 19:44:00,4948.75,4948.75,4948.50,4948.75,57
2024-01-01 19:45:00,4948.75,4948.75,4948.25,4948.25,59
2024-01-01 19:46:00,4948.25,4948.50,4948.25,4948.50,26
2024-01-01 19:47:00,4948.50,4948.50,4948.25,4948.25,63
2024-01-01 19:48:00,4948.00,4948.25,4948.00,4948.25,47
2024-01-01 19:49:00,4948.25,4948.50,4948.25,4948.50,20
2024-01-01 19:50:00,4948.50,4948.75,4948.50,4948.50,217
2024-01-01 19:51:00,4948.50,4948.50,4948.25,4948.50,36
2024-01-01 19:52:00,4948.50,4948.50,4948.50,4948.50,26
2024-01-01 19:53:00,4948.50,4948.50,4948.50,4948.50,27
2024-01-01 19:54:00,4948.50,4948.50,4948.25,4948.25,62
2024-01-01 19:55:00,4948.00,4948.25,4948.00,4948.25,10
2024-01-01 19:56:00,4948.25,4948.50,4948.25,4948.25,78
2024-01-01 19:57:00,4948.25,4948.50,4948.25,4948.25,328
2024-01-01 19:58:00,4948.00,4948.25,4948.00,4948.25,23
2024-01-01 19:59:00,4948.00,4948.25,4948.00,4948.25,30
2024-01-01 20:00:00,4948.25,4948.50,4948.25,4948.25,630
2024-01-01 20:01:00,4948.25,4949.00,4948.25,4948.75,284
2024-01-01 20:02:00,4949.00,4949.50,4948.75,4949.50,114
2024-01-01 20:03:00,4949.50,4950.00,4949.50,4950.00,254
2024-01-01 20:04:00,4950.00,4951.25,4950.00,4951.00,651
2024-01-01 20:05:00,4951.00,4951.25,4950.75,4950.75,453
2024-01-01 20:06:00,4951.00,4951.00,4950.75,4951.00,413
2024-01-01 20:07:00,4951.00,4951.00,4950.75,4950.75,333
2024-01-01 20:08:00,4950.75,4951.00,4950.00,4950.00,269
2024-01-01 20:09:00,4950.00,4950.00,4949.75,4950.00,153
2024-01-01 20:10:00,4950.00,4950.25,4949.75,4950.25,330
2024-01-01 20:11:00,4950.25,4950.25,4949.75,4949.75,457
2024-01-01 20:12:00,4949.75,4950.00,4949.75,4950.00,184
2024-01-01 20:13:00,4950.00,4950.00,4949.25,4949.50,407
2024-01-01 20:14:00,4949.50,4949.50,4949.00,4949.00,679
2024-01-01 20:15:00,4949.25,4950.00,4949.00,4949.75,724
2024-01-01 20:16:00,4949.75,4950.50,4949.75,4950.25,265
2024-01-01 20:17:00,4950.25,4950.50,4950.00,4950.25,131
2024-01-01 20:18:00,4950.50,4950.75,4950.50,4950.50,128
2024-01-01 20:19:00,4950.75,4951.00,4950.50,4951.00,118
2024-01-01 20:20:00,4951.00,4951.25,4950.25,4950.25,368
2024-01-01 20:21:00,4950.00,4950.50,4950.00,4950.25,118
2024-01-01 20:22:00,4950.25,4950.50,4950.25,4950.50,37
2024-01-01 20:23:00,4950.25,4950.75,4950.25,4950.75,44
2024-01-01 20:24:00,4950.50,4951.00,4950.50,4950.75,70
2024-01-01 20:25:00,4950.75,4950.75,4950.25,4950.25,90
2024-01-01 20:26:00,4950.25,4950.50,4950.25,4950.50,63
2024-01-01 20:27:00,4950.50,4950.50,4950.25,4950.25,196
2024-01-01 20:28:00,4950.25,4950.25,4949.75,4949.75,27
2024-01-01 20:29:00,4949.75,4949.75,4949.00,4949.75,191
2024-01-01 20:30:00,4949.75,4950.00,4949.50,4950.00,115
2024-01-01 20:31:00,4950.00,4950.00,4949.50,4949.50,86
2024-01-01 20:32:00,4949.50,4949.75,4949.50,4949.50,23
2024-01-01 20:33:00,4949.50,4949.50,4949.00,4949.25,88
2024-01-01 20:34:00,4949.25,4949.50,4949.00,4949.00,27
2024-01-01 20:35:00,4949.00,4949.00,4948.25,4948.75,274
2024-01-01 20:36:00,4948.75,4949.00,4948.75,4949.00,98
2024-01-01 20:37:00,4949.00,4949.00,4948.50,4948.75,74
2024-01-01 20:38:00,4948.75,4948.75,4948.50,4948.75,97
2024-01-01 20:39:00,4948.75,4948.75,4948.00,4948.00,204
2024-01-01 20:40:00,4948.00,4948.00,4947.75,4948.00,144
2024-01-01 20:41:00,4948.00,4948.00,4947.25,4947.25,176
2024-01-01 20:42:00,4947.50,4947.50,4946.25,4946.25,357
2024-01-01 20:43:00,4946.25,4946.75,4946.25,4946.25,255
2024-01-01 20:44:00,4946.50,4947.00,4946.25,4946.75,173
2024-01-01 20:45:00,4947.00,4948.50,4947.00,4947.75,289
2024-01-01 20:46:00,4947.75,4947.75,4947.00,4947.25,150
2024-01-01 20:47:00,4947.25,4947.25,4946.50,4946.75,169
2024-01-01 20:48:00,4947.00,4947.00,4946.50,4947.00,94
2024-01-01 20:49:00,4946.75,4946.75,4946.50,4946.75,79
2024-01-01 20:50:00,4947.00,4947.25,4946.75,4947.00,52
2024-01-01 20:51:00,4947.00,4947.50,4947.00,4947.50,90
2024-01-01 20:52:00,4947.50,4947.75,4947.25,4947.25,112
2024-01-01 20:53:00,4947.25,4947.50,4947.25,4947.25,14
2024-01-01 20:54:00,4947.25,4947.75,4947.25,4947.75,123
2024-01-01 20:55:00,4947.75,4948.00,4947.75,4947.75,98
2024-01-01 20:56:00,4947.75,4947.75,4947.25,4947.25,97
2024-01-01 20:57:00,4947.25,4947.25,4947.00,4947.25,55
2024-01-01 20:58:00,4947.50,4947.50,4947.50,4947.50,70
2024-01-01 20:59:00,4947.50,4947.50,4947.25,4947.25,82
2024-01-01 21:00:00,4947.50,4947.50,4947.25,4947.50,108
2024-01-01 21:01:00,4947.50,4947.75,4947.25,4947.75,65
2024-01-01 21:02:00,4947.75,4948.00,4947.75,4948.00,135
2024-01-01 21:03:00,4948.25,4948.50,4947.25,4947.50,271
2024-01-01 21:04:00,4947.50,4948.00,4947.50,4948.00,32
2024-01-01 21:05:00,4947.75,4948.00,4947.75,4948.00,87
2024-01-01 21:06:00,4947.75,4947.75,4947.50,4947.50,26
2024-01-01 21:07:00,4947.75,4947.75,4947.75,4947.75,12
2024-01-01 21:08:00,4947.50,4947.75,4947.25,4947.50,48
2024-01-01 21:09:00,4947.50,4947.75,4947.50,4947.75,36
2024-01-01 21:10:00,4947.75,4947.75,4947.75,4947.75,1
2024-01-01 21:11:00,4947.75,4947.75,4947.50,4947.50,129
2024-01-01 21:12:00,4947.50,4947.75,4947.50,4947.50,75
2024-01-01 21:13:00,4947.50,4947.75,4947.50,4947.50,26
2024-01-01 21:14:00,4947.50,4947.75,4947.50,4947.75,31
2024-01-01 21:15:00,4947.75,4948.00,4947.00,4947.25,497
2024-01-01 21:16:00,4947.50,4947.75,4947.25,4947.75,11
2024-01-01 21:17:00,4947.50,4948.00,4947.50,4948.00,33
2024-01-01 21:18:00,4947.75,4947.75,4947.50,4947.50,69
2024-01-01 21:19:00,4947.50,4947.50,4947.25,4947.50,125
2024-01-01 21:20:00,4947.50,4947.50,4947.25,4947.25,14
2024-01-01 21:21:00,4947.50,4947.75,4947.50,4947.75,58
2024-01-01 21:22:00,4947.75,4948.00,4947.50,4948.00,782
2024-01-01 21:23:00,4947.75,4948.00,4947.75,4947.75,96
2024-01-01 21:24:00,4947.50,4948.00,4947.50,4948.00,187
2024-01-01 21:25:00,4948.00,4948.00,4947.75,4947.75,67
2024-01-01 21:26:00,4947.75,4948.00,4947.75,4948.00,30
2024-01-01 21:27:00,4948.00,4948.00,4948.00,4948.00,38
2024-01-01 21:28:00,4948.00,4948.00,4947.50,4947.50,297
2024-01-01 21:29:00,4947.75,4948.00,4947.50,4947.50,655
2024-01-01 21:30:00,4947.75,4947.75,4947.25,4947.25,314
2024-01-01 21:31:00,4947.25,4947.50,4947.00,4947.50,188
2024-01-01 21:32:00,4947.50,4947.50,4947.50,4947.50,41
2024-01-01 21:33:00,4947.25,4947.50,4947.25,4947.25,137
2024-01-01 21:34:00,4947.50,4947.50,4947.25,4947.25,37
2024-01-01 21:35:00,4947.50,4947.50,4947.25,4947.50,61
2024-01-01 21:36:00,4947.50,4947.50,4947.50,4947.50,92
2024-01-01 21:37:00,4947.25,4947.25,4947.00,4947.00,54
2024-01-01 21:38:00,4947.25,4947.25,4946.75,4947.00,155
2024-01-01 21:39:00,4946.75,4947.50,4946.75,4947.25,311
2024-01-01 21:40:00,4947.25,4947.25,4947.00,4947.00,78
2024-01-01 21:41:00,4947.25,4947.25,4947.00,4947.00,153
2024-01-01 21:42:00,4947.25,4947.25,4947.00,4947.25,14
2024-01-01 21:43:00,4947.25,4947.50,4947.25,4947.25,274
2024-01-01 21:44:00,4947.50,4947.50,4947.25,4947.25,161
2024-01-01 21:45:00,4947.25,4947.25,4947.00,4947.25,8
2024-01-01 21:46:00,4947.00,4947.50,4947.00,4947.50,178
2024-01-01 21:47:00,4947.50,4947.50,4947.50,4947.50,55
2024-01-01 21:48:00,4947.75,4947.75,4947.25,4947.50,37
2024-01-01 21:49:00,4947.50,4947.75,4947.50,4947.50,99
2024-01-01 21:50:00,4947.50,4947.50,4947.25,4947.50,25
2024-01-01 21:51:00,4947.25,4947.25,4946.50,4946.50,206
2024-01-01 21:52:00,4946.75,4946.75,4946.25,4946.25,135
2024-01-01 21:53:00,4946.00,4946.25,4945.50,4946.00,241
2024-01-01 21:54:00,4945.75,4946.25,4945.75,4946.25,354
2024-01-01 21:55:00,4946.25,4946.50,4946.25,4946.25,80
2024-01-01 21:56:00,4946.25,4946.75,4946.25,4946.50,16
2024-01-01 21:57:00,4946.75,4947.00,4946.75,4946.75,102
2024-01-01 21:58:00,4946.75,4947.00,4946.50,4946.75,116
2024-01-01 21:59:00,4947.00,4947.25,4947.00,4947.00,101
2024-01-01 22:00:00,4947.25,4947.50,4947.25,4947.25,59
2024-01-01 22:01:00,4947.25,4947.50,4947.25,4947.50,11
2024-01-01 22:02:00,4947.50,4947.75,4947.25,4947.75,205
2024-01-01 22:03:00,4947.50,4947.75,4947.50,4947.75,137
2024-01-01 22:04:00,4947.75,4948.00,4947.50,4947.50,60
2024-01-01 22:05:00,4947.50,4947.75,4947.50,4947.50,14
2024-01-01 22:06:00,4947.50,4947.50,4947.50,4947.50,8
2024-01-01 22:07:00,4947.75,4947.75,4947.50,4947.50,13
2024-01-01 22:08:00,4947.75,4947.75,4947.50,4947.50,9
2024-01-01 22:09:00,4947.75,4948.00,4947.75,4948.00,98
2024-01-01 22:10:00,4948.00,4948.25,4948.00,4948.25,69
2024-01-01 22:11:00,4948.25,4948.75,4948.25,4948.25,242
2024-01-01 22:12:00,4948.50,4948.75,4948.25,4948.50,127
2024-01-01 22:13:00,4948.50,4948.50,4948.50,4948.50,41
2024-01-01 22:14:00,4948.25,4948.25,4948.00,4948.00,74
2024-01-01 22:15:00,4948.25,4948.50,4948.00,4948.25,113
2024-01-01 22:16:00,4948.25,4948.25,4948.00,4948.25,140
2024-01-01 22:17:00,4948.25,4948.25,4948.25,4948.25,21
2024-01-01 22:18:00,4948.00,4948.00,4947.75,4947.75,48
2024-01-01 22:19:00,4947.75,4947.75,4947.25,4947.25,137
2024-01-01 22:20:00,4947.25,4947.50,4947.25,4947.50,24
2024-01-01 22:21:00,4947.25,4947.50,4947.25,4947.25,17
2024-01-01 22:22:00,4947.25,4947.50,4947.25,4947.25,8
2024-01-01 22:23:00,4947.25,4947.50,4947.25,4947.50,166
2024-01-01 22:24:00,4947.25,4947.50,4947.25,4947.50,73
2024-01-01 22:25:00,4947.50,4947.50,4947.25,4947.25,13
2024-01-01 22:26:00,4947.25,4947.50,4947.25,4947.25,23
2024-01-01 22:27:00,4947.25,4947.50,4947.25,4947.25,5
2024-01-01 22:28:00,4947.25,4947.25,4947.25,4947.25,16
2024-01-01 22:29:00,4947.50,4947.75,4947.25,4947.75,117
2024-01-01 22:30:00,4948.00,4948.00,4947.75,4948.00,150
2024-01-01 22:31:00,4948.00,4948.00,4947.75,4947.75,5
2024-01-01 22:32:00,4947.75,4947.75,4947.75,4947.75,4
2024-01-01 22:33:00,4948.00,4948.00,4947.75,4947.75,8
2024-01-01 22:34:00,4947.75,4947.75,4947.75,4947.75,115
2024-01-01 22:35:00,4947.75,4948.00,4947.50,4947.75,61
2024-01-01 22:36:00,4947.50,4947.50,4947.25,4947.50,71
2024-01-01 22:37:00,4947.25,4947.25,4947.00,4947.00,63
2024-01-01 22:38:00,4947.25,4947.25,4946.75,4946.75,43
2024-01-01 22:39:00,4946.75,4947.25,4946.75,4947.25,144
2024-01-01 22:40:00,4947.50,4947.50,4947.25,4947.25,55
2024-01-01 22:41:00,4947.25,4947.25,4947.25,4947.25,3
2024-01-01 22:42:00,4947.50,4947.50,4947.25,4947.25,11
2024-01-01 22:43:00,4947.25,4947.50,4947.25,4947.50,61
2024-01-01 22:44:00,4947.50,4948.00,4947.50,4947.75,151
2024-01-01 22:45:00,4947.75,4948.50,4947.75,4948.50,104
2024-01-01 22:46:00,4948.25,4948.50,4948.00,4948.00,151
2024-01-01 22:47:00,4948.25,4948.25,4948.00,4948.00,22
2024-01-01 22:48:00,4948.25,4948.25,4948.25,4948.25,1
2024-01-01 22:49:00,4948.25,4948.25,4948.00,4948.00,45
2024-01-01 22:50:00,4947.75,4947.75,4947.50,4947.50,83
2024-01-01 22:51:00,4947.50,4947.75,4947.25,4947.25,31
2024-01-01 22:52:00,4947.25,4947.25,4947.00,4947.00,69
2024-01-01 22:53:00,4947.25,4947.25,4947.00,4947.00,53
2024-01-01 22:54:00,4947.00,4947.50,4947.00,4947.50,46
2024-01-01 22:55:00,4947.50,4947.50,4947.25,4947.25,10
2024-01-01 22:56:00,4947.50,4947.75,4947.50,4947.50,97
2024-01-01 22:57:00,4947.75,4947.75,4947.50,4947.75,34
2024-01-01 22:58:00,4947.75,4948.00,4947.75,4947.75,15
2024-01-01 22:59:00,4948.00,4948.00,4948.00,4948.00,12
2024-01-01 23:00:00,4948.00,4948.00,4947.75,4948.00,19
2024-01-01 23:01:00,4947.75,4947.75,4947.50,4947.50,72
2024-01-01 23:02:00,4947.50,4947.75,4947.50,4947.50,79
2024-01-01 23:03:00,4947.50,4947.75,4947.50,4947.50,10
2024-01-01 23:04:00,4947.75,4947.75,4947.50,4947.50,53
2024-01-01 23:05:00,4947.75,4947.75,4947.50,4947.50,17
2024-01-01 23:06:00,4947.75,4947.75,4947.50,4947.50,16
2024-01-01 23:07:00,4947.50,4947.50,4947.50,4947.50,6
2024-01-01 23:08:00,4947.50,4947.75,4947.50,4947.75,101
2024-01-01 23:09:00,4947.75,4948.00,4947.75,4947.75,36
2024-01-01 23:10:00,4947.75,4948.00,4947.75,4948.00,18
2024-01-01 23:11:00,4947.75,4948.00,4947.75,4947.75,122
2024-01-01 23:12:00,4947.75,4948.50,4947.50,4948.50,104
2024-01-01 23:13:00,4948.25,4948.50,4948.25,4948.25,31
2024-01-01 23:14:00,4948.25,4948.25,4948.25,4948.25,29
2024-01-01 23:15:00,4948.25,4948.50,4948.25,4948.50,18
2024-01-01 23:16:00,4948.50,4948.50,4948.25,4948.50,45
2024-01-01 23:17:00,4948.50,4948.50,4948.50,4948.50,3
2024-01-01 23:18:00,4948.50,4948.50,4948.25,4948.25,5
2024-01-01 23:19:00,4948.50,4948.50,4948.25,4948.25,36
2024-01-01 23:20:00,4948.50,4948.50,4948.25,4948.25,55
2024-01-01 23:21:00,4948.50,4948.50,4948.25,4948.25,62
2024-01-01 23:22:00,4948.00,4948.25,4948.00,4948.00,9
2024-01-01 23:23:00,4948.00,4948.25,4948.00,4948.25,47
2024-01-01 23:24:00,4948.25,4948.50,4948.25,4948.50,35
2024-01-01 23:25:00,4948.50,4948.50,4948.50,4948.50,1
2024-01-01 23:26:00,4948.25,4948.50,4948.25,4948.25,9
2024-01-01 23:27:00,4948.25,4948.50,4948.25,4948.25,24
2024-01-01 23:28:00,4948.25,4948.25,4948.25,4948.25,83
2024-01-01 23:29:00,4948.25,4948.50,4948.25,4948.50,16
2024-01-01 23:30:00,4948.50,4948.75,4948.50,4948.50,178
2024-01-01 23:31:00,4948.50,4948.75,4948.50,4948.50,21
2024-01-01 23:32:00,4948.50,4948.75,4948.50,4948.75,27
2024-01-01 23:33:00,4948.50,4948.75,4948.50,4948.75,3
2024-01-01 23:34:00,4948.75,4949.00,4948.75,4949.00,123
2024-01-01 23:35:00,4948.75,4949.25,4948.75,4949.25,51
2024-01-01 23:36:00,4949.00,4949.75,4949.00,4949.50,381
2024-01-01 23:37:00,4949.50,4949.50,4949.50,4949.50,31
2024-01-01 23:38:00,4949.50,4950.00,4949.50,4949.75,85
2024-01-01 23:39:00,4949.75,4949.75,4949.50,4949.50,66
2024-01-01 23:40:00,4949.50,4950.00,4949.50,4949.75,23
2024-01-01 23:41:00,4949.75,4950.00,4949.75,4949.75,136
2024-01-01 23:42:00,4950.00,4950.00,4949.75,4950.00,38
2024-01-01 23:43:00,4950.00,4950.00,4949.75,4949.75,28
2024-01-01 23:44:00,4949.75,4949.75,4949.00,4949.00,38
2024-01-01 23:45:00,4949.00,4949.50,4949.00,4949.50,76
2024-01-01 23:46:00,4949.50,4949.75,4949.50,4949.50,37
2024-01-01 23:47:00,4949.50,4949.75,4949.50,4949.75,3
2024-01-01 23:48:00,4949.75,4949.75,4949.50,4949.50,7
2024-01-01 23:49:00,4949.50,4949.75,4949.50,4949.75,9
2024-01-01 23:50:00,4949.75,4949.75,4949.50,4949.50,6
2024-01-01 23:51:00,4949.50,4949.75,4949.50,4949.50,110
2024-01-01 23:52:00,4949.25,4949.75,4949.25,4949.75,44
2024-01-01 23:53:00,4949.50,4949.75,4949.50,4949.75,40
2024-01-01 23:54:00,4949.75,4949.75,4949.50,4949.50,20
2024-01-01 23:55:00,4949.25,4949.50,4949.25,4949.50,10
2024-01-01 23:56:00,4949.50,4949.50,4949.00,4949.00,26
2024-01-01 23:57:00,4949.00,4949.25,4949.00,4949.00,9
2024-01-01 23:58:00,4949.00,4949.25,4949.00,4949.25,20
2024-01-01 23:59:00,4949.25,4949.25,4949.00,4949.25,12
2024-01-02 00:00:00,4949.25,4949.50,4949.25,4949.50,100
2024-01-02 00:01:00,4949.50,4949.75,4949.50,4949.75,84
2024-01-02 00:02:00,4949.75,4949.75,4949.75,4949.75,62
2024-01-02 00:03:00,4949.75,4949.75,4949.50,4949.50,58
2024-01-02 00:04:00,4949.50,4949.75,4949.25,4949.75,62
2024-01-02 00:05:00,4949.75,4950.00,4949.50,4949.50,53
2024-01-02 00:06:00,4949.50,4949.50,4949.50,4949.50,2
2024-01-02 00:07:00,4949.50,4949.75,4949.25,4949.50,132
2024-01-02 00:08:00,4949.50,4949.50,4949.25,4949.50,24
2024-01-02 00:09:00,4949.75,4950.00,4949.75,4950.00,73
2024-01-02 00:10:00,4949.75,4950.50,4949.75,4950.25,154
2024-01-02 00:11:00,4950.25,4950.75,4950.25,4950.50,154
2024-01-02 00:12:00,4950.50,4951.00,4950.50,4950.75,212
2024-01-02 00:13:00,4950.50,4951.00,4950.50,4950.75,29
2024-01-02 00:14:00,4950.75,4951.50,4950.75,4951.50,200
2024-01-02 00:15:00,4951.25,4951.50,4951.25,4951.50,97
2024-01-02 00:16:00,4951.25,4951.25,4951.25,4951.25,84
2024-01-02 00:17:00,4951.25,4951.25,4951.00,4951.25,149
2024-01-02 00:18:00,4951.25,4951.25,4951.00,4951.00,23
2024-01-02 00:19:00,4951.25,4951.25,4951.00,4951.00,249
2024-01-02 00:20:00,4951.25,4951.25,4951.25,4951.25,122
2024-01-02 00:21:00,4951.25,4951.25,4951.00,4951.00,72
2024-01-02 00:22:00,4951.00,4951.25,4951.00,4951.00,32
2024-01-02 00:23:00,4951.00,4951.25,4951.00,4951.00,8
2024-01-02 00:24:00,4951.25,4951.25,4951.00,4951.00,214
2024-01-02 00:25:00,4951.25,4951.50,4951.00,4951.50,108
2024-01-02 00:26:00,4951.75,4951.75,4951.50,4951.75,181
2024-01-02 00:27:00,4951.75,4951.75,4951.50,4951.75,25
2024-01-02 00:28:00,4952.00,4952.00,4951.75,4951.75,109
2024-01-02 00:29:00,4952.00,4952.00,4950.75,4950.75,295
2024-01-02 00:30:00,4950.75,4951.25,4950.75,4951.00,106
2024-01-02 00:31:00,4951.25,4951.25,4951.00,4951.00,97
2024-01-02 00:32:00,4951.00,4951.00,4950.75,4950.75,46
2024-01-02 00:33:00,4951.00,4951.00,4950.50,4950.75,195
2024-01-02 00:34:00,4950.75,4951.00,4950.75,4951.00,139
2024-01-02 00:35:00,4951.00,4951.00,4950.75,4950.75,66
2024-01-02 00:36:00,4950.75,4950.75,4950.50,4950.50,28
2024-01-02 00:37:00,4950.50,4950.50,4950.50,4950.50,50
2024-01-02 00:38:00,4950.75,4950.75,4950.75,4950.75,44
2024-01-02 00:39:00,4950.75,4950.75,4950.50,4950.75,48
2024-01-02 00:40:00,4950.75,4950.75,4950.75,4950.75,35
2024-01-02 00:41:00,4950.75,4950.75,4950.75,4950.75,31
2024-01-02 00:42:00,4950.75,4950.75,4950.75,4950.75,18
2024-01-02 00:43:00,4950.75,4951.00,4950.75,4951.00,12
2024-01-02 00:44:00,4950.75,4950.75,4950.75,4950.75,14
2024-01-02 00:45:00,4950.75,4950.75,4950.75,4950.75,52
2024-01-02 00:46:00,4950.50,4950.75,4950.50,4950.75,6
2024-01-02 00:47:00,4950.75,4950.75,4950.50,4950.75,18
2024-01-02 00:48:00,4950.75,4950.75,4950.75,4950.75,8
2024-01-02 00:49:00,4950.75,4950.75,4950.25,4950.25,35
2024-01-02 00:50:00,4950.50,4950.75,4950.50,4950.75,27
2024-01-02 00:51:00,4950.50,4950.75,4950.50,4950.75,5
2024-01-02 00:52:00,4950.50,4951.00,4950.50,4951.00,115
2024-01-02 00:53:00,4951.00,4951.00,4950.75,4950.75,26
2024-01-02 00:54:00,4951.00,4951.00,4951.00,4951.00,1
2024-01-02 00:55:00,4951.00,4951.00,4950.50,4950.75,91
2024-01-02 00:56:00,4951.00,4951.00,4950.75,4951.00,7
2024-01-02 00:57:00,4950.75,4950.75,4950.50,4950.75,43
2024-01-02 00:58:00,4950.75,4951.00,4950.75,4950.75,22
2024-01-02 00:59:00,4951.00,4951.00,4950.75,4950.75,10
2024-01-02 01:00:00,4951.00,4951.00,4951.00,4951.00,30
2024-01-02 01:01:00,4951.00,4951.00,4950.75,4950.75,101
2024-01-02 01:02:00,4950.50,4950.75,4950.50,4950.75,63
2024-01-02 01:03:00,4950.75,4950.75,4950.50,4950.75,40
2024-01-02 01:04:00,4950.50,4950.75,4950.50,4950.75,144
2024-01-02 01:05:00,4951.00,4951.00,4950.75,4950.75,98
2024-01-02 01:06:00,4950.50,4950.75,4950.00,4950.00,72
2024-01-02 01:07:00,4950.00,4950.25,4950.00,4950.00,93
2024-01-02 01:08:00,4950.00,4950.00,4950.00,4950.00,68
2024-01-02 01:09:00,4950.25,4950.25,4950.25,4950.25,45
2024-01-02 01:10:00,4950.25,4950.25,4950.25,4950.25,51
2024-01-02 01:11:00,4950.25,4950.50,4949.75,4950.00,56
2024-01-02 01:12:00,4949.75,4949.75,4949.50,4949.50,124
2024-01-02 01:13:00,4949.50,4949.75,4949.50,4949.75,117
2024-01-02 01:14:00,4949.75,4949.75,4949.50,4949.75,10
2024-01-02 01:15:00,4949.75,4949.75,4949.50,4949.75,57
2024-01-02 01:16:00,4950.00,4950.00,4949.50,4949.75,77
2024-01-02 01:17:00,4949.50,4949.50,4949.50,4949.50,4
2024-01-02 01:18:00,4949.50,4950.00,4949.50,4949.75,47
2024-01-02 01:19:00,4949.50,4949.75,4949.50,4949.50,16
2024-01-02 01:20:00,4949.50,4949.75,4949.50,4949.75,41
2024-01-02 01:21:00,4949.75,4950.00,4949.75,4950.00,2
2024-01-02 01:22:00,4949.75,4949.75,4949.75,4949.75,74
2024-01-02 01:23:00,4949.75,4949.75,4949.50,4949.75,23
2024-01-02 01:24:00,4949.75,4950.00,4949.50,4950.00,60
2024-01-02 01:25:00,4950.00,4950.25,4950.00,4950.25,97
2024-01-02 01:26:00,4950.00,4950.00,4950.00,4950.00,42
2024-01-02 01:27:00,4950.00,4950.00,4949.75,4949.75,17
2024-01-02 01:28:00,4949.75,4949.75,4949.50,4949.75,132
2024-01-02 01:29:00,4949.75,4949.75,4949.75,4949.75,10
2024-01-02 01:30:00,4950.00,4950.00,4949.75,4950.00,119
2024-01-02 01:31:00,4950.00,4950.25,4949.75,4950.00,13
2024-01-02 01:32:00,4949.75,4949.75,4949.50,4949.50,69
2024-01-02 01:33:00,4949.75,4949.75,4949.50,4949.50,4
2024-01-02 01:34:00,4949.50,4949.50,4948.75,4948.75,224
2024-01-02 01:35:00,4949.00,4949.25,4948.75,4949.25,51
2024-01-02 01:36:00,4949.25,4949.25,4949.00,4949.25,48
2024-01-02 01:37:00,4949.00,4949.25,4949.00,4949.25,2
2024-01-02 01:38:00,4949.00,4949.00,4949.00,4949.00,62
2024-01-02 01:39:00,4949.00,4949.00,4948.50,4948.75,135
2024-01-02 01:40:00,4948.75,4949.00,4948.75,4948.75,46
2024-01-02 01:41:00,4948.50,4949.25,4948.50,4949.25,197
2024-01-02 01:42:00,4949.00,4949.25,4949.00,4949.25,52
2024-01-02 01:43:00,4949.25,4949.50,4949.00,4949.25,24
2024-01-02 01:44:00,4949.50,4949.50,4949.25,4949.25,25
2024-01-02 01:45:00,4949.50,4949.75,4949.50,4949.75,86
2024-01-02 01:46:00,4949.75,4950.00,4949.75,4949.75,354
2024-01-02 01:47:00,4949.75,4949.75,4949.50,4949.50,122
2024-01-02 01:48:00,4949.50,4949.75,4949.25,4949.50,36
2024-01-02 01:49:00,4949.75,4950.00,4949.75,4950.00,89
2024-01-02 01:50:00,4949.75,4950.25,4949.75,4950.00,35
2024-01-02 01:51:00,4950.25,4950.25,4950.00,4950.00,81
2024-01-02 01:52:00,4950.00,4950.00,4950.00,4950.00,44
2024-01-02 01:53:00,4949.75,4949.75,4949.75,4949.75,23
2024-01-02 01:54:00,4949.75,4949.75,4949.50,4949.50,131
2024-01-02 01:55:00,4949.50,4949.75,4949.50,4949.50,19
2024-01-02 01:56:00,4949.50,4949.50,4949.25,4949.25,66
2024-01-02 01:57:00,4949.25,4949.50,4948.50,4948.50,293
2024-01-02 01:58:00,4948.75,4948.75,4948.25,4948.50,170
2024-01-02 01:59:00,4948.75,4948.75,4948.50,4948.50,3
2024-01-02 02:00:00,4948.75,4949.50,4948.75,4949.25,183
2024-01-02 02:01:00,4949.25,4950.00,4949.00,4949.75,144
2024-01-02 02:02:00,4950.00,4950.00,4949.50,4949.50,180
2024-01-02 02:03:00,4949.25,4949.25,4948.75,4949.00,114
2024-01-02 02:04:00,4949.00,4949.00,4948.75,4949.00,53
2024-01-02 02:05:00,4949.00,4949.50,4949.00,4949.25,145
2024-01-02 02:06:00,4949.25,4949.25,4949.25,4949.25,89
2024-01-02 02:07:00,4949.25,4949.25,4949.00,4949.25,64
2024-01-02 02:08:00,4949.25,4949.75,4949.25,4949.75,82
2024-01-02 02:09:00,4949.50,4949.75,4949.50,4949.75,135
2024-01-02 02:10:00,4950.00,4950.50,4949.75,4950.25,162
2024-01-02 02:11:00,4950.50,4951.00,4950.50,4951.00,310
2024-01-02 02:12:00,4951.00,4951.75,4951.00,4951.50,274
2024-01-02 02:13:00,4951.50,4951.75,4951.50,4951.50,93
2024-01-02 02:14:00,4951.50,4951.75,4951.50,4951.50,42
2024-01-02 02:15:00,4951.50,4951.75,4951.25,4951.50,166
2024-01-02 02:16:00,4951.25,4951.50,4951.00,4951.50,159
2024-01-02 02:17:00,4951.50,4952.00,4951.50,4951.75,116
2024-01-02 02:18:00,4951.75,4952.00,4951.75,4952.00,100
2024-01-02 02:19:00,4952.00,4952.00,4951.50,4951.75,82
2024-01-02 02:20:00,4951.50,4951.75,4951.50,4951.75,60
2024-01-02 02:21:00,4951.75,4952.00,4951.50,4951.50,71
2024-01-02 02:22:00,4951.75,4951.75,4951.25,4951.50,77
2024-01-02 02:23:00,4951.50,4952.00,4951.50,4952.00,64
2024-01-02 02:24:00,4952.00,4952.25,4952.00,4952.25,78
2024-01-02 02:25:00,4952.25,4952.25,4952.00,4952.00,78
2024-01-02 02:26:00,4952.25,4952.50,4952.25,4952.50,262
2024-01-02 02:27:00,4952.25,4952.25,4952.00,4952.00,158
2024-01-02 02:28:00,4952.00,4952.00,4951.50,4951.75,37
2024-01-02 02:29:00,4952.00,4952.00,4951.75,4952.00,31
2024-01-02 02:30:00,4952.00,4952.00,4951.75,4951.75,70
2024-01-02 02:31:00,4951.75,4951.75,4951.50,4951.50,10
2024-01-02 02:32:00,4951.50,4951.75,4951.50,4951.75,100
2024-01-02 02:33:00,4951.75,4951.75,4951.75,4951.75,82
2024-01-02 02:34:00,4951.75,4951.75,4951.75,4951.75,36
2024-01-02 02:35:00,4951.75,4951.75,4951.50,4951.50,21
2024-01-02 02:36:00,4951.50,4951.50,4951.25,4951.25,59
2024-01-02 02:37:00,4951.50,4951.75,4951.50,4951.75,108
2024-01-02 02:38:00,4951.75,4951.75,4951.25,4951.25,87
2024-01-02 02:39:00,4951.25,4951.50,4951.25,4951.50,144
2024-01-02 02:40:00,4951.50,4951.50,4951.25,4951.25,68
2024-01-02 02:41:00,4951.00,4951.25,4950.75,4951.00,139
2024-01-02 02:42:00,4950.75,4951.00,4950.50,4950.50,120
2024-01-02 02:43:00,4950.50,4950.50,4950.25,4950.50,166
2024-01-02 02:44:00,4950.50,4950.50,4950.00,4950.25,150
2024-01-02 02:45:00,4950.25,4950.50,4949.75,4950.25,315
2024-01-02 02:46:00,4950.00,4950.75,4950.00,4950.25,135
2024-01-02 02:47:00,4950.25,4951.00,4950.00,4950.75,248
2024-01-02 02:48:00,4951.00,4951.25,4950.75,4951.25,93
2024-01-02 02:49:00,4951.25,4951.25,4950.50,4950.75,161
2024-01-02 02:50:00,4950.75,4951.25,4950.75,4951.00,157
2024-01-02 02:51:00,4951.00,4951.25,4951.00,4951.00,104
2024-01-02 02:52:00,4951.00,4951.00,4950.75,4950.75,54
2024-01-02 02:53:00,4950.75,4950.75,4950.50,4950.75,36
2024-01-02 02:54:00,4950.50,4950.50,4950.25,4950.50,109
2024-01-02 02:55:00,4950.50,4951.50,4950.50,4951.25,138
2024-01-02 02:56:00,4951.50,4951.75,4951.25,4951.50,138
2024-01-02 02:57:00,4951.50,4951.50,4951.25,4951.50,104
2024-01-02 02:58:00,4951.25,4951.25,4951.00,4951.25,77
2024-01-02 02:59:00,4951.25,4951.25,4950.75,4950.75,163
2024-01-02 03:00:00,4951.00,4952.25,4950.75,4952.25,595
2024-01-02 03:01:00,4952.00,4953.00,4952.00,4953.00,476
2024-01-02 03:02:00,4953.00,4953.50,4952.75,4953.25,342
2024-01-02 03:03:00,4953.25,4954.25,4953.25,4954.00,642
2024-01-02 03:04:00,4954.25,4954.50,4953.75,4954.25,616
2024-01-02 03:05:00,4954.50,4954.50,4953.75,4954.25,324
2024-01-02 03:06:00,4954.50,4954.50,4953.25,4953.25,418
2024-01-02 03:07:00,4953.25,4953.25,4952.50,4952.50,511
2024-01-02 03:08:00,4952.75,4953.00,4952.25,4952.25,302
2024-01-02 03:09:00,4952.50,4953.00,4952.50,4952.75,208
2024-01-02 03:10:00,4952.50,4952.50,4952.00,4952.25,181
2024-01-02 03:11:00,4952.25,4953.00,4952.25,4952.75,218
2024-01-02 03:12:00,4952.50,4953.25,4952.50,4953.00,260
2024-01-02 03:13:00,4953.25,4953.25,4952.75,4953.00,257
2024-01-02 03:14:00,4953.00,4953.50,4952.75,4953.25,255
2024-01-02 03:15:00,4953.25,4953.25,4952.50,4953.00,236
2024-01-02 03:16:00,4953.00,4953.50,4952.50,4953.50,274
2024-01-02 03:17:00,4953.25,4953.75,4953.00,4953.00,219
2024-01-02 03:18:00,4953.00,4954.00,4952.75,4954.00,174
2024-01-02 03:19:00,4954.00,4954.00,4953.50,4953.75,210
2024-01-02 03:20:00,4953.75,4953.75,4952.75,4953.00,212
2024-01-02 03:21:00,4953.25,4954.00,4953.25,4954.00,345
2024-01-02 03:22:00,4954.00,4954.00,4953.50,4953.50,234
2024-01-02 03:23:00,4953.75,4954.25,4953.50,4954.00,233
2024-01-02 03:24:00,4954.00,4954.50,4953.75,4954.00,395
2024-01-02 03:25:00,4954.25,4954.50,4954.25,4954.50,252
2024-01-02 03:26:00,4954.50,4954.50,4954.00,4954.25,175
2024-01-02 03:27:00,4954.25,4954.25,4953.75,4954.25,129
2024-01-02 03:28:00,4954.50,4954.75,4954.25,4954.75,221
2024-01-02 03:29:00,4954.50,4954.75,4953.75,4954.75,309
2024-01-02 03:30:00,4954.75,4955.50,4954.75,4955.25,175
2024-01-02 03:31:00,4955.50,4956.25,4955.25,4956.00,656
2024-01-02 03:32:00,4956.00,4956.50,4955.75,4956.00,275
2024-01-02 03:33:00,4956.00,4956.25,4955.75,4955.75,171
2024-01-02 03:34:00,4955.75,4956.25,4955.50,4956.00,292
2024-01-02 03:35:00,4956.00,4956.25,4956.00,4956.25,225
2024-01-02 03:36:00,4956.25,4956.50,4955.75,4956.50,516
2024-01-02 03:37:00,4956.25,4956.25,4955.75,4956.25,211
2024-01-02 03:38:00,4956.00,4956.25,4956.00,4956.25,140
2024-01-02 03:39:00,4956.00,4956.00,4955.50,4956.00,295
2024-01-02 03:40:00,4956.00,4956.25,4956.00,4956.00,136
2024-01-02 03:41:00,4956.00,4956.25,4955.75,4955.75,144
2024-01-02 03:42:00,4955.75,4956.25,4955.75,4956.25,263
2024-01-02 03:43:00,4956.25,4956.25,4955.75,4956.25,249
2024-01-02 03:44:00,4956.00,4956.25,4955.75,4956.25,105
2024-01-02 03:45:00,4956.00,4956.00,4954.75,4955.25,378
2024-01-02 03:46:00,4955.00,4955.00,4954.25,4955.00,189
2024-01-02 03:47:00,4954.75,4955.50,4954.75,4954.75,229
2024-01-02 03:48:00,4954.75,4955.00,4954.25,4955.00,244
2024-01-02 03:49:00,4954.75,4955.00,4954.50,4954.50,141
2024-01-02 03:50:00,4954.50,4955.00,4954.25,4954.25,239
2024-01-02 03:51:00,4954.50,4955.25,4954.50,4955.00,265
2024-01-02 03:52:00,4955.00,4955.25,4954.75,4955.00,203
2024-01-02 03:53:00,4954.75,4955.00,4954.75,4955.00,222
2024-01-02 03:54:00,4955.00,4955.25,4955.00,4955.25,351
2024-01-02 03:55:00,4955.00,4955.25,4954.75,4955.25,175
2024-01-02 03:56:00,4955.25,4955.50,4955.00,4955.50,292
2024-01-02 03:57:00,4955.50,4955.50,4954.75,4955.00,237
2024-01-02 03:58:00,4954.75,4955.00,4954.75,4955.00,269
2024-01-02 03:59:00,4954.75,4955.25,4954.75,4955.00,245
2024-01-02 04:00:00,4955.00,4955.25,4954.25,4955.00,496
2024-01-02 04:01:00,4955.00,4955.00,4954.50,4954.50,342
2024-01-02 04:02:00,4954.50,4954.50,4954.25,4954.50,180
2024-01-02 04:03:00,4954.50,4954.50,4954.00,4954.00,247
2024-01-02 04:04:00,4954.00,4954.25,4953.50,4953.50,253
2024-01-02 04:05:00,4953.50,4953.75,4953.50,4953.75,200
2024-01-02 04:06:00,4953.75,4953.75,4952.75,4953.25,492
2024-01-02 04:07:00,4953.50,4953.50,4952.75,4953.50,298
2024-01-02 04:08:00,4953.25,4953.50,4952.75,4953.00,206
2024-01-02 04:09:00,4953.00,4953.50,4953.00,4953.00,180
2024-01-02 04:10:00,4952.75,4953.00,4952.00,4952.25,240
2024-01-02 04:11:00,4952.00,4952.00,4950.50,4950.75,815
2024-01-02 04:12:00,4951.00,4951.50,4951.00,4951.00,336
2024-01-02 04:13:00,4951.00,4951.50,4950.75,4951.00,327
2024-01-02 04:14:00,4951.00,4951.50,4951.00,4951.25,145
2024-01-02 04:15:00,4951.25,4951.25,4950.00,4950.00,251
2024-01-02 04:16:00,4950.00,4950.25,4949.75,4950.00,188
2024-01-02 04:17:00,4949.75,4950.25,4949.50,4950.00,262
2024-01-02 04:18:00,4950.00,4950.00,4949.25,4950.00,169
2024-01-02 04:19:00,4950.00,4950.25,4949.25,4949.50,142
2024-01-02 04:20:00,4949.50,4949.50,4948.50,4949.25,486
2024-01-02 04:21:00,4949.00,4949.25,4948.50,4948.50,147
2024-01-02 04:22:00,4948.75,4949.25,4948.75,4949.25,137
2024-01-02 04:23:00,4949.25,4949.50,4948.75,4948.75,298
2024-01-02 04:24:00,4948.50,4948.75,4948.25,4948.25,388
2024-01-02 04:25:00,4948.25,4948.25,4947.50,4948.25,416
2024-01-02 04:26:00,4948.25,4948.50,4947.75,4948.25,270
2024-01-02 04:27:00,4948.25,4948.75,4948.00,4948.75,157
2024-01-02 04:28:00,4948.50,4949.00,4948.25,4949.00,192
2024-01-02 04:29:00,4949.00,4949.00,4948.50,4948.75,128
2024-01-02 04:30:00,4948.75,4949.00,4948.50,4948.75,209
2024-01-02 04:31:00,4948.75,4949.25,4948.50,4948.50,234
2024-01-02 04:32:00,4948.50,4948.75,4948.50,4948.50,75
2024-01-02 04:33:00,4948.50,4948.50,4948.25,4948.50,96
2024-01-02 04:34:00,4948.50,4948.50,4948.00,4948.25,221
2024-01-02 04:35:00,4948.00,4948.00,4947.25,4947.50,300
2024-01-02 04:36:00,4947.50,4947.50,4947.25,4947.50,226
2024-01-02 04:37:00,4947.50,4947.50,4946.25,4946.25,358
2024-01-02 04:38:00,4946.50,4947.50,4946.25,4946.75,448
2024-01-02 04:39:00,4946.75,4946.75,4945.75,4945.75,287
2024-01-02 04:40:00,4946.00,4946.00,4944.75,4945.25,670
2024-01-02 04:41:00,4945.50,4945.75,4945.00,4945.50,428
2024-01-02 04:42:00,4945.75,4946.25,4945.75,4946.00,266
2024-01-02 04:43:00,4945.75,4945.75,4945.25,4945.50,386
2024-01-02 04:44:00,4945.75,4946.25,4945.75,4946.25,98
2024-01-02 04:45:00,4946.00,4946.50,4945.50,4945.50,369
2024-01-02 04:46:00,4945.75,4946.50,4945.75,4946.25,262
2024-01-02 04:47:00,4946.25,4946.50,4946.00,4946.25,233
2024-01-02 04:48:00,4946.25,4946.50,4946.25,4946.25,251
2024-01-02 04:49:00,4946.00,4946.00,4945.50,4945.50,199
2024-01-02 04:50:00,4945.50,4945.75,4945.25,4945.25,143
2024-01-02 04:51:00,4945.25,4945.50,4944.25,4944.50,401
2024-01-02 04:52:00,4944.25,4944.75,4943.75,4944.50,667
2024-01-02 04:53:00,4944.50,4944.50,4943.75,4944.00,173
2024-01-02 04:54:00,4944.00,4944.25,4943.50,4943.75,348
2024-01-02 04:55:00,4943.75,4944.75,4943.50,4944.50,231
2024-01-02 04:56:00,4944.75,4945.00,4944.75,4945.00,131
2024-01-02 04:57:00,4945.00,4945.50,4944.75,4945.25,164
2024-01-02 04:58:00,4945.25,4945.25,4944.75,4944.75,74
2024-01-02 04:59:00,4944.75,4945.00,4944.25,4945.00,349
2024-01-02 05:00:00,4944.75,4945.00,4944.25,4944.75,286
2024-01-02 05:01:00,4944.75,4944.75,4944.50,4944.50,150
2024-01-02 05:02:00,4944.50,4945.25,4944.25,4945.25,111
2024-01-02 05:03:00,4945.25,4945.50,4944.75,4945.25,160
2024-01-02 05:04:00,4945.00,4945.00,4944.25,4944.50,119
2024-01-02 05:05:00,4944.50,4945.50,4944.50,4945.50,152
2024-01-02 05:06:00,4945.25,4945.25,4945.00,4945.00,91
2024-01-02 05:07:00,4945.00,4945.00,4944.25,4944.50,146
2024-01-02 05:08:00,4944.25,4944.50,4943.75,4944.00,153
2024-01-02 05:09:00,4944.00,4944.25,4943.75,4944.00,130
2024-01-02 05:10:00,4944.25,4944.50,4944.00,4944.50,125
2024-01-02 05:11:00,4944.50,4944.50,4943.75,4943.75,237
2024-01-02 05:12:00,4943.75,4943.75,4942.75,4942.75,365
2024-01-02 05:13:00,4942.75,4943.75,4942.50,4942.50,344
2024-01-02 05:14:00,4942.50,4942.75,4942.25,4942.75,248
2024-01-02 05:15:00,4942.75,4943.75,4942.75,4943.50,329
2024-01-02 05:16:00,4943.50,4944.25,4943.50,4944.25,266
2024-01-02 05:17:00,4944.25,4944.25,4943.50,4944.00,290
2024-01-02 05:18:00,4944.00,4944.25,4943.75,4944.25,182
2024-01-02 05:19:00,4944.25,4944.25,4943.75,4943.75,80
2024-01-02 05:20:00,4944.00,4944.50,4944.00,4944.50,290
2024-01-02 05:21:00,4944.25,4945.00,4944.25,4945.00,410
2024-01-02 05:22:00,4945.00,4945.00,4944.75,4945.00,69
2024-01-02 05:23:00,4945.25,4945.25,4944.25,4944.50,237
2024-01-02 05:24:00,4944.25,4944.50,4943.75,4943.75,95
2024-01-02 05:25:00,4943.50,4944.00,4943.25,4943.50,411
2024-01-02 05:26:00,4943.50,4943.75,4943.25,4943.25,219
2024-01-02 05:27:00,4943.25,4943.25,4942.75,4942.75,186
2024-01-02 05:28:00,4942.75,4942.75,4942.00,4942.00,256
2024-01-02 05:29:00,4942.00,4942.75,4941.50,4942.50,800
2024-01-02 05:30:00,4942.50,4943.50,4942.50,4943.50,335
2024-01-02 05:31:00,4943.25,4943.75,4943.25,4943.75,123
2024-01-02 05:32:00,4943.75,4943.75,4943.50,4943.50,332
2024-01-02 05:33:00,4943.50,4943.75,4943.25,4943.75,190
2024-01-02 05:34:00,4943.75,4944.00,4943.25,4943.25,69
2024-01-02 05:35:00,4943.25,4944.00,4943.25,4943.50,65
2024-01-02 05:36:00,4943.50,4943.75,4943.50,4943.50,138
2024-01-02 05:37:00,4943.50,4944.00,4943.50,4944.00,60
2024-01-02 05:38:00,4944.00,4944.25,4943.75,4944.25,181
2024-01-02 05:39:00,4944.00,4945.25,4944.00,4945.25,1217
2024-01-02 05:40:00,4945.25,4946.25,4945.25,4945.75,1093
2024-01-02 05:41:00,4945.75,4946.25,4945.50,4945.75,579
2024-01-02 05:42:00,4945.50,4945.75,4945.25,4945.25,569
2024-01-02 05:43:00,4945.50,4945.75,4945.50,4945.75,90
2024-01-02 05:44:00,4945.75,4946.00,4945.50,4945.75,460
2024-01-02 05:45:00,4945.75,4945.75,4945.25,4945.25,241
2024-01-02 05:46:00,4945.50,4945.50,4945.25,4945.25,105
2024-01-02 05:47:00,4945.25,4945.50,4945.00,4945.50,658
2024-01-02 05:48:00,4945.50,4945.75,4945.25,4945.50,363
2024-01-02 05:49:00,4945.50,4945.50,4945.00,4945.25,483
2024-01-02 05:50:00,4945.25,4945.50,4945.00,4945.00,320
2024-01-02 05:51:00,4945.00,4945.00,4944.00,4944.00,365
2024-01-02 05:52:00,4944.00,4944.25,4943.25,4944.00,537
2024-01-02 05:53:00,4943.75,4943.75,4943.25,4943.75,598
2024-01-02 05:54:00,4943.50,4944.00,4943.50,4943.75,94
2024-01-02 05:55:00,4944.00,4944.50,4944.00,4944.50,71
2024-01-02 05:56:00,4944.25,4944.50,4943.50,4943.50,506
2024-01-02 05:57:00,4943.50,4943.50,4942.25,4942.25,748
2024-01-02 05:58:00,4942.25,4942.50,4941.50,4941.50,598
2024-01-02 05:59:00,4941.75,4942.00,4941.25,4941.75,276
2024-01-02 06:00:00,4941.75,4941.75,4940.75,4941.00,509
2024-01-02 06:01:00,4940.75,4941.25,4940.50,4941.00,581
2024-01-02 06:02:00,4941.25,4941.25,4940.50,4940.75,307
2024-01-02 06:03:00,4941.00,4941.25,4941.00,4941.25,228
2024-01-02 06:04:00,4941.25,4941.25,4940.50,4940.75,188
2024-01-02 06:05:00,4940.75,4941.75,4940.25,4940.25,680
2024-01-02 06:06:00,4940.25,4940.25,4938.00,4938.50,1177
2024-01-02 06:07:00,4938.50,4939.00,4937.50,4938.00,441
2024-01-02 06:08:00,4938.00,4938.00,4936.25,4936.75,946
2024-01-02 06:09:00,4937.00,4937.00,4936.25,4936.25,203
2024-01-02 06:10:00,4936.50,4937.25,4936.25,4937.25,272
2024-01-02 06:11:00,4937.25,4937.25,4937.00,4937.25,269
2024-01-02 06:12:00,4937.25,4937.25,4934.50,4934.75,1056
2024-01-02 06:13:00,4934.50,4935.00,4933.75,4934.00,1364
2024-01-02 06:14:00,4934.25,4934.75,4932.25,4932.50,1793
2024-01-02 06:15:00,4932.50,4933.00,4929.75,4930.25,2010
2024-01-02 06:16:00,4930.25,4931.50,4929.25,4929.50,1639
2024-01-02 06:17:00,4929.50,4929.50,4926.75,4928.50,2284
2024-01-02 06:18:00,4928.50,4929.25,4926.00,4926.50,1950
2024-01-02 06:19:00,4926.50,4927.00,4925.00,4926.75,1579
2024-01-02 06:20:00,4926.75,4928.00,4926.50,4928.00,826
2024-01-02 06:21:00,4928.00,4928.75,4927.25,4927.75,1024
2024-01-02 06:22:00,4927.75,4928.00,4926.00,4926.25,590
2024-01-02 06:23:00,4926.25,4927.00,4925.75,4926.00,622
2024-01-02 06:24:00,4926.00,4926.75,4925.25,4926.50,707
2024-01-02 06:25:00,4926.50,4926.50,4925.25,4926.50,651
2024-01-02 06:26:00,4926.50,4927.00,4925.25,4925.25,676
2024-01-02 06:27:00,4925.00,4925.25,4922.00,4922.00,1441
2024-01-02 06:28:00,4922.25,4923.50,4921.75,4923.50,856
2024-01-02 06:29:00,4923.25,4923.75,4922.00,4922.00,1059
2024-01-02 06:30:00,4922.25,4922.50,4921.50,4922.00,676
2024-01-02 06:31:00,4922.00,4922.50,4921.25,4921.25,602
2024-01-02 06:32:00,4921.50,4921.50,4919.75,4920.75,1339
2024-01-02 06:33:00,4920.50,4922.25,4920.50,4921.75,709
2024-01-02 06:34:00,4921.75,4921.75,4920.00,4920.00,557
2024-01-02 06:35:00,4920.00,4920.00,4917.00,4917.25,1179
2024-01-02 06:36:00,4917.50,4918.25,4915.50,4915.75,1104
2024-01-02 06:37:00,4915.75,4916.00,4914.75,4914.75,1277
2024-01-02 06:38:00,4914.75,4916.25,4914.75,4915.50,831
2024-01-02 06:39:00,4915.75,4917.50,4915.75,4917.25,829
2024-01-02 06:40:00,4917.25,4918.25,4916.75,4917.75,786
2024-01-02 06:41:00,4918.00,4918.25,4916.00,4916.50,891
2024-01-02 06:42:00,4916.50,4916.75,4915.75,4916.25,538
2024-01-02 06:43:00,4916.25,4916.25,4915.25,4916.00,556
2024-01-02 06:44:00,4916.25,4918.00,4916.25,4917.25,1031
2024-01-02 06:45:00,4917.00,4918.00,4917.00,4917.50,589
2024-01-02 06:46:00,4917.50,4919.25,4917.50,4919.00,769
2024-01-02 06:47:00,4918.75,4919.50,4918.75,4919.50,677
2024-01-02 06:48:00,4919.50,4919.50,4919.25,4919.25,397
2024-01-02 06:49:00,4919.25,4919.75,4918.75,4918.75,375
2024-01-02 06:50:00,4919.00,4919.25,4918.00,4919.00,594
2024-01-02 06:51:00,4919.00,4919.75,4918.00,4918.00,971
2024-01-02 06:52:00,4918.00,4918.75,4917.75,4917.75,330
2024-01-02 06:53:00,4918.00,4918.75,4917.50,4918.25,391
2024-01-02 06:54:00,4918.25,4919.00,4918.25,4918.50,287
2024-01-02 06:55:00,4918.50,4919.25,4918.25,4919.00,308
2024-01-02 06:56:00,4919.25,4920.25,4919.00,4920.00,504
2024-01-02 06:57:00,4920.25,4920.75,4920.00,4920.25,369
2024-01-02 06:58:00,4920.50,4921.25,4920.25,4920.25,675
2024-01-02 06:59:00,4920.25,4920.25,4919.50,4920.00,369
2024-01-02 07:00:00,4920.00,4920.25,4918.75,4919.00,671
2024-01-02 07:01:00,4919.25,4919.50,4917.75,4918.00,398
2024-01-02 07:02:00,4918.00,4919.00,4918.00,4918.50,476
2024-01-02 07:03:00,4918.25,4919.00,4917.75,4918.00,321
2024-01-02 07:04:00,4918.00,4918.00,4917.25,4917.75,282
2024-01-02 07:05:00,4918.00,4918.00,4916.00,4916.50,1121
2024-01-02 07:06:00,4916.50,4916.50,4914.50,4914.50,968
2024-01-02 07:07:00,4914.50,4916.25,4914.50,4915.50,531
2024-01-02 07:08:00,4915.75,4916.25,4915.50,4916.25,245
2024-01-02 07:09:00,4916.25,4917.75,4916.25,4917.50,596
2024-01-02 07:10:00,4917.50,4918.00,4917.25,4917.75,286
2024-01-02 07:11:00,4918.00,4918.75,4917.75,4918.50,465
2024-01-02 07:12:00,4918.50,4918.75,4918.25,4918.50,510
2024-01-02 07:13:00,4918.50,4919.00,4917.25,4917.25,1002
2024-01-02 07:14:00,4917.50,4918.50,4916.75,4918.50,511
2024-01-02 07:15:00,4918.50,4918.75,4916.25,4916.50,461
2024-01-02 07:16:00,4916.25,4916.50,4915.25,4915.50,477
2024-01-02 07:17:00,4915.50,4916.00,4915.25,4915.75,190
2024-01-02 07:18:00,4915.75,4915.75,4915.00,4915.50,293
2024-01-02 07:19:00,4915.50,4915.75,4914.50,4914.75,264
2024-01-02 07:20:00,4915.00,4915.25,4914.50,4915.00,176
2024-01-02 07:21:00,4915.00,4916.00,4915.00,4915.25,375
2024-01-02 07:22:00,4915.00,4916.50,4915.00,4916.50,374
2024-01-02 07:23:00,4916.25,4917.50,4916.25,4917.00,267
2024-01-02 07:24:00,4917.00,4917.75,4916.75,4916.75,491
2024-01-02 07:25:00,4916.75,4917.00,4916.25,4916.50,488
2024-01-02 07:26:00,4916.50,4917.00,4916.50,4917.00,221
2024-01-02 07:27:00,4917.00,4917.75,4916.75,4917.00,363
2024-01-02 07:28:00,4917.25,4917.25,4915.75,4915.75,520
2024-01-02 07:29:00,4915.75,4916.50,4915.75,4916.25,221
2024-01-02 07:30:00,4916.25,4916.25,4915.50,4915.75,348
2024-01-02 07:31:00,4915.75,4916.75,4915.50,4916.75,402
2024-01-02 07:32:00,4916.75,4916.75,4915.25,4915.25,233
2024-01-02 07:33:00,4915.25,4916.50,4915.25,4916.50,141
2024-01-02 07:34:00,4916.50,4916.50,4915.75,4916.50,205
2024-01-02 07:35:00,4916.25,4916.25,4915.25,4916.25,204
2024-01-02 07:36:00,4916.00,4916.00,4914.75,4915.00,252
2024-01-02 07:37:00,4914.75,4914.75,4913.75,4914.50,640
2024-01-02 07:38:00,4914.75,4914.75,4913.75,4914.00,213
2024-01-02 07:39:00,4913.75,4914.75,4913.50,4914.50,516
2024-01-02 07:40:00,4914.50,4914.75,4913.25,4913.75,456
2024-01-02 07:41:00,4913.50,4915.00,4913.50,4914.75,413
2024-01-02 07:42:00,4915.00,4915.25,4914.75,4915.00,290
2024-01-02 07:43:00,4915.25,4915.25,4914.50,4914.75,322
2024-01-02 07:44:00,4914.75,4914.75,4913.75,4913.75,416
2024-01-02 07:45:00,4913.50,4914.75,4913.50,4914.75,307
2024-01-02 07:46:00,4914.50,4914.50,4913.25,4913.75,408
2024-01-02 07:47:00,4913.75,4913.75,4913.00,4913.00,292
2024-01-02 07:48:00,4913.25,4913.50,4913.00,4913.00,252
2024-01-02 07:49:00,4913.25,4913.50,4912.75,4913.00,202
2024-01-02 07:50:00,4913.00,4913.25,4910.75,4911.25,2719
2024-01-02 07:51:00,4911.25,4912.00,4911.00,4912.00,886
2024-01-02 07:52:00,4912.00,4912.00,4911.50,4911.50,596
2024-01-02 07:53:00,4911.50,4911.75,4910.00,4910.50,1119
2024-01-02 07:54:00,4910.25,4910.75,4909.75,4910.50,1482
2024-01-02 07:55:00,4910.25,4910.50,4909.50,4909.50,495
2024-01-02 07:56:00,4909.50,4910.25,4909.50,4909.75,746
2024-01-02 07:57:00,4909.75,4909.75,4906.75,4907.50,2610
2024-01-02 07:58:00,4907.50,4908.50,4907.25,4908.25,554
2024-01-02 07:59:00,4908.00,4908.50,4907.50,4907.50,690
2024-01-02 08:00:00,4907.50,4909.25,4906.25,4909.00,1399
2024-01-02 08:01:00,4909.00,4909.50,4907.25,4908.75,1315
2024-01-02 08:02:00,4909.00,4910.25,4908.75,4910.00,578
2024-01-02 08:03:00,4909.75,4910.00,4908.50,4909.75,790
2024-01-02 08:04:00,4909.50,4910.00,4908.75,4910.00,605
2024-01-02 08:05:00,4909.75,4910.75,4909.75,4910.75,402
2024-01-02 08:06:00,4910.50,4910.75,4909.75,4910.00,560
2024-01-02 08:07:00,4910.00,4910.00,4909.00,4909.00,376
2024-01-02 08:08:00,4909.00,4909.75,4908.50,4909.75,652
2024-01-02 08:09:00,4909.50,4910.50,4909.50,4909.75,420
2024-01-02 08:10:00,4909.75,4909.75,4908.25,4908.75,622
2024-01-02 08:11:00,4908.50,4909.75,4908.00,4909.75,677
2024-01-02 08:12:00,4909.50,4909.75,4908.00,4908.25,1198
2024-01-02 08:13:00,4908.00,4908.25,4907.25,4907.75,455
2024-01-02 08:14:00,4907.75,4907.75,4906.75,4907.00,666
2024-01-02 08:15:00,4907.00,4908.00,4906.50,4908.00,532
2024-01-02 08:16:00,4908.00,4908.50,4907.00,4907.00,614
2024-01-02 08:17:00,4907.00,4908.00,4907.00,4907.75,570
2024-01-02 08:18:00,4907.50,4908.00,4907.00,4908.00,289
2024-01-02 08:19:00,4908.00,4908.25,4907.50,4908.00,246
2024-01-02 08:20:00,4908.25,4908.50,4907.25,4907.75,654
2024-01-02 08:21:00,4907.75,4907.75,4906.75,4907.25,668
2024-01-02 08:22:00,4907.00,4908.25,4907.00,4908.25,508
2024-01-02 08:23:00,4908.00,4909.00,4908.00,4908.25,1147
2024-01-02 08:24:00,4908.50,4908.50,4907.50,4908.25,772
2024-01-02 08:25:00,4908.00,4909.25,4907.50,4909.25,961
2024-01-02 08:26:00,4909.00,4910.25,4909.00,4909.00,975
2024-01-02 08:27:00,4909.25,4909.25,4907.50,4908.25,596
2024-01-02 08:28:00,4908.00,4908.50,4907.50,4908.50,880
2024-01-02 08:29:00,4908.25,4908.50,4907.75,4908.25,435
2024-01-02 08:30:00,4908.25,4908.50,4906.50,4908.25,1404
2024-01-02 08:31:00,4908.50,4911.00,4908.50,4911.00,1206
2024-01-02 08:32:00,4911.00,4912.00,4911.00,4912.00,1316
2024-01-02 08:33:00,4912.00,4912.75,4911.75,4912.50,1054
2024-01-02 08:34:00,4912.75,4913.50,4912.75,4913.25,1061
2024-01-02 08:35:00,4913.25,4913.75,4912.00,4912.25,1166
2024-01-02 08:36:00,4912.50,4912.50,4910.75,4911.25,1149
2024-01-02 08:37:00,4911.00,4911.25,4909.00,4910.00,865
2024-01-02 08:38:00,4910.00,4910.00,4909.25,4909.50,491
2024-01-02 08:39:00,4909.50,4911.50,4909.50,4910.75,1085
2024-01-02 08:40:00,4911.00,4911.75,4910.50,4911.50,982
2024-01-02 08:41:00,4911.25,4911.50,4910.50,4911.00,408
2024-01-02 08:42:00,4910.75,4911.25,4910.50,4910.75,464
2024-01-02 08:43:00,4910.75,4911.50,4910.50,4911.50,701
2024-01-02 08:44:00,4911.50,4912.00,4911.25,4911.25,554
2024-01-02 08:45:00,4911.25,4911.25,4910.75,4911.00,562
2024-01-02 08:46:00,4911.00,4911.00,4910.00,4910.25,559
2024-01-02 08:47:00,4910.25,4910.50,4910.00,4910.00,452
2024-01-02 08:48:00,4910.00,4910.00,4909.00,4909.50,594
2024-01-02 08:49:00,4909.50,4910.50,4909.25,4910.00,758
2024-01-02 08:50:00,4909.75,4909.75,4908.50,4909.50,584
2024-01-02 08:51:00,4909.50,4910.25,4909.25,4909.25,527
2024-01-02 08:52:00,4909.25,4909.75,4908.75,4909.75,317
2024-01-02 08:53:00,4909.50,4910.00,4909.50,4910.00,335
2024-01-02 08:54:00,4910.25,4910.25,4909.75,4910.25,490
2024-01-02 08:55:00,4910.00,4910.50,4910.00,4910.25,377
2024-01-02 08:56:00,4910.25,4911.00,4910.25,4910.75,391
2024-01-02 08:57:00,4911.00,4911.25,4910.50,4911.25,741
2024-01-02 08:58:00,4911.25,4911.75,4911.00,4911.75,1212
2024-01-02 08:59:00,4911.75,4911.75,4910.75,4911.25,686
2024-01-02 09:00:00,4911.00,4911.75,4911.00,4911.75,647
2024-01-02 09:01:00,4911.75,4911.75,4911.25,4911.75,1054
2024-01-02 09:02:00,4912.00,4912.75,4910.50,4910.50,1961
2024-01-02 09:03:00,4910.50,4910.75,4908.75,4908.75,2753
2024-01-02 09:04:00,4908.75,4909.00,4905.75,4906.00,3027
2024-01-02 09:05:00,4906.00,4908.25,4906.00,4907.75,1916
2024-01-02 09:06:00,4907.75,4908.50,4907.00,4908.50,1023
2024-01-02 09:07:00,4908.50,4911.75,4908.50,4910.75,2558
2024-01-02 09:08:00,4910.75,4912.00,4910.75,4911.75,986
2024-01-02 09:09:00,4911.75,4912.50,4911.50,4912.00,798
2024-01-02 09:10:00,4912.25,4912.50,4911.75,4912.25,605
2024-01-02 09:11:00,4912.00,4912.25,4910.50,4911.75,1414
2024-01-02 09:12:00,4911.50,4912.50,4911.50,4912.25,853
2024-01-02 09:13:00,4912.25,4913.25,4912.25,4912.75,2837
2024-01-02 09:14:00,4912.75,4913.50,4912.75,4913.00,648
2024-01-02 09:15:00,4912.75,4913.25,4912.50,4913.00,862
2024-01-02 09:16:00,4913.00,4913.50,4912.75,4913.00,722
2024-01-02 09:17:00,4913.00,4913.50,4913.00,4913.25,863
2024-01-02 09:18:00,4913.00,4913.50,4913.00,4913.50,3435
2024-01-02 09:19:00,4913.50,4913.50,4912.75,4913.25,1148
2024-01-02 09:20:00,4913.25,4913.50,4912.75,4913.25,647
2024-01-02 09:21:00,4913.25,4913.50,4912.50,4913.25,798
2024-01-02 09:22:00,4913.25,4913.50,4913.00,4913.25,872
2024-01-02 09:23:00,4913.25,4915.25,4913.25,4915.00,2388
2024-01-02 09:24:00,4915.00,4915.50,4914.00,4914.50,1586
2024-01-02 09:25:00,4914.50,4914.50,4912.75,4913.50,2692
2024-01-02 09:26:00,4913.50,4913.75,4913.25,4913.75,949
2024-01-02 09:27:00,4913.75,4913.75,4912.25,4913.00,1497
2024-01-02 09:28:00,4913.00,4913.25,4911.50,4911.75,1594
2024-01-02 09:29:00,4912.00,4913.25,4911.25,4912.00,3592
2024-01-02 09:30:00,4912.00,4917.25,4910.75,4915.75,20909
2024-01-02 09:31:00,4915.75,4917.25,4914.00,4917.00,10218
2024-01-02 09:32:00,4917.00,4918.25,4916.75,4918.00,8758
2024-01-02 09:33:00,4917.75,4917.75,4914.75,4917.00,8761
2024-01-02 09:34:00,4917.00,4918.00,4915.50,4916.75,7355
2024-01-02 09:35:00,4917.00,4917.00,4914.75,4916.25,8563
2024-01-02 09:36:00,4916.50,4917.50,4915.25,4916.25,6761
2024-01-02 09:37:00,4916.25,4917.25,4914.50,4914.50,6326
2024-01-02 09:38:00,4914.50,4914.75,4909.75,4910.25,11361
2024-01-02 09:39:00,4910.50,4911.00,4908.25,4908.50,9959
2024-01-02 09:40:00,4908.75,4910.75,4906.50,4907.75,10651
2024-01-02 09:41:00,4907.75,4909.50,4907.25,4908.00,5964
2024-01-02 09:42:00,4908.00,4909.50,4907.50,4907.50,4719
2024-01-02 09:43:00,4907.75,4908.50,4906.75,4907.00,4628
2024-01-02 09:44:00,4907.00,4908.75,4906.75,4907.25,4329
2024-01-02 09:45:00,4907.25,4908.00,4906.25,4907.00,5397
2024-01-02 09:46:00,4907.00,4910.25,4906.75,4908.75,7692
2024-01-02 09:47:00,4908.50,4908.75,4906.50,4906.75,4623
2024-01-02 09:48:00,4906.75,4907.00,4903.50,4903.50,6291
2024-01-02 09:49:00,4903.50,4904.75,4902.75,4902.75,6600
2024-01-02 09:50:00,4903.00,4906.25,4902.50,4906.00,8521
2024-01-02 09:51:00,4906.00,4908.50,4905.25,4907.50,6477
2024-01-02 09:52:00,4907.75,4908.00,4904.75,4905.50,6011
2024-01-02 09:53:00,4905.50,4906.00,4903.50,4903.75,4305
2024-01-02 09:54:00,4903.50,4904.25,4902.75,4903.00,4295
2024-01-02 09:55:00,4903.00,4904.75,4902.75,4904.00,4562
2024-01-02 09:56:00,4904.00,4904.75,4903.00,4903.25,3597
2024-01-02 09:57:00,4903.25,4906.25,4903.25,4906.25,6758
2024-01-02 09:58:00,4906.25,4909.00,4906.00,4909.00,6293
2024-01-02 09:59:00,4909.00,4911.75,4908.00,4911.75,4563
2024-01-02 10:00:00,4911.50,4915.00,4910.25,4913.75,8772
2024-01-02 10:01:00,4913.50,4914.50,4912.50,4914.25,4761
2024-01-02 10:02:00,4914.25,4915.25,4913.75,4914.25,4285
2024-01-02 10:03:00,4914.25,4916.25,4914.00,4915.00,4793
2024-01-02 10:04:00,4914.75,4915.25,4913.50,4914.75,4317
2024-01-02 10:05:00,4914.50,4914.75,4912.50,4912.75,5382
2024-01-02 10:06:00,4912.75,4914.25,4912.00,4913.50,4124
2024-01-02 10:07:00,4913.50,4914.00,4911.50,4911.50,3648
2024-01-02 10:08:00,4911.50,4912.25,4909.00,4910.00,5051
2024-01-02 10:09:00,4910.00,4912.50,4910.00,4912.00,3928
2024-01-02 10:10:00,4912.00,4914.00,4910.50,4910.75,5581
2024-01-02 10:11:00,4910.75,4912.50,4910.00,4910.50,3783
2024-01-02 10:12:00,4910.50,4912.75,4910.25,4912.75,3501
2024-01-02 10:13:00,4912.50,4913.75,4912.25,4913.00,3298
2024-01-02 10:14:00,4912.75,4913.00,4909.00,4910.25,4005
2024-01-02 10:15:00,4910.25,4910.50,4908.50,4909.25,5087
2024-01-02 10:16:00,4909.25,4911.00,4909.00,4909.75,3795
2024-01-02 10:17:00,4909.50,4911.75,4908.75,4910.75,3547
2024-01-02 10:18:00,4910.75,4912.00,4909.75,4909.75,3300
2024-01-02 10:19:00,4910.00,4911.50,4909.50,4909.50,2405
2024-01-02 10:20:00,4909.75,4911.25,4909.25,4910.75,3053
2024-01-02 10:21:00,4910.50,4913.50,4910.50,4911.50,3759
2024-01-02 10:22:00,4911.50,4912.25,4911.00,4911.50,2847
2024-01-02 10:23:00,4911.50,4913.50,4911.25,4913.00,2719
2024-01-02 10:24:00,4912.75,4913.25,4911.00,4911.50,2364
2024-01-02 10:25:00,4911.50,4912.50,4910.00,4910.00,3031
2024-01-02 10:26:00,4909.75,4910.25,4906.50,4906.50,4385
2024-01-02 10:27:00,4906.50,4908.75,4906.25,4907.50,3723
2024-01-02 10:28:00,4907.25,4907.50,4905.00,4905.50,4938
2024-01-02 10:29:00,4905.50,4908.25,4905.50,4906.50,3623
2024-01-02 10:30:00,4906.75,4906.75,4903.75,4904.00,4644
2024-01-02 10:31:00,4903.75,4904.50,4903.25,4903.50,3220
2024-01-02 10:32:00,4903.75,4904.00,4903.00,4903.00,3059
2024-01-02 10:33:00,4903.00,4904.50,4903.00,4903.75,2281
2024-01-02 10:34:00,4903.75,4904.50,4903.50,4904.00,2576
2024-01-02 10:35:00,4904.00,4904.25,4903.00,4903.75,1807
2024-01-02 10:36:00,4903.50,4904.00,4903.00,4903.00,2338
2024-01-02 10:37:00,4903.00,4903.75,4902.50,4902.50,4234
2024-01-02 10:38:00,4902.75,4903.50,4901.75,4902.25,5762
2024-01-02 10:39:00,4902.25,4904.50,4902.25,4904.00,4296
2024-01-02 10:40:00,4904.00,4906.00,4903.50,4905.25,3652
2024-01-02 10:41:00,4905.50,4905.50,4904.00,4904.25,2689
2024-01-02 10:42:00,4904.25,4905.50,4904.25,4904.75,2696
2024-01-02 10:43:00,4905.00,4906.75,4904.75,4906.25,2587
2024-01-02 10:44:00,4906.50,4908.50,4906.25,4907.50,3804
2024-01-02 10:45:00,4907.50,4909.50,4906.75,4908.50,3186
2024-01-02 10:46:00,4908.50,4908.75,4907.00,4907.25,2307
2024-01-02 10:47:00,4907.50,4907.50,4906.25,4906.50,2269
2024-01-02 10:48:00,4906.25,4907.25,4906.00,4907.25,2746
2024-01-02 10:49:00,4907.25,4908.00,4904.75,4905.75,3356
2024-01-02 10:50:00,4905.75,4906.75,4904.75,4905.25,3128
2024-01-02 10:51:00,4905.50,4907.50,4904.75,4907.00,2991
2024-01-02 10:52:00,4907.00,4907.75,4906.25,4907.00,2519
2024-01-02 10:53:00,4907.00,4907.25,4905.25,4905.25,2169
2024-01-02 10:54:00,4905.25,4906.00,4905.00,4905.75,2311
2024-01-02 10:55:00,4905.75,4906.25,4904.75,4905.50,2273
2024-01-02 10:56:00,4905.50,4906.75,4905.50,4906.00,1229
2024-01-02 10:57:00,4906.00,4906.00,4904.00,4904.00,2005
2024-01-02 10:58:00,4904.00,4905.25,4903.50,4904.75,2396
2024-01-02 10:59:00,4904.75,4906.00,4904.25,4905.75,2220
2024-01-02 11:00:00,4905.75,4907.50,4905.00,4907.25,2979
2024-01-02 11:01:00,4907.25,4908.25,4906.00,4906.50,3150
2024-01-02 11:02:00,4906.50,4908.25,4906.00,4907.75,2104
2024-01-02 11:03:00,4907.75,4908.00,4906.75,4907.50,2308
2024-01-02 11:04:00,4907.25,4910.50,4907.25,4910.00,4430
2024-01-02 11:05:00,4909.75,4910.25,4908.75,4908.75,2784
2024-01-02 11:06:00,4908.50,4908.75,4906.75,4908.75,2641
2024-01-02 11:07:00,4908.50,4909.25,4907.50,4907.75,1694
2024-01-02 11:08:00,4907.50,4908.75,4907.50,4908.75,1459
2024-01-02 11:09:00,4908.50,4911.00,4908.50,4910.75,2942
2024-01-02 11:10:00,4910.50,4913.00,4910.50,4912.00,4835
2024-01-02 11:11:00,4912.00,4913.50,4911.75,4912.75,3737
2024-01-02 11:12:00,4912.75,4913.25,4910.75,4910.75,2797
2024-01-02 11:13:00,4910.75,4910.75,4908.50,4909.25,3048
2024-01-02 11:14:00,4909.25,4911.00,4909.25,4910.50,1908
2024-01-02 11:15:00,4910.50,4912.50,4910.25,4912.25,2263
2024-01-02 11:16:00,4912.00,4912.75,4911.00,4911.25,3650
2024-01-02 11:17:00,4911.25,4911.50,4910.25,4911.00,4004
2024-01-02 11:18:00,4911.00,4912.00,4910.75,4910.75,2624
2024-01-02 11:19:00,4910.75,4911.50,4909.50,4911.25,2811
2024-01-02 11:20:00,4911.25,4912.25,4909.50,4909.75,2748
2024-01-02 11:21:00,4909.75,4911.00,4909.50,4910.50,1380
2024-01-02 11:22:00,4910.25,4912.25,4909.75,4911.50,1988
2024-01-02 11:23:00,4911.25,4911.50,4910.00,4910.00,1766
2024-01-02 11:24:00,4910.00,4910.25,4908.75,4910.00,3065
2024-01-02 11:25:00,4910.00,4910.25,4909.25,4910.25,2039
2024-01-02 11:26:00,4910.25,4911.25,4910.00,4910.50,1858
2024-01-02 11:27:00,4910.25,4911.00,4910.00,4910.75,2500
2024-01-02 11:28:00,4910.50,4911.75,4910.50,4911.25,1888
2024-01-02 11:29:00,4911.25,4912.50,4911.00,4912.50,1989
2024-01-02 11:30:00,4912.50,4913.75,4911.50,4912.75,3727
2024-01-02 11:31:00,4912.75,4913.75,4912.50,4913.25,2910
2024-01-02 11:32:00,4913.25,4914.25,4912.75,4914.00,2163
2024-01-02 11:33:00,4914.00,4915.25,4913.75,4914.75,2649
2024-01-02 11:34:00,4914.75,4915.50,4914.50,4915.00,1980
2024-01-02 11:35:00,4915.25,4915.25,4913.00,4913.75,3260
2024-01-02 11:36:00,4914.00,4914.50,4913.00,4914.25,1777
2024-01-02 11:37:00,4914.00,4915.50,4914.00,4915.25,1357
2024-01-02 11:38:00,4915.25,4915.25,4913.75,4914.50,1604
2024-01-02 11:39:00,4914.25,4914.50,4913.00,4913.25,1956
2024-01-02 11:40:00,4913.25,4913.50,4912.75,4913.00,1591
2024-01-02 11:41:00,4913.25,4914.00,4912.75,4913.75,1763
2024-01-02 11:42:00,4913.75,4914.75,4913.50,4914.50,1490
2024-01-02 11:43:00,4914.75,4915.00,4914.25,4915.00,1217
2024-01-02 11:44:00,4915.25,4915.75,4914.25,4915.75,1312
2024-01-02 11:45:00,4915.50,4917.75,4915.00,4917.75,4284
2024-01-02 11:46:00,4917.75,4920.75,4917.00,4919.75,6891
2024-01-02 11:47:00,4919.75,4920.00,4918.75,4919.50,2675
2024-01-02 11:48:00,4919.75,4920.25,4918.25,4918.50,2361
2024-01-02 11:49:00,4918.50,4920.25,4918.50,4920.25,2318
2024-01-02 11:50:00,4920.25,4920.50,4919.25,4919.25,1766
2024-01-02 11:51:00,4919.50,4920.75,4919.25,4920.25,2176
2024-01-02 11:52:00,4920.25,4920.75,4918.75,4918.75,2338
2024-01-02 11:53:00,4919.00,4920.50,4917.75,4919.50,2904
2024-01-02 11:54:00,4919.50,4920.00,4919.25,4919.50,1322
2024-01-02 11:55:00,4919.50,4920.50,4919.25,4920.00,1330
2024-01-02 11:56:00,4920.25,4922.50,4920.25,4921.00,3764
2024-01-02 11:57:00,4921.00,4921.00,4920.25,4920.75,1563
2024-01-02 11:58:00,4921.00,4921.25,4920.25,4920.25,1413
2024-01-02 11:59:00,4920.50,4921.25,4919.75,4921.00,1681
2024-01-02 12:00:00,4921.25,4922.25,4921.00,4921.75,2708
2024-01-02 12:01:00,4922.00,4923.00,4921.75,4921.75,1938
2024-01-02 12:02:00,4921.75,4922.00,4920.75,4921.50,2243
2024-01-02 12:03:00,4921.25,4922.00,4920.75,4921.25,1688
2024-01-02 12:04:00,4921.25,4922.00,4921.00,4921.25,1497
2024-01-02 12:05:00,4921.50,4921.75,4921.25,4921.50,2170
2024-01-02 12:06:00,4921.25,4921.75,4920.25,4920.75,2600
2024-01-02 12:07:00,4921.00,4921.50,4921.00,4921.50,1730
2024-01-02 12:08:00,4921.50,4922.00,4921.25,4921.50,2329
2024-01-02 12:09:00,4921.75,4921.75,4920.50,4921.00,1689
2024-01-02 12:10:00,4921.00,4922.25,4920.50,4922.00,1887
2024-01-02 12:11:00,4922.00,4922.50,4921.25,4922.25,1615
2024-01-02 12:12:00,4922.25,4923.00,4921.25,4921.25,1718
2024-01-02 12:13:00,4921.00,4921.75,4920.50,4921.75,1757
2024-01-02 12:14:00,4921.75,4922.50,4921.25,4921.75,1399
2024-01-02 12:15:00,4921.75,4921.75,4920.50,4920.75,1879
2024-01-02 12:16:00,4920.75,4921.25,4918.75,4919.50,4795
2024-01-02 12:17:00,4919.75,4919.75,4916.75,4918.50,5290
2024-01-02 12:18:00,4918.50,4919.00,4917.75,4918.75,2440
2024-01-02 12:19:00,4918.50,4919.50,4918.25,4919.50,2768
2024-01-02 12:20:00,4919.50,4921.25,4918.25,4920.25,3957
2024-01-02 12:21:00,4920.50,4921.50,4920.25,4921.25,1440
2024-01-02 12:22:00,4921.25,4921.75,4919.00,4919.50,1889
2024-01-02 12:23:00,4919.50,4919.50,4918.75,4919.50,1717
2024-01-02 12:24:00,4919.25,4920.00,4918.50,4919.50,1544
2024-01-02 12:25:00,4919.50,4920.00,4918.25,4920.00,2177
2024-01-02 12:26:00,4919.75,4920.75,4919.00,4919.50,1584
2024-01-02 12:27:00,4919.50,4920.25,4918.75,4920.00,1390
2024-01-02 12:28:00,4920.00,4921.00,4919.50,4920.25,1849
2024-01-02 12:29:00,4920.25,4920.25,4919.00,4919.25,1306
2024-01-02 12:30:00,4919.25,4919.75,4918.50,4919.00,2165
2024-01-02 12:31:00,4918.75,4920.50,4918.75,4920.00,1623
2024-01-02 12:32:00,4920.00,4921.00,4919.75,4921.00,1262
2024-01-02 12:33:00,4921.00,4921.50,4920.25,4920.75,1442
2024-01-02 12:34:00,4920.50,4921.50,4920.50,4921.50,1297
2024-01-02 12:35:00,4921.50,4922.25,4921.25,4922.00,2085
2024-01-02 12:36:00,4922.00,4923.50,4921.75,4922.50,2343
2024-01-02 12:37:00,4922.75,4923.25,4922.25,4923.25,1358
2024-01-02 12:38:00,4923.25,4924.50,4923.25,4924.00,2136
2024-01-02 12:39:00,4924.00,4924.50,4923.50,4924.50,1381
2024-01-02 12:40:00,4924.50,4926.00,4924.25,4925.25,4044
2024-01-02 12:41:00,4925.50,4925.75,4924.75,4925.25,1752
2024-01-02 12:42:00,4925.25,4925.50,4924.25,4924.75,1264
2024-01-02 12:43:00,4924.50,4924.75,4923.75,4924.50,1387
2024-01-02 12:44:00,4924.25,4924.75,4923.75,4924.50,920
2024-01-02 12:45:00,4924.25,4924.25,4922.25,4922.50,2008
2024-01-02 12:46:00,4922.25,4923.25,4922.00,4922.25,1377
2024-01-02 12:47:00,4922.25,4922.25,4921.00,4921.25,1496
2024-01-02 12:48:00,4921.25,4922.00,4918.00,4919.25,3901
2024-01-02 12:49:00,4919.00,4920.00,4918.75,4920.00,1524
2024-01-02 12:50:00,4920.00,4920.00,4917.75,4918.50,2706
2024-01-02 12:51:00,4918.50,4919.00,4916.50,4917.50,2761
2024-01-02 12:52:00,4917.75,4918.25,4917.25,4917.50,2923
2024-01-02 12:53:00,4917.75,4918.50,4917.75,4918.00,1573
2024-01-02 12:54:00,4917.75,4919.00,4917.50,4917.75,1782
2024-01-02 12:55:00,4918.00,4918.25,4915.00,4916.00,2855
2024-01-02 12:56:00,4916.25,4917.25,4915.25,4916.50,2495
2024-01-02 12:57:00,4916.50,4916.50,4915.75,4916.25,1575
2024-01-02 12:58:00,4916.25,4916.75,4915.00,4915.25,1706
2024-01-02 12:59:00,4915.50,4916.50,4915.00,4915.50,1719
2024-01-02 13:00:00,4915.75,4915.75,4914.50,4915.00,3182
2024-01-02 13:01:00,4915.00,4915.75,4914.25,4915.00,2142
2024-01-02 13:02:00,4915.25,4915.25,4913.25,4914.50,3442
2024-01-02 13:03:00,4914.25,4915.00,4914.00,4914.25,1437
2024-01-02 13:04:00,4914.25,4914.50,4913.50,4914.25,1312
2024-01-02 13:05:00,4914.25,4914.75,4914.25,4914.75,1362
2024-01-02 13:06:00,4914.50,4915.75,4913.50,4913.75,1740
2024-01-02 13:07:00,4914.00,4914.50,4913.50,4914.00,1147
2024-01-02 13:08:00,4914.00,4914.00,4913.25,4913.50,2765
2024-01-02 13:09:00,4913.25,4913.50,4912.00,4913.00,4084
2024-01-02 13:10:00,4913.00,4914.00,4912.00,4914.00,2924
2024-01-02 13:11:00,4913.75,4914.50,4913.25,4914.50,1944
2024-01-02 13:12:00,4914.50,4914.75,4913.75,4914.50,1795
2024-01-02 13:13:00,4914.50,4915.75,4914.25,4915.25,1903
2024-01-02 13:14:00,4915.25,4916.25,4914.75,4915.25,1843
2024-01-02 13:15:00,4915.25,4915.75,4914.50,4915.50,1592
2024-01-02 13:16:00,4915.50,4915.50,4914.00,4914.75,1612
2024-01-02 13:17:00,4914.75,4915.75,4914.25,4915.75,1539
2024-01-02 13:18:00,4915.50,4917.25,4915.50,4916.75,2064
2024-01-02 13:19:00,4916.75,4917.00,4915.50,4916.25,1490
2024-01-02 13:20:00,4916.25,4916.75,4915.50,4916.00,1107
2024-01-02 13:21:00,4916.00,4916.25,4915.25,4916.00,1067
2024-01-02 13:22:00,4915.75,4916.00,4914.25,4915.00,1187
2024-01-02 13:23:00,4915.00,4915.75,4914.75,4915.25,1173
2024-01-02 13:24:00,4915.25,4917.75,4915.25,4917.00,2514
2024-01-02 13:25:00,4916.75,4917.25,4916.25,4916.50,1623
2024-01-02 13:26:00,4916.75,4918.50,4916.50,4918.50,2595
2024-01-02 13:27:00,4918.50,4919.00,4916.50,4917.00,2403
2024-01-02 13:28:00,4917.00,4917.50,4916.50,4917.25,1529
2024-01-02 13:29:00,4917.25,4917.50,4915.75,4915.75,1175
2024-01-02 13:30:00,4915.75,4916.25,4914.75,4916.00,2090
2024-01-02 13:31:00,4916.00,4916.25,4914.25,4915.25,1699
2024-01-02 13:32:00,4915.25,4915.50,4914.00,4914.50,1816
2024-01-02 13:33:00,4914.75,4916.00,4914.50,4916.00,1257
2024-01-02 13:34:00,4916.00,4917.75,4915.50,4917.25,1760
2024-01-02 13:35:00,4917.00,4918.50,4916.50,4918.25,1476
2024-01-02 13:36:00,4918.25,4918.25,4917.25,4917.50,1406
2024-01-02 13:37:00,4917.50,4918.00,4916.75,4917.50,1187
2024-01-02 13:38:00,4917.25,4918.25,4917.25,4917.75,1148
2024-01-02 13:39:00,4917.75,4918.00,4917.00,4918.00,1509
2024-01-02 13:40:00,4917.75,4918.50,4917.25,4918.50,1595
2024-01-02 13:41:00,4918.50,4918.75,4917.75,4918.50,1748
2024-01-02 13:42:00,4918.25,4918.50,4916.00,4916.25,1881
2024-01-02 13:43:00,4916.25,4918.50,4916.25,4918.25,2008
2024-01-02 13:44:00,4918.25,4918.25,4916.50,4916.75,1185
2024-01-02 13:45:00,4916.75,4917.50,4915.50,4916.50,2169
2024-01-02 13:46:00,4916.50,4918.50,4916.25,4918.50,1531
2024-01-02 13:47:00,4918.50,4919.00,4917.25,4917.50,1868
2024-01-02 13:48:00,4917.25,4917.75,4916.50,4916.75,1036
2024-01-02 13:49:00,4916.75,4917.00,4915.75,4916.25,1470
2024-01-02 13:50:00,4916.00,4916.25,4915.00,4915.50,2059
2024-01-02 13:51:00,4915.25,4916.25,4915.00,4915.25,1575
2024-01-02 13:52:00,4915.25,4915.25,4913.50,4913.75,2253
2024-01-02 13:53:00,4913.75,4914.25,4913.00,4913.00,2273
2024-01-02 13:54:00,4912.75,4913.50,4912.50,4912.75,2486
2024-01-02 13:55:00,4912.75,4913.25,4912.50,4913.25,1855
2024-01-02 13:56:00,4913.00,4913.50,4910.25,4910.75,4496
2024-01-02 13:57:00,4910.75,4911.25,4909.25,4911.00,4024
2024-01-02 13:58:00,4910.75,4911.00,4909.25,4909.75,2104
2024-01-02 13:59:00,4909.75,4911.00,4909.25,4910.50,1868
2024-01-02 14:00:00,4910.50,4911.75,4909.75,4910.75,3142
2024-01-02 14:01:00,4910.75,4911.00,4909.50,4909.50,1680
2024-01-02 14:02:00,4909.50,4910.00,4908.00,4908.25,3103
2024-01-02 14:03:00,4908.25,4910.00,4908.00,4909.00,2264
2024-01-02 14:04:00,4908.75,4909.25,4907.50,4907.75,3037
2024-01-02 14:05:00,4908.00,4908.75,4907.25,4907.75,3272
2024-01-02 14:06:00,4907.50,4908.00,4905.50,4906.25,4061
2024-01-02 14:07:00,4906.25,4906.25,4904.50,4905.00,2924
2024-01-02 14:08:00,4904.75,4905.75,4904.75,4905.50,2182
2024-01-02 14:09:00,4905.50,4906.75,4905.25,4906.75,2856
2024-01-02 14:10:00,4906.50,4908.00,4906.00,4907.00,3270
2024-01-02 14:11:00,4907.00,4909.00,4906.75,4908.00,3053
2024-01-02 14:12:00,4908.00,4909.00,4907.25,4908.75,1707
2024-01-02 14:13:00,4908.75,4910.00,4908.50,4909.25,1705
2024-01-02 14:14:00,4909.25,4909.50,4907.50,4908.00,1550
2024-01-02 14:15:00,4908.00,4908.25,4906.75,4907.25,1642
2024-01-02 14:16:00,4907.00,4907.50,4906.50,4907.25,1404
2024-01-02 14:17:00,4907.00,4907.00,4906.00,4906.50,1118
2024-01-02 14:18:00,4906.50,4907.00,4906.25,4907.00,1015
2024-01-02 14:19:00,4907.00,4907.75,4906.50,4906.50,1465
2024-01-02 14:20:00,4906.50,4907.25,4906.25,4907.00,996
2024-01-02 14:21:00,4907.00,4907.75,4906.75,4907.25,854
2024-01-02 14:22:00,4907.00,4907.25,4906.00,4906.25,1156
2024-01-02 14:23:00,4906.00,4906.25,4905.25,4905.75,1238
2024-01-02 14:24:00,4905.75,4906.00,4905.25,4905.75,1091
2024-01-02 14:25:00,4905.75,4906.50,4905.25,4905.75,1253
2024-01-02 14:26:00,4905.75,4906.25,4905.50,4906.00,1292
2024-01-02 14:27:00,4906.00,4906.75,4905.75,4905.75,1027
2024-01-02 14:28:00,4905.75,4907.50,4905.75,4907.00,1876
2024-01-02 14:29:00,4906.75,4908.75,4906.75,4908.00,2077
2024-01-02 14:30:00,4907.75,4909.25,4907.25,4909.00,3070
2024-01-02 14:31:00,4908.75,4909.75,4908.00,4908.25,2075
2024-01-02 14:32:00,4908.00,4908.00,4906.00,4906.50,3034
2024-01-02 14:33:00,4906.25,4907.00,4905.75,4906.50,1498
2024-01-02 14:34:00,4906.50,4907.00,4906.25,4906.50,1332
2024-01-02 14:35:00,4906.50,4907.00,4905.50,4906.50,963
2024-01-02 14:36:00,4906.25,4906.50,4905.50,4905.75,1445
2024-01-02 14:37:00,4905.75,4906.00,4905.25,4906.00,937
2024-01-02 14:38:00,4905.75,4906.25,4905.25,4905.25,998
2024-01-02 14:39:00,4905.25,4905.75,4904.25,4904.25,1238
2024-01-02 14:40:00,4904.25,4904.75,4903.75,4904.75,2848
2024-01-02 14:41:00,4904.50,4905.50,4904.25,4904.75,1346
2024-01-02 14:42:00,4904.50,4904.75,4903.75,4904.25,1528
2024-01-02 14:43:00,4904.25,4905.00,4904.00,4905.00,1202
2024-01-02 14:44:00,4905.00,4905.00,4904.25,4904.75,1411
2024-01-02 14:45:00,4904.50,4905.00,4904.00,4904.50,1448
2024-01-02 14:46:00,4904.50,4905.75,4904.50,4905.50,1519
2024-01-02 14:47:00,4905.50,4905.75,4904.50,4905.00,1213
2024-01-02 14:48:00,4905.00,4905.00,4903.75,4903.75,1636
2024-01-02 14:49:00,4903.75,4904.25,4902.50,4902.75,2390
2024-01-02 14:50:00,4903.00,4904.25,4902.50,4903.00,3166
2024-01-02 14:51:00,4903.00,4903.75,4903.00,4903.75,1703
2024-01-02 14:52:00,4903.50,4903.75,4902.00,4902.50,3001
2024-01-02 14:53:00,4902.25,4902.50,4899.50,4900.00,6118
2024-01-02 14:54:00,4899.75,4901.75,4899.25,4900.25,2916
2024-01-02 14:55:00,4900.25,4900.50,4899.00,4899.50,2771
2024-01-02 14:56:00,4899.50,4900.75,4899.25,4900.50,1857
2024-01-02 14:57:00,4900.50,4901.00,4899.50,4899.50,1920
2024-01-02 14:58:00,4899.50,4900.00,4899.25,4899.50,1481
2024-01-02 14:59:00,4899.50,4899.75,4898.25,4898.25,2902
2024-01-02 15:00:00,4898.25,4899.00,4897.75,4898.00,4703
2024-01-02 15:01:00,4898.00,4898.75,4897.50,4897.50,2713
2024-01-02 15:02:00,4897.50,4898.00,4896.50,4897.00,5513
2024-01-02 15:03:00,4896.75,4897.50,4896.50,4896.75,4752
2024-01-02 15:04:00,4896.50,4897.00,4894.50,4895.25,7278
2024-01-02 15:05:00,4895.25,4895.75,4894.50,4894.75,3328
2024-01-02 15:06:00,4894.50,4895.00,4894.00,4894.25,3574
2024-01-02 15:07:00,4894.00,4896.75,4894.00,4896.00,4513
2024-01-02 15:08:00,4895.75,4897.25,4895.25,4896.50,3162
2024-01-02 15:09:00,4896.50,4898.25,4895.50,4895.75,3385
2024-01-02 15:10:00,4896.00,4897.50,4895.75,4896.00,2118
2024-01-02 15:11:00,4896.00,4896.50,4895.75,4896.50,1436
2024-01-02 15:12:00,4896.25,4896.75,4895.25,4895.25,1571
2024-01-02 15:13:00,4895.25,4896.25,4895.00,4895.50,2230
2024-01-02 15:14:00,4895.50,4896.00,4894.75,4895.50,2629
2024-01-02 15:15:00,4895.50,4896.00,4894.50,4894.50,2782
2024-01-02 15:16:00,4894.50,4896.50,4894.50,4896.25,3227
2024-01-02 15:17:00,4896.00,4899.75,4896.00,4899.25,4637
2024-01-02 15:18:00,4899.25,4900.00,4897.75,4899.00,3477
2024-01-02 15:19:00,4898.75,4899.50,4898.00,4898.75,2894
2024-01-02 15:20:00,4898.75,4899.50,4897.75,4899.00,3602
2024-01-02 15:21:00,4899.00,4899.25,4898.25,4899.00,1641
2024-01-02 15:22:00,4899.00,4899.00,4896.00,4896.50,3688
2024-01-02 15:23:00,4896.25,4898.50,4896.25,4897.75,3434
2024-01-02 15:24:00,4898.00,4898.75,4897.75,4898.00,2378
2024-01-02 15:25:00,4898.25,4899.25,4897.50,4898.00,2515
2024-01-02 15:26:00,4898.00,4898.00,4896.50,4897.75,2467
2024-01-02 15:27:00,4897.75,4898.25,4897.00,4897.50,1858
2024-01-02 15:28:00,4897.75,4899.00,4897.50,4898.75,1829
2024-01-02 15:29:00,4898.50,4898.75,4898.00,4898.25,2136
2024-01-02 15:30:00,4898.50,4900.00,4897.75,4899.50,2900
2024-01-02 15:31:00,4899.50,4901.25,4899.00,4900.75,3258
2024-01-02 15:32:00,4900.75,4900.75,4899.25,4900.25,2480
2024-01-02 15:33:00,4900.50,4900.75,4899.50,4900.25,3135
2024-01-02 15:34:00,4900.50,4900.50,4898.50,4898.50,1893
2024-01-02 15:35:00,4898.75,4898.75,4897.75,4898.00,1699
2024-01-02 15:36:00,4898.00,4898.50,4896.75,4897.75,2244
2024-01-02 15:37:00,4897.75,4898.50,4897.00,4898.25,1700
2024-01-02 15:38:00,4898.25,4898.50,4896.75,4897.00,1817
2024-01-02 15:39:00,4897.25,4897.25,4896.25,4897.00,1683
2024-01-02 15:40:00,4897.25,4898.00,4896.50,4897.25,2073
2024-01-02 15:41:00,4897.50,4898.25,4897.00,4897.25,1829
2024-01-02 15:42:00,4897.50,4897.75,4896.75,4897.50,1639
2024-01-02 15:43:00,4897.75,4898.75,4897.25,4897.75,2845
2024-01-02 15:44:00,4898.00,4900.00,4897.75,4899.75,4862
2024-01-02 15:45:00,4899.50,4900.75,4899.25,4899.50,2742
2024-01-02 15:46:00,4899.50,4900.00,4898.50,4899.25,2667
2024-01-02 15:47:00,4899.50,4901.00,4899.25,4900.25,3013
2024-01-02 15:48:00,4900.25,4901.25,4899.75,4900.75,3568
2024-01-02 15:49:00,4901.00,4902.25,4900.50,4902.00,4394
2024-01-02 15:50:00,4902.25,4907.75,4902.25,4907.50,13941
2024-01-02 15:51:00,4907.75,4910.25,4906.50,4908.75,9778
2024-01-02 15:52:00,4908.75,4910.25,4908.00,4908.50,7743
2024-01-02 15:53:00,4908.75,4910.75,4908.50,4910.00,6786
2024-01-02 15:54:00,4910.00,4910.50,4908.00,4909.00,9463
2024-01-02 15:55:00,4909.00,4911.00,4908.25,4909.75,10446
2024-01-02 15:56:00,4909.50,4912.00,4909.50,4912.00,8058
2024-01-02 15:57:00,4912.00,4914.00,4911.75,4914.00,8723
2024-01-02 15:58:00,4914.25,4916.25,4913.50,4915.75,12905
2024-01-02 15:59:00,4916.00,4917.00,4913.00,4916.50,46308
2024-01-02 16:00:00,4916.50,4917.00,4913.75,4916.00,15056
2024-01-02 16:01:00,4916.00,4917.75,4915.75,4917.00,5120
2024-01-02 16:02:00,4917.00,4917.50,4916.25,4916.75,2129
2024-01-02 16:03:00,4916.75,4917.00,4916.00,4916.75,1560
2024-01-02 16:04:00,4917.00,4917.00,4915.75,4916.25,1880
2024-01-02 16:05:00,4916.25,4917.50,4916.00,4917.25,2892
2024-01-02 16:06:00,4917.50,4918.00,4917.25,4917.50,1567
2024-01-02 16:07:00,4917.50,4917.75,4917.00,4917.25,2136
2024-01-02 16:08:00,4917.25,4917.50,4916.75,4917.00,579
2024-01-02 16:09:00,4917.00,4917.00,4916.25,4916.50,1392
2024-01-02 16:10:00,4916.50,4917.75,4916.50,4917.25,2318
2024-01-02 16:11:00,4917.25,4917.50,4916.75,4917.00,785
2024-01-02 16:12:00,4917.25,4917.50,4917.00,4917.50,732
2024-01-02 16:13:00,4917.25,4917.75,4916.00,4916.00,2123
2024-01-02 16:14:00,4916.00,4916.75,4916.00,4916.50,1427
2024-01-02 16:15:00,4916.25,4916.75,4916.25,4916.25,825
2024-01-02 16:16:00,4916.50,4916.50,4915.75,4916.00,556
2024-01-02 16:17:00,4916.00,4916.00,4915.50,4916.00,273
2024-01-02 16:18:00,4916.00,4916.00,4915.50,4915.50,223
2024-01-02 16:19:00,4915.50,4916.00,4915.50,4915.75,190
2024-01-02 16:20:00,4916.00,4916.25,4915.75,4916.00,104
2024-01-02 16:21:00,4916.00,4916.00,4915.50,4916.00,147
2024-01-02 16:22:00,4916.00,4916.00,4915.75,4916.00,168
2024-01-02 16:23:00,4915.75,4916.00,4915.50,4915.50,285
2024-01-02 16:24:00,4915.75,4916.00,4915.50,4916.00,137
2024-01-02 16:25:00,4915.75,4916.50,4915.75,4916.00,448
2024-01-02 16:26:00,4916.00,4916.25,4915.75,4915.75,218
2024-01-02 16:27:00,4915.75,4916.00,4915.75,4915.75,116
2024-01-02 16:28:00,4915.75,4916.00,4915.75,4915.75,45
2024-01-02 16:29:00,4915.50,4915.75,4915.50,4915.50,34
2024-01-02 16:30:00,4915.50,4915.75,4915.50,4915.50,110
2024-01-02 16:31:00,4915.50,4915.75,4915.50,4915.75,361
2024-01-02 16:32:00,4915.75,4915.75,4915.50,4915.75,16
2024-01-02 16:33:00,4915.50,4915.50,4915.25,4915.25,131
2024-01-02 16:34:00,4915.50,4916.00,4915.50,4916.00,386
2024-01-02 16:35:00,4916.25,4916.75,4916.00,4916.50,747
2024-01-02 16:36:00,4916.50,4917.00,4916.25,4916.75,382
2024-01-02 16:37:00,4916.50,4916.75,4916.00,4916.25,328
2024-01-02 16:38:00,4916.00,4916.50,4916.00,4916.50,93
2024-01-02 16:39:00,4916.25,4916.50,4916.00,4916.00,49
2024-01-02 16:40:00,4916.25,4917.00,4916.25,4916.50,386
2024-01-02 16:41:00,4916.75,4916.75,4916.25,4916.50,55
2024-01-02 16:42:00,4916.50,4916.75,4916.25,4916.75,238
2024-01-02 16:43:00,4916.75,4917.00,4916.50,4917.00,317
2024-01-02 16:44:00,4917.00,4917.25,4916.75,4917.25,186
2024-01-02 16:45:00,4917.25,4917.75,4917.25,4917.50,250
2024-01-02 16:46:00,4917.50,4917.75,4917.50,4917.75,188
2024-01-02 16:47:00,4917.75,4918.00,4917.00,4917.50,388
2024-01-02 16:48:00,4917.50,4917.75,4917.25,4917.50,134
2024-01-02 16:49:00,4917.75,4917.75,4917.50,4917.75,102
2024-01-02 16:50:00,4917.75,4918.00,4917.50,4917.75,364
2024-01-02 16:51:00,4917.75,4918.00,4917.75,4918.00,377
2024-01-02 16:52:00,4917.75,4918.00,4917.25,4917.25,706
2024-01-02 16:53:00,4917.50,4917.50,4917.00,4917.25,121
2024-01-02 16:54:00,4917.00,4917.75,4917.00,4917.25,266
2024-01-02 16:55:00,4917.50,4917.50,4917.00,4917.25,133
2024-01-02 16:56:00,4917.50,4917.50,4917.00,4917.25,194
2024-01-02 16:57:00,4917.25,4917.50,4917.00,4917.00,141
2024-01-02 16:58:00,4917.25,4917.50,4917.00,4917.25,191
2024-01-02 16:59:00,4917.25,4917.50,4916.75,4917.00,380
2024-01-02 18:00:00,4919.25,4919.25,4917.50,4917.50,584
2024-01-02 18:01:00,4917.50,4918.50,4917.25,4917.75,261
2024-01-02 18:02:00,4917.50,4918.25,4917.50,4918.25,80
2024-01-02 18:03:00,4918.25,4918.50,4918.00,4918.50,103
2024-01-02 18:04:00,4918.50,4918.75,4918.50,4918.75,31
2024-01-02 18:05:00,4919.00,4919.25,4918.75,4919.00,98
2024-01-02 18:06:00,4918.75,4919.00,4918.50,4918.75,101
2024-01-02 18:07:00,4918.75,4918.75,4918.75,4918.75,38
2024-01-02 18:08:00,4918.75,4918.75,4918.25,4918.25,61
2024-01-02 18:09:00,4918.50,4918.50,4918.25,4918.50,25
2024-01-02 18:10:00,4918.50,4918.50,4918.25,4918.50,41
2024-01-02 18:11:00,4918.75,4918.75,4918.25,4918.50,67
2024-01-02 18:12:00,4918.50,4918.50,4918.25,4918.25,60
2024-01-02 18:13:00,4918.50,4918.50,4917.25,4917.25,106
2024-01-02 18:14:00,4917.50,4917.50,4917.25,4917.50,86
2024-01-02 18:15:00,4917.25,4917.75,4917.00,4917.00,171
2024-01-02 18:16:00,4917.25,4917.25,4917.00,4917.00,50
2024-01-02 18:17:00,4916.75,4916.75,4916.25,4916.25,106
2024-01-02 18:18:00,4916.25,4916.50,4916.00,4916.00,64
2024-01-02 18:19:00,4916.00,4916.00,4915.75,4915.75,28
2024-01-02 18:20:00,4915.75,4917.00,4915.75,4916.75,141
2024-01-02 18:21:00,4916.50,4917.00,4916.25,4916.25,62
2024-01-02 18:22:00,4916.25,4916.50,4915.25,4915.25,101
2024-01-02 18:23:00,4915.50,4915.75,4915.25,4915.50,149
2024-01-02 18:24:00,4915.50,4916.00,4915.50,4915.75,76
2024-01-02 18:25:00,4915.75,4916.25,4915.75,4916.00,112
2024-01-02 18:26:00,4915.75,4916.25,4915.50,4915.50,145
2024-01-02 18:27:00,4915.50,4915.75,4915.50,4915.75,68
2024-01-02 18:28:00,4915.75,4916.00,4915.75,4915.75,60
2024-01-02 18:29:00,4915.75,4916.00,4915.75,4916.00,21
2024-01-02 18:30:00,4915.75,4916.25,4915.75,4916.25,44
2024-01-02 18:31:00,4916.25,4916.25,4916.00,4916.25,53
2024-01-02 18:32:00,4916.25,4916.25,4916.00,4916.25,39
2024-01-02 18:33:00,4916.25,4916.50,4916.25,4916.25,40
2024-01-02 18:34:00,4916.25,4916.50,4916.00,4916.50,34
2024-01-02 18:35:00,4916.50,4916.75,4916.50,4916.50,73
2024-01-02 18:36:00,4916.50,4916.75,4916.25,4916.50,60
2024-01-02 18:37:00,4916.50,4916.50,4916.25,4916.25,39
2024-01-02 18:38:00,4916.25,4916.75,4916.25,4916.50,34
2024-01-02 18:39:00,4916.75,4916.75,4916.50,4916.50,2
2024-01-02 18:40:00,4916.50,4916.75,4916.50,4916.75,152
2024-01-02 18:41:00,4916.50,4916.75,4916.25,4916.25,55
2024-01-02 18:42:00,4916.50,4916.75,4916.50,4916.50,35
2024-01-02 18:43:00,4916.50,4916.75,4916.50,4916.50,58
2024-01-02 18:44:00,4916.50,4916.75,4916.50,4916.75,17
2024-01-02 18:45:00,4916.50,4916.75,4916.00,4916.75,116
2024-01-02 18:46:00,4916.75,4916.75,4916.50,4916.50,26
2024-01-02 18:47:00,4916.50,4917.00,4916.50,4916.75,44
2024-01-02 18:48:00,4916.75,4916.75,4916.50,4916.75,55
2024-01-02 18:49:00,4916.75,4917.00,4916.75,4916.75,17
2024-01-02 18:50:00,4916.75,4917.00,4916.75,4916.75,23
2024-01-02 18:51:00,4916.75,4917.00,4916.75,4916.75,38
2024-01-02 18:52:00,4916.75,4916.75,4916.50,4916.50,7
2024-01-02 18:53:00,4916.75,4916.75,4916.75,4916.75,26
2024-01-02 18:54:00,4916.75,4916.75,4916.75,4916.75,7
2024-01-02 18:55:00,4916.75,4917.25,4916.75,4917.00,112
2024-01-02 18:56:00,4917.00,4917.25,4917.00,4917.25,13
2024-01-02 18:57:00,4917.00,4917.25,4917.00,4917.25,29
2024-01-02 18:58:00,4917.25,4917.25,4917.00,4917.25,10
2024-01-02 18:59:00,4917.25,4917.25,4917.00,4917.00,2
2024-01-02 19:00:00,4917.25,4917.50,4917.00,4917.00,147
2024-01-02 19:01:00,4917.00,4917.00,4916.25,4916.50,73
2024-01-02 19:02:00,4916.50,4916.50,4916.50,4916.50,21
2024-01-02 19:03:00,4916.50,4916.75,4916.25,4916.75,43
2024-01-02 19:04:00,4916.75,4917.00,4916.50,4917.00,61
2024-01-02 19:05:00,4916.75,4916.75,4916.50,4916.75,66
2024-01-02 19:06:00,4916.50,4916.75,4916.50,4916.75,24
2024-01-02 19:07:00,4916.75,4916.75,4916.50,4916.75,28
2024-01-02 19:08:00,4916.75,4916.75,4916.50,4916.75,4
2024-01-02 19:09:00,4916.50,4916.75,4916.25,4916.75,68
2024-01-02 19:10:00,4916.75,4916.75,4916.25,4916.50,98
2024-01-02 19:11:00,4916.50,4916.50,4916.25,4916.50,97
2024-01-02 19:12:00,4916.50,4916.75,4916.50,4916.50,39
2024-01-02 19:13:00,4916.50,4916.75,4916.50,4916.75,18
2024-01-02 19:14:00,4916.75,4917.00,4916.75,4917.00,50
2024-01-02 19:15:00,4917.25,4917.50,4917.00,4917.25,62
2024-01-02 19:16:00,4917.25,4917.50,4917.25,4917.25,8
2024-01-02 19:17:00,4917.25,4917.25,4917.00,4917.00,90
2024-01-02 19:18:00,4917.00,4917.25,4916.75,4916.75,23
2024-01-02 19:19:00,4916.75,4916.75,4916.75,4916.75,29
2024-01-02 19:20:00,4916.50,4916.75,4916.50,4916.75,16
2024-01-02 19:21:00,4916.75,4917.00,4916.75,4916.75,22
2024-01-02 19:22:00,4917.00,4917.00,4916.75,4916.75,36
2024-01-02 19:23:00,4917.00,4917.00,4916.75,4917.00,23
2024-01-02 19:24:00,4917.25,4917.75,4917.25,4917.50,127
2024-01-02 19:25:00,4917.50,4917.50,4917.25,4917.25,71
2024-01-02 19:26:00,4917.25,4917.50,4917.25,4917.50,74
2024-01-02 19:27:00,4917.50,4917.75,4917.25,4917.25,28
2024-01-02 19:28:00,4917.50,4917.75,4917.50,4917.50,178
2024-01-02 19:29:00,4917.25,4917.25,4917.00,4917.00,33
2024-01-02 19:30:00,4917.00,4917.00,4916.75,4916.75,53
2024-01-02 19:31:00,4917.00,4917.00,4916.75,4916.75,58
2024-01-02 19:32:00,4917.00,4917.00,4916.75,4917.00,26
2024-01-02 19:33:00,4917.00,4917.25,4917.00,4917.25,34
2024-01-02 19:34:00,4917.25,4917.50,4917.25,4917.25,47
2024-01-02 19:35:00,4917.25,4917.25,4916.75,4917.00,115
2024-01-02 19:36:00,4916.75,4917.00,4916.50,4917.00,56
2024-01-02 19:37:00,4917.00,4917.25,4917.00,4917.25,62
2024-01-02 19:38:00,4917.25,4917.25,4916.75,4916.75,112
2024-01-02 19:39:00,4916.50,4916.50,4916.25,4916.25,50
2024-01-02 19:40:00,4916.25,4916.25,4915.50,4915.50,109
2024-01-02 19:41:00,4915.50,4915.75,4915.25,4915.50,112
2024-01-02 19:42:00,4915.75,4915.75,4915.50,4915.50,13
2024-01-02 19:43:00,4915.50,4915.50,4915.00,4915.00,186
2024-01-02 19:44:00,4915.25,4915.50,4915.00,4915.25,90
2024-01-02 19:45:00,4915.50,4915.50,4915.25,4915.50,9
2024-01-02 19:46:00,4915.25,4915.50,4915.25,4915.25,7
2024-01-02 19:47:00,4915.25,4915.50,4915.00,4915.50,62
2024-01-02 19:48:00,4915.50,4915.50,4915.25,4915.25,64
2024-01-02 19:49:00,4915.25,4915.25,4915.00,4915.25,52
2024-01-02 19:50:00,4915.25,4915.25,4914.75,4914.75,106
2024-01-02 19:51:00,4915.00,4915.00,4914.25,4914.50,185
2024-01-02 19:52:00,4914.50,4914.75,4914.25,4914.50,59
2024-01-02 19:53:00,4914.50,4914.75,4914.25,4914.75,93
2024-01-02 19:54:00,4914.75,4915.25,4914.50,4915.00,76
2024-01-02 19:55:00,4915.00,4915.25,4915.00,4915.00,15
2024-01-02 19:56:00,4915.00,4915.25,4915.00,4915.25,44
2024-01-02 19:57:00,4915.25,4915.25,4914.75,4914.75,78
2024-01-02 19:58:00,4914.75,4915.00,4914.75,4914.75,9
2024-01-02 19:59:00,4915.00,4915.25,4914.75,4914.75,71
2024-01-02 20:00:00,4914.75,4915.25,4914.50,4915.25,229
2024-01-02 20:01:00,4915.25,4915.50,4915.25,4915.50,89
2024-01-02 20:02:00,4915.50,4916.00,4915.50,4915.50,164
2024-01-02 20:03:00,4915.50,4915.50,4915.00,4915.00,67
2024-01-02 20:04:00,4915.00,4915.25,4915.00,4915.00,35
2024-01-02 20:05:00,4914.75,4915.25,4914.75,4915.25,31
2024-01-02 20:06:00,4915.25,4915.25,4915.25,4915.25,52
2024-01-02 20:07:00,4915.50,4915.50,4915.25,4915.50,58
2024-01-02 20:08:00,4915.50,4915.50,4915.25,4915.50,38
2024-01-02 20:09:00,4915.50,4915.50,4915.00,4915.00,146
2024-01-02 20:10:00,4915.00,4915.00,4914.75,4914.75,56
2024-01-02 20:11:00,4914.50,4914.50,4914.25,4914.50,80
2024-01-02 20:12:00,4914.50,4914.75,4914.25,4914.25,91
2024-01-02 20:13:00,4914.25,4914.50,4914.25,4914.50,52
2024-01-02 20:14:00,4914.50,4914.50,4914.25,4914.50,18
2024-01-02 20:15:00,4914.50,4914.50,4914.25,4914.25,164
2024-01-02 20:16:00,4914.25,4914.50,4914.25,4914.50,43
2024-01-02 20:17:00,4914.25,4914.25,4913.75,4914.00,159
2024-01-02 20:18:00,4914.00,4914.75,4914.00,4914.75,158
2024-01-02 20:19:00,4914.50,4915.00,4914.50,4914.75,138
2024-01-02 20:20:00,4914.75,4915.25,4914.75,4915.25,59
2024-01-02 20:21:00,4915.25,4915.25,4914.25,4914.25,97
2024-01-02 20:22:00,4914.25,4915.00,4914.25,4914.75,110
2024-01-02 20:23:00,4914.75,4914.75,4914.50,4914.75,29
2024-01-02 20:24:00,4914.50,4914.75,4914.50,4914.75,79
2024-01-02 20:25:00,4914.50,4914.50,4914.50,4914.50,87
2024-01-02 20:26:00,4914.50,4914.75,4914.25,4914.50,62
2024-01-02 20:27:00,4914.50,4915.00,4914.50,4914.75,54
2024-01-02 20:28:00,4914.75,4915.50,4914.75,4915.25,208
2024-01-02 20:29:00,4915.00,4915.25,4914.75,4915.00,93
2024-01-02 20:30:00,4915.00,4915.50,4914.75,4915.25,149
2024-01-02 20:31:00,4915.50,4915.50,4915.00,4915.25,172
2024-01-02 20:32:00,4915.25,4915.25,4915.00,4915.00,49
2024-01-02 20:33:00,4914.75,4915.00,4914.75,4914.75,153
2024-01-02 20:34:00,4914.75,4914.75,4914.25,4914.75,139
2024-01-02 20:35:00,4914.75,4915.00,4914.75,4915.00,94
2024-01-02 20:36:00,4914.75,4915.00,4914.50,4915.00,114
2024-01-02 20:37:00,4915.00,4915.50,4915.00,4915.00,72
2024-01-02 20:38:00,4915.25,4915.25,4914.50,4914.50,133
2024-01-02 20:39:00,4914.50,4914.75,4914.50,4914.75,59
2024-01-02 20:40:00,4914.75,4914.75,4914.75,4914.75,64
2024-01-02 20:41:00,4914.50,4914.75,4914.25,4914.50,126
2024-01-02 20:42:00,4914.50,4914.75,4914.50,4914.75,51
2024-01-02 20:43:00,4914.75,4914.75,4914.50,4914.50,31
2024-01-02 20:44:00,4914.50,4914.75,4914.50,4914.75,86
2024-01-02 20:45:00,4914.75,4914.75,4914.25,4914.50,62
2024-01-02 20:46:00,4914.50,4914.75,4914.50,4914.75,94
2024-01-02 20:47:00,4914.75,4915.25,4914.75,4915.00,122
2024-01-02 20:48:00,4915.00,4915.00,4914.75,4914.75,7
2024-01-02 20:49:00,4914.75,4914.75,4914.75,4914.75,90
2024-01-02 20:50:00,4915.00,4915.00,4914.75,4915.00,62
2024-01-02 20:51:00,4915.00,4915.00,4914.50,4915.00,64
2024-01-02 20:52:00,4915.00,4915.25,4915.00,4915.25,74
2024-01-02 20:53:00,4915.25,4915.50,4915.00,4915.25,111
2024-01-02 20:54:00,4915.25,4915.50,4915.00,4915.50,34
2024-01-02 20:55:00,4915.25,4915.75,4915.25,4915.75,344
2024-01-02 20:56:00,4915.75,4915.75,4915.00,4915.50,137
2024-01-02 20:57:00,4915.25,4915.50,4915.00,4915.25,50
2024-01-02 20:58:00,4915.25,4915.25,4914.75,4914.75,78
2024-01-02 20:59:00,4914.75,4915.00,4914.75,4914.75,46
2024-01-02 21:00:00,4915.00,4915.25,4914.75,4915.25,74
2024-01-02 21:01:00,4915.25,4915.25,4915.00,4915.00,33
2024-01-02 21:02:00,4915.00,4915.00,4914.75,4915.00,28
2024-01-02 21:03:00,4915.00,4915.50,4915.00,4915.25,66
2024-01-02 21:04:00,4915.25,4915.50,4915.25,4915.50,33
2024-01-02 21:05:00,4915.50,4915.50,4915.25,4915.25,4
2024-01-02 21:06:00,4915.25,4915.25,4915.00,4915.25,73
2024-01-02 21:07:00,4915.25,4915.50,4915.25,4915.50,55
2024-01-02 21:08:00,4915.50,4915.50,4915.00,4915.00,89
2024-01-02 21:09:00,4915.25,4915.25,4914.75,4914.75,35
2024-01-02 21:10:00,4914.75,4914.75,4914.75,4914.75,5
2024-01-02 21:11:00,4915.00,4915.25,4915.00,4915.25,211
2024-01-02 21:12:00,4915.00,4915.25,4914.75,4915.25,56
2024-01-02 21:13:00,4915.25,4915.25,4915.25,4915.25,4
2024-01-02 21:14:00,4915.00,4915.25,4915.00,4915.00,33
2024-01-02 21:15:00,4915.00,4915.00,4914.75,4915.00,11
2024-01-02 21:16:00,4914.75,4915.00,4914.50,4914.50,32
2024-01-02 21:17:00,4914.50,4914.50,4914.50,4914.50,89
2024-01-02 21:18:00,4914.25,4914.50,4914.25,4914.25,95
2024-01-02 21:19:00,4914.25,4914.50,4914.00,4914.25,71
2024-01-02 21:20:00,4914.25,4914.25,4913.75,4913.75,99
2024-01-02 21:21:00,4913.75,4914.00,4913.50,4913.75,204
2024-01-02 21:22:00,4914.00,4914.25,4914.00,4914.00,91
2024-01-02 21:23:00,4914.00,4914.00,4913.75,4914.00,51
2024-01-02 21:24:00,4913.75,4913.75,4913.50,4913.50,32
2024-01-02 21:25:00,4913.50,4913.75,4913.50,4913.50,78
2024-01-02 21:26:00,4913.50,4913.50,4912.75,4913.00,623
2024-01-02 21:27:00,4913.00,4913.25,4912.75,4913.25,175
2024-01-02 21:28:00,4913.00,4913.50,4913.00,4913.25,62
2024-01-02 21:29:00,4913.25,4913.50,4913.25,4913.50,85
2024-01-02 21:30:00,4913.50,4913.75,4913.25,4913.75,136
2024-01-02 21:31:00,4914.00,4914.25,4913.75,4914.25,134
2024-01-02 21:32:00,4914.00,4914.00,4913.75,4914.00,46
2024-01-02 21:33:00,4914.00,4914.00,4913.50,4913.50,87
2024-01-02 21:34:00,4913.25,4913.75,4913.25,4913.50,38
2024-01-02 21:35:00,4913.75,4913.75,4913.50,4913.50,22
2024-01-02 21:36:00,4913.50,4914.00,4913.50,4914.00,36
2024-01-02 21:37:00,4914.00,4914.50,4914.00,4914.50,79
2024-01-02 21:38:00,4914.25,4914.50,4914.00,4914.25,63
2024-01-02 21:39:00,4914.00,4914.00,4913.75,4913.75,29
2024-01-02 21:40:00,4913.75,4914.00,4913.75,4913.75,15
2024-01-02 21:41:00,4914.00,4914.25,4913.75,4913.75,84
2024-01-02 21:42:00,4914.00,4914.00,4913.75,4914.00,101
2024-01-02 21:43:00,4914.25,4914.25,4913.75,4913.75,17
2024-01-02 21:44:00,4914.00,4914.25,4914.00,4914.00,31
2024-01-02 21:45:00,4914.00,4914.25,4913.75,4913.75,27
2024-01-02 21:46:00,4913.75,4914.00,4913.75,4913.75,14
2024-01-02 21:47:00,4913.75,4913.75,4913.50,4913.50,17
2024-01-02 21:48:00,4913.50,4913.75,4913.50,4913.50,113
2024-01-02 21:49:00,4913.50,4914.00,4913.50,4913.75,66
2024-01-02 21:50:00,4913.75,4913.75,4913.50,4913.50,25
2024-01-02 21:51:00,4913.75,4913.75,4913.50,4913.75,38
2024-01-02 21:52:00,4914.00,4914.25,4913.75,4914.25,113
2024-01-02 21:53:00,4914.25,4914.25,4914.00,4914.00,33
2024-01-02 21:54:00,4913.75,4913.75,4913.50,4913.50,74
2024-01-02 21:55:00,4913.50,4913.50,4913.00,4913.00,46
2024-01-02 21:56:00,4913.25,4913.25,4912.75,4913.25,97
2024-01-02 21:57:00,4913.00,4913.50,4913.00,4913.50,75
2024-01-02 21:58:00,4913.50,4913.75,4913.25,4913.50,44
2024-01-02 21:59:00,4913.50,4913.75,4913.25,4913.50,65
2024-01-02 22:00:00,4913.75,4914.00,4913.50,4913.75,32
2024-01-02 22:01:00,4913.75,4914.00,4913.75,4914.00,54
2024-01-02 22:02:00,4914.00,4914.00,4913.75,4913.75,21
2024-01-02 22:03:00,4913.75,4914.00,4913.75,4914.00,16
2024-01-02 22:04:00,4914.25,4914.25,4914.00,4914.25,27
2024-01-02 22:05:00,4914.25,4914.25,4914.00,4914.00,2
2024-01-02 22:06:00,4914.25,4914.50,4914.00,4914.25,98
2024-01-02 22:07:00,4914.00,4914.25,4914.00,4914.00,39
2024-01-02 22:08:00,4914.00,4914.25,4914.00,4914.00,41
2024-01-02 22:09:00,4914.00,4914.25,4913.75,4914.25,175
2024-01-02 22:10:00,4914.25,4914.50,4914.25,4914.25,19
2024-01-02 22:11:00,4914.25,4914.25,4914.25,4914.25,77
2024-01-02 22:12:00,4914.25,4914.50,4914.25,4914.25,14
2024-01-02 22:13:00,4914.00,4914.25,4913.75,4913.75,37
2024-01-02 22:14:00,4914.00,4914.00,4913.75,4913.75,42
2024-01-02 22:15:00,4913.75,4913.75,4913.50,4913.75,64
2024-01-02 22:16:00,4913.75,4913.75,4913.50,4913.50,21
2024-01-02 22:17:00,4913.50,4913.50,4913.00,4913.25,76
2024-01-02 22:18:00,4913.00,4913.25,4912.75,4913.25,99
2024-01-02 22:19:00,4913.00,4913.25,4913.00,4913.25,7
2024-01-02 22:20:00,4913.25,4913.25,4913.00,4913.00,54
2024-01-02 22:21:00,4913.00,4913.25,4913.00,4913.25,50
2024-01-02 22:22:00,4913.25,4913.25,4913.00,4913.00,32
2024-01-02 22:23:00,4913.25,4913.25,4913.00,4913.25,70
2024-01-02 22:24:00,4913.00,4913.50,4912.75,4913.25,287
2024-01-02 22:25:00,4913.25,4913.25,4912.75,4913.25,99
2024-01-02 22:26:00,4913.00,4913.25,4913.00,4913.00,102
2024-01-02 22:27:00,4913.00,4913.00,4913.00,4913.00,81
2024-01-02 22:28:00,4913.00,4913.25,4912.75,4913.00,52
2024-01-02 22:29:00,4913.00,4913.25,4913.00,4913.00,19
2024-01-02 22:30:00,4913.00,4913.25,4913.00,4913.25,30
2024-01-02 22:31:00,4913.25,4913.50,4913.25,4913.50,71
2024-01-02 22:32:00,4913.75,4913.75,4913.50,4913.75,70
2024-01-02 22:33:00,4913.75,4914.25,4913.75,4914.00,75
2024-01-02 22:34:00,4914.25,4914.25,4914.00,4914.25,4
2024-01-02 22:35:00,4914.25,4914.25,4913.75,4913.75,79
2024-01-02 22:36:00,4913.75,4913.75,4913.50,4913.75,40
2024-01-02 22:37:00,4913.75,4913.75,4913.50,4913.75,9
2024-01-02 22:38:00,4913.50,4913.50,4913.50,4913.50,3
2024-01-02 22:39:00,4913.50,4913.50,4913.25,4913.50,83
2024-01-02 22:40:00,4913.75,4913.75,4913.50,4913.50,50
2024-01-02 22:41:00,4913.50,4913.75,4913.50,4913.50,47
2024-01-02 22:42:00,4913.25,4913.75,4913.25,4913.75,7
2024-01-02 22:43:00,4913.75,4913.75,4913.50,4913.75,12
2024-01-02 22:44:00,4913.75,4913.75,4913.50,4913.75,22
2024-01-02 22:45:00,4913.50,4913.75,4913.50,4913.75,37
2024-01-02 22:46:00,4913.50,4913.75,4913.50,4913.75,33
2024-01-02 22:47:00,4913.75,4913.75,4913.50,4913.75,33
2024-01-02 22:48:00,4913.50,4913.75,4913.50,4913.50,7
2024-01-02 22:49:00,4913.75,4913.75,4913.50,4913.50,95
2024-01-02 22:50:00,4913.50,4913.50,4913.25,4913.50,84
2024-01-02 22:51:00,4913.25,4913.50,4913.25,4913.50,24
2024-01-02 22:52:00,4913.50,4913.50,4913.50,4913.50,1
2024-01-02 22:53:00,4913.50,4913.75,4913.50,4913.75,19
2024-01-02 22:54:00,4913.50,4913.50,4913.25,4913.25,83
2024-01-02 22:55:00,4913.25,4913.50,4913.00,4913.00,34
2024-01-02 22:56:00,4913.25,4913.25,4913.00,4913.25,87
2024-01-02 22:57:00,4913.50,4913.50,4913.25,4913.50,11
2024-01-02 22:58:00,4913.50,4913.50,4913.00,4913.00,29
2024-01-02 22:59:00,4913.25,4913.25,4913.00,4913.25,72
2024-01-02 23:00:00,4913.00,4913.50,4913.00,4913.25,71
2024-01-02 23:01:00,4913.00,4913.25,4913.00,4913.00,12
2024-01-02 23:02:00,4913.00,4913.25,4913.00,4913.00,60
2024-01-02 23:03:00,4912.75,4913.00,4912.75,4913.00,31
2024-01-02 23:04:00,4913.00,4913.00,4912.75,4913.00,21
2024-01-02 23:05:00,4913.00,4913.25,4912.75,4913.00,141
2024-01-02 23:06:00,4912.75,4913.25,4912.75,4913.00,170
2024-01-02 23:07:00,4913.00,4913.00,4912.75,4913.00,66
2024-01-02 23:08:00,4913.00,4913.25,4913.00,4913.25,30
2024-01-02 23:09:00,4913.25,4913.25,4913.00,4913.00,29
2024-01-02 23:10:00,4913.25,4913.25,4912.75,4913.25,204
2024-01-02 23:11:00,4913.00,4913.25,4913.00,4913.00,61
2024-01-02 23:12:00,4913.00,4913.25,4913.00,4913.25,70
2024-01-02 23:13:00,4913.25,4913.25,4913.00,4913.00,3
2024-01-02 23:14:00,4913.00,4913.25,4913.00,4913.25,4
2024-01-02 23:15:00,4913.25,4913.25,4912.75,4912.75,54
2024-01-02 23:16:00,4912.75,4913.00,4912.75,4913.00,3
2024-01-02 23:17:00,4912.75,4912.75,4912.75,4912.75,3
2024-01-02 23:18:00,4913.00,4913.00,4912.75,4913.00,11
2024-01-02 23:19:00,4912.75,4913.00,4912.75,4913.00,49
2024-01-02 23:20:00,4913.00,4913.00,4912.75,4913.00,3
2024-01-02 23:21:00,4912.75,4913.00,4912.75,4912.75,41
2024-01-02 23:22:00,4913.00,4913.00,4912.75,4913.00,187
2024-01-02 23:23:00,4913.00,4913.25,4913.00,4913.25,107
2024-01-02 23:24:00,4913.25,4913.25,4913.00,4913.25,11
2024-01-02 23:25:00,4913.25,4913.25,4913.00,4913.00,52
2024-01-02 23:26:00,4913.25,4913.25,4913.00,4913.00,7
2024-01-02 23:27:00,4913.25,4913.25,4913.00,4913.25,74
2024-01-02 23:28:00,4913.00,4913.25,4913.00,4913.00,8
2024-01-02 23:29:00,4913.25,4913.25,4912.75,4912.75,76
2024-01-02 23:30:00,4912.75,4913.00,4912.75,4912.75,8
2024-01-02 23:31:00,4913.00,4913.25,4913.00,4913.00,63
2024-01-02 23:32:00,4913.25,4913.25,4913.00,4913.25,4
2024-01-02 23:33:00,4913.00,4913.25,4912.75,4913.00,52
2024-01-02 23:34:00,4913.00,4913.00,4912.75,4912.75,169
2024-01-02 23:35:00,4912.75,4912.75,4912.25,4912.25,97
2024-01-02 23:36:00,4912.50,4912.50,4912.00,4912.25,149
2024-01-02 23:37:00,4912.25,4912.25,4912.00,4912.25,15
2024-01-02 23:38:00,4912.25,4912.25,4912.00,4912.25,94
2024-01-02 23:39:00,4912.25,4912.50,4912.25,4912.50,29
2024-01-02 23:40:00,4912.50,4912.50,4912.25,4912.25,108
2024-01-02 23:41:00,4912.00,4912.25,4912.00,4912.25,21
2024-01-02 23:42:00,4912.25,4912.25,4912.00,4912.25,11
2024-01-02 23:43:00,4912.25,4912.25,4912.00,4912.00,66
2024-01-02 23:44:00,4912.00,4912.50,4911.75,4912.50,167
2024-01-02 23:45:00,4912.25,4912.50,4912.00,4912.25,126
2024-01-02 23:46:00,4912.25,4912.25,4912.00,4912.00,61
2024-01-02 23:47:00,4912.00,4912.50,4912.00,4912.25,29
2024-01-02 23:48:00,4912.25,4912.25,4912.00,4912.25,78
2024-01-02 23:49:00,4912.00,4912.25,4912.00,4912.25,62
2024-01-02 23:50:00,4912.25,4912.25,4912.25,4912.25,19
2024-01-02 23:51:00,4912.25,4912.25,4911.75,4912.00,210
2024-01-02 23:52:00,4912.00,4912.00,4911.75,4912.00,120
2024-01-02 23:53:00,4912.00,4912.00,4911.75,4912.00,6
2024-01-02 23:54:00,4911.75,4912.00,4911.75,4912.00,18
2024-01-02 23:55:00,4911.75,4912.00,4911.75,4912.00,91
2024-01-02 23:56:00,4912.25,4912.25,4912.00,4912.25,9
2024-01-02 23:57:00,4912.00,4912.25,4911.75,4912.00,132
2024-01-02 23:58:00,4912.00,4912.00,4911.75,4912.00,7
2024-01-02 23:59:00,4912.00,4912.00,4911.75,4912.00,14
2024-01-03 00:00:00,4911.75,4911.75,4911.75,4911.75,29
2024-01-03 00:01:00,4911.50,4911.75,4911.50,4911.50,161
2024-01-03 00:02:00,4911.50,4911.50,4911.50,4911.50,4
2024-01-03 00:03:00,4911.75,4911.75,4911.00,4911.25,633
2024-01-03 00:04:00,4911.25,4911.50,4911.25,4911.25,156
2024-01-03 00:05:00,4911.25,4911.50,4911.25,4911.50,13
2024-01-03 00:06:00,4911.50,4911.50,4911.50,4911.50,114
2024-01-03 00:07:00,4911.50,4911.50,4911.25,4911.50,117
2024-01-03 00:08:00,4911.50,4911.50,4911.50,4911.50,5
2024-01-03 00:09:00,4911.50,4911.50,4911.25,4911.25,73
2024-01-03 00:10:00,4911.50,4911.75,4911.00,4911.75,113
2024-01-03 00:11:00,4911.50,4911.75,4911.25,4911.25,64
2024-01-03 00:12:00,4911.25,4911.25,4910.75,4911.00,147
2024-01-03 00:13:00,4911.00,4911.00,4911.00,4911.00,103
2024-01-03 00:14:00,4911.00,4911.25,4910.25,4911.25,344
2024-01-03 00:15:00,4911.25,4911.75,4911.00,4911.75,103
2024-01-03 00:16:00,4911.50,4911.75,4911.50,4911.75,77
2024-01-03 00:17:00,4911.75,4911.75,4911.50,4911.75,23
2024-01-03 00:18:00,4911.75,4912.25,4911.75,4912.00,38
2024-01-03 00:19:00,4912.00,4912.00,4911.50,4911.50,54
2024-01-03 00:20:00,4911.50,4911.50,4911.50,4911.50,54
2024-01-03 00:21:00,4911.25,4911.50,4911.25,4911.25,22
2024-01-03 00:22:00,4911.25,4911.25,4911.00,4911.00,4
2024-01-03 00:23:00,4911.00,4911.00,4910.75,4910.75,80
2024-01-03 00:24:00,4910.75,4910.75,4910.50,4910.75,99
2024-01-03 00:25:00,4910.75,4911.00,4910.75,4910.75,69
2024-01-03 00:26:00,4911.00,4911.00,4910.75,4911.00,26
2024-01-03 00:27:00,4911.25,4911.25,4911.00,4911.00,9
2024-01-03 00:28:00,4911.25,4911.25,4911.00,4911.00,6
2024-01-03 00:29:00,4911.00,4911.25,4911.00,4911.25,90
2024-01-03 00:30:00,4911.50,4912.00,4911.50,4911.75,154
2024-01-03 00:31:00,4911.75,4912.25,4911.75,4912.25,57
2024-01-03 00:32:00,4912.25,4912.50,4912.25,4912.25,142
2024-01-03 00:33:00,4912.25,4912.50,4912.25,4912.50,52
2024-01-03 00:34:00,4912.50,4912.50,4912.00,4912.25,49
2024-01-03 00:35:00,4912.25,4912.50,4912.25,4912.25,42
2024-01-03 00:36:00,4912.00,4912.25,4912.00,4912.00,50
2024-01-03 00:37:00,4912.00,4912.50,4912.00,4912.25,70
2024-01-03 00:38:00,4912.50,4912.50,4912.25,4912.25,29
2024-01-03 00:39:00,4912.25,4912.50,4912.00,4912.25,52
2024-01-03 00:40:00,4912.00,4912.25,4912.00,4912.00,50
2024-01-03 00:41:00,4912.00,4912.25,4911.75,4911.75,38
2024-01-03 00:42:00,4911.75,4911.75,4911.75,4911.75,40
2024-01-03 00:43:00,4911.75,4911.75,4911.50,4911.50,14
2024-01-03 00:44:00,4911.75,4911.75,4911.50,4911.50,14
2024-01-03 00:45:00,4911.75,4912.00,4911.50,4912.00,206
2024-01-03 00:46:00,4912.00,4912.00,4911.75,4911.75,79
2024-01-03 00:47:00,4912.00,4912.00,4911.75,4911.75,43
2024-01-03 00:48:00,4912.00,4912.50,4912.00,4912.25,65
2024-01-03 00:49:00,4912.25,4912.50,4912.25,4912.25,22
2024-01-03 00:50:00,4912.25,4912.25,4912.25,4912.25,29
2024-01-03 00:51:00,4912.00,4912.25,4912.00,4912.00,30
2024-01-03 00:52:00,4911.75,4912.00,4911.75,4912.00,24
2024-01-03 00:53:00,4912.00,4912.00,4911.75,4912.00,13
2024-01-03 00:54:00,4912.25,4912.25,4912.00,4912.25,37
2024-01-03 00:55:00,4912.25,4912.50,4912.00,4912.50,26
2024-01-03 00:56:00,4912.25,4912.25,4912.00,4912.25,68
2024-01-03 00:57:00,4912.25,4912.50,4912.25,4912.50,4
2024-01-03 00:58:00,4912.50,4912.50,4912.25,4912.25,5
2024-01-03 00:59:00,4912.50,4912.50,4912.25,4912.25,42
2024-01-03 01:00:00,4912.25,4912.50,4912.00,4912.25,184
2024-01-03 01:01:00,4912.25,4912.25,4912.25,4912.25,40
2024-01-03 01:02:00,4912.50,4912.50,4912.25,4912.25,33
2024-01-03 01:03:00,4912.25,4912.50,4912.25,4912.50,31
2024-01-03 01:04:00,4912.50,4912.75,4912.25,4912.25,142
2024-01-03 01:05:00,4912.50,4912.50,4912.50,4912.50,10
2024-01-03 01:06:00,4912.25,4912.25,4912.00,4912.00,48
2024-01-03 01:07:00,4912.00,4912.25,4912.00,4912.25,68
2024-01-03 01:08:00,4912.00,4912.25,4911.75,4912.00,87
2024-01-03 01:09:00,4912.00,4912.00,4911.50,4911.50,34
2024-01-03 01:10:00,4911.75,4911.75,4911.50,4911.75,83
2024-01-03 01:11:00,4911.75,4912.00,4911.75,4912.00,38
2024-01-03 01:12:00,4912.00,4912.00,4912.00,4912.00,57
2024-01-03 01:13:00,4912.25,4912.50,4912.00,4912.25,43
2024-01-03 01:14:00,4912.50,4912.75,4912.50,4912.75,116
2024-01-03 01:15:00,4912.75,4913.00,4912.75,4912.75,116
2024-01-03 01:16:00,4912.75,4913.00,4912.75,4913.00,25
2024-01-03 01:17:00,4912.75,4912.75,4912.50,4912.50,43
2024-01-03 01:18:00,4912.75,4913.00,4912.75,4913.00,42
2024-01-03 01:19:00,4913.00,4913.00,4912.75,4913.00,7
2024-01-03 01:20:00,4912.75,4913.00,4912.75,4913.00,47
2024-01-03 01:21:00,4913.00,4913.00,4912.75,4912.75,31
2024-01-03 01:22:00,4913.00,4913.25,4912.75,4913.25,32
2024-01-03 01:23:00,4913.00,4913.00,4913.00,4913.00,97
2024-01-03 01:24:00,4913.00,4913.25,4913.00,4913.25,5
2024-01-03 01:25:00,4913.25,4913.25,4913.00,4913.25,100
2024-01-03 01:26:00,4913.25,4913.75,4913.00,4913.50,279
2024-01-03 01:27:00,4913.50,4913.75,4913.50,4913.50,58
2024-01-03 01:28:00,4913.50,4914.00,4913.50,4913.75,87
2024-01-03 01:29:00,4913.75,4914.00,4913.75,4914.00,229
2024-01-03 01:30:00,4914.00,4914.00,4913.75,4913.75,63
2024-01-03 01:31:00,4913.75,4913.75,4913.50,4913.50,152
2024-01-03 01:32:00,4913.50,4913.50,4913.25,4913.50,53
2024-01-03 01:33:00,4913.50,4913.50,4913.25,4913.50,74
2024-01-03 01:34:00,4913.25,4913.25,4913.25,4913.25,18
2024-01-03 01:35:00,4913.25,4913.50,4913.25,4913.25,30
2024-01-03 01:36:00,4913.25,4913.25,4913.00,4913.00,52
2024-01-03 01:37:00,4913.00,4913.00,4913.00,4913.00,5
2024-01-03 01:38:00,4913.00,4913.50,4913.00,4913.50,77
2024-01-03 01:39:00,4913.50,4913.75,4913.25,4913.50,86
2024-01-03 01:40:00,4913.50,4913.50,4913.50,4913.50,24
2024-01-03 01:41:00,4913.75,4913.75,4913.75,4913.75,24
2024-01-03 01:42:00,4914.00,4914.00,4913.75,4913.75,43
2024-01-03 01:43:00,4913.75,4914.00,4913.75,4914.00,22
2024-01-03 01:44:00,4914.00,4914.25,4914.00,4914.00,40
2024-01-03 01:45:00,4914.00,4914.25,4913.75,4914.25,121
2024-01-03 01:46:00,4914.00,4914.00,4913.75,4913.75,110
2024-01-03 01:47:00,4913.75,4913.75,4913.50,4913.50,93
2024-01-03 01:48:00,4913.50,4913.50,4913.50,4913.50,30
2024-01-03 01:49:00,4913.75,4914.00,4913.50,4914.00,32
2024-01-03 01:50:00,4914.00,4914.00,4913.75,4914.00,73
2024-01-03 01:51:00,4914.00,4914.00,4913.50,4913.75,50
2024-01-03 01:52:00,4913.75,4913.75,4913.75,4913.75,38
2024-01-03 01:53:00,4913.75,4913.75,4913.25,4913.50,41
2024-01-03 01:54:00,4913.50,4913.50,4913.25,4913.50,26
2024-01-03 01:55:00,4913.25,4913.50,4913.25,4913.25,14
2024-01-03 01:56:00,4913.25,4913.25,4913.00,4913.00,54
2024-01-03 01:57:00,4913.25,4913.50,4913.00,4913.25,74
2024-01-03 01:58:00,4913.25,4913.25,4913.00,4913.00,108
2024-01-03 01:59:00,4913.25,4913.25,4913.00,4913.00,28
2024-01-03 02:00:00,4913.00,4913.25,4913.00,4913.25,151
2024-01-03 02:01:00,4913.25,4913.50,4912.75,4912.75,95
2024-01-03 02:02:00,4912.75,4913.00,4912.75,4913.00,57
2024-01-03 02:03:00,4912.75,4912.75,4912.50,4912.75,64
2024-01-03 02:04:00,4912.75,4912.75,4912.25,4912.25,79
2024-01-03 02:05:00,4912.50,4912.75,4912.50,4912.50,69
2024-01-03 02:06:00,4912.25,4912.25,4911.50,4912.00,228
2024-01-03 02:07:00,4912.00,4912.25,4912.00,4912.25,61
2024-01-03 02:08:00,4912.50,4912.75,4912.50,4912.50,131
2024-01-03 02:09:00,4912.50,4913.00,4912.50,4912.75,107
2024-01-03 02:10:00,4913.00,4913.00,4913.00,4913.00,37
2024-01-03 02:11:00,4913.00,4913.25,4913.00,4913.00,57
2024-01-03 02:12:00,4913.00,4913.00,4912.25,4912.75,121
2024-01-03 02:13:00,4912.75,4912.75,4912.75,4912.75,71
2024-01-03 02:14:00,4912.75,4913.00,4912.25,4912.25,83
2024-01-03 02:15:00,4912.25,4912.50,4912.25,4912.25,53
2024-01-03 02:16:00,4912.00,4912.50,4911.75,4912.00,113
2024-01-03 02:17:00,4912.00,4912.00,4911.75,4912.00,79
2024-01-03 02:18:00,4912.00,4912.50,4912.00,4912.50,69
2024-01-03 02:19:00,4912.25,4912.25,4911.50,4911.75,147
2024-01-03 02:20:00,4911.75,4912.50,4911.75,4912.50,86
2024-01-03 02:21:00,4912.25,4912.50,4912.25,4912.50,103
2024-01-03 02:22:00,4912.75,4913.00,4912.50,4912.75,167
2024-01-03 02:23:00,4912.75,4913.25,4912.75,4913.25,46
2024-01-03 02:24:00,4913.25,4913.75,4913.25,4913.75,185
2024-01-03 02:25:00,4913.75,4913.75,4913.50,4913.75,31
2024-01-03 02:26:00,4913.75,4913.75,4913.50,4913.50,108
2024-01-03 02:27:00,4913.50,4913.50,4913.25,4913.25,61
2024-01-03 02:28:00,4913.25,4913.50,4913.25,4913.50,80
2024-01-03 02:29:00,4913.50,4913.75,4913.50,4913.75,24
2024-01-03 02:30:00,4913.75,4914.00,4913.25,4913.25,107
2024-01-03 02:31:00,4913.00,4913.25,4912.75,4912.75,66
2024-01-03 02:32:00,4913.00,4913.25,4912.50,4912.75,89
2024-01-03 02:33:00,4912.75,4912.75,4912.75,4912.75,67
2024-01-03 02:34:00,4913.00,4913.75,4913.00,4913.75,146
2024-01-03 02:35:00,4913.50,4913.75,4913.50,4913.50,83
2024-01-03 02:36:00,4913.75,4914.00,4913.50,4913.75,122
2024-01-03 02:37:00,4913.75,4914.00,4913.75,4913.75,53
2024-01-03 02:38:00,4913.75,4913.75,4913.25,4913.25,105
2024-01-03 02:39:00,4913.50,4913.75,4913.50,4913.50,339
2024-01-03 02:40:00,4913.50,4913.75,4913.50,4913.75,69
2024-01-03 02:41:00,4913.50,4913.75,4913.25,4913.50,187
2024-01-03 02:42:00,4913.75,4914.00,4913.50,4913.75,133
2024-01-03 02:43:00,4913.75,4914.00,4913.50,4913.75,102
2024-01-03 02:44:00,4913.50,4913.75,4913.25,4913.75,165
2024-01-03 02:45:00,4913.75,4914.00,4913.50,4913.75,95
2024-01-03 02:46:00,4913.75,4914.00,4913.75,4913.75,62
2024-01-03 02:47:00,4914.00,4914.00,4913.75,4914.00,144
2024-01-03 02:48:00,4914.00,4914.25,4914.00,4914.00,115
2024-01-03 02:49:00,4914.00,4914.25,4913.75,4914.00,86
2024-01-03 02:50:00,4913.75,4913.75,4913.75,4913.75,40
2024-01-03 02:51:00,4913.75,4914.00,4913.75,4913.75,64
2024-01-03 02:52:00,4914.00,4914.00,4913.50,4913.75,61
2024-01-03 02:53:00,4914.00,4914.00,4914.00,4914.00,15
2024-01-03 02:54:00,4914.00,4914.25,4914.00,4914.00,23
2024-01-03 02:55:00,4914.00,4914.25,4913.75,4914.25,47
2024-01-03 02:56:00,4914.25,4914.50,4914.00,4914.50,178
2024-01-03 02:57:00,4914.50,4914.50,4914.25,4914.25,143
2024-01-03 02:58:00,4914.25,4914.50,4914.25,4914.50,339
2024-01-03 02:59:00,4914.50,4914.50,4913.50,4913.75,322
2024-01-03 03:00:00,4913.75,4914.75,4913.75,4914.50,863
2024-01-03 03:01:00,4914.25,4914.75,4913.50,4913.50,758
2024-01-03 03:02:00,4913.75,4914.00,4912.25,4913.00,596
2024-01-03 03:03:00,4913.00,4913.75,4912.75,4913.50,383
2024-01-03 03:04:00,4913.25,4914.00,4912.75,4913.00,245
2024-01-03 03:05:00,4913.00,4913.50,4912.75,4913.50,189
2024-01-03 03:06:00,4913.75,4913.75,4913.50,4913.75,180
2024-01-03 03:07:00,4913.50,4914.00,4913.50,4913.50,287
2024-01-03 03:08:00,4913.75,4915.00,4913.75,4914.50,639
2024-01-03 03:09:00,4914.50,4915.25,4914.25,4915.00,266
2024-01-03 03:10:00,4915.00,4915.00,4914.25,4914.75,188
2024-01-03 03:11:00,4914.75,4916.00,4914.75,4915.75,499
2024-01-03 03:12:00,4915.50,4916.50,4915.50,4916.00,214
2024-01-03 03:13:00,4916.00,4916.25,4915.50,4915.50,262
2024-01-03 03:14:00,4915.50,4915.50,4915.00,4915.00,269
2024-01-03 03:15:00,4915.00,4915.50,4915.00,4915.25,223
2024-01-03 03:16:00,4915.25,4915.75,4915.00,4915.25,347
2024-01-03 03:17:00,4915.25,4916.00,4915.25,4916.00,192
2024-01-03 03:18:00,4915.75,4916.50,4915.75,4916.00,246
2024-01-03 03:19:00,4916.25,4916.50,4916.25,4916.50,255
2024-01-03 03:20:00,4916.50,4917.50,4916.50,4917.25,314
2024-01-03 03:21:00,4917.00,4917.00,4915.75,4916.00,450
2024-01-03 03:22:00,4916.00,4916.25,4915.75,4916.25,188
2024-01-03 03:23:00,4916.25,4916.25,4915.75,4915.75,221
2024-01-03 03:24:00,4915.75,4915.75,4915.25,4915.25,149
2024-01-03 03:25:00,4915.50,4916.00,4915.50,4915.50,247
2024-01-03 03:26:00,4915.75,4916.00,4914.50,4914.50,287
2024-01-03 03:27:00,4914.50,4914.50,4913.00,4913.00,322
2024-01-03 03:28:00,4913.00,4913.25,4912.25,4912.50,442
2024-01-03 03:29:00,4912.25,4913.00,4911.75,4913.00,542
2024-01-03 03:30:00,4912.75,4913.50,4912.50,4913.25,344
2024-01-03 03:31:00,4913.25,4914.50,4913.00,4914.50,336
2024-01-03 03:32:00,4914.75,4915.50,4914.75,4914.75,459
2024-01-03 03:33:00,4914.75,4914.75,4913.50,4914.25,491
2024-01-03 03:34:00,4914.00,4914.75,4913.50,4913.75,321
2024-01-03 03:35:00,4913.75,4914.75,4913.75,4914.50,195
2024-01-03 03:36:00,4914.50,4915.25,4914.25,4914.75,223
2024-01-03 03:37:00,4914.75,4915.00,4914.75,4915.00,73
2024-01-03 03:38:00,4914.75,4914.75,4914.00,4914.50,203
2024-01-03 03:39:00,4914.25,4914.50,4914.25,4914.25,123
2024-01-03 03:40:00,4914.25,4915.00,4913.75,4914.50,155
2024-01-03 03:41:00,4914.50,4914.50,4913.00,4913.00,237
2024-01-03 03:42:00,4913.00,4914.00,4913.00,4913.75,331
2024-01-03 03:43:00,4913.50,4913.50,4912.50,4912.75,312
2024-01-03 03:44:00,4913.00,4913.25,4912.25,4913.00,322
2024-01-03 03:45:00,4913.25,4914.00,4912.50,4913.00,301
2024-01-03 03:46:00,4913.00,4913.50,4912.75,4913.50,160
2024-01-03 03:47:00,4913.25,4913.75,4913.00,4913.25,247
2024-01-03 03:48:00,4913.25,4914.00,4913.25,4914.00,216
2024-01-03 03:49:00,4914.00,4914.00,4912.25,4912.50,322
2024-01-03 03:50:00,4912.50,4912.75,4911.50,4911.75,492
2024-01-03 03:51:00,4911.50,4911.75,4911.00,4911.25,408
2024-01-03 03:52:00,4911.25,4911.25,4910.50,4911.25,341
2024-01-03 03:53:00,4911.25,4912.00,4911.00,4911.25,373
2024-01-03 03:54:00,4911.25,4911.25,4910.25,4910.25,386
2024-01-03 03:55:00,4910.25,4911.00,4910.25,4910.50,442
2024-01-03 03:56:00,4910.25,4910.50,4910.00,4910.50,340
2024-01-03 03:57:00,4910.50,4910.50,4910.00,4910.00,230
2024-01-03 03:58:00,4910.25,4911.00,4910.00,4910.50,305
2024-01-03 03:59:00,4910.25,4910.50,4910.00,4910.00,415
2024-01-03 04:00:00,4910.25,4910.75,4910.00,4910.00,477
2024-01-03 04:01:00,4910.00,4910.75,4910.00,4910.25,349
2024-01-03 04:02:00,4910.25,4911.50,4910.25,4910.25,419
2024-01-03 04:03:00,4910.00,4910.50,4910.00,4910.25,385
2024-01-03 04:04:00,4910.00,4910.25,4909.00,4909.00,399
2024-01-03 04:05:00,4909.00,4909.50,4908.50,4908.75,669
2024-01-03 04:06:00,4908.50,4908.75,4908.00,4908.00,703
2024-01-03 04:07:00,4908.25,4908.25,4907.50,4907.75,1084
2024-01-03 04:08:00,4907.75,4907.75,4906.75,4907.00,606
2024-01-03 04:09:00,4907.00,4907.25,4906.75,4907.25,970
2024-01-03 04:10:00,4907.50,4908.00,4907.00,4907.75,381
2024-01-03 04:11:00,4908.00,4908.50,4907.75,4908.00,347
2024-01-03 04:12:00,4908.25,4908.25,4907.75,4908.00,276
2024-01-03 04:13:00,4908.00,4908.25,4907.00,4907.25,519
2024-01-03 04:14:00,4907.25,4907.75,4906.75,4907.00,390
2024-01-03 04:15:00,4907.00,4907.25,4906.50,4906.75,475
2024-01-03 04:16:00,4906.75,4907.75,4906.75,4907.50,517
2024-01-03 04:17:00,4907.50,4907.75,4906.75,4906.75,297
2024-01-03 04:18:00,4906.75,4907.00,4905.75,4906.50,535
2024-01-03 04:19:00,4906.75,4907.25,4906.50,4907.25,306
2024-01-03 04:20:00,4907.25,4907.50,4906.75,4907.25,333
2024-01-03 04:21:00,4907.25,4908.25,4907.25,4908.00,228
2024-01-03 04:22:00,4908.00,4908.25,4907.25,4907.50,395
2024-01-03 04:23:00,4907.50,4908.25,4907.25,4908.25,182
2024-01-03 04:24:00,4908.50,4908.50,4907.50,4908.25,277
2024-01-03 04:25:00,4908.25,4908.50,4908.25,4908.25,190
2024-01-03 04:26:00,4908.50,4908.75,4908.00,4908.25,136
2024-01-03 04:27:00,4908.00,4908.25,4907.75,4907.75,253
2024-01-03 04:28:00,4907.75,4907.75,4907.25,4907.75,180
2024-01-03 04:29:00,4907.75,4908.00,4907.75,4908.00,147
2024-01-03 04:30:00,4908.00,4908.25,4907.50,4907.50,269
2024-01-03 04:31:00,4907.50,4907.75,4906.75,4907.75,209
2024-01-03 04:32:00,4907.75,4908.00,4907.00,4907.00,187
2024-01-03 04:33:00,4907.25,4907.25,4906.75,4907.25,191
2024-01-03 04:34:00,4907.50,4907.50,4907.25,4907.50,91
2024-01-03 04:35:00,4907.25,4908.25,4907.25,4908.25,144
2024-01-03 04:36:00,4908.25,4908.50,4907.75,4907.75,338
2024-01-03 04:37:00,4907.75,4908.25,4907.50,4907.75,232
2024-01-03 04:38:00,4907.75,4908.50,4907.50,4908.25,146
2024-01-03 04:39:00,4908.25,4908.50,4908.00,4908.00,187
2024-01-03 04:40:00,4907.75,4907.75,4906.75,4906.75,415
2024-01-03 04:41:00,4906.75,4907.00,4906.25,4906.50,295
2024-01-03 04:42:00,4906.25,4906.50,4905.25,4905.50,562
2024-01-03 04:43:00,4905.75,4906.25,4905.50,4906.00,306
2024-01-03 04:44:00,4906.00,4907.00,4905.75,4905.75,387
2024-01-03 04:45:00,4905.50,4906.00,4905.25,4905.75,675
2024-01-03 04:46:00,4905.75,4905.75,4905.00,4905.25,298
2024-01-03 04:47:00,4905.25,4905.75,4905.25,4905.25,167
2024-01-03 04:48:00,4905.25,4905.25,4904.50,4904.75,334
2024-01-03 04:49:00,4904.50,4904.50,4904.00,4904.50,497
2024-01-03 04:50:00,4904.50,4905.00,4904.00,4904.75,445
2024-01-03 04:51:00,4904.50,4905.00,4904.50,4904.75,286
2024-01-03 04:52:00,4904.50,4904.50,4904.00,4904.25,446
2024-01-03 04:53:00,4904.00,4905.00,4904.00,4904.25,224
2024-01-03 04:54:00,4904.50,4905.25,4904.50,4905.00,475
2024-01-03 04:55:00,4905.00,4905.25,4904.50,4904.75,322
2024-01-03 04:56:00,4904.75,4905.25,4904.25,4904.25,171
2024-01-03 04:57:00,4904.25,4904.75,4904.25,4904.50,169
2024-01-03 04:58:00,4904.50,4905.25,4904.50,4904.75,192
2024-01-03 04:59:00,4904.75,4905.00,4904.00,4904.00,281
2024-01-03 05:00:00,4904.25,4904.25,4903.00,4903.50,764
2024-01-03 05:01:00,4903.50,4903.75,4903.00,4903.50,187
2024-01-03 05:02:00,4903.50,4904.50,4903.25,4904.25,389
2024-01-03 05:03:00,4904.25,4904.75,4904.00,4904.50,284
2024-01-03 05:04:00,4904.50,4904.75,4904.25,4904.75,145
2024-01-03 05:05:00,4904.75,4905.75,4904.75,4905.75,308
2024-01-03 05:06:00,4905.75,4905.75,4905.00,4905.25,248
2024-01-03 05:07:00,4905.00,4905.25,4904.50,4904.75,279
2024-01-03 05:08:00,4904.50,4904.50,4904.00,4904.00,176
2024-01-03 05:09:00,4904.25,4904.25,4903.75,4904.25,227
2024-01-03 05:10:00,4904.00,4904.25,4903.75,4904.25,262
2024-01-03 05:11:00,4904.00,4905.75,4904.00,4905.25,339
2024-01-03 05:12:00,4905.25,4906.00,4905.25,4905.50,222
2024-01-03 05:13:00,4905.75,4906.50,4905.25,4905.25,295
2024-01-03 05:14:00,4905.00,4906.00,4905.00,4905.75,306
2024-01-03 05:15:00,4905.75,4906.00,4905.25,4905.50,113
2024-01-03 05:16:00,4905.50,4905.50,4904.75,4904.75,268
2024-01-03 05:17:00,4904.75,4905.25,4904.75,4904.75,155
2024-01-03 05:18:00,4904.75,4905.00,4904.00,4904.25,210
2024-01-03 05:19:00,4904.50,4904.50,4904.25,4904.25,97
2024-01-03 05:20:00,4904.50,4905.25,4904.50,4905.00,139
2024-01-03 05:21:00,4905.00,4905.00,4904.50,4904.50,262
2024-01-03 05:22:00,4904.75,4905.00,4904.75,4904.75,105
2024-01-03 05:23:00,4905.00,4905.00,4903.75,4903.75,238
2024-01-03 05:24:00,4904.00,4904.00,4903.75,4904.00,71
2024-01-03 05:25:00,4904.00,4904.00,4903.00,4903.25,566
2024-01-03 05:26:00,4903.25,4904.25,4903.25,4904.00,285
2024-01-03 05:27:00,4904.00,4904.50,4903.75,4904.50,189
2024-01-03 05:28:00,4904.50,4904.50,4904.00,4904.50,201
2024-01-03 05:29:00,4904.25,4904.25,4904.00,4904.00,52
2024-01-03 05:30:00,4904.00,4904.75,4903.50,4904.75,332
2024-01-03 05:31:00,4904.75,4906.00,4904.50,4905.75,201
2024-01-03 05:32:00,4905.75,4906.00,4905.00,4906.00,140
2024-01-03 05:33:00,4905.75,4906.25,4905.50,4906.00,138
2024-01-03 05:34:00,4906.00,4907.50,4906.00,4907.50,300
2024-01-03 05:35:00,4907.25,4907.50,4907.00,4907.25,219
2024-01-03 05:36:00,4907.00,4907.00,4905.75,4905.75,304
2024-01-03 05:37:00,4905.75,4906.25,4905.25,4905.50,289
2024-01-03 05:38:00,4905.50,4906.00,4905.00,4905.75,202
2024-01-03 05:39:00,4905.75,4906.25,4905.50,4906.25,165
2024-01-03 05:40:00,4906.25,4907.50,4906.25,4907.25,246
2024-01-03 05:41:00,4907.00,4908.00,4907.00,4907.50,397
2024-01-03 05:42:00,4907.50,4907.50,4907.00,4907.50,261
2024-01-03 05:43:00,4907.50,4908.00,4907.50,4907.75,530
2024-01-03 05:44:00,4907.75,4908.50,4907.50,4907.75,377
2024-01-03 05:45:00,4907.75,4907.75,4907.25,4907.75,252
2024-01-03 05:46:00,4907.75,4907.75,4906.75,4907.00,173
2024-01-03 05:47:00,4907.00,4907.50,4906.75,4907.00,112
2024-01-03 05:48:00,4906.75,4906.75,4906.25,4906.75,157
2024-01-03 05:49:00,4906.75,4907.00,4906.00,4906.00,109
2024-01-03 05:50:00,4906.25,4906.75,4906.00,4906.75,135
2024-01-03 05:51:00,4907.00,4907.50,4906.75,4907.25,144
2024-01-03 05:52:00,4907.25,4907.50,4907.00,4907.25,191
2024-01-03 05:53:00,4907.50,4907.50,4907.00,4907.25,66
2024-01-03 05:54:00,4907.25,4907.50,4906.75,4907.00,162
2024-01-03 05:55:00,4907.00,4907.00,4905.75,4905.75,296
2024-01-03 05:56:00,4906.00,4906.00,4904.75,4904.75,319
2024-01-03 05:57:00,4905.00,4905.50,4905.00,4905.25,151
2024-01-03 05:58:00,4905.25,4905.75,4905.25,4905.50,168
2024-01-03 05:59:00,4905.50,4905.50,4905.00,4905.00,93
2024-01-03 06:00:00,4905.25,4905.75,4905.00,4905.50,231
2024-01-03 06:01:00,4905.75,4906.25,4905.75,4906.25,196
2024-01-03 06:02:00,4906.25,4906.25,4905.00,4905.00,254
2024-01-03 06:03:00,4905.00,4905.75,4905.00,4905.50,107
2024-01-03 06:04:00,4905.50,4905.50,4905.00,4905.00,117
2024-01-03 06:05:00,4904.75,4905.50,4904.50,4905.50,89
2024-01-03 06:06:00,4905.25,4906.00,4905.25,4905.25,137
2024-01-03 06:07:00,4905.25,4905.50,4905.00,4905.50,155
2024-01-03 06:08:00,4905.50,4905.50,4905.25,4905.50,127
2024-01-03 06:09:00,4905.50,4906.00,4905.50,4906.00,104
2024-01-03 06:10:00,4906.00,4906.50,4906.00,4906.25,103
2024-01-03 06:11:00,4906.25,4906.25,4905.00,4905.25,177
2024-01-03 06:12:00,4905.25,4905.50,4904.75,4905.00,103
2024-01-03 06:13:00,4905.00,4905.00,4904.50,4905.00,118
2024-01-03 06:14:00,4905.00,4905.00,4904.75,4904.75,63
2024-01-03 06:15:00,4904.75,4905.00,4904.75,4904.75,74
2024-01-03 06:16:00,4904.75,4904.75,4904.25,4904.50,155
2024-01-03 06:17:00,4904.50,4905.00,4904.50,4904.75,128
2024-01-03 06:18:00,4904.75,4904.75,4904.00,4904.25,111
2024-01-03 06:19:00,4904.25,4904.50,4904.25,4904.25,50
2024-01-03 06:20:00,4904.50,4904.75,4904.25,4904.50,119
2024-01-03 06:21:00,4904.50,4904.50,4904.00,4904.25,95
2024-01-03 06:22:00,4904.00,4904.00,4903.25,4903.50,225
2024-01-03 06:23:00,4903.50,4903.50,4903.25,4903.25,125
2024-01-03 06:24:00,4903.25,4903.50,4903.25,4903.25,106
2024-01-03 06:25:00,4903.00,4903.00,4902.50,4902.50,426
2024-01-03 06:26:00,4902.50,4903.25,4902.00,4902.25,349
2024-01-03 06:27:00,4902.25,4902.25,4902.00,4902.00,147
2024-01-03 06:28:00,4902.00,4902.00,4901.25,4901.50,388
2024-01-03 06:29:00,4901.50,4901.75,4901.25,4901.50,156
2024-01-03 06:30:00,4901.75,4901.75,4900.75,4900.75,272
2024-01-03 06:31:00,4901.00,4901.50,4900.50,4901.50,305
2024-01-03 06:32:00,4901.25,4901.50,4901.00,4901.50,183
2024-01-03 06:33:00,4901.50,4901.75,4900.75,4901.00,226
2024-01-03 06:34:00,4901.00,4901.50,4901.00,4901.00,121
2024-01-03 06:35:00,4900.75,4901.25,4900.25,4900.75,444
2024-01-03 06:36:00,4900.75,4901.00,4900.25,4900.25,309
2024-01-03 06:37:00,4900.25,4901.00,4900.00,4900.75,448
2024-01-03 06:38:00,4901.00,4901.00,4900.25,4900.25,131
2024-01-03 06:39:00,4900.50,4901.00,4900.50,4900.75,211
2024-01-03 06:40:00,4900.75,4901.00,4900.00,4900.25,372
2024-01-03 06:41:00,4900.25,4900.75,4900.00,4900.00,434
2024-01-03 06:42:00,4900.00,4901.25,4900.00,4901.25,627
2024-01-03 06:43:00,4901.25,4901.50,4900.75,4901.25,222
2024-01-03 06:44:00,4901.25,4901.25,4900.50,4901.00,345
2024-01-03 06:45:00,4901.00,4902.00,4900.75,4901.75,399
2024-01-03 06:46:00,4901.75,4902.25,4901.50,4901.75,349
2024-01-03 06:47:00,4902.00,4902.00,4901.50,4901.50,204
2024-01-03 06:48:00,4901.25,4901.50,4901.00,4901.00,111
2024-01-03 06:49:00,4901.00,4901.50,4901.00,4901.50,152
2024-01-03 06:50:00,4901.50,4901.50,4900.75,4901.00,97
2024-01-03 06:51:00,4901.00,4901.25,4900.75,4901.25,209
2024-01-03 06:52:00,4901.00,4901.00,4900.50,4900.75,252
2024-01-03 06:53:00,4901.00,4901.00,4900.50,4900.50,802
2024-01-03 06:54:00,4900.50,4900.50,4899.75,4900.50,270
2024-01-03 06:55:00,4900.25,4900.25,4899.50,4899.50,250
2024-01-03 06:56:00,4899.75,4900.50,4899.50,4900.50,918
2024-01-03 06:57:00,4900.75,4900.75,4899.75,4900.00,235
2024-01-03 06:58:00,4900.00,4901.75,4900.00,4901.50,562
2024-01-03 06:59:00,4901.50,4901.50,4901.00,4901.25,216
2024-01-03 07:00:00,4901.50,4901.50,4900.75,4901.00,504
2024-01-03 07:01:00,4901.00,4901.00,4900.50,4901.00,422
2024-01-03 07:02:00,4901.25,4901.25,4900.25,4900.50,375
2024-01-03 07:03:00,4900.50,4900.50,4899.50,4900.00,292
2024-01-03 07:04:00,4899.75,4900.00,4899.25,4899.25,332
2024-01-03 07:05:00,4899.25,4899.75,4898.75,4899.00,355
2024-01-03 07:06:00,4899.25,4899.25,4898.25,4898.50,822
2024-01-03 07:07:00,4898.25,4898.75,4898.00,4898.75,489
2024-01-03 07:08:00,4898.75,4899.50,4898.50,4899.00,343
2024-01-03 07:09:00,4899.25,4899.50,4899.00,4899.00,211
2024-01-03 07:10:00,4899.25,4899.25,4898.50,4898.50,516
2024-01-03 07:11:00,4898.25,4898.75,4898.25,4898.50,271
2024-01-03 07:12:00,4898.50,4898.75,4898.25,4898.25,365
2024-01-03 07:13:00,4898.25,4898.25,4898.00,4898.00,321
2024-01-03 07:14:00,4897.75,4898.50,4897.75,4898.00,257
2024-01-03 07:15:00,4898.00,4898.75,4898.00,4898.75,272
2024-01-03 07:16:00,4898.75,4900.00,4898.75,4899.75,554
2024-01-03 07:17:00,4899.75,4899.75,4898.75,4899.00,533
2024-01-03 07:18:00,4899.00,4899.25,4898.25,4898.50,429
2024-01-03 07:19:00,4898.75,4899.00,4898.00,4898.00,138
2024-01-03 07:20:00,4898.00,4898.50,4898.00,4898.25,294
2024-01-03 07:21:00,4898.50,4898.75,4897.25,4898.50,1200
2024-01-03 07:22:00,4898.50,4898.75,4897.25,4897.50,736
2024-01-03 07:23:00,4897.50,4897.50,4896.50,4896.50,1125
2024-01-03 07:24:00,4896.75,4897.00,4896.50,4896.50,472
2024-01-03 07:25:00,4896.50,4896.75,4896.25,4896.25,927
2024-01-03 07:26:00,4896.25,4896.50,4896.00,4896.25,496
2024-01-03 07:27:00,4896.00,4896.50,4896.00,4896.25,295
2024-01-03 07:28:00,4896.25,4897.00,4896.00,4896.75,579
2024-01-03 07:29:00,4896.75,4897.50,4896.75,4896.75,351
2024-01-03 07:30:00,4896.75,4897.00,4895.75,4896.00,479
2024-01-03 07:31:00,4895.75,4897.00,4895.75,4897.00,475
2024-01-03 07:32:00,4896.75,4897.25,4896.50,4897.25,468
2024-01-03 07:33:00,4897.00,4897.25,4896.50,4896.75,672
2024-01-03 07:34:00,4896.75,4897.00,4896.25,4896.25,255
2024-01-03 07:35:00,4896.25,4896.50,4895.50,4896.00,590
2024-01-03 07:36:00,4895.75,4896.50,4895.50,4895.75,327
2024-01-03 07:37:00,4895.50,4896.00,4895.50,4895.50,1049
2024-01-03 07:38:00,4895.75,4895.75,4894.75,4895.00,741
2024-01-03 07:39:00,4895.00,4895.25,4894.50,4895.00,414
2024-01-03 07:40:00,4895.25,4896.00,4895.25,4896.00,470
2024-01-03 07:41:00,4896.00,4896.50,4895.50,4896.00,420
2024-01-03 07:42:00,4895.75,4896.00,4895.25,4895.75,610
2024-01-03 07:43:00,4895.50,4895.75,4894.50,4894.75,436
2024-01-03 07:44:00,4894.75,4895.50,4894.50,4895.00,355
2024-01-03 07:45:00,4895.25,4895.50,4894.75,4895.25,474
2024-01-03 07:46:00,4895.25,4896.50,4895.25,4896.25,442
2024-01-03 07:47:00,4896.00,4896.50,4895.75,4895.75,341
2024-01-03 07:48:00,4895.75,4896.25,4895.75,4896.25,124
2024-01-03 07:49:00,4896.00,4896.50,4896.00,4896.25,522
2024-01-03 07:50:00,4896.00,4897.00,4895.50,4896.75,516
2024-01-03 07:51:00,4896.75,4897.75,4896.75,4897.75,814
2024-01-03 07:52:00,4897.75,4898.00,4897.00,4898.00,655
2024-01-03 07:53:00,4898.00,4898.50,4897.25,4897.75,720
2024-01-03 07:54:00,4897.50,4897.50,4896.50,4896.75,535
2024-01-03 07:55:00,4896.50,4896.50,4895.50,4895.75,1001
2024-01-03 07:56:00,4895.75,4896.25,4895.00,4895.00,561
2024-01-03 07:57:00,4895.25,4895.50,4894.75,4895.50,758
2024-01-03 07:58:00,4895.50,4895.50,4895.00,4895.25,452
2024-01-03 07:59:00,4895.25,4896.00,4895.25,4895.50,309
2024-01-03 08:00:00,4895.50,4895.75,4894.25,4894.25,831
2024-01-03 08:01:00,4894.50,4894.75,4894.00,4894.25,558
2024-01-03 08:02:00,4894.25,4895.50,4894.00,4895.25,450
2024-01-03 08:03:00,4895.25,4896.25,4894.75,4896.25,895
2024-01-03 08:04:00,4896.00,4896.25,4895.50,4895.50,715
2024-01-03 08:05:00,4895.25,4895.75,4895.00,4895.00,487
2024-01-03 08:06:00,4895.00,4895.75,4895.00,4895.50,603
2024-01-03 08:07:00,4895.25,4896.25,4895.00,4896.00,499
2024-01-03 08:08:00,4896.25,4896.25,4895.25,4895.75,364
2024-01-03 08:09:00,4895.50,4896.00,4895.50,4896.00,154
2024-01-03 08:10:00,4895.75,4896.50,4895.50,4896.50,549
2024-01-03 08:11:00,4896.25,4897.00,4895.75,4896.75,643
2024-01-03 08:12:00,4896.75,4896.75,4895.75,4896.00,496
2024-01-03 08:13:00,4896.00,4896.25,4895.75,4896.25,244
2024-01-03 08:14:00,4896.25,4897.00,4896.25,4896.75,378
2024-01-03 08:15:00,4896.75,4897.25,4896.00,4896.50,664
2024-01-03 08:16:00,4896.50,4897.75,4896.25,4897.75,684
2024-01-03 08:17:00,4897.50,4899.00,4897.50,4899.00,997
2024-01-03 08:18:00,4898.75,4899.50,4898.25,4899.50,1230
2024-01-03 08:19:00,4899.25,4899.50,4899.00,4899.50,642
2024-01-03 08:20:00,4899.50,4899.75,4899.00,4899.75,994
2024-01-03 08:21:00,4899.75,4900.00,4899.00,4899.00,662
2024-01-03 08:22:00,4899.00,4899.00,4898.00,4898.75,1222
2024-01-03 08:23:00,4898.50,4898.75,4898.00,4898.00,535
2024-01-03 08:24:00,4898.25,4898.75,4898.25,4898.50,437
2024-01-03 08:25:00,4898.25,4899.75,4898.25,4899.50,589
2024-01-03 08:26:00,4899.50,4900.25,4899.25,4900.00,531
2024-01-03 08:27:00,4900.25,4900.25,4899.75,4900.00,467
2024-01-03 08:28:00,4900.25,4900.25,4899.50,4899.50,715
2024-01-03 08:29:00,4899.75,4899.75,4899.00,4899.50,854
2024-01-03 08:30:00,4899.25,4899.50,4898.00,4898.75,1191
2024-01-03 08:31:00,4898.75,4899.25,4898.25,4898.25,591
2024-01-03 08:32:00,4898.25,4899.00,4898.00,4898.25,521
2024-01-03 08:33:00,4898.25,4898.50,4897.25,4898.50,774
2024-01-03 08:34:00,4898.50,4899.25,4898.50,4899.00,865
2024-01-03 08:35:00,4899.00,4899.75,4898.75,4899.50,475
2024-01-03 08:36:00,4899.75,4900.00,4899.25,4899.75,628
2024-01-03 08:37:00,4899.75,4900.00,4899.25,4900.00,464
2024-01-03 08:38:00,4900.00,4900.50,4899.50,4900.25,623
2024-01-03 08:39:00,4900.25,4901.25,4900.25,4900.75,617
2024-01-03 08:40:00,4901.00,4901.00,4900.00,4900.50,524
2024-01-03 08:41:00,4900.25,4900.25,4899.50,4899.75,614
2024-01-03 08:42:00,4899.75,4900.00,4899.25,4899.75,578
2024-01-03 08:43:00,4899.75,4900.00,4899.50,4899.75,403
2024-01-03 08:44:00,4899.50,4899.50,4898.50,4898.75,556
2024-01-03 08:45:00,4898.50,4899.25,4897.25,4898.25,1047
2024-01-03 08:46:00,4898.25,4898.25,4897.25,4898.00,409
2024-01-03 08:47:00,4898.25,4898.25,4897.00,4897.25,344
2024-01-03 08:48:00,4897.50,4898.25,4897.50,4898.00,507
2024-01-03 08:49:00,4897.75,4897.75,4897.25,4897.50,491
2024-01-03 08:50:00,4897.75,4898.75,4897.50,4898.75,568
2024-01-03 08:51:00,4898.75,4899.50,4898.50,4899.25,819
2024-01-03 08:52:00,4899.00,4899.50,4898.00,4898.50,688
2024-01-03 08:53:00,4898.25,4898.50,4897.00,4897.25,464
2024-01-03 08:54:00,4897.25,4897.50,4896.75,4897.25,420
2024-01-03 08:55:00,4897.50,4897.75,4896.75,4897.50,527
2024-01-03 08:56:00,4897.50,4897.75,4897.00,4897.50,540
2024-01-03 08:57:00,4897.50,4897.50,4895.75,4895.75,873
2024-01-03 08:58:00,4895.75,4896.50,4894.25,4894.75,2576
2024-01-03 08:59:00,4895.00,4895.25,4894.25,4895.00,852
2024-01-03 09:00:00,4894.75,4895.75,4894.50,4895.50,937
2024-01-03 09:01:00,4895.50,4896.50,4895.50,4895.75,570
2024-01-03 09:02:00,4895.75,4896.00,4894.25,4894.75,1037
2024-01-03 09:03:00,4894.50,4894.75,4893.75,4894.25,1326
2024-01-03 09:04:00,4894.25,4894.50,4893.75,4894.25,562
2024-01-03 09:05:00,4894.25,4894.50,4893.75,4893.75,1216
2024-01-03 09:06:00,4893.75,4894.50,4893.75,4894.50,1215
2024-01-03 09:07:00,4894.25,4894.50,4893.75,4894.00,519
2024-01-03 09:08:00,4893.75,4894.00,4891.75,4893.50,4099
2024-01-03 09:09:00,4893.25,4893.25,4892.25,4892.50,893
2024-01-03 09:10:00,4892.50,4892.50,4891.75,4891.75,915
2024-01-03 09:11:00,4891.75,4892.25,4891.50,4892.00,1460
2024-01-03 09:12:00,4891.75,4892.75,4891.75,4892.50,1079
2024-01-03 09:13:00,4892.25,4892.50,4891.25,4891.75,3362
2024-01-03 09:14:00,4891.75,4891.75,4891.25,4891.75,1095
2024-01-03 09:15:00,4891.50,4892.25,4891.25,4891.75,802
2024-01-03 09:16:00,4892.00,4892.25,4891.00,4891.25,830
2024-01-03 09:17:00,4891.50,4892.25,4891.00,4891.75,773
2024-01-03 09:18:00,4892.00,4893.50,4892.00,4893.25,2456
2024-01-03 09:19:00,4893.00,4893.50,4892.75,4893.00,914
2024-01-03 09:20:00,4893.00,4895.25,4892.75,4894.75,1553
2024-01-03 09:21:00,4895.00,4895.00,4892.00,4893.25,2335
2024-01-03 09:22:00,4893.25,4893.25,4890.75,4892.00,2390
2024-01-03 09:23:00,4892.00,4892.75,4891.75,4892.50,631
2024-01-03 09:24:00,4892.50,4892.50,4891.25,4891.25,484
2024-01-03 09:25:00,4891.00,4892.00,4890.75,4891.75,1512
2024-01-03 09:26:00,4891.50,4892.25,4891.25,4891.50,833
2024-01-03 09:27:00,4891.75,4892.50,4891.25,4892.50,1056
2024-01-03 09:28:00,4892.50,4893.00,4892.00,4892.25,1112
2024-01-03 09:29:00,4892.00,4893.50,4891.50,4892.75,4002
2024-01-03 09:30:00,4892.75,4893.75,4890.25,4893.25,15253
2024-01-03 09:31:00,4893.25,4893.50,4890.25,4893.00,11424
2024-01-03 09:32:00,4893.00,4893.00,4889.50,4890.50,9978
2024-01-03 09:33:00,4890.75,4890.75,4888.75,4890.25,7850
2024-01-03 09:34:00,4890.25,4891.75,4889.75,4889.75,7105
2024-01-03 09:35:00,4890.00,4891.75,4889.50,4891.50,5512
2024-01-03 09:36:00,4891.50,4892.00,4889.25,4890.00,6911
2024-01-03 09:37:00,4890.00,4890.50,4889.00,4890.25,4695
2024-01-03 09:38:00,4890.25,4892.25,4890.00,4890.75,5984
2024-01-03 09:39:00,4890.75,4892.00,4890.00,4890.25,6490
2024-01-03 09:40:00,4890.50,4891.50,4890.00,4890.75,4627
2024-01-03 09:41:00,4891.00,4893.50,4890.25,4893.25,4502
2024-01-03 09:42:00,4893.00,4893.25,4891.75,4891.75,3873
2024-01-03 09:43:00,4891.50,4891.50,4890.25,4891.00,2932
2024-01-03 09:44:00,4891.00,4891.75,4890.25,4890.25,2940
2024-01-03 09:45:00,4890.25,4890.50,4888.75,4889.00,6688
2024-01-03 09:46:00,4889.00,4890.75,4889.00,4890.25,3938
2024-01-03 09:47:00,4890.25,4890.25,4888.50,4889.50,3778
2024-01-03 09:48:00,4889.50,4890.75,4888.50,4890.25,4062
2024-01-03 09:49:00,4890.25,4891.25,4889.75,4890.50,3657
2024-01-03 09:50:00,4890.75,4890.75,4889.50,4890.50,3369
2024-01-03 09:51:00,4890.50,4893.00,4890.00,4892.75,4600
2024-01-03 09:52:00,4892.75,4892.75,4890.00,4891.75,4820
2024-01-03 09:53:00,4891.75,4892.00,4889.75,4889.75,3504
2024-01-03 09:54:00,4889.75,4890.00,4888.75,4889.50,3092
2024-01-03 09:55:00,4889.25,4890.00,4888.50,4888.75,3467
2024-01-03 09:56:00,4888.75,4889.25,4887.00,4888.00,5851
2024-01-03 09:57:00,4887.75,4887.75,4884.50,4886.25,11508
2024-01-03 09:58:00,4886.50,4886.75,4885.25,4886.25,5589
2024-01-03 09:59:00,4886.50,4888.25,4886.00,4888.00,3875
2024-01-03 10:00:00,4887.75,4896.25,4885.75,4891.75,15930
2024-01-03 10:01:00,4892.00,4893.00,4886.25,4886.50,11442
2024-01-03 10:02:00,4886.50,4893.50,4886.50,4893.50,8757
2024-01-03 10:03:00,4893.25,4894.50,4891.50,4894.00,9382
2024-01-03 10:04:00,4893.75,4895.25,4893.00,4894.75,6602
2024-01-03 10:05:00,4894.75,4896.75,4894.50,4896.50,7099
2024-01-03 10:06:00,4896.50,4898.00,4893.75,4894.25,5729
2024-01-03 10:07:00,4894.25,4895.50,4891.00,4891.75,6069
2024-01-03 10:08:00,4891.75,4892.50,4890.25,4891.00,4914
2024-01-03 10:09:00,4891.00,4891.50,4888.25,4889.00,5756
2024-01-03 10:10:00,4889.00,4890.00,4886.25,4887.75,7363
2024-01-03 10:11:00,4887.50,4888.00,4885.00,4885.50,6242
2024-01-03 10:12:00,4885.50,4885.75,4883.00,4883.50,8667
2024-01-03 10:13:00,4883.50,4884.75,4883.00,4884.00,4380
2024-01-03 10:14:00,4884.00,4884.00,4882.00,4882.00,5813
2024-01-03 10:15:00,4882.25,4882.50,4881.00,4881.25,6965
2024-01-03 10:16:00,4881.25,4883.25,4881.00,4882.25,4772
2024-01-03 10:17:00,4882.00,4882.75,4881.00,4881.75,4136
2024-01-03 10:18:00,4881.75,4882.25,4881.00,4882.25,3100
2024-01-03 10:19:00,4882.25,4882.75,4881.75,4882.25,3017
2024-01-03 10:20:00,4882.00,4882.25,4881.25,4881.25,5228
2024-01-03 10:21:00,4881.25,4882.50,4880.75,4881.00,4580
2024-01-03 10:22:00,4880.75,4881.25,4880.25,4880.50,4520
2024-01-03 10:23:00,4880.50,4882.25,4880.50,4881.25,3137
2024-01-03 10:24:00,4881.00,4882.75,4880.50,4882.50,3254
2024-01-03 10:25:00,4882.50,4885.75,4881.50,4882.50,7525
2024-01-03 10:26:00,4882.50,4884.75,4882.25,4884.00,4076
2024-01-03 10:27:00,4884.00,4886.00,4884.00,4885.00,4344
2024-01-03 10:28:00,4885.00,4885.00,4883.25,4884.50,3596
2024-01-03 10:29:00,4884.50,4885.25,4882.75,4883.00,3056
2024-01-03 10:30:00,4882.75,4884.25,4882.25,4883.50,3401
2024-01-03 10:31:00,4883.50,4884.75,4882.50,4883.75,4022
2024-01-03 10:32:00,4883.75,4884.50,4880.75,4881.25,3904
2024-01-03 10:33:00,4881.00,4882.25,4880.50,4881.25,3421
2024-01-03 10:34:00,4881.25,4882.75,4880.50,4882.00,3231
2024-01-03 10:35:00,4881.75,4883.00,4881.25,4882.75,3607
2024-01-03 10:36:00,4882.50,4882.75,4880.75,4881.00,2417
2024-01-03 10:37:00,4881.00,4881.00,4878.00,4878.00,8452
2024-01-03 10:38:00,4878.25,4879.00,4877.00,4877.00,9087
2024-01-03 10:39:00,4877.25,4878.25,4875.75,4876.75,8856
2024-01-03 10:40:00,4876.50,4877.00,4875.75,4877.00,3388
2024-01-03 10:41:00,4877.00,4878.75,4876.50,4876.75,3733
2024-01-03 10:42:00,4876.50,4877.75,4876.00,4876.75,3556
2024-01-03 10:43:00,4876.75,4878.25,4876.75,4878.00,3080
2024-01-03 10:44:00,4878.00,4878.75,4877.25,4877.25,3614
2024-01-03 10:45:00,4877.25,4877.75,4875.50,4876.00,3368
2024-01-03 10:46:00,4875.75,4876.25,4875.00,4876.25,3499
2024-01-03 10:47:00,4876.00,4878.00,4875.50,4876.50,3667
2024-01-03 10:48:00,4876.50,4877.00,4875.75,4876.25,2639
2024-01-03 10:49:00,4876.25,4876.75,4875.75,4876.00,2259
2024-01-03 10:50:00,4875.75,4877.50,4875.50,4877.00,2851
2024-01-03 10:51:00,4877.00,4879.25,4876.75,4878.75,3768
2024-01-03 10:52:00,4878.75,4879.75,4878.25,4878.75,3526
2024-01-03 10:53:00,4878.50,4879.50,4877.75,4878.50,2548
2024-01-03 10:54:00,4878.50,4878.50,4876.75,4877.50,2802
2024-01-03 10:55:00,4877.50,4877.75,4876.25,4876.75,2180
2024-01-03 10:56:00,4877.00,4879.00,4877.00,4878.25,2268
2024-01-03 10:57:00,4878.25,4879.75,4877.50,4879.75,2780
2024-01-03 10:58:00,4879.50,4881.50,4879.25,4881.25,4547
2024-01-03 10:59:00,4881.25,4883.25,4880.50,4881.75,3867
2024-01-03 11:00:00,4881.75,4886.50,4881.50,4886.25,10497
2024-01-03 11:01:00,4886.00,4886.25,4883.75,4884.75,4319
2024-01-03 11:02:00,4884.75,4886.50,4884.75,4886.25,4834
2024-01-03 11:03:00,4886.00,4886.25,4884.50,4884.50,2996
2024-01-03 11:04:00,4884.50,4885.50,4883.50,4884.25,5880
2024-01-03 11:05:00,4884.25,4885.50,4884.25,4884.25,2848
2024-01-03 11:06:00,4884.25,4885.75,4884.00,4884.75,2920
2024-01-03 11:07:00,4885.00,4885.00,4883.25,4883.75,3218
2024-01-03 11:08:00,4883.75,4885.50,4883.50,4885.25,3192
2024-01-03 11:09:00,4885.25,4885.50,4883.75,4884.75,2484
2024-01-03 11:10:00,4885.00,4886.00,4883.00,4883.75,2710
2024-01-03 11:11:00,4883.50,4884.00,4882.75,4883.75,2339
2024-01-03 11:12:00,4883.75,4884.75,4883.50,4884.00,1519
2024-01-03 11:13:00,4884.00,4886.25,4884.00,4885.00,2479
2024-01-03 11:14:00,4885.25,4885.50,4884.00,4884.50,2186
2024-01-03 11:15:00,4884.50,4886.50,4884.00,4886.00,2122
2024-01-03 11:16:00,4886.00,4887.00,4884.00,4884.00,3168
2024-01-03 11:17:00,4884.00,4885.25,4882.75,4883.25,2622
2024-01-03 11:18:00,4883.25,4883.75,4882.25,4882.50,1876
2024-01-03 11:19:00,4882.50,4883.50,4882.25,4882.75,2257
2024-01-03 11:20:00,4883.00,4885.25,4883.00,4884.75,2870
2024-01-03 11:21:00,4884.50,4885.50,4884.00,4884.25,1978
2024-01-03 11:22:00,4884.25,4884.75,4882.25,4882.50,3350
2024-01-03 11:23:00,4882.25,4883.75,4882.25,4883.50,1487
2024-01-03 11:24:00,4883.75,4884.00,4882.75,4883.50,1821
2024-01-03 11:25:00,4883.50,4884.50,4883.00,4884.00,1555
2024-01-03 11:26:00,4884.00,4887.50,4883.75,4886.75,3797
2024-01-03 11:27:00,4886.75,4887.25,4883.75,4884.00,3356
2024-01-03 11:28:00,4884.00,4885.00,4883.50,4884.50,2384
2024-01-03 11:29:00,4884.50,4885.75,4884.00,4885.00,2103
2024-01-03 11:30:00,4885.00,4886.50,4884.50,4885.50,3247
2024-01-03 11:31:00,4885.25,4886.00,4884.25,4885.00,2363
2024-01-03 11:32:00,4885.00,4885.00,4883.00,4884.50,2060
2024-01-03 11:33:00,4884.25,4886.00,4884.25,4886.00,1942
2024-01-03 11:34:00,4885.75,4885.75,4883.50,4884.25,1906
2024-01-03 11:35:00,4884.50,4885.25,4884.00,4885.00,1955
2024-01-03 11:36:00,4884.75,4885.00,4883.75,4883.75,1512
2024-01-03 11:37:00,4883.75,4884.00,4882.50,4883.00,2485
2024-01-03 11:38:00,4883.25,4883.75,4882.50,4883.25,1394
2024-01-03 11:39:00,4883.50,4883.50,4881.75,4882.00,2261
2024-01-03 11:40:00,4882.00,4882.75,4879.75,4879.75,3881
2024-01-03 11:41:00,4880.00,4880.75,4879.00,4880.50,2645
2024-01-03 11:42:00,4880.25,4882.25,4879.75,4881.75,2716
2024-01-03 11:43:00,4881.75,4882.75,4880.50,4882.00,1871
2024-01-03 11:44:00,4882.00,4884.00,4881.75,4883.75,2346
2024-01-03 11:45:00,4883.75,4884.00,4882.75,4883.50,1714
2024-01-03 11:46:00,4883.25,4884.00,4882.25,4882.75,1345
2024-01-03 11:47:00,4882.75,4883.50,4882.50,4882.50,1198
2024-01-03 11:48:00,4882.50,4883.00,4881.75,4882.25,1304
2024-01-03 11:49:00,4882.25,4883.75,4882.25,4883.50,1280
2024-01-03 11:50:00,4883.50,4884.50,4883.00,4883.75,1445
2024-01-03 11:51:00,4883.75,4884.25,4882.75,4883.25,1214
2024-01-03 11:52:00,4883.25,4883.75,4882.25,4882.50,1400
2024-01-03 11:53:00,4882.50,4883.00,4882.25,4882.75,1059
2024-01-03 11:54:00,4882.75,4883.50,4882.25,4882.50,1080
2024-01-03 11:55:00,4882.75,4883.25,4881.75,4882.50,1333
2024-01-03 11:56:00,4882.75,4883.00,4882.00,4882.25,1405
2024-01-03 11:57:00,4882.25,4882.50,4880.75,4880.75,1376
2024-01-03 11:58:00,4880.75,4881.50,4880.00,4880.50,1738
2024-01-03 11:59:00,4880.50,4881.50,4880.00,4880.25,1152
2024-01-03 12:00:00,4880.50,4881.00,4879.25,4880.00,1855
2024-01-03 12:01:00,4880.00,4880.75,4879.50,4880.25,1173
2024-01-03 12:02:00,4880.25,4881.75,4880.00,4881.50,1607
2024-01-03 12:03:00,4881.50,4882.00,4880.25,4881.25,1549
2024-01-03 12:04:00,4881.25,4882.50,4880.75,4882.50,1288
2024-01-03 12:05:00,4882.25,4883.50,4882.25,4882.75,2110
2024-01-03 12:06:00,4882.75,4882.75,4882.00,4882.00,786
2024-01-03 12:07:00,4882.00,4883.50,4882.00,4883.50,1011
2024-01-03 12:08:00,4883.50,4883.50,4880.75,4881.00,1486
2024-01-03 12:09:00,4881.00,4881.00,4879.50,4880.00,1378
2024-01-03 12:10:00,4880.00,4880.50,4879.00,4879.25,1925
2024-01-03 12:11:00,4879.25,4880.00,4878.75,4879.50,1782
2024-01-03 12:12:00,4879.50,4879.50,4878.75,4879.00,1067
2024-01-03 12:13:00,4879.00,4880.00,4878.25,4879.75,1980
2024-01-03 12:14:00,4879.75,4879.75,4878.25,4879.00,1230
2024-01-03 12:15:00,4879.00,4879.25,4878.25,4879.25,1822
2024-01-03 12:16:00,4879.25,4880.25,4878.00,4880.00,2179
2024-01-03 12:17:00,4880.00,4881.00,4879.25,4879.50,1485
2024-01-03 12:18:00,4879.50,4879.75,4878.00,4878.00,1587
2024-01-03 12:19:00,4878.25,4878.50,4877.50,4877.75,1473
2024-01-03 12:20:00,4877.75,4878.50,4877.75,4877.75,1437
2024-01-03 12:21:00,4877.50,4878.50,4877.50,4877.75,734
2024-01-03 12:22:00,4877.75,4878.25,4877.50,4878.25,982
2024-01-03 12:23:00,4878.00,4879.25,4877.50,4879.25,1287
2024-01-03 12:24:00,4879.25,4880.25,4878.75,4879.75,1650
2024-01-03 12:25:00,4879.75,4881.25,4879.25,4880.75,1861
2024-01-03 12:26:00,4880.75,4880.75,4879.75,4880.50,1429
2024-01-03 12:27:00,4880.50,4882.25,4880.25,4882.00,3969
2024-01-03 12:28:00,4882.00,4882.75,4881.75,4882.25,1895
2024-01-03 12:29:00,4882.25,4883.75,4881.25,4883.75,1988
2024-01-03 12:30:00,4883.50,4884.75,4883.00,4884.00,2558
2024-01-03 12:31:00,4884.00,4884.50,4882.00,4882.50,2008
2024-01-03 12:32:00,4882.25,4883.50,4882.25,4882.75,1150
2024-01-03 12:33:00,4882.75,4884.25,4882.75,4884.00,1318
2024-01-03 12:34:00,4883.75,4885.00,4883.75,4884.25,1874
2024-01-03 12:35:00,4884.00,4885.75,4884.00,4884.75,1741
2024-01-03 12:36:00,4884.75,4885.50,4884.25,4885.00,1864
2024-01-03 12:37:00,4885.00,4885.50,4884.50,4885.50,1207
2024-01-03 12:38:00,4885.25,4885.25,4884.75,4884.75,952
2024-01-03 12:39:00,4884.75,4885.25,4884.25,4885.25,1154
2024-01-03 12:40:00,4885.00,4887.25,4885.00,4886.75,2242
2024-01-03 12:41:00,4886.75,4887.75,4886.25,4887.25,1879
2024-01-03 12:42:00,4887.00,4887.75,4886.50,4887.50,1626
2024-01-03 12:43:00,4887.25,4887.50,4886.75,4887.25,1181
2024-01-03 12:44:00,4887.00,4887.00,4885.25,4886.25,2108
2024-01-03 12:45:00,4886.25,4887.25,4886.25,4886.75,1855
2024-01-03 12:46:00,4886.75,4887.00,4886.00,4886.75,952
2024-01-03 12:47:00,4886.50,4887.00,4886.00,4886.50,847
2024-01-03 12:48:00,4886.50,4886.50,4885.25,4885.50,2075
2024-01-03 12:49:00,4885.50,4887.50,4885.25,4886.75,1373
2024-01-03 12:50:00,4887.00,4887.00,4886.25,4886.25,1109
2024-01-03 12:51:00,4886.25,4887.00,4885.50,4885.75,975
2024-01-03 12:52:00,4885.50,4886.50,4885.50,4886.25,1551
2024-01-03 12:53:00,4886.25,4886.50,4885.75,4886.00,845
2024-01-03 12:54:00,4886.00,4886.50,4885.75,4886.25,899
2024-01-03 12:55:00,4886.25,4888.00,4885.75,4887.50,1983
2024-01-03 12:56:00,4887.75,4888.25,4887.25,4887.75,1736
2024-01-03 12:57:00,4887.75,4889.75,4887.75,4889.25,3182
2024-01-03 12:58:00,4889.25,4891.25,4889.25,4890.00,4573
2024-01-03 12:59:00,4890.00,4891.75,4890.00,4890.75,2973
2024-01-03 13:00:00,4890.75,4892.75,4890.75,4892.00,3656
2024-01-03 13:01:00,4892.25,4896.00,4892.00,4894.25,6807
2024-01-03 13:02:00,4894.00,4895.00,4892.75,4893.25,3726
2024-01-03 13:03:00,4893.50,4893.50,4891.00,4891.50,2837
2024-01-03 13:04:00,4891.25,4892.75,4891.25,4892.25,1657
2024-01-03 13:05:00,4892.25,4892.50,4891.25,4891.25,1506
2024-01-03 13:06:00,4891.25,4892.25,4890.75,4891.75,1667
2024-01-03 13:07:00,4892.00,4893.00,4891.50,4891.75,1104
2024-01-03 13:08:00,4892.00,4892.75,4891.75,4892.25,1154
2024-01-03 13:09:00,4892.50,4892.50,4891.25,4891.75,1174
2024-01-03 13:10:00,4892.00,4892.50,4891.50,4892.50,1612
2024-01-03 13:11:00,4892.50,4893.75,4892.25,4893.50,1712
2024-01-03 13:12:00,4893.50,4893.75,4891.75,4892.00,1534
2024-01-03 13:13:00,4892.25,4893.25,4891.75,4893.00,710
2024-01-03 13:14:00,4893.00,4893.00,4892.00,4892.25,846
2024-01-03 13:15:00,4892.50,4893.50,4892.25,4892.75,1541
2024-01-03 13:16:00,4892.75,4893.50,4891.75,4892.00,1623
2024-01-03 13:17:00,4892.00,4893.50,4892.00,4893.25,1046
2024-01-03 13:18:00,4893.25,4893.25,4892.00,4893.00,1409
2024-01-03 13:19:00,4893.00,4893.25,4891.75,4892.50,1148
2024-01-03 13:20:00,4892.50,4892.50,4890.75,4891.25,1390
2024-01-03 13:21:00,4891.25,4891.75,4890.50,4891.50,1982
2024-01-03 13:22:00,4891.50,4891.75,4890.75,4891.75,1741
2024-01-03 13:23:00,4891.75,4892.25,4891.25,4891.50,991
2024-01-03 13:24:00,4891.25,4892.25,4891.25,4891.50,1163
2024-01-03 13:25:00,4891.75,4892.25,4891.00,4892.00,984
2024-01-03 13:26:00,4892.00,4893.00,4891.00,4891.00,1395
2024-01-03 13:27:00,4891.00,4891.75,4890.75,4891.75,1277
2024-01-03 13:28:00,4891.75,4891.75,4891.00,4891.25,675
2024-01-03 13:29:00,4891.25,4892.00,4890.50,4891.50,1146
2024-01-03 13:30:00,4891.50,4892.25,4891.25,4891.50,1741
2024-01-03 13:31:00,4891.50,4891.50,4889.50,4889.75,2059
2024-01-03 13:32:00,4890.00,4890.75,4889.25,4890.25,1563
2024-01-03 13:33:00,4890.25,4890.25,4889.25,4890.00,1205
2024-01-03 13:34:00,4890.00,4890.25,4888.50,4888.75,1399
2024-01-03 13:35:00,4888.75,4888.75,4886.50,4886.75,3697
2024-01-03 13:36:00,4887.00,4887.75,4886.50,4887.75,1954
2024-01-03 13:37:00,4887.75,4889.00,4887.50,4888.75,1818
2024-01-03 13:38:00,4889.00,4890.25,4888.50,4890.25,2260
2024-01-03 13:39:00,4890.50,4890.75,4889.50,4890.00,1585
2024-01-03 13:40:00,4890.25,4890.50,4889.50,4890.25,1239
2024-01-03 13:41:00,4890.25,4891.00,4889.75,4890.50,864
2024-01-03 13:42:00,4890.50,4890.75,4890.00,4890.75,1190
2024-01-03 13:43:00,4891.00,4891.00,4888.50,4889.00,1389
2024-01-03 13:44:00,4889.00,4889.25,4888.00,4888.50,1645
2024-01-03 13:45:00,4888.75,4889.25,4888.25,4888.75,1352
2024-01-03 13:46:00,4888.75,4890.25,4888.50,4889.25,1608
2024-01-03 13:47:00,4889.50,4889.50,4887.75,4888.25,1140
2024-01-03 13:48:00,4888.50,4889.50,4888.50,4889.25,1112
2024-01-03 13:49:00,4889.25,4889.75,4889.25,4889.25,1346
2024-01-03 13:50:00,4889.50,4890.25,4889.00,4890.25,1015
2024-01-03 13:51:00,4890.50,4891.50,4889.50,4891.00,2421
2024-01-03 13:52:00,4891.25,4891.25,4888.50,4888.75,2146
2024-01-03 13:53:00,4889.00,4890.00,4888.50,4889.50,1333
2024-01-03 13:54:00,4889.50,4889.50,4888.25,4888.50,1081
2024-01-03 13:55:00,4888.50,4889.50,4887.75,4889.25,1407
2024-01-03 13:56:00,4889.25,4889.25,4888.50,4888.50,525
2024-01-03 13:57:00,4888.50,4888.75,4887.50,4888.25,1092
2024-01-03 13:58:00,4888.50,4889.25,4888.00,4888.50,1176
2024-01-03 13:59:00,4888.75,4889.00,4888.50,4889.00,670
2024-01-03 14:00:00,4889.00,4893.50,4883.25,4887.75,7546
2024-01-03 14:01:00,4887.75,4890.25,4885.25,4887.50,6624
2024-01-03 14:02:00,4887.50,4888.75,4883.50,4885.50,5901
2024-01-03 14:03:00,4885.25,4887.75,4884.25,4885.75,5189
2024-01-03 14:04:00,4885.75,4886.25,4882.50,4882.75,5538
2024-01-03 14:05:00,4882.75,4884.25,4878.00,4878.75,10313
2024-01-03 14:06:00,4878.75,4884.25,4877.25,4883.25,7071
2024-01-03 14:07:00,4883.25,4887.75,4882.25,4887.00,6161
2024-01-03 14:08:00,4886.75,4887.50,4884.50,4885.50,3755
2024-01-03 14:09:00,4885.50,4887.50,4884.50,4886.75,3307
2024-01-03 14:10:00,4886.50,4889.50,4885.75,4889.25,4359
2024-01-03 14:11:00,4889.25,4891.25,4888.00,4889.00,4895
2024-01-03 14:12:00,4889.00,4889.50,4884.25,4886.50,4068
2024-01-03 14:13:00,4886.75,4887.00,4883.00,4883.50,3028
2024-01-03 14:14:00,4883.50,4884.50,4881.25,4883.25,5471
2024-01-03 14:15:00,4883.25,4883.50,4881.25,4881.75,3380
2024-01-03 14:16:00,4882.00,4885.25,4879.75,4885.25,4599
2024-01-03 14:17:00,4885.00,4886.50,4882.75,4883.00,2750
2024-01-03 14:18:00,4883.25,4886.25,4883.25,4886.25,2341
2024-01-03 14:19:00,4886.00,4887.75,4885.00,4885.50,2875
2024-01-03 14:20:00,4885.50,4886.00,4883.50,4884.25,2401
2024-01-03 14:21:00,4884.25,4884.75,4882.25,4884.25,2131
2024-01-03 14:22:00,4884.25,4886.00,4883.25,4886.00,2441
2024-01-03 14:23:00,4885.75,4886.25,4884.25,4884.50,1846
2024-01-03 14:24:00,4884.50,4887.75,4884.25,4887.50,3152
2024-01-03 14:25:00,4887.25,4891.75,4886.25,4891.50,4655
2024-01-03 14:26:00,4891.50,4895.50,4891.00,4895.50,8420
2024-01-03 14:27:00,4895.50,4898.00,4895.00,4897.00,7699
2024-01-03 14:28:00,4897.00,4900.25,4896.25,4898.25,9026
2024-01-03 14:29:00,4898.25,4898.75,4896.00,4897.25,4061
2024-01-03 14:30:00,4897.25,4900.00,4897.25,4899.00,5053
2024-01-03 14:31:00,4899.00,4899.00,4897.50,4898.00,3107
2024-01-03 14:32:00,4898.00,4898.25,4893.00,4893.00,8563
2024-01-03 14:33:00,4893.25,4894.25,4892.50,4893.50,5485
2024-01-03 14:34:00,4893.75,4896.00,4892.75,4895.50,3602
2024-01-03 14:35:00,4895.50,4896.00,4893.75,4894.25,2549
2024-01-03 14:36:00,4894.25,4894.25,4891.50,4893.00,4927
2024-01-03 14:37:00,4893.00,4894.75,4892.50,4894.75,2423
2024-01-03 14:38:00,4894.50,4895.75,4894.50,4895.25,2194
2024-01-03 14:39:00,4895.50,4896.00,4894.00,4894.50,2557
2024-01-03 14:40:00,4894.50,4895.75,4892.50,4893.50,3225
2024-01-03 14:41:00,4893.75,4894.75,4892.00,4894.25,2950
2024-01-03 14:42:00,4894.50,4896.75,4894.50,4896.50,2915
2024-01-03 14:43:00,4896.50,4898.75,4896.25,4898.75,4413
2024-01-03 14:44:00,4898.75,4899.75,4897.50,4898.00,3212
2024-01-03 14:45:00,4898.00,4899.00,4895.75,4895.75,2448
2024-01-03 14:46:00,4895.75,4895.75,4893.50,4895.00,3619
2024-01-03 14:47:00,4894.75,4896.25,4894.50,4896.25,2067
2024-01-03 14:48:00,4896.25,4897.50,4895.75,4896.25,1903
2024-01-03 14:49:00,4896.00,4896.00,4893.00,4893.25,2554
2024-01-03 14:50:00,4893.50,4894.00,4892.00,4892.50,3501
2024-01-03 14:51:00,4892.25,4894.50,4892.00,4893.50,2794
2024-01-03 14:52:00,4893.50,4894.00,4891.50,4892.00,1981
2024-01-03 14:53:00,4892.00,4893.25,4892.00,4892.75,1977
2024-01-03 14:54:00,4892.50,4892.75,4891.00,4892.25,1921
2024-01-03 14:55:00,4892.25,4892.25,4890.25,4891.25,2927
2024-01-03 14:56:00,4891.25,4893.50,4890.00,4892.00,3086
2024-01-03 14:57:00,4891.75,4892.50,4891.50,4891.75,1133
2024-01-03 14:58:00,4892.00,4892.00,4890.75,4891.25,1302
2024-01-03 14:59:00,4891.25,4891.25,4889.75,4890.00,1932
2024-01-03 15:00:00,4890.25,4891.00,4889.00,4889.75,2513
2024-01-03 15:01:00,4889.75,4889.75,4884.50,4885.50,6387
2024-01-03 15:02:00,4885.25,4888.50,4885.25,4887.75,3963
2024-01-03 15:03:00,4887.75,4888.00,4885.00,4885.00,2467
2024-01-03 15:04:00,4885.00,4887.25,4884.75,4885.25,3805
2024-01-03 15:05:00,4885.25,4886.00,4884.25,4885.00,2343
2024-01-03 15:06:00,4885.00,4885.50,4884.25,4884.75,2010
2024-01-03 15:07:00,4884.75,4885.25,4882.00,4883.25,3475
2024-01-03 15:08:00,4883.25,4883.75,4881.00,4881.50,3524
2024-01-03 15:09:00,4881.75,4883.75,4881.25,4883.25,2640
2024-01-03 15:10:00,4883.25,4885.00,4883.00,4884.25,3165
2024-01-03 15:11:00,4884.00,4884.25,4882.75,4883.25,1722
2024-01-03 15:12:00,4883.25,4883.50,4882.00,4882.25,1978
2024-01-03 15:13:00,4882.25,4882.50,4880.75,4882.00,2200
2024-01-03 15:14:00,4882.00,4883.75,4881.75,4883.00,2018
2024-01-03 15:15:00,4882.75,4883.00,4880.75,4881.00,2651
2024-01-03 15:16:00,4881.00,4882.00,4881.00,4881.75,1790
2024-01-03 15:17:00,4881.50,4881.50,4879.75,4880.50,2674
2024-01-03 15:18:00,4880.25,4882.25,4880.00,4881.50,2280
2024-01-03 15:19:00,4881.50,4881.75,4881.00,4881.25,1413
2024-01-03 15:20:00,4881.50,4882.25,4880.50,4880.75,2085
2024-01-03 15:21:00,4880.75,4881.25,4880.00,4881.25,1678
2024-01-03 15:22:00,4881.25,4883.00,4880.75,4882.75,2120
2024-01-03 15:23:00,4882.50,4883.25,4882.25,4882.75,2202
2024-01-03 15:24:00,4882.50,4882.50,4879.00,4879.25,4385
2024-01-03 15:25:00,4879.50,4879.75,4878.25,4878.75,4307
2024-01-03 15:26:00,4878.75,4880.00,4878.25,4879.50,2772
2024-01-03 15:27:00,4879.75,4879.75,4878.25,4878.50,2488
2024-01-03 15:28:00,4878.50,4878.75,4877.50,4878.00,4065
2024-01-03 15:29:00,4877.75,4880.50,4877.50,4880.25,3462
2024-01-03 15:30:00,4880.25,4881.50,4879.50,4881.25,3126
2024-01-03 15:31:00,4881.25,4883.00,4881.00,4882.50,3036
2024-01-03 15:32:00,4882.75,4884.25,4882.50,4884.25,2649
2024-01-03 15:33:00,4884.00,4885.50,4883.50,4883.75,2779
2024-01-03 15:34:00,4883.75,4885.75,4883.75,4884.75,2018
2024-01-03 15:35:00,4884.75,4885.50,4883.75,4884.00,2231
2024-01-03 15:36:00,4884.00,4885.00,4883.00,4883.25,1947
2024-01-03 15:37:00,4883.00,4883.50,4880.50,4881.75,2992
2024-01-03 15:38:00,4881.75,4882.25,4881.00,4882.25,1788
2024-01-03 15:39:00,4882.25,4884.00,4882.00,4883.00,1928
2024-01-03 15:40:00,4883.00,4884.50,4882.00,4883.75,2339
2024-01-03 15:41:00,4884.00,4884.25,4881.50,4881.75,1890
2024-01-03 15:42:00,4881.50,4882.00,4880.75,4881.00,2467
2024-01-03 15:43:00,4881.00,4882.00,4880.00,4880.25,3405
2024-01-03 15:44:00,4880.25,4880.75,4877.50,4877.75,3910
2024-01-03 15:45:00,4877.75,4879.00,4877.25,4878.25,4266
2024-01-03 15:46:00,4878.50,4878.50,4877.50,4878.00,2862
2024-01-03 15:47:00,4877.75,4878.75,4876.75,4878.25,4353
2024-01-03 15:48:00,4878.25,4879.75,4878.25,4878.25,3353
2024-01-03 15:49:00,4878.25,4878.50,4876.75,4877.00,4041
2024-01-03 15:50:00,4877.25,4877.75,4871.50,4873.50,20354
2024-01-03 15:51:00,4873.25,4875.50,4872.75,4875.00,7622
2024-01-03 15:52:00,4875.00,4876.25,4873.50,4874.00,5294
2024-01-03 15:53:00,4874.00,4874.25,4870.00,4870.25,8909
2024-01-03 15:54:00,4870.25,4872.50,4869.50,4870.75,9538
2024-01-03 15:55:00,4871.00,4877.75,4870.75,4876.25,13955
2024-01-03 15:56:00,4876.50,4877.00,4875.00,4876.50,7486
2024-01-03 15:57:00,4876.50,4877.25,4874.75,4875.00,7864
2024-01-03 15:58:00,4875.00,4875.50,4874.00,4875.25,6685
2024-01-03 15:59:00,4875.25,4877.25,4873.25,4875.50,44111
2024-01-03 16:00:00,4875.50,4876.50,4872.75,4875.25,19909
2024-01-03 16:01:00,4875.25,4876.00,4874.75,4874.75,3514
2024-01-03 16:02:00,4875.00,4875.00,4873.50,4874.25,3020
2024-01-03 16:03:00,4874.50,4874.75,4874.00,4874.00,1540
2024-01-03 16:04:00,4874.25,4874.50,4873.50,4874.50,1584
2024-01-03 16:05:00,4874.50,4875.50,4874.25,4875.25,1713
2024-01-03 16:06:00,4875.25,4875.25,4874.25,4874.50,1086
2024-01-03 16:07:00,4874.50,4874.75,4874.00,4874.25,1060
2024-01-03 16:08:00,4874.00,4875.00,4874.00,4874.50,808
2024-01-03 16:09:00,4874.25,4874.50,4874.00,4874.00,581
2024-01-03 16:10:00,4874.25,4875.00,4874.00,4875.00,979
2024-01-03 16:11:00,4874.75,4874.75,4874.25,4874.25,515
2024-01-03 16:12:00,4874.25,4874.75,4874.25,4874.75,628
2024-01-03 16:13:00,4874.75,4875.00,4874.00,4874.00,803
2024-01-03 16:14:00,4874.00,4875.00,4874.00,4875.00,1155
2024-01-03 16:15:00,4875.00,4875.00,4874.25,4874.25,479
2024-01-03 16:16:00,4874.50,4874.50,4873.75,4873.75,427
2024-01-03 16:17:00,4874.00,4874.00,4873.50,4874.00,441
2024-01-03 16:18:00,4874.00,4874.25,4873.75,4874.00,174
2024-01-03 16:19:00,4874.00,4874.00,4873.75,4874.00,136
2024-01-03 16:20:00,4874.00,4874.00,4873.75,4874.00,87
2024-01-03 16:21:00,4874.00,4874.50,4874.00,4874.25,390
2024-01-03 16:22:00,4874.25,4874.50,4874.00,4874.50,84
2024-01-03 16:23:00,4874.50,4875.00,4874.25,4875.00,138
2024-01-03 16:24:00,4874.75,4875.00,4874.25,4874.25,142
2024-01-03 16:25:00,4874.50,4874.75,4874.00,4874.25,285
2024-01-03 16:26:00,4874.25,4874.75,4874.25,4874.50,113
2024-01-03 16:27:00,4874.25,4874.75,4874.25,4874.75,236
2024-01-03 16:28:00,4874.75,4875.00,4874.50,4875.00,191
2024-01-03 16:29:00,4875.00,4875.00,4874.50,4874.75,188
2024-01-03 16:30:00,4875.00,4875.00,4874.50,4874.50,72
2024-01-03 16:31:00,4874.50,4874.75,4874.25,4874.50,234
2024-01-03 16:32:00,4874.50,4874.50,4874.25,4874.25,140
2024-01-03 16:33:00,4874.25,4874.25,4874.00,4874.00,61
2024-01-03 16:34:00,4874.25,4874.75,4874.00,4874.75,172
2024-01-03 16:35:00,4874.50,4875.25,4874.50,4874.75,435
2024-01-03 16:36:00,4875.00,4875.00,4874.25,4874.25,140
2024-01-03 16:37:00,4874.25,4874.50,4874.00,4874.50,216
2024-01-03 16:38:00,4874.50,4874.75,4874.50,4874.50,89
2024-01-03 16:39:00,4874.75,4874.75,4874.25,4874.75,130
2024-01-03 16:40:00,4874.75,4874.75,4874.50,4874.75,105
2024-01-03 16:41:00,4874.75,4875.00,4874.50,4875.00,242
2024-01-03 16:42:00,4875.00,4875.00,4874.75,4875.00,54
2024-01-03 16:43:00,4875.00,4875.25,4875.00,4875.00,193
2024-01-03 16:44:00,4875.00,4875.75,4875.00,4875.75,292
2024-01-03 16:45:00,4875.75,4876.75,4875.75,4876.25,617
2024-01-03 16:46:00,4876.00,4876.50,4875.75,4876.50,204
2024-01-03 16:47:00,4876.50,4876.50,4876.00,4876.25,258
2024-01-03 16:48:00,4876.25,4876.50,4876.00,4876.50,83
2024-01-03 16:49:00,4876.25,4876.50,4876.25,4876.50,39
2024-01-03 16:50:00,4876.25,4876.75,4876.25,4876.50,311
2024-01-03 16:51:00,4876.75,4876.75,4876.75,4876.75,72
2024-01-03 16:52:00,4876.75,4876.75,4876.50,4876.75,251
2024-01-03 16:53:00,4876.50,4876.75,4876.50,4876.75,57
2024-01-03 16:54:00,4876.50,4876.75,4876.50,4876.50,333
2024-01-03 16:55:00,4876.75,4876.75,4876.50,4876.75,108
2024-01-03 16:56:00,4876.75,4876.75,4876.50,4876.50,91
2024-01-03 16:57:00,4876.50,4876.75,4876.50,4876.50,119
2024-01-03 16:58:00,4876.50,4876.75,4876.50,4876.75,141
2024-01-03 16:59:00,4876.50,4877.50,4876.50,4877.25,684
2024-01-03 18:00:00,4878.50,4881.25,4878.50,4880.75,800
2024-01-03 18:01:00,4880.75,4881.25,4880.50,4880.75,274
2024-01-03 18:02:00,4880.75,4881.75,4880.25,4880.25,195
2024-01-03 18:03:00,4880.50,4880.50,4879.50,4879.75,135
2024-01-03 18:04:00,4879.75,4880.00,4879.00,4879.25,200
2024-01-03 18:05:00,4879.25,4879.75,4879.00,4879.50,114
2024-01-03 18:06:00,4879.25,4879.50,4878.75,4878.75,118
2024-01-03 18:07:00,4879.00,4879.00,4878.25,4878.50,122
2024-01-03 18:08:00,4878.50,4878.75,4878.00,4878.25,218
2024-01-03 18:09:00,4878.25,4878.50,4878.25,4878.50,230
2024-01-03 18:10:00,4878.50,4878.50,4878.00,4878.25,122
2024-01-03 18:11:00,4878.25,4878.25,4878.00,4878.25,51
2024-01-03 18:12:00,4878.50,4878.50,4877.75,4877.75,97
2024-01-03 18:13:00,4878.00,4878.25,4877.75,4878.25,68
2024-01-03 18:14:00,4878.25,4878.25,4878.00,4878.25,73
2024-01-03 18:15:00,4878.00,4878.50,4878.00,4878.00,88
2024-01-03 18:16:00,4878.00,4878.50,4878.00,4878.00,80
2024-01-03 18:17:00,4878.25,4878.25,4878.00,4878.00,67
2024-01-03 18:18:00,4878.00,4878.25,4877.75,4878.00,93
2024-01-03 18:19:00,4878.25,4878.25,4878.00,4878.00,52
2024-01-03 18:20:00,4878.00,4878.00,4877.75,4878.00,109
2024-01-03 18:21:00,4878.00,4878.50,4878.00,4878.25,151
2024-01-03 18:22:00,4878.25,4878.50,4878.00,4878.50,84
2024-01-03 18:23:00,4878.25,4879.00,4878.25,4878.75,245
2024-01-03 18:24:00,4878.75,4879.00,4878.50,4878.50,185
2024-01-03 18:25:00,4878.50,4878.75,4878.25,4878.75,51
2024-01-03 18:26:00,4878.75,4878.75,4878.50,4878.75,46
2024-01-03 18:27:00,4878.75,4878.75,4878.50,4878.50,21
2024-01-03 18:28:00,4878.50,4878.75,4878.25,4878.25,126
2024-01-03 18:29:00,4878.25,4878.75,4878.25,4878.75,119
2024-01-03 18:30:00,4878.75,4878.75,4878.25,4878.25,68
2024-01-03 18:31:00,4878.25,4878.25,4878.00,4878.00,61
2024-01-03 18:32:00,4877.75,4878.00,4877.50,4878.00,62
2024-01-03 18:33:00,4878.00,4878.25,4878.00,4878.25,51
2024-01-03 18:34:00,4878.25,4878.25,4878.00,4878.00,29
2024-01-03 18:35:00,4878.00,4878.00,4877.25,4877.25,198
2024-01-03 18:36:00,4877.25,4878.00,4877.25,4877.75,73
2024-01-03 18:37:00,4877.75,4878.00,4877.75,4878.00,27
2024-01-03 18:38:00,4878.00,4878.00,4877.75,4877.75,11
2024-01-03 18:39:00,4877.75,4878.00,4877.75,4878.00,46
2024-01-03 18:40:00,4878.00,4878.00,4877.50,4877.75,38
2024-01-03 18:41:00,4877.75,4878.00,4877.75,4877.75,43
2024-01-03 18:42:00,4877.75,4878.00,4877.50,4877.50,12
2024-01-03 18:43:00,4877.75,4877.75,4877.25,4877.50,42
2024-01-03 18:44:00,4877.25,4877.50,4877.25,4877.50,43
2024-01-03 18:45:00,4877.50,4877.50,4877.25,4877.50,177
2024-01-03 18:46:00,4877.50,4878.00,4877.50,4877.75,38
2024-01-03 18:47:00,4877.50,4877.75,4877.25,4877.50,68
2024-01-03 18:48:00,4877.75,4877.75,4877.50,4877.50,21
2024-01-03 18:49:00,4877.50,4877.75,4877.50,4877.75,10
2024-01-03 18:50:00,4877.75,4878.25,4877.75,4878.00,68
2024-01-03 18:51:00,4878.00,4878.25,4878.00,4878.25,14
2024-01-03 18:52:00,4878.25,4878.25,4878.00,4878.00,10
2024-01-03 18:53:00,4878.00,4878.25,4877.75,4878.00,35
2024-01-03 18:54:00,4878.00,4878.50,4878.00,4878.50,63
2024-01-03 18:55:00,4878.25,4878.50,4878.00,4878.25,49
2024-01-03 18:56:00,4878.25,4878.50,4878.25,4878.25,34
2024-01-03 18:57:00,4878.25,4878.50,4878.25,4878.25,25
2024-01-03 18:58:00,4878.25,4878.50,4878.00,4878.25,31
2024-01-03 18:59:00,4878.25,4878.50,4878.00,4878.50,47
2024-01-03 19:00:00,4878.25,4878.25,4876.50,4876.50,601
2024-01-03 19:01:00,4876.50,4876.50,4876.00,4876.50,228
2024-01-03 19:02:00,4876.50,4876.50,4876.00,4876.25,124
2024-01-03 19:03:00,4876.50,4876.75,4876.50,4876.75,80
2024-01-03 19:04:00,4876.75,4876.75,4876.25,4876.50,110
2024-01-03 19:05:00,4876.25,4877.00,4876.25,4876.50,101
2024-01-03 19:06:00,4876.50,4876.50,4876.00,4876.00,114
2024-01-03 19:07:00,4876.00,4876.50,4876.00,4876.00,117
2024-01-03 19:08:00,4876.25,4876.50,4876.00,4876.50,89
2024-01-03 19:09:00,4876.25,4876.25,4875.50,4875.75,163
2024-01-03 19:10:00,4875.75,4876.00,4875.75,4876.00,133
2024-01-03 19:11:00,4876.00,4876.25,4875.75,4875.75,138
2024-01-03 19:12:00,4875.50,4875.75,4875.25,4875.75,107
2024-01-03 19:13:00,4875.50,4876.25,4875.50,4876.00,157
2024-01-03 19:14:00,4876.00,4876.50,4876.00,4876.00,151
2024-01-03 19:15:00,4876.00,4876.00,4875.50,4875.75,148
2024-01-03 19:16:00,4876.00,4876.25,4876.00,4876.25,108
2024-01-03 19:17:00,4876.25,4876.25,4875.75,4876.25,98
2024-01-03 19:18:00,4876.25,4876.50,4876.25,4876.50,33
2024-01-03 19:19:00,4876.25,4876.50,4876.25,4876.50,27
2024-01-03 19:20:00,4876.50,4876.75,4876.50,4876.75,142
2024-01-03 19:21:00,4876.75,4877.50,4876.75,4877.50,186
2024-01-03 19:22:00,4877.25,4878.50,4877.25,4878.50,242
2024-01-03 19:23:00,4878.50,4878.75,4878.00,4878.25,154
2024-01-03 19:24:00,4878.00,4878.75,4878.00,4878.50,274
2024-01-03 19:25:00,4878.50,4879.00,4878.50,4879.00,82
2024-01-03 19:26:00,4878.75,4879.50,4878.75,4879.25,192
2024-01-03 19:27:00,4879.00,4879.25,4878.75,4879.00,94
2024-01-03 19:28:00,4879.25,4879.50,4879.00,4879.25,57
2024-01-03 19:29:00,4879.25,4879.25,4878.50,4878.50,105
2024-01-03 19:30:00,4878.75,4879.25,4878.75,4879.25,126
2024-01-03 19:31:00,4879.00,4879.00,4878.75,4878.75,73
2024-01-03 19:32:00,4879.00,4879.25,4879.00,4879.25,46
2024-01-03 19:33:00,4879.00,4879.50,4879.00,4879.50,87
2024-01-03 19:34:00,4879.25,4879.50,4879.25,4879.25,15
2024-01-03 19:35:00,4879.50,4879.50,4879.00,4879.25,53
2024-01-03 19:36:00,4879.25,4879.50,4879.25,4879.50,63
2024-01-03 19:37:00,4879.50,4879.75,4879.00,4879.75,346
2024-01-03 19:38:00,4879.50,4879.75,4879.25,4879.50,217
2024-01-03 19:39:00,4879.50,4879.50,4879.25,4879.25,20
2024-01-03 19:40:00,4879.50,4879.75,4879.50,4879.75,155
2024-01-03 19:41:00,4879.75,4880.00,4879.50,4880.00,227
2024-01-03 19:42:00,4879.75,4880.00,4879.75,4879.75,80
2024-01-03 19:43:00,4879.75,4879.75,4879.75,4879.75,11
2024-01-03 19:44:00,4879.75,4879.75,4879.75,4879.75,69
2024-01-03 19:45:00,4879.75,4880.00,4879.75,4880.00,107
2024-01-03 19:46:00,4879.75,4880.00,4879.75,4880.00,62
2024-01-03 19:47:00,4880.00,4880.75,4880.00,4880.75,442
2024-01-03 19:48:00,4880.75,4881.00,4880.50,4880.75,138
2024-01-03 19:49:00,4880.75,4881.00,4880.75,4880.75,86
2024-01-03 19:50:00,4880.75,4880.75,4880.50,4880.50,71
2024-01-03 19:51:00,4880.75,4880.75,4880.25,4880.50,70
2024-01-03 19:52:00,4880.50,4880.75,4880.50,4880.75,32
2024-01-03 19:53:00,4880.75,4881.00,4880.75,4880.75,67
2024-01-03 19:54:00,4880.75,4881.25,4880.75,4881.00,69
2024-01-03 19:55:00,4880.75,4881.25,4880.75,4881.25,119
2024-01-03 19:56:00,4881.00,4881.25,4880.75,4881.00,211
2024-01-03 19:57:00,4880.75,4881.00,4880.50,4880.50,233
2024-01-03 19:58:00,4880.50,4880.75,4880.50,4880.75,65
2024-01-03 19:59:00,4881.00,4881.25,4881.00,4881.25,91
2024-01-03 20:00:00,4881.00,4881.25,4880.50,4881.00,110
2024-01-03 20:01:00,4880.75,4881.00,4880.75,4881.00,207
2024-01-03 20:02:00,4881.00,4881.25,4881.00,4881.25,39
2024-01-03 20:03:00,4881.00,4881.25,4880.75,4881.00,124
2024-01-03 20:04:00,4881.00,4881.25,4881.00,4881.25,40
2024-01-03 20:05:00,4881.25,4881.25,4880.75,4881.00,44
2024-01-03 20:06:00,4881.25,4881.25,4881.00,4881.00,84
2024-01-03 20:07:00,4881.00,4881.00,4880.75,4881.00,119
2024-01-03 20:08:00,4880.75,4881.00,4880.50,4881.00,99
2024-01-03 20:09:00,4880.75,4881.00,4880.25,4880.25,229
2024-01-03 20:10:00,4880.50,4880.50,4880.25,4880.50,56
2024-01-03 20:11:00,4880.50,4880.50,4879.50,4879.50,206
2024-01-03 20:12:00,4879.75,4880.25,4879.75,4880.25,52
2024-01-03 20:13:00,4880.00,4880.25,4880.00,4880.00,84
2024-01-03 20:14:00,4880.00,4880.50,4880.00,4880.50,31
2024-01-03 20:15:00,4880.50,4880.50,4880.25,4880.50,134
2024-01-03 20:16:00,4880.50,4880.75,4880.25,4880.50,137
2024-01-03 20:17:00,4880.50,4881.00,4880.50,4881.00,154
2024-01-03 20:18:00,4881.00,4881.50,4881.00,4881.25,268
2024-01-03 20:19:00,4881.25,4881.50,4880.75,4880.75,60
2024-01-03 20:20:00,4880.75,4881.25,4880.50,4880.75,184
2024-01-03 20:21:00,4880.75,4881.00,4880.75,4881.00,98
2024-01-03 20:22:00,4881.00,4881.50,4881.00,4881.25,90
2024-01-03 20:23:00,4881.00,4881.00,4880.75,4880.75,85
2024-01-03 20:24:00,4880.75,4880.75,4880.50,4880.75,43
2024-01-03 20:25:00,4880.75,4880.75,4880.00,4880.75,309
2024-01-03 20:26:00,4880.50,4880.75,4880.00,4880.25,127
2024-01-03 20:27:00,4880.25,4880.75,4880.25,4880.50,196
2024-01-03 20:28:00,4880.25,4880.50,4880.25,4880.50,92
2024-01-03 20:29:00,4880.50,4880.75,4880.50,4880.50,82
2024-01-03 20:30:00,4880.50,4880.75,4880.00,4880.75,137
2024-01-03 20:31:00,4880.75,4881.25,4880.00,4880.00,290
2024-01-03 20:32:00,4880.00,4880.25,4879.75,4880.00,44
2024-01-03 20:33:00,4880.00,4880.00,4880.00,4880.00,98
2024-01-03 20:34:00,4880.25,4880.25,4880.00,4880.25,54
2024-01-03 20:35:00,4880.00,4880.00,4879.25,4879.25,235
2024-01-03 20:36:00,4879.50,4879.75,4879.00,4879.50,131
2024-01-03 20:37:00,4879.75,4880.25,4879.75,4880.00,117
2024-01-03 20:38:00,4880.00,4880.00,4879.75,4880.00,55
2024-01-03 20:39:00,4880.00,4880.25,4879.75,4880.25,121
2024-01-03 20:40:00,4880.00,4880.50,4880.00,4880.50,77
2024-01-03 20:41:00,4880.50,4880.75,4880.50,4880.50,120
2024-01-03 20:42:00,4880.50,4880.50,4879.50,4879.50,154
2024-01-03 20:43:00,4879.75,4880.00,4879.75,4879.75,119
2024-01-03 20:44:00,4879.75,4880.00,4879.75,4880.00,89
2024-01-03 20:45:00,4880.25,4880.75,4880.25,4880.75,85
2024-01-03 20:46:00,4880.75,4880.75,4880.25,4880.25,82
2024-01-03 20:47:00,4880.00,4880.25,4879.75,4879.75,155
2024-01-03 20:48:00,4879.75,4880.00,4879.75,4879.75,77
2024-01-03 20:49:00,4879.75,4880.25,4879.75,4880.00,63
2024-01-03 20:50:00,4879.75,4880.00,4879.50,4880.00,52
2024-01-03 20:51:00,4879.75,4880.25,4879.50,4880.25,137
2024-01-03 20:52:00,4880.25,4880.75,4880.25,4880.75,63
2024-01-03 20:53:00,4880.50,4880.75,4880.25,4880.50,76
2024-01-03 20:54:00,4880.50,4880.75,4880.50,4880.50,110
2024-01-03 20:55:00,4880.75,4881.25,4880.50,4881.00,330
2024-01-03 20:56:00,4881.25,4881.25,4881.00,4881.25,67
2024-01-03 20:57:00,4881.25,4881.25,4880.75,4880.75,62
2024-01-03 20:58:00,4880.75,4881.00,4880.50,4880.50,27
2024-01-03 20:59:00,4880.50,4880.75,4880.50,4880.75,53
2024-01-03 21:00:00,4880.75,4880.75,4880.50,4880.50,114
2024-01-03 21:01:00,4880.50,4880.75,4880.50,4880.75,33
2024-01-03 21:02:00,4881.00,4881.00,4880.75,4880.75,53
2024-01-03 21:03:00,4880.75,4880.75,4880.50,4880.50,42
2024-01-03 21:04:00,4880.50,4880.50,4880.00,4880.00,110
2024-01-03 21:05:00,4880.25,4880.25,4880.00,4880.00,9
2024-01-03 21:06:00,4880.00,4880.00,4879.75,4879.75,69
2024-01-03 21:07:00,4879.75,4880.00,4879.75,4880.00,92
2024-01-03 21:08:00,4880.00,4880.25,4880.00,4880.25,60
2024-01-03 21:09:00,4880.25,4880.50,4880.00,4880.25,69
2024-01-03 21:10:00,4880.00,4880.25,4880.00,4880.25,71
2024-01-03 21:11:00,4880.00,4880.00,4879.75,4879.75,57
2024-01-03 21:12:00,4879.50,4879.75,4879.50,4879.50,52
2024-01-03 21:13:00,4879.50,4879.50,4879.25,4879.25,77
2024-01-03 21:14:00,4879.25,4879.75,4879.25,4879.75,139
2024-01-03 21:15:00,4879.75,4879.75,4878.75,4878.75,216
2024-01-03 21:16:00,4878.75,4879.00,4878.75,4879.00,48
2024-01-03 21:17:00,4879.00,4879.00,4879.00,4879.00,17
2024-01-03 21:18:00,4879.00,4879.25,4879.00,4879.25,46
2024-01-03 21:19:00,4879.00,4879.00,4878.75,4878.75,66
2024-01-03 21:20:00,4878.75,4879.00,4878.00,4878.00,187
2024-01-03 21:21:00,4877.75,4878.25,4877.75,4878.00,212
2024-01-03 21:22:00,4878.25,4878.25,4877.50,4877.50,85
2024-01-03 21:23:00,4877.50,4877.75,4877.25,4877.75,201
2024-01-03 21:24:00,4877.75,4878.00,4877.75,4877.75,37
2024-01-03 21:25:00,4877.75,4878.50,4877.75,4878.25,60
2024-01-03 21:26:00,4878.25,4879.00,4878.25,4878.75,127
2024-01-03 21:27:00,4878.75,4879.25,4878.75,4879.25,65
2024-01-03 21:28:00,4879.25,4879.75,4879.25,4879.50,80
2024-01-03 21:29:00,4879.50,4880.25,4879.50,4879.75,142
2024-01-03 21:30:00,4879.75,4879.75,4879.50,4879.50,85
2024-01-03 21:31:00,4879.50,4879.75,4879.50,4879.75,22
2024-01-03 21:32:00,4879.75,4879.75,4879.25,4879.25,26
2024-01-03 21:33:00,4879.25,4879.25,4879.00,4879.25,66
2024-01-03 21:34:00,4879.50,4879.50,4879.25,4879.25,50
2024-01-03 21:35:00,4879.25,4879.25,4879.00,4879.00,18
2024-01-03 21:36:00,4879.00,4879.25,4879.00,4879.25,24
2024-01-03 21:37:00,4879.50,4879.50,4879.00,4879.00,100
2024-01-03 21:38:00,4878.75,4878.75,4878.75,4878.75,48
2024-01-03 21:39:00,4878.75,4879.00,4878.50,4878.50,52
2024-01-03 21:40:00,4878.50,4878.75,4878.50,4878.75,26
2024-01-03 21:41:00,4879.00,4879.00,4878.50,4878.75,19
2024-01-03 21:42:00,4878.75,4878.75,4878.50,4878.50,55
2024-01-03 21:43:00,4878.50,4878.50,4878.50,4878.50,13
2024-01-03 21:44:00,4878.50,4878.50,4878.25,4878.25,109
2024-01-03 21:45:00,4878.25,4878.50,4878.00,4878.25,69
2024-01-03 21:46:00,4878.25,4878.50,4878.25,4878.50,33
2024-01-03 21:47:00,4878.50,4878.75,4878.50,4878.75,45
2024-01-03 21:48:00,4878.75,4878.75,4878.75,4878.75,8
2024-01-03 21:49:00,4878.75,4878.75,4878.75,4878.75,49
2024-01-03 21:50:00,4878.75,4878.75,4878.75,4878.75,12
2024-01-03 21:51:00,4878.75,4879.00,4878.75,4878.75,52
2024-01-03 21:52:00,4879.00,4879.25,4879.00,4879.25,43
2024-01-03 21:53:00,4879.25,4879.25,4879.25,4879.25,56
2024-01-03 21:54:00,4879.25,4879.50,4879.25,4879.50,27
2024-01-03 21:55:00,4879.50,4879.75,4879.50,4879.50,51
2024-01-03 21:56:00,4879.25,4879.50,4879.25,4879.25,51
2024-01-03 21:57:00,4879.50,4879.75,4879.50,4879.50,33
2024-01-03 21:58:00,4879.50,4879.50,4879.50,4879.50,8
2024-01-03 21:59:00,4879.50,4879.50,4879.25,4879.50,9
2024-01-03 22:00:00,4879.50,4879.75,4879.25,4879.75,69
2024-01-03 22:01:00,4879.75,4879.75,4879.25,4879.25,82
2024-01-03 22:02:00,4879.25,4879.50,4879.25,4879.50,32
2024-01-03 22:03:00,4879.50,4879.50,4879.25,4879.50,30
2024-01-03 22:04:00,4879.50,4879.50,4879.50,4879.50,1
2024-01-03 22:05:00,4879.75,4879.75,4879.75,4879.75,30
2024-01-03 22:06:00,4879.75,4879.75,4879.50,4879.75,12
2024-01-03 22:07:00,4879.75,4880.25,4879.75,4880.25,100
2024-01-03 22:08:00,4880.25,4880.25,4880.00,4880.25,19
2024-01-03 22:09:00,4880.25,4880.50,4880.25,4880.50,88
2024-01-03 22:10:00,4880.50,4880.75,4880.25,4880.75,49
2024-01-03 22:11:00,4880.50,4880.50,4880.25,4880.25,99
2024-01-03 22:12:00,4880.00,4880.25,4879.75,4880.00,53
2024-01-03 22:13:00,4879.75,4879.75,4879.50,4879.50,77
2024-01-03 22:14:00,4879.50,4879.75,4879.50,4879.75,41
2024-01-03 22:15:00,4879.75,4880.00,4879.75,4879.75,61
2024-01-03 22:16:00,4879.50,4880.00,4879.50,4880.00,42
2024-01-03 22:17:00,4880.00,4880.50,4880.00,4880.25,75
2024-01-03 22:18:00,4880.25,4880.50,4880.25,4880.50,63
2024-01-03 22:19:00,4880.50,4880.75,4880.50,4880.50,32
2024-01-03 22:20:00,4880.50,4880.50,4880.25,4880.25,86
2024-01-03 22:21:00,4880.25,4880.50,4880.25,4880.25,74
2024-01-03 22:22:00,4880.00,4880.25,4879.75,4879.75,52
2024-01-03 22:23:00,4880.00,4880.00,4879.75,4880.00,19
2024-01-03 22:24:00,4879.75,4880.00,4879.75,4880.00,21
2024-01-03 22:25:00,4879.75,4880.00,4879.75,4879.75,50
2024-01-03 22:26:00,4879.50,4879.75,4879.50,4879.75,20
2024-01-03 22:27:00,4879.75,4879.75,4879.00,4879.00,87
2024-01-03 22:28:00,4879.00,4879.25,4879.00,4879.25,33
2024-01-03 22:29:00,4879.25,4879.25,4878.75,4879.00,111
2024-01-03 22:30:00,4879.00,4879.00,4878.75,4878.75,67
2024-01-03 22:31:00,4878.75,4879.00,4878.50,4879.00,129
2024-01-03 22:32:00,4878.75,4878.75,4878.50,4878.75,118
2024-01-03 22:33:00,4878.75,4878.75,4878.25,4878.50,65
2024-01-03 22:34:00,4878.50,4879.00,4878.50,4878.75,147
2024-01-03 22:35:00,4879.00,4879.25,4879.00,4879.00,22
2024-01-03 22:36:00,4879.00,4879.25,4878.75,4878.75,105
2024-01-03 22:37:00,4878.75,4878.75,4878.50,4878.50,42
2024-01-03 22:38:00,4878.75,4879.50,4878.75,4879.50,105
2024-01-03 22:39:00,4879.50,4879.50,4879.25,4879.25,50
2024-01-03 22:40:00,4879.00,4879.25,4879.00,4879.00,6
2024-01-03 22:41:00,4879.00,4879.00,4879.00,4879.00,26
2024-01-03 22:42:00,4879.00,4879.00,4879.00,4879.00,44
2024-01-03 22:43:00,4878.75,4879.00,4878.75,4878.75,17
2024-01-03 22:44:00,4878.75,4879.00,4878.50,4878.50,38
2024-01-03 22:45:00,4878.50,4878.75,4878.50,4878.75,32
2024-01-03 22:46:00,4878.75,4879.25,4878.75,4879.00,95
2024-01-03 22:47:00,4878.75,4878.75,4878.50,4878.50,45
2024-01-03 22:48:00,4878.50,4878.75,4878.25,4878.25,106
2024-01-03 22:49:00,4878.50,4878.50,4878.25,4878.25,47
2024-01-03 22:50:00,4878.25,4878.50,4877.75,4878.25,185
2024-01-03 22:51:00,4878.00,4878.00,4877.50,4878.00,62
2024-01-03 22:52:00,4878.00,4878.25,4877.75,4877.75,64
2024-01-03 22:53:00,4877.75,4878.00,4877.75,4878.00,32
2024-01-03 22:54:00,4878.25,4878.25,4878.00,4878.25,159
2024-01-03 22:55:00,4878.25,4878.25,4878.00,4878.25,52
2024-01-03 22:56:00,4878.25,4878.25,4878.25,4878.25,59
2024-01-03 22:57:00,4878.00,4878.25,4878.00,4878.00,28
2024-01-03 22:58:00,4878.00,4878.25,4878.00,4878.25,9
2024-01-03 22:59:00,4878.00,4878.25,4878.00,4878.00,7
2024-01-03 23:00:00,4878.25,4878.50,4878.00,4878.50,50
2024-01-03 23:01:00,4878.50,4879.00,4878.50,4879.00,127
2024-01-03 23:02:00,4879.25,4879.25,4879.00,4879.00,39
2024-01-03 23:03:00,4879.25,4879.25,4879.25,4879.25,50
2024-01-03 23:04:00,4879.00,4879.50,4879.00,4879.50,82
2024-01-03 23:05:00,4879.50,4879.75,4879.25,4879.75,52
2024-01-03 23:06:00,4879.75,4879.75,4879.50,4879.50,72
2024-01-03 23:07:00,4879.50,4879.75,4879.50,4879.50,44
2024-01-03 23:08:00,4879.50,4879.50,4879.25,4879.50,78
2024-01-03 23:09:00,4879.50,4879.50,4879.25,4879.25,52
2024-01-03 23:10:00,4879.25,4879.75,4879.25,4879.75,50
2024-01-03 23:11:00,4879.50,4879.75,4879.25,4879.25,47
2024-01-03 23:12:00,4879.25,4879.50,4879.25,4879.50,13
2024-01-03 23:13:00,4879.50,4879.75,4879.25,4879.75,80
2024-01-03 23:14:00,4879.50,4879.50,4879.25,4879.25,45
2024-01-03 23:15:00,4879.50,4879.75,4879.50,4879.50,67
2024-01-03 23:16:00,4879.50,4879.75,4879.50,4879.50,57
2024-01-03 23:17:00,4879.75,4879.75,4879.50,4879.75,42
2024-01-03 23:18:00,4879.75,4880.00,4879.75,4880.00,50
2024-01-03 23:19:00,4880.00,4880.00,4879.75,4880.00,36
2024-01-03 23:20:00,4879.75,4879.75,4879.50,4879.75,88
2024-01-03 23:21:00,4879.75,4879.75,4879.25,4879.25,92
2024-01-03 23:22:00,4879.50,4879.75,4879.25,4879.50,39
2024-01-03 23:23:00,4879.50,4879.75,4879.50,4879.75,42
2024-01-03 23:24:00,4879.75,4880.00,4879.75,4879.75,44
2024-01-03 23:25:00,4879.75,4880.00,4879.75,4880.00,42
2024-01-03 23:26:00,4879.75,4880.00,4879.75,4880.00,26
2024-01-03 23:27:00,4879.75,4880.00,4879.75,4880.00,74
2024-01-03 23:28:00,4880.00,4880.25,4880.00,4880.00,71
2024-01-03 23:29:00,4880.00,4880.00,4879.50,4879.75,66
2024-01-03 23:30:00,4879.50,4879.75,4879.50,4879.75,12
2024-01-03 23:31:00,4879.50,4879.50,4879.25,4879.50,50
2024-01-03 23:32:00,4879.25,4879.25,4879.00,4879.00,62
2024-01-03 23:33:00,4879.25,4879.50,4879.25,4879.50,10
2024-01-03 23:34:00,4879.25,4879.25,4879.25,4879.25,3
2024-01-03 23:35:00,4879.50,4879.50,4879.25,4879.25,18
2024-01-03 23:36:00,4879.25,4879.25,4879.25,4879.25,4
2024-01-03 23:37:00,4879.25,4879.50,4879.25,4879.50,18
2024-01-03 23:38:00,4879.75,4879.75,4879.50,4879.50,59
2024-01-03 23:39:00,4879.50,4879.50,4879.50,4879.50,6
2024-01-03 23:40:00,4879.50,4879.50,4879.50,4879.50,1
2024-01-03 23:41:00,4879.25,4879.25,4879.25,4879.25,15
2024-01-03 23:42:00,4879.50,4879.50,4879.00,4879.00,12
2024-01-03 23:43:00,4879.00,4879.00,4879.00,4879.00,1
2024-01-03 23:44:00,4879.25,4879.50,4879.25,4879.25,47
2024-01-03 23:45:00,4879.00,4879.25,4879.00,4879.00,7
2024-01-03 23:46:00,4879.25,4879.25,4878.75,4879.00,42
2024-01-03 23:47:00,4879.00,4879.00,4879.00,4879.00,23
2024-01-03 23:48:00,4878.75,4878.75,4878.50,4878.50,60
2024-01-03 23:49:00,4878.50,4878.75,4878.50,4878.50,34
2024-01-03 23:50:00,4878.75,4878.75,4878.50,4878.50,38
2024-01-03 23:51:00,4878.50,4878.75,4878.50,4878.50,4
2024-01-03 23:52:00,4878.75,4879.00,4878.75,4879.00,28
2024-01-03 23:53:00,4879.00,4879.00,4879.00,4879.00,20
2024-01-03 23:54:00,4878.75,4879.00,4878.75,4879.00,13
2024-01-03 23:55:00,4879.00,4879.00,4878.75,4879.00,13
2024-01-03 23:56:00,4878.75,4879.00,4878.50,4878.50,76
2024-01-03 23:57:00,4878.50,4878.50,4878.25,4878.25,88
2024-01-03 23:58:00,4878.50,4878.50,4878.25,4878.25,37
2024-01-03 23:59:00,4878.25,4878.50,4877.75,4878.25,134
2024-01-04 00:00:00,4878.25,4878.25,4878.00,4878.25,43
2024-01-04 00:01:00,4878.00,4878.50,4878.00,4878.50,53
2024-01-04 00:02:00,4878.50,4878.50,4878.25,4878.25,91
2024-01-04 00:03:00,4878.50,4878.50,4878.25,4878.25,23
2024-01-04 00:04:00,4878.00,4878.25,4878.00,4878.25,58
2024-01-04 00:05:00,4878.25,4878.25,4877.75,4877.75,28
2024-01-04 00:06:00,4878.00,4878.00,4878.00,4878.00,33
2024-01-04 00:07:00,4878.00,4878.00,4878.00,4878.00,1
2024-01-04 00:08:00,4877.75,4877.75,4877.25,4877.75,498
2024-01-04 00:09:00,4877.75,4878.00,4877.75,4877.75,7
2024-01-04 00:10:00,4877.75,4877.75,4877.50,4877.50,73
2024-01-04 00:11:00,4877.50,4877.75,4877.50,4877.50,4
2024-01-04 00:12:00,4877.50,4877.50,4877.25,4877.25,62
2024-01-04 00:13:00,4877.25,4877.50,4877.00,4877.50,301
2024-01-04 00:14:00,4877.50,4877.75,4877.50,4877.75,110
2024-01-04 00:15:00,4877.75,4878.50,4877.75,4878.50,44
2024-01-04 00:16:00,4878.25,4878.25,4878.00,4878.00,20
2024-01-04 00:17:00,4878.25,4878.25,4878.00,4878.25,70
2024-01-04 00:18:00,4878.25,4878.25,4878.25,4878.25,29
2024-01-04 00:19:00,4878.00,4878.00,4878.00,4878.00,27
2024-01-04 00:20:00,4878.00,4878.00,4877.75,4877.75,129
2024-01-04 00:21:00,4877.75,4877.75,4877.50,4877.75,80
2024-01-04 00:22:00,4878.00,4878.00,4877.50,4877.75,75
2024-01-04 00:23:00,4877.75,4877.75,4877.50,4877.50,34
2024-01-04 00:24:00,4877.75,4877.75,4877.75,4877.75,79
2024-01-04 00:25:00,4877.50,4878.00,4877.50,4878.00,52
2024-01-04 00:26:00,4877.75,4878.00,4877.75,4878.00,45
2024-01-04 00:27:00,4877.75,4877.75,4877.50,4877.75,81
2024-01-04 00:28:00,4877.50,4877.75,4877.25,4877.25,78
2024-01-04 00:29:00,4877.25,4877.25,4877.00,4877.00,25
2024-01-04 00:30:00,4877.00,4877.25,4877.00,4877.00,19
2024-01-04 00:31:00,4877.25,4877.25,4877.00,4877.00,12
2024-01-04 00:32:00,4877.00,4877.25,4877.00,4877.25,35
2024-01-04 00:33:00,4877.25,4877.50,4877.25,4877.25,40
2024-01-04 00:34:00,4877.25,4877.25,4877.00,4877.25,15
2024-01-04 00:35:00,4877.25,4877.25,4877.00,4877.25,33
2024-01-04 00:36:00,4877.25,4877.25,4876.75,4877.00,117
2024-01-04 00:37:00,4877.00,4877.00,4876.50,4876.50,324
2024-01-04 00:38:00,4876.50,4876.75,4876.50,4876.75,5
2024-01-04 00:39:00,4876.50,4877.00,4876.50,4877.00,133
2024-01-04 00:40:00,4877.00,4877.25,4877.00,4877.00,31
2024-01-04 00:41:00,4876.75,4876.75,4876.50,4876.75,36
2024-01-04 00:42:00,4876.50,4876.75,4876.50,4876.75,68
2024-01-04 00:43:00,4876.75,4876.75,4876.50,4876.50,45
2024-01-04 00:44:00,4876.75,4876.75,4876.50,4876.75,45
2024-01-04 00:45:00,4876.50,4876.75,4876.50,4876.50,69
2024-01-04 00:46:00,4876.75,4876.75,4876.50,4876.75,58
2024-01-04 00:47:00,4876.50,4877.00,4876.50,4876.75,141
2024-01-04 00:48:00,4876.75,4876.75,4876.50,4876.50,67
2024-01-04 00:49:00,4876.75,4876.75,4876.50,4876.50,23
2024-01-04 00:50:00,4876.75,4877.00,4876.50,4876.75,167
2024-01-04 00:51:00,4876.75,4876.75,4876.75,4876.75,19
2024-01-04 00:52:00,4876.75,4876.75,4876.75,4876.75,32
2024-01-04 00:53:00,4877.00,4877.00,4876.75,4877.00,87
2024-01-04 00:54:00,4877.00,4877.00,4877.00,4877.00,2
2024-01-04 00:55:00,4877.00,4877.00,4877.00,4877.00,5
2024-01-04 00:56:00,4877.25,4877.25,4876.75,4876.75,20
2024-01-04 00:57:00,4877.00,4877.00,4877.00,4877.00,50
2024-01-04 00:58:00,4876.75,4876.75,4876.75,4876.75,56
2024-01-04 00:59:00,4876.75,4876.75,4876.75,4876.75,42
2024-01-04 01:00:00,4876.75,4877.25,4876.75,4877.25,77
2024-01-04 01:01:00,4877.25,4877.25,4876.75,4876.75,28
2024-01-04 01:02:00,4876.75,4877.00,4876.75,4877.00,48
2024-01-04 01:03:00,4877.00,4877.25,4876.75,4877.25,27
2024-01-04 01:04:00,4877.00,4877.25,4877.00,4877.00,46
2024-01-04 01:05:00,4877.00,4877.25,4877.00,4877.25,58
2024-01-04 01:06:00,4877.00,4877.25,4877.00,4877.25,69
2024-01-04 01:07:00,4877.50,4877.50,4876.75,4877.00,74
2024-01-04 01:08:00,4877.00,4877.00,4876.75,4877.00,46
2024-01-04 01:09:00,4877.00,4877.00,4876.75,4877.00,27
2024-01-04 01:10:00,4877.00,4877.25,4876.75,4877.00,39
2024-01-04 01:11:00,4877.00,4877.25,4877.00,4877.00,27
2024-01-04 01:12:00,4877.00,4877.00,4877.00,4877.00,30
2024-01-04 01:13:00,4877.00,4877.25,4877.00,4877.25,11
2024-01-04 01:14:00,4877.25,4877.25,4877.00,4877.00,15
2024-01-04 01:15:00,4877.00,4877.25,4877.00,4877.25,42
2024-01-04 01:16:00,4877.50,4877.50,4877.50,4877.50,46
2024-01-04 01:17:00,4877.50,4877.75,4877.50,4877.75,76
2024-01-04 01:18:00,4877.50,4878.00,4877.50,4878.00,87
2024-01-04 01:19:00,4878.00,4878.25,4877.75,4878.00,66
2024-01-04 01:20:00,4878.00,4878.50,4878.00,4878.50,44
2024-01-04 01:21:00,4878.50,4878.75,4878.50,4878.75,141
2024-01-04 01:22:00,4878.75,4879.25,4878.75,4879.00,118
2024-01-04 01:23:00,4879.25,4879.25,4879.00,4879.25,117
2024-01-04 01:24:00,4879.00,4879.25,4879.00,4879.25,76
2024-01-04 01:25:00,4879.25,4879.75,4879.25,4879.75,149
2024-01-04 01:26:00,4879.75,4880.00,4879.50,4879.75,122
2024-01-04 01:27:00,4879.75,4880.50,4879.75,4880.25,195
2024-01-04 01:28:00,4880.00,4880.25,4880.00,4880.00,72
2024-01-04 01:29:00,4880.00,4880.50,4880.00,4880.25,74
2024-01-04 01:30:00,4880.25,4881.50,4880.00,4880.25,674
2024-01-04 01:31:00,4880.25,4880.50,4879.75,4879.75,151
2024-01-04 01:32:00,4879.75,4881.25,4879.75,4881.25,140
2024-01-04 01:33:00,4881.00,4881.50,4880.00,4880.25,410
2024-01-04 01:34:00,4880.25,4880.25,4880.00,4880.25,44
2024-01-04 01:35:00,4880.25,4880.25,4880.00,4880.25,61
2024-01-04 01:36:00,4880.25,4880.50,4880.25,4880.50,67
2024-01-04 01:37:00,4880.50,4880.50,4880.50,4880.50,58
2024-01-04 01:38:00,4880.50,4880.75,4880.50,4880.50,80
2024-01-04 01:39:00,4880.75,4880.75,4880.50,4880.50,24
2024-01-04 01:40:00,4880.50,4880.75,4880.50,4880.50,107
2024-01-04 01:41:00,4880.25,4880.25,4879.75,4879.75,110
2024-01-04 01:42:00,4879.75,4880.25,4879.75,4880.25,30
2024-01-04 01:43:00,4880.25,4880.25,4880.00,4880.00,19
2024-01-04 01:44:00,4880.25,4880.25,4879.50,4879.75,77
2024-01-04 01:45:00,4880.00,4880.00,4880.00,4880.00,63
2024-01-04 01:46:00,4880.00,4880.00,4879.75,4879.75,67
2024-01-04 01:47:00,4879.50,4879.75,4879.50,4879.75,86
2024-01-04 01:48:00,4880.00,4880.25,4880.00,4880.00,91
2024-01-04 01:49:00,4880.00,4880.25,4880.00,4880.25,22
2024-01-04 01:50:00,4880.25,4880.50,4880.00,4880.50,37
2024-01-04 01:51:00,4880.25,4880.50,4880.25,4880.50,58
2024-01-04 01:52:00,4880.75,4881.50,4880.75,4881.25,211
2024-01-04 01:53:00,4881.25,4881.50,4881.00,4881.00,54
2024-01-04 01:54:00,4881.25,4881.50,4881.25,4881.25,178
2024-01-04 01:55:00,4881.50,4881.50,4881.25,4881.25,81
2024-01-04 01:56:00,4881.25,4881.50,4881.00,4881.25,65
2024-01-04 01:57:00,4881.25,4881.25,4881.00,4881.00,64
2024-01-04 01:58:00,4881.25,4881.50,4881.25,4881.50,26
2024-01-04 01:59:00,4881.50,4882.25,4881.50,4881.75,339
2024-01-04 02:00:00,4882.00,4882.75,4881.75,4882.50,257
2024-01-04 02:01:00,4882.50,4882.50,4882.00,4882.25,138
2024-01-04 02:02:00,4882.25,4882.50,4882.00,4882.25,164
2024-01-04 02:03:00,4882.25,4882.50,4882.00,4882.25,115
2024-01-04 02:04:00,4882.50,4882.50,4882.00,4882.00,57
2024-01-04 02:05:00,4882.00,4882.25,4881.75,4882.00,133
2024-01-04 02:06:00,4882.00,4882.25,4881.75,4882.25,48
2024-01-04 02:07:00,4882.50,4882.50,4882.00,4882.25,97
2024-01-04 02:08:00,4882.25,4882.50,4882.25,4882.50,85
2024-01-04 02:09:00,4882.50,4882.50,4882.25,4882.25,66
2024-01-04 02:10:00,4882.00,4882.50,4882.00,4882.25,83
2024-01-04 02:11:00,4882.00,4882.50,4881.75,4881.75,129
2024-01-04 02:12:00,4881.75,4882.25,4881.50,4882.25,176
2024-01-04 02:13:00,4882.25,4882.75,4882.25,4882.50,180
2024-01-04 02:14:00,4882.50,4883.25,4882.50,4883.25,344
2024-01-04 02:15:00,4883.00,4883.00,4882.50,4882.50,144
2024-01-04 02:16:00,4882.75,4883.00,4882.75,4883.00,131
2024-01-04 02:17:00,4883.00,4883.00,4882.75,4882.75,80
2024-01-04 02:18:00,4882.75,4883.00,4882.50,4882.75,81
2024-01-04 02:19:00,4882.75,4883.00,4882.50,4882.50,25
2024-01-04 02:20:00,4882.50,4882.50,4882.50,4882.50,61
2024-01-04 02:21:00,4882.75,4882.75,4882.50,4882.50,57
2024-01-04 02:22:00,4882.50,4882.75,4882.25,4882.75,161
2024-01-04 02:23:00,4882.75,4882.75,4882.50,4882.75,15
2024-01-04 02:24:00,4882.75,4883.00,4882.75,4883.00,30
2024-01-04 02:25:00,4882.75,4883.25,4882.75,4883.00,213
2024-01-04 02:26:00,4883.00,4883.50,4883.00,4883.50,197
2024-01-04 02:27:00,4883.50,4883.50,4883.25,4883.50,140
2024-01-04 02:28:00,4883.50,4883.75,4883.50,4883.75,67
2024-01-04 02:29:00,4883.75,4884.25,4883.75,4884.25,245
2024-01-04 02:30:00,4884.25,4884.25,4883.75,4884.00,290
2024-01-04 02:31:00,4883.75,4883.75,4883.25,4883.25,280
2024-01-04 02:32:00,4883.50,4884.00,4883.50,4883.75,127
2024-01-04 02:33:00,4883.75,4884.00,4883.25,4883.25,119
2024-01-04 02:34:00,4883.25,4883.25,4883.00,4883.25,92
2024-01-04 02:35:00,4883.25,4883.50,4883.25,4883.50,43
2024-01-04 02:36:00,4883.50,4883.50,4883.50,4883.50,47
2024-01-04 02:37:00,4883.50,4883.50,4883.50,4883.50,6
2024-01-04 02:38:00,4883.50,4884.00,4883.50,4883.50,139
2024-01-04 02:39:00,4883.75,4884.00,4883.50,4883.75,109
2024-01-04 02:40:00,4883.50,4883.75,4883.25,4883.25,81
2024-01-04 02:41:00,4883.50,4883.50,4882.75,4882.75,131
2024-01-04 02:42:00,4883.00,4883.50,4883.00,4883.25,159
2024-01-04 02:43:00,4883.25,4884.25,4883.25,4884.25,359
2024-01-04 02:44:00,4884.25,4884.50,4884.00,4884.25,211
2024-01-04 02:45:00,4884.25,4884.50,4883.75,4883.75,228
2024-01-04 02:46:00,4883.75,4883.75,4883.00,4883.00,146
2024-01-04 02:47:00,4883.00,4883.50,4883.00,4883.00,163
2024-01-04 02:48:00,4883.00,4883.25,4883.00,4883.00,25
2024-01-04 02:49:00,4883.00,4883.00,4882.75,4882.75,44
2024-01-04 02:50:00,4883.00,4883.00,4882.50,4882.75,77
2024-01-04 02:51:00,4882.50,4882.75,4882.50,4882.75,51
2024-01-04 02:52:00,4882.75,4882.75,4882.75,4882.75,57
2024-01-04 02:53:00,4882.75,4883.00,4882.75,4882.75,27
2024-01-04 02:54:00,4882.75,4883.00,4881.75,4882.00,263
2024-01-04 02:55:00,4882.00,4882.25,4881.50,4881.50,122
2024-01-04 02:56:00,4881.75,4882.00,4881.50,4881.50,86
2024-01-04 02:57:00,4881.75,4881.75,4881.25,4881.25,98
2024-01-04 02:58:00,4881.50,4881.50,4880.25,4880.50,250
2024-01-04 02:59:00,4880.25,4881.50,4880.25,4881.25,437
2024-01-04 03:00:00,4881.25,4882.25,4880.75,4882.00,798
2024-01-04 03:01:00,4882.00,4883.00,4881.50,4882.00,758
2024-01-04 03:02:00,4882.00,4883.50,4882.00,4883.00,412
2024-01-04 03:03:00,4883.00,4883.75,4882.25,4882.50,430
2024-01-04 03:04:00,4882.75,4883.00,4882.25,4883.00,389
2024-01-04 03:05:00,4882.75,4883.25,4882.25,4883.00,238
2024-01-04 03:06:00,4882.75,4883.50,4882.75,4883.50,204
2024-01-04 03:07:00,4883.25,4883.75,4882.75,4883.25,222
2024-01-04 03:08:00,4883.50,4884.50,4883.25,4884.50,517
2024-01-04 03:09:00,4884.50,4884.50,4884.00,4884.25,283
2024-01-04 03:10:00,4884.25,4884.75,4883.75,4884.50,585
2024-01-04 03:11:00,4884.50,4884.50,4883.25,4883.25,370
2024-01-04 03:12:00,4883.50,4883.50,4882.50,4883.00,268
2024-01-04 03:13:00,4882.75,4883.75,4882.75,4883.50,308
2024-01-04 03:14:00,4883.25,4883.25,4882.25,4882.75,232
2024-01-04 03:15:00,4882.75,4882.75,4881.25,4881.25,276
2024-01-04 03:16:00,4881.25,4881.50,4881.25,4881.50,132
2024-01-04 03:17:00,4881.75,4882.50,4881.75,4882.25,476
2024-01-04 03:18:00,4882.25,4882.50,4882.25,4882.50,197
2024-01-04 03:19:00,4882.75,4883.50,4882.50,4882.50,259
2024-01-04 03:20:00,4882.50,4883.00,4882.50,4883.00,162
2024-01-04 03:21:00,4883.00,4883.00,4882.25,4882.25,214
2024-01-04 03:22:00,4882.50,4883.00,4882.50,4882.75,164
2024-01-04 03:23:00,4883.00,4883.50,4883.00,4883.00,148
2024-01-04 03:24:00,4883.00,4884.50,4882.75,4883.50,651
2024-01-04 03:25:00,4883.50,4884.00,4883.50,4883.75,238
2024-01-04 03:26:00,4883.75,4883.75,4883.25,4883.25,218
2024-01-04 03:27:00,4883.00,4883.75,4882.75,4883.50,243
2024-01-04 03:28:00,4883.25,4883.50,4882.25,4882.25,181
2024-01-04 03:29:00,4882.25,4882.50,4881.50,4881.75,288
2024-01-04 03:30:00,4881.75,4881.75,4880.50,4880.75,381
2024-01-04 03:31:00,4881.00,4881.00,4880.25,4880.25,258
2024-01-04 03:32:00,4880.50,4882.00,4880.50,4881.25,662
2024-01-04 03:33:00,4881.25,4881.50,4880.50,4881.00,189
2024-01-04 03:34:00,4881.25,4882.00,4881.00,4881.25,262
2024-01-04 03:35:00,4881.50,4882.50,4881.25,4882.25,318
2024-01-04 03:36:00,4882.25,4883.00,4882.25,4883.00,322
2024-01-04 03:37:00,4883.00,4884.25,4883.00,4884.00,270
2024-01-04 03:38:00,4884.25,4885.00,4884.00,4884.75,390
2024-01-04 03:39:00,4885.00,4885.50,4884.00,4884.00,625
2024-01-04 03:40:00,4884.25,4884.50,4883.50,4883.50,326
2024-01-04 03:41:00,4883.25,4883.50,4882.25,4882.25,307
2024-01-04 03:42:00,4882.50,4883.50,4882.25,4883.25,310
2024-01-04 03:43:00,4883.00,4883.25,4882.25,4882.75,498
2024-01-04 03:44:00,4882.75,4883.50,4882.75,4882.75,289
2024-01-04 03:45:00,4883.00,4883.00,4881.75,4882.25,293
2024-01-04 03:46:00,4882.00,4882.00,4881.00,4881.50,213
2024-01-04 03:47:00,4881.50,4882.50,4881.25,4882.50,202
2024-01-04 03:48:00,4882.50,4883.00,4882.25,4882.75,233
2024-01-04 03:49:00,4882.75,4883.00,4882.00,4882.25,211
2024-01-04 03:50:00,4882.25,4882.50,4881.50,4882.50,333
2024-01-04 03:51:00,4882.50,4883.00,4882.25,4882.25,196
2024-01-04 03:52:00,4882.25,4882.75,4881.75,4882.25,284
2024-01-04 03:53:00,4882.25,4882.25,4880.75,4880.75,172
2024-01-04 03:54:00,4881.00,4881.25,4880.75,4881.25,198
2024-01-04 03:55:00,4881.25,4881.25,4879.75,4880.50,512
2024-01-04 03:56:00,4880.50,4880.50,4879.50,4880.00,363
2024-01-04 03:57:00,4880.00,4880.25,4878.50,4878.50,586
2024-01-04 03:58:00,4878.75,4879.50,4878.50,4879.00,244
2024-01-04 03:59:00,4879.00,4879.50,4878.75,4879.00,244
2024-01-04 04:00:00,4879.00,4879.75,4878.75,4879.50,439
2024-01-04 04:01:00,4879.50,4879.75,4878.25,4878.25,548
2024-01-04 04:02:00,4878.25,4879.25,4878.00,4878.75,315
2024-01-04 04:03:00,4878.50,4878.50,4877.75,4878.00,523
2024-01-04 04:04:00,4877.75,4878.50,4877.75,4878.00,266
2024-01-04 04:05:00,4878.00,4878.25,4877.25,4878.00,510
2024-01-04 04:06:00,4878.00,4878.00,4877.50,4877.50,250
2024-01-04 04:07:00,4877.50,4878.50,4877.25,4878.25,397
2024-01-04 04:08:00,4878.25,4879.25,4878.25,4879.00,303
2024-01-04 04:09:00,4879.00,4879.00,4878.25,4879.00,178
2024-01-04 04:10:00,4879.25,4879.50,4879.00,4879.50,107
2024-01-04 04:11:00,4879.25,4879.25,4879.00,4879.25,81
2024-01-04 04:12:00,4879.25,4879.25,4878.50,4878.50,122
2024-01-04 04:13:00,4878.50,4878.75,4878.00,4878.25,196
2024-01-04 04:14:00,4878.00,4879.00,4878.00,4878.50,96
2024-01-04 04:15:00,4878.25,4879.25,4878.25,4879.25,164
2024-01-04 04:16:00,4879.25,4881.75,4879.25,4881.75,426
2024-01-04 04:17:00,4881.75,4881.75,4880.75,4881.25,327
2024-01-04 04:18:00,4881.25,4881.75,4880.75,4881.75,345
2024-01-04 04:19:00,4881.75,4883.00,4881.75,4882.00,309
2024-01-04 04:20:00,4882.00,4882.50,4881.50,4882.00,197
2024-01-04 04:21:00,4881.75,4881.75,4880.50,4880.75,262
2024-01-04 04:22:00,4880.75,4881.50,4880.25,4881.00,216
2024-01-04 04:23:00,4880.75,4881.75,4880.75,4881.50,105
2024-01-04 04:24:00,4881.50,4881.50,4881.00,4881.25,115
2024-01-04 04:25:00,4881.25,4881.50,4880.75,4880.75,177
2024-01-04 04:26:00,4881.00,4881.00,4880.25,4880.50,159
2024-01-04 04:27:00,4880.50,4881.00,4880.00,4880.75,130
2024-01-04 04:28:00,4880.75,4882.00,4880.75,4881.75,168
2024-01-04 04:29:00,4882.00,4882.00,4881.25,4881.75,133
2024-01-04 04:30:00,4881.75,4882.75,4881.75,4882.75,304
2024-01-04 04:31:00,4883.00,4883.25,4882.50,4882.50,334
2024-01-04 04:32:00,4882.25,4882.50,4881.75,4882.50,237
2024-01-04 04:33:00,4882.50,4882.50,4882.00,4882.00,237
2024-01-04 04:34:00,4882.00,4882.00,4881.25,4881.75,159
2024-01-04 04:35:00,4881.50,4881.50,4881.00,4881.00,140
2024-01-04 04:36:00,4880.75,4881.75,4880.50,4881.75,194
2024-01-04 04:37:00,4881.75,4882.25,4881.50,4881.50,159
2024-01-04 04:38:00,4881.75,4882.00,4881.00,4881.25,60
2024-01-04 04:39:00,4881.25,4882.25,4881.25,4881.50,169
2024-01-04 04:40:00,4881.75,4881.75,4881.25,4881.25,120
2024-01-04 04:41:00,4881.25,4882.25,4881.25,4882.25,111
2024-01-04 04:42:00,4882.00,4882.50,4881.75,4881.75,136
2024-01-04 04:43:00,4881.50,4882.00,4881.00,4881.75,138
2024-01-04 04:44:00,4881.75,4882.25,4881.50,4881.50,138
2024-01-04 04:45:00,4881.50,4881.75,4880.75,4881.75,115
2024-01-04 04:46:00,4881.75,4882.00,4880.75,4881.25,190
2024-01-04 04:47:00,4881.50,4881.50,4880.25,4880.25,143
2024-01-04 04:48:00,4880.50,4880.50,4880.00,4880.25,165
2024-01-04 04:49:00,4880.50,4880.75,4880.25,4880.75,107
2024-01-04 04:50:00,4880.50,4881.25,4880.25,4881.00,206
2024-01-04 04:51:00,4881.25,4882.00,4881.00,4882.00,218
2024-01-04 04:52:00,4882.00,4882.25,4881.75,4882.00,135
2024-01-04 04:53:00,4881.75,4882.00,4880.75,4882.00,164
2024-01-04 04:54:00,4882.25,4882.50,4881.75,4881.75,149
2024-01-04 04:55:00,4881.75,4882.50,4881.25,4882.50,95
2024-01-04 04:56:00,4882.50,4882.50,4881.75,4882.25,118
2024-01-04 04:57:00,4882.25,4882.50,4882.25,4882.25,97
2024-01-04 04:58:00,4882.25,4882.25,4881.75,4882.25,89
2024-01-04 04:59:00,4882.25,4883.00,4882.25,4882.75,168
2024-01-04 05:00:00,4882.50,4883.00,4882.00,4882.25,282
2024-01-04 05:01:00,4882.25,4882.25,4881.00,4881.00,646
2024-01-04 05:02:00,4880.75,4880.75,4880.00,4880.25,188
2024-01-04 05:03:00,4880.25,4880.25,4879.50,4879.75,253
2024-01-04 05:04:00,4880.00,4880.25,4879.75,4880.00,138
2024-01-04 05:05:00,4879.75,4879.75,4878.75,4879.25,270
2024-01-04 05:06:00,4879.25,4879.50,4879.00,4879.00,96
2024-01-04 05:07:00,4879.00,4879.25,4879.00,4879.25,76
2024-01-04 05:08:00,4879.25,4879.25,4878.50,4878.50,197
2024-01-04 05:09:00,4878.75,4878.75,4878.00,4878.25,154
2024-01-04 05:10:00,4878.50,4879.75,4878.25,4879.50,279
2024-01-04 05:11:00,4879.25,4879.75,4879.25,4879.75,187
2024-01-04 05:12:00,4880.00,4880.50,4880.00,4880.25,193
2024-01-04 05:13:00,4880.50,4880.50,4879.75,4879.75,308
2024-01-04 05:14:00,4880.00,4880.00,4879.75,4880.00,132
2024-01-04 05:15:00,4880.00,4880.75,4880.00,4880.75,143
2024-01-04 05:16:00,4880.75,4881.25,4880.50,4881.25,141
2024-01-04 05:17:00,4881.25,4882.00,4881.25,4882.00,184
2024-01-04 05:18:00,4882.25,4882.50,4882.25,4882.25,190
2024-01-04 05:19:00,4882.25,4883.00,4882.25,4882.75,189
2024-01-04 05:20:00,4882.50,4883.00,4882.50,4883.00,144
2024-01-04 05:21:00,4883.00,4883.50,4882.75,4883.00,183
2024-01-04 05:22:00,4883.00,4883.00,4882.50,4882.50,138
2024-01-04 05:23:00,4882.75,4882.75,4882.00,4882.00,212
2024-01-04 05:24:00,4882.00,4883.25,4882.00,4882.75,466
2024-01-04 05:25:00,4883.00,4883.50,4882.75,4882.75,213
2024-01-04 05:26:00,4882.75,4883.25,4882.75,4883.00,119
2024-01-04 05:27:00,4882.75,4882.75,4882.00,4882.00,199
2024-01-04 05:28:00,4882.00,4882.00,4881.50,4881.75,132
2024-01-04 05:29:00,4881.75,4882.00,4881.50,4881.50,211
2024-01-04 05:30:00,4881.50,4881.50,4881.00,4881.00,153
2024-01-04 05:31:00,4881.00,4881.25,4880.75,4881.00,177
2024-01-04 05:32:00,4881.25,4881.50,4881.00,4881.00,186
2024-01-04 05:33:00,4881.00,4881.25,4880.75,4880.75,151
2024-01-04 05:34:00,4880.75,4881.00,4880.50,4880.75,98
2024-01-04 05:35:00,4880.75,4880.75,4880.50,4880.50,87
2024-01-04 05:36:00,4880.50,4880.50,4880.50,4880.50,40
2024-01-04 05:37:00,4880.50,4881.50,4880.50,4881.50,209
2024-01-04 05:38:00,4881.50,4882.00,4881.50,4881.50,110
2024-01-04 05:39:00,4881.50,4881.50,4880.75,4881.00,101
2024-01-04 05:40:00,4881.25,4881.50,4881.00,4881.50,82
2024-01-04 05:41:00,4881.25,4881.25,4880.25,4880.50,81
2024-01-04 05:42:00,4880.50,4880.75,4880.25,4880.75,79
2024-01-04 05:43:00,4880.50,4880.75,4880.00,4880.25,154
2024-01-04 05:44:00,4880.25,4880.25,4879.75,4879.75,48
2024-01-04 05:45:00,4880.00,4880.00,4879.50,4879.50,149
2024-01-04 05:46:00,4879.75,4879.75,4879.25,4879.50,159
2024-01-04 05:47:00,4879.25,4879.50,4878.00,4878.25,296
2024-01-04 05:48:00,4878.25,4878.50,4877.50,4878.50,268
2024-01-04 05:49:00,4878.50,4878.75,4878.25,4878.50,255
2024-01-04 05:50:00,4878.50,4878.50,4877.75,4877.75,122
2024-01-04 05:51:00,4877.50,4878.25,4877.50,4878.25,204
2024-01-04 05:52:00,4878.25,4878.25,4877.75,4878.25,329
2024-01-04 05:53:00,4878.00,4878.00,4877.75,4878.00,213
2024-01-04 05:54:00,4877.75,4878.75,4877.75,4878.75,173
2024-01-04 05:55:00,4878.75,4878.75,4878.50,4878.75,64
2024-01-04 05:56:00,4879.00,4879.25,4878.75,4879.00,65
2024-01-04 05:57:00,4879.00,4879.75,4879.00,4879.75,239
2024-01-04 05:58:00,4879.75,4880.75,4879.50,4880.75,264
2024-01-04 05:59:00,4880.50,4880.75,4879.75,4880.25,207
2024-01-04 06:00:00,4880.00,4880.25,4879.25,4879.75,160
2024-01-04 06:01:00,4879.75,4880.50,4879.75,4880.50,123
2024-01-04 06:02:00,4880.50,4881.25,4880.50,4880.50,254
2024-01-04 06:03:00,4880.50,4881.00,4880.00,4880.50,282
2024-01-04 06:04:00,4880.25,4880.50,4880.00,4880.50,198
2024-01-04 06:05:00,4880.50,4881.00,4880.25,4880.75,146
2024-01-04 06:06:00,4880.75,4881.50,4880.75,4881.50,251
2024-01-04 06:07:00,4881.50,4881.50,4880.75,4881.25,221
2024-01-04 06:08:00,4881.00,4881.25,4880.75,4881.00,126
2024-01-04 06:09:00,4881.00,4881.50,4881.00,4881.25,119
2024-01-04 06:10:00,4881.25,4881.50,4880.50,4880.50,147
2024-01-04 06:11:00,4880.50,4881.00,4880.50,4881.00,93
2024-01-04 06:12:00,4881.00,4881.00,4879.75,4880.25,274
2024-01-04 06:13:00,4880.50,4880.75,4880.25,4880.25,116
2024-01-04 06:14:00,4880.25,4880.50,4880.00,4880.25,107
2024-01-04 06:15:00,4880.50,4881.50,4880.25,4881.50,159
2024-01-04 06:16:00,4881.25,4881.25,4881.00,4881.25,109
2024-01-04 06:17:00,4881.50,4882.25,4881.25,4881.75,320
2024-01-04 06:18:00,4881.75,4882.00,4881.25,4881.25,120
2024-01-04 06:19:00,4881.50,4881.50,4881.00,4881.25,117
2024-01-04 06:20:00,4881.25,4881.75,4881.25,4881.50,120
2024-01-04 06:21:00,4881.50,4882.00,4881.25,4881.75,218
2024-01-04 06:22:00,4881.50,4882.50,4881.50,4882.25,170
2024-01-04 06:23:00,4882.50,4882.75,4882.25,4882.50,277
2024-01-04 06:24:00,4882.25,4882.75,4882.00,4882.50,215
2024-01-04 06:25:00,4882.25,4882.50,4882.00,4882.50,213
2024-01-04 06:26:00,4882.50,4882.50,4882.25,4882.50,134
2024-01-04 06:27:00,4882.50,4883.00,4882.50,4883.00,107
2024-01-04 06:28:00,4883.00,4883.00,4882.75,4883.00,125
2024-01-04 06:29:00,4883.00,4883.50,4882.50,4882.50,354
2024-01-04 06:30:00,4882.50,4882.50,4882.00,4882.00,176
2024-01-04 06:31:00,4881.75,4882.00,4881.50,4881.75,117
2024-01-04 06:32:00,4881.75,4882.25,4881.50,4881.75,121
2024-01-04 06:33:00,4881.75,4881.75,4881.50,4881.75,91
2024-01-04 06:34:00,4881.50,4881.75,4881.00,4881.00,187
2024-01-04 06:35:00,4881.00,4881.00,4880.25,4880.50,284
2024-01-04 06:36:00,4880.50,4880.75,4879.25,4879.50,325
2024-01-04 06:37:00,4879.50,4879.75,4879.25,4879.75,195
2024-01-04 06:38:00,4879.75,4879.75,4877.75,4878.00,495
2024-01-04 06:39:00,4878.00,4878.00,4876.75,4877.25,332
2024-01-04 06:40:00,4877.50,4877.50,4876.75,4876.75,299
2024-01-04 06:41:00,4877.00,4877.00,4874.75,4875.75,1444
2024-01-04 06:42:00,4875.75,4877.00,4875.75,4876.75,282
2024-01-04 06:43:00,4877.00,4877.50,4876.75,4877.50,274
2024-01-04 06:44:00,4877.50,4877.50,4876.25,4876.75,299
2024-01-04 06:45:00,4876.75,4877.00,4876.00,4876.50,386
2024-01-04 06:46:00,4876.25,4876.75,4875.75,4876.50,265
2024-01-04 06:47:00,4876.75,4878.00,4876.75,4877.75,386
2024-01-04 06:48:00,4877.50,4878.25,4877.50,4877.50,306
2024-01-04 06:49:00,4877.50,4878.00,4877.50,4878.00,186
2024-01-04 06:50:00,4878.00,4878.25,4877.50,4877.75,122
2024-01-04 06:51:00,4877.50,4878.25,4877.25,4878.25,164
2024-01-04 06:52:00,4878.00,4878.00,4877.25,4877.75,189
2024-01-04 06:53:00,4877.50,4878.00,4877.00,4877.25,206
2024-01-04 06:54:00,4877.25,4877.50,4876.50,4876.50,214
2024-01-04 06:55:00,4876.25,4876.75,4875.50,4875.50,387
2024-01-04 06:56:00,4875.50,4875.75,4875.25,4875.50,285
2024-01-04 06:57:00,4875.50,4875.75,4874.75,4875.75,673
2024-01-04 06:58:00,4875.50,4876.25,4875.00,4876.00,931
2024-01-04 06:59:00,4876.25,4876.25,4875.50,4875.75,546
2024-01-04 07:00:00,4875.75,4876.50,4875.25,4876.00,626
2024-01-04 07:01:00,4875.75,4876.25,4874.75,4875.50,714
2024-01-04 07:02:00,4875.50,4875.50,4873.00,4873.25,1529
2024-01-04 07:03:00,4873.50,4874.25,4873.00,4874.00,586
2024-01-04 07:04:00,4874.00,4874.00,4873.25,4873.50,287
2024-01-04 07:05:00,4873.50,4873.75,4873.00,4873.25,756
2024-01-04 07:06:00,4873.50,4873.50,4872.25,4872.50,1357
2024-01-04 07:07:00,4872.50,4872.75,4871.75,4872.75,763
2024-01-04 07:08:00,4872.75,4873.75,4872.75,4873.25,573
2024-01-04 07:09:00,4873.00,4874.25,4873.00,4873.75,367
2024-01-04 07:10:00,4873.75,4875.25,4873.75,4874.75,305
2024-01-04 07:11:00,4874.75,4876.50,4874.75,4876.50,602
2024-01-04 07:12:00,4876.50,4877.75,4876.50,4876.75,514
2024-01-04 07:13:00,4876.75,4878.00,4876.75,4877.75,460
2024-01-04 07:14:00,4877.75,4878.00,4877.00,4877.25,419
2024-01-04 07:15:00,4877.25,4877.75,4876.50,4876.75,354
2024-01-04 07:16:00,4876.75,4876.75,4875.75,4875.75,309
2024-01-04 07:17:00,4875.75,4875.75,4875.25,4875.75,201
2024-01-04 07:18:00,4875.75,4875.75,4875.00,4875.25,183
2024-01-04 07:19:00,4875.00,4876.75,4875.00,4876.25,272
2024-01-04 07:20:00,4876.50,4876.50,4876.00,4876.50,132
2024-01-04 07:21:00,4876.25,4876.25,4875.75,4876.00,136
2024-01-04 07:22:00,4876.00,4876.25,4875.50,4876.25,382
2024-01-04 07:23:00,4876.00,4876.25,4875.00,4875.00,265
2024-01-04 07:24:00,4875.25,4877.25,4875.25,4877.00,546
2024-01-04 07:25:00,4877.00,4877.25,4876.25,4877.25,331
2024-01-04 07:26:00,4877.25,4878.50,4877.00,4878.50,500
2024-01-04 07:27:00,4878.50,4879.75,4878.25,4879.00,680
2024-01-04 07:28:00,4879.00,4879.75,4878.25,4878.75,381
2024-01-04 07:29:00,4879.00,4879.50,4879.00,4879.25,262
2024-01-04 07:30:00,4879.25,4881.25,4878.50,4881.00,1530
2024-01-04 07:31:00,4880.75,4880.75,4879.25,4880.25,456
2024-01-04 07:32:00,4880.25,4882.00,4880.25,4881.00,781
2024-01-04 07:33:00,4881.00,4882.00,4881.00,4882.00,417
2024-01-04 07:34:00,4882.00,4882.75,4881.75,4882.75,651
2024-01-04 07:35:00,4882.75,4883.00,4881.50,4881.50,695
2024-01-04 07:36:00,4881.50,4882.00,4880.50,4880.50,416
2024-01-04 07:37:00,4880.50,4880.50,4879.50,4879.50,372
2024-01-04 07:38:00,4879.50,4880.50,4879.25,4880.50,195
2024-01-04 07:39:00,4880.25,4880.25,4879.25,4879.25,300
2024-01-04 07:40:00,4879.25,4879.50,4878.75,4879.50,285
2024-01-04 07:41:00,4879.25,4879.75,4879.00,4879.25,183
2024-01-04 07:42:00,4879.25,4881.00,4879.25,4881.00,405
2024-01-04 07:43:00,4881.00,4881.25,4879.75,4880.50,529
2024-01-04 07:44:00,4880.75,4881.75,4880.75,4881.50,345
2024-01-04 07:45:00,4881.25,4881.75,4881.00,4881.50,280
2024-01-04 07:46:00,4881.25,4881.50,4881.00,4881.25,201
2024-01-04 07:47:00,4881.25,4881.25,4880.25,4880.50,166
2024-01-04 07:48:00,4880.50,4880.75,4880.00,4880.50,263
2024-01-04 07:49:00,4880.25,4880.25,4879.50,4880.00,491
2024-01-04 07:50:00,4880.00,4881.00,4880.00,4880.50,197
2024-01-04 07:51:00,4880.25,4880.50,4879.50,4880.25,335
2024-01-04 07:52:00,4880.25,4880.50,4879.50,4879.50,128
2024-01-04 07:53:00,4879.75,4879.75,4878.50,4879.25,320
2024-01-04 07:54:00,4879.00,4879.50,4878.75,4879.50,136
2024-01-04 07:55:00,4879.50,4879.75,4879.00,4879.00,138
2024-01-04 07:56:00,4879.00,4879.25,4878.50,4879.00,177
2024-01-04 07:57:00,4879.00,4879.75,4879.00,4879.25,166
2024-01-04 07:58:00,4879.50,4879.50,4878.25,4878.50,280
2024-01-04 07:59:00,4878.50,4879.00,4878.25,4879.00,239
2024-01-04 08:00:00,4879.00,4879.00,4877.50,4877.50,536
2024-01-04 08:01:00,4877.50,4878.00,4877.00,4877.50,446
2024-01-04 08:02:00,4877.50,4878.25,4877.00,4877.25,444
2024-01-04 08:03:00,4877.25,4878.00,4877.00,4877.75,403
2024-01-04 08:04:00,4877.75,4878.00,4876.25,4877.00,408
2024-01-04 08:05:00,4877.00,4878.00,4876.75,4878.00,344
2024-01-04 08:06:00,4877.75,4877.75,4876.50,4877.50,512
2024-01-04 08:07:00,4877.25,4877.25,4876.50,4876.75,418
2024-01-04 08:08:00,4876.75,4877.25,4876.00,4877.25,410
2024-01-04 08:09:00,4877.00,4877.75,4876.75,4877.75,258
2024-01-04 08:10:00,4877.50,4877.75,4876.50,4876.50,372
2024-01-04 08:11:00,4876.25,4876.75,4875.75,4876.75,567
2024-01-04 08:12:00,4876.75,4877.25,4876.50,4876.75,352
2024-01-04 08:13:00,4877.00,4877.75,4876.75,4877.25,716
2024-01-04 08:14:00,4877.25,4878.75,4877.25,4877.50,796
2024-01-04 08:15:00,4877.50,4878.50,4875.00,4878.50,2482
2024-01-04 08:16:00,4878.25,4879.75,4876.75,4877.00,1013
2024-01-04 08:17:00,4877.00,4879.50,4877.00,4878.50,829
2024-01-04 08:18:00,4878.25,4878.75,4877.00,4877.50,714
2024-01-04 08:19:00,4877.75,4877.75,4875.50,4875.75,2764
2024-01-04 08:20:00,4875.75,4876.50,4875.50,4875.75,523
2024-01-04 08:21:00,4875.75,4876.50,4875.25,4875.25,1314
2024-01-04 08:22:00,4875.50,4876.00,4875.25,4875.75,567
2024-01-04 08:23:00,4875.75,4877.00,4875.50,4876.75,494
2024-01-04 08:24:00,4877.00,4877.75,4876.75,4876.75,613
2024-01-04 08:25:00,4876.75,4877.50,4876.00,4876.25,408
2024-01-04 08:26:00,4876.50,4877.50,4876.25,4877.25,267
2024-01-04 08:27:00,4877.25,4878.50,4877.25,4877.75,562
2024-01-04 08:28:00,4877.75,4878.75,4877.50,4878.50,518
2024-01-04 08:29:00,4878.25,4878.50,4878.00,4878.25,410
2024-01-04 08:30:00,4878.25,4878.50,4875.25,4877.00,2563
2024-01-04 08:31:00,4877.00,4877.00,4874.50,4874.75,2437
2024-01-04 08:32:00,4875.00,4875.00,4873.50,4873.50,3370
2024-01-04 08:33:00,4873.50,4873.50,4873.00,4873.50,1526
2024-01-04 08:34:00,4873.50,4874.75,4873.25,4874.00,958
2024-01-04 08:35:00,4873.75,4873.75,4872.75,4873.00,1283
2024-01-04 08:36:00,4872.75,4874.50,4872.25,4874.25,1475
2024-01-04 08:37:00,4874.25,4874.50,4873.25,4873.50,566
2024-01-04 08:38:00,4873.50,4873.50,4872.50,4872.50,1150
2024-01-04 08:39:00,4872.50,4872.75,4871.25,4871.75,2363
2024-01-04 08:40:00,4871.50,4871.75,4871.25,4871.25,1272
2024-01-04 08:41:00,4871.50,4871.75,4870.25,4871.25,1915
2024-01-04 08:42:00,4871.25,4871.50,4870.75,4870.75,444
2024-01-04 08:43:00,4870.50,4872.50,4870.25,4871.75,1178
2024-01-04 08:44:00,4871.75,4872.25,4871.25,4871.75,659
2024-01-04 08:45:00,4871.50,4872.75,4871.25,4872.50,920
2024-01-04 08:46:00,4872.50,4873.00,4872.00,4872.00,907
2024-01-04 08:47:00,4872.25,4873.25,4872.25,4873.00,354
2024-01-04 08:48:00,4873.25,4874.75,4873.00,4874.75,1082
2024-01-04 08:49:00,4874.75,4875.25,4874.00,4875.25,1054
2024-01-04 08:50:00,4875.25,4875.25,4874.50,4874.50,841
2024-01-04 08:51:00,4874.50,4875.25,4874.00,4874.75,444
2024-01-04 08:52:00,4875.00,4875.25,4873.75,4874.00,673
2024-01-04 08:53:00,4874.25,4874.25,4873.75,4874.00,311
2024-01-04 08:54:00,4874.00,4874.25,4873.50,4874.25,340
2024-01-04 08:55:00,4874.00,4874.75,4873.75,4874.75,439
2024-01-04 08:56:00,4874.50,4874.50,4872.75,4873.00,1441
2024-01-04 08:57:00,4872.75,4873.25,4872.75,4873.00,607
2024-01-04 08:58:00,4873.00,4873.75,4872.75,4873.50,333
2024-01-04 08:59:00,4873.50,4873.75,4871.50,4871.50,1858
2024-01-04 09:00:00,4871.50,4872.25,4871.25,4871.50,1375
2024-01-04 09:01:00,4871.50,4871.75,4871.00,4871.50,734
2024-01-04 09:02:00,4871.50,4872.75,4871.50,4872.00,857
2024-01-04 09:03:00,4872.00,4872.00,4870.75,4871.50,1224
2024-01-04 09:04:00,4871.50,4871.50,4870.25,4870.75,1757
2024-01-04 09:05:00,4870.75,4870.75,4870.25,4870.25,860
2024-01-04 09:06:00,4870.50,4871.75,4869.75,4871.75,1928
2024-01-04 09:07:00,4871.75,4871.75,4870.50,4871.75,674
2024-01-04 09:08:00,4871.75,4873.25,4871.75,4872.50,1056
2024-01-04 09:09:00,4872.25,4872.75,4871.50,4872.25,782
2024-01-04 09:10:00,4872.25,4873.75,4872.00,4873.50,1038
2024-01-04 09:11:00,4873.25,4875.00,4873.00,4874.75,1114
2024-01-04 09:12:00,4874.75,4875.00,4873.00,4873.75,1481
2024-01-04 09:13:00,4874.00,4874.25,4873.25,4874.00,668
2024-01-04 09:14:00,4874.00,4875.00,4873.75,4874.25,615
2024-01-04 09:15:00,4874.25,4874.75,4873.25,4874.00,942
2024-01-04 09:16:00,4874.00,4874.00,4873.00,4873.25,586
2024-01-04 09:17:00,4873.25,4873.25,4872.25,4873.25,1034
2024-01-04 09:18:00,4873.25,4873.50,4873.00,4873.25,519
2024-01-04 09:19:00,4873.50,4873.75,4872.50,4872.50,588
2024-01-04 09:20:00,4872.25,4872.50,4871.75,4872.00,577
2024-01-04 09:21:00,4872.00,4872.75,4871.75,4872.50,475
2024-01-04 09:22:00,4872.50,4872.50,4871.00,4871.25,821
2024-01-04 09:23:00,4871.25,4871.25,4870.25,4870.75,927
2024-01-04 09:24:00,4870.75,4870.75,4869.25,4869.25,1241
2024-01-04 09:25:00,4869.50,4870.50,4869.00,4869.50,1525
2024-01-04 09:26:00,4869.25,4869.50,4865.50,4867.50,4607
2024-01-04 09:27:00,4867.50,4868.25,4867.00,4867.50,1320
2024-01-04 09:28:00,4867.75,4868.25,4867.50,4868.00,957
2024-01-04 09:29:00,4867.75,4869.50,4867.50,4868.00,2465
2024-01-04 09:30:00,4868.00,4870.00,4866.25,4869.50,12651
2024-01-04 09:31:00,4869.75,4872.25,4868.25,4872.00,7330
2024-01-04 09:32:00,4872.00,4876.00,4871.50,4875.75,8587
2024-01-04 09:33:00,4875.75,4876.00,4872.50,4872.75,6529
2024-01-04 09:34:00,4872.75,4875.25,4871.00,4873.75,6777
2024-01-04 09:35:00,4874.00,4875.00,4871.25,4874.00,6875
2024-01-04 09:36:00,4874.00,4875.00,4871.75,4873.50,7328
2024-01-04 09:37:00,4873.50,4875.25,4872.75,4873.75,4642
2024-01-04 09:38:00,4873.50,4876.75,4873.50,4874.75,6892
2024-01-04 09:39:00,4875.00,4875.75,4873.75,4875.50,4917
2024-01-04 09:40:00,4875.50,4875.50,4871.25,4872.25,6239
2024-01-04 09:41:00,4872.25,4874.75,4871.50,4874.50,3574
2024-01-04 09:42:00,4874.75,4876.25,4873.75,4874.00,3164
2024-01-04 09:43:00,4874.25,4876.25,4874.25,4875.75,2080
2024-01-04 09:44:00,4876.00,4878.00,4875.25,4875.25,2912
2024-01-04 09:45:00,4875.00,4876.25,4873.50,4876.00,4042
2024-01-04 09:46:00,4876.00,4876.00,4873.25,4873.25,4296
2024-01-04 09:47:00,4873.25,4875.25,4872.75,4874.00,4141
2024-01-04 09:48:00,4873.75,4874.00,4869.75,4872.00,5130
2024-01-04 09:49:00,4871.75,4872.50,4870.75,4871.25,3889
2024-01-04 09:50:00,4871.50,4874.00,4871.00,4874.00,4056
2024-01-04 09:51:00,4873.75,4876.50,4872.75,4875.00,3909
2024-01-04 09:52:00,4874.75,4877.25,4874.75,4876.00,3568
2024-01-04 09:53:00,4876.00,4877.00,4875.25,4875.25,3919
2024-01-04 09:54:00,4875.25,4877.75,4874.25,4876.25,3867
2024-01-04 09:55:00,4876.50,4878.00,4875.50,4876.50,3642
2024-01-04 09:56:00,4876.25,4877.75,4875.75,4876.25,2696
2024-01-04 09:57:00,4876.50,4876.75,4874.50,4875.25,2777
2024-01-04 09:58:00,4875.00,4875.25,4873.00,4873.75,3862
2024-01-04 09:59:00,4874.00,4875.50,4872.50,4874.25,3739
2024-01-04 10:00:00,4874.25,4877.00,4872.00,4876.75,10351
2024-01-04 10:01:00,4876.75,4881.25,4876.25,4880.75,7157
2024-01-04 10:02:00,4880.75,4881.00,4878.25,4878.75,4920
2024-01-04 10:03:00,4878.50,4880.25,4878.25,4879.75,5494
2024-01-04 10:04:00,4879.75,4882.50,4879.50,4882.50,6906
2024-01-04 10:05:00,4882.25,4882.75,4879.75,4880.50,5192
2024-01-04 10:06:00,4880.50,4881.50,4879.75,4880.00,3037
2024-01-04 10:07:00,4879.75,4881.50,4879.75,4881.25,2890
2024-01-04 10:08:00,4881.00,4883.75,4881.00,4883.00,4599
2024-01-04 10:09:00,4882.75,4885.25,4882.75,4885.25,4389
2024-01-04 10:10:00,4885.00,4885.25,4883.00,4883.50,3706
2024-01-04 10:11:00,4883.50,4884.50,4882.50,4884.50,4874
2024-01-04 10:12:00,4884.25,4886.25,4883.50,4886.00,4946
2024-01-04 10:13:00,4886.00,4886.75,4884.50,4885.00,5754
2024-01-04 10:14:00,4884.75,4886.25,4884.25,4886.25,4007
2024-01-04 10:15:00,4886.25,4887.00,4884.50,4885.00,3623
2024-01-04 10:16:00,4885.00,4885.00,4883.00,4883.75,3635
2024-01-04 10:17:00,4883.75,4885.00,4883.75,4885.00,3511
2024-01-04 10:18:00,4884.75,4886.25,4883.50,4884.25,3073
2024-01-04 10:19:00,4884.25,4884.75,4883.25,4883.75,2789
2024-01-04 10:20:00,4883.75,4884.25,4882.00,4883.50,3240
2024-01-04 10:21:00,4883.50,4884.00,4882.00,4882.25,2102
2024-01-04 10:22:00,4882.25,4884.00,4882.25,4882.50,2145
2024-01-04 10:23:00,4882.50,4883.00,4881.50,4881.50,2747
2024-01-04 10:24:00,4881.50,4883.25,4880.50,4883.00,2979
2024-01-04 10:25:00,4883.00,4884.00,4880.75,4881.25,2467
2024-01-04 10:26:00,4881.25,4882.00,4880.75,4881.50,2307
2024-01-04 10:27:00,4881.50,4883.00,4881.50,4882.75,1864
2024-01-04 10:28:00,4882.75,4884.25,4882.50,4883.50,1951
2024-01-04 10:29:00,4883.25,4884.50,4882.75,4883.00,2609
2024-01-04 10:30:00,4882.75,4884.50,4881.50,4881.50,3068
2024-01-04 10:31:00,4881.50,4883.50,4881.50,4883.50,1979
2024-01-04 10:32:00,4883.50,4884.00,4882.25,4883.50,1794
2024-01-04 10:33:00,4883.75,4886.00,4883.25,4884.50,4551
2024-01-04 10:34:00,4884.75,4885.00,4883.25,4883.50,1718
2024-01-04 10:35:00,4883.75,4883.75,4882.50,4883.25,1835
2024-01-04 10:36:00,4883.00,4885.25,4883.00,4884.50,2068
2024-01-04 10:37:00,4884.50,4885.00,4882.50,4883.00,1995
2024-01-04 10:38:00,4883.00,4883.75,4882.50,4883.50,1671
2024-01-04 10:39:00,4883.75,4884.50,4882.00,4882.25,1974
2024-01-04 10:40:00,4882.50,4883.25,4882.00,4883.25,1472
2024-01-04 10:41:00,4883.25,4883.75,4882.75,4883.75,2233
2024-01-04 10:42:00,4883.75,4883.75,4881.75,4882.25,2770
2024-01-04 10:43:00,4882.25,4885.25,4882.25,4884.50,3126
2024-01-04 10:44:00,4884.50,4886.25,4884.25,4885.75,2324
2024-01-04 10:45:00,4886.00,4886.50,4884.75,4885.00,2879
2024-01-04 10:46:00,4885.00,4886.25,4884.50,4884.50,2242
2024-01-04 10:47:00,4884.75,4885.50,4884.50,4885.25,1275
2024-01-04 10:48:00,4885.50,4886.75,4885.25,4885.75,2317
2024-01-04 10:49:00,4886.00,4887.75,4885.50,4887.50,3096
2024-01-04 10:50:00,4887.25,4887.75,4885.50,4886.50,2959
2024-01-04 10:51:00,4886.50,4887.00,4885.75,4886.75,1946
2024-01-04 10:52:00,4887.00,4887.50,4885.00,4885.25,2340
2024-01-04 10:53:00,4885.50,4885.50,4883.50,4884.25,2205
2024-01-04 10:54:00,4884.25,4886.75,4884.00,4886.00,2549
2024-01-04 10:55:00,4885.75,4886.25,4884.00,4884.50,3177
2024-01-04 10:56:00,4884.50,4885.50,4883.75,4885.25,1375
2024-01-04 10:57:00,4885.50,4886.25,4884.50,4886.25,1651
2024-01-04 10:58:00,4886.50,4886.50,4883.75,4883.75,1849
2024-01-04 10:59:00,4884.00,4884.50,4883.25,4884.00,1958
2024-01-04 11:00:00,4883.75,4885.25,4883.75,4884.50,2682
2024-01-04 11:01:00,4884.50,4886.50,4884.25,4886.50,2326
2024-01-04 11:02:00,4886.50,4887.25,4884.50,4884.75,2205
2024-01-04 11:03:00,4884.75,4886.25,4884.75,4886.00,1396
2024-01-04 11:04:00,4886.00,4886.75,4885.25,4886.00,1430
2024-01-04 11:05:00,4886.00,4887.00,4885.25,4886.50,1619
2024-01-04 11:06:00,4886.50,4887.00,4885.75,4886.75,1507
2024-01-04 11:07:00,4886.75,4886.75,4885.00,4886.00,1556
2024-01-04 11:08:00,4886.00,4887.00,4885.75,4886.75,1047
2024-01-04 11:09:00,4886.75,4887.25,4886.25,4887.00,1442
2024-01-04 11:10:00,4887.00,4889.00,4886.50,4889.00,4002
2024-01-04 11:11:00,4888.75,4890.75,4888.50,4890.50,3341
2024-01-04 11:12:00,4890.50,4891.25,4890.00,4890.00,3658
2024-01-04 11:13:00,4890.25,4891.50,4890.00,4891.50,2258
2024-01-04 11:14:00,4891.50,4894.00,4891.25,4893.00,5553
2024-01-04 11:15:00,4893.00,4894.50,4892.25,4892.75,5062
2024-01-04 11:16:00,4893.00,4895.00,4893.00,4894.25,3231
2024-01-04 11:17:00,4894.25,4894.75,4892.75,4893.25,2341
2024-01-04 11:18:00,4893.00,4893.75,4892.00,4892.50,2409
2024-01-04 11:19:00,4892.25,4893.25,4891.25,4891.75,2993
2024-01-04 11:20:00,4891.50,4892.50,4891.50,4892.50,1909
2024-01-04 11:21:00,4892.25,4892.75,4891.50,4892.00,1717
2024-01-04 11:22:00,4892.25,4893.00,4891.75,4892.50,1399
2024-01-04 11:23:00,4892.75,4893.75,4892.25,4893.75,1708
2024-01-04 11:24:00,4893.75,4894.00,4893.25,4894.00,1812
2024-01-04 11:25:00,4893.75,4894.50,4893.25,4894.25,1203
2024-01-04 11:26:00,4894.25,4895.00,4894.00,4894.50,2445
2024-01-04 11:27:00,4894.50,4894.50,4893.25,4894.00,2428
2024-01-04 11:28:00,4894.00,4894.50,4893.00,4893.25,1278
2024-01-04 11:29:00,4893.25,4893.50,4891.00,4892.00,3950
2024-01-04 11:30:00,4891.75,4892.50,4890.00,4891.00,4022
2024-01-04 11:31:00,4890.75,4891.00,4888.75,4889.00,4147
2024-01-04 11:32:00,4889.00,4890.50,4888.50,4889.75,2954
2024-01-04 11:33:00,4889.50,4891.00,4889.50,4890.50,2354
2024-01-04 11:34:00,4890.50,4890.50,4889.25,4890.00,1773
2024-01-04 11:35:00,4889.75,4891.25,4889.50,4890.75,2159
2024-01-04 11:36:00,4890.75,4892.25,4890.75,4892.25,1762
2024-01-04 11:37:00,4892.25,4893.50,4892.00,4893.00,2805
2024-01-04 11:38:00,4893.25,4893.25,4890.25,4890.75,4116
2024-01-04 11:39:00,4890.75,4892.25,4889.75,4890.75,2563
2024-01-04 11:40:00,4890.75,4890.75,4889.50,4890.25,1941
2024-01-04 11:41:00,4890.50,4890.50,4889.50,4890.00,1623
2024-01-04 11:42:00,4890.00,4890.50,4888.00,4888.25,2090
2024-01-04 11:43:00,4888.50,4889.00,4887.75,4888.50,2681
2024-01-04 11:44:00,4888.75,4889.25,4888.00,4888.00,1479
2024-01-04 11:45:00,4888.25,4888.50,4886.75,4888.00,2639
2024-01-04 11:46:00,4888.25,4889.25,4886.25,4886.75,3065
2024-01-04 11:47:00,4886.75,4887.50,4885.75,4886.25,2682
2024-01-04 11:48:00,4886.50,4887.75,4886.50,4886.50,2008
2024-01-04 11:49:00,4886.50,4886.50,4885.25,4885.75,2224
2024-01-04 11:50:00,4885.75,4885.75,4881.75,4883.50,5836
2024-01-04 11:51:00,4883.75,4884.25,4882.75,4883.00,3416
2024-01-04 11:52:00,4883.25,4883.25,4879.50,4881.00,6850
2024-01-04 11:53:00,4881.00,4882.50,4880.50,4882.25,3568
2024-01-04 11:54:00,4882.25,4883.00,4882.25,4882.75,2574
2024-01-04 11:55:00,4882.75,4882.75,4881.25,4882.75,2104
2024-01-04 11:56:00,4882.75,4883.00,4882.00,4883.00,2036
2024-01-04 11:57:00,4883.00,4883.75,4882.25,4882.75,2014
2024-01-04 11:58:00,4882.75,4883.25,4881.50,4882.50,1610
2024-01-04 11:59:00,4882.50,4882.75,4881.50,4882.25,1447
2024-01-04 12:00:00,4882.25,4883.50,4882.00,4882.75,2284
2024-01-04 12:01:00,4882.75,4883.25,4882.00,4882.25,2141
2024-01-04 12:02:00,4882.25,4882.25,4879.50,4880.00,2848
2024-01-04 12:03:00,4880.00,4880.00,4877.50,4879.00,5097
2024-01-04 12:04:00,4879.25,4881.00,4879.00,4880.75,2097
2024-01-04 12:05:00,4880.75,4882.00,4880.25,4881.25,2228
2024-01-04 12:06:00,4881.25,4881.25,4879.25,4879.50,2076
2024-01-04 12:07:00,4879.50,4880.25,4879.25,4880.00,1721
2024-01-04 12:08:00,4880.25,4880.25,4878.75,4879.50,2154
2024-01-04 12:09:00,4879.50,4880.25,4879.00,4880.00,1460
2024-01-04 12:10:00,4879.75,4881.50,4879.50,4881.00,2232
2024-01-04 12:11:00,4881.00,4882.00,4880.50,4881.25,1628
2024-01-04 12:12:00,4881.25,4882.50,4880.75,4882.00,1127
2024-01-04 12:13:00,4882.25,4882.75,4881.75,4882.50,1206
2024-01-04 12:14:00,4882.50,4883.00,4881.00,4881.25,1698
2024-01-04 12:15:00,4881.25,4881.25,4880.25,4880.75,1194
2024-01-04 12:16:00,4880.75,4881.00,4879.25,4879.50,1145
2024-01-04 12:17:00,4879.50,4880.50,4878.75,4879.50,1894
2024-01-04 12:18:00,4879.75,4881.25,4879.25,4880.25,1338
2024-01-04 12:19:00,4880.25,4881.25,4879.75,4881.25,1387
2024-01-04 12:20:00,4881.25,4882.50,4880.50,4882.50,1712
2024-01-04 12:21:00,4882.50,4883.00,4880.25,4880.50,1780
2024-01-04 12:22:00,4880.50,4881.50,4879.75,4879.75,988
2024-01-04 12:23:00,4879.75,4880.75,4879.25,4880.25,1065
2024-01-04 12:24:00,4880.25,4880.50,4879.25,4879.75,1087
2024-01-04 12:25:00,4880.00,4881.75,4879.50,4881.25,1323
2024-01-04 12:26:00,4881.25,4881.75,4880.25,4881.25,1047
2024-01-04 12:27:00,4881.25,4882.25,4881.25,4882.00,1144
2024-01-04 12:28:00,4881.75,4881.75,4879.50,4880.25,1324
2024-01-04 12:29:00,4880.25,4881.25,4880.25,4881.25,973
2024-01-04 12:30:00,4881.25,4881.25,4878.25,4878.50,2352
2024-01-04 12:31:00,4878.50,4879.00,4876.00,4878.50,4184
2024-01-04 12:32:00,4878.50,4878.50,4877.00,4878.25,2142
2024-01-04 12:33:00,4878.25,4879.00,4877.50,4877.75,1551
2024-01-04 12:34:00,4877.50,4877.75,4876.75,4877.25,1387
2024-01-04 12:35:00,4877.00,4877.50,4875.25,4877.50,2971
2024-01-04 12:36:00,4877.25,4878.50,4877.25,4878.50,1785
2024-01-04 12:37:00,4878.25,4878.50,4877.50,4878.25,1130
2024-01-04 12:38:00,4878.50,4879.75,4878.50,4879.50,1567
2024-01-04 12:39:00,4879.50,4879.75,4878.75,4879.25,1148
2024-01-04 12:40:00,4879.00,4879.00,4877.50,4877.75,1646
2024-01-04 12:41:00,4877.50,4879.25,4877.25,4879.00,1125
2024-01-04 12:42:00,4879.00,4879.25,4878.50,4879.00,884
2024-01-04 12:43:00,4878.75,4879.00,4876.75,4877.25,1332
2024-01-04 12:44:00,4877.25,4877.50,4874.25,4875.25,3521
2024-01-04 12:45:00,4875.00,4875.25,4871.50,4872.25,4924
2024-01-04 12:46:00,4872.00,4873.75,4871.50,4873.75,3608
2024-01-04 12:47:00,4873.75,4874.25,4872.75,4874.00,1960
2024-01-04 12:48:00,4874.25,4874.25,4872.75,4873.75,1781
2024-01-04 12:49:00,4873.50,4875.25,4873.25,4875.00,1383
2024-01-04 12:50:00,4875.00,4875.00,4873.25,4873.75,1542
2024-01-04 12:51:00,4873.50,4874.25,4873.00,4874.00,1307
2024-01-04 12:52:00,4874.00,4875.50,4874.00,4874.50,1684
2024-01-04 12:53:00,4874.50,4877.00,4874.50,4876.25,1679
2024-01-04 12:54:00,4876.00,4877.00,4876.00,4876.75,1010
2024-01-04 12:55:00,4876.50,4876.75,4874.00,4874.00,1567
2024-01-04 12:56:00,4874.00,4875.00,4874.00,4874.25,1042
2024-01-04 12:57:00,4874.25,4874.75,4873.50,4874.50,1823
2024-01-04 12:58:00,4874.25,4875.50,4874.00,4875.50,1099
2024-01-04 12:59:00,4875.25,4876.50,4875.25,4876.25,1098
2024-01-04 13:00:00,4876.00,4876.75,4875.25,4875.25,1707
2024-01-04 13:01:00,4875.00,4876.75,4875.00,4876.75,1367
2024-01-04 13:02:00,4876.50,4876.75,4875.25,4875.25,846
2024-01-04 13:03:00,4875.25,4875.75,4875.00,4875.50,867
2024-01-04 13:04:00,4875.50,4877.25,4875.50,4877.25,951
2024-01-04 13:05:00,4877.00,4877.75,4876.50,4876.50,1522
2024-01-04 13:06:00,4876.50,4878.00,4875.75,4877.75,1408
2024-01-04 13:07:00,4877.50,4878.25,4876.50,4877.00,1972
2024-01-04 13:08:00,4876.75,4878.50,4876.50,4877.75,1661
2024-01-04 13:09:00,4877.75,4878.25,4877.25,4877.75,893
2024-01-04 13:10:00,4877.50,4877.75,4876.75,4877.75,1098
2024-01-04 13:11:00,4877.75,4878.00,4876.00,4876.00,1540
2024-01-04 13:12:00,4876.00,4876.50,4874.75,4875.00,1296
2024-01-04 13:13:00,4875.25,4877.00,4874.75,4877.00,1200
2024-01-04 13:14:00,4877.00,4878.00,4876.75,4877.25,1330
2024-01-04 13:15:00,4877.00,4877.25,4876.00,4876.00,862
2024-01-04 13:16:00,4876.00,4877.50,4875.00,4877.25,1361
2024-01-04 13:17:00,4877.25,4878.25,4877.00,4877.50,1008
2024-01-04 13:18:00,4877.50,4878.00,4877.00,4877.75,848
2024-01-04 13:19:00,4877.75,4877.75,4876.00,4876.50,758
2024-01-04 13:20:00,4876.25,4877.75,4875.75,4877.50,869
2024-01-04 13:21:00,4877.75,4878.00,4877.25,4877.50,819
2024-01-04 13:22:00,4877.50,4877.75,4876.50,4877.00,954
2024-01-04 13:23:00,4877.00,4878.25,4876.75,4878.25,983
2024-01-04 13:24:00,4878.00,4878.25,4876.75,4877.00,845
2024-01-04 13:25:00,4877.00,4878.00,4877.00,4877.75,748
2024-01-04 13:26:00,4878.00,4879.00,4877.75,4878.75,1050
2024-01-04 13:27:00,4878.75,4879.00,4877.75,4879.00,916
2024-01-04 13:28:00,4879.00,4879.00,4877.50,4877.75,830
2024-01-04 13:29:00,4877.50,4878.25,4876.75,4878.25,959
2024-01-04 13:30:00,4878.25,4879.25,4878.00,4879.00,1100
2024-01-04 13:31:00,4879.00,4879.50,4877.75,4878.50,1117
2024-01-04 13:32:00,4878.25,4879.00,4877.50,4878.50,823
2024-01-04 13:33:00,4878.50,4878.75,4878.25,4878.25,773
2024-01-04 13:34:00,4878.25,4878.25,4877.00,4878.00,831
2024-01-04 13:35:00,4878.00,4878.50,4876.75,4878.25,887
2024-01-04 13:36:00,4878.25,4879.00,4877.50,4878.50,1260
2024-01-04 13:37:00,4878.75,4878.75,4876.50,4876.75,948
2024-01-04 13:38:00,4876.75,4877.50,4875.50,4876.25,1825
2024-01-04 13:39:00,4876.25,4877.75,4876.25,4877.50,1098
2024-01-04 13:40:00,4877.25,4879.00,4877.25,4878.00,1240
2024-01-04 13:41:00,4877.75,4877.75,4876.25,4877.00,1029
2024-01-04 13:42:00,4877.25,4878.75,4877.25,4878.25,1135
2024-01-04 13:43:00,4878.25,4878.75,4877.50,4878.25,921
2024-01-04 13:44:00,4878.50,4879.25,4878.25,4879.00,1275
2024-01-04 13:45:00,4879.00,4879.50,4878.50,4878.75,1000
2024-01-04 13:46:00,4878.75,4879.00,4878.00,4878.25,922
2024-01-04 13:47:00,4878.25,4879.00,4877.25,4878.25,996
2024-01-04 13:48:00,4878.25,4879.25,4877.75,4879.25,821
2024-01-04 13:49:00,4879.25,4879.50,4878.25,4878.50,1185
2024-01-04 13:50:00,4878.50,4879.50,4878.50,4879.25,1120
2024-01-04 13:51:00,4879.25,4879.25,4876.50,4876.75,1821
2024-01-04 13:52:00,4877.00,4879.00,4876.25,4878.50,2318
2024-01-04 13:53:00,4878.50,4879.00,4877.00,4878.00,1355
2024-01-04 13:54:00,4877.75,4877.75,4876.00,4876.25,1059
2024-01-04 13:55:00,4876.25,4877.25,4875.75,4876.00,1186
2024-01-04 13:56:00,4876.25,4876.25,4874.50,4875.50,2376
2024-01-04 13:57:00,4875.25,4878.00,4875.25,4877.25,1921
2024-01-04 13:58:00,4877.25,4877.25,4875.75,4876.00,965
2024-01-04 13:59:00,4876.00,4876.50,4874.75,4875.75,1068
2024-01-04 14:00:00,4875.75,4877.00,4875.00,4876.25,1521
2024-01-04 14:01:00,4876.25,4878.25,4876.25,4878.00,1345
2024-01-04 14:02:00,4877.75,4878.00,4876.00,4876.25,1190
2024-01-04 14:03:00,4876.25,4876.25,4874.25,4875.00,1614
2024-01-04 14:04:00,4875.25,4875.25,4874.00,4874.50,1371
2024-01-04 14:05:00,4874.75,4875.25,4874.00,4874.75,1304
2024-01-04 14:06:00,4874.75,4874.75,4873.25,4874.50,1504
2024-01-04 14:07:00,4874.50,4875.75,4874.25,4875.50,1309
2024-01-04 14:08:00,4875.50,4876.00,4873.75,4874.25,1380
2024-01-04 14:09:00,4874.25,4874.75,4873.25,4873.50,1191
2024-01-04 14:10:00,4873.50,4874.00,4871.25,4871.25,3325
2024-01-04 14:11:00,4871.50,4873.00,4871.00,4873.00,2954
2024-01-04 14:12:00,4873.00,4875.00,4872.00,4874.25,2232
2024-01-04 14:13:00,4874.00,4875.50,4874.00,4874.75,1871
2024-01-04 14:14:00,4874.75,4875.50,4874.25,4875.00,1535
2024-01-04 14:15:00,4874.75,4876.50,4874.75,4876.00,1598
2024-01-04 14:16:00,4876.25,4876.25,4874.25,4875.00,1441
2024-01-04 14:17:00,4875.25,4875.25,4874.00,4875.00,1034
2024-01-04 14:18:00,4874.75,4875.75,4874.75,4875.25,1042
2024-01-04 14:19:00,4875.25,4875.25,4872.25,4872.50,1719
2024-01-04 14:20:00,4872.50,4872.75,4871.50,4872.75,1861
2024-01-04 14:21:00,4872.75,4874.25,4872.00,4873.50,1264
2024-01-04 14:22:00,4873.75,4874.00,4872.75,4872.75,987
2024-01-04 14:23:00,4872.50,4873.00,4871.25,4872.00,3678
2024-01-04 14:24:00,4871.75,4872.00,4870.25,4870.75,3058
2024-01-04 14:25:00,4871.00,4872.50,4869.75,4871.75,2884
2024-01-04 14:26:00,4871.75,4872.25,4870.25,4871.00,1669
2024-01-04 14:27:00,4871.25,4872.00,4870.75,4871.25,1687
2024-01-04 14:28:00,4871.25,4872.75,4870.75,4872.00,1662
2024-01-04 14:29:00,4872.00,4872.00,4870.00,4870.75,1180
2024-01-04 14:30:00,4870.50,4870.75,4869.00,4869.25,2905
2024-01-04 14:31:00,4869.50,4870.25,4869.25,4870.00,2281
2024-01-04 14:32:00,4869.75,4870.25,4869.25,4869.50,1503
2024-01-04 14:33:00,4869.50,4870.25,4869.00,4870.25,1393
2024-01-04 14:34:00,4870.00,4871.75,4870.00,4871.00,2095
2024-01-04 14:35:00,4870.75,4871.00,4869.25,4870.75,1494
2024-01-04 14:36:00,4870.50,4870.75,4869.50,4870.25,1260
2024-01-04 14:37:00,4870.00,4871.25,4870.00,4870.25,1125
2024-01-04 14:38:00,4870.00,4871.00,4869.25,4869.50,1432
2024-01-04 14:39:00,4869.25,4870.00,4869.00,4870.00,1147
2024-01-04 14:40:00,4870.00,4870.25,4869.50,4869.50,1065
2024-01-04 14:41:00,4869.25,4869.50,4868.50,4868.75,1665
2024-01-04 14:42:00,4868.75,4869.75,4868.25,4869.75,1716
2024-01-04 14:43:00,4869.75,4870.00,4868.50,4868.75,1090
2024-01-04 14:44:00,4868.75,4869.50,4868.25,4868.75,1369
2024-01-04 14:45:00,4868.50,4868.50,4866.50,4867.75,3268
2024-01-04 14:46:00,4867.50,4869.25,4867.50,4868.50,1667
2024-01-04 14:47:00,4868.25,4869.25,4868.25,4868.50,1279
2024-01-04 14:48:00,4868.50,4870.00,4868.25,4870.00,2096
2024-01-04 14:49:00,4869.75,4871.50,4869.25,4871.25,2586
2024-01-04 14:50:00,4871.00,4874.00,4871.00,4873.25,4799
2024-01-04 14:51:00,4873.00,4873.75,4872.75,4873.75,2551
2024-01-04 14:52:00,4873.50,4875.00,4873.00,4873.25,3228
2024-01-04 14:53:00,4873.00,4873.25,4872.00,4872.25,2796
2024-01-04 14:54:00,4872.00,4873.75,4872.00,4873.25,1507
2024-01-04 14:55:00,4873.25,4874.50,4873.00,4874.00,1790
2024-01-04 14:56:00,4874.00,4874.25,4872.75,4872.75,1143
2024-01-04 14:57:00,4872.75,4874.00,4872.50,4873.00,1261
2024-01-04 14:58:00,4872.75,4872.75,4871.25,4871.75,1522
2024-01-04 14:59:00,4871.75,4872.00,4870.50,4871.75,2012
2024-01-04 15:00:00,4871.75,4872.50,4871.00,4871.00,1666
2024-01-04 15:01:00,4871.00,4872.00,4870.25,4870.75,1459
2024-01-04 15:02:00,4870.50,4871.50,4870.25,4871.00,2007
2024-01-04 15:03:00,4871.00,4871.25,4869.00,4869.50,2887
2024-01-04 15:04:00,4869.25,4870.25,4868.75,4869.50,1298
2024-01-04 15:05:00,4869.50,4872.00,4869.50,4871.75,2961
2024-01-04 15:06:00,4871.50,4873.25,4871.25,4873.00,2240
2024-01-04 15:07:00,4873.00,4873.75,4872.25,4872.75,1463
2024-01-04 15:08:00,4872.50,4874.25,4871.75,4874.00,1616
2024-01-04 15:09:00,4874.00,4875.50,4873.50,4874.75,2478
2024-01-04 15:10:00,4875.00,4875.25,4873.75,4875.25,1632
2024-01-04 15:11:00,4875.25,4875.25,4873.00,4873.25,2142
2024-01-04 15:12:00,4873.25,4873.50,4872.00,4872.50,1950
2024-01-04 15:13:00,4872.75,4872.75,4872.00,4872.25,1805
2024-01-04 15:14:00,4872.25,4872.75,4870.75,4871.00,1967
2024-01-04 15:15:00,4871.00,4871.25,4869.50,4869.75,2087
2024-01-04 15:16:00,4869.75,4870.25,4865.50,4867.50,6870
2024-01-04 15:17:00,4867.75,4868.25,4866.75,4867.25,3651
2024-01-04 15:18:00,4867.50,4868.00,4866.75,4866.75,2979
2024-01-04 15:19:00,4867.00,4869.00,4866.75,4868.25,2712
2024-01-04 15:20:00,4868.00,4868.75,4867.25,4868.25,2211
2024-01-04 15:21:00,4868.25,4869.25,4867.50,4867.75,2180
2024-01-04 15:22:00,4867.50,4868.00,4866.00,4866.75,2786
2024-01-04 15:23:00,4866.75,4868.25,4866.25,4867.25,2111
2024-01-04 15:24:00,4867.00,4867.50,4866.75,4867.25,1409
2024-01-04 15:25:00,4867.25,4868.25,4866.75,4867.75,1569
2024-01-04 15:26:00,4868.00,4868.25,4866.50,4866.75,1448
2024-01-04 15:27:00,4867.00,4867.25,4866.00,4866.50,1755
2024-01-04 15:28:00,4866.50,4866.50,4865.50,4866.00,1883
2024-01-04 15:29:00,4865.75,4868.25,4865.75,4867.50,2654
2024-01-04 15:30:00,4867.75,4868.25,4866.75,4867.25,3095
2024-01-04 15:31:00,4867.25,4869.00,4867.25,4868.75,2471
2024-01-04 15:32:00,4868.50,4871.75,4868.50,4870.25,4488
2024-01-04 15:33:00,4870.25,4872.00,4869.50,4870.75,2784
2024-01-04 15:34:00,4870.75,4871.00,4869.25,4870.00,1725
2024-01-04 15:35:00,4870.25,4871.50,4870.00,4870.50,2122
2024-01-04 15:36:00,4870.50,4871.00,4869.75,4870.25,1632
2024-01-04 15:37:00,4870.50,4871.25,4869.75,4870.25,1836
2024-01-04 15:38:00,4870.50,4871.00,4869.50,4870.25,2255
2024-01-04 15:39:00,4870.50,4871.00,4869.75,4870.25,1721
2024-01-04 15:40:00,4870.50,4871.50,4869.50,4869.75,2423
2024-01-04 15:41:00,4869.75,4870.25,4869.25,4869.75,2015
2024-01-04 15:42:00,4869.75,4869.75,4868.50,4868.50,2815
2024-01-04 15:43:00,4868.75,4869.00,4867.25,4868.25,3690
2024-01-04 15:44:00,4868.00,4869.50,4868.00,4868.50,2148
2024-01-04 15:45:00,4868.75,4869.25,4868.00,4868.50,1945
2024-01-04 15:46:00,4868.50,4870.50,4868.50,4870.25,2706
2024-01-04 15:47:00,4870.25,4870.25,4867.75,4867.75,1991
2024-01-04 15:48:00,4868.00,4868.50,4866.75,4866.75,2680
2024-01-04 15:49:00,4867.00,4867.00,4863.25,4863.50,5547
2024-01-04 15:50:00,4863.75,4865.00,4859.00,4859.75,15814
2024-01-04 15:51:00,4859.75,4861.00,4857.25,4860.50,11444
2024-01-04 15:52:00,4860.25,4860.25,4858.25,4858.25,5656
2024-01-04 15:53:00,4858.50,4858.50,4856.50,4857.75,6683
2024-01-04 15:54:00,4857.75,4858.25,4855.50,4857.50,6191
2024-01-04 15:55:00,4857.75,4858.50,4855.75,4857.25,7037
2024-01-04 15:56:00,4857.50,4860.50,4857.25,4858.25,8613
2024-01-04 15:57:00,4858.50,4858.50,4857.00,4857.00,5157
2024-01-04 15:58:00,4857.25,4858.25,4857.00,4858.00,4722
2024-01-04 15:59:00,4858.00,4860.25,4856.50,4858.25,51472
2024-01-04 16:00:00,4858.50,4860.00,4856.00,4857.75,22169
2024-01-04 16:01:00,4857.50,4857.75,4856.25,4856.25,3923
2024-01-04 16:02:00,4856.50,4858.25,4856.25,4857.75,3348
2024-01-04 16:03:00,4858.00,4858.75,4857.50,4858.25,2576
2024-01-04 16:04:00,4858.50,4861.00,4858.50,4860.75,2213
2024-01-04 16:05:00,4861.00,4862.00,4860.50,4860.50,3182
2024-01-04 16:06:00,4860.75,4861.25,4860.50,4861.00,1007
2024-01-04 16:07:00,4860.75,4861.00,4860.00,4860.25,1100
2024-01-04 16:08:00,4860.25,4860.75,4860.25,4860.25,1030
2024-01-04 16:09:00,4860.50,4860.50,4858.75,4858.75,1221
2024-01-04 16:10:00,4859.00,4859.25,4858.50,4859.00,1093
2024-01-04 16:11:00,4859.00,4859.25,4858.50,4859.25,1076
2024-01-04 16:12:00,4859.25,4859.75,4859.00,4859.75,689
2024-01-04 16:13:00,4859.75,4859.75,4858.25,4858.25,891
2024-01-04 16:14:00,4858.25,4858.50,4857.00,4857.25,1800
2024-01-04 16:15:00,4857.25,4858.25,4856.75,4858.25,763
2024-01-04 16:16:00,4858.25,4858.50,4858.00,4858.50,196
2024-01-04 16:17:00,4858.50,4858.75,4857.75,4857.75,314
2024-01-04 16:18:00,4858.00,4858.00,4857.75,4858.00,109
2024-01-04 16:19:00,4858.00,4858.25,4857.75,4858.25,124
2024-01-04 16:20:00,4858.25,4858.50,4858.00,4858.25,104
2024-01-04 16:21:00,4858.25,4859.00,4858.25,4858.75,275
2024-01-04 16:22:00,4859.00,4859.50,4859.00,4859.25,224
2024-01-04 16:23:00,4859.25,4860.00,4859.00,4860.00,367
2024-01-04 16:24:00,4860.00,4860.25,4859.75,4860.25,235
2024-01-04 16:25:00,4860.50,4860.50,4860.00,4860.25,109
2024-01-04 16:26:00,4860.00,4860.25,4859.50,4860.00,335
2024-01-04 16:27:00,4860.00,4860.50,4859.75,4860.25,245
2024-01-04 16:28:00,4860.00,4861.00,4860.00,4860.75,430
2024-01-04 16:29:00,4860.50,4860.75,4860.25,4860.50,157
2024-01-04 16:30:00,4860.50,4860.50,4860.00,4860.25,274
2024-01-04 16:31:00,4860.50,4861.00,4860.25,4861.00,259
2024-01-04 16:32:00,4861.00,4861.00,4860.50,4860.75,258
2024-01-04 16:33:00,4860.75,4861.00,4860.50,4860.75,299
2024-01-04 16:34:00,4861.00,4861.00,4860.75,4861.00,36
2024-01-04 16:35:00,4860.75,4861.25,4860.75,4861.00,108
2024-01-04 16:36:00,4861.25,4861.25,4860.75,4860.75,288
2024-01-04 16:37:00,4860.50,4860.75,4860.25,4860.75,156
2024-01-04 16:38:00,4860.50,4861.25,4860.50,4860.75,242
2024-01-04 16:39:00,4860.75,4861.00,4860.75,4860.75,195
2024-01-04 16:40:00,4861.00,4861.00,4860.75,4861.00,13
2024-01-04 16:41:00,4860.75,4861.00,4860.25,4860.75,346
2024-01-04 16:42:00,4860.75,4861.00,4860.75,4861.00,90
2024-01-04 16:43:00,4860.75,4861.00,4860.75,4860.75,36
2024-01-04 16:44:00,4861.00,4861.25,4860.75,4861.00,134
2024-01-04 16:45:00,4861.25,4861.75,4860.50,4860.50,667
2024-01-04 16:46:00,4860.75,4861.00,4860.50,4861.00,124
2024-01-04 16:47:00,4860.75,4861.00,4860.50,4860.75,207
2024-01-04 16:48:00,4861.00,4861.00,4860.75,4861.00,68
2024-01-04 16:49:00,4860.75,4861.25,4860.75,4861.00,77
2024-01-04 16:50:00,4861.00,4861.25,4860.75,4861.00,183
2024-01-04 16:51:00,4860.75,4861.00,4860.50,4860.50,117
2024-01-04 16:52:00,4860.50,4860.75,4860.00,4860.00,171
2024-01-04 16:53:00,4860.00,4860.50,4860.00,4860.25,112
2024-01-04 16:54:00,4860.50,4860.50,4860.00,4860.50,144
2024-01-04 16:55:00,4860.50,4860.75,4860.00,4860.75,279
2024-01-04 16:56:00,4860.50,4860.75,4860.25,4860.50,127
2024-01-04 16:57:00,4860.25,4860.50,4860.00,4860.00,112
2024-01-04 16:58:00,4860.50,4860.50,4860.00,4860.00,171
2024-01-04 16:59:00,4860.00,4861.00,4859.75,4860.75,449
2024-01-04 18:00:00,4861.25,4863.00,4861.00,4862.75,491
2024-01-04 18:01:00,4862.75,4864.00,4862.50,4863.75,374
2024-01-04 18:02:00,4863.50,4864.00,4863.25,4863.50,117
2024-01-04 18:03:00,4863.50,4863.50,4862.75,4862.75,88
2024-01-04 18:04:00,4862.75,4863.25,4862.50,4863.00,127
2024-01-04 18:05:00,4863.00,4863.75,4862.75,4863.75,87
2024-01-04 18:06:00,4863.25,4863.75,4863.25,4863.50,125
2024-01-04 18:07:00,4863.50,4863.50,4863.25,4863.25,48
2024-01-04 18:08:00,4863.25,4863.50,4863.25,4863.25,46
2024-01-04 18:09:00,4863.50,4863.75,4863.25,4863.25,110
2024-01-04 18:10:00,4863.25,4863.50,4863.25,4863.50,93
2024-01-04 18:11:00,4863.50,4864.50,4863.50,4864.25,258
2024-01-04 18:12:00,4864.00,4864.75,4864.00,4864.50,138
2024-01-04 18:13:00,4864.50,4864.75,4864.25,4864.75,60
2024-01-04 18:14:00,4864.75,4864.75,4864.25,4864.25,116
2024-01-04 18:15:00,4864.25,4864.75,4864.25,4864.75,75
2024-01-04 18:16:00,4864.75,4865.00,4864.75,4865.00,134
2024-01-04 18:17:00,4864.75,4865.00,4864.50,4864.50,99
2024-01-04 18:18:00,4864.50,4864.50,4864.00,4864.50,83
2024-01-04 18:19:00,4864.50,4864.50,4864.00,4864.25,81
2024-01-04 18:20:00,4864.25,4864.50,4864.00,4864.50,114
2024-01-04 18:21:00,4864.25,4864.50,4863.50,4863.75,294
2024-01-04 18:22:00,4863.75,4864.25,4863.50,4863.75,218
2024-01-04 18:23:00,4863.50,4863.75,4863.50,4863.75,66
2024-01-04 18:24:00,4863.75,4864.25,4863.75,4863.75,295
2024-01-04 18:25:00,4863.75,4863.75,4863.75,4863.75,2
2024-01-04 18:26:00,4864.00,4864.00,4863.75,4864.00,71
2024-01-04 18:27:00,4863.75,4863.75,4863.25,4863.50,79
2024-01-04 18:28:00,4863.50,4863.75,4863.50,4863.50,36
2024-01-04 18:29:00,4863.75,4863.75,4863.25,4863.50,81
2024-01-04 18:30:00,4863.50,4863.75,4862.75,4863.00,83
2024-01-04 18:31:00,4863.00,4863.25,4862.75,4863.00,54
2024-01-04 18:32:00,4863.25,4863.75,4863.00,4863.75,105
2024-01-04 18:33:00,4864.00,4864.25,4863.50,4864.00,249
2024-01-04 18:34:00,4864.00,4864.25,4864.00,4864.00,26
2024-01-04 18:35:00,4864.00,4864.00,4864.00,4864.00,5
2024-01-04 18:36:00,4864.00,4864.00,4864.00,4864.00,4
2024-01-04 18:37:00,4864.00,4864.25,4864.00,4864.25,29
2024-01-04 18:38:00,4864.00,4864.50,4864.00,4864.50,23
2024-01-04 18:39:00,4864.50,4864.75,4864.25,4864.25,70
2024-01-04 18:40:00,4864.25,4864.50,4864.25,4864.25,29
2024-01-04 18:41:00,4864.00,4864.25,4864.00,4864.25,73
2024-01-04 18:42:00,4864.00,4864.00,4863.75,4864.00,32
2024-01-04 18:43:00,4863.75,4864.00,4863.75,4863.75,32
2024-01-04 18:44:00,4863.75,4863.75,4863.25,4863.25,32
2024-01-04 18:45:00,4863.50,4863.75,4863.25,4863.75,39
2024-01-04 18:46:00,4863.75,4863.75,4863.50,4863.75,13
2024-01-04 18:47:00,4863.75,4864.00,4863.75,4863.75,31
2024-01-04 18:48:00,4863.75,4864.00,4863.50,4863.75,21
2024-01-04 18:50:00,4863.50,4863.50,4863.25,4863.25,75
2024-01-04 18:51:00,4863.25,4863.50,4863.00,4863.00,43
2024-01-04 18:52:00,4863.25,4863.25,4863.00,4863.25,97
2024-01-04 18:53:00,4863.25,4863.25,4862.75,4862.75,58
2024-01-04 18:54:00,4863.00,4863.00,4862.75,4862.75,91
2024-01-04 18:55:00,4862.75,4863.00,4862.75,4863.00,78
2024-01-04 18:56:00,4863.00,4863.00,4862.75,4862.75,21
2024-01-04 18:57:00,4863.00,4863.00,4862.75,4862.75,33
2024-01-04 18:58:00,4862.75,4863.00,4862.50,4862.50,46
2024-01-04 18:59:00,4862.50,4862.75,4862.25,4862.50,80
2024-01-04 19:00:00,4862.50,4862.50,4861.75,4861.75,182
2024-01-04 19:01:00,4862.00,4862.00,4861.75,4862.00,186
2024-01-04 19:02:00,4862.00,4862.25,4861.75,4862.00,115
2024-01-04 19:03:00,4862.00,4862.00,4861.50,4861.75,184
2024-01-04 19:04:00,4861.50,4862.25,4861.50,4862.25,103
2024-01-04 19:05:00,4862.00,4862.75,4862.00,4862.25,148
2024-01-04 19:06:00,4862.50,4862.75,4862.50,4862.50,57
2024-01-04 19:07:00,4862.75,4862.75,4862.00,4862.25,68
2024-01-04 19:08:00,4862.50,4862.50,4862.50,4862.50,21
2024-01-04 19:09:00,4862.50,4862.75,4862.50,4862.50,68
2024-01-04 19:10:00,4862.50,4862.50,4862.25,4862.25,77
2024-01-04 19:11:00,4862.00,4862.25,4862.00,4862.00,77
2024-01-04 19:12:00,4862.00,4862.50,4862.00,4862.50,75
2024-01-04 19:13:00,4862.50,4863.00,4862.50,4863.00,61
2024-01-04 19:14:00,4862.75,4863.00,4862.75,4863.00,54
2024-01-04 19:15:00,4863.00,4863.25,4862.75,4863.25,43
2024-01-04 19:16:00,4863.25,4863.25,4862.50,4862.50,76
2024-01-04 19:17:00,4862.75,4863.25,4862.75,4863.25,81
2024-01-04 19:18:00,4863.25,4863.75,4863.25,4863.50,86
2024-01-04 19:19:00,4863.50,4863.75,4863.50,4863.50,117
2024-01-04 19:20:00,4863.50,4863.75,4863.50,4863.75,95
2024-01-04 19:21:00,4863.75,4864.00,4863.50,4863.75,140
2024-01-04 19:22:00,4863.50,4863.75,4863.50,4863.75,58
2024-01-04 19:23:00,4863.75,4863.75,4863.50,4863.50,40
2024-01-04 19:24:00,4863.50,4863.50,4863.50,4863.50,47
2024-01-04 19:25:00,4863.25,4863.25,4863.00,4863.25,67
2024-01-04 19:26:00,4863.00,4863.00,4862.75,4862.75,68
2024-01-04 19:27:00,4862.75,4862.75,4862.50,4862.75,17
2024-01-04 19:28:00,4862.75,4863.00,4862.75,4863.00,39
2024-01-04 19:29:00,4863.00,4863.00,4863.00,4863.00,16
2024-01-04 19:30:00,4863.00,4863.50,4863.00,4863.50,70
2024-01-04 19:31:00,4863.50,4864.25,4863.50,4864.00,98
2024-01-04 19:32:00,4864.00,4864.50,4864.00,4864.25,165
2024-01-04 19:33:00,4864.25,4864.25,4863.50,4863.50,66
2024-01-04 19:34:00,4863.75,4864.00,4863.75,4864.00,100
2024-01-04 19:35:00,4864.00,4864.25,4864.00,4864.25,80
2024-01-04 19:36:00,4864.25,4864.25,4864.25,4864.25,46
2024-01-04 19:37:00,4864.00,4864.25,4864.00,4864.25,18
2024-01-04 19:38:00,4864.25,4864.25,4864.00,4864.00,31
2024-01-04 19:39:00,4864.25,4864.25,4863.75,4864.00,100
2024-01-04 19:40:00,4864.00,4864.25,4864.00,4864.00,62
2024-01-04 19:41:00,4864.00,4864.25,4863.75,4863.75,28
2024-01-04 19:42:00,4863.75,4864.00,4863.75,4864.00,9
2024-01-04 19:43:00,4863.75,4864.25,4863.75,4864.25,27
2024-01-04 19:44:00,4864.00,4864.25,4863.75,4864.00,71
2024-01-04 19:45:00,4863.75,4864.50,4863.75,4864.50,97
2024-01-04 19:46:00,4864.25,4864.50,4864.25,4864.25,38
2024-01-04 19:47:00,4864.25,4864.25,4863.50,4863.75,128
2024-01-04 19:48:00,4863.75,4864.00,4863.75,4863.75,31
2024-01-04 19:49:00,4863.75,4864.00,4863.50,4864.00,39
2024-01-04 19:50:00,4864.00,4864.00,4863.75,4863.75,15
2024-01-04 19:51:00,4864.00,4864.00,4863.75,4863.75,5
2024-01-04 19:52:00,4863.75,4863.75,4863.50,4863.50,24
2024-01-04 19:53:00,4863.50,4863.75,4863.50,4863.50,8
2024-01-04 19:54:00,4863.75,4863.75,4863.50,4863.50,28
2024-01-04 19:55:00,4863.50,4863.50,4863.25,4863.25,58
2024-01-04 19:56:00,4863.25,4863.25,4863.00,4863.00,35
2024-01-04 19:57:00,4863.00,4863.00,4862.50,4862.50,96
2024-01-04 19:58:00,4862.75,4863.00,4862.75,4862.75,58
2024-01-04 19:59:00,4863.00,4863.00,4862.50,4862.50,42
2024-01-04 20:00:00,4862.75,4863.25,4862.50,4863.00,165
2024-01-04 20:01:00,4863.25,4863.25,4863.00,4863.25,134
2024-01-04 20:02:00,4863.00,4863.25,4862.75,4863.00,80
2024-01-04 20:03:00,4863.00,4863.00,4862.50,4862.75,77
2024-01-04 20:04:00,4862.50,4862.75,4862.25,4862.50,81
2024-01-04 20:05:00,4862.50,4862.75,4862.25,4862.75,90
2024-01-04 20:06:00,4862.75,4862.75,4862.50,4862.50,69
2024-01-04 20:07:00,4862.75,4862.75,4862.75,4862.75,30
2024-01-04 20:08:00,4862.75,4863.00,4862.75,4862.75,24
2024-01-04 20:09:00,4863.00,4863.00,4862.75,4862.75,9
2024-01-04 20:10:00,4862.75,4863.25,4862.75,4863.00,95
2024-01-04 20:11:00,4863.00,4864.00,4863.00,4863.75,125
2024-01-04 20:12:00,4863.75,4864.00,4863.50,4863.50,32
2024-01-04 20:13:00,4863.75,4864.25,4863.75,4864.00,64
2024-01-04 20:14:00,4864.25,4864.50,4864.00,4864.50,197
2024-01-04 20:15:00,4864.50,4864.75,4864.00,4864.00,125
2024-01-04 20:16:00,4864.00,4864.00,4863.25,4863.25,87
2024-01-04 20:17:00,4863.50,4864.00,4863.50,4863.75,116
2024-01-04 20:18:00,4863.75,4864.25,4863.75,4864.25,107
2024-01-04 20:19:00,4864.00,4864.00,4864.00,4864.00,62
2024-01-04 20:20:00,4863.75,4864.00,4863.75,4864.00,87
2024-01-04 20:21:00,4863.75,4864.00,4863.50,4863.75,98
2024-01-04 20:22:00,4863.75,4863.75,4863.50,4863.50,69
2024-01-04 20:23:00,4863.25,4863.25,4861.75,4861.75,306
2024-01-04 20:24:00,4862.00,4862.75,4861.75,4862.50,284
2024-01-04 20:25:00,4862.50,4862.75,4862.25,4862.25,116
2024-01-04 20:26:00,4862.50,4862.50,4861.50,4862.25,249
2024-01-04 20:27:00,4862.25,4862.25,4862.25,4862.25,51
2024-01-04 20:28:00,4862.25,4862.75,4862.25,4862.50,62
2024-01-04 20:29:00,4862.50,4863.00,4862.50,4863.00,33
2024-01-04 20:30:00,4862.75,4863.00,4862.25,4862.50,108
2024-01-04 20:31:00,4862.50,4862.75,4862.00,4862.25,91
2024-01-04 20:32:00,4862.00,4862.00,4861.50,4862.00,342
2024-01-04 20:33:00,4862.25,4862.50,4862.25,4862.50,43
2024-01-04 20:34:00,4862.50,4862.75,4862.50,4862.75,60
2024-01-04 20:35:00,4862.75,4862.75,4862.50,4862.50,41
2024-01-04 20:36:00,4862.75,4862.75,4862.25,4862.75,94
2024-01-04 20:37:00,4863.00,4863.00,4862.50,4863.00,70
2024-01-04 20:38:00,4863.25,4863.50,4863.25,4863.50,102
2024-01-04 20:39:00,4863.50,4863.75,4863.25,4863.75,137
2024-01-04 20:40:00,4863.50,4863.50,4863.25,4863.25,63
2024-01-04 20:41:00,4863.00,4863.25,4862.75,4863.25,93
2024-01-04 20:42:00,4863.25,4863.25,4863.00,4863.00,48
2024-01-04 20:43:00,4863.25,4863.50,4863.00,4863.50,54
2024-01-04 20:44:00,4863.50,4864.00,4863.25,4863.75,183
2024-01-04 20:45:00,4864.00,4865.00,4864.00,4864.50,352
2024-01-04 20:46:00,4864.75,4864.75,4864.25,4864.25,76
2024-01-04 20:47:00,4864.50,4864.50,4864.25,4864.50,65
2024-01-04 20:48:00,4864.50,4864.50,4864.00,4864.00,67
2024-01-04 20:49:00,4864.00,4864.00,4863.50,4864.00,157
2024-01-04 20:50:00,4864.00,4864.25,4864.00,4864.00,23
2024-01-04 20:51:00,4864.00,4864.00,4863.50,4863.50,30
2024-01-04 20:52:00,4863.50,4863.50,4863.25,4863.50,38
2024-01-04 20:53:00,4863.50,4863.50,4863.00,4863.25,83
2024-01-04 20:54:00,4863.25,4863.50,4863.25,4863.25,27
2024-01-04 20:55:00,4863.25,4863.50,4863.25,4863.50,55
2024-01-04 20:56:00,4863.50,4863.75,4863.50,4863.75,31
2024-01-04 20:57:00,4863.75,4864.00,4863.75,4863.75,94
2024-01-04 20:58:00,4863.50,4864.00,4863.50,4864.00,39
2024-01-04 20:59:00,4863.75,4864.00,4863.75,4863.75,18
2024-01-04 21:00:00,4863.75,4863.75,4863.25,4863.50,35
2024-01-04 21:01:00,4863.25,4863.25,4863.00,4863.00,45
2024-01-04 21:02:00,4863.00,4863.25,4863.00,4863.00,39
2024-01-04 21:03:00,4863.00,4863.00,4862.25,4862.50,217
2024-01-04 21:04:00,4862.50,4863.00,4862.50,4863.00,57
2024-01-04 21:05:00,4863.25,4863.25,4863.00,4863.25,18
2024-01-04 21:06:00,4863.25,4863.25,4863.00,4863.25,122
2024-01-04 21:07:00,4863.50,4863.50,4863.25,4863.25,18
2024-01-04 21:08:00,4863.00,4863.00,4863.00,4863.00,33
2024-01-04 21:09:00,4863.00,4863.25,4863.00,4863.00,14
2024-01-04 21:10:00,4863.00,4863.00,4862.75,4863.00,71
2024-01-04 21:11:00,4863.00,4863.25,4862.75,4862.75,32
2024-01-04 21:12:00,4862.75,4863.00,4862.50,4862.75,54
2024-01-04 21:13:00,4862.75,4862.75,4862.50,4862.50,28
2024-01-04 21:14:00,4862.50,4862.75,4862.50,4862.50,42
2024-01-04 21:15:00,4862.50,4862.75,4862.25,4862.75,21
2024-01-04 21:16:00,4862.50,4862.75,4862.25,4862.50,45
2024-01-04 21:17:00,4862.50,4862.50,4862.25,4862.50,48
2024-01-04 21:18:00,4862.25,4862.50,4862.25,4862.50,9
2024-01-04 21:19:00,4862.50,4862.50,4862.25,4862.50,37
2024-01-04 21:20:00,4862.25,4862.50,4862.25,4862.50,5
2024-01-04 21:21:00,4862.50,4862.50,4862.00,4862.25,87
2024-01-04 21:22:00,4862.50,4862.75,4862.25,4862.75,25
2024-01-04 21:23:00,4862.75,4863.25,4862.50,4862.75,193
2024-01-04 21:24:00,4863.00,4863.25,4862.75,4863.25,32
2024-01-04 21:25:00,4863.25,4863.50,4863.25,4863.25,100
2024-01-04 21:26:00,4863.25,4863.25,4862.75,4863.00,35
2024-01-04 21:27:00,4863.25,4863.50,4863.00,4863.00,74
2024-01-04 21:28:00,4862.75,4863.00,4862.50,4862.75,27
2024-01-04 21:29:00,4862.50,4863.00,4862.50,4863.00,35
2024-01-04 21:30:00,4863.00,4863.00,4862.50,4862.75,66
2024-01-04 21:31:00,4862.75,4863.25,4862.75,4863.00,47
2024-01-04 21:32:00,4863.00,4863.00,4862.50,4862.75,10
2024-01-04 21:33:00,4862.50,4862.75,4862.50,4862.75,33
2024-01-04 21:34:00,4863.00,4863.00,4862.50,4862.50,26
2024-01-04 21:35:00,4862.75,4863.00,4862.50,4862.50,66
2024-01-04 21:36:00,4862.25,4862.50,4862.25,4862.50,51
2024-01-04 21:37:00,4862.50,4862.75,4862.25,4862.25,26
2024-01-04 21:38:00,4862.50,4862.75,4862.50,4862.50,29
2024-01-04 21:39:00,4862.50,4862.50,4862.50,4862.50,23
2024-01-04 21:40:00,4862.50,4862.75,4862.25,4862.50,12
2024-01-04 21:41:00,4862.75,4862.75,4862.00,4862.25,79
2024-01-04 21:42:00,4862.25,4862.50,4862.25,4862.25,32
2024-01-04 21:43:00,4862.25,4862.25,4861.75,4861.75,86
2024-01-04 21:44:00,4862.00,4862.00,4861.50,4861.75,175
2024-01-04 21:45:00,4861.75,4862.00,4861.50,4861.75,29
2024-01-04 21:46:00,4862.00,4862.00,4861.75,4861.75,103
2024-01-04 21:47:00,4861.75,4861.75,4861.50,4861.50,25
2024-01-04 21:48:00,4861.50,4861.50,4861.50,4861.50,92
2024-01-04 21:49:00,4861.50,4861.50,4861.25,4861.25,59
2024-01-04 21:50:00,4861.25,4861.75,4861.00,4861.50,177
2024-01-04 21:51:00,4861.75,4861.75,4861.50,4861.75,55
2024-01-04 21:52:00,4861.75,4862.00,4861.75,4861.75,40
2024-01-04 21:53:00,4861.75,4862.00,4861.75,4861.75,9
2024-01-04 21:54:00,4861.75,4862.00,4861.75,4862.00,53
2024-01-04 21:55:00,4862.00,4862.25,4861.75,4862.00,37
2024-01-04 21:56:00,4862.00,4862.00,4861.75,4861.75,17
2024-01-04 21:57:00,4861.75,4861.75,4861.50,4861.50,77
2024-01-04 21:58:00,4861.50,4861.75,4861.25,4861.25,41
2024-01-04 21:59:00,4861.25,4861.50,4861.25,4861.50,85
2024-01-04 22:00:00,4861.75,4862.00,4861.50,4862.00,121
2024-01-04 22:01:00,4862.00,4862.25,4862.00,4862.25,30
2024-01-04 22:02:00,4862.00,4862.00,4862.00,4862.00,10
2024-01-04 22:03:00,4862.00,4862.25,4862.00,4862.00,6
2024-01-04 22:04:00,4862.25,4862.25,4862.00,4862.25,3
2024-01-04 22:05:00,4862.25,4862.25,4862.00,4862.00,22
2024-01-04 22:06:00,4862.00,4862.25,4862.00,4862.00,53
2024-01-04 22:07:00,4862.00,4862.25,4862.00,4862.25,6
2024-01-04 22:08:00,4862.00,4862.00,4862.00,4862.00,34
2024-01-04 22:09:00,4861.75,4861.75,4861.75,4861.75,3
2024-01-04 22:10:00,4862.00,4862.25,4862.00,4862.00,29
2024-01-04 22:11:00,4861.75,4862.00,4861.75,4862.00,42
2024-01-04 22:12:00,4862.00,4862.25,4861.75,4861.75,30
2024-01-04 22:13:00,4861.75,4861.75,4861.75,4861.75,7
2024-01-04 22:14:00,4861.75,4862.00,4861.75,4861.75,18
2024-01-04 22:15:00,4862.00,4862.25,4861.75,4862.25,36
2024-01-04 22:16:00,4862.25,4862.25,4862.25,4862.25,2
2024-01-04 22:17:00,4862.00,4862.00,4862.00,4862.00,15
2024-01-04 22:18:00,4861.75,4862.25,4861.75,4862.00,24
2024-01-04 22:19:00,4862.00,4862.25,4862.00,4862.00,21
2024-01-04 22:20:00,4862.25,4862.25,4862.25,4862.25,2
2024-01-04 22:21:00,4862.00,4862.25,4862.00,4862.25,5
2024-01-04 22:22:00,4862.00,4862.25,4862.00,4862.25,23
2024-01-04 22:23:00,4862.25,4862.50,4862.25,4862.25,40
2024-01-04 22:24:00,4862.25,4862.25,4862.25,4862.25,28
2024-01-04 22:25:00,4862.25,4862.25,4862.25,4862.25,3
2024-01-04 22:26:00,4862.25,4862.50,4862.25,4862.50,36
2024-01-04 22:27:00,4862.25,4862.25,4862.25,4862.25,11
2024-01-04 22:28:00,4862.00,4862.75,4862.00,4862.75,175
2024-01-04 22:29:00,4862.75,4862.75,4862.50,4862.50,65
2024-01-04 22:30:00,4862.50,4862.50,4862.50,4862.50,61
2024-01-04 22:31:00,4862.25,4862.50,4862.25,4862.25,10
2024-01-04 22:32:00,4862.25,4862.50,4862.25,4862.50,99
2024-01-04 22:33:00,4862.25,4862.25,4862.00,4862.00,19
2024-01-04 22:34:00,4862.25,4862.25,4862.00,4862.00,74
2024-01-04 22:35:00,4862.00,4862.25,4862.00,4862.00,53
2024-01-04 22:36:00,4862.00,4862.00,4861.75,4862.00,24
2024-01-04 22:37:00,4861.75,4861.75,4861.50,4861.50,112
2024-01-04 22:38:00,4861.50,4861.75,4861.50,4861.75,7
2024-01-04 22:39:00,4861.50,4861.50,4861.25,4861.50,47
2024-01-04 22:40:00,4861.50,4861.75,4861.25,4861.50,32
2024-01-04 22:41:00,4861.50,4861.50,4861.25,4861.50,9
2024-01-04 22:43:00,4861.50,4861.50,4860.50,4860.75,151
2024-01-04 22:44:00,4861.00,4861.00,4860.75,4860.75,15
2024-01-04 22:45:00,4860.75,4861.00,4860.75,4861.00,36
2024-01-04 22:46:00,4861.00,4861.50,4861.00,4861.50,36
2024-01-04 22:47:00,4861.75,4861.75,4861.50,4861.50,81
2024-01-04 22:48:00,4861.25,4861.25,4861.00,4861.00,32
2024-01-04 22:49:00,4861.25,4861.50,4861.25,4861.50,48
2024-01-04 22:50:00,4861.50,4861.50,4861.25,4861.25,25
2024-01-04 22:51:00,4861.00,4861.25,4861.00,4861.00,19
2024-01-04 22:52:00,4861.25,4861.25,4861.25,4861.25,2
2024-01-04 22:53:00,4861.25,4861.25,4860.75,4861.00,79
2024-01-04 22:54:00,4860.75,4860.75,4860.75,4860.75,4
2024-01-04 22:55:00,4860.75,4861.00,4860.75,4860.75,7
2024-01-04 22:56:00,4861.00,4861.25,4860.50,4860.50,73
2024-01-04 22:57:00,4860.50,4860.75,4860.50,4860.50,31
2024-01-04 22:58:00,4860.50,4861.00,4860.50,4861.00,31
2024-01-04 22:59:00,4860.75,4861.00,4860.75,4861.00,3
2024-01-04 23:00:00,4860.75,4861.50,4860.75,4861.50,165
2024-01-04 23:01:00,4861.50,4861.75,4861.50,4861.50,40
2024-01-04 23:02:00,4861.25,4861.25,4861.25,4861.25,76
2024-01-04 23:03:00,4861.25,4861.25,4861.25,4861.25,65
2024-01-04 23:04:00,4861.25,4861.25,4861.00,4861.00,53
2024-01-04 23:05:00,4861.00,4861.50,4861.00,4861.50,166
2024-01-04 23:06:00,4861.50,4861.75,4861.50,4861.50,47
2024-01-04 23:07:00,4861.75,4862.00,4861.75,4861.75,65
2024-01-04 23:08:00,4862.00,4862.00,4861.50,4861.75,102
2024-01-04 23:09:00,4861.75,4861.75,4861.75,4861.75,32
2024-01-04 23:10:00,4861.75,4862.25,4861.75,4862.25,30
2024-01-04 23:11:00,4862.25,4862.50,4862.25,4862.25,188
2024-01-04 23:12:00,4862.25,4862.50,4861.75,4862.00,172
2024-01-04 23:13:00,4862.00,4862.25,4862.00,4862.25,71
2024-01-04 23:14:00,4862.25,4862.50,4862.25,4862.50,89
2024-01-04 23:15:00,4862.75,4862.75,4862.25,4862.25,107
2024-01-04 23:16:00,4862.25,4862.25,4862.00,4862.25,37
2024-01-04 23:17:00,4862.25,4862.50,4862.25,4862.25,66
2024-01-04 23:18:00,4862.25,4862.50,4862.25,4862.50,59
2024-01-04 23:19:00,4862.75,4862.75,4862.25,4862.50,134
2024-01-04 23:20:00,4862.50,4862.75,4862.50,4862.75,90
2024-01-04 23:21:00,4862.75,4862.75,4862.50,4862.75,112
2024-01-04 23:22:00,4862.75,4862.75,4862.50,4862.50,162
2024-01-04 23:23:00,4862.50,4862.75,4862.50,4862.75,13
2024-01-04 23:24:00,4862.50,4862.75,4862.50,4862.50,39
2024-01-04 23:25:00,4862.75,4862.75,4862.50,4862.50,67
2024-01-04 23:26:00,4862.75,4863.25,4862.75,4863.25,120
2024-01-04 23:27:00,4863.25,4863.50,4863.25,4863.25,195
2024-01-04 23:28:00,4863.25,4863.50,4863.00,4863.50,53
2024-01-04 23:29:00,4863.25,4863.50,4863.25,4863.50,59
2024-01-04 23:30:00,4863.25,4863.50,4863.25,4863.25,62
2024-01-04 23:31:00,4863.25,4863.25,4863.25,4863.25,26
2024-01-04 23:32:00,4863.25,4863.25,4863.25,4863.25,30
2024-01-04 23:33:00,4863.25,4863.25,4863.00,4863.00,18
2024-01-04 23:34:00,4863.00,4863.00,4862.75,4863.00,35
2024-01-04 23:35:00,4862.75,4862.75,4862.50,4862.75,51
2024-01-04 23:36:00,4862.75,4863.00,4862.75,4863.00,12
2024-01-04 23:37:00,4863.00,4863.00,4862.75,4862.75,54
2024-01-04 23:38:00,4862.75,4862.75,4862.50,4862.50,16
2024-01-04 23:39:00,4862.50,4862.50,4862.50,4862.50,7
2024-01-04 23:40:00,4862.50,4862.75,4862.50,4862.75,39
2024-01-04 23:41:00,4862.75,4862.75,4862.50,4862.75,65
2024-01-04 23:42:00,4862.75,4862.75,4862.50,4862.50,33
2024-01-04 23:43:00,4862.50,4862.50,4862.25,4862.25,44
2024-01-04 23:44:00,4862.00,4862.25,4861.75,4861.75,81
2024-01-04 23:45:00,4861.50,4861.75,4861.50,4861.50,66
2024-01-04 23:46:00,4861.75,4861.75,4861.50,4861.50,35
2024-01-04 23:47:00,4861.50,4861.50,4861.00,4861.25,83
2024-01-04 23:48:00,4861.50,4862.00,4861.50,4861.50,59
2024-01-04 23:49:00,4861.50,4861.75,4861.50,4861.50,17
2024-01-04 23:50:00,4861.50,4861.50,4861.25,4861.50,26
2024-01-04 23:51:00,4861.25,4861.50,4861.25,4861.50,17
2024-01-04 23:52:00,4861.25,4861.25,4861.00,4861.25,40
2024-01-04 23:53:00,4861.00,4861.00,4861.00,4861.00,48
2024-01-04 23:54:00,4860.75,4861.00,4860.00,4860.25,192
2024-01-04 23:55:00,4860.25,4861.00,4860.25,4861.00,46
2024-01-04 23:56:00,4861.00,4861.00,4860.75,4861.00,30
2024-01-04 23:57:00,4860.75,4861.25,4860.75,4861.25,60
2024-01-04 23:58:00,4861.00,4861.25,4860.75,4860.75,44
2024-01-04 23:59:00,4860.75,4860.75,4860.50,4860.50,60
2024-01-05 00:00:00,4860.50,4860.75,4860.25,4860.75,92
2024-01-05 00:01:00,4860.75,4860.75,4860.50,4860.75,33
2024-01-05 00:02:00,4860.75,4861.00,4860.75,4861.00,57
2024-01-05 00:03:00,4861.00,4861.00,4860.50,4860.75,31
2024-01-05 00:04:00,4860.75,4861.00,4860.75,4861.00,22
2024-01-05 00:05:00,4860.75,4860.75,4860.25,4860.50,50
2024-01-05 00:06:00,4860.50,4860.75,4860.25,4860.25,102
2024-01-05 00:07:00,4860.25,4860.25,4860.00,4860.00,48
2024-01-05 00:08:00,4860.00,4860.50,4860.00,4860.50,66
2024-01-05 00:09:00,4860.50,4860.50,4860.50,4860.50,13
2024-01-05 00:10:00,4860.50,4860.50,4860.00,4860.25,39
2024-01-05 00:11:00,4860.00,4860.25,4859.75,4860.00,53
2024-01-05 00:12:00,4860.00,4860.50,4860.00,4860.50,75
2024-01-05 00:13:00,4860.25,4860.25,4860.25,4860.25,21
2024-01-05 00:14:00,4860.50,4860.50,4860.25,4860.25,27
2024-01-05 00:15:00,4860.25,4860.75,4860.25,4860.75,27
2024-01-05 00:16:00,4860.75,4860.75,4860.75,4860.75,24
2024-01-05 00:17:00,4860.50,4860.75,4860.50,4860.50,14
2024-01-05 00:18:00,4860.50,4860.50,4860.50,4860.50,1
2024-01-05 00:19:00,4860.25,4860.50,4859.75,4860.00,186
2024-01-05 00:20:00,4860.00,4860.00,4859.25,4859.25,248
2024-01-05 00:21:00,4859.25,4859.50,4858.75,4858.75,179
2024-01-05 00:22:00,4859.00,4859.25,4858.25,4858.25,119
2024-01-05 00:23:00,4858.25,4858.50,4858.00,4858.50,160
2024-01-05 00:24:00,4858.75,4859.00,4858.25,4858.25,144
2024-01-05 00:25:00,4858.50,4858.75,4858.00,4858.75,146
2024-01-05 00:26:00,4858.75,4859.25,4858.75,4859.25,68
2024-01-05 00:27:00,4859.25,4859.50,4859.00,4859.25,67
2024-01-05 00:28:00,4859.25,4859.25,4858.50,4858.75,110
2024-01-05 00:29:00,4859.00,4859.25,4858.75,4859.25,29
2024-01-05 00:30:00,4859.00,4859.75,4859.00,4859.50,74
2024-01-05 00:31:00,4859.25,4859.50,4859.25,4859.25,31
2024-01-05 00:32:00,4859.50,4859.50,4859.25,4859.50,5
2024-01-05 00:33:00,4859.50,4859.50,4859.00,4859.25,129
2024-01-05 00:34:00,4859.25,4859.25,4859.25,4859.25,22
2024-01-05 00:35:00,4859.00,4859.00,4858.75,4859.00,40
2024-01-05 00:36:00,4859.25,4859.50,4859.00,4859.25,32
2024-01-05 00:37:00,4859.50,4859.50,4859.25,4859.50,59
2024-01-05 00:38:00,4859.25,4859.75,4859.25,4859.75,23
2024-01-05 00:39:00,4859.75,4859.75,4859.25,4859.50,31
2024-01-05 00:40:00,4859.50,4859.50,4859.25,4859.50,8
2024-01-05 00:41:00,4859.50,4859.50,4859.25,4859.50,43
2024-01-05 00:42:00,4859.50,4859.50,4859.25,4859.50,52
2024-01-05 00:43:00,4859.75,4860.00,4859.50,4860.00,73
2024-01-05 00:44:00,4859.75,4860.00,4859.75,4859.75,17
2024-01-05 00:45:00,4859.75,4859.75,4859.50,4859.50,32
2024-01-05 00:46:00,4859.75,4859.75,4859.50,4859.50,16
2024-01-05 00:47:00,4859.50,4859.50,4859.25,4859.25,38
2024-01-05 00:48:00,4859.00,4859.25,4858.75,4858.75,89
2024-01-05 00:49:00,4859.00,4859.00,4858.75,4859.00,43
2024-01-05 00:50:00,4859.25,4859.25,4859.25,4859.25,34
2024-01-05 00:51:00,4859.25,4859.25,4859.00,4859.00,39
2024-01-05 00:52:00,4859.00,4859.25,4858.75,4859.00,20
2024-01-05 00:53:00,4859.00,4859.00,4858.75,4859.00,15
2024-01-05 00:54:00,4859.00,4859.25,4859.00,4859.25,65
2024-01-05 00:55:00,4859.25,4859.50,4859.25,4859.50,39
2024-01-05 00:56:00,4859.50,4859.50,4859.25,4859.50,59
2024-01-05 00:57:00,4859.25,4859.50,4859.25,4859.25,53
2024-01-05 00:58:00,4859.00,4859.00,4858.75,4858.75,80
2024-01-05 00:59:00,4858.75,4858.75,4858.50,4858.75,28
2024-01-05 01:00:00,4858.50,4859.25,4858.50,4859.25,189
2024-01-05 01:01:00,4859.00,4859.25,4859.00,4859.25,56
2024-01-05 01:02:00,4859.25,4860.25,4859.25,4860.25,153
2024-01-05 01:03:00,4860.00,4860.00,4859.50,4859.50,94
2024-01-05 01:04:00,4859.50,4860.00,4859.25,4860.00,127
2024-01-05 01:05:00,4859.75,4859.75,4859.00,4859.25,120
2024-01-05 01:06:00,4859.00,4859.25,4859.00,4859.25,59
2024-01-05 01:07:00,4859.25,4859.25,4858.25,4858.25,149
2024-01-05 01:08:00,4858.25,4858.50,4858.25,4858.50,22
2024-01-05 01:09:00,4858.25,4858.75,4858.00,4858.75,65
2024-01-05 01:10:00,4858.75,4859.00,4858.50,4858.50,56
2024-01-05 01:11:00,4858.75,4858.75,4858.50,4858.50,99
2024-01-05 01:12:00,4858.50,4858.75,4858.50,4858.50,43
2024-01-05 01:13:00,4858.50,4858.50,4857.75,4858.00,89
2024-01-05 01:14:00,4857.75,4858.25,4857.75,4858.25,83
2024-01-05 01:15:00,4858.00,4858.00,4857.25,4857.50,127
2024-01-05 01:16:00,4857.50,4857.50,4856.75,4857.00,233
2024-01-05 01:17:00,4857.00,4857.00,4856.50,4856.50,149
2024-01-05 01:18:00,4856.50,4857.00,4856.50,4857.00,76
2024-01-05 01:19:00,4857.00,4857.25,4856.75,4856.75,76
2024-01-05 01:20:00,4856.75,4857.25,4856.75,4857.00,72
2024-01-05 01:21:00,4857.00,4857.50,4857.00,4857.50,73
2024-01-05 01:22:00,4857.25,4857.50,4857.25,4857.50,51
2024-01-05 01:23:00,4857.75,4857.75,4857.50,4857.75,67
2024-01-05 01:24:00,4857.50,4857.75,4857.25,4857.50,70
2024-01-05 01:25:00,4857.50,4858.00,4857.25,4857.75,116
2024-01-05 01:26:00,4857.75,4857.75,4857.50,4857.50,65
2024-01-05 01:27:00,4857.50,4857.50,4857.00,4857.50,87
2024-01-05 01:28:00,4857.50,4857.50,4856.75,4857.00,61
2024-01-05 01:29:00,4857.00,4857.00,4856.50,4856.75,83
2024-01-05 01:30:00,4856.50,4856.75,4856.00,4856.25,113
2024-01-05 01:31:00,4856.25,4856.25,4855.25,4855.50,315
2024-01-05 01:32:00,4855.75,4855.75,4855.25,4855.75,266
2024-01-05 01:33:00,4855.75,4855.75,4855.25,4855.50,222
2024-01-05 01:34:00,4855.50,4855.50,4854.75,4855.00,178
2024-01-05 01:35:00,4855.25,4855.25,4855.00,4855.00,68
2024-01-05 01:36:00,4855.25,4855.25,4853.25,4853.75,754
2024-01-05 01:37:00,4853.50,4854.50,4853.50,4854.25,341
2024-01-05 01:38:00,4854.25,4854.25,4854.00,4854.00,128
2024-01-05 01:39:00,4853.75,4854.00,4852.75,4852.75,246
2024-01-05 01:40:00,4853.00,4853.25,4853.00,4853.25,131
2024-01-05 01:41:00,4853.50,4854.00,4852.25,4852.50,402
2024-01-05 01:42:00,4852.75,4852.75,4852.00,4852.25,184
2024-01-05 01:43:00,4852.50,4852.50,4851.00,4851.25,672
2024-01-05 01:44:00,4851.25,4851.75,4851.00,4851.75,243
2024-01-05 01:45:00,4851.75,4852.75,4851.75,4852.75,127
2024-01-05 01:46:00,4852.75,4852.75,4852.00,4852.25,109
2024-01-05 01:47:00,4852.25,4852.25,4852.00,4852.00,55
2024-01-05 01:48:00,4852.25,4852.50,4852.00,4852.50,112
2024-01-05 01:49:00,4852.75,4853.25,4852.50,4853.25,115
2024-01-05 01:50:00,4853.25,4853.50,4853.00,4853.25,153
2024-01-05 01:51:00,4853.25,4853.75,4853.00,4853.00,171
2024-01-05 01:52:00,4853.00,4853.25,4852.75,4852.75,76
2024-01-05 01:53:00,4853.00,4853.25,4853.00,4853.25,137
2024-01-05 01:54:00,4853.00,4853.00,4852.50,4852.50,90
2024-01-05 01:55:00,4852.50,4853.00,4852.50,4853.00,55
2024-01-05 01:56:00,4853.00,4853.25,4852.50,4852.75,211
2024-01-05 01:57:00,4853.00,4853.50,4853.00,4853.25,125
2024-01-05 01:58:00,4853.25,4854.25,4853.25,4854.00,118
2024-01-05 01:59:00,4854.00,4854.50,4853.75,4854.00,189
2024-01-05 02:00:00,4854.00,4854.50,4854.00,4854.25,95
2024-01-05 02:01:00,4854.00,4854.00,4853.50,4853.75,244
2024-01-05 02:02:00,4854.00,4854.25,4853.75,4853.75,174
2024-01-05 02:03:00,4853.75,4853.75,4853.50,4853.50,60
2024-01-05 02:04:00,4853.50,4854.25,4853.25,4854.25,134
2024-01-05 02:05:00,4854.25,4854.50,4853.25,4853.25,200
2024-01-05 02:06:00,4853.25,4854.00,4852.75,4853.75,140
2024-01-05 02:07:00,4853.75,4853.75,4853.00,4853.00,52
2024-01-05 02:08:00,4853.00,4853.75,4853.00,4853.75,78
2024-01-05 02:09:00,4853.75,4854.00,4853.75,4853.75,82
2024-01-05 02:10:00,4853.75,4854.00,4853.50,4853.50,38
2024-01-05 02:11:00,4853.25,4853.50,4853.00,4853.50,53
2024-01-05 02:12:00,4853.50,4854.50,4853.50,4854.50,184
2024-01-05 02:13:00,4854.50,4854.75,4854.25,4854.75,25
2024-01-05 02:14:00,4854.50,4855.25,4854.50,4854.75,209
2024-01-05 02:15:00,4855.00,4855.50,4854.50,4854.75,314
2024-01-05 02:16:00,4855.00,4855.00,4854.00,4854.00,146
2024-01-05 02:17:00,4854.25,4854.75,4854.25,4854.50,98
2024-01-05 02:18:00,4854.50,4855.25,4854.50,4855.25,109
2024-01-05 02:19:00,4855.25,4856.25,4855.25,4855.75,365
2024-01-05 02:20:00,4855.75,4856.50,4855.75,4856.00,181
2024-01-05 02:21:00,4856.00,4856.00,4855.75,4855.75,45
2024-01-05 02:22:00,4855.50,4856.00,4855.50,4855.75,94
2024-01-05 02:23:00,4855.75,4855.75,4855.50,4855.75,64
2024-01-05 02:24:00,4856.00,4856.50,4856.00,4856.25,64
2024-01-05 02:25:00,4856.00,4856.00,4855.50,4855.50,156
2024-01-05 02:26:00,4855.75,4856.00,4855.75,4856.00,132
2024-01-05 02:27:00,4856.00,4856.25,4856.00,4856.00,75
2024-01-05 02:28:00,4856.00,4856.25,4856.00,4856.00,90
2024-01-05 02:29:00,4856.00,4856.25,4856.00,4856.00,69
2024-01-05 02:30:00,4856.00,4856.75,4856.00,4856.00,203
2024-01-05 02:31:00,4856.00,4856.50,4855.75,4856.25,40
2024-01-05 02:32:00,4856.25,4856.25,4856.25,4856.25,43
2024-01-05 02:33:00,4856.50,4856.50,4856.25,4856.25,89
2024-01-05 02:34:00,4856.25,4856.50,4856.00,4856.50,169
2024-01-05 02:35:00,4856.50,4856.50,4855.75,4855.75,31
2024-01-05 02:36:00,4855.75,4855.75,4855.00,4855.25,174
2024-01-05 02:37:00,4855.25,4855.25,4855.00,4855.25,35
2024-01-05 02:38:00,4855.00,4855.00,4854.75,4854.75,115
2024-01-05 02:39:00,4855.00,4855.00,4854.50,4854.75,195
2024-01-05 02:40:00,4854.75,4855.00,4854.25,4854.50,117
2024-01-05 02:41:00,4854.25,4854.25,4853.50,4853.50,186
2024-01-05 02:42:00,4853.50,4853.50,4853.25,4853.25,101
2024-01-05 02:43:00,4853.25,4853.50,4852.75,4853.50,100
2024-01-05 02:44:00,4853.50,4853.50,4852.50,4852.50,227
2024-01-05 02:45:00,4852.50,4852.75,4852.50,4852.50,141
2024-01-05 02:46:00,4852.50,4853.75,4852.00,4853.50,274
2024-01-05 02:47:00,4853.50,4853.50,4852.75,4852.75,100
2024-01-05 02:48:00,4852.75,4853.50,4852.75,4853.50,87
2024-01-05 02:49:00,4853.25,4853.25,4852.75,4853.00,96
2024-01-05 02:50:00,4853.00,4853.25,4852.75,4853.00,100
2024-01-05 02:51:00,4853.25,4853.50,4853.00,4853.00,76
2024-01-05 02:52:00,4853.25,4853.25,4853.00,4853.00,33
2024-01-05 02:53:00,4853.25,4853.50,4852.75,4852.75,96
2024-01-05 02:54:00,4852.75,4853.00,4852.00,4852.00,124
2024-01-05 02:55:00,4852.00,4852.50,4851.25,4851.75,189
2024-01-05 02:56:00,4851.50,4851.75,4851.25,4851.50,185
2024-01-05 02:57:00,4851.50,4851.75,4851.50,4851.75,102
2024-01-05 02:58:00,4851.75,4852.00,4851.50,4851.75,90
2024-01-05 02:59:00,4851.50,4851.75,4850.50,4851.25,618
2024-01-05 03:00:00,4851.50,4852.25,4851.25,4851.50,1078
2024-01-05 03:01:00,4851.50,4851.75,4851.25,4851.50,340
2024-01-05 03:02:00,4851.50,4852.00,4851.00,4851.50,260
2024-01-05 03:03:00,4851.75,4852.00,4851.25,4851.25,243
2024-01-05 03:04:00,4851.50,4853.25,4851.25,4853.25,259
2024-01-05 03:05:00,4853.25,4853.75,4852.75,4853.00,266
2024-01-05 03:06:00,4853.00,4853.25,4852.75,4852.75,205
2024-01-05 03:07:00,4852.75,4852.75,4852.00,4852.75,208
2024-01-05 03:08:00,4853.00,4853.00,4852.00,4852.50,193
2024-01-05 03:09:00,4852.75,4853.75,4852.50,4853.50,219
2024-01-05 03:10:00,4853.25,4854.00,4852.75,4853.25,344
2024-01-05 03:11:00,4853.25,4853.75,4852.75,4853.00,357
2024-01-05 03:12:00,4852.75,4855.50,4852.75,4855.25,346
2024-01-05 03:13:00,4855.25,4856.00,4855.00,4855.75,267
2024-01-05 03:14:00,4856.00,4856.00,4854.75,4855.00,268
2024-01-05 03:15:00,4855.00,4855.75,4855.00,4855.25,192
2024-01-05 03:16:00,4855.00,4855.50,4854.75,4855.25,146
2024-01-05 03:17:00,4855.25,4855.25,4855.00,4855.25,92
2024-01-05 03:18:00,4855.25,4855.50,4854.50,4854.75,181
2024-01-05 03:19:00,4855.00,4855.25,4854.50,4854.75,121
2024-01-05 03:20:00,4854.50,4855.75,4854.50,4855.25,168
2024-01-05 03:21:00,4855.50,4856.25,4855.50,4856.00,215
2024-01-05 03:22:00,4856.00,4856.50,4856.00,4856.25,316
2024-01-05 03:23:00,4856.25,4856.50,4855.75,4856.00,196
2024-01-05 03:24:00,4855.75,4856.00,4855.25,4855.25,241
2024-01-05 03:25:00,4855.25,4856.25,4855.25,4856.00,312
2024-01-05 03:26:00,4856.00,4857.00,4856.00,4856.25,319
2024-01-05 03:27:00,4856.25,4856.25,4855.50,4855.50,177
2024-01-05 03:28:00,4855.50,4855.50,4854.75,4855.25,225
2024-01-05 03:29:00,4855.25,4855.50,4854.75,4854.75,141
2024-01-05 03:30:00,4854.75,4854.75,4853.25,4853.25,298
2024-01-05 03:31:00,4853.50,4854.25,4853.00,4853.25,355
2024-01-05 03:32:00,4853.25,4853.25,4852.50,4852.75,231
2024-01-05 03:33:00,4852.75,4853.25,4852.50,4853.00,277
2024-01-05 03:34:00,4853.00,4853.75,4853.00,4853.75,315
2024-01-05 03:35:00,4853.75,4854.25,4853.50,4854.25,450
2024-01-05 03:36:00,4854.00,4854.75,4853.75,4854.75,297
2024-01-05 03:37:00,4854.75,4855.25,4854.75,4855.00,228
2024-01-05 03:38:00,4855.00,4855.00,4853.75,4854.25,158
2024-01-05 03:39:00,4854.00,4854.25,4853.75,4853.75,122
2024-01-05 03:40:00,4854.00,4855.25,4854.00,4855.00,259
2024-01-05 03:41:00,4855.25,4855.75,4855.25,4855.50,262
2024-01-05 03:42:00,4855.75,4855.75,4854.75,4855.25,241
2024-01-05 03:43:00,4855.25,4855.50,4854.25,4854.50,182
2024-01-05 03:44:00,4854.50,4854.75,4854.25,4854.25,181
2024-01-05 03:45:00,4854.50,4854.75,4853.75,4854.25,151
2024-01-05 03:46:00,4854.25,4854.50,4854.00,4854.50,195
2024-01-05 03:47:00,4854.50,4855.00,4853.75,4854.25,392
2024-01-05 03:48:00,4854.25,4855.00,4854.00,4854.00,177
2024-01-05 03:49:00,4854.25,4854.25,4853.50,4853.50,203
2024-01-05 03:50:00,4853.50,4854.25,4853.00,4853.50,247
2024-01-05 03:51:00,4853.50,4853.75,4852.50,4853.00,202
2024-01-05 03:52:00,4852.75,4853.00,4852.00,4852.50,198
2024-01-05 03:53:00,4852.50,4852.50,4852.00,4852.25,221
2024-01-05 03:54:00,4852.00,4852.50,4851.50,4851.75,239
2024-01-05 03:55:00,4851.75,4852.50,4851.75,4852.50,238
2024-01-05 03:56:00,4852.25,4852.50,4851.75,4852.25,253
2024-01-05 03:57:00,4852.25,4852.25,4851.50,4852.00,270
2024-01-05 03:58:00,4852.00,4852.25,4851.75,4852.00,147
2024-01-05 03:59:00,4852.00,4852.50,4851.75,4851.75,338
2024-01-05 04:00:00,4851.75,4852.25,4850.75,4852.00,616
2024-01-05 04:01:00,4852.00,4852.25,4851.25,4851.75,296
2024-01-05 04:02:00,4852.00,4853.00,4852.00,4852.75,350
2024-01-05 04:03:00,4852.75,4853.00,4851.00,4851.50,410
2024-01-05 04:04:00,4851.25,4851.25,4849.25,4849.25,722
2024-01-05 04:05:00,4849.25,4849.25,4847.00,4847.25,1785
2024-01-05 04:06:00,4847.25,4848.00,4847.25,4847.75,417
2024-01-05 04:07:00,4847.75,4848.50,4847.50,4848.50,347
2024-01-05 04:08:00,4848.50,4849.25,4848.25,4848.75,368
2024-01-05 04:09:00,4848.75,4848.75,4848.00,4848.25,397
2024-01-05 04:10:00,4848.50,4849.25,4848.25,4849.00,331
2024-01-05 04:11:00,4849.00,4849.50,4848.25,4848.25,464
2024-01-05 04:12:00,4848.50,4849.25,4848.25,4849.00,211
2024-01-05 04:13:00,4849.00,4849.75,4849.00,4849.50,217
2024-01-05 04:14:00,4849.25,4849.50,4848.75,4849.25,180
2024-01-05 04:15:00,4849.25,4849.75,4849.00,4849.75,144
2024-01-05 04:16:00,4849.50,4849.50,4848.75,4848.75,321
2024-01-05 04:17:00,4848.75,4849.25,4848.50,4849.25,188
2024-01-05 04:18:00,4849.25,4850.50,4849.25,4850.50,307
2024-01-05 04:19:00,4850.75,4851.75,4850.50,4851.75,371
2024-01-05 04:20:00,4851.50,4853.00,4851.50,4852.75,254
2024-01-05 04:21:00,4852.75,4853.00,4852.50,4852.75,179
2024-01-05 04:22:00,4853.00,4853.00,4852.00,4852.25,249
2024-01-05 04:23:00,4852.50,4853.00,4852.25,4853.00,81
2024-01-05 04:24:00,4853.00,4853.50,4852.25,4852.75,409
2024-01-05 04:25:00,4852.50,4852.75,4852.00,4852.25,215
2024-01-05 04:26:00,4852.50,4852.75,4852.00,4852.00,180
2024-01-05 04:27:00,4852.00,4852.00,4851.50,4851.75,334
2024-01-05 04:28:00,4851.75,4852.25,4851.75,4852.25,78
2024-01-05 04:29:00,4852.00,4852.00,4851.25,4851.50,163
2024-01-05 04:30:00,4851.50,4851.75,4851.50,4851.75,132
2024-01-05 04:31:00,4851.75,4851.75,4851.25,4851.50,152
2024-01-05 04:32:00,4851.25,4851.25,4850.50,4850.50,495
2024-01-05 04:33:00,4850.50,4850.50,4849.50,4850.25,348
2024-01-05 04:34:00,4850.25,4851.50,4850.00,4850.25,387
2024-01-05 04:35:00,4850.00,4850.50,4849.75,4849.75,226
2024-01-05 04:36:00,4849.75,4850.50,4849.50,4850.50,173
2024-01-05 04:37:00,4850.25,4850.75,4849.50,4849.75,135
2024-01-05 04:38:00,4849.75,4850.00,4849.00,4849.00,273
2024-01-05 04:39:00,4849.00,4849.00,4847.25,4847.75,602
2024-01-05 04:40:00,4847.75,4848.00,4847.50,4848.00,247
2024-01-05 04:41:00,4847.75,4848.00,4847.25,4847.50,325
2024-01-05 04:42:00,4847.25,4847.50,4846.50,4847.50,490
2024-01-05 04:43:00,4847.50,4847.50,4847.25,4847.25,193
2024-01-05 04:44:00,4847.25,4847.25,4846.25,4846.50,341
2024-01-05 04:45:00,4846.25,4847.00,4846.00,4847.00,435
2024-01-05 04:46:00,4847.00,4847.50,4846.75,4847.50,329
2024-01-05 04:47:00,4847.50,4847.75,4847.25,4847.50,257
2024-01-05 04:48:00,4847.75,4848.00,4847.50,4847.75,189
2024-01-05 04:49:00,4847.50,4848.00,4847.50,4848.00,220
2024-01-05 04:50:00,4847.75,4848.00,4847.50,4847.75,282
2024-01-05 04:51:00,4847.50,4848.25,4847.50,4847.50,331
2024-01-05 04:52:00,4847.25,4847.50,4847.00,4847.00,190
2024-01-05 04:53:00,4847.00,4847.50,4847.00,4847.25,231
2024-01-05 04:54:00,4847.50,4847.50,4846.75,4847.50,261
2024-01-05 04:55:00,4847.50,4847.75,4847.00,4847.25,213
2024-01-05 04:56:00,4847.25,4847.75,4847.00,4847.75,158
2024-01-05 04:57:00,4848.00,4848.00,4847.25,4847.50,357
2024-01-05 04:58:00,4847.25,4847.50,4846.75,4846.75,252
2024-01-05 04:59:00,4846.75,4847.00,4846.50,4846.75,513
2024-01-05 05:00:00,4846.75,4847.00,4846.50,4846.75,382
2024-01-05 05:01:00,4846.75,4847.50,4846.75,4847.25,365
2024-01-05 05:02:00,4847.25,4847.25,4847.00,4847.25,114
2024-01-05 05:03:00,4847.00,4847.75,4847.00,4847.75,113
2024-01-05 05:04:00,4847.75,4847.75,4847.50,4847.50,220
2024-01-05 05:05:00,4847.50,4848.00,4847.25,4848.00,215
2024-01-05 05:06:00,4847.75,4848.50,4847.75,4848.50,243
2024-01-05 05:07:00,4848.50,4848.75,4848.00,4848.25,348
2024-01-05 05:08:00,4848.00,4848.00,4847.25,4847.50,221
2024-01-05 05:09:00,4847.50,4847.50,4846.25,4847.25,253
2024-01-05 05:10:00,4847.50,4848.50,4847.50,4847.75,413
2024-01-05 05:11:00,4848.00,4848.75,4848.00,4848.75,172
2024-01-05 05:12:00,4848.75,4849.00,4848.50,4848.75,159
2024-01-05 05:13:00,4849.00,4849.25,4848.75,4849.00,186
2024-01-05 05:14:00,4849.00,4849.25,4848.50,4848.50,109
2024-01-05 05:15:00,4848.25,4848.50,4848.00,4848.25,213
2024-01-05 05:16:00,4848.25,4848.25,4847.25,4847.25,601
2024-01-05 05:17:00,4847.00,4848.50,4847.00,4848.50,195
2024-01-05 05:18:00,4848.25,4848.50,4847.50,4847.50,174
2024-01-05 05:19:00,4847.50,4847.75,4847.25,4847.50,237
2024-01-05 05:20:00,4847.25,4847.25,4846.50,4847.00,196
2024-01-05 05:21:00,4846.75,4847.50,4846.75,4846.75,189
2024-01-05 05:22:00,4847.00,4848.00,4847.00,4847.75,247
2024-01-05 05:23:00,4847.50,4848.00,4847.25,4847.25,225
2024-01-05 05:24:00,4847.25,4847.50,4847.00,4847.00,102
2024-01-05 05:25:00,4847.00,4847.00,4846.00,4846.00,448
2024-01-05 05:26:00,4846.25,4846.50,4845.50,4846.00,618
2024-01-05 05:27:00,4845.75,4846.00,4845.50,4845.75,195
2024-01-05 05:28:00,4845.75,4846.25,4845.25,4846.25,464
2024-01-05 05:29:00,4846.00,4846.00,4845.75,4846.00,139
2024-01-05 05:30:00,4846.00,4846.25,4845.50,4845.75,178
2024-01-05 05:31:00,4846.00,4846.75,4846.00,4846.75,208
2024-01-05 05:32:00,4846.50,4846.50,4845.75,4846.00,296
2024-01-05 05:33:00,4846.00,4846.00,4845.25,4845.50,228
2024-01-05 05:34:00,4845.50,4845.75,4845.25,4845.75,103
2024-01-05 05:35:00,4845.75,4846.00,4845.75,4845.75,114
2024-01-05 05:36:00,4845.50,4846.00,4845.50,4846.00,151
2024-01-05 05:37:00,4845.75,4846.00,4845.25,4846.00,193
2024-01-05 05:38:00,4845.75,4846.00,4845.50,4845.50,87
2024-01-05 05:39:00,4845.75,4845.75,4845.25,4845.25,175
2024-01-05 05:40:00,4845.25,4845.75,4845.25,4845.50,255
2024-01-05 05:41:00,4845.50,4845.75,4844.75,4845.75,267
2024-01-05 05:42:00,4845.50,4847.00,4845.25,4846.75,464
2024-01-05 05:43:00,4846.75,4846.75,4845.75,4846.00,228
2024-01-05 05:44:00,4845.75,4845.75,4845.25,4845.75,137
2024-01-05 05:45:00,4845.50,4845.75,4845.25,4845.25,234
2024-01-05 05:46:00,4845.25,4845.50,4844.75,4845.25,363
2024-01-05 05:47:00,4845.25,4845.25,4845.00,4845.25,121
2024-01-05 05:48:00,4845.25,4845.25,4844.50,4844.50,252
2024-01-05 05:49:00,4844.75,4844.75,4843.75,4843.75,394
2024-01-05 05:50:00,4843.75,4844.00,4842.25,4843.00,1011
2024-01-05 05:51:00,4843.25,4843.25,4842.25,4843.25,394
2024-01-05 05:52:00,4843.25,4844.50,4843.25,4844.25,403
2024-01-05 05:53:00,4844.25,4845.25,4844.25,4845.00,271
2024-01-05 05:54:00,4844.75,4845.75,4844.75,4845.50,458
2024-01-05 05:55:00,4845.50,4846.50,4845.00,4846.25,344
2024-01-05 05:56:00,4846.50,4847.00,4846.25,4846.75,232
2024-01-05 05:57:00,4847.00,4847.00,4846.50,4846.75,256
2024-01-05 05:58:00,4846.75,4847.00,4846.50,4847.00,298
2024-01-05 05:59:00,4847.00,4847.00,4846.75,4847.00,223
2024-01-05 06:00:00,4846.75,4847.75,4846.75,4847.75,319
2024-01-05 06:01:00,4847.50,4847.50,4846.50,4847.00,449
2024-01-05 06:02:00,4847.00,4847.25,4846.75,4847.25,154
2024-01-05 06:03:00,4847.50,4848.25,4847.50,4848.25,162
2024-01-05 06:04:00,4848.25,4848.50,4848.00,4848.25,290
2024-01-05 06:05:00,4848.25,4848.25,4847.75,4847.75,123
2024-01-05 06:06:00,4847.75,4847.75,4847.00,4847.00,125
2024-01-05 06:07:00,4847.00,4848.00,4847.00,4848.00,227
2024-01-05 06:08:00,4848.00,4848.00,4847.50,4847.75,106
2024-01-05 06:09:00,4847.75,4847.75,4847.00,4847.00,257
2024-01-05 06:10:00,4847.00,4848.00,4847.00,4848.00,225
2024-01-05 06:11:00,4848.00,4848.00,4848.00,4848.00,96
2024-01-05 06:12:00,4848.00,4848.00,4846.50,4846.50,269
2024-01-05 06:13:00,4846.50,4846.75,4846.50,4846.50,183
2024-01-05 06:14:00,4846.25,4846.25,4845.75,4845.75,321
2024-01-05 06:15:00,4845.75,4846.25,4845.50,4846.00,82
2024-01-05 06:16:00,4846.25,4846.75,4845.75,4846.00,138
2024-01-05 06:17:00,4846.00,4846.00,4845.50,4845.50,108
2024-01-05 06:18:00,4845.50,4846.00,4845.25,4845.75,108
2024-01-05 06:19:00,4845.50,4846.50,4845.50,4846.00,165
2024-01-05 06:20:00,4846.00,4846.75,4846.00,4846.50,107
2024-01-05 06:21:00,4846.50,4846.50,4846.00,4846.25,81
2024-01-05 06:22:00,4846.50,4846.75,4845.75,4845.75,155
2024-01-05 06:23:00,4845.75,4846.00,4845.00,4845.25,270
2024-01-05 06:24:00,4845.00,4845.25,4844.50,4844.75,213
2024-01-05 06:25:00,4844.75,4845.75,4844.75,4845.50,124
2024-01-05 06:26:00,4845.75,4846.25,4845.25,4845.50,150
2024-01-05 06:27:00,4845.50,4845.50,4844.00,4844.00,285
2024-01-05 06:28:00,4844.25,4844.50,4843.00,4843.00,424
2024-01-05 06:29:00,4843.00,4843.25,4842.50,4842.75,555
2024-01-05 06:30:00,4842.75,4843.25,4842.25,4842.50,1025
2024-01-05 06:31:00,4842.75,4843.00,4841.75,4841.75,628
2024-01-05 06:32:00,4841.75,4842.25,4840.50,4841.00,905
2024-01-05 06:33:00,4841.25,4842.00,4840.75,4841.25,488
2024-01-05 06:34:00,4841.25,4841.25,4840.50,4840.75,471
2024-01-05 06:35:00,4840.75,4841.25,4840.50,4840.75,475
2024-01-05 06:36:00,4841.00,4841.00,4840.50,4840.75,418
2024-01-05 06:37:00,4840.75,4840.75,4839.75,4840.00,378
2024-01-05 06:38:00,4840.00,4840.25,4839.75,4840.00,179
2024-01-05 06:39:00,4840.25,4842.00,4840.00,4842.00,356
2024-01-05 06:40:00,4841.75,4842.00,4841.25,4841.50,260
2024-01-05 06:41:00,4841.50,4842.75,4841.25,4842.00,475
2024-01-05 06:42:00,4842.25,4842.25,4841.25,4841.75,397
2024-01-05 06:43:00,4842.00,4842.00,4841.50,4841.75,118
2024-01-05 06:44:00,4841.75,4842.50,4841.75,4842.00,111
2024-01-05 06:45:00,4842.25,4842.75,4842.00,4842.75,208
2024-01-05 06:46:00,4842.75,4842.75,4842.25,4842.50,222
2024-01-05 06:47:00,4842.75,4843.50,4842.75,4843.25,200
2024-01-05 06:48:00,4843.00,4844.25,4843.00,4844.00,545
2024-01-05 06:49:00,4844.00,4844.25,4843.00,4843.00,201
2024-01-05 06:50:00,4843.25,4843.75,4843.00,4843.00,277
2024-01-05 06:51:00,4843.00,4844.50,4843.00,4844.00,434
2024-01-05 06:52:00,4844.25,4844.25,4843.50,4843.50,276
2024-01-05 06:53:00,4843.25,4843.75,4843.00,4843.75,166
2024-01-05 06:54:00,4843.75,4844.00,4843.25,4843.25,138
2024-01-05 06:55:00,4843.50,4844.00,4843.50,4844.00,198
2024-01-05 06:56:00,4844.00,4844.75,4844.00,4844.50,247
2024-01-05 06:57:00,4844.75,4845.00,4844.50,4845.00,270
2024-01-05 06:58:00,4845.00,4845.25,4844.75,4845.25,97
2024-01-05 06:59:00,4845.00,4845.75,4844.75,4845.75,248
2024-01-05 07:00:00,4845.75,4846.50,4845.75,4846.25,621
2024-01-05 07:01:00,4846.00,4847.00,4846.00,4846.25,481
2024-01-05 07:02:00,4846.25,4847.00,4845.75,4845.75,341
2024-01-05 07:03:00,4845.75,4846.25,4845.50,4846.25,353
2024-01-05 07:04:00,4846.00,4846.75,4845.75,4846.00,543
2024-01-05 07:05:00,4845.75,4845.75,4844.00,4844.50,470
2024-01-05 07:06:00,4844.50,4845.25,4844.00,4845.25,498
2024-01-05 07:07:00,4845.50,4845.50,4844.50,4844.75,240
2024-01-05 07:08:00,4844.75,4845.00,4843.75,4844.00,228
2024-01-05 07:09:00,4844.00,4844.00,4843.50,4843.75,158
2024-01-05 07:10:00,4843.50,4844.50,4843.50,4844.50,246
2024-01-05 07:11:00,4844.25,4845.50,4844.25,4845.25,566
2024-01-05 07:12:00,4845.25,4846.25,4845.25,4846.25,308
2024-01-05 07:13:00,4846.25,4846.25,4845.25,4845.75,293
2024-01-05 07:14:00,4845.75,4846.50,4845.75,4846.50,205
2024-01-05 07:15:00,4846.25,4847.00,4846.00,4846.50,282
2024-01-05 07:16:00,4846.50,4846.75,4846.00,4846.25,151
2024-01-05 07:17:00,4846.50,4846.50,4845.75,4846.50,342
2024-01-05 07:18:00,4846.75,4846.75,4846.50,4846.75,116
2024-01-05 07:19:00,4846.75,4847.50,4846.50,4847.25,262
2024-01-05 07:20:00,4847.25,4847.25,4846.50,4847.00,192
2024-01-05 07:21:00,4847.00,4847.00,4846.25,4846.25,207
2024-01-05 07:22:00,4846.50,4846.50,4845.75,4846.25,257
2024-01-05 07:23:00,4846.25,4846.50,4846.00,4846.25,214
2024-01-05 07:24:00,4846.25,4847.50,4846.00,4847.50,483
2024-01-05 07:25:00,4847.75,4848.00,4847.25,4848.00,375
2024-01-05 07:26:00,4848.00,4848.00,4846.75,4847.25,348
2024-01-05 07:27:00,4847.25,4847.25,4846.75,4847.25,259
2024-01-05 07:28:00,4847.50,4847.75,4847.50,4847.75,262
2024-01-05 07:29:00,4847.50,4848.25,4847.25,4847.50,497
2024-01-05 07:30:00,4847.50,4848.50,4847.25,4848.25,278
2024-01-05 07:31:00,4848.25,4848.25,4847.50,4847.50,258
2024-01-05 07:32:00,4847.50,4848.00,4847.50,4847.50,189
2024-01-05 07:33:00,4847.50,4848.25,4847.50,4848.00,152
2024-01-05 07:34:00,4848.00,4848.25,4847.50,4847.75,228
2024-01-05 07:35:00,4847.75,4848.00,4847.25,4847.25,131
2024-01-05 07:36:00,4847.25,4848.25,4847.25,4848.25,220
2024-01-05 07:37:00,4848.25,4849.00,4848.25,4848.75,554
2024-01-05 07:38:00,4848.75,4849.00,4848.00,4848.25,146
2024-01-05 07:39:00,4848.25,4848.25,4847.00,4847.00,244
2024-01-05 07:40:00,4847.25,4847.50,4846.75,4847.25,275
2024-01-05 07:41:00,4847.25,4847.50,4847.25,4847.50,92
2024-01-05 07:42:00,4847.75,4848.00,4847.50,4847.75,146
2024-01-05 07:43:00,4847.75,4847.75,4847.00,4847.00,286
2024-01-05 07:44:00,4847.25,4847.50,4846.75,4847.25,304
2024-01-05 07:45:00,4847.50,4848.25,4847.50,4847.50,244
2024-01-05 07:46:00,4847.50,4847.50,4846.75,4847.25,491
2024-01-05 07:47:00,4847.00,4847.00,4846.25,4846.25,156
2024-01-05 07:48:00,4846.25,4846.50,4846.00,4846.00,372
2024-01-05 07:49:00,4846.00,4846.25,4845.25,4845.50,816
2024-01-05 07:50:00,4845.25,4846.00,4845.00,4845.75,381
2024-01-05 07:51:00,4846.00,4846.00,4844.25,4844.25,647
2024-01-05 07:52:00,4844.00,4844.25,4843.25,4843.50,686
2024-01-05 07:53:00,4843.50,4843.75,4843.00,4843.00,453
2024-01-05 07:54:00,4843.00,4845.50,4843.00,4845.25,693
2024-01-05 07:55:00,4845.00,4845.25,4844.25,4845.00,541
2024-01-05 07:56:00,4844.75,4845.25,4844.75,4845.25,594
2024-01-05 07:57:00,4845.25,4845.25,4845.00,4845.25,462
2024-01-05 07:58:00,4845.00,4845.25,4844.50,4845.00,587
2024-01-05 07:59:00,4844.75,4845.00,4844.75,4845.00,529
2024-01-05 08:00:00,4844.75,4845.25,4844.50,4845.00,1052
2024-01-05 08:01:00,4845.00,4845.25,4844.50,4845.00,605
2024-01-05 08:02:00,4845.00,4845.00,4842.50,4843.00,716
2024-01-05 08:03:00,4843.00,4843.00,4842.25,4842.25,628
2024-01-05 08:04:00,4842.50,4842.75,4841.25,4842.50,600
2024-01-05 08:05:00,4842.50,4843.75,4842.50,4843.75,572
2024-01-05 08:06:00,4843.75,4844.00,4843.00,4843.75,254
2024-01-05 08:07:00,4843.50,4844.25,4842.75,4843.50,634
2024-01-05 08:08:00,4843.50,4843.50,4841.75,4842.50,750
2024-01-05 08:09:00,4842.50,4844.00,4842.25,4844.00,411
2024-01-05 08:10:00,4844.00,4844.25,4843.50,4844.00,471
2024-01-05 08:11:00,4844.00,4845.00,4843.50,4844.00,811
2024-01-05 08:12:00,4844.25,4845.50,4844.00,4845.00,597
2024-01-05 08:13:00,4845.00,4845.25,4844.75,4845.00,406
2024-01-05 08:14:00,4845.25,4847.00,4845.00,4847.00,544
2024-01-05 08:15:00,4847.00,4847.50,4846.75,4847.00,715
2024-01-05 08:16:00,4847.00,4848.50,4847.00,4848.00,755
2024-01-05 08:17:00,4848.00,4850.25,4847.75,4850.25,1376
2024-01-05 08:18:00,4850.25,4852.00,4850.00,4851.50,1958
2024-01-05 08:19:00,4851.75,4852.50,4851.25,4851.25,1045
2024-01-05 08:20:00,4851.00,4851.75,4851.00,4851.00,1268
2024-01-05 08:21:00,4851.00,4851.00,4849.50,4849.50,940
