Datetime,Open,High,Low,Close,Volume
2008-01-02 06:00:00,1591.00,1592.50,1590.75,1592.25,2317
2008-01-02 06:01:00,1592.00,1592.50,1591.75,1592.50,777
2008-01-02 06:02:00,1592.75,1593.00,1592.50,1593.00,593
2008-01-02 06:03:00,1593.00,1593.25,1592.75,1593.00,472
2008-01-02 06:04:00,1593.00,1593.00,1592.75,1592.75,57
2008-01-02 06:05:00,1592.75,1594.50,1592.75,1594.50,821
2008-01-02 06:06:00,1594.25,1595.00,1594.25,1595.00,591
2008-01-02 06:07:00,1594.75,1595.00,1592.75,1593.25,1041
2008-01-02 06:08:00,1593.25,1593.75,1593.25,1593.50,187
2008-01-02 06:09:00,1593.50,1594.00,1593.50,1593.75,352
2008-01-02 06:10:00,1593.75,1593.75,1593.50,1593.75,213
2008-01-02 06:11:00,1593.75,1594.25,1593.75,1593.75,222
2008-01-02 06:12:00,1593.75,1594.25,1592.50,1593.75,909
2008-01-02 06:13:00,1593.50,1593.75,1593.25,1593.50,162
2008-01-02 06:14:00,1593.50,1593.50,1592.75,1593.25,237
2008-01-02 06:15:00,1593.25,1593.25,1592.75,1593.00,264
2008-01-02 06:16:00,1593.25,1593.50,1593.00,1593.50,106
2008-01-02 06:17:00,1593.50,1593.50,1593.25,1593.50,138
2008-01-02 06:18:00,1593.50,1593.50,1593.25,1593.50,129
2008-01-02 06:19:00,1593.50,1593.50,1593.00,1593.25,409
2008-01-02 06:20:00,1593.25,1593.50,1593.25,1593.25,58
2008-01-02 06:21:00,1593.25,1593.25,1593.25,1593.25,117
2008-01-02 06:22:00,1593.25,1593.75,1593.25,1593.75,176
2008-01-02 06:23:00,1593.75,1594.25,1593.75,1594.00,166
2008-01-02 06:24:00,1593.75,1594.00,1593.75,1594.00,13
2008-01-02 06:25:00,1594.00,1594.00,1594.00,1594.00,1
2008-01-02 06:26:00,1593.75,1593.75,1593.75,1593.75,43
2008-01-02 06:27:00,1593.75,1594.25,1593.75,1594.00,122
2008-01-02 06:28:00,1594.00,1594.00,1593.50,1593.75,99
2008-01-02 06:29:00,1594.00,1594.00,1591.75,1593.00,949
2008-01-02 06:30:00,1593.00,1593.25,1593.00,1593.25,64
2008-01-02 06:31:00,1593.25,1593.75,1593.25,1593.25,93
2008-01-02 06:32:00,1593.25,1593.50,1593.25,1593.50,27
2008-01-02 06:33:00,1593.50,1593.75,1593.50,1593.50,141
2008-01-02 06:34:00,1593.50,1593.75,1593.25,1593.75,117
2008-01-02 06:35:00,1593.50,1593.75,1593.50,1593.50,42
2008-01-02 06:36:00,1593.75,1593.75,1593.75,1593.75,100
2008-01-02 06:37:00,1594.00,1594.00,1593.75,1593.75,72
2008-01-02 06:38:00,1593.75,1594.00,1593.75,1594.00,266
2008-01-02 06:39:00,1594.00,1594.25,1594.00,1594.00,388
2008-01-02 06:40:00,1593.75,1594.00,1593.75,1593.75,57
2008-01-02 06:41:00,1593.75,1594.00,1593.50,1593.75,99
2008-01-02 06:42:00,1593.50,1593.50,1593.25,1593.50,96
2008-01-02 06:43:00,1593.50,1593.75,1593.50,1593.50,114
2008-01-02 06:44:00,1593.50,1593.50,1593.50,1593.50,56
2008-01-02 06:45:00,1593.50,1593.50,1593.25,1593.25,73
2008-01-02 06:46:00,1593.25,1593.75,1593.25,1593.75,84
2008-01-02 06:47:00,1593.75,1593.75,1593.50,1593.50,191
2008-01-02 06:48:00,1593.50,1594.25,1593.50,1594.00,349
2008-01-02 06:49:00,1594.00,1594.25,1593.75,1593.75,179
2008-01-02 06:50:00,1593.75,1594.00,1593.50,1593.75,112
2008-01-02 06:51:00,1593.50,1594.00,1593.50,1594.00,107
2008-01-02 06:52:00,1593.75,1594.00,1593.75,1593.75,6
2008-01-02 06:53:00,1593.75,1594.25,1593.75,1594.25,207
2008-01-02 06:54:00,1594.25,1594.75,1593.75,1594.75,492
2008-01-02 06:55:00,1594.50,1594.75,1594.50,1594.50,213
2008-01-02 06:56:00,1594.50,1594.75,1594.50,1594.50,204
2008-01-02 06:57:00,1594.50,1595.00,1594.50,1594.50,360
2008-01-02 06:58:00,1594.75,1595.00,1594.75,1595.00,247
2008-01-02 06:59:00,1595.00,1595.00,1594.75,1594.75,145
2008-01-02 07:00:00,1594.50,1594.75,1594.50,1594.50,156
2008-01-02 07:01:00,1594.50,1594.50,1594.25,1594.25,577
2008-01-02 07:02:00,1594.25,1594.50,1594.25,1594.25,176
2008-01-02 07:03:00,1594.25,1594.25,1593.50,1593.50,615
2008-01-02 07:04:00,1593.50,1593.75,1593.50,1593.75,134
2008-01-02 07:05:00,1593.50,1593.50,1593.25,1593.25,608
2008-01-02 07:06:00,1593.25,1593.50,1593.25,1593.25,137
2008-01-02 07:07:00,1593.50,1593.50,1592.75,1593.00,157
2008-01-02 07:08:00,1593.00,1593.25,1592.50,1592.50,389
2008-01-02 07:09:00,1592.75,1592.75,1592.50,1592.75,214
2008-01-02 07:10:00,1592.75,1592.75,1592.25,1592.50,178
2008-01-02 07:11:00,1592.50,1593.00,1592.50,1593.00,140
2008-01-02 07:12:00,1592.75,1593.00,1592.50,1592.75,138
2008-01-02 07:13:00,1592.75,1592.75,1591.75,1592.25,242
2008-01-02 07:14:00,1592.25,1592.50,1592.00,1592.25,215
2008-01-02 07:15:00,1592.25,1592.50,1592.00,1592.00,432
2008-01-02 07:16:00,1592.00,1592.00,1592.00,1592.00,32
2008-01-02 07:17:00,1592.00,1592.25,1591.75,1592.00,357
2008-01-02 07:18:00,1592.25,1592.25,1592.00,1592.25,64
2008-01-02 07:19:00,1592.25,1592.25,1592.00,1592.25,37
2008-01-02 07:20:00,1592.25,1592.50,1592.00,1592.50,449
2008-01-02 07:21:00,1592.50,1592.75,1592.50,1592.75,224
2008-01-02 07:22:00,1592.75,1592.75,1592.75,1592.75,61
2008-01-02 07:23:00,1593.00,1593.25,1592.75,1593.00,180
2008-01-02 07:24:00,1593.25,1593.25,1593.00,1593.25,166
2008-01-02 07:25:00,1593.25,1593.25,1592.75,1592.75,263
2008-01-02 07:26:00,1592.75,1593.00,1592.50,1592.75,67
2008-01-02 07:27:00,1592.75,1592.75,1592.25,1592.25,114
2008-01-02 07:28:00,1592.50,1592.75,1592.25,1592.75,83
2008-01-02 07:29:00,1592.75,1592.75,1592.25,1592.50,577
2008-01-02 07:30:00,1592.50,1592.75,1592.25,1592.50,260
2008-01-02 07:31:00,1592.75,1592.75,1592.25,1592.50,69
2008-01-02 07:32:00,1592.75,1592.75,1592.50,1592.75,15
2008-01-02 07:33:00,1592.75,1592.75,1592.25,1592.50,69
2008-01-02 07:34:00,1592.25,1592.50,1592.25,1592.50,484
2008-01-02 07:35:00,1592.50,1592.75,1592.50,1592.50,99
2008-01-02 07:36:00,1592.75,1592.75,1592.50,1592.50,3
2008-01-02 07:37:00,1592.50,1592.50,1592.25,1592.25,128
2008-01-02 07:38:00,1592.25,1592.50,1592.25,1592.25,30
2008-01-02 07:39:00,1592.25,1592.50,1592.25,1592.25,249
2008-01-02 07:40:00,1592.25,1592.50,1592.25,1592.25,59
2008-01-02 07:41:00,1592.25,1592.25,1591.50,1591.75,852
2008-01-02 07:42:00,1591.75,1592.00,1591.75,1591.75,179
2008-01-02 07:43:00,1591.75,1592.00,1591.75,1592.00,425
2008-01-02 07:44:00,1592.25,1592.50,1592.25,1592.50,157
2008-01-02 07:45:00,1592.50,1592.50,1591.75,1592.00,292
2008-01-02 07:46:00,1592.00,1592.00,1591.25,1591.50,492
2008-01-02 07:47:00,1591.50,1591.50,1591.25,1591.50,210
2008-01-02 07:48:00,1591.50,1591.75,1591.50,1591.50,77
2008-01-02 07:49:00,1591.50,1591.75,1591.50,1591.75,196
2008-01-02 07:50:00,1592.00,1592.00,1591.50,1591.50,314
2008-01-02 07:51:00,1591.50,1591.75,1591.25,1591.25,110
2008-01-02 07:52:00,1591.50,1591.50,1591.25,1591.25,15
2008-01-02 07:53:00,1591.25,1591.75,1591.00,1591.00,495
2008-01-02 07:54:00,1591.00,1591.50,1590.75,1591.00,247
2008-01-02 07:55:00,1590.75,1591.00,1590.50,1590.75,648
2008-01-02 07:56:00,1590.75,1591.25,1590.75,1591.00,109
2008-01-02 07:57:00,1591.25,1591.25,1591.00,1591.25,60
2008-01-02 07:58:00,1591.00,1591.25,1590.75,1591.00,119
2008-01-02 07:59:00,1591.00,1591.25,1590.75,1591.00,48
2008-01-02 08:00:00,1591.00,1591.50,1590.75,1591.25,196
2008-01-02 08:01:00,1591.00,1591.25,1591.00,1591.25,26
2008-01-02 08:02:00,1591.50,1591.50,1591.25,1591.50,235
2008-01-02 08:03:00,1591.50,1591.50,1591.00,1591.00,311
2008-01-02 08:04:00,1591.00,1591.25,1590.75,1591.00,161
2008-01-02 08:05:00,1591.00,1591.25,1590.75,1590.75,41
2008-01-02 08:06:00,1591.00,1591.00,1590.75,1591.00,30
2008-01-02 08:07:00,1591.00,1591.00,1590.75,1590.75,220
2008-01-02 08:08:00,1590.75,1591.00,1590.25,1590.50,338
2008-01-02 08:09:00,1590.50,1590.75,1590.25,1590.25,220
2008-01-02 08:10:00,1590.50,1590.50,1590.25,1590.50,121
2008-01-02 08:11:00,1590.50,1590.50,1590.25,1590.25,219
2008-01-02 08:12:00,1590.00,1590.25,1589.50,1589.75,646
2008-01-02 08:13:00,1589.75,1589.75,1589.50,1589.75,123
2008-01-02 08:14:00,1589.50,1589.75,1589.25,1589.25,697
2008-01-02 08:15:00,1589.25,1589.25,1588.50,1588.50,1088
2008-01-02 08:16:00,1588.50,1589.25,1588.25,1589.25,968
2008-01-02 08:17:00,1589.25,1589.50,1589.00,1589.25,281
2008-01-02 08:18:00,1589.25,1589.50,1589.25,1589.25,220
2008-01-02 08:19:00,1589.25,1589.75,1589.25,1589.75,269
2008-01-02 08:20:00,1589.50,1589.75,1589.50,1589.75,165
2008-01-02 08:21:00,1589.75,1589.75,1589.75,1589.75,74
2008-01-02 08:22:00,1589.75,1589.75,1589.75,1589.75,91
2008-01-02 08:23:00,1589.75,1590.00,1589.50,1589.75,147
2008-01-02 08:24:00,1589.50,1590.00,1589.50,1589.75,46
2008-01-02 08:25:00,1589.75,1589.75,1589.50,1589.75,190
2008-01-02 08:26:00,1589.50,1589.50,1589.50,1589.50,59
2008-01-02 08:27:00,1589.50,1589.75,1589.50,1589.50,167
2008-01-02 08:28:00,1589.50,1589.75,1589.50,1589.75,239
2008-01-02 08:29:00,1589.75,1590.00,1589.75,1589.75,55
2008-01-02 08:30:00,1589.75,1590.50,1589.75,1590.50,469
2008-01-02 08:31:00,1590.50,1590.75,1590.25,1590.50,639
2008-01-02 08:32:00,1590.50,1590.50,1590.25,1590.25,134
2008-01-02 08:33:00,1590.25,1590.75,1590.25,1590.50,98
2008-01-02 08:34:00,1590.50,1590.50,1590.25,1590.25,145
2008-01-02 08:35:00,1590.25,1590.50,1590.25,1590.50,64
2008-01-02 08:36:00,1590.50,1590.50,1589.00,1589.25,1028
2008-01-02 08:37:00,1589.25,1589.50,1589.25,1589.50,233
2008-01-02 08:38:00,1589.50,1589.75,1589.50,1589.50,202
2008-01-02 08:39:00,1589.50,1590.00,1589.50,1589.75,104
2008-01-02 08:40:00,1589.75,1590.00,1589.50,1590.00,240
2008-01-02 08:41:00,1590.00,1590.00,1589.50,1589.50,1310
2008-01-02 08:42:00,1589.50,1590.00,1589.50,1589.75,111
2008-01-02 08:43:00,1589.75,1589.75,1589.50,1589.75,169
2008-01-02 08:44:00,1589.75,1590.00,1589.50,1589.75,64
2008-01-02 08:45:00,1589.75,1589.75,1589.50,1589.50,46
2008-01-02 08:46:00,1589.75,1590.00,1589.50,1589.75,207
2008-01-02 08:47:00,1589.50,1590.00,1589.50,1590.00,246
2008-01-02 08:48:00,1589.75,1589.75,1589.75,1589.75,111
2008-01-02 08:49:00,1589.75,1590.00,1589.75,1590.00,171
2008-01-02 08:50:00,1590.00,1590.25,1590.00,1590.25,124
2008-01-02 08:51:00,1590.25,1590.25,1590.00,1590.25,83
2008-01-02 08:52:00,1590.25,1590.25,1590.00,1590.00,34
2008-01-02 08:53:00,1590.25,1590.25,1590.00,1590.00,54
2008-01-02 08:54:00,1590.00,1590.25,1590.00,1590.25,60
2008-01-02 08:55:00,1590.00,1590.50,1590.00,1590.25,237
2008-01-02 08:56:00,1590.25,1590.50,1590.00,1590.25,782
2008-01-02 08:57:00,1590.25,1590.75,1590.00,1590.25,640
2008-01-02 08:58:00,1590.25,1590.75,1590.25,1590.75,280
2008-01-02 08:59:00,1590.75,1591.25,1590.75,1591.00,629
2008-01-02 09:00:00,1591.25,1592.00,1590.75,1591.75,2667
2008-01-02 09:01:00,1591.75,1591.75,1591.00,1591.25,589
2008-01-02 09:02:00,1591.25,1591.50,1591.00,1591.00,151
2008-01-02 09:03:00,1591.25,1591.50,1591.00,1591.25,128
2008-01-02 09:04:00,1591.50,1591.50,1591.00,1591.25,114
2008-01-02 09:05:00,1591.00,1591.25,1590.25,1590.50,708
2008-01-02 09:06:00,1590.25,1590.50,1590.25,1590.25,178
2008-01-02 09:07:00,1590.25,1590.75,1590.00,1590.25,241
2008-01-02 09:08:00,1590.50,1590.75,1590.25,1590.75,260
2008-01-02 09:09:00,1590.75,1590.75,1590.50,1590.50,201
2008-01-02 09:10:00,1590.50,1590.75,1590.50,1590.75,35
2008-01-02 09:11:00,1590.50,1590.75,1590.50,1590.75,48
2008-01-02 09:12:00,1590.75,1590.75,1590.50,1590.50,47
2008-01-02 09:13:00,1590.75,1590.75,1590.00,1590.00,455
2008-01-02 09:14:00,1590.00,1590.50,1590.00,1590.50,215
2008-01-02 09:15:00,1590.25,1590.25,1590.00,1590.00,501
2008-01-02 09:16:00,1590.25,1590.25,1590.00,1590.00,175
2008-01-02 09:17:00,1590.00,1590.25,1590.00,1590.25,28
2008-01-02 09:18:00,1590.00,1590.25,1589.75,1589.75,185
2008-01-02 09:19:00,1590.00,1590.00,1589.50,1589.50,263
2008-01-02 09:20:00,1589.50,1589.75,1588.75,1588.75,1440
2008-01-02 09:21:00,1588.75,1589.00,1588.50,1589.00,525
2008-01-02 09:22:00,1588.75,1589.25,1588.75,1589.00,759
2008-01-02 09:23:00,1589.00,1589.25,1588.75,1589.00,409
2008-01-02 09:24:00,1588.75,1589.25,1588.50,1588.75,255
2008-01-02 09:25:00,1588.75,1588.75,1587.25,1587.50,3603
2008-01-02 09:26:00,1587.25,1588.25,1587.25,1588.25,1745
2008-01-02 09:27:00,1588.25,1588.25,1587.75,1588.00,337
2008-01-02 09:28:00,1588.00,1588.25,1587.75,1587.75,418
2008-01-02 09:29:00,1588.00,1588.75,1587.75,1588.25,1777
2008-01-02 09:30:00,1588.25,1589.50,1588.00,1589.50,7864
2008-01-02 09:31:00,1589.50,1589.75,1589.00,1589.50,3687
2008-01-02 09:32:00,1589.50,1590.50,1589.50,1590.00,6077
2008-01-02 09:33:00,1590.00,1590.25,1589.50,1589.75,4082
2008-01-02 09:34:00,1589.50,1590.50,1589.50,1590.25,3163
2008-01-02 09:35:00,1590.25,1590.75,1589.75,1589.75,4947
2008-01-02 09:36:00,1589.75,1590.75,1588.25,1588.25,5996
2008-01-02 09:37:00,1588.25,1589.00,1588.00,1588.50,7051
2008-01-02 09:38:00,1588.50,1590.00,1588.25,1589.50,4249
2008-01-02 09:39:00,1589.50,1590.75,1589.25,1590.50,4666
2008-01-02 09:40:00,1590.50,1590.75,1589.75,1590.50,2515
2008-01-02 09:41:00,1590.50,1591.25,1590.25,1591.25,4154
2008-01-02 09:42:00,1591.00,1592.00,1590.75,1591.75,3945
2008-01-02 09:43:00,1592.00,1592.50,1591.75,1592.00,6415
2008-01-02 09:44:00,1592.00,1592.50,1591.50,1592.00,3701
2008-01-02 09:45:00,1592.00,1592.25,1591.50,1591.75,2130
2008-01-02 09:46:00,1591.50,1592.75,1591.00,1591.25,5299
2008-01-02 09:47:00,1591.25,1591.75,1591.00,1591.75,2960
2008-01-02 09:48:00,1591.75,1592.00,1591.00,1591.25,1920
2008-01-02 09:49:00,1591.00,1591.50,1590.75,1591.00,1865
2008-01-02 09:50:00,1591.00,1591.25,1590.25,1590.50,4175
2008-01-02 09:51:00,1590.75,1591.00,1590.25,1590.50,1925
2008-01-02 09:52:00,1590.75,1591.00,1590.50,1590.75,446
2008-01-02 09:53:00,1590.50,1591.50,1590.50,1591.25,1934
2008-01-02 09:54:00,1591.25,1591.75,1591.00,1591.25,2182
2008-01-02 09:55:00,1591.50,1591.50,1590.25,1590.75,2271
2008-01-02 09:56:00,1590.75,1590.75,1590.00,1590.00,1523
2008-01-02 09:57:00,1590.25,1590.25,1588.50,1588.75,6860
2008-01-02 09:58:00,1588.75,1590.00,1588.50,1589.50,2165
2008-01-02 09:59:00,1589.50,1590.00,1589.25,1589.75,998
2008-01-02 10:00:00,1589.75,1590.00,1584.50,1584.75,24597
2008-01-02 10:01:00,1584.75,1585.00,1580.75,1581.50,18721
2008-01-02 10:02:00,1581.50,1583.25,1581.25,1582.00,12355
2008-01-02 10:03:00,1581.75,1583.25,1581.75,1582.50,6585
2008-01-02 10:04:00,1582.75,1583.50,1582.25,1582.50,7677
2008-01-02 10:05:00,1582.50,1583.25,1580.00,1580.50,10509
2008-01-02 10:06:00,1580.75,1582.00,1579.75,1580.25,10920
2008-01-02 10:07:00,1580.25,1581.75,1579.50,1581.25,7552
2008-01-02 10:08:00,1581.50,1582.50,1581.25,1582.25,5337
2008-01-02 10:09:00,1582.00,1583.50,1581.50,1582.25,9130
2008-01-02 10:10:00,1582.50,1583.25,1581.75,1582.50,6021
2008-01-02 10:11:00,1582.50,1582.75,1581.75,1582.50,2631
2008-01-02 10:12:00,1582.25,1583.00,1582.00,1582.25,2578
2008-01-02 10:13:00,1582.25,1582.25,1580.50,1580.75,4472
2008-01-02 10:14:00,1580.75,1580.75,1579.50,1579.75,4959
2008-01-02 10:15:00,1579.75,1580.75,1579.50,1580.00,7103
2008-01-02 10:16:00,1580.00,1580.25,1578.75,1578.75,7633
2008-01-02 10:17:00,1579.00,1579.50,1578.75,1579.00,4585
2008-01-02 10:18:00,1579.25,1579.50,1578.50,1578.50,5012
2008-01-02 10:19:00,1578.50,1579.25,1577.25,1578.75,12572
2008-01-02 10:20:00,1578.75,1579.00,1578.00,1578.75,5842
2008-01-02 10:21:00,1579.00,1579.50,1578.75,1579.25,3543
2008-01-02 10:22:00,1579.50,1579.75,1578.75,1578.75,3323
2008-01-02 10:23:00,1578.75,1580.25,1578.75,1580.00,3942
2008-01-02 10:24:00,1580.00,1580.25,1579.25,1579.25,2611
2008-01-02 10:25:00,1579.50,1580.25,1579.25,1580.25,2011
2008-01-02 10:26:00,1580.00,1580.50,1579.75,1580.00,2810
2008-01-02 10:27:00,1580.00,1580.50,1579.75,1580.50,2284
2008-01-02 10:28:00,1580.50,1580.50,1579.75,1580.00,1760
2008-01-02 10:29:00,1580.00,1580.50,1579.75,1580.00,1281
2008-01-02 10:30:00,1580.00,1580.25,1578.75,1579.00,3133
2008-01-02 10:31:00,1579.00,1580.00,1578.50,1579.75,2713
2008-01-02 10:32:00,1579.75,1579.75,1578.50,1578.50,1590
2008-01-02 10:33:00,1578.75,1579.00,1577.75,1578.00,3995
2008-01-02 10:34:00,1578.00,1579.75,1578.00,1579.25,2769
2008-01-02 10:35:00,1579.50,1580.00,1579.00,1579.50,1387
2008-01-02 10:36:00,1579.50,1579.75,1579.50,1579.75,698
2008-01-02 10:37:00,1579.75,1580.25,1579.25,1580.25,1794
2008-01-02 10:38:00,1580.00,1580.75,1579.75,1579.75,4914
2008-01-02 10:39:00,1579.75,1580.00,1579.00,1579.25,1496
2008-01-02 10:40:00,1579.00,1579.50,1578.25,1579.00,4545
2008-01-02 10:41:00,1579.00,1579.25,1578.50,1579.25,2596
2008-01-02 10:42:00,1579.25,1579.75,1579.00,1579.25,1833
2008-01-02 10:43:00,1579.50,1580.25,1579.25,1579.25,1974
2008-01-02 10:44:00,1579.25,1579.25,1578.00,1578.50,3579
2008-01-02 10:45:00,1578.50,1579.00,1578.25,1579.00,2145
2008-01-02 10:46:00,1579.25,1579.50,1578.75,1579.25,2071
2008-01-02 10:47:00,1579.50,1579.75,1579.00,1579.25,2508
2008-01-02 10:48:00,1579.25,1580.25,1579.00,1579.75,2297
2008-01-02 10:49:00,1579.75,1579.75,1578.25,1578.50,3119
2008-01-02 10:50:00,1578.50,1578.75,1577.75,1578.50,3795
2008-01-02 10:51:00,1578.25,1578.50,1578.00,1578.00,2311
2008-01-02 10:52:00,1578.25,1578.75,1577.50,1578.75,2664
2008-01-02 10:53:00,1578.50,1579.25,1578.50,1579.25,3000
2008-01-02 10:54:00,1579.00,1579.25,1578.00,1578.50,2872
2008-01-02 10:55:00,1578.50,1579.00,1577.75,1578.00,2757
2008-01-02 10:56:00,1578.25,1578.25,1576.50,1577.75,8184
2008-01-02 10:57:00,1577.75,1578.25,1577.25,1577.75,2887
2008-01-02 10:58:00,1577.75,1578.25,1577.25,1577.50,1537
2008-01-02 10:59:00,1577.50,1577.50,1576.75,1577.25,2705
2008-01-02 11:00:00,1577.25,1578.25,1576.75,1578.25,4933
2008-01-02 11:01:00,1578.25,1578.75,1578.00,1578.00,3088
2008-01-02 11:02:00,1578.00,1578.50,1577.75,1578.00,1351
2008-01-02 11:03:00,1578.25,1578.50,1577.00,1577.25,2824
2008-01-02 11:04:00,1577.25,1578.00,1576.50,1577.25,3670
2008-01-02 11:05:00,1577.25,1578.00,1576.75,1577.50,3040
2008-01-02 11:06:00,1577.25,1578.00,1576.50,1576.75,2107
2008-01-02 11:07:00,1576.50,1578.50,1576.50,1578.25,2566
2008-01-02 11:08:00,1578.25,1578.50,1577.75,1577.75,1944
2008-01-02 11:09:00,1577.75,1578.00,1577.25,1577.75,1607
2008-01-02 11:10:00,1577.50,1578.75,1577.50,1577.75,4454
2008-01-02 11:11:00,1577.50,1578.00,1577.00,1577.00,1828
2008-01-02 11:12:00,1577.00,1577.50,1575.50,1575.75,8919
2008-01-02 11:13:00,1575.75,1576.25,1574.50,1575.75,10888
2008-01-02 11:14:00,1575.50,1575.75,1574.75,1575.25,3527
2008-01-02 11:15:00,1575.00,1575.75,1574.75,1575.50,2998
2008-01-02 11:16:00,1575.50,1576.00,1574.75,1575.00,2399
2008-01-02 11:17:00,1574.75,1575.00,1573.25,1573.50,13041
2008-01-02 11:18:00,1573.50,1573.75,1573.00,1573.75,3258
2008-01-02 11:19:00,1573.75,1574.00,1573.50,1573.75,2201
2008-01-02 11:20:00,1573.75,1573.75,1572.00,1572.50,17853
2008-01-02 11:21:00,1572.50,1572.75,1571.25,1572.00,11303
2008-01-02 11:22:00,1572.00,1573.00,1571.75,1572.25,6435
2008-01-02 11:23:00,1572.25,1573.25,1572.25,1572.75,4626
2008-01-02 11:24:00,1572.75,1573.25,1572.50,1573.00,2293
2008-01-02 11:25:00,1573.00,1573.75,1572.75,1573.50,2374
2008-01-02 11:26:00,1573.25,1573.75,1573.25,1573.50,3422
2008-01-02 11:27:00,1573.50,1574.00,1572.75,1572.75,2939
2008-01-02 11:28:00,1572.75,1573.50,1572.75,1573.25,1652
2008-01-02 11:29:00,1573.50,1574.00,1573.25,1573.25,2512
2008-01-02 11:30:00,1573.25,1573.75,1573.00,1573.50,1708
2008-01-02 11:31:00,1573.25,1573.50,1573.00,1573.00,924
2008-01-02 11:32:00,1573.00,1573.25,1572.50,1572.75,1536
2008-01-02 11:33:00,1573.00,1573.00,1571.50,1572.00,4421
2008-01-02 11:34:00,1571.75,1572.50,1571.50,1572.00,5105
2008-01-02 11:35:00,1571.75,1572.25,1571.50,1571.75,2101
2008-01-02 11:36:00,1572.00,1572.00,1570.75,1571.00,4895
2008-01-02 11:37:00,1571.00,1571.50,1570.50,1571.25,4886
2008-01-02 11:38:00,1571.50,1571.75,1571.00,1571.50,3242
2008-01-02 11:39:00,1571.50,1571.50,1570.75,1571.25,4300
2008-01-02 11:40:00,1571.25,1571.25,1570.25,1570.50,5025
2008-01-02 11:41:00,1570.25,1570.50,1569.50,1570.25,6474
2008-01-02 11:42:00,1570.50,1571.00,1570.25,1571.00,4175
2008-01-02 11:43:00,1570.75,1571.25,1569.75,1570.50,3471
2008-01-02 11:44:00,1570.50,1570.50,1569.50,1570.00,3483
2008-01-02 11:45:00,1570.25,1570.50,1569.50,1569.50,1954
2008-01-02 11:46:00,1569.50,1569.75,1568.50,1568.75,6832
2008-01-02 11:47:00,1569.00,1569.75,1568.50,1569.75,3581
2008-01-02 11:48:00,1569.75,1570.00,1569.25,1569.75,1897
2008-01-02 11:49:00,1569.75,1570.00,1569.25,1569.50,2758
2008-01-02 11:50:00,1569.50,1570.25,1568.75,1570.25,2573
2008-01-02 11:51:00,1570.25,1571.75,1570.00,1571.50,6698
2008-01-02 11:52:00,1571.50,1571.75,1571.00,1571.25,6210
2008-01-02 11:53:00,1571.50,1571.75,1571.25,1571.50,2485
2008-01-02 11:54:00,1571.50,1571.50,1571.00,1571.00,2342
2008-01-02 11:55:00,1571.25,1571.50,1571.00,1571.50,872
2008-01-02 11:56:00,1571.50,1571.50,1570.75,1571.50,2601
2008-01-02 11:57:00,1571.25,1572.25,1571.25,1572.00,3652
2008-01-02 11:58:00,1572.25,1572.25,1571.75,1572.25,1857
2008-01-02 11:59:00,1572.00,1572.75,1572.00,1572.75,4554
2008-01-02 12:00:00,1572.75,1572.75,1571.75,1571.75,4484
2008-01-02 12:01:00,1571.75,1572.25,1571.75,1572.00,447
2008-01-02 12:02:00,1572.25,1572.50,1571.75,1572.00,1101
2008-01-02 12:03:00,1572.00,1572.25,1571.75,1571.75,1376
2008-01-02 12:04:00,1572.00,1572.00,1571.00,1571.25,2241
2008-01-02 12:05:00,1571.00,1571.25,1571.00,1571.25,682
2008-01-02 12:06:00,1571.00,1571.00,1570.75,1570.75,1428
2008-01-02 12:07:00,1571.00,1571.00,1570.00,1570.25,3821
2008-01-02 12:08:00,1570.25,1570.50,1568.25,1568.75,10645
2008-01-02 12:09:00,1568.75,1568.75,1567.75,1568.00,6428
2008-01-02 12:10:00,1568.00,1569.00,1567.75,1568.50,4246
2008-01-02 12:11:00,1568.25,1568.50,1568.00,1568.25,1876
2008-01-02 12:12:00,1568.00,1569.00,1567.75,1568.50,3607
2008-01-02 12:13:00,1568.25,1569.00,1568.25,1569.00,1974
2008-01-02 12:14:00,1569.00,1569.00,1568.00,1568.00,799
2008-01-02 12:15:00,1568.25,1568.50,1567.75,1568.00,1646
2008-01-02 12:16:00,1568.00,1568.25,1567.25,1567.50,3108
2008-01-02 12:17:00,1567.25,1567.50,1566.50,1567.25,6908
2008-01-02 12:18:00,1567.25,1567.50,1567.00,1567.25,995
2008-01-02 12:19:00,1567.50,1568.00,1567.00,1568.00,1721
2008-01-02 12:20:00,1568.00,1568.00,1566.75,1567.75,2881
2008-01-02 12:21:00,1567.75,1567.75,1566.75,1567.25,2620
2008-01-02 12:22:00,1567.50,1567.50,1566.25,1566.50,2883
2008-01-02 12:23:00,1566.50,1566.50,1565.25,1565.75,9295
2008-01-02 12:24:00,1565.50,1566.00,1565.25,1566.00,3708
2008-01-02 12:25:00,1566.00,1566.50,1565.75,1566.50,1864
2008-01-02 12:26:00,1566.25,1566.75,1566.25,1566.50,2021
2008-01-02 12:27:00,1566.50,1567.00,1566.25,1566.75,3126
2008-01-02 12:28:00,1566.50,1566.75,1566.00,1566.25,1726
2008-01-02 12:29:00,1566.00,1566.50,1566.00,1566.00,1203
2008-01-02 12:30:00,1566.25,1567.00,1565.75,1566.50,3557
2008-01-02 12:31:00,1566.50,1566.75,1565.50,1566.00,3857
2008-01-02 12:32:00,1566.00,1566.00,1565.50,1565.50,915
2008-01-02 12:33:00,1565.75,1566.25,1565.50,1566.00,871
2008-01-02 12:34:00,1566.00,1567.00,1565.25,1566.75,2771
2008-01-02 12:35:00,1567.00,1567.50,1566.50,1566.75,2422
2008-01-02 12:36:00,1567.00,1568.00,1567.00,1567.75,2498
2008-01-02 12:37:00,1567.75,1568.00,1567.50,1567.75,1659
2008-01-02 12:38:00,1568.00,1568.25,1567.75,1568.25,2044
2008-01-02 12:39:00,1568.25,1568.75,1568.00,1568.50,2163
2008-01-02 12:40:00,1568.50,1568.75,1568.00,1568.00,2257
2008-01-02 12:41:00,1568.00,1568.25,1567.75,1568.00,690
2008-01-02 12:42:00,1567.75,1568.25,1567.75,1568.25,1136
2008-01-02 12:43:00,1568.50,1568.50,1568.25,1568.25,575
2008-01-02 12:44:00,1568.50,1568.50,1567.75,1568.00,1466
2008-01-02 12:45:00,1568.00,1568.00,1567.25,1567.50,1800
2008-01-02 12:46:00,1567.50,1567.75,1567.50,1567.50,645
2008-01-02 12:47:00,1567.75,1567.75,1566.75,1567.50,2452
2008-01-02 12:48:00,1567.25,1567.75,1567.25,1567.25,306
2008-01-02 12:49:00,1567.25,1567.50,1567.00,1567.25,760
2008-01-02 12:50:00,1567.25,1567.25,1566.25,1566.25,1252
2008-01-02 12:51:00,1566.25,1566.50,1565.50,1566.00,2689
2008-01-02 12:52:00,1566.25,1567.00,1565.75,1566.50,2169
2008-01-02 12:53:00,1566.50,1566.75,1566.50,1566.50,228
2008-01-02 12:54:00,1566.75,1567.50,1566.50,1567.25,1775
2008-01-02 12:55:00,1567.25,1567.75,1567.00,1567.50,1219
2008-01-02 12:56:00,1567.25,1567.50,1566.75,1567.00,1042
2008-01-02 12:57:00,1566.75,1568.00,1566.75,1568.00,1624
2008-01-02 12:58:00,1567.75,1568.50,1567.75,1568.25,711
2008-01-02 12:59:00,1568.25,1568.75,1567.50,1567.75,2395
2008-01-02 13:00:00,1567.75,1568.50,1567.75,1568.00,1062
2008-01-02 13:01:00,1568.00,1568.50,1568.00,1568.25,1052
2008-01-02 13:02:00,1568.50,1569.00,1568.25,1569.00,1550
2008-01-02 13:03:00,1569.00,1569.00,1568.00,1568.00,1773
2008-01-02 13:04:00,1568.25,1568.25,1566.75,1566.75,3094
2008-01-02 13:05:00,1566.75,1568.50,1566.50,1567.50,7539
2008-01-02 13:06:00,1567.75,1568.00,1566.25,1567.00,3250
2008-01-02 13:07:00,1566.75,1567.00,1566.00,1566.25,1563
2008-01-02 13:08:00,1566.25,1567.25,1566.00,1566.50,974
2008-01-02 13:09:00,1566.25,1566.50,1564.50,1564.75,8055
2008-01-02 13:10:00,1564.75,1565.25,1564.50,1564.75,1986
2008-01-02 13:11:00,1564.75,1565.75,1564.00,1564.25,4580
2008-01-02 13:12:00,1564.25,1564.50,1563.75,1563.75,3771
2008-01-02 13:13:00,1564.00,1564.25,1563.50,1563.50,1658
2008-01-02 13:14:00,1563.75,1564.50,1563.75,1564.25,2562
2008-01-02 13:15:00,1564.50,1565.25,1564.25,1565.25,1939
2008-01-02 13:16:00,1565.00,1565.50,1565.00,1565.50,1315
2008-01-02 13:17:00,1565.25,1565.50,1564.50,1564.75,3074
2008-01-02 13:18:00,1564.50,1565.25,1564.25,1565.25,1974
2008-01-02 13:19:00,1565.25,1566.25,1565.25,1565.75,2236
2008-01-02 13:20:00,1565.75,1566.25,1565.50,1565.75,1681
2008-01-02 13:21:00,1565.75,1565.75,1565.25,1565.75,1569
2008-01-02 13:22:00,1565.50,1566.00,1565.25,1566.00,632
2008-01-02 13:23:00,1565.75,1566.75,1565.75,1566.75,2105
2008-01-02 13:24:00,1566.75,1566.75,1566.25,1566.50,1120
2008-01-02 13:25:00,1566.50,1566.50,1566.00,1566.25,734
2008-01-02 13:26:00,1566.00,1566.00,1565.25,1565.25,1360
2008-01-02 13:27:00,1565.25,1565.75,1564.25,1565.25,2827
2008-01-02 13:28:00,1565.25,1565.50,1564.50,1564.75,1123
2008-01-02 13:29:00,1565.00,1566.00,1564.75,1566.00,1515
2008-01-02 13:30:00,1565.75,1566.00,1565.00,1565.25,779
2008-01-02 13:31:00,1565.25,1566.00,1564.75,1566.00,1022
2008-01-02 13:32:00,1566.00,1567.00,1565.75,1566.75,2065
2008-01-02 13:33:00,1566.50,1568.00,1566.50,1567.75,3831
2008-01-02 13:34:00,1567.50,1567.75,1566.75,1567.00,2155
2008-01-02 13:35:00,1567.00,1567.25,1566.75,1567.00,533
2008-01-02 13:36:00,1567.00,1567.75,1567.00,1567.75,1434
2008-01-02 13:37:00,1567.75,1568.75,1567.50,1567.75,2306
2008-01-02 13:38:00,1568.00,1568.50,1567.50,1567.75,1881
2008-01-02 13:39:00,1568.00,1568.25,1567.50,1567.50,1896
2008-01-02 13:40:00,1567.50,1567.75,1566.75,1567.25,2656
2008-01-02 13:41:00,1567.25,1568.00,1567.00,1568.00,1937
2008-01-02 13:42:00,1568.00,1568.25,1567.50,1567.75,1351
2008-01-02 13:43:00,1567.75,1568.25,1567.75,1568.00,816
2008-01-02 13:44:00,1568.00,1568.25,1567.75,1568.00,974
2008-01-02 13:45:00,1568.25,1569.00,1568.00,1569.00,3697
2008-01-02 13:46:00,1568.75,1569.00,1568.50,1569.00,584
2008-01-02 13:47:00,1569.00,1570.00,1568.75,1569.75,5512
2008-01-02 13:48:00,1569.50,1570.00,1569.50,1569.75,4174
2008-01-02 13:49:00,1569.50,1569.75,1569.25,1569.75,1926
2008-01-02 13:50:00,1569.50,1570.25,1569.50,1570.00,4361
2008-01-02 13:51:00,1569.75,1570.00,1569.50,1569.50,1780
2008-01-02 13:52:00,1569.50,1569.75,1569.00,1569.50,3243
2008-01-02 13:53:00,1569.25,1569.50,1569.00,1569.50,775
2008-01-02 13:54:00,1569.25,1569.25,1568.75,1569.00,1328
2008-01-02 13:55:00,1568.75,1569.00,1568.50,1568.50,1120
2008-01-02 13:56:00,1568.50,1569.00,1568.25,1568.75,1756
2008-01-02 13:57:00,1569.00,1569.50,1568.75,1569.25,1285
2008-01-02 13:58:00,1569.25,1569.50,1568.75,1569.00,2546
2008-01-02 13:59:00,1569.00,1569.25,1568.25,1568.50,2439
2008-01-02 14:00:00,1568.75,1571.25,1568.50,1571.00,8260
2008-01-02 14:01:00,1571.00,1571.75,1570.50,1571.50,6202
2008-01-02 14:02:00,1571.50,1572.50,1571.25,1572.25,7015
2008-01-02 14:03:00,1572.25,1572.25,1570.75,1571.00,4650
2008-01-02 14:04:00,1571.00,1571.00,1569.00,1569.25,4652
2008-01-02 14:05:00,1569.50,1569.75,1568.25,1568.50,3798
2008-01-02 14:06:00,1568.50,1570.50,1567.75,1570.50,11220
2008-01-02 14:07:00,1570.25,1573.00,1570.25,1572.00,9620
2008-01-02 14:08:00,1572.25,1573.50,1572.00,1573.50,6040
2008-01-02 14:09:00,1573.25,1574.75,1573.00,1574.50,5773
2008-01-02 14:10:00,1574.75,1576.50,1574.50,1575.25,12319
2008-01-02 14:11:00,1575.25,1575.50,1574.25,1574.75,5785
2008-01-02 14:12:00,1574.75,1575.75,1574.75,1575.50,6020
2008-01-02 14:13:00,1575.50,1575.75,1575.00,1575.00,2552
2008-01-02 14:14:00,1575.00,1576.75,1575.00,1576.50,7097
2008-01-02 14:15:00,1576.75,1576.75,1576.25,1576.75,3976
2008-01-02 14:16:00,1577.00,1577.25,1575.25,1575.25,7817
2008-01-02 14:17:00,1575.50,1576.75,1575.25,1576.50,5744
2008-01-02 14:18:00,1576.50,1577.75,1576.00,1577.75,8498
2008-01-02 14:19:00,1577.75,1577.75,1576.50,1576.75,4549
2008-01-02 14:20:00,1576.75,1577.00,1575.50,1575.50,5160
2008-01-02 14:21:00,1575.50,1576.00,1575.25,1575.50,2422
2008-01-02 14:22:00,1575.50,1576.25,1575.00,1576.00,4881
2008-01-02 14:23:00,1576.00,1576.25,1573.25,1573.50,7297
2008-01-02 14:24:00,1573.50,1574.25,1573.25,1573.75,5163
2008-01-02 14:25:00,1573.75,1575.25,1573.75,1574.75,4821
2008-01-02 14:26:00,1574.75,1575.00,1573.25,1574.25,4229
2008-01-02 14:27:00,1574.25,1574.50,1573.50,1574.50,2414
2008-01-02 14:28:00,1574.50,1574.75,1573.50,1573.75,3343
2008-01-02 14:29:00,1573.75,1574.00,1573.00,1573.00,3868
2008-01-02 14:30:00,1573.00,1574.00,1573.00,1573.50,2141
2008-01-02 14:31:00,1573.25,1574.50,1573.25,1573.75,3483
2008-01-02 14:32:00,1574.00,1574.00,1573.50,1573.75,544
2008-01-02 14:33:00,1574.00,1574.75,1573.75,1574.50,2460
2008-01-02 14:34:00,1574.75,1575.00,1573.50,1573.75,2258
2008-01-02 14:35:00,1573.50,1574.00,1571.50,1572.00,6972
2008-01-02 14:36:00,1572.00,1572.50,1571.50,1571.50,3769
2008-01-02 14:37:00,1571.75,1572.00,1570.00,1570.25,9833
2008-01-02 14:38:00,1570.50,1570.75,1569.75,1569.75,2602
2008-01-02 14:39:00,1570.00,1570.00,1568.50,1568.50,5608
2008-01-02 14:40:00,1568.50,1569.25,1568.50,1569.25,2395
2008-01-02 14:41:00,1569.25,1569.75,1568.75,1569.50,3243
2008-01-02 14:42:00,1569.50,1569.75,1569.25,1569.75,1302
2008-01-02 14:43:00,1569.75,1570.00,1568.00,1568.00,7239
2008-01-02 14:44:00,1567.75,1568.50,1567.25,1568.50,5936
2008-01-02 14:45:00,1568.50,1569.50,1568.50,1569.25,2926
2008-01-02 14:46:00,1569.25,1569.25,1567.50,1568.50,5339
2008-01-02 14:47:00,1568.25,1569.50,1568.25,1568.75,1486
2008-01-02 14:48:00,1569.00,1570.00,1568.75,1569.50,2456
2008-01-02 14:49:00,1569.75,1569.75,1569.25,1569.50,1407
2008-01-02 14:50:00,1569.50,1570.50,1569.25,1570.25,3502
2008-01-02 14:51:00,1570.25,1570.75,1570.00,1570.25,1711
2008-01-02 14:52:00,1570.25,1570.50,1570.00,1570.25,686
2008-01-02 14:53:00,1570.25,1570.25,1568.75,1569.00,4019
2008-01-02 14:54:00,1569.00,1570.00,1568.75,1570.00,1816
2008-01-02 14:55:00,1570.00,1570.00,1569.00,1569.50,2205
2008-01-02 14:56:00,1569.25,1569.50,1568.50,1569.00,4210
2008-01-02 14:57:00,1569.00,1569.00,1567.50,1567.75,3328
2008-01-02 14:58:00,1568.00,1568.50,1567.75,1568.00,2277
2008-01-02 14:59:00,1568.00,1568.00,1566.00,1566.25,7249
2008-01-02 15:00:00,1566.25,1566.50,1565.25,1565.50,5172
2008-01-02 15:01:00,1565.50,1566.25,1565.00,1566.00,5316
2008-01-02 15:02:00,1565.75,1566.25,1565.25,1565.50,2144
2008-01-02 15:03:00,1565.50,1565.50,1563.75,1565.00,9350
2008-01-02 15:04:00,1565.25,1566.25,1564.50,1564.50,4729
2008-01-02 15:05:00,1564.50,1565.25,1564.25,1565.00,2923
2008-01-02 15:06:00,1564.75,1565.00,1561.50,1562.00,16214
2008-01-02 15:07:00,1562.00,1562.50,1561.25,1562.25,7014
2008-01-02 15:08:00,1562.25,1562.25,1561.50,1561.75,5543
2008-01-02 15:09:00,1561.50,1562.75,1561.25,1562.25,4588
2008-01-02 15:10:00,1562.25,1562.50,1561.25,1562.00,4076
2008-01-02 15:11:00,1562.25,1564.50,1562.00,1564.25,4625
2008-01-02 15:12:00,1564.25,1564.50,1563.50,1563.75,3459
2008-01-02 15:13:00,1563.75,1564.25,1563.50,1564.00,2647
2008-01-02 15:14:00,1564.25,1564.50,1563.50,1564.00,3046
2008-01-02 15:15:00,1563.75,1564.25,1563.50,1563.75,3719
2008-01-02 15:16:00,1563.75,1563.75,1562.75,1563.00,3643
2008-01-02 15:17:00,1563.25,1563.75,1562.50,1563.00,4091
2008-01-02 15:18:00,1563.00,1563.75,1562.75,1563.75,1450
2008-01-02 15:19:00,1563.50,1563.75,1562.50,1562.75,2229
2008-01-02 15:20:00,1563.00,1563.50,1561.75,1562.50,5355
2008-01-02 15:21:00,1562.50,1563.75,1562.50,1563.75,3110
2008-01-02 15:22:00,1563.50,1563.75,1563.00,1563.50,1813
2008-01-02 15:23:00,1563.50,1564.25,1563.25,1564.00,3543
2008-01-02 15:24:00,1564.00,1565.00,1564.00,1564.50,3444
2008-01-02 15:25:00,1564.75,1564.75,1564.00,1564.75,2516
2008-01-02 15:26:00,1564.75,1564.75,1563.75,1564.00,1588
2008-01-02 15:27:00,1564.00,1565.00,1563.50,1564.75,2577
2008-01-02 15:28:00,1564.75,1565.50,1564.25,1564.50,5788
2008-01-02 15:29:00,1564.50,1564.75,1563.75,1563.75,2303
2008-01-02 15:30:00,1564.00,1564.50,1563.25,1564.25,3470
2008-01-02 15:31:00,1564.25,1565.00,1564.00,1564.75,2105
2008-01-02 15:32:00,1564.75,1565.25,1564.50,1565.25,1692
2008-01-02 15:33:00,1565.25,1566.00,1564.75,1565.00,4142
2008-01-02 15:34:00,1565.00,1566.25,1565.00,1566.25,2994
2008-01-02 15:35:00,1566.25,1567.00,1565.50,1566.00,6616
2008-01-02 15:36:00,1566.00,1566.50,1565.75,1566.50,2004
2008-01-02 15:37:00,1566.50,1567.50,1566.25,1567.00,4797
2008-01-02 15:38:00,1567.00,1567.25,1566.25,1566.50,3094
2008-01-02 15:39:00,1566.75,1566.75,1566.25,1566.25,1690
2008-01-02 15:40:00,1566.50,1566.75,1565.75,1566.00,4812
2008-01-02 15:41:00,1566.25,1567.25,1566.00,1566.50,4392
2008-01-02 15:42:00,1566.50,1567.25,1566.50,1567.25,1953
2008-01-02 15:43:00,1567.00,1568.75,1567.00,1567.75,7136
2008-01-02 15:44:00,1567.75,1568.75,1567.00,1567.25,5951
2008-01-02 15:45:00,1567.00,1567.25,1566.50,1567.00,3070
2008-01-02 15:46:00,1566.75,1567.00,1565.00,1565.75,6297
2008-01-02 15:47:00,1565.75,1566.50,1565.50,1566.50,2759
2008-01-02 15:48:00,1566.25,1566.50,1565.25,1565.25,2378
2008-01-02 15:49:00,1565.25,1565.50,1564.50,1565.00,5269
2008-01-02 15:50:00,1564.75,1565.00,1564.25,1564.50,4338
2008-01-02 15:51:00,1564.50,1565.75,1564.50,1565.50,5807
2008-01-02 15:52:00,1565.50,1566.00,1565.25,1565.75,6506
2008-01-02 15:53:00,1566.00,1566.50,1565.75,1566.25,5305
2008-01-02 15:54:00,1566.50,1566.75,1566.25,1566.75,4565
2008-01-02 15:55:00,1566.75,1568.00,1566.50,1567.50,6116
2008-01-02 15:56:00,1567.50,1567.50,1567.00,1567.25,5930
2008-01-02 15:57:00,1567.50,1567.50,1566.75,1566.75,8388
2008-01-02 15:58:00,1567.00,1567.25,1566.75,1567.25,8241
2008-01-02 15:59:00,1567.00,1567.50,1567.00,1567.25,14871
2008-01-02 16:00:00,1567.50,1568.75,1567.25,1568.50,21568
2008-01-02 16:01:00,1568.25,1568.75,1568.25,1568.50,6248
2008-01-02 16:02:00,1568.50,1569.25,1568.50,1568.50,9055
2008-01-02 16:03:00,1568.75,1568.75,1568.25,1568.50,3905
2008-01-02 16:04:00,1568.75,1568.75,1568.25,1568.50,4452
2008-01-02 16:05:00,1568.50,1569.00,1568.50,1568.75,2043
2008-01-02 16:06:00,1569.00,1569.75,1568.75,1569.75,4696
2008-01-02 16:07:00,1569.75,1569.75,1569.25,1569.50,2478
2008-01-02 16:08:00,1569.75,1569.75,1569.50,1569.75,2976
2008-01-02 16:09:00,1569.75,1570.75,1569.50,1570.50,4562
2008-01-02 16:10:00,1570.50,1570.75,1570.00,1570.25,3136
2008-01-02 16:11:00,1570.25,1570.75,1570.00,1570.50,2051
2008-01-02 16:12:00,1570.50,1570.75,1570.50,1570.75,669
2008-01-02 16:13:00,1570.75,1570.75,1570.25,1570.25,1959
2008-01-02 16:14:00,1570.50,1571.00,1570.25,1571.00,8047
2008-01-02 16:15:00,1570.75,1570.75,1570.75,1570.75,6
2008-01-02 16:30:00,1570.75,1571.00,1570.50,1570.50,407
2008-01-02 16:31:00,1570.50,1570.75,1570.50,1570.50,303
2008-01-02 16:32:00,1570.75,1570.75,1570.75,1570.75,67
2008-01-02 16:33:00,1570.75,1571.00,1570.75,1570.75,242
2008-01-02 16:34:00,1571.00,1571.00,1570.75,1571.00,19
2008-01-02 16:35:00,1570.75,1571.00,1570.75,1571.00,7
2008-01-02 16:36:00,1570.75,1571.00,1570.75,1571.00,120
2008-01-02 16:37:00,1570.75,1571.00,1570.75,1571.00,89
2008-01-02 16:38:00,1571.25,1571.25,1571.00,1571.00,22
2008-01-02 16:39:00,1571.25,1571.25,1571.00,1571.25,4
2008-01-02 16:40:00,1571.25,1571.75,1571.25,1571.75,401
2008-01-02 16:41:00,1571.75,1572.50,1571.50,1572.25,599
2008-01-02 16:42:00,1572.25,1572.25,1572.00,1572.00,184
2008-01-02 16:43:00,1572.00,1572.00,1571.75,1571.75,115
2008-01-02 16:44:00,1571.75,1572.25,1571.75,1572.00,149
2008-01-02 16:45:00,1572.00,1572.25,1572.00,1572.25,112
2008-01-02 16:46:00,1572.25,1572.50,1572.25,1572.25,122
2008-01-02 16:47:00,1572.25,1572.50,1572.00,1572.00,180
2008-01-02 16:48:00,1572.00,1572.00,1572.00,1572.00,24
2008-01-02 16:49:00,1572.00,1572.25,1571.75,1572.00,23
2008-01-02 16:50:00,1572.00,1572.25,1572.00,1572.25,4
2008-01-02 16:51:00,1572.25,1572.25,1572.25,1572.25,21
2008-01-02 16:52:00,1572.25,1572.25,1571.50,1571.50,105
2008-01-02 16:53:00,1571.50,1571.75,1571.25,1571.50,93
2008-01-02 16:54:00,1571.50,1571.75,1571.50,1571.75,10
2008-01-02 16:55:00,1571.50,1571.50,1571.25,1571.50,40
2008-01-02 16:56:00,1571.25,1571.50,1571.25,1571.50,22
2008-01-02 16:57:00,1571.50,1571.50,1571.50,1571.50,2
2008-01-02 16:58:00,1571.25,1571.50,1571.25,1571.25,29
2008-01-02 16:59:00,1571.50,1571.50,1571.25,1571.50,96
2008-01-02 17:00:00,1571.50,1571.75,1571.50,1571.75,17
2008-01-02 17:01:00,1571.50,1571.50,1571.50,1571.50,1
2008-01-02 17:02:00,1571.50,1571.50,1571.50,1571.50,2
2008-01-02 17:03:00,1571.75,1571.75,1571.50,1571.75,5
2008-01-02 17:04:00,1571.50,1571.75,1571.50,1571.50,23
2008-01-02 17:05:00,1571.50,1571.50,1571.50,1571.50,3
2008-01-02 17:06:00,1571.50,1571.75,1571.50,1571.75,4
2008-01-02 17:07:00,1571.75,1572.25,1571.75,1572.00,216
2008-01-02 17:08:00,1572.00,1572.00,1572.00,1572.00,256
2008-01-02 17:09:00,1572.00,1572.25,1571.75,1572.00,142
2008-01-02 17:10:00,1572.00,1572.25,1572.00,1572.25,164
2008-01-02 17:11:00,1572.00,1572.25,1572.00,1572.25,62
2008-01-02 17:12:00,1572.00,1572.50,1572.00,1572.25,475
2008-01-02 17:13:00,1572.25,1572.25,1572.25,1572.25,74
2008-01-02 17:14:00,1572.00,1572.25,1572.00,1572.25,9
2008-01-02 17:15:00,1572.25,1572.25,1571.75,1571.75,43
2008-01-02 17:16:00,1571.75,1572.00,1571.50,1571.75,17
2008-01-02 17:17:00,1572.00,1572.00,1571.75,1571.75,6
2008-01-02 17:18:00,1571.75,1572.00,1571.75,1572.00,11
2008-01-02 17:19:00,1572.00,1572.00,1572.00,1572.00,13
2008-01-02 17:20:00,1572.00,1572.00,1572.00,1572.00,15
2008-01-02 17:21:00,1572.00,1572.00,1572.00,1572.00,50
2008-01-02 17:22:00,1571.75,1572.25,1571.75,1572.25,7
2008-01-02 17:23:00,1572.00,1572.00,1572.00,1572.00,11
2008-01-02 17:24:00,1571.75,1572.00,1571.75,1571.75,18
2008-01-02 17:25:00,1572.00,1572.00,1572.00,1572.00,3
2008-01-02 17:26:00,1572.00,1572.50,1571.75,1572.25,252
2008-01-02 17:27:00,1572.25,1572.75,1572.25,1572.50,176
2008-01-02 17:28:00,1572.75,1572.75,1572.75,1572.75,38
2008-01-02 17:29:00,1572.75,1572.75,1572.25,1572.25,9
2008-01-02 18:00:00,1572.50,1572.50,1572.00,1572.25,335
2008-01-02 18:01:00,1572.25,1572.50,1572.25,1572.25,2035
2008-01-02 18:02:00,1572.25,1572.25,1572.00,1572.25,1008
2008-01-02 18:03:00,1572.25,1572.25,1572.25,1572.25,1132
2008-01-02 18:04:00,1572.25,1572.50,1572.25,1572.50,79
2008-01-02 18:05:00,1572.75,1572.75,1572.75,1572.75,3
2008-01-02 18:06:00,1572.75,1572.75,1572.75,1572.75,55
2008-01-02 18:07:00,1572.50,1573.25,1572.50,1573.00,124
2008-01-02 18:08:00,1573.00,1574.00,1573.00,1573.50,588
2008-01-02 18:09:00,1573.50,1573.75,1573.50,1573.75,44
2008-01-02 18:10:00,1573.50,1573.75,1573.25,1573.25,8
2008-01-02 18:11:00,1573.50,1573.75,1573.50,1573.75,43
2008-01-02 18:12:00,1573.50,1573.50,1573.25,1573.25,14
2008-01-02 18:13:00,1573.50,1573.75,1573.50,1573.75,7
2008-01-02 18:14:00,1573.50,1573.50,1573.00,1573.00,169
2008-01-02 18:15:00,1573.00,1573.25,1573.00,1573.25,191
2008-01-02 18:16:00,1573.25,1573.25,1573.25,1573.25,27
2008-01-02 18:17:00,1573.25,1573.50,1573.25,1573.50,4
2008-01-02 18:18:00,1573.25,1573.50,1573.25,1573.25,18
2008-01-02 18:19:00,1573.50,1573.50,1573.25,1573.25,79
2008-01-02 18:20:00,1573.25,1573.25,1573.25,1573.25,14
2008-01-02 18:21:00,1573.25,1573.25,1573.25,1573.25,5
2008-01-02 18:22:00,1573.50,1573.50,1573.50,1573.50,1
2008-01-02 18:23:00,1573.25,1573.50,1573.25,1573.50,57
2008-01-02 18:24:00,1573.50,1573.50,1573.25,1573.25,3
2008-01-02 18:25:00,1573.25,1573.25,1573.25,1573.25,1
2008-01-02 18:26:00,1573.25,1573.50,1573.25,1573.50,11
2008-01-02 18:27:00,1573.50,1573.50,1573.50,1573.50,3
2008-01-02 18:28:00,1573.50,1573.50,1573.50,1573.50,36
2008-01-02 18:29:00,1573.25,1573.50,1573.25,1573.50,71
2008-01-02 18:30:00,1573.50,1573.75,1573.50,1573.75,15
2008-01-02 18:32:00,1573.75,1573.75,1573.75,1573.75,21
2008-01-02 18:33:00,1573.75,1573.75,1573.50,1573.50,5
2008-01-02 18:34:00,1573.50,1573.75,1573.50,1573.75,21
2008-01-02 18:35:00,1573.50,1573.75,1573.25,1573.50,131
2008-01-02 18:36:00,1573.25,1573.50,1573.00,1573.25,182
2008-01-02 18:37:00,1573.25,1573.25,1573.25,1573.25,17
2008-01-02 18:38:00,1573.25,1573.25,1573.00,1573.25,57
2008-01-02 18:39:00,1572.75,1573.00,1572.75,1573.00,36
2008-01-02 18:41:00,1573.00,1573.25,1572.75,1572.75,58
2008-01-02 18:42:00,1573.00,1573.25,1573.00,1573.25,6
2008-01-02 18:43:00,1573.25,1573.50,1573.25,1573.50,19
2008-01-02 18:44:00,1573.50,1573.75,1573.50,1573.75,123
2008-01-02 18:45:00,1573.50,1573.50,1573.00,1573.25,167
2008-01-02 18:46:00,1573.25,1573.25,1572.75,1572.75,81
2008-01-02 18:47:00,1572.75,1572.75,1572.75,1572.75,43
2008-01-02 18:48:00,1572.50,1572.50,1572.25,1572.25,252
2008-01-02 18:49:00,1572.00,1572.25,1572.00,1572.00,6
2008-01-02 18:50:00,1572.25,1572.25,1572.25,1572.25,94
2008-01-02 18:51:00,1572.25,1572.50,1572.25,1572.25,54
2008-01-02 18:52:00,1572.25,1572.25,1572.25,1572.25,41
2008-01-02 18:53:00,1572.25,1572.25,1572.25,1572.25,3
2008-01-02 18:54:00,1572.25,1572.25,1572.25,1572.25,4
2008-01-02 18:55:00,1572.50,1572.50,1572.50,1572.50,9
2008-01-02 18:56:00,1572.50,1572.50,1572.25,1572.25,8
2008-01-02 18:57:00,1572.25,1572.25,1572.25,1572.25,3
2008-01-02 18:58:00,1572.25,1572.25,1572.25,1572.25,1
2008-01-02 18:59:00,1572.50,1572.50,1572.25,1572.25,9
2008-01-02 19:00:00,1572.25,1572.25,1572.25,1572.25,1
2008-01-02 19:01:00,1572.50,1572.50,1572.25,1572.25,11
2008-01-02 19:02:00,1572.25,1572.50,1572.00,1572.00,66
2008-01-02 19:03:00,1572.25,1572.25,1572.00,1572.25,70
2008-01-02 19:04:00,1572.25,1572.25,1572.25,1572.25,15
2008-01-02 19:05:00,1572.25,1572.25,1572.25,1572.25,3
2008-01-02 19:06:00,1572.25,1572.25,1572.00,1572.00,8
2008-01-02 19:07:00,1572.00,1572.25,1572.00,1572.00,13
2008-01-02 19:08:00,1572.00,1572.00,1572.00,1572.00,1
2008-01-02 19:09:00,1572.00,1572.00,1572.00,1572.00,83
2008-01-02 19:10:00,1572.00,1572.00,1572.00,1572.00,1
2008-01-02 19:11:00,1572.25,1572.25,1572.25,1572.25,103
2008-01-02 19:12:00,1572.25,1572.25,1572.25,1572.25,11
2008-01-02 19:13:00,1572.25,1572.50,1572.25,1572.25,3
2008-01-02 19:15:00,1572.50,1572.75,1572.50,1572.75,112
2008-01-02 19:16:00,1572.75,1572.75,1572.50,1572.50,19
2008-01-02 19:17:00,1572.50,1572.50,1572.50,1572.50,1
2008-01-02 19:18:00,1572.75,1572.75,1572.50,1572.75,26
2008-01-02 19:19:00,1572.75,1573.00,1572.75,1573.00,17
2008-01-02 19:20:00,1573.00,1573.00,1572.75,1572.75,7
2008-01-02 19:25:00,1573.00,1573.00,1573.00,1573.00,1
2008-01-02 19:27:00,1572.75,1572.75,1572.75,1572.75,5
2008-01-02 19:29:00,1573.00,1573.00,1573.00,1573.00,18
2008-01-02 19:30:00,1573.00,1573.00,1573.00,1573.00,2
2008-01-02 19:31:00,1573.00,1573.00,1572.75,1573.00,15
2008-01-02 19:32:00,1572.75,1573.00,1572.75,1573.00,5
2008-01-02 19:33:00,1573.25,1573.25,1573.00,1573.00,4
2008-01-02 19:34:00,1573.00,1573.25,1573.00,1573.00,18
2008-01-02 19:35:00,1573.00,1573.00,1573.00,1573.00,2
2008-01-02 19:36:00,1573.00,1573.00,1572.75,1573.00,7
2008-01-02 19:37:00,1573.00,1573.00,1572.75,1572.75,134
2008-01-02 19:38:00,1573.00,1573.00,1573.00,1573.00,33
2008-01-02 19:39:00,1573.00,1573.00,1572.75,1572.75,10
2008-01-02 19:41:00,1573.00,1573.00,1573.00,1573.00,87
2008-01-02 19:42:00,1573.25,1573.25,1573.00,1573.00,9
2008-01-02 19:43:00,1573.00,1573.00,1573.00,1573.00,5
2008-01-02 19:45:00,1573.25,1573.50,1573.25,1573.25,70
2008-01-02 19:46:00,1573.50,1573.50,1573.50,1573.50,2
2008-01-02 19:47:00,1573.50,1573.50,1573.25,1573.50,8
2008-01-02 19:48:00,1573.50,1573.50,1573.25,1573.50,16
2008-01-02 19:49:00,1573.50,1573.50,1573.50,1573.50,31
2008-01-02 19:50:00,1573.50,1573.50,1573.50,1573.50,1
2008-01-02 19:51:00,1573.50,1573.50,1573.50,1573.50,20
2008-01-02 19:52:00,1573.25,1573.50,1573.25,1573.50,8
2008-01-02 19:53:00,1573.50,1573.50,1573.50,1573.50,2
2008-01-02 19:54:00,1573.75,1573.75,1573.50,1573.50,44
2008-01-02 19:55:00,1573.50,1573.50,1573.50,1573.50,15
2008-01-02 19:56:00,1573.75,1573.75,1573.75,1573.75,8
2008-01-02 19:57:00,1573.75,1573.75,1573.75,1573.75,42
2008-01-02 19:58:00,1573.75,1573.75,1573.75,1573.75,37
2008-01-02 20:00:00,1573.75,1573.75,1573.75,1573.75,1
2008-01-02 20:01:00,1573.75,1573.75,1573.50,1573.50,106
2008-01-02 20:02:00,1573.50,1573.50,1573.50,1573.50,28
2008-01-02 20:03:00,1573.50,1573.50,1573.50,1573.50,22
2008-01-02 20:04:00,1573.50,1573.50,1573.50,1573.50,3
2008-01-02 20:08:00,1573.50,1573.75,1573.50,1573.75,12
2008-01-02 20:09:00,1573.50,1573.50,1573.50,1573.50,10
2008-01-02 20:10:00,1573.75,1573.75,1573.75,1573.75,7
2008-01-02 20:11:00,1573.75,1573.75,1573.75,1573.75,4
2008-01-02 20:12:00,1573.75,1573.75,1573.75,1573.75,4
2008-01-02 20:13:00,1573.50,1573.50,1573.50,1573.50,6
2008-01-02 20:14:00,1573.50,1573.50,1573.50,1573.50,1
2008-01-02 20:15:00,1573.75,1573.75,1573.75,1573.75,25
2008-01-02 20:16:00,1573.50,1573.50,1573.50,1573.50,101
2008-01-02 20:17:00,1573.50,1573.75,1573.50,1573.75,35
2008-01-02 20:19:00,1573.50,1573.50,1573.50,1573.50,85
2008-01-02 20:20:00,1573.50,1573.50,1573.25,1573.50,35
2008-01-02 20:21:00,1573.25,1573.50,1573.25,1573.50,87
2008-01-02 20:22:00,1573.75,1573.75,1573.50,1573.50,23
2008-01-02 20:23:00,1573.50,1573.50,1573.25,1573.25,22
2008-01-02 20:25:00,1573.25,1573.25,1573.00,1573.00,112
2008-01-02 20:26:00,1573.00,1573.25,1573.00,1573.00,147
2008-01-02 20:27:00,1573.00,1573.00,1573.00,1573.00,10
2008-01-02 20:28:00,1573.25,1573.25,1573.00,1573.00,2
2008-01-02 20:29:00,1573.25,1573.25,1573.25,1573.25,7
2008-01-02 20:30:00,1573.25,1573.25,1573.00,1573.25,19
2008-01-02 20:31:00,1573.00,1573.00,1572.75,1572.75,34
2008-01-02 20:32:00,1572.75,1572.75,1572.75,1572.75,2
2008-01-02 20:34:00,1572.75,1572.75,1572.75,1572.75,2
2008-01-02 20:35:00,1573.00,1573.00,1573.00,1573.00,25
2008-01-02 20:36:00,1573.00,1573.00,1573.00,1573.00,12
2008-01-02 20:37:00,1573.00,1573.00,1573.00,1573.00,32
2008-01-02 20:38:00,1573.00,1573.00,1573.00,1573.00,10
2008-01-02 20:39:00,1573.25,1573.25,1573.25,1573.25,2
2008-01-02 20:40:00,1573.25,1573.25,1573.25,1573.25,3
2008-01-02 20:41:00,1573.00,1573.00,1573.00,1573.00,2
2008-01-02 20:43:00,1573.25,1573.25,1573.00,1573.00,13
2008-01-02 20:44:00,1573.00,1573.25,1573.00,1573.25,6
2008-01-02 20:45:00,1573.25,1573.25,1573.25,1573.25,40
2008-01-02 20:46:00,1573.25,1573.25,1573.00,1573.00,24
2008-01-02 20:47:00,1573.25,1573.25,1573.25,1573.25,14
2008-01-02 20:48:00,1573.00,1573.00,1573.00,1573.00,9
2008-01-02 20:49:00,1573.25,1573.25,1573.25,1573.25,237
2008-01-02 20:50:00,1573.25,1573.25,1573.00,1573.25,3
2008-01-02 20:51:00,1573.00,1573.00,1573.00,1573.00,44
2008-01-02 20:52:00,1573.25,1573.25,1573.25,1573.25,1
2008-01-02 20:53:00,1573.25,1573.25,1573.25,1573.25,29
2008-01-02 20:56:00,1573.25,1573.25,1573.25,1573.25,1
2008-01-02 20:57:00,1573.00,1573.00,1573.00,1573.00,1
2008-01-02 20:58:00,1573.00,1573.00,1573.00,1573.00,3
2008-01-02 21:00:00,1573.25,1573.25,1573.25,1573.25,112
2008-01-02 21:01:00,1573.25,1573.25,1573.25,1573.25,6
2008-01-02 21:02:00,1573.25,1573.25,1573.25,1573.25,41
2008-01-02 21:03:00,1573.00,1573.00,1573.00,1573.00,1
2008-01-02 21:04:00,1573.00,1573.00,1573.00,1573.00,1
2008-01-02 21:06:00,1573.00,1573.00,1573.00,1573.00,1
2008-01-02 21:07:00,1573.00,1573.00,1573.00,1573.00,10
2008-01-02 21:08:00,1573.25,1573.25,1573.25,1573.25,1
2008-01-02 21:09:00,1573.00,1573.00,1573.00,1573.00,2
2008-01-02 21:10:00,1573.00,1573.00,1573.00,1573.00,1
2008-01-02 21:11:00,1573.25,1573.25,1573.25,1573.25,2
2008-01-02 21:12:00,1573.00,1573.00,1573.00,1573.00,1
2008-01-02 21:14:00,1573.00,1573.00,1573.00,1573.00,2
2008-01-02 21:15:00,1573.25,1573.25,1573.25,1573.25,101
2008-01-02 21:16:00,1573.25,1573.50,1573.25,1573.50,26
2008-01-02 21:17:00,1573.25,1573.25,1573.25,1573.25,14
2008-01-02 21:19:00,1573.25,1573.25,1573.25,1573.25,2
2008-01-02 21:21:00,1573.25,1573.25,1573.25,1573.25,9
2008-01-02 21:24:00,1573.25,1573.25,1573.25,1573.25,8
2008-01-02 21:25:00,1573.25,1573.25,1573.25,1573.25,1
2008-01-02 21:27:00,1573.25,1573.25,1573.25,1573.25,1
2008-01-02 21:28:00,1573.25,1573.25,1573.25,1573.25,6
2008-01-02 21:30:00,1573.25,1573.25,1573.25,1573.25,2
2008-01-02 21:31:00,1573.50,1573.50,1573.50,1573.50,20
2008-01-02 21:32:00,1573.50,1573.50,1573.50,1573.50,101
2008-01-02 21:33:00,1573.50,1573.50,1573.25,1573.25,3
2008-01-02 21:34:00,1573.25,1573.50,1573.25,1573.25,9
2008-01-02 21:36:00,1573.25,1573.25,1573.25,1573.25,5
2008-01-02 21:37:00,1573.25,1573.25,1573.25,1573.25,2
2008-01-02 21:38:00,1573.50,1573.50,1573.25,1573.25,11
2008-01-02 21:41:00,1573.25,1573.25,1573.25,1573.25,16
2008-01-02 21:42:00,1573.25,1573.25,1573.25,1573.25,7
2008-01-02 21:43:00,1573.25,1573.25,1573.25,1573.25,1
2008-01-02 21:44:00,1573.50,1573.50,1573.50,1573.50,4
2008-01-02 21:45:00,1573.50,1573.50,1573.50,1573.50,26
2008-01-02 21:46:00,1573.50,1573.50,1573.50,1573.50,1
2008-01-02 21:47:00,1573.50,1573.75,1573.50,1573.75,11
2008-01-02 21:48:00,1573.75,1573.75,1573.50,1573.50,8
2008-01-02 21:49:00,1573.75,1573.75,1573.50,1573.50,6
2008-01-02 21:50:00,1573.75,1573.75,1573.75,1573.75,100
2008-01-02 21:51:00,1573.75,1573.75,1573.75,1573.75,91
2008-01-02 21:52:00,1573.75,1573.75,1573.75,1573.75,43
2008-01-02 21:53:00,1573.75,1573.75,1573.75,1573.75,7
2008-01-02 21:54:00,1573.75,1573.75,1573.75,1573.75,36
2008-01-02 21:55:00,1573.75,1573.75,1573.75,1573.75,2
2008-01-02 21:56:00,1573.75,1573.75,1573.50,1573.50,6
2008-01-02 21:57:00,1573.75,1573.75,1573.75,1573.75,7
2008-01-02 21:58:00,1573.75,1574.00,1573.75,1574.00,7
2008-01-02 21:59:00,1573.75,1573.75,1573.75,1573.75,9
2008-01-02 22:00:00,1574.00,1574.00,1574.00,1574.00,126
2008-01-02 22:01:00,1574.00,1574.00,1573.75,1573.75,3
2008-01-02 22:02:00,1574.00,1574.00,1574.00,1574.00,58
2008-01-02 22:03:00,1574.00,1574.00,1574.00,1574.00,6
2008-01-02 22:04:00,1574.00,1574.00,1573.75,1573.75,26
2008-01-02 22:05:00,1574.00,1574.25,1574.00,1574.00,223
2008-01-02 22:06:00,1574.00,1574.25,1574.00,1574.25,4
2008-01-02 22:07:00,1574.00,1574.00,1574.00,1574.00,10
2008-01-02 22:08:00,1574.00,1574.00,1574.00,1574.00,5
2008-01-02 22:09:00,1574.00,1574.25,1574.00,1574.00,11
2008-01-02 22:10:00,1574.25,1574.25,1574.25,1574.25,1
2008-01-02 22:11:00,1574.00,1574.25,1574.00,1574.25,11
2008-01-02 22:13:00,1574.25,1574.25,1574.25,1574.25,41
2008-01-02 22:14:00,1574.25,1574.25,1574.25,1574.25,25
2008-01-02 22:15:00,1574.25,1574.25,1574.25,1574.25,13
2008-01-02 22:16:00,1574.25,1574.25,1574.25,1574.25,25
2008-01-02 22:18:00,1574.00,1574.00,1574.00,1574.00,51
2008-01-02 22:19:00,1574.00,1574.00,1574.00,1574.00,6
2008-01-02 22:20:00,1573.75,1574.25,1573.75,1574.25,78
2008-01-02 22:21:00,1574.00,1574.25,1574.00,1574.25,8
2008-01-02 22:22:00,1574.00,1574.00,1574.00,1574.00,1
2008-01-02 22:23:00,1574.00,1574.25,1574.00,1574.25,211
2008-01-02 22:24:00,1574.25,1574.50,1574.25,1574.25,60
2008-01-02 22:25:00,1574.50,1574.50,1574.25,1574.25,39
2008-01-02 22:26:00,1574.25,1574.25,1574.25,1574.25,76
2008-01-02 22:27:00,1574.25,1574.25,1574.25,1574.25,38
2008-01-02 22:28:00,1574.25,1574.25,1574.25,1574.25,6
2008-01-02 22:29:00,1574.25,1574.25,1574.25,1574.25,8
2008-01-02 22:30:00,1574.25,1574.25,1574.25,1574.25,1
2008-01-02 22:31:00,1574.25,1574.25,1574.25,1574.25,5
2008-01-02 22:32:00,1574.25,1574.25,1574.25,1574.25,54
2008-01-02 22:33:00,1574.00,1574.00,1573.75,1573.75,43
2008-01-02 22:34:00,1573.75,1574.00,1573.75,1573.75,55
2008-01-02 22:35:00,1574.00,1574.00,1574.00,1574.00,4
2008-01-02 22:36:00,1574.00,1574.25,1574.00,1574.00,7
2008-01-02 22:37:00,1574.00,1574.00,1574.00,1574.00,1
2008-01-02 22:38:00,1574.00,1574.00,1574.00,1574.00,2
2008-01-02 22:40:00,1574.25,1574.25,1574.00,1574.00,9
2008-01-02 22:42:00,1574.00,1574.00,1573.75,1573.75,84
2008-01-02 22:43:00,1573.75,1573.75,1573.75,1573.75,17
2008-01-02 22:44:00,1573.75,1573.75,1573.50,1573.75,9
2008-01-02 22:45:00,1573.50,1573.75,1573.50,1573.75,34
2008-01-02 22:46:00,1574.00,1574.00,1574.00,1574.00,1
2008-01-02 22:47:00,1574.00,1574.00,1574.00,1574.00,2
2008-01-02 22:48:00,1574.00,1574.00,1574.00,1574.00,2
2008-01-02 22:49:00,1573.75,1574.00,1573.75,1574.00,2
2008-01-02 22:50:00,1574.00,1574.25,1574.00,1574.25,14
2008-01-02 22:51:00,1574.25,1574.25,1574.00,1574.25,4
2008-01-02 22:52:00,1574.00,1574.25,1574.00,1574.00,4
2008-01-02 22:53:00,1574.00,1574.25,1574.00,1574.25,2
2008-01-02 22:54:00,1574.25,1574.25,1574.25,1574.25,1
2008-01-02 22:55:00,1574.25,1574.25,1574.25,1574.25,9
2008-01-02 22:59:00,1574.00,1574.00,1574.00,1574.00,2
2008-01-02 23:00:00,1574.25,1574.25,1574.25,1574.25,6
2008-01-02 23:01:00,1574.25,1574.25,1574.25,1574.25,7
2008-01-02 23:04:00,1574.25,1574.25,1574.25,1574.25,14
2008-01-02 23:05:00,1574.25,1574.25,1574.00,1574.25,212
2008-01-02 23:06:00,1574.00,1574.00,1573.75,1574.00,133
2008-01-02 23:07:00,1573.75,1574.00,1573.75,1574.00,3
2008-01-02 23:08:00,1574.00,1574.00,1574.00,1574.00,4
2008-01-02 23:09:00,1574.00,1574.00,1574.00,1574.00,13
2008-01-02 23:10:00,1574.00,1574.25,1574.00,1574.25,141
2008-01-02 23:11:00,1574.25,1574.25,1574.25,1574.25,153
2008-01-02 23:12:00,1574.25,1574.50,1574.25,1574.50,240
2008-01-02 23:13:00,1574.25,1574.25,1574.25,1574.25,9
2008-01-02 23:14:00,1574.25,1574.50,1574.00,1574.00,154
2008-01-02 23:15:00,1574.00,1574.50,1574.00,1574.25,24
2008-01-02 23:16:00,1574.50,1574.75,1574.50,1574.75,144
2008-01-02 23:18:00,1574.50,1574.75,1574.50,1574.75,104
2008-01-02 23:20:00,1574.75,1574.75,1574.50,1574.50,13
2008-01-02 23:21:00,1574.50,1574.75,1574.50,1574.50,189
2008-01-02 23:22:00,1574.50,1574.50,1574.50,1574.50,11
2008-01-02 23:23:00,1574.25,1574.50,1574.25,1574.50,16
2008-01-02 23:24:00,1574.25,1574.25,1574.25,1574.25,6
2008-01-02 23:25:00,1574.25,1574.25,1574.25,1574.25,1
2008-01-02 23:27:00,1574.50,1574.50,1574.50,1574.50,26
2008-01-02 23:28:00,1574.50,1574.50,1574.50,1574.50,10
2008-01-02 23:30:00,1574.50,1574.50,1574.50,1574.50,20
2008-01-02 23:31:00,1574.50,1574.50,1574.50,1574.50,18
2008-01-02 23:32:00,1574.50,1574.50,1574.25,1574.25,7
2008-01-02 23:34:00,1574.50,1574.50,1574.25,1574.25,26
2008-01-02 23:35:00,1574.50,1574.50,1574.50,1574.50,1
2008-01-02 23:36:00,1574.50,1574.50,1574.50,1574.50,20
2008-01-02 23:38:00,1574.50,1574.50,1574.50,1574.50,19
2008-01-02 23:39:00,1574.50,1574.50,1574.25,1574.25,107
2008-01-02 23:40:00,1574.25,1574.25,1574.25,1574.25,14
2008-01-02 23:41:00,1574.25,1574.25,1574.25,1574.25,7
2008-01-02 23:42:00,1574.25,1574.25,1574.00,1574.25,5
2008-01-02 23:43:00,1574.25,1574.25,1574.25,1574.25,9
2008-01-02 23:44:00,1574.50,1574.50,1574.50,1574.50,43
2008-01-02 23:45:00,1574.50,1574.50,1574.50,1574.50,4
2008-01-02 23:46:00,1574.50,1574.50,1574.25,1574.50,5
2008-01-02 23:47:00,1574.50,1574.50,1574.50,1574.50,1
2008-01-02 23:48:00,1574.50,1574.75,1574.50,1574.75,6
2008-01-02 23:50:00,1574.75,1574.75,1574.75,1574.75,6
2008-01-02 23:52:00,1574.50,1574.50,1574.50,1574.50,1
2008-01-02 23:53:00,1574.75,1574.75,1574.50,1574.50,6
2008-01-02 23:55:00,1574.75,1574.75,1574.50,1574.50,11
2008-01-02 23:56:00,1574.50,1574.50,1574.50,1574.50,5
2008-01-02 23:57:00,1574.50,1574.50,1574.50,1574.50,25
2008-01-02 23:58:00,1574.50,1574.50,1574.50,1574.50,25
2008-01-02 23:59:00,1574.75,1574.75,1574.75,1574.75,28
2008-01-03 00:00:00,1574.75,1574.75,1574.75,1574.75,22
2008-01-03 00:02:00,1574.75,1574.75,1574.75,1574.75,100
2008-01-03 00:03:00,1574.75,1574.75,1574.50,1574.75,38
2008-01-03 00:05:00,1574.75,1574.75,1574.75,1574.75,10
2008-01-03 00:06:00,1574.75,1575.00,1574.75,1574.75,530
2008-01-03 00:07:00,1574.75,1574.75,1574.75,1574.75,1
2008-01-03 00:08:00,1574.75,1574.75,1574.75,1574.75,1
2008-01-03 00:09:00,1574.75,1575.00,1574.75,1575.00,47
2008-01-03 00:10:00,1575.00,1575.00,1575.00,1575.00,373
2008-01-03 00:12:00,1575.00,1575.00,1575.00,1575.00,7
2008-01-03 00:13:00,1575.00,1575.00,1574.75,1574.75,7
2008-01-03 00:14:00,1574.75,1574.75,1574.75,1574.75,3
2008-01-03 00:15:00,1575.00,1575.00,1574.75,1574.75,78
2008-01-03 00:16:00,1574.75,1574.75,1574.75,1574.75,4
2008-01-03 00:17:00,1574.50,1574.50,1574.50,1574.50,4
2008-01-03 00:18:00,1574.75,1575.00,1574.75,1575.00,134
2008-01-03 00:19:00,1574.75,1574.75,1574.75,1574.75,35
2008-01-03 00:20:00,1574.75,1574.75,1574.75,1574.75,1
2008-01-03 00:22:00,1574.75,1574.75,1574.75,1574.75,3
2008-01-03 00:25:00,1575.00,1575.00,1574.75,1574.75,14
2008-01-03 00:27:00,1575.00,1575.00,1575.00,1575.00,10
2008-01-03 00:28:00,1575.00,1575.25,1575.00,1575.00,42
2008-01-03 00:29:00,1575.00,1575.25,1575.00,1575.25,6
2008-01-03 00:30:00,1575.25,1575.25,1575.00,1575.00,39
2008-01-03 00:31:00,1575.00,1575.00,1575.00,1575.00,15
2008-01-03 00:34:00,1575.00,1575.00,1575.00,1575.00,77
2008-01-03 00:35:00,1575.00,1575.00,1575.00,1575.00,41
2008-01-03 00:36:00,1574.75,1574.75,1574.75,1574.75,9
2008-01-03 00:37:00,1574.75,1575.00,1574.75,1575.00,110
2008-01-03 00:38:00,1575.00,1575.00,1575.00,1575.00,4
2008-01-03 00:39:00,1574.75,1574.75,1574.75,1574.75,6
2008-01-03 00:40:00,1574.75,1575.00,1574.75,1575.00,29
2008-01-03 00:41:00,1575.00,1575.00,1575.00,1575.00,36
2008-01-03 00:43:00,1575.00,1575.00,1575.00,1575.00,11
2008-01-03 00:44:00,1575.00,1575.00,1575.00,1575.00,28
2008-01-03 00:45:00,1575.00,1575.00,1575.00,1575.00,27
2008-01-03 00:46:00,1575.00,1575.00,1575.00,1575.00,1
2008-01-03 00:47:00,1574.75,1574.75,1574.75,1574.75,1
2008-01-03 00:48:00,1574.75,1574.75,1574.75,1574.75,1
2008-01-03 00:51:00,1574.75,1575.25,1574.75,1575.00,147
2008-01-03 00:52:00,1574.75,1574.75,1574.75,1574.75,1
2008-01-03 00:55:00,1575.00,1575.00,1575.00,1575.00,21
2008-01-03 00:56:00,1575.00,1575.00,1575.00,1575.00,24
2008-01-03 00:57:00,1575.00,1575.00,1575.00,1575.00,1
2008-01-03 00:58:00,1575.00,1575.00,1575.00,1575.00,11
2008-01-03 00:59:00,1574.75,1574.75,1574.75,1574.75,1
2008-01-03 01:00:00,1575.00,1575.00,1575.00,1575.00,13
2008-01-03 01:01:00,1575.25,1575.50,1575.00,1575.50,521
2008-01-03 01:02:00,1575.25,1575.25,1575.25,1575.25,2
2008-01-03 01:04:00,1575.50,1575.50,1575.50,1575.50,25
2008-01-03 01:05:00,1575.50,1575.50,1575.25,1575.25,31
2008-01-03 01:06:00,1575.50,1575.50,1575.50,1575.50,102
2008-01-03 01:07:00,1575.50,1575.50,1575.50,1575.50,3
2008-01-03 01:08:00,1575.50,1575.50,1575.50,1575.50,1
2008-01-03 01:09:00,1575.50,1575.50,1575.50,1575.50,2
2008-01-03 01:10:00,1575.50,1575.50,1575.25,1575.25,51
2008-01-03 01:12:00,1575.50,1575.50,1575.50,1575.50,31
2008-01-03 01:13:00,1575.50,1575.50,1575.50,1575.50,147
2008-01-03 01:14:00,1575.50,1575.75,1575.50,1575.50,204
2008-01-03 01:15:00,1575.50,1575.50,1575.50,1575.50,1
2008-01-03 01:17:00,1575.50,1575.50,1575.25,1575.25,70
2008-01-03 01:18:00,1575.25,1575.25,1575.25,1575.25,1
2008-01-03 01:19:00,1575.50,1575.50,1575.50,1575.50,5
2008-01-03 01:21:00,1575.50,1575.50,1575.50,1575.50,37
2008-01-03 01:22:00,1575.50,1575.50,1575.50,1575.50,1
2008-01-03 01:23:00,1575.50,1575.50,1575.50,1575.50,23
2008-01-03 01:24:00,1575.50,1575.75,1575.50,1575.75,60
2008-01-03 01:25:00,1575.75,1575.75,1575.75,1575.75,179
2008-01-03 01:26:00,1575.50,1575.50,1575.50,1575.50,31
2008-01-03 01:27:00,1575.25,1575.25,1575.00,1575.25,15
2008-01-03 01:28:00,1575.50,1575.50,1575.50,1575.50,11
2008-01-03 01:29:00,1575.50,1575.50,1575.50,1575.50,5
2008-01-03 01:30:00,1575.50,1575.50,1575.50,1575.50,1
2008-01-03 01:31:00,1575.50,1575.50,1575.50,1575.50,1
2008-01-03 01:32:00,1575.75,1575.75,1575.50,1575.50,26
2008-01-03 01:33:00,1575.50,1575.50,1575.50,1575.50,13
2008-01-03 01:34:00,1575.50,1575.50,1575.50,1575.50,40
2008-01-03 01:36:00,1575.75,1575.75,1575.75,1575.75,3
2008-01-03 01:38:00,1575.75,1575.75,1575.75,1575.75,1
2008-01-03 01:39:00,1575.50,1575.50,1575.50,1575.50,3
2008-01-03 01:40:00,1575.75,1575.75,1575.75,1575.75,10
2008-01-03 01:42:00,1575.75,1575.75,1575.75,1575.75,58
2008-01-03 01:43:00,1575.75,1576.25,1575.75,1575.75,122
2008-01-03 01:44:00,1576.00,1576.00,1576.00,1576.00,10
2008-01-03 01:45:00,1576.00,1576.00,1575.75,1576.00,37
2008-01-03 01:46:00,1576.00,1576.00,1576.00,1576.00,9
2008-01-03 01:47:00,1576.00,1576.00,1576.00,1576.00,22
2008-01-03 01:49:00,1575.75,1575.75,1575.50,1575.50,107
2008-01-03 01:50:00,1575.50,1575.50,1575.50,1575.50,2
2008-01-03 01:52:00,1575.50,1575.50,1575.25,1575.25,42
2008-01-03 01:53:00,1575.25,1575.25,1575.25,1575.25,7
2008-01-03 01:54:00,1575.25,1575.25,1575.00,1575.00,15
2008-01-03 01:55:00,1575.25,1575.50,1575.25,1575.50,39
2008-01-03 01:56:00,1575.50,1575.50,1575.25,1575.25,13
2008-01-03 01:58:00,1575.25,1575.25,1574.75,1575.25,171
2008-01-03 01:59:00,1575.25,1575.50,1575.25,1575.50,31
2008-01-03 02:00:00,1575.25,1575.50,1575.25,1575.25,75
2008-01-03 02:01:00,1575.25,1575.75,1573.50,1574.00,837
2008-01-03 02:02:00,1574.25,1574.25,1574.00,1574.25,52
2008-01-03 02:03:00,1574.25,1574.25,1573.75,1573.75,54
2008-01-03 02:04:00,1574.00,1574.25,1574.00,1574.25,7
2008-01-03 02:05:00,1574.25,1574.25,1574.25,1574.25,4
2008-01-03 02:07:00,1574.25,1574.25,1574.25,1574.25,11
2008-01-03 02:08:00,1574.25,1574.25,1574.25,1574.25,4
2008-01-03 02:09:00,1574.25,1574.50,1574.00,1574.00,11
2008-01-03 02:10:00,1574.00,1574.25,1574.00,1574.25,5
2008-01-03 02:11:00,1574.50,1574.50,1574.25,1574.25,12
2008-01-03 02:12:00,1574.25,1574.25,1573.75,1573.75,80
2008-01-03 02:13:00,1573.75,1574.00,1573.50,1573.50,51
2008-01-03 02:14:00,1573.75,1574.00,1573.75,1573.75,23
2008-01-03 02:15:00,1573.75,1573.75,1573.75,1573.75,2
2008-01-03 02:16:00,1573.75,1573.75,1573.75,1573.75,8
2008-01-03 02:17:00,1573.75,1573.75,1573.75,1573.75,28
2008-01-03 02:18:00,1573.75,1574.00,1573.75,1574.00,22
2008-01-03 02:19:00,1574.00,1574.00,1573.75,1573.75,88
2008-01-03 02:20:00,1573.75,1573.75,1573.50,1573.50,12
2008-01-03 02:21:00,1573.50,1573.50,1572.75,1573.00,316
2008-01-03 02:22:00,1573.00,1573.00,1572.50,1572.50,165
2008-01-03 02:23:00,1572.25,1572.50,1572.00,1572.00,246
2008-01-03 02:24:00,1572.00,1572.50,1572.00,1572.25,23
2008-01-03 02:25:00,1572.50,1572.50,1572.25,1572.50,47
2008-01-03 02:26:00,1572.50,1573.00,1572.50,1573.00,20
2008-01-03 02:27:00,1572.75,1572.75,1572.50,1572.75,4
2008-01-03 02:28:00,1572.75,1572.75,1572.50,1572.50,8
2008-01-03 02:29:00,1572.75,1572.75,1572.50,1572.50,22
2008-01-03 02:30:00,1572.75,1572.75,1572.50,1572.50,144
2008-01-03 02:31:00,1572.50,1572.50,1572.50,1572.50,40
2008-01-03 02:32:00,1572.50,1572.50,1572.25,1572.50,108
2008-01-03 02:33:00,1572.75,1572.75,1572.50,1572.75,3
2008-01-03 02:34:00,1572.75,1573.00,1572.50,1572.75,195
2008-01-03 02:35:00,1572.75,1573.00,1572.75,1573.00,79
2008-01-03 02:37:00,1573.00,1573.00,1572.75,1572.75,7
2008-01-03 02:38:00,1572.75,1573.25,1572.75,1573.25,79
2008-01-03 02:39:00,1573.25,1573.50,1573.25,1573.25,15
2008-01-03 02:40:00,1573.25,1573.25,1573.25,1573.25,10
2008-01-03 02:41:00,1573.00,1573.00,1573.00,1573.00,28
2008-01-03 02:42:00,1572.75,1573.00,1572.75,1572.75,50
2008-01-03 02:43:00,1572.75,1572.75,1572.50,1572.75,48
2008-01-03 02:44:00,1572.75,1572.75,1572.75,1572.75,15
2008-01-03 02:45:00,1572.75,1572.75,1572.75,1572.75,66
2008-01-03 02:46:00,1572.75,1573.00,1572.50,1573.00,30
2008-01-03 02:47:00,1572.75,1573.00,1572.50,1573.00,30
2008-01-03 02:48:00,1572.75,1573.00,1572.50,1573.00,185
2008-01-03 02:49:00,1572.75,1572.75,1572.50,1572.75,118
2008-01-03 02:50:00,1573.00,1573.00,1572.50,1572.75,67
2008-01-03 02:51:00,1572.75,1572.75,1572.50,1572.75,62
2008-01-03 02:52:00,1572.75,1572.75,1572.50,1572.50,9
2008-01-03 02:53:00,1572.50,1572.75,1572.50,1572.50,71
2008-01-03 02:54:00,1572.50,1572.50,1572.25,1572.25,10
2008-01-03 02:55:00,1572.25,1572.50,1571.75,1572.25,304
2008-01-03 02:56:00,1572.25,1572.25,1571.75,1572.00,203
2008-01-03 02:57:00,1572.25,1572.25,1572.00,1572.25,232
2008-01-03 02:58:00,1572.50,1572.50,1572.25,1572.50,96
2008-01-03 02:59:00,1572.50,1573.00,1572.50,1573.00,43
2008-01-03 03:00:00,1572.75,1573.25,1572.50,1573.00,188
2008-01-03 03:01:00,1573.00,1573.00,1572.75,1572.75,238
2008-01-03 03:02:00,1572.75,1572.75,1571.75,1572.00,507
2008-01-03 03:03:00,1572.00,1572.25,1571.75,1572.25,245
2008-01-03 03:04:00,1572.25,1572.50,1571.75,1572.25,431
2008-01-03 03:05:00,1572.50,1572.75,1572.25,1572.75,108
2008-01-03 03:06:00,1572.75,1573.00,1572.75,1573.00,90
2008-01-03 03:07:00,1573.25,1573.50,1572.25,1572.25,269
2008-01-03 03:08:00,1572.50,1572.75,1572.50,1572.50,41
2008-01-03 03:09:00,1572.75,1573.25,1572.75,1573.00,81
2008-01-03 03:10:00,1572.75,1573.50,1572.75,1573.50,174
2008-01-03 03:11:00,1573.50,1573.75,1573.25,1573.75,53
2008-01-03 03:12:00,1573.75,1573.75,1573.75,1573.75,148
2008-01-03 03:13:00,1573.75,1574.00,1573.50,1574.00,156
2008-01-03 03:14:00,1574.00,1574.50,1573.75,1574.50,109
2008-01-03 03:15:00,1574.75,1575.00,1574.75,1574.75,347
2008-01-03 03:16:00,1574.75,1575.00,1574.25,1574.25,352
2008-01-03 03:17:00,1574.25,1574.75,1574.00,1574.25,183
2008-01-03 03:18:00,1574.25,1574.50,1574.00,1574.00,135
2008-01-03 03:19:00,1573.75,1574.00,1573.50,1573.50,192
2008-01-03 03:20:00,1573.50,1573.75,1573.25,1573.75,187
2008-01-03 03:21:00,1574.00,1575.00,1574.00,1574.75,143
2008-01-03 03:22:00,1574.50,1574.75,1574.25,1574.50,59
2008-01-03 03:23:00,1574.50,1574.50,1574.25,1574.50,36
2008-01-03 03:24:00,1574.50,1574.75,1574.50,1574.75,148
2008-01-03 03:25:00,1574.75,1574.75,1574.50,1574.50,60
2008-01-03 03:26:00,1574.50,1574.50,1574.00,1574.25,176
2008-01-03 03:27:00,1574.25,1574.25,1574.00,1574.00,567
2008-01-03 03:28:00,1574.00,1575.00,1574.00,1574.75,334
2008-01-03 03:29:00,1575.00,1575.00,1574.25,1574.25,256
2008-01-03 03:30:00,1574.00,1574.50,1574.00,1574.50,105
2008-01-03 03:31:00,1574.75,1574.75,1574.25,1574.75,126
2008-01-03 03:32:00,1574.50,1574.75,1574.25,1574.50,111
2008-01-03 03:33:00,1574.25,1574.50,1574.00,1574.50,161
2008-01-03 03:34:00,1574.50,1574.75,1574.00,1574.25,108
2008-01-03 03:35:00,1574.00,1574.25,1573.75,1574.00,138
2008-01-03 03:36:00,1574.00,1574.00,1573.75,1573.75,76
2008-01-03 03:37:00,1573.75,1573.75,1573.00,1573.25,111
2008-01-03 03:38:00,1573.25,1573.50,1573.00,1573.00,124
2008-01-03 03:39:00,1573.00,1573.25,1572.75,1572.75,104
2008-01-03 03:40:00,1572.75,1572.75,1572.00,1572.75,515
2008-01-03 03:41:00,1572.75,1573.00,1572.00,1572.00,370
2008-01-03 03:42:00,1572.00,1572.50,1572.00,1572.25,405
2008-01-03 03:43:00,1572.50,1573.00,1572.50,1573.00,454
2008-01-03 03:44:00,1573.25,1573.25,1572.00,1572.25,689
2008-01-03 03:45:00,1572.50,1572.75,1572.50,1572.50,174
2008-01-03 03:46:00,1572.50,1572.50,1571.75,1572.00,291
2008-01-03 03:47:00,1572.00,1572.25,1571.75,1572.25,61
2008-01-03 03:48:00,1572.25,1573.00,1572.25,1573.00,511
2008-01-03 03:49:00,1572.75,1572.75,1572.25,1572.75,127
2008-01-03 03:50:00,1572.50,1572.75,1572.25,1572.75,43
2008-01-03 03:51:00,1572.75,1573.25,1572.75,1573.25,82
2008-01-03 03:52:00,1573.25,1573.25,1573.00,1573.00,85
2008-01-03 03:53:00,1572.75,1572.75,1572.50,1572.50,110
2008-01-03 03:54:00,1572.50,1572.75,1571.75,1571.75,713
2008-01-03 03:55:00,1571.75,1572.25,1571.75,1572.00,284
2008-01-03 03:56:00,1572.00,1572.00,1571.75,1572.00,88
2008-01-03 03:57:00,1572.00,1572.00,1570.75,1570.75,1114
2008-01-03 03:58:00,1570.75,1571.25,1570.75,1570.75,631
2008-01-03 03:59:00,1571.00,1571.75,1570.75,1571.75,557
2008-01-03 04:00:00,1572.00,1572.25,1571.50,1571.50,268
2008-01-03 04:01:00,1571.25,1572.00,1571.00,1571.50,114
2008-01-03 04:02:00,1571.75,1572.50,1571.50,1572.50,434
2008-01-03 04:03:00,1572.25,1572.75,1571.50,1572.00,370
2008-01-03 04:04:00,1572.00,1572.25,1572.00,1572.00,44
2008-01-03 04:05:00,1572.00,1572.25,1571.25,1571.25,536
2008-01-03 04:06:00,1571.50,1571.50,1571.00,1571.00,297
2008-01-03 04:07:00,1571.25,1571.25,1571.00,1571.25,35
2008-01-03 04:08:00,1571.25,1571.50,1571.00,1571.25,74
2008-01-03 04:09:00,1571.25,1571.25,1570.50,1570.50,336
2008-01-03 04:10:00,1570.50,1571.75,1570.50,1571.50,227
2008-01-03 04:11:00,1571.25,1571.75,1570.75,1570.75,269
2008-01-03 04:12:00,1571.00,1572.00,1571.00,1571.50,215
2008-01-03 04:13:00,1571.50,1572.00,1571.00,1571.00,180
2008-01-03 04:14:00,1571.00,1571.50,1570.75,1571.25,102
2008-01-03 04:15:00,1571.50,1571.75,1571.25,1571.25,103
2008-01-03 04:16:00,1571.50,1572.25,1571.50,1572.00,74
2008-01-03 04:17:00,1572.25,1572.25,1572.00,1572.00,255
2008-01-03 04:18:00,1571.75,1572.00,1571.75,1572.00,50
2008-01-03 04:19:00,1572.00,1572.25,1572.00,1572.25,108
2008-01-03 04:20:00,1572.00,1572.00,1572.00,1572.00,58
2008-01-03 04:21:00,1572.00,1572.00,1571.75,1571.75,11
2008-01-03 04:22:00,1571.75,1572.00,1571.75,1571.75,84
2008-01-03 04:23:00,1572.00,1572.50,1572.00,1572.00,220
2008-01-03 04:24:00,1572.00,1572.25,1572.00,1572.25,122
2008-01-03 04:25:00,1572.25,1572.25,1571.75,1572.00,120
2008-01-03 04:26:00,1572.00,1572.00,1571.75,1571.75,21
2008-01-03 04:27:00,1572.00,1572.00,1571.75,1571.75,18
2008-01-03 04:28:00,1571.75,1572.00,1571.75,1572.00,67
2008-01-03 04:29:00,1571.75,1571.75,1571.25,1571.50,90
2008-01-03 04:30:00,1571.50,1571.75,1571.25,1571.75,106
2008-01-03 04:31:00,1571.50,1571.75,1571.25,1571.75,214
2008-01-03 04:32:00,1571.75,1572.00,1571.50,1571.50,50
2008-01-03 04:33:00,1571.50,1571.75,1571.50,1571.75,30
2008-01-03 04:34:00,1572.00,1572.50,1572.00,1572.00,135
2008-01-03 04:35:00,1572.00,1572.00,1571.25,1571.25,82
2008-01-03 04:36:00,1571.25,1572.00,1571.25,1571.25,271
2008-01-03 04:37:00,1571.50,1571.50,1571.25,1571.25,38
2008-01-03 04:38:00,1571.50,1571.50,1571.25,1571.25,52
2008-01-03 04:39:00,1571.25,1571.50,1571.25,1571.50,37
2008-01-03 04:40:00,1571.75,1571.75,1571.75,1571.75,27
2008-01-03 04:41:00,1571.75,1571.75,1571.50,1571.50,73
2008-01-03 04:42:00,1571.50,1571.50,1571.50,1571.50,17
2008-01-03 04:43:00,1571.50,1571.50,1571.25,1571.25,35
2008-01-03 04:44:00,1571.25,1571.50,1571.25,1571.50,15
2008-01-03 04:45:00,1571.50,1571.50,1571.00,1571.50,25
2008-01-03 04:46:00,1571.50,1571.50,1571.00,1571.00,19
2008-01-03 04:47:00,1571.25,1571.25,1570.00,1570.00,450
2008-01-03 04:48:00,1570.25,1571.00,1570.00,1570.50,274
2008-01-03 04:49:00,1570.50,1570.50,1569.75,1570.25,361
2008-01-03 04:50:00,1570.00,1570.50,1570.00,1570.25,101
2008-01-03 04:51:00,1570.25,1570.25,1569.50,1569.75,416
2008-01-03 04:52:00,1569.75,1569.75,1569.50,1569.50,53
2008-01-03 04:53:00,1569.50,1569.50,1569.00,1569.25,613
2008-01-03 04:54:00,1569.25,1570.50,1569.25,1570.25,580
2008-01-03 04:55:00,1570.00,1570.25,1569.75,1570.00,45
2008-01-03 04:56:00,1570.25,1570.50,1570.25,1570.25,95
2008-01-03 04:57:00,1570.50,1570.50,1570.25,1570.25,167
2008-01-03 04:58:00,1570.00,1570.00,1569.50,1569.50,203
2008-01-03 04:59:00,1569.50,1570.00,1569.50,1569.75,84
2008-01-03 05:00:00,1569.75,1570.00,1569.25,1569.75,147
2008-01-03 05:01:00,1569.75,1569.75,1569.25,1569.25,101
2008-01-03 05:02:00,1569.25,1569.75,1569.25,1569.50,102
2008-01-03 05:03:00,1569.50,1569.75,1569.25,1569.50,275
2008-01-03 05:04:00,1569.75,1569.75,1569.50,1569.50,220
2008-01-03 05:05:00,1569.50,1569.50,1568.75,1569.25,227
2008-01-03 05:06:00,1569.25,1569.75,1569.25,1569.50,241
2008-01-03 05:07:00,1569.50,1569.50,1569.25,1569.25,165
2008-01-03 05:08:00,1569.25,1569.25,1568.75,1569.25,203
2008-01-03 05:09:00,1569.50,1570.25,1569.50,1569.50,697
2008-01-03 05:10:00,1569.50,1569.75,1569.25,1569.75,375
2008-01-03 05:11:00,1569.75,1570.00,1569.00,1569.25,305
2008-01-03 05:12:00,1569.25,1569.25,1569.25,1569.25,2
2008-01-03 05:13:00,1569.25,1569.25,1569.00,1569.00,139
2008-01-03 05:14:00,1569.00,1569.00,1568.75,1569.00,58
2008-01-03 05:15:00,1568.75,1569.00,1568.25,1568.50,1031
2008-01-03 05:16:00,1568.75,1569.25,1568.75,1569.00,403
2008-01-03 05:17:00,1569.25,1569.25,1568.50,1568.75,333
2008-01-03 05:18:00,1569.00,1570.00,1569.00,1570.00,376
2008-01-03 05:19:00,1569.75,1570.25,1569.75,1569.75,159
2008-01-03 05:20:00,1569.50,1569.75,1569.00,1569.75,217
2008-01-03 05:21:00,1569.50,1569.50,1569.25,1569.50,122
2008-01-03 05:22:00,1569.50,1569.50,1568.75,1569.00,116
2008-01-03 05:23:00,1569.25,1569.25,1569.00,1569.00,33
2008-01-03 05:24:00,1569.00,1569.00,1568.75,1568.75,145
2008-01-03 05:25:00,1568.75,1569.25,1568.50,1568.75,254
2008-01-03 05:26:00,1568.75,1569.25,1568.50,1568.75,303
2008-01-03 05:27:00,1568.75,1568.75,1568.50,1568.75,53
2008-01-03 05:28:00,1568.75,1569.00,1568.75,1568.75,121
2008-01-03 05:29:00,1568.75,1569.00,1568.75,1568.75,110
2008-01-03 05:30:00,1568.50,1568.75,1568.50,1568.50,800
2008-01-03 05:31:00,1568.25,1568.25,1567.75,1568.25,733
2008-01-03 05:32:00,1568.00,1568.50,1567.50,1567.75,932
2008-01-03 05:33:00,1567.75,1568.00,1567.75,1567.75,281
2008-01-03 05:34:00,1567.75,1568.00,1567.50,1567.75,545
2008-01-03 05:35:00,1567.75,1567.75,1567.50,1567.75,66
2008-01-03 05:36:00,1567.75,1568.00,1567.75,1568.00,281
2008-01-03 05:37:00,1568.00,1568.00,1567.75,1568.00,186
2008-01-03 05:38:00,1568.00,1568.25,1567.75,1568.25,84
2008-01-03 05:39:00,1568.25,1568.25,1568.00,1568.00,192
2008-01-03 05:40:00,1568.00,1568.00,1568.00,1568.00,91
2008-01-03 05:41:00,1568.00,1568.25,1568.00,1568.25,47
2008-01-03 05:42:00,1568.50,1568.50,1568.00,1568.00,130
2008-01-03 05:43:00,1568.00,1568.75,1567.75,1568.75,393
2008-01-03 05:44:00,1568.75,1569.00,1568.50,1568.75,149
2008-01-03 05:45:00,1568.75,1569.00,1568.50,1568.75,49
2008-01-03 05:46:00,1568.75,1568.75,1568.75,1568.75,52
2008-01-03 05:47:00,1568.75,1568.75,1568.25,1568.75,297
2008-01-03 05:48:00,1568.75,1568.75,1568.50,1568.75,49
2008-01-03 05:49:00,1568.75,1568.75,1568.50,1568.50,39
2008-01-03 05:50:00,1568.50,1568.75,1568.25,1568.75,257
2008-01-03 05:51:00,1568.75,1569.25,1568.75,1569.00,211
2008-01-03 05:52:00,1569.00,1569.25,1569.00,1569.00,79
2008-01-03 05:53:00,1568.75,1568.75,1568.75,1568.75,43
2008-01-03 05:54:00,1568.75,1568.75,1568.50,1568.50,52
2008-01-03 05:55:00,1568.50,1568.50,1568.25,1568.50,121
2008-01-03 05:56:00,1568.50,1568.75,1568.25,1568.25,158
2008-01-03 05:57:00,1568.50,1568.50,1568.50,1568.50,37
2008-01-03 05:58:00,1568.50,1568.50,1568.50,1568.50,32
2008-01-03 05:59:00,1568.25,1568.50,1568.00,1568.00,524
2008-01-03 06:00:00,1568.25,1568.25,1568.00,1568.00,26
2008-01-03 06:01:00,1568.00,1568.00,1567.75,1568.00,51
2008-01-03 06:02:00,1567.75,1568.00,1567.50,1568.00,173
2008-01-03 06:03:00,1568.00,1568.00,1567.75,1568.00,38
2008-01-03 06:04:00,1567.75,1568.00,1567.75,1567.75,98
2008-01-03 06:05:00,1567.75,1568.00,1567.50,1567.50,498
2008-01-03 06:06:00,1567.75,1567.75,1567.25,1567.75,345
2008-01-03 06:07:00,1567.75,1567.75,1567.50,1567.75,111
2008-01-03 06:08:00,1567.75,1567.75,1567.50,1567.75,116
2008-01-03 06:09:00,1567.75,1567.75,1567.50,1567.50,37
2008-01-03 06:10:00,1567.50,1567.75,1567.50,1567.75,14
2008-01-03 06:11:00,1567.75,1568.00,1567.75,1567.75,224
2008-01-03 06:12:00,1567.75,1569.00,1567.50,1568.50,574
2008-01-03 06:13:00,1568.50,1569.00,1568.25,1568.75,242
2008-01-03 06:14:00,1568.75,1569.00,1568.50,1568.50,93
2008-01-03 06:15:00,1568.75,1568.75,1568.50,1568.50,62
2008-01-03 06:16:00,1568.50,1569.00,1568.50,1569.00,164
2008-01-03 06:17:00,1569.00,1569.50,1569.00,1569.25,115
2008-01-03 06:18:00,1569.25,1569.50,1569.00,1569.25,373
2008-01-03 06:19:00,1569.50,1569.50,1569.25,1569.25,60
2008-01-03 06:20:00,1569.25,1569.50,1569.25,1569.25,109
2008-01-03 06:21:00,1569.25,1569.25,1569.25,1569.25,17
2008-01-03 06:22:00,1569.25,1569.25,1569.00,1569.25,262
2008-01-03 06:23:00,1569.00,1569.00,1568.75,1568.75,190
2008-01-03 06:24:00,1568.75,1569.00,1568.75,1568.75,84
2008-01-03 06:25:00,1568.75,1568.75,1568.50,1568.50,11
2008-01-03 06:26:00,1568.50,1568.50,1568.00,1568.25,207
2008-01-03 06:27:00,1568.50,1568.50,1568.25,1568.50,105
2008-01-03 06:28:00,1568.50,1568.50,1568.25,1568.25,126
2008-01-03 06:29:00,1568.25,1568.25,1568.00,1568.25,144
2008-01-03 06:30:00,1568.25,1568.50,1568.25,1568.50,37
2008-01-03 06:31:00,1568.50,1568.75,1568.25,1568.75,43
2008-01-03 06:32:00,1568.75,1569.25,1568.75,1568.75,299
2008-01-03 06:33:00,1569.00,1569.25,1568.75,1569.00,545
2008-01-03 06:34:00,1569.00,1569.00,1569.00,1569.00,44
2008-01-03 06:35:00,1569.00,1569.00,1568.25,1568.75,307
2008-01-03 06:36:00,1568.75,1568.75,1568.75,1568.75,37
2008-01-03 06:37:00,1568.75,1569.00,1568.50,1568.75,31
2008-01-03 06:38:00,1568.75,1569.25,1568.75,1569.00,82
2008-01-03 06:39:00,1568.75,1568.75,1568.50,1568.50,138
2008-01-03 06:40:00,1568.50,1568.50,1568.25,1568.25,114
2008-01-03 06:41:00,1568.25,1568.25,1567.75,1567.75,371
2008-01-03 06:42:00,1568.00,1568.00,1567.50,1567.50,286
2008-01-03 06:43:00,1567.75,1568.00,1567.75,1568.00,199
2008-01-03 06:44:00,1568.00,1568.25,1568.00,1568.00,154
2008-01-03 06:45:00,1568.25,1568.75,1568.25,1568.25,122
2008-01-03 06:46:00,1568.50,1568.50,1567.75,1567.75,110
2008-01-03 06:47:00,1568.00,1568.25,1568.00,1568.00,72
2008-01-03 06:48:00,1568.00,1568.00,1567.50,1567.75,196
2008-01-03 06:49:00,1567.75,1568.00,1567.75,1568.00,46
2008-01-03 06:50:00,1568.00,1568.25,1567.75,1567.75,133
2008-01-03 06:51:00,1567.75,1567.75,1567.75,1567.75,18
2008-01-03 06:52:00,1567.75,1568.00,1567.50,1567.75,29
2008-01-03 06:53:00,1567.75,1567.75,1567.50,1567.50,141
2008-01-03 06:54:00,1567.50,1568.00,1567.50,1568.00,295
2008-01-03 06:55:00,1567.75,1567.75,1567.75,1567.75,32
2008-01-03 06:56:00,1567.75,1568.00,1567.75,1567.75,17
2008-01-03 06:57:00,1567.75,1568.00,1567.75,1568.00,4
2008-01-03 06:58:00,1567.75,1568.00,1567.50,1568.00,172
2008-01-03 06:59:00,1568.00,1568.25,1568.00,1568.25,2
2008-01-03 07:00:00,1568.00,1568.00,1568.00,1568.00,96
2008-01-03 07:01:00,1567.75,1567.75,1567.75,1567.75,54
2008-01-03 07:02:00,1567.75,1568.25,1567.75,1568.00,39
2008-01-03 07:03:00,1568.00,1568.00,1568.00,1568.00,12
2008-01-03 07:04:00,1568.25,1568.50,1568.00,1568.50,188
2008-01-03 07:05:00,1568.50,1568.75,1568.50,1568.50,173
2008-01-03 07:06:00,1568.75,1568.75,1568.50,1568.75,65
2008-01-03 07:07:00,1568.75,1568.75,1568.50,1568.50,60
2008-01-03 07:08:00,1568.50,1568.75,1568.25,1568.50,356
2008-01-03 07:09:00,1568.25,1568.50,1568.25,1568.50,101
2008-01-03 07:10:00,1568.50,1568.75,1568.50,1568.75,195
2008-01-03 07:11:00,1568.50,1569.00,1568.50,1569.00,52
2008-01-03 07:12:00,1569.00,1569.50,1568.75,1569.50,408
2008-01-03 07:13:00,1569.50,1569.50,1569.00,1569.50,240
2008-01-03 07:14:00,1569.50,1570.00,1569.25,1569.75,303
2008-01-03 07:15:00,1569.75,1571.25,1569.75,1570.50,1636
2008-01-03 07:16:00,1570.50,1572.00,1570.50,1571.75,1090
2008-01-03 07:17:00,1571.75,1571.75,1571.25,1571.50,683
2008-01-03 07:18:00,1571.50,1571.75,1571.50,1571.75,72
2008-01-03 07:19:00,1571.75,1572.25,1571.75,1572.25,350
2008-01-03 07:20:00,1572.00,1572.25,1571.75,1572.25,165
2008-01-03 07:21:00,1572.25,1572.25,1572.00,1572.25,146
2008-01-03 07:22:00,1572.25,1573.25,1572.00,1572.75,557
2008-01-03 07:23:00,1572.75,1573.00,1572.00,1572.25,357
2008-01-03 07:24:00,1572.50,1572.75,1572.25,1572.50,167
2008-01-03 07:25:00,1572.50,1572.50,1571.50,1572.00,938
2008-01-03 07:26:00,1572.25,1572.25,1571.50,1571.75,234
2008-01-03 07:27:00,1571.25,1571.75,1571.25,1571.75,317
2008-01-03 07:28:00,1571.75,1571.75,1571.50,1571.50,70
2008-01-03 07:29:00,1571.50,1571.75,1571.50,1571.75,121
2008-01-03 07:30:00,1571.50,1572.00,1571.50,1571.75,499
2008-01-03 07:31:00,1571.75,1572.25,1571.75,1571.75,173
2008-01-03 07:32:00,1572.00,1572.00,1571.75,1571.75,119
2008-01-03 07:33:00,1572.00,1572.00,1571.25,1571.25,912
2008-01-03 07:34:00,1571.50,1571.50,1571.25,1571.50,241
2008-01-03 07:35:00,1571.75,1571.75,1571.75,1571.75,75
2008-01-03 07:36:00,1571.75,1572.00,1571.75,1571.75,65
2008-01-03 07:37:00,1572.00,1572.50,1571.75,1572.25,911
2008-01-03 07:38:00,1572.00,1572.25,1571.75,1572.25,212
2008-01-03 07:39:00,1572.25,1572.50,1572.25,1572.50,106
2008-01-03 07:40:00,1572.25,1572.50,1572.25,1572.50,45
2008-01-03 07:41:00,1572.25,1572.50,1571.50,1571.50,384
2008-01-03 07:42:00,1571.50,1571.75,1571.00,1571.00,266
2008-01-03 07:43:00,1571.00,1571.00,1570.50,1570.50,572
2008-01-03 07:44:00,1570.75,1570.75,1570.25,1570.25,110
2008-01-03 07:45:00,1570.25,1570.50,1569.50,1570.25,828
2008-01-03 07:46:00,1570.25,1570.75,1570.25,1570.50,431
2008-01-03 07:47:00,1570.50,1570.75,1570.50,1570.50,62
2008-01-03 07:48:00,1570.50,1570.75,1570.50,1570.75,93
2008-01-03 07:49:00,1570.75,1570.75,1570.75,1570.75,87
2008-01-03 07:50:00,1570.50,1571.00,1570.50,1570.75,128
2008-01-03 07:51:00,1570.75,1570.75,1570.50,1570.75,112
2008-01-03 07:52:00,1570.75,1570.75,1570.50,1570.75,732
2008-01-03 07:53:00,1570.75,1570.75,1570.50,1570.50,246
2008-01-03 07:54:00,1570.50,1570.50,1570.25,1570.25,229
2008-01-03 07:55:00,1570.00,1570.25,1570.00,1570.25,237
2008-01-03 07:56:00,1570.25,1570.25,1569.50,1569.50,259
2008-01-03 07:57:00,1569.50,1569.75,1568.75,1569.00,737
2008-01-03 07:58:00,1569.00,1569.25,1568.75,1569.25,788
2008-01-03 07:59:00,1569.00,1569.50,1568.75,1569.25,188
2008-01-03 08:00:00,1569.25,1570.00,1569.25,1569.75,386
2008-01-03 08:01:00,1569.50,1570.00,1569.50,1570.00,283
2008-01-03 08:02:00,1570.00,1570.00,1569.00,1569.50,440
2008-01-03 08:03:00,1569.50,1569.75,1569.25,1569.25,364
2008-01-03 08:04:00,1569.50,1569.75,1569.25,1569.25,263
2008-01-03 08:05:00,1569.25,1569.75,1569.25,1569.25,174
2008-01-03 08:06:00,1569.25,1569.50,1569.25,1569.25,263
2008-01-03 08:07:00,1569.25,1569.25,1568.75,1568.75,318
2008-01-03 08:08:00,1569.00,1569.00,1568.00,1568.00,710
2008-01-03 08:09:00,1568.25,1568.75,1568.00,1568.75,655
2008-01-03 08:10:00,1568.75,1568.75,1568.50,1568.50,186
2008-01-03 08:11:00,1568.50,1568.50,1568.00,1568.25,525
2008-01-03 08:12:00,1568.25,1568.50,1568.25,1568.25,343
2008-01-03 08:13:00,1568.25,1568.50,1567.75,1568.50,891
2008-01-03 08:14:00,1568.50,1568.75,1568.50,1568.50,602
2008-01-03 08:15:00,1568.50,1570.75,1568.25,1570.00,2619
2008-01-03 08:16:00,1569.75,1571.75,1569.00,1571.75,2453
2008-01-03 08:17:00,1571.75,1573.00,1571.25,1572.75,1753
2008-01-03 08:18:00,1572.75,1573.75,1572.25,1573.50,3898
2008-01-03 08:19:00,1573.75,1574.00,1572.25,1572.25,1280
2008-01-03 08:20:00,1572.25,1572.75,1572.00,1572.50,943
2008-01-03 08:21:00,1572.50,1574.00,1572.25,1573.75,1171
2008-01-03 08:22:00,1574.00,1574.50,1573.50,1574.50,1141
2008-01-03 08:23:00,1574.50,1574.75,1574.25,1574.25,679
2008-01-03 08:24:00,1574.50,1575.25,1574.25,1574.75,1204
2008-01-03 08:25:00,1574.75,1574.75,1573.50,1573.75,1501
2008-01-03 08:26:00,1573.50,1573.75,1573.25,1573.50,433
2008-01-03 08:27:00,1573.75,1574.25,1573.50,1574.00,607
2008-01-03 08:28:00,1573.75,1574.00,1573.50,1573.50,494
2008-01-03 08:29:00,1573.50,1574.00,1573.25,1573.75,548
2008-01-03 08:30:00,1573.75,1574.75,1572.75,1573.75,2845
2008-01-03 08:31:00,1573.50,1575.50,1573.25,1575.50,1923
2008-01-03 08:32:00,1575.25,1575.50,1574.00,1574.00,1895
2008-01-03 08:33:00,1574.00,1575.00,1574.00,1574.75,673
2008-01-03 08:34:00,1574.50,1574.75,1574.00,1574.25,1182
2008-01-03 08:35:00,1574.50,1574.50,1573.75,1574.00,702
2008-01-03 08:36:00,1573.75,1574.50,1573.75,1574.25,580
2008-01-03 08:37:00,1574.50,1574.50,1574.00,1574.50,282
2008-01-03 08:38:00,1574.50,1575.00,1574.25,1575.00,458
2008-01-03 08:39:00,1574.75,1575.50,1574.75,1575.50,1272
2008-01-03 08:40:00,1575.50,1575.75,1575.00,1575.25,1606
2008-01-03 08:41:00,1575.00,1575.00,1573.75,1574.00,1244
2008-01-03 08:42:00,1574.00,1575.50,1573.75,1574.25,1767
2008-01-03 08:43:00,1574.00,1575.25,1574.00,1574.75,745
2008-01-03 08:44:00,1574.75,1574.75,1574.25,1574.25,603
2008-01-03 08:45:00,1574.25,1574.50,1574.25,1574.50,79
2008-01-03 08:46:00,1574.25,1574.50,1574.00,1574.25,185
2008-01-03 08:47:00,1574.25,1574.25,1573.75,1574.00,127
2008-01-03 08:48:00,1574.25,1574.25,1574.00,1574.00,338
2008-01-03 08:49:00,1574.25,1574.25,1574.00,1574.25,24
2008-01-03 08:50:00,1574.00,1574.25,1573.75,1574.00,548
2008-01-03 08:51:00,1573.75,1573.75,1573.50,1573.75,357
2008-01-03 08:52:00,1573.75,1574.00,1573.50,1574.00,316
2008-01-03 08:53:00,1573.75,1574.00,1573.00,1573.00,730
2008-01-03 08:54:00,1573.00,1573.25,1572.75,1572.75,762
2008-01-03 08:55:00,1572.75,1573.25,1572.50,1573.00,651
2008-01-03 08:56:00,1573.00,1573.25,1573.00,1573.00,328
2008-01-03 08:57:00,1573.00,1573.00,1572.75,1573.00,185
2008-01-03 08:58:00,1573.25,1573.25,1573.00,1573.25,483
2008-01-03 08:59:00,1573.25,1573.75,1573.25,1573.50,483
2008-01-03 09:00:00,1573.25,1573.75,1573.25,1573.75,148
2008-01-03 09:01:00,1573.50,1573.75,1573.25,1573.25,317
2008-01-03 09:02:00,1573.25,1573.50,1573.25,1573.50,64
2008-01-03 09:03:00,1573.50,1573.50,1573.00,1573.50,124
2008-01-03 09:04:00,1573.25,1573.75,1573.25,1573.50,110
2008-01-03 09:05:00,1573.50,1573.50,1573.25,1573.25,27
2008-01-03 09:06:00,1573.25,1573.75,1573.25,1573.75,731
2008-01-03 09:07:00,1573.75,1573.75,1573.50,1573.75,434
2008-01-03 09:08:00,1573.50,1573.75,1573.50,1573.75,437
2008-01-03 09:09:00,1574.00,1574.00,1573.50,1573.75,222
2008-01-03 09:10:00,1574.00,1574.00,1573.75,1573.75,81
2008-01-03 09:11:00,1573.75,1574.00,1573.50,1573.75,203
2008-01-03 09:12:00,1573.50,1573.75,1573.50,1573.75,41
2008-01-03 09:13:00,1573.75,1573.75,1573.50,1573.75,55
2008-01-03 09:14:00,1573.75,1573.75,1573.50,1573.75,210
2008-01-03 09:15:00,1573.50,1573.75,1573.50,1573.50,92
2008-01-03 09:16:00,1573.50,1573.75,1573.25,1573.25,215
2008-01-03 09:17:00,1573.25,1573.50,1573.25,1573.50,63
2008-01-03 09:18:00,1573.50,1573.50,1573.25,1573.25,113
2008-01-03 09:19:00,1573.50,1573.50,1573.25,1573.25,164
2008-01-03 09:20:00,1573.50,1573.50,1573.25,1573.25,296
2008-01-03 09:21:00,1573.25,1573.25,1572.50,1572.75,980
2008-01-03 09:22:00,1573.00,1573.00,1571.75,1572.00,857
2008-01-03 09:23:00,1572.00,1572.00,1571.25,1571.50,768
2008-01-03 09:24:00,1571.50,1572.00,1571.50,1572.00,894
2008-01-03 09:25:00,1571.75,1572.25,1571.75,1571.75,570
2008-01-03 09:26:00,1571.75,1572.00,1571.50,1572.00,548
2008-01-03 09:27:00,1572.00,1572.25,1571.50,1571.50,455
2008-01-03 09:28:00,1571.50,1571.75,1570.75,1571.00,1350
2008-01-03 09:29:00,1571.00,1571.25,1570.50,1570.75,1959
2008-01-03 09:30:00,1571.00,1572.25,1570.75,1572.25,9561
2008-01-03 09:31:00,1572.50,1572.75,1571.75,1571.75,5783
2008-01-03 09:32:00,1571.75,1572.00,1570.50,1570.75,3693
2008-01-03 09:33:00,1570.75,1571.50,1570.50,1571.50,3556
2008-01-03 09:34:00,1571.25,1572.50,1571.25,1572.50,4009
2008-01-03 09:35:00,1572.25,1572.75,1571.00,1572.00,4762
2008-01-03 09:36:00,1572.00,1573.00,1571.75,1572.25,6113
2008-01-03 09:37:00,1572.25,1572.25,1571.00,1571.50,3781
2008-01-03 09:38:00,1571.50,1572.25,1571.00,1571.75,3189
2008-01-03 09:39:00,1571.75,1572.50,1571.50,1571.75,3893
2008-01-03 09:40:00,1572.00,1572.25,1571.25,1571.25,3173
2008-01-03 09:41:00,1571.50,1571.50,1569.25,1570.50,7530
2008-01-03 09:42:00,1570.25,1570.50,1569.25,1569.50,3332
2008-01-03 09:43:00,1569.50,1570.25,1569.00,1569.50,5784
2008-01-03 09:44:00,1569.75,1570.00,1569.00,1569.00,2575
2008-01-03 09:45:00,1569.00,1570.25,1569.00,1569.25,6379
2008-01-03 09:46:00,1569.25,1569.75,1568.50,1568.50,7361
2008-01-03 09:47:00,1568.50,1568.75,1567.75,1568.00,8627
2008-01-03 09:48:00,1568.00,1568.50,1567.75,1568.00,3445
2008-01-03 09:49:00,1568.00,1568.50,1567.50,1567.50,2605
2008-01-03 09:50:00,1567.75,1568.00,1566.75,1567.75,10138
2008-01-03 09:51:00,1567.75,1568.75,1567.50,1568.50,3401
2008-01-03 09:52:00,1568.50,1569.00,1568.25,1568.75,2176
2008-01-03 09:53:00,1569.00,1569.50,1568.50,1568.50,5637
2008-01-03 09:54:00,1568.50,1568.75,1568.00,1568.25,2904
2008-01-03 09:55:00,1568.25,1568.75,1567.75,1568.00,2504
2008-01-03 09:56:00,1567.75,1570.25,1567.75,1569.50,9304
2008-01-03 09:57:00,1569.75,1570.25,1569.00,1570.00,4782
2008-01-03 09:58:00,1569.75,1570.25,1569.25,1569.50,2114
2008-01-03 09:59:00,1569.75,1570.25,1569.25,1570.00,1765
2008-01-03 10:00:00,1570.00,1573.00,1569.75,1572.50,14141
2008-01-03 10:01:00,1572.50,1573.75,1572.50,1573.50,7969
2008-01-03 10:02:00,1573.50,1573.75,1571.50,1571.75,9076
2008-01-03 10:03:00,1571.75,1573.25,1571.50,1573.00,6297
2008-01-03 10:04:00,1573.00,1573.25,1572.00,1572.50,2298
2008-01-03 10:05:00,1572.75,1573.00,1571.75,1572.75,2982
2008-01-03 10:06:00,1572.75,1574.50,1572.50,1574.25,7401
2008-01-03 10:07:00,1574.25,1575.00,1574.00,1574.50,5506
2008-01-03 10:08:00,1574.50,1575.50,1574.25,1575.25,6468
2008-01-03 10:09:00,1575.50,1576.00,1575.00,1575.50,7802
2008-01-03 10:10:00,1575.50,1575.50,1574.75,1575.25,3804
2008-01-03 10:11:00,1575.00,1575.00,1574.00,1574.00,3610
2008-01-03 10:12:00,1574.25,1574.50,1573.75,1574.00,3266
2008-01-03 10:13:00,1574.00,1574.25,1573.50,1573.75,2612
2008-01-03 10:14:00,1574.00,1574.25,1572.25,1572.50,7049
2008-01-03 10:15:00,1572.50,1573.25,1572.50,1573.00,2966
2008-01-03 10:16:00,1573.00,1573.25,1571.75,1572.25,3180
2008-01-03 10:17:00,1572.00,1572.25,1571.25,1571.50,3877
2008-01-03 10:18:00,1571.50,1572.25,1571.25,1572.00,2216
2008-01-03 10:19:00,1572.00,1572.25,1571.50,1571.75,2049
2008-01-03 10:20:00,1571.75,1572.25,1571.75,1572.25,1712
2008-01-03 10:21:00,1572.25,1572.50,1571.75,1572.50,3062
2008-01-03 10:22:00,1572.50,1572.50,1570.25,1570.50,5599
2008-01-03 10:23:00,1570.50,1570.75,1570.00,1570.25,3191
2008-01-03 10:24:00,1570.25,1571.25,1570.25,1571.25,1668
2008-01-03 10:25:00,1571.00,1571.50,1570.25,1570.50,3445
2008-01-03 10:26:00,1570.50,1571.50,1569.75,1571.50,3925
2008-01-03 10:27:00,1571.50,1571.75,1570.75,1571.75,2309
2008-01-03 10:28:00,1571.75,1571.75,1571.00,1571.00,2125
2008-01-03 10:29:00,1571.00,1572.25,1570.75,1571.75,2897
2008-01-03 10:30:00,1571.50,1572.00,1570.75,1571.00,3701
2008-01-03 10:31:00,1571.00,1571.75,1570.75,1571.25,2464
2008-01-03 10:32:00,1571.25,1571.50,1570.50,1571.25,2949
2008-01-03 10:33:00,1571.50,1572.25,1570.75,1572.00,4494
2008-01-03 10:34:00,1572.00,1573.50,1571.50,1573.50,5674
2008-01-03 10:35:00,1573.50,1574.25,1573.25,1574.00,6328
2008-01-03 10:36:00,1573.75,1574.00,1571.75,1573.00,7424
2008-01-03 10:37:00,1572.75,1573.00,1571.25,1571.50,3800
2008-01-03 10:38:00,1571.50,1571.50,1569.75,1570.00,3770
2008-01-03 10:39:00,1570.00,1571.50,1570.00,1570.75,3644
2008-01-03 10:40:00,1570.75,1571.50,1570.50,1571.25,2167
2008-01-03 10:41:00,1571.25,1571.25,1569.25,1570.00,6393
2008-01-03 10:42:00,1569.75,1570.00,1569.25,1569.25,2628
2008-01-03 10:43:00,1569.50,1569.75,1568.75,1568.75,3834
2008-01-03 10:44:00,1568.75,1570.00,1568.50,1569.75,5244
2008-01-03 10:45:00,1569.75,1569.75,1568.50,1569.75,5345
2008-01-03 10:46:00,1569.75,1571.00,1569.50,1570.50,3687
2008-01-03 10:47:00,1570.50,1570.50,1569.50,1570.25,3217
2008-01-03 10:48:00,1570.00,1571.00,1570.00,1570.75,1678
2008-01-03 10:49:00,1571.00,1571.00,1569.75,1569.75,2086
2008-01-03 10:50:00,1569.75,1570.25,1569.50,1570.25,1405
2008-01-03 10:51:00,1570.25,1570.25,1568.25,1568.50,4491
2008-01-03 10:52:00,1568.50,1569.25,1568.50,1568.75,2481
2008-01-03 10:53:00,1568.75,1569.50,1568.50,1569.25,2733
2008-01-03 10:54:00,1569.25,1569.25,1568.25,1568.25,1026
2008-01-03 10:55:00,1568.25,1569.25,1567.75,1569.25,4193
2008-01-03 10:56:00,1569.25,1569.50,1569.00,1569.25,1089
2008-01-03 10:57:00,1569.50,1570.00,1569.00,1569.50,2981
2008-01-03 10:58:00,1569.50,1570.00,1569.50,1569.75,1713
2008-01-03 10:59:00,1569.75,1570.25,1569.50,1569.75,918
2008-01-03 11:00:00,1569.75,1570.75,1569.50,1570.75,3603
2008-01-03 11:01:00,1570.75,1571.25,1570.50,1571.00,5269
2008-01-03 11:02:00,1571.00,1571.25,1570.25,1571.00,1540
2008-01-03 11:03:00,1571.00,1571.00,1570.75,1570.75,1069
2008-01-03 11:04:00,1570.75,1572.00,1570.75,1571.50,4596
2008-01-03 11:05:00,1571.75,1571.75,1571.00,1571.00,2355
2008-01-03 11:06:00,1571.00,1571.50,1570.50,1570.75,1936
2008-01-03 11:07:00,1570.75,1571.50,1570.50,1571.25,924
2008-01-03 11:08:00,1571.50,1571.50,1570.75,1570.75,576
2008-01-03 11:09:00,1571.00,1573.00,1571.00,1572.75,5147
2008-01-03 11:10:00,1572.75,1573.75,1572.75,1573.25,7036
2008-01-03 11:11:00,1573.25,1574.00,1573.00,1573.75,2571
2008-01-03 11:12:00,1573.50,1573.75,1572.00,1572.00,3314
2008-01-03 11:13:00,1572.00,1572.75,1571.75,1572.00,2539
2008-01-03 11:14:00,1571.75,1572.00,1570.75,1572.00,2669
2008-01-03 11:15:00,1572.00,1572.00,1571.25,1571.50,2041
2008-01-03 11:16:00,1571.50,1571.50,1570.75,1571.25,3201
2008-01-03 11:17:00,1571.25,1572.25,1571.25,1572.00,3076
2008-01-03 11:18:00,1572.00,1572.25,1571.50,1572.25,1416
2008-01-03 11:19:00,1572.00,1573.25,1571.75,1573.25,3038
2008-01-03 11:20:00,1573.25,1573.75,1572.50,1573.75,5362
2008-01-03 11:21:00,1573.50,1574.50,1573.00,1573.00,5491
2008-01-03 11:22:00,1573.00,1573.25,1572.50,1573.00,2279
2008-01-03 11:23:00,1573.00,1573.25,1572.25,1572.75,2876
2008-01-03 11:24:00,1572.75,1573.25,1572.75,1573.25,1738
2008-01-03 11:25:00,1573.00,1573.25,1572.50,1572.75,1660
2008-01-03 11:26:00,1572.75,1573.75,1572.50,1573.50,3507
2008-01-03 11:27:00,1573.50,1574.00,1573.00,1573.75,2482
2008-01-03 11:28:00,1573.50,1573.50,1572.50,1572.75,3945
2008-01-03 11:29:00,1572.75,1573.00,1571.50,1572.00,4430
2008-01-03 11:30:00,1572.00,1572.25,1571.50,1571.75,2196
2008-01-03 11:31:00,1571.75,1572.25,1571.50,1571.75,1850
2008-01-03 11:32:00,1571.75,1571.75,1571.25,1571.75,1250
2008-01-03 11:33:00,1571.75,1573.25,1571.75,1573.00,1655
2008-01-03 11:34:00,1573.00,1573.25,1572.75,1573.00,1552
2008-01-03 11:35:00,1573.00,1573.00,1571.50,1571.75,1899
2008-01-03 11:36:00,1571.75,1572.75,1571.50,1572.25,1367
2008-01-03 11:37:00,1572.00,1572.25,1571.25,1571.25,1128
2008-01-03 11:38:00,1571.25,1572.00,1571.00,1571.50,2254
2008-01-03 11:39:00,1571.75,1572.50,1571.75,1572.00,1049
2008-01-03 11:40:00,1571.75,1572.75,1571.75,1572.25,1197
2008-01-03 11:41:00,1572.25,1572.25,1571.75,1572.00,619
2008-01-03 11:42:00,1572.25,1573.00,1572.00,1572.75,1085
2008-01-03 11:43:00,1572.75,1574.50,1572.75,1574.00,5044
2008-01-03 11:44:00,1574.00,1574.00,1572.50,1572.75,1577
2008-01-03 11:45:00,1572.75,1573.25,1572.50,1573.25,509
2008-01-03 11:46:00,1573.00,1574.00,1573.00,1573.75,1416
2008-01-03 11:47:00,1573.75,1574.25,1572.75,1573.75,2696
2008-01-03 11:48:00,1573.75,1573.75,1573.00,1573.50,1046
2008-01-03 11:49:00,1573.50,1574.25,1573.50,1574.25,1383
2008-01-03 11:50:00,1574.25,1575.25,1574.00,1574.75,3643
2008-01-03 11:51:00,1574.75,1574.75,1573.50,1574.00,1844
2008-01-03 11:52:00,1574.00,1574.75,1574.00,1574.50,1030
2008-01-03 11:53:00,1574.75,1575.25,1574.50,1575.25,1387
2008-01-03 11:54:00,1575.25,1575.25,1574.25,1574.25,3073
2008-01-03 11:55:00,1574.25,1575.25,1574.25,1574.75,1342
2008-01-03 11:56:00,1574.50,1575.00,1574.00,1574.75,2301
2008-01-03 11:57:00,1574.75,1574.75,1574.25,1574.50,622
2008-01-03 11:58:00,1574.50,1575.25,1573.25,1573.25,2991
2008-01-03 11:59:00,1573.50,1574.25,1573.25,1573.25,1618
2008-01-03 12:00:00,1573.25,1574.75,1573.25,1573.50,3716
2008-01-03 12:01:00,1573.50,1574.25,1573.25,1574.00,1237
2008-01-03 12:02:00,1574.00,1574.75,1573.75,1574.50,1117
2008-01-03 12:03:00,1574.75,1574.75,1574.00,1574.25,1375
2008-01-03 12:04:00,1574.00,1574.50,1573.75,1574.25,1080
2008-01-03 12:05:00,1574.25,1574.50,1573.75,1573.75,590
2008-01-03 12:06:00,1574.00,1574.50,1573.50,1574.00,1879
2008-01-03 12:07:00,1573.75,1575.00,1573.75,1574.75,1201
2008-01-03 12:08:00,1574.75,1574.75,1574.50,1574.75,628
2008-01-03 12:09:00,1574.75,1575.00,1574.50,1575.00,1879
2008-01-03 12:10:00,1574.75,1575.00,1574.50,1575.00,997
2008-01-03 12:11:00,1575.00,1575.25,1574.75,1575.00,597
2008-01-03 12:12:00,1575.00,1576.00,1574.75,1575.25,5405
2008-01-03 12:13:00,1575.25,1575.50,1575.00,1575.25,1622
2008-01-03 12:14:00,1575.25,1575.75,1575.25,1575.25,867
2008-01-03 12:15:00,1575.25,1575.25,1574.75,1575.00,2288
2008-01-03 12:16:00,1575.25,1575.50,1575.00,1575.25,937
2008-01-03 12:17:00,1575.25,1575.75,1575.00,1575.50,812
2008-01-03 12:18:00,1575.50,1575.75,1575.25,1575.50,539
2008-01-03 12:19:00,1575.25,1576.00,1575.00,1576.00,2895
2008-01-03 12:20:00,1575.75,1576.00,1575.25,1575.50,1752
2008-01-03 12:21:00,1575.50,1575.75,1574.75,1574.75,1474
2008-01-03 12:22:00,1574.75,1575.25,1574.50,1574.50,2411
2008-01-03 12:23:00,1574.50,1575.25,1574.50,1575.00,881
2008-01-03 12:24:00,1575.00,1575.75,1575.00,1575.25,2506
2008-01-03 12:25:00,1575.25,1575.25,1574.75,1575.00,1387
2008-01-03 12:26:00,1575.25,1576.25,1575.25,1576.25,2812
2008-01-03 12:27:00,1576.25,1576.25,1575.25,1575.50,1944
2008-01-03 12:28:00,1575.75,1576.25,1575.50,1575.75,2102
2008-01-03 12:29:00,1575.75,1576.75,1575.50,1576.50,5810
2008-01-03 12:30:00,1576.50,1577.00,1576.25,1576.50,5040
2008-01-03 12:31:00,1576.75,1577.00,1576.50,1576.75,1527
2008-01-03 12:32:00,1576.50,1576.75,1575.50,1576.00,4511
2008-01-03 12:33:00,1576.00,1576.75,1575.75,1576.50,1388
2008-01-03 12:34:00,1576.25,1576.75,1576.25,1576.75,1475
2008-01-03 12:35:00,1576.50,1576.75,1575.75,1576.00,1366
2008-01-03 12:36:00,1576.25,1576.50,1575.75,1576.50,778
2008-01-03 12:37:00,1576.50,1576.50,1576.00,1576.00,642
2008-01-03 12:38:00,1576.00,1576.25,1575.75,1575.75,542
2008-01-03 12:39:00,1576.00,1576.00,1574.50,1574.75,2292
2008-01-03 12:40:00,1574.75,1575.00,1574.50,1574.50,817
2008-01-03 12:41:00,1574.50,1574.75,1574.25,1574.25,1309
2008-01-03 12:42:00,1574.25,1574.50,1573.00,1573.50,4889
2008-01-03 12:43:00,1573.25,1573.50,1572.50,1573.00,3980
2008-01-03 12:44:00,1573.00,1573.25,1572.75,1573.00,2551
2008-01-03 12:45:00,1573.00,1573.50,1572.50,1573.00,2185
2008-01-03 12:46:00,1573.25,1573.50,1573.00,1573.50,656
2008-01-03 12:47:00,1573.25,1573.50,1573.25,1573.50,118
2008-01-03 12:48:00,1573.25,1573.50,1572.75,1573.00,809
2008-01-03 12:49:00,1573.25,1573.50,1573.00,1573.50,677
2008-01-03 12:50:00,1573.75,1574.00,1573.00,1573.25,1162
2008-01-03 12:51:00,1573.25,1573.50,1573.00,1573.25,333
2008-01-03 12:52:00,1573.00,1573.25,1572.75,1572.75,773
2008-01-03 12:53:00,1572.75,1573.25,1572.25,1573.00,3507
2008-01-03 12:54:00,1573.25,1573.25,1572.75,1573.25,764
2008-01-03 12:55:00,1573.50,1574.50,1573.25,1574.00,2492
2008-01-03 12:56:00,1574.00,1574.25,1572.25,1572.50,1668
2008-01-03 12:57:00,1572.25,1573.50,1572.25,1573.00,1951
2008-01-03 12:58:00,1573.00,1574.00,1573.00,1573.25,917
2008-01-03 12:59:00,1573.50,1574.50,1573.00,1573.75,1334
2008-01-03 13:00:00,1574.00,1574.00,1573.25,1573.25,584
2008-01-03 13:01:00,1573.50,1574.00,1573.25,1573.50,621
2008-01-03 13:02:00,1573.25,1573.25,1572.50,1572.50,1966
2008-01-03 13:03:00,1572.50,1573.25,1572.25,1572.75,1334
2008-01-03 13:04:00,1572.75,1572.75,1572.00,1572.75,2857
2008-01-03 13:05:00,1572.50,1573.00,1571.75,1571.75,2366
2008-01-03 13:06:00,1571.75,1571.75,1571.25,1571.50,2703
2008-01-03 13:07:00,1571.75,1572.50,1571.50,1572.00,2528
2008-01-03 13:08:00,1572.25,1572.50,1572.00,1572.25,972
2008-01-03 13:09:00,1572.50,1572.50,1571.50,1571.75,835
2008-01-03 13:10:00,1571.75,1572.00,1571.50,1572.00,946
2008-01-03 13:11:00,1571.75,1572.50,1571.50,1571.75,2080
2008-01-03 13:12:00,1572.00,1572.75,1571.75,1572.50,684
2008-01-03 13:13:00,1572.75,1573.00,1572.00,1572.75,855
2008-01-03 13:14:00,1573.00,1573.00,1572.50,1572.50,556
2008-01-03 13:15:00,1572.75,1573.00,1571.25,1572.00,4834
2008-01-03 13:16:00,1572.00,1572.50,1571.75,1572.25,919
2008-01-03 13:17:00,1572.25,1572.25,1571.25,1571.50,850
2008-01-03 13:18:00,1571.50,1571.50,1570.75,1571.00,3106
2008-01-03 13:19:00,1571.00,1571.50,1570.75,1571.50,1701
2008-01-03 13:20:00,1571.25,1571.50,1571.00,1571.50,363
2008-01-03 13:21:00,1571.50,1572.00,1571.25,1571.25,1240
2008-01-03 13:22:00,1571.25,1571.50,1570.50,1571.25,2854
2008-01-03 13:23:00,1571.50,1571.50,1571.00,1571.25,511
2008-01-03 13:24:00,1571.25,1571.75,1571.00,1571.50,792
2008-01-03 13:25:00,1571.50,1571.75,1571.25,1571.75,671
2008-01-03 13:26:00,1571.75,1572.00,1571.50,1572.00,575
2008-01-03 13:27:00,1572.00,1572.00,1571.00,1571.50,1517
2008-01-03 13:28:00,1571.75,1572.00,1571.50,1571.75,545
2008-01-03 13:29:00,1571.75,1572.25,1571.50,1572.25,781
2008-01-03 13:30:00,1572.25,1572.50,1572.00,1572.50,971
2008-01-03 13:31:00,1572.50,1572.50,1572.00,1572.25,459
2008-01-03 13:32:00,1572.50,1572.50,1571.75,1572.00,797
2008-01-03 13:33:00,1572.00,1572.50,1572.00,1572.25,541
2008-01-03 13:34:00,1572.25,1572.25,1571.50,1572.25,1350
2008-01-03 13:35:00,1572.00,1572.25,1571.50,1572.00,441
2008-01-03 13:36:00,1572.25,1572.25,1571.50,1572.25,852
2008-01-03 13:37:00,1572.00,1572.25,1571.75,1572.00,650
2008-01-03 13:38:00,1572.25,1572.25,1571.25,1571.50,1049
2008-01-03 13:39:00,1571.50,1572.50,1571.50,1572.25,526
2008-01-03 13:40:00,1572.25,1572.75,1572.00,1572.25,1124
2008-01-03 13:41:00,1572.25,1572.75,1572.00,1572.75,494
2008-01-03 13:42:00,1572.75,1573.00,1572.00,1572.75,1398
2008-01-03 13:43:00,1572.50,1572.75,1572.25,1572.50,452
2008-01-03 13:44:00,1572.50,1572.75,1572.00,1572.50,1735
2008-01-03 13:45:00,1572.25,1573.00,1572.25,1572.75,952
2008-01-03 13:46:00,1572.75,1573.00,1572.25,1572.50,1174
2008-01-03 13:47:00,1572.25,1572.25,1571.75,1571.75,706
2008-01-03 13:48:00,1571.75,1572.25,1571.75,1571.75,419
2008-01-03 13:49:00,1572.00,1572.25,1571.75,1572.00,821
2008-01-03 13:50:00,1572.00,1572.25,1571.50,1571.75,462
2008-01-03 13:51:00,1571.50,1572.50,1571.50,1572.25,1359
2008-01-03 13:52:00,1572.50,1572.50,1571.50,1571.50,1469
2008-01-03 13:53:00,1571.75,1572.00,1571.50,1571.75,708
2008-01-03 13:54:00,1572.00,1572.25,1571.75,1572.00,1028
2008-01-03 13:55:00,1572.00,1572.25,1571.75,1572.00,301
2008-01-03 13:56:00,1572.00,1572.00,1571.25,1571.50,1574
2008-01-03 13:57:00,1571.25,1571.75,1571.00,1571.25,1542
2008-01-03 13:58:00,1571.00,1571.25,1569.50,1570.00,7957
2008-01-03 13:59:00,1570.00,1570.50,1569.75,1570.00,1573
2008-01-03 14:00:00,1570.25,1570.25,1569.25,1569.50,2767
2008-01-03 14:01:00,1569.75,1570.50,1569.50,1570.25,2626
2008-01-03 14:02:00,1570.25,1570.25,1569.75,1570.25,1226
2008-01-03 14:03:00,1570.25,1570.50,1570.00,1570.25,1525
2008-01-03 14:04:00,1570.25,1570.50,1569.50,1569.75,2075
2008-01-03 14:05:00,1570.00,1570.25,1569.75,1570.25,509
2008-01-03 14:06:00,1570.25,1570.25,1569.50,1570.25,1220
2008-01-03 14:07:00,1570.25,1570.25,1569.75,1569.75,854
2008-01-03 14:08:00,1570.00,1570.50,1570.00,1570.25,420
2008-01-03 14:09:00,1570.25,1570.25,1569.75,1569.75,852
2008-01-03 14:10:00,1569.75,1570.00,1568.50,1568.75,5238
2008-01-03 14:11:00,1568.50,1570.75,1568.00,1570.50,8101
2008-01-03 14:12:00,1570.50,1570.50,1569.75,1570.25,2172
2008-01-03 14:13:00,1570.50,1571.25,1570.25,1570.75,6964
2008-01-03 14:14:00,1570.75,1571.00,1570.25,1570.50,953
2008-01-03 14:15:00,1570.50,1570.50,1569.75,1570.50,2116
2008-01-03 14:16:00,1570.50,1571.25,1570.25,1571.00,1852
2008-01-03 14:17:00,1570.75,1571.75,1570.75,1571.25,3835
2008-01-03 14:18:00,1571.25,1571.50,1570.75,1571.00,1518
2008-01-03 14:19:00,1571.00,1571.50,1571.00,1571.25,928
2008-01-03 14:20:00,1571.25,1571.75,1571.00,1571.50,2978
2008-01-03 14:21:00,1571.50,1571.75,1571.00,1571.00,1113
2008-01-03 14:22:00,1571.00,1571.25,1570.75,1571.00,752
2008-01-03 14:23:00,1570.75,1571.75,1570.75,1571.50,1104
2008-01-03 14:24:00,1571.75,1571.75,1570.75,1571.25,1168
2008-01-03 14:25:00,1571.25,1571.50,1571.25,1571.50,424
2008-01-03 14:26:00,1571.25,1572.00,1571.25,1572.00,1131
2008-01-03 14:27:00,1571.75,1572.00,1571.75,1572.00,587
2008-01-03 14:28:00,1571.75,1572.25,1571.00,1571.00,1376
2008-01-03 14:29:00,1571.25,1571.25,1571.00,1571.25,340
2008-01-03 14:30:00,1571.25,1571.50,1571.00,1571.00,1466
2008-01-03 14:31:00,1570.75,1571.00,1570.50,1570.50,1293
2008-01-03 14:32:00,1570.50,1571.00,1570.25,1570.75,1030
2008-01-03 14:33:00,1570.75,1571.00,1570.00,1570.00,1408
2008-01-03 14:34:00,1570.00,1571.00,1570.00,1570.75,1401
2008-01-03 14:35:00,1571.00,1571.00,1570.50,1570.75,388
2008-01-03 14:36:00,1570.75,1571.00,1570.50,1570.75,629
2008-01-03 14:37:00,1570.75,1571.25,1570.75,1571.00,773
2008-01-03 14:38:00,1571.25,1571.75,1571.00,1571.25,2356
2008-01-03 14:39:00,1571.25,1572.00,1571.00,1571.50,3227
2008-01-03 14:40:00,1571.50,1572.00,1571.25,1571.25,2277
2008-01-03 14:41:00,1571.50,1571.75,1571.25,1571.50,1000
2008-01-03 14:42:00,1571.25,1571.50,1571.00,1571.25,687
2008-01-03 14:43:00,1571.25,1571.50,1571.00,1571.50,763
2008-01-03 14:44:00,1571.50,1571.50,1569.75,1570.25,4787
2008-01-03 14:45:00,1570.25,1570.75,1570.00,1570.00,1876
2008-01-03 14:46:00,1570.25,1570.25,1569.75,1569.75,894
2008-01-03 14:47:00,1569.75,1570.50,1569.75,1570.00,1364
2008-01-03 14:48:00,1570.25,1570.50,1569.75,1570.25,1257
2008-01-03 14:49:00,1570.25,1570.50,1570.00,1570.25,806
2008-01-03 14:50:00,1570.00,1570.50,1569.75,1570.50,1198
2008-01-03 14:51:00,1570.25,1570.50,1570.00,1570.00,580
2008-01-03 14:52:00,1570.00,1570.50,1570.00,1570.25,796
2008-01-03 14:53:00,1570.50,1571.00,1570.25,1571.00,1124
2008-01-03 14:54:00,1570.75,1571.00,1570.00,1570.00,1148
2008-01-03 14:55:00,1570.00,1570.25,1569.00,1569.25,4813
2008-01-03 14:56:00,1569.50,1570.25,1569.25,1569.75,1039
2008-01-03 14:57:00,1569.75,1570.25,1569.00,1569.25,1494
2008-01-03 14:58:00,1569.25,1569.50,1569.00,1569.25,1544
2008-01-03 14:59:00,1569.25,1570.00,1569.00,1569.75,1171
2008-01-03 15:00:00,1569.75,1570.25,1569.25,1569.75,1585
2008-01-03 15:01:00,1569.75,1570.25,1569.00,1569.25,1344
2008-01-03 15:02:00,1569.25,1570.00,1569.25,1569.50,806
2008-01-03 15:03:00,1569.25,1569.50,1568.50,1569.00,4270
2008-01-03 15:04:00,1569.00,1569.00,1568.25,1569.00,3226
2008-01-03 15:05:00,1568.75,1569.25,1568.75,1568.75,2131
2008-01-03 15:06:00,1568.75,1569.25,1568.50,1568.75,1588
2008-01-03 15:07:00,1568.75,1569.00,1568.50,1568.75,1028
2008-01-03 15:08:00,1569.00,1569.00,1568.50,1568.75,764
2008-01-03 15:09:00,1568.75,1570.25,1568.75,1569.75,2775
2008-01-03 15:10:00,1569.75,1569.75,1569.00,1569.00,1941
2008-01-03 15:11:00,1569.00,1569.50,1568.75,1569.25,1030
2008-01-03 15:12:00,1569.25,1569.50,1569.00,1569.25,622
2008-01-03 15:13:00,1569.50,1569.50,1569.00,1569.25,471
2008-01-03 15:14:00,1569.00,1569.25,1568.50,1569.00,1806
2008-01-03 15:15:00,1569.00,1569.25,1567.50,1568.00,4577
2008-01-03 15:16:00,1568.00,1568.25,1567.25,1567.25,4573
2008-01-03 15:17:00,1567.25,1568.00,1566.75,1568.00,6392
2008-01-03 15:18:00,1568.00,1568.00,1566.00,1566.00,7013
2008-01-03 15:19:00,1566.25,1567.00,1566.00,1566.50,5343
2008-01-03 15:20:00,1566.50,1566.75,1565.75,1566.00,4486
2008-01-03 15:21:00,1566.00,1566.50,1565.50,1566.00,5035
2008-01-03 15:22:00,1565.75,1566.25,1565.50,1566.25,2376
2008-01-03 15:23:00,1566.25,1567.00,1566.25,1566.75,2501
2008-01-03 15:24:00,1566.75,1566.75,1565.75,1565.75,2973
2008-01-03 15:25:00,1565.75,1566.25,1565.50,1565.75,4105
2008-01-03 15:26:00,1565.75,1566.00,1564.75,1565.25,6657
2008-01-03 15:27:00,1565.00,1565.50,1564.75,1565.00,4035
2008-01-03 15:28:00,1564.75,1565.00,1563.50,1563.50,10974
2008-01-03 15:29:00,1563.75,1564.50,1563.25,1564.25,6027
2008-01-03 15:30:00,1564.00,1564.75,1564.00,1564.25,4430
2008-01-03 15:31:00,1564.25,1564.75,1564.00,1564.25,2454
2008-01-03 15:32:00,1564.50,1565.00,1564.00,1564.00,3940
2008-01-03 15:33:00,1564.00,1564.75,1563.75,1564.00,2293
2008-01-03 15:34:00,1564.25,1564.50,1563.50,1564.25,4264
2008-01-03 15:35:00,1564.00,1565.00,1564.00,1564.50,2370
2008-01-03 15:36:00,1564.50,1565.25,1564.25,1565.25,3673
2008-01-03 15:37:00,1565.25,1566.00,1565.00,1565.25,3609
2008-01-03 15:38:00,1565.50,1566.50,1565.25,1566.00,4034
2008-01-03 15:39:00,1566.00,1566.00,1565.25,1566.00,4643
2008-01-03 15:40:00,1565.75,1567.00,1565.75,1567.00,6550
2008-01-03 15:41:00,1567.00,1567.25,1566.25,1566.75,3733
2008-01-03 15:42:00,1566.75,1567.00,1566.00,1566.25,3464
2008-01-03 15:43:00,1566.25,1566.75,1566.25,1566.50,1894
2008-01-03 15:44:00,1566.50,1567.00,1566.25,1566.50,1741
2008-01-03 15:45:00,1566.75,1567.25,1566.25,1567.25,2682
2008-01-03 15:46:00,1567.00,1568.25,1567.00,1568.00,9630
2008-01-03 15:47:00,1567.75,1568.25,1567.50,1567.50,2600
2008-01-03 15:48:00,1567.50,1568.00,1567.50,1567.50,2913
2008-01-03 15:49:00,1567.25,1567.50,1566.50,1566.50,3892
2008-01-03 15:50:00,1566.50,1567.00,1566.25,1566.25,2292
2008-01-03 15:51:00,1566.25,1567.25,1566.25,1567.25,3072
2008-01-03 15:52:00,1567.00,1567.25,1566.00,1566.25,4718
2008-01-03 15:53:00,1566.25,1567.25,1566.00,1567.00,3456
2008-01-03 15:54:00,1567.00,1567.25,1566.25,1566.50,2572
2008-01-03 15:55:00,1566.50,1567.00,1566.25,1566.50,2849
2008-01-03 15:56:00,1566.25,1567.00,1566.25,1566.50,3455
2008-01-03 15:57:00,1566.50,1566.75,1566.00,1566.00,5831
2008-01-03 15:58:00,1566.00,1566.75,1566.00,1566.50,4093
2008-01-03 15:59:00,1566.50,1567.00,1566.25,1566.50,15734
2008-01-03 16:00:00,1566.75,1567.75,1566.50,1567.50,15776
2008-01-03 16:01:00,1567.25,1568.50,1567.25,1568.50,4569
2008-01-03 16:02:00,1568.50,1569.75,1568.25,1569.50,5959
2008-01-03 16:03:00,1569.50,1571.00,1569.50,1569.75,5518
2008-01-03 16:04:00,1569.75,1570.75,1569.75,1570.75,3167
2008-01-03 16:05:00,1570.75,1570.75,1570.25,1570.50,2808
2008-01-03 16:06:00,1570.75,1570.75,1570.00,1570.25,2551
2008-01-03 16:07:00,1570.00,1570.25,1569.75,1569.75,836
2008-01-03 16:08:00,1570.00,1570.50,1569.75,1570.50,1057
2008-01-03 16:09:00,1570.50,1570.75,1570.00,1570.50,2684
2008-01-03 16:10:00,1570.50,1570.75,1570.50,1570.50,1427
2008-01-03 16:11:00,1570.50,1570.50,1570.00,1570.25,1363
2008-01-03 16:12:00,1570.25,1570.75,1570.25,1570.50,1443
2008-01-03 16:13:00,1570.50,1570.75,1570.25,1570.50,1441
2008-01-03 16:14:00,1570.75,1571.25,1570.50,1571.25,6947
2008-01-03 16:15:00,1571.25,1571.25,1571.25,1571.25,2
2008-01-03 16:30:00,1571.00,1571.25,1570.25,1570.25,1200
2008-01-03 16:31:00,1570.25,1570.25,1569.50,1569.75,851
2008-01-03 16:32:00,1570.00,1570.50,1569.50,1570.50,279
2008-01-03 16:33:00,1570.50,1570.50,1570.00,1570.25,84
2008-01-03 16:34:00,1570.00,1570.25,1570.00,1570.25,75
2008-01-03 16:35:00,1570.00,1570.25,1570.00,1570.00,83
2008-01-03 16:36:00,1570.25,1570.25,1570.00,1570.25,84
2008-01-03 16:37:00,1570.25,1570.25,1570.00,1570.00,23
2008-01-03 16:38:00,1570.25,1570.50,1570.25,1570.25,199
2008-01-03 16:39:00,1570.25,1570.25,1570.00,1570.00,103
2008-01-03 16:40:00,1570.25,1570.25,1569.75,1570.00,77
2008-01-03 16:41:00,1570.00,1570.25,1570.00,1570.25,8
2008-01-03 16:42:00,1570.25,1570.25,1570.00,1570.00,10
2008-01-03 16:43:00,1570.00,1570.00,1570.00,1570.00,3
2008-01-03 16:44:00,1570.00,1570.00,1569.75,1570.00,97
2008-01-03 16:45:00,1570.00,1570.00,1570.00,1570.00,2
2008-01-03 16:46:00,1570.25,1570.25,1570.25,1570.25,2
2008-01-03 16:47:00,1570.25,1570.25,1570.25,1570.25,3
2008-01-03 16:48:00,1570.00,1570.00,1569.75,1570.00,30
2008-01-03 16:49:00,1570.25,1570.25,1570.00,1570.00,58
2008-01-03 16:50:00,1570.00,1570.25,1570.00,1570.25,2
2008-01-03 16:51:00,1570.25,1570.25,1570.25,1570.25,59
2008-01-03 16:52:00,1570.50,1570.50,1570.25,1570.25,57
2008-01-03 16:53:00,1570.25,1570.25,1570.00,1570.00,25
2008-01-03 16:54:00,1570.25,1570.25,1570.25,1570.25,13
2008-01-03 16:55:00,1570.25,1570.25,1570.25,1570.25,63
2008-01-03 16:56:00,1570.50,1570.50,1570.50,1570.50,113
2008-01-03 16:57:00,1570.25,1570.50,1570.25,1570.50,8
2008-01-03 16:58:00,1570.50,1570.50,1570.50,1570.50,62
2008-01-03 16:59:00,1570.50,1570.50,1570.50,1570.50,40
2008-01-03 17:00:00,1570.50,1570.50,1570.25,1570.25,166
2008-01-03 17:01:00,1570.25,1570.25,1570.25,1570.25,3
2008-01-03 17:02:00,1570.25,1570.25,1570.25,1570.25,1
2008-01-03 17:03:00,1570.25,1570.50,1570.25,1570.25,6
2008-01-03 17:04:00,1570.50,1570.50,1570.25,1570.25,6
2008-01-03 17:05:00,1570.50,1570.50,1570.25,1570.25,6
2008-01-03 17:06:00,1570.25,1570.50,1570.25,1570.50,35
2008-01-03 17:07:00,1570.50,1570.50,1570.50,1570.50,32
2008-01-03 17:08:00,1570.25,1570.50,1570.25,1570.50,53
2008-01-03 17:09:00,1570.50,1570.50,1570.50,1570.50,6
2008-01-03 17:10:00,1570.25,1570.25,1570.25,1570.25,42
2008-01-03 17:12:00,1570.25,1570.25,1570.25,1570.25,2
2008-01-03 17:13:00,1570.50,1570.50,1570.50,1570.50,6
2008-01-03 17:14:00,1570.50,1570.50,1570.25,1570.50,29
2008-01-03 17:15:00,1570.50,1570.50,1570.50,1570.50,46
2008-01-03 17:16:00,1570.50,1570.50,1570.50,1570.50,25
2008-01-03 17:17:00,1570.75,1570.75,1570.75,1570.75,17
2008-01-03 17:19:00,1570.50,1570.50,1570.50,1570.50,89
2008-01-03 17:20:00,1570.50,1570.50,1570.50,1570.50,6
2008-01-03 17:21:00,1570.50,1570.50,1570.25,1570.25,2
2008-01-03 17:22:00,1570.25,1570.50,1570.25,1570.50,20
2008-01-03 17:23:00,1570.25,1570.50,1570.25,1570.50,6
2008-01-03 17:24:00,1570.50,1570.50,1570.50,1570.50,34
2008-01-03 17:25:00,1570.50,1570.50,1570.50,1570.50,50
2008-01-03 17:26:00,1570.50,1570.50,1570.50,1570.50,5
2008-01-03 17:27:00,1570.50,1570.50,1570.50,1570.50,8
2008-01-03 17:28:00,1570.50,1570.50,1570.50,1570.50,1
2008-01-03 17:29:00,1570.50,1570.50,1570.50,1570.50,4
2008-01-03 18:00:00,1570.50,1570.75,1570.50,1570.75,211
2008-01-03 18:01:00,1570.75,1571.00,1570.75,1571.00,139
2008-01-03 18:02:00,1570.75,1571.00,1570.75,1570.75,11
2008-01-03 18:03:00,1570.75,1570.75,1570.75,1570.75,52
2008-01-03 18:04:00,1570.75,1570.75,1570.50,1570.75,20
2008-01-03 18:05:00,1570.75,1570.75,1570.75,1570.75,17
2008-01-03 18:06:00,1570.75,1570.75,1570.75,1570.75,2
2008-01-03 18:07:00,1570.75,1570.75,1570.50,1570.50,39
2008-01-03 18:08:00,1570.50,1570.50,1570.50,1570.50,12
2008-01-03 18:09:00,1570.75,1570.75,1570.75,1570.75,24
2008-01-03 18:10:00,1571.00,1571.00,1570.75,1571.00,118
2008-01-03 18:11:00,1571.00,1571.00,1570.50,1570.75,69
2008-01-03 18:12:00,1570.75,1570.75,1570.75,1570.75,7
2008-01-03 18:13:00,1571.00,1571.00,1571.00,1571.00,6
2008-01-03 18:14:00,1571.00,1571.00,1570.75,1570.75,13
2008-01-03 18:15:00,1570.75,1570.75,1570.75,1570.75,12
2008-01-03 18:18:00,1570.75,1570.75,1570.75,1570.75,6
2008-01-03 18:20:00,1570.75,1570.75,1570.50,1570.50,2
2008-01-03 18:21:00,1570.50,1570.50,1570.50,1570.50,3
2008-01-03 18:22:00,1570.50,1570.50,1570.50,1570.50,83
2008-01-03 18:23:00,1570.75,1570.75,1570.75,1570.75,1
2008-01-03 18:24:00,1570.50,1570.50,1570.50,1570.50,10
2008-01-03 18:25:00,1570.50,1570.75,1570.50,1570.75,23
2008-01-03 18:26:00,1570.75,1570.75,1570.75,1570.75,2
2008-01-03 18:27:00,1570.50,1570.50,1570.00,1570.50,125
2008-01-03 18:28:00,1570.50,1570.50,1570.25,1570.50,5
2008-01-03 18:29:00,1570.50,1570.75,1570.50,1570.75,20
2008-01-03 18:30:00,1570.75,1571.00,1570.50,1570.75,14
2008-01-03 18:31:00,1570.75,1570.75,1570.75,1570.75,6
2008-01-03 18:32:00,1570.75,1570.75,1570.75,1570.75,2
2008-01-03 18:34:00,1570.50,1570.50,1570.50,1570.50,19
2008-01-03 18:36:00,1570.50,1570.75,1570.50,1570.75,14
2008-01-03 18:38:00,1570.50,1570.50,1570.50,1570.50,1
2008-01-03 18:43:00,1570.75,1570.75,1570.75,1570.75,2
2008-01-03 18:44:00,1570.75,1570.75,1570.75,1570.75,5
2008-01-03 18:45:00,1570.75,1570.75,1570.75,1570.75,69
2008-01-03 18:46:00,1570.75,1571.00,1570.75,1571.00,19
2008-01-03 18:47:00,1571.00,1571.00,1571.00,1571.00,30
2008-01-03 18:48:00,1571.00,1571.25,1571.00,1571.00,78
2008-01-03 18:49:00,1571.00,1571.00,1571.00,1571.00,9
2008-01-03 18:50:00,1571.00,1571.25,1571.00,1571.25,38
2008-01-03 18:51:00,1571.25,1571.25,1571.00,1571.00,37
2008-01-03 18:52:00,1571.00,1571.00,1571.00,1571.00,1
2008-01-03 18:54:00,1571.25,1571.25,1571.25,1571.25,12
2008-01-03 18:55:00,1571.25,1571.50,1571.25,1571.25,97
2008-01-03 18:57:00,1571.50,1571.50,1571.00,1571.00,58
2008-01-03 18:58:00,1571.00,1571.00,1570.75,1570.75,23
2008-01-03 18:59:00,1571.00,1571.00,1571.00,1571.00,9
2008-01-03 19:00:00,1571.00,1571.00,1570.50,1571.00,62
2008-01-03 19:01:00,1571.00,1571.50,1571.00,1571.25,171
2008-01-03 19:02:00,1571.25,1571.25,1571.25,1571.25,10
2008-01-03 19:05:00,1571.25,1571.50,1571.25,1571.50,38
2008-01-03 19:06:00,1571.50,1571.50,1571.50,1571.50,57
2008-01-03 19:07:00,1571.25,1571.75,1571.25,1571.75,113
2008-01-03 19:08:00,1571.50,1571.50,1570.50,1570.50,207
2008-01-03 19:09:00,1570.75,1571.00,1570.75,1571.00,2
2008-01-03 19:10:00,1571.00,1571.00,1570.25,1570.25,57
2008-01-03 19:11:00,1570.25,1570.50,1570.25,1570.25,68
2008-01-03 19:12:00,1570.25,1570.25,1569.75,1570.00,78
2008-01-03 19:13:00,1570.00,1570.00,1569.75,1569.75,19
2008-01-03 19:14:00,1569.75,1570.00,1569.75,1569.75,40
2008-01-03 19:15:00,1570.00,1570.00,1569.75,1569.75,170
2008-01-03 19:16:00,1569.75,1570.00,1569.50,1569.75,50
2008-01-03 19:17:00,1569.75,1569.75,1569.25,1569.25,92
2008-01-03 19:18:00,1569.25,1569.25,1569.00,1569.25,40
2008-01-03 19:19:00,1569.25,1569.25,1569.00,1569.25,147
2008-01-03 19:20:00,1569.00,1569.00,1568.75,1569.00,71
2008-01-03 19:21:00,1568.75,1569.00,1568.50,1568.75,207
2008-01-03 19:22:00,1569.00,1569.25,1568.75,1569.25,106
2008-01-03 19:23:00,1569.25,1569.25,1569.25,1569.25,50
2008-01-03 19:24:00,1569.25,1569.25,1569.00,1569.00,114
2008-01-03 19:25:00,1569.00,1569.00,1569.00,1569.00,55
2008-01-03 19:26:00,1569.25,1569.25,1569.00,1569.25,17
2008-01-03 19:27:00,1569.00,1569.50,1569.00,1569.50,8
2008-01-03 19:28:00,1569.50,1569.50,1569.50,1569.50,1
2008-01-03 19:29:00,1569.50,1569.75,1569.25,1569.50,117
2008-01-03 19:30:00,1569.50,1569.50,1569.50,1569.50,51
2008-01-03 19:31:00,1569.25,1569.50,1569.25,1569.50,51
2008-01-03 19:32:00,1569.50,1569.75,1569.25,1569.25,18
2008-01-03 19:33:00,1569.50,1569.50,1569.25,1569.50,30
2008-01-03 19:35:00,1569.25,1569.50,1569.25,1569.50,8
2008-01-03 19:36:00,1569.50,1569.50,1569.25,1569.25,5
2008-01-03 19:37:00,1569.50,1569.50,1569.50,1569.50,1
2008-01-03 19:38:00,1569.25,1569.50,1569.00,1569.00,64
2008-01-03 19:39:00,1569.00,1569.00,1569.00,1569.00,2
2008-01-03 19:40:00,1569.00,1569.00,1568.75,1569.00,17
2008-01-03 19:41:00,1569.00,1569.00,1569.00,1569.00,13
2008-01-03 19:42:00,1569.25,1569.25,1569.00,1569.00,7
2008-01-03 19:43:00,1569.00,1569.00,1568.75,1568.75,29
2008-01-03 19:44:00,1569.00,1569.00,1568.75,1568.75,9
2008-01-03 19:45:00,1568.75,1568.75,1568.75,1568.75,56
2008-01-03 19:46:00,1568.50,1568.75,1568.50,1568.75,27
2008-01-03 19:48:00,1568.75,1568.75,1568.25,1568.50,313
2008-01-03 19:49:00,1568.25,1568.25,1568.25,1568.25,7
2008-01-03 19:50:00,1568.50,1568.50,1568.25,1568.50,250
2008-01-03 19:51:00,1568.50,1568.50,1568.25,1568.50,124
2008-01-03 19:52:00,1568.50,1568.50,1568.00,1568.25,222
2008-01-03 19:53:00,1568.50,1568.50,1568.50,1568.50,2
2008-01-03 19:54:00,1568.25,1568.25,1568.00,1568.00,23
2008-01-03 19:55:00,1568.25,1568.50,1568.25,1568.50,41
2008-01-03 19:56:00,1568.50,1568.50,1568.25,1568.25,58
2008-01-03 19:57:00,1568.25,1568.25,1568.25,1568.25,43
2008-01-03 19:58:00,1568.25,1568.25,1568.00,1568.00,35
2008-01-03 19:59:00,1568.25,1568.25,1568.00,1568.25,132
2008-01-03 20:00:00,1568.25,1568.50,1568.00,1568.00,222
2008-01-03 20:01:00,1568.25,1568.25,1568.25,1568.25,6
2008-01-03 20:02:00,1568.25,1568.50,1568.25,1568.50,76
2008-01-03 20:03:00,1568.25,1568.25,1568.25,1568.25,30
2008-01-03 20:04:00,1568.00,1568.25,1568.00,1568.00,42
2008-01-03 20:05:00,1568.00,1568.00,1568.00,1568.00,2
2008-01-03 20:06:00,1568.25,1568.25,1568.00,1568.00,82
2008-01-03 20:07:00,1568.25,1568.25,1568.25,1568.25,3
2008-01-03 20:08:00,1568.00,1568.25,1568.00,1568.25,3
2008-01-03 20:09:00,1568.25,1568.25,1567.75,1568.00,107
2008-01-03 20:10:00,1567.75,1567.75,1567.75,1567.75,14
2008-01-03 20:11:00,1568.00,1568.00,1568.00,1568.00,17
2008-01-03 20:12:00,1568.00,1568.00,1567.75,1567.75,14
2008-01-03 20:13:00,1567.75,1568.00,1567.75,1568.00,4
2008-01-03 20:14:00,1568.00,1568.00,1568.00,1568.00,1
2008-01-03 20:15:00,1568.00,1568.00,1567.75,1567.75,3
2008-01-03 20:16:00,1567.75,1567.75,1567.50,1567.50,471
2008-01-03 20:17:00,1567.50,1567.50,1567.50,1567.50,1
2008-01-03 20:18:00,1567.50,1567.75,1567.50,1567.50,25
2008-01-03 20:19:00,1567.50,1567.50,1567.25,1567.50,65
2008-01-03 20:20:00,1567.50,1567.75,1567.50,1567.75,3
2008-01-03 20:21:00,1567.50,1567.75,1567.50,1567.75,101
2008-01-03 20:22:00,1567.75,1568.00,1567.75,1567.75,64
2008-01-03 20:23:00,1567.75,1568.00,1567.50,1568.00,43
2008-01-03 20:24:00,1567.75,1567.75,1567.50,1567.50,92
2008-01-03 20:25:00,1567.50,1567.50,1567.50,1567.50,1
2008-01-03 20:26:00,1567.50,1568.00,1567.50,1568.00,44
2008-01-03 20:27:00,1567.75,1567.75,1567.50,1567.50,56
2008-01-03 20:28:00,1567.75,1567.75,1567.50,1567.50,5
2008-01-03 20:29:00,1567.75,1567.75,1567.75,1567.75,33
2008-01-03 20:30:00,1567.75,1567.75,1567.75,1567.75,50
2008-01-03 20:31:00,1567.75,1568.00,1567.75,1568.00,51
2008-01-03 20:32:00,1567.75,1568.00,1567.75,1567.75,15
2008-01-03 20:33:00,1567.75,1567.75,1567.75,1567.75,2
2008-01-03 20:34:00,1567.75,1567.75,1567.75,1567.75,4
2008-01-03 20:35:00,1567.75,1567.75,1567.75,1567.75,6
2008-01-03 20:36:00,1567.50,1567.75,1567.50,1567.75,56
2008-01-03 20:37:00,1567.75,1568.00,1567.75,1567.75,102
2008-01-03 20:38:00,1568.00,1568.00,1568.00,1568.00,5
2008-01-03 20:39:00,1567.75,1568.00,1567.75,1568.00,34
2008-01-03 20:40:00,1568.00,1568.00,1568.00,1568.00,1
2008-01-03 20:41:00,1568.00,1568.00,1568.00,1568.00,4
2008-01-03 20:42:00,1567.75,1567.75,1567.75,1567.75,3
2008-01-03 20:43:00,1567.75,1568.00,1567.75,1568.00,91
2008-01-03 20:44:00,1567.75,1567.75,1567.75,1567.75,21
2008-01-03 20:45:00,1567.75,1568.00,1567.75,1568.00,62
2008-01-03 20:46:00,1567.75,1568.00,1567.75,1568.00,52
2008-01-03 20:47:00,1567.75,1568.00,1567.75,1567.75,7
2008-01-03 20:48:00,1567.75,1568.00,1567.75,1568.00,4
2008-01-03 20:49:00,1568.00,1568.25,1568.00,1568.25,140
2008-01-03 20:50:00,1568.25,1568.25,1568.00,1568.00,6
2008-01-03 20:51:00,1568.25,1568.25,1568.25,1568.25,32
2008-01-03 20:52:00,1568.00,1568.25,1568.00,1568.25,69
2008-01-03 20:53:00,1568.25,1568.75,1568.25,1568.25,91
2008-01-03 20:54:00,1568.00,1568.25,1568.00,1568.25,55
2008-01-03 20:55:00,1568.00,1568.25,1568.00,1568.00,89
2008-01-03 20:56:00,1568.00,1568.00,1568.00,1568.00,11
2008-01-03 20:57:00,1568.00,1568.00,1568.00,1568.00,51
2008-01-03 20:58:00,1568.00,1568.00,1567.75,1567.75,55
2008-01-03 20:59:00,1567.75,1568.00,1567.75,1568.00,58
2008-01-03 21:00:00,1568.00,1568.00,1567.75,1568.00,32
2008-01-03 21:01:00,1568.00,1568.00,1567.75,1567.75,66
2008-01-03 21:02:00,1568.00,1568.00,1568.00,1568.00,4
2008-01-03 21:04:00,1567.75,1567.75,1567.75,1567.75,2
2008-01-03 21:05:00,1567.75,1568.00,1567.75,1567.75,38
2008-01-03 21:06:00,1568.00,1568.00,1568.00,1568.00,92
2008-01-03 21:07:00,1568.00,1568.25,1568.00,1568.00,252
2008-01-03 21:08:00,1568.25,1568.25,1568.00,1568.00,41
2008-01-03 21:09:00,1568.00,1568.00,1568.00,1568.00,25
2008-01-03 21:10:00,1568.00,1568.00,1567.50,1567.75,178
2008-01-03 21:11:00,1568.00,1568.00,1567.75,1567.75,12
2008-01-03 21:12:00,1567.75,1567.75,1567.50,1567.75,90
2008-01-03 21:13:00,1567.75,1567.75,1567.50,1567.75,189
2008-01-03 21:14:00,1567.50,1567.75,1567.50,1567.75,4
2008-01-03 21:15:00,1567.75,1567.75,1567.75,1567.75,48
2008-01-03 21:16:00,1568.00,1568.00,1568.00,1568.00,27
2008-01-03 21:17:00,1568.00,1568.00,1568.00,1568.00,3
2008-01-03 21:18:00,1568.00,1568.00,1568.00,1568.00,18
2008-01-03 21:19:00,1568.25,1568.25,1568.25,1568.25,34
2008-01-03 21:20:00,1568.25,1568.25,1568.25,1568.25,41
2008-01-03 21:21:00,1568.00,1568.00,1568.00,1568.00,5
2008-01-03 21:22:00,1568.25,1568.25,1568.25,1568.25,5
2008-01-03 21:24:00,1568.00,1568.00,1568.00,1568.00,28
2008-01-03 21:25:00,1568.00,1568.25,1568.00,1568.00,5
2008-01-03 21:26:00,1568.00,1568.00,1568.00,1568.00,2
2008-01-03 21:27:00,1568.25,1568.25,1568.25,1568.25,1
2008-01-03 21:29:00,1568.25,1568.25,1568.00,1568.00,6
2008-01-03 21:30:00,1568.00,1568.25,1568.00,1568.25,35
2008-01-03 21:31:00,1568.25,1568.25,1568.25,1568.25,96
2008-01-03 21:32:00,1568.25,1568.25,1568.25,1568.25,3
2008-01-03 21:33:00,1568.25,1568.25,1568.25,1568.25,5
2008-01-03 21:34:00,1568.25,1568.50,1568.25,1568.25,5
2008-01-03 21:35:00,1568.25,1568.25,1568.00,1568.00,51
2008-01-03 21:36:00,1568.00,1568.25,1567.75,1567.75,36
2008-01-03 21:37:00,1568.00,1568.25,1568.00,1568.00,39
2008-01-03 21:42:00,1568.00,1568.00,1567.75,1567.75,3
2008-01-03 21:44:00,1568.00,1568.00,1568.00,1568.00,2
2008-01-03 21:45:00,1568.00,1568.00,1567.75,1568.00,42
2008-01-03 21:46:00,1568.25,1568.25,1568.25,1568.25,2
2008-01-03 21:47:00,1568.00,1568.25,1568.00,1568.00,4
2008-01-03 21:48:00,1568.25,1568.25,1568.25,1568.25,1
2008-01-03 21:50:00,1568.25,1568.25,1568.25,1568.25,2
2008-01-03 21:51:00,1568.25,1568.25,1568.00,1568.00,45
2008-01-03 21:52:00,1568.25,1568.25,1568.25,1568.25,22
2008-01-03 21:53:00,1568.25,1568.25,1568.25,1568.25,39
2008-01-03 21:54:00,1568.50,1568.50,1568.50,1568.50,43
2008-01-03 21:56:00,1568.50,1568.75,1568.50,1568.75,57
2008-01-03 21:57:00,1568.50,1568.50,1568.50,1568.50,1
2008-01-03 21:58:00,1568.75,1568.75,1568.75,1568.75,31
2008-01-03 21:59:00,1568.75,1568.75,1568.75,1568.75,4
2008-01-03 22:00:00,1568.75,1569.00,1568.75,1569.00,68
2008-01-03 22:01:00,1569.00,1569.00,1568.50,1568.75,110
2008-01-03 22:02:00,1568.50,1568.50,1568.25,1568.25,9
2008-01-03 22:03:00,1568.50,1568.50,1568.50,1568.50,17
2008-01-03 22:04:00,1568.75,1570.50,1568.75,1569.25,425
2008-01-03 22:05:00,1569.50,1569.75,1569.50,1569.75,89
2008-01-03 22:06:00,1569.75,1569.75,1569.75,1569.75,1
2008-01-03 22:07:00,1570.00,1570.00,1570.00,1570.00,2
2008-01-03 22:08:00,1570.00,1570.00,1569.75,1570.00,127
2008-01-03 22:09:00,1570.00,1570.50,1570.00,1570.50,47
2008-01-03 22:10:00,1570.25,1570.25,1570.00,1570.00,13
2008-01-03 22:11:00,1570.25,1570.25,1570.00,1570.25,4
2008-01-03 22:12:00,1570.25,1570.50,1570.00,1570.50,35
2008-01-03 22:13:00,1570.25,1571.75,1570.25,1571.25,176
2008-01-03 22:14:00,1571.00,1571.50,1571.00,1571.25,12
2008-01-03 22:15:00,1571.00,1571.00,1570.75,1570.75,26
2008-01-03 22:16:00,1570.75,1571.25,1570.50,1571.00,84
2008-01-03 22:17:00,1571.00,1571.00,1570.75,1571.00,7
2008-01-03 22:18:00,1571.00,1571.25,1570.75,1570.75,36
2008-01-03 22:19:00,1570.75,1570.75,1570.75,1570.75,4
2008-01-03 22:20:00,1570.75,1570.75,1570.75,1570.75,10
2008-01-03 22:21:00,1570.75,1570.75,1570.75,1570.75,3
2008-01-03 22:22:00,1570.75,1570.75,1570.75,1570.75,3
2008-01-03 22:23:00,1570.75,1571.00,1570.75,1571.00,10
2008-01-03 22:24:00,1571.00,1571.00,1570.75,1571.00,10
2008-01-03 22:25:00,1571.00,1571.00,1570.75,1570.75,13
2008-01-03 22:28:00,1571.00,1571.25,1571.00,1571.25,31
2008-01-03 22:29:00,1571.25,1571.25,1571.25,1571.25,5
2008-01-03 22:30:00,1571.25,1571.25,1571.00,1571.00,20
2008-01-03 22:31:00,1571.25,1571.25,1571.25,1571.25,7
2008-01-03 22:32:00,1571.25,1571.25,1571.25,1571.25,5
2008-01-03 22:33:00,1571.25,1571.25,1571.25,1571.25,34
2008-01-03 22:34:00,1571.25,1571.25,1571.25,1571.25,32
2008-01-03 22:35:00,1571.25,1571.25,1571.00,1571.00,62
2008-01-03 22:36:00,1571.00,1571.00,1571.00,1571.00,4
2008-01-03 22:37:00,1571.25,1571.25,1571.25,1571.25,5
2008-01-03 22:38:00,1571.25,1571.25,1571.25,1571.25,3
2008-01-03 22:39:00,1571.25,1571.25,1571.25,1571.25,109
2008-01-03 22:40:00,1571.25,1571.25,1571.00,1571.00,8
2008-01-03 22:41:00,1571.00,1571.25,1571.00,1571.25,12
2008-01-03 22:42:00,1571.25,1571.25,1571.00,1571.00,7
2008-01-03 22:43:00,1571.00,1571.00,1571.00,1571.00,1
2008-01-03 22:44:00,1571.25,1571.25,1571.25,1571.25,31
2008-01-03 22:45:00,1571.00,1571.00,1571.00,1571.00,1
2008-01-03 22:46:00,1571.00,1571.25,1571.00,1571.25,18
2008-01-03 22:48:00,1571.00,1571.00,1570.75,1570.75,31
2008-01-03 22:49:00,1570.75,1570.75,1570.50,1570.75,68
2008-01-03 22:50:00,1571.00,1571.00,1570.75,1571.00,69
2008-01-03 22:51:00,1571.00,1571.00,1571.00,1571.00,1
2008-01-03 22:52:00,1571.00,1571.00,1571.00,1571.00,11
2008-01-03 22:53:00,1571.25,1571.25,1571.00,1571.00,9
2008-01-03 22:54:00,1571.00,1571.00,1571.00,1571.00,1
2008-01-03 22:55:00,1571.25,1571.25,1571.25,1571.25,31
2008-01-03 22:56:00,1571.00,1571.00,1571.00,1571.00,1
2008-01-03 22:57:00,1571.00,1571.00,1571.00,1571.00,1
2008-01-03 22:58:00,1571.25,1571.25,1571.00,1571.00,19
2008-01-03 22:59:00,1571.25,1571.25,1571.25,1571.25,2
2008-01-03 23:00:00,1571.25,1571.25,1571.25,1571.25,36
2008-01-03 23:01:00,1571.25,1571.25,1571.25,1571.25,116
2008-01-03 23:02:00,1571.25,1572.25,1571.25,1572.25,219
2008-01-03 23:03:00,1572.25,1573.00,1572.00,1572.75,288
2008-01-03 23:04:00,1572.75,1572.75,1572.75,1572.75,21
2008-01-03 23:05:00,1573.00,1573.00,1572.75,1573.00,5
2008-01-03 23:06:00,1573.00,1573.50,1573.00,1573.50,572
2008-01-03 23:07:00,1573.75,1573.75,1573.50,1573.75,178
2008-01-03 23:08:00,1573.50,1573.50,1573.00,1573.25,64
2008-01-03 23:09:00,1573.25,1573.50,1573.25,1573.50,19
2008-01-03 23:10:00,1573.75,1574.00,1573.75,1573.75,73
2008-01-03 23:11:00,1574.00,1574.50,1573.75,1574.50,507
2008-01-03 23:12:00,1574.50,1574.75,1574.25,1574.25,133
2008-01-03 23:13:00,1574.25,1575.25,1574.25,1574.75,303
2008-01-03 23:14:00,1574.75,1574.75,1574.50,1574.50,71
2008-01-03 23:15:00,1574.50,1574.50,1574.50,1574.50,8
2008-01-03 23:16:00,1574.50,1574.50,1574.50,1574.50,4
2008-01-03 23:17:00,1574.50,1574.50,1574.25,1574.25,59
2008-01-03 23:18:00,1574.25,1574.25,1574.25,1574.25,12
2008-01-03 23:19:00,1574.25,1574.25,1574.25,1574.25,142
2008-01-03 23:20:00,1574.25,1574.75,1574.25,1574.50,32
2008-01-03 23:21:00,1574.25,1574.50,1574.25,1574.50,164
2008-01-03 23:22:00,1574.25,1574.50,1574.25,1574.50,3
2008-01-03 23:23:00,1574.25,1574.50,1574.25,1574.50,55
2008-01-03 23:24:00,1574.50,1574.50,1574.25,1574.50,10
2008-01-03 23:25:00,1574.25,1574.50,1574.25,1574.50,14
2008-01-03 23:27:00,1574.25,1574.25,1574.25,1574.25,11
2008-01-03 23:28:00,1574.25,1574.25,1574.25,1574.25,111
2008-01-03 23:30:00,1574.25,1574.50,1574.25,1574.50,77
2008-01-03 23:31:00,1574.25,1574.50,1574.25,1574.50,54
2008-01-03 23:32:00,1574.25,1574.50,1574.25,1574.50,22
2008-01-03 23:33:00,1574.25,1574.25,1574.25,1574.25,33
2008-01-03 23:34:00,1574.25,1574.25,1574.25,1574.25,15
2008-01-03 23:35:00,1574.25,1574.50,1574.25,1574.50,15
2008-01-03 23:36:00,1574.50,1574.50,1574.50,1574.50,8
2008-01-03 23:37:00,1574.50,1574.50,1574.50,1574.50,2
2008-01-03 23:38:00,1574.50,1574.50,1574.25,1574.25,45
2008-01-03 23:39:00,1574.25,1574.50,1574.25,1574.25,106
2008-01-03 23:40:00,1574.25,1574.50,1574.25,1574.50,30
2008-01-03 23:41:00,1574.50,1574.50,1574.50,1574.50,47
2008-01-03 23:43:00,1574.50,1574.50,1574.50,1574.50,1
2008-01-03 23:44:00,1574.50,1574.75,1574.50,1574.50,11
2008-01-03 23:45:00,1574.50,1574.50,1574.50,1574.50,4
2008-01-03 23:46:00,1574.75,1574.75,1574.75,1574.75,1
2008-01-03 23:47:00,1574.50,1574.50,1574.50,1574.50,1
2008-01-03 23:48:00,1574.50,1574.75,1574.50,1574.75,11
2008-01-03 23:49:00,1574.75,1574.75,1574.75,1574.75,3
2008-01-03 23:50:00,1574.75,1574.75,1574.75,1574.75,3
2008-01-03 23:51:00,1574.75,1574.75,1574.50,1574.50,139
2008-01-03 23:52:00,1574.50,1574.50,1574.00,1574.00,256
2008-01-03 23:53:00,1574.00,1574.25,1574.00,1574.25,101
2008-01-03 23:54:00,1574.25,1574.25,1574.25,1574.25,4
2008-01-03 23:55:00,1574.25,1574.25,1574.25,1574.25,33
2008-01-03 23:56:00,1574.50,1574.50,1574.25,1574.25,4
2008-01-03 23:57:00,1574.50,1574.50,1574.25,1574.50,43
2008-01-03 23:58:00,1574.25,1574.50,1574.25,1574.25,9
2008-01-03 23:59:00,1574.25,1574.25,1574.25,1574.25,2
2008-01-04 00:00:00,1574.25,1574.50,1574.25,1574.50,18
2008-01-04 00:01:00,1574.25,1574.25,1574.25,1574.25,3
2008-01-04 00:02:00,1574.25,1574.25,1574.25,1574.25,1
2008-01-04 00:03:00,1574.25,1574.50,1574.25,1574.25,527
2008-01-04 00:04:00,1574.25,1574.25,1574.00,1574.25,71
2008-01-04 00:05:00,1574.25,1574.25,1574.25,1574.25,42
2008-01-04 00:06:00,1574.25,1574.25,1574.25,1574.25,295
2008-01-04 00:07:00,1574.25,1574.25,1574.25,1574.25,2
2008-01-04 00:08:00,1574.25,1574.50,1574.25,1574.50,2
2008-01-04 00:09:00,1574.25,1574.50,1574.25,1574.50,3
2008-01-04 00:10:00,1574.50,1574.50,1574.50,1574.50,5
2008-01-04 00:11:00,1574.25,1574.25,1574.25,1574.25,13
2008-01-04 00:12:00,1574.25,1574.25,1574.25,1574.25,7
2008-01-04 00:13:00,1574.25,1574.25,1574.25,1574.25,34
2008-01-04 00:14:00,1574.25,1574.50,1574.25,1574.50,6
2008-01-04 00:15:00,1574.25,1574.25,1574.25,1574.25,68
2008-01-04 00:16:00,1574.25,1574.25,1574.25,1574.25,23
2008-01-04 00:17:00,1574.25,1574.50,1574.25,1574.25,169
2008-01-04 00:18:00,1574.25,1574.25,1574.25,1574.25,10
2008-01-04 00:19:00,1574.25,1574.25,1574.25,1574.25,10
2008-01-04 00:21:00,1574.25,1574.25,1574.25,1574.25,1
2008-01-04 00:24:00,1574.25,1574.25,1574.25,1574.25,1
2008-01-04 00:25:00,1574.50,1574.50,1574.25,1574.50,50
2008-01-04 00:26:00,1574.50,1574.50,1574.50,1574.50,5
2008-01-04 00:27:00,1574.50,1574.50,1574.50,1574.50,2
2008-01-04 00:28:00,1574.50,1574.50,1574.25,1574.50,74
2008-01-04 00:29:00,1574.50,1574.75,1574.50,1574.50,10
2008-01-04 00:30:00,1574.50,1574.50,1574.50,1574.50,2
2008-01-04 00:31:00,1574.75,1574.75,1574.75,1574.75,20
2008-01-04 00:32:00,1574.50,1574.50,1574.50,1574.50,3
2008-01-04 00:33:00,1574.50,1574.50,1574.50,1574.50,6
2008-01-04 00:34:00,1574.50,1575.00,1574.50,1575.00,176
2008-01-04 00:35:00,1574.75,1574.75,1574.75,1574.75,1
2008-01-04 00:36:00,1574.75,1574.75,1574.75,1574.75,2
2008-01-04 00:37:00,1574.75,1574.75,1574.75,1574.75,7
2008-01-04 00:38:00,1574.75,1574.75,1574.50,1574.75,34
2008-01-04 00:39:00,1574.75,1574.75,1574.50,1574.50,35
2008-01-04 00:42:00,1574.25,1574.25,1574.25,1574.25,36
2008-01-04 00:43:00,1574.25,1574.25,1574.25,1574.25,41
2008-01-04 00:44:00,1574.25,1574.50,1574.25,1574.50,45
2008-01-04 00:45:00,1574.25,1574.50,1574.25,1574.50,25
2008-01-04 00:46:00,1574.50,1574.50,1574.50,1574.50,6
2008-01-04 00:47:00,1574.50,1574.50,1574.50,1574.50,37
2008-01-04 00:49:00,1574.50,1574.75,1574.50,1574.50,3
2008-01-04 00:50:00,1574.50,1574.50,1574.50,1574.50,10
2008-01-04 00:54:00,1574.25,1574.50,1574.25,1574.25,10
2008-01-04 00:55:00,1574.50,1574.50,1574.50,1574.50,30
2008-01-04 00:56:00,1574.50,1574.50,1574.50,1574.50,3
2008-01-04 00:57:00,1574.50,1574.50,1574.50,1574.50,2
2008-01-04 00:58:00,1574.25,1574.25,1574.25,1574.25,111
2008-01-04 00:59:00,1574.50,1574.50,1574.50,1574.50,49
2008-01-04 01:00:00,1574.75,1574.75,1574.75,1574.75,3
2008-01-04 01:02:00,1574.75,1574.75,1574.25,1574.25,10
2008-01-04 01:03:00,1574.50,1574.50,1574.25,1574.50,25
2008-01-04 01:04:00,1574.75,1574.75,1574.75,1574.75,30
2008-01-04 01:06:00,1574.50,1574.50,1574.50,1574.50,1
2008-01-04 01:07:00,1574.75,1574.75,1574.75,1574.75,40
2008-01-04 01:08:00,1574.75,1574.75,1574.75,1574.75,20
2008-01-04 01:09:00,1574.75,1574.75,1574.75,1574.75,11
2008-01-04 01:10:00,1574.75,1574.75,1574.75,1574.75,1
2008-01-04 01:11:00,1574.75,1574.75,1574.50,1574.75,18
2008-01-04 01:12:00,1574.75,1574.75,1574.50,1574.50,5
2008-01-04 01:13:00,1574.75,1574.75,1574.75,1574.75,17
2008-01-04 01:14:00,1574.75,1574.75,1574.75,1574.75,2
2008-01-04 01:15:00,1574.75,1574.75,1574.75,1574.75,12
2008-01-04 01:17:00,1574.75,1574.75,1574.75,1574.75,14
2008-01-04 01:18:00,1574.75,1575.00,1574.75,1574.75,10
2008-01-04 01:19:00,1574.75,1575.00,1574.75,1575.00,22
2008-01-04 01:21:00,1574.75,1574.75,1574.75,1574.75,1
2008-01-04 01:22:00,1574.75,1574.75,1574.75,1574.75,10
2008-01-04 01:23:00,1575.00,1575.00,1574.75,1574.75,31
2008-01-04 01:24:00,1574.75,1574.75,1574.75,1574.75,82
2008-01-04 01:25:00,1574.75,1574.75,1574.75,1574.75,2
2008-01-04 01:26:00,1575.00,1575.00,1574.75,1574.75,2
2008-01-04 01:28:00,1574.75,1574.75,1574.75,1574.75,6
2008-01-04 01:29:00,1574.75,1574.75,1574.75,1574.75,1
2008-01-04 01:30:00,1575.00,1575.00,1574.50,1574.75,36
2008-01-04 01:31:00,1574.50,1574.75,1574.50,1574.50,17
2008-01-04 01:32:00,1575.00,1575.00,1575.00,1575.00,3
2008-01-04 01:33:00,1574.50,1574.50,1574.50,1574.50,4
2008-01-04 01:34:00,1574.50,1574.50,1574.50,1574.50,1
2008-01-04 01:36:00,1574.50,1574.50,1574.50,1574.50,5
2008-01-04 01:37:00,1574.50,1574.50,1574.50,1574.50,3
2008-01-04 01:38:00,1574.50,1574.50,1574.50,1574.50,4
2008-01-04 01:39:00,1574.50,1574.50,1574.50,1574.50,4
2008-01-04 01:41:00,1574.75,1574.75,1574.75,1574.75,114
2008-01-04 01:42:00,1575.00,1575.00,1575.00,1575.00,10
2008-01-04 01:43:00,1575.00,1575.25,1575.00,1575.25,54
2008-01-04 01:44:00,1575.00,1575.00,1574.75,1574.75,16
2008-01-04 01:45:00,1574.75,1574.75,1574.75,1574.75,10
2008-01-04 01:46:00,1574.75,1574.75,1574.75,1574.75,5
2008-01-04 01:47:00,1574.75,1575.00,1574.75,1574.75,35
2008-01-04 01:48:00,1574.75,1574.75,1574.75,1574.75,15
2008-01-04 01:49:00,1574.75,1575.00,1574.75,1574.75,3
2008-01-04 01:50:00,1575.00,1575.00,1574.75,1574.75,3
2008-01-04 01:52:00,1574.75,1574.75,1574.75,1574.75,85
2008-01-04 01:53:00,1574.75,1575.00,1574.75,1575.00,14
2008-01-04 01:54:00,1575.00,1575.00,1574.75,1574.75,4
2008-01-04 01:55:00,1574.75,1575.00,1574.75,1575.00,13
2008-01-04 01:56:00,1575.00,1575.00,1574.75,1575.00,45
2008-01-04 01:57:00,1574.75,1575.00,1574.75,1575.00,3
2008-01-04 01:58:00,1575.00,1575.00,1575.00,1575.00,1
2008-01-04 01:59:00,1574.75,1574.75,1574.75,1574.75,42
2008-01-04 02:00:00,1574.75,1574.75,1574.50,1574.75,234
2008-01-04 02:01:00,1574.75,1574.75,1574.50,1574.75,33
2008-01-04 02:02:00,1574.75,1574.75,1574.75,1574.75,87
2008-01-04 02:03:00,1574.50,1574.50,1574.50,1574.50,59
2008-01-04 02:04:00,1574.50,1574.75,1574.50,1574.75,10
2008-01-04 02:05:00,1574.50,1574.75,1574.50,1574.75,97
2008-01-04 02:06:00,1574.50,1575.00,1574.50,1575.00,40
2008-01-04 02:07:00,1574.75,1574.75,1574.75,1574.75,4
2008-01-04 02:08:00,1574.75,1574.75,1574.75,1574.75,25
2008-01-04 02:09:00,1574.75,1575.00,1574.75,1575.00,7
2008-01-04 02:10:00,1574.75,1574.75,1574.75,1574.75,124
2008-01-04 02:11:00,1574.75,1574.75,1574.75,1574.75,115
2008-01-04 02:12:00,1574.75,1574.75,1574.75,1574.75,43
2008-01-04 02:13:00,1574.75,1575.00,1574.75,1574.75,5
2008-01-04 02:14:00,1574.75,1574.75,1574.50,1574.50,61
2008-01-04 02:15:00,1574.50,1574.50,1574.50,1574.50,51
2008-01-04 02:17:00,1574.50,1574.75,1574.50,1574.75,22
2008-01-04 02:18:00,1574.50,1574.75,1574.50,1574.50,14
2008-01-04 02:19:00,1574.50,1574.50,1574.50,1574.50,23
2008-01-04 02:20:00,1574.50,1574.50,1574.25,1574.25,34
2008-01-04 02:21:00,1574.50,1574.75,1574.50,1574.75,5
2008-01-04 02:22:00,1574.25,1574.25,1573.75,1574.25,418
2008-01-04 02:23:00,1574.25,1574.50,1573.25,1574.00,467
2008-01-04 02:24:00,1574.00,1574.00,1573.75,1574.00,37
2008-01-04 02:25:00,1574.00,1574.00,1574.00,1574.00,17
2008-01-04 02:26:00,1574.00,1574.00,1574.00,1574.00,12
2008-01-04 02:27:00,1574.00,1574.00,1574.00,1574.00,28
2008-01-04 02:28:00,1574.00,1574.00,1573.75,1573.75,41
2008-01-04 02:29:00,1573.75,1573.75,1573.50,1573.50,14
2008-01-04 02:30:00,1573.75,1573.75,1573.50,1573.50,46
2008-01-04 02:31:00,1573.50,1573.50,1573.25,1573.25,15
2008-01-04 02:32:00,1573.50,1573.75,1573.50,1573.50,14
2008-01-04 02:33:00,1573.50,1573.75,1573.25,1573.75,46
2008-01-04 02:34:00,1573.25,1573.25,1573.25,1573.25,26
2008-01-04 02:35:00,1573.25,1573.50,1573.00,1573.25,46
2008-01-04 02:36:00,1573.25,1573.25,1573.25,1573.25,23
2008-01-04 02:37:00,1573.25,1573.25,1573.25,1573.25,20
2008-01-04 02:38:00,1573.25,1573.50,1573.25,1573.50,56
2008-01-04 02:39:00,1573.25,1573.50,1573.25,1573.50,3
2008-01-04 02:40:00,1573.50,1573.50,1573.50,1573.50,10
2008-01-04 02:43:00,1573.25,1573.25,1573.25,1573.25,27
2008-01-04 02:44:00,1573.25,1573.25,1573.25,1573.25,11
2008-01-04 02:45:00,1573.25,1573.25,1573.00,1573.00,16
2008-01-04 02:46:00,1573.00,1573.00,1572.75,1573.00,212
2008-01-04 02:47:00,1573.25,1573.25,1573.25,1573.25,1
2008-01-04 02:49:00,1573.00,1573.00,1573.00,1573.00,4
2008-01-04 02:50:00,1573.00,1573.00,1573.00,1573.00,65
2008-01-04 02:51:00,1573.25,1573.25,1573.00,1573.00,68
2008-01-04 02:52:00,1573.00,1573.00,1573.00,1573.00,111
2008-01-04 02:53:00,1573.00,1573.00,1573.00,1573.00,10
2008-01-04 02:55:00,1573.00,1573.00,1573.00,1573.00,5
2008-01-04 02:56:00,1573.25,1573.25,1573.25,1573.25,3
2008-01-04 02:57:00,1573.00,1573.00,1573.00,1573.00,7
2008-01-04 02:58:00,1573.00,1573.00,1572.75,1573.00,42
2008-01-04 02:59:00,1572.75,1573.00,1572.75,1572.75,103
2008-01-04 03:00:00,1573.00,1573.25,1572.25,1572.50,347
2008-01-04 03:01:00,1572.50,1572.50,1572.00,1572.25,252
2008-01-04 03:02:00,1572.25,1572.25,1572.00,1572.25,224
2008-01-04 03:03:00,1572.25,1573.75,1572.25,1573.50,833
2008-01-04 03:04:00,1573.50,1573.75,1573.00,1573.50,215
2008-01-04 03:05:00,1573.50,1573.75,1573.50,1573.75,72
2008-01-04 03:06:00,1573.50,1573.75,1573.25,1573.25,51
2008-01-04 03:07:00,1573.25,1573.25,1572.50,1572.75,67
2008-01-04 03:08:00,1572.75,1573.00,1572.75,1573.00,26
2008-01-04 03:09:00,1573.00,1573.25,1572.50,1573.25,128
2008-01-04 03:10:00,1573.00,1573.00,1572.75,1573.00,201
2008-01-04 03:11:00,1573.00,1573.25,1573.00,1573.25,186
2008-01-04 03:12:00,1573.00,1573.00,1573.00,1573.00,50
2008-01-04 03:13:00,1573.25,1573.50,1573.25,1573.50,230
2008-01-04 03:14:00,1573.50,1573.75,1573.50,1573.50,128
2008-01-04 03:15:00,1573.50,1573.75,1573.50,1573.75,176
2008-01-04 03:16:00,1573.75,1573.75,1573.75,1573.75,6
2008-01-04 03:17:00,1573.75,1573.75,1573.75,1573.75,26
2008-01-04 03:18:00,1573.50,1573.75,1573.50,1573.75,118
2008-01-04 03:19:00,1573.75,1574.00,1573.75,1574.00,175
2008-01-04 03:20:00,1573.75,1574.00,1573.75,1574.00,72
2008-01-04 03:21:00,1573.75,1573.75,1573.50,1573.50,304
2008-01-04 03:22:00,1573.50,1573.50,1573.25,1573.50,275
2008-01-04 03:23:00,1573.75,1574.00,1573.50,1573.75,199
2008-01-04 03:24:00,1573.75,1574.00,1573.00,1573.25,962
2008-01-04 03:25:00,1573.25,1573.50,1572.25,1572.25,753
2008-01-04 03:26:00,1572.25,1573.00,1572.25,1573.00,359
2008-01-04 03:27:00,1573.00,1573.25,1573.00,1573.25,68
2008-01-04 03:28:00,1573.00,1573.00,1573.00,1573.00,46
2008-01-04 03:29:00,1573.00,1573.00,1573.00,1573.00,19
2008-01-04 03:30:00,1573.00,1573.25,1573.00,1573.25,108
2008-01-04 03:31:00,1573.25,1573.25,1573.00,1573.00,11
2008-01-04 03:32:00,1573.25,1573.25,1572.75,1573.00,145
2008-01-04 03:33:00,1573.00,1573.00,1572.75,1572.75,14
2008-01-04 03:34:00,1573.00,1573.25,1573.00,1573.25,369
2008-01-04 03:35:00,1573.00,1573.50,1573.00,1573.00,123
2008-01-04 03:36:00,1573.00,1573.25,1573.00,1573.25,3
2008-01-04 03:37:00,1573.00,1573.25,1573.00,1573.25,7
2008-01-04 03:38:00,1573.25,1573.50,1573.25,1573.50,106
2008-01-04 03:39:00,1573.50,1573.50,1573.50,1573.50,197
2008-01-04 03:40:00,1573.50,1573.50,1573.25,1573.25,114
2008-01-04 03:41:00,1573.25,1573.25,1573.25,1573.25,36
2008-01-04 03:42:00,1573.25,1573.25,1573.25,1573.25,8
2008-01-04 03:43:00,1573.25,1573.25,1573.25,1573.25,121
2008-01-04 03:44:00,1573.50,1573.75,1573.50,1573.50,131
2008-01-04 03:45:00,1573.50,1573.50,1573.50,1573.50,4
2008-01-04 03:46:00,1573.50,1573.50,1573.25,1573.25,240
2008-01-04 03:47:00,1573.00,1573.25,1573.00,1573.00,19
2008-01-04 03:48:00,1573.25,1573.25,1573.25,1573.25,99
2008-01-04 03:49:00,1573.50,1573.50,1573.25,1573.50,42
2008-01-04 03:50:00,1573.25,1573.50,1573.25,1573.25,88
2008-01-04 03:51:00,1573.25,1573.50,1573.25,1573.50,7
2008-01-04 03:52:00,1573.25,1573.25,1573.25,1573.25,44
2008-01-04 03:53:00,1573.25,1573.50,1573.25,1573.25,209
2008-01-04 03:54:00,1573.25,1573.50,1573.25,1573.50,30
2008-01-04 03:55:00,1573.25,1573.25,1573.25,1573.25,53
2008-01-04 03:56:00,1573.25,1573.25,1573.25,1573.25,51
2008-01-04 03:57:00,1573.00,1573.00,1573.00,1573.00,1
2008-01-04 03:58:00,1573.25,1573.50,1573.25,1573.50,149
2008-01-04 03:59:00,1573.25,1573.25,1573.25,1573.25,5
2008-01-04 04:00:00,1573.25,1573.50,1573.25,1573.50,9
2008-01-04 04:01:00,1573.50,1573.50,1573.50,1573.50,1
2008-01-04 04:02:00,1573.25,1573.25,1573.25,1573.25,5
2008-01-04 04:03:00,1573.25,1573.50,1573.25,1573.50,2
2008-01-04 04:04:00,1573.50,1573.50,1573.25,1573.25,18
2008-01-04 04:05:00,1573.50,1573.50,1573.25,1573.25,9
2008-01-04 04:06:00,1573.25,1573.50,1573.25,1573.50,10
2008-01-04 04:08:00,1573.25,1573.25,1573.25,1573.25,22
2008-01-04 04:09:00,1573.25,1573.25,1573.25,1573.25,63
2008-01-04 04:11:00,1573.00,1573.00,1573.00,1573.00,39
2008-01-04 04:12:00,1573.25,1573.25,1573.25,1573.25,163
2008-01-04 04:13:00,1573.50,1573.50,1573.50,1573.50,7
2008-01-04 04:14:00,1573.25,1573.50,1573.25,1573.50,71
2008-01-04 04:15:00,1573.50,1573.50,1573.50,1573.50,121
2008-01-04 04:16:00,1573.25,1573.25,1573.25,1573.25,99
2008-01-04 04:17:00,1573.50,1573.50,1573.25,1573.50,52
2008-01-04 04:19:00,1573.25,1573.25,1573.25,1573.25,25
2008-01-04 04:20:00,1573.25,1573.25,1573.25,1573.25,11
2008-01-04 04:21:00,1573.50,1573.50,1573.50,1573.50,110
2008-01-04 04:22:00,1573.25,1573.25,1573.25,1573.25,6
2008-01-04 04:23:00,1573.50,1574.25,1573.50,1574.00,523
2008-01-04 04:24:00,1574.25,1574.50,1574.25,1574.50,242
2008-01-04 04:25:00,1574.25,1574.25,1574.25,1574.25,85
2008-01-04 04:26:00,1574.25,1574.75,1574.25,1574.75,171
2008-01-04 04:27:00,1574.75,1574.75,1574.25,1574.50,220
2008-01-04 04:28:00,1574.50,1574.50,1574.50,1574.50,36
2008-01-04 04:29:00,1574.50,1574.75,1574.50,1574.50,52
2008-01-04 04:30:00,1574.50,1574.75,1574.50,1574.50,188
2008-01-04 04:31:00,1574.50,1575.00,1574.50,1574.50,229
2008-01-04 04:32:00,1574.75,1574.75,1574.25,1574.25,104
2008-01-04 04:33:00,1574.25,1574.50,1574.25,1574.25,38
2008-01-04 04:34:00,1574.25,1574.25,1574.00,1574.00,547
2008-01-04 04:35:00,1574.00,1575.00,1573.75,1575.00,1471
2008-01-04 04:36:00,1574.75,1575.25,1574.75,1575.00,93
2008-01-04 04:37:00,1574.75,1575.00,1574.75,1574.75,114
2008-01-04 04:38:00,1575.00,1575.25,1575.00,1575.00,64
2008-01-04 04:39:00,1575.00,1575.00,1574.50,1574.50,72
2008-01-04 04:40:00,1574.75,1574.75,1574.75,1574.75,42
2008-01-04 04:41:00,1574.50,1574.50,1574.50,1574.50,3
2008-01-04 04:42:00,1574.50,1574.75,1574.50,1574.75,51
2008-01-04 04:43:00,1574.75,1574.75,1574.00,1574.00,187
2008-01-04 04:44:00,1573.75,1574.00,1573.75,1574.00,88
2008-01-04 04:45:00,1574.25,1574.75,1574.25,1574.75,69
2008-01-04 04:46:00,1574.50,1574.50,1574.00,1574.25,197
2008-01-04 04:47:00,1574.25,1574.75,1574.25,1574.75,128
2008-01-04 04:48:00,1574.75,1574.75,1574.50,1574.75,84
2008-01-04 04:49:00,1574.75,1574.75,1574.25,1574.50,539
2008-01-04 04:50:00,1574.25,1574.75,1574.25,1574.50,117
2008-01-04 04:51:00,1574.25,1574.50,1574.25,1574.50,122
2008-01-04 04:52:00,1574.50,1574.50,1574.25,1574.25,11
2008-01-04 04:53:00,1574.25,1574.25,1574.25,1574.25,1
2008-01-04 04:54:00,1574.50,1574.50,1574.25,1574.25,54
2008-01-04 04:55:00,1574.25,1574.25,1574.25,1574.25,96
2008-01-04 04:56:00,1574.25,1574.75,1574.25,1574.50,165
2008-01-04 04:57:00,1574.50,1574.50,1574.50,1574.50,1
2008-01-04 04:58:00,1574.75,1574.75,1574.25,1574.25,51
2008-01-04 04:59:00,1574.50,1574.50,1574.50,1574.50,10
2008-01-04 05:00:00,1574.75,1574.75,1574.50,1574.50,16
2008-01-04 05:01:00,1574.50,1574.75,1574.50,1574.50,65
2008-01-04 05:02:00,1574.75,1574.75,1574.50,1574.50,15
2008-01-04 05:03:00,1574.50,1574.75,1574.50,1574.75,55
2008-01-04 05:04:00,1574.75,1575.00,1574.75,1574.75,27
2008-01-04 05:05:00,1575.00,1575.00,1574.75,1575.00,7
2008-01-04 05:06:00,1574.75,1575.00,1574.75,1575.00,51
2008-01-04 05:07:00,1575.00,1575.00,1574.75,1575.00,23
2008-01-04 05:08:00,1575.00,1575.00,1574.75,1574.75,165
2008-01-04 05:09:00,1575.00,1575.00,1574.75,1574.75,51
2008-01-04 05:10:00,1574.75,1575.00,1574.75,1575.00,73
2008-01-04 05:11:00,1575.00,1575.00,1575.00,1575.00,42
2008-01-04 05:12:00,1575.00,1575.00,1575.00,1575.00,14
2008-01-04 05:13:00,1575.00,1575.00,1575.00,1575.00,158
2008-01-04 05:14:00,1575.00,1575.00,1575.00,1575.00,142
2008-01-04 05:15:00,1575.00,1575.25,1575.00,1575.00,107
2008-01-04 05:16:00,1575.00,1575.00,1575.00,1575.00,110
2008-01-04 05:17:00,1575.00,1575.00,1575.00,1575.00,24
2008-01-04 05:18:00,1575.25,1575.50,1575.00,1575.50,594
2008-01-04 05:19:00,1575.50,1575.50,1575.25,1575.25,247
2008-01-04 05:20:00,1575.25,1575.50,1575.25,1575.25,398
2008-01-04 05:21:00,1575.50,1575.50,1575.25,1575.25,1036
2008-01-04 05:22:00,1575.25,1575.25,1575.25,1575.25,51
2008-01-04 05:23:00,1575.25,1575.50,1575.25,1575.25,24
2008-01-04 05:24:00,1575.25,1575.25,1575.25,1575.25,31
2008-01-04 05:25:00,1575.25,1575.25,1575.25,1575.25,69
2008-01-04 05:26:00,1575.25,1575.50,1575.25,1575.25,131
2008-01-04 05:27:00,1575.25,1575.50,1575.25,1575.50,16
2008-01-04 05:28:00,1575.25,1575.25,1575.25,1575.25,102
2008-01-04 05:29:00,1575.25,1575.50,1575.00,1575.00,403
2008-01-04 05:30:00,1575.00,1575.00,1574.50,1574.50,73
2008-01-04 05:31:00,1574.75,1574.75,1574.50,1574.50,167
2008-01-04 05:32:00,1574.50,1574.75,1574.50,1574.75,20
2008-01-04 05:33:00,1574.75,1574.75,1574.50,1574.50,16
2008-01-04 05:34:00,1574.25,1574.50,1573.75,1574.50,370
2008-01-04 05:35:00,1574.50,1575.00,1574.50,1574.50,77
2008-01-04 05:36:00,1574.50,1574.50,1574.50,1574.50,92
2008-01-04 05:37:00,1574.25,1574.25,1574.25,1574.25,17
2008-01-04 05:38:00,1574.50,1574.50,1574.25,1574.25,3
2008-01-04 05:39:00,1574.25,1574.50,1574.25,1574.25,229
2008-01-04 05:40:00,1574.25,1574.25,1574.00,1574.25,83
2008-01-04 05:41:00,1574.25,1574.25,1574.25,1574.25,5
2008-01-04 05:42:00,1574.50,1574.50,1574.50,1574.50,272
2008-01-04 05:43:00,1574.50,1574.50,1574.25,1574.50,29
2008-01-04 05:44:00,1574.25,1574.75,1574.25,1574.50,102
2008-01-04 05:45:00,1574.50,1574.50,1574.50,1574.50,14
2008-01-04 05:46:00,1574.50,1574.50,1574.50,1574.50,51
2008-01-04 05:47:00,1574.50,1574.75,1574.50,1574.75,68
2008-01-04 05:48:00,1574.75,1574.75,1574.50,1574.75,26
2008-01-04 05:49:00,1574.75,1574.75,1574.50,1574.50,7
2008-01-04 05:50:00,1574.50,1574.75,1574.50,1574.75,3
2008-01-04 05:51:00,1574.75,1574.75,1574.50,1574.50,78
2008-01-04 05:52:00,1574.75,1574.75,1574.75,1574.75,41
2008-01-04 05:53:00,1575.00,1575.00,1574.75,1574.75,16
2008-01-04 05:54:00,1575.00,1575.00,1574.75,1575.00,66
2008-01-04 05:56:00,1575.00,1575.00,1574.75,1574.75,254
2008-01-04 05:57:00,1574.75,1575.00,1574.75,1575.00,67
2008-01-04 05:58:00,1574.75,1574.75,1574.75,1574.75,93
2008-01-04 05:59:00,1574.50,1574.75,1574.25,1574.75,290
2008-01-04 06:00:00,1574.50,1574.50,1574.50,1574.50,34
2008-01-04 06:01:00,1574.50,1574.50,1574.25,1574.25,100
2008-01-04 06:02:00,1574.25,1574.25,1573.75,1574.25,574
2008-01-04 06:03:00,1574.25,1574.75,1574.00,1574.50,214
2008-01-04 06:04:00,1574.50,1574.50,1574.25,1574.25,31
2008-01-04 06:05:00,1574.50,1574.50,1574.50,1574.50,101
2008-01-04 06:06:00,1574.50,1574.75,1574.50,1574.75,29
2008-01-04 06:07:00,1574.75,1574.75,1574.50,1574.50,157
2008-01-04 06:08:00,1574.75,1574.75,1574.50,1574.50,55
2008-01-04 06:09:00,1574.50,1574.75,1574.50,1574.75,50
2008-01-04 06:10:00,1574.50,1574.75,1574.50,1574.75,10
2008-01-04 06:11:00,1574.75,1574.75,1574.50,1574.50,2
2008-01-04 06:12:00,1574.50,1574.50,1574.50,1574.50,3
2008-01-04 06:13:00,1574.50,1574.50,1574.50,1574.50,28
2008-01-04 06:14:00,1574.50,1574.50,1574.25,1574.25,11
2008-01-04 06:15:00,1574.50,1574.50,1574.25,1574.25,66
2008-01-04 06:16:00,1574.50,1574.75,1574.50,1574.50,131
2008-01-04 06:18:00,1574.50,1574.50,1574.25,1574.50,59
2008-01-04 06:19:00,1574.50,1574.50,1574.50,1574.50,57
2008-01-04 06:20:00,1574.50,1574.75,1574.50,1574.75,68
2008-01-04 06:21:00,1574.75,1575.00,1574.50,1574.50,39
2008-01-04 06:22:00,1574.50,1574.75,1574.50,1574.75,67
2008-01-04 06:23:00,1574.75,1574.75,1574.50,1574.75,16
2008-01-04 06:24:00,1574.75,1574.75,1574.50,1574.50,10
2008-01-04 06:25:00,1574.50,1574.50,1574.25,1574.25,92
2008-01-04 06:26:00,1574.50,1574.50,1574.50,1574.50,2
2008-01-04 06:27:00,1574.50,1574.50,1574.50,1574.50,3
2008-01-04 06:28:00,1574.25,1574.25,1574.25,1574.25,2
2008-01-04 06:29:00,1574.50,1574.50,1574.50,1574.50,94
2008-01-04 06:30:00,1574.50,1574.50,1574.50,1574.50,31
2008-01-04 06:31:00,1574.50,1574.75,1574.50,1574.75,60
2008-01-04 06:32:00,1574.75,1575.00,1574.75,1575.00,103
2008-01-04 06:33:00,1575.00,1575.25,1575.00,1575.00,14
2008-01-04 06:34:00,1575.00,1575.00,1574.75,1574.75,103
2008-01-04 06:35:00,1574.75,1574.75,1574.75,1574.75,156
2008-01-04 06:36:00,1574.75,1574.75,1574.75,1574.75,49
2008-01-04 06:37:00,1574.50,1574.75,1574.50,1574.75,57
2008-01-04 06:38:00,1574.50,1574.50,1574.50,1574.50,1
2008-01-04 06:39:00,1574.50,1574.50,1574.50,1574.50,10
2008-01-04 06:40:00,1574.50,1574.75,1574.25,1574.50,168
2008-01-04 06:41:00,1574.50,1574.50,1574.25,1574.25,74
2008-01-04 06:42:00,1574.25,1574.50,1574.25,1574.50,78
2008-01-04 06:43:00,1574.75,1574.75,1574.50,1574.75,81
2008-01-04 06:44:00,1574.75,1574.75,1574.50,1574.75,165
2008-01-04 06:45:00,1574.50,1574.75,1574.50,1574.75,57
2008-01-04 06:46:00,1574.50,1574.75,1574.50,1574.75,5
2008-01-04 06:47:00,1574.75,1574.75,1574.75,1574.75,14
2008-01-04 06:48:00,1574.75,1574.75,1574.75,1574.75,301
2008-01-04 06:49:00,1574.75,1575.00,1574.75,1575.00,53
2008-01-04 06:50:00,1575.00,1575.00,1575.00,1575.00,7
2008-01-04 06:51:00,1575.00,1575.00,1575.00,1575.00,16
2008-01-04 06:52:00,1575.00,1575.00,1574.75,1574.75,31
2008-01-04 06:53:00,1575.00,1575.00,1574.75,1574.75,33
2008-01-04 06:54:00,1574.75,1574.75,1574.50,1574.50,162
2008-01-04 06:55:00,1574.75,1574.75,1574.50,1574.50,78
2008-01-04 06:56:00,1574.75,1575.00,1574.75,1574.75,35
2008-01-04 06:57:00,1574.75,1574.75,1574.75,1574.75,14
2008-01-04 06:58:00,1574.50,1574.75,1574.25,1574.25,259
2008-01-04 06:59:00,1574.25,1574.50,1574.25,1574.50,92
2008-01-04 07:00:00,1574.50,1574.50,1573.50,1573.50,692
2008-01-04 07:01:00,1573.50,1573.75,1573.25,1573.25,473
2008-01-04 07:02:00,1573.50,1573.50,1572.75,1573.00,766
2008-01-04 07:03:00,1573.00,1573.25,1572.50,1572.75,553
2008-01-04 07:04:00,1572.50,1573.00,1572.50,1573.00,305
2008-01-04 07:05:00,1573.00,1573.25,1572.75,1572.75,273
2008-01-04 07:06:00,1572.75,1573.00,1572.75,1572.75,114
2008-01-04 07:07:00,1572.50,1572.75,1572.50,1572.75,28
2008-01-04 07:08:00,1572.75,1572.75,1572.50,1572.75,40
2008-01-04 07:09:00,1572.75,1572.75,1572.25,1572.75,349
2008-01-04 07:10:00,1572.50,1573.00,1572.50,1572.75,208
2008-01-04 07:11:00,1572.75,1572.75,1572.75,1572.75,41
2008-01-04 07:12:00,1572.75,1573.00,1572.75,1572.75,95
2008-01-04 07:13:00,1572.75,1572.75,1572.25,1572.25,41
2008-01-04 07:14:00,1572.50,1572.50,1572.25,1572.25,57
2008-01-04 07:15:00,1572.25,1572.50,1572.00,1572.00,199
2008-01-04 07:16:00,1572.00,1572.25,1572.00,1572.00,48
2008-01-04 07:17:00,1572.25,1573.25,1572.25,1573.25,446
2008-01-04 07:18:00,1573.25,1573.75,1573.00,1573.25,450
2008-01-04 07:19:00,1573.50,1573.75,1573.25,1573.50,101
2008-01-04 07:20:00,1573.50,1573.75,1573.50,1573.50,101
2008-01-04 07:21:00,1573.50,1573.75,1573.25,1573.75,262
2008-01-04 07:22:00,1573.75,1573.75,1573.75,1573.75,43
2008-01-04 07:23:00,1573.75,1573.75,1573.75,1573.75,3
2008-01-04 07:24:00,1573.75,1573.75,1573.75,1573.75,21
2008-01-04 07:25:00,1574.00,1574.00,1573.75,1573.75,3
2008-01-04 07:26:00,1573.75,1573.75,1573.75,1573.75,102
2008-01-04 07:27:00,1573.75,1573.75,1573.75,1573.75,527
2008-01-04 07:28:00,1573.75,1574.00,1573.75,1573.75,25
2008-01-04 07:29:00,1573.75,1573.75,1573.75,1573.75,199
2008-01-04 07:30:00,1573.75,1573.75,1573.50,1573.75,363
2008-01-04 07:31:00,1573.50,1573.50,1573.50,1573.50,50
2008-01-04 07:32:00,1573.50,1573.75,1573.50,1573.75,21
2008-01-04 07:33:00,1573.50,1573.50,1573.50,1573.50,59
2008-01-04 07:34:00,1573.25,1573.50,1573.25,1573.25,306
2008-01-04 07:35:00,1573.50,1573.75,1573.25,1573.50,410
2008-01-04 07:36:00,1573.50,1573.75,1573.25,1573.75,316
2008-01-04 07:37:00,1573.50,1573.75,1573.50,1573.75,46
2008-01-04 07:39:00,1573.75,1573.75,1573.50,1573.50,6
2008-01-04 07:40:00,1573.50,1573.75,1573.50,1573.75,195
2008-01-04 07:41:00,1573.75,1574.00,1573.75,1574.00,23
2008-01-04 07:42:00,1574.00,1574.00,1573.75,1574.00,33
2008-01-04 07:43:00,1573.75,1574.00,1573.75,1573.75,20
2008-01-04 07:44:00,1574.00,1574.00,1573.50,1573.50,104
2008-01-04 07:45:00,1573.75,1573.75,1573.75,1573.75,90
2008-01-04 07:46:00,1573.75,1574.00,1573.50,1573.50,84
2008-01-04 07:47:00,1573.50,1573.50,1573.25,1573.50,931
2008-01-04 07:48:00,1573.50,1573.75,1573.50,1573.75,149
2008-01-04 07:49:00,1573.75,1573.75,1573.25,1573.50,392
2008-01-04 07:50:00,1573.50,1573.75,1573.50,1573.50,146
2008-01-04 07:51:00,1573.50,1573.50,1573.50,1573.50,41
2008-01-04 07:52:00,1573.50,1573.75,1573.50,1573.50,13
2008-01-04 07:53:00,1573.50,1574.00,1573.25,1574.00,324
2008-01-04 07:54:00,1574.00,1574.00,1573.75,1573.75,9
2008-01-04 07:55:00,1573.75,1573.75,1573.50,1573.50,68
2008-01-04 07:56:00,1573.50,1573.50,1573.25,1573.25,40
2008-01-04 07:57:00,1573.25,1573.50,1573.25,1573.50,374
2008-01-04 07:58:00,1573.50,1573.75,1573.25,1573.50,98
2008-01-04 07:59:00,1573.50,1573.75,1573.50,1573.75,264
2008-01-04 08:00:00,1574.00,1574.25,1573.50,1574.00,577
2008-01-04 08:01:00,1574.00,1574.75,1574.00,1574.25,1077
2008-01-04 08:02:00,1574.25,1574.50,1574.25,1574.25,136
2008-01-04 08:03:00,1574.50,1574.75,1574.25,1574.75,292
2008-01-04 08:04:00,1574.50,1575.00,1574.50,1574.50,343
2008-01-04 08:05:00,1574.50,1574.75,1574.25,1574.50,324
2008-01-04 08:06:00,1574.25,1574.25,1574.00,1574.25,688
2008-01-04 08:07:00,1574.25,1574.25,1573.75,1574.25,890
2008-01-04 08:08:00,1574.00,1574.50,1574.00,1574.25,440
2008-01-04 08:09:00,1574.00,1574.00,1573.75,1574.00,160
2008-01-04 08:10:00,1574.00,1574.50,1574.00,1574.50,468
2008-01-04 08:11:00,1574.50,1574.50,1574.00,1574.25,330
2008-01-04 08:12:00,1574.25,1574.50,1574.25,1574.50,299
2008-01-04 08:13:00,1574.50,1574.50,1571.50,1572.50,3887
2008-01-04 08:14:00,1572.50,1573.25,1572.25,1573.00,2322
2008-01-04 08:15:00,1573.00,1573.25,1572.75,1573.00,1222
2008-01-04 08:16:00,1573.00,1573.25,1572.75,1572.75,288
2008-01-04 08:17:00,1572.75,1573.25,1572.75,1573.25,621
2008-01-04 08:18:00,1573.25,1575.50,1573.00,1573.50,2166
2008-01-04 08:19:00,1573.75,1574.00,1573.00,1573.00,1131
2008-01-04 08:20:00,1573.25,1573.75,1573.00,1573.25,566
2008-01-04 08:21:00,1573.50,1573.50,1573.00,1573.25,651
2008-01-04 08:22:00,1573.25,1573.50,1573.00,1573.25,671
2008-01-04 08:23:00,1573.00,1573.50,1572.75,1573.00,502
2008-01-04 08:24:00,1572.75,1573.25,1572.00,1572.25,1475
2008-01-04 08:25:00,1572.00,1573.25,1571.00,1572.75,3963
2008-01-04 08:26:00,1573.00,1574.00,1572.75,1573.50,2537
2008-01-04 08:27:00,1573.50,1574.50,1573.25,1573.75,2110
2008-01-04 08:28:00,1573.75,1574.25,1573.50,1574.00,658
2008-01-04 08:29:00,1574.25,1575.00,1573.50,1574.25,1543
2008-01-04 08:30:00,1574.00,1574.00,1560.25,1560.25,27574
2008-01-04 08:31:00,1560.50,1562.25,1559.50,1562.00,9880
2008-01-04 08:32:00,1562.00,1562.25,1558.25,1558.75,8632
2008-01-04 08:33:00,1558.50,1559.25,1557.25,1558.00,11041
2008-01-04 08:34:00,1558.00,1560.25,1557.50,1559.25,7236
2008-01-04 08:35:00,1559.00,1560.50,1558.50,1559.00,6559
2008-01-04 08:36:00,1559.00,1559.25,1557.75,1558.00,4516
2008-01-04 08:37:00,1558.00,1559.00,1557.25,1557.50,5038
2008-01-04 08:38:00,1557.50,1558.75,1557.25,1558.50,3595
2008-01-04 08:39:00,1558.25,1558.75,1557.75,1558.00,2119
2008-01-04 08:40:00,1558.00,1558.50,1557.75,1557.75,1607
2008-01-04 08:41:00,1557.75,1558.50,1557.50,1557.75,2598
2008-01-04 08:42:00,1557.75,1558.50,1557.50,1558.25,2160
2008-01-04 08:43:00,1558.50,1558.75,1558.00,1558.50,1924
2008-01-04 08:44:00,1558.50,1559.00,1557.75,1557.75,2217
2008-01-04 08:45:00,1557.75,1558.25,1556.50,1556.50,3937
2008-01-04 08:46:00,1556.50,1557.25,1556.00,1557.00,4621
2008-01-04 08:47:00,1557.00,1557.75,1556.50,1557.75,2373
2008-01-04 08:48:00,1557.75,1558.25,1557.50,1557.75,1789
2008-01-04 08:49:00,1557.75,1558.00,1557.25,1557.75,1072
2008-01-04 08:50:00,1557.75,1558.00,1557.25,1557.75,608
2008-01-04 08:51:00,1557.50,1557.75,1556.75,1556.75,1344
2008-01-04 08:52:00,1556.75,1557.25,1555.50,1555.75,2629
2008-01-04 08:53:00,1555.75,1556.75,1555.50,1555.75,2574
2008-01-04 08:54:00,1556.00,1556.50,1555.25,1555.75,1449
2008-01-04 08:55:00,1555.75,1556.00,1555.25,1555.50,1239
2008-01-04 08:56:00,1555.25,1555.50,1554.50,1554.75,4231
2008-01-04 08:57:00,1555.00,1555.50,1554.50,1555.00,2747
2008-01-04 08:58:00,1555.00,1556.00,1555.00,1555.75,2452
2008-01-04 08:59:00,1555.75,1556.00,1555.25,1555.75,1431
2008-01-04 09:00:00,1556.00,1556.25,1555.75,1556.00,1138
2008-01-04 09:01:00,1555.75,1555.75,1554.50,1554.50,1459
2008-01-04 09:02:00,1554.50,1554.75,1553.75,1554.00,4520
2008-01-04 09:03:00,1554.00,1555.00,1554.00,1554.50,2380
2008-01-04 09:04:00,1554.50,1554.75,1552.75,1553.50,4584
2008-01-04 09:05:00,1553.50,1554.00,1553.25,1553.75,2779
2008-01-04 09:06:00,1554.00,1554.00,1553.25,1553.25,1269
2008-01-04 09:07:00,1553.50,1553.50,1552.75,1552.75,2762
2008-01-04 09:08:00,1553.00,1554.25,1552.75,1553.50,3610
2008-01-04 09:09:00,1553.50,1553.75,1553.00,1553.75,1905
2008-01-04 09:10:00,1553.75,1554.75,1553.50,1554.25,2369
2008-01-04 09:11:00,1554.25,1555.75,1554.25,1555.25,2932
2008-01-04 09:12:00,1555.50,1555.75,1555.00,1555.25,894
2008-01-04 09:13:00,1555.25,1555.25,1554.75,1554.75,641
2008-01-04 09:14:00,1554.75,1555.25,1554.25,1555.00,1418
2008-01-04 09:15:00,1555.00,1555.00,1554.50,1554.50,456
2008-01-04 09:16:00,1554.50,1554.75,1554.25,1554.50,657
2008-01-04 09:17:00,1554.25,1554.75,1554.25,1554.75,257
2008-01-04 09:18:00,1554.50,1554.75,1554.25,1554.25,387
2008-01-04 09:19:00,1554.25,1554.75,1554.00,1554.50,366
2008-01-04 09:20:00,1554.50,1554.75,1554.25,1554.75,752
2008-01-04 09:21:00,1554.50,1555.50,1554.50,1555.50,1420
2008-01-04 09:22:00,1555.50,1556.00,1555.00,1555.00,1094
2008-01-04 09:23:00,1555.00,1555.25,1554.75,1555.00,315
2008-01-04 09:24:00,1555.00,1555.25,1554.25,1554.50,1164
2008-01-04 09:25:00,1554.50,1555.00,1554.25,1554.75,692
2008-01-04 09:26:00,1554.75,1554.75,1554.25,1554.25,327
2008-01-04 09:27:00,1554.25,1555.00,1554.25,1554.50,986
2008-01-04 09:28:00,1554.75,1555.25,1554.50,1554.75,836
2008-01-04 09:29:00,1555.00,1555.75,1554.50,1555.25,3385
2008-01-04 09:30:00,1555.00,1555.75,1554.25,1555.25,9537
2008-01-04 09:31:00,1555.00,1555.25,1554.50,1555.00,5256
2008-01-04 09:32:00,1555.00,1556.00,1554.75,1555.75,4178
2008-01-04 09:33:00,1556.00,1556.00,1554.50,1554.50,4940
2008-01-04 09:34:00,1554.50,1554.75,1552.50,1553.25,8440
2008-01-04 09:35:00,1553.25,1553.25,1551.50,1551.75,13284
2008-01-04 09:36:00,1551.75,1551.75,1549.25,1549.75,17987
2008-01-04 09:37:00,1549.75,1551.00,1549.50,1550.50,12195
2008-01-04 09:38:00,1550.50,1550.50,1549.00,1549.25,8956
2008-01-04 09:39:00,1549.50,1550.75,1548.25,1548.50,12208
2008-01-04 09:40:00,1548.75,1550.00,1548.50,1550.00,5585
2008-01-04 09:41:00,1550.00,1551.25,1549.75,1551.00,7540
2008-01-04 09:42:00,1551.00,1551.25,1550.25,1550.75,4877
2008-01-04 09:43:00,1551.00,1552.25,1550.75,1552.25,7737
2008-01-04 09:44:00,1552.25,1552.75,1551.50,1552.00,7590
2008-01-04 09:45:00,1552.00,1552.00,1550.75,1551.50,6144
2008-01-04 09:46:00,1551.50,1552.00,1551.00,1552.00,3842
2008-01-04 09:47:00,1552.00,1552.25,1550.75,1550.75,5324
2008-01-04 09:48:00,1551.00,1551.50,1549.75,1550.00,7345
2008-01-04 09:49:00,1550.00,1550.75,1549.00,1550.25,9584
2008-01-04 09:50:00,1550.00,1551.75,1549.75,1551.25,6294
2008-01-04 09:51:00,1551.25,1551.75,1550.75,1551.50,5918
2008-01-04 09:52:00,1551.75,1552.00,1551.00,1551.25,3870
2008-01-04 09:53:00,1551.25,1551.75,1551.00,1551.75,4698
2008-01-04 09:54:00,1551.50,1551.75,1549.75,1549.75,5323
2008-01-04 09:55:00,1550.00,1550.00,1548.50,1549.50,7295
2008-01-04 09:56:00,1549.50,1549.75,1548.50,1549.25,6908
2008-01-04 09:57:00,1549.25,1550.00,1549.25,1550.00,3473
2008-01-04 09:58:00,1550.00,1551.25,1550.00,1551.00,4216
2008-01-04 09:59:00,1551.25,1551.25,1550.50,1551.25,3614
2008-01-04 10:00:00,1551.00,1553.50,1551.00,1553.00,16699
2008-01-04 10:01:00,1552.75,1553.00,1550.50,1552.00,13074
2008-01-04 10:02:00,1551.75,1552.25,1551.25,1551.25,3840
2008-01-04 10:03:00,1551.25,1551.25,1548.50,1548.75,12776
2008-01-04 10:04:00,1548.50,1550.75,1547.75,1550.50,14129
2008-01-04 10:05:00,1550.75,1551.25,1549.75,1550.50,7039
2008-01-04 10:06:00,1550.75,1551.00,1549.75,1549.75,5107
2008-01-04 10:07:00,1549.50,1550.75,1549.25,1550.50,3899
2008-01-04 10:08:00,1550.50,1551.25,1550.25,1550.50,4008
2008-01-04 10:09:00,1550.50,1551.75,1550.50,1551.50,4146
2008-01-04 10:10:00,1551.50,1551.75,1550.50,1551.00,2509
2008-01-04 10:11:00,1551.00,1551.00,1549.75,1550.50,5770
2008-01-04 10:12:00,1550.75,1551.00,1549.75,1550.25,2197
2008-01-04 10:13:00,1550.50,1550.50,1548.50,1548.75,5631
2008-01-04 10:14:00,1548.75,1550.00,1548.25,1549.50,5047
2008-01-04 10:15:00,1549.50,1549.75,1549.25,1549.50,1671
2008-01-04 10:16:00,1549.75,1549.75,1548.50,1548.75,3422
2008-01-04 10:17:00,1548.75,1549.50,1548.25,1548.25,2984
2008-01-04 10:18:00,1548.25,1549.00,1547.50,1547.50,6336
2008-01-04 10:19:00,1547.50,1548.00,1546.25,1546.50,10233
2008-01-04 10:20:00,1546.50,1547.75,1546.25,1547.25,5654
2008-01-04 10:21:00,1547.50,1548.25,1547.00,1548.00,4741
2008-01-04 10:22:00,1548.00,1548.50,1548.00,1548.25,2758
2008-01-04 10:23:00,1548.00,1548.75,1547.75,1547.75,3775
2008-01-04 10:24:00,1547.75,1548.00,1547.00,1547.50,3585
2008-01-04 10:25:00,1547.75,1547.75,1545.75,1547.00,8446
2008-01-04 10:26:00,1547.00,1547.25,1546.25,1546.25,5355
2008-01-04 10:27:00,1546.25,1546.50,1544.75,1544.75,9273
2008-01-04 10:28:00,1545.00,1546.00,1544.75,1545.50,6186
2008-01-04 10:29:00,1545.50,1545.75,1544.25,1545.50,7306
2008-01-04 10:30:00,1545.50,1545.50,1544.75,1545.50,4021
2008-01-04 10:31:00,1545.50,1546.00,1543.75,1544.25,6492
2008-01-04 10:32:00,1544.25,1545.25,1543.75,1544.75,6155
2008-01-04 10:33:00,1544.75,1545.75,1544.50,1545.50,5289
2008-01-04 10:34:00,1545.50,1546.25,1545.25,1546.00,4431
2008-01-04 10:35:00,1546.00,1547.00,1545.75,1546.75,5629
2008-01-04 10:36:00,1547.00,1547.00,1545.50,1545.50,7229
2008-01-04 10:37:00,1545.50,1546.00,1544.75,1545.50,5076
2008-01-04 10:38:00,1545.25,1545.50,1544.75,1545.00,2976
2008-01-04 10:39:00,1545.25,1545.25,1544.50,1544.75,3115
2008-01-04 10:40:00,1544.75,1545.25,1544.75,1545.25,2517
2008-01-04 10:41:00,1545.25,1545.50,1544.75,1545.25,3901
2008-01-04 10:42:00,1545.25,1546.75,1545.25,1546.25,7466
2008-01-04 10:43:00,1546.00,1546.50,1545.75,1546.00,1624
2008-01-04 10:44:00,1546.00,1546.25,1544.75,1545.50,3669
2008-01-04 10:45:00,1545.25,1546.00,1545.00,1545.25,4152
2008-01-04 10:46:00,1545.25,1545.25,1542.50,1543.50,14453
2008-01-04 10:47:00,1543.25,1543.50,1542.25,1542.25,5643
2008-01-04 10:48:00,1542.50,1543.50,1541.75,1543.25,9261
2008-01-04 10:49:00,1543.25,1543.75,1542.50,1543.50,5786
2008-01-04 10:50:00,1543.50,1543.75,1541.50,1541.75,8251
2008-01-04 10:51:00,1541.75,1542.50,1541.50,1542.00,6764
2008-01-04 10:52:00,1542.00,1543.25,1541.75,1542.75,5612
2008-01-04 10:53:00,1542.50,1543.00,1541.50,1542.50,6044
2008-01-04 10:54:00,1542.50,1542.50,1541.25,1541.50,5441
2008-01-04 10:55:00,1541.50,1542.50,1541.25,1541.50,5665
2008-01-04 10:56:00,1541.50,1542.00,1540.50,1540.50,5991
2008-01-04 10:57:00,1540.75,1541.25,1539.75,1540.50,6818
2008-01-04 10:58:00,1540.75,1541.00,1540.25,1540.75,3404
2008-01-04 10:59:00,1540.50,1541.00,1540.25,1540.75,3192
2008-01-04 11:00:00,1540.75,1542.25,1540.50,1541.50,8040
2008-01-04 11:01:00,1541.75,1542.00,1541.25,1541.75,3737
2008-01-04 11:02:00,1541.75,1542.00,1541.25,1541.75,2846
2008-01-04 11:03:00,1541.50,1542.00,1540.75,1540.75,3841
2008-01-04 11:04:00,1540.75,1541.50,1540.50,1541.25,2619
2008-01-04 11:05:00,1541.00,1541.25,1540.50,1541.00,3383
2008-01-04 11:06:00,1540.75,1541.25,1539.75,1539.75,2648
2008-01-04 11:07:00,1540.00,1540.25,1538.50,1538.75,9963
2008-01-04 11:08:00,1538.75,1539.75,1538.75,1539.75,4268
2008-01-04 11:09:00,1539.75,1540.50,1539.75,1540.50,3760
2008-01-04 11:10:00,1540.25,1541.00,1539.50,1540.50,6475
2008-01-04 11:11:00,1540.50,1541.75,1540.25,1541.50,5918
2008-01-04 11:12:00,1541.25,1542.75,1541.25,1542.50,4471
2008-01-04 11:13:00,1542.75,1543.25,1542.25,1543.25,5922
2008-01-04 11:14:00,1543.00,1543.25,1542.50,1542.50,3945
2008-01-04 11:15:00,1542.75,1542.75,1541.50,1542.00,7212
2008-01-04 11:16:00,1541.75,1542.25,1541.50,1541.75,1673
2008-01-04 11:17:00,1541.75,1542.00,1540.50,1540.50,6890
2008-01-04 11:18:00,1540.75,1541.00,1539.75,1540.25,3430
2008-01-04 11:19:00,1540.25,1540.75,1539.75,1540.50,2555
2008-01-04 11:20:00,1540.50,1542.00,1540.50,1541.75,4131
2008-01-04 11:21:00,1541.75,1541.75,1541.00,1541.00,1997
2008-01-04 11:22:00,1541.00,1542.00,1540.50,1542.00,3309
2008-01-04 11:23:00,1542.00,1542.50,1541.25,1542.50,4727
2008-01-04 11:24:00,1542.50,1542.75,1542.00,1542.75,4105
2008-01-04 11:25:00,1542.75,1545.00,1542.75,1544.75,13678
2008-01-04 11:26:00,1544.75,1545.00,1543.75,1544.00,7441
2008-01-04 11:27:00,1544.25,1545.25,1543.75,1545.00,6726
2008-01-04 11:28:00,1545.25,1545.75,1545.00,1545.50,8541
2008-01-04 11:29:00,1545.50,1545.75,1545.00,1545.25,5697
2008-01-04 11:30:00,1545.25,1546.25,1545.00,1545.75,5992
2008-01-04 11:31:00,1545.75,1545.75,1545.00,1545.50,3672
2008-01-04 11:32:00,1545.50,1545.75,1545.00,1545.50,4279
2008-01-04 11:33:00,1545.75,1546.00,1545.00,1545.25,4072
2008-01-04 11:34:00,1545.25,1545.75,1545.00,1545.25,3458
2008-01-04 11:35:00,1545.25,1545.50,1544.00,1544.25,7155
2008-01-04 11:36:00,1544.50,1544.75,1543.75,1544.00,4202
2008-01-04 11:37:00,1544.00,1544.25,1543.00,1543.25,5800
2008-01-04 11:38:00,1543.00,1543.50,1542.50,1543.25,5854
2008-01-04 11:39:00,1543.25,1543.75,1542.75,1543.00,3820
2008-01-04 11:40:00,1542.75,1543.50,1542.50,1543.00,2063
2008-01-04 11:41:00,1543.00,1543.75,1542.50,1542.75,3685
2008-01-04 11:42:00,1542.50,1543.00,1542.00,1542.50,6208
2008-01-04 11:43:00,1542.50,1543.25,1542.25,1542.75,3298
2008-01-04 11:44:00,1542.50,1543.25,1542.50,1542.50,2267
2008-01-04 11:45:00,1542.50,1543.25,1542.50,1543.00,1886
2008-01-04 11:46:00,1543.00,1543.50,1542.25,1542.50,3206
2008-01-04 11:47:00,1542.50,1543.25,1542.50,1543.00,1509
2008-01-04 11:48:00,1543.25,1543.25,1542.75,1543.00,1199
2008-01-04 11:49:00,1543.00,1543.25,1542.50,1543.00,1586
2008-01-04 11:50:00,1543.00,1544.75,1543.00,1544.25,3620
2008-01-04 11:51:00,1544.00,1544.75,1544.00,1544.50,923
2008-01-04 11:52:00,1544.50,1545.25,1544.25,1545.25,1717
2008-01-04 11:53:00,1545.25,1545.25,1543.25,1544.00,3941
2008-01-04 11:54:00,1543.75,1544.50,1543.25,1544.50,2138
2008-01-04 11:55:00,1544.50,1545.00,1544.25,1545.00,1577
2008-01-04 11:56:00,1545.00,1545.00,1544.50,1544.75,757
2008-01-04 11:57:00,1544.75,1544.75,1543.75,1543.75,1337
2008-01-04 11:58:00,1543.75,1544.75,1543.50,1543.75,1708
2008-01-04 11:59:00,1543.75,1544.75,1543.75,1544.50,1364
2008-01-04 12:00:00,1544.75,1546.00,1544.50,1545.50,6868
2008-01-04 12:01:00,1545.75,1546.25,1545.50,1545.75,3655
2008-01-04 12:02:00,1545.75,1545.75,1545.25,1545.75,913
2008-01-04 12:03:00,1545.75,1546.50,1545.50,1546.25,3265
2008-01-04 12:04:00,1546.25,1546.50,1545.75,1546.00,3118
2008-01-04 12:05:00,1545.75,1546.50,1545.50,1546.50,1441
2008-01-04 12:06:00,1546.25,1546.75,1546.00,1546.75,2130
2008-01-04 12:07:00,1546.50,1547.25,1546.25,1546.50,4599
2008-01-04 12:08:00,1546.50,1548.25,1546.50,1548.00,8050
2008-01-04 12:09:00,1548.00,1548.25,1547.75,1548.00,7641
2008-01-04 12:10:00,1548.25,1548.50,1547.50,1547.75,4360
2008-01-04 12:11:00,1547.50,1547.75,1547.25,1547.75,3515
2008-01-04 12:12:00,1547.50,1548.00,1547.50,1547.75,1264
2008-01-04 12:13:00,1547.75,1548.25,1547.75,1548.00,1214
2008-01-04 12:14:00,1548.25,1548.50,1547.50,1547.75,2493
2008-01-04 12:15:00,1547.50,1548.00,1547.25,1547.50,2920
2008-01-04 12:16:00,1547.25,1547.50,1547.00,1547.00,2516
2008-01-04 12:17:00,1547.00,1547.25,1546.75,1546.75,1340
2008-01-04 12:18:00,1547.00,1547.50,1546.75,1546.75,2505
2008-01-04 12:19:00,1547.00,1547.50,1546.75,1547.25,1321
2008-01-04 12:20:00,1547.25,1547.25,1546.75,1546.75,461
2008-01-04 12:21:00,1546.75,1546.75,1545.75,1545.75,2001
2008-01-04 12:22:00,1545.75,1546.00,1545.25,1545.50,2979
2008-01-04 12:23:00,1545.25,1545.75,1545.00,1545.00,1649
2008-01-04 12:24:00,1545.25,1545.25,1543.75,1544.25,3663
2008-01-04 12:25:00,1544.00,1544.50,1544.00,1544.00,1494
2008-01-04 12:26:00,1544.25,1544.25,1542.75,1543.25,3232
2008-01-04 12:27:00,1543.00,1543.25,1542.50,1543.00,3680
2008-01-04 12:28:00,1543.00,1543.00,1542.25,1542.75,1794
2008-01-04 12:29:00,1542.75,1543.25,1542.25,1543.00,2518
2008-01-04 12:30:00,1543.00,1544.00,1542.75,1543.75,2812
2008-01-04 12:31:00,1543.50,1544.25,1542.50,1542.50,2719
2008-01-04 12:32:00,1542.50,1542.75,1542.25,1542.75,1609
2008-01-04 12:33:00,1542.50,1542.50,1540.50,1541.25,7128
2008-01-04 12:34:00,1541.25,1541.25,1540.75,1541.25,1985
2008-01-04 12:35:00,1541.25,1541.75,1540.50,1541.75,3798
2008-01-04 12:36:00,1541.75,1542.25,1541.25,1541.75,3938
2008-01-04 12:37:00,1541.75,1542.50,1541.50,1542.50,3526
2008-01-04 12:38:00,1542.25,1542.25,1541.25,1541.50,2499
2008-01-04 12:39:00,1541.75,1541.75,1540.75,1540.75,2910
2008-01-04 12:40:00,1540.75,1541.50,1540.50,1541.25,4021
2008-01-04 12:41:00,1541.00,1541.75,1540.75,1541.75,2923
2008-01-04 12:42:00,1541.75,1542.75,1541.50,1542.75,2159
2008-01-04 12:43:00,1542.75,1543.00,1542.25,1542.75,2278
2008-01-04 12:44:00,1543.00,1543.00,1542.50,1542.50,798
2008-01-04 12:45:00,1542.50,1543.00,1542.00,1542.50,1035
2008-01-04 12:46:00,1542.50,1543.50,1542.25,1543.50,1401
2008-01-04 12:47:00,1543.50,1543.75,1543.00,1543.00,1528
2008-01-04 12:48:00,1543.00,1543.75,1543.00,1543.75,1452
2008-01-04 12:49:00,1543.50,1544.50,1543.50,1544.25,2551
2008-01-04 12:50:00,1544.25,1544.50,1543.75,1543.75,2457
2008-01-04 12:51:00,1544.00,1544.00,1543.00,1543.25,1530
2008-01-04 12:52:00,1543.25,1543.75,1543.00,1543.00,964
2008-01-04 12:53:00,1543.25,1543.50,1542.75,1543.25,923
2008-01-04 12:54:00,1543.00,1543.50,1542.75,1542.75,833
2008-01-04 12:55:00,1542.75,1543.00,1542.50,1542.75,672
2008-01-04 12:56:00,1543.00,1543.50,1543.00,1543.25,1352
2008-01-04 12:57:00,1543.50,1543.50,1542.75,1543.25,1239
2008-01-04 12:58:00,1543.00,1543.25,1542.50,1542.50,1272
2008-01-04 12:59:00,1542.75,1543.00,1542.25,1542.75,1166
2008-01-04 13:00:00,1542.75,1542.75,1542.00,1542.25,1041
2008-01-04 13:01:00,1542.25,1542.50,1541.75,1542.00,869
2008-01-04 13:02:00,1542.25,1542.25,1541.75,1541.75,387
2008-01-04 13:03:00,1542.00,1542.50,1541.75,1542.00,2098
2008-01-04 13:04:00,1542.00,1542.25,1541.50,1542.25,1173
2008-01-04 13:05:00,1542.25,1542.25,1540.75,1541.00,1868
2008-01-04 13:06:00,1541.00,1542.25,1540.75,1542.00,4566
2008-01-04 13:07:00,1542.00,1542.25,1542.00,1542.25,471
2008-01-04 13:08:00,1542.25,1542.50,1541.75,1541.75,986
2008-01-04 13:09:00,1541.75,1542.00,1541.25,1541.50,1083
2008-01-04 13:10:00,1541.75,1541.75,1541.25,1541.50,531
2008-01-04 13:11:00,1541.50,1541.75,1540.75,1541.00,1812
2008-01-04 13:12:00,1541.00,1542.25,1541.00,1541.75,2161
2008-01-04 13:13:00,1542.00,1543.00,1541.50,1542.75,3175
2008-01-04 13:14:00,1542.50,1543.25,1542.00,1542.75,3057
2008-01-04 13:15:00,1542.75,1542.75,1542.00,1542.25,1741
2008-01-04 13:16:00,1542.25,1543.00,1542.25,1542.50,543
2008-01-04 13:17:00,1542.75,1543.50,1542.75,1543.50,2067
2008-01-04 13:18:00,1543.50,1543.50,1542.50,1542.75,1585
2008-01-04 13:19:00,1542.75,1542.75,1541.50,1541.75,1605
2008-01-04 13:20:00,1541.75,1542.25,1541.50,1541.75,1039
2008-01-04 13:21:00,1541.50,1542.00,1541.25,1541.75,1615
2008-01-04 13:22:00,1542.00,1542.00,1540.75,1540.75,2859
2008-01-04 13:23:00,1540.75,1541.00,1539.50,1540.25,8481
2008-01-04 13:24:00,1540.25,1541.00,1540.00,1540.50,2732
2008-01-04 13:25:00,1540.50,1540.50,1539.50,1539.75,1889
2008-01-04 13:26:00,1539.75,1540.00,1539.00,1539.50,4622
2008-01-04 13:27:00,1539.50,1541.00,1539.50,1540.75,3045
2008-01-04 13:28:00,1540.50,1541.25,1540.25,1540.75,3023
2008-01-04 13:29:00,1540.75,1541.50,1540.75,1541.25,1658
2008-01-04 13:30:00,1541.00,1541.25,1540.50,1541.00,1991
2008-01-04 13:31:00,1541.00,1541.50,1541.00,1541.00,833
2008-01-04 13:32:00,1541.00,1541.25,1540.75,1541.25,522
2008-01-04 13:33:00,1541.25,1541.75,1541.00,1541.50,867
2008-01-04 13:34:00,1541.50,1541.50,1540.75,1541.00,757
2008-01-04 13:35:00,1541.00,1541.25,1540.25,1540.25,1968
2008-01-04 13:36:00,1540.00,1540.25,1538.50,1538.50,6856
2008-01-04 13:37:00,1538.75,1538.75,1537.50,1537.75,8680
2008-01-04 13:38:00,1537.75,1538.00,1536.25,1537.25,12119
2008-01-04 13:39:00,1537.25,1538.25,1537.00,1538.00,3870
2008-01-04 13:40:00,1537.75,1538.00,1536.75,1537.25,6101
2008-01-04 13:41:00,1537.50,1538.25,1536.75,1537.25,4650
2008-01-04 13:42:00,1537.25,1537.75,1537.25,1537.75,1613
2008-01-04 13:43:00,1537.75,1538.75,1537.75,1538.25,6083
2008-01-04 13:44:00,1538.50,1539.25,1537.75,1538.00,4145
2008-01-04 13:45:00,1538.00,1538.25,1537.50,1538.25,3897
2008-01-04 13:46:00,1538.25,1538.25,1537.00,1537.50,3488
2008-01-04 13:47:00,1537.50,1538.50,1537.25,1538.25,2291
2008-01-04 13:48:00,1538.25,1538.75,1538.00,1538.50,1826
2008-01-04 13:49:00,1538.75,1539.75,1538.25,1539.75,5614
2008-01-04 13:50:00,1539.75,1541.00,1539.50,1540.75,5370
2008-01-04 13:51:00,1540.75,1541.50,1540.75,1540.75,4622
2008-01-04 13:52:00,1540.75,1541.25,1540.25,1541.00,2720
2008-01-04 13:53:00,1541.00,1541.75,1540.50,1541.75,4334
2008-01-04 13:54:00,1541.75,1543.25,1541.50,1542.50,8133
2008-01-04 13:55:00,1542.75,1543.00,1542.25,1543.00,2447
2008-01-04 13:56:00,1542.75,1543.00,1542.50,1542.50,1458
2008-01-04 13:57:00,1542.50,1542.75,1541.25,1541.50,4421
2008-01-04 13:58:00,1541.75,1543.25,1541.50,1541.75,3294
2008-01-04 13:59:00,1541.75,1542.25,1541.25,1541.50,2612
2008-01-04 14:00:00,1541.25,1541.50,1539.50,1539.75,7208
2008-01-04 14:01:00,1540.00,1540.75,1539.75,1540.25,3101
2008-01-04 14:02:00,1540.25,1540.50,1538.50,1539.75,5304
2008-01-04 14:03:00,1539.75,1540.00,1538.75,1539.25,3358
2008-01-04 14:04:00,1539.50,1539.75,1538.25,1539.50,3503
2008-01-04 14:05:00,1539.25,1539.75,1539.00,1539.25,1502
2008-01-04 14:06:00,1539.25,1539.25,1537.25,1538.25,7239
2008-01-04 14:07:00,1538.25,1538.50,1537.75,1537.75,1544
2008-01-04 14:08:00,1537.75,1539.75,1537.50,1539.50,6130
2008-01-04 14:09:00,1539.50,1539.75,1538.25,1538.75,4331
2008-01-04 14:10:00,1539.00,1539.50,1537.50,1539.25,3134
2008-01-04 14:11:00,1539.50,1539.50,1537.75,1538.00,3507
2008-01-04 14:12:00,1538.00,1539.00,1537.75,1537.75,2419
2008-01-04 14:13:00,1537.75,1538.00,1536.50,1537.50,6769
2008-01-04 14:14:00,1537.50,1538.00,1536.75,1538.00,2529
2008-01-04 14:15:00,1537.75,1538.00,1536.50,1536.75,3610
2008-01-04 14:16:00,1536.50,1537.75,1536.25,1537.75,5629
2008-01-04 14:17:00,1537.50,1538.00,1537.25,1538.00,1547
2008-01-04 14:18:00,1538.00,1539.50,1537.75,1538.50,6350
2008-01-04 14:19:00,1538.50,1539.25,1537.50,1539.00,3742
2008-01-04 14:20:00,1538.75,1539.00,1536.25,1537.00,8460
2008-01-04 14:21:00,1537.00,1537.50,1535.25,1535.50,9844
2008-01-04 14:22:00,1535.25,1535.75,1534.75,1535.50,5143
2008-01-04 14:23:00,1535.25,1535.75,1534.25,1534.75,6601
2008-01-04 14:24:00,1534.75,1535.75,1534.50,1535.50,4120
2008-01-04 14:25:00,1535.50,1535.75,1535.00,1535.75,1994
2008-01-04 14:26:00,1535.50,1536.50,1535.50,1536.50,3928
2008-01-04 14:27:00,1536.25,1536.50,1535.25,1535.50,2630
2008-01-04 14:28:00,1535.50,1536.00,1534.50,1534.75,2137
2008-01-04 14:29:00,1534.75,1535.25,1534.25,1534.50,3963
2008-01-04 14:30:00,1534.50,1535.25,1534.25,1535.25,3366
2008-01-04 14:31:00,1535.25,1535.25,1534.25,1535.25,4418
2008-01-04 14:32:00,1535.00,1536.00,1534.75,1535.50,2561
2008-01-04 14:33:00,1535.50,1535.50,1533.75,1534.00,7158
2008-01-04 14:34:00,1534.00,1535.50,1533.75,1535.25,6791
2008-01-04 14:35:00,1535.25,1535.75,1535.00,1535.75,1502
2008-01-04 14:36:00,1535.75,1535.75,1534.75,1535.00,2357
2008-01-04 14:37:00,1534.75,1535.00,1533.75,1534.00,5161
2008-01-04 14:38:00,1534.25,1534.25,1533.50,1533.75,6978
2008-01-04 14:39:00,1533.75,1534.25,1533.25,1533.75,4839
2008-01-04 14:40:00,1533.75,1533.75,1532.75,1533.00,6027
2008-01-04 14:41:00,1533.25,1533.50,1532.75,1533.25,4624
2008-01-04 14:42:00,1533.00,1533.50,1532.75,1533.00,3540
2008-01-04 14:43:00,1532.75,1533.00,1532.25,1532.75,4790
2008-01-04 14:44:00,1532.75,1533.00,1532.25,1533.00,4870
2008-01-04 14:45:00,1533.00,1534.25,1532.75,1534.00,6760
2008-01-04 14:46:00,1533.75,1534.50,1533.75,1534.50,3514
2008-01-04 14:47:00,1534.50,1535.00,1534.00,1534.50,5035
2008-01-04 14:48:00,1534.25,1535.00,1534.25,1534.50,3546
2008-01-04 14:49:00,1534.50,1534.75,1533.75,1534.00,2446
2008-01-04 14:50:00,1534.00,1534.50,1533.75,1534.00,1365
2008-01-04 14:51:00,1534.25,1534.75,1534.00,1534.50,1764
2008-01-04 14:52:00,1534.50,1534.75,1532.75,1533.00,2845
2008-01-04 14:53:00,1532.75,1533.25,1532.25,1532.75,5809
2008-01-04 14:54:00,1532.75,1533.00,1531.75,1531.75,11556
2008-01-04 14:55:00,1531.75,1533.25,1530.75,1533.25,16076
2008-01-04 14:56:00,1533.25,1534.25,1533.00,1533.75,5321
2008-01-04 14:57:00,1533.75,1535.00,1533.50,1534.75,5071
2008-01-04 14:58:00,1534.75,1536.25,1534.00,1536.25,6475
2008-01-04 14:59:00,1536.25,1537.00,1535.75,1536.00,9406
2008-01-04 15:00:00,1536.00,1536.75,1535.75,1536.50,6307
2008-01-04 15:01:00,1536.50,1537.25,1536.00,1536.00,5515
2008-01-04 15:02:00,1536.00,1536.00,1535.00,1535.50,3078
2008-01-04 15:03:00,1535.50,1537.25,1535.25,1537.25,7660
2008-01-04 15:04:00,1537.25,1537.75,1536.25,1536.50,7520
2008-01-04 15:05:00,1536.50,1537.25,1536.00,1536.00,5059
2008-01-04 15:06:00,1536.00,1537.25,1535.75,1537.00,2762
2008-01-04 15:07:00,1537.25,1538.50,1537.00,1538.50,7524
2008-01-04 15:08:00,1538.25,1538.75,1537.50,1537.50,5476
2008-01-04 15:09:00,1537.75,1537.75,1535.75,1537.25,7289
2008-01-04 15:10:00,1537.00,1537.50,1536.00,1537.50,4364
2008-01-04 15:11:00,1537.25,1537.50,1536.25,1537.00,4753
2008-01-04 15:12:00,1537.00,1537.25,1536.25,1536.25,2616
2008-01-04 15:13:00,1536.25,1536.50,1535.75,1535.75,2651
2008-01-04 15:14:00,1535.75,1535.75,1534.50,1535.00,5069
2008-01-04 15:15:00,1534.75,1535.50,1533.50,1534.25,6715
2008-01-04 15:16:00,1534.00,1535.00,1533.50,1534.25,2929
2008-01-04 15:17:00,1534.25,1535.25,1534.00,1535.25,4041
2008-01-04 15:18:00,1535.25,1536.75,1535.25,1536.75,4263
2008-01-04 15:19:00,1536.75,1537.25,1535.50,1535.75,3859
2008-01-04 15:20:00,1535.75,1536.00,1534.50,1534.50,2932
2008-01-04 15:21:00,1534.50,1535.25,1533.75,1535.25,3353
2008-01-04 15:22:00,1535.25,1535.50,1534.25,1534.50,3550
2008-01-04 15:23:00,1534.50,1534.50,1532.50,1532.50,7246
2008-01-04 15:24:00,1532.50,1533.50,1532.50,1533.50,6215
2008-01-04 15:25:00,1533.50,1534.25,1533.50,1533.75,2130
2008-01-04 15:26:00,1533.50,1534.75,1533.50,1534.25,3688
2008-01-04 15:27:00,1534.25,1535.00,1534.00,1534.50,2493
2008-01-04 15:28:00,1534.75,1536.50,1534.50,1536.25,3593
2008-01-04 15:29:00,1536.25,1539.00,1536.00,1537.00,11030
2008-01-04 15:30:00,1537.25,1539.00,1537.00,1537.75,8187
2008-01-04 15:31:00,1537.75,1538.25,1537.00,1537.50,4862
2008-01-04 15:32:00,1537.50,1537.75,1536.75,1537.00,3127
2008-01-04 15:33:00,1537.00,1537.25,1536.00,1536.50,3625
2008-01-04 15:34:00,1536.50,1536.75,1536.25,1536.25,1316
2008-01-04 15:35:00,1536.25,1536.50,1535.25,1536.25,5470
2008-01-04 15:36:00,1536.50,1537.00,1536.00,1536.75,2477
2008-01-04 15:37:00,1536.75,1536.75,1534.75,1534.75,4415
2008-01-04 15:38:00,1534.75,1536.00,1534.50,1535.75,5325
2008-01-04 15:39:00,1535.75,1536.50,1535.00,1536.50,2999
2008-01-04 15:40:00,1536.50,1536.75,1534.25,1534.25,8451
2008-01-04 15:41:00,1534.25,1535.50,1534.25,1535.00,4115
2008-01-04 15:42:00,1535.00,1535.75,1535.00,1535.00,6694
2008-01-04 15:43:00,1535.00,1536.00,1535.00,1535.50,4684
2008-01-04 15:44:00,1535.50,1535.50,1533.25,1534.25,9091
2008-01-04 15:45:00,1534.25,1534.50,1533.50,1534.25,5416
2008-01-04 15:46:00,1534.25,1534.75,1533.00,1533.25,4172
2008-01-04 15:47:00,1533.25,1533.25,1531.50,1532.00,10968
2008-01-04 15:48:00,1532.00,1533.25,1531.25,1532.50,7346
2008-01-04 15:49:00,1532.50,1532.50,1531.50,1532.00,5372
2008-01-04 15:50:00,1532.00,1532.25,1530.25,1531.00,12774
2008-01-04 15:51:00,1531.00,1532.00,1530.25,1532.00,8465
2008-01-04 15:52:00,1532.00,1533.25,1531.75,1533.25,6879
2008-01-04 15:53:00,1533.00,1533.00,1531.25,1532.00,8584
2008-01-04 15:54:00,1532.25,1532.25,1531.25,1531.50,4639
2008-01-04 15:55:00,1531.25,1532.00,1530.75,1531.00,6529
2008-01-04 15:56:00,1531.00,1531.00,1530.25,1531.00,11243
2008-01-04 15:57:00,1530.75,1531.25,1530.50,1531.00,8009
2008-01-04 15:58:00,1531.25,1531.50,1530.75,1531.00,11243
2008-01-04 15:59:00,1530.75,1531.00,1530.00,1530.25,28177
2008-01-04 16:00:00,1530.00,1532.25,1529.75,1532.00,30464
2008-01-04 16:01:00,1532.00,1532.25,1531.50,1532.00,11739
2008-01-04 16:02:00,1532.00,1532.00,1530.75,1531.25,6660
2008-01-04 16:03:00,1531.25,1531.75,1531.00,1531.50,5014
2008-01-04 16:04:00,1531.50,1531.50,1530.75,1531.25,4942
2008-01-04 16:05:00,1531.25,1531.50,1531.00,1531.50,5743
2008-01-04 16:06:00,1531.50,1532.50,1531.25,1532.50,7770
2008-01-04 16:07:00,1532.50,1532.75,1532.25,1532.50,2500
2008-01-04 16:08:00,1532.75,1533.00,1532.50,1532.50,5344
2008-01-04 16:09:00,1532.75,1533.25,1532.50,1533.25,4155
2008-01-04 16:10:00,1533.00,1534.25,1533.00,1533.50,8399
2008-01-04 16:11:00,1533.75,1534.00,1533.50,1534.00,2881
2008-01-04 16:12:00,1534.00,1535.00,1533.75,1534.75,6511
2008-01-04 16:13:00,1534.75,1535.00,1534.50,1535.00,3149
2008-01-04 16:14:00,1534.75,1535.50,1534.25,1534.75,10104
2008-01-06 18:00:00,1534.75,1535.25,1534.25,1535.00,461
2008-01-06 18:01:00,1535.00,1535.00,1534.00,1534.00,271
2008-01-06 18:02:00,1534.25,1534.25,1533.75,1533.75,245
2008-01-06 18:03:00,1533.75,1534.00,1533.25,1534.00,214
2008-01-06 18:04:00,1534.00,1534.00,1533.50,1534.00,104
2008-01-06 18:05:00,1534.00,1534.00,1533.75,1534.00,19
2008-01-06 18:06:00,1534.00,1534.00,1533.75,1533.75,233
2008-01-06 18:07:00,1533.75,1534.00,1533.75,1534.00,68
2008-01-06 18:08:00,1534.25,1534.25,1534.00,1534.00,23
2008-01-06 18:09:00,1534.00,1534.00,1534.00,1534.00,37
2008-01-06 18:10:00,1534.00,1534.25,1534.00,1534.00,18
2008-01-06 18:11:00,1534.00,1534.00,1534.00,1534.00,8
2008-01-06 18:12:00,1534.25,1534.25,1534.25,1534.25,1
2008-01-06 18:13:00,1534.25,1534.25,1533.75,1534.00,39
2008-01-06 18:14:00,1534.25,1534.25,1534.00,1534.00,42
2008-01-06 18:15:00,1534.25,1534.25,1533.75,1534.25,73
2008-01-06 18:16:00,1534.25,1535.00,1534.25,1535.00,115
2008-01-06 18:17:00,1535.00,1535.25,1535.00,1535.25,122
2008-01-06 18:18:00,1535.25,1536.00,1535.25,1536.00,250
2008-01-06 18:19:00,1535.75,1535.75,1535.50,1535.75,53
2008-01-06 18:20:00,1535.50,1536.25,1535.50,1536.00,148
2008-01-06 18:21:00,1536.00,1536.00,1536.00,1536.00,79
2008-01-06 18:22:00,1536.00,1536.00,1535.75,1535.75,79
2008-01-06 18:23:00,1536.00,1536.00,1535.50,1535.75,39
2008-01-06 18:24:00,1535.75,1535.75,1535.75,1535.75,54
2008-01-06 18:25:00,1535.75,1535.75,1535.50,1535.75,56
2008-01-06 18:26:00,1535.75,1535.75,1535.75,1535.75,11
2008-01-06 18:27:00,1535.50,1536.00,1535.50,1535.50,225
2008-01-06 18:28:00,1535.75,1535.75,1535.50,1535.50,81
2008-01-06 18:29:00,1535.50,1535.50,1535.25,1535.50,47
2008-01-06 18:30:00,1535.50,1535.75,1535.25,1535.50,74
2008-01-06 18:31:00,1535.50,1535.75,1535.50,1535.50,109
2008-01-06 18:32:00,1535.50,1536.00,1535.50,1535.75,76
2008-01-06 18:33:00,1535.50,1535.75,1535.25,1535.25,35
2008-01-06 18:34:00,1535.50,1536.00,1535.50,1536.00,107
2008-01-06 18:35:00,1535.75,1535.75,1535.25,1535.25,61
2008-01-06 18:36:00,1535.25,1535.50,1535.25,1535.25,78
2008-01-06 18:37:00,1535.00,1535.00,1535.00,1535.00,35
2008-01-06 18:38:00,1535.25,1535.25,1535.00,1535.00,42
2008-01-06 18:39:00,1535.25,1535.25,1535.00,1535.00,51
2008-01-06 18:40:00,1535.00,1535.50,1535.00,1535.50,89
2008-01-06 18:41:00,1535.50,1535.50,1535.50,1535.50,9
2008-01-06 18:42:00,1535.50,1535.75,1535.50,1535.75,9
2008-01-06 18:43:00,1535.75,1535.75,1535.50,1535.50,23
2008-01-06 18:44:00,1535.50,1535.50,1535.50,1535.50,2
2008-01-06 18:45:00,1535.50,1535.50,1535.00,1535.25,39
2008-01-06 18:46:00,1535.00,1536.00,1535.00,1536.00,170
2008-01-06 18:47:00,1535.75,1536.00,1535.50,1535.50,42
2008-01-06 18:48:00,1535.25,1535.25,1535.25,1535.25,15
2008-01-06 18:49:00,1535.25,1535.50,1535.25,1535.25,49
2008-01-06 18:50:00,1535.25,1535.25,1534.75,1534.75,158
2008-01-06 18:51:00,1534.75,1534.75,1534.75,1534.75,51
2008-01-06 18:52:00,1534.75,1535.25,1534.75,1535.00,42
2008-01-06 18:53:00,1535.25,1535.50,1535.00,1535.50,42
2008-01-06 18:54:00,1535.25,1535.25,1534.75,1534.75,70
2008-01-06 18:55:00,1534.75,1535.00,1534.50,1534.50,44
2008-01-06 18:56:00,1534.75,1535.50,1534.50,1535.25,149
2008-01-06 18:57:00,1535.25,1535.75,1535.00,1535.25,154
2008-01-06 18:58:00,1535.25,1535.75,1535.25,1535.75,38
2008-01-06 18:59:00,1535.50,1535.75,1535.50,1535.75,151
2008-01-06 19:00:00,1535.75,1535.75,1535.75,1535.75,1
2008-01-06 19:01:00,1535.75,1535.75,1535.50,1535.50,54
2008-01-06 19:02:00,1535.50,1535.50,1535.25,1535.50,58
2008-01-06 19:03:00,1535.50,1535.50,1535.25,1535.25,31
2008-01-06 19:04:00,1535.50,1535.50,1535.50,1535.50,22
2008-01-06 19:05:00,1535.50,1535.50,1535.50,1535.50,100
2008-01-06 19:06:00,1535.50,1535.75,1535.50,1535.75,74
2008-01-06 19:07:00,1535.50,1535.50,1535.50,1535.50,3
2008-01-06 19:08:00,1535.50,1535.50,1535.50,1535.50,6
2008-01-06 19:09:00,1535.50,1535.50,1535.25,1535.25,71
2008-01-06 19:10:00,1535.25,1535.25,1535.00,1535.00,47
2008-01-06 19:11:00,1535.00,1535.00,1534.75,1534.75,19
2008-01-06 19:12:00,1535.00,1535.25,1535.00,1535.25,12
2008-01-06 19:13:00,1535.25,1535.25,1534.75,1535.00,41
2008-01-06 19:14:00,1535.00,1535.00,1534.75,1534.75,2
2008-01-06 19:15:00,1534.75,1535.00,1534.75,1535.00,4
2008-01-06 19:16:00,1535.00,1535.00,1535.00,1535.00,29
2008-01-06 19:17:00,1535.00,1535.25,1535.00,1535.25,81
2008-01-06 19:18:00,1535.00,1535.00,1535.00,1535.00,7
2008-01-06 19:19:00,1535.25,1535.25,1535.00,1535.00,5
2008-01-06 19:20:00,1535.00,1535.00,1535.00,1535.00,3
2008-01-06 19:21:00,1535.00,1535.00,1535.00,1535.00,33
2008-01-06 19:22:00,1535.00,1535.00,1534.75,1534.75,18
2008-01-06 19:23:00,1534.75,1535.00,1534.75,1535.00,77
2008-01-06 19:24:00,1535.00,1535.00,1534.75,1534.75,78
2008-01-06 19:25:00,1535.00,1535.00,1534.50,1534.75,29
2008-01-06 19:26:00,1534.75,1534.75,1534.50,1534.75,10
2008-01-06 19:27:00,1534.50,1534.75,1534.50,1534.75,50
2008-01-06 19:28:00,1534.75,1534.75,1534.75,1534.75,6
2008-01-06 19:29:00,1534.75,1534.75,1534.50,1534.50,26
2008-01-06 19:30:00,1534.50,1534.50,1534.50,1534.50,1
2008-01-06 19:31:00,1534.50,1534.50,1534.25,1534.50,50
2008-01-06 19:32:00,1534.50,1535.25,1534.50,1535.25,191
2008-01-06 19:33:00,1534.75,1535.25,1534.75,1534.75,243
2008-01-06 19:34:00,1534.75,1535.25,1534.75,1534.75,280
2008-01-06 19:35:00,1535.25,1535.50,1535.00,1535.50,118
2008-01-06 19:36:00,1535.50,1536.00,1535.50,1535.75,72
2008-01-06 19:37:00,1535.75,1536.00,1535.75,1536.00,49
2008-01-06 19:38:00,1535.75,1536.00,1535.75,1536.00,33
2008-01-06 19:39:00,1536.00,1536.00,1536.00,1536.00,86
2008-01-06 19:40:00,1536.00,1536.00,1536.00,1536.00,15
2008-01-06 19:41:00,1536.25,1537.25,1536.25,1537.00,555
2008-01-06 19:42:00,1537.25,1537.75,1537.00,1537.75,261
2008-01-06 19:43:00,1537.50,1538.00,1537.50,1537.75,197
2008-01-06 19:44:00,1537.75,1538.00,1537.50,1537.50,100
2008-01-06 19:45:00,1537.50,1537.50,1537.50,1537.50,26
2008-01-06 19:46:00,1537.25,1537.50,1537.25,1537.50,17
2008-01-06 19:47:00,1537.50,1537.50,1537.25,1537.50,173
2008-01-06 19:48:00,1537.50,1537.75,1537.00,1537.25,156
2008-01-06 19:49:00,1537.50,1537.50,1536.75,1536.75,27
2008-01-06 19:50:00,1537.00,1537.25,1536.50,1537.00,143
2008-01-06 19:51:00,1537.00,1537.25,1537.00,1537.25,31
2008-01-06 19:52:00,1537.50,1537.50,1537.25,1537.50,39
2008-01-06 19:53:00,1537.50,1537.75,1537.50,1537.75,124
2008-01-06 19:54:00,1538.00,1538.00,1537.75,1537.75,42
2008-01-06 19:55:00,1537.75,1538.00,1537.50,1537.50,63
2008-01-06 19:56:00,1537.75,1537.75,1537.25,1537.25,39
2008-01-06 19:57:00,1537.50,1537.50,1537.50,1537.50,8
2008-01-06 19:58:00,1537.50,1537.50,1537.25,1537.25,59
2008-01-06 19:59:00,1537.25,1537.50,1537.25,1537.50,39
2008-01-06 20:00:00,1537.50,1537.50,1537.00,1537.25,109
2008-01-06 20:01:00,1537.25,1537.50,1537.25,1537.25,60
2008-01-06 20:02:00,1537.75,1537.75,1537.50,1537.50,22
2008-01-06 20:03:00,1537.75,1538.00,1537.75,1538.00,120
2008-01-06 20:04:00,1538.00,1538.25,1538.00,1538.00,106
2008-01-06 20:05:00,1538.00,1538.25,1538.00,1538.00,86
2008-01-06 20:06:00,1538.00,1538.00,1538.00,1538.00,13
2008-01-06 20:07:00,1538.00,1538.00,1538.00,1538.00,20
2008-01-06 20:08:00,1538.00,1538.25,1538.00,1538.25,19
2008-01-06 20:09:00,1538.00,1538.00,1538.00,1538.00,28
2008-01-06 20:10:00,1538.00,1538.25,1537.75,1538.25,68
2008-01-06 20:11:00,1538.25,1538.25,1538.00,1538.00,22
2008-01-06 20:12:00,1538.25,1538.25,1538.00,1538.25,35
2008-01-06 20:13:00,1538.00,1538.25,1538.00,1538.00,78
2008-01-06 20:14:00,1538.25,1538.50,1538.00,1538.50,182
2008-01-06 20:15:00,1538.50,1538.75,1538.50,1538.50,58
2008-01-06 20:16:00,1538.75,1539.00,1538.75,1538.75,105
2008-01-06 20:17:00,1538.75,1539.25,1538.75,1539.00,111
2008-01-06 20:18:00,1539.00,1539.25,1538.75,1539.00,104
2008-01-06 20:19:00,1539.00,1539.50,1539.00,1539.25,133
2008-01-06 20:20:00,1539.25,1539.50,1539.25,1539.25,83
2008-01-06 20:21:00,1539.25,1539.50,1539.00,1539.25,18
2008-01-06 20:22:00,1539.50,1539.50,1539.25,1539.25,38
2008-01-06 20:23:00,1539.25,1539.25,1539.00,1539.00,114
2008-01-06 20:24:00,1539.25,1539.25,1539.00,1539.25,29
2008-01-06 20:25:00,1539.25,1539.50,1539.25,1539.25,8
2008-01-06 20:26:00,1539.50,1539.50,1539.50,1539.50,91
2008-01-06 20:27:00,1539.75,1539.75,1539.50,1539.50,25
2008-01-06 20:28:00,1539.75,1539.75,1539.25,1539.25,48
2008-01-06 20:29:00,1539.25,1539.50,1539.25,1539.50,9
2008-01-06 20:30:00,1539.25,1539.50,1539.00,1539.25,85
2008-01-06 20:31:00,1539.25,1539.50,1539.25,1539.50,11
2008-01-06 20:32:00,1539.50,1539.50,1539.25,1539.50,17
2008-01-06 20:33:00,1539.50,1539.75,1539.50,1539.75,35
2008-01-06 20:34:00,1539.75,1539.75,1539.75,1539.75,10
2008-01-06 20:35:00,1539.75,1540.00,1539.75,1539.75,151
2008-01-06 20:36:00,1539.75,1540.00,1539.75,1540.00,163
2008-01-06 20:37:00,1539.75,1539.75,1539.75,1539.75,8
2008-01-06 20:38:00,1539.75,1539.75,1539.50,1539.50,7
2008-01-06 20:39:00,1539.50,1539.75,1539.25,1539.25,76
2008-01-06 20:40:00,1539.25,1539.50,1539.00,1539.50,153
2008-01-06 20:41:00,1539.50,1539.75,1539.50,1539.50,23
2008-01-06 20:42:00,1539.50,1539.50,1539.00,1539.00,126
2008-01-06 20:43:00,1539.00,1539.25,1538.25,1538.50,226
2008-01-06 20:44:00,1538.50,1538.75,1538.25,1538.50,25
2008-01-06 20:45:00,1538.25,1539.00,1537.75,1539.00,169
2008-01-06 20:46:00,1539.00,1539.00,1538.75,1539.00,144
2008-01-06 20:47:00,1539.25,1539.50,1539.00,1539.00,288
2008-01-06 20:48:00,1539.00,1539.25,1539.00,1539.00,92
2008-01-06 20:49:00,1539.00,1539.25,1538.25,1538.50,307
2008-01-06 20:50:00,1538.50,1539.25,1538.50,1539.00,99
2008-01-06 20:51:00,1539.00,1539.25,1538.75,1539.25,79
2008-01-06 20:52:00,1538.75,1539.25,1538.50,1539.25,54
2008-01-06 20:53:00,1539.25,1539.25,1539.00,1539.25,30
2008-01-06 20:54:00,1539.25,1539.25,1539.00,1539.00,7
2008-01-06 20:55:00,1539.25,1539.25,1539.00,1539.25,19
2008-01-06 20:56:00,1539.00,1539.25,1538.75,1538.75,35
2008-01-06 20:57:00,1538.50,1538.75,1538.50,1538.50,18
2008-01-06 20:58:00,1538.50,1538.75,1538.50,1538.50,36
2008-01-06 20:59:00,1538.50,1538.75,1538.50,1538.50,11
2008-01-06 21:00:00,1538.50,1538.75,1538.50,1538.50,43
2008-01-06 21:01:00,1538.75,1538.75,1538.25,1538.75,179
2008-01-06 21:02:00,1539.00,1539.25,1538.75,1538.75,51
2008-01-06 21:03:00,1539.00,1539.25,1538.75,1538.75,80
2008-01-06 21:04:00,1539.00,1539.00,1538.75,1538.75,25
2008-01-06 21:05:00,1538.75,1539.00,1538.50,1539.00,15
2008-01-06 21:06:00,1539.00,1539.00,1538.75,1539.00,9
2008-01-06 21:07:00,1539.00,1539.25,1539.00,1539.25,28
2008-01-06 21:08:00,1539.00,1539.25,1539.00,1539.25,8
2008-01-06 21:09:00,1539.00,1539.25,1539.00,1539.00,27
2008-01-06 21:10:00,1539.00,1539.00,1539.00,1539.00,11
2008-01-06 21:11:00,1539.25,1539.25,1539.00,1539.00,17
2008-01-06 21:12:00,1539.00,1539.25,1538.75,1538.75,35
2008-01-06 21:13:00,1538.75,1538.75,1538.50,1538.75,47
2008-01-06 21:14:00,1539.00,1539.00,1539.00,1539.00,7
2008-01-06 21:15:00,1538.75,1539.00,1538.75,1538.75,16
2008-01-06 21:16:00,1538.75,1539.25,1538.75,1538.75,10
2008-01-06 21:17:00,1539.00,1539.00,1538.75,1539.00,29
2008-01-06 21:18:00,1539.00,1539.25,1539.00,1539.25,12
2008-01-06 21:19:00,1539.25,1539.25,1538.00,1538.00,189
2008-01-06 21:20:00,1538.25,1538.25,1538.00,1538.25,47
2008-01-06 21:21:00,1538.25,1538.50,1538.25,1538.50,118
2008-01-06 21:22:00,1538.75,1539.00,1538.75,1538.75,19
2008-01-06 21:23:00,1538.75,1538.75,1538.75,1538.75,16
2008-01-06 21:24:00,1538.50,1538.75,1538.50,1538.75,19
2008-01-06 21:25:00,1538.75,1538.75,1538.25,1538.25,23
2008-01-06 21:26:00,1538.75,1539.25,1538.75,1539.00,72
2008-01-06 21:27:00,1539.25,1539.25,1539.00,1539.25,18
2008-01-06 21:28:00,1539.25,1539.25,1539.00,1539.25,47
2008-01-06 21:29:00,1539.25,1539.25,1539.00,1539.00,13
2008-01-06 21:30:00,1539.00,1539.25,1539.00,1539.00,51
2008-01-06 21:31:00,1539.00,1539.25,1539.00,1539.25,22
2008-01-06 21:32:00,1539.25,1539.25,1539.00,1539.00,7
2008-01-06 21:33:00,1539.25,1539.25,1539.25,1539.25,5
2008-01-06 21:34:00,1539.00,1539.25,1539.00,1539.25,13
2008-01-06 21:35:00,1539.25,1539.25,1539.25,1539.25,7
2008-01-06 21:36:00,1539.25,1539.25,1539.00,1539.00,42
2008-01-06 21:37:00,1539.00,1539.25,1538.75,1539.25,29
2008-01-06 21:38:00,1539.00,1539.25,1539.00,1539.25,10
2008-01-06 21:39:00,1539.25,1539.25,1539.00,1539.00,14
2008-01-06 21:40:00,1538.75,1539.00,1538.75,1539.00,16
2008-01-06 21:41:00,1538.75,1539.00,1538.75,1539.00,107
2008-01-06 21:42:00,1539.00,1539.00,1539.00,1539.00,56
2008-01-06 21:43:00,1539.00,1539.50,1539.00,1539.50,127
2008-01-06 21:44:00,1539.50,1539.50,1539.00,1539.25,22
2008-01-06 21:45:00,1539.00,1539.25,1538.75,1538.75,7
2008-01-06 21:46:00,1539.00,1539.25,1538.75,1538.75,14
2008-01-06 21:47:00,1539.00,1539.25,1539.00,1539.00,11
2008-01-06 21:48:00,1538.75,1539.25,1538.75,1538.75,20
2008-01-06 21:49:00,1539.00,1539.25,1538.75,1538.75,10
2008-01-06 21:50:00,1539.00,1539.25,1538.75,1538.75,12
2008-01-06 21:51:00,1539.00,1539.00,1539.00,1539.00,5
2008-01-06 21:52:00,1538.75,1539.00,1538.75,1539.00,8
2008-01-06 21:53:00,1539.00,1539.00,1539.00,1539.00,5
2008-01-06 21:54:00,1539.00,1539.25,1538.75,1539.25,102
2008-01-06 21:55:00,1539.00,1539.00,1538.75,1539.00,47
2008-01-06 21:56:00,1539.00,1539.25,1539.00,1539.25,32
2008-01-06 21:57:00,1539.00,1539.00,1539.00,1539.00,76
2008-01-06 21:58:00,1539.00,1539.00,1538.75,1539.00,30
2008-01-06 21:59:00,1539.00,1539.00,1539.00,1539.00,29
2008-01-06 22:00:00,1539.00,1539.00,1539.00,1539.00,10
2008-01-06 22:01:00,1539.00,1539.25,1539.00,1539.25,6
2008-01-06 22:02:00,1539.25,1539.25,1539.25,1539.25,17
2008-01-06 22:03:00,1539.00,1539.25,1539.00,1539.25,18
2008-01-06 22:04:00,1539.25,1539.50,1539.25,1539.50,119
2008-01-06 22:05:00,1539.50,1539.75,1539.50,1539.75,38
2008-01-06 22:06:00,1539.75,1539.75,1539.50,1539.75,16
2008-01-06 22:07:00,1539.75,1539.75,1539.75,1539.75,6
2008-01-06 22:08:00,1539.75,1539.75,1539.75,1539.75,20
2008-01-06 22:09:00,1539.75,1539.75,1539.75,1539.75,7
2008-01-06 22:10:00,1539.75,1539.75,1539.50,1539.75,18
2008-01-06 22:11:00,1539.75,1540.00,1539.75,1540.00,15
2008-01-06 22:12:00,1540.00,1540.00,1540.00,1540.00,17
2008-01-06 22:13:00,1540.00,1540.00,1540.00,1540.00,52
2008-01-06 22:14:00,1540.00,1540.25,1539.75,1539.75,112
2008-01-06 22:15:00,1540.00,1540.25,1540.00,1540.00,10
2008-01-06 22:16:00,1540.00,1540.00,1539.75,1540.00,44
2008-01-06 22:17:00,1540.00,1540.25,1539.75,1539.75,132
2008-01-06 22:18:00,1540.00,1540.25,1539.75,1540.25,13
2008-01-06 22:19:00,1540.00,1540.00,1540.00,1540.00,85
2008-01-06 22:20:00,1540.25,1540.25,1540.00,1540.00,18
2008-01-06 22:21:00,1540.00,1540.25,1540.00,1540.25,30
2008-01-06 22:22:00,1540.25,1540.25,1540.00,1540.25,11
2008-01-06 22:23:00,1540.25,1540.25,1540.25,1540.25,16
2008-01-06 22:24:00,1540.25,1540.25,1540.00,1540.25,59
2008-01-06 22:25:00,1540.00,1540.25,1539.75,1540.25,34
2008-01-06 22:26:00,1540.00,1540.25,1540.00,1540.25,6
2008-01-06 22:27:00,1540.25,1540.25,1540.00,1540.25,412
2008-01-06 22:28:00,1540.25,1540.25,1540.00,1540.25,14
2008-01-06 22:29:00,1540.00,1540.50,1540.00,1540.25,53
2008-01-06 22:30:00,1540.50,1540.50,1540.25,1540.25,113
2008-01-06 22:31:00,1540.50,1540.50,1540.00,1540.00,53
2008-01-06 22:32:00,1540.00,1540.00,1540.00,1540.00,76
2008-01-06 22:33:00,1540.00,1540.25,1540.00,1540.00,50
2008-01-06 22:34:00,1540.00,1540.00,1540.00,1540.00,19
2008-01-06 22:35:00,1539.75,1539.75,1539.50,1539.50,49
2008-01-06 22:36:00,1539.50,1539.75,1539.50,1539.50,26
2008-01-06 22:37:00,1539.50,1539.75,1539.50,1539.50,23
2008-01-06 22:38:00,1539.50,1539.50,1539.50,1539.50,14
2008-01-06 22:39:00,1539.25,1539.50,1539.25,1539.25,25
2008-01-06 22:40:00,1539.25,1539.25,1539.00,1539.25,76
2008-01-06 22:41:00,1539.00,1539.25,1539.00,1539.25,10
2008-01-06 22:42:00,1539.25,1539.25,1539.25,1539.25,10
2008-01-06 22:43:00,1539.00,1539.50,1539.00,1539.50,35
2008-01-06 22:44:00,1539.50,1539.50,1538.75,1539.00,90
2008-01-06 22:45:00,1538.75,1538.75,1538.50,1538.50,63
2008-01-06 22:46:00,1538.75,1538.75,1538.50,1538.75,45
2008-01-06 22:47:00,1539.00,1539.50,1539.00,1539.25,151
2008-01-06 22:48:00,1539.25,1539.50,1539.25,1539.25,89
2008-01-06 22:49:00,1539.25,1539.50,1539.00,1539.00,18
2008-01-06 22:50:00,1539.00,1539.25,1538.75,1539.00,34
2008-01-06 22:51:00,1539.00,1539.00,1538.75,1538.75,7
2008-01-06 22:52:00,1538.75,1539.00,1538.50,1538.75,15
2008-01-06 22:53:00,1538.75,1538.75,1538.75,1538.75,1
2008-01-06 22:54:00,1539.00,1539.00,1538.25,1538.75,56
2008-01-06 22:55:00,1538.50,1538.50,1538.25,1538.25,29
2008-01-06 22:56:00,1538.25,1538.25,1537.75,1538.00,59
2008-01-06 22:57:00,1537.75,1538.00,1537.75,1538.00,22
2008-01-06 22:58:00,1538.25,1538.50,1538.25,1538.50,25
2008-01-06 22:59:00,1538.25,1538.75,1538.25,1538.75,63
2008-01-06 23:00:00,1538.75,1539.00,1538.75,1538.75,31
2008-01-06 23:01:00,1538.50,1538.50,1538.25,1538.25,87
2008-01-06 23:02:00,1538.25,1538.25,1538.25,1538.25,21
2008-01-06 23:03:00,1538.25,1538.50,1538.25,1538.50,7
2008-01-06 23:04:00,1538.50,1538.50,1537.75,1537.75,44
2008-01-06 23:05:00,1537.75,1538.00,1537.75,1538.00,28
2008-01-06 23:06:00,1538.25,1538.25,1538.25,1538.25,107
2008-01-06 23:07:00,1538.25,1538.25,1538.25,1538.25,13
2008-01-06 23:08:00,1538.25,1538.25,1538.00,1538.00,7
2008-01-06 23:09:00,1538.00,1538.00,1538.00,1538.00,1
2008-01-06 23:10:00,1538.25,1538.25,1538.00,1538.00,23
2008-01-06 23:11:00,1538.00,1538.00,1538.00,1538.00,9
2008-01-06 23:12:00,1538.25,1538.25,1538.00,1538.00,12
2008-01-06 23:14:00,1538.25,1538.25,1538.00,1538.25,55
2008-01-06 23:15:00,1538.50,1538.50,1538.25,1538.50,34
2008-01-06 23:16:00,1538.75,1539.00,1538.75,1538.75,26
2008-01-06 23:17:00,1538.50,1538.50,1538.25,1538.25,110
2008-01-06 23:18:00,1538.25,1538.25,1538.25,1538.25,18
2008-01-06 23:19:00,1538.25,1538.25,1538.25,1538.25,12
2008-01-06 23:20:00,1538.25,1538.25,1538.25,1538.25,5
2008-01-06 23:22:00,1538.25,1538.25,1538.25,1538.25,8
2008-01-06 23:23:00,1538.25,1538.75,1538.25,1538.25,33
2008-01-06 23:24:00,1538.25,1538.25,1538.00,1538.00,13
2008-01-06 23:25:00,1538.25,1538.50,1538.25,1538.50,25
2008-01-06 23:26:00,1538.75,1538.75,1538.75,1538.75,6
2008-01-06 23:27:00,1538.75,1538.75,1538.50,1538.50,21
2008-01-06 23:29:00,1538.50,1538.50,1538.50,1538.50,1
2008-01-06 23:30:00,1538.50,1538.50,1538.50,1538.50,15
2008-01-06 23:31:00,1538.50,1538.75,1538.25,1538.25,19
2008-01-06 23:32:00,1538.50,1538.50,1538.25,1538.25,8
2008-01-06 23:33:00,1538.25,1538.25,1538.25,1538.25,15
2008-01-06 23:35:00,1538.25,1538.25,1538.25,1538.25,11
2008-01-06 23:36:00,1538.00,1538.00,1538.00,1538.00,1
2008-01-06 23:38:00,1538.25,1538.75,1538.25,1538.75,15
2008-01-06 23:39:00,1538.50,1538.50,1538.50,1538.50,11
2008-01-06 23:40:00,1538.25,1538.25,1538.25,1538.25,1
2008-01-06 23:41:00,1538.50,1538.50,1538.25,1538.25,3
2008-01-06 23:42:00,1538.50,1538.50,1538.50,1538.50,6
2008-01-06 23:43:00,1538.25,1538.25,1538.25,1538.25,15
2008-01-06 23:44:00,1538.25,1538.25,1538.25,1538.25,1
2008-01-06 23:45:00,1538.00,1538.00,1538.00,1538.00,1
2008-01-06 23:46:00,1538.25,1538.25,1538.25,1538.25,17
2008-01-06 23:47:00,1538.25,1538.50,1538.25,1538.50,7
2008-01-06 23:48:00,1538.75,1538.75,1538.50,1538.50,23
2008-01-06 23:49:00,1538.75,1538.75,1538.50,1538.50,15
2008-01-06 23:50:00,1538.50,1538.50,1538.50,1538.50,2
2008-01-06 23:52:00,1538.50,1538.50,1538.25,1538.25,29
2008-01-06 23:53:00,1538.25,1538.25,1538.00,1538.00,14
2008-01-06 23:54:00,1538.00,1538.00,1538.00,1538.00,25
2008-01-06 23:55:00,1538.00,1538.00,1538.00,1538.00,1
2008-01-06 23:56:00,1538.25,1538.25,1538.00,1538.00,29
2008-01-06 23:57:00,1538.00,1538.00,1538.00,1538.00,2
2008-01-06 23:58:00,1538.00,1538.25,1538.00,1538.25,13
2008-01-07 00:00:00,1538.25,1538.25,1538.00,1538.00,8
2008-01-07 00:01:00,1538.25,1538.25,1538.25,1538.25,34
2008-01-07 00:02:00,1538.50,1538.50,1538.25,1538.25,69
2008-01-07 00:03:00,1538.50,1538.50,1538.25,1538.25,25
2008-01-07 00:04:00,1538.25,1538.25,1538.25,1538.25,27
2008-01-07 00:05:00,1538.25,1538.25,1538.25,1538.25,1
2008-01-07 00:06:00,1538.25,1538.50,1538.25,1538.50,32
2008-01-07 00:07:00,1538.50,1538.50,1538.50,1538.50,26
2008-01-07 00:08:00,1538.75,1538.75,1538.50,1538.50,18
2008-01-07 00:09:00,1538.50,1538.50,1538.50,1538.50,11
2008-01-07 00:10:00,1538.50,1538.50,1538.50,1538.50,1
2008-01-07 00:11:00,1538.75,1538.75,1538.75,1538.75,53
2008-01-07 00:12:00,1538.75,1539.00,1538.75,1538.75,14
2008-01-07 00:13:00,1538.75,1539.50,1538.75,1539.25,161
2008-01-07 00:14:00,1539.25,1539.25,1538.75,1538.75,32
2008-01-07 00:15:00,1538.75,1539.00,1538.75,1539.00,33
2008-01-07 00:16:00,1538.75,1539.00,1538.75,1539.00,82
2008-01-07 00:17:00,1538.75,1539.25,1538.75,1539.00,84
2008-01-07 00:18:00,1538.75,1538.75,1538.75,1538.75,2
2008-01-07 00:19:00,1538.75,1538.75,1538.75,1538.75,1
2008-01-07 00:20:00,1539.00,1539.00,1539.00,1539.00,43
2008-01-07 00:21:00,1539.25,1539.25,1539.25,1539.25,60
2008-01-07 00:22:00,1539.50,1539.50,1539.50,1539.50,8
2008-01-07 00:23:00,1539.25,1540.25,1539.25,1540.00,260
2008-01-07 00:24:00,1540.25,1540.25,1539.75,1540.00,29
2008-01-07 00:25:00,1539.75,1540.00,1539.75,1540.00,17
2008-01-07 00:26:00,1539.75,1539.75,1539.75,1539.75,11
2008-01-07 00:28:00,1540.00,1540.00,1540.00,1540.00,9
2008-01-07 00:29:00,1540.00,1540.00,1540.00,1540.00,1
2008-01-07 00:30:00,1540.00,1540.00,1539.00,1539.25,158
2008-01-07 00:31:00,1539.00,1539.00,1539.00,1539.00,24
2008-01-07 00:32:00,1539.25,1539.25,1539.25,1539.25,64
2008-01-07 00:34:00,1539.50,1539.75,1539.25,1539.75,42
2008-01-07 00:35:00,1539.50,1539.50,1539.25,1539.25,12
2008-01-07 00:36:00,1539.25,1539.50,1539.25,1539.50,3
2008-01-07 00:37:00,1539.50,1539.50,1539.50,1539.50,47
2008-01-07 00:38:00,1539.75,1539.75,1539.75,1539.75,31
2008-01-07 00:39:00,1539.50,1539.50,1539.50,1539.50,51
2008-01-07 00:40:00,1539.50,1539.50,1539.50,1539.50,69
2008-01-07 00:41:00,1539.25,1539.25,1539.00,1539.00,32
2008-01-07 00:43:00,1539.00,1539.00,1538.75,1539.00,58
2008-01-07 00:44:00,1539.00,1539.00,1539.00,1539.00,2
2008-01-07 00:45:00,1539.00,1539.00,1537.75,1537.75,144
2008-01-07 00:46:00,1537.75,1538.00,1537.75,1537.75,14
2008-01-07 00:47:00,1537.75,1537.75,1537.75,1537.75,82
2008-01-07 00:48:00,1537.50,1538.00,1537.25,1537.75,239
2008-01-07 00:49:00,1537.75,1538.00,1537.50,1537.75,11
2008-01-07 00:50:00,1537.50,1537.75,1537.50,1537.75,3
2008-01-07 00:51:00,1537.75,1537.75,1537.75,1537.75,20
2008-01-07 00:52:00,1538.00,1538.00,1537.75,1537.75,116
2008-01-07 00:53:00,1537.75,1537.75,1537.50,1537.50,101
2008-01-07 00:54:00,1537.25,1537.50,1537.25,1537.50,9
2008-01-07 00:55:00,1537.25,1537.25,1537.25,1537.25,8
2008-01-07 00:56:00,1537.50,1537.50,1537.50,1537.50,5
2008-01-07 00:57:00,1537.25,1537.50,1537.25,1537.50,4
2008-01-07 00:58:00,1537.50,1537.50,1537.00,1537.25,87
2008-01-07 00:59:00,1537.25,1537.25,1537.25,1537.25,7
2008-01-07 01:00:00,1537.25,1537.25,1537.25,1537.25,2
2008-01-07 01:01:00,1537.25,1537.25,1537.00,1537.00,6
2008-01-07 01:02:00,1537.25,1537.25,1537.00,1537.25,115
2008-01-07 01:04:00,1537.25,1537.25,1537.00,1537.00,10
2008-01-07 01:06:00,1537.25,1537.25,1537.25,1537.25,6
2008-01-07 01:07:00,1537.00,1537.25,1537.00,1537.25,5
2008-01-07 01:08:00,1537.25,1537.25,1537.00,1537.00,48
2008-01-07 01:09:00,1537.00,1537.25,1537.00,1537.00,7
2008-01-07 01:10:00,1537.00,1537.00,1536.75,1537.00,37
2008-01-07 01:11:00,1537.25,1537.25,1536.75,1537.00,57
2008-01-07 01:12:00,1537.00,1537.00,1537.00,1537.00,2
2008-01-07 01:13:00,1536.75,1536.75,1536.25,1536.75,82
2008-01-07 01:14:00,1536.50,1536.50,1536.00,1536.25,44
2008-01-07 01:15:00,1536.25,1536.50,1536.25,1536.50,8
2008-01-07 01:16:00,1536.25,1536.25,1536.25,1536.25,10
2008-01-07 01:17:00,1536.50,1536.75,1536.25,1536.50,23
2008-01-07 01:18:00,1536.50,1536.50,1536.50,1536.50,16
2008-01-07 01:20:00,1536.75,1536.75,1536.50,1536.50,21
2008-01-07 01:22:00,1536.50,1536.50,1536.50,1536.50,1
2008-01-07 01:23:00,1536.50,1536.50,1536.50,1536.50,11
2008-01-07 01:24:00,1536.25,1536.50,1536.25,1536.50,20
2008-01-07 01:25:00,1536.50,1536.50,1536.25,1536.25,11
2008-01-07 01:26:00,1536.50,1536.50,1536.50,1536.50,40
2008-01-07 01:27:00,1536.50,1536.50,1536.50,1536.50,26
2008-01-07 01:29:00,1536.50,1536.50,1536.50,1536.50,19
2008-01-07 01:30:00,1536.50,1536.50,1536.50,1536.50,3
2008-01-07 01:31:00,1536.25,1536.25,1536.25,1536.25,51
2008-01-07 01:33:00,1536.25,1536.75,1536.25,1536.75,115
2008-01-07 01:34:00,1536.50,1536.75,1536.50,1536.50,14
2008-01-07 01:35:00,1536.50,1537.00,1536.50,1536.75,141
2008-01-07 01:36:00,1537.00,1537.00,1537.00,1537.00,7
2008-01-07 01:37:00,1537.00,1537.00,1537.00,1537.00,1
2008-01-07 01:38:00,1537.00,1537.00,1537.00,1537.00,32
2008-01-07 01:39:00,1537.00,1537.50,1537.00,1537.25,109
2008-01-07 01:40:00,1537.25,1537.50,1537.25,1537.25,202
2008-01-07 01:41:00,1537.00,1537.25,1537.00,1537.25,5
2008-01-07 01:42:00,1537.25,1537.25,1536.50,1536.50,141
2008-01-07 01:43:00,1536.25,1536.50,1536.00,1536.50,166
2008-01-07 01:44:00,1536.75,1537.00,1536.75,1536.75,137
2008-01-07 01:45:00,1536.25,1536.50,1536.00,1536.25,54
2008-01-07 01:46:00,1536.00,1536.25,1535.75,1536.25,175
2008-01-07 01:47:00,1536.25,1536.75,1536.25,1536.50,17
2008-01-07 01:48:00,1536.50,1536.50,1536.00,1536.25,115
2008-01-07 01:49:00,1536.25,1536.25,1536.25,1536.25,25
2008-01-07 01:50:00,1536.25,1536.25,1535.75,1536.00,157
2008-01-07 01:51:00,1535.75,1536.00,1535.75,1536.00,40
2008-01-07 01:52:00,1536.00,1536.25,1535.75,1536.25,1601
2008-01-07 01:53:00,1536.50,1536.75,1536.50,1536.50,58
2008-01-07 01:54:00,1536.75,1537.00,1536.75,1536.75,48
2008-01-07 01:55:00,1537.00,1537.00,1536.25,1536.25,90
2008-01-07 01:56:00,1536.50,1536.75,1536.25,1536.75,2015
2008-01-07 01:57:00,1536.50,1536.50,1536.50,1536.50,6
2008-01-07 01:58:00,1536.75,1536.75,1536.75,1536.75,3
2008-01-07 01:59:00,1536.50,1536.50,1536.00,1536.00,51
2008-01-07 02:00:00,1536.25,1536.50,1535.75,1536.50,281
2008-01-07 02:01:00,1536.25,1536.50,1536.25,1536.25,159
2008-01-07 02:02:00,1536.50,1536.50,1536.00,1536.50,2122
2008-01-07 02:03:00,1536.50,1536.75,1536.50,1536.75,128
2008-01-07 02:04:00,1536.75,1537.00,1536.75,1536.75,334
2008-01-07 02:05:00,1536.75,1537.00,1536.75,1537.00,69
2008-01-07 02:06:00,1537.00,1537.25,1537.00,1537.00,88
2008-01-07 02:07:00,1537.00,1537.00,1537.00,1537.00,43
2008-01-07 02:08:00,1536.75,1537.00,1536.75,1537.00,42
2008-01-07 02:09:00,1537.25,1537.25,1537.00,1537.00,62
2008-01-07 02:10:00,1537.00,1537.00,1537.00,1537.00,42
2008-01-07 02:11:00,1537.00,1537.25,1537.00,1537.25,29
2008-01-07 02:12:00,1537.25,1537.25,1537.00,1537.00,2004
2008-01-07 02:13:00,1537.25,1537.25,1537.00,1537.00,66
2008-01-07 02:14:00,1537.25,1537.25,1537.25,1537.25,44
2008-01-07 02:15:00,1537.25,1537.25,1537.00,1537.25,45
2008-01-07 02:16:00,1537.50,1537.75,1537.50,1537.75,65
2008-01-07 02:17:00,1537.50,1537.75,1537.50,1537.75,335
2008-01-07 02:18:00,1537.75,1538.00,1537.50,1538.00,103
2008-01-07 02:19:00,1537.75,1538.00,1537.75,1537.75,17
2008-01-07 02:20:00,1538.00,1538.00,1537.75,1537.75,96
2008-01-07 02:21:00,1537.75,1538.00,1537.75,1538.00,22
2008-01-07 02:22:00,1538.00,1538.00,1537.75,1537.75,8
2008-01-07 02:23:00,1537.75,1537.75,1537.50,1537.75,1607
2008-01-07 02:24:00,1537.75,1537.75,1537.50,1537.75,180
2008-01-07 02:25:00,1537.75,1537.75,1537.75,1537.75,36
2008-01-07 02:27:00,1538.00,1538.25,1538.00,1538.00,476
2008-01-07 02:28:00,1538.25,1538.75,1538.25,1538.50,233
2008-01-07 02:29:00,1538.50,1539.00,1538.50,1538.75,66
2008-01-07 02:30:00,1538.50,1538.75,1538.50,1538.75,180
2008-01-07 02:31:00,1538.50,1538.50,1538.25,1538.50,199
2008-01-07 02:32:00,1538.50,1538.50,1538.50,1538.50,30
2008-01-07 02:33:00,1538.50,1538.50,1538.50,1538.50,57
2008-01-07 02:34:00,1538.50,1538.50,1538.50,1538.50,31
2008-01-07 02:36:00,1538.25,1538.50,1538.25,1538.50,19
2008-01-07 02:37:00,1538.50,1538.50,1537.75,1537.75,106
2008-01-07 02:38:00,1538.00,1538.00,1537.75,1538.00,26
2008-01-07 02:39:00,1538.00,1538.25,1538.00,1538.00,40
2008-01-07 02:40:00,1538.00,1538.00,1538.00,1538.00,1
2008-01-07 02:41:00,1538.00,1538.50,1538.00,1538.50,57
2008-01-07 02:42:00,1538.50,1538.50,1538.50,1538.50,15
2008-01-07 02:43:00,1538.50,1538.50,1538.50,1538.50,80
2008-01-07 02:44:00,1538.50,1538.50,1538.50,1538.50,30
2008-01-07 02:45:00,1538.50,1538.75,1538.50,1538.50,42
2008-01-07 02:46:00,1538.75,1538.75,1538.50,1538.50,200
2008-01-07 02:47:00,1538.75,1539.25,1538.75,1539.00,230
2008-01-07 02:48:00,1539.25,1539.75,1539.25,1539.25,328
2008-01-07 02:49:00,1539.25,1539.50,1539.25,1539.25,104
2008-01-07 02:50:00,1539.25,1539.25,1539.25,1539.25,76
2008-01-07 02:51:00,1539.50,1539.75,1539.50,1539.50,187
2008-01-07 02:52:00,1539.50,1539.50,1539.25,1539.25,117
2008-01-07 02:53:00,1539.00,1539.25,1538.75,1539.00,105
2008-01-07 02:54:00,1539.25,1539.25,1539.00,1539.00,87
2008-01-07 02:55:00,1539.00,1539.75,1539.00,1539.50,351
2008-01-07 02:56:00,1539.50,1539.75,1539.50,1539.50,175
2008-01-07 02:57:00,1539.75,1540.00,1539.75,1539.75,146
2008-01-07 02:58:00,1539.75,1539.75,1539.50,1539.50,92
2008-01-07 02:59:00,1539.50,1539.50,1539.00,1539.00,238
2008-01-07 03:00:00,1539.00,1539.25,1538.50,1539.00,228
2008-01-07 03:01:00,1539.25,1540.00,1539.00,1540.00,471
2008-01-07 03:02:00,1540.00,1540.00,1539.25,1539.25,269
2008-01-07 03:03:00,1539.50,1539.75,1539.50,1539.50,148
2008-01-07 03:04:00,1539.75,1540.25,1539.75,1540.00,190
2008-01-07 03:05:00,1540.25,1540.50,1540.00,1540.00,637
2008-01-07 03:06:00,1540.00,1540.50,1540.00,1540.25,242
2008-01-07 03:07:00,1540.50,1540.75,1540.00,1540.50,378
2008-01-07 03:08:00,1540.50,1541.00,1540.50,1540.50,243
2008-01-07 03:09:00,1540.25,1540.50,1540.25,1540.25,478
2008-01-07 03:10:00,1540.50,1540.50,1540.00,1540.50,120
2008-01-07 03:11:00,1540.75,1540.75,1540.50,1540.75,516
2008-01-07 03:12:00,1540.75,1540.75,1540.25,1540.25,334
2008-01-07 03:13:00,1540.25,1540.50,1540.25,1540.50,340
2008-01-07 03:14:00,1540.25,1540.50,1540.25,1540.50,242
2008-01-07 03:15:00,1540.25,1540.50,1540.25,1540.50,210
2008-01-07 03:16:00,1540.50,1540.50,1540.50,1540.50,48
2008-01-07 03:17:00,1540.50,1540.75,1540.25,1540.50,115
2008-01-07 03:18:00,1540.50,1541.00,1540.25,1540.75,535
2008-01-07 03:19:00,1540.75,1541.00,1540.75,1540.75,327
2008-01-07 03:20:00,1541.00,1541.00,1540.25,1540.25,222
2008-01-07 03:21:00,1540.25,1540.25,1540.00,1540.00,111
2008-01-07 03:22:00,1540.00,1540.00,1539.75,1539.75,192
2008-01-07 03:23:00,1539.50,1539.50,1538.75,1539.25,498
2008-01-07 03:24:00,1539.00,1539.25,1538.50,1538.75,690
2008-01-07 03:25:00,1538.75,1539.00,1538.00,1538.50,513
2008-01-07 03:26:00,1538.50,1539.25,1538.50,1539.00,627
2008-01-07 03:27:00,1539.25,1539.75,1539.25,1539.25,512
2008-01-07 03:28:00,1539.25,1539.25,1539.00,1539.25,211
2008-01-07 03:29:00,1539.25,1539.25,1539.00,1539.25,140
2008-01-07 03:30:00,1539.00,1539.25,1539.00,1539.25,39
2008-01-07 03:31:00,1539.00,1539.25,1539.00,1539.00,163
2008-01-07 03:32:00,1539.00,1539.25,1538.75,1538.75,308
2008-01-07 03:33:00,1539.00,1539.00,1538.75,1538.75,215
2008-01-07 03:34:00,1538.75,1538.75,1538.75,1538.75,40
2008-01-07 03:35:00,1538.75,1539.25,1538.75,1539.00,324
2008-01-07 03:36:00,1538.75,1539.00,1538.50,1538.75,257
2008-01-07 03:37:00,1538.75,1539.00,1538.75,1538.75,107
2008-01-07 03:38:00,1538.75,1538.75,1538.50,1538.75,113
2008-01-07 03:39:00,1538.75,1539.00,1538.50,1538.50,280
2008-01-07 03:40:00,1538.50,1539.00,1538.50,1538.75,23
2008-01-07 03:41:00,1538.75,1538.75,1538.25,1538.50,325
2008-01-07 03:42:00,1538.75,1538.75,1538.25,1538.25,266
2008-01-07 03:43:00,1538.25,1538.25,1537.75,1538.25,147
2008-01-07 03:44:00,1538.50,1538.75,1537.75,1537.75,210
2008-01-07 03:45:00,1538.00,1538.00,1537.50,1537.75,332
2008-01-07 03:46:00,1537.75,1537.75,1537.50,1537.75,410
2008-01-07 03:47:00,1537.75,1537.75,1537.50,1537.50,208
2008-01-07 03:48:00,1537.50,1537.50,1537.25,1537.50,230
2008-01-07 03:49:00,1537.00,1537.00,1536.25,1536.75,840
2008-01-07 03:50:00,1536.75,1536.75,1536.00,1536.25,251
2008-01-07 03:51:00,1536.00,1536.50,1535.75,1536.00,279
2008-01-07 03:52:00,1536.00,1536.00,1535.00,1535.00,726
2008-01-07 03:53:00,1535.25,1535.75,1534.00,1534.00,1259
2008-01-07 03:54:00,1534.00,1535.25,1534.00,1535.25,515
2008-01-07 03:55:00,1535.25,1535.75,1534.75,1534.75,334
2008-01-07 03:56:00,1534.75,1535.25,1534.50,1535.25,179
2008-01-07 03:57:00,1535.00,1535.75,1534.75,1535.25,243
2008-01-07 03:58:00,1535.25,1535.75,1535.25,1535.50,265
2008-01-07 03:59:00,1535.25,1535.50,1535.25,1535.25,50
2008-01-07 04:00:00,1535.25,1536.50,1535.25,1536.00,423
2008-01-07 04:01:00,1536.00,1537.25,1536.00,1536.75,291
2008-01-07 04:02:00,1537.00,1537.25,1536.25,1536.75,592
2008-01-07 04:03:00,1537.00,1537.00,1536.25,1536.50,187
2008-01-07 04:04:00,1536.75,1537.50,1536.75,1537.25,183
2008-01-07 04:05:00,1537.50,1537.75,1537.25,1537.75,321
2008-01-07 04:06:00,1538.00,1538.00,1537.00,1537.50,334
2008-01-07 04:07:00,1537.50,1537.75,1537.25,1537.75,569
2008-01-07 04:08:00,1537.75,1538.75,1537.50,1538.75,437
2008-01-07 04:09:00,1538.75,1539.25,1538.75,1538.75,549
2008-01-07 04:10:00,1539.00,1539.00,1538.50,1538.75,50
2008-01-07 04:11:00,1538.75,1539.75,1538.75,1539.00,524
2008-01-07 04:12:00,1539.00,1539.25,1538.75,1539.25,261
2008-01-07 04:13:00,1539.25,1539.25,1538.75,1539.25,151
2008-01-07 04:14:00,1539.00,1539.00,1538.50,1538.50,30
2008-01-07 04:15:00,1538.50,1539.00,1538.50,1539.00,151
2008-01-07 04:16:00,1539.00,1539.25,1538.75,1539.00,87
2008-01-07 04:17:00,1539.00,1539.00,1539.00,1539.00,32
2008-01-07 04:18:00,1538.75,1539.00,1538.75,1538.75,87
2008-01-07 04:19:00,1538.75,1539.00,1538.50,1538.50,67
2008-01-07 04:20:00,1538.75,1539.00,1538.50,1539.00,56
2008-01-07 04:21:00,1539.00,1539.25,1539.00,1539.00,139
2008-01-07 04:22:00,1539.00,1539.00,1538.50,1538.75,82
2008-01-07 04:23:00,1538.50,1539.25,1538.50,1539.00,99
2008-01-07 04:24:00,1539.00,1540.75,1539.00,1540.25,1169
2008-01-07 04:25:00,1540.00,1540.50,1540.00,1540.00,258
2008-01-07 04:26:00,1539.75,1540.25,1539.50,1540.00,513
2008-01-07 04:27:00,1540.00,1540.25,1540.00,1540.00,35
2008-01-07 04:28:00,1540.00,1540.50,1540.00,1540.50,248
2008-01-07 04:29:00,1540.25,1540.25,1539.75,1539.75,51
2008-01-07 04:30:00,1539.75,1540.00,1539.75,1540.00,105
2008-01-07 04:31:00,1539.75,1539.75,1539.50,1539.75,155
2008-01-07 04:32:00,1539.75,1540.00,1539.75,1540.00,114
2008-01-07 04:33:00,1539.75,1540.00,1539.75,1539.75,128
2008-01-07 04:34:00,1539.75,1539.75,1539.75,1539.75,50
2008-01-07 04:35:00,1539.50,1540.00,1539.50,1540.00,399
2008-01-07 04:36:00,1539.75,1539.75,1539.50,1539.50,100
2008-01-07 04:37:00,1539.75,1539.75,1539.50,1539.75,355
2008-01-07 04:38:00,1539.75,1539.75,1539.50,1539.75,125
2008-01-07 04:39:00,1539.75,1539.75,1539.50,1539.50,77
2008-01-07 04:40:00,1539.50,1539.75,1539.25,1539.50,165
2008-01-07 04:41:00,1539.50,1539.50,1539.25,1539.50,34
2008-01-07 04:42:00,1539.75,1540.00,1539.75,1540.00,448
2008-01-07 04:43:00,1539.75,1540.00,1539.75,1539.75,13
2008-01-07 04:44:00,1539.75,1539.75,1539.50,1539.50,168
2008-01-07 04:45:00,1539.75,1539.75,1539.25,1539.25,89
2008-01-07 04:46:00,1539.25,1539.50,1539.25,1539.25,19
2008-01-07 04:47:00,1539.25,1539.75,1539.25,1539.75,113
2008-01-07 04:48:00,1540.00,1540.50,1539.75,1540.25,328
2008-01-07 04:49:00,1540.25,1540.50,1540.00,1540.25,116
2008-01-07 04:50:00,1540.00,1540.00,1539.75,1539.75,128
2008-01-07 04:51:00,1539.75,1540.00,1539.75,1540.00,33
2008-01-07 04:52:00,1540.00,1540.25,1540.00,1540.00,90
2008-01-07 04:53:00,1540.00,1540.25,1540.00,1540.00,40
2008-01-07 04:54:00,1540.00,1540.00,1540.00,1540.00,14
2008-01-07 04:55:00,1540.00,1541.25,1540.00,1540.50,944
2008-01-07 04:56:00,1540.50,1542.00,1540.50,1541.25,1059
2008-01-07 04:57:00,1541.00,1541.50,1541.00,1541.25,183
2008-01-07 04:58:00,1541.50,1541.75,1541.25,1541.50,355
2008-01-07 04:59:00,1541.50,1541.50,1541.00,1541.00,298
2008-01-07 05:00:00,1541.00,1541.75,1541.00,1541.25,239
2008-01-07 05:01:00,1541.25,1542.00,1541.25,1541.75,288
2008-01-07 05:02:00,1541.50,1542.00,1541.50,1542.00,351
2008-01-07 05:03:00,1541.75,1542.25,1541.75,1541.75,260
2008-01-07 05:04:00,1541.75,1542.00,1541.75,1541.75,34
2008-01-07 05:05:00,1541.75,1541.75,1541.50,1541.75,184
2008-01-07 05:06:00,1541.75,1542.00,1541.75,1541.75,40
2008-01-07 05:07:00,1541.75,1541.75,1541.50,1541.75,331
2008-01-07 05:08:00,1541.50,1541.75,1541.25,1541.50,220
2008-01-07 05:09:00,1541.75,1542.00,1541.75,1542.00,25
2008-01-07 05:10:00,1542.00,1542.00,1541.75,1541.75,58
2008-01-07 05:11:00,1541.75,1541.75,1541.75,1541.75,51
2008-01-07 05:12:00,1541.50,1541.75,1541.50,1541.50,44
2008-01-07 05:13:00,1541.50,1542.00,1541.50,1542.00,147
2008-01-07 05:14:00,1541.75,1542.00,1541.50,1541.50,208
2008-01-07 05:15:00,1541.50,1541.75,1541.25,1541.25,287
2008-01-07 05:16:00,1541.50,1542.00,1541.50,1542.00,599
2008-01-07 05:17:00,1542.00,1542.25,1542.00,1542.00,144
2008-01-07 05:18:00,1542.00,1542.25,1542.00,1542.00,92
2008-01-07 05:19:00,1542.00,1542.25,1542.00,1542.00,338
2008-01-07 05:20:00,1542.00,1542.50,1542.00,1542.50,530
2008-01-07 05:21:00,1542.50,1542.75,1542.25,1542.50,186
2008-01-07 05:22:00,1542.75,1543.00,1542.50,1543.00,403
2008-01-07 05:23:00,1542.75,1542.75,1542.00,1542.25,509
2008-01-07 05:24:00,1542.25,1542.50,1542.00,1542.00,215
2008-01-07 05:25:00,1542.00,1542.25,1541.75,1542.25,353
2008-01-07 05:26:00,1542.00,1542.25,1541.25,1541.50,745
2008-01-07 05:27:00,1541.50,1541.50,1540.50,1541.00,1220
2008-01-07 05:28:00,1541.00,1541.00,1540.75,1540.75,568
2008-01-07 05:29:00,1540.75,1541.25,1540.50,1541.25,421
2008-01-07 05:30:00,1541.25,1541.25,1540.50,1541.00,232
2008-01-07 05:31:00,1541.00,1541.00,1540.75,1540.75,235
2008-01-07 05:32:00,1540.75,1541.25,1540.50,1541.25,318
2008-01-07 05:33:00,1541.25,1541.50,1541.25,1541.25,324
2008-01-07 05:34:00,1541.50,1541.75,1541.25,1541.25,129
2008-01-07 05:35:00,1541.25,1541.75,1541.25,1541.75,274
2008-01-07 05:36:00,1541.75,1542.50,1541.75,1542.00,427
2008-01-07 05:37:00,1542.00,1542.25,1542.00,1542.00,135
2008-01-07 05:38:00,1542.00,1542.25,1542.00,1542.25,330
2008-01-07 05:39:00,1542.25,1542.50,1542.25,1542.50,254
2008-01-07 05:40:00,1542.75,1542.75,1542.25,1542.75,194
2008-01-07 05:41:00,1542.75,1543.00,1542.75,1543.00,397
2008-01-07 05:42:00,1543.00,1543.25,1542.50,1542.50,437
2008-01-07 05:43:00,1542.75,1543.00,1542.50,1542.75,156
2008-01-07 05:44:00,1542.50,1542.75,1542.50,1542.75,197
2008-01-07 05:45:00,1542.75,1543.00,1542.75,1542.75,357
2008-01-07 05:46:00,1542.75,1543.25,1542.75,1542.75,110
2008-01-07 05:47:00,1543.00,1543.25,1542.75,1542.75,108
2008-01-07 05:48:00,1542.75,1542.75,1542.75,1542.75,9
2008-01-07 05:49:00,1542.75,1542.75,1542.50,1542.75,103
2008-01-07 05:50:00,1542.75,1542.75,1542.50,1542.50,63
2008-01-07 05:51:00,1542.50,1543.00,1542.50,1543.00,114
2008-01-07 05:52:00,1543.00,1543.00,1542.75,1543.00,28
2008-01-07 05:53:00,1543.00,1543.00,1542.50,1542.50,199
2008-01-07 05:54:00,1542.50,1542.75,1542.50,1542.50,116
2008-01-07 05:55:00,1542.50,1543.25,1542.50,1543.25,554
2008-01-07 05:56:00,1543.25,1543.25,1543.00,1543.00,320
2008-01-07 05:57:00,1543.25,1543.25,1542.75,1543.00,108
2008-01-07 05:58:00,1543.00,1543.00,1542.25,1542.50,760
2008-01-07 05:59:00,1542.75,1542.75,1542.00,1542.50,829
2008-01-07 06:00:00,1542.50,1542.75,1542.50,1542.75,13
2008-01-07 06:01:00,1542.75,1542.75,1542.50,1542.50,23
2008-01-07 06:02:00,1542.50,1543.00,1542.50,1543.00,186
2008-01-07 06:03:00,1542.75,1543.25,1542.75,1543.00,190
2008-01-07 06:04:00,1543.00,1543.25,1543.00,1543.00,122
2008-01-07 06:05:00,1543.00,1543.25,1543.00,1543.25,73
2008-01-07 06:06:00,1543.25,1543.25,1543.00,1543.00,135
2008-01-07 06:07:00,1543.00,1543.25,1543.00,1543.00,34
2008-01-07 06:08:00,1543.00,1543.25,1542.75,1543.00,123
2008-01-07 06:09:00,1542.75,1543.00,1542.75,1543.00,262
2008-01-07 06:10:00,1542.75,1543.00,1542.75,1542.75,193
2008-01-07 06:11:00,1542.75,1542.75,1542.50,1542.50,41
2008-01-07 06:12:00,1542.75,1542.75,1542.50,1542.50,66
2008-01-07 06:13:00,1542.75,1543.00,1542.50,1543.00,372
2008-01-07 06:14:00,1543.00,1543.00,1542.75,1542.75,297
2008-01-07 06:15:00,1542.75,1542.75,1542.50,1542.50,28
2008-01-07 06:16:00,1542.50,1543.00,1542.50,1542.75,166
2008-01-07 06:17:00,1543.00,1543.50,1543.00,1543.25,330
2008-01-07 06:18:00,1543.00,1543.25,1542.75,1543.00,159
2008-01-07 06:19:00,1543.00,1543.25,1542.75,1543.00,214
2008-01-07 06:20:00,1542.75,1543.00,1542.75,1542.75,184
2008-01-07 06:21:00,1542.75,1543.00,1542.50,1542.75,240
2008-01-07 06:22:00,1542.50,1542.75,1542.50,1542.50,14
2008-01-07 06:23:00,1542.50,1542.50,1542.50,1542.50,65
2008-01-07 06:24:00,1542.50,1542.50,1541.75,1542.25,473
2008-01-07 06:25:00,1542.00,1542.50,1542.00,1542.25,112
2008-01-07 06:26:00,1542.25,1542.25,1541.75,1542.00,262
2008-01-07 06:27:00,1542.00,1542.00,1542.00,1542.00,74
2008-01-07 06:28:00,1542.00,1542.25,1542.00,1542.25,74
2008-01-07 06:29:00,1542.00,1542.00,1542.00,1542.00,43
2008-01-07 06:30:00,1542.00,1542.25,1542.00,1542.00,462
2008-01-07 06:31:00,1542.25,1542.75,1542.25,1542.75,328
2008-01-07 06:32:00,1543.00,1543.00,1542.25,1542.25,455
2008-01-07 06:33:00,1542.50,1542.75,1542.25,1542.50,58
2008-01-07 06:34:00,1542.50,1542.50,1542.25,1542.25,229
2008-01-07 06:35:00,1542.25,1542.50,1542.25,1542.50,138
2008-01-07 06:36:00,1542.25,1542.75,1542.25,1542.75,69
2008-01-07 06:37:00,1542.75,1542.75,1542.25,1542.25,439
2008-01-07 06:38:00,1542.50,1542.50,1542.25,1542.50,28
2008-01-07 06:39:00,1542.50,1542.50,1542.50,1542.50,14
2008-01-07 06:40:00,1542.50,1542.50,1542.00,1542.00,149
2008-01-07 06:41:00,1542.25,1542.25,1542.00,1542.00,164
2008-01-07 06:42:00,1542.00,1542.25,1542.00,1542.25,77
2008-01-07 06:43:00,1542.50,1542.50,1542.25,1542.25,59
2008-01-07 06:44:00,1542.25,1542.25,1542.00,1542.00,33
2008-01-07 06:45:00,1542.00,1542.25,1542.00,1542.00,80
2008-01-07 06:46:00,1542.00,1542.00,1541.75,1542.00,449
2008-01-07 06:47:00,1542.00,1542.25,1542.00,1542.25,95
2008-01-07 06:48:00,1542.25,1542.25,1542.25,1542.25,28
2008-01-07 06:49:00,1542.25,1542.25,1542.00,1542.00,114
2008-01-07 06:50:00,1542.00,1542.00,1542.00,1542.00,35
2008-01-07 06:51:00,1542.00,1542.25,1542.00,1542.25,5
2008-01-07 06:52:00,1542.25,1542.25,1542.00,1542.25,224
2008-01-07 06:53:00,1542.25,1542.25,1542.00,1542.25,80
2008-01-07 06:54:00,1542.25,1542.25,1542.25,1542.25,9
2008-01-07 06:55:00,1542.50,1542.75,1542.50,1542.50,177
2008-01-07 06:56:00,1542.50,1542.75,1542.50,1542.75,173
2008-01-07 06:57:00,1542.75,1543.00,1542.75,1543.00,90
2008-01-07 06:58:00,1543.00,1543.25,1543.00,1543.00,211
2008-01-07 06:59:00,1543.00,1543.25,1543.00,1543.00,178
2008-01-07 07:00:00,1543.00,1543.25,1542.75,1543.25,101
2008-01-07 07:01:00,1543.25,1543.50,1543.00,1543.25,225
2008-01-07 07:02:00,1543.50,1543.75,1543.50,1543.75,525
2008-01-07 07:03:00,1543.50,1543.75,1543.50,1543.75,143
2008-01-07 07:04:00,1543.50,1544.00,1543.50,1543.75,412
2008-01-07 07:05:00,1543.75,1544.50,1543.50,1544.50,1749
2008-01-07 07:06:00,1544.50,1544.50,1543.50,1543.50,938
2008-01-07 07:07:00,1543.50,1543.50,1543.50,1543.50,146
2008-01-07 07:08:00,1543.50,1544.00,1543.25,1544.00,178
2008-01-07 07:09:00,1543.75,1543.75,1543.50,1543.50,53
2008-01-07 07:10:00,1543.75,1544.00,1543.25,1543.25,301
2008-01-07 07:11:00,1543.50,1543.50,1543.00,1543.50,545
2008-01-07 07:12:00,1543.25,1543.50,1543.25,1543.50,56
2008-01-07 07:13:00,1543.25,1543.50,1543.25,1543.25,76
2008-01-07 07:14:00,1543.25,1543.75,1543.00,1543.75,678
2008-01-07 07:15:00,1543.50,1543.75,1543.25,1543.25,129
2008-01-07 07:16:00,1543.50,1543.50,1543.25,1543.25,367
2008-01-07 07:17:00,1543.25,1543.25,1543.00,1543.00,87
2008-01-07 07:18:00,1543.00,1543.00,1542.50,1543.00,702
2008-01-07 07:19:00,1543.00,1543.00,1542.75,1542.75,519
2008-01-07 07:20:00,1542.75,1543.00,1542.75,1542.75,69
2008-01-07 07:21:00,1542.75,1542.75,1542.50,1542.50,131
2008-01-07 07:22:00,1542.50,1542.75,1542.25,1542.25,266
2008-01-07 07:23:00,1542.25,1542.50,1542.25,1542.50,16
2008-01-07 07:24:00,1542.50,1542.50,1542.00,1542.50,502
2008-01-07 07:25:00,1542.50,1542.75,1542.25,1542.25,276
2008-01-07 07:26:00,1542.50,1542.50,1542.25,1542.50,293
2008-01-07 07:27:00,1542.50,1542.50,1541.50,1541.50,560
2008-01-07 07:28:00,1541.50,1542.00,1541.50,1542.00,308
2008-01-07 07:29:00,1541.75,1542.50,1541.75,1542.00,360
2008-01-07 07:30:00,1542.00,1542.00,1541.75,1541.75,405
2008-01-07 07:31:00,1541.75,1542.00,1541.50,1541.50,276
2008-01-07 07:32:00,1541.50,1542.00,1541.50,1542.00,133
2008-01-07 07:33:00,1541.75,1541.75,1541.25,1541.50,381
2008-01-07 07:34:00,1541.50,1541.75,1541.50,1541.50,276
2008-01-07 07:35:00,1541.50,1541.50,1541.25,1541.50,196
2008-01-07 07:36:00,1541.25,1541.50,1541.00,1541.25,688
2008-01-07 07:37:00,1541.25,1541.50,1541.25,1541.50,209
2008-01-07 07:38:00,1541.50,1541.50,1541.25,1541.25,61
2008-01-07 07:39:00,1541.25,1541.50,1541.00,1541.25,298
2008-01-07 07:40:00,1541.25,1541.50,1541.00,1541.25,186
2008-01-07 07:41:00,1541.25,1541.25,1541.00,1541.00,171
2008-01-07 07:42:00,1541.25,1541.25,1540.75,1541.00,143
2008-01-07 07:43:00,1540.75,1540.75,1540.00,1540.00,489
2008-01-07 07:44:00,1540.00,1540.25,1539.50,1539.75,916
2008-01-07 07:45:00,1539.75,1540.00,1539.50,1540.00,529
2008-01-07 07:46:00,1539.75,1540.00,1539.75,1539.75,237
2008-01-07 07:47:00,1539.75,1540.25,1539.75,1540.25,193
2008-01-07 07:48:00,1540.25,1540.25,1539.75,1540.00,276
2008-01-07 07:49:00,1540.00,1540.00,1539.50,1540.00,334
2008-01-07 07:50:00,1540.00,1540.00,1539.50,1539.50,261
2008-01-07 07:51:00,1539.75,1540.00,1539.75,1540.00,295
2008-01-07 07:52:00,1540.00,1540.25,1539.75,1540.25,318
2008-01-07 07:53:00,1540.25,1540.25,1539.75,1540.00,258
2008-01-07 07:54:00,1540.00,1540.00,1539.75,1539.75,145
2008-01-07 07:55:00,1539.75,1540.00,1539.75,1540.00,31
2008-01-07 07:56:00,1540.00,1540.75,1540.00,1540.75,447
2008-01-07 07:57:00,1540.75,1540.75,1540.00,1540.00,442
2008-01-07 07:58:00,1540.00,1540.50,1540.00,1540.50,222
2008-01-07 07:59:00,1540.50,1541.00,1540.50,1540.75,489
2008-01-07 08:00:00,1540.75,1541.75,1540.50,1541.50,657
2008-01-07 08:01:00,1541.50,1542.25,1541.00,1541.25,1182
2008-01-07 08:02:00,1541.50,1542.00,1541.25,1541.75,336
2008-01-07 08:03:00,1541.75,1541.75,1541.00,1541.00,891
2008-01-07 08:04:00,1541.00,1541.00,1540.75,1541.00,218
2008-01-07 08:05:00,1541.00,1541.25,1540.75,1540.75,187
2008-01-07 08:06:00,1540.75,1541.00,1540.75,1541.00,137
2008-01-07 08:07:00,1541.25,1541.25,1540.75,1541.00,131
2008-01-07 08:08:00,1541.00,1541.25,1540.75,1541.00,234
2008-01-07 08:09:00,1541.25,1541.25,1541.00,1541.00,443
2008-01-07 08:10:00,1541.25,1541.25,1540.50,1540.50,421
2008-01-07 08:11:00,1540.50,1540.75,1540.25,1540.50,130
2008-01-07 08:12:00,1540.75,1540.75,1540.25,1540.75,360
2008-01-07 08:13:00,1540.75,1541.25,1540.75,1541.25,193
2008-01-07 08:14:00,1541.00,1541.25,1540.50,1541.00,347
2008-01-07 08:15:00,1540.75,1540.75,1540.75,1540.75,16
2008-01-07 08:16:00,1540.75,1540.75,1540.75,1540.75,157
2008-01-07 08:17:00,1540.75,1541.25,1540.75,1541.00,282
2008-01-07 08:18:00,1541.00,1541.00,1540.75,1540.75,162
2008-01-07 08:19:00,1540.75,1540.75,1540.50,1540.75,446
2008-01-07 08:20:00,1540.75,1541.00,1540.50,1541.00,310
2008-01-07 08:21:00,1540.75,1541.25,1540.75,1541.00,175
2008-01-07 08:22:00,1541.00,1541.00,1540.00,1540.25,1230
2008-01-07 08:23:00,1540.25,1540.75,1540.25,1540.75,484
2008-01-07 08:24:00,1540.75,1540.75,1540.50,1540.50,319
2008-01-07 08:25:00,1540.50,1540.75,1540.50,1540.50,124
2008-01-07 08:26:00,1540.50,1541.00,1540.50,1541.00,317
2008-01-07 08:27:00,1541.00,1541.00,1540.75,1540.75,419
2008-01-07 08:28:00,1540.75,1541.00,1540.50,1541.00,384
2008-01-07 08:29:00,1541.00,1541.25,1540.75,1540.75,305
2008-01-07 08:30:00,1541.00,1541.25,1540.50,1541.25,478
2008-01-07 08:31:00,1541.00,1541.75,1541.00,1541.25,446
2008-01-07 08:32:00,1541.00,1541.75,1541.00,1541.75,705
2008-01-07 08:33:00,1541.75,1541.75,1541.25,1541.75,276
2008-01-07 08:34:00,1541.75,1541.75,1541.25,1541.75,294
2008-01-07 08:35:00,1541.75,1542.00,1541.50,1542.00,274
2008-01-07 08:36:00,1542.00,1542.00,1541.75,1541.75,200
2008-01-07 08:37:00,1541.50,1542.00,1541.50,1541.75,463
2008-01-07 08:38:00,1542.00,1542.25,1541.75,1541.75,154
2008-01-07 08:39:00,1541.75,1542.25,1541.75,1542.00,438
2008-01-07 08:40:00,1542.00,1542.25,1542.00,1542.25,334
2008-01-07 08:41:00,1542.25,1542.25,1541.50,1541.50,992
2008-01-07 08:42:00,1541.75,1542.00,1541.50,1542.00,633
2008-01-07 08:43:00,1541.75,1542.00,1541.75,1541.75,151
2008-01-07 08:44:00,1542.00,1542.00,1541.25,1541.75,926
2008-01-07 08:45:00,1542.00,1542.00,1541.50,1541.50,217
2008-01-07 08:46:00,1541.75,1541.75,1541.50,1541.50,519
2008-01-07 08:47:00,1541.50,1541.50,1541.25,1541.50,670
2008-01-07 08:48:00,1541.50,1541.75,1541.00,1541.75,1858
2008-01-07 08:49:00,1541.50,1541.75,1541.25,1541.50,189
2008-01-07 08:50:00,1541.50,1541.50,1540.50,1540.50,1834
2008-01-07 08:51:00,1540.50,1540.75,1540.50,1540.75,1002
2008-01-07 08:52:00,1540.75,1541.25,1540.75,1541.00,910
2008-01-07 08:53:00,1541.00,1541.25,1540.75,1541.00,576
2008-01-07 08:54:00,1541.00,1541.00,1541.00,1541.00,110
2008-01-07 08:55:00,1541.00,1541.50,1541.00,1541.25,469
2008-01-07 08:56:00,1541.25,1541.50,1541.00,1541.25,760
2008-01-07 08:57:00,1541.25,1541.50,1541.00,1541.00,520
2008-01-07 08:58:00,1541.00,1541.25,1540.75,1541.25,472
2008-01-07 08:59:00,1541.25,1541.25,1541.00,1541.00,381
2008-01-07 09:00:00,1540.75,1541.25,1540.75,1541.00,819
2008-01-07 09:01:00,1541.00,1541.00,1541.00,1541.00,232
2008-01-07 09:02:00,1541.00,1541.00,1540.75,1541.00,473
2008-01-07 09:03:00,1541.00,1541.00,1540.50,1540.75,585
2008-01-07 09:04:00,1540.50,1541.00,1540.50,1540.75,545
2008-01-07 09:05:00,1540.75,1541.00,1540.75,1540.75,121
2008-01-07 09:06:00,1540.75,1541.00,1540.75,1541.00,368
2008-01-07 09:07:00,1541.00,1541.25,1541.00,1541.00,77
2008-01-07 09:08:00,1541.25,1541.25,1541.00,1541.00,290
2008-01-07 09:09:00,1541.00,1541.00,1540.75,1541.00,399
2008-01-07 09:10:00,1541.00,1541.50,1541.00,1541.25,450
2008-01-07 09:11:00,1541.25,1541.50,1541.00,1541.00,114
2008-01-07 09:12:00,1541.00,1541.50,1541.00,1541.50,507
2008-01-07 09:13:00,1541.50,1541.50,1541.25,1541.50,383
2008-01-07 09:14:00,1541.50,1541.75,1541.00,1541.00,454
2008-01-07 09:15:00,1541.00,1541.25,1541.00,1541.25,523
2008-01-07 09:16:00,1541.25,1541.50,1540.75,1541.25,820
2008-01-07 09:17:00,1541.25,1541.25,1540.75,1540.75,147
2008-01-07 09:18:00,1541.00,1541.00,1540.75,1540.75,83
2008-01-07 09:19:00,1540.75,1541.25,1540.50,1541.00,699
2008-01-07 09:20:00,1541.00,1541.00,1540.75,1541.00,195
2008-01-07 09:21:00,1540.75,1541.25,1540.50,1540.50,668
2008-01-07 09:22:00,1540.50,1540.75,1540.50,1540.50,1155
2008-01-07 09:23:00,1540.50,1540.75,1539.75,1540.00,1171
2008-01-07 09:24:00,1539.75,1539.75,1539.00,1539.50,1562
2008-01-07 09:25:00,1539.50,1539.75,1539.00,1539.25,743
2008-01-07 09:26:00,1539.25,1539.50,1539.00,1539.25,740
2008-01-07 09:27:00,1539.25,1539.25,1538.75,1539.00,686
2008-01-07 09:28:00,1539.00,1539.00,1538.50,1539.00,2004
2008-01-07 09:29:00,1538.75,1539.25,1538.50,1539.00,2213
2008-01-07 09:30:00,1539.25,1539.50,1538.00,1538.50,10989
2008-01-07 09:31:00,1538.25,1539.25,1538.00,1539.25,4653
2008-01-07 09:32:00,1539.00,1540.25,1539.00,1539.50,5864
2008-01-07 09:33:00,1539.25,1539.75,1539.00,1539.50,5576
2008-01-07 09:34:00,1539.50,1539.75,1539.00,1539.25,3254
2008-01-07 09:35:00,1539.00,1539.25,1536.50,1536.75,10304
2008-01-07 09:36:00,1536.75,1536.75,1535.50,1535.75,12115
2008-01-07 09:37:00,1535.75,1536.25,1535.25,1535.50,6763
2008-01-07 09:38:00,1535.50,1535.75,1534.75,1535.00,7711
2008-01-07 09:39:00,1535.00,1536.00,1534.50,1536.00,11723
2008-01-07 09:40:00,1535.75,1537.25,1535.50,1537.00,7335
2008-01-07 09:41:00,1537.00,1537.50,1536.25,1536.50,5038
2008-01-07 09:42:00,1536.75,1537.50,1536.25,1537.25,3747
2008-01-07 09:43:00,1537.25,1538.50,1537.00,1538.25,6790
2008-01-07 09:44:00,1538.50,1538.75,1537.75,1538.50,5943
2008-01-07 09:45:00,1538.50,1541.00,1538.25,1540.75,12298
2008-01-07 09:46:00,1540.75,1541.00,1540.50,1540.75,5811
2008-01-07 09:47:00,1540.50,1541.00,1539.75,1540.00,5307
2008-01-07 09:48:00,1540.00,1541.75,1540.00,1540.50,8292
2008-01-07 09:49:00,1540.50,1541.00,1539.75,1540.50,5931
2008-01-07 09:50:00,1540.50,1541.00,1539.75,1540.75,5767
2008-01-07 09:51:00,1540.75,1541.25,1539.50,1540.00,6922
2008-01-07 09:52:00,1540.00,1540.50,1539.75,1539.75,3198
2008-01-07 09:53:00,1540.00,1540.25,1539.50,1539.75,4235
2008-01-07 09:54:00,1539.75,1540.00,1538.50,1539.00,8226
2008-01-07 09:55:00,1539.25,1539.50,1538.25,1539.25,6137
2008-01-07 09:56:00,1539.25,1540.00,1538.75,1540.00,4774
2008-01-07 09:57:00,1540.00,1540.50,1539.75,1540.00,3881
2008-01-07 09:58:00,1539.75,1540.00,1538.75,1539.25,5750
2008-01-07 09:59:00,1539.50,1539.75,1537.75,1538.00,5398
2008-01-07 10:00:00,1538.00,1538.25,1536.75,1537.00,6781
2008-01-07 10:01:00,1536.75,1537.00,1535.75,1536.25,7296
2008-01-07 10:02:00,1536.25,1537.25,1535.75,1537.00,5872
2008-01-07 10:03:00,1537.00,1537.50,1536.25,1536.25,3421
2008-01-07 10:04:00,1536.50,1536.75,1535.75,1536.25,7038
2008-01-07 10:05:00,1536.00,1537.25,1536.00,1536.50,4508
2008-01-07 10:06:00,1536.50,1536.75,1535.25,1535.75,5583
2008-01-07 10:07:00,1535.50,1537.25,1535.50,1537.00,7647
2008-01-07 10:08:00,1537.00,1537.25,1536.50,1537.00,4639
2008-01-07 10:09:00,1537.00,1537.00,1535.25,1535.75,5093
2008-01-07 10:10:00,1535.75,1536.00,1535.25,1535.75,3688
2008-01-07 10:11:00,1536.00,1536.00,1534.50,1534.50,7956
2008-01-07 10:12:00,1534.75,1534.75,1533.50,1533.75,9688
2008-01-07 10:13:00,1534.00,1534.75,1533.75,1534.25,6102
2008-01-07 10:14:00,1534.25,1534.75,1533.50,1533.50,6886
2008-01-07 10:15:00,1533.75,1533.75,1532.75,1533.25,11565
2008-01-07 10:16:00,1533.25,1533.25,1532.00,1532.25,10607
2008-01-07 10:17:00,1532.25,1532.50,1531.75,1532.25,6167
2008-01-07 10:18:00,1532.25,1532.50,1531.50,1531.75,7636
2008-01-07 10:19:00,1531.50,1531.75,1529.50,1529.75,19968
2008-01-07 10:20:00,1529.75,1529.75,1528.75,1529.25,15733
2008-01-07 10:21:00,1529.25,1529.50,1528.50,1528.50,15337
2008-01-07 10:22:00,1528.50,1529.25,1527.75,1528.75,17552
2008-01-07 10:23:00,1529.00,1530.75,1528.75,1530.25,11546
2008-01-07 10:24:00,1530.25,1531.00,1529.50,1530.25,8239
2008-01-07 10:25:00,1530.25,1530.75,1529.00,1529.50,11672
2008-01-07 10:26:00,1529.50,1530.00,1529.25,1529.50,5344
2008-01-07 10:27:00,1529.50,1529.75,1527.50,1528.50,11462
2008-01-07 10:28:00,1528.25,1529.75,1528.00,1529.50,4954
2008-01-07 10:29:00,1529.50,1529.50,1524.50,1525.50,22812
2008-01-07 10:30:00,1525.50,1527.00,1525.00,1526.75,12312
2008-01-07 10:31:00,1526.75,1527.00,1524.25,1524.50,7845
2008-01-07 10:32:00,1524.50,1524.50,1523.25,1523.50,12271
2008-01-07 10:33:00,1523.50,1524.25,1522.25,1522.75,10539
2008-01-07 10:34:00,1523.00,1524.50,1522.50,1523.75,11377
2008-01-07 10:35:00,1523.75,1524.25,1522.50,1523.25,5219
2008-01-07 10:36:00,1523.50,1525.25,1523.00,1525.00,9815
2008-01-07 10:37:00,1525.00,1526.00,1524.75,1525.25,6314
2008-01-07 10:38:00,1525.50,1526.50,1524.75,1526.50,7689
2008-01-07 10:39:00,1526.50,1527.00,1526.00,1526.50,6800
2008-01-07 10:40:00,1526.75,1527.50,1526.00,1527.25,6499
2008-01-07 10:41:00,1527.50,1528.50,1527.00,1528.00,11348
2008-01-07 10:42:00,1528.00,1529.00,1528.00,1528.00,7231
2008-01-07 10:43:00,1528.00,1529.50,1528.00,1529.00,5534
2008-01-07 10:44:00,1529.00,1529.25,1528.75,1529.00,3983
2008-01-07 10:45:00,1529.00,1529.00,1527.50,1527.50,7024
2008-01-07 10:46:00,1527.50,1528.25,1526.75,1527.75,6441
2008-01-07 10:47:00,1527.75,1528.75,1527.25,1528.25,5604
2008-01-07 10:48:00,1528.25,1528.75,1527.25,1528.00,5492
2008-01-07 10:49:00,1527.75,1528.50,1527.50,1527.75,5625
2008-01-07 10:50:00,1528.00,1529.00,1527.50,1529.00,4193
2008-01-07 10:51:00,1529.00,1530.50,1528.50,1530.25,9664
2008-01-07 10:52:00,1530.25,1530.25,1529.00,1529.25,6429
2008-01-07 10:53:00,1529.25,1529.25,1527.50,1528.25,5483
2008-01-07 10:54:00,1528.25,1529.50,1527.75,1529.00,5441
2008-01-07 10:55:00,1529.00,1529.25,1528.25,1528.50,2467
2008-01-07 10:56:00,1528.25,1528.50,1527.50,1527.75,3682
2008-01-07 10:57:00,1527.75,1527.75,1526.50,1527.25,5040
2008-01-07 10:58:00,1527.00,1528.25,1526.75,1528.00,3471
2008-01-07 10:59:00,1528.25,1528.25,1527.25,1527.50,1625
2008-01-07 11:00:00,1527.75,1529.50,1527.50,1529.50,6434
2008-01-07 11:01:00,1529.25,1531.00,1528.75,1531.00,8100
2008-01-07 11:02:00,1530.75,1531.50,1530.50,1531.25,8624
2008-01-07 11:03:00,1531.00,1531.25,1530.25,1530.75,4551
2008-01-07 11:04:00,1530.75,1530.75,1529.75,1530.00,3876
2008-01-07 11:05:00,1530.25,1531.25,1530.00,1531.00,3057
2008-01-07 11:06:00,1531.00,1531.50,1530.00,1530.00,4151
2008-01-07 11:07:00,1530.00,1531.00,1529.25,1530.50,4684
2008-01-07 11:08:00,1530.75,1531.00,1529.75,1530.75,3828
2008-01-07 11:09:00,1531.00,1532.50,1531.00,1531.50,10902
2008-01-07 11:10:00,1531.75,1532.50,1531.50,1532.00,6266
2008-01-07 11:11:00,1532.25,1533.00,1531.00,1533.00,9816
2008-01-07 11:12:00,1533.00,1533.00,1531.75,1532.00,4784
2008-01-07 11:13:00,1532.25,1532.25,1531.25,1531.75,3490
2008-01-07 11:14:00,1531.75,1533.00,1531.25,1532.50,6872
2008-01-07 11:15:00,1532.75,1533.50,1532.00,1533.50,5828
2008-01-07 11:16:00,1533.25,1534.25,1533.25,1534.25,10344
2008-01-07 11:17:00,1534.25,1534.25,1533.25,1533.50,4736
2008-01-07 11:18:00,1533.75,1534.00,1533.00,1533.25,3434
2008-01-07 11:19:00,1533.25,1533.25,1532.00,1532.50,5084
2008-01-07 11:20:00,1532.50,1533.50,1532.25,1533.25,3686
2008-01-07 11:21:00,1533.25,1533.25,1532.00,1532.00,3074
2008-01-07 11:22:00,1532.00,1532.25,1531.50,1531.75,3851
2008-01-07 11:23:00,1531.75,1532.25,1531.25,1532.00,2422
2008-01-07 11:24:00,1532.00,1532.75,1531.75,1532.50,1987
2008-01-07 11:25:00,1532.50,1532.75,1531.25,1531.50,4684
2008-01-07 11:26:00,1531.25,1531.50,1530.75,1531.00,3476
2008-01-07 11:27:00,1531.00,1532.00,1530.75,1531.75,1791
2008-01-07 11:28:00,1531.75,1533.00,1531.75,1532.50,3959
2008-01-07 11:29:00,1532.75,1534.00,1532.50,1533.50,5450
2008-01-07 11:30:00,1533.50,1533.75,1532.50,1533.50,5024
2008-01-07 11:31:00,1533.50,1535.00,1533.50,1534.50,10567
2008-01-07 11:32:00,1534.50,1536.50,1534.25,1536.50,13821
2008-01-07 11:33:00,1536.50,1537.25,1536.25,1537.25,6228
2008-01-07 11:34:00,1537.25,1538.25,1537.00,1538.00,11263
2008-01-07 11:35:00,1538.00,1538.25,1537.00,1537.75,6362
2008-01-07 11:36:00,1537.50,1539.25,1537.25,1538.25,9547
2008-01-07 11:37:00,1538.25,1538.25,1537.50,1537.75,4865
2008-01-07 11:38:00,1537.50,1538.00,1536.75,1537.00,4213
2008-01-07 11:39:00,1536.75,1537.25,1536.25,1536.75,5256
2008-01-07 11:40:00,1536.75,1537.50,1536.50,1537.50,3042
2008-01-07 11:41:00,1537.50,1537.50,1536.50,1536.50,1933
2008-01-07 11:42:00,1536.75,1538.25,1536.25,1538.00,3122
2008-01-07 11:43:00,1538.00,1539.00,1537.50,1538.75,7515
2008-01-07 11:44:00,1538.75,1539.25,1538.25,1539.00,6780
2008-01-07 11:45:00,1539.00,1540.00,1538.50,1539.50,10331
2008-01-07 11:46:00,1539.50,1540.00,1539.00,1539.00,5298
2008-01-07 11:47:00,1539.00,1539.50,1537.50,1537.50,4511
2008-01-07 11:48:00,1537.50,1538.25,1537.50,1538.00,2823
2008-01-07 11:49:00,1537.75,1538.00,1537.25,1537.25,4367
2008-01-07 11:50:00,1537.25,1538.25,1537.25,1538.00,3817
2008-01-07 11:51:00,1538.00,1538.75,1537.75,1538.00,3101
2008-01-07 11:52:00,1538.00,1538.00,1536.75,1536.75,2654
2008-01-07 11:53:00,1536.75,1537.50,1536.50,1537.00,5009
2008-01-07 11:54:00,1537.25,1537.75,1536.75,1537.00,4306
2008-01-07 11:55:00,1537.00,1537.50,1536.50,1536.75,5537
2008-01-07 11:56:00,1536.50,1537.50,1536.00,1537.25,5017
2008-01-07 11:57:00,1537.25,1537.50,1536.25,1536.75,3401
2008-01-07 11:58:00,1536.75,1537.75,1536.00,1537.75,2828
2008-01-07 11:59:00,1537.75,1537.75,1537.00,1537.25,2038
2008-01-07 12:00:00,1537.25,1537.25,1535.75,1536.00,3303
2008-01-07 12:01:00,1536.25,1536.75,1536.00,1536.00,2494
2008-01-07 12:02:00,1536.00,1537.25,1535.75,1536.75,2795
2008-01-07 12:03:00,1536.75,1538.50,1536.50,1537.75,4590
2008-01-07 12:04:00,1537.75,1537.75,1536.50,1537.50,2810
2008-01-07 12:05:00,1537.50,1537.50,1536.50,1536.75,1892
2008-01-07 12:06:00,1536.75,1536.75,1535.50,1535.50,4772
2008-01-07 12:07:00,1535.75,1535.75,1535.00,1535.25,3924
2008-01-07 12:08:00,1535.25,1535.25,1534.25,1534.25,5419
2008-01-07 12:09:00,1534.50,1535.25,1533.75,1533.75,6290
2008-01-07 12:10:00,1534.00,1534.50,1533.50,1533.75,4663
2008-01-07 12:11:00,1533.75,1534.25,1533.50,1533.75,2194
2008-01-07 12:12:00,1534.00,1534.75,1533.50,1534.25,2981
2008-01-07 12:13:00,1534.50,1535.75,1534.00,1535.00,4256
2008-01-07 12:14:00,1535.25,1535.75,1534.75,1535.00,1842
2008-01-07 12:15:00,1535.00,1535.00,1533.25,1533.50,3960
2008-01-07 12:16:00,1533.25,1533.50,1531.50,1532.75,15783
2008-01-07 12:17:00,1532.75,1534.00,1532.75,1533.75,2607
2008-01-07 12:18:00,1533.50,1534.75,1533.50,1534.25,2562
2008-01-07 12:19:00,1534.50,1534.75,1534.00,1534.50,1481
2008-01-07 12:20:00,1534.50,1535.00,1534.50,1534.50,1085
2008-01-07 12:21:00,1534.50,1534.75,1533.75,1534.00,1838
2008-01-07 12:22:00,1534.25,1534.75,1534.00,1534.50,1508
2008-01-07 12:23:00,1534.25,1536.75,1534.25,1536.50,6495
2008-01-07 12:24:00,1536.25,1537.00,1535.75,1536.75,3159
2008-01-07 12:25:00,1537.00,1537.75,1536.25,1537.75,3357
2008-01-07 12:26:00,1537.75,1538.00,1537.25,1537.75,2524
2008-01-07 12:27:00,1537.75,1539.00,1537.75,1538.50,7781
2008-01-07 12:28:00,1538.25,1538.50,1537.75,1538.00,1761
2008-01-07 12:29:00,1538.00,1538.00,1537.00,1537.25,2147
2008-01-07 12:30:00,1537.25,1538.75,1537.25,1538.50,4250
2008-01-07 12:31:00,1538.50,1539.00,1538.00,1538.25,2315
2008-01-07 12:32:00,1538.25,1538.50,1537.75,1538.00,2445
2008-01-07 12:33:00,1538.00,1538.50,1537.50,1538.25,1261
2008-01-07 12:34:00,1538.50,1540.00,1538.25,1539.75,6952
2008-01-07 12:35:00,1539.75,1540.75,1539.75,1540.00,6129
2008-01-07 12:36:00,1540.25,1540.25,1538.75,1539.25,4826
2008-01-07 12:37:00,1539.25,1540.00,1538.00,1540.00,3837
2008-01-07 12:38:00,1540.00,1540.75,1539.50,1540.75,4823
2008-01-07 12:39:00,1540.75,1541.00,1540.00,1540.00,3793
2008-01-07 12:40:00,1540.25,1541.25,1538.50,1538.75,8213
2008-01-07 12:41:00,1538.50,1538.75,1537.50,1538.50,8651
2008-01-07 12:42:00,1538.50,1539.50,1537.75,1538.00,4558
2008-01-07 12:43:00,1537.75,1538.75,1537.75,1538.50,980
2008-01-07 12:44:00,1538.50,1538.75,1538.00,1538.25,1770
2008-01-07 12:45:00,1538.25,1538.50,1538.00,1538.00,798
2008-01-07 12:46:00,1537.75,1538.25,1537.50,1538.00,2783
2008-01-07 12:47:00,1538.00,1539.25,1538.00,1538.75,2613
2008-01-07 12:48:00,1538.75,1539.00,1538.25,1538.75,1158
2008-01-07 12:49:00,1538.50,1540.25,1538.50,1540.25,3770
2008-01-07 12:50:00,1540.25,1542.25,1539.50,1542.25,13654
2008-01-07 12:51:00,1542.25,1543.25,1541.50,1543.25,7360
2008-01-07 12:52:00,1543.25,1543.75,1543.00,1543.25,8539
2008-01-07 12:53:00,1543.25,1543.25,1542.25,1543.00,5769
2008-01-07 12:54:00,1543.00,1543.50,1542.50,1543.00,2360
2008-01-07 12:55:00,1543.25,1543.25,1541.50,1542.25,4909
2008-01-07 12:56:00,1542.00,1542.00,1541.50,1542.00,1865
2008-01-07 12:57:00,1542.00,1542.25,1541.00,1541.25,2437
2008-01-07 12:58:00,1541.25,1542.50,1541.25,1542.25,2302
2008-01-07 12:59:00,1542.25,1543.25,1541.50,1541.75,4255
2008-01-07 13:00:00,1541.75,1542.00,1541.00,1541.75,2568
2008-01-07 13:01:00,1541.50,1541.75,1541.00,1541.75,2200
2008-01-07 13:02:00,1541.75,1541.75,1540.50,1541.00,3106
2008-01-07 13:03:00,1541.00,1541.00,1540.50,1540.50,1564
2008-01-07 13:04:00,1540.50,1541.00,1540.25,1541.00,1420
2008-01-07 13:05:00,1540.75,1541.50,1539.25,1539.50,5060
2008-01-07 13:06:00,1539.75,1539.75,1539.25,1539.50,1846
2008-01-07 13:07:00,1539.75,1540.25,1539.25,1540.00,2481
2008-01-07 13:08:00,1540.00,1541.00,1539.75,1541.00,2259
2008-01-07 13:09:00,1540.75,1541.00,1540.25,1540.75,2290
2008-01-07 13:10:00,1541.00,1541.00,1540.00,1540.50,2583
2008-01-07 13:11:00,1540.50,1542.00,1540.50,1540.50,2588
2008-01-07 13:12:00,1540.50,1540.50,1539.50,1540.25,3400
2008-01-07 13:13:00,1540.00,1540.00,1538.25,1538.75,4764
2008-01-07 13:14:00,1539.00,1539.75,1538.75,1539.25,1952
2008-01-07 13:15:00,1539.25,1539.75,1539.00,1539.75,631
2008-01-07 13:16:00,1539.75,1539.75,1539.25,1539.50,468
2008-01-07 13:17:00,1539.50,1540.75,1539.25,1540.50,3952
2008-01-07 13:18:00,1540.50,1541.25,1540.25,1541.00,1527
2008-01-07 13:19:00,1541.00,1542.00,1540.75,1541.75,3348
2008-01-07 13:20:00,1541.50,1541.75,1540.25,1540.25,2621
2008-01-07 13:21:00,1540.50,1541.25,1540.00,1541.00,1629
2008-01-07 13:22:00,1541.25,1541.50,1540.75,1541.25,1150
2008-01-07 13:23:00,1541.25,1542.00,1541.00,1541.50,1956
2008-01-07 13:24:00,1541.50,1541.75,1540.50,1540.50,1971
2008-01-07 13:25:00,1540.50,1541.00,1540.00,1540.50,1111
2008-01-07 13:26:00,1540.25,1540.25,1539.25,1539.75,2608
2008-01-07 13:27:00,1539.75,1540.00,1538.75,1539.25,2740
2008-01-07 13:28:00,1539.00,1539.50,1538.75,1539.25,2202
2008-01-07 13:29:00,1539.25,1540.50,1539.00,1539.75,1810
2008-01-07 13:30:00,1539.75,1539.75,1537.50,1538.00,6518
2008-01-07 13:31:00,1538.00,1538.75,1537.75,1538.25,2898
2008-01-07 13:32:00,1538.25,1539.25,1538.25,1538.75,1194
2008-01-07 13:33:00,1538.75,1539.25,1538.25,1539.25,2129
2008-01-07 13:34:00,1539.25,1540.75,1539.00,1539.50,2940
2008-01-07 13:35:00,1539.50,1540.00,1539.00,1539.00,1873
2008-01-07 13:36:00,1539.00,1539.50,1538.25,1539.25,2629
2008-01-07 13:37:00,1539.00,1539.75,1538.25,1538.50,1595
2008-01-07 13:38:00,1538.50,1539.25,1538.25,1538.50,973
2008-01-07 13:39:00,1538.25,1539.25,1537.75,1538.75,1626
2008-01-07 13:40:00,1539.00,1539.25,1538.00,1538.00,643
2008-01-07 13:41:00,1538.00,1538.25,1536.75,1536.75,5307
2008-01-07 13:42:00,1537.00,1537.00,1535.75,1535.75,6128
2008-01-07 13:43:00,1535.75,1536.00,1535.00,1535.50,7843
2008-01-07 13:44:00,1535.50,1536.00,1534.25,1534.25,5531
2008-01-07 13:45:00,1534.25,1535.00,1533.75,1534.00,4255
2008-01-07 13:46:00,1533.75,1534.50,1533.25,1533.50,5656
2008-01-07 13:47:00,1533.50,1534.00,1533.25,1533.75,4841
2008-01-07 13:48:00,1533.75,1535.00,1533.50,1535.00,3793
2008-01-07 13:49:00,1535.00,1535.00,1534.25,1534.75,2156
2008-01-07 13:50:00,1534.75,1535.00,1533.50,1534.00,5060
2008-01-07 13:51:00,1534.00,1535.25,1533.75,1534.75,2854
2008-01-07 13:52:00,1534.75,1534.75,1533.25,1534.00,4120
2008-01-07 13:53:00,1534.00,1535.00,1533.50,1534.00,4602
2008-01-07 13:54:00,1533.75,1534.00,1532.50,1533.25,8510
2008-01-07 13:55:00,1533.00,1534.50,1533.00,1534.25,3333
2008-01-07 13:56:00,1534.00,1534.25,1533.00,1533.00,2439
2008-01-07 13:57:00,1533.00,1534.75,1533.00,1534.00,2761
2008-01-07 13:58:00,1534.00,1536.00,1533.75,1536.00,5093
2008-01-07 13:59:00,1536.00,1536.00,1534.25,1534.75,2609
2008-01-07 14:00:00,1534.75,1536.25,1534.75,1536.00,3941
2008-01-07 14:01:00,1536.00,1536.00,1534.00,1534.50,3624
2008-01-07 14:02:00,1534.25,1534.50,1532.75,1533.00,7069
2008-01-07 14:03:00,1533.00,1533.00,1530.75,1531.50,11287
2008-01-07 14:04:00,1531.50,1531.50,1530.50,1531.00,5824
2008-01-07 14:05:00,1531.00,1531.50,1530.00,1531.00,7639
2008-01-07 14:06:00,1531.00,1531.75,1530.00,1531.00,6329
2008-01-07 14:07:00,1531.00,1531.75,1530.00,1530.25,4234
2008-01-07 14:08:00,1530.50,1530.75,1529.50,1529.50,6733
2008-01-07 14:09:00,1529.50,1529.75,1528.75,1529.75,6793
2008-01-07 14:10:00,1529.50,1529.75,1528.50,1528.75,6463
2008-01-07 14:11:00,1528.75,1529.75,1528.50,1529.00,6902
2008-01-07 14:12:00,1529.00,1530.25,1529.00,1530.00,2129
2008-01-07 14:13:00,1530.00,1530.75,1529.25,1529.25,3904
2008-01-07 14:14:00,1529.50,1530.75,1529.25,1529.50,3197
2008-01-07 14:15:00,1529.25,1530.25,1529.25,1530.00,2637
2008-01-07 14:16:00,1530.00,1531.00,1530.00,1530.50,2581
2008-01-07 14:17:00,1530.50,1531.25,1529.75,1530.75,2767
2008-01-07 14:18:00,1530.50,1532.25,1530.25,1532.25,6478
2008-01-07 14:19:00,1532.25,1532.25,1530.00,1531.00,7146
2008-01-07 14:20:00,1531.00,1531.50,1529.75,1530.25,3664
2008-01-07 14:21:00,1530.25,1531.25,1529.75,1531.25,1943
2008-01-07 14:22:00,1531.00,1531.00,1530.00,1530.75,3698
2008-01-07 14:23:00,1530.50,1530.75,1529.50,1530.50,3544
2008-01-07 14:24:00,1530.50,1531.50,1530.00,1531.00,3706
2008-01-07 14:25:00,1531.25,1531.25,1530.25,1530.75,2373
2008-01-07 14:26:00,1530.75,1531.00,1529.00,1529.75,6553
2008-01-07 14:27:00,1529.75,1529.75,1527.50,1528.25,6977
2008-01-07 14:28:00,1528.25,1530.00,1528.00,1529.25,5330
2008-01-07 14:29:00,1529.25,1530.25,1528.50,1529.50,3955
2008-01-07 14:30:00,1529.50,1530.75,1529.00,1530.75,3368
2008-01-07 14:31:00,1530.75,1530.75,1530.00,1530.25,2765
2008-01-07 14:32:00,1530.25,1530.75,1530.00,1530.50,1262
2008-01-07 14:33:00,1530.25,1531.75,1530.25,1531.75,5533
2008-01-07 14:34:00,1531.75,1532.50,1531.75,1532.00,5300
2008-01-07 14:35:00,1532.25,1532.25,1531.75,1531.75,2324
2008-01-07 14:36:00,1531.50,1532.00,1531.00,1531.00,2973
2008-01-07 14:37:00,1531.00,1531.50,1530.50,1531.00,2449
2008-01-07 14:38:00,1531.25,1533.75,1531.00,1533.00,7840
2008-01-07 14:39:00,1533.00,1533.75,1532.75,1533.50,2891
2008-01-07 14:40:00,1533.50,1535.00,1533.50,1534.25,6600
2008-01-07 14:41:00,1534.25,1536.00,1534.00,1534.75,7668
2008-01-07 14:42:00,1534.75,1535.00,1533.00,1534.00,9402
2008-01-07 14:43:00,1533.75,1534.00,1532.50,1533.00,4802
2008-01-07 14:44:00,1533.00,1533.75,1532.75,1532.75,2266
2008-01-07 14:45:00,1532.75,1533.25,1531.25,1531.25,5318
2008-01-07 14:46:00,1531.25,1533.00,1531.25,1532.50,3401
2008-01-07 14:47:00,1532.50,1532.50,1531.50,1531.75,2990
2008-01-07 14:48:00,1531.75,1532.00,1530.50,1530.50,3724
2008-01-07 14:49:00,1530.75,1530.75,1529.00,1529.75,5036
2008-01-07 14:50:00,1530.00,1531.25,1529.75,1530.75,3556
2008-01-07 14:51:00,1531.00,1531.00,1528.50,1528.75,3127
2008-01-07 14:52:00,1528.50,1529.50,1527.75,1528.00,6545
2008-01-07 14:53:00,1528.00,1528.25,1527.00,1527.75,8662
2008-01-07 14:54:00,1527.75,1528.00,1526.50,1527.25,6717
2008-01-07 14:55:00,1527.25,1527.25,1525.50,1526.00,11078
2008-01-07 14:56:00,1526.00,1526.50,1525.25,1526.00,5433
2008-01-07 14:57:00,1526.25,1526.25,1525.25,1525.50,4089
2008-01-07 14:58:00,1525.50,1527.75,1525.50,1527.50,4512
2008-01-07 14:59:00,1527.50,1530.50,1526.75,1530.25,15903
2008-01-07 15:00:00,1530.50,1531.00,1529.25,1529.75,5956
2008-01-07 15:01:00,1529.75,1530.50,1529.25,1529.50,5996
2008-01-07 15:02:00,1529.50,1531.75,1529.50,1531.00,5643
2008-01-07 15:03:00,1531.00,1531.00,1530.25,1531.00,1406
2008-01-07 15:04:00,1530.75,1532.25,1530.50,1530.75,5204
2008-01-07 15:05:00,1530.75,1531.25,1530.50,1531.00,1758
2008-01-07 15:06:00,1531.00,1531.75,1529.50,1529.50,4367
2008-01-07 15:07:00,1529.50,1529.75,1528.50,1528.75,5434
2008-01-07 15:08:00,1529.00,1530.50,1528.75,1529.75,5627
2008-01-07 15:09:00,1529.75,1530.25,1528.50,1529.00,4283
2008-01-07 15:10:00,1529.00,1531.00,1528.50,1530.75,4411
2008-01-07 15:11:00,1530.75,1531.00,1530.00,1530.25,3073
2008-01-07 15:12:00,1530.50,1530.50,1528.75,1529.75,2097
2008-01-07 15:13:00,1529.75,1530.50,1527.00,1527.25,7082
2008-01-07 15:14:00,1527.00,1527.75,1526.50,1527.25,8449
2008-01-07 15:15:00,1527.25,1527.50,1526.00,1526.75,5436
2008-01-07 15:16:00,1527.00,1527.50,1525.75,1527.00,5523
2008-01-07 15:17:00,1527.00,1528.25,1526.75,1528.25,3765
2008-01-07 15:18:00,1528.25,1529.25,1528.00,1528.00,5273
2008-01-07 15:19:00,1528.00,1529.00,1527.75,1528.75,3085
2008-01-07 15:20:00,1529.00,1530.25,1529.00,1529.50,7927
2008-01-07 15:21:00,1529.25,1530.50,1528.75,1529.25,4831
2008-01-07 15:22:00,1529.25,1530.25,1528.50,1529.50,3966
2008-01-07 15:23:00,1529.50,1529.75,1528.50,1529.00,2366
2008-01-07 15:24:00,1529.00,1529.25,1528.50,1528.50,1713
2008-01-07 15:25:00,1528.50,1529.75,1528.25,1528.75,3419
2008-01-07 15:26:00,1528.75,1529.00,1528.50,1528.75,1139
2008-01-07 15:27:00,1528.75,1529.00,1527.00,1527.50,6590
2008-01-07 15:28:00,1527.50,1528.50,1527.00,1528.00,5350
2008-01-07 15:29:00,1528.00,1528.75,1527.50,1527.75,2638
2008-01-07 15:30:00,1527.50,1529.00,1527.50,1527.75,3045
2008-01-07 15:31:00,1527.75,1527.75,1526.75,1527.25,4265
2008-01-07 15:32:00,1527.25,1528.25,1526.75,1527.75,4875
2008-01-07 15:33:00,1527.75,1528.50,1527.50,1527.75,1964
2008-01-07 15:34:00,1527.75,1527.75,1526.50,1527.75,3761
2008-01-07 15:35:00,1527.75,1528.00,1526.75,1526.75,3281
2008-01-07 15:36:00,1526.75,1527.50,1525.75,1526.75,6764
2008-01-07 15:37:00,1526.75,1527.50,1526.50,1526.75,2588
2008-01-07 15:38:00,1527.00,1527.00,1524.25,1524.50,13853
2008-01-07 15:39:00,1524.50,1524.75,1523.75,1524.00,8056
2008-01-07 15:40:00,1524.25,1525.25,1523.25,1525.25,11016
2008-01-07 15:41:00,1525.25,1526.50,1525.00,1525.25,8654
2008-01-07 15:42:00,1525.25,1526.25,1524.50,1524.75,5034
2008-01-07 15:43:00,1524.50,1526.75,1524.50,1526.25,6609
2008-01-07 15:44:00,1526.50,1528.50,1526.25,1528.00,7952
2008-01-07 15:45:00,1528.00,1529.25,1527.00,1529.25,5347
2008-01-07 15:46:00,1529.00,1530.25,1528.50,1530.00,5140
2008-01-07 15:47:00,1530.25,1530.75,1529.50,1530.00,5513
2008-01-07 15:48:00,1530.25,1532.25,1530.25,1532.00,7079
2008-01-07 15:49:00,1531.75,1534.50,1531.75,1534.00,15319
2008-01-07 15:50:00,1534.00,1534.50,1533.50,1533.50,8214
2008-01-07 15:51:00,1533.50,1534.25,1532.50,1534.00,5366
2008-01-07 15:52:00,1533.75,1536.75,1533.75,1536.50,10974
2008-01-07 15:53:00,1536.50,1538.75,1536.00,1538.25,13031
2008-01-07 15:54:00,1538.50,1538.50,1536.50,1536.75,10311
2008-01-07 15:55:00,1536.75,1536.75,1535.25,1536.25,9756
2008-01-07 15:56:00,1536.50,1536.50,1535.25,1535.75,7600
2008-01-07 15:57:00,1535.75,1536.25,1534.25,1534.50,9294
2008-01-07 15:58:00,1534.75,1535.75,1534.25,1535.75,9524
2008-01-07 15:59:00,1535.50,1536.50,1535.25,1536.25,20318
2008-01-07 16:00:00,1536.25,1536.75,1535.25,1535.75,19876
2008-01-07 16:01:00,1535.75,1536.50,1535.75,1536.50,8713
2008-01-07 16:02:00,1536.50,1537.00,1536.25,1536.75,4077
2008-01-07 16:03:00,1536.50,1537.25,1536.50,1536.75,5316
2008-01-07 16:04:00,1536.75,1537.00,1536.00,1536.50,6293
2008-01-07 16:05:00,1536.75,1537.25,1536.75,1537.00,2050
2008-01-07 16:06:00,1537.25,1537.75,1536.75,1537.75,3204
2008-01-07 16:07:00,1537.50,1538.00,1537.50,1537.75,2130
2008-01-07 16:08:00,1537.50,1537.75,1536.50,1536.50,3641
2008-01-07 16:09:00,1536.25,1537.00,1536.25,1536.75,3160
2008-01-07 16:10:00,1536.50,1537.50,1536.25,1536.25,3654
2008-01-07 16:11:00,1536.50,1536.50,1534.75,1535.75,6263
2008-01-07 16:12:00,1535.50,1535.75,1534.50,1535.00,3480
2008-01-07 16:13:00,1534.75,1535.25,1534.50,1535.00,2089
2008-01-07 16:14:00,1534.75,1535.00,1532.75,1533.25,10495
2008-01-07 16:15:00,1533.25,1533.25,1533.25,1533.25,47
2008-01-07 16:30:00,1534.00,1534.50,1533.25,1534.00,1176
2008-01-07 16:31:00,1534.25,1534.25,1533.75,1534.00,549
2008-01-07 16:32:00,1534.25,1534.75,1534.00,1534.25,463
2008-01-07 16:33:00,1534.25,1534.50,1534.25,1534.50,203
2008-01-07 16:34:00,1534.50,1534.75,1534.50,1534.75,100
2008-01-07 16:35:00,1534.75,1534.75,1534.50,1534.50,30
2008-01-07 16:36:00,1534.50,1534.50,1534.50,1534.50,68
2008-01-07 16:37:00,1534.50,1534.50,1534.25,1534.50,111
2008-01-07 16:38:00,1534.50,1534.75,1534.50,1534.50,45
2008-01-07 16:39:00,1534.50,1534.75,1534.50,1534.50,74
2008-01-07 16:40:00,1534.25,1534.25,1534.25,1534.25,186
2008-01-07 16:41:00,1534.25,1534.25,1534.25,1534.25,40
2008-01-07 16:42:00,1534.25,1534.25,1534.25,1534.25,20
2008-01-07 16:43:00,1534.25,1534.25,1534.25,1534.25,2
2008-01-07 16:44:00,1534.25,1534.25,1534.00,1534.00,8
2008-01-07 16:45:00,1534.25,1534.50,1534.25,1534.50,45
2008-01-07 16:46:00,1534.50,1534.50,1534.25,1534.25,14
2008-01-07 16:47:00,1534.25,1534.25,1534.25,1534.25,6
2008-01-07 16:48:00,1534.25,1534.25,1534.00,1534.00,149
2008-01-07 16:49:00,1534.00,1534.00,1534.00,1534.00,53
2008-01-07 16:50:00,1534.00,1534.00,1533.75,1534.00,110
2008-01-07 16:51:00,1534.00,1534.00,1534.00,1534.00,39
2008-01-07 16:52:00,1534.00,1534.00,1534.00,1534.00,87
2008-01-07 16:53:00,1534.00,1534.00,1534.00,1534.00,9
2008-01-07 16:54:00,1534.00,1534.00,1533.75,1533.75,114
2008-01-07 16:55:00,1533.75,1533.75,1533.50,1533.75,296
2008-01-07 16:56:00,1533.75,1533.75,1533.50,1533.50,43
2008-01-07 16:57:00,1533.50,1533.50,1533.25,1533.50,7
2008-01-07 16:58:00,1533.25,1533.75,1533.25,1533.75,105
2008-01-07 16:59:00,1533.50,1534.00,1533.50,1534.00,152
2008-01-07 17:00:00,1534.00,1534.00,1533.75,1533.75,356
2008-01-07 17:01:00,1533.50,1533.75,1533.50,1533.50,332
2008-01-07 17:02:00,1533.50,1533.50,1533.25,1533.50,80
2008-01-07 17:03:00,1533.50,1533.50,1533.50,1533.50,9
2008-01-07 17:04:00,1533.50,1533.50,1533.25,1533.25,152
2008-01-07 17:05:00,1533.25,1533.25,1533.25,1533.25,3
2008-01-07 17:06:00,1533.25,1533.25,1533.25,1533.25,2
2008-01-07 17:07:00,1533.50,1533.50,1533.25,1533.50,58
2008-01-07 17:08:00,1533.50,1533.50,1533.50,1533.50,4
2008-01-07 17:09:00,1533.50,1533.75,1533.50,1533.75,378
2008-01-07 17:10:00,1534.00,1534.00,1533.75,1534.00,42
2008-01-07 17:11:00,1533.75,1533.75,1533.75,1533.75,272
2008-01-07 17:12:00,1533.75,1533.75,1533.75,1533.75,2
2008-01-07 17:13:00,1533.75,1533.75,1533.50,1533.50,42
2008-01-07 17:14:00,1533.50,1533.50,1533.50,1533.50,1
2008-01-07 17:15:00,1533.50,1533.50,1533.25,1533.50,58
2008-01-07 17:16:00,1533.50,1533.50,1533.50,1533.50,6
2008-01-07 17:17:00,1533.50,1533.50,1533.50,1533.50,6
2008-01-07 17:18:00,1533.25,1533.25,1533.25,1533.25,55
2008-01-07 17:20:00,1533.25,1533.25,1533.25,1533.25,76
2008-01-07 17:21:00,1533.50,1533.50,1533.50,1533.50,52
2008-01-07 17:22:00,1533.25,1533.25,1533.00,1533.00,212
2008-01-07 17:23:00,1533.25,1533.25,1533.25,1533.25,23
2008-01-07 17:24:00,1533.25,1533.25,1533.00,1533.00,220
2008-01-07 17:25:00,1533.25,1533.25,1533.00,1533.25,61
2008-01-07 17:26:00,1533.25,1533.25,1532.50,1532.50,386
2008-01-07 17:27:00,1532.50,1532.75,1532.50,1532.75,11
2008-01-07 17:28:00,1532.75,1532.75,1532.75,1532.75,69
2008-01-07 17:29:00,1533.00,1533.00,1532.50,1532.50,581
2008-01-07 18:00:00,1532.50,1532.50,1532.25,1532.50,334
2008-01-07 18:01:00,1532.50,1532.75,1532.50,1532.50,33
2008-01-07 18:02:00,1532.50,1532.50,1532.25,1532.50,17
2008-01-07 18:03:00,1532.50,1532.50,1532.50,1532.50,41
2008-01-07 18:04:00,1532.50,1533.00,1532.50,1533.00,108
2008-01-07 18:05:00,1533.00,1533.00,1533.00,1533.00,51
2008-01-07 18:06:00,1533.00,1533.00,1532.75,1533.00,27
2008-01-07 18:07:00,1533.00,1533.00,1532.75,1533.00,255
2008-01-07 18:08:00,1533.00,1533.00,1532.75,1533.00,60
2008-01-07 18:12:00,1533.00,1533.00,1533.00,1533.00,2
2008-01-07 18:13:00,1533.00,1533.00,1533.00,1533.00,11
2008-01-07 18:14:00,1533.00,1533.00,1533.00,1533.00,3
2008-01-07 18:15:00,1533.00,1533.00,1533.00,1533.00,10
2008-01-07 18:16:00,1533.00,1533.00,1533.00,1533.00,1
2008-01-07 18:17:00,1532.75,1532.75,1532.75,1532.75,6
2008-01-07 18:18:00,1532.75,1532.75,1532.75,1532.75,35
2008-01-07 18:19:00,1532.75,1532.75,1532.50,1532.50,3
2008-01-07 18:20:00,1532.50,1532.75,1532.50,1532.75,143
2008-01-07 18:21:00,1532.50,1532.50,1532.50,1532.50,2
2008-01-07 18:22:00,1532.50,1532.50,1532.50,1532.50,10
2008-01-07 18:23:00,1532.75,1532.75,1532.50,1532.75,6
2008-01-07 18:24:00,1532.75,1532.75,1532.75,1532.75,6
2008-01-07 18:26:00,1532.75,1532.75,1532.75,1532.75,74
2008-01-07 18:28:00,1533.00,1533.00,1532.75,1533.00,71
2008-01-07 18:30:00,1532.75,1533.00,1532.75,1533.00,5
2008-01-07 18:31:00,1533.00,1533.00,1532.75,1532.75,55
2008-01-07 18:32:00,1533.00,1533.00,1533.00,1533.00,2
2008-01-07 18:33:00,1532.75,1532.75,1532.75,1532.75,2
2008-01-07 18:34:00,1532.75,1532.75,1532.75,1532.75,2
2008-01-07 18:35:00,1533.00,1533.00,1532.75,1532.75,21
2008-01-07 18:37:00,1533.00,1533.00,1533.00,1533.00,2
2008-01-07 18:38:00,1532.75,1532.75,1532.75,1532.75,11
2008-01-07 18:40:00,1533.00,1533.00,1532.75,1532.75,3
2008-01-07 18:41:00,1533.00,1533.00,1532.75,1532.75,18
2008-01-07 18:42:00,1533.00,1533.00,1533.00,1533.00,10
2008-01-07 18:43:00,1533.00,1533.00,1533.00,1533.00,40
2008-01-07 18:44:00,1533.00,1533.25,1533.00,1533.25,63
2008-01-07 18:45:00,1533.25,1533.25,1533.25,1533.25,1
2008-01-07 18:46:00,1533.25,1533.25,1533.25,1533.25,2
2008-01-07 18:47:00,1533.25,1533.25,1533.25,1533.25,1
2008-01-07 18:48:00,1533.25,1533.25,1533.00,1533.25,82
2008-01-07 18:49:00,1533.25,1533.25,1533.25,1533.25,26
2008-01-07 18:50:00,1533.00,1533.50,1533.00,1533.50,84
2008-01-07 18:51:00,1533.25,1533.50,1533.25,1533.50,5
2008-01-07 18:52:00,1533.50,1533.50,1533.50,1533.50,59
2008-01-07 18:53:00,1533.50,1533.75,1533.50,1533.75,54
2008-01-07 18:54:00,1533.75,1534.00,1533.75,1533.75,78
2008-01-07 18:55:00,1533.75,1534.00,1533.75,1533.75,64
2008-01-07 18:56:00,1533.75,1534.00,1533.75,1534.00,89
2008-01-07 18:57:00,1534.00,1534.00,1534.00,1534.00,116
2008-01-07 18:58:00,1534.00,1534.00,1534.00,1534.00,72
2008-01-07 18:59:00,1533.75,1534.25,1533.75,1534.25,6
2008-01-07 19:00:00,1534.25,1534.25,1533.75,1534.00,13
2008-01-07 19:01:00,1534.00,1534.25,1533.75,1534.00,159
2008-01-07 19:02:00,1534.00,1534.00,1534.00,1534.00,38
2008-01-07 19:03:00,1534.00,1534.25,1534.00,1534.00,34
2008-01-07 19:04:00,1534.00,1534.00,1534.00,1534.00,67
2008-01-07 19:05:00,1534.00,1534.25,1534.00,1534.00,13
2008-01-07 19:06:00,1534.00,1534.25,1534.00,1534.00,47
2008-01-07 19:07:00,1533.75,1534.00,1533.75,1533.75,42
2008-01-07 19:08:00,1533.75,1534.00,1533.75,1534.00,26
2008-01-07 19:09:00,1534.00,1534.00,1534.00,1534.00,18
2008-01-07 19:10:00,1534.00,1534.25,1534.00,1534.00,124
2008-01-07 19:11:00,1534.25,1534.25,1534.00,1534.25,17
2008-01-07 19:12:00,1534.00,1534.00,1534.00,1534.00,5
2008-01-07 19:13:00,1534.00,1534.00,1534.00,1534.00,50
2008-01-07 19:14:00,1534.00,1534.25,1534.00,1534.00,54
2008-01-07 19:15:00,1534.25,1534.25,1534.00,1534.00,10
2008-01-07 19:16:00,1534.25,1534.25,1534.25,1534.25,53
2008-01-07 19:17:00,1534.25,1534.50,1534.25,1534.50,85
2008-01-07 19:18:00,1534.50,1534.75,1534.25,1534.75,129
2008-01-07 19:19:00,1534.75,1534.75,1534.75,1534.75,3
2008-01-07 19:20:00,1534.75,1534.75,1534.50,1534.75,20
2008-01-07 19:21:00,1534.75,1534.75,1534.75,1534.75,12
2008-01-07 19:22:00,1534.75,1534.75,1534.75,1534.75,36
2008-01-07 19:23:00,1534.50,1535.00,1534.50,1534.50,105
2008-01-07 19:24:00,1534.50,1534.50,1534.50,1534.50,1
2008-01-07 19:25:00,1534.50,1534.75,1534.50,1534.75,3
2008-01-07 19:26:00,1534.75,1534.75,1534.50,1534.50,17
2008-01-07 19:27:00,1534.50,1534.50,1534.50,1534.50,60
2008-01-07 19:28:00,1534.25,1534.25,1534.25,1534.25,21
2008-01-07 19:29:00,1534.25,1534.25,1534.00,1534.00,85
2008-01-07 19:30:00,1533.75,1533.75,1533.75,1533.75,18
2008-01-07 19:31:00,1534.00,1534.00,1533.75,1533.75,76
2008-01-07 19:32:00,1534.00,1534.25,1534.00,1534.00,6
2008-01-07 19:33:00,1533.75,1533.75,1533.50,1533.75,80
2008-01-07 19:34:00,1533.50,1533.50,1533.50,1533.50,86
2008-01-07 19:35:00,1533.25,1533.25,1533.25,1533.25,29
2008-01-07 19:36:00,1533.50,1533.50,1533.50,1533.50,4
2008-01-07 19:37:00,1533.50,1533.50,1533.50,1533.50,2
2008-01-07 19:38:00,1533.50,1533.50,1533.50,1533.50,66
2008-01-07 19:40:00,1533.50,1533.50,1533.50,1533.50,1
2008-01-07 19:41:00,1533.75,1533.75,1533.75,1533.75,2
2008-01-07 19:42:00,1533.75,1533.75,1533.75,1533.75,7
2008-01-07 19:43:00,1533.50,1533.50,1533.50,1533.50,2
2008-01-07 19:44:00,1533.50,1534.00,1533.50,1534.00,34
2008-01-07 19:45:00,1534.00,1534.25,1534.00,1534.25,44
2008-01-07 19:46:00,1534.00,1534.00,1534.00,1534.00,91
2008-01-07 19:47:00,1534.00,1534.25,1534.00,1534.25,67
2008-01-07 19:48:00,1534.25,1534.25,1534.25,1534.25,52
2008-01-07 19:49:00,1534.25,1534.25,1533.75,1534.00,59
2008-01-07 19:50:00,1534.00,1534.25,1534.00,1534.00,143
2008-01-07 19:51:00,1534.00,1534.00,1534.00,1534.00,31
2008-01-07 19:52:00,1534.00,1534.00,1534.00,1534.00,3
2008-01-07 19:53:00,1534.00,1534.25,1534.00,1534.00,40
2008-01-07 19:54:00,1534.25,1534.25,1534.25,1534.25,5
2008-01-07 19:55:00,1534.25,1534.25,1534.25,1534.25,15
2008-01-07 19:56:00,1534.00,1534.25,1534.00,1534.25,6
2008-01-07 19:57:00,1534.25,1534.25,1534.25,1534.25,123
2008-01-07 19:58:00,1534.25,1534.25,1534.00,1534.00,68
2008-01-07 19:59:00,1534.00,1534.00,1533.75,1533.75,27
2008-01-07 20:00:00,1534.00,1534.00,1534.00,1534.00,10
2008-01-07 20:01:00,1534.00,1534.00,1534.00,1534.00,12
2008-01-07 20:03:00,1534.25,1534.25,1534.00,1534.00,53
2008-01-07 20:04:00,1534.00,1534.00,1534.00,1534.00,5
2008-01-07 20:05:00,1534.00,1534.00,1534.00,1534.00,100
2008-01-07 20:06:00,1533.75,1533.75,1533.50,1533.50,108
2008-01-07 20:07:00,1533.50,1533.75,1533.50,1533.75,36
2008-01-07 20:09:00,1533.75,1533.75,1533.50,1533.50,5
2008-01-07 20:11:00,1533.50,1533.50,1533.50,1533.50,10
2008-01-07 20:12:00,1533.50,1533.50,1533.50,1533.50,10
2008-01-07 20:13:00,1533.75,1533.75,1533.75,1533.75,2
2008-01-07 20:14:00,1533.75,1533.75,1533.75,1533.75,6
2008-01-07 20:15:00,1534.00,1534.25,1534.00,1534.00,26
2008-01-07 20:16:00,1534.00,1534.25,1534.00,1534.00,43
2008-01-07 20:17:00,1534.00,1534.00,1534.00,1534.00,1
2008-01-07 20:18:00,1534.00,1534.00,1534.00,1534.00,10
2008-01-07 20:19:00,1533.75,1534.25,1533.75,1534.00,8
2008-01-07 20:21:00,1534.00,1534.00,1534.00,1534.00,1
2008-01-07 20:23:00,1534.00,1534.00,1534.00,1534.00,11
2008-01-07 20:24:00,1534.25,1534.25,1534.25,1534.25,1
2008-01-07 20:25:00,1534.00,1534.00,1534.00,1534.00,2
2008-01-07 20:27:00,1534.25,1534.25,1534.25,1534.25,1
2008-01-07 20:29:00,1534.25,1534.25,1534.25,1534.25,1
2008-01-07 20:30:00,1534.25,1534.25,1534.00,1534.00,12
2008-01-07 20:31:00,1534.00,1534.00,1534.00,1534.00,1
2008-01-07 20:32:00,1534.25,1534.25,1534.25,1534.25,4
2008-01-07 20:33:00,1534.25,1534.25,1534.25,1534.25,3
2008-01-07 20:34:00,1534.25,1534.25,1534.00,1534.00,19
2008-01-07 20:37:00,1534.00,1534.00,1534.00,1534.00,2
2008-01-07 20:39:00,1533.75,1533.75,1533.50,1533.75,19
2008-01-07 20:40:00,1533.75,1533.75,1533.75,1533.75,1
2008-01-07 20:41:00,1533.50,1533.50,1533.50,1533.50,3
2008-01-07 20:42:00,1533.50,1533.50,1533.50,1533.50,1
2008-01-07 20:43:00,1533.50,1533.50,1533.50,1533.50,2
2008-01-07 20:44:00,1533.50,1533.75,1533.25,1533.50,25
2008-01-07 20:45:00,1533.50,1533.50,1533.50,1533.50,36
2008-01-07 20:46:00,1533.50,1533.75,1533.50,1533.75,143
2008-01-07 20:47:00,1533.75,1533.75,1533.75,1533.75,5
2008-01-07 20:48:00,1533.75,1533.75,1533.75,1533.75,1
2008-01-07 20:49:00,1534.00,1534.00,1534.00,1534.00,5
2008-01-07 20:50:00,1534.00,1534.00,1534.00,1534.00,1
2008-01-07 20:51:00,1534.00,1534.25,1534.00,1534.25,52
2008-01-07 20:52:00,1534.00,1534.75,1534.00,1534.75,246
2008-01-07 20:53:00,1535.00,1535.25,1534.75,1534.75,308
2008-01-07 20:54:00,1535.00,1535.25,1535.00,1535.25,31
2008-01-07 20:55:00,1535.25,1535.50,1535.00,1535.25,166
2008-01-07 20:56:00,1535.50,1536.00,1535.50,1535.75,551
2008-01-07 20:57:00,1536.00,1536.25,1535.75,1536.00,110
2008-01-07 20:58:00,1536.00,1536.50,1536.00,1536.25,278
2008-01-07 20:59:00,1536.25,1536.25,1535.75,1535.75,172
2008-01-07 21:00:00,1535.75,1536.00,1535.75,1535.75,22
2008-01-07 21:01:00,1535.75,1536.00,1535.75,1535.75,61
2008-01-07 21:02:00,1536.00,1536.00,1536.00,1536.00,5
2008-01-07 21:03:00,1536.25,1536.25,1536.25,1536.25,4
2008-01-07 21:04:00,1536.25,1536.25,1536.00,1536.25,11
2008-01-07 21:05:00,1536.25,1536.25,1536.25,1536.25,111
2008-01-07 21:06:00,1536.25,1536.50,1536.25,1536.25,69
2008-01-07 21:07:00,1536.25,1537.00,1536.25,1537.00,266
2008-01-07 21:08:00,1537.00,1537.25,1536.75,1537.00,148
2008-01-07 21:09:00,1536.75,1537.00,1536.50,1536.50,18
2008-01-07 21:10:00,1537.00,1537.00,1536.50,1536.50,21
2008-01-07 21:11:00,1536.50,1536.50,1536.50,1536.50,58
2008-01-07 21:12:00,1536.50,1536.50,1535.75,1536.00,316
2008-01-07 21:13:00,1535.75,1536.00,1535.75,1536.00,3
2008-01-07 21:14:00,1536.00,1536.00,1536.00,1536.00,18
2008-01-07 21:15:00,1536.25,1536.50,1536.25,1536.50,23
2008-01-07 21:16:00,1536.50,1536.50,1536.25,1536.25,3
2008-01-07 21:17:00,1536.25,1536.75,1536.25,1536.75,127
2008-01-07 21:18:00,1536.75,1536.75,1536.75,1536.75,31
2008-01-07 21:19:00,1536.75,1536.75,1536.75,1536.75,12
2008-01-07 21:20:00,1536.75,1536.75,1536.50,1536.50,127
2008-01-07 21:21:00,1536.25,1536.50,1536.25,1536.25,37
2008-01-07 21:22:00,1536.25,1536.25,1536.25,1536.25,18
2008-01-07 21:23:00,1536.25,1536.25,1536.00,1536.00,2
2008-01-07 21:24:00,1536.25,1536.25,1536.00,1536.25,33
2008-01-07 21:26:00,1536.00,1536.25,1536.00,1536.25,35
2008-01-07 21:27:00,1536.25,1536.25,1536.25,1536.25,2
2008-01-07 21:28:00,1536.25,1536.25,1536.25,1536.25,19
2008-01-07 21:29:00,1536.25,1536.25,1536.25,1536.25,39
2008-01-07 21:30:00,1536.00,1536.25,1536.00,1536.00,59
2008-01-07 21:31:00,1536.00,1536.25,1536.00,1536.25,37
2008-01-07 21:32:00,1536.25,1536.25,1536.00,1536.00,13
2008-01-07 21:33:00,1536.00,1536.25,1536.00,1536.25,54
2008-01-07 21:34:00,1536.25,1536.25,1536.25,1536.25,93
2008-01-07 21:35:00,1536.25,1536.25,1536.25,1536.25,5
2008-01-07 21:36:00,1536.00,1536.00,1536.00,1536.00,1
2008-01-07 21:37:00,1536.00,1536.00,1536.00,1536.00,46
2008-01-07 21:38:00,1536.25,1536.50,1536.25,1536.25,15
2008-01-07 21:39:00,1536.25,1536.25,1536.25,1536.25,4
2008-01-07 21:40:00,1536.25,1536.25,1536.25,1536.25,2
2008-01-07 21:41:00,1536.50,1536.50,1536.25,1536.25,15
2008-01-07 21:42:00,1536.50,1536.50,1536.50,1536.50,3
2008-01-07 21:43:00,1536.50,1536.50,1536.25,1536.25,6
2008-01-07 21:45:00,1536.25,1536.25,1536.25,1536.25,4
2008-01-07 21:47:00,1536.50,1536.50,1536.25,1536.50,9
2008-01-07 21:49:00,1536.25,1536.25,1536.25,1536.25,2
2008-01-07 21:50:00,1536.25,1536.50,1536.25,1536.50,11
2008-01-07 21:51:00,1536.50,1536.50,1536.50,1536.50,5
2008-01-07 21:52:00,1536.50,1536.50,1536.50,1536.50,7
2008-01-07 21:53:00,1536.25,1536.50,1536.25,1536.50,5
2008-01-07 21:54:00,1536.50,1536.50,1536.50,1536.50,1
2008-01-07 21:57:00,1536.50,1536.50,1536.50,1536.50,2
2008-01-07 21:58:00,1536.50,1536.50,1536.50,1536.50,2
2008-01-07 21:59:00,1536.50,1536.75,1536.25,1536.75,15
2008-01-07 22:01:00,1536.75,1536.75,1536.75,1536.75,1
2008-01-07 22:02:00,1536.50,1536.50,1536.50,1536.50,3
2008-01-07 22:03:00,1536.75,1536.75,1536.75,1536.75,15
2008-01-07 22:04:00,1536.75,1537.00,1536.75,1537.00,107
2008-01-07 22:05:00,1537.00,1537.00,1537.00,1537.00,64
2008-01-07 22:06:00,1537.00,1537.25,1537.00,1537.00,66
2008-01-07 22:07:00,1537.00,1537.00,1536.25,1536.50,325
2008-01-07 22:08:00,1536.75,1536.75,1536.75,1536.75,19
2008-01-07 22:09:00,1536.75,1537.00,1536.75,1536.75,14
2008-01-07 22:10:00,1536.50,1536.75,1536.50,1536.75,7
2008-01-07 22:11:00,1536.50,1536.75,1536.50,1536.75,7
2008-01-07 22:12:00,1537.00,1537.00,1537.00,1537.00,26
2008-01-07 22:13:00,1536.75,1536.75,1536.75,1536.75,3
2008-01-07 22:14:00,1537.00,1537.00,1537.00,1537.00,60
2008-01-07 22:15:00,1537.00,1537.00,1537.00,1537.00,7
2008-01-07 22:16:00,1537.00,1537.25,1537.00,1537.25,13
2008-01-07 22:17:00,1537.00,1537.00,1537.00,1537.00,5
2008-01-07 22:18:00,1537.25,1537.25,1537.25,1537.25,159
2008-01-07 22:19:00,1537.25,1537.50,1537.00,1537.25,54
2008-01-07 22:20:00,1537.50,1537.50,1537.50,1537.50,53
2008-01-07 22:21:00,1537.25,1537.25,1537.25,1537.25,3
2008-01-07 22:22:00,1537.50,1537.50,1537.25,1537.50,3
2008-01-07 22:23:00,1537.25,1537.50,1537.00,1537.00,19
2008-01-07 22:24:00,1537.00,1537.25,1537.00,1537.25,13
2008-01-07 22:25:00,1537.00,1537.50,1537.00,1537.50,12
2008-01-07 22:26:00,1537.25,1537.25,1537.25,1537.25,5
2008-01-07 22:27:00,1537.25,1537.25,1537.00,1537.00,20
2008-01-07 22:28:00,1537.00,1537.00,1537.00,1537.00,16
2008-01-07 22:29:00,1537.00,1537.00,1537.00,1537.00,40
2008-01-07 22:30:00,1537.00,1537.00,1536.75,1536.75,5
2008-01-07 22:31:00,1537.00,1537.25,1537.00,1537.25,21
2008-01-07 22:32:00,1537.00,1537.50,1537.00,1537.50,20
2008-01-07 22:33:00,1537.25,1537.50,1537.25,1537.50,15
2008-01-07 22:34:00,1537.25,1537.25,1537.25,1537.25,1
2008-01-07 22:35:00,1537.25,1538.00,1537.25,1538.00,437
2008-01-07 22:36:00,1537.75,1538.25,1537.75,1538.00,461
2008-01-07 22:37:00,1538.00,1538.00,1538.00,1538.00,24
2008-01-07 22:39:00,1537.75,1537.75,1537.75,1537.75,3
2008-01-07 22:40:00,1538.00,1538.75,1538.00,1538.50,1051
2008-01-07 22:41:00,1538.50,1539.00,1538.50,1538.75,97
2008-01-07 22:42:00,1538.75,1538.75,1538.75,1538.75,1
2008-01-07 22:43:00,1538.75,1538.75,1538.50,1538.75,4
2008-01-07 22:44:00,1538.50,1538.75,1538.50,1538.75,2
2008-01-07 22:45:00,1538.50,1538.50,1538.50,1538.50,1
2008-01-07 22:46:00,1538.50,1538.75,1538.25,1538.25,145
2008-01-07 22:47:00,1538.25,1538.25,1537.75,1537.75,44
2008-01-07 22:48:00,1537.75,1538.25,1537.75,1538.25,47
2008-01-07 22:49:00,1538.25,1538.25,1538.25,1538.25,8
2008-01-07 22:50:00,1538.50,1538.75,1538.50,1538.50,27
2008-01-07 22:51:00,1538.25,1538.25,1538.25,1538.25,3
2008-01-07 22:52:00,1538.00,1538.00,1537.75,1537.75,6
2008-01-07 22:54:00,1537.75,1537.75,1537.75,1537.75,1
2008-01-07 22:56:00,1537.75,1537.75,1537.75,1537.75,20
2008-01-07 22:57:00,1537.75,1537.75,1537.00,1537.50,107
2008-01-07 22:58:00,1537.75,1537.75,1537.75,1537.75,5
2008-01-07 23:00:00,1537.75,1537.75,1537.75,1537.75,4
2008-01-07 23:01:00,1537.75,1537.75,1537.75,1537.75,1
2008-01-07 23:02:00,1538.00,1538.00,1537.75,1537.75,10
2008-01-07 23:03:00,1537.75,1537.75,1537.50,1537.50,12
2008-01-07 23:04:00,1537.75,1537.75,1537.50,1537.75,6
2008-01-07 23:05:00,1537.75,1537.75,1537.75,1537.75,3
2008-01-07 23:06:00,1537.75,1537.75,1537.50,1537.50,4
2008-01-07 23:07:00,1537.50,1537.50,1536.75,1536.75,93
2008-01-07 23:08:00,1536.75,1536.75,1536.50,1536.50,49
2008-01-07 23:09:00,1536.50,1536.50,1536.50,1536.50,20
2008-01-07 23:10:00,1536.75,1536.75,1536.75,1536.75,3
2008-01-07 23:11:00,1536.50,1536.75,1536.50,1536.50,6
2008-01-07 23:12:00,1536.50,1536.50,1536.50,1536.50,14
2008-01-07 23:13:00,1536.50,1536.50,1536.50,1536.50,21
2008-01-07 23:16:00,1536.50,1536.50,1536.50,1536.50,1
2008-01-07 23:19:00,1536.50,1536.75,1536.50,1536.50,6
2008-01-07 23:20:00,1536.50,1536.50,1536.50,1536.50,14
2008-01-07 23:21:00,1536.25,1536.50,1536.25,1536.50,5
2008-01-07 23:22:00,1536.50,1536.50,1536.50,1536.50,7
2008-01-07 23:23:00,1536.50,1536.50,1536.50,1536.50,5
2008-01-07 23:24:00,1536.50,1536.50,1536.50,1536.50,6
2008-01-07 23:25:00,1536.75,1536.75,1536.50,1536.50,13
2008-01-07 23:26:00,1536.50,1536.50,1536.50,1536.50,2
2008-01-07 23:27:00,1536.50,1536.50,1536.50,1536.50,1
2008-01-07 23:28:00,1536.50,1536.50,1536.50,1536.50,1
2008-01-07 23:29:00,1536.75,1536.75,1536.50,1536.50,12
2008-01-07 23:30:00,1536.50,1536.75,1536.50,1536.75,27
2008-01-07 23:31:00,1536.75,1536.75,1536.75,1536.75,4
2008-01-07 23:32:00,1536.50,1536.50,1536.50,1536.50,11
2008-01-07 23:33:00,1536.50,1536.50,1536.25,1536.25,130
2008-01-07 23:34:00,1536.25,1536.25,1536.00,1536.25,169
2008-01-07 23:35:00,1536.00,1536.00,1536.00,1536.00,19
2008-01-07 23:36:00,1536.00,1536.00,1536.00,1536.00,1
2008-01-07 23:37:00,1536.00,1536.00,1536.00,1536.00,20
2008-01-07 23:38:00,1536.25,1536.25,1536.25,1536.25,142
2008-01-07 23:40:00,1536.50,1536.50,1536.25,1536.50,6
2008-01-07 23:41:00,1536.50,1536.50,1536.50,1536.50,30
2008-01-07 23:42:00,1536.50,1536.75,1536.25,1536.75,54
2008-01-07 23:43:00,1536.50,1536.50,1536.50,1536.50,90
2008-01-07 23:44:00,1536.25,1536.50,1536.25,1536.25,16
2008-01-07 23:46:00,1536.50,1536.50,1536.50,1536.50,8
2008-01-07 23:47:00,1536.50,1536.50,1536.50,1536.50,14
2008-01-07 23:48:00,1536.50,1536.50,1536.50,1536.50,33
2008-01-07 23:49:00,1536.50,1536.50,1536.50,1536.50,25
2008-01-07 23:50:00,1536.75,1537.00,1536.75,1537.00,66
2008-01-07 23:52:00,1536.75,1536.75,1536.75,1536.75,2
2008-01-07 23:53:00,1536.75,1536.75,1536.75,1536.75,2
2008-01-07 23:54:00,1536.75,1537.00,1536.75,1536.75,18
2008-01-07 23:55:00,1536.75,1536.75,1536.50,1536.50,48
2008-01-07 23:56:00,1536.50,1536.75,1536.50,1536.75,54
2008-01-07 23:57:00,1536.75,1536.75,1536.75,1536.75,1
2008-01-07 23:58:00,1537.00,1537.25,1536.75,1536.75,42
2008-01-07 23:59:00,1536.75,1536.75,1536.75,1536.75,20
2008-01-08 00:00:00,1536.75,1536.75,1536.50,1536.75,21
2008-01-08 00:02:00,1536.75,1537.25,1536.75,1537.25,8
2008-01-08 00:08:00,1537.00,1537.00,1537.00,1537.00,5
2008-01-08 00:10:00,1536.75,1536.75,1536.75,1536.75,6
2008-01-08 00:11:00,1536.75,1536.75,1536.75,1536.75,2
2008-01-08 00:13:00,1536.75,1536.75,1536.75,1536.75,3
2008-01-08 00:14:00,1536.75,1536.75,1536.75,1536.75,9
2008-01-08 00:15:00,1537.00,1537.00,1537.00,1537.00,10
2008-01-08 00:17:00,1536.75,1536.75,1536.75,1536.75,8
2008-01-08 00:18:00,1536.75,1536.75,1536.75,1536.75,49
2008-01-08 00:19:00,1537.00,1537.00,1537.00,1537.00,32
2008-01-08 00:20:00,1537.00,1537.00,1537.00,1537.00,3
2008-01-08 00:21:00,1537.00,1537.00,1537.00,1537.00,10
2008-01-08 00:22:00,1537.00,1537.00,1537.00,1537.00,2
2008-01-08 00:23:00,1536.75,1537.00,1536.75,1537.00,20
2008-01-08 00:24:00,1537.25,1537.50,1537.25,1537.50,89
2008-01-08 00:25:00,1537.50,1537.75,1537.50,1537.75,83
2008-01-08 00:26:00,1537.75,1537.75,1537.50,1537.75,92
2008-01-08 00:27:00,1538.00,1538.25,1538.00,1538.25,67
2008-01-08 00:28:00,1538.00,1538.50,1538.00,1538.25,19
2008-01-08 00:29:00,1538.50,1538.50,1538.50,1538.50,33
2008-01-08 00:30:00,1538.25,1538.25,1538.25,1538.25,21
2008-01-08 00:31:00,1538.25,1538.25,1538.25,1538.25,37
2008-01-08 00:33:00,1538.25,1538.25,1538.25,1538.25,91
2008-01-08 00:34:00,1538.25,1538.25,1538.25,1538.25,59
2008-01-08 00:35:00,1538.25,1538.25,1538.25,1538.25,50
2008-01-08 00:36:00,1538.25,1538.25,1538.00,1538.00,81
2008-01-08 00:37:00,1538.00,1538.00,1538.00,1538.00,20
2008-01-08 00:38:00,1537.75,1538.00,1537.75,1538.00,9
2008-01-08 00:40:00,1538.00,1538.00,1538.00,1538.00,58
2008-01-08 00:41:00,1537.75,1537.75,1537.75,1537.75,2
2008-01-08 00:42:00,1537.75,1537.75,1537.75,1537.75,2
