Datetime,Open,High,Low,Close,Volume
2025-01-01 18:01:00,5949.25,5949.75,5943.25,5945.5,1369
2025-01-01 18:02:00,5945.5,5946.75,5943.75,5946.5,412
2025-01-01 18:03:00,5946.5,5949.0,5946.5,5948.5,427
2025-01-01 18:04:00,5948.75,5951.75,5948.25,5951.0,491
2025-01-01 18:05:00,5951.25,5954.5,5951.0,5954.25,486
2025-01-01 18:06:00,5954.5,5955.5,5952.75,5953.0,391
2025-01-01 18:07:00,5953.25,5953.25,5951.75,5952.5,185
2025-01-01 18:08:00,5952.5,5952.5,5951.0,5951.5,207
2025-01-01 18:09:00,5951.75,5953.75,5951.0,5953.25,210
2025-01-01 18:10:00,5953.5,5954.25,5953.0,5953.0,126
2025-01-01 18:11:00,5953.0,5953.25,5951.25,5951.75,142
2025-01-01 18:12:00,5951.75,5952.0,5951.5,5951.75,68
2025-01-01 18:13:00,5951.5,5952.0,5950.25,5950.25,121
2025-01-01 18:14:00,5950.25,5951.5,5950.0,5951.25,99
2025-01-01 18:15:00,5951.0,5951.0,5950.25,5950.25,96
2025-01-01 18:16:00,5950.5,5952.25,5950.25,5952.25,156
2025-01-01 18:17:00,5952.25,5952.25,5951.0,5951.5,56
2025-01-01 18:18:00,5951.5,5951.5,5950.75,5951.0,14
2025-01-01 18:19:00,5950.75,5951.0,5949.25,5949.5,136
2025-01-01 18:20:00,5949.75,5950.25,5949.5,5950.25,81
2025-01-01 18:21:00,5950.0,5950.0,5947.75,5948.25,278
2025-01-01 18:22:00,5948.25,5949.5,5948.0,5949.5,149
2025-01-01 18:23:00,5949.5,5950.25,5948.5,5948.75,170
2025-01-01 18:24:00,5948.75,5949.0,5947.75,5948.25,202
2025-01-01 18:25:00,5948.25,5949.0,5947.25,5948.75,371
2025-01-01 18:26:00,5948.75,5948.75,5948.0,5948.5,172
2025-01-01 18:27:00,5948.5,5949.25,5947.5,5947.5,371
2025-01-01 18:28:00,5947.75,5948.0,5946.5,5946.75,389
2025-01-01 18:29:00,5946.75,5947.25,5946.25,5946.5,247
2025-01-01 18:30:00,5946.5,5949.0,5946.5,5948.0,425
2025-01-01 18:31:00,5948.0,5949.75,5947.75,5949.5,494
2025-01-01 18:32:00,5949.5,5949.5,5946.75,5947.25,328
2025-01-01 18:33:00,5947.0,5947.5,5946.25,5946.75,101
2025-01-01 18:34:00,5946.75,5946.75,5946.25,5946.5,62
2025-01-01 18:35:00,5946.75,5947.0,5946.25,5946.5,33
2025-01-01 18:36:00,5946.25,5946.5,5943.75,5943.75,234
2025-01-01 18:37:00,5944.0,5944.25,5941.75,5943.0,462
2025-01-01 18:38:00,5943.0,5943.25,5941.0,5941.25,349
2025-01-01 18:39:00,5941.0,5941.0,5936.25,5937.75,828
2025-01-01 18:40:00,5938.0,5941.0,5938.0,5940.75,440
2025-01-01 18:41:00,5940.5,5940.5,5938.5,5938.5,247
2025-01-01 18:42:00,5938.75,5940.25,5938.5,5939.75,383
2025-01-01 18:43:00,5939.75,5940.0,5939.5,5939.5,85
2025-01-01 18:44:00,5939.75,5940.5,5939.0,5939.0,234
2025-01-01 18:45:00,5939.25,5939.5,5937.5,5937.5,244
2025-01-01 18:46:00,5937.5,5938.25,5935.5,5935.5,632
2025-01-01 18:47:00,5935.75,5936.25,5934.25,5935.75,395
2025-01-01 18:48:00,5935.5,5935.5,5934.25,5934.75,158
2025-01-01 18:49:00,5934.5,5935.5,5933.5,5934.75,218
2025-01-01 18:50:00,5934.75,5935.25,5934.25,5935.0,186
2025-01-01 18:51:00,5935.0,5936.5,5935.0,5936.5,172
2025-01-01 18:52:00,5936.5,5937.25,5936.25,5936.75,194
2025-01-01 18:53:00,5936.75,5938.5,5936.75,5938.25,206
2025-01-01 18:54:00,5938.5,5939.25,5938.5,5938.75,141
2025-01-01 18:55:00,5939.0,5939.5,5938.5,5939.0,125
2025-01-01 18:56:00,5939.25,5939.25,5938.75,5938.75,76
2025-01-01 18:57:00,5939.0,5939.75,5939.0,5939.75,104
2025-01-01 18:58:00,5939.5,5940.0,5939.25,5939.5,99
2025-01-01 18:59:00,5939.5,5939.75,5939.25,5939.25,39
2025-01-01 19:00:00,5939.5,5939.5,5939.0,5939.25,69
2025-01-01 19:01:00,5939.25,5939.5,5936.75,5937.25,281
2025-01-01 19:02:00,5937.25,5937.75,5936.0,5936.0,297
2025-01-01 19:03:00,5936.5,5936.5,5932.5,5932.5,375
2025-01-01 19:04:00,5932.75,5933.25,5930.5,5931.5,577
2025-01-01 19:05:00,5931.5,5932.25,5927.5,5927.5,692
2025-01-01 19:06:00,5927.5,5929.75,5927.0,5929.75,868
2025-01-01 19:07:00,5930.0,5930.75,5928.25,5929.5,359
2025-01-01 19:08:00,5929.75,5930.25,5929.5,5929.5,60
2025-01-01 19:09:00,5929.75,5931.5,5929.75,5931.25,228
2025-01-01 19:10:00,5931.25,5932.25,5930.25,5931.25,265
2025-01-01 19:11:00,5931.25,5931.25,5926.75,5927.0,376
2025-01-01 19:12:00,5927.0,5929.5,5927.0,5928.5,189
2025-01-01 19:13:00,5928.25,5928.75,5925.5,5926.0,189
2025-01-01 19:14:00,5926.25,5928.25,5925.5,5928.25,325
2025-01-01 19:15:00,5928.0,5929.25,5926.75,5928.0,230
2025-01-01 19:16:00,5928.0,5929.5,5926.5,5926.5,467
2025-01-01 19:17:00,5926.5,5927.0,5919.5,5921.25,1139
2025-01-01 19:18:00,5921.0,5922.25,5913.25,5914.0,1853
2025-01-01 19:19:00,5914.25,5915.5,5910.75,5915.0,1132
2025-01-01 19:20:00,5915.0,5915.75,5912.0,5915.5,600
2025-01-01 19:21:00,5915.75,5916.25,5914.0,5914.75,182
2025-01-01 19:22:00,5914.5,5916.25,5914.0,5914.75,255
2025-01-01 19:23:00,5915.0,5917.25,5914.75,5916.0,302
2025-01-01 19:24:00,5916.0,5917.0,5915.0,5916.25,286
2025-01-01 19:25:00,5916.5,5917.5,5916.0,5917.5,192
2025-01-01 19:26:00,5917.5,5919.25,5917.25,5919.0,211
2025-01-01 19:27:00,5919.25,5919.25,5917.5,5918.0,196
2025-01-01 19:28:00,5918.25,5919.0,5918.25,5918.75,87
2025-01-01 19:29:00,5918.75,5919.0,5915.75,5915.75,226
2025-01-01 19:30:00,5915.75,5916.75,5914.5,5916.75,340
2025-01-01 19:31:00,5916.5,5916.75,5914.25,5915.25,218
2025-01-01 19:32:00,5915.25,5918.75,5915.0,5918.75,253
2025-01-01 19:33:00,5919.0,5921.5,5919.0,5920.5,343
2025-01-01 19:34:00,5920.0,5922.5,5919.0,5921.75,390
2025-01-01 19:35:00,5921.5,5922.5,5921.5,5922.0,155
2025-01-01 19:36:00,5921.75,5921.75,5921.0,5921.25,128
2025-01-01 19:37:00,5921.5,5922.0,5918.75,5921.0,531
2025-01-01 19:38:00,5921.5,5922.5,5921.25,5922.5,160
2025-01-01 19:39:00,5922.75,5926.0,5922.75,5925.5,581
2025-01-01 19:40:00,5925.5,5926.0,5924.5,5925.0,162
2025-01-01 19:41:00,5925.0,5925.5,5924.25,5924.75,136
2025-01-01 19:42:00,5925.0,5927.25,5925.0,5927.0,161
2025-01-01 19:43:00,5926.75,5929.25,5926.75,5929.0,528
2025-01-01 19:44:00,5928.75,5931.0,5928.5,5930.75,391
2025-01-01 19:45:00,5930.75,5932.25,5930.75,5932.0,372
2025-01-01 19:46:00,5932.25,5933.5,5931.5,5933.5,371
2025-01-01 19:47:00,5933.5,5936.5,5932.75,5935.5,558
2025-01-01 19:48:00,5935.75,5935.75,5933.5,5935.25,565
2025-01-01 19:49:00,5935.25,5936.25,5935.25,5935.5,144
2025-01-01 19:50:00,5935.25,5935.5,5934.5,5935.0,189
2025-01-01 19:51:00,5934.75,5935.75,5934.5,5934.75,171
2025-01-01 19:52:00,5935.0,5935.0,5933.25,5934.0,292
2025-01-01 19:53:00,5934.0,5935.0,5933.25,5934.75,133
2025-01-01 19:54:00,5934.75,5935.5,5934.5,5935.0,179
2025-01-01 19:55:00,5935.0,5937.0,5935.0,5936.0,275
2025-01-01 19:56:00,5935.75,5936.5,5935.25,5936.25,83
2025-01-01 19:57:00,5936.25,5938.0,5936.25,5936.75,229
2025-01-01 19:58:00,5936.75,5936.75,5934.25,5934.5,178
2025-01-01 19:59:00,5934.75,5935.0,5933.25,5934.0,198
2025-01-01 20:00:00,5934.0,5934.75,5933.75,5934.75,80
2025-01-01 20:01:00,5934.75,5937.75,5934.75,5936.75,486
2025-01-01 20:02:00,5936.75,5940.5,5936.75,5940.0,746
2025-01-01 20:03:00,5939.75,5942.5,5939.5,5942.25,585
2025-01-01 20:04:00,5942.25,5943.25,5941.5,5942.5,450
2025-01-01 20:05:00,5942.75,5943.0,5940.25,5940.25,240
2025-01-01 20:06:00,5940.5,5940.75,5939.0,5940.5,349
2025-01-01 20:07:00,5940.25,5944.0,5940.25,5943.0,424
2025-01-01 20:08:00,5943.0,5943.25,5940.75,5941.75,159
2025-01-01 20:09:00,5941.5,5941.75,5940.25,5941.5,140
2025-01-01 20:10:00,5941.75,5941.75,5939.75,5939.75,201
2025-01-01 20:11:00,5939.75,5942.5,5939.5,5942.5,157
2025-01-01 20:12:00,5942.25,5942.25,5941.5,5941.75,79
2025-01-01 20:13:00,5941.5,5941.5,5940.0,5940.75,92
2025-01-01 20:14:00,5940.75,5941.75,5940.75,5941.75,81
2025-01-01 20:15:00,5942.0,5942.75,5941.5,5942.5,156
2025-01-01 20:16:00,5942.5,5944.75,5941.75,5944.25,484
2025-01-01 20:17:00,5944.5,5944.75,5942.25,5944.0,240
2025-01-01 20:18:00,5943.75,5944.25,5942.5,5942.75,89
2025-01-01 20:19:00,5942.5,5942.75,5941.5,5942.25,95
2025-01-01 20:20:00,5942.25,5942.5,5941.0,5941.0,86
2025-01-01 20:21:00,5941.25,5942.25,5940.5,5941.75,140
2025-01-01 20:22:00,5942.0,5942.75,5941.5,5942.5,107
2025-01-01 20:23:00,5942.75,5944.25,5942.75,5944.25,183
2025-01-01 20:24:00,5944.5,5946.25,5944.0,5945.75,322
2025-01-01 20:25:00,5945.5,5946.0,5945.25,5945.5,143
2025-01-01 20:26:00,5946.0,5946.75,5944.25,5944.5,189
2025-01-01 20:27:00,5944.5,5945.25,5943.75,5944.75,120
2025-01-01 20:28:00,5944.5,5944.75,5944.0,5944.75,120
2025-01-01 20:29:00,5944.75,5945.5,5944.75,5945.25,65
2025-01-01 20:30:00,5945.25,5945.5,5944.0,5944.25,135
2025-01-01 20:31:00,5944.0,5944.75,5944.0,5944.5,115
2025-01-01 20:32:00,5944.25,5944.25,5942.0,5943.75,364
2025-01-01 20:33:00,5943.75,5944.75,5943.75,5944.0,103
2025-01-01 20:34:00,5943.75,5944.25,5943.0,5943.0,57
2025-01-01 20:35:00,5943.25,5943.25,5940.75,5941.5,314
2025-01-01 20:36:00,5941.5,5942.25,5940.75,5941.5,132
2025-01-01 20:37:00,5941.5,5943.25,5941.25,5943.0,130
2025-01-01 20:38:00,5943.0,5946.5,5942.75,5946.0,450
2025-01-01 20:39:00,5945.75,5947.5,5945.5,5947.25,351
2025-01-01 20:40:00,5947.5,5950.0,5947.5,5949.0,861
2025-01-01 20:41:00,5949.25,5949.5,5947.5,5948.0,304
2025-01-01 20:42:00,5947.75,5949.25,5947.5,5949.0,98
2025-01-01 20:43:00,5949.0,5949.75,5948.0,5949.25,135
2025-01-01 20:44:00,5949.0,5949.0,5947.5,5947.5,81
2025-01-01 20:45:00,5947.5,5948.5,5947.25,5948.0,157
2025-01-01 20:46:00,5948.0,5949.0,5947.5,5948.5,190
2025-01-01 20:47:00,5948.25,5948.5,5947.5,5948.0,90
2025-01-01 20:48:00,5947.75,5947.75,5946.0,5946.25,257
2025-01-01 20:49:00,5946.5,5947.25,5946.25,5947.0,67
2025-01-01 20:50:00,5947.0,5947.0,5945.5,5946.5,112
2025-01-01 20:51:00,5946.5,5947.5,5946.5,5946.75,133
2025-01-01 20:52:00,5947.0,5949.0,5946.25,5948.25,210
2025-01-01 20:53:00,5948.0,5949.75,5948.0,5949.25,206
2025-01-01 20:54:00,5949.0,5949.75,5948.75,5949.75,126
2025-01-01 20:55:00,5949.75,5950.75,5949.25,5950.25,266
2025-01-01 20:56:00,5950.0,5950.25,5949.0,5949.0,91
2025-01-01 20:57:00,5949.25,5949.5,5948.5,5949.0,59
2025-01-01 20:58:00,5949.0,5949.0,5946.75,5947.5,162
2025-01-01 20:59:00,5947.5,5947.5,5946.5,5946.75,69
2025-01-01 21:00:00,5946.5,5947.0,5945.75,5947.0,100
2025-01-01 21:01:00,5946.75,5946.75,5945.5,5946.75,179
2025-01-01 21:02:00,5946.75,5948.25,5946.75,5947.75,204
2025-01-01 21:03:00,5947.75,5947.75,5946.5,5947.0,106
2025-01-01 21:04:00,5947.0,5947.25,5946.0,5946.5,154
2025-01-01 21:05:00,5946.75,5947.25,5946.5,5947.0,172
2025-01-01 21:06:00,5947.25,5948.0,5947.25,5947.75,156
2025-01-01 21:07:00,5947.75,5950.0,5947.75,5949.75,188
2025-01-01 21:08:00,5949.5,5949.5,5947.25,5947.75,154
2025-01-01 21:09:00,5947.75,5948.0,5947.25,5948.0,92
2025-01-01 21:10:00,5948.25,5948.5,5948.0,5948.5,70
2025-01-01 21:11:00,5948.25,5948.5,5947.5,5948.25,87
2025-01-01 21:12:00,5948.25,5948.75,5947.5,5948.75,84
2025-01-01 21:13:00,5948.5,5950.25,5948.5,5949.0,353
2025-01-01 21:14:00,5948.75,5948.75,5948.25,5948.75,55
2025-01-01 21:15:00,5948.75,5948.75,5947.75,5948.5,114
2025-01-01 21:16:00,5948.5,5948.5,5947.0,5947.0,101
2025-01-01 21:17:00,5947.25,5948.0,5947.0,5947.5,73
2025-01-01 21:18:00,5947.5,5948.75,5947.25,5948.0,118
2025-01-01 21:19:00,5948.0,5949.5,5948.0,5949.25,78
2025-01-01 21:20:00,5949.25,5949.5,5949.0,5949.25,43
2025-01-01 21:21:00,5949.5,5949.75,5949.0,5949.5,54
2025-01-01 21:22:00,5949.5,5950.0,5949.25,5949.75,55
2025-01-01 21:23:00,5949.75,5950.0,5949.25,5949.5,77
2025-01-01 21:24:00,5949.75,5951.5,5949.5,5951.0,299
2025-01-01 21:25:00,5951.0,5951.0,5949.0,5949.0,78
2025-01-01 21:26:00,5949.0,5950.25,5949.0,5950.0,46
2025-01-01 21:27:00,5950.25,5950.75,5950.25,5950.5,37
2025-01-01 21:28:00,5950.5,5955.0,5950.5,5953.25,1235
2025-01-01 21:29:00,5953.25,5953.75,5952.75,5953.5,177
2025-01-01 21:30:00,5953.5,5955.0,5953.25,5954.25,329
2025-01-01 21:31:00,5954.25,5954.5,5952.75,5953.0,155
2025-01-01 21:32:00,5952.75,5954.0,5952.75,5953.0,166
2025-01-01 21:33:00,5953.0,5953.0,5952.0,5952.5,78
2025-01-01 21:34:00,5952.5,5953.25,5952.25,5953.0,76
2025-01-01 21:35:00,5953.0,5954.0,5953.0,5953.5,185
2025-01-01 21:36:00,5953.5,5954.5,5953.5,5954.25,98
2025-01-01 21:37:00,5954.0,5954.0,5953.5,5953.5,48
2025-01-01 21:38:00,5953.5,5953.5,5952.75,5952.75,43
2025-01-01 21:39:00,5952.75,5954.25,5952.75,5954.25,162
2025-01-01 21:40:00,5954.5,5956.75,5954.25,5956.25,521
2025-01-01 21:41:00,5956.0,5957.25,5955.5,5957.0,308
2025-01-01 21:42:00,5957.25,5958.0,5956.75,5957.25,235
2025-01-01 21:43:00,5957.25,5957.5,5956.25,5956.5,157
2025-01-01 21:44:00,5956.5,5956.75,5956.0,5956.75,152
2025-01-01 21:45:00,5956.75,5957.5,5956.75,5957.25,121
2025-01-01 21:46:00,5957.25,5957.25,5956.75,5957.0,46
2025-01-01 21:47:00,5957.0,5957.0,5956.5,5956.75,45
2025-01-01 21:48:00,5957.0,5957.0,5956.75,5956.75,55
2025-01-01 21:49:00,5957.0,5957.0,5956.25,5956.5,54
2025-01-01 21:50:00,5956.5,5957.0,5956.25,5956.75,76
2025-01-01 21:51:00,5956.75,5958.25,5956.75,5957.75,174
2025-01-01 21:52:00,5957.75,5957.75,5957.0,5957.25,62
2025-01-01 21:53:00,5957.25,5957.5,5955.5,5955.75,230
2025-01-01 21:54:00,5955.5,5955.75,5955.0,5955.0,58
2025-01-01 21:55:00,5955.0,5955.0,5954.25,5954.25,160
2025-01-01 21:56:00,5954.25,5956.0,5954.25,5955.75,164
2025-01-01 21:57:00,5955.75,5956.0,5955.75,5955.75,46
2025-01-01 21:58:00,5955.75,5956.25,5955.5,5955.75,33
2025-01-01 21:59:00,5956.0,5956.25,5955.75,5956.0,46
2025-01-01 22:00:00,5956.0,5956.25,5955.5,5955.75,56
2025-01-01 22:01:00,5955.75,5956.5,5955.75,5956.25,128
2025-01-01 22:02:00,5956.25,5956.5,5956.0,5956.0,45
2025-01-01 22:03:00,5956.0,5956.0,5954.5,5954.75,67
2025-01-01 22:04:00,5954.5,5954.75,5954.25,5954.25,42
2025-01-01 22:05:00,5954.25,5955.25,5954.25,5954.75,84
2025-01-01 22:06:00,5954.5,5954.75,5954.25,5954.25,18
2025-01-01 22:07:00,5954.25,5954.25,5953.25,5954.25,154
2025-01-01 22:08:00,5954.25,5955.0,5953.75,5954.75,101
2025-01-01 22:09:00,5954.75,5955.0,5954.0,5954.25,95
2025-01-01 22:10:00,5954.0,5954.5,5953.25,5954.25,104
2025-01-01 22:11:00,5954.25,5955.0,5954.25,5954.75,67
2025-01-01 22:12:00,5954.5,5954.75,5954.25,5954.25,29
2025-01-01 22:13:00,5954.0,5954.0,5953.25,5953.25,62
2025-01-01 22:14:00,5953.5,5954.0,5953.5,5953.75,69
2025-01-01 22:15:00,5953.5,5954.0,5953.25,5953.75,74
2025-01-01 22:16:00,5953.5,5953.75,5953.0,5953.0,87
2025-01-01 22:17:00,5953.0,5953.25,5952.25,5953.25,105
2025-01-01 22:18:00,5953.5,5953.5,5952.75,5953.0,23
2025-01-01 22:19:00,5953.0,5954.0,5953.0,5953.75,69
2025-01-01 22:20:00,5953.5,5955.0,5953.5,5955.0,113
2025-01-01 22:21:00,5955.0,5955.0,5954.5,5954.75,83
2025-01-01 22:22:00,5954.5,5955.25,5954.5,5955.0,45
2025-01-01 22:23:00,5955.0,5955.5,5954.75,5955.25,51
2025-01-01 22:24:00,5955.25,5956.0,5955.25,5956.0,79
2025-01-01 22:25:00,5956.0,5957.75,5956.0,5957.25,238
2025-01-01 22:26:00,5957.25,5957.75,5957.0,5957.0,109
2025-01-01 22:27:00,5957.25,5957.25,5956.0,5956.75,100
2025-01-01 22:28:00,5957.0,5959.25,5957.0,5958.75,259
2025-01-01 22:29:00,5959.0,5959.75,5958.75,5958.75,267
2025-01-01 22:30:00,5959.0,5959.0,5957.25,5957.5,107
2025-01-01 22:31:00,5957.75,5958.5,5957.5,5958.25,63
2025-01-01 22:32:00,5958.0,5958.25,5956.75,5957.0,77
2025-01-01 22:33:00,5956.75,5956.75,5955.75,5956.75,66
2025-01-01 22:34:00,5956.75,5956.75,5956.25,5956.75,23
2025-01-01 22:35:00,5956.5,5957.0,5956.5,5956.75,28
2025-01-01 22:36:00,5956.5,5956.5,5956.25,5956.5,22
2025-01-01 22:37:00,5956.25,5956.25,5955.25,5955.75,89
2025-01-01 22:38:00,5955.5,5955.75,5955.25,5955.75,33
2025-01-01 22:39:00,5956.0,5956.0,5955.5,5955.5,50
2025-01-01 22:40:00,5955.25,5955.5,5954.75,5955.25,53
2025-01-01 22:41:00,5955.25,5955.25,5953.5,5953.75,157
2025-01-01 22:42:00,5953.75,5954.25,5953.0,5953.5,195
2025-01-01 22:43:00,5953.25,5954.0,5953.25,5953.5,99
2025-01-01 22:44:00,5953.5,5953.5,5952.25,5952.5,115
2025-01-01 22:45:00,5952.75,5953.0,5952.25,5952.75,92
2025-01-01 22:46:00,5952.5,5953.0,5952.25,5952.75,72
2025-01-01 22:47:00,5952.75,5952.75,5950.5,5950.75,261
2025-01-01 22:48:00,5951.0,5951.25,5950.5,5951.0,178
2025-01-01 22:49:00,5951.25,5952.0,5950.75,5952.0,169
2025-01-01 22:50:00,5952.0,5952.0,5951.75,5951.75,39
2025-01-01 22:51:00,5951.75,5952.75,5951.75,5952.75,40
2025-01-01 22:52:00,5952.75,5953.25,5952.75,5952.75,102
2025-01-01 22:53:00,5953.25,5953.25,5952.75,5953.0,51
2025-01-01 22:54:00,5953.25,5953.75,5953.25,5953.5,51
2025-01-01 22:55:00,5953.5,5954.0,5953.25,5953.75,117
2025-01-01 22:56:00,5953.75,5954.0,5952.75,5952.75,56
2025-01-01 22:57:00,5952.75,5952.75,5952.0,5952.5,52
2025-01-01 22:58:00,5952.5,5952.75,5952.0,5952.75,30
2025-01-01 22:59:00,5952.75,5953.0,5952.5,5953.0,63
2025-01-01 23:00:00,5953.0,5953.0,5952.25,5952.5,32
2025-01-01 23:01:00,5952.5,5954.0,5952.5,5953.5,118
2025-01-01 23:02:00,5953.75,5954.25,5953.5,5953.5,59
2025-01-01 23:03:00,5953.5,5954.0,5952.75,5953.0,48
2025-01-01 23:04:00,5953.25,5953.75,5953.25,5953.25,38
2025-01-01 23:05:00,5953.0,5953.0,5952.0,5952.0,69
2025-01-01 23:06:00,5952.5,5952.5,5950.75,5951.0,118
2025-01-01 23:07:00,5951.0,5952.25,5951.0,5952.25,125
2025-01-01 23:08:00,5952.25,5953.25,5952.25,5952.75,69
2025-01-01 23:09:00,5952.5,5953.25,5952.5,5953.25,71
2025-01-01 23:10:00,5953.5,5954.0,5953.5,5953.5,67
2025-01-01 23:11:00,5953.5,5953.75,5953.5,5953.5,24
2025-01-01 23:12:00,5953.25,5954.25,5953.25,5954.0,43
2025-01-01 23:13:00,5954.0,5954.0,5953.5,5953.75,32
2025-01-01 23:14:00,5953.75,5954.0,5952.5,5952.75,64
2025-01-01 23:15:00,5952.75,5952.75,5951.5,5952.0,81
2025-01-01 23:16:00,5952.0,5952.5,5951.75,5952.5,54
2025-01-01 23:17:00,5952.5,5952.5,5952.0,5952.25,33
2025-01-01 23:18:00,5952.0,5952.25,5950.5,5951.25,135
2025-01-01 23:19:00,5951.25,5952.5,5951.25,5952.0,87
2025-01-01 23:20:00,5952.0,5952.25,5951.5,5951.5,100
2025-01-01 23:21:00,5951.75,5952.25,5950.0,5950.5,265
2025-01-01 23:22:00,5950.25,5950.75,5948.5,5948.75,255
2025-01-01 23:23:00,5949.0,5949.5,5947.5,5948.75,316
2025-01-01 23:24:00,5948.75,5949.75,5948.75,5949.0,108
2025-01-01 23:25:00,5949.0,5949.75,5949.0,5949.5,52
2025-01-01 23:26:00,5949.5,5951.0,5949.5,5950.75,63
2025-01-01 23:27:00,5950.5,5950.5,5950.0,5950.25,68
2025-01-01 23:28:00,5950.5,5951.0,5950.25,5950.75,57
2025-01-01 23:29:00,5951.0,5951.5,5950.75,5951.0,101
2025-01-01 23:30:00,5951.25,5951.25,5951.0,5951.25,52
2025-01-01 23:31:00,5951.25,5951.5,5951.0,5951.25,64
2025-01-01 23:32:00,5951.75,5953.5,5951.75,5953.25,253
2025-01-01 23:33:00,5953.25,5953.75,5953.0,5953.0,91
2025-01-01 23:34:00,5953.0,5953.25,5952.5,5952.75,68
2025-01-01 23:35:00,5953.0,5953.75,5953.0,5953.75,153
2025-01-01 23:36:00,5953.75,5954.5,5953.5,5954.25,130
2025-01-01 23:37:00,5954.25,5955.0,5954.0,5955.0,75
2025-01-01 23:38:00,5954.75,5954.75,5954.25,5954.5,170
2025-01-01 23:39:00,5954.5,5954.5,5954.0,5954.25,71
2025-01-01 23:40:00,5954.5,5954.5,5954.0,5954.0,94
2025-01-01 23:41:00,5954.25,5954.75,5953.75,5953.75,49
2025-01-01 23:42:00,5954.0,5955.75,5954.0,5955.5,109
2025-01-01 23:43:00,5955.5,5955.75,5955.0,5955.25,36
2025-01-01 23:44:00,5955.0,5955.5,5954.75,5955.25,39
2025-01-01 23:45:00,5955.25,5956.0,5955.0,5955.75,48
2025-01-01 23:46:00,5955.75,5955.75,5955.25,5955.25,28
2025-01-01 23:47:00,5955.5,5955.5,5955.25,5955.5,12
2025-01-01 23:48:00,5955.25,5955.25,5954.75,5955.0,24
2025-01-01 23:49:00,5955.0,5955.0,5954.5,5954.5,53
2025-01-01 23:50:00,5954.75,5955.0,5954.75,5955.0,17
2025-01-01 23:51:00,5955.0,5955.5,5955.0,5955.25,33
2025-01-01 23:52:00,5955.0,5955.5,5954.75,5955.5,19
2025-01-01 23:53:00,5955.25,5956.75,5955.25,5956.5,85
2025-01-01 23:54:00,5956.5,5957.0,5956.0,5956.25,103
2025-01-01 23:55:00,5956.25,5956.25,5955.25,5955.5,60
2025-01-01 23:56:00,5955.75,5956.25,5955.5,5956.0,49
2025-01-01 23:57:00,5955.75,5955.75,5955.25,5955.25,24
2025-01-01 23:58:00,5955.25,5955.5,5954.75,5955.5,62
2025-01-01 23:59:00,5955.5,5955.75,5955.0,5955.25,55
2025-01-02 00:00:00,5955.0,5955.0,5954.75,5954.75,39
2025-01-02 00:01:00,5955.0,5955.75,5954.75,5955.0,37
2025-01-02 00:02:00,5955.0,5955.25,5954.75,5954.75,41
2025-01-02 00:03:00,5955.0,5955.0,5954.0,5954.5,103
2025-01-02 00:04:00,5954.75,5955.75,5954.5,5955.5,48
2025-01-02 00:05:00,5955.25,5956.0,5955.0,5955.5,47
2025-01-02 00:06:00,5955.25,5956.25,5955.25,5956.25,38
2025-01-02 00:07:00,5956.0,5956.5,5956.0,5956.0,19
2025-01-02 00:08:00,5956.0,5956.0,5955.5,5955.5,34
2025-01-02 00:09:00,5955.5,5955.5,5955.0,5955.0,25
2025-01-02 00:10:00,5955.25,5955.5,5955.0,5955.0,26
2025-01-02 00:11:00,5955.0,5956.75,5955.0,5956.75,91
2025-01-02 00:12:00,5956.5,5957.0,5956.5,5956.75,62
2025-01-02 00:13:00,5957.0,5957.5,5956.75,5957.0,78
2025-01-02 00:14:00,5957.25,5958.75,5957.25,5958.0,242
2025-01-02 00:15:00,5958.25,5958.75,5958.0,5958.25,79
2025-01-02 00:16:00,5958.5,5958.5,5957.5,5957.75,116
2025-01-02 00:17:00,5957.5,5958.5,5957.5,5957.75,74
2025-01-02 00:18:00,5957.75,5959.5,5957.75,5959.25,232
2025-01-02 00:19:00,5959.25,5961.0,5959.25,5960.75,329
2025-01-02 00:20:00,5960.75,5961.25,5960.25,5960.5,195
2025-01-02 00:21:00,5960.5,5960.75,5960.0,5960.25,63
2025-01-02 00:22:00,5960.25,5960.75,5959.75,5960.0,99
2025-01-02 00:23:00,5960.0,5960.5,5960.0,5960.5,32
2025-01-02 00:24:00,5960.5,5960.75,5960.25,5960.5,101
2025-01-02 00:25:00,5960.5,5960.5,5960.0,5960.25,50
2025-01-02 00:26:00,5960.25,5960.75,5960.0,5960.25,76
2025-01-02 00:27:00,5960.25,5960.25,5959.75,5960.0,38
2025-01-02 00:28:00,5960.0,5960.0,5958.75,5959.25,293
2025-01-02 00:29:00,5959.25,5959.75,5959.25,5959.5,82
2025-01-02 00:30:00,5959.75,5960.0,5959.25,5960.0,74
2025-01-02 00:31:00,5960.25,5960.75,5959.0,5959.0,260
2025-01-02 00:32:00,5958.75,5959.0,5957.75,5958.5,164
2025-01-02 00:33:00,5958.5,5958.75,5958.25,5958.75,96
2025-01-02 00:34:00,5958.5,5959.25,5958.5,5959.0,15
2025-01-02 00:35:00,5959.0,5959.5,5959.0,5959.25,23
2025-01-02 00:36:00,5959.5,5960.5,5959.5,5959.5,85
2025-01-02 00:37:00,5959.75,5960.25,5959.75,5960.25,37
2025-01-02 00:38:00,5960.5,5962.0,5960.5,5962.0,215
2025-01-02 00:39:00,5962.0,5962.0,5961.0,5961.25,60
2025-01-02 00:40:00,5961.25,5961.5,5960.75,5961.25,151
2025-01-02 00:41:00,5961.25,5963.25,5961.25,5962.5,422
2025-01-02 00:42:00,5962.5,5963.25,5962.25,5963.0,153
2025-01-02 00:43:00,5962.75,5963.25,5962.5,5962.75,115
2025-01-02 00:44:00,5962.75,5963.0,5962.75,5963.0,55
2025-01-02 00:45:00,5963.0,5963.0,5962.5,5962.5,42
2025-01-02 00:46:00,5962.75,5963.25,5962.75,5962.75,40
2025-01-02 00:47:00,5962.75,5963.0,5962.75,5963.0,23
2025-01-02 00:48:00,5962.75,5964.25,5962.75,5963.75,114
2025-01-02 00:49:00,5963.75,5964.75,5963.75,5964.25,78
2025-01-02 00:50:00,5964.25,5965.0,5964.25,5964.75,116
2025-01-02 00:51:00,5964.75,5965.5,5964.25,5964.5,285
2025-01-02 00:52:00,5964.5,5964.75,5964.5,5964.5,103
2025-01-02 00:53:00,5964.5,5964.5,5964.0,5964.5,100
2025-01-02 00:54:00,5964.5,5964.5,5964.0,5964.25,39
2025-01-02 00:55:00,5964.25,5964.25,5964.0,5964.0,28
2025-01-02 00:56:00,5964.25,5964.25,5964.0,5964.0,31
2025-01-02 00:57:00,5964.0,5964.0,5963.25,5964.0,113
2025-01-02 00:58:00,5964.0,5964.75,5963.75,5964.25,64
2025-01-02 00:59:00,5964.25,5964.5,5964.0,5964.25,19
2025-01-02 01:00:00,5964.25,5964.5,5963.5,5963.75,54
2025-01-02 01:01:00,5964.0,5964.25,5963.25,5963.5,86
2025-01-02 01:02:00,5963.5,5963.75,5963.0,5963.0,35
2025-01-02 01:03:00,5963.25,5963.75,5963.25,5963.5,53
2025-01-02 01:04:00,5963.75,5964.25,5963.75,5964.0,44
2025-01-02 01:05:00,5964.0,5964.25,5963.25,5963.5,35
2025-01-02 01:06:00,5963.75,5964.0,5963.75,5963.75,54
2025-01-02 01:07:00,5964.0,5964.0,5963.5,5964.0,14
2025-01-02 01:08:00,5964.0,5964.25,5964.0,5964.0,49
2025-01-02 01:09:00,5964.0,5964.75,5964.0,5964.0,131
2025-01-02 01:10:00,5964.25,5964.25,5963.75,5964.0,33
2025-01-02 01:11:00,5964.25,5964.75,5963.5,5963.75,50
2025-01-02 01:12:00,5963.75,5964.0,5963.5,5963.75,45
2025-01-02 01:13:00,5964.0,5964.25,5964.0,5964.0,28
2025-01-02 01:14:00,5964.0,5964.0,5963.25,5963.75,74
2025-01-02 01:15:00,5963.75,5964.0,5963.5,5964.0,32
2025-01-02 01:16:00,5963.75,5964.0,5963.5,5964.0,18
2025-01-02 01:17:00,5963.75,5965.0,5963.75,5965.0,141
2025-01-02 01:18:00,5965.0,5965.0,5964.25,5964.75,37
2025-01-02 01:19:00,5965.0,5965.25,5964.5,5965.0,39
2025-01-02 01:20:00,5965.0,5966.75,5965.0,5966.5,193
2025-01-02 01:21:00,5966.5,5966.75,5965.5,5965.5,91
2025-01-02 01:22:00,5965.75,5965.75,5965.0,5965.25,24
2025-01-02 01:23:00,5965.25,5965.25,5965.0,5965.25,6
2025-01-02 01:24:00,5965.25,5965.25,5965.0,5965.25,31
2025-01-02 01:25:00,5965.25,5966.0,5965.25,5965.75,88
2025-01-02 01:26:00,5965.75,5965.75,5965.0,5965.25,26
2025-01-02 01:27:00,5965.25,5965.25,5964.25,5964.25,40
2025-01-02 01:28:00,5964.25,5964.5,5963.75,5964.0,81
2025-01-02 01:29:00,5963.75,5963.75,5962.25,5962.75,169
2025-01-02 01:30:00,5962.75,5963.75,5962.25,5963.5,95
2025-01-02 01:31:00,5963.5,5963.75,5962.5,5962.75,99
2025-01-02 01:32:00,5962.5,5964.5,5962.5,5964.5,178
2025-01-02 01:33:00,5964.5,5967.0,5963.75,5966.75,465
2025-01-02 01:34:00,5967.0,5968.0,5966.75,5967.5,328
2025-01-02 01:35:00,5967.25,5968.0,5966.25,5966.5,132
2025-01-02 01:36:00,5966.25,5967.0,5966.25,5966.5,38
2025-01-02 01:37:00,5966.5,5966.75,5966.25,5966.25,19
2025-01-02 01:38:00,5966.25,5966.5,5966.25,5966.5,25
2025-01-02 01:39:00,5966.5,5967.0,5965.75,5966.0,89
2025-01-02 01:40:00,5966.0,5966.5,5965.5,5966.5,126
2025-01-02 01:41:00,5966.5,5966.75,5966.25,5966.5,55
2025-01-02 01:42:00,5966.5,5966.75,5966.25,5966.75,24
2025-01-02 01:43:00,5966.75,5966.75,5966.5,5966.75,34
2025-01-02 01:44:00,5966.75,5966.75,5966.25,5966.25,19
2025-01-02 01:45:00,5966.5,5966.5,5966.25,5966.5,34
2025-01-02 01:46:00,5966.5,5967.5,5966.0,5967.0,194
2025-01-02 01:47:00,5966.75,5966.75,5966.5,5966.75,50
2025-01-02 01:48:00,5966.75,5967.25,5966.75,5967.0,22
2025-01-02 01:49:00,5966.75,5966.75,5966.0,5966.0,55
2025-01-02 01:50:00,5966.25,5966.5,5966.0,5966.25,65
2025-01-02 01:51:00,5966.5,5966.75,5966.5,5966.5,12
2025-01-02 01:52:00,5966.25,5967.0,5966.0,5966.5,66
2025-01-02 01:53:00,5966.75,5967.25,5966.75,5966.75,28
2025-01-02 01:54:00,5967.0,5967.25,5966.75,5967.25,21
2025-01-02 01:55:00,5967.25,5967.25,5967.0,5967.25,46
2025-01-02 01:56:00,5967.25,5968.0,5966.75,5967.25,130
2025-01-02 01:57:00,5967.0,5967.25,5966.75,5966.75,26
2025-01-02 01:58:00,5966.5,5967.5,5966.5,5967.0,35
2025-01-02 01:59:00,5967.25,5968.0,5967.25,5967.25,153
2025-01-02 02:00:00,5967.5,5967.5,5967.0,5967.0,46
2025-01-02 02:01:00,5967.0,5968.0,5966.75,5968.0,312
2025-01-02 02:02:00,5967.75,5969.5,5967.5,5968.5,382
2025-01-02 02:03:00,5968.5,5969.25,5968.5,5968.5,84
2025-01-02 02:04:00,5968.75,5969.0,5967.75,5968.75,173
2025-01-02 02:05:00,5968.75,5969.0,5967.0,5967.0,150
2025-01-02 02:06:00,5967.25,5967.25,5966.5,5966.75,124
2025-01-02 02:07:00,5967.0,5967.75,5967.0,5967.5,92
2025-01-02 02:08:00,5967.25,5967.25,5966.75,5967.25,53
2025-01-02 02:09:00,5967.25,5968.25,5967.25,5968.25,48
2025-01-02 02:10:00,5968.25,5968.25,5968.0,5968.0,54
2025-01-02 02:11:00,5968.0,5968.0,5967.25,5967.25,66
2025-01-02 02:12:00,5967.5,5967.75,5967.0,5967.25,67
2025-01-02 02:13:00,5967.25,5967.75,5967.25,5967.75,33
2025-01-02 02:14:00,5967.75,5968.25,5967.75,5968.25,60
2025-01-02 02:15:00,5967.75,5968.0,5967.25,5967.25,47
2025-01-02 02:16:00,5967.25,5967.5,5966.75,5967.0,99
2025-01-02 02:17:00,5966.75,5967.25,5966.25,5967.0,150
2025-01-02 02:18:00,5966.75,5967.25,5966.5,5967.25,36
2025-01-02 02:19:00,5967.0,5967.5,5966.75,5966.75,86
2025-01-02 02:20:00,5967.0,5967.75,5966.75,5967.75,39
2025-01-02 02:21:00,5968.0,5968.25,5967.5,5967.5,74
2025-01-02 02:22:00,5967.75,5968.0,5966.75,5967.0,151
2025-01-02 02:23:00,5967.0,5968.25,5967.0,5968.25,65
2025-01-02 02:24:00,5968.25,5968.5,5968.0,5968.0,55
2025-01-02 02:25:00,5968.0,5968.25,5967.5,5968.0,75
2025-01-02 02:26:00,5968.0,5968.5,5968.0,5968.0,38
2025-01-02 02:27:00,5968.0,5968.0,5967.5,5967.5,50
2025-01-02 02:28:00,5967.5,5968.5,5967.5,5968.25,88
2025-01-02 02:29:00,5968.25,5968.75,5968.25,5968.5,43
2025-01-02 02:30:00,5968.25,5968.75,5968.0,5968.5,48
2025-01-02 02:31:00,5968.5,5968.75,5966.75,5967.25,123
2025-01-02 02:32:00,5967.25,5967.5,5966.0,5966.5,203
2025-01-02 02:33:00,5966.5,5966.75,5966.5,5966.5,58
2025-01-02 02:34:00,5966.5,5967.0,5965.0,5965.75,275
2025-01-02 02:35:00,5965.5,5966.25,5965.5,5966.25,92
2025-01-02 02:36:00,5966.25,5966.75,5966.0,5966.75,46
2025-01-02 02:37:00,5966.5,5967.0,5966.5,5967.0,55
2025-01-02 02:38:00,5967.25,5967.5,5967.0,5967.25,66
2025-01-02 02:39:00,5967.25,5967.25,5967.0,5967.25,61
2025-01-02 02:40:00,5967.5,5967.5,5967.0,5967.0,79
2025-01-02 02:41:00,5967.0,5967.0,5966.0,5966.75,98
2025-01-02 02:42:00,5967.0,5967.5,5966.75,5967.0,46
2025-01-02 02:43:00,5967.0,5967.0,5966.5,5966.75,29
2025-01-02 02:44:00,5966.5,5966.5,5964.25,5965.0,281
2025-01-02 02:45:00,5965.0,5965.25,5962.75,5963.75,343
2025-01-02 02:46:00,5963.75,5964.0,5961.0,5961.75,391
2025-01-02 02:47:00,5962.0,5962.75,5962.0,5962.75,98
2025-01-02 02:48:00,5962.75,5962.75,5961.5,5961.5,71
2025-01-02 02:49:00,5961.75,5961.75,5961.0,5961.25,178
2025-01-02 02:50:00,5961.5,5961.75,5961.0,5961.75,108
2025-01-02 02:51:00,5961.75,5963.0,5961.75,5963.0,123
2025-01-02 02:52:00,5963.0,5963.0,5961.75,5962.5,84
2025-01-02 02:53:00,5962.5,5963.0,5961.75,5962.25,88
2025-01-02 02:54:00,5962.5,5962.5,5961.5,5961.75,160
2025-01-02 02:55:00,5961.75,5962.5,5961.75,5962.5,48
2025-01-02 02:56:00,5962.5,5963.25,5962.25,5962.5,99
2025-01-02 02:57:00,5962.75,5962.75,5962.0,5962.5,39
2025-01-02 02:58:00,5962.25,5964.0,5962.25,5963.25,256
2025-01-02 02:59:00,5963.0,5963.25,5961.0,5961.0,200
2025-01-02 03:00:00,5961.25,5962.0,5961.25,5961.5,149
2025-01-02 03:01:00,5961.75,5963.5,5961.0,5963.0,416
2025-01-02 03:02:00,5963.0,5966.0,5963.0,5966.0,399
2025-01-02 03:03:00,5966.0,5969.0,5965.75,5969.0,467
2025-01-02 03:04:00,5968.75,5972.0,5968.5,5969.5,915
2025-01-02 03:05:00,5969.25,5971.25,5969.25,5971.0,414
2025-01-02 03:06:00,5971.0,5974.25,5970.5,5974.0,738
2025-01-02 03:07:00,5974.0,5975.0,5972.75,5972.75,475
2025-01-02 03:08:00,5972.75,5974.5,5971.5,5972.0,312
2025-01-02 03:09:00,5971.75,5971.75,5970.0,5970.5,298
2025-01-02 03:10:00,5970.75,5973.0,5970.25,5972.5,274
2025-01-02 03:11:00,5972.75,5973.0,5971.75,5972.0,341
2025-01-02 03:12:00,5972.25,5972.75,5970.75,5971.25,161
2025-01-02 03:13:00,5971.25,5972.75,5970.5,5972.5,322
2025-01-02 03:14:00,5972.5,5975.0,5972.25,5974.0,347
2025-01-02 03:15:00,5974.0,5974.75,5973.75,5974.0,309
2025-01-02 03:16:00,5974.0,5974.25,5971.75,5972.5,340
2025-01-02 03:17:00,5972.25,5972.5,5970.25,5970.75,201
2025-01-02 03:18:00,5970.75,5970.75,5968.5,5969.25,254
2025-01-02 03:19:00,5969.25,5971.5,5969.25,5971.5,214
2025-01-02 03:20:00,5971.5,5972.0,5970.5,5971.25,175
2025-01-02 03:21:00,5971.75,5971.75,5970.25,5971.0,143
2025-01-02 03:22:00,5971.0,5971.25,5970.75,5971.0,101
2025-01-02 03:23:00,5971.0,5972.0,5970.25,5970.5,214
2025-01-02 03:24:00,5970.25,5970.75,5967.25,5967.25,278
2025-01-02 03:25:00,5967.0,5968.0,5966.5,5966.5,223
2025-01-02 03:26:00,5966.25,5966.25,5961.0,5962.75,558
2025-01-02 03:27:00,5962.75,5963.0,5961.0,5961.75,389
2025-01-02 03:28:00,5961.75,5962.5,5961.0,5961.25,333
2025-01-02 03:29:00,5961.0,5962.0,5957.0,5958.0,709
2025-01-02 03:30:00,5957.75,5958.5,5957.0,5957.75,424
2025-01-02 03:31:00,5957.75,5962.0,5957.75,5961.0,396
2025-01-02 03:32:00,5961.0,5961.0,5957.5,5958.75,506
2025-01-02 03:33:00,5958.75,5959.25,5955.75,5957.75,295
2025-01-02 03:34:00,5958.0,5959.5,5956.75,5957.25,349
2025-01-02 03:35:00,5957.25,5957.5,5953.25,5956.0,755
2025-01-02 03:36:00,5956.25,5958.0,5956.0,5956.5,268
2025-01-02 03:37:00,5956.25,5957.75,5954.5,5957.5,577
2025-01-02 03:38:00,5957.5,5958.5,5957.0,5957.5,215
2025-01-02 03:39:00,5957.25,5958.75,5956.75,5958.25,221
2025-01-02 03:40:00,5958.5,5961.0,5956.75,5957.0,415
2025-01-02 03:41:00,5956.75,5960.25,5956.75,5959.75,266
2025-01-02 03:42:00,5959.75,5960.75,5958.75,5959.25,167
2025-01-02 03:43:00,5960.0,5963.75,5960.0,5963.0,434
2025-01-02 03:44:00,5962.75,5963.0,5960.5,5960.5,134
2025-01-02 03:45:00,5960.75,5960.75,5958.5,5959.0,361
2025-01-02 03:46:00,5959.0,5959.25,5956.5,5958.75,347
2025-01-02 03:47:00,5958.75,5963.5,5958.25,5963.5,348
2025-01-02 03:48:00,5963.5,5965.5,5962.5,5962.75,436
2025-01-02 03:49:00,5962.75,5965.75,5962.75,5963.5,338
2025-01-02 03:50:00,5963.25,5964.0,5962.5,5963.25,197
2025-01-02 03:51:00,5963.25,5964.5,5963.0,5963.0,169
2025-01-02 03:52:00,5963.25,5963.5,5961.5,5962.0,229
2025-01-02 03:53:00,5962.0,5962.75,5962.0,5962.25,148
2025-01-02 03:54:00,5962.5,5962.5,5960.25,5961.0,110
2025-01-02 03:55:00,5961.25,5961.5,5960.25,5961.0,125
2025-01-02 03:56:00,5961.0,5964.25,5960.25,5964.25,328
2025-01-02 03:57:00,5964.25,5966.0,5964.25,5965.0,369
2025-01-02 03:58:00,5965.0,5965.75,5963.5,5964.5,105
2025-01-02 03:59:00,5964.5,5966.75,5964.5,5965.5,124
2025-01-02 04:00:00,5966.0,5966.25,5964.25,5964.25,182
2025-01-02 04:01:00,5964.5,5964.5,5960.25,5962.5,446
2025-01-02 04:02:00,5962.75,5966.25,5962.75,5965.5,413
2025-01-02 04:03:00,5965.25,5965.75,5961.0,5963.25,527
2025-01-02 04:04:00,5963.5,5964.0,5961.25,5961.5,317
2025-01-02 04:05:00,5961.5,5964.0,5961.5,5962.75,178
2025-01-02 04:06:00,5962.75,5966.0,5962.25,5966.0,186
2025-01-02 04:07:00,5966.0,5968.25,5965.75,5966.5,505
2025-01-02 04:08:00,5966.25,5968.25,5965.5,5967.5,225
2025-01-02 04:09:00,5967.5,5969.25,5967.5,5968.0,315
2025-01-02 04:10:00,5968.0,5969.0,5968.0,5968.5,90
2025-01-02 04:11:00,5968.5,5970.5,5967.75,5970.25,308
2025-01-02 04:12:00,5970.0,5970.75,5969.25,5970.25,287
2025-01-02 04:13:00,5970.5,5971.25,5969.5,5970.0,236
2025-01-02 04:14:00,5969.75,5971.0,5968.5,5969.75,407
2025-01-02 04:15:00,5970.0,5970.5,5969.5,5970.25,96
2025-01-02 04:16:00,5970.5,5971.75,5968.5,5971.5,266
2025-01-02 04:17:00,5971.75,5972.5,5971.25,5971.5,207
2025-01-02 04:18:00,5971.5,5972.0,5971.25,5971.75,134
2025-01-02 04:19:00,5971.75,5971.75,5970.5,5971.0,214
2025-01-02 04:20:00,5971.0,5971.5,5971.0,5971.25,113
2025-01-02 04:21:00,5971.25,5971.5,5970.0,5970.5,175
2025-01-02 04:22:00,5970.75,5970.75,5968.0,5968.75,164
2025-01-02 04:23:00,5969.0,5970.0,5969.0,5970.0,91
2025-01-02 04:24:00,5970.25,5971.0,5969.5,5970.5,121
2025-01-02 04:25:00,5970.5,5971.5,5970.25,5971.5,69
2025-01-02 04:26:00,5971.25,5971.5,5969.25,5969.75,192
2025-01-02 04:27:00,5970.0,5970.5,5968.5,5968.5,255
2025-01-02 04:28:00,5968.75,5968.75,5967.0,5967.75,146
2025-01-02 04:29:00,5967.75,5969.75,5967.75,5968.75,116
2025-01-02 04:30:00,5969.0,5970.25,5968.75,5970.0,75
2025-01-02 04:31:00,5970.0,5970.25,5969.5,5969.5,106
2025-01-02 04:32:00,5969.25,5969.75,5968.0,5969.0,140
2025-01-02 04:33:00,5969.0,5971.0,5969.0,5970.25,221
2025-01-02 04:34:00,5970.5,5971.25,5969.75,5970.25,103
2025-01-02 04:35:00,5970.25,5970.25,5968.5,5970.0,112
2025-01-02 04:36:00,5970.25,5970.75,5969.75,5970.0,110
2025-01-02 04:37:00,5970.0,5970.0,5967.5,5967.75,259
2025-01-02 04:38:00,5967.5,5967.5,5966.25,5966.5,303
2025-01-02 04:39:00,5966.5,5967.25,5963.5,5964.5,356
2025-01-02 04:40:00,5964.25,5964.75,5962.25,5964.25,349
2025-01-02 04:41:00,5964.25,5964.75,5963.25,5964.5,175
2025-01-02 04:42:00,5965.0,5965.75,5963.75,5964.0,204
2025-01-02 04:43:00,5964.0,5968.5,5964.0,5967.25,285
2025-01-02 04:44:00,5967.75,5969.25,5966.75,5969.25,333
2025-01-02 04:45:00,5969.0,5970.0,5968.5,5969.25,189
2025-01-02 04:46:00,5969.0,5969.75,5968.5,5969.0,134
2025-01-02 04:47:00,5969.5,5969.5,5968.75,5968.75,52
2025-01-02 04:48:00,5968.75,5970.25,5968.0,5970.25,179
2025-01-02 04:49:00,5970.25,5971.0,5969.25,5969.75,148
2025-01-02 04:50:00,5969.25,5970.25,5969.25,5970.0,104
2025-01-02 04:51:00,5970.25,5970.75,5970.0,5970.0,235
2025-01-02 04:52:00,5970.25,5970.25,5969.0,5969.5,166
2025-01-02 04:53:00,5969.75,5970.5,5969.5,5970.0,84
2025-01-02 04:54:00,5969.75,5969.75,5968.25,5968.75,129
2025-01-02 04:55:00,5968.5,5968.5,5966.75,5968.0,293
2025-01-02 04:56:00,5968.25,5968.25,5967.25,5967.75,108
2025-01-02 04:57:00,5967.5,5969.25,5967.5,5969.0,100
2025-01-02 04:58:00,5968.75,5969.25,5968.0,5969.0,122
2025-01-02 04:59:00,5968.75,5969.75,5968.5,5969.75,67
2025-01-02 05:00:00,5970.0,5972.25,5970.0,5972.0,347
2025-01-02 05:01:00,5972.0,5974.0,5972.0,5973.25,351
2025-01-02 05:02:00,5973.0,5973.0,5969.5,5971.5,323
2025-01-02 05:03:00,5971.25,5972.0,5971.25,5972.0,104
2025-01-02 05:04:00,5972.0,5972.5,5971.25,5971.5,111
2025-01-02 05:05:00,5971.5,5972.0,5969.75,5970.5,397
2025-01-02 05:06:00,5970.5,5970.75,5969.25,5969.5,147
2025-01-02 05:07:00,5969.25,5969.25,5966.75,5967.25,303
2025-01-02 05:08:00,5967.25,5968.25,5966.5,5968.25,169
2025-01-02 05:09:00,5968.25,5969.0,5967.25,5968.5,144
2025-01-02 05:10:00,5968.5,5970.25,5968.5,5969.75,101
2025-01-02 05:11:00,5970.0,5970.5,5968.75,5969.5,141
2025-01-02 05:12:00,5969.5,5969.5,5968.25,5968.25,172
2025-01-02 05:13:00,5968.0,5968.5,5966.75,5967.0,238
2025-01-02 05:14:00,5967.0,5967.0,5963.75,5965.0,318
2025-01-02 05:15:00,5964.75,5965.75,5964.25,5965.75,209
2025-01-02 05:16:00,5965.75,5967.0,5965.5,5967.0,201
2025-01-02 05:17:00,5966.75,5966.75,5965.5,5965.75,116
2025-01-02 05:18:00,5966.0,5968.25,5965.25,5968.0,168
2025-01-02 05:19:00,5968.25,5969.75,5968.25,5969.5,215
2025-01-02 05:20:00,5969.75,5969.75,5968.75,5969.5,83
2025-01-02 05:21:00,5969.5,5969.75,5968.5,5968.75,97
2025-01-02 05:22:00,5969.0,5969.5,5968.25,5968.75,261
2025-01-02 05:23:00,5969.0,5971.0,5969.0,5970.25,138
2025-01-02 05:24:00,5970.0,5970.0,5968.75,5968.75,88
2025-01-02 05:25:00,5968.75,5969.25,5968.0,5969.25,97
2025-01-02 05:26:00,5969.0,5969.25,5968.0,5968.75,80
2025-01-02 05:27:00,5969.0,5971.0,5969.0,5970.75,146
2025-01-02 05:28:00,5970.5,5970.75,5969.25,5969.75,125
2025-01-02 05:29:00,5969.75,5969.75,5969.0,5969.25,60
2025-01-02 05:30:00,5969.5,5969.75,5969.0,5969.75,34
2025-01-02 05:31:00,5969.25,5970.0,5968.5,5970.0,107
2025-01-02 05:32:00,5969.75,5970.25,5969.5,5969.75,147
2025-01-02 05:33:00,5969.5,5970.75,5968.75,5970.0,203
2025-01-02 05:34:00,5970.0,5970.25,5969.75,5970.0,69
2025-01-02 05:35:00,5970.0,5971.5,5970.0,5971.25,148
2025-01-02 05:36:00,5971.0,5972.25,5970.75,5971.75,142
2025-01-02 05:37:00,5971.75,5973.25,5971.75,5972.75,153
2025-01-02 05:38:00,5972.5,5973.25,5971.75,5972.5,118
2025-01-02 05:39:00,5972.5,5972.75,5971.0,5972.75,114
2025-01-02 05:40:00,5972.5,5973.0,5972.0,5972.5,107
2025-01-02 05:41:00,5972.5,5972.75,5972.0,5972.0,96
2025-01-02 05:42:00,5972.0,5972.75,5971.5,5972.0,178
2025-01-02 05:43:00,5972.0,5972.5,5972.0,5972.5,76
2025-01-02 05:44:00,5972.25,5972.75,5971.25,5972.0,184
2025-01-02 05:45:00,5972.0,5973.0,5971.75,5972.75,222
2025-01-02 05:46:00,5972.5,5973.0,5972.5,5973.0,85
2025-01-02 05:47:00,5972.75,5973.5,5972.75,5973.25,296
2025-01-02 05:48:00,5973.5,5973.5,5972.75,5973.0,112
2025-01-02 05:49:00,5972.75,5973.25,5972.5,5973.0,137
2025-01-02 05:50:00,5973.0,5973.0,5971.5,5972.5,295
2025-01-02 05:51:00,5972.25,5972.75,5970.75,5971.0,139
2025-01-02 05:52:00,5971.0,5971.25,5968.0,5968.75,623
2025-01-02 05:53:00,5969.0,5969.25,5965.25,5966.25,602
2025-01-02 05:54:00,5966.25,5967.5,5965.75,5967.5,173
2025-01-02 05:55:00,5967.75,5968.5,5966.75,5967.5,118
2025-01-02 05:56:00,5967.5,5970.75,5967.5,5970.5,386
2025-01-02 05:57:00,5970.5,5970.5,5969.75,5969.75,94
2025-01-02 05:58:00,5969.75,5970.5,5969.5,5970.25,78
2025-01-02 05:59:00,5970.25,5972.25,5970.25,5971.25,327
2025-01-02 06:00:00,5971.25,5972.5,5971.0,5972.25,334
2025-01-02 06:01:00,5972.25,5972.75,5970.5,5970.5,172
2025-01-02 06:02:00,5970.25,5970.25,5967.5,5967.5,287
2025-01-02 06:03:00,5967.25,5969.25,5966.5,5968.75,188
2025-01-02 06:04:00,5968.5,5969.25,5968.5,5969.25,147
2025-01-02 06:05:00,5969.25,5970.0,5968.75,5969.75,114
2025-01-02 06:06:00,5969.75,5969.75,5968.75,5969.75,73
2025-01-02 06:07:00,5969.75,5970.75,5969.5,5970.0,140
2025-01-02 06:08:00,5969.75,5969.75,5967.25,5969.25,345
2025-01-02 06:09:00,5969.5,5970.75,5969.25,5970.0,194
2025-01-02 06:10:00,5970.0,5970.25,5969.5,5969.75,116
2025-01-02 06:11:00,5969.5,5971.5,5969.5,5971.25,301
2025-01-02 06:12:00,5971.25,5972.0,5971.0,5971.5,146
2025-01-02 06:13:00,5971.25,5972.5,5970.75,5971.75,194
2025-01-02 06:14:00,5971.75,5972.5,5971.5,5972.5,135
2025-01-02 06:15:00,5972.75,5973.5,5971.75,5971.75,187
2025-01-02 06:16:00,5972.0,5972.0,5970.75,5971.5,100
2025-01-02 06:17:00,5971.75,5973.5,5971.75,5972.75,172
2025-01-02 06:18:00,5972.75,5973.25,5972.25,5973.0,239
2025-01-02 06:19:00,5972.75,5973.75,5972.5,5973.5,176
2025-01-02 06:20:00,5973.75,5973.75,5973.0,5973.25,148
2025-01-02 06:21:00,5973.25,5973.5,5972.5,5972.75,229
2025-01-02 06:22:00,5972.75,5972.75,5972.0,5972.0,101
2025-01-02 06:23:00,5972.0,5973.5,5971.75,5972.75,143
2025-01-02 06:24:00,5972.75,5973.25,5972.5,5973.0,158
2025-01-02 06:25:00,5973.0,5973.0,5972.25,5972.25,103
2025-01-02 06:26:00,5972.25,5972.25,5971.25,5971.75,222
2025-01-02 06:27:00,5971.75,5972.5,5970.75,5972.25,187
2025-01-02 06:28:00,5972.5,5972.75,5972.25,5972.25,92
2025-01-02 06:29:00,5972.5,5972.5,5972.25,5972.5,47
2025-01-02 06:30:00,5972.75,5973.0,5972.0,5972.0,113
2025-01-02 06:31:00,5971.75,5972.0,5969.5,5970.0,157
2025-01-02 06:32:00,5970.0,5970.5,5970.0,5970.25,124
2025-01-02 06:33:00,5970.25,5971.0,5969.75,5970.5,124
2025-01-02 06:34:00,5970.25,5970.25,5968.75,5969.0,221
2025-01-02 06:35:00,5969.0,5969.75,5968.75,5969.75,141
2025-01-02 06:36:00,5969.5,5972.0,5969.5,5971.25,283
2025-01-02 06:37:00,5971.25,5971.75,5970.5,5971.5,103
2025-01-02 06:38:00,5971.5,5972.0,5971.25,5971.5,117
2025-01-02 06:39:00,5971.75,5972.75,5971.75,5972.5,214
2025-01-02 06:40:00,5972.5,5972.5,5971.75,5972.25,118
2025-01-02 06:41:00,5972.75,5974.0,5972.5,5973.5,234
2025-01-02 06:42:00,5973.5,5973.5,5972.75,5973.0,85
2025-01-02 06:43:00,5973.0,5977.0,5972.5,5976.75,975
2025-01-02 06:44:00,5976.5,5977.0,5976.0,5976.0,411
2025-01-02 06:45:00,5975.75,5978.0,5975.5,5977.75,446
2025-01-02 06:46:00,5977.75,5979.0,5977.5,5978.5,370
2025-01-02 06:47:00,5978.75,5981.25,5978.5,5981.25,723
2025-01-02 06:48:00,5981.25,5982.75,5980.75,5982.0,902
2025-01-02 06:49:00,5982.0,5984.0,5981.0,5983.5,496
2025-01-02 06:50:00,5983.5,5983.75,5982.75,5983.0,355
2025-01-02 06:51:00,5983.25,5983.25,5980.75,5982.25,627
2025-01-02 06:52:00,5982.25,5982.5,5981.75,5982.0,329
2025-01-02 06:53:00,5982.0,5982.5,5980.5,5981.5,205
2025-01-02 06:54:00,5981.5,5982.5,5981.25,5982.0,252
2025-01-02 06:55:00,5982.0,5982.75,5982.0,5982.75,249
2025-01-02 06:56:00,5982.75,5983.25,5982.5,5982.75,201
2025-01-02 06:57:00,5982.75,5986.5,5982.75,5986.0,1163
2025-01-02 06:58:00,5986.25,5988.25,5986.0,5987.0,836
2025-01-02 06:59:00,5987.25,5988.0,5986.5,5987.5,279
2025-01-02 07:00:00,5987.5,5989.75,5987.25,5989.25,501
2025-01-02 07:01:00,5989.5,5990.5,5987.75,5988.25,858
2025-01-02 07:02:00,5988.25,5992.5,5987.75,5991.25,1095
2025-01-02 07:03:00,5991.25,5992.0,5990.0,5991.25,426
2025-01-02 07:04:00,5991.5,5991.5,5989.0,5989.0,591
2025-01-02 07:05:00,5989.25,5989.75,5987.75,5989.75,509
2025-01-02 07:06:00,5990.0,5991.0,5989.5,5990.75,380
2025-01-02 07:07:00,5990.75,5992.0,5990.75,5992.0,419
2025-01-02 07:08:00,5992.0,5992.0,5990.0,5990.75,269
2025-01-02 07:09:00,5990.5,5991.0,5988.0,5989.75,459
2025-01-02 07:10:00,5990.0,5994.25,5990.0,5993.5,1115
2025-01-02 07:11:00,5993.5,5994.25,5992.75,5993.25,290
2025-01-02 07:12:00,5993.25,5993.5,5991.75,5992.75,436
2025-01-02 07:13:00,5992.75,5994.0,5992.5,5994.0,304
2025-01-02 07:14:00,5994.0,5994.5,5992.25,5994.0,501
2025-01-02 07:15:00,5994.25,5994.5,5992.5,5993.75,512
2025-01-02 07:16:00,5993.75,5994.75,5992.5,5993.0,473
2025-01-02 07:17:00,5993.0,5995.0,5993.0,5994.75,438
2025-01-02 07:18:00,5994.75,5995.0,5993.0,5993.5,231
2025-01-02 07:19:00,5993.5,5994.25,5993.0,5993.5,265
2025-01-02 07:20:00,5993.75,5993.75,5992.5,5993.5,258
2025-01-02 07:21:00,5993.75,5995.25,5993.75,5994.75,617
2025-01-02 07:22:00,5994.75,5995.0,5993.5,5993.75,309
2025-01-02 07:23:00,5994.25,5994.5,5993.75,5994.25,161
2025-01-02 07:24:00,5994.25,5994.5,5992.25,5993.0,369
2025-01-02 07:25:00,5993.0,5994.5,5992.5,5994.0,411
2025-01-02 07:26:00,5994.25,5994.75,5993.75,5994.0,312
2025-01-02 07:27:00,5994.0,5994.5,5992.75,5993.0,515
2025-01-02 07:28:00,5993.25,5993.5,5992.75,5993.0,148
2025-01-02 07:29:00,5993.0,5994.25,5993.0,5994.0,272
2025-01-02 07:30:00,5994.0,5994.5,5993.75,5993.75,177
2025-01-02 07:31:00,5994.0,5994.75,5993.25,5993.25,204
2025-01-02 07:32:00,5993.5,5994.0,5991.5,5992.5,290
2025-01-02 07:33:00,5992.25,5993.0,5991.5,5992.5,293
2025-01-02 07:34:00,5992.75,5993.0,5992.0,5992.5,154
2025-01-02 07:35:00,5992.25,5992.5,5990.75,5991.0,207
2025-01-02 07:36:00,5991.0,5991.75,5990.5,5991.75,277
2025-01-02 07:37:00,5991.75,5992.75,5991.0,5992.5,418
2025-01-02 07:38:00,5992.25,5993.0,5990.75,5991.25,243
2025-01-02 07:39:00,5991.25,5992.5,5991.25,5992.0,289
2025-01-02 07:40:00,5992.0,5992.25,5991.5,5992.0,187
2025-01-02 07:41:00,5992.25,5993.0,5991.5,5992.5,322
2025-01-02 07:42:00,5992.75,5992.75,5987.75,5988.0,608
2025-01-02 07:43:00,5988.0,5988.25,5986.25,5986.25,582
2025-01-02 07:44:00,5986.0,5986.5,5984.5,5985.0,447
2025-01-02 07:45:00,5985.0,5986.0,5984.75,5985.75,324
2025-01-02 07:46:00,5985.75,5986.25,5985.0,5985.0,223
2025-01-02 07:47:00,5985.25,5985.5,5983.75,5984.0,411
2025-01-02 07:48:00,5984.0,5984.5,5982.5,5984.0,599
2025-01-02 07:49:00,5984.0,5985.5,5983.0,5983.75,973
2025-01-02 07:50:00,5983.75,5984.5,5982.5,5983.0,688
2025-01-02 07:51:00,5983.0,5983.25,5982.25,5982.5,570
2025-01-02 07:52:00,5982.75,5982.75,5977.0,5977.25,1232
2025-01-02 07:53:00,5977.25,5979.25,5976.0,5978.5,1980
2025-01-02 07:54:00,5978.75,5980.5,5978.5,5980.25,566
2025-01-02 07:55:00,5980.25,5982.25,5980.25,5981.0,627
2025-01-02 07:56:00,5980.75,5981.25,5979.75,5981.25,339
2025-01-02 07:57:00,5981.25,5983.5,5981.25,5982.75,467
2025-01-02 07:58:00,5982.75,5983.5,5982.25,5983.25,312
2025-01-02 07:59:00,5983.25,5984.75,5983.0,5983.25,352
2025-01-02 08:00:00,5983.25,5984.25,5982.5,5983.5,204
2025-01-02 08:01:00,5983.5,5984.25,5982.25,5983.5,416
2025-01-02 08:02:00,5983.25,5983.5,5982.5,5983.0,285
2025-01-02 08:03:00,5983.0,5983.0,5981.0,5982.0,326
2025-01-02 08:04:00,5982.0,5985.0,5982.0,5983.75,684
2025-01-02 08:05:00,5983.75,5984.5,5983.75,5984.25,142
2025-01-02 08:06:00,5984.0,5985.75,5983.0,5983.25,627
2025-01-02 08:07:00,5983.25,5984.25,5982.75,5983.25,187
2025-01-02 08:08:00,5984.0,5984.5,5982.5,5982.5,148
2025-01-02 08:09:00,5982.75,5982.75,5981.5,5981.75,314
2025-01-02 08:10:00,5982.0,5983.5,5981.75,5983.0,392
2025-01-02 08:11:00,5982.75,5983.25,5981.75,5982.0,214
2025-01-02 08:12:00,5981.75,5982.75,5981.5,5982.0,235
2025-01-02 08:13:00,5982.25,5982.5,5981.25,5982.0,495
2025-01-02 08:14:00,5981.75,5982.5,5981.0,5981.75,231
2025-01-02 08:15:00,5981.75,5982.25,5981.0,5981.0,120
2025-01-02 08:16:00,5981.0,5982.0,5980.5,5981.0,225
2025-01-02 08:17:00,5981.0,5982.5,5981.0,5981.25,142
2025-01-02 08:18:00,5981.25,5981.25,5979.25,5980.0,295
2025-01-02 08:19:00,5980.0,5980.75,5979.25,5979.25,518
2025-01-02 08:20:00,5979.25,5979.75,5978.5,5978.5,303
2025-01-02 08:21:00,5978.5,5979.25,5976.5,5977.0,951
2025-01-02 08:22:00,5977.0,5979.0,5977.0,5978.75,417
2025-01-02 08:23:00,5978.75,5981.5,5977.75,5981.0,449
2025-01-02 08:24:00,5981.25,5981.5,5979.5,5980.0,297
2025-01-02 08:25:00,5980.0,5980.75,5978.75,5979.25,277
2025-01-02 08:26:00,5979.0,5979.25,5976.75,5977.0,387
2025-01-02 08:27:00,5976.75,5978.0,5976.75,5977.25,311
2025-01-02 08:28:00,5977.5,5979.0,5977.5,5978.25,194
2025-01-02 08:29:00,5978.0,5979.75,5978.0,5979.25,198
2025-01-02 08:30:00,5979.25,5979.5,5978.25,5978.25,123
2025-01-02 08:31:00,5978.5,5980.5,5974.75,5979.0,848
2025-01-02 08:32:00,5979.0,5979.0,5976.75,5977.75,307
2025-01-02 08:33:00,5977.75,5982.5,5977.25,5981.75,555
2025-01-02 08:34:00,5981.75,5981.75,5980.25,5981.0,852
2025-01-02 08:35:00,5981.0,5983.5,5980.5,5983.0,661
2025-01-02 08:36:00,5982.75,5983.75,5981.75,5982.5,667
2025-01-02 08:37:00,5982.5,5983.0,5980.75,5981.5,276
2025-01-02 08:38:00,5981.5,5983.25,5981.25,5983.0,254
2025-01-02 08:39:00,5983.25,5986.25,5983.0,5986.25,689
2025-01-02 08:40:00,5986.0,5986.75,5984.0,5984.25,549
2025-01-02 08:41:00,5984.5,5985.0,5982.75,5984.25,341
2025-01-02 08:42:00,5984.25,5986.25,5984.0,5985.75,397
2025-01-02 08:43:00,5985.5,5986.5,5985.25,5986.0,266
2025-01-02 08:44:00,5986.25,5986.75,5985.5,5986.0,180
2025-01-02 08:45:00,5986.25,5988.0,5986.25,5986.5,459
2025-01-02 08:46:00,5986.25,5986.5,5982.75,5983.25,692
2025-01-02 08:47:00,5983.0,5983.25,5980.75,5981.0,725
2025-01-02 08:48:00,5981.25,5983.0,5981.25,5982.75,361
2025-01-02 08:49:00,5982.75,5984.5,5982.75,5983.25,380
2025-01-02 08:50:00,5983.0,5984.0,5981.25,5983.0,775
2025-01-02 08:51:00,5982.75,5982.75,5977.5,5978.0,584
2025-01-02 08:52:00,5978.0,5979.0,5976.5,5977.75,612
2025-01-02 08:53:00,5977.75,5978.5,5976.75,5978.25,316
2025-01-02 08:54:00,5978.5,5978.5,5977.25,5978.5,313
2025-01-02 08:55:00,5978.5,5980.75,5978.5,5980.0,731
2025-01-02 08:56:00,5980.0,5980.25,5979.0,5979.75,242
2025-01-02 08:57:00,5979.75,5979.75,5977.5,5978.0,260
2025-01-02 08:58:00,5978.25,5978.5,5976.75,5978.0,173
2025-01-02 08:59:00,5978.0,5979.0,5976.5,5976.75,256
2025-01-02 09:00:00,5976.75,5978.25,5976.75,5978.25,250
2025-01-02 09:01:00,5978.0,5978.75,5972.0,5974.0,1941
2025-01-02 09:02:00,5974.25,5974.25,5968.0,5969.25,2209
2025-01-02 09:03:00,5969.0,5970.25,5967.75,5969.75,1566
2025-01-02 09:04:00,5969.75,5969.75,5963.25,5966.5,2820
2025-01-02 09:05:00,5966.5,5969.25,5965.5,5969.0,1185
2025-01-02 09:06:00,5969.0,5970.75,5968.0,5969.0,1001
2025-01-02 09:07:00,5969.0,5973.5,5969.0,5971.5,1066
2025-01-02 09:08:00,5971.25,5971.25,5968.75,5971.0,798
2025-01-02 09:09:00,5971.0,5972.75,5969.5,5970.5,495
2025-01-02 09:10:00,5970.0,5971.75,5969.5,5971.5,275
2025-01-02 09:11:00,5971.5,5971.75,5970.25,5971.25,235
2025-01-02 09:12:00,5971.5,5972.25,5969.75,5969.75,434
2025-01-02 09:13:00,5969.75,5971.25,5969.0,5969.25,393
2025-01-02 09:14:00,5969.25,5971.5,5969.0,5971.25,326
2025-01-02 09:15:00,5971.0,5972.75,5969.75,5972.0,871
2025-01-02 09:16:00,5971.75,5976.25,5971.25,5975.0,1204
2025-01-02 09:17:00,5975.0,5975.0,5971.75,5972.25,707
2025-01-02 09:18:00,5972.25,5973.25,5971.25,5971.5,524
2025-01-02 09:19:00,5971.75,5973.75,5971.25,5972.25,383
2025-01-02 09:20:00,5972.0,5972.0,5969.0,5969.5,733
2025-01-02 09:21:00,5969.5,5969.75,5966.75,5969.25,802
2025-01-02 09:22:00,5969.25,5970.5,5969.0,5970.0,433
2025-01-02 09:23:00,5969.5,5969.75,5968.0,5969.5,359
2025-01-02 09:24:00,5969.25,5971.75,5969.0,5970.25,555
2025-01-02 09:25:00,5970.5,5971.5,5969.5,5969.5,568
2025-01-02 09:26:00,5969.5,5969.75,5968.0,5969.0,1801
2025-01-02 09:27:00,5969.0,5970.5,5967.25,5968.5,1115
2025-01-02 09:28:00,5968.25,5969.75,5967.5,5969.0,1021
2025-01-02 09:29:00,5969.25,5969.75,5968.0,5968.25,1084
2025-01-02 09:30:00,5968.25,5970.0,5966.5,5967.75,3164
2025-01-02 09:31:00,5967.75,5968.75,5958.75,5968.5,18021
2025-01-02 09:32:00,5968.5,5970.0,5963.75,5969.0,7208
2025-01-02 09:33:00,5969.0,5970.5,5964.0,5965.0,5509
2025-01-02 09:34:00,5965.0,5965.5,5953.25,5953.5,7341
2025-01-02 09:35:00,5953.5,5959.0,5951.25,5951.25,6561
2025-01-02 09:36:00,5951.5,5952.5,5942.25,5942.75,9944
2025-01-02 09:37:00,5942.75,5949.75,5942.5,5944.25,12106
2025-01-02 09:38:00,5944.0,5947.0,5940.5,5945.75,7623
2025-01-02 09:39:00,5945.75,5948.75,5942.25,5942.5,6833
2025-01-02 09:40:00,5942.75,5943.5,5935.5,5935.75,7106
2025-01-02 09:41:00,5936.0,5941.75,5934.5,5938.0,9078
2025-01-02 09:42:00,5938.0,5941.75,5936.5,5939.25,5532
2025-01-02 09:43:00,5939.5,5944.0,5934.75,5941.75,7075
2025-01-02 09:44:00,5941.5,5945.0,5938.0,5940.75,6696
2025-01-02 09:45:00,5940.5,5944.25,5940.0,5944.0,3646
2025-01-02 09:46:00,5944.0,5947.25,5942.75,5945.5,4706
2025-01-02 09:47:00,5945.5,5950.5,5943.75,5947.0,7876
2025-01-02 09:48:00,5947.0,5951.75,5946.25,5950.25,5334
2025-01-02 09:49:00,5950.25,5952.0,5947.5,5950.75,4864
2025-01-02 09:50:00,5950.75,5959.0,5949.25,5958.25,7649
2025-01-02 09:51:00,5958.5,5962.0,5954.5,5954.5,9028
2025-01-02 09:52:00,5954.25,5958.25,5954.25,5957.5,4432
2025-01-02 09:53:00,5957.25,5963.5,5955.75,5963.25,5136
2025-01-02 09:54:00,5963.25,5966.5,5962.5,5964.0,6044
2025-01-02 09:55:00,5964.0,5972.75,5963.5,5972.75,7418
2025-01-02 09:56:00,5972.5,5978.5,5969.75,5974.0,8433
2025-01-02 09:57:00,5973.75,5977.25,5973.25,5975.0,4882
2025-01-02 09:58:00,5975.0,5978.0,5974.0,5974.75,4202
2025-01-02 09:59:00,5974.5,5975.5,5969.5,5972.5,5169
2025-01-02 10:00:00,5972.5,5975.5,5971.0,5974.75,2917
2025-01-02 10:01:00,5974.75,5979.25,5972.0,5975.25,6935
2025-01-02 10:02:00,5975.0,5976.0,5971.25,5973.25,4286
2025-01-02 10:03:00,5973.25,5977.75,5972.25,5974.25,4621
2025-01-02 10:04:00,5974.25,5975.75,5971.25,5972.0,4406
2025-01-02 10:05:00,5972.25,5979.25,5971.75,5978.75,4381
2025-01-02 10:06:00,5979.0,5984.0,5977.75,5979.5,7363
2025-01-02 10:07:00,5979.5,5985.0,5977.5,5978.5,5178
2025-01-02 10:08:00,5978.5,5978.75,5973.25,5975.25,5074
2025-01-02 10:09:00,5975.5,5979.25,5975.0,5979.25,3812
2025-01-02 10:10:00,5979.25,5980.5,5976.5,5978.25,2964
2025-01-02 10:11:00,5978.0,5979.75,5974.25,5979.75,3859
2025-01-02 10:12:00,5979.75,5983.0,5979.0,5980.25,3722
2025-01-02 10:13:00,5980.5,5981.5,5977.75,5978.5,3349
2025-01-02 10:14:00,5978.75,5982.75,5976.0,5982.0,3662
2025-01-02 10:15:00,5982.25,5983.0,5979.0,5979.5,2964
2025-01-02 10:16:00,5979.75,5981.5,5978.25,5980.25,3570
2025-01-02 10:17:00,5980.5,5982.25,5978.5,5979.5,2797
2025-01-02 10:18:00,5979.5,5979.75,5973.0,5974.0,3984
2025-01-02 10:19:00,5974.0,5977.0,5972.5,5974.25,4427
2025-01-02 10:20:00,5974.5,5975.5,5967.5,5968.0,5180
2025-01-02 10:21:00,5967.75,5969.5,5957.5,5959.5,8763
2025-01-02 10:22:00,5959.25,5960.5,5952.0,5955.25,9719
2025-01-02 10:23:00,5955.25,5956.75,5948.75,5950.75,8294
2025-01-02 10:24:00,5950.75,5951.5,5946.25,5950.5,6831
2025-01-02 10:25:00,5950.75,5953.25,5947.0,5950.25,6920
2025-01-02 10:26:00,5950.0,5954.75,5948.75,5954.25,6047
2025-01-02 10:27:00,5954.25,5958.0,5952.0,5955.25,5229
2025-01-02 10:28:00,5955.5,5956.5,5950.75,5952.75,4995
2025-01-02 10:29:00,5952.75,5953.5,5945.5,5947.5,5606
2025-01-02 10:30:00,5947.25,5952.25,5947.25,5951.0,3995
2025-01-02 10:31:00,5951.0,5953.25,5944.5,5944.75,6262
2025-01-02 10:32:00,5944.75,5945.5,5937.75,5939.5,7851
2025-01-02 10:33:00,5939.25,5947.25,5939.0,5947.0,5815
2025-01-02 10:34:00,5946.75,5948.25,5944.5,5945.75,4308
2025-01-02 10:35:00,5945.5,5950.75,5944.5,5945.5,5271
2025-01-02 10:36:00,5945.25,5945.5,5939.5,5943.25,5043
2025-01-02 10:37:00,5943.0,5949.0,5941.0,5948.75,3605
2025-01-02 10:38:00,5948.5,5954.75,5943.25,5945.75,7175
2025-01-02 10:39:00,5945.75,5946.0,5942.25,5945.0,3734
2025-01-02 10:40:00,5945.25,5946.25,5942.75,5944.5,2656
2025-01-02 10:41:00,5944.5,5949.0,5943.75,5945.75,2839
2025-01-02 10:42:00,5945.75,5945.75,5937.25,5939.0,5121
2025-01-02 10:43:00,5938.75,5941.25,5935.5,5940.5,5712
2025-01-02 10:44:00,5940.5,5941.75,5937.0,5941.75,4720
2025-01-02 10:45:00,5941.5,5943.5,5938.0,5943.0,4302
2025-01-02 10:46:00,5942.75,5944.75,5938.75,5942.75,4955
2025-01-02 10:47:00,5942.5,5943.75,5937.0,5937.25,4187
2025-01-02 10:48:00,5937.5,5940.5,5936.25,5939.5,3519
2025-01-02 10:49:00,5939.75,5949.25,5938.5,5949.0,5216
2025-01-02 10:50:00,5949.0,5953.75,5947.0,5952.25,5797
2025-01-02 10:51:00,5952.25,5953.5,5949.75,5952.75,3115
2025-01-02 10:52:00,5952.75,5957.75,5951.0,5956.5,5850
2025-01-02 10:53:00,5956.5,5960.75,5954.25,5955.5,5290
2025-01-02 10:54:00,5955.5,5956.0,5944.0,5949.0,6567
2025-01-02 10:55:00,5949.0,5957.0,5948.25,5957.0,4147
2025-01-02 10:56:00,5957.0,5958.5,5952.75,5953.5,4009
2025-01-02 10:57:00,5953.25,5955.75,5951.5,5954.5,2541
2025-01-02 10:58:00,5954.5,5955.25,5951.5,5952.5,2443
2025-01-02 10:59:00,5952.25,5954.25,5949.25,5950.0,2875
2025-01-02 11:00:00,5950.0,5950.75,5944.75,5948.0,4645
2025-01-02 11:01:00,5948.25,5950.75,5945.75,5947.0,4065
2025-01-02 11:02:00,5946.75,5947.75,5944.5,5947.0,3179
2025-01-02 11:03:00,5946.75,5948.5,5935.0,5936.75,7280
2025-01-02 11:04:00,5936.75,5938.0,5930.5,5931.5,7395
2025-01-02 11:05:00,5931.5,5932.75,5924.0,5928.75,10265
2025-01-02 11:06:00,5928.5,5931.75,5927.5,5929.75,4253
2025-01-02 11:07:00,5929.75,5935.25,5928.25,5932.0,4386
2025-01-02 11:08:00,5932.0,5932.75,5927.5,5929.75,3023
2025-01-02 11:09:00,5930.0,5932.5,5927.0,5927.25,3540
2025-01-02 11:10:00,5927.0,5932.5,5927.0,5931.75,3232
2025-01-02 11:11:00,5931.5,5932.0,5925.75,5928.75,3703
2025-01-02 11:12:00,5929.0,5934.75,5928.0,5934.0,3372
2025-01-02 11:13:00,5934.0,5935.5,5930.0,5931.5,4003
2025-01-02 11:14:00,5931.5,5934.0,5930.5,5933.5,1709
2025-01-02 11:15:00,5933.5,5940.25,5933.0,5937.0,3767
2025-01-02 11:16:00,5937.0,5937.75,5933.5,5934.5,3105
2025-01-02 11:17:00,5934.5,5940.0,5932.75,5937.0,3108
2025-01-02 11:18:00,5937.0,5939.0,5935.5,5937.5,2010
2025-01-02 11:19:00,5937.25,5938.75,5935.25,5938.75,2072
2025-01-02 11:20:00,5938.75,5943.5,5936.5,5942.25,3285
2025-01-02 11:21:00,5942.25,5943.25,5935.5,5936.5,3927
2025-01-02 11:22:00,5936.5,5937.0,5934.0,5936.0,2673
2025-01-02 11:23:00,5935.75,5937.25,5932.0,5933.5,2564
2025-01-02 11:24:00,5933.5,5941.75,5932.75,5941.5,2646
2025-01-02 11:25:00,5941.5,5949.5,5941.25,5946.25,7231
2025-01-02 11:26:00,5946.25,5947.25,5943.5,5944.5,2709
2025-01-02 11:27:00,5944.25,5949.0,5941.75,5948.5,3497
2025-01-02 11:28:00,5948.5,5948.75,5944.0,5945.5,2417
2025-01-02 11:29:00,5945.5,5948.5,5945.25,5948.5,1720
2025-01-02 11:30:00,5948.5,5949.0,5946.5,5947.75,1596
2025-01-02 11:31:00,5947.5,5950.5,5944.25,5947.5,2557
2025-01-02 11:32:00,5947.25,5948.0,5943.25,5945.75,1963
2025-01-02 11:33:00,5945.5,5947.25,5943.75,5946.25,1653
2025-01-02 11:34:00,5946.0,5949.25,5943.75,5949.0,1696
2025-01-02 11:35:00,5949.0,5950.5,5946.75,5948.5,2216
2025-01-02 11:36:00,5948.5,5952.5,5948.0,5952.5,2275
2025-01-02 11:37:00,5952.25,5953.5,5949.75,5951.5,2732
2025-01-02 11:38:00,5951.25,5951.25,5947.5,5949.5,2189
2025-01-02 11:39:00,5949.5,5951.25,5948.75,5949.5,1631
2025-01-02 11:40:00,5949.25,5955.75,5949.25,5952.0,5727
2025-01-02 11:41:00,5952.0,5958.0,5951.25,5956.25,3644
2025-01-02 11:42:00,5956.0,5957.0,5954.25,5955.5,1793
2025-01-02 11:43:00,5955.25,5955.5,5953.0,5954.5,1811
2025-01-02 11:44:00,5954.25,5954.5,5950.75,5952.25,1994
2025-01-02 11:45:00,5952.25,5952.75,5950.75,5952.0,1704
2025-01-02 11:46:00,5951.75,5952.75,5950.25,5952.25,1481
2025-01-02 11:47:00,5952.0,5952.5,5950.25,5952.5,1394
2025-01-02 11:48:00,5952.25,5954.0,5951.25,5953.25,1223
2025-01-02 11:49:00,5953.5,5958.0,5953.0,5957.0,2632
2025-01-02 11:50:00,5957.0,5959.25,5956.0,5958.25,2150
2025-01-02 11:51:00,5958.25,5958.75,5956.0,5957.25,1672
2025-01-02 11:52:00,5957.25,5960.0,5956.75,5959.75,2031
2025-01-02 11:53:00,5960.0,5960.0,5954.0,5954.5,1831
2025-01-02 11:54:00,5954.75,5955.0,5953.0,5954.25,1914
2025-01-02 11:55:00,5954.25,5954.5,5945.5,5949.25,4021
2025-01-02 11:56:00,5949.5,5952.25,5948.75,5950.75,2167
2025-01-02 11:57:00,5950.75,5951.25,5949.25,5949.75,1502
2025-01-02 11:58:00,5949.5,5951.0,5948.25,5950.5,1357
2025-01-02 11:59:00,5950.25,5953.25,5949.0,5952.5,1448
2025-01-02 12:00:00,5952.5,5953.25,5950.25,5951.25,1283
2025-01-02 12:01:00,5951.25,5952.5,5949.5,5949.75,1620
2025-01-02 12:02:00,5949.75,5952.25,5948.5,5951.75,1298
2025-01-02 12:03:00,5952.0,5953.5,5946.0,5948.75,3011
2025-01-02 12:04:00,5949.0,5952.0,5948.5,5951.75,1410
2025-01-02 12:05:00,5951.75,5955.0,5950.5,5955.0,1502
2025-01-02 12:06:00,5955.0,5955.0,5951.5,5952.25,1537
2025-01-02 12:07:00,5952.25,5954.75,5949.25,5949.75,1412
2025-01-02 12:08:00,5949.75,5950.25,5947.0,5948.25,1769
2025-01-02 12:09:00,5948.25,5948.75,5944.75,5947.5,2467
2025-01-02 12:10:00,5947.5,5948.5,5946.0,5946.75,1173
2025-01-02 12:11:00,5946.75,5951.0,5946.5,5950.75,1558
2025-01-02 12:12:00,5951.0,5953.0,5949.0,5950.25,1910
2025-01-02 12:13:00,5950.25,5953.5,5950.25,5953.0,1223
2025-01-02 12:14:00,5953.0,5959.25,5953.0,5958.5,2868
2025-01-02 12:15:00,5958.5,5958.5,5955.0,5955.5,1757
2025-01-02 12:16:00,5955.5,5955.75,5952.75,5955.25,1892
2025-01-02 12:17:00,5955.0,5955.75,5950.0,5950.25,1835
2025-01-02 12:18:00,5950.25,5951.75,5948.5,5949.5,2519
2025-01-02 12:19:00,5949.25,5951.75,5947.75,5948.0,2751
2025-01-02 12:20:00,5948.0,5949.0,5946.25,5948.0,2117
2025-01-02 12:21:00,5948.25,5948.5,5940.5,5941.0,3716
2025-01-02 12:22:00,5940.75,5944.5,5937.75,5943.75,3710
2025-01-02 12:23:00,5944.0,5944.5,5940.5,5941.5,2206
2025-01-02 12:24:00,5941.5,5942.25,5937.25,5938.25,2711
2025-01-02 12:25:00,5938.5,5938.75,5934.25,5936.25,2930
2025-01-02 12:26:00,5936.0,5936.0,5932.75,5933.75,3758
2025-01-02 12:27:00,5933.5,5934.75,5929.0,5930.5,3817
2025-01-02 12:28:00,5930.75,5930.75,5920.5,5921.75,6008
2025-01-02 12:29:00,5922.0,5924.25,5919.5,5921.5,6959
2025-01-02 12:30:00,5921.25,5921.5,5913.25,5916.0,8708
2025-01-02 12:31:00,5916.0,5916.0,5909.75,5911.25,8841
2025-01-02 12:32:00,5911.25,5914.0,5906.0,5912.75,9326
2025-01-02 12:33:00,5912.75,5914.75,5908.75,5909.5,7432
2025-01-02 12:34:00,5909.5,5910.75,5904.75,5908.0,6147
2025-01-02 12:35:00,5907.75,5908.75,5905.0,5908.0,4150
2025-01-02 12:36:00,5908.0,5909.0,5905.75,5906.5,5098
2025-01-02 12:37:00,5906.75,5907.25,5903.25,5905.25,4294
2025-01-02 12:38:00,5905.0,5905.5,5896.0,5897.25,8533
2025-01-02 12:39:00,5897.0,5898.25,5892.0,5896.25,7319
2025-01-02 12:40:00,5896.5,5897.25,5892.75,5893.75,5154
2025-01-02 12:41:00,5893.75,5894.75,5889.25,5892.25,6941
2025-01-02 12:42:00,5892.25,5898.5,5891.25,5893.5,6344
2025-01-02 12:43:00,5893.25,5893.5,5884.5,5888.0,11910
2025-01-02 12:44:00,5888.0,5894.5,5887.5,5893.25,5338
2025-01-02 12:45:00,5893.25,5895.0,5890.75,5892.5,5296
2025-01-02 12:46:00,5892.5,5893.5,5888.75,5892.25,4810
2025-01-02 12:47:00,5892.25,5895.25,5889.0,5891.25,4524
2025-01-02 12:48:00,5891.0,5891.75,5887.75,5890.0,3940
2025-01-02 12:49:00,5890.25,5890.75,5885.0,5887.75,3207
2025-01-02 12:50:00,5887.5,5889.5,5883.25,5883.25,3404
2025-01-02 12:51:00,5883.25,5890.0,5879.75,5889.25,8219
2025-01-02 12:52:00,5889.0,5894.75,5887.75,5894.5,5816
2025-01-02 12:53:00,5894.5,5898.25,5893.5,5894.25,5551
2025-01-02 12:54:00,5894.25,5896.75,5893.0,5896.75,3812
2025-01-02 12:55:00,5896.75,5898.0,5891.25,5892.25,3873
2025-01-02 12:56:00,5892.25,5897.0,5891.75,5892.75,4132
2025-01-02 12:57:00,5892.75,5899.5,5892.25,5899.5,3263
2025-01-02 12:58:00,5899.5,5900.75,5896.0,5897.0,3304
2025-01-02 12:59:00,5896.75,5900.25,5896.25,5899.5,2833
2025-01-02 13:00:00,5899.75,5903.25,5897.5,5899.0,5551
2025-01-02 13:01:00,5899.25,5899.5,5892.5,5893.5,4164
2025-01-02 13:02:00,5893.5,5894.25,5888.75,5889.5,4023
2025-01-02 13:03:00,5889.75,5894.25,5887.5,5888.75,5654
2025-01-02 13:04:00,5888.75,5890.75,5886.75,5887.5,2864
2025-01-02 13:05:00,5887.75,5887.75,5882.5,5885.5,3367
2025-01-02 13:06:00,5885.5,5890.0,5884.5,5888.25,3705
2025-01-02 13:07:00,5888.5,5892.0,5888.0,5891.5,3265
2025-01-02 13:08:00,5891.75,5895.75,5890.75,5895.5,3078
2025-01-02 13:09:00,5895.25,5896.0,5894.25,5895.5,2315
2025-01-02 13:10:00,5895.25,5901.25,5895.0,5896.75,4540
2025-01-02 13:11:00,5896.75,5897.0,5889.25,5890.0,4494
2025-01-02 13:12:00,5890.0,5894.0,5888.0,5888.5,2656
2025-01-02 13:13:00,5888.5,5889.25,5885.25,5887.5,3210
2025-01-02 13:14:00,5887.5,5888.0,5885.75,5886.75,1956
2025-01-02 13:15:00,5886.75,5888.25,5885.5,5887.0,1770
2025-01-02 13:16:00,5887.25,5888.25,5881.0,5884.25,4213
2025-01-02 13:17:00,5884.25,5887.25,5882.5,5886.0,2585
2025-01-02 13:18:00,5886.0,5888.5,5884.0,5884.0,3504
2025-01-02 13:19:00,5884.0,5890.0,5884.0,5889.75,3064
2025-01-02 13:20:00,5889.75,5890.0,5887.75,5888.25,1676
2025-01-02 13:21:00,5888.5,5896.25,5888.25,5893.25,3529
2025-01-02 13:22:00,5893.5,5894.5,5886.0,5887.75,3182
2025-01-02 13:23:00,5887.75,5892.5,5886.0,5890.5,2118
2025-01-02 13:24:00,5890.5,5893.5,5890.0,5890.75,1704
2025-01-02 13:25:00,5891.0,5891.5,5887.5,5888.5,2000
2025-01-02 13:26:00,5888.5,5889.5,5886.0,5888.25,2211
2025-01-02 13:27:00,5888.5,5890.5,5885.0,5886.0,1738
2025-01-02 13:28:00,5886.0,5891.25,5885.25,5890.5,1449
2025-01-02 13:29:00,5890.75,5891.75,5888.25,5889.0,1724
2025-01-02 13:30:00,5889.0,5894.0,5888.0,5893.5,1707
2025-01-02 13:31:00,5893.5,5893.5,5885.0,5885.25,2763
2025-01-02 13:32:00,5885.25,5885.5,5877.5,5878.5,5466
2025-01-02 13:33:00,5878.75,5880.25,5877.5,5879.25,4080
2025-01-02 13:34:00,5879.0,5882.5,5877.5,5881.5,2914
2025-01-02 13:35:00,5881.5,5882.75,5878.5,5879.25,2195
2025-01-02 13:36:00,5879.25,5882.25,5878.0,5881.0,2044
2025-01-02 13:37:00,5881.0,5888.75,5880.75,5887.75,3707
2025-01-02 13:38:00,5887.75,5890.75,5887.25,5889.0,2705
2025-01-02 13:39:00,5888.75,5889.5,5882.5,5883.25,2501
2025-01-02 13:40:00,5883.25,5885.25,5882.75,5883.25,1674
2025-01-02 13:41:00,5883.0,5883.75,5880.0,5880.5,2229
2025-01-02 13:42:00,5880.25,5883.5,5878.75,5882.25,2136
2025-01-02 13:43:00,5882.0,5883.0,5880.25,5881.25,1522
2025-01-02 13:44:00,5881.25,5890.25,5881.0,5888.0,5392
2025-01-02 13:45:00,5887.75,5894.25,5887.5,5893.5,8505
2025-01-02 13:46:00,5893.25,5893.25,5888.0,5889.75,2359
2025-01-02 13:47:00,5889.75,5891.75,5888.0,5889.25,1837
2025-01-02 13:48:00,5889.0,5891.0,5887.0,5888.25,1808
2025-01-02 13:49:00,5888.0,5889.0,5880.0,5880.75,2615
2025-01-02 13:50:00,5880.5,5883.75,5880.0,5882.75,3111
2025-01-02 13:51:00,5882.75,5884.5,5880.25,5881.75,2618
2025-01-02 13:52:00,5881.5,5883.75,5880.5,5881.25,1899
2025-01-02 13:53:00,5881.0,5882.25,5877.0,5878.5,2836
2025-01-02 13:54:00,5878.25,5881.25,5877.0,5878.5,3166
2025-01-02 13:55:00,5878.5,5878.75,5874.75,5876.75,4859
2025-01-02 13:56:00,5877.0,5882.0,5876.75,5881.0,3866
2025-01-02 13:57:00,5880.75,5883.5,5879.5,5881.5,3049
2025-01-02 13:58:00,5881.5,5885.25,5880.5,5883.5,2156
2025-01-02 13:59:00,5883.25,5888.0,5883.0,5886.75,3004
2025-01-02 14:00:00,5886.5,5890.25,5886.5,5889.0,2912
2025-01-02 14:01:00,5889.25,5890.5,5886.0,5887.25,2822
2025-01-02 14:02:00,5887.0,5888.75,5885.25,5885.25,2368
2025-01-02 14:03:00,5885.5,5886.75,5883.75,5886.75,2333
2025-01-02 14:04:00,5887.0,5892.5,5887.0,5890.25,3062
2025-01-02 14:05:00,5890.25,5896.25,5889.75,5895.5,3562
2025-01-02 14:06:00,5895.5,5896.5,5893.75,5894.5,2345
2025-01-02 14:07:00,5894.5,5900.5,5893.0,5899.5,3748
2025-01-02 14:08:00,5899.5,5901.25,5894.0,5894.5,3273
2025-01-02 14:09:00,5894.75,5895.75,5893.0,5893.25,2397
2025-01-02 14:10:00,5893.5,5894.25,5889.75,5893.75,2476
2025-01-02 14:11:00,5893.75,5895.0,5892.25,5894.5,1711
2025-01-02 14:12:00,5894.25,5896.75,5893.5,5894.0,2214
2025-01-02 14:13:00,5894.25,5894.5,5892.0,5893.25,1359
2025-01-02 14:14:00,5893.25,5893.75,5889.75,5891.25,2176
2025-01-02 14:15:00,5891.25,5893.25,5890.5,5891.0,1366
2025-01-02 14:16:00,5891.0,5893.75,5890.5,5892.25,1565
2025-01-02 14:17:00,5892.5,5893.75,5889.25,5891.25,1540
2025-01-02 14:18:00,5891.25,5895.0,5890.75,5893.25,1621
2025-01-02 14:19:00,5893.5,5897.25,5892.5,5896.5,1622
2025-01-02 14:20:00,5896.5,5896.75,5892.75,5894.0,1825
2025-01-02 14:21:00,5894.0,5895.0,5892.75,5893.5,1142
2025-01-02 14:22:00,5893.5,5895.75,5893.0,5895.25,1155
2025-01-02 14:23:00,5895.25,5899.0,5893.75,5898.75,1748
2025-01-02 14:24:00,5899.0,5900.75,5898.25,5898.25,2017
2025-01-02 14:25:00,5898.25,5901.75,5896.75,5901.25,1735
2025-01-02 14:26:00,5901.0,5903.75,5899.75,5901.0,3274
2025-01-02 14:27:00,5901.0,5902.5,5899.5,5902.25,2100
2025-01-02 14:28:00,5902.25,5905.25,5902.25,5903.75,2475
2025-01-02 14:29:00,5904.0,5905.75,5902.75,5903.75,1923
2025-01-02 14:30:00,5903.75,5904.0,5901.5,5903.25,1961
2025-01-02 14:31:00,5903.5,5903.5,5896.0,5898.5,3134
2025-01-02 14:32:00,5898.75,5902.25,5898.25,5901.5,1484
2025-01-02 14:33:00,5901.75,5903.5,5900.25,5902.75,1833
2025-01-02 14:34:00,5903.0,5903.0,5899.0,5900.0,1487
2025-01-02 14:35:00,5900.0,5900.5,5896.75,5898.5,2925
2025-01-02 14:36:00,5898.75,5899.0,5891.5,5891.75,4243
2025-01-02 14:37:00,5891.75,5895.5,5891.5,5894.75,2382
2025-01-02 14:38:00,5895.0,5898.25,5893.0,5897.75,1676
2025-01-02 14:39:00,5898.0,5900.25,5897.0,5899.0,1526
2025-01-02 14:40:00,5899.25,5900.0,5897.25,5897.25,1055
2025-01-02 14:41:00,5897.5,5900.5,5897.0,5900.25,1310
2025-01-02 14:42:00,5900.5,5900.5,5897.0,5898.25,1149
2025-01-02 14:43:00,5898.5,5901.0,5898.25,5900.25,840
2025-01-02 14:44:00,5900.5,5903.0,5897.5,5897.75,1562
2025-01-02 14:45:00,5898.0,5899.25,5897.25,5899.0,929
2025-01-02 14:46:00,5899.25,5900.25,5898.5,5899.25,755
2025-01-02 14:47:00,5899.25,5899.25,5893.0,5893.5,2154
2025-01-02 14:48:00,5893.75,5900.75,5892.5,5898.75,6516
2025-01-02 14:49:00,5899.0,5907.75,5898.5,5907.0,3702
2025-01-02 14:50:00,5907.0,5909.0,5903.75,5904.25,3481
2025-01-02 14:51:00,5904.5,5905.75,5902.5,5904.0,1752
2025-01-02 14:52:00,5904.0,5907.0,5903.5,5907.0,1478
2025-01-02 14:53:00,5907.0,5911.0,5906.25,5910.0,6328
2025-01-02 14:54:00,5910.0,5910.25,5904.75,5905.5,2470
2025-01-02 14:55:00,5905.75,5908.0,5904.5,5907.0,1532
2025-01-02 14:56:00,5907.25,5907.25,5904.0,5904.75,1488
2025-01-02 14:57:00,5905.0,5905.0,5900.25,5901.75,2652
2025-01-02 14:58:00,5902.0,5902.0,5895.5,5896.5,3337
2025-01-02 14:59:00,5896.5,5898.25,5895.25,5897.25,1626
2025-01-02 15:00:00,5897.25,5897.75,5891.25,5892.5,2726
2025-01-02 15:01:00,5892.5,5897.5,5892.25,5896.25,2339
2025-01-02 15:02:00,5896.25,5898.5,5895.25,5895.5,2426
2025-01-02 15:03:00,5895.5,5900.0,5895.5,5899.75,1776
2025-01-02 15:04:00,5899.5,5904.25,5899.25,5903.0,2534
2025-01-02 15:05:00,5903.0,5910.0,5902.0,5908.5,4898
2025-01-02 15:06:00,5908.25,5908.75,5904.5,5905.5,2338
2025-01-02 15:07:00,5905.5,5908.5,5904.5,5906.0,1711
2025-01-02 15:08:00,5906.25,5907.0,5904.75,5906.25,1288
2025-01-02 15:09:00,5906.25,5910.0,5904.75,5909.0,1936
2025-01-02 15:10:00,5908.75,5910.5,5907.75,5908.75,1684
2025-01-02 15:11:00,5908.75,5911.25,5907.75,5910.25,1872
2025-01-02 15:12:00,5910.5,5911.75,5907.25,5911.0,2386
2025-01-02 15:13:00,5911.0,5916.25,5910.75,5916.0,4483
2025-01-02 15:14:00,5916.0,5918.0,5914.5,5916.5,4132
2025-01-02 15:15:00,5916.25,5916.5,5913.25,5914.75,2790
2025-01-02 15:16:00,5914.5,5914.75,5909.25,5911.5,3656
2025-01-02 15:17:00,5911.5,5912.25,5909.75,5911.5,2113
2025-01-02 15:18:00,5911.25,5913.5,5910.75,5913.5,1882
2025-01-02 15:19:00,5913.25,5915.25,5912.25,5914.5,1863
2025-01-02 15:20:00,5914.5,5915.5,5913.75,5915.5,1291
2025-01-02 15:21:00,5915.5,5916.25,5912.5,5913.75,2197
2025-01-02 15:22:00,5913.75,5917.25,5912.25,5914.75,2848
2025-01-02 15:23:00,5914.5,5919.25,5914.25,5917.25,3063
2025-01-02 15:24:00,5917.25,5918.25,5915.5,5917.0,1535
2025-01-02 15:25:00,5916.75,5917.5,5915.25,5916.0,2027
2025-01-02 15:26:00,5916.0,5917.25,5914.25,5914.25,2532
2025-01-02 15:27:00,5914.5,5916.5,5914.25,5916.25,1462
2025-01-02 15:28:00,5916.0,5917.5,5916.0,5916.5,1023
2025-01-02 15:29:00,5916.25,5918.5,5915.75,5917.5,1113
2025-01-02 15:30:00,5917.25,5918.25,5915.25,5915.75,1252
2025-01-02 15:31:00,5916.0,5918.0,5911.75,5913.0,3476
2025-01-02 15:32:00,5912.75,5924.5,5912.25,5923.25,5809
2025-01-02 15:33:00,5923.0,5925.25,5918.75,5921.25,6176
2025-01-02 15:34:00,5921.25,5921.75,5916.25,5918.25,3128
2025-01-02 15:35:00,5918.5,5918.5,5914.75,5916.0,3085
2025-01-02 15:36:00,5916.0,5916.0,5909.75,5910.5,3644
2025-01-02 15:37:00,5910.25,5910.75,5907.5,5909.5,3446
2025-01-02 15:38:00,5909.5,5910.75,5906.75,5910.25,2750
2025-01-02 15:39:00,5910.0,5911.75,5909.0,5911.5,1964
2025-01-02 15:40:00,5911.25,5911.25,5907.5,5909.75,2101
2025-01-02 15:41:00,5910.0,5913.0,5909.25,5913.0,2982
2025-01-02 15:42:00,5912.75,5913.75,5910.0,5913.0,3232
2025-01-02 15:43:00,5913.0,5914.75,5911.0,5914.0,2409
2025-01-02 15:44:00,5914.0,5915.0,5911.0,5911.75,2158
2025-01-02 15:45:00,5912.0,5914.5,5911.5,5912.75,1598
2025-01-02 15:46:00,5912.75,5914.0,5910.75,5913.5,2528
2025-01-02 15:47:00,5913.25,5919.25,5913.25,5915.0,3813
2025-01-02 15:48:00,5915.0,5916.75,5911.75,5916.5,2443
2025-01-02 15:49:00,5916.5,5918.0,5915.25,5916.0,2383
2025-01-02 15:50:00,5916.0,5918.5,5915.75,5916.25,2680
2025-01-02 15:51:00,5916.0,5922.0,5916.0,5917.5,5293
2025-01-02 15:52:00,5917.5,5919.75,5912.75,5913.25,3182
2025-01-02 15:53:00,5913.25,5917.5,5911.0,5917.5,3635
2025-01-02 15:54:00,5917.25,5920.25,5916.75,5917.0,3447
2025-01-02 15:55:00,5917.0,5919.0,5912.0,5912.25,4523
2025-01-02 15:56:00,5912.5,5918.0,5909.25,5916.75,6525
2025-01-02 15:57:00,5916.5,5918.25,5915.0,5915.0,4041
2025-01-02 15:58:00,5915.25,5917.25,5914.75,5915.5,3401
2025-01-02 15:59:00,5915.75,5916.25,5912.75,5914.5,5367
2025-01-02 16:00:00,5914.5,5919.75,5911.25,5917.25,43761
2025-01-02 16:01:00,5917.5,5921.5,5917.0,5921.0,12554
2025-01-02 16:02:00,5921.0,5921.75,5919.25,5921.0,3293
2025-01-02 16:03:00,5921.25,5923.25,5921.0,5921.75,2012
2025-01-02 16:04:00,5922.0,5922.25,5920.0,5921.5,1814
2025-01-02 16:05:00,5921.5,5922.75,5921.25,5922.0,1196
2025-01-02 16:06:00,5922.0,5922.5,5920.0,5920.25,1191
2025-01-02 16:07:00,5920.5,5920.5,5918.75,5920.25,1162
2025-01-02 16:08:00,5920.25,5920.5,5919.5,5920.25,865
2025-01-02 16:09:00,5920.5,5921.25,5919.5,5921.25,1063
2025-01-02 16:10:00,5921.25,5922.25,5920.75,5921.75,883
2025-01-02 16:11:00,5921.5,5921.75,5919.25,5920.75,1168
2025-01-02 16:12:00,5920.5,5921.0,5920.0,5920.75,552
2025-01-02 16:13:00,5920.75,5921.5,5920.25,5921.0,650
2025-01-02 16:14:00,5920.75,5921.25,5920.0,5920.5,747
2025-01-02 16:15:00,5920.25,5922.75,5919.75,5921.75,1449
2025-01-02 16:16:00,5922.0,5922.0,5920.0,5920.25,536
2025-01-02 16:17:00,5920.25,5922.5,5920.0,5922.5,529
2025-01-02 16:18:00,5922.25,5922.25,5920.5,5921.0,446
2025-01-02 16:19:00,5920.75,5922.75,5920.75,5922.25,783
2025-01-02 16:20:00,5922.25,5923.0,5922.0,5922.0,407
2025-01-02 16:21:00,5922.0,5922.5,5921.75,5922.0,199
2025-01-02 16:22:00,5922.0,5923.25,5922.0,5922.5,520
2025-01-02 16:23:00,5922.75,5924.0,5922.5,5923.75,295
2025-01-02 16:24:00,5923.5,5923.75,5922.0,5922.75,532
2025-01-02 16:25:00,5923.0,5923.25,5922.75,5923.0,82
2025-01-02 16:26:00,5923.25,5923.5,5921.75,5922.5,679
2025-01-02 16:27:00,5922.75,5923.25,5922.75,5923.25,237
2025-01-02 16:28:00,5923.25,5923.5,5923.0,5923.25,93
2025-01-02 16:29:00,5923.25,5924.75,5923.25,5924.75,433
2025-01-02 16:30:00,5924.5,5925.25,5924.25,5924.75,414
2025-01-02 16:31:00,5925.0,5925.25,5924.25,5924.25,299
2025-01-02 16:32:00,5924.0,5924.5,5923.5,5924.0,144
2025-01-02 16:33:00,5924.25,5924.25,5923.25,5923.25,153
2025-01-02 16:34:00,5923.0,5923.25,5922.25,5922.25,166
2025-01-02 16:35:00,5922.25,5923.25,5922.25,5923.0,191
2025-01-02 16:36:00,5923.0,5923.25,5921.0,5921.5,403
2025-01-02 16:37:00,5921.5,5922.0,5921.25,5921.5,279
2025-01-02 16:38:00,5921.5,5922.25,5921.5,5922.25,152
2025-01-02 16:39:00,5922.0,5922.0,5921.25,5921.5,271
2025-01-02 16:40:00,5921.5,5921.75,5921.25,5921.5,251
2025-01-02 16:41:00,5921.5,5921.75,5921.25,5921.75,65
2025-01-02 16:42:00,5921.5,5921.5,5921.0,5921.25,185
2025-01-02 16:43:00,5921.0,5922.0,5920.75,5921.75,324
2025-01-02 16:44:00,5921.5,5921.5,5920.5,5921.0,399
2025-01-02 16:45:00,5921.0,5921.25,5919.25,5921.0,467
2025-01-02 16:46:00,5921.0,5921.25,5920.25,5920.5,86
2025-01-02 16:47:00,5920.5,5921.0,5920.25,5921.0,130
2025-01-02 16:48:00,5920.5,5921.5,5920.5,5921.25,135
2025-01-02 16:49:00,5921.0,5921.25,5920.75,5921.0,56
2025-01-02 16:50:00,5921.0,5921.25,5920.75,5921.0,59
2025-01-02 16:51:00,5921.25,5921.25,5920.25,5920.25,163
2025-01-02 16:52:00,5920.0,5920.5,5919.5,5920.5,152
2025-01-02 16:53:00,5920.25,5920.5,5920.0,5920.25,57
2025-01-02 16:54:00,5920.0,5920.25,5920.0,5920.25,60
2025-01-02 16:55:00,5920.0,5920.5,5920.0,5920.5,157
2025-01-02 16:56:00,5920.5,5920.75,5919.75,5920.0,161
2025-01-02 16:57:00,5920.0,5920.75,5919.75,5920.0,115
2025-01-02 16:58:00,5920.0,5920.25,5920.0,5920.25,76
2025-01-02 16:59:00,5920.0,5920.25,5919.75,5920.25,89
2025-01-02 17:00:00,5920.5,5921.0,5919.75,5920.0,307
2025-01-02 18:01:00,5921.0,5922.75,5919.0,5920.5,581
2025-01-02 18:02:00,5920.5,5920.5,5918.25,5918.5,165
2025-01-02 18:03:00,5918.25,5918.5,5917.75,5918.0,173
2025-01-02 18:04:00,5918.25,5918.5,5918.0,5918.5,45
2025-01-02 18:05:00,5918.5,5918.75,5917.5,5917.75,62
2025-01-02 18:06:00,5918.0,5918.25,5917.25,5917.25,67
2025-01-02 18:07:00,5917.25,5917.25,5916.25,5917.0,142
2025-01-02 18:08:00,5916.5,5916.75,5915.5,5915.75,164
2025-01-02 18:09:00,5915.75,5917.0,5915.75,5916.75,233
2025-01-02 18:10:00,5917.0,5918.0,5917.0,5917.5,121
2025-01-02 18:11:00,5917.5,5917.5,5917.0,5917.5,108
2025-01-02 18:12:00,5917.75,5918.0,5917.5,5918.0,36
2025-01-02 18:13:00,5918.0,5918.5,5918.0,5918.5,75
2025-01-02 18:14:00,5918.25,5918.75,5918.25,5918.75,39
2025-01-02 18:15:00,5918.75,5918.75,5917.5,5917.75,67
2025-01-02 18:16:00,5917.75,5918.0,5917.5,5917.5,47
2025-01-02 18:17:00,5917.75,5918.75,5917.75,5918.75,111
2025-01-02 18:18:00,5918.75,5919.75,5918.75,5919.25,98
2025-01-02 18:19:00,5919.25,5920.0,5919.0,5919.0,142
2025-01-02 18:20:00,5919.0,5919.5,5919.0,5919.25,114
2025-01-02 18:21:00,5919.5,5919.5,5918.75,5919.0,115
2025-01-02 18:22:00,5918.75,5918.75,5918.0,5918.0,117
2025-01-02 18:23:00,5917.75,5917.75,5916.5,5917.0,147
2025-01-02 18:24:00,5917.0,5917.25,5916.75,5916.75,67
2025-01-02 18:25:00,5916.75,5917.25,5916.5,5917.0,58
2025-01-02 18:26:00,5916.75,5917.0,5914.5,5914.75,293
2025-01-02 18:27:00,5914.75,5915.0,5913.75,5914.25,149
2025-01-02 18:28:00,5914.5,5915.0,5914.0,5914.0,77
2025-01-02 18:29:00,5914.0,5914.75,5913.5,5914.25,189
2025-01-02 18:30:00,5914.0,5915.25,5913.75,5915.25,197
2025-01-02 18:31:00,5915.5,5917.25,5915.5,5916.5,169
2025-01-02 18:32:00,5916.25,5916.25,5915.25,5915.5,115
2025-01-02 18:33:00,5915.5,5915.5,5914.0,5914.0,115
2025-01-02 18:34:00,5914.0,5914.25,5913.5,5913.75,307
2025-01-02 18:35:00,5914.0,5914.25,5914.0,5914.25,57
2025-01-02 18:36:00,5914.25,5914.5,5913.5,5913.75,141
2025-01-02 18:37:00,5913.5,5914.0,5913.5,5913.75,122
2025-01-02 18:38:00,5913.5,5914.0,5913.5,5914.0,91
2025-01-02 18:39:00,5914.0,5914.5,5914.0,5914.25,117
2025-01-02 18:40:00,5914.0,5914.25,5913.75,5914.0,31
2025-01-02 18:41:00,5913.75,5914.25,5913.75,5914.0,55
2025-01-02 18:42:00,5914.0,5914.0,5913.75,5914.0,34
2025-01-02 18:43:00,5914.25,5914.5,5914.0,5914.5,39
2025-01-02 18:44:00,5914.5,5914.75,5914.25,5914.25,137
2025-01-02 18:45:00,5914.0,5914.25,5913.75,5914.0,33
2025-01-02 18:46:00,5914.25,5914.25,5913.75,5914.25,54
2025-01-02 18:47:00,5914.0,5914.25,5913.75,5914.0,66
2025-01-02 18:48:00,5914.0,5914.0,5913.5,5914.0,58
2025-01-02 18:49:00,5914.25,5914.5,5911.25,5911.75,429
2025-01-02 18:50:00,5911.75,5912.5,5911.25,5912.5,166
2025-01-02 18:51:00,5912.75,5913.25,5912.5,5913.0,92
2025-01-02 18:52:00,5913.0,5913.25,5912.0,5912.5,130
2025-01-02 18:53:00,5912.75,5913.5,5912.75,5913.5,43
2025-01-02 18:54:00,5913.25,5913.75,5913.25,5913.5,23
2025-01-02 18:55:00,5913.75,5914.25,5913.5,5914.25,60
2025-01-02 18:56:00,5914.25,5915.25,5914.25,5915.25,274
2025-01-02 18:57:00,5915.25,5915.25,5914.25,5914.25,134
2025-01-02 18:58:00,5914.25,5915.0,5914.25,5914.75,37
2025-01-02 18:59:00,5914.75,5914.75,5914.25,5914.5,23
2025-01-02 19:00:00,5914.75,5914.75,5914.75,5914.75,23
2025-01-02 19:01:00,5914.5,5915.0,5914.25,5914.75,59
2025-01-02 19:02:00,5914.5,5914.5,5913.25,5914.0,98
2025-01-02 19:03:00,5914.0,5915.25,5914.0,5915.0,65
2025-01-02 19:04:00,5915.0,5915.5,5914.5,5915.25,124
2025-01-02 19:05:00,5915.25,5915.5,5915.0,5915.0,32
2025-01-02 19:06:00,5915.25,5915.5,5914.75,5915.5,36
2025-01-02 19:07:00,5915.5,5918.0,5915.5,5917.75,720
2025-01-02 19:08:00,5918.0,5920.25,5917.75,5919.25,567
2025-01-02 19:09:00,5919.25,5921.5,5919.25,5920.75,313
2025-01-02 19:10:00,5920.5,5921.75,5920.25,5921.5,348
2025-01-02 19:11:00,5921.5,5923.0,5921.5,5922.75,314
2025-01-02 19:12:00,5923.0,5923.25,5921.75,5922.0,171
2025-01-02 19:13:00,5922.0,5922.5,5922.0,5922.25,62
2025-01-02 19:14:00,5922.25,5924.0,5922.0,5923.75,162
2025-01-02 19:15:00,5923.75,5924.25,5922.5,5922.5,103
2025-01-02 19:16:00,5922.75,5923.5,5922.0,5923.0,122
2025-01-02 19:17:00,5923.0,5924.75,5922.75,5924.25,136
2025-01-02 19:18:00,5924.25,5924.75,5923.5,5924.0,172
2025-01-02 19:19:00,5923.75,5924.5,5923.75,5923.75,46
2025-01-02 19:20:00,5924.0,5924.25,5923.25,5923.25,61
2025-01-02 19:21:00,5923.5,5923.75,5922.25,5922.25,172
2025-01-02 19:22:00,5922.25,5922.25,5921.5,5922.0,128
2025-01-02 19:23:00,5922.25,5923.0,5922.0,5922.25,59
2025-01-02 19:24:00,5922.25,5923.0,5921.75,5923.0,54
2025-01-02 19:25:00,5923.0,5923.25,5922.75,5922.75,67
2025-01-02 19:26:00,5922.75,5923.5,5922.75,5923.25,93
2025-01-02 19:27:00,5923.0,5925.0,5923.0,5925.0,190
2025-01-02 19:28:00,5925.0,5926.25,5924.75,5926.0,390
2025-01-02 19:29:00,5926.25,5927.75,5926.25,5926.5,355
2025-01-02 19:30:00,5926.25,5926.5,5925.75,5926.5,121
2025-01-02 19:31:00,5926.25,5926.75,5925.75,5925.75,156
2025-01-02 19:32:00,5925.75,5926.75,5925.75,5926.25,45
2025-01-02 19:33:00,5926.5,5927.25,5926.25,5926.5,99
2025-01-02 19:34:00,5926.5,5927.75,5926.5,5927.0,134
2025-01-02 19:35:00,5927.25,5927.25,5926.5,5927.0,64
2025-01-02 19:36:00,5927.0,5928.5,5927.0,5927.5,240
2025-01-02 19:37:00,5927.5,5929.5,5927.5,5928.5,221
2025-01-02 19:38:00,5928.5,5929.25,5928.25,5928.75,168
2025-01-02 19:39:00,5928.75,5929.5,5928.0,5928.25,193
2025-01-02 19:40:00,5928.25,5929.0,5928.0,5928.75,109
2025-01-02 19:41:00,5928.75,5929.5,5928.75,5929.25,295
2025-01-02 19:42:00,5929.25,5929.5,5928.5,5928.75,119
2025-01-02 19:43:00,5928.75,5928.75,5928.25,5928.5,49
2025-01-02 19:44:00,5928.5,5928.5,5928.0,5928.5,69
2025-01-02 19:45:00,5928.5,5928.5,5927.5,5928.25,122
2025-01-02 19:46:00,5928.0,5928.5,5927.75,5928.25,85
2025-01-02 19:47:00,5928.25,5929.0,5928.25,5928.5,108
2025-01-02 19:48:00,5928.75,5929.0,5928.5,5928.75,68
2025-01-02 19:49:00,5928.5,5928.75,5928.5,5928.5,50
2025-01-02 19:50:00,5928.5,5928.5,5927.75,5928.25,38
2025-01-02 19:51:00,5928.5,5928.75,5927.5,5927.5,71
2025-01-02 19:52:00,5927.5,5928.75,5927.5,5928.5,66
2025-01-02 19:53:00,5928.25,5929.5,5928.25,5929.25,197
2025-01-02 19:54:00,5929.5,5929.5,5929.0,5929.0,201
2025-01-02 19:55:00,5929.25,5929.25,5929.0,5929.0,37
2025-01-02 19:56:00,5928.75,5929.25,5928.75,5929.0,42
2025-01-02 19:57:00,5928.75,5929.25,5928.75,5929.0,38
2025-01-02 19:58:00,5929.0,5929.0,5928.75,5928.75,20
2025-01-02 19:59:00,5928.75,5929.25,5928.75,5929.0,46
2025-01-02 20:00:00,5929.25,5929.5,5929.25,5929.25,71
2025-01-02 20:01:00,5929.25,5929.5,5928.75,5929.25,198
2025-01-02 20:02:00,5929.25,5929.25,5928.5,5929.0,59
2025-01-02 20:03:00,5928.75,5929.0,5928.5,5928.5,44
2025-01-02 20:04:00,5928.5,5929.0,5928.5,5928.5,50
2025-01-02 20:05:00,5928.5,5929.0,5928.5,5928.75,21
2025-01-02 20:06:00,5928.75,5928.75,5928.25,5928.75,58
2025-01-02 20:07:00,5929.0,5929.25,5929.0,5929.0,40
2025-01-02 20:08:00,5929.25,5932.25,5929.0,5931.25,631
2025-01-02 20:09:00,5931.25,5931.25,5929.75,5931.25,315
2025-01-02 20:10:00,5931.25,5931.75,5931.0,5931.0,120
2025-01-02 20:11:00,5931.0,5931.5,5930.75,5931.0,61
2025-01-02 20:12:00,5930.75,5931.0,5930.25,5930.75,56
2025-01-02 20:13:00,5930.75,5931.0,5930.25,5931.0,63
2025-01-02 20:14:00,5930.75,5931.0,5929.75,5929.75,78
2025-01-02 20:15:00,5930.0,5930.0,5929.75,5929.75,44
2025-01-02 20:16:00,5929.75,5930.0,5928.75,5928.75,133
2025-01-02 20:17:00,5928.75,5929.5,5928.75,5929.5,73
2025-01-02 20:18:00,5929.25,5929.75,5929.0,5929.75,80
2025-01-02 20:19:00,5929.75,5929.75,5929.25,5929.5,50
2025-01-02 20:20:00,5929.5,5929.75,5929.25,5929.75,28
2025-01-02 20:21:00,5929.75,5930.0,5929.5,5929.75,57
2025-01-02 20:22:00,5929.5,5929.75,5928.75,5928.75,82
2025-01-02 20:23:00,5928.5,5929.0,5927.5,5927.75,141
2025-01-02 20:24:00,5927.75,5927.75,5926.25,5927.0,325
2025-01-02 20:25:00,5927.0,5927.5,5926.75,5927.0,79
2025-01-02 20:26:00,5926.5,5927.0,5925.5,5926.0,124
2025-01-02 20:27:00,5925.75,5926.0,5924.75,5925.75,309
2025-01-02 20:28:00,5925.5,5926.0,5925.25,5925.75,114
2025-01-02 20:29:00,5925.75,5927.0,5925.75,5926.5,156
2025-01-02 20:30:00,5926.5,5927.0,5926.25,5926.25,80
2025-01-02 20:31:00,5926.25,5926.5,5925.0,5925.25,197
2025-01-02 20:32:00,5925.25,5925.25,5924.75,5925.0,104
2025-01-02 20:33:00,5925.25,5925.75,5925.25,5925.75,78
2025-01-02 20:34:00,5925.5,5926.25,5925.5,5926.25,49
2025-01-02 20:35:00,5926.25,5927.5,5926.25,5927.25,238
2025-01-02 20:36:00,5927.25,5928.25,5926.25,5926.25,145
2025-01-02 20:37:00,5926.25,5926.5,5925.5,5926.0,205
2025-01-02 20:38:00,5926.0,5927.0,5926.0,5926.75,59
2025-01-02 20:39:00,5927.0,5927.25,5926.25,5926.25,43
2025-01-02 20:40:00,5926.25,5926.75,5926.25,5926.75,25
2025-01-02 20:41:00,5926.75,5927.0,5926.5,5926.75,44
2025-01-02 20:42:00,5927.0,5927.25,5926.75,5927.0,38
2025-01-02 20:43:00,5927.0,5927.25,5926.75,5926.75,41
2025-01-02 20:44:00,5926.5,5926.5,5924.75,5924.75,177
2025-01-02 20:45:00,5924.75,5925.75,5924.75,5925.0,106
2025-01-02 20:46:00,5925.25,5925.5,5922.75,5923.0,304
2025-01-02 20:47:00,5922.75,5925.25,5922.75,5924.75,174
2025-01-02 20:48:00,5925.0,5925.0,5924.25,5924.75,101
2025-01-02 20:49:00,5924.75,5925.0,5924.5,5924.75,55
2025-01-02 20:50:00,5924.75,5925.0,5924.5,5924.75,41
2025-01-02 20:51:00,5924.75,5925.25,5924.25,5925.0,63
2025-01-02 20:52:00,5924.75,5926.75,5924.75,5926.5,102
2025-01-02 20:53:00,5926.75,5927.0,5926.5,5926.75,101
2025-01-02 20:54:00,5927.0,5927.5,5926.5,5927.0,88
2025-01-02 20:55:00,5927.0,5928.0,5926.75,5928.0,61
2025-01-02 20:56:00,5928.0,5928.25,5927.25,5927.25,113
2025-01-02 20:57:00,5927.5,5927.5,5926.75,5927.0,88
2025-01-02 20:58:00,5927.0,5927.75,5927.0,5927.5,63
2025-01-02 20:59:00,5927.25,5927.25,5925.25,5925.75,176
2025-01-02 21:00:00,5925.5,5926.0,5925.25,5925.75,47
2025-01-02 21:01:00,5925.75,5926.75,5925.5,5926.75,63
2025-01-02 21:02:00,5926.75,5927.75,5926.75,5927.5,96
2025-01-02 21:03:00,5927.25,5927.75,5927.0,5927.0,73
2025-01-02 21:04:00,5927.0,5928.0,5926.0,5928.0,215
2025-01-02 21:05:00,5928.25,5928.75,5928.0,5928.75,234
2025-01-02 21:06:00,5928.75,5929.0,5927.25,5927.25,303
2025-01-02 21:07:00,5927.25,5927.5,5927.0,5927.5,59
2025-01-02 21:08:00,5927.5,5928.0,5927.5,5928.0,145
2025-01-02 21:09:00,5928.0,5928.0,5926.5,5926.75,84
2025-01-02 21:10:00,5926.75,5927.75,5926.75,5927.5,52
2025-01-02 21:11:00,5927.5,5927.5,5926.75,5927.5,35
2025-01-02 21:12:00,5927.5,5928.25,5927.5,5928.25,56
2025-01-02 21:13:00,5928.0,5928.5,5928.0,5928.5,41
2025-01-02 21:14:00,5928.5,5929.0,5928.25,5928.5,96
2025-01-02 21:15:00,5928.5,5930.25,5928.5,5929.75,194
2025-01-02 21:16:00,5929.5,5930.5,5929.25,5930.25,147
2025-01-02 21:17:00,5930.25,5930.75,5930.0,5930.5,127
2025-01-02 21:18:00,5930.5,5931.25,5930.25,5931.25,118
2025-01-02 21:19:00,5931.0,5931.25,5930.5,5931.0,79
2025-01-02 21:20:00,5931.25,5931.5,5931.0,5931.0,110
2025-01-02 21:21:00,5931.25,5932.0,5931.25,5931.75,177
2025-01-02 21:22:00,5931.75,5932.75,5931.5,5932.0,308
2025-01-02 21:23:00,5931.75,5932.0,5931.5,5932.0,61
2025-01-02 21:24:00,5932.0,5932.0,5931.0,5931.5,64
2025-01-02 21:25:00,5931.5,5932.25,5931.25,5932.0,97
2025-01-02 21:26:00,5932.0,5932.75,5931.5,5932.5,173
2025-01-02 21:27:00,5932.75,5933.75,5932.75,5933.25,184
2025-01-02 21:28:00,5933.25,5933.25,5932.75,5932.75,89
2025-01-02 21:29:00,5933.0,5933.0,5932.25,5932.25,65
2025-01-02 21:30:00,5932.25,5932.25,5931.75,5932.0,91
2025-01-02 21:31:00,5932.25,5932.5,5931.0,5931.25,107
2025-01-02 21:32:00,5931.25,5931.5,5930.0,5930.0,162
2025-01-02 21:33:00,5930.0,5930.25,5928.75,5929.25,225
2025-01-02 21:34:00,5929.0,5929.5,5929.0,5929.25,56
2025-01-02 21:35:00,5929.5,5929.5,5929.0,5929.25,104
2025-01-02 21:36:00,5929.5,5929.5,5928.0,5928.5,133
2025-01-02 21:37:00,5928.5,5929.25,5928.25,5929.0,117
2025-01-02 21:38:00,5929.25,5930.25,5929.25,5929.75,70
2025-01-02 21:39:00,5929.5,5929.5,5929.25,5929.5,85
2025-01-02 21:40:00,5929.5,5929.75,5929.25,5929.25,36
2025-01-02 21:41:00,5929.25,5929.5,5928.75,5929.0,46
2025-01-02 21:42:00,5929.0,5929.25,5929.0,5929.25,20
2025-01-02 21:43:00,5929.0,5929.0,5928.5,5928.75,29
2025-01-02 21:44:00,5928.75,5929.25,5928.75,5929.25,76
2025-01-02 21:45:00,5929.25,5930.5,5929.25,5929.75,116
2025-01-02 21:46:00,5930.0,5930.0,5929.5,5929.75,46
2025-01-02 21:47:00,5929.5,5929.5,5928.75,5929.0,82
2025-01-02 21:48:00,5929.0,5929.25,5928.75,5929.25,28
2025-01-02 21:49:00,5929.25,5929.25,5929.0,5929.0,46
2025-01-02 21:50:00,5928.75,5928.75,5927.5,5927.75,139
2025-01-02 21:51:00,5927.75,5927.75,5927.0,5927.75,118
2025-01-02 21:52:00,5927.75,5927.75,5927.25,5927.25,50
2025-01-02 21:53:00,5927.25,5927.25,5926.5,5926.75,235
2025-01-02 21:54:00,5926.75,5927.5,5926.5,5927.25,77
2025-01-02 21:55:00,5927.25,5929.0,5927.25,5928.75,72
2025-01-02 21:56:00,5928.75,5928.75,5928.0,5928.0,40
2025-01-02 21:57:00,5928.0,5928.0,5928.0,5928.0,28
2025-01-02 21:58:00,5928.25,5928.75,5928.25,5928.5,75
2025-01-02 21:59:00,5928.5,5929.5,5928.5,5929.25,87
2025-01-02 22:00:00,5929.25,5930.25,5929.25,5930.25,162
2025-01-02 22:01:00,5930.25,5931.0,5930.25,5930.5,159
2025-01-02 22:02:00,5930.5,5932.25,5930.25,5931.75,173
2025-01-02 22:03:00,5932.0,5932.0,5931.0,5931.25,83
2025-01-02 22:04:00,5931.25,5932.5,5931.25,5932.0,71
2025-01-02 22:05:00,5932.25,5932.75,5932.25,5932.5,102
2025-01-02 22:06:00,5932.25,5932.25,5931.25,5931.5,104
2025-01-02 22:07:00,5931.5,5932.75,5931.5,5932.0,137
2025-01-02 22:08:00,5932.0,5933.5,5932.0,5933.5,173
2025-01-02 22:09:00,5933.5,5933.75,5933.0,5933.25,85
2025-01-02 22:10:00,5933.25,5933.5,5932.5,5932.5,88
2025-01-02 22:11:00,5932.5,5932.75,5932.25,5932.25,65
2025-01-02 22:12:00,5932.0,5933.25,5932.0,5933.25,99
2025-01-02 22:13:00,5933.0,5933.25,5932.75,5933.25,61
2025-01-02 22:14:00,5933.25,5934.0,5933.25,5933.5,64
2025-01-02 22:15:00,5933.5,5934.0,5933.5,5933.75,49
2025-01-02 22:16:00,5933.75,5933.75,5933.25,5933.25,51
2025-01-02 22:17:00,5933.25,5933.5,5932.75,5932.75,46
2025-01-02 22:18:00,5932.5,5932.75,5932.0,5932.75,76
2025-01-02 22:19:00,5932.5,5932.5,5932.0,5932.0,26
2025-01-02 22:20:00,5932.25,5932.75,5932.0,5932.5,62
2025-01-02 22:21:00,5932.5,5932.75,5932.0,5932.25,174
2025-01-02 22:22:00,5932.0,5932.0,5931.5,5931.5,65
2025-01-02 22:23:00,5931.5,5931.75,5931.5,5931.75,25
2025-01-02 22:24:00,5931.75,5932.25,5931.5,5932.25,63
2025-01-02 22:25:00,5932.25,5933.25,5932.25,5933.25,226
2025-01-02 22:26:00,5933.25,5934.0,5933.25,5933.25,165
2025-01-02 22:27:00,5933.25,5933.75,5932.75,5933.0,64
2025-01-02 22:28:00,5933.0,5933.5,5932.75,5933.25,99
2025-01-02 22:29:00,5933.25,5933.25,5932.75,5932.75,115
2025-01-02 22:30:00,5932.75,5932.75,5932.25,5932.25,92
2025-01-02 22:31:00,5932.25,5932.75,5932.25,5932.5,45
2025-01-02 22:32:00,5932.5,5932.5,5932.0,5932.0,23
2025-01-02 22:33:00,5932.0,5933.0,5931.5,5933.0,92
2025-01-02 22:34:00,5933.0,5933.5,5933.0,5933.25,75
2025-01-02 22:35:00,5933.0,5933.0,5932.5,5932.75,48
2025-01-02 22:36:00,5932.75,5932.75,5932.0,5932.0,27
2025-01-02 22:37:00,5932.0,5932.0,5931.75,5932.0,44
2025-01-02 22:38:00,5932.0,5932.25,5931.25,5931.25,50
2025-01-02 22:39:00,5931.5,5931.5,5931.5,5931.5,7
2025-01-02 22:40:00,5931.5,5931.75,5931.0,5931.5,58
2025-01-02 22:41:00,5931.75,5932.25,5931.75,5932.25,69
2025-01-02 22:42:00,5932.0,5932.25,5931.75,5932.25,38
2025-01-02 22:43:00,5932.25,5932.25,5932.25,5932.25,23
2025-01-02 22:44:00,5932.0,5932.5,5932.0,5932.25,28
2025-01-02 22:45:00,5932.25,5933.0,5932.25,5933.0,115
2025-01-02 22:46:00,5932.75,5933.0,5931.25,5931.5,108
2025-01-02 22:47:00,5931.75,5932.0,5931.75,5932.0,53
2025-01-02 22:48:00,5931.75,5932.0,5931.75,5932.0,12
2025-01-02 22:49:00,5931.75,5932.0,5931.75,5931.75,20
2025-01-02 22:50:00,5932.0,5932.75,5932.0,5932.5,35
2025-01-02 22:51:00,5932.5,5932.5,5932.0,5932.25,18
2025-01-02 22:52:00,5932.0,5932.0,5931.0,5931.5,69
2025-01-02 22:53:00,5931.25,5931.25,5930.5,5930.75,63
2025-01-02 22:54:00,5930.75,5930.75,5930.5,5930.5,33
2025-01-02 22:55:00,5930.5,5931.0,5930.25,5931.0,37
2025-01-02 22:56:00,5931.0,5931.0,5930.75,5931.0,5
2025-01-02 22:57:00,5931.0,5931.25,5931.0,5931.25,42
2025-01-02 22:58:00,5931.25,5931.25,5931.0,5931.0,33
2025-01-02 22:59:00,5930.75,5931.0,5930.25,5930.5,75
2025-01-02 23:00:00,5930.75,5931.25,5930.75,5931.25,49
2025-01-02 23:01:00,5931.25,5933.0,5931.25,5932.75,313
2025-01-02 23:02:00,5932.5,5932.5,5931.5,5931.5,73
2025-01-02 23:03:00,5931.5,5932.25,5931.5,5932.25,67
2025-01-02 23:04:00,5932.25,5932.25,5930.75,5930.75,59
2025-01-02 23:05:00,5931.0,5931.0,5930.25,5930.75,68
2025-01-02 23:06:00,5930.5,5930.75,5929.75,5930.0,82
2025-01-02 23:07:00,5930.0,5930.0,5929.75,5930.0,27
2025-01-02 23:08:00,5930.0,5930.25,5929.75,5929.75,35
2025-01-02 23:09:00,5930.0,5930.0,5929.5,5929.75,43
2025-01-02 23:10:00,5930.0,5930.25,5929.75,5929.75,46
2025-01-02 23:11:00,5930.0,5930.25,5930.0,5930.25,21
2025-01-02 23:12:00,5930.25,5930.25,5929.75,5930.0,11
2025-01-02 23:13:00,5930.0,5930.25,5929.75,5930.0,20
2025-01-02 23:14:00,5930.0,5930.0,5928.75,5928.75,121
2025-01-02 23:15:00,5929.0,5929.25,5928.75,5929.0,43
2025-01-02 23:16:00,5929.0,5929.25,5929.0,5929.25,25
2025-01-02 23:17:00,5929.0,5929.5,5929.0,5929.25,40
2025-01-02 23:18:00,5929.0,5929.5,5928.75,5929.5,44
2025-01-02 23:19:00,5929.5,5930.5,5929.25,5930.25,169
2025-01-02 23:20:00,5930.25,5930.75,5930.0,5930.75,65
2025-01-02 23:21:00,5930.5,5931.25,5930.25,5931.25,88
2025-01-02 23:22:00,5931.0,5931.0,5930.5,5930.75,42
2025-01-02 23:23:00,5930.75,5930.75,5930.25,5930.25,42
2025-01-02 23:24:00,5930.5,5930.75,5930.25,5930.5,24
2025-01-02 23:25:00,5930.5,5930.75,5930.5,5930.75,16
2025-01-02 23:26:00,5930.5,5930.75,5930.25,5930.25,29
2025-01-02 23:27:00,5930.25,5930.75,5930.25,5930.75,24
2025-01-02 23:28:00,5930.5,5930.75,5930.5,5930.5,27
2025-01-02 23:29:00,5930.25,5930.25,5930.0,5930.25,16
2025-01-02 23:30:00,5930.25,5930.5,5930.25,5930.5,9
2025-01-02 23:31:00,5930.5,5930.75,5930.5,5930.5,19
2025-01-02 23:32:00,5930.5,5930.5,5930.25,5930.25,13
2025-01-02 23:33:00,5930.25,5930.25,5930.25,5930.25,7
2025-01-02 23:34:00,5930.5,5930.5,5930.5,5930.5,11
2025-01-02 23:35:00,5930.5,5930.5,5930.25,5930.5,26
2025-01-02 23:36:00,5930.5,5930.5,5930.25,5930.25,15
2025-01-02 23:37:00,5930.25,5930.25,5929.5,5929.5,41
2025-01-02 23:38:00,5929.5,5929.75,5929.25,5929.5,54
2025-01-02 23:39:00,5929.5,5929.5,5928.5,5929.0,268
2025-01-02 23:40:00,5928.75,5929.0,5928.0,5929.0,131
2025-01-02 23:41:00,5929.0,5929.0,5928.5,5928.5,30
2025-01-02 23:42:00,5928.75,5928.75,5928.25,5928.25,40
2025-01-02 23:43:00,5928.25,5928.75,5928.0,5928.5,34
2025-01-02 23:44:00,5928.75,5929.0,5928.5,5928.5,21
2025-01-02 23:45:00,5928.5,5929.0,5928.25,5929.0,19
2025-01-02 23:46:00,5929.0,5929.0,5928.75,5928.75,63
2025-01-02 23:47:00,5929.0,5929.0,5928.75,5928.75,19
2025-01-02 23:48:00,5929.0,5929.0,5928.75,5928.75,36
2025-01-02 23:49:00,5928.75,5929.0,5928.75,5928.75,6
2025-01-02 23:50:00,5928.75,5929.25,5928.75,5929.25,35
2025-01-02 23:51:00,5929.25,5929.75,5929.25,5929.75,28
2025-01-02 23:52:00,5929.5,5929.75,5929.5,5929.75,4
2025-01-02 23:53:00,5930.0,5930.25,5930.0,5930.0,41
2025-01-02 23:54:00,5930.0,5930.25,5929.75,5930.25,16
2025-01-02 23:55:00,5930.25,5930.25,5929.75,5929.75,65
2025-01-02 23:56:00,5930.0,5930.0,5929.0,5929.25,84
2025-01-02 23:57:00,5929.25,5929.25,5928.0,5928.25,70
2025-01-02 23:58:00,5928.25,5928.5,5928.0,5928.25,81
2025-01-02 23:59:00,5928.0,5928.0,5927.0,5927.25,120
2025-01-03 00:00:00,5927.25,5927.5,5927.0,5927.0,57
2025-01-03 00:01:00,5927.25,5927.5,5926.75,5927.25,104
2025-01-03 00:02:00,5927.25,5927.25,5926.75,5927.0,46
2025-01-03 00:03:00,5927.0,5927.0,5924.5,5925.25,303
2025-01-03 00:04:00,5925.25,5925.75,5925.25,5925.75,47
2025-01-03 00:05:00,5925.25,5926.25,5925.25,5926.25,44
2025-01-03 00:06:00,5926.0,5926.25,5925.5,5925.5,45
2025-01-03 00:07:00,5925.5,5925.75,5925.5,5925.5,28
2025-01-03 00:08:00,5925.5,5926.0,5925.5,5925.75,22
2025-01-03 00:09:00,5926.0,5926.5,5925.75,5926.0,49
2025-01-03 00:10:00,5926.0,5926.25,5925.75,5926.0,31
2025-01-03 00:11:00,5926.0,5926.25,5925.75,5926.25,24
2025-01-03 00:12:00,5926.5,5926.75,5926.5,5926.5,17
2025-01-03 00:13:00,5926.75,5927.25,5926.75,5927.0,35
2025-01-03 00:14:00,5926.75,5927.0,5926.5,5927.0,50
2025-01-03 00:15:00,5927.0,5927.0,5926.5,5926.5,17
2025-01-03 00:16:00,5926.75,5926.75,5926.75,5926.75,16
2025-01-03 00:17:00,5926.75,5927.0,5926.5,5926.75,37
2025-01-03 00:18:00,5926.5,5926.5,5926.0,5926.25,48
2025-01-03 00:19:00,5926.25,5926.25,5924.5,5924.5,146
2025-01-03 00:20:00,5924.75,5925.25,5924.5,5925.25,59
2025-01-03 00:21:00,5925.25,5925.25,5924.75,5925.0,39
2025-01-03 00:22:00,5924.75,5925.0,5923.75,5924.0,134
2025-01-03 00:23:00,5924.25,5924.75,5924.0,5924.5,63
2025-01-03 00:24:00,5924.5,5924.75,5924.5,5924.5,18
2025-01-03 00:25:00,5924.75,5926.25,5924.5,5926.25,142
2025-01-03 00:26:00,5926.25,5926.25,5925.75,5925.75,47
2025-01-03 00:27:00,5926.0,5926.0,5925.75,5925.75,18
2025-01-03 00:28:00,5926.0,5926.5,5926.0,5926.5,68
2025-01-03 00:29:00,5926.25,5926.75,5926.0,5926.75,29
2025-01-03 00:30:00,5926.5,5927.25,5926.5,5927.0,93
2025-01-03 00:31:00,5926.75,5926.75,5926.25,5926.25,52
2025-01-03 00:32:00,5926.25,5926.25,5925.25,5926.25,54
2025-01-03 00:33:00,5926.5,5927.5,5926.5,5927.25,111
2025-01-03 00:34:00,5927.25,5927.5,5927.25,5927.25,30
2025-01-03 00:35:00,5927.5,5928.0,5927.5,5927.75,38
2025-01-03 00:36:00,5927.5,5928.25,5927.25,5927.5,44
2025-01-03 00:37:00,5927.75,5928.25,5927.5,5927.75,50
2025-01-03 00:38:00,5927.75,5927.75,5927.25,5927.5,29
2025-01-03 00:39:00,5927.5,5928.25,5927.5,5928.25,30
2025-01-03 00:40:00,5928.0,5928.25,5928.0,5928.25,4
2025-01-03 00:41:00,5928.25,5928.25,5927.75,5928.25,12
2025-01-03 00:42:00,5928.0,5928.0,5927.25,5927.5,42
2025-01-03 00:43:00,5927.25,5927.25,5927.25,5927.25,20
2025-01-03 00:44:00,5927.25,5927.25,5926.75,5927.25,29
2025-01-03 00:45:00,5927.25,5928.0,5927.25,5927.75,12
2025-01-03 00:46:00,5927.75,5928.0,5927.25,5928.0,27
2025-01-03 00:47:00,5928.0,5928.0,5927.5,5927.5,12
2025-01-03 00:48:00,5927.75,5928.5,5927.75,5928.5,35
2025-01-03 00:49:00,5928.5,5928.75,5928.5,5928.5,61
2025-01-03 00:50:00,5928.5,5928.5,5928.25,5928.25,18
2025-01-03 00:51:00,5928.25,5928.5,5927.5,5927.75,71
2025-01-03 00:52:00,5927.75,5927.75,5927.0,5927.5,145
2025-01-03 00:53:00,5927.5,5927.5,5926.0,5926.25,134
2025-01-03 00:54:00,5926.5,5926.5,5925.75,5926.0,28
2025-01-03 00:55:00,5926.25,5926.25,5925.75,5925.75,32
2025-01-03 00:56:00,5925.75,5926.5,5925.5,5926.5,33
2025-01-03 00:57:00,5926.5,5927.0,5926.5,5927.0,46
2025-01-03 00:58:00,5926.75,5927.0,5926.75,5927.0,27
2025-01-03 00:59:00,5927.0,5927.0,5926.5,5927.0,22
2025-01-03 01:00:00,5927.0,5927.5,5926.5,5927.5,88
2025-01-03 01:01:00,5927.25,5927.5,5927.0,5927.25,31
2025-01-03 01:02:00,5927.25,5927.5,5927.0,5927.25,13
2025-01-03 01:03:00,5927.5,5927.75,5927.25,5927.25,30
2025-01-03 01:04:00,5927.0,5927.25,5926.75,5927.0,15
2025-01-03 01:05:00,5927.25,5927.5,5927.25,5927.5,10
2025-01-03 01:06:00,5927.5,5927.5,5926.75,5926.75,39
2025-01-03 01:07:00,5926.75,5926.75,5926.5,5926.5,40
2025-01-03 01:08:00,5926.25,5926.75,5926.0,5926.75,74
2025-01-03 01:09:00,5926.75,5927.0,5926.5,5926.5,17
2025-01-03 01:10:00,5926.5,5926.75,5926.5,5926.75,21
2025-01-03 01:11:00,5926.75,5926.75,5925.75,5926.25,77
2025-01-03 01:12:00,5926.25,5926.25,5925.5,5925.75,115
2025-01-03 01:13:00,5926.0,5927.25,5926.0,5927.25,52
2025-01-03 01:14:00,5927.5,5928.25,5927.5,5928.25,54
2025-01-03 01:15:00,5928.0,5928.75,5928.0,5928.5,30
2025-01-03 01:16:00,5928.25,5928.25,5927.75,5927.75,65
2025-01-03 01:17:00,5927.75,5929.5,5927.75,5929.0,102
2025-01-03 01:18:00,5928.75,5929.25,5928.5,5928.75,99
2025-01-03 01:19:00,5928.75,5929.0,5928.5,5929.0,77
2025-01-03 01:20:00,5929.0,5929.5,5929.0,5929.5,26
2025-01-03 01:21:00,5929.5,5929.75,5929.5,5929.75,19
2025-01-03 01:22:00,5929.75,5930.0,5929.25,5929.25,55
2025-01-03 01:23:00,5929.0,5929.0,5928.5,5928.75,45
2025-01-03 01:24:00,5929.0,5929.5,5929.0,5929.25,27
2025-01-03 01:25:00,5929.0,5929.5,5929.0,5929.25,26
2025-01-03 01:26:00,5929.5,5930.25,5929.5,5930.0,69
2025-01-03 01:27:00,5930.0,5930.25,5929.75,5929.75,22
2025-01-03 01:28:00,5930.0,5930.75,5930.0,5930.75,50
2025-01-03 01:29:00,5930.75,5930.75,5930.25,5930.25,28
2025-01-03 01:30:00,5930.5,5930.5,5930.0,5930.0,24
2025-01-03 01:31:00,5930.25,5931.25,5930.0,5930.75,104
2025-01-03 01:32:00,5930.75,5931.25,5930.5,5931.25,63
2025-01-03 01:33:00,5931.25,5933.0,5930.75,5932.25,134
2025-01-03 01:34:00,5932.25,5932.5,5932.25,5932.25,32
2025-01-03 01:35:00,5932.0,5932.75,5932.0,5932.75,37
2025-01-03 01:36:00,5932.5,5932.75,5931.75,5932.0,65
2025-01-03 01:37:00,5931.75,5931.75,5931.0,5931.25,55
2025-01-03 01:38:00,5930.75,5930.75,5930.0,5930.75,74
2025-01-03 01:39:00,5931.0,5931.25,5931.0,5931.0,20
2025-01-03 01:40:00,5931.25,5931.5,5930.5,5930.5,54
2025-01-03 01:41:00,5930.75,5931.0,5930.5,5930.5,22
2025-01-03 01:42:00,5930.75,5931.75,5930.75,5931.0,95
2025-01-03 01:43:00,5931.0,5931.75,5931.0,5931.5,44
2025-01-03 01:44:00,5931.25,5931.25,5931.25,5931.25,9
2025-01-03 01:45:00,5931.0,5931.5,5930.75,5931.5,51
2025-01-03 01:46:00,5931.25,5932.0,5931.25,5931.25,53
2025-01-03 01:47:00,5931.25,5931.25,5931.0,5931.0,15
2025-01-03 01:48:00,5930.75,5931.25,5930.75,5931.0,12
2025-01-03 01:49:00,5931.25,5931.25,5930.25,5930.5,38
2025-01-03 01:50:00,5930.25,5930.25,5929.5,5929.5,27
2025-01-03 01:51:00,5929.5,5930.5,5929.5,5930.5,87
2025-01-03 01:52:00,5930.5,5930.75,5930.25,5930.75,28
2025-01-03 01:53:00,5930.75,5931.5,5930.5,5930.5,49
2025-01-03 01:54:00,5930.5,5930.5,5930.0,5930.0,15
2025-01-03 01:55:00,5930.25,5930.75,5930.25,5930.75,9
2025-01-03 01:56:00,5930.75,5931.25,5930.5,5931.0,41
2025-01-03 01:57:00,5931.0,5931.75,5930.75,5931.5,17
2025-01-03 01:58:00,5931.25,5931.25,5931.0,5931.0,32
2025-01-03 01:59:00,5930.75,5930.75,5929.5,5929.75,61
2025-01-03 02:00:00,5929.5,5929.75,5929.0,5929.25,138
2025-01-03 02:01:00,5929.0,5930.5,5928.75,5930.5,123
2025-01-03 02:02:00,5930.75,5931.0,5929.75,5929.75,40
2025-01-03 02:03:00,5929.75,5930.0,5928.75,5929.5,139
2025-01-03 02:04:00,5929.5,5929.75,5928.75,5929.0,91
2025-01-03 02:05:00,5928.75,5929.0,5927.5,5927.75,97
2025-01-03 02:06:00,5927.75,5927.75,5926.5,5926.5,89
2025-01-03 02:07:00,5926.75,5927.75,5926.5,5927.75,88
2025-01-03 02:08:00,5927.25,5927.75,5927.0,5927.75,47
2025-01-03 02:09:00,5928.0,5928.0,5926.5,5926.75,115
2025-01-03 02:10:00,5926.5,5926.75,5926.25,5926.25,91
2025-01-03 02:11:00,5926.5,5926.5,5925.0,5925.0,116
2025-01-03 02:12:00,5925.0,5925.75,5924.75,5925.5,51
2025-01-03 02:13:00,5925.5,5925.5,5924.0,5925.0,156
2025-01-03 02:14:00,5925.25,5926.5,5925.25,5926.0,185
2025-01-03 02:15:00,5926.0,5926.25,5925.75,5926.25,68
2025-01-03 02:16:00,5926.25,5930.0,5926.25,5929.25,454
2025-01-03 02:17:00,5929.25,5929.5,5929.0,5929.25,85
2025-01-03 02:18:00,5929.25,5929.75,5928.25,5929.25,325
2025-01-03 02:19:00,5929.25,5931.75,5929.25,5931.0,216
2025-01-03 02:20:00,5931.0,5931.75,5930.5,5931.25,84
2025-01-03 02:21:00,5931.25,5931.25,5928.75,5928.75,207
2025-01-03 02:22:00,5928.75,5928.75,5927.0,5927.25,145
2025-01-03 02:23:00,5927.25,5928.5,5927.25,5928.0,86
2025-01-03 02:24:00,5928.0,5929.0,5927.5,5928.25,98
2025-01-03 02:25:00,5928.25,5929.0,5928.0,5928.25,52
2025-01-03 02:26:00,5928.0,5929.25,5927.75,5929.0,62
2025-01-03 02:27:00,5929.0,5929.5,5928.5,5928.5,32
2025-01-03 02:28:00,5928.25,5928.25,5927.5,5927.5,80
2025-01-03 02:29:00,5927.5,5929.0,5927.5,5928.75,82
2025-01-03 02:30:00,5928.75,5929.5,5928.5,5929.5,55
2025-01-03 02:31:00,5929.25,5929.75,5928.75,5929.0,82
2025-01-03 02:32:00,5928.75,5930.0,5928.75,5929.5,73
2025-01-03 02:33:00,5929.5,5930.5,5929.5,5930.0,71
2025-01-03 02:34:00,5930.5,5930.5,5930.0,5930.25,53
2025-01-03 02:35:00,5930.0,5930.5,5930.0,5930.25,63
2025-01-03 02:36:00,5930.25,5930.25,5929.5,5929.5,37
2025-01-03 02:37:00,5929.75,5929.75,5929.25,5929.5,50
2025-01-03 02:38:00,5929.75,5930.25,5929.5,5929.75,72
2025-01-03 02:39:00,5929.75,5930.0,5929.25,5929.5,38
2025-01-03 02:40:00,5929.75,5930.0,5929.5,5929.5,37
2025-01-03 02:41:00,5929.5,5929.5,5929.25,5929.5,42
2025-01-03 02:42:00,5929.25,5929.25,5928.75,5928.75,88
2025-01-03 02:43:00,5928.5,5929.75,5928.5,5929.25,125
2025-01-03 02:44:00,5929.5,5931.0,5929.5,5930.25,87
2025-01-03 02:45:00,5930.5,5931.0,5929.75,5930.25,77
2025-01-03 02:46:00,5930.0,5930.0,5929.5,5929.5,15
2025-01-03 02:47:00,5929.75,5931.5,5929.75,5931.0,83
2025-01-03 02:48:00,5931.0,5931.0,5930.25,5930.5,112
2025-01-03 02:49:00,5930.75,5931.5,5930.75,5931.25,63
2025-01-03 02:50:00,5931.25,5931.5,5930.75,5931.0,45
2025-01-03 02:51:00,5930.75,5931.75,5930.75,5931.25,73
2025-01-03 02:52:00,5931.5,5931.75,5931.5,5931.75,25
2025-01-03 02:53:00,5932.0,5932.75,5931.75,5931.75,222
2025-01-03 02:54:00,5931.75,5932.0,5931.5,5932.0,51
2025-01-03 02:55:00,5932.0,5932.25,5930.75,5931.0,51
2025-01-03 02:56:00,5931.0,5931.25,5930.75,5931.25,37
2025-01-03 02:57:00,5931.25,5931.25,5930.25,5930.25,54
2025-01-03 02:58:00,5930.25,5930.75,5930.25,5930.75,45
2025-01-03 02:59:00,5930.5,5931.25,5930.5,5931.0,86
2025-01-03 03:00:00,5930.75,5931.25,5930.25,5930.5,120
2025-01-03 03:01:00,5930.5,5936.0,5930.25,5934.5,1333
2025-01-03 03:02:00,5934.25,5935.25,5934.0,5935.0,367
2025-01-03 03:03:00,5935.0,5936.5,5934.5,5935.5,332
2025-01-03 03:04:00,5935.5,5935.5,5932.75,5933.75,298
2025-01-03 03:05:00,5934.0,5934.5,5932.75,5932.75,150
2025-01-03 03:06:00,5932.5,5934.25,5931.0,5934.0,425
2025-01-03 03:07:00,5934.0,5934.75,5934.0,5934.75,172
2025-01-03 03:08:00,5934.5,5935.5,5933.25,5934.5,238
2025-01-03 03:09:00,5934.75,5935.25,5934.25,5934.75,153
2025-01-03 03:10:00,5934.75,5935.5,5934.5,5934.5,131
2025-01-03 03:11:00,5934.25,5935.5,5933.75,5935.0,197
2025-01-03 03:12:00,5935.0,5935.5,5934.25,5934.75,115
2025-01-03 03:13:00,5934.5,5935.5,5934.0,5935.0,101
2025-01-03 03:14:00,5935.25,5936.0,5934.5,5936.0,122
2025-01-03 03:15:00,5935.75,5936.75,5934.75,5936.0,175
2025-01-03 03:16:00,5935.75,5936.75,5935.25,5936.25,194
2025-01-03 03:17:00,5936.5,5937.25,5935.75,5936.25,123
2025-01-03 03:18:00,5936.0,5936.0,5933.75,5933.75,211
2025-01-03 03:19:00,5933.75,5935.5,5933.0,5935.0,220
2025-01-03 03:20:00,5935.0,5936.25,5935.0,5935.25,88
2025-01-03 03:21:00,5935.5,5935.75,5932.0,5932.5,171
2025-01-03 03:22:00,5932.75,5934.5,5932.5,5933.25,141
2025-01-03 03:23:00,5933.0,5934.0,5932.0,5933.5,114
2025-01-03 03:24:00,5933.5,5934.25,5933.0,5933.0,111
2025-01-03 03:25:00,5932.75,5933.25,5932.25,5932.75,172
2025-01-03 03:26:00,5932.75,5933.25,5930.75,5931.25,196
2025-01-03 03:27:00,5931.25,5932.0,5931.0,5931.75,167
2025-01-03 03:28:00,5931.25,5931.25,5929.0,5929.25,173
2025-01-03 03:29:00,5929.0,5929.25,5927.5,5928.5,209
2025-01-03 03:30:00,5928.5,5929.0,5927.5,5927.75,333
2025-01-03 03:31:00,5927.75,5928.0,5926.5,5927.0,507
2025-01-03 03:32:00,5926.75,5928.0,5926.25,5926.5,241
2025-01-03 03:33:00,5926.5,5927.25,5926.25,5927.25,200
2025-01-03 03:34:00,5927.25,5928.0,5925.5,5925.5,273
2025-01-03 03:35:00,5925.75,5927.5,5924.25,5927.25,475
2025-01-03 03:36:00,5927.5,5927.5,5926.0,5927.25,272
2025-01-03 03:37:00,5927.25,5928.0,5926.25,5927.25,150
2025-01-03 03:38:00,5927.0,5927.0,5925.25,5925.5,160
2025-01-03 03:39:00,5925.5,5927.25,5925.5,5926.25,122
2025-01-03 03:40:00,5926.25,5926.75,5925.5,5925.75,131
2025-01-03 03:41:00,5925.75,5926.75,5925.5,5926.25,134
2025-01-03 03:42:00,5926.25,5927.75,5926.25,5927.25,157
2025-01-03 03:43:00,5927.25,5927.5,5925.0,5925.25,170
2025-01-03 03:44:00,5925.25,5926.25,5925.0,5926.0,147
2025-01-03 03:45:00,5926.0,5926.75,5925.75,5926.75,71
2025-01-03 03:46:00,5927.0,5927.75,5926.75,5927.0,154
2025-01-03 03:47:00,5927.0,5928.75,5926.25,5928.0,252
2025-01-03 03:48:00,5928.0,5928.0,5927.0,5927.5,141
2025-01-03 03:49:00,5927.5,5928.0,5927.0,5927.5,153
2025-01-03 03:50:00,5927.25,5927.25,5925.5,5926.5,202
2025-01-03 03:51:00,5926.5,5928.75,5926.5,5928.5,256
2025-01-03 03:52:00,5928.5,5928.5,5927.75,5928.25,87
2025-01-03 03:53:00,5928.25,5929.0,5927.75,5928.5,108
2025-01-03 03:54:00,5928.25,5929.25,5928.25,5929.0,75
2025-01-03 03:55:00,5928.75,5929.0,5927.75,5928.75,96
2025-01-03 03:56:00,5929.0,5929.25,5928.0,5928.25,133
2025-01-03 03:57:00,5928.25,5929.0,5928.0,5928.5,113
2025-01-03 03:58:00,5928.5,5929.25,5928.25,5929.25,159
2025-01-03 03:59:00,5929.0,5929.75,5928.75,5929.0,249
2025-01-03 04:00:00,5928.75,5929.75,5928.75,5929.25,195
2025-01-03 04:01:00,5929.25,5929.25,5927.5,5929.25,393
2025-01-03 04:02:00,5929.25,5930.0,5928.75,5929.75,282
2025-01-03 04:03:00,5929.75,5930.25,5929.25,5930.25,131
2025-01-03 04:04:00,5930.25,5931.5,5930.0,5931.0,234
2025-01-03 04:05:00,5931.0,5931.75,5930.5,5931.5,145
2025-01-03 04:06:00,5931.75,5933.5,5931.5,5933.25,200
2025-01-03 04:07:00,5933.25,5935.0,5932.75,5934.5,218
2025-01-03 04:08:00,5934.5,5935.75,5934.0,5934.75,254
2025-01-03 04:09:00,5934.5,5936.25,5934.25,5936.0,190
2025-01-03 04:10:00,5936.0,5937.5,5935.25,5936.75,342
2025-01-03 04:11:00,5937.0,5937.5,5936.0,5937.0,475
2025-01-03 04:12:00,5937.0,5937.0,5935.25,5935.5,249
2025-01-03 04:13:00,5935.5,5936.5,5935.0,5935.5,278
2025-01-03 04:14:00,5935.5,5936.75,5935.5,5936.25,169
2025-01-03 04:15:00,5936.25,5937.75,5936.0,5937.25,168
2025-01-03 04:16:00,5937.25,5938.25,5936.75,5938.0,220
2025-01-03 04:17:00,5938.0,5939.5,5938.0,5939.25,295
2025-01-03 04:18:00,5939.25,5939.25,5938.5,5939.0,220
2025-01-03 04:19:00,5939.0,5939.0,5937.75,5938.0,215
2025-01-03 04:20:00,5938.0,5938.0,5936.0,5937.25,226
2025-01-03 04:21:00,5937.25,5937.75,5936.5,5937.25,92
2025-01-03 04:22:00,5937.25,5938.75,5936.75,5938.5,172
2025-01-03 04:23:00,5938.5,5940.75,5938.5,5940.5,287
2025-01-03 04:24:00,5940.75,5941.0,5940.25,5940.25,341
2025-01-03 04:25:00,5940.5,5941.75,5940.5,5941.75,195
2025-01-03 04:26:00,5941.5,5941.75,5941.0,5941.5,134
2025-01-03 04:27:00,5941.25,5941.75,5941.25,5941.5,68
2025-01-03 04:28:00,5941.25,5941.5,5940.0,5940.75,307
2025-01-03 04:29:00,5941.0,5941.0,5940.0,5940.25,171
2025-01-03 04:30:00,5940.5,5940.5,5939.0,5939.25,135
2025-01-03 04:31:00,5939.25,5939.5,5938.25,5938.75,185
2025-01-03 04:32:00,5939.0,5939.0,5937.5,5937.5,109
2025-01-03 04:33:00,5937.75,5939.25,5937.75,5938.5,91
2025-01-03 04:34:00,5938.5,5938.5,5936.5,5938.0,378
2025-01-03 04:35:00,5938.0,5938.5,5937.75,5938.5,110
2025-01-03 04:36:00,5938.25,5938.5,5937.25,5937.5,214
2025-01-03 04:37:00,5937.75,5938.5,5937.75,5938.25,89
2025-01-03 04:38:00,5938.25,5938.5,5937.75,5938.25,90
2025-01-03 04:39:00,5938.25,5938.5,5937.25,5937.25,106
2025-01-03 04:40:00,5937.5,5938.25,5937.5,5938.25,37
2025-01-03 04:41:00,5938.25,5939.5,5938.25,5939.25,60
2025-01-03 04:42:00,5939.0,5940.0,5938.5,5939.75,117
2025-01-03 04:43:00,5939.75,5940.5,5939.5,5940.25,166
2025-01-03 04:44:00,5940.0,5940.5,5940.0,5940.25,54
2025-01-03 04:45:00,5940.25,5940.25,5939.25,5940.0,92
2025-01-03 04:46:00,5939.75,5940.0,5938.0,5938.25,71
2025-01-03 04:47:00,5938.25,5939.0,5938.0,5938.75,45
2025-01-03 04:48:00,5938.75,5939.0,5938.0,5938.0,24
2025-01-03 04:49:00,5937.75,5938.5,5937.75,5938.5,47
2025-01-03 04:50:00,5938.75,5939.0,5938.0,5938.0,56
2025-01-03 04:51:00,5938.25,5938.5,5937.5,5938.0,100
2025-01-03 04:52:00,5937.75,5938.5,5937.25,5938.0,75
2025-01-03 04:53:00,5938.0,5938.0,5937.5,5938.0,36
2025-01-03 04:54:00,5938.25,5938.75,5938.0,5938.25,111
2025-01-03 04:55:00,5938.25,5939.5,5938.25,5939.25,125
2025-01-03 04:56:00,5939.25,5939.5,5938.75,5939.5,177
2025-01-03 04:57:00,5939.5,5940.25,5939.25,5940.0,156
2025-01-03 04:58:00,5940.25,5940.25,5939.25,5939.5,89
2025-01-03 04:59:00,5939.5,5940.5,5939.5,5940.5,195
2025-01-03 05:00:00,5940.25,5940.5,5938.5,5938.5,415
2025-01-03 05:01:00,5938.5,5938.75,5937.0,5937.0,199
2025-01-03 05:02:00,5937.0,5937.0,5935.25,5936.0,267
2025-01-03 05:03:00,5936.25,5936.25,5934.5,5935.75,316
2025-01-03 05:04:00,5935.75,5935.75,5935.0,5935.25,116
2025-01-03 05:05:00,5935.25,5935.5,5934.5,5935.0,112
2025-01-03 05:06:00,5935.25,5936.0,5935.0,5935.0,125
2025-01-03 05:07:00,5935.0,5936.5,5934.5,5936.25,121
2025-01-03 05:08:00,5936.25,5936.25,5935.25,5936.0,113
2025-01-03 05:09:00,5935.75,5935.75,5935.25,5935.25,36
2025-01-03 05:10:00,5935.5,5936.0,5935.25,5936.0,61
2025-01-03 05:11:00,5936.0,5936.25,5935.75,5936.0,199
2025-01-03 05:12:00,5936.25,5936.5,5935.75,5935.75,98
2025-01-03 05:13:00,5935.75,5935.75,5935.25,5935.5,73
2025-01-03 05:14:00,5935.5,5935.75,5935.25,5935.5,36
2025-01-03 05:15:00,5935.25,5936.5,5935.25,5936.25,117
2025-01-03 05:16:00,5936.25,5936.5,5936.0,5936.25,78
2025-01-03 05:17:00,5936.25,5936.25,5935.5,5935.5,71
2025-01-03 05:18:00,5935.75,5935.75,5935.25,5935.5,79
2025-01-03 05:19:00,5935.5,5935.75,5935.5,5935.75,42
2025-01-03 05:20:00,5935.5,5935.5,5935.5,5935.5,12
2025-01-03 05:21:00,5935.5,5935.5,5934.5,5935.0,106
2025-01-03 05:22:00,5935.0,5935.0,5933.75,5934.25,182
2025-01-03 05:23:00,5934.25,5934.25,5933.0,5933.0,122
2025-01-03 05:24:00,5932.75,5933.25,5932.5,5933.0,129
2025-01-03 05:25:00,5932.5,5933.75,5932.5,5933.5,72
2025-01-03 05:26:00,5933.5,5933.75,5933.25,5933.25,87
2025-01-03 05:27:00,5933.25,5933.25,5931.25,5931.25,179
2025-01-03 05:28:00,5931.75,5933.5,5931.5,5933.5,219
2025-01-03 05:29:00,5933.5,5934.25,5933.5,5934.25,60
2025-01-03 05:30:00,5934.25,5934.25,5933.75,5933.75,113
2025-01-03 05:31:00,5934.0,5934.25,5933.75,5934.25,70
2025-01-03 05:32:00,5934.0,5934.25,5932.75,5933.25,189
2025-01-03 05:33:00,5933.25,5933.75,5932.75,5933.5,147
2025-01-03 05:34:00,5933.5,5933.5,5931.75,5932.0,231
2025-01-03 05:35:00,5932.0,5932.75,5931.75,5932.25,181
2025-01-03 05:36:00,5932.0,5932.25,5931.25,5931.75,171
2025-01-03 05:37:00,5931.5,5932.75,5931.5,5932.75,172
2025-01-03 05:38:00,5932.75,5933.25,5932.0,5932.5,277
2025-01-03 05:39:00,5932.25,5932.75,5932.25,5932.75,104
2025-01-03 05:40:00,5933.0,5933.25,5932.5,5932.5,135
2025-01-03 05:41:00,5932.5,5933.0,5932.5,5932.75,143
2025-01-03 05:42:00,5932.75,5933.0,5932.5,5933.0,28
2025-01-03 05:43:00,5932.75,5932.75,5932.25,5932.5,63
2025-01-03 05:44:00,5932.5,5933.0,5932.25,5932.25,61
2025-01-03 05:45:00,5932.5,5933.0,5932.5,5933.0,39
2025-01-03 05:46:00,5933.0,5933.0,5932.25,5932.75,52
2025-01-03 05:47:00,5932.5,5932.5,5932.25,5932.5,27
2025-01-03 05:48:00,5932.5,5932.75,5932.25,5932.75,66
2025-01-03 05:49:00,5932.5,5932.5,5931.25,5931.25,103
2025-01-03 05:50:00,5931.25,5931.75,5931.0,5931.5,208
2025-01-03 05:51:00,5931.25,5931.5,5929.5,5929.75,229
2025-01-03 05:52:00,5930.0,5930.5,5929.25,5929.25,194
2025-01-03 05:53:00,5929.5,5929.5,5928.25,5928.75,169
2025-01-03 05:54:00,5928.75,5929.25,5927.75,5928.25,201
2025-01-03 05:55:00,5928.25,5929.0,5928.0,5928.25,204
2025-01-03 05:56:00,5928.5,5928.75,5928.0,5928.5,139
2025-01-03 05:57:00,5928.5,5929.5,5928.25,5929.0,107
2025-01-03 05:58:00,5929.0,5929.5,5929.0,5929.25,114
2025-01-03 05:59:00,5929.25,5929.75,5929.0,5929.0,110
2025-01-03 06:00:00,5929.25,5929.5,5928.75,5929.25,75
2025-01-03 06:01:00,5929.25,5930.5,5929.0,5929.0,277
2025-01-03 06:02:00,5929.0,5929.0,5928.5,5928.5,118
2025-01-03 06:03:00,5928.5,5929.0,5928.25,5928.5,143
2025-01-03 06:04:00,5928.5,5929.25,5928.5,5929.0,68
2025-01-03 06:05:00,5929.0,5929.75,5929.0,5929.5,80
2025-01-03 06:06:00,5929.5,5929.5,5928.25,5928.25,66
2025-01-03 06:07:00,5928.5,5929.0,5927.75,5927.75,151
2025-01-03 06:08:00,5927.75,5927.75,5926.25,5926.5,421
2025-01-03 06:09:00,5926.5,5926.75,5926.25,5926.25,112
2025-01-03 06:10:00,5926.5,5926.5,5925.5,5925.5,126
2025-01-03 06:11:00,5925.75,5926.5,5925.0,5926.25,333
2025-01-03 06:12:00,5926.5,5926.5,5925.75,5925.75,108
2025-01-03 06:13:00,5925.75,5926.0,5925.25,5925.25,176
2025-01-03 06:14:00,5925.25,5926.0,5924.75,5926.0,183
2025-01-03 06:15:00,5926.0,5926.75,5925.75,5926.75,80
2025-01-03 06:16:00,5926.75,5927.5,5926.25,5927.25,224
2025-01-03 06:17:00,5927.25,5928.5,5927.25,5927.5,521
2025-01-03 06:18:00,5927.5,5928.0,5927.5,5928.0,108
2025-01-03 06:19:00,5927.75,5928.0,5927.0,5927.25,163
2025-01-03 06:20:00,5927.5,5927.75,5927.25,5927.5,72
2025-01-03 06:21:00,5927.25,5928.0,5927.25,5927.5,77
2025-01-03 06:22:00,5927.5,5927.5,5927.25,5927.25,40
2025-01-03 06:23:00,5927.5,5928.5,5927.25,5928.25,168
2025-01-03 06:24:00,5928.0,5928.25,5927.75,5928.25,57
2025-01-03 06:25:00,5928.25,5929.25,5928.25,5928.75,287
2025-01-03 06:26:00,5929.0,5929.5,5929.0,5929.25,138
2025-01-03 06:27:00,5929.0,5929.75,5929.0,5929.75,219
2025-01-03 06:28:00,5929.75,5930.75,5929.5,5930.25,535
2025-01-03 06:29:00,5930.25,5930.5,5930.25,5930.25,89
2025-01-03 06:30:00,5930.25,5930.25,5929.25,5929.5,222
2025-01-03 06:31:00,5929.75,5929.75,5928.5,5928.75,137
2025-01-03 06:32:00,5928.5,5928.5,5927.5,5928.5,179
2025-01-03 06:33:00,5928.25,5928.5,5928.0,5928.5,93
2025-01-03 06:34:00,5928.5,5929.0,5927.75,5928.0,106
2025-01-03 06:35:00,5928.0,5928.25,5927.5,5927.5,120
2025-01-03 06:36:00,5927.5,5928.75,5927.5,5928.5,125
2025-01-03 06:37:00,5928.5,5929.5,5928.25,5928.5,315
2025-01-03 06:38:00,5928.5,5928.75,5928.5,5928.75,98
2025-01-03 06:39:00,5929.0,5929.25,5928.5,5929.0,88
2025-01-03 06:40:00,5929.25,5929.25,5928.75,5928.75,64
2025-01-03 06:41:00,5928.75,5929.75,5928.75,5929.5,183
2025-01-03 06:42:00,5929.5,5929.5,5928.5,5928.5,157
2025-01-03 06:43:00,5928.5,5928.75,5928.25,5928.75,121
2025-01-03 06:44:00,5928.75,5929.25,5928.75,5929.0,72
2025-01-03 06:45:00,5929.0,5929.0,5928.5,5928.5,35
2025-01-03 06:46:00,5928.75,5929.25,5928.75,5929.25,43
2025-01-03 06:47:00,5929.25,5929.5,5928.5,5928.5,110
2025-01-03 06:48:00,5928.75,5929.0,5928.5,5928.75,67
2025-01-03 06:49:00,5928.5,5928.75,5928.0,5928.75,49
2025-01-03 06:50:00,5928.75,5929.0,5928.5,5928.5,56
2025-01-03 06:51:00,5928.5,5928.5,5926.25,5927.5,320
2025-01-03 06:52:00,5927.5,5928.0,5927.25,5927.75,98
2025-01-03 06:53:00,5927.75,5928.75,5927.75,5928.75,64
2025-01-03 06:54:00,5928.75,5929.0,5928.5,5928.75,65
2025-01-03 06:55:00,5929.0,5929.0,5928.75,5929.0,19
2025-01-03 06:56:00,5929.0,5929.0,5928.75,5929.0,11
2025-01-03 06:57:00,5929.0,5929.0,5928.5,5928.5,141
2025-01-03 06:58:00,5928.5,5929.25,5928.5,5929.0,154
2025-01-03 06:59:00,5929.0,5929.75,5929.0,5929.75,194
2025-01-03 07:00:00,5929.75,5929.75,5929.0,5929.0,250
2025-01-03 07:01:00,5929.0,5929.0,5927.25,5927.5,279
2025-01-03 07:02:00,5927.5,5928.5,5927.25,5928.0,126
2025-01-03 07:03:00,5928.25,5928.5,5928.0,5928.25,91
2025-01-03 07:04:00,5928.0,5928.0,5926.75,5927.75,303
2025-01-03 07:05:00,5927.5,5927.5,5926.25,5926.5,84
2025-01-03 07:06:00,5926.5,5926.5,5924.75,5925.0,256
2025-01-03 07:07:00,5925.25,5925.5,5923.75,5925.0,433
2025-01-03 07:08:00,5925.25,5926.25,5925.0,5925.75,78
2025-01-03 07:09:00,5926.0,5927.25,5926.0,5927.0,122
2025-01-03 07:10:00,5926.75,5927.0,5925.75,5926.0,68
2025-01-03 07:11:00,5926.25,5927.0,5926.0,5926.25,85
2025-01-03 07:12:00,5926.5,5927.0,5926.5,5926.75,69
2025-01-03 07:13:00,5927.0,5928.5,5926.5,5928.5,265
2025-01-03 07:14:00,5928.25,5928.5,5927.75,5928.0,113
2025-01-03 07:15:00,5927.75,5928.25,5927.75,5927.75,105
2025-01-03 07:16:00,5928.0,5928.0,5926.25,5926.75,224
2025-01-03 07:17:00,5927.0,5927.0,5926.0,5926.5,52
2025-01-03 07:18:00,5926.5,5926.75,5924.75,5925.0,237
2025-01-03 07:19:00,5925.0,5925.0,5923.75,5925.0,186
2025-01-03 07:20:00,5924.75,5925.25,5923.75,5923.75,225
2025-01-03 07:21:00,5923.75,5924.5,5923.75,5924.0,182
2025-01-03 07:22:00,5924.0,5925.75,5923.75,5925.5,275
2025-01-03 07:23:00,5925.5,5926.75,5925.0,5926.5,148
2025-01-03 07:24:00,5926.75,5927.25,5926.25,5927.0,139
2025-01-03 07:25:00,5927.0,5927.5,5927.0,5927.5,88
2025-01-03 07:26:00,5927.25,5927.75,5927.0,5927.75,109
2025-01-03 07:27:00,5927.5,5928.0,5927.25,5928.0,56
2025-01-03 07:28:00,5927.75,5928.5,5927.75,5927.75,91
2025-01-03 07:29:00,5927.75,5928.25,5927.25,5928.25,107
2025-01-03 07:30:00,5928.5,5929.75,5928.25,5929.5,149
2025-01-03 07:31:00,5929.25,5930.0,5929.25,5929.5,435
2025-01-03 07:32:00,5929.5,5929.5,5928.25,5929.0,189
2025-01-03 07:33:00,5929.0,5929.0,5928.5,5928.5,71
2025-01-03 07:34:00,5928.5,5929.0,5928.25,5928.5,71
2025-01-03 07:35:00,5928.25,5928.25,5927.5,5927.75,81
2025-01-03 07:36:00,5927.5,5928.0,5927.25,5927.25,104
2025-01-03 07:37:00,5927.0,5928.25,5926.75,5928.25,109
2025-01-03 07:38:00,5928.25,5929.25,5928.25,5928.5,87
2025-01-03 07:39:00,5928.75,5929.0,5928.5,5928.5,33
2025-01-03 07:40:00,5928.75,5929.75,5928.5,5929.5,139
2025-01-03 07:41:00,5929.5,5930.25,5929.5,5930.0,226
2025-01-03 07:42:00,5930.0,5930.25,5929.25,5929.25,105
2025-01-03 07:43:00,5929.25,5929.75,5929.25,5929.25,104
2025-01-03 07:44:00,5929.0,5929.0,5928.25,5928.75,78
2025-01-03 07:45:00,5928.75,5929.25,5927.75,5928.5,129
2025-01-03 07:46:00,5928.25,5929.25,5928.0,5928.5,81
2025-01-03 07:47:00,5928.5,5929.25,5928.25,5929.0,184
2025-01-03 07:48:00,5929.0,5929.5,5928.75,5929.5,108
2025-01-03 07:49:00,5929.75,5930.5,5929.75,5929.75,186
2025-01-03 07:50:00,5929.75,5930.0,5929.5,5929.5,86
2025-01-03 07:51:00,5929.25,5931.0,5929.0,5930.5,463
2025-01-03 07:52:00,5930.75,5931.0,5930.25,5930.5,169
2025-01-03 07:53:00,5930.75,5931.25,5930.25,5930.75,222
2025-01-03 07:54:00,5931.0,5931.5,5931.0,5931.5,306
2025-01-03 07:55:00,5931.5,5931.75,5931.25,5931.5,139
2025-01-03 07:56:00,5931.5,5932.0,5931.5,5931.75,162
2025-01-03 07:57:00,5931.75,5932.0,5931.75,5932.0,52
2025-01-03 07:58:00,5932.0,5932.5,5932.0,5932.0,186
2025-01-03 07:59:00,5932.25,5932.75,5932.0,5932.5,202
2025-01-03 08:00:00,5932.75,5932.75,5932.0,5932.25,76
2025-01-03 08:01:00,5932.0,5932.25,5931.5,5932.25,161
2025-01-03 08:02:00,5932.25,5933.5,5932.25,5932.75,435
2025-01-03 08:03:00,5932.75,5933.25,5932.5,5932.75,144
2025-01-03 08:04:00,5933.0,5935.5,5933.0,5935.25,481
2025-01-03 08:05:00,5935.25,5937.25,5935.0,5935.75,560
2025-01-03 08:06:00,5935.5,5937.0,5935.5,5936.5,408
2025-01-03 08:07:00,5936.5,5937.0,5935.5,5935.5,372
2025-01-03 08:08:00,5935.5,5937.0,5934.75,5937.0,285
2025-01-03 08:09:00,5936.75,5937.25,5936.25,5937.25,203
2025-01-03 08:10:00,5937.25,5937.75,5936.25,5936.5,256
2025-01-03 08:11:00,5936.75,5937.5,5936.5,5937.0,150
2025-01-03 08:12:00,5936.75,5937.5,5936.0,5936.75,451
2025-01-03 08:13:00,5937.0,5937.0,5934.75,5935.25,388
2025-01-03 08:14:00,5935.25,5935.75,5934.75,5935.75,167
2025-01-03 08:15:00,5935.5,5935.5,5935.0,5935.0,182
2025-01-03 08:16:00,5935.25,5936.0,5934.75,5935.25,120
2025-01-03 08:17:00,5935.5,5936.0,5935.0,5935.25,136
2025-01-03 08:18:00,5935.0,5935.25,5933.75,5934.75,295
2025-01-03 08:19:00,5935.0,5935.0,5934.25,5934.25,232
2025-01-03 08:20:00,5934.0,5934.0,5933.0,5933.5,257
2025-01-03 08:21:00,5933.25,5934.0,5932.5,5933.25,323
2025-01-03 08:22:00,5933.25,5933.75,5932.75,5933.5,198
2025-01-03 08:23:00,5933.25,5934.0,5933.25,5933.5,141
2025-01-03 08:24:00,5933.5,5934.0,5933.25,5934.0,240
2025-01-03 08:25:00,5934.0,5936.0,5934.0,5935.75,339
2025-01-03 08:26:00,5935.5,5935.75,5934.0,5934.5,262
2025-01-03 08:27:00,5934.75,5935.25,5934.5,5934.75,46
2025-01-03 08:28:00,5935.0,5935.25,5934.75,5935.0,115
2025-01-03 08:29:00,5935.0,5936.25,5934.25,5936.0,194
2025-01-03 08:30:00,5936.25,5936.5,5936.0,5936.25,154
2025-01-03 08:31:00,5936.25,5937.25,5936.0,5936.75,431
2025-01-03 08:32:00,5937.0,5937.5,5936.5,5936.5,281
2025-01-03 08:33:00,5936.5,5938.0,5936.5,5938.0,600
2025-01-03 08:34:00,5938.0,5938.5,5937.75,5938.5,342
2025-01-03 08:35:00,5938.25,5938.5,5938.0,5938.25,187
2025-01-03 08:36:00,5938.5,5938.5,5937.75,5938.0,282
2025-01-03 08:37:00,5938.25,5938.5,5937.5,5938.5,272
2025-01-03 08:38:00,5938.25,5938.5,5937.5,5937.5,187
2025-01-03 08:39:00,5937.5,5937.5,5937.0,5937.25,203
2025-01-03 08:40:00,5937.5,5937.5,5936.5,5936.5,308
2025-01-03 08:41:00,5936.5,5936.75,5936.25,5936.75,108
2025-01-03 08:42:00,5936.5,5936.75,5936.5,5936.5,120
2025-01-03 08:43:00,5936.5,5938.25,5936.5,5938.0,361
2025-01-03 08:44:00,5938.0,5938.5,5937.75,5937.75,408
2025-01-03 08:45:00,5937.75,5937.75,5936.25,5936.25,297
2025-01-03 08:46:00,5936.25,5936.5,5935.5,5935.75,243
2025-01-03 08:47:00,5935.75,5936.75,5935.75,5936.0,328
2025-01-03 08:48:00,5936.0,5936.0,5934.0,5934.5,441
2025-01-03 08:49:00,5934.75,5935.75,5934.5,5935.25,455
2025-01-03 08:50:00,5935.5,5936.75,5935.25,5936.5,165
2025-01-03 08:51:00,5936.5,5936.75,5934.5,5934.75,439
2025-01-03 08:52:00,5934.75,5935.0,5933.25,5933.5,381
2025-01-03 08:53:00,5933.5,5933.75,5931.5,5931.5,872
2025-01-03 08:54:00,5931.25,5932.25,5931.25,5932.0,299
2025-01-03 08:55:00,5932.0,5933.75,5932.0,5933.25,559
2025-01-03 08:56:00,5933.25,5933.5,5931.5,5932.0,302
2025-01-03 08:57:00,5931.75,5932.0,5930.75,5931.5,388
2025-01-03 08:58:00,5931.5,5931.75,5930.75,5931.25,178
2025-01-03 08:59:00,5931.0,5931.25,5930.25,5930.75,358
2025-01-03 09:00:00,5930.5,5931.0,5930.25,5930.5,392
2025-01-03 09:01:00,5930.5,5932.25,5930.25,5931.5,633
2025-01-03 09:02:00,5931.25,5931.75,5930.75,5931.5,241
2025-01-03 09:03:00,5931.5,5933.25,5931.25,5932.75,626
2025-01-03 09:04:00,5933.0,5933.75,5932.75,5933.25,303
2025-01-03 09:05:00,5933.25,5933.25,5931.75,5932.5,367
2025-01-03 09:06:00,5932.25,5932.75,5931.75,5932.5,211
2025-01-03 09:07:00,5932.5,5936.25,5932.5,5935.75,630
2025-01-03 09:08:00,5936.0,5936.0,5934.75,5935.5,661
2025-01-03 09:09:00,5935.75,5937.5,5935.25,5937.5,514
2025-01-03 09:10:00,5937.5,5937.75,5936.75,5937.5,360
2025-01-03 09:11:00,5937.75,5939.0,5937.25,5938.25,781
2025-01-03 09:12:00,5938.0,5938.0,5936.5,5937.75,553
2025-01-03 09:13:00,5937.75,5938.5,5937.75,5938.5,416
2025-01-03 09:14:00,5938.5,5938.75,5938.25,5938.5,328
2025-01-03 09:15:00,5938.5,5939.0,5938.25,5938.5,303
2025-01-03 09:16:00,5938.5,5939.25,5938.0,5939.0,417
2025-01-03 09:17:00,5939.0,5939.25,5938.75,5939.25,179
2025-01-03 09:18:00,5939.5,5939.5,5938.75,5939.25,332
2025-01-03 09:19:00,5939.25,5940.0,5939.0,5939.75,502
2025-01-03 09:20:00,5940.0,5943.0,5939.75,5942.75,1560
2025-01-03 09:21:00,5942.5,5943.75,5942.25,5942.25,1201
2025-01-03 09:22:00,5942.25,5943.75,5942.25,5943.5,863
2025-01-03 09:23:00,5943.5,5944.0,5942.5,5943.25,742
2025-01-03 09:24:00,5943.25,5943.5,5942.25,5943.25,623
2025-01-03 09:25:00,5943.25,5943.25,5942.0,5942.5,608
2025-01-03 09:26:00,5942.5,5945.0,5942.25,5944.0,1563
2025-01-03 09:27:00,5943.75,5944.75,5943.5,5944.5,757
2025-01-03 09:28:00,5944.5,5944.75,5943.25,5944.25,711
2025-01-03 09:29:00,5944.5,5945.75,5944.5,5944.75,1434
2025-01-03 09:30:00,5944.5,5945.5,5943.5,5944.75,2457
2025-01-03 09:31:00,5945.0,5947.75,5939.0,5947.25,11846
2025-01-03 09:32:00,5947.25,5951.5,5946.75,5949.5,6890
2025-01-03 09:33:00,5949.5,5953.75,5949.25,5953.5,4915
2025-01-03 09:34:00,5953.75,5956.0,5953.0,5954.5,4992
2025-01-03 09:35:00,5954.5,5954.75,5950.0,5950.5,4998
2025-01-03 09:36:00,5950.25,5953.0,5949.25,5950.75,5359
2025-01-03 09:37:00,5951.0,5951.5,5945.5,5949.25,5305
2025-01-03 09:38:00,5949.0,5953.5,5948.25,5952.25,4084
2025-01-03 09:39:00,5952.5,5955.25,5952.5,5955.25,3835
2025-01-03 09:40:00,5955.25,5965.25,5954.25,5964.5,8388
2025-01-03 09:41:00,5964.25,5965.75,5962.5,5964.75,6201
2025-01-03 09:42:00,5964.5,5965.5,5961.75,5963.0,4349
2025-01-03 09:43:00,5962.75,5962.75,5960.75,5962.5,3636
2025-01-03 09:44:00,5962.25,5964.75,5961.75,5963.5,3808
2025-01-03 09:45:00,5963.5,5965.75,5962.5,5963.5,3591
2025-01-03 09:46:00,5963.25,5965.0,5959.75,5961.75,6572
2025-01-03 09:47:00,5961.75,5962.5,5957.25,5957.5,4211
2025-01-03 09:48:00,5957.5,5957.75,5948.75,5950.0,7092
2025-01-03 09:49:00,5950.0,5952.0,5945.5,5948.25,6090
2025-01-03 09:50:00,5948.25,5949.75,5945.75,5949.25,4342
2025-01-03 09:51:00,5949.25,5953.0,5948.5,5952.0,5720
2025-01-03 09:52:00,5952.0,5952.0,5938.25,5940.5,8824
2025-01-03 09:53:00,5940.25,5945.75,5940.0,5943.75,5621
2025-01-03 09:54:00,5943.5,5949.25,5942.75,5948.25,3649
2025-01-03 09:55:00,5948.25,5948.5,5945.5,5947.25,2690
2025-01-03 09:56:00,5947.0,5948.5,5944.25,5947.25,3477
2025-01-03 09:57:00,5947.25,5951.0,5944.5,5950.75,4818
2025-01-03 09:58:00,5951.0,5951.5,5945.0,5945.25,2940
2025-01-03 09:59:00,5945.0,5949.0,5944.75,5949.0,2502
2025-01-03 10:00:00,5949.0,5950.5,5947.5,5950.5,1436
2025-01-03 10:01:00,5950.5,5955.0,5944.5,5947.5,6204
2025-01-03 10:02:00,5948.0,5950.0,5945.25,5946.0,3641
2025-01-03 10:03:00,5946.25,5951.5,5945.0,5950.25,4708
2025-01-03 10:04:00,5950.25,5953.5,5949.25,5952.75,4120
2025-01-03 10:05:00,5952.5,5962.25,5951.25,5961.25,6313
2025-01-03 10:06:00,5961.5,5964.75,5959.0,5962.0,6847
2025-01-03 10:07:00,5962.0,5965.0,5961.0,5962.25,4247
2025-01-03 10:08:00,5962.25,5962.5,5956.25,5959.5,5571
2025-01-03 10:09:00,5959.75,5964.5,5959.0,5963.25,3837
2025-01-03 10:10:00,5963.25,5964.0,5961.0,5961.25,2570
2025-01-03 10:11:00,5961.5,5964.25,5960.25,5963.0,2777
2025-01-03 10:12:00,5963.25,5963.5,5956.75,5957.25,3002
2025-01-03 10:13:00,5957.0,5957.25,5946.75,5953.75,8689
2025-01-03 10:14:00,5954.0,5955.0,5952.0,5953.5,4063
2025-01-03 10:15:00,5953.75,5954.25,5950.0,5952.0,3653
2025-01-03 10:16:00,5952.0,5955.5,5949.0,5951.25,5503
2025-01-03 10:17:00,5951.25,5956.5,5948.25,5950.25,5076
2025-01-03 10:18:00,5950.5,5951.0,5942.75,5944.5,6034
2025-01-03 10:19:00,5944.5,5947.0,5941.0,5944.25,5118
2025-01-03 10:20:00,5944.25,5947.5,5943.5,5946.5,4515
2025-01-03 10:21:00,5946.5,5947.5,5937.0,5937.75,5715
2025-01-03 10:22:00,5937.75,5938.5,5934.0,5936.0,7372
2025-01-03 10:23:00,5936.0,5942.75,5935.25,5941.75,6333
2025-01-03 10:24:00,5941.75,5944.75,5941.0,5943.0,4620
2025-01-03 10:25:00,5943.0,5950.75,5941.75,5948.25,6047
2025-01-03 10:26:00,5948.25,5951.25,5947.5,5948.25,4297
2025-01-03 10:27:00,5948.0,5951.5,5945.75,5950.25,4330
2025-01-03 10:28:00,5950.0,5953.25,5948.75,5949.0,3869
2025-01-03 10:29:00,5949.0,5953.25,5949.0,5953.25,3217
2025-01-03 10:30:00,5953.0,5954.0,5951.75,5952.25,2690
2025-01-03 10:31:00,5952.25,5952.5,5945.0,5951.0,5895
2025-01-03 10:32:00,5951.0,5951.5,5947.25,5949.75,3147
2025-01-03 10:33:00,5949.5,5953.0,5949.25,5951.0,3604
2025-01-03 10:34:00,5951.0,5955.5,5951.0,5954.5,3655
2025-01-03 10:35:00,5954.5,5955.75,5952.25,5955.5,2802
2025-01-03 10:36:00,5955.5,5957.5,5951.75,5957.25,2970
2025-01-03 10:37:00,5957.0,5961.25,5957.0,5959.5,5111
2025-01-03 10:38:00,5959.25,5960.75,5954.75,5957.25,3947
2025-01-03 10:39:00,5957.0,5957.75,5951.75,5953.75,3745
2025-01-03 10:40:00,5953.5,5955.75,5951.75,5955.5,3374
2025-01-03 10:41:00,5955.5,5958.25,5954.75,5957.5,2885
2025-01-03 10:42:00,5957.75,5960.0,5956.75,5959.0,2420
2025-01-03 10:43:00,5959.0,5961.5,5958.5,5961.0,1947
2025-01-03 10:44:00,5961.25,5962.5,5959.25,5961.25,2689
2025-01-03 10:45:00,5961.5,5965.0,5959.75,5960.0,4637
2025-01-03 10:46:00,5960.0,5964.0,5959.25,5962.0,3853
2025-01-03 10:47:00,5962.0,5962.5,5957.5,5958.25,2957
2025-01-03 10:48:00,5958.5,5959.25,5956.25,5958.5,2544
2025-01-03 10:49:00,5958.75,5960.5,5956.75,5959.5,2362
2025-01-03 10:50:00,5959.5,5961.25,5958.25,5960.0,1881
2025-01-03 10:51:00,5960.25,5961.0,5955.25,5958.0,3240
2025-01-03 10:52:00,5958.25,5959.75,5957.25,5957.75,2051
2025-01-03 10:53:00,5958.0,5962.5,5957.25,5959.75,2109
2025-01-03 10:54:00,5959.75,5960.0,5956.0,5957.5,2455
2025-01-03 10:55:00,5957.75,5958.0,5954.25,5957.0,2885
2025-01-03 10:56:00,5957.25,5958.25,5955.0,5957.75,2245
2025-01-03 10:57:00,5958.0,5961.5,5957.25,5961.25,2350
2025-01-03 10:58:00,5961.25,5961.75,5958.5,5959.25,2046
2025-01-03 10:59:00,5959.5,5963.5,5959.25,5963.0,2043
2025-01-03 11:00:00,5963.25,5963.75,5961.25,5962.25,1964
2025-01-03 11:01:00,5962.0,5963.5,5961.0,5961.5,2808
2025-01-03 11:02:00,5961.5,5963.0,5960.25,5961.0,1878
2025-01-03 11:03:00,5961.0,5964.5,5960.0,5964.0,2188
2025-01-03 11:04:00,5964.25,5969.25,5963.75,5967.5,5349
2025-01-03 11:05:00,5967.5,5968.75,5965.5,5966.0,2841
2025-01-03 11:06:00,5966.0,5966.5,5960.75,5961.25,2954
2025-01-03 11:07:00,5961.25,5961.75,5957.5,5958.5,3706
2025-01-03 11:08:00,5958.5,5959.0,5954.25,5956.0,5151
2025-01-03 11:09:00,5956.25,5957.5,5952.5,5954.75,3490
2025-01-03 11:10:00,5955.0,5956.5,5954.0,5955.0,2425
2025-01-03 11:11:00,5955.0,5956.75,5953.5,5954.5,2579
2025-01-03 11:12:00,5954.25,5954.75,5951.5,5952.75,3210
2025-01-03 11:13:00,5952.75,5955.25,5952.25,5954.0,2369
2025-01-03 11:14:00,5954.0,5954.75,5953.0,5954.0,1326
2025-01-03 11:15:00,5954.0,5957.0,5953.25,5955.75,2292
2025-01-03 11:16:00,5955.5,5956.5,5953.5,5955.5,1566
2025-01-03 11:17:00,5955.5,5958.0,5955.25,5957.25,1860
2025-01-03 11:18:00,5957.5,5957.75,5955.0,5955.25,1533
2025-01-03 11:19:00,5955.25,5956.75,5954.75,5955.5,1399
2025-01-03 11:20:00,5955.5,5958.75,5955.0,5958.0,1614
2025-01-03 11:21:00,5958.0,5961.0,5957.0,5957.0,3181
2025-01-03 11:22:00,5957.25,5961.5,5957.25,5961.0,2325
2025-01-03 11:23:00,5961.25,5963.0,5958.75,5959.0,2973
2025-01-03 11:24:00,5959.0,5960.0,5956.0,5959.75,2185
2025-01-03 11:25:00,5959.5,5960.75,5959.0,5960.5,1217
2025-01-03 11:26:00,5960.5,5963.0,5960.0,5962.25,1550
2025-01-03 11:27:00,5962.5,5966.5,5962.5,5964.0,4352
2025-01-03 11:28:00,5963.75,5967.25,5963.75,5966.75,1912
2025-01-03 11:29:00,5966.5,5967.0,5964.75,5965.75,1823
2025-01-03 11:30:00,5965.75,5967.25,5965.0,5966.75,1824
2025-01-03 11:31:00,5966.75,5970.25,5966.25,5969.75,4244
2025-01-03 11:32:00,5969.75,5971.75,5967.5,5969.25,3558
2025-01-03 11:33:00,5969.0,5972.5,5968.0,5972.0,2440
2025-01-03 11:34:00,5972.0,5973.5,5972.0,5972.25,2672
2025-01-03 11:35:00,5972.5,5973.5,5971.75,5973.0,1603
2025-01-03 11:36:00,5973.25,5973.25,5969.5,5972.0,2834
2025-01-03 11:37:00,5971.75,5976.25,5971.5,5975.5,3798
2025-01-03 11:38:00,5975.75,5977.0,5973.75,5974.75,2215
2025-01-03 11:39:00,5975.0,5976.5,5973.25,5974.75,2250
2025-01-03 11:40:00,5975.0,5975.5,5973.5,5974.0,1796
2025-01-03 11:41:00,5974.25,5976.0,5973.25,5974.5,1698
2025-01-03 11:42:00,5974.75,5975.75,5974.5,5975.5,1643
2025-01-03 11:43:00,5975.75,5978.25,5975.5,5978.0,3180
2025-01-03 11:44:00,5978.0,5979.0,5977.0,5977.75,2049
2025-01-03 11:45:00,5977.75,5978.25,5977.25,5977.25,1571
2025-01-03 11:46:00,5977.5,5978.5,5976.0,5978.25,1774
2025-01-03 11:47:00,5978.5,5979.5,5977.25,5977.75,2267
2025-01-03 11:48:00,5978.0,5978.5,5977.0,5978.25,1771
2025-01-03 11:49:00,5978.25,5979.0,5977.5,5978.75,1367
2025-01-03 11:50:00,5978.75,5979.5,5978.25,5978.5,1302
2025-01-03 11:51:00,5978.75,5980.5,5978.25,5980.25,2170
2025-01-03 11:52:00,5980.5,5980.75,5978.0,5978.5,1675
2025-01-03 11:53:00,5978.5,5980.0,5977.5,5979.25,2019
2025-01-03 11:54:00,5979.5,5980.0,5977.75,5978.75,1533
2025-01-03 11:55:00,5978.75,5980.5,5978.25,5979.25,1372
2025-01-03 11:56:00,5979.25,5980.5,5977.75,5978.0,2321
2025-01-03 11:57:00,5978.25,5978.75,5976.0,5976.75,2630
2025-01-03 11:58:00,5977.0,5978.0,5975.5,5977.75,2075
2025-01-03 11:59:00,5978.0,5978.0,5975.5,5977.5,1649
2025-01-03 12:00:00,5977.5,5977.75,5973.5,5974.75,2367
2025-01-03 12:01:00,5974.75,5978.0,5974.25,5975.75,2101
2025-01-03 12:02:00,5976.0,5978.0,5975.5,5977.5,1861
2025-01-03 12:03:00,5977.5,5978.0,5975.75,5976.25,1034
2025-01-03 12:04:00,5976.5,5979.0,5976.5,5978.25,1375
2025-01-03 12:05:00,5978.5,5979.0,5977.5,5978.75,1233
2025-01-03 12:06:00,5979.0,5980.5,5978.5,5979.0,2095
2025-01-03 12:07:00,5979.25,5980.5,5979.0,5980.5,995
2025-01-03 12:08:00,5980.5,5981.25,5979.5,5979.5,1707
2025-01-03 12:09:00,5979.75,5979.75,5978.25,5979.0,1425
2025-01-03 12:10:00,5979.25,5979.5,5977.25,5978.0,1123
2025-01-03 12:11:00,5977.75,5979.5,5976.75,5979.0,1570
2025-01-03 12:12:00,5979.0,5979.5,5978.25,5978.75,1104
2025-01-03 12:13:00,5978.75,5979.0,5976.25,5976.25,1306
2025-01-03 12:14:00,5976.5,5978.0,5976.5,5977.25,1281
2025-01-03 12:15:00,5977.0,5977.25,5973.5,5973.75,2271
2025-01-03 12:16:00,5974.0,5978.5,5972.75,5978.25,2552
2025-01-03 12:17:00,5978.5,5979.75,5977.25,5977.75,1828
2025-01-03 12:18:00,5977.75,5978.0,5975.75,5976.25,978
2025-01-03 12:19:00,5976.25,5976.25,5974.5,5975.25,1036
2025-01-03 12:20:00,5975.0,5975.5,5971.5,5972.25,1839
2025-01-03 12:21:00,5972.5,5974.0,5972.0,5973.0,1712
2025-01-03 12:22:00,5973.0,5974.0,5970.75,5973.75,2214
2025-01-03 12:23:00,5973.75,5974.5,5972.5,5974.0,1291
2025-01-03 12:24:00,5974.25,5975.0,5973.75,5975.0,1166
2025-01-03 12:25:00,5975.0,5976.0,5973.75,5976.0,1824
2025-01-03 12:26:00,5975.75,5978.75,5975.75,5978.0,2436
2025-01-03 12:27:00,5977.75,5979.0,5976.5,5977.25,2301
2025-01-03 12:28:00,5977.25,5977.75,5975.5,5976.0,1241
2025-01-03 12:29:00,5976.0,5976.0,5973.5,5975.0,2168
2025-01-03 12:30:00,5974.75,5975.0,5971.5,5972.25,1904
2025-01-03 12:31:00,5972.25,5974.75,5971.75,5972.25,1801
2025-01-03 12:32:00,5972.25,5974.0,5971.75,5973.0,1396
2025-01-03 12:33:00,5972.75,5973.25,5970.5,5970.75,1785
2025-01-03 12:34:00,5970.75,5973.0,5969.25,5973.0,2333
2025-01-03 12:35:00,5973.25,5974.25,5972.75,5973.75,1455
2025-01-03 12:36:00,5973.75,5974.75,5972.0,5973.75,2082
2025-01-03 12:37:00,5973.5,5974.0,5972.5,5973.75,1088
2025-01-03 12:38:00,5973.75,5974.75,5972.5,5974.5,1360
2025-01-03 12:39:00,5974.5,5974.75,5972.75,5973.25,1081
2025-01-03 12:40:00,5973.0,5974.5,5973.0,5973.75,971
2025-01-03 12:41:00,5973.75,5975.5,5973.0,5975.5,1807
2025-01-03 12:42:00,5975.5,5975.5,5973.75,5974.0,1034
2025-01-03 12:43:00,5974.0,5975.0,5974.0,5974.75,1633
2025-01-03 12:44:00,5974.75,5974.75,5973.0,5974.0,1220
2025-01-03 12:45:00,5974.25,5974.75,5973.0,5973.5,1081
2025-01-03 12:46:00,5973.75,5974.25,5972.0,5974.0,1647
2025-01-03 12:47:00,5974.0,5975.0,5972.75,5973.0,1265
2025-01-03 12:48:00,5973.25,5973.75,5971.25,5973.0,1402
2025-01-03 12:49:00,5973.25,5974.25,5972.0,5973.25,1405
2025-01-03 12:50:00,5973.25,5975.5,5972.5,5974.75,1042
2025-01-03 12:51:00,5975.0,5977.75,5974.75,5976.0,3150
2025-01-03 12:52:00,5976.25,5977.75,5975.75,5976.5,1465
2025-01-03 12:53:00,5976.5,5976.5,5974.75,5975.75,1148
2025-01-03 12:54:00,5975.75,5977.0,5975.0,5977.0,1279
2025-01-03 12:55:00,5977.0,5977.0,5975.0,5976.0,992
2025-01-03 12:56:00,5976.0,5976.5,5974.75,5976.25,1333
2025-01-03 12:57:00,5976.25,5976.75,5975.75,5976.25,1120
2025-01-03 12:58:00,5976.25,5977.5,5975.75,5977.0,842
2025-01-03 12:59:00,5977.25,5977.75,5976.5,5977.5,1174
2025-01-03 13:00:00,5977.75,5978.25,5976.75,5977.5,1155
2025-01-03 13:01:00,5977.5,5978.5,5975.5,5975.75,1852
2025-01-03 13:02:00,5975.75,5975.75,5972.25,5972.75,2132
2025-01-03 13:03:00,5973.0,5976.25,5972.75,5975.25,2345
2025-01-03 13:04:00,5975.25,5976.0,5974.25,5974.75,980
2025-01-03 13:05:00,5974.75,5975.5,5974.0,5975.5,820
2025-01-03 13:06:00,5975.5,5977.25,5974.75,5976.5,1047
2025-01-03 13:07:00,5976.75,5977.0,5975.5,5976.25,803
2025-01-03 13:08:00,5976.25,5977.0,5976.25,5976.75,483
2025-01-03 13:09:00,5976.75,5977.0,5975.25,5977.0,828
2025-01-03 13:10:00,5977.0,5978.0,5976.0,5976.75,1198
2025-01-03 13:11:00,5976.75,5977.5,5975.75,5976.75,1061
2025-01-03 13:12:00,5977.0,5978.25,5976.25,5976.25,1842
2025-01-03 13:13:00,5976.25,5978.0,5976.0,5977.0,640
2025-01-03 13:14:00,5976.75,5978.25,5976.75,5977.5,703
2025-01-03 13:15:00,5977.75,5978.5,5977.25,5977.5,847
2025-01-03 13:16:00,5977.5,5978.5,5977.25,5977.75,935
2025-01-03 13:17:00,5977.5,5978.5,5977.25,5977.25,1015
2025-01-03 13:18:00,5977.0,5978.25,5976.75,5977.5,906
2025-01-03 13:19:00,5977.5,5979.0,5977.25,5978.75,1059
2025-01-03 13:20:00,5978.75,5980.0,5978.5,5979.75,1257
2025-01-03 13:21:00,5979.75,5981.0,5979.5,5980.75,2561
2025-01-03 13:22:00,5980.75,5981.0,5979.0,5979.75,1378
2025-01-03 13:23:00,5979.75,5980.0,5978.25,5978.75,798
2025-01-03 13:24:00,5978.5,5979.25,5977.75,5979.25,1464
2025-01-03 13:25:00,5979.0,5979.25,5978.0,5979.0,1039
2025-01-03 13:26:00,5979.0,5981.0,5979.0,5981.0,1396
2025-01-03 13:27:00,5981.0,5982.0,5980.25,5981.5,2112
2025-01-03 13:28:00,5981.25,5981.75,5980.75,5981.25,1064
2025-01-03 13:29:00,5981.0,5983.25,5981.0,5983.25,1655
2025-01-03 13:30:00,5983.25,5986.25,5982.75,5986.0,2814
2025-01-03 13:31:00,5986.0,5986.5,5984.5,5985.75,2792
2025-01-03 13:32:00,5985.75,5988.25,5985.5,5987.75,2640
2025-01-03 13:33:00,5987.75,5988.75,5985.25,5986.25,2194
2025-01-03 13:34:00,5986.25,5986.5,5983.25,5983.25,1405
2025-01-03 13:35:00,5983.5,5984.0,5982.5,5984.0,1878
2025-01-03 13:36:00,5984.25,5986.0,5983.75,5986.0,1213
2025-01-03 13:37:00,5986.0,5986.75,5985.25,5986.25,1744
2025-01-03 13:38:00,5986.25,5986.75,5985.5,5986.5,772
2025-01-03 13:39:00,5986.5,5987.75,5985.75,5987.75,765
2025-01-03 13:40:00,5987.75,5989.0,5987.25,5988.75,1869
2025-01-03 13:41:00,5988.75,5989.5,5987.25,5987.5,2165
2025-01-03 13:42:00,5987.5,5988.75,5987.5,5988.75,782
2025-01-03 13:43:00,5988.75,5988.75,5986.5,5987.0,1093
2025-01-03 13:44:00,5987.0,5988.0,5986.75,5987.75,911
2025-01-03 13:45:00,5987.75,5987.75,5986.75,5987.25,984
2025-01-03 13:46:00,5987.5,5988.0,5987.0,5988.0,992
2025-01-03 13:47:00,5988.0,5988.5,5987.25,5988.0,1315
2025-01-03 13:48:00,5988.0,5988.0,5986.75,5987.5,1108
2025-01-03 13:49:00,5987.5,5988.25,5987.0,5988.0,904
2025-01-03 13:50:00,5988.25,5988.75,5987.25,5987.5,724
2025-01-03 13:51:00,5987.5,5987.75,5985.0,5985.25,1713
2025-01-03 13:52:00,5985.5,5986.25,5984.75,5985.5,1167
2025-01-03 13:53:00,5985.5,5986.0,5984.25,5984.75,1373
2025-01-03 13:54:00,5985.0,5986.25,5984.75,5985.75,940
2025-01-03 13:55:00,5986.0,5987.0,5985.5,5986.75,960
2025-01-03 13:56:00,5987.0,5988.0,5986.5,5987.25,1258
2025-01-03 13:57:00,5987.25,5987.25,5986.75,5987.0,649
2025-01-03 13:58:00,5987.25,5987.75,5986.25,5987.5,751
2025-01-03 13:59:00,5987.75,5988.0,5986.75,5987.5,953
2025-01-03 14:00:00,5987.75,5988.0,5981.25,5984.0,6609
2025-01-03 14:01:00,5984.0,5986.0,5981.75,5985.75,3536
2025-01-03 14:02:00,5985.75,5986.25,5984.5,5984.75,1655
2025-01-03 14:03:00,5985.0,5987.0,5984.75,5986.75,1342
2025-01-03 14:04:00,5987.0,5987.5,5985.5,5986.25,928
2025-01-03 14:05:00,5986.25,5987.25,5985.75,5987.0,959
2025-01-03 14:06:00,5987.0,5987.5,5985.25,5987.0,1352
2025-01-03 14:07:00,5987.0,5988.75,5987.0,5987.5,1298
2025-01-03 14:08:00,5987.5,5988.25,5986.75,5988.25,1244
2025-01-03 14:09:00,5988.25,5989.0,5988.0,5988.75,828
2025-01-03 14:10:00,5988.5,5989.5,5988.0,5989.25,1038
2025-01-03 14:11:00,5989.25,5990.5,5988.5,5989.25,2376
2025-01-03 14:12:00,5989.0,5989.25,5988.25,5988.75,982
2025-01-03 14:13:00,5988.5,5988.75,5987.25,5988.5,998
2025-01-03 14:14:00,5988.5,5990.0,5988.25,5990.0,859
2025-01-03 14:15:00,5989.75,5990.75,5989.25,5989.5,1239
2025-01-03 14:16:00,5989.75,5989.75,5988.5,5989.5,1044
2025-01-03 14:17:00,5989.5,5990.5,5989.5,5990.25,734
2025-01-03 14:18:00,5990.0,5992.0,5989.75,5992.0,1672
2025-01-03 14:19:00,5991.75,5992.25,5990.25,5990.75,1324
2025-01-03 14:20:00,5990.75,5992.25,5990.75,5992.0,1101
2025-01-03 14:21:00,5992.0,5992.75,5991.0,5991.5,1330
2025-01-03 14:22:00,5991.5,5992.0,5990.5,5991.0,1249
2025-01-03 14:23:00,5991.0,5991.25,5990.25,5991.25,777
2025-01-03 14:24:00,5991.0,5991.25,5990.75,5991.25,540
2025-01-03 14:25:00,5991.0,5991.0,5989.5,5990.0,911
2025-01-03 14:26:00,5990.0,5990.0,5988.25,5989.75,1580
2025-01-03 14:27:00,5989.5,5990.0,5988.5,5989.75,1396
2025-01-03 14:28:00,5989.75,5990.75,5989.5,5990.75,737
2025-01-03 14:29:00,5990.75,5991.5,5990.25,5991.0,1069
2025-01-03 14:30:00,5990.75,5991.75,5990.5,5991.75,665
2025-01-03 14:31:00,5991.75,5991.75,5990.75,5991.5,1110
2025-01-03 14:32:00,5991.5,5991.75,5991.25,5991.5,685
2025-01-03 14:33:00,5991.5,5993.0,5991.5,5993.0,1518
2025-01-03 14:34:00,5993.0,5993.75,5991.75,5993.75,1427
2025-01-03 14:35:00,5993.75,5994.25,5993.5,5993.75,1365
2025-01-03 14:36:00,5993.75,5994.75,5993.0,5994.25,1424
2025-01-03 14:37:00,5994.0,5996.0,5993.75,5995.25,2158
2025-01-03 14:38:00,5995.0,5996.0,5995.0,5996.0,1203
2025-01-03 14:39:00,5996.0,5996.0,5995.0,5995.75,958
2025-01-03 14:40:00,5995.75,5996.75,5995.5,5996.5,1085
2025-01-03 14:41:00,5996.5,5996.75,5995.0,5995.75,1515
2025-01-03 14:42:00,5995.75,5996.0,5995.5,5995.75,680
2025-01-03 14:43:00,5995.75,5996.5,5995.75,5996.25,996
2025-01-03 14:44:00,5996.25,5996.5,5994.5,5995.25,1576
2025-01-03 14:45:00,5995.25,5995.5,5994.0,5994.5,1498
2025-01-03 14:46:00,5994.5,5995.0,5993.0,5994.5,1586
2025-01-03 14:47:00,5994.75,5995.75,5994.5,5995.75,1324
2025-01-03 14:48:00,5995.75,5995.75,5992.75,5994.0,1362
2025-01-03 14:49:00,5994.25,5994.75,5993.75,5994.25,725
2025-01-03 14:50:00,5994.5,5994.5,5993.25,5994.0,860
2025-01-03 14:51:00,5994.25,5994.25,5993.25,5993.5,1075
2025-01-03 14:52:00,5993.75,5993.75,5991.75,5992.25,1455
2025-01-03 14:53:00,5992.5,5992.5,5991.0,5991.5,1591
2025-01-03 14:54:00,5991.5,5992.25,5989.5,5991.0,3668
2025-01-03 14:55:00,5991.0,5992.75,5990.75,5992.25,1754
2025-01-03 14:56:00,5992.25,5992.5,5990.5,5991.25,1115
2025-01-03 14:57:00,5991.25,5991.75,5990.5,5991.5,1012
2025-01-03 14:58:00,5991.75,5992.75,5991.25,5992.5,1120
2025-01-03 14:59:00,5992.5,5992.5,5991.25,5991.5,892
2025-01-03 15:00:00,5991.5,5992.75,5991.25,5991.5,1215
2025-01-03 15:01:00,5991.5,5991.5,5987.5,5987.75,4041
2025-01-03 15:02:00,5988.0,5988.0,5985.0,5985.0,3115
2025-01-03 15:03:00,5985.0,5988.25,5984.75,5987.5,2657
2025-01-03 15:04:00,5987.75,5989.25,5986.75,5988.0,1936
2025-01-03 15:05:00,5988.0,5988.25,5986.25,5986.25,1265
2025-01-03 15:06:00,5986.25,5987.25,5985.5,5986.0,1396
2025-01-03 15:07:00,5986.0,5987.75,5986.0,5987.0,1543
2025-01-03 15:08:00,5987.0,5990.0,5987.0,5989.25,1730
2025-01-03 15:09:00,5989.5,5990.25,5988.25,5988.5,1795
2025-01-03 15:10:00,5988.75,5989.0,5987.75,5988.25,1320
2025-01-03 15:11:00,5988.25,5990.0,5988.0,5989.75,1275
2025-01-03 15:12:00,5989.75,5989.75,5987.75,5987.75,1075
2025-01-03 15:13:00,5987.75,5988.5,5987.0,5988.5,1309
2025-01-03 15:14:00,5988.75,5989.0,5988.0,5988.5,976
2025-01-03 15:15:00,5988.5,5990.0,5988.0,5989.25,1103
2025-01-03 15:16:00,5989.25,5990.0,5988.75,5989.75,1422
2025-01-03 15:17:00,5989.75,5990.0,5988.75,5989.25,1363
2025-01-03 15:18:00,5989.25,5989.5,5989.0,5989.25,812
2025-01-03 15:19:00,5989.25,5989.75,5988.5,5989.0,855
2025-01-03 15:20:00,5989.0,5989.5,5988.5,5989.0,1111
2025-01-03 15:21:00,5989.0,5989.0,5986.75,5988.25,1733
2025-01-03 15:22:00,5988.0,5988.25,5987.0,5988.0,1004
2025-01-03 15:23:00,5988.25,5989.75,5987.5,5989.75,1132
2025-01-03 15:24:00,5989.75,5990.0,5987.75,5988.25,1234
2025-01-03 15:25:00,5988.25,5988.5,5987.25,5988.0,971
2025-01-03 15:26:00,5987.75,5988.5,5987.5,5988.5,1141
2025-01-03 15:27:00,5988.25,5988.5,5987.0,5987.5,893
2025-01-03 15:28:00,5987.5,5989.5,5987.5,5989.5,996
2025-01-03 15:29:00,5989.5,5990.25,5989.25,5990.0,1260
2025-01-03 15:30:00,5990.0,5990.0,5989.25,5989.75,1195
2025-01-03 15:31:00,5989.5,5989.5,5986.5,5987.5,3375
2025-01-03 15:32:00,5987.25,5988.25,5985.75,5986.5,4179
2025-01-03 15:33:00,5986.25,5988.25,5984.5,5986.0,6988
2025-01-03 15:34:00,5986.0,5986.0,5984.0,5984.5,2875
2025-01-03 15:35:00,5984.25,5987.75,5984.25,5987.5,2847
2025-01-03 15:36:00,5987.25,5988.0,5986.5,5987.75,1327
2025-01-03 15:37:00,5987.75,5988.0,5986.5,5988.0,1401
2025-01-03 15:38:00,5988.0,5989.25,5986.75,5989.0,1794
2025-01-03 15:39:00,5988.75,5989.75,5987.5,5987.75,1734
2025-01-03 15:40:00,5987.75,5988.75,5987.25,5987.5,1175
2025-01-03 15:41:00,5987.5,5987.75,5985.75,5987.25,1791
2025-01-03 15:42:00,5987.25,5987.25,5985.75,5987.0,1519
2025-01-03 15:43:00,5987.0,5988.25,5986.25,5987.75,1829
2025-01-03 15:44:00,5987.5,5987.75,5985.25,5985.75,2034
2025-01-03 15:45:00,5985.75,5987.0,5985.5,5986.0,1650
2025-01-03 15:46:00,5985.75,5986.75,5985.0,5985.0,2011
2025-01-03 15:47:00,5985.0,5987.0,5985.0,5986.0,1798
2025-01-03 15:48:00,5986.0,5986.25,5983.25,5983.75,2539
2025-01-03 15:49:00,5983.75,5983.75,5981.5,5982.25,3016
2025-01-03 15:50:00,5982.5,5984.0,5980.75,5983.5,3669
2025-01-03 15:51:00,5983.5,5984.5,5982.0,5982.25,4103
2025-01-03 15:52:00,5982.25,5982.5,5980.75,5981.75,3932
2025-01-03 15:53:00,5981.75,5984.25,5981.75,5983.25,2360
2025-01-03 15:54:00,5983.25,5984.0,5981.25,5981.5,2317
2025-01-03 15:55:00,5981.5,5986.0,5981.0,5983.5,6825
2025-01-03 15:56:00,5983.5,5987.25,5983.25,5987.0,5298
2025-01-03 15:57:00,5987.25,5987.5,5986.0,5986.75,4353
2025-01-03 15:58:00,5987.0,5987.75,5985.75,5987.0,4432
2025-01-03 15:59:00,5987.0,5988.25,5985.75,5987.5,8600
2025-01-03 16:00:00,5987.5,5992.0,5986.5,5988.25,49041
2025-01-03 16:01:00,5988.25,5989.25,5986.0,5987.75,15716
2025-01-03 16:02:00,5987.5,5987.75,5985.75,5986.0,3163
2025-01-03 16:03:00,5986.0,5986.5,5985.0,5985.5,2317
2025-01-03 16:04:00,5985.5,5985.75,5985.0,5985.5,1380
2025-01-03 16:05:00,5985.5,5986.5,5985.0,5986.25,1742
2025-01-03 16:06:00,5986.25,5987.25,5985.5,5987.0,1342
2025-01-03 16:07:00,5986.75,5987.5,5986.75,5986.75,870
2025-01-03 16:08:00,5986.75,5987.75,5986.75,5987.5,1130
2025-01-03 16:09:00,5987.25,5988.0,5987.0,5987.75,826
2025-01-03 16:10:00,5987.5,5988.0,5987.25,5987.25,725
2025-01-03 16:11:00,5987.5,5987.5,5986.0,5986.75,752
2025-01-03 16:12:00,5986.5,5986.75,5986.25,5986.5,693
2025-01-03 16:13:00,5986.75,5986.75,5985.75,5985.75,441
2025-01-03 16:14:00,5985.75,5986.5,5985.75,5985.75,834
2025-01-03 16:15:00,5985.75,5986.25,5985.5,5985.75,904
2025-01-03 16:16:00,5985.75,5985.75,5984.75,5985.25,1259
2025-01-03 16:17:00,5985.5,5986.0,5985.0,5985.75,198
2025-01-03 16:18:00,5985.75,5986.5,5985.5,5985.5,344
2025-01-03 16:19:00,5985.5,5985.75,5985.0,5985.0,373
2025-01-03 16:20:00,5985.25,5985.25,5983.5,5983.5,455
2025-01-03 16:21:00,5983.75,5984.25,5983.5,5984.25,360
2025-01-03 16:22:00,5984.25,5984.25,5983.75,5984.0,160
2025-01-03 16:23:00,5984.0,5984.75,5984.0,5984.75,320
2025-01-03 16:24:00,5984.5,5985.0,5984.25,5984.25,411
2025-01-03 16:25:00,5984.25,5984.75,5983.75,5984.75,256
2025-01-03 16:26:00,5984.5,5984.5,5984.0,5984.5,126
2025-01-03 16:27:00,5984.25,5985.0,5984.25,5984.75,266
2025-01-03 16:28:00,5984.75,5984.75,5984.25,5984.75,263
2025-01-03 16:29:00,5984.5,5985.25,5984.25,5985.25,530
2025-01-03 16:30:00,5985.0,5985.0,5984.5,5984.75,247
2025-01-03 16:31:00,5984.5,5984.75,5983.75,5983.75,288
2025-01-03 16:32:00,5984.0,5984.25,5983.75,5984.25,247
2025-01-03 16:33:00,5984.25,5985.75,5984.25,5984.75,440
2025-01-03 16:34:00,5984.75,5984.75,5984.25,5984.5,241
2025-01-03 16:35:00,5984.25,5985.25,5984.25,5985.25,239
2025-01-03 16:36:00,5985.0,5986.0,5985.0,5985.25,191
2025-01-03 16:37:00,5985.25,5985.5,5985.0,5985.0,73
2025-01-03 16:38:00,5985.25,5985.25,5984.5,5985.0,141
2025-01-03 16:39:00,5985.25,5985.25,5985.0,5985.25,89
2025-01-03 16:40:00,5985.25,5985.5,5985.0,5985.25,130
2025-01-03 16:41:00,5985.25,5985.25,5984.75,5985.25,186
2025-01-03 16:42:00,5985.25,5985.5,5985.0,5985.25,220
2025-01-03 16:43:00,5985.25,5985.25,5984.75,5985.0,156
2025-01-03 16:44:00,5985.0,5985.0,5984.5,5985.0,144
2025-01-03 16:45:00,5985.0,5985.25,5984.5,5985.0,193
2025-01-03 16:46:00,5985.25,5985.25,5983.0,5984.25,428
2025-01-03 16:47:00,5984.25,5984.5,5984.0,5984.25,143
2025-01-03 16:48:00,5984.25,5984.5,5984.0,5984.5,68
2025-01-03 16:49:00,5984.5,5984.75,5984.0,5984.75,163
2025-01-03 16:50:00,5984.75,5985.0,5984.5,5984.75,174
2025-01-03 16:51:00,5984.5,5985.0,5984.25,5984.5,212
2025-01-03 16:52:00,5984.75,5985.25,5984.75,5984.75,105
2025-01-03 16:53:00,5984.75,5984.75,5984.5,5984.5,111
2025-01-03 16:54:00,5984.75,5984.75,5984.0,5984.0,146
2025-01-03 16:55:00,5984.0,5984.75,5984.0,5984.5,212
2025-01-03 16:56:00,5984.75,5984.75,5984.0,5984.25,132
2025-01-03 16:57:00,5984.25,5985.0,5984.25,5985.0,216
2025-01-03 16:58:00,5984.75,5985.0,5984.5,5984.75,191
2025-01-03 16:59:00,5984.75,5985.0,5984.75,5984.75,148
2025-01-03 17:00:00,5984.75,5985.75,5984.75,5985.25,345
2025-01-05 18:01:00,5994.5,5996.0,5991.75,5994.0,959
2025-01-05 18:02:00,5993.75,5996.0,5990.75,5991.5,752
2025-01-05 18:03:00,5991.25,5992.0,5989.5,5990.25,382
2025-01-05 18:04:00,5990.25,5991.75,5990.25,5990.25,245
2025-01-05 18:05:00,5990.0,5990.75,5989.25,5990.75,283
2025-01-05 18:06:00,5990.5,5992.25,5990.5,5991.5,234
2025-01-05 18:07:00,5991.5,5991.75,5990.25,5990.5,68
2025-01-05 18:08:00,5990.25,5990.25,5989.0,5989.5,159
2025-01-05 18:09:00,5989.75,5990.5,5989.5,5990.0,54
2025-01-05 18:10:00,5989.75,5990.5,5989.75,5990.0,94
2025-01-05 18:11:00,5990.25,5990.75,5990.0,5990.5,61
2025-01-05 18:12:00,5990.5,5991.25,5990.25,5991.0,158
2025-01-05 18:13:00,5991.0,5992.0,5991.0,5991.75,96
2025-01-05 18:14:00,5991.5,5992.5,5991.5,5992.5,93
2025-01-05 18:15:00,5992.5,5993.0,5992.5,5992.75,91
2025-01-05 18:16:00,5992.75,5993.25,5992.25,5993.25,122
2025-01-05 18:17:00,5993.25,5993.25,5992.25,5992.5,130
2025-01-05 18:18:00,5992.5,5992.75,5992.25,5992.25,64
2025-01-05 18:19:00,5992.5,5992.5,5990.5,5990.5,147
2025-01-05 18:20:00,5990.75,5991.0,5990.0,5990.25,103
2025-01-05 18:21:00,5990.25,5990.5,5990.0,5990.5,59
2025-01-05 18:22:00,5990.75,5990.75,5990.0,5990.0,87
2025-01-05 18:23:00,5990.0,5990.25,5989.5,5990.0,141
2025-01-05 18:24:00,5989.75,5990.0,5989.5,5989.75,47
2025-01-05 18:25:00,5989.75,5989.75,5989.5,5989.75,45
2025-01-05 18:26:00,5990.0,5990.5,5989.75,5990.5,80
2025-01-05 18:27:00,5990.75,5991.25,5990.5,5990.75,87
2025-01-05 18:28:00,5990.5,5991.0,5990.5,5991.0,35
2025-01-05 18:29:00,5990.75,5990.75,5990.0,5990.0,76
2025-01-05 18:30:00,5990.25,5990.5,5989.75,5989.75,69
2025-01-05 18:31:00,5989.75,5990.5,5989.5,5990.25,58
2025-01-05 18:32:00,5990.0,5990.0,5989.5,5990.0,50
2025-01-05 18:33:00,5989.75,5989.75,5989.0,5989.25,138
2025-01-05 18:34:00,5989.25,5989.25,5987.25,5987.25,333
2025-01-05 18:35:00,5987.5,5987.5,5986.75,5987.25,151
2025-01-05 18:36:00,5987.0,5987.0,5986.0,5986.75,245
2025-01-05 18:37:00,5986.75,5987.25,5986.75,5986.75,92
2025-01-05 18:38:00,5986.75,5988.0,5986.75,5987.75,123
2025-01-05 18:39:00,5987.75,5988.75,5987.5,5988.75,86
2025-01-05 18:40:00,5988.75,5988.75,5988.0,5988.5,55
2025-01-05 18:41:00,5988.75,5990.5,5988.5,5990.25,134
2025-01-05 18:42:00,5990.25,5990.75,5989.5,5990.75,191
2025-01-05 18:43:00,5990.75,5991.5,5990.5,5991.25,146
2025-01-05 18:44:00,5991.5,5991.75,5991.0,5991.25,105
2025-01-05 18:45:00,5991.25,5991.25,5990.5,5990.75,56
2025-01-05 18:46:00,5991.0,5991.0,5989.75,5990.0,95
2025-01-05 18:47:00,5989.75,5990.75,5989.75,5990.5,99
2025-01-05 18:48:00,5990.75,5992.0,5990.5,5991.25,82
2025-01-05 18:49:00,5991.25,5991.5,5991.0,5991.25,40
2025-01-05 18:50:00,5991.0,5991.5,5990.25,5990.5,49
2025-01-05 18:51:00,5990.5,5991.25,5990.25,5991.25,74
2025-01-05 18:52:00,5991.25,5991.75,5990.75,5991.25,93
2025-01-05 18:53:00,5991.0,5991.25,5990.75,5991.25,41
2025-01-05 18:54:00,5991.25,5991.75,5991.0,5991.0,60
2025-01-05 18:55:00,5991.0,5991.5,5991.0,5991.25,32
2025-01-05 18:56:00,5991.25,5991.5,5990.0,5990.5,56
2025-01-05 18:57:00,5990.5,5991.0,5990.25,5990.75,87
2025-01-05 18:58:00,5990.75,5990.75,5989.5,5989.5,86
2025-01-05 18:59:00,5989.5,5989.75,5989.5,5989.75,50
2025-01-05 19:00:00,5990.0,5991.0,5989.5,5990.75,231
2025-01-05 19:01:00,5991.0,5993.0,5991.0,5991.75,253
2025-01-05 19:02:00,5991.5,5992.5,5991.5,5991.75,115
2025-01-05 19:03:00,5991.5,5992.0,5991.0,5991.75,128
2025-01-05 19:04:00,5991.5,5992.5,5991.25,5991.75,122
2025-01-05 19:05:00,5992.0,5992.25,5991.0,5991.75,106
2025-01-05 19:06:00,5991.75,5993.0,5991.75,5992.75,245
2025-01-05 19:07:00,5992.75,5992.75,5992.0,5992.25,107
2025-01-05 19:08:00,5992.25,5993.25,5992.25,5993.0,139
2025-01-05 19:09:00,5993.0,5993.25,5992.0,5992.5,171
2025-01-05 19:10:00,5992.25,5992.5,5992.25,5992.5,20
2025-01-05 19:11:00,5992.5,5992.75,5992.25,5992.25,55
2025-01-05 19:12:00,5992.25,5992.25,5990.25,5990.5,110
2025-01-05 19:13:00,5990.5,5990.5,5988.75,5989.5,363
2025-01-05 19:14:00,5989.25,5989.5,5989.0,5989.25,81
2025-01-05 19:15:00,5989.25,5989.25,5987.75,5988.25,184
2025-01-05 19:16:00,5988.5,5989.25,5988.0,5988.25,197
2025-01-05 19:17:00,5988.5,5988.75,5988.25,5988.5,82
2025-01-05 19:18:00,5988.5,5988.5,5986.25,5987.25,314
2025-01-05 19:19:00,5987.25,5987.75,5986.5,5986.75,111
2025-01-05 19:20:00,5987.0,5987.0,5986.0,5986.5,125
2025-01-05 19:21:00,5986.5,5986.75,5984.75,5985.0,189
2025-01-05 19:22:00,5985.0,5986.0,5985.0,5985.5,137
2025-01-05 19:23:00,5985.25,5986.0,5985.25,5986.0,79
2025-01-05 19:24:00,5986.0,5986.75,5985.5,5986.75,67
2025-01-05 19:25:00,5986.75,5987.0,5986.5,5986.75,113
2025-01-05 19:26:00,5986.5,5986.75,5986.0,5986.0,160
2025-01-05 19:27:00,5986.25,5986.25,5985.25,5985.25,133
2025-01-05 19:28:00,5985.25,5986.25,5985.0,5986.0,109
2025-01-05 19:29:00,5986.25,5986.25,5985.75,5986.0,68
2025-01-05 19:30:00,5985.75,5986.5,5985.5,5986.5,55
2025-01-05 19:31:00,5986.25,5986.25,5985.75,5985.75,38
2025-01-05 19:32:00,5985.75,5986.75,5985.5,5986.75,111
2025-01-05 19:33:00,5986.75,5986.75,5986.5,5986.5,29
2025-01-05 19:34:00,5986.25,5986.75,5984.0,5984.5,234
2025-01-05 19:35:00,5984.25,5985.25,5984.0,5985.0,106
2025-01-05 19:36:00,5984.75,5985.25,5983.75,5984.75,259
2025-01-05 19:37:00,5984.5,5985.0,5984.25,5984.25,141
2025-01-05 19:38:00,5984.5,5984.5,5983.75,5984.0,94
2025-01-05 19:39:00,5983.75,5984.5,5983.75,5984.0,105
2025-01-05 19:40:00,5984.0,5984.0,5983.25,5983.25,142
2025-01-05 19:41:00,5983.25,5983.25,5982.0,5982.25,314
2025-01-05 19:42:00,5982.5,5983.5,5982.0,5983.5,226
2025-01-05 19:43:00,5983.5,5983.5,5982.5,5983.0,158
2025-01-05 19:44:00,5983.25,5983.75,5983.0,5983.75,96
2025-01-05 19:45:00,5983.75,5984.25,5982.5,5982.5,311
2025-01-05 19:46:00,5982.5,5983.5,5982.0,5983.0,444
2025-01-05 19:47:00,5983.0,5983.5,5982.75,5983.25,115
2025-01-05 19:48:00,5983.5,5984.5,5983.25,5984.25,148
2025-01-05 19:49:00,5984.0,5984.75,5984.0,5984.75,50
2025-01-05 19:50:00,5984.75,5985.0,5984.0,5984.25,151
2025-01-05 19:51:00,5984.25,5985.25,5984.0,5985.0,234
2025-01-05 19:52:00,5985.25,5985.5,5985.0,5985.25,133
2025-01-05 19:53:00,5985.25,5985.5,5985.0,5985.5,124
2025-01-05 19:54:00,5985.5,5986.25,5985.5,5986.0,321
2025-01-05 19:55:00,5986.0,5986.25,5985.5,5985.5,104
2025-01-05 19:56:00,5985.5,5986.25,5985.0,5985.0,163
2025-01-05 19:57:00,5985.25,5985.25,5984.0,5984.75,93
2025-01-05 19:58:00,5984.75,5985.0,5984.5,5985.0,75
2025-01-05 19:59:00,5985.0,5985.0,5984.75,5985.0,67
2025-01-05 20:00:00,5985.0,5985.75,5984.75,5985.5,115
2025-01-05 20:01:00,5985.5,5985.5,5984.75,5985.0,95
2025-01-05 20:02:00,5985.0,5985.75,5984.5,5985.5,128
2025-01-05 20:03:00,5985.75,5986.5,5985.25,5985.75,146
2025-01-05 20:04:00,5985.75,5986.0,5985.5,5985.5,99
2025-01-05 20:05:00,5985.75,5986.25,5985.5,5986.25,38
2025-01-05 20:06:00,5986.0,5986.5,5986.0,5986.25,75
2025-01-05 20:07:00,5986.25,5986.25,5984.0,5984.5,139
2025-01-05 20:08:00,5984.25,5984.5,5983.5,5984.25,120
2025-01-05 20:09:00,5984.25,5984.5,5983.75,5984.0,69
2025-01-05 20:10:00,5983.75,5984.25,5983.75,5984.0,28
2025-01-05 20:11:00,5984.0,5984.5,5983.5,5984.25,74
2025-01-05 20:12:00,5984.5,5986.25,5984.5,5985.5,160
2025-01-05 20:13:00,5985.5,5986.25,5985.25,5985.5,151
2025-01-05 20:14:00,5985.5,5985.5,5985.0,5985.0,82
2025-01-05 20:15:00,5985.0,5985.75,5984.75,5985.5,63
2025-01-05 20:16:00,5985.5,5985.75,5985.25,5985.75,67
2025-01-05 20:17:00,5985.5,5986.25,5985.5,5986.0,44
2025-01-05 20:18:00,5986.25,5986.25,5985.75,5986.25,36
2025-01-05 20:19:00,5986.25,5987.25,5986.0,5986.75,161
2025-01-05 20:20:00,5986.75,5987.0,5986.0,5986.25,58
2025-01-05 20:21:00,5986.0,5986.0,5985.5,5985.75,36
2025-01-05 20:22:00,5985.5,5985.75,5984.25,5985.0,96
2025-01-05 20:23:00,5985.25,5985.75,5985.0,5985.0,67
2025-01-05 20:24:00,5985.25,5985.25,5984.25,5984.25,74
2025-01-05 20:25:00,5984.25,5985.0,5984.0,5984.5,100
2025-01-05 20:26:00,5984.5,5984.75,5984.0,5984.5,51
2025-01-05 20:27:00,5984.75,5985.0,5984.5,5984.5,49
2025-01-05 20:28:00,5984.5,5984.75,5984.25,5984.5,37
2025-01-05 20:29:00,5984.25,5984.25,5984.0,5984.0,44
2025-01-05 20:30:00,5984.0,5984.5,5984.0,5984.25,39
2025-01-05 20:31:00,5984.25,5985.0,5984.25,5984.75,85
2025-01-05 20:32:00,5984.75,5985.5,5984.5,5984.5,66
2025-01-05 20:33:00,5984.5,5984.75,5984.25,5984.25,63
2025-01-05 20:34:00,5984.25,5985.0,5984.0,5984.5,128
2025-01-05 20:35:00,5984.5,5984.75,5984.5,5984.75,31
2025-01-05 20:36:00,5984.5,5984.5,5983.5,5983.75,123
2025-01-05 20:37:00,5983.5,5983.75,5982.25,5982.5,201
2025-01-05 20:38:00,5982.75,5982.75,5981.75,5982.0,160
2025-01-05 20:39:00,5982.0,5983.0,5982.0,5982.0,87
2025-01-05 20:40:00,5982.0,5983.0,5981.75,5983.0,110
2025-01-05 20:41:00,5983.25,5983.25,5982.5,5982.75,61
2025-01-05 20:42:00,5982.75,5983.25,5982.5,5982.75,83
2025-01-05 20:43:00,5983.0,5983.25,5983.0,5983.25,34
2025-01-05 20:44:00,5983.25,5983.5,5983.0,5983.25,37
2025-01-05 20:45:00,5983.25,5983.25,5983.0,5983.25,18
2025-01-05 20:46:00,5983.5,5984.0,5983.5,5984.0,61
2025-01-05 20:47:00,5984.0,5984.0,5983.5,5983.5,70
2025-01-05 20:48:00,5983.25,5983.25,5983.0,5983.25,55
2025-01-05 20:49:00,5983.25,5983.75,5983.0,5983.5,45
2025-01-05 20:50:00,5983.25,5983.5,5982.0,5982.0,126
2025-01-05 20:51:00,5982.0,5982.5,5981.25,5982.5,141
2025-01-05 20:52:00,5982.25,5982.5,5982.0,5982.25,100
2025-01-05 20:53:00,5982.25,5983.0,5982.0,5982.75,75
2025-01-05 20:54:00,5982.75,5982.75,5982.5,5982.75,35
2025-01-05 20:55:00,5982.5,5983.0,5982.0,5983.0,44
2025-01-05 20:56:00,5982.75,5984.0,5982.75,5984.0,112
2025-01-05 20:57:00,5983.75,5984.0,5983.25,5983.75,31
2025-01-05 20:58:00,5983.75,5984.0,5983.75,5984.0,25
2025-01-05 20:59:00,5984.0,5984.5,5983.75,5983.75,71
2025-01-05 21:00:00,5984.0,5984.5,5984.0,5984.25,50
2025-01-05 21:01:00,5984.5,5984.5,5982.75,5983.5,158
2025-01-05 21:02:00,5983.25,5983.25,5982.75,5982.75,58
2025-01-05 21:03:00,5982.75,5983.25,5982.25,5982.25,130
2025-01-05 21:04:00,5982.5,5982.5,5980.75,5981.25,160
2025-01-05 21:05:00,5981.25,5982.0,5981.25,5981.25,74
2025-01-05 21:06:00,5981.25,5981.75,5981.0,5981.5,59
2025-01-05 21:07:00,5981.25,5982.0,5981.25,5982.0,75
2025-01-05 21:08:00,5981.75,5982.5,5981.75,5982.0,82
2025-01-05 21:09:00,5982.0,5983.25,5982.0,5982.75,174
2025-01-05 21:10:00,5982.75,5984.25,5982.75,5983.25,267
2025-01-05 21:11:00,5983.5,5984.75,5983.5,5984.5,129
2025-01-05 21:12:00,5984.75,5985.25,5984.75,5985.0,142
2025-01-05 21:13:00,5985.25,5986.0,5985.0,5985.5,212
2025-01-05 21:14:00,5985.5,5986.75,5985.5,5986.5,296
2025-01-05 21:15:00,5986.5,5986.75,5985.75,5986.25,181
2025-01-05 21:16:00,5986.25,5986.5,5986.0,5986.25,68
2025-01-05 21:17:00,5986.25,5987.0,5986.25,5986.5,117
2025-01-05 21:18:00,5986.75,5987.5,5986.5,5987.25,131
2025-01-05 21:19:00,5987.25,5987.5,5986.75,5987.5,238
2025-01-05 21:20:00,5987.5,5987.5,5987.25,5987.5,76
2025-01-05 21:21:00,5987.5,5987.5,5987.25,5987.5,121
2025-01-05 21:22:00,5987.25,5987.5,5986.5,5987.5,295
2025-01-05 21:23:00,5987.5,5988.0,5987.25,5987.5,178
2025-01-05 21:24:00,5987.25,5987.25,5986.75,5986.75,103
2025-01-05 21:25:00,5986.75,5986.75,5986.25,5986.5,63
2025-01-05 21:26:00,5986.5,5986.75,5986.5,5986.75,76
2025-01-05 21:27:00,5986.5,5986.75,5985.5,5985.75,118
2025-01-05 21:28:00,5986.0,5986.0,5984.75,5985.5,252
2025-01-05 21:29:00,5985.5,5985.5,5984.0,5984.5,259
2025-01-05 21:30:00,5984.25,5984.75,5983.25,5983.5,312
2025-01-05 21:31:00,5983.5,5983.75,5982.75,5983.75,152
2025-01-05 21:32:00,5983.5,5984.25,5983.5,5984.25,53
2025-01-05 21:33:00,5984.0,5985.25,5984.0,5984.75,90
2025-01-05 21:34:00,5984.75,5984.75,5984.25,5984.25,31
2025-01-05 21:35:00,5984.5,5984.5,5984.0,5984.25,29
2025-01-05 21:36:00,5984.0,5984.5,5983.75,5984.25,26
2025-01-05 21:37:00,5984.25,5985.0,5984.25,5984.5,70
2025-01-05 21:38:00,5984.75,5984.75,5984.5,5984.5,35
2025-01-05 21:39:00,5984.5,5985.5,5984.5,5985.25,40
2025-01-05 21:40:00,5985.5,5985.5,5985.0,5985.25,20
2025-01-05 21:41:00,5985.25,5985.25,5984.75,5985.0,53
2025-01-05 21:42:00,5985.25,5985.5,5985.0,5985.0,36
2025-01-05 21:43:00,5984.75,5985.0,5984.25,5984.25,49
2025-01-05 21:44:00,5984.25,5984.5,5984.25,5984.25,15
2025-01-05 21:45:00,5984.25,5984.5,5982.75,5983.25,119
2025-01-05 21:46:00,5983.25,5983.75,5983.25,5983.5,48
2025-01-05 21:47:00,5983.5,5984.0,5983.5,5984.0,33
2025-01-05 21:48:00,5984.25,5984.75,5984.25,5984.75,93
2025-01-05 21:49:00,5985.0,5985.5,5984.75,5985.25,56
2025-01-05 21:50:00,5985.0,5985.5,5985.0,5985.5,96
2025-01-05 21:51:00,5985.5,5985.75,5984.75,5985.0,76
2025-01-05 21:52:00,5985.0,5985.75,5985.0,5985.75,93
2025-01-05 21:53:00,5985.75,5985.75,5985.5,5985.75,54
2025-01-05 21:54:00,5986.0,5986.0,5985.5,5985.5,37
2025-01-05 21:55:00,5985.5,5986.25,5985.5,5986.25,40
2025-01-05 21:56:00,5986.0,5986.25,5986.0,5986.0,29
2025-01-05 21:57:00,5986.0,5986.5,5986.0,5986.5,45
2025-01-05 21:58:00,5986.5,5986.5,5985.75,5985.75,29
2025-01-05 21:59:00,5985.75,5986.25,5985.75,5986.25,28
2025-01-05 22:00:00,5986.25,5986.25,5985.75,5986.0,41
2025-01-05 22:01:00,5986.0,5986.25,5985.5,5986.0,36
2025-01-05 22:02:00,5985.75,5986.25,5985.75,5986.0,36
2025-01-05 22:03:00,5986.25,5986.5,5985.75,5985.75,67
2025-01-05 22:04:00,5985.5,5985.75,5985.5,5985.75,27
2025-01-05 22:05:00,5986.0,5986.0,5985.5,5985.5,18
2025-01-05 22:06:00,5985.75,5986.0,5985.5,5986.0,35
2025-01-05 22:07:00,5986.0,5986.0,5985.5,5985.5,31
2025-01-05 22:08:00,5985.75,5985.75,5985.0,5985.25,84
2025-01-05 22:09:00,5985.0,5985.25,5984.75,5984.75,92
2025-01-05 22:10:00,5984.75,5985.0,5984.75,5984.75,47
2025-01-05 22:11:00,5985.0,5985.0,5984.75,5985.0,22
2025-01-05 22:12:00,5985.0,5985.25,5984.75,5985.0,47
2025-01-05 22:13:00,5985.25,5985.75,5985.25,5985.5,20
2025-01-05 22:14:00,5985.5,5985.5,5985.5,5985.5,17
2025-01-05 22:15:00,5985.5,5985.75,5985.5,5985.75,7
2025-01-05 22:16:00,5985.75,5986.25,5985.75,5986.0,37
2025-01-05 22:17:00,5986.0,5986.0,5985.5,5985.5,43
2025-01-05 22:18:00,5985.75,5985.75,5985.25,5985.5,27
2025-01-05 22:19:00,5985.5,5985.5,5985.25,5985.25,20
2025-01-05 22:20:00,5985.25,5985.5,5985.25,5985.25,19
2025-01-05 22:21:00,5985.5,5985.5,5985.5,5985.5,12
2025-01-05 22:22:00,5985.75,5985.75,5985.5,5985.5,11
2025-01-05 22:23:00,5985.75,5985.75,5985.5,5985.5,61
2025-01-05 22:24:00,5985.25,5985.25,5984.5,5985.0,85
2025-01-05 22:25:00,5984.75,5984.75,5984.5,5984.5,47
2025-01-05 22:26:00,5984.25,5984.5,5983.75,5984.0,64
2025-01-05 22:27:00,5984.0,5984.5,5983.5,5984.5,66
2025-01-05 22:28:00,5984.5,5984.5,5984.25,5984.25,8
2025-01-05 22:29:00,5984.5,5984.75,5984.25,5984.75,35
2025-01-05 22:30:00,5985.0,5985.0,5984.5,5984.5,27
2025-01-05 22:31:00,5984.5,5985.75,5984.25,5985.5,96
2025-01-05 22:32:00,5985.5,5985.75,5985.25,5985.5,60
2025-01-05 22:33:00,5985.5,5985.75,5985.5,5985.5,48
2025-01-05 22:34:00,5985.5,5986.0,5985.5,5985.75,61
2025-01-05 22:35:00,5985.75,5986.0,5985.5,5986.0,24
2025-01-05 22:36:00,5986.0,5986.25,5985.75,5986.25,33
2025-01-05 22:37:00,5986.25,5987.0,5985.5,5986.5,239
2025-01-05 22:38:00,5986.25,5986.25,5985.75,5986.25,80
2025-01-05 22:39:00,5986.25,5986.75,5986.25,5986.75,40
2025-01-05 22:40:00,5986.5,5986.75,5986.5,5986.5,31
2025-01-05 22:41:00,5986.75,5986.75,5986.25,5986.5,24
2025-01-05 22:42:00,5986.75,5986.75,5986.5,5986.75,29
2025-01-05 22:43:00,5986.25,5986.25,5985.5,5985.5,94
2025-01-05 22:44:00,5985.25,5985.75,5985.0,5985.5,56
2025-01-05 22:45:00,5985.75,5985.75,5985.25,5985.75,42
2025-01-05 22:46:00,5985.5,5985.5,5984.75,5985.25,81
2025-01-05 22:47:00,5985.25,5985.25,5985.0,5985.0,35
2025-01-05 22:48:00,5985.0,5985.25,5984.75,5985.0,44
2025-01-05 22:49:00,5985.0,5985.25,5984.75,5984.75,13
2025-01-05 22:50:00,5985.0,5985.0,5984.5,5985.0,65
2025-01-05 22:51:00,5985.0,5985.25,5984.75,5985.25,32
2025-01-05 22:52:00,5985.25,5985.5,5985.25,5985.25,56
2025-01-05 22:53:00,5985.25,5985.5,5985.0,5985.5,63
2025-01-05 22:54:00,5985.5,5985.5,5984.75,5984.75,112
2025-01-05 22:55:00,5984.75,5984.75,5984.5,5984.5,52
2025-01-05 22:56:00,5984.5,5984.75,5984.0,5984.75,77
2025-01-05 22:57:00,5984.75,5985.0,5984.75,5985.0,50
2025-01-05 22:58:00,5984.75,5984.75,5984.5,5984.5,49
2025-01-05 22:59:00,5984.5,5984.5,5984.25,5984.25,52
2025-01-05 23:00:00,5984.25,5984.75,5984.25,5984.75,31
2025-01-05 23:01:00,5984.5,5985.0,5984.5,5985.0,63
2025-01-05 23:02:00,5984.75,5985.0,5984.5,5984.75,75
2025-01-05 23:03:00,5985.0,5985.0,5984.75,5984.75,19
2025-01-05 23:04:00,5984.75,5985.0,5984.75,5984.75,9
2025-01-05 23:05:00,5984.75,5984.75,5984.5,5984.5,61
2025-01-05 23:06:00,5984.75,5984.75,5984.5,5984.75,18
2025-01-05 23:07:00,5984.75,5985.0,5984.75,5985.0,31
2025-01-05 23:08:00,5985.25,5985.5,5985.0,5985.25,73
2025-01-05 23:09:00,5985.25,5985.25,5985.0,5985.25,39
2025-01-05 23:10:00,5985.25,5985.5,5985.25,5985.25,38
2025-01-05 23:11:00,5985.25,5985.5,5985.25,5985.25,14
2025-01-05 23:12:00,5985.25,5985.75,5985.25,5985.5,34
2025-01-05 23:13:00,5985.5,5985.75,5985.5,5985.5,7
2025-01-05 23:14:00,5985.5,5985.5,5985.25,5985.5,7
2025-01-05 23:15:00,5985.25,5985.5,5985.25,5985.5,25
2025-01-05 23:16:00,5985.25,5985.5,5984.5,5984.5,97
2025-01-05 23:17:00,5984.5,5984.75,5984.25,5984.5,68
2025-01-05 23:18:00,5984.5,5985.0,5984.5,5985.0,22
2025-01-05 23:19:00,5985.0,5985.75,5985.0,5985.5,75
2025-01-05 23:20:00,5985.75,5986.25,5985.75,5986.0,112
2025-01-05 23:21:00,5985.75,5986.0,5985.75,5986.0,36
2025-01-05 23:22:00,5985.75,5986.5,5985.75,5986.0,123
2025-01-05 23:23:00,5986.25,5987.0,5986.25,5986.75,160
2025-01-05 23:24:00,5986.75,5987.0,5986.75,5987.0,18
2025-01-05 23:25:00,5986.75,5986.75,5986.5,5986.5,48
2025-01-05 23:26:00,5986.75,5987.0,5986.75,5986.75,20
2025-01-05 23:27:00,5986.75,5987.0,5986.5,5987.0,49
2025-01-05 23:28:00,5986.75,5987.25,5986.75,5987.25,47
2025-01-05 23:29:00,5987.5,5987.75,5987.25,5987.5,126
2025-01-05 23:30:00,5987.25,5987.5,5987.25,5987.5,17
2025-01-05 23:31:00,5987.5,5987.75,5987.5,5987.75,48
2025-01-05 23:32:00,5987.75,5987.75,5987.25,5987.5,44
2025-01-05 23:33:00,5987.75,5988.0,5987.5,5987.75,123
2025-01-05 23:34:00,5987.75,5987.75,5987.25,5987.25,61
2025-01-05 23:35:00,5987.5,5987.5,5987.25,5987.5,27
2025-01-05 23:36:00,5987.5,5987.75,5987.0,5987.25,53
2025-01-05 23:37:00,5987.25,5987.5,5987.25,5987.25,10
2025-01-05 23:38:00,5987.5,5988.0,5987.5,5988.0,63
2025-01-05 23:39:00,5987.75,5988.25,5987.75,5988.25,49
2025-01-05 23:40:00,5988.25,5988.25,5988.0,5988.25,22
2025-01-05 23:41:00,5988.0,5988.0,5987.5,5987.5,77
2025-01-05 23:42:00,5987.5,5987.5,5987.5,5987.5,4
2025-01-05 23:43:00,5987.75,5987.75,5987.5,5987.5,18
2025-01-05 23:44:00,5987.5,5987.5,5987.25,5987.5,32
2025-01-05 23:45:00,5987.5,5988.0,5987.5,5987.75,22
2025-01-05 23:46:00,5987.75,5987.75,5987.5,5987.75,31
2025-01-05 23:47:00,5987.75,5987.75,5987.5,5987.75,33
2025-01-05 23:48:00,5987.75,5987.75,5987.25,5987.25,17
2025-01-05 23:49:00,5987.25,5987.5,5987.25,5987.5,47
2025-01-05 23:50:00,5987.5,5987.5,5987.25,5987.5,3
2025-01-05 23:51:00,5987.25,5987.5,5987.25,5987.25,28
2025-01-05 23:52:00,5987.25,5987.25,5986.75,5987.25,75
2025-01-05 23:53:00,5987.0,5987.25,5987.0,5987.25,26
2025-01-05 23:54:00,5987.0,5987.25,5987.0,5987.25,19
2025-01-05 23:55:00,5987.25,5987.25,5986.5,5987.0,59
2025-01-05 23:56:00,5987.0,5987.25,5987.0,5987.0,9
2025-01-05 23:57:00,5987.0,5987.25,5986.75,5986.75,37
2025-01-05 23:58:00,5987.25,5987.5,5987.0,5987.5,40
2025-01-05 23:59:00,5987.5,5987.75,5987.5,5987.75,33
2025-01-06 00:00:00,5987.5,5987.75,5987.5,5987.5,4
2025-01-06 00:01:00,5987.5,5988.0,5987.25,5988.0,102
2025-01-06 00:02:00,5988.0,5988.25,5987.75,5988.25,72
2025-01-06 00:03:00,5988.25,5988.25,5987.5,5987.75,91
2025-01-06 00:04:00,5987.5,5987.5,5987.25,5987.25,29
2025-01-06 00:05:00,5987.25,5987.5,5987.0,5987.25,44
2025-01-06 00:06:00,5987.25,5987.5,5987.25,5987.5,60
2025-01-06 00:07:00,5987.5,5988.0,5987.5,5988.0,51
2025-01-06 00:08:00,5988.0,5988.25,5988.0,5988.25,51
2025-01-06 00:09:00,5988.25,5988.25,5987.75,5988.0,40
2025-01-06 00:10:00,5988.25,5988.25,5988.0,5988.25,16
2025-01-06 00:11:00,5988.25,5988.25,5988.0,5988.25,86
2025-01-06 00:12:00,5988.25,5988.25,5988.0,5988.0,5
2025-01-06 00:13:00,5988.0,5988.25,5988.0,5988.0,38
2025-01-06 00:14:00,5988.0,5988.5,5988.0,5988.25,48
2025-01-06 00:15:00,5988.25,5988.5,5988.0,5988.25,33
2025-01-06 00:16:00,5988.25,5988.5,5988.0,5988.5,49
2025-01-06 00:17:00,5988.5,5988.5,5988.0,5988.5,68
2025-01-06 00:18:00,5988.25,5988.5,5988.25,5988.5,48
2025-01-06 00:19:00,5988.25,5988.5,5988.25,5988.5,11
2025-01-06 00:20:00,5988.25,5988.25,5987.75,5987.75,31
2025-01-06 00:21:00,5988.0,5988.25,5987.75,5988.25,44
2025-01-06 00:22:00,5988.25,5989.75,5988.25,5989.5,217
2025-01-06 00:23:00,5989.75,5989.75,5989.5,5989.5,19
2025-01-06 00:24:00,5989.75,5990.25,5989.5,5990.0,113
2025-01-06 00:25:00,5990.0,5991.0,5990.0,5990.75,178
2025-01-06 00:26:00,5990.75,5991.25,5990.75,5991.25,183
2025-01-06 00:27:00,5991.25,5991.25,5990.75,5991.0,29
2025-01-06 00:28:00,5990.75,5990.75,5990.5,5990.75,38
2025-01-06 00:29:00,5990.75,5991.0,5990.5,5991.0,51
2025-01-06 00:30:00,5991.25,5991.25,5991.0,5991.25,29
2025-01-06 00:31:00,5991.25,5991.75,5991.25,5991.5,66
2025-01-06 00:32:00,5991.75,5993.5,5991.5,5993.5,288
2025-01-06 00:33:00,5993.5,5993.5,5992.75,5993.25,138
2025-01-06 00:34:00,5993.0,5993.0,5992.75,5993.0,62
2025-01-06 00:35:00,5992.75,5993.25,5992.75,5993.25,34
2025-01-06 00:36:00,5993.0,5993.25,5993.0,5993.25,68
2025-01-06 00:37:00,5993.0,5993.25,5993.0,5993.0,55
2025-01-06 00:38:00,5992.75,5992.75,5992.5,5992.5,44
2025-01-06 00:39:00,5992.25,5992.5,5992.25,5992.25,33
2025-01-06 00:40:00,5992.5,5992.5,5992.25,5992.5,13
2025-01-06 00:41:00,5992.5,5992.75,5992.5,5992.75,26
2025-01-06 00:42:00,5992.5,5992.75,5992.5,5992.5,7
2025-01-06 00:43:00,5992.75,5992.75,5992.0,5992.0,81
2025-01-06 00:44:00,5992.0,5992.25,5991.75,5991.75,69
2025-01-06 00:45:00,5991.75,5992.0,5991.5,5991.75,44
2025-01-06 00:46:00,5991.5,5991.5,5990.25,5990.75,202
2025-01-06 00:47:00,5990.75,5991.0,5990.75,5991.0,44
2025-01-06 00:48:00,5991.25,5991.5,5991.0,5991.0,54
2025-01-06 00:49:00,5991.0,5991.25,5991.0,5991.25,36
2025-01-06 00:50:00,5991.0,5991.5,5991.0,5991.5,23
2025-01-06 00:51:00,5991.25,5991.75,5991.25,5991.5,52
2025-01-06 00:52:00,5991.25,5991.75,5990.75,5991.5,64
2025-01-06 00:53:00,5991.5,5991.75,5991.5,5991.5,35
2025-01-06 00:54:00,5991.5,5991.75,5991.5,5991.75,30
2025-01-06 00:55:00,5991.75,5992.0,5991.75,5991.75,29
2025-01-06 00:56:00,5991.75,5992.0,5991.75,5992.0,25
2025-01-06 00:57:00,5992.0,5992.0,5991.75,5992.0,19
2025-01-06 00:58:00,5992.0,5992.0,5991.5,5991.5,42
2025-01-06 00:59:00,5991.5,5991.75,5991.5,5991.5,35
2025-01-06 01:00:00,5991.75,5991.75,5991.5,5991.5,14
2025-01-06 01:01:00,5991.75,5992.25,5991.25,5991.75,76
2025-01-06 01:02:00,5992.0,5992.0,5991.5,5991.5,71
2025-01-06 01:03:00,5991.25,5991.5,5991.25,5991.5,6
2025-01-06 01:04:00,5991.75,5991.75,5991.75,5991.75,13
2025-01-06 01:05:00,5991.75,5992.0,5991.75,5992.0,12
2025-01-06 01:06:00,5991.75,5992.0,5991.5,5991.5,49
2025-01-06 01:07:00,5991.5,5992.0,5991.5,5991.5,74
2025-01-06 01:08:00,5991.5,5991.5,5990.5,5990.5,83
2025-01-06 01:09:00,5990.75,5990.75,5990.5,5990.75,51
2025-01-06 01:10:00,5990.5,5991.0,5990.5,5990.5,44
2025-01-06 01:11:00,5990.25,5990.75,5990.25,5990.75,45
2025-01-06 01:12:00,5990.75,5991.0,5990.75,5990.75,20
2025-01-06 01:13:00,5990.5,5991.0,5990.5,5991.0,26
2025-01-06 01:14:00,5991.0,5991.25,5991.0,5991.25,32
2025-01-06 01:15:00,5991.5,5991.5,5991.0,5991.25,44
2025-01-06 01:16:00,5991.25,5991.5,5991.25,5991.5,31
2025-01-06 01:17:00,5991.0,5991.25,5991.0,5991.25,26
2025-01-06 01:18:00,5991.25,5991.5,5991.25,5991.5,22
2025-01-06 01:19:00,5991.75,5992.0,5991.75,5991.75,17
2025-01-06 01:20:00,5991.5,5991.75,5991.5,5991.75,23
2025-01-06 01:21:00,5991.75,5991.75,5991.5,5991.75,46
2025-01-06 01:22:00,5991.75,5992.0,5991.5,5991.75,35
2025-01-06 01:23:00,5991.75,5991.75,5991.5,5991.75,34
2025-01-06 01:24:00,5991.75,5991.75,5991.5,5991.5,29
2025-01-06 01:25:00,5991.75,5992.75,5991.75,5992.75,91
2025-01-06 01:26:00,5992.5,5993.0,5992.25,5992.75,93
2025-01-06 01:27:00,5992.75,5992.75,5992.25,5992.5,44
2025-01-06 01:28:00,5992.5,5992.5,5992.25,5992.25,32
2025-01-06 01:29:00,5992.25,5992.25,5992.0,5992.25,47
2025-01-06 01:30:00,5992.25,5992.75,5992.25,5992.25,235
2025-01-06 01:31:00,5992.25,5992.5,5991.75,5992.5,130
2025-01-06 01:32:00,5992.5,5993.0,5992.5,5992.75,49
2025-01-06 01:33:00,5992.75,5993.5,5992.75,5993.25,49
2025-01-06 01:34:00,5993.25,5993.75,5993.25,5993.75,64
2025-01-06 01:35:00,5994.0,5994.0,5994.0,5994.0,65
2025-01-06 01:36:00,5993.75,5993.75,5993.5,5993.75,74
2025-01-06 01:37:00,5993.75,5993.75,5993.5,5993.75,24
2025-01-06 01:38:00,5993.75,5994.75,5993.75,5994.5,95
2025-01-06 01:39:00,5994.5,5994.75,5994.5,5994.75,36
2025-01-06 01:40:00,5994.75,5995.0,5994.25,5994.25,101
2025-01-06 01:41:00,5994.5,5994.5,5994.25,5994.25,29
2025-01-06 01:42:00,5994.5,5994.5,5994.0,5994.25,63
2025-01-06 01:43:00,5994.5,5994.75,5994.25,5994.5,86
2025-01-06 01:44:00,5994.25,5994.75,5994.25,5994.75,46
2025-01-06 01:45:00,5994.75,5994.75,5993.75,5993.75,114
2025-01-06 01:46:00,5994.0,5995.75,5993.75,5995.5,246
2025-01-06 01:47:00,5995.5,5996.0,5995.25,5996.0,94
2025-01-06 01:48:00,5995.75,5995.75,5995.25,5995.25,49
2025-01-06 01:49:00,5995.5,5995.5,5995.0,5995.0,43
2025-01-06 01:50:00,5995.25,5995.25,5994.75,5994.75,35
2025-01-06 01:51:00,5994.75,5995.0,5994.25,5994.75,88
2025-01-06 01:52:00,5994.5,5994.5,5993.75,5994.25,90
2025-01-06 01:53:00,5994.25,5994.5,5994.0,5994.5,64
2025-01-06 01:54:00,5994.75,5995.0,5994.75,5994.75,43
2025-01-06 01:55:00,5994.75,5995.0,5994.75,5994.75,33
2025-01-06 01:56:00,5994.75,5994.75,5994.25,5994.75,62
2025-01-06 01:57:00,5994.5,5995.0,5994.5,5995.0,54
2025-01-06 01:58:00,5995.0,5995.0,5994.5,5994.75,21
2025-01-06 01:59:00,5995.0,5995.0,5995.0,5995.0,48
2025-01-06 02:00:00,5995.0,5995.25,5994.75,5994.75,33
2025-01-06 02:01:00,5994.75,5995.25,5994.0,5995.25,226
2025-01-06 02:02:00,5995.5,5995.5,5995.25,5995.25,81
2025-01-06 02:03:00,5995.25,5995.25,5994.5,5994.5,59
2025-01-06 02:04:00,5994.5,5994.5,5994.0,5994.5,45
2025-01-06 02:05:00,5994.75,5994.75,5994.0,5994.75,45
2025-01-06 02:06:00,5994.75,5994.75,5993.75,5994.0,128
2025-01-06 02:07:00,5993.75,5993.75,5993.25,5993.5,107
2025-01-06 02:08:00,5993.5,5993.5,5992.75,5993.0,75
2025-01-06 02:09:00,5993.0,5994.25,5993.0,5994.0,103
2025-01-06 02:10:00,5993.75,5994.75,5993.25,5994.25,61
2025-01-06 02:11:00,5994.5,5995.0,5994.25,5995.0,48
2025-01-06 02:12:00,5995.0,5995.25,5994.75,5995.0,198
2025-01-06 02:13:00,5995.0,5995.0,5994.75,5995.0,74
2025-01-06 02:14:00,5995.0,5996.0,5995.0,5995.5,178
2025-01-06 02:15:00,5995.5,5995.75,5995.0,5995.5,167
2025-01-06 02:16:00,5995.5,5995.75,5995.5,5995.5,42
2025-01-06 02:17:00,5995.75,5995.75,5994.75,5995.25,120
2025-01-06 02:18:00,5995.5,5995.75,5994.75,5995.0,126
2025-01-06 02:19:00,5995.0,5995.0,5994.5,5995.0,71
2025-01-06 02:20:00,5995.0,5995.0,5995.0,5995.0,17
2025-01-06 02:21:00,5995.25,5995.25,5994.75,5995.25,38
2025-01-06 02:22:00,5995.25,5995.5,5995.0,5995.0,46
2025-01-06 02:23:00,5995.25,5995.75,5995.25,5995.5,46
2025-01-06 02:24:00,5995.5,5996.0,5995.25,5995.75,67
2025-01-06 02:25:00,5996.0,5996.5,5996.0,5996.0,135
2025-01-06 02:26:00,5996.25,5996.25,5996.0,5996.25,72
2025-01-06 02:27:00,5996.25,5996.5,5996.25,5996.25,44
2025-01-06 02:28:00,5996.5,5997.25,5996.5,5996.75,175
2025-01-06 02:29:00,5997.0,5997.75,5997.0,5997.5,143
2025-01-06 02:30:00,5997.75,5998.5,5997.5,5998.0,179
2025-01-06 02:31:00,5998.0,5998.5,5998.0,5998.25,97
2025-01-06 02:32:00,5998.0,5998.0,5997.5,5997.75,109
2025-01-06 02:33:00,5997.75,5998.0,5997.5,5998.0,59
2025-01-06 02:34:00,5998.0,5998.5,5998.0,5998.5,62
2025-01-06 02:35:00,5998.5,5999.75,5998.5,5999.5,139
2025-01-06 02:36:00,5999.5,6000.0,5999.0,5999.5,354
2025-01-06 02:37:00,5999.5,6000.0,5999.5,6000.0,199
2025-01-06 02:38:00,6000.0,6000.0,5999.0,5999.25,122
2025-01-06 02:39:00,5999.25,5999.25,5998.5,5998.5,111
2025-01-06 02:40:00,5998.5,5998.5,5998.0,5998.5,126
2025-01-06 02:41:00,5998.5,5998.5,5998.0,5998.0,109
2025-01-06 02:42:00,5998.25,5999.0,5998.0,5998.75,214
2025-01-06 02:43:00,5998.5,5998.75,5998.5,5998.5,34
2025-01-06 02:44:00,5998.5,5999.0,5998.5,5998.75,21
2025-01-06 02:45:00,5998.75,5999.5,5998.75,5999.25,89
2025-01-06 02:46:00,5999.25,5999.5,5999.0,5999.0,89
2025-01-06 02:47:00,5999.0,5999.25,5998.75,5999.25,59
2025-01-06 02:48:00,5999.0,5999.5,5999.0,5999.25,41
2025-01-06 02:49:00,5999.5,5999.5,5999.25,5999.25,29
2025-01-06 02:50:00,5999.5,5999.75,5999.25,5999.25,64
2025-01-06 02:51:00,5999.25,5999.25,5998.5,5998.5,87
2025-01-06 02:52:00,5998.75,5999.0,5998.25,5998.75,47
2025-01-06 02:53:00,5999.0,5999.25,5999.0,5999.0,36
2025-01-06 02:54:00,5999.0,5999.0,5998.5,5998.75,36
2025-01-06 02:55:00,5998.5,5998.75,5998.25,5998.75,60
2025-01-06 02:56:00,5998.5,5998.75,5998.0,5998.0,46
2025-01-06 02:57:00,5998.0,5998.5,5997.75,5998.5,75
2025-01-06 02:58:00,5998.5,5998.5,5998.0,5998.25,47
2025-01-06 02:59:00,5998.25,5998.5,5998.25,5998.5,36
2025-01-06 03:00:00,5998.75,5998.75,5997.75,5997.75,173
2025-01-06 03:01:00,5998.0,5998.5,5997.25,5997.75,372
2025-01-06 03:02:00,5997.5,5998.25,5997.25,5998.25,206
2025-01-06 03:03:00,5998.25,5998.5,5997.5,5997.5,128
2025-01-06 03:04:00,5997.5,5998.0,5997.5,5998.0,126
2025-01-06 03:05:00,5998.25,6000.0,5998.25,6000.0,349
2025-01-06 03:06:00,6000.0,6001.75,6000.0,6000.25,825
2025-01-06 03:07:00,6000.5,6001.0,6000.0,6000.5,165
2025-01-06 03:08:00,6000.5,6001.25,6000.25,6000.25,193
2025-01-06 03:09:00,6000.5,6001.75,6000.5,6001.75,224
2025-01-06 03:10:00,6001.5,6002.25,6001.5,6002.0,190
2025-01-06 03:11:00,6002.25,6002.75,6002.0,6002.75,277
2025-01-06 03:12:00,6002.5,6003.5,6002.5,6003.25,459
2025-01-06 03:13:00,6003.5,6003.5,6002.0,6002.5,305
2025-01-06 03:14:00,6002.5,6003.0,6002.5,6003.0,123
2025-01-06 03:15:00,6003.0,6003.5,6002.5,6003.25,159
2025-01-06 03:16:00,6003.5,6003.75,6003.0,6003.5,210
2025-01-06 03:17:00,6003.5,6003.5,6002.0,6002.0,211
2025-01-06 03:18:00,6002.25,6002.5,6001.75,6002.25,159
2025-01-06 03:19:00,6002.0,6002.25,6000.25,6000.25,204
2025-01-06 03:20:00,6000.5,6000.5,5999.25,5999.5,301
2025-01-06 03:21:00,5999.5,6000.0,5999.0,5999.25,175
2025-01-06 03:22:00,5999.25,5999.75,5999.25,5999.75,203
2025-01-06 03:23:00,5999.75,6001.0,5999.75,6001.0,253
2025-01-06 03:24:00,6001.0,6001.25,6000.25,6000.25,230
2025-01-06 03:25:00,6000.0,6000.0,5999.0,5999.0,138
2025-01-06 03:26:00,5999.25,5999.5,5997.5,5997.5,248
2025-01-06 03:27:00,5997.75,5997.75,5997.0,5997.75,273
2025-01-06 03:28:00,5998.0,5999.25,5997.5,5999.0,174
2025-01-06 03:29:00,5999.0,5999.5,5998.75,5999.25,180
2025-01-06 03:30:00,5999.25,5999.5,5999.0,5999.25,86
2025-01-06 03:31:00,5999.5,6000.0,5998.75,6000.0,237
2025-01-06 03:32:00,6000.25,6001.0,6000.25,6000.5,170
2025-01-06 03:33:00,6000.5,6000.75,6000.25,6000.75,156
2025-01-06 03:34:00,6001.0,6001.75,6000.25,6001.0,334
2025-01-06 03:35:00,6001.0,6001.25,6000.75,6001.25,55
2025-01-06 03:36:00,6001.5,6002.0,6000.5,6000.5,138
2025-01-06 03:37:00,6000.5,6001.25,6000.5,6001.0,141
2025-01-06 03:38:00,6001.0,6001.25,6000.5,6001.0,119
2025-01-06 03:39:00,6001.0,6002.25,6001.0,6002.0,165
2025-01-06 03:40:00,6002.0,6002.25,6001.5,6001.75,136
2025-01-06 03:41:00,6002.0,6002.0,6001.5,6001.75,92
2025-01-06 03:42:00,6001.75,6002.25,6001.5,6002.0,175
2025-01-06 03:43:00,6002.0,6002.25,6001.75,6001.75,74
2025-01-06 03:44:00,6002.0,6002.5,6001.75,6002.25,104
2025-01-06 03:45:00,6002.25,6002.75,6002.0,6002.75,161
2025-01-06 03:46:00,6002.75,6004.0,6002.5,6003.75,230
2025-01-06 03:47:00,6003.75,6004.25,6003.5,6004.25,184
2025-01-06 03:48:00,6004.5,6005.5,6004.5,6005.5,315
2025-01-06 03:49:00,6005.5,6006.0,6005.25,6005.75,180
2025-01-06 03:50:00,6005.75,6006.25,6005.25,6005.75,209
2025-01-06 03:51:00,6005.75,6007.5,6005.75,6006.75,437
2025-01-06 03:52:00,6006.75,6007.5,6006.75,6007.25,384
2025-01-06 03:53:00,6007.25,6007.25,6006.0,6006.25,170
2025-01-06 03:54:00,6006.25,6006.5,6005.5,6005.5,97
2025-01-06 03:55:00,6005.5,6006.25,6005.5,6006.25,149
2025-01-06 03:56:00,6006.5,6007.0,6006.25,6006.75,170
2025-01-06 03:57:00,6007.0,6007.5,6007.0,6007.25,167
2025-01-06 03:58:00,6007.25,6007.25,6006.5,6006.75,119
2025-01-06 03:59:00,6007.0,6007.0,6006.5,6007.0,61
2025-01-06 04:00:00,6007.0,6007.25,6006.5,6006.75,69
2025-01-06 04:01:00,6006.75,6008.75,6006.5,6008.5,458
2025-01-06 04:02:00,6008.75,6009.75,6008.5,6009.75,329
2025-01-06 04:03:00,6009.75,6012.0,6009.75,6011.0,1203
2025-01-06 04:04:00,6011.0,6011.25,6009.25,6010.5,591
2025-01-06 04:05:00,6010.5,6010.75,6009.5,6010.0,403
2025-01-06 04:06:00,6010.0,6010.25,6009.5,6009.5,132
2025-01-06 04:07:00,6009.75,6010.0,6009.0,6009.75,186
2025-01-06 04:08:00,6010.0,6010.25,6008.75,6009.25,207
2025-01-06 04:09:00,6009.25,6010.25,6009.25,6009.75,209
2025-01-06 04:10:00,6010.0,6010.75,6009.75,6010.75,222
2025-01-06 04:11:00,6010.75,6011.25,6010.25,6011.0,234
2025-01-06 04:12:00,6010.75,6011.5,6010.75,6011.0,194
2025-01-06 04:13:00,6011.25,6011.75,6011.0,6011.5,173
2025-01-06 04:14:00,6011.25,6012.0,6011.25,6012.0,469
2025-01-06 04:15:00,6011.75,6012.0,6010.75,6011.0,393
2025-01-06 04:16:00,6010.75,6011.0,6009.75,6010.5,205
2025-01-06 04:17:00,6010.5,6011.0,6010.25,6010.75,149
2025-01-06 04:18:00,6011.0,6011.5,6010.25,6010.25,223
2025-01-06 04:19:00,6010.25,6010.75,6010.0,6010.5,221
2025-01-06 04:20:00,6010.75,6011.0,6010.5,6010.5,103
2025-01-06 04:21:00,6010.75,6011.0,6010.0,6011.0,189
2025-01-06 04:22:00,6011.0,6012.0,6011.0,6012.0,397
2025-01-06 04:23:00,6012.0,6013.75,6011.75,6012.0,1071
2025-01-06 04:24:00,6011.75,6012.25,6011.25,6012.25,276
2025-01-06 04:25:00,6012.25,6013.5,6012.25,6012.75,263
2025-01-06 04:26:00,6012.75,6012.75,6011.25,6011.25,300
2025-01-06 04:27:00,6011.5,6011.75,6011.25,6011.75,237
2025-01-06 04:28:00,6011.75,6011.75,6011.25,6011.5,151
2025-01-06 04:29:00,6011.25,6012.0,6010.25,6010.5,255
2025-01-06 04:30:00,6010.5,6011.25,6010.25,6011.0,138
2025-01-06 04:31:00,6011.25,6011.5,6010.25,6010.75,279
2025-01-06 04:32:00,6010.75,6011.75,6010.75,6011.75,139
2025-01-06 04:33:00,6011.75,6013.25,6011.75,6012.75,144
2025-01-06 04:34:00,6012.75,6013.5,6012.75,6013.25,127
2025-01-06 04:35:00,6013.25,6013.5,6012.5,6012.75,172
2025-01-06 04:36:00,6012.75,6013.25,6012.75,6012.75,90
2025-01-06 04:37:00,6012.75,6012.75,6012.25,6012.25,76
2025-01-06 04:38:00,6012.25,6013.25,6012.0,6012.75,190
2025-01-06 04:39:00,6013.0,6013.0,6012.0,6012.0,155
2025-01-06 04:40:00,6012.0,6012.0,6010.75,6011.0,233
2025-01-06 04:41:00,6011.25,6012.0,6011.0,6011.25,254
2025-01-06 04:42:00,6011.5,6011.5,6011.25,6011.5,60
2025-01-06 04:43:00,6011.5,6012.25,6011.5,6012.0,101
2025-01-06 04:44:00,6012.0,6012.75,6012.0,6012.5,109
2025-01-06 04:45:00,6012.5,6013.25,6012.5,6013.0,126
2025-01-06 04:46:00,6013.25,6014.0,6013.0,6014.0,109
2025-01-06 04:47:00,6014.0,6014.75,6014.0,6014.25,170
2025-01-06 04:48:00,6014.25,6014.5,6014.0,6014.5,106
2025-01-06 04:49:00,6014.5,6014.75,6014.25,6014.25,131
2025-01-06 04:50:00,6014.25,6015.25,6014.25,6015.25,191
2025-01-06 04:51:00,6015.25,6015.5,6015.0,6015.25,227
2025-01-06 04:52:00,6015.25,6016.0,6014.75,6015.25,295
2025-01-06 04:53:00,6015.25,6015.75,6015.25,6015.75,90
2025-01-06 04:54:00,6015.75,6015.75,6015.5,6015.75,53
2025-01-06 04:55:00,6015.75,6016.5,6015.75,6016.0,317
2025-01-06 04:56:00,6016.0,6016.25,6015.75,6016.0,154
2025-01-06 04:57:00,6016.25,6016.25,6015.75,6016.0,191
2025-01-06 04:58:00,6016.0,6016.5,6015.75,6016.25,105
2025-01-06 04:59:00,6016.0,6017.75,6016.0,6017.0,303
2025-01-06 05:00:00,6017.0,6017.25,6016.75,6017.25,152
2025-01-06 05:01:00,6017.25,6017.5,6016.5,6017.0,266
2025-01-06 05:02:00,6017.0,6017.25,6016.0,6016.0,192
2025-01-06 05:03:00,6016.25,6016.25,6014.75,6015.5,367
2025-01-06 05:04:00,6015.25,6015.5,6014.5,6015.5,249
2025-01-06 05:05:00,6015.25,6015.5,6015.0,6015.25,276
2025-01-06 05:06:00,6015.5,6016.0,6015.0,6016.0,226
2025-01-06 05:07:00,6016.25,6016.5,6015.5,6015.75,249
2025-01-06 05:08:00,6016.0,6017.0,6015.75,6016.25,126
2025-01-06 05:09:00,6016.25,6017.0,6016.25,6017.0,161
2025-01-06 05:10:00,6017.0,6017.0,6016.5,6016.75,202
2025-01-06 05:11:00,6016.75,6017.0,6016.0,6016.0,234
2025-01-06 05:12:00,6016.0,6017.75,6016.0,6017.25,406
2025-01-06 05:13:00,6017.25,6017.75,6017.0,6017.75,221
2025-01-06 05:14:00,6017.75,6018.25,6017.5,6018.25,215
2025-01-06 05:15:00,6018.25,6018.75,6017.75,6018.0,329
2025-01-06 05:16:00,6017.75,6017.75,6017.0,6017.5,172
2025-01-06 05:17:00,6017.5,6018.5,6017.5,6018.0,184
2025-01-06 05:18:00,6018.0,6018.5,6017.75,6018.5,119
2025-01-06 05:19:00,6018.25,6019.0,6018.25,6019.0,285
2025-01-06 05:20:00,6018.75,6020.5,6018.75,6020.0,560
2025-01-06 05:21:00,6020.0,6020.0,6018.5,6019.0,288
2025-01-06 05:22:00,6019.25,6020.25,6019.0,6020.25,202
2025-01-06 05:23:00,6020.0,6020.75,6020.0,6020.25,112
2025-01-06 05:24:00,6020.25,6020.25,6019.75,6020.0,213
2025-01-06 05:25:00,6020.25,6021.0,6019.5,6020.0,335
2025-01-06 05:26:00,6020.25,6020.25,6019.5,6019.5,98
2025-01-06 05:27:00,6019.75,6019.75,6018.25,6018.5,186
2025-01-06 05:28:00,6018.5,6018.75,6018.25,6018.5,73
2025-01-06 05:29:00,6018.5,6019.25,6018.5,6019.0,172
2025-01-06 05:30:00,6019.0,6019.0,6018.5,6018.5,110
2025-01-06 05:31:00,6018.75,6018.75,6016.25,6016.25,453
2025-01-06 05:32:00,6016.5,6017.5,6015.75,6017.0,579
2025-01-06 05:33:00,6017.0,6017.75,6017.0,6017.25,201
2025-01-06 05:34:00,6017.25,6017.25,6016.0,6016.0,241
2025-01-06 05:35:00,6016.25,6017.25,6016.0,6017.0,129
2025-01-06 05:36:00,6017.25,6017.25,6015.5,6015.5,292
2025-01-06 05:37:00,6015.75,6016.0,6015.25,6015.75,244
2025-01-06 05:38:00,6016.0,6017.5,6016.0,6017.25,185
2025-01-06 05:39:00,6017.25,6017.75,6017.25,6017.25,69
2025-01-06 05:40:00,6017.0,6017.25,6016.5,6017.25,198
2025-01-06 05:41:00,6017.0,6018.0,6016.75,6018.0,201
2025-01-06 05:42:00,6018.0,6018.0,6017.25,6017.5,116
2025-01-06 05:43:00,6017.75,6018.0,6017.5,6017.75,43
2025-01-06 05:44:00,6017.75,6017.75,6017.5,6017.75,49
2025-01-06 05:45:00,6017.75,6017.75,6016.0,6016.0,311
2025-01-06 05:46:00,6016.0,6016.25,6014.75,6015.5,531
2025-01-06 05:47:00,6015.25,6015.25,6014.25,6014.25,351
2025-01-06 05:48:00,6014.5,6014.75,6013.25,6013.5,338
2025-01-06 05:49:00,6013.75,6015.5,6013.75,6015.5,217
2025-01-06 05:50:00,6015.5,6016.25,6015.5,6016.25,125
2025-01-06 05:51:00,6016.25,6016.75,6015.25,6015.5,288
2025-01-06 05:52:00,6015.25,6016.5,6015.25,6016.0,100
2025-01-06 05:53:00,6016.0,6016.0,6014.0,6014.75,206
2025-01-06 05:54:00,6015.0,6015.5,6014.5,6015.5,121
2025-01-06 05:55:00,6015.25,6015.25,6014.0,6014.75,182
2025-01-06 05:56:00,6014.75,6015.25,6014.75,6015.0,76
2025-01-06 05:57:00,6015.0,6015.0,6014.25,6014.25,98
2025-01-06 05:58:00,6014.25,6015.0,6014.25,6014.5,58
2025-01-06 05:59:00,6014.25,6014.25,6013.25,6013.75,233
2025-01-06 06:00:00,6014.0,6015.0,6013.75,6015.0,117
2025-01-06 06:01:00,6014.75,6015.25,6014.0,6014.5,364
2025-01-06 06:02:00,6014.75,6015.0,6013.25,6013.5,312
2025-01-06 06:03:00,6013.5,6013.5,6007.5,6011.25,4302
2025-01-06 06:04:00,6011.0,6013.0,6010.0,6012.0,657
2025-01-06 06:05:00,6012.0,6013.25,6011.75,6012.75,327
2025-01-06 06:06:00,6012.5,6015.5,6012.5,6015.0,436
2025-01-06 06:07:00,6015.25,6016.25,6014.75,6015.25,308
2025-01-06 06:08:00,6015.0,6016.5,6014.75,6014.75,468
2025-01-06 06:09:00,6014.75,6015.0,6013.75,6014.5,330
2025-01-06 06:10:00,6014.75,6017.0,6014.75,6016.75,508
2025-01-06 06:11:00,6016.75,6018.5,6016.0,6017.0,764
2025-01-06 06:12:00,6017.25,6017.5,6016.5,6017.25,209
2025-01-06 06:13:00,6017.25,6017.5,6015.0,6015.0,599
2025-01-06 06:14:00,6015.25,6017.5,6015.0,6017.25,525
2025-01-06 06:15:00,6017.0,6018.75,6017.0,6018.0,608
2025-01-06 06:16:00,6018.25,6020.5,6018.25,6020.25,1021
2025-01-06 06:17:00,6020.25,6021.0,6018.0,6018.75,728
2025-01-06 06:18:00,6019.0,6020.25,6018.75,6019.5,587
2025-01-06 06:19:00,6019.25,6020.25,6018.75,6020.0,772
2025-01-06 06:20:00,6020.0,6021.75,6019.75,6021.5,578
2025-01-06 06:21:00,6021.75,6022.0,6020.75,6021.0,787
2025-01-06 06:22:00,6021.0,6021.5,6020.75,6021.25,528
2025-01-06 06:23:00,6021.25,6022.5,6021.25,6022.25,500
2025-01-06 06:24:00,6022.25,6022.75,6021.5,6022.25,539
2025-01-06 06:25:00,6022.5,6024.75,6022.0,6024.0,813
2025-01-06 06:26:00,6024.25,6026.0,6024.0,6025.25,861
2025-01-06 06:27:00,6025.0,6028.0,6025.0,6028.0,672
2025-01-06 06:28:00,6028.0,6029.25,6027.25,6028.5,765
2025-01-06 06:29:00,6028.5,6029.5,6027.75,6028.75,873
2025-01-06 06:30:00,6029.0,6029.25,6027.25,6029.25,621
2025-01-06 06:31:00,6029.25,6032.0,6028.75,6030.75,1135
2025-01-06 06:32:00,6031.25,6031.75,6030.75,6031.25,531
2025-01-06 06:33:00,6031.25,6031.75,6029.5,6029.75,486
2025-01-06 06:34:00,6029.5,6030.25,6029.0,6029.5,299
2025-01-06 06:35:00,6029.5,6029.5,6027.25,6028.5,546
2025-01-06 06:36:00,6028.5,6028.5,6027.75,6028.25,245
2025-01-06 06:37:00,6028.5,6029.75,6028.5,6029.25,442
2025-01-06 06:38:00,6029.25,6031.75,6029.0,6031.75,675
2025-01-06 06:39:00,6031.75,6033.75,6030.75,6032.25,1406
2025-01-06 06:40:00,6032.5,6032.75,6031.5,6032.0,447
2025-01-06 06:41:00,6032.0,6032.25,6031.0,6031.25,293
2025-01-06 06:42:00,6031.25,6031.5,6030.0,6030.5,264
2025-01-06 06:43:00,6030.75,6031.75,6030.5,6030.75,1072
2025-01-06 06:44:00,6030.75,6031.25,6030.0,6030.0,228
2025-01-06 06:45:00,6030.0,6030.75,6030.0,6030.25,157
2025-01-06 06:46:00,6030.0,6030.75,6029.75,6030.0,278
2025-01-06 06:47:00,6030.25,6031.0,6030.0,6030.25,125
2025-01-06 06:48:00,6030.5,6031.5,6030.5,6031.0,232
2025-01-06 06:49:00,6031.0,6031.0,6028.25,6028.5,513
2025-01-06 06:50:00,6028.75,6029.75,6028.25,6028.75,328
2025-01-06 06:51:00,6028.75,6028.75,6027.0,6027.0,579
2025-01-06 06:52:00,6027.25,6027.5,6026.25,6027.25,539
2025-01-06 06:53:00,6027.25,6029.25,6026.75,6029.25,399
2025-01-06 06:54:00,6029.0,6029.5,6028.5,6028.75,157
2025-01-06 06:55:00,6028.75,6031.5,6028.75,6031.25,835
2025-01-06 06:56:00,6031.25,6032.5,6031.25,6031.5,443
2025-01-06 06:57:00,6031.5,6031.5,6030.75,6031.0,177
2025-01-06 06:58:00,6031.25,6031.25,6030.5,6031.0,191
2025-01-06 06:59:00,6030.75,6031.5,6030.0,6031.25,164
2025-01-06 07:00:00,6031.25,6033.0,6030.75,6033.0,347
2025-01-06 07:01:00,6032.75,6034.0,6031.75,6033.5,796
2025-01-06 07:02:00,6033.5,6033.75,6031.25,6031.75,422
2025-01-06 07:03:00,6031.75,6033.25,6031.75,6033.0,357
2025-01-06 07:04:00,6033.25,6033.25,6031.5,6033.0,324
2025-01-06 07:05:00,6033.0,6033.5,6032.75,6033.25,270
2025-01-06 07:06:00,6033.0,6033.0,6031.5,6032.25,221
2025-01-06 07:07:00,6032.5,6033.75,6032.5,6032.75,363
2025-01-06 07:08:00,6032.75,6032.75,6032.0,6032.0,373
2025-01-06 07:09:00,6032.0,6032.25,6030.25,6030.75,232
2025-01-06 07:10:00,6030.5,6031.0,6030.25,6030.5,378
2025-01-06 07:11:00,6030.5,6031.25,6029.5,6029.5,437
2025-01-06 07:12:00,6029.75,6030.75,6029.25,6029.5,409
2025-01-06 07:13:00,6029.75,6030.0,6028.5,6028.5,324
2025-01-06 07:14:00,6028.5,6030.75,6028.0,6030.5,413
2025-01-06 07:15:00,6030.25,6031.0,6029.75,6030.5,391
2025-01-06 07:16:00,6030.5,6032.0,6030.25,6032.0,368
2025-01-06 07:17:00,6032.25,6033.0,6030.0,6030.5,647
2025-01-06 07:18:00,6030.5,6030.75,6030.0,6030.5,257
2025-01-06 07:19:00,6030.75,6031.0,6028.5,6029.0,294
2025-01-06 07:20:00,6029.0,6030.5,6028.5,6030.5,284
2025-01-06 07:21:00,6030.25,6031.5,6030.25,6031.0,335
2025-01-06 07:22:00,6031.0,6031.0,6029.75,6030.25,194
2025-01-06 07:23:00,6030.25,6032.0,6029.75,6032.0,205
2025-01-06 07:24:00,6031.75,6032.25,6031.25,6031.75,221
2025-01-06 07:25:00,6032.0,6033.25,6031.75,6033.0,327
2025-01-06 07:26:00,6033.25,6033.25,6032.25,6033.0,278
2025-01-06 07:27:00,6033.0,6034.25,6032.75,6033.25,580
2025-01-06 07:28:00,6033.0,6033.5,6031.25,6031.5,296
2025-01-06 07:29:00,6031.5,6032.25,6031.25,6032.25,335
2025-01-06 07:30:00,6032.5,6033.25,6032.0,6032.75,293
2025-01-06 07:31:00,6033.0,6034.5,6032.5,6034.0,402
2025-01-06 07:32:00,6034.25,6034.25,6033.0,6033.25,287
2025-01-06 07:33:00,6033.0,6033.5,6031.25,6031.5,283
2025-01-06 07:34:00,6031.25,6032.75,6030.75,6032.0,300
2025-01-06 07:35:00,6032.0,6032.25,6031.5,6032.0,328
2025-01-06 07:36:00,6031.75,6032.5,6031.0,6032.0,292
2025-01-06 07:37:00,6032.0,6032.0,6031.25,6032.0,192
2025-01-06 07:38:00,6032.0,6033.5,6032.0,6033.25,334
2025-01-06 07:39:00,6033.25,6033.5,6032.5,6033.5,181
2025-01-06 07:40:00,6033.5,6034.25,6033.5,6034.0,176
2025-01-06 07:41:00,6034.25,6034.25,6033.25,6033.75,220
2025-01-06 07:42:00,6033.75,6034.0,6032.75,6033.75,294
2025-01-06 07:43:00,6033.75,6034.25,6033.5,6033.75,210
2025-01-06 07:44:00,6034.0,6034.75,6033.5,6034.75,182
2025-01-06 07:45:00,6034.75,6035.5,6034.5,6035.25,712
2025-01-06 07:46:00,6035.25,6035.75,6035.0,6035.75,414
2025-01-06 07:47:00,6035.75,6038.75,6035.5,6038.5,1438
2025-01-06 07:48:00,6038.5,6040.0,6038.25,6039.25,1091
2025-01-06 07:49:00,6039.25,6040.5,6037.75,6039.0,877
2025-01-06 07:50:00,6038.75,6040.25,6038.5,6039.5,693
2025-01-06 07:51:00,6039.5,6039.5,6038.75,6039.25,309
2025-01-06 07:52:00,6039.0,6040.0,6039.0,6040.0,578
2025-01-06 07:53:00,6039.75,6040.0,6038.75,6038.75,389
2025-01-06 07:54:00,6038.5,6038.5,6036.75,6036.75,594
2025-01-06 07:55:00,6036.5,6037.25,6035.75,6036.75,397
2025-01-06 07:56:00,6036.75,6037.0,6035.0,6035.5,582
2025-01-06 07:57:00,6035.5,6036.0,6034.5,6035.0,584
2025-01-06 07:58:00,6035.0,6036.25,6035.0,6036.25,433
2025-01-06 07:59:00,6036.0,6036.0,6034.75,6035.0,195
2025-01-06 08:00:00,6035.25,6035.5,6034.75,6035.25,203
2025-01-06 08:01:00,6035.25,6036.25,6034.75,6035.25,542
2025-01-06 08:02:00,6035.25,6035.5,6033.75,6034.25,479
2025-01-06 08:03:00,6034.5,6035.0,6034.25,6034.5,272
2025-01-06 08:04:00,6034.5,6036.0,6034.5,6036.0,359
2025-01-06 08:05:00,6036.0,6037.0,6036.0,6036.5,453
2025-01-06 08:06:00,6036.5,6036.75,6035.5,6035.5,299
2025-01-06 08:07:00,6035.75,6036.5,6035.0,6035.5,373
2025-01-06 08:08:00,6035.75,6036.5,6035.5,6036.5,224
2025-01-06 08:09:00,6036.25,6036.5,6036.25,6036.5,235
2025-01-06 08:10:00,6036.25,6037.0,6036.25,6036.5,280
2025-01-06 08:11:00,6036.25,6036.5,6035.75,6036.25,324
2025-01-06 08:12:00,6036.0,6036.25,6034.5,6034.75,387
2025-01-06 08:13:00,6034.75,6034.75,6033.5,6034.0,621
2025-01-06 08:14:00,6034.0,6034.25,6033.25,6033.75,440
2025-01-06 08:15:00,6034.0,6034.25,6033.5,6033.75,312
2025-01-06 08:16:00,6034.0,6034.0,6032.75,6033.5,506
2025-01-06 08:17:00,6033.5,6034.25,6033.0,6033.75,438
2025-01-06 08:18:00,6033.75,6034.0,6033.0,6033.25,447
2025-01-06 08:19:00,6033.0,6033.5,6032.75,6033.5,294
2025-01-06 08:20:00,6033.5,6034.75,6033.5,6034.0,333
2025-01-06 08:21:00,6034.25,6034.75,6033.5,6033.75,388
2025-01-06 08:22:00,6033.75,6034.75,6033.25,6034.0,222
2025-01-06 08:23:00,6033.75,6033.75,6032.75,6033.75,425
2025-01-06 08:24:00,6033.75,6035.0,6033.5,6034.75,420
2025-01-06 08:25:00,6034.75,6035.5,6034.5,6035.5,520
2025-01-06 08:26:00,6035.25,6035.5,6034.0,6034.75,289
2025-01-06 08:27:00,6034.75,6035.25,6034.75,6035.0,132
2025-01-06 08:28:00,6035.25,6036.0,6035.0,6035.5,321
2025-01-06 08:29:00,6035.75,6036.0,6035.25,6035.75,367
2025-01-06 08:30:00,6035.75,6036.5,6035.25,6036.25,545
2025-01-06 08:31:00,6036.5,6037.75,6036.25,6036.5,864
2025-01-06 08:32:00,6036.25,6036.25,6034.75,6035.0,585
2025-01-06 08:33:00,6035.0,6036.5,6035.0,6036.25,297
2025-01-06 08:34:00,6036.25,6037.25,6036.25,6037.25,370
2025-01-06 08:35:00,6037.25,6037.25,6035.75,6036.25,659
2025-01-06 08:36:00,6036.0,6036.5,6035.75,6036.25,183
2025-01-06 08:37:00,6036.5,6037.75,6036.0,6037.25,762
2025-01-06 08:38:00,6037.0,6037.25,6035.75,6036.0,309
2025-01-06 08:39:00,6036.0,6037.0,6036.0,6036.75,465
2025-01-06 08:40:00,6036.5,6036.75,6034.75,6035.0,592
2025-01-06 08:41:00,6035.0,6035.5,6034.25,6035.0,864
2025-01-06 08:42:00,6035.0,6035.25,6033.25,6033.5,922
2025-01-06 08:43:00,6033.75,6034.0,6032.25,6033.25,805
2025-01-06 08:44:00,6033.0,6033.25,6031.75,6032.5,1478
2025-01-06 08:45:00,6032.75,6035.0,6032.5,6035.0,553
2025-01-06 08:46:00,6035.0,6036.0,6035.0,6035.25,470
2025-01-06 08:47:00,6035.25,6035.5,6034.25,6034.5,377
2025-01-06 08:48:00,6034.75,6037.0,6034.25,6037.0,675
2025-01-06 08:49:00,6037.0,6037.5,6036.75,6036.75,437
2025-01-06 08:50:00,6037.0,6037.0,6036.5,6036.75,198
2025-01-06 08:51:00,6037.0,6037.25,6036.5,6036.75,278
2025-01-06 08:52:00,6036.75,6038.75,6036.5,6038.75,917
2025-01-06 08:53:00,6038.75,6040.5,6038.5,6040.0,1154
2025-01-06 08:54:00,6040.25,6040.5,6039.5,6039.5,766
2025-01-06 08:55:00,6039.75,6040.5,6039.5,6040.25,451
2025-01-06 08:56:00,6040.25,6040.75,6040.0,6040.0,350
2025-01-06 08:57:00,6040.0,6040.75,6039.5,6040.75,638
2025-01-06 08:58:00,6040.5,6040.75,6039.75,6039.75,379
2025-01-06 08:59:00,6040.0,6040.0,6038.75,6039.5,562
2025-01-06 09:00:00,6039.75,6041.25,6039.75,6040.75,351
2025-01-06 09:01:00,6041.0,6041.75,6040.0,6040.5,1027
2025-01-06 09:02:00,6040.75,6040.75,6040.0,6040.75,491
2025-01-06 09:03:00,6041.0,6041.75,6040.25,6040.75,906
2025-01-06 09:04:00,6041.0,6041.0,6039.0,6039.25,1124
2025-01-06 09:05:00,6039.25,6039.5,6037.25,6037.75,1125
2025-01-06 09:06:00,6037.5,6037.75,6036.5,6037.5,839
2025-01-06 09:07:00,6037.5,6037.75,6036.75,6037.25,495
2025-01-06 09:08:00,6037.25,6038.25,6036.25,6038.0,876
2025-01-06 09:09:00,6038.0,6038.25,6037.25,6037.75,682
2025-01-06 09:10:00,6038.0,6038.0,6036.75,6037.5,590
2025-01-06 09:11:00,6037.5,6038.25,6037.25,6037.75,490
2025-01-06 09:12:00,6037.75,6040.25,6037.5,6039.0,1249
2025-01-06 09:13:00,6039.0,6039.0,6037.5,6038.0,584
2025-01-06 09:14:00,6038.0,6038.25,6036.75,6037.5,520
2025-01-06 09:15:00,6037.5,6038.75,6037.0,6038.75,473
2025-01-06 09:16:00,6038.75,6039.0,6021.75,6025.0,13370
2025-01-06 09:17:00,6025.0,6029.25,6015.75,6021.75,11971
2025-01-06 09:18:00,6021.75,6028.0,6021.25,6026.5,6794
2025-01-06 09:19:00,6026.75,6027.0,6018.0,6019.5,5790
2025-01-06 09:20:00,6019.5,6024.25,6018.75,6019.75,4700
2025-01-06 09:21:00,6019.75,6021.25,6018.5,6020.75,2966
2025-01-06 09:22:00,6020.75,6023.75,6019.25,6021.75,2497
2025-01-06 09:23:00,6021.75,6025.75,6020.5,6024.5,2566
2025-01-06 09:24:00,6024.5,6025.5,6023.75,6024.25,1379
2025-01-06 09:25:00,6024.5,6024.75,6021.5,6023.0,1834
2025-01-06 09:26:00,6023.25,6028.25,6022.75,6026.75,2804
2025-01-06 09:27:00,6026.75,6027.5,6024.0,6024.0,1622
2025-01-06 09:28:00,6024.0,6028.75,6023.75,6028.0,1955
2025-01-06 09:29:00,6028.0,6030.25,6027.75,6030.0,2053
2025-01-06 09:30:00,6029.75,6033.75,6029.5,6032.75,4340
2025-01-06 09:31:00,6032.75,6036.25,6028.75,6034.5,13695
2025-01-06 09:32:00,6034.5,6038.25,6031.5,6031.5,10237
2025-01-06 09:33:00,6031.5,6039.5,6031.25,6033.75,8571
2025-01-06 09:34:00,6033.75,6039.75,6032.75,6038.5,6860
2025-01-06 09:35:00,6038.25,6042.5,6036.75,6038.0,6436
2025-01-06 09:36:00,6038.0,6039.75,6034.25,6034.75,5882
2025-01-06 09:37:00,6035.0,6036.0,6032.5,6034.25,5102
2025-01-06 09:38:00,6034.25,6040.25,6031.25,6038.25,7086
2025-01-06 09:39:00,6038.0,6039.5,6035.5,6036.75,4891
2025-01-06 09:40:00,6036.75,6037.25,6034.0,6035.5,3851
2025-01-06 09:41:00,6035.5,6043.5,6035.25,6040.25,6955
2025-01-06 09:42:00,6040.5,6044.5,6039.25,6043.75,6714
2025-01-06 09:43:00,6043.5,6045.0,6041.5,6043.75,4341
2025-01-06 09:44:00,6043.5,6048.0,6043.5,6044.25,4621
2025-01-06 09:45:00,6044.0,6045.5,6038.0,6042.5,5441
2025-01-06 09:46:00,6042.25,6048.0,6042.25,6047.25,7633
2025-01-06 09:47:00,6047.25,6052.25,6047.0,6049.75,10116
2025-01-06 09:48:00,6049.75,6050.25,6046.75,6049.0,4779
2025-01-06 09:49:00,6049.0,6050.25,6044.5,6047.5,5051
2025-01-06 09:50:00,6047.5,6050.0,6046.5,6049.75,4089
2025-01-06 09:51:00,6050.0,6051.75,6044.25,6045.0,6461
2025-01-06 09:52:00,6045.25,6049.0,6044.75,6047.25,4089
2025-01-06 09:53:00,6047.25,6048.5,6045.5,6047.0,3345
2025-01-06 09:54:00,6047.25,6052.25,6047.0,6047.75,4921
2025-01-06 09:55:00,6048.0,6051.25,6048.0,6050.0,3097
2025-01-06 09:56:00,6050.0,6053.0,6048.25,6052.5,4548
2025-01-06 09:57:00,6052.25,6053.0,6047.0,6048.5,5045
2025-01-06 09:58:00,6048.5,6049.5,6044.75,6045.5,4487
2025-01-06 09:59:00,6045.5,6049.25,6045.25,6048.5,2610
2025-01-06 10:00:00,6048.75,6050.0,6047.25,6049.25,1565
2025-01-06 10:01:00,6049.25,6051.5,6048.5,6048.75,4246
2025-01-06 10:02:00,6048.75,6050.5,6047.25,6050.0,4657
2025-01-06 10:03:00,6050.0,6053.5,6048.5,6052.5,4855
2025-01-06 10:04:00,6052.75,6053.25,6050.5,6052.25,3606
2025-01-06 10:05:00,6052.25,6054.0,6050.75,6053.75,3858
2025-01-06 10:06:00,6053.75,6054.5,6051.5,6052.25,3600
2025-01-06 10:07:00,6052.25,6054.25,6051.75,6052.25,3118
2025-01-06 10:08:00,6052.5,6053.5,6050.0,6051.75,3708
2025-01-06 10:09:00,6052.0,6054.25,6052.0,6053.5,3483
2025-01-06 10:10:00,6053.75,6055.5,6053.25,6055.25,2710
2025-01-06 10:11:00,6055.5,6057.25,6048.25,6050.0,7658
2025-01-06 10:12:00,6050.25,6055.5,6047.0,6055.0,8266
2025-01-06 10:13:00,6055.0,6056.25,6052.0,6052.5,7032
2025-01-06 10:14:00,6052.5,6057.0,6051.5,6057.0,5084
2025-01-06 10:15:00,6057.0,6059.5,6056.25,6057.75,4190
2025-01-06 10:16:00,6058.0,6059.0,6055.75,6057.25,4098
2025-01-06 10:17:00,6057.5,6057.5,6051.0,6053.25,4619
2025-01-06 10:18:00,6053.25,6056.0,6053.0,6055.5,3241
2025-01-06 10:19:00,6055.5,6057.0,6054.25,6055.75,3729
2025-01-06 10:20:00,6055.75,6056.25,6054.0,6055.0,2333
2025-01-06 10:21:00,6055.0,6055.25,6052.75,6053.75,3152
2025-01-06 10:22:00,6054.0,6055.5,6053.0,6055.25,2257
2025-01-06 10:23:00,6055.25,6058.0,6054.25,6057.75,3841
2025-01-06 10:24:00,6057.75,6059.5,6055.0,6056.0,4131
2025-01-06 10:25:00,6056.0,6056.5,6053.75,6055.75,3380
2025-01-06 10:26:00,6055.75,6056.25,6053.75,6056.0,2283
2025-01-06 10:27:00,6056.0,6057.0,6054.75,6056.25,2268
2025-01-06 10:28:00,6056.5,6058.0,6055.25,6057.0,2445
2025-01-06 10:29:00,6057.25,6060.5,6056.75,6059.5,5093
2025-01-06 10:30:00,6059.5,6060.75,6058.75,6059.5,2746
2025-01-06 10:31:00,6059.5,6060.25,6058.0,6058.75,3296
2025-01-06 10:32:00,6058.5,6059.25,6053.75,6056.0,4722
2025-01-06 10:33:00,6056.25,6058.0,6055.5,6057.0,3507
2025-01-06 10:34:00,6057.25,6058.5,6055.75,6058.25,2107
2025-01-06 10:35:00,6058.5,6058.75,6055.0,6055.5,2281
2025-01-06 10:36:00,6055.5,6055.75,6052.0,6054.5,4583
2025-01-06 10:37:00,6054.75,6055.75,6053.25,6055.5,2336
2025-01-06 10:38:00,6055.5,6056.75,6054.0,6055.0,2657
2025-01-06 10:39:00,6055.0,6055.5,6052.5,6053.5,2982
2025-01-06 10:40:00,6053.75,6054.5,6051.25,6053.0,3028
2025-01-06 10:41:00,6053.0,6054.75,6052.75,6054.75,3073
2025-01-06 10:42:00,6054.75,6055.75,6053.75,6055.75,2624
2025-01-06 10:43:00,6055.75,6055.75,6053.0,6054.5,2594
2025-01-06 10:44:00,6054.75,6056.75,6054.0,6055.5,2573
2025-01-06 10:45:00,6055.75,6056.25,6054.5,6055.25,2046
2025-01-06 10:46:00,6055.25,6058.25,6055.0,6058.25,2741
2025-01-06 10:47:00,6058.5,6059.75,6056.25,6058.5,3657
2025-01-06 10:48:00,6058.25,6058.25,6055.75,6058.0,1746
2025-01-06 10:49:00,6058.0,6060.5,6056.5,6056.75,3028
2025-01-06 10:50:00,6056.75,6057.5,6055.25,6056.5,2191
2025-01-06 10:51:00,6056.5,6058.5,6055.0,6057.75,3373
2025-01-06 10:52:00,6057.5,6058.75,6056.75,6058.0,2302
2025-01-06 10:53:00,6058.25,6060.25,6058.25,6060.0,2536
2025-01-06 10:54:00,6060.0,6063.25,6059.75,6060.75,6396
2025-01-06 10:55:00,6061.0,6062.5,6060.5,6061.5,2641
2025-01-06 10:56:00,6061.5,6061.75,6059.75,6061.5,2012
2025-01-06 10:57:00,6061.5,6063.25,6060.5,6060.5,2489
2025-01-06 10:58:00,6060.75,6061.25,6059.75,6060.0,1676
2025-01-06 10:59:00,6060.25,6061.0,6059.75,6060.0,1913
2025-01-06 11:00:00,6060.25,6060.5,6058.5,6059.5,2458
2025-01-06 11:01:00,6059.75,6061.25,6059.5,6059.75,2015
2025-01-06 11:02:00,6060.0,6060.0,6057.25,6059.25,2404
2025-01-06 11:03:00,6059.25,6059.5,6056.75,6057.25,3636
2025-01-06 11:04:00,6057.25,6059.5,6056.25,6058.75,2738
2025-01-06 11:05:00,6059.0,6060.5,6058.5,6059.5,1498
2025-01-06 11:06:00,6059.5,6060.25,6058.75,6059.75,1204
2025-01-06 11:07:00,6059.75,6060.0,6058.5,6059.25,1089
2025-01-06 11:08:00,6059.25,6060.25,6057.5,6058.0,1593
2025-01-06 11:09:00,6058.0,6060.25,6057.25,6060.0,1423
2025-01-06 11:10:00,6059.75,6060.25,6059.0,6059.75,1039
2025-01-06 11:11:00,6060.0,6062.0,6060.0,6062.0,1959
2025-01-06 11:12:00,6062.25,6062.75,6060.5,6061.0,1712
2025-01-06 11:13:00,6060.75,6061.25,6059.75,6061.0,966
2025-01-06 11:14:00,6061.0,6061.5,6059.5,6061.0,1239
2025-01-06 11:15:00,6061.25,6062.25,6060.75,6061.5,1003
2025-01-06 11:16:00,6061.5,6065.0,6059.75,6064.0,3662
2025-01-06 11:17:00,6064.25,6064.25,6063.0,6063.5,1605
2025-01-06 11:18:00,6063.5,6063.5,6061.0,6062.25,2434
2025-01-06 11:19:00,6062.25,6062.5,6061.0,6062.25,1396
2025-01-06 11:20:00,6062.25,6064.0,6062.0,6063.75,1389
2025-01-06 11:21:00,6063.75,6065.5,6063.5,6065.25,2544
2025-01-06 11:22:00,6065.25,6065.5,6063.25,6063.25,1607
2025-01-06 11:23:00,6063.25,6064.0,6062.75,6063.5,1376
2025-01-06 11:24:00,6063.5,6064.25,6063.25,6063.5,1252
2025-01-06 11:25:00,6063.5,6064.0,6061.75,6063.0,1813
2025-01-06 11:26:00,6062.75,6063.25,6060.5,6062.75,1986
2025-01-06 11:27:00,6062.75,6063.5,6062.25,6063.0,1235
2025-01-06 11:28:00,6063.0,6064.75,6063.0,6064.75,1653
2025-01-06 11:29:00,6064.75,6066.0,6064.75,6065.25,1660
2025-01-06 11:30:00,6065.25,6066.25,6065.25,6066.0,1313
2025-01-06 11:31:00,6065.75,6066.25,6064.75,6066.0,1578
2025-01-06 11:32:00,6066.0,6068.0,6065.5,6067.75,2815
2025-01-06 11:33:00,6067.75,6068.25,6066.75,6067.75,2233
2025-01-06 11:34:00,6067.75,6067.75,6064.25,6066.5,3909
2025-01-06 11:35:00,6066.25,6066.25,6064.5,6065.0,2929
2025-01-06 11:36:00,6065.0,6065.75,6064.5,6064.75,1831
2025-01-06 11:37:00,6064.5,6065.75,6064.25,6065.75,1545
2025-01-06 11:38:00,6065.75,6066.5,6064.75,6065.75,1999
2025-01-06 11:39:00,6065.75,6067.5,6065.75,6067.0,1945
2025-01-06 11:40:00,6067.0,6067.5,6066.0,6067.0,1443
2025-01-06 11:41:00,6067.25,6067.75,6066.75,6067.0,1485
2025-01-06 11:42:00,6066.75,6067.75,6065.5,6067.5,1504
2025-01-06 11:43:00,6067.5,6067.5,6064.5,6065.25,1791
2025-01-06 11:44:00,6065.25,6066.0,6064.5,6066.0,1001
2025-01-06 11:45:00,6066.0,6066.0,6065.0,6065.5,1029
2025-01-06 11:46:00,6065.5,6065.75,6062.75,6064.0,1849
2025-01-06 11:47:00,6064.25,6065.25,6063.75,6064.5,1435
2025-01-06 11:48:00,6064.75,6065.0,6062.5,6063.0,1656
2025-01-06 11:49:00,6063.25,6064.25,6062.5,6064.0,1402
2025-01-06 11:50:00,6064.0,6065.0,6063.5,6065.0,1213
2025-01-06 11:51:00,6065.0,6066.0,6064.0,6064.75,2036
2025-01-06 11:52:00,6064.75,6066.0,6064.5,6066.0,800
2025-01-06 11:53:00,6066.0,6066.0,6064.75,6065.0,1005
2025-01-06 11:54:00,6065.25,6066.0,6064.5,6065.75,955
2025-01-06 11:55:00,6065.75,6066.5,6065.5,6065.75,1082
2025-01-06 11:56:00,6065.75,6066.5,6064.75,6065.75,1264
2025-01-06 11:57:00,6065.75,6065.75,6064.75,6065.75,833
2025-01-06 11:58:00,6065.75,6065.75,6064.75,6064.75,1194
2025-01-06 11:59:00,6065.0,6066.25,6065.0,6065.75,728
2025-01-06 12:00:00,6066.0,6066.5,6065.25,6065.5,994
2025-01-06 12:01:00,6065.5,6065.5,6061.0,6061.75,4436
2025-01-06 12:02:00,6061.75,6064.0,6061.75,6063.0,1649
2025-01-06 12:03:00,6063.0,6065.0,6063.0,6064.0,1678
2025-01-06 12:04:00,6064.25,6064.25,6063.0,6063.0,1352
2025-01-06 12:05:00,6063.25,6064.0,6062.5,6063.75,1276
2025-01-06 12:06:00,6064.0,6064.25,6062.25,6063.0,1468
2025-01-06 12:07:00,6063.25,6063.5,6061.25,6062.5,1667
2025-01-06 12:08:00,6062.5,6063.25,6062.25,6062.75,1104
2025-01-06 12:09:00,6062.75,6064.25,6062.75,6063.75,1135
2025-01-06 12:10:00,6063.75,6065.0,6063.5,6064.0,1304
2025-01-06 12:11:00,6064.0,6064.0,6062.0,6062.25,1705
2025-01-06 12:12:00,6062.5,6062.75,6061.25,6061.75,1204
2025-01-06 12:13:00,6061.75,6062.25,6061.0,6061.75,1056
2025-01-06 12:14:00,6061.75,6061.75,6060.5,6061.25,1011
2025-01-06 12:15:00,6061.0,6061.75,6058.5,6059.75,2585
2025-01-06 12:16:00,6060.0,6060.5,6058.25,6058.5,1626
2025-01-06 12:17:00,6058.75,6061.75,6058.25,6061.75,1693
2025-01-06 12:18:00,6061.75,6061.75,6060.25,6060.75,1585
2025-01-06 12:19:00,6060.75,6061.25,6058.75,6059.25,1548
2025-01-06 12:20:00,6059.0,6059.0,6057.0,6058.75,2497
2025-01-06 12:21:00,6058.75,6059.5,6057.0,6057.5,1903
2025-01-06 12:22:00,6057.5,6059.25,6056.75,6059.25,1712
2025-01-06 12:23:00,6059.25,6059.5,6057.5,6058.5,1643
2025-01-06 12:24:00,6058.25,6059.25,6057.75,6058.75,940
2025-01-06 12:25:00,6058.5,6058.5,6057.0,6057.5,1152
2025-01-06 12:26:00,6057.25,6058.0,6056.25,6057.75,1378
2025-01-06 12:27:00,6057.75,6058.25,6056.75,6057.5,1145
2025-01-06 12:28:00,6057.25,6058.25,6056.5,6057.0,1074
2025-01-06 12:29:00,6056.75,6057.0,6054.0,6056.0,3449
2025-01-06 12:30:00,6056.0,6057.0,6054.75,6056.0,1751
2025-01-06 12:31:00,6056.0,6057.25,6054.25,6055.25,1896
2025-01-06 12:32:00,6055.0,6056.25,6054.5,6054.75,1743
2025-01-06 12:33:00,6054.5,6056.0,6053.25,6054.0,2380
2025-01-06 12:34:00,6054.0,6057.5,6053.75,6057.25,1805
2025-01-06 12:35:00,6057.0,6057.5,6056.0,6056.25,1754
2025-01-06 12:36:00,6056.25,6057.75,6055.75,6056.0,1963
2025-01-06 12:37:00,6056.0,6056.75,6055.5,6056.5,1148
2025-01-06 12:38:00,6056.5,6056.5,6055.0,6055.5,1300
2025-01-06 12:39:00,6055.5,6057.0,6055.25,6056.25,1646
2025-01-06 12:40:00,6056.0,6056.0,6052.25,6053.0,2958
2025-01-06 12:41:00,6053.0,6053.75,6050.75,6051.5,2664
2025-01-06 12:42:00,6051.5,6052.25,6048.75,6049.5,3843
2025-01-06 12:43:00,6049.25,6050.75,6046.75,6047.5,3360
2025-01-06 12:44:00,6047.5,6051.0,6047.0,6050.5,2713
2025-01-06 12:45:00,6050.25,6051.25,6049.0,6049.75,2282
2025-01-06 12:46:00,6049.5,6049.75,6046.75,6049.0,2291
2025-01-06 12:47:00,6049.0,6050.25,6048.0,6050.25,1580
2025-01-06 12:48:00,6050.25,6051.25,6049.25,6050.5,2391
2025-01-06 12:49:00,6050.25,6050.75,6048.25,6048.75,1589
2025-01-06 12:50:00,6048.75,6050.25,6048.0,6048.75,1691
2025-01-06 12:51:00,6048.5,6049.0,6047.5,6048.0,1394
2025-01-06 12:52:00,6047.75,6048.0,6044.5,6046.0,3796
2025-01-06 12:53:00,6045.75,6047.5,6043.5,6046.5,3154
2025-01-06 12:54:00,6046.5,6047.75,6046.0,6046.75,1828
2025-01-06 12:55:00,6046.5,6050.75,6046.5,6048.25,3801
2025-01-06 12:56:00,6048.25,6048.5,6044.75,6045.25,3090
2025-01-06 12:57:00,6045.0,6045.25,6043.75,6044.25,2212
2025-01-06 12:58:00,6044.0,6046.75,6044.0,6046.5,1768
2025-01-06 12:59:00,6046.5,6048.0,6046.5,6047.25,1796
2025-01-06 13:00:00,6047.5,6048.5,6046.75,6047.25,1729
2025-01-06 13:01:00,6047.25,6047.75,6044.25,6044.25,2284
2025-01-06 13:02:00,6044.25,6044.75,6039.0,6039.25,5770
2025-01-06 13:03:00,6039.25,6042.25,6035.5,6041.0,8899
2025-01-06 13:04:00,6041.25,6043.5,6039.5,6041.75,3807
2025-01-06 13:05:00,6041.75,6043.75,6041.5,6043.0,4187
2025-01-06 13:06:00,6043.0,6044.0,6041.5,6041.75,2235
2025-01-06 13:07:00,6042.0,6044.25,6041.75,6042.25,2365
2025-01-06 13:08:00,6042.5,6042.5,6039.75,6040.75,2381
2025-01-06 13:09:00,6040.75,6041.5,6039.0,6039.25,2100
2025-01-06 13:10:00,6039.25,6043.25,6039.25,6041.5,2098
2025-01-06 13:11:00,6041.5,6043.0,6039.75,6042.25,2202
2025-01-06 13:12:00,6042.25,6042.5,6040.25,6041.0,1720
2025-01-06 13:13:00,6041.0,6042.0,6040.0,6041.5,1591
2025-01-06 13:14:00,6041.25,6042.75,6041.0,6042.0,1512
2025-01-06 13:15:00,6042.0,6043.25,6041.5,6042.5,1577
2025-01-06 13:16:00,6042.75,6043.25,6039.75,6040.25,2471
2025-01-06 13:17:00,6040.0,6041.0,6038.75,6039.5,2011
2025-01-06 13:18:00,6039.5,6040.0,6037.75,6039.25,2416
2025-01-06 13:19:00,6039.25,6041.75,6038.75,6040.25,1790
2025-01-06 13:20:00,6040.25,6041.25,6039.5,6040.5,1473
2025-01-06 13:21:00,6040.75,6042.0,6039.75,6041.25,1544
2025-01-06 13:22:00,6041.0,6041.25,6039.0,6040.25,1850
2025-01-06 13:23:00,6040.25,6044.75,6040.25,6043.5,3330
2025-01-06 13:24:00,6043.5,6045.25,6043.5,6044.5,2424
2025-01-06 13:25:00,6044.25,6044.75,6041.25,6041.75,2665
2025-01-06 13:26:00,6042.0,6043.5,6041.5,6043.25,1777
2025-01-06 13:27:00,6043.0,6043.5,6041.75,6042.5,1308
2025-01-06 13:28:00,6042.75,6044.0,6042.75,6043.5,1814
2025-01-06 13:29:00,6043.5,6044.0,6041.25,6041.75,1606
2025-01-06 13:30:00,6041.5,6043.5,6041.25,6043.25,1348
2025-01-06 13:31:00,6043.5,6044.0,6042.5,6043.0,1579
2025-01-06 13:32:00,6043.0,6043.75,6041.75,6042.25,2180
2025-01-06 13:33:00,6042.25,6042.5,6037.25,6037.5,3890
2025-01-06 13:34:00,6037.25,6040.25,6036.75,6040.25,2201
2025-01-06 13:35:00,6040.25,6040.5,6037.5,6039.0,1622
2025-01-06 13:36:00,6038.75,6040.25,6038.5,6039.25,1456
2025-01-06 13:37:00,6039.25,6041.25,6038.75,6040.25,1918
2025-01-06 13:38:00,6040.0,6040.5,6037.0,6037.5,2055
2025-01-06 13:39:00,6037.5,6038.0,6035.5,6037.5,3069
2025-01-06 13:40:00,6037.5,6039.0,6036.75,6038.5,2056
2025-01-06 13:41:00,6038.5,6039.25,6037.25,6038.5,1523
2025-01-06 13:42:00,6038.5,6039.0,6036.75,6037.0,1458
2025-01-06 13:43:00,6037.0,6037.25,6032.25,6035.25,5738
2025-01-06 13:44:00,6035.25,6036.5,6035.25,6036.0,1900
2025-01-06 13:45:00,6036.25,6037.5,6033.75,6034.25,2355
2025-01-06 13:46:00,6034.25,6035.0,6025.25,6027.75,9558
2025-01-06 13:47:00,6028.0,6031.75,6027.25,6031.25,4786
2025-01-06 13:48:00,6031.5,6032.5,6028.25,6030.5,3553
2025-01-06 13:49:00,6030.75,6032.25,6028.25,6028.25,2561
2025-01-06 13:50:00,6028.25,6028.25,6025.75,6026.5,3779
2025-01-06 13:51:00,6026.5,6028.75,6026.5,6027.75,3090
2025-01-06 13:52:00,6027.75,6031.75,6026.75,6031.25,3589
2025-01-06 13:53:00,6031.0,6032.0,6030.25,6031.25,1948
2025-01-06 13:54:00,6031.25,6033.5,6031.25,6031.75,3066
2025-01-06 13:55:00,6031.75,6032.0,6030.5,6031.5,1782
2025-01-06 13:56:00,6031.5,6032.5,6029.5,6030.5,2010
2025-01-06 13:57:00,6030.75,6033.25,6030.75,6032.25,1597
2025-01-06 13:58:00,6032.5,6032.75,6030.5,6030.5,1400
2025-01-06 13:59:00,6030.5,6030.75,6028.75,6029.25,2600
2025-01-06 14:00:00,6029.25,6029.75,6025.0,6026.0,3707
2025-01-06 14:01:00,6026.0,6027.5,6021.25,6022.5,8424
2025-01-06 14:02:00,6022.5,6023.5,6018.0,6018.25,6742
2025-01-06 14:03:00,6018.5,6023.75,6018.0,6020.5,6093
2025-01-06 14:04:00,6020.5,6021.75,6019.25,6020.25,3082
2025-01-06 14:05:00,6020.25,6021.75,6018.0,6018.25,3530
2025-01-06 14:06:00,6018.5,6025.25,6018.25,6024.5,4504
2025-01-06 14:07:00,6024.25,6024.75,6020.5,6021.75,2611
2025-01-06 14:08:00,6021.5,6023.75,6021.5,6023.0,1788
2025-01-06 14:09:00,6023.0,6024.5,6022.75,6023.0,1952
2025-01-06 14:10:00,6023.0,6024.0,6022.25,6022.5,1719
2025-01-06 14:11:00,6022.5,6022.75,6018.5,6020.0,3773
2025-01-06 14:12:00,6020.25,6023.0,6020.25,6022.75,2315
2025-01-06 14:13:00,6022.5,6025.0,6021.75,6025.0,2107
2025-01-06 14:14:00,6025.0,6025.0,6021.5,6023.25,3013
2025-01-06 14:15:00,6023.0,6025.25,6022.25,6024.5,1700
2025-01-06 14:16:00,6024.25,6024.5,6022.75,6023.0,2141
2025-01-06 14:17:00,6023.0,6026.5,6023.0,6025.25,2280
2025-01-06 14:18:00,6025.5,6026.5,6024.75,6025.0,2840
2025-01-06 14:19:00,6025.25,6027.75,6025.25,6027.0,3065
2025-01-06 14:20:00,6027.0,6027.25,6024.0,6024.0,3139
2025-01-06 14:21:00,6024.0,6026.25,6023.5,6024.5,3192
2025-01-06 14:22:00,6024.25,6025.25,6023.5,6024.25,1878
2025-01-06 14:23:00,6024.5,6026.5,6024.25,6025.0,2751
2025-01-06 14:24:00,6025.0,6026.0,6023.5,6025.5,2611
2025-01-06 14:25:00,6025.75,6026.25,6024.75,6024.75,1691
2025-01-06 14:26:00,6024.75,6025.25,6022.5,6024.75,2027
2025-01-06 14:27:00,6025.0,6026.75,6024.0,6024.25,1767
2025-01-06 14:28:00,6024.25,6026.25,6024.25,6025.25,1472
2025-01-06 14:29:00,6025.25,6025.75,6023.75,6024.75,1547
2025-01-06 14:30:00,6025.0,6025.0,6022.25,6022.5,1980
2025-01-06 14:31:00,6022.5,6025.0,6019.75,6024.25,5253
2025-01-06 14:32:00,6024.25,6024.25,6021.75,6022.25,2160
2025-01-06 14:33:00,6022.25,6024.75,6021.0,6021.0,2241
2025-01-06 14:34:00,6021.0,6023.25,6020.75,6021.25,2192
2025-01-06 14:35:00,6021.25,6022.75,6020.75,6021.75,2011
2025-01-06 14:36:00,6021.5,6022.5,6020.5,6020.5,1501
2025-01-06 14:37:00,6020.5,6022.0,6018.5,6021.75,3391
2025-01-06 14:38:00,6021.5,6022.5,6020.25,6020.75,1702
2025-01-06 14:39:00,6020.75,6021.75,6020.25,6021.5,1583
2025-01-06 14:40:00,6021.25,6021.5,6019.5,6020.25,2159
2025-01-06 14:41:00,6020.0,6021.5,6019.75,6020.0,2116
2025-01-06 14:42:00,6019.75,6021.75,6019.0,6020.5,1845
2025-01-06 14:43:00,6020.75,6021.5,6018.75,6018.75,1725
2025-01-06 14:44:00,6019.0,6020.75,6017.25,6020.0,2881
2025-01-06 14:45:00,6020.0,6022.0,6020.0,6021.5,1667
2025-01-06 14:46:00,6021.5,6022.75,6019.25,6019.75,2495
2025-01-06 14:47:00,6019.75,6021.25,6018.75,6021.0,1713
2025-01-06 14:48:00,6021.0,6023.0,6020.75,6022.0,1804
2025-01-06 14:49:00,6022.0,6024.75,6021.25,6023.75,2255
2025-01-06 14:50:00,6023.75,6024.75,6023.0,6023.25,1858
2025-01-06 14:51:00,6023.25,6023.5,6020.75,6020.75,2019
2025-01-06 14:52:00,6020.75,6021.75,6019.25,6019.5,1805
2025-01-06 14:53:00,6019.75,6020.5,6017.5,6019.5,2037
2025-01-06 14:54:00,6019.75,6021.0,6019.25,6020.0,1452
2025-01-06 14:55:00,6020.0,6020.75,6019.75,6019.75,975
2025-01-06 14:56:00,6020.0,6020.75,6019.0,6019.25,1282
2025-01-06 14:57:00,6019.25,6020.0,6017.5,6018.0,1452
2025-01-06 14:58:00,6018.25,6018.5,6012.0,6013.5,8548
2025-01-06 14:59:00,6013.5,6014.0,6011.25,6013.25,4164
2025-01-06 15:00:00,6013.25,6015.5,6011.75,6011.75,3590
2025-01-06 15:01:00,6011.5,6012.0,6009.0,6010.5,5983
2025-01-06 15:02:00,6010.5,6014.25,6010.5,6010.75,4180
2025-01-06 15:03:00,6011.0,6013.5,6010.25,6013.25,1902
2025-01-06 15:04:00,6013.25,6016.25,6012.25,6016.0,2928
2025-01-06 15:05:00,6016.0,6017.5,6015.25,6016.0,2417
2025-01-06 15:06:00,6016.0,6017.25,6015.25,6015.75,2220
2025-01-06 15:07:00,6015.75,6017.25,6014.0,6014.5,3066
2025-01-06 15:08:00,6014.75,6015.5,6012.75,6014.0,2836
2025-01-06 15:09:00,6014.0,6014.5,6012.0,6014.5,1777
2025-01-06 15:10:00,6014.5,6015.75,6014.25,6014.25,1667
2025-01-06 15:11:00,6014.25,6014.75,6013.0,6013.75,1704
2025-01-06 15:12:00,6013.75,6015.25,6013.25,6014.75,1661
2025-01-06 15:13:00,6014.5,6015.0,6012.0,6014.5,2123
2025-01-06 15:14:00,6014.5,6017.0,6014.0,6015.75,3338
2025-01-06 15:15:00,6016.0,6016.0,6013.5,6013.75,1312
2025-01-06 15:16:00,6013.75,6014.0,6012.25,6012.75,1917
2025-01-06 15:17:00,6012.75,6015.25,6012.75,6014.0,1550
2025-01-06 15:18:00,6014.0,6015.25,6013.0,6014.5,1469
2025-01-06 15:19:00,6014.75,6015.0,6012.5,6013.0,1263
2025-01-06 15:20:00,6013.0,6015.0,6011.5,6014.25,2388
2025-01-06 15:21:00,6014.25,6014.25,6011.75,6011.75,1743
2025-01-06 15:22:00,6012.0,6014.75,6011.25,6013.75,1827
2025-01-06 15:23:00,6013.75,6016.5,6013.5,6016.25,2202
2025-01-06 15:24:00,6016.25,6018.25,6016.0,6017.75,3223
2025-01-06 15:25:00,6017.75,6021.5,6017.75,6020.5,4262
2025-01-06 15:26:00,6020.5,6020.75,6018.25,6019.5,2192
2025-01-06 15:27:00,6019.25,6019.75,6017.5,6019.25,1615
2025-01-06 15:28:00,6019.0,6020.25,6018.0,6019.75,1497
2025-01-06 15:29:00,6019.5,6019.5,6018.0,6018.5,1575
2025-01-06 15:30:00,6018.75,6019.75,6017.75,6019.25,1112
2025-01-06 15:31:00,6019.25,6023.5,6018.75,6023.0,4394
2025-01-06 15:32:00,6023.25,6023.5,6019.5,6019.75,3083
2025-01-06 15:33:00,6019.5,6021.25,6019.25,6020.75,1663
2025-01-06 15:34:00,6021.0,6021.0,6019.75,6020.0,1232
2025-01-06 15:35:00,6019.75,6019.75,6018.25,6019.5,1814
2025-01-06 15:36:00,6019.25,6021.75,6018.5,6021.5,1744
2025-01-06 15:37:00,6021.25,6023.0,6021.0,6022.5,2187
2025-01-06 15:38:00,6022.5,6022.5,6019.25,6019.25,2302
2025-01-06 15:39:00,6019.5,6020.25,6016.5,6017.0,3803
2025-01-06 15:40:00,6017.0,6018.75,6015.75,6016.25,3640
2025-01-06 15:41:00,6016.25,6018.25,6014.25,6017.25,3321
2025-01-06 15:42:00,6017.5,6018.25,6016.25,6017.5,1729
2025-01-06 15:43:00,6017.25,6017.5,6015.75,6016.5,1633
2025-01-06 15:44:00,6016.75,6017.25,6013.5,6014.25,3140
2025-01-06 15:45:00,6014.25,6015.5,6014.0,6014.75,2354
2025-01-06 15:46:00,6014.75,6015.5,6011.75,6012.5,3997
2025-01-06 15:47:00,6012.5,6014.0,6012.0,6013.5,2812
2025-01-06 15:48:00,6013.25,6013.75,6009.25,6010.25,3825
2025-01-06 15:49:00,6010.0,6011.0,6007.0,6009.5,4248
2025-01-06 15:50:00,6009.25,6009.25,6004.75,6005.25,5562
2025-01-06 15:51:00,6005.0,6015.25,6004.0,6015.0,8225
2025-01-06 15:52:00,6014.75,6016.0,6014.0,6015.25,4170
2025-01-06 15:53:00,6015.25,6016.5,6013.75,6016.0,3063
2025-01-06 15:54:00,6016.0,6018.25,6014.25,6015.25,3933
2025-01-06 15:55:00,6015.5,6018.0,6011.5,6015.75,8504
2025-01-06 15:56:00,6015.5,6019.5,6015.25,6018.0,6931
2025-01-06 15:57:00,6018.0,6019.25,6017.0,6017.75,4422
2025-01-06 15:58:00,6018.0,6018.25,6013.25,6014.25,6749
2025-01-06 15:59:00,6014.25,6016.5,6013.0,6016.5,7225
2025-01-06 16:00:00,6016.25,6023.75,6015.25,6023.0,57937
2025-01-06 16:01:00,6022.75,6026.5,6022.0,6025.5,19761
2025-01-06 16:02:00,6025.25,6025.75,6024.25,6024.5,3512
2025-01-06 16:03:00,6024.5,6024.75,6023.5,6024.0,2317
2025-01-06 16:04:00,6024.0,6025.75,6023.5,6025.0,1971
2025-01-06 16:05:00,6025.0,6025.0,6023.5,6024.25,1380
2025-01-06 16:06:00,6024.0,6026.75,6024.0,6026.5,1929
2025-01-06 16:07:00,6026.5,6028.0,6026.5,6027.0,1806
2025-01-06 16:08:00,6026.75,6027.0,6025.75,6026.75,1579
2025-01-06 16:09:00,6026.5,6027.5,6025.0,6027.5,1147
2025-01-06 16:10:00,6027.25,6028.5,6026.75,6027.25,1539
2025-01-06 16:11:00,6027.25,6027.25,6025.25,6026.5,1699
2025-01-06 16:12:00,6026.25,6027.25,6025.75,6027.0,544
2025-01-06 16:13:00,6027.0,6027.25,6025.25,6025.5,844
2025-01-06 16:14:00,6025.75,6027.0,6024.5,6027.0,1782
2025-01-06 16:15:00,6027.0,6027.25,6026.0,6027.0,1162
2025-01-06 16:16:00,6027.0,6027.25,6026.25,6026.25,732
2025-01-06 16:17:00,6026.25,6026.5,6025.5,6025.5,548
2025-01-06 16:18:00,6025.75,6026.75,6025.75,6026.5,310
2025-01-06 16:19:00,6026.5,6026.75,6026.0,6026.25,278
2025-01-06 16:20:00,6026.25,6026.5,6025.75,6026.5,179
2025-01-06 16:21:00,6026.5,6026.75,6026.0,6026.5,240
2025-01-06 16:22:00,6026.5,6026.5,6026.25,6026.5,48
2025-01-06 16:23:00,6026.5,6026.5,6025.5,6025.75,353
2025-01-06 16:24:00,6025.75,6026.5,6025.75,6026.5,277
2025-01-06 16:25:00,6026.25,6026.75,6026.0,6026.25,346
2025-01-06 16:26:00,6026.0,6026.0,6025.5,6025.75,219
2025-01-06 16:27:00,6026.0,6026.25,6025.25,6025.5,284
2025-01-06 16:28:00,6025.75,6026.25,6025.5,6026.25,207
2025-01-06 16:29:00,6026.0,6026.0,6025.5,6025.75,453
2025-01-06 16:30:00,6025.75,6026.0,6025.5,6025.75,128
2025-01-06 16:31:00,6025.75,6026.5,6025.75,6026.25,319
2025-01-06 16:32:00,6026.25,6026.25,6025.75,6025.75,365
2025-01-06 16:33:00,6025.75,6026.5,6025.75,6026.5,274
2025-01-06 16:34:00,6026.5,6027.0,6026.25,6026.5,391
2025-01-06 16:35:00,6026.5,6026.5,6026.25,6026.5,109
2025-01-06 16:36:00,6026.25,6026.5,6026.25,6026.5,130
2025-01-06 16:37:00,6026.25,6026.5,6025.75,6025.75,164
2025-01-06 16:38:00,6026.0,6026.0,6025.5,6025.5,90
2025-01-06 16:39:00,6025.75,6026.0,6025.5,6025.75,220
2025-01-06 16:40:00,6025.5,6026.0,6025.25,6025.75,199
2025-01-06 16:41:00,6026.0,6026.0,6025.5,6025.75,175
2025-01-06 16:42:00,6025.75,6025.75,6025.5,6025.5,61
2025-01-06 16:43:00,6025.5,6026.0,6025.5,6025.75,108
2025-01-06 16:44:00,6025.75,6026.0,6025.5,6025.5,114
2025-01-06 16:45:00,6025.5,6026.0,6025.5,6026.0,139
2025-01-06 16:46:00,6025.75,6026.0,6025.25,6026.0,307
2025-01-06 16:47:00,6026.25,6026.5,6026.25,6026.25,158
2025-01-06 16:48:00,6026.5,6027.5,6026.25,6027.5,373
2025-01-06 16:49:00,6027.5,6028.0,6027.5,6027.5,353
2025-01-06 16:50:00,6027.75,6028.0,6027.0,6028.0,1048
2025-01-06 16:51:00,6028.0,6028.0,6027.75,6027.75,177
2025-01-06 16:52:00,6028.0,6028.25,6028.0,6028.0,127
2025-01-06 16:53:00,6028.25,6028.5,6028.25,6028.25,96
2025-01-06 16:54:00,6028.5,6028.5,6027.75,6028.0,245
2025-01-06 16:55:00,6028.0,6028.25,6027.75,6028.0,363
2025-01-06 16:56:00,6028.0,6028.5,6028.0,6028.25,377
2025-01-06 16:57:00,6028.0,6028.25,6027.25,6027.5,500
2025-01-06 16:58:00,6027.5,6027.75,6027.25,6027.5,218
2025-01-06 16:59:00,6027.5,6027.75,6027.0,6027.25,206
2025-01-06 17:00:00,6027.25,6028.5,6027.0,6028.25,665
2025-01-06 18:00:00,6028.0,6028.5,6028.0,6028.5,38
2025-01-06 18:01:00,6028.5,6029.5,6027.5,6029.0,423
2025-01-06 18:02:00,6029.0,6031.75,6028.75,6031.5,571
2025-01-06 18:03:00,6031.5,6031.75,6031.0,6031.75,139
2025-01-06 18:04:00,6031.75,6031.75,6031.25,6031.5,109
2025-01-06 18:05:00,6031.5,6031.75,6031.0,6031.75,110
2025-01-06 18:06:00,6031.25,6031.75,6030.25,6030.25,157
2025-01-06 18:07:00,6030.5,6030.5,6029.75,6030.0,105
2025-01-06 18:08:00,6030.0,6030.5,6030.0,6030.5,63
2025-01-06 18:09:00,6030.25,6030.25,6029.5,6029.5,35
2025-01-06 18:10:00,6029.75,6029.75,6029.0,6029.5,60
2025-01-06 18:11:00,6029.5,6030.0,6029.5,6030.0,58
2025-01-06 18:12:00,6030.0,6030.5,6029.75,6030.0,47
2025-01-06 18:13:00,6030.25,6030.25,6029.75,6030.0,16
2025-01-06 18:14:00,6029.75,6030.25,6029.75,6030.0,38
2025-01-06 18:15:00,6030.0,6030.0,6029.5,6029.75,27
2025-01-06 18:16:00,6029.5,6029.5,6029.25,6029.25,43
2025-01-06 18:17:00,6029.25,6029.5,6028.75,6029.0,64
2025-01-06 18:18:00,6029.0,6029.0,6028.25,6028.25,83
2025-01-06 18:19:00,6028.25,6028.5,6028.25,6028.5,52
2025-01-06 18:20:00,6028.5,6028.75,6028.0,6028.0,23
2025-01-06 18:21:00,6028.0,6028.0,6026.25,6027.75,237
2025-01-06 18:22:00,6027.75,6028.0,6026.25,6027.0,221
2025-01-06 18:23:00,6027.0,6027.5,6026.75,6027.5,110
2025-01-06 18:24:00,6027.5,6027.75,6027.25,6027.5,88
2025-01-06 18:25:00,6027.5,6027.75,6027.25,6027.25,42
2025-01-06 18:26:00,6027.5,6028.0,6027.25,6028.0,34
2025-01-06 18:27:00,6027.75,6028.5,6027.75,6028.25,66
2025-01-06 18:28:00,6028.25,6028.5,6028.0,6028.25,24
2025-01-06 18:29:00,6028.5,6028.5,6027.75,6027.75,57
2025-01-06 18:30:00,6027.5,6027.75,6026.5,6026.75,89
2025-01-06 18:31:00,6026.75,6027.75,6026.5,6027.75,102
2025-01-06 18:32:00,6027.75,6027.75,6027.25,6027.5,22
2025-01-06 18:33:00,6027.5,6027.75,6027.25,6027.5,20
2025-01-06 18:34:00,6027.25,6027.75,6027.0,6027.25,32
2025-01-06 18:35:00,6027.25,6027.25,6026.5,6027.25,44
2025-01-06 18:36:00,6027.25,6027.25,6027.0,6027.0,16
2025-01-06 18:37:00,6027.25,6027.5,6026.25,6026.25,78
2025-01-06 18:38:00,6026.5,6026.5,6025.75,6026.25,200
2025-01-06 18:39:00,6026.25,6027.0,6026.0,6026.75,139
2025-01-06 18:40:00,6026.75,6026.75,6026.25,6026.75,122
2025-01-06 18:41:00,6026.75,6027.0,6026.75,6026.75,26
2025-01-06 18:42:00,6026.75,6027.25,6026.75,6027.25,235
2025-01-06 18:43:00,6027.25,6027.75,6027.0,6027.5,109
2025-01-06 18:44:00,6027.25,6028.0,6027.25,6028.0,78
2025-01-06 18:45:00,6027.75,6028.0,6027.5,6027.5,40
2025-01-06 18:46:00,6027.5,6027.5,6026.25,6027.25,165
2025-01-06 18:47:00,6027.25,6028.0,6027.25,6027.75,268
2025-01-06 18:48:00,6027.5,6029.0,6027.5,6028.25,113
2025-01-06 18:49:00,6028.0,6028.25,6027.25,6027.25,75
2025-01-06 18:50:00,6027.25,6027.5,6027.0,6027.25,44
2025-01-06 18:51:00,6027.5,6028.25,6027.5,6028.25,181
2025-01-06 18:52:00,6028.0,6028.0,6026.75,6027.0,62
2025-01-06 18:53:00,6027.0,6027.0,6026.75,6027.0,50
2025-01-06 18:54:00,6026.75,6027.25,6026.75,6027.25,65
2025-01-06 18:55:00,6027.25,6027.25,6026.75,6027.0,104
2025-01-06 18:56:00,6026.75,6027.25,6026.75,6027.25,58
2025-01-06 18:57:00,6027.0,6027.5,6026.0,6026.0,166
2025-01-06 18:58:00,6026.25,6026.25,6025.5,6025.75,149
2025-01-06 18:59:00,6025.75,6026.25,6025.0,6025.5,247
2025-01-06 19:00:00,6025.75,6026.25,6025.25,6025.5,77
2025-01-06 19:01:00,6025.5,6026.25,6025.25,6025.75,312
2025-01-06 19:02:00,6025.75,6026.25,6025.75,6026.0,124
2025-01-06 19:03:00,6026.0,6026.0,6025.25,6025.5,74
2025-01-06 19:04:00,6025.25,6025.25,6024.5,6024.75,195
2025-01-06 19:05:00,6024.75,6025.0,6024.25,6024.5,191
2025-01-06 19:06:00,6024.25,6024.75,6023.25,6024.75,247
2025-01-06 19:07:00,6024.75,6025.0,6024.25,6024.75,105
2025-01-06 19:08:00,6024.75,6025.0,6024.25,6024.75,50
2025-01-06 19:09:00,6024.5,6024.5,6024.0,6024.25,58
2025-01-06 19:10:00,6024.25,6024.5,6024.0,6024.5,89
2025-01-06 19:11:00,6024.75,6025.5,6024.75,6025.25,147
2025-01-06 19:12:00,6025.5,6026.0,6025.25,6025.25,103
2025-01-06 19:13:00,6025.5,6025.5,6025.25,6025.5,54
2025-01-06 19:14:00,6025.75,6026.0,6025.5,6025.75,62
2025-01-06 19:15:00,6026.0,6026.0,6025.5,6025.5,23
2025-01-06 19:16:00,6025.5,6027.0,6025.5,6026.0,147
2025-01-06 19:17:00,6026.25,6026.5,6025.25,6025.5,194
2025-01-06 19:18:00,6025.0,6025.0,6024.75,6025.0,190
2025-01-06 19:19:00,6025.0,6025.0,6024.5,6024.75,79
2025-01-06 19:20:00,6025.0,6025.0,6024.75,6024.75,55
2025-01-06 19:21:00,6024.75,6024.75,6024.25,6024.75,70
2025-01-06 19:22:00,6024.5,6024.5,6024.25,6024.5,35
2025-01-06 19:23:00,6024.5,6025.0,6024.5,6024.75,47
2025-01-06 19:24:00,6024.75,6025.25,6024.75,6025.0,79
2025-01-06 19:25:00,6025.25,6025.25,6024.75,6025.25,47
2025-01-06 19:26:00,6025.5,6025.5,6025.0,6025.0,45
2025-01-06 19:27:00,6025.0,6025.0,6024.25,6024.5,52
2025-01-06 19:28:00,6024.75,6025.0,6024.75,6025.0,37
2025-01-06 19:29:00,6025.0,6025.25,6024.25,6024.5,92
2025-01-06 19:30:00,6024.5,6024.5,6024.0,6024.25,42
2025-01-06 19:31:00,6024.25,6024.75,6024.0,6024.5,73
2025-01-06 19:32:00,6024.5,6024.75,6024.25,6024.25,25
2025-01-06 19:33:00,6024.5,6026.0,6024.5,6025.75,113
2025-01-06 19:34:00,6025.75,6026.25,6025.5,6026.25,139
2025-01-06 19:35:00,6026.25,6026.25,6026.25,6026.25,9
2025-01-06 19:36:00,6026.25,6027.0,6026.25,6026.75,172
2025-01-06 19:37:00,6026.75,6027.0,6026.5,6026.75,30
2025-01-06 19:38:00,6026.5,6026.5,6026.25,6026.5,58
2025-01-06 19:39:00,6026.5,6027.25,6026.5,6027.25,99
2025-01-06 19:40:00,6027.0,6027.25,6026.0,6026.25,71
2025-01-06 19:41:00,6026.25,6026.5,6026.0,6026.5,107
2025-01-06 19:42:00,6026.5,6026.75,6026.5,6026.5,104
2025-01-06 19:43:00,6026.75,6026.75,6026.25,6026.5,39
2025-01-06 19:44:00,6026.25,6026.75,6026.25,6026.25,66
2025-01-06 19:45:00,6026.25,6026.75,6026.25,6026.5,71
2025-01-06 19:46:00,6026.75,6026.75,6025.5,6025.75,97
2025-01-06 19:47:00,6025.75,6026.5,6025.5,6026.5,88
2025-01-06 19:48:00,6026.25,6026.25,6026.0,6026.25,35
2025-01-06 19:49:00,6026.5,6026.5,6026.0,6026.0,37
2025-01-06 19:50:00,6026.25,6026.25,6025.75,6025.75,63
2025-01-06 19:51:00,6025.75,6026.0,6025.75,6026.0,28
2025-01-06 19:52:00,6026.0,6026.0,6025.75,6026.0,30
2025-01-06 19:53:00,6026.0,6026.0,6025.75,6026.0,20
2025-01-06 19:54:00,6026.0,6026.0,6025.5,6026.0,45
2025-01-06 19:55:00,6025.75,6026.0,6024.5,6024.5,152
2025-01-06 19:56:00,6024.5,6024.5,6021.25,6022.25,606
2025-01-06 19:57:00,6022.5,6023.0,6022.25,6023.0,152
2025-01-06 19:58:00,6022.75,6023.5,6022.75,6023.25,89
2025-01-06 19:59:00,6023.5,6024.0,6022.75,6023.5,131
2025-01-06 20:00:00,6023.5,6023.75,6023.25,6023.5,82
2025-01-06 20:01:00,6023.25,6024.25,6022.75,6024.0,146
2025-01-06 20:02:00,6024.0,6024.25,6022.75,6022.75,117
2025-01-06 20:03:00,6022.75,6022.75,6022.25,6022.25,66
2025-01-06 20:04:00,6022.25,6022.25,6020.5,6020.75,248
2025-01-06 20:05:00,6020.75,6021.75,6020.75,6021.75,117
2025-01-06 20:06:00,6021.75,6022.25,6021.25,6022.0,123
2025-01-06 20:07:00,6021.75,6022.0,6021.25,6021.25,103
2025-01-06 20:08:00,6021.5,6022.5,6021.5,6022.25,110
2025-01-06 20:09:00,6022.5,6022.5,6021.5,6021.75,54
2025-01-06 20:10:00,6021.75,6022.25,6021.5,6022.0,64
2025-01-06 20:11:00,6021.75,6022.5,6021.75,6021.75,67
2025-01-06 20:12:00,6022.0,6022.75,6022.0,6022.75,80
2025-01-06 20:13:00,6022.75,6023.0,6022.25,6022.25,79
2025-01-06 20:14:00,6022.25,6022.5,6022.0,6022.25,68
2025-01-06 20:15:00,6022.25,6022.5,6022.0,6022.0,58
2025-01-06 20:16:00,6022.0,6022.25,6021.75,6022.0,85
2025-01-06 20:17:00,6022.0,6022.25,6021.75,6022.0,85
2025-01-06 20:18:00,6022.0,6022.0,6021.25,6021.5,68
2025-01-06 20:19:00,6021.25,6021.25,6020.0,6020.25,257
2025-01-06 20:20:00,6020.25,6020.5,6019.25,6020.5,323
2025-01-06 20:21:00,6020.5,6020.75,6019.75,6020.0,130
2025-01-06 20:22:00,6020.25,6020.75,6020.0,6020.5,70
2025-01-06 20:23:00,6020.5,6021.25,6020.25,6021.25,77
2025-01-06 20:24:00,6021.25,6021.25,6020.0,6020.5,75
2025-01-06 20:25:00,6020.5,6020.75,6020.5,6020.75,21
2025-01-06 20:26:00,6020.5,6020.75,6020.25,6020.5,57
2025-01-06 20:27:00,6020.5,6021.5,6020.25,6021.0,66
2025-01-06 20:28:00,6021.0,6021.25,6020.75,6020.75,71
2025-01-06 20:29:00,6020.75,6020.75,6019.5,6019.5,124
2025-01-06 20:30:00,6019.75,6020.0,6019.25,6019.75,126
2025-01-06 20:31:00,6019.75,6019.75,6019.25,6019.75,90
2025-01-06 20:32:00,6019.75,6020.0,6019.25,6020.0,242
2025-01-06 20:33:00,6019.75,6020.0,6019.25,6019.5,157
2025-01-06 20:34:00,6019.5,6020.5,6019.25,6020.25,240
2025-01-06 20:35:00,6020.5,6020.75,6019.75,6019.75,91
2025-01-06 20:36:00,6019.75,6019.75,6019.5,6019.75,40
2025-01-06 20:37:00,6020.0,6020.0,6019.75,6019.75,53
2025-01-06 20:38:00,6020.0,6020.0,6019.5,6020.0,55
2025-01-06 20:39:00,6020.0,6020.25,6019.75,6020.25,97
2025-01-06 20:40:00,6020.25,6020.75,6020.0,6020.5,62
2025-01-06 20:41:00,6020.5,6020.75,6020.25,6020.75,48
2025-01-06 20:42:00,6020.5,6020.75,6020.0,6020.0,82
2025-01-06 20:43:00,6020.25,6020.5,6020.0,6020.5,43
2025-01-06 20:44:00,6020.5,6021.0,6020.5,6020.75,94
2025-01-06 20:45:00,6021.0,6021.0,6020.0,6020.5,110
2025-01-06 20:46:00,6020.5,6021.0,6020.25,6020.75,121
2025-01-06 20:47:00,6020.75,6021.25,6020.75,6021.25,61
2025-01-06 20:48:00,6021.25,6021.75,6021.25,6021.75,108
2025-01-06 20:49:00,6021.5,6022.0,6021.5,6021.75,86
2025-01-06 20:50:00,6021.75,6021.75,6021.25,6021.5,49
2025-01-06 20:51:00,6021.5,6022.0,6021.5,6021.75,146
2025-01-06 20:52:00,6021.75,6023.25,6021.75,6022.5,405
2025-01-06 20:53:00,6022.75,6023.0,6022.5,6022.5,104
2025-01-06 20:54:00,6022.5,6023.0,6022.5,6023.0,30
2025-01-06 20:55:00,6023.0,6023.0,6022.5,6022.75,38
2025-01-06 20:56:00,6022.75,6023.0,6022.5,6022.75,65
2025-01-06 20:57:00,6022.5,6022.5,6022.0,6022.5,80
2025-01-06 20:58:00,6022.5,6024.0,6022.5,6023.5,156
2025-01-06 20:59:00,6023.5,6023.5,6023.0,6023.0,48
2025-01-06 21:00:00,6023.0,6023.25,6023.0,6023.25,29
2025-01-06 21:01:00,6023.0,6024.0,6023.0,6023.75,110
2025-01-06 21:02:00,6023.75,6024.0,6023.5,6023.75,112
2025-01-06 21:03:00,6023.75,6024.0,6023.25,6023.5,87
2025-01-06 21:04:00,6023.75,6024.0,6023.5,6024.0,33
2025-01-06 21:05:00,6024.0,6024.25,6023.75,6024.0,109
2025-01-06 21:06:00,6023.75,6024.0,6023.5,6023.75,55
2025-01-06 21:07:00,6023.75,6023.75,6023.5,6023.75,21
2025-01-06 21:08:00,6023.75,6024.0,6023.75,6023.75,27
2025-01-06 21:09:00,6023.75,6024.5,6023.75,6024.0,35
2025-01-06 21:10:00,6024.25,6024.5,6024.0,6024.25,37
2025-01-06 21:11:00,6024.25,6024.5,6023.25,6023.25,146
2025-01-06 21:12:00,6023.25,6024.0,6023.25,6024.0,66
2025-01-06 21:13:00,6024.0,6024.0,6023.75,6024.0,14
2025-01-06 21:14:00,6024.0,6024.25,6023.75,6023.75,27
2025-01-06 21:15:00,6024.0,6024.0,6023.5,6023.75,30
2025-01-06 21:16:00,6023.75,6024.0,6023.0,6024.0,89
2025-01-06 21:17:00,6024.25,6024.75,6024.0,6024.5,121
2025-01-06 21:18:00,6024.25,6024.5,6024.0,6024.25,36
2025-01-06 21:19:00,6024.5,6024.5,6024.0,6024.5,72
2025-01-06 21:20:00,6024.5,6024.75,6024.5,6024.5,19
2025-01-06 21:21:00,6024.5,6025.0,6024.5,6024.75,79
2025-01-06 21:22:00,6025.0,6025.5,6025.0,6025.5,153
2025-01-06 21:23:00,6025.25,6026.5,6025.25,6026.0,204
2025-01-06 21:24:00,6026.0,6026.0,6025.5,6025.5,185
2025-01-06 21:25:00,6025.5,6025.5,6025.25,6025.5,36
2025-01-06 21:26:00,6025.25,6025.5,6024.5,6024.75,139
2025-01-06 21:27:00,6024.75,6024.75,6024.5,6024.5,68
2025-01-06 21:28:00,6024.5,6025.0,6024.5,6024.75,19
2025-01-06 21:29:00,6025.0,6025.5,6024.75,6025.25,69
2025-01-06 21:30:00,6025.25,6025.25,6024.75,6024.75,9
2025-01-06 21:31:00,6024.75,6025.0,6024.5,6024.75,37
2025-01-06 21:32:00,6024.75,6024.75,6023.75,6024.0,58
2025-01-06 21:33:00,6024.0,6024.0,6023.75,6024.0,45
2025-01-06 21:34:00,6024.0,6024.0,6023.75,6023.75,16
2025-01-06 21:35:00,6023.75,6024.0,6023.5,6024.0,15
2025-01-06 21:36:00,6023.75,6024.5,6023.75,6024.0,45
2025-01-06 21:37:00,6024.25,6024.25,6023.25,6023.75,69
2025-01-06 21:38:00,6023.5,6023.5,6023.0,6023.5,55
2025-01-06 21:39:00,6023.25,6023.25,6022.5,6022.5,82
2025-01-06 21:40:00,6022.5,6022.5,6022.0,6022.25,89
2025-01-06 21:41:00,6022.25,6022.5,6021.0,6021.25,118
2025-01-06 21:42:00,6021.5,6021.5,6020.75,6020.75,113
2025-01-06 21:43:00,6021.0,6021.0,6020.75,6021.0,110
2025-01-06 21:44:00,6021.0,6021.0,6020.75,6021.0,43
2025-01-06 21:45:00,6021.0,6021.0,6020.0,6020.25,135
2025-01-06 21:46:00,6020.5,6020.75,6020.5,6020.5,42
2025-01-06 21:47:00,6020.75,6021.75,6020.5,6021.75,124
2025-01-06 21:48:00,6021.5,6021.5,6021.25,6021.25,19
2025-01-06 21:49:00,6021.25,6021.25,6020.5,6021.0,79
2025-01-06 21:50:00,6021.0,6021.0,6020.25,6020.5,63
2025-01-06 21:51:00,6020.5,6020.5,6017.5,6018.75,536
2025-01-06 21:52:00,6018.75,6019.0,6016.5,6016.75,290
2025-01-06 21:53:00,6016.75,6018.0,6016.5,6017.75,260
2025-01-06 21:54:00,6017.5,6017.75,6016.75,6017.0,115
2025-01-06 21:55:00,6017.0,6017.5,6016.75,6017.25,65
2025-01-06 21:56:00,6017.5,6018.25,6017.25,6017.5,93
2025-01-06 21:57:00,6017.75,6018.0,6017.5,6017.75,38
2025-01-06 21:58:00,6017.75,6018.5,6017.75,6018.25,66
2025-01-06 21:59:00,6018.25,6018.5,6018.0,6018.0,42
2025-01-06 22:00:00,6018.25,6018.25,6017.0,6017.0,43
2025-01-06 22:01:00,6017.25,6017.5,6014.0,6014.25,547
2025-01-06 22:02:00,6014.0,6015.75,6013.25,6015.25,211
2025-01-06 22:03:00,6015.25,6016.0,6015.0,6015.5,121
2025-01-06 22:04:00,6015.25,6016.75,6015.0,6016.25,273
2025-01-06 22:05:00,6016.25,6016.75,6016.25,6016.5,108
2025-01-06 22:06:00,6016.25,6016.25,6014.75,6015.5,130
2025-01-06 22:07:00,6015.5,6015.5,6014.25,6014.5,133
2025-01-06 22:08:00,6014.75,6015.0,6014.5,6015.0,58
2025-01-06 22:09:00,6014.75,6015.5,6014.5,6015.25,47
2025-01-06 22:10:00,6015.0,6015.75,6015.0,6015.5,98
2025-01-06 22:11:00,6015.25,6016.0,6015.0,6016.0,84
2025-01-06 22:12:00,6016.0,6017.25,6016.0,6017.25,158
2025-01-06 22:13:00,6017.5,6018.0,6017.5,6017.75,107
2025-01-06 22:14:00,6017.75,6017.75,6017.25,6017.5,56
2025-01-06 22:15:00,6017.5,6017.5,6017.0,6017.5,48
2025-01-06 22:16:00,6017.75,6017.75,6017.5,6017.5,53
2025-01-06 22:17:00,6017.5,6017.75,6017.0,6017.25,49
2025-01-06 22:18:00,6017.0,6017.25,6017.0,6017.0,23
2025-01-06 22:19:00,6017.25,6017.25,6016.75,6017.25,45
2025-01-06 22:20:00,6017.25,6018.0,6017.25,6017.75,55
2025-01-06 22:21:00,6017.75,6018.5,6017.75,6018.5,48
2025-01-06 22:22:00,6018.5,6018.75,6018.25,6018.5,38
2025-01-06 22:23:00,6018.75,6018.75,6017.75,6018.25,55
2025-01-06 22:24:00,6018.25,6018.5,6018.0,6018.5,13
2025-01-06 22:25:00,6018.25,6018.5,6018.0,6018.0,46
2025-01-06 22:26:00,6018.0,6018.25,6017.75,6018.25,56
2025-01-06 22:27:00,6018.0,6018.0,6017.5,6017.75,62
2025-01-06 22:28:00,6017.5,6017.75,6017.5,6017.75,24
2025-01-06 22:29:00,6017.75,6017.75,6017.25,6017.25,54
2025-01-06 22:30:00,6017.5,6017.75,6017.5,6017.75,24
2025-01-06 22:31:00,6017.75,6018.0,6017.5,6017.75,67
2025-01-06 22:32:00,6018.0,6019.0,6018.0,6018.75,57
2025-01-06 22:33:00,6019.0,6019.75,6019.0,6019.75,123
2025-01-06 22:34:00,6019.75,6020.5,6019.5,6020.25,166
2025-01-06 22:35:00,6020.25,6020.75,6020.0,6020.5,77
2025-01-06 22:36:00,6020.5,6021.0,6020.0,6021.0,55
2025-01-06 22:37:00,6020.75,6020.75,6020.25,6020.5,42
2025-01-06 22:38:00,6020.5,6020.5,6020.5,6020.5,30
2025-01-06 22:39:00,6020.5,6020.75,6020.5,6020.75,56
2025-01-06 22:40:00,6020.5,6020.75,6020.0,6020.0,64
2025-01-06 22:41:00,6020.0,6020.0,6018.25,6019.0,152
2025-01-06 22:42:00,6019.0,6019.0,6018.75,6018.75,63
2025-01-06 22:43:00,6019.0,6019.25,6018.75,6018.75,54
2025-01-06 22:44:00,6019.0,6019.5,6019.0,6019.0,32
2025-01-06 22:45:00,6019.25,6019.5,6019.0,6019.25,49
2025-01-06 22:46:00,6019.0,6019.0,6018.5,6018.75,78
2025-01-06 22:47:00,6018.75,6019.25,6018.5,6018.5,47
2025-01-06 22:48:00,6018.5,6019.25,6018.5,6019.0,49
2025-01-06 22:49:00,6019.25,6019.25,6019.0,6019.0,18
2025-01-06 22:50:00,6019.0,6019.5,6019.0,6019.5,31
2025-01-06 22:51:00,6019.25,6019.25,6018.75,6018.75,32
2025-01-06 22:52:00,6018.75,6018.75,6018.0,6018.25,111
2025-01-06 22:53:00,6018.25,6018.5,6018.25,6018.5,23
2025-01-06 22:54:00,6018.75,6019.75,6018.75,6019.25,120
2025-01-06 22:55:00,6019.0,6019.25,6018.75,6019.25,56
2025-01-06 22:56:00,6019.25,6019.5,6019.25,6019.25,35
2025-01-06 22:57:00,6019.5,6020.0,6019.5,6020.0,71
2025-01-06 22:58:00,6020.0,6020.75,6019.75,6020.5,91
2025-01-06 22:59:00,6020.25,6020.5,6020.25,6020.25,26
2025-01-06 23:00:00,6020.25,6020.75,6020.25,6020.75,66
2025-01-06 23:01:00,6020.75,6021.0,6020.5,6020.75,34
2025-01-06 23:02:00,6020.5,6020.5,6019.75,6020.0,123
2025-01-06 23:03:00,6020.0,6020.0,6019.5,6019.5,34
2025-01-06 23:04:00,6019.25,6020.0,6019.25,6019.75,30
2025-01-06 23:05:00,6019.5,6019.5,6019.5,6019.5,3
2025-01-06 23:06:00,6019.5,6019.5,6019.25,6019.5,19
2025-01-06 23:07:00,6019.25,6019.5,6019.25,6019.25,56
2025-01-06 23:08:00,6019.25,6019.5,6019.25,6019.25,22
2025-01-06 23:09:00,6019.25,6019.25,6018.0,6018.75,91
2025-01-06 23:10:00,6018.5,6018.75,6018.25,6018.5,39
2025-01-06 23:11:00,6018.75,6018.75,6018.0,6018.25,57
2025-01-06 23:12:00,6018.5,6019.5,6018.5,6019.5,73
2025-01-06 23:13:00,6019.5,6019.5,6019.25,6019.5,26
2025-01-06 23:14:00,6019.75,6019.75,6019.5,6019.75,26
2025-01-06 23:15:00,6019.75,6019.75,6019.5,6019.75,25
2025-01-06 23:16:00,6019.5,6019.75,6019.5,6019.5,17
2025-01-06 23:17:00,6019.75,6019.75,6019.0,6019.25,34
2025-01-06 23:18:00,6019.25,6019.25,6018.0,6019.0,309
2025-01-06 23:19:00,6019.0,6019.0,6018.5,6018.75,20
2025-01-06 23:20:00,6019.0,6019.75,6018.75,6019.5,87
2025-01-06 23:21:00,6019.5,6019.5,6019.25,6019.25,73
2025-01-06 23:22:00,6019.5,6019.5,6019.0,6019.25,297
2025-01-06 23:23:00,6019.0,6019.5,6018.75,6019.5,95
2025-01-06 23:24:00,6019.25,6019.5,6019.0,6019.5,71
2025-01-06 23:25:00,6019.25,6019.25,6019.25,6019.25,47
2025-01-06 23:26:00,6019.5,6019.75,6019.0,6019.0,37
2025-01-06 23:27:00,6019.25,6020.25,6019.25,6020.0,110
2025-01-06 23:28:00,6020.0,6020.25,6019.75,6019.75,31
2025-01-06 23:29:00,6019.75,6020.0,6019.5,6020.0,20
2025-01-06 23:30:00,6020.0,6020.25,6020.0,6020.25,22
2025-01-06 23:31:00,6020.0,6020.5,6020.0,6020.25,52
2025-01-06 23:32:00,6020.0,6020.5,6019.75,6020.25,32
2025-01-06 23:33:00,6020.25,6020.75,6020.0,6020.0,60
2025-01-06 23:34:00,6020.0,6020.0,6018.5,6018.5,167
2025-01-06 23:35:00,6018.5,6018.75,6018.5,6018.5,58
2025-01-06 23:36:00,6018.5,6018.5,6017.0,6017.5,198
2025-01-06 23:37:00,6017.5,6017.75,6017.5,6017.5,54
2025-01-06 23:38:00,6017.75,6017.75,6017.5,6017.5,15
2025-01-06 23:39:00,6017.5,6018.0,6017.0,6017.75,118
2025-01-06 23:40:00,6017.5,6017.5,6017.0,6017.25,39
2025-01-06 23:41:00,6017.0,6017.0,6016.5,6017.0,102
2025-01-06 23:42:00,6017.0,6017.75,6016.75,6017.5,64
2025-01-06 23:43:00,6017.25,6017.25,6016.75,6017.25,26
2025-01-06 23:44:00,6017.5,6017.75,6016.75,6017.25,64
2025-01-06 23:45:00,6017.0,6017.0,6016.75,6017.0,30
2025-01-06 23:46:00,6017.0,6018.0,6017.0,6017.75,92
2025-01-06 23:47:00,6017.75,6018.25,6017.75,6018.0,62
2025-01-06 23:48:00,6018.0,6018.0,6017.5,6017.5,32
2025-01-06 23:49:00,6017.5,6017.75,6017.0,6017.0,54
2025-01-06 23:50:00,6017.0,6017.25,6016.75,6017.25,51
2025-01-06 23:51:00,6017.0,6017.25,6016.5,6017.25,127
2025-01-06 23:52:00,6017.5,6017.75,6017.25,6017.5,56
2025-01-06 23:53:00,6017.5,6017.5,6016.5,6016.5,73
2025-01-06 23:54:00,6016.75,6017.0,6016.5,6016.5,62
2025-01-06 23:55:00,6016.75,6017.25,6016.5,6017.25,32
2025-01-06 23:56:00,6017.25,6017.25,6017.0,6017.0,2
2025-01-06 23:57:00,6017.0,6017.25,6017.0,6017.0,13
2025-01-06 23:58:00,6017.0,6017.75,6017.0,6017.25,37
2025-01-06 23:59:00,6017.25,6017.5,6017.25,6017.5,19
2025-01-07 00:00:00,6017.5,6017.5,6016.25,6016.5,87
2025-01-07 00:01:00,6016.25,6016.5,6016.25,6016.25,60
2025-01-07 00:02:00,6016.25,6016.75,6016.0,6016.5,72
2025-01-07 00:03:00,6016.5,6017.0,6016.25,6016.75,78
2025-01-07 00:04:00,6016.75,6017.25,6016.5,6017.0,31
2025-01-07 00:05:00,6017.25,6017.25,6016.75,6016.75,38
2025-01-07 00:06:00,6016.75,6017.5,6016.75,6017.5,43
2025-01-07 00:07:00,6017.25,6017.25,6016.5,6016.5,19
2025-01-07 00:08:00,6016.5,6016.75,6015.0,6015.0,231
2025-01-07 00:09:00,6015.0,6015.5,6014.75,6015.25,137
2025-01-07 00:10:00,6015.25,6015.75,6015.25,6015.5,47
2025-01-07 00:11:00,6015.5,6015.75,6015.5,6015.75,44
2025-01-07 00:12:00,6015.75,6016.75,6015.75,6016.0,50
2025-01-07 00:13:00,6016.0,6016.5,6016.0,6016.0,49
2025-01-07 00:14:00,6015.75,6016.5,6015.75,6016.5,32
2025-01-07 00:15:00,6016.75,6017.0,6016.5,6016.5,32
2025-01-07 00:16:00,6016.25,6016.5,6016.25,6016.25,17
2025-01-07 00:17:00,6016.25,6016.5,6015.75,6016.5,29
2025-01-07 00:18:00,6016.5,6016.5,6016.25,6016.5,22
2025-01-07 00:19:00,6016.5,6016.75,6016.5,6016.75,51
2025-01-07 00:20:00,6016.75,6016.75,6016.25,6016.25,32
2025-01-07 00:21:00,6016.25,6016.5,6011.25,6013.25,698
2025-01-07 00:22:00,6013.25,6013.25,6010.5,6012.5,545
2025-01-07 00:23:00,6012.25,6012.75,6010.5,6010.75,314
2025-01-07 00:24:00,6010.5,6010.75,6008.75,6009.5,469
2025-01-07 00:25:00,6009.5,6009.5,6007.0,6009.25,618
2025-01-07 00:26:00,6009.25,6011.0,6009.25,6010.25,224
2025-01-07 00:27:00,6010.25,6011.5,6010.25,6010.75,175
2025-01-07 00:28:00,6010.75,6011.25,6010.0,6011.25,178
2025-01-07 00:29:00,6011.5,6012.25,6011.5,6012.0,81
2025-01-07 00:30:00,6012.0,6012.5,6011.5,6012.0,98
2025-01-07 00:31:00,6012.0,6012.0,6010.75,6011.5,98
2025-01-07 00:32:00,6011.75,6013.0,6011.5,6013.0,58
2025-01-07 00:33:00,6013.0,6013.5,6012.75,6012.75,106
2025-01-07 00:34:00,6012.75,6013.5,6012.5,6013.25,59
2025-01-07 00:35:00,6013.25,6013.5,6013.0,6013.5,116
2025-01-07 00:36:00,6013.5,6013.75,6013.25,6013.5,49
2025-01-07 00:37:00,6013.25,6013.25,6011.75,6012.75,140
2025-01-07 00:38:00,6012.5,6012.5,6012.0,6012.5,42
2025-01-07 00:39:00,6012.5,6012.75,6012.0,6012.0,40
2025-01-07 00:40:00,6012.25,6012.75,6012.0,6012.5,50
2025-01-07 00:41:00,6012.75,6013.25,6012.5,6012.5,38
2025-01-07 00:42:00,6012.5,6012.5,6012.25,6012.5,17
2025-01-07 00:43:00,6012.75,6012.75,6011.75,6011.75,30
2025-01-07 00:44:00,6011.75,6011.75,6010.75,6011.25,96
2025-01-07 00:45:00,6011.0,6012.0,6011.0,6011.75,70
2025-01-07 00:46:00,6011.75,6011.75,6011.25,6011.75,42
2025-01-07 00:47:00,6012.0,6013.25,6012.0,6012.5,118
2025-01-07 00:48:00,6012.25,6013.0,6012.25,6012.25,28
2025-01-07 00:49:00,6012.25,6013.0,6012.25,6013.0,50
2025-01-07 00:50:00,6012.75,6013.75,6012.75,6013.25,92
2025-01-07 00:51:00,6013.25,6014.25,6013.25,6014.25,45
2025-01-07 00:52:00,6014.25,6015.0,6013.75,6015.0,211
2025-01-07 00:53:00,6015.25,6015.25,6014.5,6014.5,97
2025-01-07 00:54:00,6014.25,6014.75,6014.25,6014.5,24
2025-01-07 00:55:00,6014.25,6014.25,6014.0,6014.25,64
2025-01-07 00:56:00,6014.5,6014.5,6014.0,6014.25,15
2025-01-07 00:57:00,6014.25,6014.75,6014.0,6014.75,25
2025-01-07 00:58:00,6014.5,6014.75,6014.25,6014.75,50
2025-01-07 00:59:00,6014.75,6015.25,6014.75,6015.0,62
2025-01-07 01:00:00,6014.75,6015.25,6014.5,6014.75,69
2025-01-07 01:01:00,6014.75,6014.75,6014.25,6014.75,46
2025-01-07 01:02:00,6014.75,6015.5,6014.5,6015.5,85
2025-01-07 01:03:00,6015.75,6016.5,6015.5,6016.5,119
2025-01-07 01:04:00,6016.5,6017.0,6016.5,6016.75,122
2025-01-07 01:05:00,6016.75,6016.75,6015.5,6015.5,96
2025-01-07 01:06:00,6015.5,6016.0,6015.25,6015.75,54
2025-01-07 01:07:00,6015.75,6016.0,6015.5,6016.0,35
2025-01-07 01:08:00,6016.0,6016.25,6015.25,6015.75,39
2025-01-07 01:09:00,6015.75,6016.0,6015.75,6016.0,46
2025-01-07 01:10:00,6015.75,6016.0,6015.5,6015.75,65
2025-01-07 01:11:00,6015.75,6016.25,6015.25,6015.25,42
2025-01-07 01:12:00,6015.0,6015.0,6013.75,6014.5,129
2025-01-07 01:13:00,6014.25,6015.0,6014.25,6014.75,58
2025-01-07 01:14:00,6015.0,6015.25,6014.75,6015.0,37
2025-01-07 01:15:00,6014.75,6015.0,6014.5,6015.0,11
2025-01-07 01:16:00,6014.5,6015.25,6014.5,6015.25,16
2025-01-07 01:17:00,6015.25,6016.25,6015.25,6015.25,66
2025-01-07 01:18:00,6015.25,6015.5,6015.0,6015.25,66
2025-01-07 01:19:00,6015.0,6015.0,6014.75,6014.75,16
2025-01-07 01:20:00,6015.0,6015.25,6014.5,6014.75,29
2025-01-07 01:21:00,6014.75,6014.75,6014.5,6014.75,13
2025-01-07 01:22:00,6014.75,6015.5,6014.75,6015.25,102
2025-01-07 01:23:00,6015.0,6015.0,6014.5,6014.5,50
2025-01-07 01:24:00,6014.5,6014.5,6014.25,6014.25,14
2025-01-07 01:25:00,6014.0,6014.25,6014.0,6014.0,27
2025-01-07 01:26:00,6013.75,6014.25,6013.5,6014.0,56
2025-01-07 01:27:00,6013.75,6013.75,6013.5,6013.75,10
2025-01-07 01:28:00,6014.0,6014.0,6013.5,6013.75,64
2025-01-07 01:29:00,6013.75,6014.0,6013.25,6013.25,70
2025-01-07 01:30:00,6013.25,6013.75,6013.25,6013.5,25
2025-01-07 01:31:00,6013.75,6014.5,6013.75,6014.0,106
2025-01-07 01:32:00,6014.0,6014.25,6013.5,6013.75,89
2025-01-07 01:33:00,6013.75,6014.0,6013.5,6013.75,19
2025-01-07 01:34:00,6013.75,6014.25,6013.5,6013.75,37
2025-01-07 01:35:00,6013.75,6013.75,6013.25,6013.25,53
2025-01-07 01:36:00,6013.25,6013.5,6012.75,6013.0,65
2025-01-07 01:37:00,6013.0,6013.0,6011.75,6012.5,81
2025-01-07 01:38:00,6012.5,6012.75,6012.25,6012.5,61
2025-01-07 01:39:00,6012.5,6012.5,6012.25,6012.25,69
2025-01-07 01:40:00,6012.25,6012.25,6012.0,6012.0,16
2025-01-07 01:41:00,6012.0,6012.25,6010.75,6011.0,137
2025-01-07 01:42:00,6010.75,6012.25,6010.75,6012.25,78
2025-01-07 01:43:00,6012.25,6012.75,6012.0,6012.0,65
2025-01-07 01:44:00,6012.0,6012.75,6012.0,6012.75,51
2025-01-07 01:45:00,6012.75,6013.75,6012.5,6013.75,110
2025-01-07 01:46:00,6013.75,6013.75,6012.25,6012.5,117
2025-01-07 01:47:00,6012.75,6013.0,6012.25,6012.5,39
2025-01-07 01:48:00,6012.5,6013.0,6012.0,6013.0,90
2025-01-07 01:49:00,6012.5,6012.5,6012.0,6012.5,68
2025-01-07 01:50:00,6012.25,6012.25,6011.75,6012.0,63
2025-01-07 01:51:00,6011.75,6011.75,6010.75,6011.0,87
2025-01-07 01:52:00,6010.75,6011.75,6010.5,6011.25,108
2025-01-07 01:53:00,6011.5,6011.75,6011.25,6011.75,44
2025-01-07 01:54:00,6011.75,6011.75,6011.25,6011.75,20
2025-01-07 01:55:00,6011.75,6012.75,6011.75,6012.75,88
2025-01-07 01:56:00,6012.75,6012.75,6011.5,6011.5,60
2025-01-07 01:57:00,6011.5,6011.5,6011.0,6011.25,69
2025-01-07 01:58:00,6011.25,6011.25,6010.25,6010.5,114
2025-01-07 01:59:00,6010.75,6011.5,6010.75,6011.25,51
2025-01-07 02:00:00,6011.25,6011.75,6011.25,6011.5,53
2025-01-07 02:01:00,6011.5,6012.75,6011.25,6012.5,106
2025-01-07 02:02:00,6012.25,6012.75,6011.5,6011.75,84
2025-01-07 02:03:00,6011.75,6013.25,6011.25,6012.75,106
2025-01-07 02:04:00,6012.75,6014.25,6012.75,6014.0,96
2025-01-07 02:05:00,6014.0,6014.5,6013.75,6014.25,75
2025-01-07 02:06:00,6014.0,6014.75,6014.0,6014.5,101
2025-01-07 02:07:00,6014.75,6015.5,6014.5,6014.75,135
2025-01-07 02:08:00,6014.75,6015.5,6014.5,6015.25,163
2025-01-07 02:09:00,6015.25,6015.5,6014.75,6015.5,64
2025-01-07 02:10:00,6015.5,6016.0,6015.25,6015.75,51
2025-01-07 02:11:00,6015.75,6016.0,6015.5,6015.5,67
2025-01-07 02:12:00,6015.75,6017.0,6015.75,6016.75,217
2025-01-07 02:13:00,6016.75,6016.75,6016.0,6016.0,71
2025-01-07 02:14:00,6016.0,6017.5,6016.0,6017.25,164
2025-01-07 02:15:00,6017.0,6017.25,6016.75,6016.75,32
2025-01-07 02:16:00,6016.75,6016.75,6015.0,6015.0,95
2025-01-07 02:17:00,6015.0,6015.5,6014.5,6015.25,98
2025-01-07 02:18:00,6015.5,6016.25,6015.5,6016.0,67
2025-01-07 02:19:00,6015.75,6015.75,6015.0,6015.0,30
2025-01-07 02:20:00,6015.0,6016.0,6015.0,6016.0,83
2025-01-07 02:21:00,6016.0,6016.5,6015.75,6016.0,140
2025-01-07 02:22:00,6016.0,6016.5,6015.75,6016.0,92
2025-01-07 02:23:00,6016.25,6016.25,6015.25,6015.75,63
2025-01-07 02:24:00,6015.75,6016.25,6015.5,6016.0,23
2025-01-07 02:25:00,6016.0,6016.75,6016.0,6016.25,95
2025-01-07 02:26:00,6016.0,6016.0,6014.25,6014.75,95
2025-01-07 02:27:00,6014.75,6014.75,6013.0,6013.0,137
2025-01-07 02:28:00,6013.0,6014.0,6013.0,6013.5,128
2025-01-07 02:29:00,6013.5,6013.75,6012.5,6012.75,97
2025-01-07 02:30:00,6013.0,6013.75,6012.5,6013.5,146
2025-01-07 02:31:00,6013.25,6014.5,6013.25,6014.25,160
2025-01-07 02:32:00,6014.25,6014.5,6014.25,6014.5,89
2025-01-07 02:33:00,6014.75,6015.0,6014.25,6014.5,88
2025-01-07 02:34:00,6014.5,6016.0,6014.5,6015.75,50
2025-01-07 02:35:00,6016.0,6016.0,6015.0,6015.0,114
2025-01-07 02:36:00,6014.75,6015.0,6014.25,6014.25,83
2025-01-07 02:37:00,6014.5,6014.75,6014.0,6014.5,98
2025-01-07 02:38:00,6014.5,6014.75,6014.25,6014.5,45
2025-01-07 02:39:00,6014.75,6015.0,6013.75,6013.75,118
2025-01-07 02:40:00,6013.75,6014.0,6013.75,6013.75,68
2025-01-07 02:41:00,6013.5,6013.75,6012.25,6012.75,297
2025-01-07 02:42:00,6012.75,6013.0,6012.0,6012.5,200
2025-01-07 02:43:00,6012.5,6013.0,6012.5,6012.75,78
2025-01-07 02:44:00,6012.75,6014.0,6012.5,6014.0,54
2025-01-07 02:45:00,6014.0,6015.0,6013.75,6014.75,87
2025-01-07 02:46:00,6014.5,6015.5,6014.25,6015.0,152
2025-01-07 02:47:00,6015.25,6015.75,6015.25,6015.25,43
2025-01-07 02:48:00,6015.25,6016.25,6015.0,6016.0,78
2025-01-07 02:49:00,6015.75,6015.75,6014.5,6014.5,79
2025-01-07 02:50:00,6014.5,6016.0,6014.5,6016.0,62
2025-01-07 02:51:00,6016.0,6016.0,6015.5,6015.5,37
2025-01-07 02:52:00,6015.5,6015.75,6015.25,6015.75,57
2025-01-07 02:53:00,6016.0,6017.25,6016.0,6017.0,135
2025-01-07 02:54:00,6017.0,6017.0,6016.5,6016.5,60
2025-01-07 02:55:00,6016.25,6017.0,6015.5,6016.75,156
2025-01-07 02:56:00,6016.5,6016.75,6016.25,6016.75,47
2025-01-07 02:57:00,6016.75,6017.75,6016.75,6017.25,106
2025-01-07 02:58:00,6017.25,6018.25,6017.0,6018.25,74
2025-01-07 02:59:00,6018.0,6018.0,6017.5,6018.0,93
2025-01-07 03:00:00,6017.75,6018.25,6017.25,6018.0,116
2025-01-07 03:01:00,6018.0,6019.75,6017.25,6017.5,697
2025-01-07 03:02:00,6017.5,6019.0,6017.0,6018.5,333
2025-01-07 03:03:00,6018.5,6019.25,6018.25,6018.75,226
2025-01-07 03:04:00,6018.75,6019.5,6018.25,6018.5,363
2025-01-07 03:05:00,6018.75,6019.25,6018.5,6019.0,344
2025-01-07 03:06:00,6018.75,6019.0,6017.75,6017.75,249
2025-01-07 03:07:00,6018.0,6018.25,6017.0,6017.25,317
2025-01-07 03:08:00,6017.25,6017.5,6016.5,6017.0,239
2025-01-07 03:09:00,6017.0,6018.0,6016.75,6017.75,199
2025-01-07 03:10:00,6017.5,6018.0,6016.25,6017.75,312
2025-01-07 03:11:00,6017.75,6018.0,6016.75,6017.0,322
2025-01-07 03:12:00,6016.75,6017.0,6016.0,6017.0,185
2025-01-07 03:13:00,6016.75,6017.25,6016.5,6017.0,187
2025-01-07 03:14:00,6017.0,6017.0,6015.5,6015.5,195
2025-01-07 03:15:00,6015.75,6015.75,6014.5,6014.5,246
2025-01-07 03:16:00,6014.5,6015.0,6012.75,6014.75,461
2025-01-07 03:17:00,6014.5,6016.5,6014.25,6016.5,159
2025-01-07 03:18:00,6016.25,6016.75,6015.5,6015.75,199
2025-01-07 03:19:00,6015.5,6016.0,6015.0,6015.25,175
2025-01-07 03:20:00,6015.25,6015.75,6014.5,6015.75,194
2025-01-07 03:21:00,6015.75,6016.5,6015.0,6016.0,160
2025-01-07 03:22:00,6016.0,6016.25,6014.5,6014.5,250
2025-01-07 03:23:00,6014.5,6016.0,6014.5,6015.5,153
2025-01-07 03:24:00,6015.5,6016.0,6015.0,6015.75,172
2025-01-07 03:25:00,6015.5,6016.0,6015.0,6015.0,192
2025-01-07 03:26:00,6015.0,6015.25,6014.5,6015.0,154
2025-01-07 03:27:00,6015.0,6015.0,6013.25,6013.5,171
2025-01-07 03:28:00,6013.5,6014.25,6013.25,6014.25,100
2025-01-07 03:29:00,6014.25,6014.75,6013.25,6013.5,317
2025-01-07 03:30:00,6013.5,6014.0,6013.25,6014.0,131
2025-01-07 03:31:00,6014.0,6014.75,6013.5,6014.25,128
2025-01-07 03:32:00,6014.25,6016.5,6014.25,6016.0,161
2025-01-07 03:33:00,6016.0,6017.0,6016.0,6016.75,97
2025-01-07 03:34:00,6016.75,6016.75,6015.75,6016.5,115
2025-01-07 03:35:00,6016.5,6018.25,6016.5,6018.0,146
2025-01-07 03:36:00,6017.75,6018.75,6017.75,6017.75,108
2025-01-07 03:37:00,6018.0,6019.25,6017.75,6019.0,122
2025-01-07 03:38:00,6019.25,6019.75,6018.5,6018.75,204
2025-01-07 03:39:00,6018.75,6019.75,6018.75,6019.75,209
2025-01-07 03:40:00,6019.75,6020.75,6019.75,6020.5,567
2025-01-07 03:41:00,6020.5,6021.75,6020.25,6021.5,312
2025-01-07 03:42:00,6021.5,6023.25,6021.5,6022.75,446
2025-01-07 03:43:00,6022.75,6023.25,6022.25,6023.0,296
2025-01-07 03:44:00,6023.0,6024.0,6023.0,6024.0,278
2025-01-07 03:45:00,6023.75,6024.25,6023.75,6024.25,223
2025-01-07 03:46:00,6024.25,6024.25,6023.25,6023.5,243
2025-01-07 03:47:00,6023.5,6025.75,6023.5,6025.75,368
2025-01-07 03:48:00,6025.75,6025.75,6024.75,6024.75,421
2025-01-07 03:49:00,6024.75,6025.5,6024.75,6025.5,260
2025-01-07 03:50:00,6025.75,6026.5,6025.5,6026.5,268
2025-01-07 03:51:00,6026.25,6026.25,6024.25,6024.5,197
2025-01-07 03:52:00,6024.5,6024.5,6024.25,6024.25,102
2025-01-07 03:53:00,6024.25,6024.25,6022.25,6022.5,208
2025-01-07 03:54:00,6022.5,6022.75,6021.75,6022.5,149
2025-01-07 03:55:00,6022.5,6022.5,6021.0,6021.5,241
2025-01-07 03:56:00,6021.25,6022.25,6021.25,6021.75,87
2025-01-07 03:57:00,6021.75,6022.0,6021.0,6021.5,200
2025-01-07 03:58:00,6021.5,6022.75,6021.5,6022.75,76
2025-01-07 03:59:00,6022.75,6024.0,6022.75,6023.5,291
2025-01-07 04:00:00,6023.25,6024.25,6023.25,6023.5,165
2025-01-07 04:01:00,6023.5,6024.0,6023.0,6023.75,305
2025-01-07 04:02:00,6023.5,6024.5,6023.25,6024.5,195
2025-01-07 04:03:00,6024.25,6026.25,6024.25,6026.0,378
2025-01-07 04:04:00,6026.0,6026.5,6025.25,6026.5,315
2025-01-07 04:05:00,6026.25,6026.25,6025.25,6026.0,246
2025-01-07 04:06:00,6025.75,6025.75,6025.0,6025.5,201
2025-01-07 04:07:00,6025.5,6026.0,6024.5,6025.25,187
2025-01-07 04:08:00,6025.25,6025.5,6024.5,6024.75,199
2025-01-07 04:09:00,6025.0,6025.75,6025.0,6025.75,223
2025-01-07 04:10:00,6026.0,6027.0,6025.75,6026.75,261
2025-01-07 04:11:00,6026.75,6027.25,6026.25,6026.25,276
2025-01-07 04:12:00,6026.75,6027.0,6026.25,6026.75,129
2025-01-07 04:13:00,6027.0,6027.75,6026.75,6027.0,211
2025-01-07 04:14:00,6027.0,6027.0,6026.0,6026.25,135
2025-01-07 04:15:00,6026.25,6026.25,6025.5,6025.75,164
2025-01-07 04:16:00,6026.0,6026.0,6024.5,6025.0,170
2025-01-07 04:17:00,6024.75,6024.75,6023.75,6024.25,112
2025-01-07 04:18:00,6024.5,6024.5,6023.75,6024.0,81
2025-01-07 04:19:00,6024.0,6024.0,6022.75,6024.0,314
2025-01-07 04:20:00,6024.0,6024.25,6023.5,6023.75,207
2025-01-07 04:21:00,6024.0,6024.5,6023.0,6023.75,141
2025-01-07 04:22:00,6023.75,6025.25,6023.75,6025.0,129
2025-01-07 04:23:00,6024.75,6024.75,6024.0,6024.25,79
2025-01-07 04:24:00,6024.5,6024.5,6023.5,6024.25,94
2025-01-07 04:25:00,6024.25,6024.5,6023.75,6023.75,87
2025-01-07 04:26:00,6024.0,6024.0,6023.5,6023.75,46
2025-01-07 04:27:00,6024.0,6024.5,6023.5,6023.75,77
2025-01-07 04:28:00,6024.0,6024.25,6023.25,6024.25,113
2025-01-07 04:29:00,6024.5,6024.75,6024.25,6024.5,52
2025-01-07 04:30:00,6024.5,6024.75,6024.25,6024.75,75
2025-01-07 04:31:00,6024.5,6024.75,6023.5,6024.75,122
2025-01-07 04:32:00,6024.5,6024.5,6024.0,6024.25,100
2025-01-07 04:33:00,6024.25,6024.75,6023.25,6023.25,67
2025-01-07 04:34:00,6023.25,6024.0,6022.75,6024.0,111
2025-01-07 04:35:00,6024.0,6024.0,6023.5,6024.0,37
2025-01-07 04:36:00,6024.25,6024.75,6024.0,6024.5,67
2025-01-07 04:37:00,6024.75,6025.5,6024.5,6025.25,98
2025-01-07 04:38:00,6025.25,6026.0,6025.25,6025.75,74
2025-01-07 04:39:00,6026.0,6026.5,6026.0,6026.5,74
2025-01-07 04:40:00,6026.5,6026.5,6025.5,6026.0,84
2025-01-07 04:41:00,6026.0,6026.0,6024.75,6025.0,126
2025-01-07 04:42:00,6025.0,6025.5,6025.0,6025.5,55
2025-01-07 04:43:00,6025.0,6025.0,6023.75,6023.75,136
2025-01-07 04:44:00,6023.75,6024.5,6023.5,6024.25,64
2025-01-07 04:45:00,6024.25,6024.25,6023.0,6023.5,109
2025-01-07 04:46:00,6023.25,6023.5,6021.75,6021.75,217
2025-01-07 04:47:00,6021.5,6021.5,6019.75,6020.0,387
2025-01-07 04:48:00,6019.75,6020.25,6019.25,6020.0,201
2025-01-07 04:49:00,6019.75,6020.0,6019.25,6019.5,163
2025-01-07 04:50:00,6019.75,6020.0,6019.25,6020.0,173
2025-01-07 04:51:00,6020.25,6021.5,6019.25,6019.25,435
2025-01-07 04:52:00,6019.25,6019.25,6018.25,6019.25,272
2025-01-07 04:53:00,6019.25,6021.0,6019.25,6020.5,160
2025-01-07 04:54:00,6020.75,6021.5,6020.5,6021.25,64
2025-01-07 04:55:00,6021.25,6021.25,6020.0,6020.5,116
2025-01-07 04:56:00,6020.5,6021.5,6020.5,6021.25,63
2025-01-07 04:57:00,6021.25,6021.75,6021.0,6021.5,118
2025-01-07 04:58:00,6021.5,6021.5,6019.75,6020.5,160
2025-01-07 04:59:00,6020.5,6020.75,6020.25,6020.75,62
2025-01-07 05:00:00,6020.75,6020.75,6019.5,6019.5,157
2025-01-07 05:01:00,6019.5,6020.0,6018.25,6018.5,177
2025-01-07 05:02:00,6018.5,6019.25,6018.5,6019.25,90
2025-01-07 05:03:00,6019.25,6019.5,6018.25,6018.25,135
2025-01-07 05:04:00,6018.25,6018.5,6017.5,6018.5,236
2025-01-07 05:05:00,6018.5,6021.25,6018.5,6020.5,462
2025-01-07 05:06:00,6020.5,6021.0,6020.5,6021.0,97
2025-01-07 05:07:00,6021.0,6021.5,6020.75,6021.5,118
2025-01-07 05:08:00,6021.5,6021.75,6021.0,6021.25,84
2025-01-07 05:09:00,6021.5,6022.5,6021.5,6022.25,139
2025-01-07 05:10:00,6022.5,6022.75,6022.25,6022.75,86
2025-01-07 05:11:00,6022.75,6024.5,6022.75,6024.5,266
2025-01-07 05:12:00,6024.25,6024.25,6024.0,6024.0,72
2025-01-07 05:13:00,6024.25,6025.25,6024.25,6025.0,67
2025-01-07 05:14:00,6025.25,6026.25,6025.25,6025.75,120
2025-01-07 05:15:00,6026.0,6026.25,6025.5,6025.75,117
2025-01-07 05:16:00,6025.75,6026.5,6025.25,6026.5,84
2025-01-07 05:17:00,6026.5,6026.5,6025.75,6025.75,116
2025-01-07 05:18:00,6025.75,6025.75,6024.75,6024.75,124
2025-01-07 05:19:00,6025.0,6026.0,6024.75,6026.0,73
2025-01-07 05:20:00,6026.5,6026.75,6026.25,6026.5,103
2025-01-07 05:21:00,6026.75,6027.5,6026.75,6027.25,124
2025-01-07 05:22:00,6027.25,6027.5,6026.75,6026.75,65
2025-01-07 05:23:00,6027.0,6027.5,6026.75,6027.25,89
2025-01-07 05:24:00,6027.25,6028.5,6026.75,6028.25,202
2025-01-07 05:25:00,6028.25,6028.5,6027.75,6028.0,209
2025-01-07 05:26:00,6027.75,6027.75,6026.25,6026.75,229
2025-01-07 05:27:00,6026.75,6026.75,6026.25,6026.5,99
2025-01-07 05:28:00,6026.5,6026.75,6025.75,6026.0,89
2025-01-07 05:29:00,6026.0,6026.25,6025.25,6026.0,114
2025-01-07 05:30:00,6025.75,6026.5,6025.5,6026.5,99
2025-01-07 05:31:00,6026.75,6026.75,6026.25,6026.75,34
2025-01-07 05:32:00,6026.75,6027.5,6026.5,6027.25,99
2025-01-07 05:33:00,6027.5,6028.0,6027.5,6028.0,25
2025-01-07 05:34:00,6027.75,6028.5,6027.25,6028.25,120
2025-01-07 05:35:00,6028.0,6028.0,6027.5,6027.5,36
2025-01-07 05:36:00,6027.5,6028.5,6027.5,6028.0,113
2025-01-07 05:37:00,6028.0,6028.25,6027.5,6027.5,84
2025-01-07 05:38:00,6027.5,6027.5,6027.0,6027.25,43
2025-01-07 05:39:00,6027.5,6027.75,6027.5,6027.5,86
2025-01-07 05:40:00,6027.5,6027.75,6027.5,6027.75,68
2025-01-07 05:41:00,6027.75,6027.75,6027.25,6027.5,64
2025-01-07 05:42:00,6027.75,6027.75,6027.5,6027.5,69
2025-01-07 05:43:00,6027.25,6027.25,6026.25,6026.75,91
2025-01-07 05:44:00,6027.0,6027.0,6026.75,6027.0,53
2025-01-07 05:45:00,6027.0,6027.0,6026.5,6026.75,175
2025-01-07 05:46:00,6027.0,6027.0,6026.25,6026.25,89
2025-01-07 05:47:00,6026.5,6026.5,6025.5,6025.75,171
2025-01-07 05:48:00,6025.75,6025.75,6025.75,6025.75,16
2025-01-07 05:49:00,6025.75,6025.75,6025.0,6025.0,72
2025-01-07 05:50:00,6025.25,6026.25,6025.25,6026.0,104
2025-01-07 05:51:00,6026.25,6027.25,6026.25,6027.0,53
2025-01-07 05:52:00,6026.5,6027.25,6026.5,6027.25,38
2025-01-07 05:53:00,6027.25,6027.5,6027.25,6027.5,18
2025-01-07 05:54:00,6027.5,6027.5,6027.25,6027.5,46
2025-01-07 05:55:00,6027.5,6028.5,6027.5,6028.5,106
2025-01-07 05:56:00,6028.5,6028.5,6027.75,6028.25,83
2025-01-07 05:57:00,6028.25,6028.25,6028.0,6028.0,54
2025-01-07 05:58:00,6028.0,6028.0,6027.25,6027.75,137
2025-01-07 05:59:00,6027.75,6027.75,6027.5,6027.75,74
2025-01-07 06:00:00,6027.75,6028.5,6027.75,6028.0,87
2025-01-07 06:01:00,6027.75,6028.0,6027.25,6027.75,120
2025-01-07 06:02:00,6028.0,6028.0,6026.5,6026.75,227
2025-01-07 06:03:00,6027.0,6027.25,6026.5,6027.25,94
2025-01-07 06:04:00,6027.25,6027.25,6025.75,6026.0,150
2025-01-07 06:05:00,6026.0,6027.25,6026.0,6026.75,118
2025-01-07 06:06:00,6026.75,6027.25,6026.0,6026.5,263
2025-01-07 06:07:00,6026.75,6026.75,6025.75,6026.0,156
2025-01-07 06:08:00,6025.75,6026.5,6025.75,6026.25,75
2025-01-07 06:09:00,6026.5,6026.75,6026.0,6026.5,135
2025-01-07 06:10:00,6026.5,6027.25,6026.25,6027.0,76
2025-01-07 06:11:00,6026.75,6027.5,6026.75,6027.25,47
2025-01-07 06:12:00,6027.25,6028.25,6027.25,6027.75,114
2025-01-07 06:13:00,6027.75,6027.75,6025.75,6026.25,160
2025-01-07 06:14:00,6026.5,6027.0,6026.0,6027.0,62
2025-01-07 06:15:00,6027.0,6027.0,6026.25,6026.5,67
2025-01-07 06:16:00,6026.5,6026.5,6024.75,6025.25,218
2025-01-07 06:17:00,6025.25,6025.75,6025.25,6025.5,83
2025-01-07 06:18:00,6025.75,6026.5,6025.5,6026.5,86
2025-01-07 06:19:00,6026.75,6027.0,6026.5,6026.5,82
2025-01-07 06:20:00,6026.5,6026.75,6026.0,6026.5,110
2025-01-07 06:21:00,6026.75,6027.0,6026.75,6027.0,76
2025-01-07 06:22:00,6027.0,6027.25,6026.5,6027.0,74
2025-01-07 06:23:00,6027.0,6028.0,6027.0,6027.5,72
2025-01-07 06:24:00,6027.5,6027.75,6027.25,6027.5,72
2025-01-07 06:25:00,6027.5,6028.0,6027.5,6028.0,57
2025-01-07 06:26:00,6028.0,6029.0,6028.0,6028.75,154
2025-01-07 06:27:00,6028.75,6029.0,6028.75,6029.0,84
2025-01-07 06:28:00,6029.0,6029.0,6028.25,6028.5,112
2025-01-07 06:29:00,6028.75,6028.75,6028.75,6028.75,44
2025-01-07 06:30:00,6029.0,6029.5,6028.75,6029.5,93
2025-01-07 06:31:00,6029.5,6029.5,6027.5,6027.5,152
2025-01-07 06:32:00,6027.5,6027.5,6025.25,6025.5,179
2025-01-07 06:33:00,6025.5,6025.75,6024.25,6025.5,297
2025-01-07 06:34:00,6025.25,6025.5,6024.75,6025.0,112
2025-01-07 06:35:00,6025.0,6025.75,6022.75,6023.0,677
2025-01-07 06:36:00,6023.25,6023.5,6022.25,6022.5,655
2025-01-07 06:37:00,6022.75,6023.75,6021.75,6023.0,321
2025-01-07 06:38:00,6023.0,6024.0,6022.25,6023.0,309
2025-01-07 06:39:00,6023.0,6023.75,6023.0,6023.75,51
2025-01-07 06:40:00,6023.75,6024.0,6023.5,6023.75,119
2025-01-07 06:41:00,6023.5,6024.0,6023.25,6023.75,77
2025-01-07 06:42:00,6023.75,6024.5,6023.75,6024.0,108
2025-01-07 06:43:00,6024.25,6024.25,6023.0,6023.5,98
2025-01-07 06:44:00,6023.5,6024.5,6023.0,6023.0,90
2025-01-07 06:45:00,6023.25,6023.75,6023.25,6023.75,34
2025-01-07 06:46:00,6024.0,6024.75,6022.0,6022.75,388
2025-01-07 06:47:00,6023.0,6023.25,6022.75,6023.0,171
2025-01-07 06:48:00,6023.25,6023.5,6023.25,6023.5,78
2025-01-07 06:49:00,6023.5,6024.0,6023.25,6023.75,87
2025-01-07 06:50:00,6023.5,6024.0,6023.25,6023.5,45
2025-01-07 06:51:00,6023.5,6023.75,6022.75,6023.25,97
2025-01-07 06:52:00,6023.5,6024.5,6023.5,6024.25,63
2025-01-07 06:53:00,6024.0,6024.75,6023.75,6024.25,95
2025-01-07 06:54:00,6024.5,6024.5,6022.5,6022.5,140
2025-01-07 06:55:00,6022.5,6023.0,6022.0,6022.25,183
2025-01-07 06:56:00,6022.0,6022.25,6021.25,6022.0,180
2025-01-07 06:57:00,6022.0,6023.0,6022.0,6022.25,99
2025-01-07 06:58:00,6022.5,6023.75,6022.5,6023.75,81
2025-01-07 06:59:00,6023.5,6024.25,6023.5,6023.75,108
2025-01-07 07:00:00,6023.75,6024.75,6023.75,6024.5,91
2025-01-07 07:01:00,6024.5,6025.75,6021.75,6022.25,457
2025-01-07 07:02:00,6022.25,6022.5,6021.0,6022.0,179
2025-01-07 07:03:00,6021.75,6022.5,6021.25,6022.25,170
2025-01-07 07:04:00,6022.5,6023.75,6022.25,6023.25,79
2025-01-07 07:05:00,6023.5,6024.0,6023.0,6024.0,99
2025-01-07 07:06:00,6024.0,6025.5,6024.0,6025.5,131
2025-01-07 07:07:00,6025.5,6026.0,6025.25,6025.75,111
2025-01-07 07:08:00,6026.0,6026.0,6025.25,6025.25,100
2025-01-07 07:09:00,6025.25,6025.5,6023.75,6024.25,122
2025-01-07 07:10:00,6024.0,6025.0,6024.0,6024.75,131
2025-01-07 07:11:00,6025.0,6027.0,6024.75,6026.75,120
2025-01-07 07:12:00,6027.0,6027.5,6026.5,6026.5,108
2025-01-07 07:13:00,6027.0,6027.25,6026.75,6027.0,95
2025-01-07 07:14:00,6027.25,6027.5,6025.5,6026.25,134
2025-01-07 07:15:00,6026.5,6026.75,6023.5,6025.25,666
2025-01-07 07:16:00,6025.25,6026.0,6025.25,6025.5,133
2025-01-07 07:17:00,6025.75,6026.0,6025.0,6026.0,97
2025-01-07 07:18:00,6026.0,6026.0,6023.75,6024.75,175
2025-01-07 07:19:00,6024.5,6025.5,6024.25,6025.5,80
2025-01-07 07:20:00,6025.5,6026.0,6025.5,6026.0,66
2025-01-07 07:21:00,6025.75,6026.5,6025.75,6026.25,104
2025-01-07 07:22:00,6026.25,6026.25,6025.5,6025.75,64
2025-01-07 07:23:00,6025.75,6026.0,6025.0,6026.0,79
2025-01-07 07:24:00,6026.0,6026.0,6025.5,6025.75,39
2025-01-07 07:25:00,6025.75,6026.25,6025.25,6025.25,73
2025-01-07 07:26:00,6025.0,6025.25,6024.0,6024.75,146
2025-01-07 07:27:00,6024.5,6024.75,6024.0,6024.75,79
2025-01-07 07:28:00,6024.75,6025.0,6023.75,6024.25,222
2025-01-07 07:29:00,6024.25,6024.5,6023.5,6023.75,74
2025-01-07 07:30:00,6024.0,6024.75,6023.5,6024.75,121
2025-01-07 07:31:00,6025.0,6025.25,6024.75,6025.0,85
2025-01-07 07:32:00,6025.0,6027.25,6025.0,6026.75,233
2025-01-07 07:33:00,6026.75,6028.0,6026.75,6027.75,143
2025-01-07 07:34:00,6028.0,6028.5,6028.0,6028.0,254
2025-01-07 07:35:00,6028.0,6028.5,6028.0,6028.25,65
2025-01-07 07:36:00,6028.5,6029.25,6028.25,6029.0,207
2025-01-07 07:37:00,6029.0,6029.0,6028.0,6028.25,269
2025-01-07 07:38:00,6028.25,6028.25,6028.0,6028.0,129
2025-01-07 07:39:00,6028.0,6028.25,6027.5,6028.0,248
2025-01-07 07:40:00,6028.0,6028.5,6027.75,6028.5,194
2025-01-07 07:41:00,6028.5,6030.5,6028.5,6030.5,700
2025-01-07 07:42:00,6030.5,6030.5,6030.25,6030.5,143
2025-01-07 07:43:00,6030.5,6030.75,6030.25,6030.75,108
2025-01-07 07:44:00,6030.75,6031.25,6030.75,6031.25,132
2025-01-07 07:45:00,6031.25,6031.75,6030.25,6030.5,305
2025-01-07 07:46:00,6030.75,6031.0,6030.5,6030.5,218
2025-01-07 07:47:00,6030.5,6030.5,6028.75,6028.75,648
2025-01-07 07:48:00,6028.75,6029.75,6028.75,6029.75,222
2025-01-07 07:49:00,6029.75,6029.75,6029.0,6029.75,274
2025-01-07 07:50:00,6030.0,6030.25,6029.75,6030.0,178
2025-01-07 07:51:00,6030.25,6030.75,6029.75,6030.75,359
2025-01-07 07:52:00,6030.75,6032.0,6030.5,6032.0,491
2025-01-07 07:53:00,6032.0,6032.5,6031.75,6031.75,477
2025-01-07 07:54:00,6031.75,6032.0,6031.25,6031.25,444
2025-01-07 07:55:00,6031.25,6031.5,6030.0,6030.25,595
2025-01-07 07:56:00,6030.25,6031.0,6029.75,6029.75,459
2025-01-07 07:57:00,6029.5,6029.5,6028.0,6028.0,391
2025-01-07 07:58:00,6028.0,6028.25,6026.25,6026.25,716
2025-01-07 07:59:00,6026.5,6026.75,6025.5,6026.25,776
2025-01-07 08:00:00,6026.25,6027.5,6025.25,6027.5,564
2025-01-07 08:01:00,6027.25,6028.0,6027.0,6027.0,349
2025-01-07 08:02:00,6027.25,6028.5,6027.25,6028.0,308
2025-01-07 08:03:00,6028.25,6029.5,6028.0,6029.5,348
2025-01-07 08:04:00,6029.25,6029.5,6027.25,6028.0,454
2025-01-07 08:05:00,6028.0,6028.5,6027.75,6028.0,372
2025-01-07 08:06:00,6028.25,6028.25,6028.0,6028.0,52
2025-01-07 08:07:00,6028.0,6028.5,6026.5,6026.5,954
2025-01-07 08:08:00,6026.5,6027.0,6026.25,6026.75,344
2025-01-07 08:09:00,6026.5,6027.0,6026.25,6027.0,269
2025-01-07 08:10:00,6027.25,6027.25,6026.0,6026.5,398
2025-01-07 08:11:00,6026.5,6027.75,6026.25,6027.75,153
2025-01-07 08:12:00,6027.5,6027.75,6026.75,6027.25,172
2025-01-07 08:13:00,6027.25,6028.75,6027.0,6028.5,221
2025-01-07 08:14:00,6028.5,6030.0,6028.25,6029.75,249
2025-01-07 08:15:00,6029.5,6030.25,6029.0,6029.75,279
2025-01-07 08:16:00,6029.75,6031.5,6029.75,6031.0,483
2025-01-07 08:17:00,6031.25,6031.5,6030.75,6030.75,246
2025-01-07 08:18:00,6030.75,6031.5,6030.75,6031.25,68
2025-01-07 08:19:00,6031.5,6031.75,6031.25,6031.5,104
