Datetime,Open,High,Low,Close,Volume
2025-01-02 04:00:00,251.6237,251.6237,250.3251,251.0843,834
2025-01-02 04:01:00,251.0943,251.2641,250.9844,251.0443,1175
2025-01-02 04:02:00,251.0943,251.1542,250.9344,250.9344,847
2025-01-02 04:03:00,251.0243,251.0243,250.7047,250.7047,1692
2025-01-02 04:04:00,250.6847,250.8745,250.6647,250.7546,633
2025-01-02 04:05:00,250.7946,250.9444,250.7946,250.9344,1184
2025-01-02 04:06:00,250.9244,251.1742,250.9244,251.1742,3893
2025-01-02 04:07:00,251.1941,251.1941,251.0743,251.1742,170
2025-01-02 04:08:00,251.2241,251.3140,251.2241,251.2741,187
2025-01-02 04:09:00,251.1742,251.2741,251.1642,251.1742,91
2025-01-02 04:10:00,251.2541,251.2840,251.1842,251.2840,205
2025-01-02 04:11:00,251.3040,251.3040,251.1742,251.2241,198
2025-01-02 04:12:00,251.2840,251.2840,251.2141,251.2541,346
2025-01-02 04:13:00,251.2541,251.2541,251.1442,251.1542,985
2025-01-02 04:14:00,251.1941,251.2141,251.1342,251.1842,175
2025-01-02 04:15:00,251.1842,251.1842,251.0843,251.1342,570
2025-01-02 04:16:00,251.1342,251.1542,251.1142,251.1142,104
2025-01-02 04:17:00,251.1142,251.4738,251.1142,251.4638,3811
2025-01-02 04:18:00,251.4938,251.4938,251.3340,251.4439,151
2025-01-02 04:19:00,251.4239,251.4439,251.3440,251.3839,2176
2025-01-02 04:20:00,251.3839,251.4838,251.3839,251.3939,277
2025-01-02 04:21:00,251.3939,251.4439,251.3440,251.4239,73
2025-01-02 04:22:00,251.4339,251.4339,251.3240,251.3739,32
2025-01-02 04:23:00,251.3540,251.7036,251.3440,251.6237,4596
2025-01-02 04:24:00,251.5038,251.5737,251.4638,251.5038,50
2025-01-02 04:25:00,251.5038,251.5737,251.4439,251.4738,58
2025-01-02 04:26:00,251.4439,251.5438,251.3240,251.3540,1058
2025-01-02 04:27:00,251.4738,251.5138,251.3640,251.4638,332
2025-01-02 04:28:00,251.3640,251.4738,251.3640,251.4339,73
2025-01-02 04:29:00,251.4039,251.4638,251.3739,251.4139,1615
2025-01-02 04:30:00,251.4239,251.4838,251.4239,251.4838,16
2025-01-02 04:31:00,251.4539,251.4838,251.4039,251.4139,119
2025-01-02 04:32:00,251.4738,251.5737,251.4738,251.5438,904
2025-01-02 04:33:00,251.5438,251.5438,251.5138,251.5238,249
2025-01-02 04:34:00,251.5138,251.5138,251.4339,251.4838,19
2025-01-02 04:35:00,251.5038,251.5138,251.4539,251.4539,224
2025-01-02 04:36:00,251.5138,251.5138,251.3140,251.3739,531
2025-01-02 04:37:00,251.3739,251.3939,251.2341,251.3240,177
2025-01-02 04:38:00,251.3340,251.4339,251.2241,251.2241,3228
2025-01-02 04:39:00,251.2241,251.2241,251.0743,251.1542,1465
2025-01-02 04:40:00,251.1941,251.1941,251.1142,251.1142,39
2025-01-02 04:41:00,251.1542,251.1642,251.1242,251.1542,38
2025-01-02 04:42:00,251.1742,251.2541,251.1742,251.2541,612
2025-01-02 04:43:00,251.2641,251.2741,251.2141,251.2141,60
2025-01-02 04:44:00,251.2441,251.2641,251.2141,251.2241,116
2025-01-02 04:45:00,251.2641,251.2641,251.1941,251.2541,68
2025-01-02 04:46:00,251.2541,251.2541,251.0343,251.0843,1099
2025-01-02 04:47:00,251.0943,251.2441,251.0943,251.2441,17
2025-01-02 04:48:00,251.1941,251.2641,251.1742,251.1742,144
2025-01-02 04:49:00,251.1742,251.1742,251.1342,251.1342,34
2025-01-02 04:50:00,251.0243,251.1142,251.0243,251.0443,233
2025-01-02 04:51:00,251.1142,251.1142,251.1042,251.1142,78
2025-01-02 04:52:00,251.1142,251.1142,251.0143,251.1142,988
2025-01-02 04:53:00,251.1142,251.1142,251.0243,251.0243,5
2025-01-02 04:54:00,251.0044,251.0743,250.9944,251.0643,81
2025-01-02 04:55:00,251.0743,251.0743,251.0243,251.0243,17
2025-01-02 04:56:00,251.0243,251.1242,251.0243,251.0943,83
2025-01-02 04:57:00,251.1342,251.1342,251.0843,251.1142,10
2025-01-02 04:58:00,251.1142,251.1142,251.0643,251.0643,54
2025-01-02 04:59:00,251.0543,251.1142,251.0543,251.1142,156
2025-01-02 05:00:00,251.1142,251.1142,251.1042,251.1042,13
2025-01-02 05:01:00,251.1042,251.1042,251.0343,251.0643,34
2025-01-02 05:02:00,251.1042,251.1042,251.0643,251.0643,13
2025-01-02 05:03:00,251.0643,251.1042,250.9344,250.9744,1540
2025-01-02 05:04:00,250.9944,251.0044,250.9444,250.9444,119
2025-01-02 05:05:00,250.9844,251.0443,250.9844,251.0443,13
2025-01-02 05:06:00,250.9944,250.9944,250.8945,250.9244,328
2025-01-02 05:07:00,250.9244,250.9944,250.7646,250.7646,1465
2025-01-02 05:08:00,250.8445,250.8445,250.7546,250.7546,56
2025-01-02 05:09:00,250.8146,250.8645,250.7646,250.7846,13
2025-01-02 05:10:00,250.7846,250.8645,250.7746,250.8645,129
2025-01-02 05:11:00,250.7746,250.7746,250.4550,250.5249,6170
2025-01-02 05:12:00,250.4849,250.5449,250.3251,250.4550,1683
2025-01-02 05:13:00,250.5049,250.5149,250.3750,250.4150,861
2025-01-02 05:14:00,250.4150,250.4150,249.9755,250.1453,5290
2025-01-02 05:15:00,250.3351,250.4450,250.2951,250.4450,1121
2025-01-02 05:16:00,250.4350,250.4350,250.3251,250.3551,87
2025-01-02 05:17:00,250.3750,250.4150,250.2951,250.4150,195
2025-01-02 05:18:00,250.3451,250.4250,250.3451,250.4250,408
2025-01-02 05:19:00,250.3750,250.4150,250.3651,250.4150,224
2025-01-02 05:20:00,250.3651,250.4250,250.3651,250.4150,306
2025-01-02 05:21:00,250.4150,250.5848,250.4150,250.5249,1814
2025-01-02 05:22:00,250.5249,250.5349,250.4749,250.5249,115
2025-01-02 05:23:00,250.5249,250.5449,250.4749,250.5049,515
2025-01-02 05:24:00,250.5249,250.6348,250.4749,250.4949,7309
2025-01-02 05:25:00,250.4849,250.5848,250.4649,250.5848,242
2025-01-02 05:26:00,250.5349,250.5948,250.5349,250.5848,67
2025-01-02 05:27:00,250.5948,250.5948,250.5449,250.5848,27
2025-01-02 05:28:00,250.5848,250.5848,250.4350,250.5149,1998
2025-01-02 05:29:00,250.4350,250.5948,250.4350,250.5648,1400
2025-01-02 05:30:00,250.4849,250.5748,250.4350,250.5249,567
2025-01-02 05:31:00,250.4949,250.5249,250.4749,250.4849,133
2025-01-02 05:32:00,250.5249,250.5748,250.4949,250.5748,23
2025-01-02 05:33:00,250.5249,250.6348,250.5149,250.5748,536
2025-01-02 05:34:00,250.5748,250.6148,250.5748,250.5948,71
2025-01-02 05:35:00,250.6148,250.6348,250.5349,250.5948,2153
2025-01-02 05:36:00,250.5548,250.5948,250.5249,250.5249,6
2025-01-02 05:37:00,250.6048,250.6048,250.6048,250.6048,33
2025-01-02 05:38:00,250.5948,250.6348,250.5449,250.6248,1913
2025-01-02 05:39:00,250.6248,250.6248,250.5748,250.5748,122
2025-01-02 05:40:00,250.5548,250.6348,250.5249,250.6048,803
2025-01-02 05:41:00,250.5848,250.5848,250.5748,250.5748,5
2025-01-02 05:42:00,250.5648,250.6348,250.5548,250.5848,2873
2025-01-02 05:43:00,250.5748,250.6148,250.5548,250.6048,117
2025-01-02 05:44:00,250.5948,250.6348,250.5548,250.6148,2930
2025-01-02 05:45:00,250.6348,250.6348,250.5648,250.5648,4
2025-01-02 05:46:00,250.5948,250.6348,250.5948,250.6148,626
2025-01-02 05:47:00,250.6148,250.6248,250.5648,250.6248,172
2025-01-02 05:48:00,250.6148,250.6348,250.5648,250.5648,514
2025-01-02 05:49:00,250.5648,250.6148,250.5249,250.5349,957
2025-01-02 05:50:00,250.5449,250.5449,250.5249,250.5349,228
2025-01-02 05:51:00,250.5349,250.5349,250.4250,250.4550,624
2025-01-02 05:52:00,250.4450,250.4450,250.4050,250.4050,163
2025-01-02 05:53:00,250.3651,250.4050,250.2552,250.2652,1011
2025-01-02 05:54:00,250.2851,250.3351,250.2252,250.2951,1235
2025-01-02 05:55:00,250.2752,250.3651,250.2752,250.2851,26
2025-01-02 05:56:00,250.3750,250.3750,250.3750,250.3750,31
2025-01-02 05:57:00,250.2951,250.3850,250.2951,250.3051,45
2025-01-02 05:58:00,250.3850,250.4150,250.2752,250.2752,1210
2025-01-02 05:59:00,250.2752,250.3151,250.2352,250.3151,128
2025-01-02 06:00:00,250.2752,250.3351,250.2752,250.3251,688
2025-01-02 06:01:00,250.2951,250.3051,250.2252,250.2352,177
2025-01-02 06:02:00,250.2352,250.3151,250.2252,250.2951,343
2025-01-02 06:03:00,250.2951,250.2951,250.2252,250.2252,168
2025-01-02 06:04:00,250.2252,250.2951,250.1153,250.1153,372
2025-01-02 06:05:00,250.1453,250.2152,250.1353,250.2052,77
2025-01-02 06:06:00,250.2152,250.2152,250.1653,250.1653,4
2025-01-02 06:07:00,250.1353,250.2052,250.1353,250.1952,118
2025-01-02 06:08:00,250.2152,250.2152,250.0354,250.0454,1197
2025-01-02 06:09:00,250.0854,250.1153,250.0254,250.1153,88
2025-01-02 06:10:00,250.1353,250.1553,250.0154,250.0554,1111
2025-01-02 06:11:00,250.1053,250.1253,249.9655,250.0254,801
2025-01-02 06:12:00,250.0154,250.0954,249.9955,250.0954,255
2025-01-02 06:13:00,250.0054,250.0754,249.9955,250.0054,378
2025-01-02 06:14:00,250.0754,250.0954,250.0154,250.0954,34
2025-01-02 06:15:00,250.0554,250.0754,250.0254,250.0254,113
2025-01-02 06:16:00,250.0254,250.0654,250.0054,250.0654,19
2025-01-02 06:17:00,250.0154,250.0654,249.9955,250.0154,226
2025-01-02 06:18:00,250.0454,250.0454,250.0154,250.0254,152
2025-01-02 06:19:00,250.0354,250.1952,250.0054,250.1153,1612
2025-01-02 06:20:00,250.1253,250.1853,250.0654,250.1853,523
2025-01-02 06:21:00,250.1153,250.1453,250.0654,250.0654,348
2025-01-02 06:22:00,250.1253,250.1952,250.1253,250.1353,441
2025-01-02 06:23:00,250.1253,250.1453,250.0554,250.1153,219
2025-01-02 06:24:00,250.0754,250.0954,250.0254,250.0554,206
2025-01-02 06:25:00,250.1153,250.1153,250.0554,250.0554,40
2025-01-02 06:26:00,250.0554,250.1053,250.0554,250.1053,33
2025-01-02 06:27:00,250.0954,250.1153,250.0454,250.0754,297
2025-01-02 06:28:00,250.0654,250.0754,250.0254,250.0354,1718
2025-01-02 06:29:00,250.0254,250.0954,250.0254,250.0554,927
2025-01-02 06:30:00,250.0954,250.0954,250.0454,250.0454,1331
2025-01-02 06:31:00,250.0554,250.0654,249.9255,249.9255,1732
2025-01-02 06:32:00,249.9155,249.9155,249.6658,249.6858,2732
2025-01-02 06:33:00,249.7258,249.7957,249.6958,249.7957,208
2025-01-02 06:34:00,249.8057,249.8157,249.6858,249.6858,1545
2025-01-02 06:35:00,249.7158,249.7158,249.6359,249.6858,581
2025-01-02 06:36:00,249.6858,249.7757,249.6458,249.7657,1103
2025-01-02 06:37:00,249.7757,249.7857,249.5959,249.6758,4535
2025-01-02 06:38:00,249.7258,249.7258,249.6758,249.6858,70
2025-01-02 06:39:00,249.6858,249.7258,249.6259,249.6858,1641
2025-01-02 06:40:00,249.6858,249.6858,249.6658,249.6858,26
2025-01-02 06:41:00,249.6858,249.6858,249.6558,249.6858,34
2025-01-02 06:42:00,249.6858,249.8157,249.6858,249.8157,2725
2025-01-02 06:43:00,249.8157,249.9155,249.7857,249.8556,564
2025-01-02 06:44:00,249.9155,249.9255,249.8456,249.9255,113
2025-01-02 06:45:00,249.9255,249.9255,249.9255,249.9255,93
2025-01-02 06:46:00,249.8656,249.9056,249.8456,249.8656,150
2025-01-02 06:47:00,249.8656,249.9255,249.8656,249.9056,361
2025-01-02 06:48:00,249.8756,249.9255,249.8756,249.9056,671
2025-01-02 06:49:00,249.8756,249.9255,249.7757,249.8356,1246
2025-01-02 06:50:00,249.8256,249.8256,249.7357,249.7757,2074
2025-01-02 06:51:00,249.7757,249.8656,249.7757,249.8556,840
2025-01-02 06:52:00,249.8256,249.8456,249.6758,249.6858,1648
2025-01-02 06:53:00,249.6858,249.6858,249.6259,249.6858,1157
2025-01-02 06:54:00,249.7258,249.8256,249.7158,249.7158,905
2025-01-02 06:55:00,249.7357,249.8356,249.7258,249.7557,557
2025-01-02 06:56:00,249.7657,249.9056,249.7657,249.8656,987
2025-01-02 06:57:00,249.8356,249.8956,249.7357,249.8856,2099
2025-01-02 06:58:00,249.9056,250.0654,249.8256,250.0354,4092
2025-01-02 06:59:00,250.0654,250.1653,250.0354,250.1253,563
2025-01-02 07:00:00,250.1353,250.1952,249.9755,250.0154,8710
2025-01-02 07:01:00,250.0554,250.3651,250.0554,250.2752,3783
2025-01-02 07:02:00,250.2652,250.5249,250.1952,250.4150,1513
2025-01-02 07:03:00,250.4450,250.5149,250.0354,250.1053,3319
2025-01-02 07:04:00,250.1153,250.1952,250.0554,250.1253,2427
2025-01-02 07:05:00,250.1253,250.2252,250.0154,250.0654,1643
2025-01-02 07:06:00,250.0754,250.2052,250.0654,250.1753,536
2025-01-02 07:07:00,250.1653,250.1753,250.1153,250.1753,680
2025-01-02 07:08:00,250.1753,250.2252,250.0754,250.1853,4384
2025-01-02 07:09:00,250.1753,250.2452,250.1353,250.2252,4480
2025-01-02 07:10:00,250.2152,250.2252,250.1952,250.1952,362
2025-01-02 07:11:00,250.1753,250.2352,250.0154,250.1053,2397
2025-01-02 07:12:00,250.0954,250.1753,250.0954,250.1753,616
2025-01-02 07:13:00,250.1653,250.2252,250.1653,250.1853,163
2025-01-02 07:14:00,250.1952,250.3151,250.1952,250.2752,404
2025-01-02 07:15:00,250.3251,250.3750,250.3051,250.3051,1643
2025-01-02 07:16:00,250.3351,250.4050,250.2951,250.3551,2780
2025-01-02 07:17:00,250.3950,250.4450,250.3051,250.3251,1302
2025-01-02 07:18:00,250.3251,250.3750,250.3251,250.3750,271
2025-01-02 07:19:00,250.3251,250.3651,250.2352,250.2752,1210
2025-01-02 07:20:00,250.3051,250.3051,250.3051,250.3051,71
2025-01-02 07:21:00,250.3051,250.3051,250.2652,250.3051,44
2025-01-02 07:22:00,250.3051,250.4050,250.3051,250.3950,500
2025-01-02 07:23:00,250.4250,250.4450,250.3551,250.4150,1182
2025-01-02 07:24:00,250.3451,250.3551,250.2752,250.3451,1429
2025-01-02 07:25:00,250.3551,250.6348,250.3551,250.6348,5166
2025-01-02 07:26:00,250.6248,250.7047,250.6248,250.6348,1406
2025-01-02 07:27:00,250.6847,250.8246,250.6547,250.8246,3377
2025-01-02 07:28:00,250.7946,250.8146,250.7247,250.7247,1561
2025-01-02 07:29:00,250.7247,250.8146,250.7247,250.7846,731
2025-01-02 07:30:00,250.7346,250.7346,250.6048,250.6248,987
2025-01-02 07:31:00,250.5948,250.6148,250.5349,250.5349,7814
2025-01-02 07:32:00,250.5349,250.5748,250.5349,250.5648,2272
2025-01-02 07:33:00,250.5449,250.5648,250.4849,250.5049,366
2025-01-02 07:34:00,250.5149,250.5349,250.4649,250.4749,1043
2025-01-02 07:35:00,250.4550,250.4550,250.2052,250.2352,4568
2025-01-02 07:36:00,250.2352,250.3750,250.2352,250.3750,31
2025-01-02 07:37:00,250.3551,250.4749,250.3551,250.4550,1649
2025-01-02 07:38:00,250.4649,250.4749,250.3351,250.4749,915
2025-01-02 07:39:00,250.4849,250.5249,250.4849,250.5249,59
2025-01-02 07:40:00,250.5548,250.5648,250.5548,250.5648,65
2025-01-02 07:41:00,250.5648,250.5648,250.3051,250.4649,1045
2025-01-02 07:42:00,250.4649,250.4849,250.3451,250.4250,912
2025-01-02 07:43:00,250.4550,250.4550,250.3551,250.4050,1113
2025-01-02 07:44:00,250.3750,250.4150,250.3551,250.3750,565
2025-01-02 07:45:00,250.3651,250.3750,250.2352,250.2452,993
2025-01-02 07:46:00,250.2951,250.2951,250.1653,250.1952,1327
2025-01-02 07:47:00,250.2652,250.2851,250.2152,250.2752,891
2025-01-02 07:48:00,250.3151,250.3551,250.2951,250.3451,428
2025-01-02 07:49:00,250.3251,250.3251,250.2252,250.2252,1109
2025-01-02 07:50:00,250.2352,250.2352,250.1653,250.2252,1061
2025-01-02 07:51:00,250.2152,250.2152,250.0054,250.0454,4871
2025-01-02 07:52:00,250.0254,250.1053,249.7258,250.0754,2706
2025-01-02 07:53:00,250.0854,250.0954,250.0154,250.0754,1835
2025-01-02 07:54:00,250.0854,250.2052,250.0654,250.2052,1654
2025-01-02 07:55:00,250.1553,250.2152,250.1253,250.2152,3089
2025-01-02 07:56:00,250.1453,250.2652,250.0754,250.2652,721
2025-01-02 07:57:00,250.2652,250.2951,250.2552,250.2851,191
2025-01-02 07:58:00,250.2951,250.2951,250.2252,250.2951,432
2025-01-02 07:59:00,250.2851,250.2851,250.2652,250.2752,60
2025-01-02 08:00:00,250.1453,251.5637,249.5956,250.2801,229684
2025-01-02 08:01:00,250.1353,251.5138,249.6242,250.2352,3010
2025-01-02 08:02:00,250.1453,250.2951,250.1453,250.2352,431
2025-01-02 08:03:00,250.2452,250.4550,250.1753,250.2252,528
2025-01-02 08:04:00,250.3051,250.4150,250.2252,250.3251,367
2025-01-02 08:05:00,250.3451,250.4150,250.1453,250.3551,4243
2025-01-02 08:06:00,250.3750,250.4649,250.3261,250.4150,955
2025-01-02 08:07:00,250.3950,250.4649,250.3251,250.3950,387
2025-01-02 08:08:00,250.4250,250.4649,250.3251,250.3850,676
2025-01-02 08:09:00,250.4000,250.4550,250.3950,250.4250,188
2025-01-02 08:10:00,250.3976,250.4350,250.3750,250.3950,421
2025-01-02 08:11:00,250.3750,250.4150,250.3451,250.3750,3345
2025-01-02 08:12:00,250.3700,250.4150,250.3251,250.3750,980
2025-01-02 08:13:00,250.3750,250.4150,250.3351,250.4050,405
2025-01-02 08:14:00,250.3850,250.4150,250.3351,250.3750,275
2025-01-02 08:15:00,250.3750,250.4150,250.3351,250.3850,1431
2025-01-02 08:16:00,250.3451,250.3950,250.3251,250.3251,830
2025-01-02 08:17:00,250.3651,250.3950,250.3501,250.3800,2247
2025-01-02 08:18:00,250.3750,250.3950,250.3251,250.3700,8176
2025-01-02 08:19:00,250.3255,250.3850,250.3251,250.3551,1803
2025-01-02 08:20:00,250.3750,250.3750,250.3251,250.3651,1761
2025-01-02 08:21:00,250.3351,250.3750,250.2851,250.3750,7598
2025-01-02 08:22:00,250.3051,250.3750,250.1453,250.3051,1007
2025-01-02 08:23:00,250.2951,250.3750,250.2352,250.3451,985
2025-01-02 08:24:00,250.2352,250.3651,250.1453,250.1453,103
2025-01-02 08:25:00,250.3051,250.3651,250.1453,250.2452,447
2025-01-02 08:26:00,250.3451,250.3651,250.2452,250.2801,260
2025-01-02 08:27:00,250.3151,250.3651,250.2452,250.2851,4209
2025-01-02 08:28:00,250.2752,250.3651,250.2252,250.2252,1726
2025-01-02 08:29:00,250.2752,250.3248,250.1253,250.1703,3549
2025-01-02 08:30:00,250.1353,250.2152,250.1253,250.1753,1998
2025-01-02 08:31:00,250.2152,250.2152,250.1253,250.1253,1832
2025-01-02 08:32:00,250.2152,250.2152,250.0254,250.1253,3196
2025-01-02 08:33:00,250.1203,250.2152,250.0254,250.1453,1154
2025-01-02 08:34:00,250.2152,250.2252,250.0754,250.0754,7667
2025-01-02 08:35:00,250.0754,250.3251,250.0754,250.3246,3746
2025-01-02 08:36:00,250.3251,250.3251,250.1453,250.1453,4437
2025-01-02 08:37:00,250.1603,250.1853,250.0254,250.0254,2422
2025-01-02 08:38:00,250.0754,250.1253,250.0254,250.1253,1905
2025-01-02 08:39:00,250.1253,250.2252,250.0254,250.0414,2059
2025-01-02 08:40:00,250.0754,250.1353,249.9755,250.0754,4186
2025-01-02 08:41:00,250.0954,250.1153,250.0754,250.1003,2540
2025-01-02 08:42:00,250.0954,250.1253,250.0754,250.1053,1167
2025-01-02 08:43:00,250.0954,250.1153,249.9255,249.9315,4766
2025-01-02 08:44:00,249.9255,250.0754,249.8256,249.8856,4760
2025-01-02 08:45:00,249.8956,249.9455,249.7258,249.7357,8473
2025-01-02 08:46:00,249.7258,249.7557,249.4061,249.4710,12432
2025-01-02 08:47:00,249.5060,249.5360,249.3162,249.3911,2794
2025-01-02 08:48:00,249.3761,249.5260,249.3262,249.3861,9528
2025-01-02 08:49:00,249.3761,249.5353,249.2163,249.2463,10466
2025-01-02 08:50:00,249.2962,249.3262,248.7269,248.7468,21598
2025-01-02 08:51:00,248.8267,248.9166,248.6469,248.7768,13865
2025-01-02 08:52:00,248.7768,248.8267,248.6070,248.7269,19300
2025-01-02 08:53:00,248.7269,249.0265,248.6569,248.9666,10554
2025-01-02 08:54:00,249.0264,249.0265,248.8767,248.9766,2782
2025-01-02 08:55:00,249.0265,249.0265,248.7868,248.8967,7308
2025-01-02 08:56:00,248.7868,248.9666,248.7868,248.9067,743
2025-01-02 08:57:00,248.8667,248.8867,248.7968,248.8267,1308
2025-01-02 08:58:00,248.8267,248.8667,248.7868,248.8267,3451
2025-01-02 08:59:00,248.8267,248.8767,248.7468,248.8367,3553
2025-01-02 09:00:00,248.8566,248.8567,248.6270,248.8167,6804
2025-01-02 09:01:00,248.7668,248.8168,248.5870,248.6769,3182
2025-01-02 09:02:00,248.7269,248.8467,248.6370,248.7669,4494
2025-01-02 09:03:00,248.7668,248.8467,248.6070,248.7868,3661
2025-01-02 09:04:00,248.7768,248.8267,248.6070,248.7368,2861
2025-01-02 09:05:00,248.6869,248.8419,248.6170,248.6469,4770
2025-01-02 09:06:00,248.6469,248.8567,248.5271,248.5271,16547
2025-01-02 09:07:00,248.5970,248.6270,248.5271,248.6070,1732
2025-01-02 09:08:00,248.6070,248.7768,248.5770,248.7269,3361
2025-01-02 09:09:00,248.7269,248.7768,248.6769,248.6769,3039
2025-01-02 09:10:00,248.7269,248.7768,248.6769,248.7368,1848
2025-01-02 09:11:00,248.7368,248.7768,248.5770,248.6270,5267
2025-01-02 09:12:00,248.6370,248.7768,248.5770,248.7768,2525
2025-01-02 09:13:00,248.7768,248.7768,248.6270,248.7518,2459
2025-01-02 09:14:00,248.7518,251.8434,248.6170,248.6469,2675
2025-01-02 09:15:00,248.7269,251.5438,248.6170,248.8267,8236
2025-01-02 09:16:00,248.8267,248.8567,248.7468,248.8267,990
2025-01-02 09:17:00,248.8267,252.1231,248.7868,248.8173,9632
2025-01-02 09:18:00,248.8267,248.9766,248.7269,248.8467,4829
2025-01-02 09:19:00,248.8767,248.9266,248.8367,248.8367,1777
2025-01-02 09:20:00,248.8867,248.8967,248.7269,248.8267,1896
2025-01-02 09:21:00,248.8267,248.9266,248.7568,248.8467,3148
2025-01-02 09:22:00,248.8470,248.8767,248.7668,248.8567,1597
2025-01-02 09:23:00,248.8667,248.8727,248.6969,248.7269,8579
2025-01-02 09:24:00,248.7368,248.7368,248.6170,248.6769,2869
2025-01-02 09:25:00,248.7269,248.7269,247.8278,248.1075,60050
2025-01-02 09:26:00,248.1175,248.2374,248.0376,248.1775,21440
2025-01-02 09:27:00,248.2374,248.6070,247.9777,248.1874,14437
2025-01-02 09:28:00,248.5271,248.6070,248.2074,248.4871,2812
2025-01-02 09:29:00,248.4372,248.6769,248.2918,248.6569,7356
2025-01-02 09:30:00,248.6569,248.7169,247.7379,247.9078,1245220
2025-01-02 09:31:00,247.9727,248.8267,247.0087,247.3683,463134
2025-01-02 09:32:00,247.2984,248.1275,246.9638,246.9888,219248
2025-01-02 09:33:00,246.9588,247.0625,246.0997,246.5043,399303
2025-01-02 09:34:00,246.4793,246.6691,246.0298,246.0598,289896
2025-01-02 09:35:00,246.0748,246.2096,245.4904,245.5626,434839
2025-01-02 09:36:00,245.5703,245.7701,245.2706,245.4205,398006
2025-01-02 09:37:00,245.4505,245.4505,244.9760,245.2770,367785
2025-01-02 09:38:00,245.2607,245.3905,244.9510,245.2881,299881
2025-01-02 09:39:00,245.3042,245.3905,244.8311,244.9513,329443
2025-01-02 09:40:00,244.9610,245.4903,244.8112,245.4804,284116
2025-01-02 09:41:00,245.4731,245.4731,244.8911,244.9560,252975
2025-01-02 09:42:00,244.9810,245.4005,244.5315,245.2856,441448
2025-01-02 09:43:00,245.2856,245.5802,244.8112,244.8384,237800
2025-01-02 09:44:00,244.8211,244.9910,244.5764,244.9270,255249
2025-01-02 09:45:00,244.9375,245.1807,244.7912,244.7912,179302
2025-01-02 09:46:00,244.7912,245.1807,244.7013,245.0209,284543
2025-01-02 09:47:00,245.0159,245.1008,244.7312,244.7862,228389
2025-01-02 09:48:00,244.7912,245.1807,244.7077,245.1608,194599
2025-01-02 09:49:00,245.1907,245.6802,245.1108,245.6103,246097
2025-01-02 09:50:00,245.6153,245.7601,245.3406,245.3406,262047
2025-01-02 09:51:00,245.3206,245.6303,245.2407,245.5753,141896
2025-01-02 09:52:00,245.6103,245.9199,245.4505,245.8217,209502
2025-01-02 09:53:00,245.8400,246.0298,245.7751,245.9099,157392
2025-01-02 09:54:00,245.9299,246.2096,245.8750,246.1497,177279
2025-01-02 09:55:00,246.1497,246.5717,246.0897,246.3794,210644
2025-01-02 09:56:00,246.3994,246.6192,246.3744,246.4803,196650
2025-01-02 09:57:00,246.4994,246.6391,246.4094,246.5209,98811
2025-01-02 09:58:00,246.5293,246.6391,246.4394,246.5942,141318
2025-01-02 09:59:00,246.5992,246.7191,246.5293,246.5818,187517
2025-01-02 10:00:00,246.6142,246.7490,246.2895,246.4244,235400
2025-01-02 10:01:00,246.3994,246.4693,246.2396,246.2895,118719
2025-01-02 10:02:00,246.2895,246.4793,246.0098,246.4194,190922
2025-01-02 10:03:00,246.4094,246.6772,246.3994,246.4494,103934
2025-01-02 10:04:00,246.4693,246.8389,246.4593,246.7440,149905
2025-01-02 10:05:00,246.7690,247.1485,246.7490,246.9388,108054
2025-01-02 10:06:00,246.9275,247.1686,246.7990,246.8588,69952
2025-01-02 10:07:00,246.8589,247.1186,246.8189,247.1036,89560
2025-01-02 10:08:00,247.0637,247.2984,247.0287,247.2984,114551
2025-01-02 10:09:00,247.3184,247.4383,247.2585,247.3883,115687
2025-01-02 10:10:00,247.3584,247.5382,247.2984,247.5032,120273
2025-01-02 10:11:00,247.4982,247.5182,247.2485,247.3683,121840
2025-01-02 10:12:00,247.3683,247.3783,247.1236,247.1286,80342
2025-01-02 10:13:00,247.1536,247.1885,247.0487,247.0986,124333
2025-01-02 10:14:00,247.0887,247.1786,247.0287,247.1286,109894
2025-01-02 10:15:00,247.1386,247.1885,247.0787,247.0887,70532
2025-01-02 10:16:00,247.0790,247.0790,246.8289,246.8689,97262
2025-01-02 10:17:00,246.8689,246.8889,246.6791,246.7589,138010
2025-01-02 10:18:00,246.7590,246.8289,246.5492,246.5592,161080
2025-01-02 10:19:00,246.5592,246.5842,246.0897,246.1097,135799
2025-01-02 10:20:00,246.1197,246.2396,245.9099,245.9299,156195
2025-01-02 10:21:00,245.9549,246.0398,245.6402,245.7501,178023
2025-01-02 10:22:00,245.7851,245.7941,245.3106,245.4804,155431
2025-01-02 10:23:00,245.5204,245.5204,245.1308,245.1308,116820
2025-01-02 10:24:00,245.1508,245.3506,245.0309,245.2407,133752
2025-01-02 10:25:00,245.2407,245.4205,245.1558,245.3106,132189
2025-01-02 10:26:00,245.3106,245.5204,245.2407,245.4997,127375
2025-01-02 10:27:00,245.5204,245.6009,245.4305,245.4305,88732
2025-01-02 10:28:00,245.4554,245.4704,245.0209,245.2756,103344
2025-01-02 10:29:00,245.2607,245.5104,245.2307,245.4105,102311
2025-01-02 10:30:00,245.3905,245.4571,245.0309,245.0309,80636
2025-01-02 10:31:00,245.0309,245.0409,244.6913,244.7812,218567
2025-01-02 10:32:00,244.8211,245.3206,244.7612,245.3206,151680
2025-01-02 10:33:00,245.3156,245.4355,245.2207,245.4005,115041
2025-01-02 10:34:00,245.4005,245.4721,245.1758,245.1758,95370
2025-01-02 10:35:00,245.2207,245.3106,245.0908,245.2407,88560
2025-01-02 10:36:00,245.2457,245.2457,245.0109,245.2207,96440
2025-01-02 10:37:00,245.2037,245.3606,244.9760,245.0409,121029
2025-01-02 10:38:00,245.0259,245.0459,244.8411,244.9660,80575
2025-01-02 10:39:00,244.9685,245.0809,244.8961,244.9610,183301
2025-01-02 10:40:00,244.9610,245.1907,244.8911,245.1008,109860
2025-01-02 10:41:00,245.0609,245.1408,244.8811,244.8911,76412
2025-01-02 10:42:00,244.9017,244.9310,244.7312,244.8211,192468
2025-01-02 10:43:00,244.8161,244.8611,244.6713,244.7812,208594
2025-01-02 10:44:00,244.7912,244.9210,244.6634,244.8811,108321
2025-01-02 10:45:00,244.8811,245.1308,244.8112,244.8811,143516
2025-01-02 10:46:00,244.9062,247.1336,244.5814,244.5814,127777
2025-01-02 10:47:00,244.5964,244.7113,244.5514,244.6713,167482
2025-01-02 10:48:00,244.6446,245.1508,244.6314,245.1408,164352
2025-01-02 10:49:00,245.1508,245.1658,244.8561,244.9110,137956
2025-01-02 10:50:00,244.9110,245.1297,244.8861,245.0859,179480
2025-01-02 10:51:00,245.0709,245.4804,244.8911,245.3905,164040
2025-01-02 10:52:00,245.3822,245.6103,245.3006,245.3206,165431
2025-01-02 10:53:00,245.3106,245.4155,244.8012,245.0309,135525
2025-01-02 10:54:00,245.0209,245.5004,245.0007,245.4804,122153
2025-01-02 10:55:00,245.4804,245.5304,245.2906,245.3556,73269
2025-01-02 10:56:00,245.3506,245.4804,245.2314,245.4754,72492
2025-01-02 10:57:00,245.4792,245.4792,245.2657,245.2856,73043
2025-01-02 10:58:00,245.2806,245.3805,244.9910,245.0159,81805
2025-01-02 10:59:00,245.0159,245.1708,244.9310,245.1458,82509
2025-01-02 11:00:00,245.1483,245.2107,244.9310,245.0958,88155
2025-01-02 11:01:00,245.0809,245.2157,244.9860,245.1108,69910
2025-01-02 11:02:00,245.1108,245.1408,244.7412,244.7562,178791
2025-01-02 11:03:00,244.7562,244.7962,244.4316,244.4815,190880
2025-01-02 11:04:00,244.5015,244.5315,244.1818,244.2421,173388
2025-01-02 11:05:00,244.2568,244.4132,244.1519,244.2875,116667
2025-01-02 11:06:00,244.2817,244.3716,244.1419,244.1818,125004
2025-01-02 11:07:00,244.1818,244.3815,244.1019,244.1519,140062
2025-01-02 11:08:00,244.1818,244.3816,244.1019,244.1169,79712
2025-01-02 11:09:00,244.1369,244.2717,244.1119,244.2717,84574
2025-01-02 11:10:00,244.2717,244.2817,243.9465,243.9821,155612
2025-01-02 11:11:00,243.9821,244.2717,243.8923,244.2118,139976
2025-01-02 11:12:00,244.2118,244.2494,243.9821,244.0620,73818
2025-01-02 11:13:00,244.0520,244.1419,244.0120,244.0220,68737
2025-01-02 11:14:00,243.9970,244.1918,243.9321,244.0720,93140
2025-01-02 11:15:00,244.0919,244.1020,243.9821,244.0120,73072
2025-01-02 11:16:00,244.0120,244.3167,243.9171,244.2118,157690
2025-01-02 11:17:00,244.2118,244.3517,244.1818,244.2118,107258
2025-01-02 11:18:00,244.2018,244.3217,244.1019,244.3017,65864
2025-01-02 11:19:00,244.3167,244.6214,244.2967,244.5365,95782
2025-01-02 11:20:00,244.5365,244.7312,244.4416,244.5015,122719
2025-01-02 11:21:00,244.4815,244.5015,244.2843,244.3556,75331
2025-01-02 11:22:00,244.3517,244.4116,244.1818,244.2568,60392
2025-01-02 11:23:00,244.2618,244.5315,244.2018,244.5165,65789
2025-01-02 11:24:00,244.5315,244.8112,244.5315,244.6463,109080
2025-01-02 11:25:00,244.6613,244.7013,244.4216,244.4508,77786
2025-01-02 11:26:00,244.4416,244.6413,244.3616,244.6413,85236
2025-01-02 11:27:00,244.6413,244.6563,244.5110,244.5415,50731
2025-01-02 11:28:00,244.5814,244.6413,244.5215,244.6413,43940
2025-01-02 11:29:00,244.6214,244.6813,244.5714,244.6264,44582
2025-01-02 11:30:00,244.6412,244.8012,244.5015,244.7312,80841
2025-01-02 11:31:00,244.7312,244.7412,244.5015,244.6413,66722
2025-01-02 11:32:00,244.6363,244.7113,244.4116,244.5914,65610
2025-01-02 11:33:00,244.6114,244.7311,244.4815,244.7013,46362
2025-01-02 11:34:00,244.7013,244.7113,244.5065,244.5614,54454
2025-01-02 11:35:00,244.5664,244.6713,244.5125,244.6613,75957
2025-01-02 11:36:00,244.6713,244.7912,244.6114,244.7114,97739
2025-01-02 11:37:00,244.7213,244.7213,244.5814,244.6166,52645
2025-01-02 11:38:00,244.6114,244.7113,244.5216,244.5714,35703
2025-01-02 11:39:00,244.5703,244.8112,244.5703,244.6014,76865
2025-01-02 11:40:00,244.6014,244.8861,244.5590,244.7262,71695
2025-01-02 11:41:00,244.7312,244.7482,244.6014,244.6763,49242
2025-01-02 11:42:00,244.6813,244.7072,244.6089,244.6713,37411
2025-01-02 11:43:00,244.6613,244.6613,244.5315,244.5614,42213
2025-01-02 11:44:00,244.5714,244.5784,244.4515,244.5415,55162
2025-01-02 11:45:00,244.5514,244.6314,244.5115,244.5564,71915
2025-01-02 11:46:00,244.5514,244.6079,244.4915,244.6075,43032
2025-01-02 11:47:00,244.5886,244.6713,244.5886,244.6044,43705
2025-01-02 11:48:00,244.6114,244.7412,244.5514,244.7013,78503
2025-01-02 11:49:00,244.7013,244.8811,244.6314,244.8511,90573
2025-01-02 11:50:00,244.8311,244.8511,244.7113,244.8044,62567
2025-01-02 11:51:00,244.8112,244.9810,244.7412,244.9510,76134
2025-01-02 11:52:00,244.9610,244.9648,244.6513,244.6913,93749
2025-01-02 11:53:00,244.6763,244.6913,244.5914,244.6114,47964
2025-01-02 11:54:00,244.6114,244.6214,244.2618,244.3117,119537
2025-01-02 11:55:00,244.3317,244.3656,244.3017,244.3077,40350
2025-01-02 11:56:00,244.3097,244.4515,244.3017,244.3816,57770
2025-01-02 11:57:00,244.3517,244.4116,244.3017,244.3117,42681
2025-01-02 11:58:00,244.3117,244.4416,244.2518,244.4315,47038
2025-01-02 11:59:00,244.4116,244.4116,244.2684,244.3716,42117
2025-01-02 12:00:00,244.4116,244.4416,244.3028,244.3028,42426
2025-01-02 12:01:00,244.2817,244.4915,244.2678,244.4715,49947
2025-01-02 12:02:00,244.4915,244.5764,244.3816,244.4615,66315
2025-01-02 12:03:00,244.4715,244.5315,244.4047,244.5288,63384
2025-01-02 12:04:00,244.5415,244.6413,244.5115,244.6413,61690
2025-01-02 12:05:00,244.6563,244.7612,244.5714,244.7013,43558
2025-01-02 12:06:00,244.7163,244.8311,244.6413,244.6613,61758
2025-01-02 12:07:00,244.6813,244.7073,244.5914,244.6414,41657
2025-01-02 12:08:00,244.6413,244.6413,244.3417,244.3467,102196
2025-01-02 12:09:00,244.3417,244.4316,244.3244,244.4016,50417
2025-01-02 12:10:00,244.4116,244.5614,244.4116,244.5426,37546
2025-01-02 12:11:00,244.5215,244.6113,244.4606,244.5259,29690
2025-01-02 12:12:00,244.5415,244.6214,244.5415,244.6014,38404
2025-01-02 12:13:00,244.6213,244.9410,244.5944,244.9310,107418
2025-01-02 12:14:00,244.9210,244.9810,244.8311,244.8448,78742
2025-01-02 12:15:00,244.8411,244.8411,244.6713,244.7912,85004
2025-01-02 12:16:00,244.7534,244.7862,244.5614,244.5614,37775
2025-01-02 12:17:00,244.5315,244.6576,244.4915,244.5315,48706
2025-01-02 12:18:00,244.5365,244.6114,244.4102,244.4679,51697
2025-01-02 12:19:00,244.4116,244.5215,244.3816,244.5153,37843
2025-01-02 12:20:00,244.5215,244.6014,244.2618,244.2618,85678
2025-01-02 12:21:00,244.2817,244.3417,244.1619,244.2668,106803
2025-01-02 12:22:00,244.2668,244.2816,244.0720,244.1469,107979
2025-01-02 12:23:00,244.1419,244.1619,243.9121,243.9621,102004
2025-01-02 12:24:00,243.9771,243.9771,243.6824,243.7623,307970
2025-01-02 12:25:00,243.7523,243.7923,243.5625,243.5929,106044
2025-01-02 12:26:00,243.6025,243.6424,243.4626,243.5126,122975
2025-01-02 12:27:00,243.5126,243.5524,243.1929,243.2529,177611
2025-01-02 12:28:00,243.2778,243.3328,243.1730,243.2334,119658
2025-01-02 12:29:00,243.2479,243.2479,243.0431,243.1616,145412
2025-01-02 12:30:00,243.1530,243.1530,242.6635,242.7584,234163
2025-01-02 12:31:00,242.7734,242.8333,242.5103,242.7834,170495
2025-01-02 12:32:00,242.7654,243.0331,242.7135,242.7919,88670
2025-01-02 12:33:00,242.7844,242.8333,242.5936,242.7284,77234
2025-01-02 12:34:00,242.6935,242.7234,242.5137,242.5536,87800
2025-01-02 12:35:00,242.5536,242.7234,242.4438,242.6935,122379
2025-01-02 12:36:00,242.6935,242.7165,242.5536,242.5736,90646
2025-01-02 12:37:00,242.5671,242.6036,242.3440,242.4585,100024
2025-01-02 12:38:00,242.4537,242.5337,242.2640,242.3339,101830
2025-01-02 12:39:00,242.3439,242.4997,242.3059,242.3248,101553
2025-01-02 12:40:00,242.3339,242.3693,242.1840,242.2540,92039
2025-01-02 12:41:00,242.2440,242.5337,242.2440,242.4637,134566
2025-01-02 12:42:00,242.4737,242.4837,242.1341,242.2540,110876
2025-01-02 12:43:00,242.2838,242.4937,242.2739,242.4537,117053
2025-01-02 12:44:00,242.4388,242.4737,242.2739,242.3439,88204
2025-01-02 12:45:00,242.3838,242.3838,242.1141,242.2440,99806
2025-01-02 12:46:00,242.2340,242.5037,242.1141,242.3039,189961
2025-01-02 12:47:00,242.2939,242.3339,242.1341,242.2640,65489
2025-01-02 12:48:00,242.2739,242.3339,242.0742,242.3039,77202
2025-01-02 12:49:00,242.3238,242.4038,242.2340,242.2340,90666
2025-01-02 12:50:00,242.2640,242.5037,242.0442,242.4437,116477
2025-01-02 12:51:00,242.4238,242.7035,242.2441,242.6935,151395
2025-01-02 12:52:00,242.7035,242.7634,242.5337,242.5936,139475
2025-01-02 12:53:00,242.5936,242.7095,242.4579,242.5786,99181
2025-01-02 12:54:00,242.5836,242.6435,242.2540,242.3738,118396
2025-01-02 12:55:00,242.3738,242.6136,242.3439,242.4637,77313
2025-01-02 12:56:00,242.4637,242.7234,242.4338,242.7135,66021
2025-01-02 12:57:00,242.7234,242.7234,242.5436,242.5836,57245
2025-01-02 12:58:00,242.5736,242.7334,242.5337,242.6735,80682
2025-01-02 12:59:00,242.6735,242.8133,242.6237,242.7185,65206
2025-01-02 13:00:00,242.7135,242.7198,242.4138,242.4737,73092
2025-01-02 13:01:00,242.4620,242.5337,242.2640,242.3539,140817
2025-01-02 13:02:00,242.3339,242.4800,242.2040,242.3040,97474
2025-01-02 13:03:00,242.3239,242.4437,242.2540,242.3239,47164
2025-01-02 13:04:00,242.2917,242.4038,242.1441,242.2889,59019
2025-01-02 13:05:00,242.2739,242.4637,242.2739,242.4487,92793
2025-01-02 13:06:00,242.4487,242.5436,242.4038,242.4537,64669
2025-01-02 13:07:00,242.4537,242.6335,242.4338,242.5386,54964
2025-01-02 13:08:00,242.5436,242.5736,242.4837,242.5137,54870
2025-01-02 13:09:00,242.5137,242.7634,242.5137,242.7434,114949
2025-01-02 13:10:00,242.7434,242.7544,242.4837,242.5337,118500
2025-01-02 13:11:00,242.5037,242.7135,242.4438,242.4837,66931
2025-01-02 13:12:00,242.5037,242.5037,242.3139,242.3888,77533
2025-01-02 13:13:00,242.3838,242.4038,242.1267,242.1840,131889
2025-01-02 13:14:00,242.1890,242.3039,242.1840,242.2839,67431
2025-01-02 13:15:00,242.2989,242.3339,242.0442,242.1391,94285
2025-01-02 13:16:00,242.1402,242.3039,242.1041,242.2270,129535
2025-01-02 13:17:00,242.2340,242.3638,242.2240,242.2540,65659
2025-01-02 13:18:00,242.2590,242.4837,242.2040,242.4537,76669
2025-01-02 13:19:00,242.4438,242.4737,242.3938,242.4188,73408
2025-01-02 13:20:00,242.4138,242.6535,242.4138,242.4537,99962
2025-01-02 13:21:00,242.4837,242.5736,242.2739,242.3439,70462
2025-01-02 13:22:00,242.3588,242.5436,242.2739,242.4158,82274
2025-01-02 13:23:00,242.4398,242.6120,242.4338,242.5337,701928
2025-01-02 13:24:00,242.5337,242.5337,242.3439,242.3738,122521
2025-01-02 13:25:00,242.3838,242.4438,242.2340,242.3738,274602
2025-01-02 13:26:00,242.3967,242.4138,242.2340,242.2839,63383
2025-01-02 13:27:00,242.2839,242.4238,242.2440,242.3389,55889
2025-01-02 13:28:00,242.3738,242.4737,242.3489,242.3938,40116
2025-01-02 13:29:00,242.3938,242.4537,242.3638,242.4200,39596
2025-01-02 13:30:00,242.4038,242.4338,242.2440,242.2440,75604
2025-01-02 13:31:00,242.2340,242.2839,241.9942,242.0741,255108
2025-01-02 13:32:00,242.0342,242.0742,241.9143,242.0741,116418
2025-01-02 13:33:00,242.0443,242.2140,241.9942,242.1541,122406
2025-01-02 13:34:00,242.1341,242.2739,242.1041,242.1249,76448
2025-01-02 13:35:00,242.1541,242.1840,242.0442,242.1341,50943
2025-01-02 13:36:00,242.1341,242.3638,242.1341,242.2739,297396
2025-01-02 13:37:00,242.3039,242.4238,242.2939,242.3838,64994
2025-01-02 13:38:00,242.3638,242.3838,242.1741,242.1940,50522
2025-01-02 13:39:00,242.2084,242.2739,242.1641,242.1641,55179
2025-01-02 13:40:00,242.1641,242.1741,242.0642,242.0891,52422
2025-01-02 13:41:00,242.0742,242.1641,242.0342,242.1041,84212
2025-01-02 13:42:00,242.1041,242.1541,242.0542,242.0806,59419
2025-01-02 13:43:00,242.1041,242.2629,242.0542,242.1741,85074
2025-01-02 13:44:00,242.1741,242.3638,242.1641,242.3600,125501
2025-01-02 13:45:00,242.3439,242.3538,242.2640,242.3399,57685
2025-01-02 13:46:00,242.3429,242.3539,242.1890,242.2440,267710
2025-01-02 13:47:00,242.2588,242.2939,242.1741,242.2340,66334
2025-01-02 13:48:00,242.2432,242.2739,242.0642,242.0841,60936
2025-01-02 13:49:00,242.1040,242.1041,241.9393,241.9942,77707
2025-01-02 13:50:00,241.9992,242.1241,241.9643,241.9693,52444
2025-01-02 13:51:00,241.9827,242.0202,241.9205,241.9243,52309
2025-01-02 13:52:00,241.9343,241.9543,241.7645,241.8244,102340
2025-01-02 13:53:00,241.8244,241.8455,241.7245,241.7665,142573
2025-01-02 13:54:00,241.7745,241.7845,241.5557,241.5747,182231
2025-01-02 13:55:00,241.5747,241.7645,241.5548,241.7545,113355
2025-01-02 13:56:00,241.7545,241.7745,241.6047,241.7146,86655
2025-01-02 13:57:00,241.7245,241.8344,241.6646,241.7745,94262
2025-01-02 13:58:00,241.7845,241.9693,241.7745,241.8494,142906
2025-01-02 13:59:00,241.8643,242.0642,241.8344,241.9643,124098
2025-01-02 14:00:00,241.9743,242.0342,241.8444,241.8744,75522
2025-01-02 14:01:00,241.8444,241.9443,241.8045,241.8045,60014
2025-01-02 14:02:00,241.8144,241.9043,241.7645,241.8444,70439
2025-01-02 14:03:00,241.8644,241.9942,241.8544,241.9443,98393
2025-01-02 14:04:00,241.9343,242.0841,241.9043,242.0442,87757
2025-01-02 14:05:00,242.0442,242.1840,242.0142,242.1241,120923
2025-01-02 14:06:00,242.1141,242.4737,242.0742,242.3688,134114
2025-01-02 14:07:00,242.3539,242.4038,242.1441,242.1441,119197
2025-01-02 14:08:00,242.1665,242.1940,242.0542,242.0542,68148
2025-01-02 14:09:00,242.0642,242.1541,241.9643,242.1341,73866
2025-01-02 14:10:00,242.1441,242.2062,242.0642,242.1790,62861
2025-01-02 14:11:00,242.1541,242.2340,242.1041,242.1341,61899
2025-01-02 14:12:00,242.1341,242.1441,242.0442,242.1141,46354
2025-01-02 14:13:00,242.1141,242.1340,241.9942,242.0642,70427
2025-01-02 14:14:00,242.0742,242.0841,241.9243,241.9243,51984
2025-01-02 14:15:00,241.9343,242.0242,241.9243,242.0042,72494
2025-01-02 14:16:00,242.0042,242.0042,241.8644,241.9743,69030
2025-01-02 14:17:00,241.9793,242.0392,241.9243,242.0242,65782
2025-01-02 14:18:00,242.0242,242.0841,241.9643,242.0742,67902
2025-01-02 14:19:00,242.0905,242.1141,241.9905,242.0542,65240
2025-01-02 14:20:00,242.0742,242.0841,241.9743,241.9743,40606
2025-01-02 14:21:00,241.9942,242.0891,241.9643,242.0742,59074
2025-01-02 14:22:00,242.0542,242.1641,241.9992,242.1641,77439
2025-01-02 14:23:00,242.1641,242.2939,242.1641,242.2040,104470
2025-01-02 14:24:00,242.2140,242.3585,242.1141,242.3177,70633
2025-01-02 14:25:00,242.3139,242.4338,242.2540,242.3638,84636
2025-01-02 14:26:00,242.3718,242.3837,242.2739,242.3389,53899
2025-01-02 14:27:00,242.3389,242.5736,242.3339,242.4930,138633
2025-01-02 14:28:00,242.4937,242.5237,242.3139,242.3838,74271
2025-01-02 14:29:00,242.3838,242.3838,242.1941,242.2224,106807
2025-01-02 14:30:00,242.2140,242.2140,241.9942,242.0542,83647
2025-01-02 14:31:00,242.0742,242.1940,242.0592,242.1940,56151
2025-01-02 14:32:00,242.1741,242.2340,242.1041,242.2140,81751
2025-01-02 14:33:00,242.1940,242.2240,242.1241,242.1940,46546
2025-01-02 14:34:00,242.1840,242.2540,242.0841,242.2140,56389
2025-01-02 14:35:00,242.2140,242.2234,241.9043,241.9243,76015
2025-01-02 14:36:00,241.9343,242.0142,241.8844,241.9812,54884
2025-01-02 14:37:00,241.9942,242.1141,241.9143,242.1033,85752
2025-01-02 14:38:00,242.0941,242.1741,242.0242,242.1341,45325
2025-01-02 14:39:00,242.1341,242.2040,242.1141,242.1491,61104
2025-01-02 14:40:00,242.1441,242.1641,242.0841,242.1191,63970
2025-01-02 14:41:00,242.1191,242.1641,242.0742,242.1391,52651
2025-01-02 14:42:00,242.1541,242.1741,242.1041,242.1241,46953
2025-01-02 14:43:00,242.1241,242.2640,242.0642,242.0703,60584
2025-01-02 14:44:00,242.0742,242.1111,242.0442,242.0742,51004
2025-01-02 14:45:00,242.0742,242.1441,242.0642,242.1241,52007
2025-01-02 14:46:00,242.1341,242.1350,241.8744,241.9343,100348
2025-01-02 14:47:00,241.8944,242.2040,241.8544,242.0242,184184
2025-01-02 14:48:00,242.0242,242.2539,241.9043,242.2539,98227
2025-01-02 14:49:00,242.2301,242.3039,242.0841,242.1466,71918
2025-01-02 14:50:00,242.1580,242.2240,242.0542,242.2040,54704
2025-01-02 14:51:00,242.2090,242.3239,242.2040,242.2739,84598
2025-01-02 14:52:00,242.2839,242.3728,242.2290,242.2540,113296
2025-01-02 14:53:00,242.2540,242.2683,242.0542,242.1141,57427
2025-01-02 14:54:00,242.0991,242.1541,242.0642,242.1241,67826
2025-01-02 14:55:00,242.1241,242.1291,241.9942,242.0342,63176
2025-01-02 14:56:00,242.0342,242.0542,241.9143,242.0042,92235
2025-01-02 14:57:00,241.9942,241.9942,241.7595,241.7645,278259
2025-01-02 14:58:00,241.7645,241.8998,241.7245,241.8644,104592
2025-01-02 14:59:00,241.8553,241.8844,241.6060,241.6946,84114
2025-01-02 15:00:00,241.7046,241.9042,241.7046,241.8045,71475
2025-01-02 15:01:00,241.8344,241.9443,241.7845,241.8045,59121
2025-01-02 15:02:00,241.8042,241.9543,241.7545,241.9543,78463
2025-01-02 15:03:00,241.9643,242.1340,241.9444,242.0742,92014
2025-01-02 15:04:00,242.0642,242.3139,242.0342,242.2240,91448
2025-01-02 15:05:00,242.2140,242.2539,242.1541,242.1840,57720
2025-01-02 15:06:00,242.1741,242.2640,242.1541,242.2240,49548
2025-01-02 15:07:00,242.2190,242.3539,242.2040,242.2839,83990
2025-01-02 15:08:00,242.3089,242.4617,242.2240,242.4150,46676
2025-01-02 15:09:00,242.4188,242.5636,242.4038,242.5436,135437
2025-01-02 15:10:00,242.5386,242.5937,242.4438,242.5412,88175
2025-01-02 15:11:00,242.5536,242.6935,242.4837,242.6535,85011
2025-01-02 15:12:00,242.6535,243.1130,242.6535,243.0581,186873
2025-01-02 15:13:00,243.0531,243.1730,242.9831,243.1430,130174
2025-01-02 15:14:00,243.1430,243.1430,242.9362,242.9832,114261
2025-01-02 15:15:00,242.9632,243.0631,242.8233,242.9882,112070
2025-01-02 15:16:00,242.9709,243.0731,242.9332,243.0132,83535
2025-01-02 15:17:00,243.0331,243.1530,242.9832,243.1530,86074
2025-01-02 15:18:00,243.1335,243.1630,242.9935,243.0234,116529
2025-01-02 15:19:00,243.0031,243.1430,242.9832,243.1130,86236
2025-01-02 15:20:00,243.1230,243.1430,242.8034,242.8433,128273
2025-01-02 15:21:00,242.8333,242.9232,242.8133,242.8533,104241
2025-01-02 15:22:00,242.8523,242.9332,242.8333,242.8333,86968
2025-01-02 15:23:00,242.8483,242.9032,242.8183,242.8333,72127
2025-01-02 15:24:00,242.8333,242.8933,242.7834,242.7834,62317
2025-01-02 15:25:00,242.7984,242.8333,242.7534,242.7834,66400
2025-01-02 15:26:00,242.7834,242.9332,242.7834,242.8433,68491
2025-01-02 15:27:00,242.8399,242.8833,242.8034,242.8783,56065
2025-01-02 15:28:00,242.8746,242.9782,242.8583,242.9732,94613
2025-01-02 15:29:00,242.9632,243.0331,242.9233,242.9643,82447
2025-01-02 15:30:00,242.9832,243.0531,242.8034,242.8533,86049
2025-01-02 15:31:00,242.8333,243.2928,242.8333,243.2329,180060
2025-01-02 15:32:00,243.2429,243.3228,243.0931,243.2429,112074
2025-01-02 15:33:00,243.2229,243.2629,243.0835,243.1380,78193
2025-01-02 15:34:00,243.1030,243.1730,243.0431,243.0781,69783
2025-01-02 15:35:00,243.0850,243.1730,242.9332,242.9732,66984
2025-01-02 15:36:00,242.9632,243.0003,242.8133,242.8335,111232
2025-01-02 15:37:00,242.8533,242.8833,242.7434,242.8783,82144
2025-01-02 15:38:00,242.8633,242.9832,242.8197,242.9632,62669
2025-01-02 15:39:00,242.9632,243.0431,242.8233,242.9834,85041
2025-01-02 15:40:00,243.0031,243.2229,243.0031,243.1929,111176
2025-01-02 15:41:00,243.1829,243.3128,243.1530,243.2329,120101
2025-01-02 15:42:00,243.2529,243.3228,243.1330,243.3020,93511
2025-01-02 15:43:00,243.3128,243.3727,243.0930,243.1030,98937
2025-01-02 15:44:00,243.1130,243.2629,243.1130,243.2529,72267
2025-01-02 15:45:00,243.2629,243.3228,243.1979,243.2778,71086
2025-01-02 15:46:00,243.2828,243.4027,243.2429,243.2828,106732
2025-01-02 15:47:00,243.2828,243.2828,243.0731,243.2429,83666
2025-01-02 15:48:00,243.2329,243.2629,243.0930,243.1580,161676
2025-01-02 15:49:00,243.1630,243.2629,243.1399,243.2300,94072
2025-01-02 15:50:00,243.2429,243.4327,243.2405,243.3328,127093
2025-01-02 15:51:00,243.3328,243.4126,243.1122,243.1630,111183
2025-01-02 15:52:00,243.1430,243.3228,243.0531,243.3228,155856
2025-01-02 15:53:00,243.3028,243.4826,243.2928,243.2928,132547
2025-01-02 15:54:00,243.2928,243.5126,243.1829,243.1929,225408
2025-01-02 15:55:00,243.1929,243.5575,243.1130,243.3428,262322
2025-01-02 15:56:00,243.3528,243.4526,243.2429,243.2429,229003
2025-01-02 15:57:00,243.2529,243.4327,243.2528,243.3428,230096
2025-01-02 15:58:00,243.3428,243.3627,243.2229,243.2928,334379
2025-01-02 15:59:00,243.2928,243.6824,243.1730,243.5525,1263357
2025-01-02 16:00:00,243.5825,243.6225,243.3428,243.5026,12331851
2025-01-02 16:01:00,243.4427,243.6125,243.2329,243.5825,205261
2025-01-02 16:02:00,243.5825,243.6824,243.5326,243.5925,403765
2025-01-02 16:03:00,243.5925,243.6824,243.5825,243.6075,1045
2025-01-02 16:04:00,243.6324,243.6624,243.2878,243.6025,302645
2025-01-02 16:05:00,243.5725,243.5825,243.3827,243.4726,14979
2025-01-02 16:06:00,243.5026,244.0578,243.3827,243.4876,3887
2025-01-02 16:07:00,243.4726,243.5825,243.4277,243.4526,7865
2025-01-02 16:08:00,243.4526,243.5825,243.4227,243.4526,38090
2025-01-02 16:09:00,243.4526,243.4726,243.4127,243.4127,781
2025-01-02 16:10:00,243.4327,254.2708,243.3328,243.4327,2875
2025-01-02 16:11:00,243.3927,243.5825,243.3428,243.3727,123370
2025-01-02 16:12:00,243.3827,243.4327,243.2529,243.3727,819
2025-01-02 16:13:00,243.3428,243.3777,243.3428,243.3428,1154
2025-01-02 16:14:00,243.3627,243.5825,243.2828,243.3727,11046
2025-01-02 16:15:00,243.5825,243.5825,243.3328,243.3528,480
2025-01-02 16:16:00,243.3528,243.3627,243.2828,243.3627,1011
2025-01-02 16:17:00,243.2828,243.3627,243.2828,243.3028,712
2025-01-02 16:18:00,243.2828,243.3528,243.1730,243.2729,4856
2025-01-02 16:19:00,243.3128,243.4826,243.2728,243.3727,4120
2025-01-02 16:20:00,243.4826,243.5825,243.3727,243.4826,1302
2025-01-02 16:21:00,243.4826,243.4826,243.3727,243.4327,375
2025-01-02 16:22:00,243.4427,243.4826,243.3727,243.4826,1181
2025-01-02 16:23:00,243.4427,243.4427,243.3727,243.4418,1170
2025-01-02 16:24:00,243.4077,243.4427,243.3727,243.4327,278
2025-01-02 16:25:00,243.4427,243.4626,243.3727,243.4327,440
2025-01-02 16:26:00,243.4027,243.4127,243.3428,243.3827,484
2025-01-02 16:27:00,243.3727,243.5825,243.3528,243.3677,6560
2025-01-02 16:28:00,243.3827,243.3827,243.3328,243.3827,1635
2025-01-02 16:29:00,243.3827,243.3827,243.3228,243.3378,3719
2025-01-02 16:30:00,243.3328,243.3528,243.3328,243.3478,502
2025-01-02 16:31:00,243.3528,243.3528,243.3328,243.3328,2081
2025-01-02 16:32:00,243.3528,243.3528,243.3078,243.3078,365
2025-01-02 16:33:00,243.3328,243.5825,243.2828,243.3078,1505
2025-01-02 16:34:00,243.3228,243.3328,243.2928,243.3128,198
2025-01-02 16:35:00,243.3228,243.3328,243.2828,243.3328,1000
2025-01-02 16:36:00,243.3328,243.3328,243.2828,243.3078,104
2025-01-02 16:37:00,243.3078,243.3827,243.2828,243.2883,990
2025-01-02 16:38:00,243.3727,243.3827,243.2828,243.3627,1682
2025-01-02 16:39:00,243.3727,243.3827,243.2828,243.3727,854
2025-01-02 16:40:00,243.3827,243.3827,243.2828,243.3727,1505
2025-01-02 16:41:00,243.3627,243.3727,243.3278,243.3528,137
2025-01-02 16:42:00,243.3528,243.3727,243.3328,243.3627,436
2025-01-02 16:43:00,243.3727,243.3727,243.3328,243.3329,423
2025-01-02 16:44:00,243.3528,243.3727,243.3328,243.3528,981
2025-01-02 16:45:00,243.3528,243.3727,243.3328,243.3428,330
2025-01-02 16:46:00,243.3528,243.3727,243.3328,243.3528,300
2025-01-02 16:47:00,243.3348,243.3727,243.3348,243.3428,2856
2025-01-02 16:48:00,243.3578,243.3727,243.3428,243.3478,756
2025-01-02 16:49:00,243.3428,243.3727,243.3328,243.3528,910
2025-01-02 16:50:00,243.3428,243.3727,243.3328,243.3328,923
2025-01-02 16:51:00,243.3328,243.3727,243.3328,243.3528,289
2025-01-02 16:52:00,243.3528,243.5825,243.3328,243.3428,3401
2025-01-02 16:53:00,243.3528,243.3727,243.3328,243.3528,638
2025-01-02 16:54:00,243.3627,243.3727,243.3328,243.3478,1415
2025-01-02 16:55:00,243.3328,243.3627,243.3328,243.3428,403
2025-01-02 16:56:00,243.3328,243.3727,243.3328,243.3428,347
2025-01-02 16:57:00,243.3528,243.5825,243.3328,243.3428,84096
2025-01-02 16:58:00,243.3727,243.3727,243.3328,243.3388,759
2025-01-02 16:59:00,243.3528,243.3827,243.3428,243.3578,5463
2025-01-02 17:00:00,243.3578,243.3827,243.3328,243.3627,347
2025-01-02 17:01:00,243.3727,243.3727,243.3328,243.3328,103
2025-01-02 17:02:00,243.3826,243.3827,243.3328,243.3578,357
2025-01-02 17:03:00,243.3328,243.3827,243.3328,243.3328,577
2025-01-02 17:04:00,243.3627,243.5825,243.3178,243.3328,370762
2025-01-02 17:05:00,243.3228,243.3627,243.2329,243.2928,1831
2025-01-02 17:06:00,243.2529,243.3428,243.2529,243.2828,2811
2025-01-02 17:07:00,243.2828,243.3328,243.2529,243.3028,875
2025-01-02 17:08:00,243.3328,243.3428,243.2629,243.2629,242
2025-01-02 17:09:00,243.3028,243.3428,243.2629,243.3028,110
2025-01-02 17:10:00,243.3028,243.3428,243.2629,243.3028,1096
2025-01-02 17:11:00,243.3028,243.3428,243.2629,243.3028,503
2025-01-02 17:12:00,243.3228,243.3328,243.2629,243.2728,149
2025-01-02 17:13:00,243.2728,243.3316,243.2629,243.2728,143
2025-01-02 17:14:00,243.2629,243.3316,243.2529,243.2828,250
2025-01-02 17:15:00,243.2828,243.3328,243.2529,243.2529,296
2025-01-02 17:16:00,243.2878,243.3328,243.2329,243.2828,476
2025-01-02 17:17:00,243.2429,243.3428,243.2329,243.3428,1140
2025-01-02 17:18:00,243.2928,243.3428,243.2329,243.2928,80
2025-01-02 17:19:00,243.2878,243.2928,243.2329,243.2629,283
2025-01-02 17:20:00,243.2919,243.2928,243.2329,243.2329,158
2025-01-02 17:21:00,243.2629,243.2928,243.2329,243.2629,75
2025-01-02 17:22:00,243.2629,243.2928,243.2329,243.2329,394
2025-01-02 17:23:00,243.2928,256.1062,243.2379,243.2379,377
2025-01-02 17:24:00,243.2928,243.2928,243.2329,243.2329,188
2025-01-02 17:25:00,243.2379,243.2928,243.1829,243.2529,280
2025-01-02 17:26:00,243.2629,243.3827,243.2329,243.3528,1984
2025-01-02 17:27:00,243.3428,243.3827,243.3428,243.3677,126
2025-01-02 17:28:00,243.3827,243.3827,243.3528,243.3727,182
2025-01-02 17:29:00,243.3727,243.3827,243.3727,243.3777,81
2025-01-02 17:30:00,243.3727,243.3827,243.3727,243.3777,208
2025-01-02 17:31:00,243.3827,243.3827,243.3428,243.3827,424
2025-01-02 17:32:00,243.3827,243.3827,243.3428,243.3727,518
2025-01-02 17:33:00,243.3727,243.3827,243.2878,243.2878,439
2025-01-02 17:34:00,243.3228,243.3428,243.2329,243.2878,29
2025-01-02 17:35:00,243.2878,243.3827,243.2878,243.3228,101
2025-01-02 17:36:00,243.3428,243.3827,243.2329,243.3827,145
2025-01-02 17:37:00,243.3078,243.3827,243.2429,243.3328,163
2025-01-02 17:38:00,243.3727,243.3727,243.2828,243.3128,43
2025-01-02 17:39:00,243.3228,243.3727,243.2828,243.3228,26
2025-01-02 17:40:00,243.3727,256.1062,243.2828,243.3278,348
2025-01-02 17:41:00,243.3228,243.3727,243.2828,243.3328,157
2025-01-02 17:42:00,243.3228,243.3727,243.2928,243.3128,456
2025-01-02 17:43:00,243.3128,243.3727,243.2828,243.2828,293
2025-01-02 17:44:00,243.3328,243.3727,243.2828,243.3328,288
2025-01-02 17:45:00,243.3328,243.3827,243.2828,243.3328,33
2025-01-02 17:46:00,243.3328,243.3827,243.3278,243.3278,46
2025-01-02 17:47:00,243.3428,243.3727,243.2828,243.3278,29
2025-01-02 17:48:00,243.3428,243.3727,243.3278,243.3278,69
2025-01-02 17:49:00,243.3727,243.3827,243.2828,243.3727,58
2025-01-02 17:50:00,243.3328,243.3827,243.2828,243.3827,243
2025-01-02 17:51:00,243.3028,243.3767,243.2828,243.2828,645
2025-01-02 17:52:00,243.3727,243.3827,243.3328,243.3328,143
2025-01-02 17:53:00,243.3727,243.3727,243.3228,243.3528,116
2025-01-02 17:54:00,243.3428,243.3827,243.3228,243.3528,375
2025-01-02 17:55:00,243.3228,243.3827,243.3228,243.3727,132
2025-01-02 17:56:00,243.3428,243.3827,243.3228,243.3528,136
2025-01-02 17:57:00,243.3528,243.3827,243.2828,243.3328,193
2025-01-02 17:58:00,243.3827,243.3827,243.2828,243.3827,2551
2025-01-02 17:59:00,243.3328,243.3827,243.2828,243.3727,167
2025-01-02 18:00:00,243.3727,243.3827,243.2828,243.3627,316
2025-01-02 18:01:00,243.3627,243.3827,243.2828,243.3328,1249
2025-01-02 18:02:00,243.3328,243.3827,243.2828,243.3128,1320
2025-01-02 18:03:00,243.2928,243.3727,243.2828,243.3228,779
2025-01-02 18:04:00,243.3228,243.3627,243.2828,243.2978,315
2025-01-02 18:05:00,243.2978,243.3328,243.2828,243.2828,717
2025-01-02 18:06:00,243.2828,243.3727,243.1829,243.2579,866
2025-01-02 18:07:00,243.2329,243.3627,243.1829,243.2529,220
2025-01-02 18:08:00,243.2529,243.3727,243.1330,243.2229,42
2025-01-02 18:09:00,243.1829,243.3727,243.1330,243.1929,125
2025-01-02 18:10:00,243.1929,243.1929,242.8533,243.0031,8765
2025-01-02 18:11:00,242.9332,243.5825,242.8833,243.0031,7122
2025-01-02 18:12:00,243.0031,243.0131,242.9232,243.0031,2902
2025-01-02 18:13:00,243.0031,243.0631,242.8633,243.0624,5675
2025-01-02 18:14:00,242.9981,243.0631,242.9332,242.9981,185
2025-01-02 18:15:00,243.0431,243.0631,242.9332,242.9981,29
2025-01-02 18:16:00,243.0431,243.0531,242.9332,243.0531,144
2025-01-02 18:17:00,242.9832,243.0631,242.9332,242.9332,292
2025-01-02 18:18:00,243.0631,243.0631,242.9457,243.0131,327
2025-01-02 18:19:00,242.9981,243.0631,242.9374,243.0431,978
2025-01-02 18:20:00,243.0431,243.0631,242.9332,242.9332,88
2025-01-02 18:21:00,243.0531,243.0631,242.9332,243.0631,216
2025-01-02 18:22:00,243.0431,243.0631,242.9832,243.0131,83
2025-01-02 18:23:00,243.0630,243.0631,242.9432,243.0031,71
2025-01-02 18:24:00,243.0531,243.0631,243.0031,243.0231,248
2025-01-02 18:25:00,243.0231,243.0631,242.9961,242.9961,592
2025-01-02 18:26:00,243.0630,243.0630,242.9532,242.9932,1190
2025-01-02 18:27:00,243.0331,243.0531,242.9332,243.0531,91
2025-01-02 18:28:00,243.0531,243.0531,242.9332,242.9932,83
2025-01-02 18:29:00,242.9932,243.0631,242.9332,242.9981,68
2025-01-02 18:30:00,242.9981,243.0631,242.9932,243.0631,205
2025-01-02 18:31:00,243.0231,243.0631,242.9981,242.9981,220
2025-01-02 18:32:00,243.0631,243.0631,242.9532,243.0131,74
2025-01-02 18:33:00,243.0231,243.0431,242.9332,243.0331,366
2025-01-02 18:34:00,242.9882,243.0431,242.9332,242.9882,576
2025-01-02 18:35:00,243.0331,243.0431,242.9418,242.9882,967
2025-01-02 18:36:00,243.0031,243.0431,242.9332,242.9882,173
2025-01-02 18:37:00,242.9882,243.0431,242.8833,242.8833,540
2025-01-02 18:38:00,242.9432,243.0431,242.8433,242.9932,262
2025-01-02 18:39:00,243.0331,243.0431,242.8478,242.9382,229
2025-01-02 18:40:00,242.9432,243.0231,242.9332,242.9382,115
2025-01-02 18:41:00,243.0219,243.0231,242.8533,242.9382,243
2025-01-02 18:42:00,243.0231,249.8057,242.9332,242.9782,248
2025-01-02 18:43:00,242.9632,243.0231,242.9407,242.9932,147
2025-01-02 18:44:00,242.9782,243.0231,242.9332,242.9632,159
2025-01-02 18:45:00,242.9782,243.0231,242.9332,243.0231,28
2025-01-02 18:46:00,243.0231,243.0231,242.9782,243.0231,43
2025-01-02 18:47:00,243.0127,243.0231,242.9782,243.0131,89
2025-01-02 18:48:00,242.9782,243.0231,242.9332,242.9782,124
2025-01-02 18:49:00,242.9782,243.0231,242.9782,242.9782,324
2025-01-02 18:50:00,243.0031,243.0231,242.9332,242.9732,49
2025-01-02 18:51:00,243.0131,243.0231,242.9832,243.0031,265
2025-01-02 18:52:00,243.0026,243.0031,242.9332,242.9582,858
2025-01-02 18:53:00,242.9732,242.9832,242.8433,242.9132,497
2025-01-02 18:54:00,242.9532,242.9832,242.8492,242.8492,520
2025-01-02 18:55:00,242.9132,242.9832,242.9032,242.9632,315
2025-01-02 18:56:00,242.9132,242.9832,242.8833,242.9132,558
2025-01-02 18:57:00,242.9132,242.9832,242.8833,242.9332,42
2025-01-02 18:58:00,242.9132,242.9832,242.8433,242.9532,38
2025-01-02 18:59:00,242.9832,242.9832,242.8433,242.9132,268
2025-01-02 19:00:00,242.9732,242.9832,242.8433,242.9132,87
2025-01-02 19:01:00,242.9132,242.9832,242.8433,242.9132,78
2025-01-02 19:02:00,242.9132,242.9815,242.8533,242.9182,44
2025-01-02 19:03:00,242.9832,242.9832,242.8533,242.9182,77
2025-01-02 19:04:00,242.9832,242.9832,242.8533,242.9832,336
2025-01-02 19:05:00,242.9832,242.9832,242.8533,242.9832,144
2025-01-02 19:06:00,242.9732,243.0231,242.9332,242.9332,2869
2025-01-02 19:07:00,242.9782,243.0631,242.9782,243.0631,906
2025-01-02 19:08:00,243.0581,243.0631,243.0581,243.0631,13480
2025-01-02 19:09:00,243.0531,243.0631,242.8833,242.9432,1580
2025-01-02 19:10:00,243.0331,243.5825,242.9932,243.0331,33760
2025-01-02 19:11:00,243.0631,243.0631,242.9432,243.0631,2898
2025-01-02 19:12:00,243.0631,243.0631,243.0131,243.0631,1258
2025-01-02 19:13:00,243.0631,243.0631,242.9932,243.0281,2226
2025-01-02 19:14:00,243.0631,243.0631,242.9932,243.0281,4996
2025-01-02 19:15:00,243.0628,243.0631,243.0281,243.0631,112
2025-01-02 19:16:00,243.0631,243.0631,243.0331,243.0631,585
2025-01-02 19:17:00,243.0631,243.0631,243.0331,243.0531,186
2025-01-02 19:18:00,243.0481,243.0631,243.0331,243.0531,219
2025-01-02 19:19:00,243.0531,243.0631,243.0481,243.0631,1671
2025-01-02 19:20:00,243.0331,243.0631,243.0331,243.0331,690
2025-01-02 19:21:00,243.0631,243.0631,243.0381,243.0381,408
2025-01-02 19:22:00,243.0531,243.0631,243.0231,243.0431,243
2025-01-02 19:23:00,243.0431,243.0631,243.0431,243.0631,371
2025-01-02 19:24:00,243.0431,243.0631,243.0431,243.0631,62
2025-01-02 19:25:00,243.0531,243.0631,243.0431,243.0631,2242
2025-01-02 19:26:00,243.0631,243.0631,243.0531,243.0631,983
2025-01-02 19:27:00,243.0631,243.0631,243.0231,243.0531,15217
2025-01-02 19:28:00,243.0631,243.2728,243.0431,243.2279,13878
2025-01-02 19:29:00,243.2129,243.3727,243.0831,243.2229,1507
2025-01-02 19:30:00,243.2479,243.3727,243.1530,243.2479,170
2025-01-02 19:31:00,243.1929,243.3727,243.1360,243.1829,515
2025-01-02 19:32:00,243.1230,243.3328,243.1230,243.3328,432
2025-01-02 19:33:00,243.2129,243.3328,243.2129,243.3328,39
2025-01-02 19:34:00,243.3328,243.3328,243.1230,243.3328,688
2025-01-02 19:35:00,243.1829,243.6075,243.1470,243.5775,35858
2025-01-02 19:36:00,243.5825,243.6824,243.5226,243.6624,2678
2025-01-02 19:37:00,243.6075,243.6824,243.5339,243.6724,3109
2025-01-02 19:38:00,243.6574,243.6824,243.6324,243.6824,744
2025-01-02 19:39:00,243.6324,243.6724,243.5226,243.5925,438
2025-01-02 19:40:00,243.6025,243.6824,243.5326,243.6075,1191
2025-01-02 19:41:00,243.5326,243.6806,243.5226,243.5775,175
2025-01-02 19:42:00,243.5775,243.6324,243.4526,243.5825,2528
2025-01-02 19:43:00,243.5426,243.6324,243.5426,243.5525,1357
2025-01-02 19:44:00,243.6624,243.6824,243.5525,243.6125,1350
2025-01-02 19:45:00,243.6424,243.6824,243.6225,243.6225,167
2025-01-02 19:46:00,243.6724,243.6824,243.5825,243.6824,228
2025-01-02 19:47:00,243.6823,243.6823,243.5425,243.6125,20
2025-01-02 19:48:00,243.6824,243.6824,243.6125,243.6824,125
2025-01-02 19:49:00,243.6129,243.6824,243.5425,243.6524,858
2025-01-02 19:50:00,243.6524,243.6824,243.5425,243.6824,291
2025-01-02 19:51:00,243.6824,243.6824,243.5425,243.6125,177
2025-01-02 19:52:00,243.6125,243.7823,243.5725,243.7623,5119
2025-01-02 19:53:00,243.8023,243.8322,243.7253,243.7823,584
2025-01-02 19:54:00,243.8222,243.8422,243.7330,243.7873,1434
2025-01-02 19:55:00,243.8422,243.8422,243.7323,243.7323,1561
2025-01-02 19:56:00,243.7873,243.8422,243.7623,243.8422,440
2025-01-02 19:57:00,243.7823,243.8822,243.7624,243.8822,1273
2025-01-02 19:58:00,243.8822,243.9221,243.7823,243.8123,748
2025-01-02 19:59:00,243.9221,243.9221,243.7223,243.8023,2091
2025-01-03 04:00:00,244.3916,244.3916,243.2429,243.4826,2067
2025-01-03 04:01:00,243.5126,243.6025,243.3028,243.5725,1303
2025-01-03 04:02:00,243.5625,243.6225,243.4127,243.5825,670
2025-01-03 04:03:00,243.5825,243.6025,243.4626,243.4826,406
2025-01-03 04:04:00,243.4826,243.5026,243.3328,243.4626,853
2025-01-03 04:05:00,243.4327,243.4327,243.3228,243.3228,116
2025-01-03 04:06:00,243.3228,243.3328,243.3128,243.3128,781
2025-01-03 04:07:00,243.3627,243.4327,243.3228,243.3927,1653
2025-01-03 04:08:00,243.3428,243.3827,243.3428,243.3627,329
2025-01-03 04:09:00,243.3927,243.4626,243.3727,243.3827,400
2025-01-03 04:10:00,243.4127,243.4127,243.3627,243.4127,157
2025-01-03 04:11:00,243.3727,243.4127,243.3727,243.3827,271
2025-01-03 04:12:00,243.3827,243.4027,243.3627,243.3827,53
2025-01-03 04:13:00,243.4027,243.4227,243.3827,243.3827,140
2025-01-03 04:14:00,243.3827,243.4127,243.3627,243.3927,650
2025-01-03 04:15:00,243.3927,243.3927,243.3627,243.3627,474
2025-01-03 04:16:00,243.3528,243.3827,243.3428,243.3428,342
2025-01-03 04:17:00,243.3428,243.3827,243.3328,243.3727,279
2025-01-03 04:18:00,243.3727,243.3727,243.3128,243.3128,242
2025-01-03 04:19:00,243.3128,243.3228,243.2129,243.2329,1111
2025-01-03 04:20:00,243.2828,243.2828,243.1030,243.1330,125
2025-01-03 04:21:00,243.0831,243.0831,242.9832,243.0331,2577
2025-01-03 04:22:00,243.0731,243.0930,243.0531,243.0930,151
2025-01-03 04:23:00,243.1330,243.1330,243.1030,243.1030,36
2025-01-03 04:24:00,243.1330,243.2629,243.1030,243.1829,965
2025-01-03 04:25:00,243.1829,243.2529,243.1230,243.2529,391
2025-01-03 04:26:00,243.1829,243.2728,243.1829,243.2728,3
2025-01-03 04:27:00,243.2728,243.2728,243.2029,243.2129,217
2025-01-03 04:28:00,243.2129,243.2828,243.1829,243.1829,65
2025-01-03 04:29:00,243.2329,243.2928,243.2129,243.2329,346
2025-01-03 04:30:00,243.2329,243.2629,243.0731,243.1530,805
2025-01-03 04:31:00,243.1330,243.1330,243.0331,243.0531,305
2025-01-03 04:32:00,243.0331,243.0731,243.0031,243.0331,361
2025-01-03 04:33:00,243.0331,243.0331,242.9832,242.9932,109
2025-01-03 04:34:00,243.0331,243.1330,243.0331,243.1030,1171
2025-01-03 04:35:00,243.0930,243.1130,243.0331,243.1130,15
2025-01-03 04:36:00,243.0331,243.1230,243.0131,243.0731,51
2025-01-03 04:37:00,243.0231,243.0731,243.0131,243.0331,144
2025-01-03 04:38:00,243.0231,243.0331,243.0131,243.0331,23
2025-01-03 04:39:00,243.0131,243.0531,242.9932,243.0031,29
2025-01-03 04:40:00,243.0131,243.0631,243.0131,243.0431,91
2025-01-03 04:41:00,243.0331,243.1330,243.0331,243.0930,984
2025-01-03 04:42:00,243.1330,243.1630,243.1030,243.1430,111
2025-01-03 04:43:00,243.1530,243.1530,243.1030,243.1330,28
2025-01-03 04:44:00,243.1330,243.1630,243.1330,243.1630,62
2025-01-03 04:45:00,243.1630,243.1730,243.1530,243.1530,49
2025-01-03 04:46:00,243.1630,243.1829,243.1630,243.1630,49
2025-01-03 04:47:00,243.1430,243.1730,243.1130,243.1630,166
2025-01-03 04:48:00,243.1330,243.2229,243.1230,243.1430,218
2025-01-03 04:49:00,243.1929,243.2229,243.1230,243.1929,86
2025-01-03 04:50:00,243.1630,243.1630,243.1530,243.1530,304
2025-01-03 04:51:00,243.1530,243.1530,242.9832,243.0531,933
2025-01-03 04:52:00,243.0631,243.1230,243.0131,243.0930,856
2025-01-03 04:53:00,243.0930,243.0930,242.9732,242.9832,2012
2025-01-03 04:54:00,242.9832,243.1330,242.9832,243.1330,472
2025-01-03 04:55:00,243.1330,243.3328,243.1330,243.3328,1606
2025-01-03 04:56:00,243.1929,243.2928,243.1530,243.2129,144
2025-01-03 04:57:00,243.2129,243.3228,243.2129,243.2928,70
2025-01-03 04:58:00,243.3228,243.3528,243.2029,243.2828,167
2025-01-03 04:59:00,243.3428,243.3927,243.2828,243.3627,950
2025-01-03 05:00:00,243.3428,243.3428,243.1230,243.1230,343
2025-01-03 05:01:00,243.1829,243.2029,242.8833,242.9832,1322
2025-01-03 05:02:00,243.0031,243.1430,242.8833,243.0131,833
2025-01-03 05:03:00,242.9832,243.1230,242.9332,243.1230,22
2025-01-03 05:04:00,243.1330,243.1330,243.1230,243.1330,105
2025-01-03 05:05:00,243.1230,243.1230,243.1230,243.1230,16
2025-01-03 05:06:00,243.1230,243.1829,243.0930,243.1730,51
2025-01-03 05:07:00,243.1430,243.1430,243.0731,243.0930,126
2025-01-03 05:08:00,243.1230,243.1630,243.0631,243.1430,39
2025-01-03 05:09:00,243.1230,243.2029,243.1230,243.1829,416
2025-01-03 05:10:00,243.1829,243.2329,243.1829,243.2029,938
2025-01-03 05:11:00,243.2329,243.2329,243.2129,243.2129,12
2025-01-03 05:12:00,243.2429,243.2529,243.2029,243.2329,109
2025-01-03 05:13:00,243.2329,243.2329,243.2029,243.2029,21
2025-01-03 05:14:00,243.2029,243.2828,243.2029,243.2828,553
2025-01-03 05:15:00,243.2828,243.2928,243.2429,243.2828,299
2025-01-03 05:16:00,243.2629,243.2828,243.2629,243.2629,49
2025-01-03 05:17:00,243.2629,243.2629,243.2029,243.2029,1744
2025-01-03 05:18:00,243.2129,243.2629,243.2129,243.2629,91
2025-01-03 05:19:00,243.2629,243.2629,243.2629,243.2629,4
2025-01-03 05:20:00,243.2629,243.3028,243.2629,243.2828,754
2025-01-03 05:21:00,243.3428,243.3627,243.2728,243.3428,425
2025-01-03 05:22:00,243.2828,243.3328,243.1130,243.2828,557
2025-01-03 05:23:00,243.3128,243.3128,243.2029,243.2029,334
2025-01-03 05:24:00,243.2029,243.2828,243.1929,243.2828,18
2025-01-03 05:25:00,243.3228,243.3228,243.2329,243.3028,73
2025-01-03 05:26:00,243.2329,243.3328,243.2329,243.3228,566
2025-01-03 05:27:00,243.3028,243.3028,243.2329,243.2329,101
2025-01-03 05:28:00,243.2828,243.2828,243.2629,243.2629,5
2025-01-03 05:29:00,243.2828,243.3128,243.2529,243.3128,7
2025-01-03 05:30:00,243.2828,243.2828,243.2828,243.2828,102
2025-01-03 05:31:00,243.2828,243.3328,243.2828,243.3228,64
2025-01-03 05:32:00,243.2928,243.4227,243.2928,243.3927,1107
2025-01-03 05:33:00,243.3827,243.3827,243.3727,243.3727,14
2025-01-03 05:34:00,243.3827,243.3827,243.3827,243.3827,1
2025-01-03 05:35:00,243.3727,243.3727,243.3428,243.3727,31
2025-01-03 05:36:00,243.3328,243.3328,243.2828,243.3328,309
2025-01-03 05:37:00,243.3028,243.3428,243.2828,243.2828,33
2025-01-03 05:38:00,243.3428,243.3428,243.2928,243.2928,43
2025-01-03 05:39:00,243.2928,243.2928,243.2928,243.2928,8
2025-01-03 05:40:00,243.2928,243.2928,243.2828,243.2828,32
2025-01-03 05:41:00,243.3128,243.3428,243.2928,243.3028,31
2025-01-03 05:42:00,243.3428,243.3428,243.3028,243.3428,7
2025-01-03 05:43:00,243.3428,243.3428,243.2928,243.2928,116
2025-01-03 05:44:00,243.3128,243.3128,243.2928,243.3128,22
2025-01-03 05:45:00,243.3028,243.3128,243.2928,243.3128,74
2025-01-03 05:46:00,243.3128,243.3328,243.2928,243.2928,156
2025-01-03 05:47:00,243.3128,243.3128,243.2928,243.3128,16
2025-01-03 05:48:00,243.3128,243.3128,243.2828,243.2828,17
2025-01-03 05:49:00,243.2928,243.3328,243.2928,243.3328,65
2025-01-03 05:50:00,243.2928,243.3328,243.2029,243.2029,1098
2025-01-03 05:51:00,243.2329,243.2329,243.0930,243.1730,1063
2025-01-03 05:52:00,243.1929,243.1929,243.0431,243.1630,388
2025-01-03 05:53:00,243.1829,243.1829,243.1630,243.1829,182
2025-01-03 05:54:00,243.1829,243.1929,243.1530,243.1829,165
2025-01-03 05:55:00,243.1929,243.1929,243.0531,243.0631,239
2025-01-03 05:56:00,243.0731,243.1430,243.0631,243.1430,55
2025-01-03 05:57:00,243.1430,243.2029,243.1330,243.1330,753
2025-01-03 05:58:00,243.1330,243.1929,243.1230,243.1230,9
2025-01-03 05:59:00,243.2029,243.2429,243.1230,243.2429,475
2025-01-03 06:00:00,243.1530,243.2129,243.1530,243.2129,5
2025-01-03 06:01:00,243.2029,243.2029,243.1430,243.1430,4
2025-01-03 06:02:00,243.2029,243.2029,243.2029,243.2029,1
2025-01-03 06:03:00,243.2029,243.2129,243.2029,243.2129,6
2025-01-03 06:04:00,243.2029,243.2928,243.2029,243.2529,752
2025-01-03 06:05:00,243.2529,243.2928,243.2429,243.2828,554
2025-01-03 06:06:00,243.2828,243.3028,243.2429,243.2928,223
2025-01-03 06:07:00,243.2928,243.2928,243.2928,243.2928,25
2025-01-03 06:08:00,243.2828,243.2828,243.2828,243.2828,6
2025-01-03 06:09:00,243.2828,243.2828,243.2429,243.2429,93
2025-01-03 06:10:00,243.2529,243.2529,243.2429,243.2429,36
2025-01-03 06:11:00,243.2928,243.2928,243.2429,243.2429,166
2025-01-03 06:12:00,243.2429,243.2928,243.2429,243.2629,42
2025-01-03 06:13:00,243.2728,243.3428,243.2728,243.3328,196
2025-01-03 06:14:00,243.2828,243.3428,243.2828,243.3428,173
2025-01-03 06:15:00,243.3528,243.3727,243.2828,243.3028,179
2025-01-03 06:16:00,243.3428,243.4027,243.3028,243.4027,141
2025-01-03 06:17:00,243.3727,243.5126,243.3228,243.4327,657
2025-01-03 06:18:00,243.4626,243.5026,243.3827,243.3827,176
2025-01-03 06:19:00,243.3827,243.3927,243.3827,243.3827,12
2025-01-03 06:20:00,243.3927,243.3927,243.3528,243.3827,38
2025-01-03 06:21:00,243.3328,243.3627,243.2928,243.2928,237
2025-01-03 06:22:00,243.3028,243.4027,243.3028,243.3827,770
2025-01-03 06:23:00,243.3128,243.3827,243.3028,243.3228,75
2025-01-03 06:24:00,243.3827,243.3827,243.2828,243.3528,454
2025-01-03 06:25:00,243.3128,243.3627,243.2329,243.3627,666
2025-01-03 06:26:00,243.3428,243.3428,243.3028,243.3128,25
2025-01-03 06:27:00,243.3128,243.3528,243.3128,243.3528,35
2025-01-03 06:28:00,243.3528,243.3827,243.3228,243.3827,83
2025-01-03 06:29:00,243.3528,243.4027,243.3428,243.3428,609
2025-01-03 06:30:00,243.4027,243.4027,243.3428,243.3727,304
2025-01-03 06:31:00,243.3727,243.3727,243.3328,243.3727,9
2025-01-03 06:32:00,243.3328,243.3927,243.2728,243.3827,570
2025-01-03 06:33:00,243.3328,243.3827,243.3128,243.3827,240
2025-01-03 06:34:00,243.3927,243.3927,243.3328,243.3328,2
2025-01-03 06:35:00,243.3328,243.4127,243.3328,243.4127,39
2025-01-03 06:36:00,243.3927,243.3927,243.3927,243.3927,10
2025-01-03 06:37:00,243.4327,243.4327,243.3927,243.4327,349
2025-01-03 06:38:00,243.4327,243.4327,243.3927,243.3927,20
2025-01-03 06:39:00,243.3827,243.4926,243.3827,243.4227,395
2025-01-03 06:40:00,243.4427,243.4726,243.4127,243.4127,29
2025-01-03 06:41:00,243.4526,243.4526,243.4227,243.4427,8
2025-01-03 06:42:00,243.4227,243.4526,243.4027,243.4526,60
2025-01-03 06:43:00,243.4826,243.4826,243.4526,243.4526,65
2025-01-03 06:44:00,243.4526,243.4526,243.4127,243.4327,80
2025-01-03 06:45:00,243.4327,243.4327,243.3727,243.3727,76
2025-01-03 06:46:00,243.4327,243.4427,243.4227,243.4227,145
2025-01-03 06:47:00,243.4227,243.4726,243.4127,243.4726,31
2025-01-03 06:48:00,243.4526,243.4726,243.4027,243.4227,281
2025-01-03 06:49:00,243.4027,243.4327,243.3927,243.4327,38
2025-01-03 06:50:00,243.4127,243.4227,243.3528,243.4127,113
2025-01-03 06:51:00,243.4127,243.9121,243.4127,243.8522,4883
2025-01-03 06:52:00,243.9121,243.9621,243.9121,243.9321,136
2025-01-03 06:53:00,243.9321,244.3916,243.9121,244.2418,4410
2025-01-03 06:54:00,244.3017,244.3616,244.1519,244.1519,670
2025-01-03 06:55:00,244.1918,244.2418,244.0919,244.2318,107
2025-01-03 06:56:00,244.1918,244.2218,244.1119,244.1918,76
2025-01-03 06:57:00,244.2218,244.2318,244.1519,244.1519,71
2025-01-03 06:58:00,244.1619,244.1918,244.1619,244.1818,60
2025-01-03 06:59:00,244.1818,244.1818,244.0620,244.0620,770
2025-01-03 07:00:00,244.0320,244.1519,243.7323,243.7323,7149
2025-01-03 07:01:00,243.7223,243.7823,243.6724,243.7223,105
2025-01-03 07:02:00,243.7423,243.7623,243.6924,243.7223,517
2025-01-03 07:03:00,243.7024,243.7823,243.7024,243.7323,2737
2025-01-03 07:04:00,243.7323,243.7323,243.6824,243.6824,284
2025-01-03 07:05:00,243.6724,243.6724,243.5725,243.5725,1005
2025-01-03 07:06:00,243.6424,243.6424,243.5725,243.5825,71
2025-01-03 07:07:00,243.5925,243.6324,243.5925,243.6324,12
2025-01-03 07:08:00,243.6324,243.6524,243.5825,243.6524,202
2025-01-03 07:09:00,243.6524,243.6824,243.6324,243.6524,273
2025-01-03 07:10:00,243.6724,243.6724,243.5725,243.5825,1188
2025-01-03 07:11:00,243.6125,243.6125,243.5725,243.5725,351
2025-01-03 07:12:00,243.5925,243.6424,243.5825,243.6324,2070
2025-01-03 07:13:00,243.6225,243.6324,243.6225,243.6324,419
2025-01-03 07:14:00,243.5825,243.5825,243.3927,243.4427,18506
2025-01-03 07:15:00,243.4427,243.4427,243.2828,243.2828,915
2025-01-03 07:16:00,243.3028,243.3328,243.1630,243.1829,1924
2025-01-03 07:17:00,243.2329,243.3228,243.2329,243.2429,256
2025-01-03 07:18:00,243.3228,243.4027,243.2329,243.3328,1943
2025-01-03 07:19:00,243.3228,243.4027,243.2029,243.2029,523
2025-01-03 07:20:00,243.2429,243.2429,243.1330,243.1330,1050
2025-01-03 07:21:00,243.1330,243.2029,243.1330,243.1430,242
2025-01-03 07:22:00,243.1929,243.2828,243.1430,243.2529,456
2025-01-03 07:23:00,243.3328,243.3627,243.2429,243.2429,58
2025-01-03 07:24:00,243.2828,243.3627,243.2828,243.3627,7
2025-01-03 07:25:00,243.3128,243.3528,243.1330,243.1430,1032
2025-01-03 07:26:00,243.1530,243.1530,243.1530,243.1530,3
2025-01-03 07:27:00,243.1730,243.2029,243.0930,243.1130,3284
2025-01-03 07:28:00,243.1730,243.1730,243.0431,243.0930,1145
2025-01-03 07:29:00,243.0531,243.1230,242.9532,243.1130,2362
2025-01-03 07:30:00,243.0930,243.0930,242.6335,242.7334,9419
2025-01-03 07:31:00,242.8034,242.8233,242.7434,242.7934,352
2025-01-03 07:32:00,242.8233,242.8333,242.7834,242.8333,126
2025-01-03 07:33:00,242.8433,242.8833,242.8133,242.8333,4762
2025-01-03 07:34:00,242.8633,242.8833,242.8333,242.8633,383
2025-01-03 07:35:00,242.8633,242.8633,242.8233,242.8533,330
2025-01-03 07:36:00,242.8533,242.8533,242.5237,242.7234,6706
2025-01-03 07:37:00,242.8034,242.8633,242.7334,242.8133,2801
2025-01-03 07:38:00,242.7634,242.8833,242.7434,242.8034,1280
2025-01-03 07:39:00,242.7734,242.8133,242.7334,242.8133,831
2025-01-03 07:40:00,242.7334,242.7934,242.7234,242.7334,156
2025-01-03 07:41:00,242.7334,242.8133,242.7135,242.7634,1284
2025-01-03 07:42:00,242.7334,242.7534,242.5736,242.6036,2818
2025-01-03 07:43:00,242.5936,242.6735,242.5237,242.5936,845
2025-01-03 07:44:00,242.6036,242.6036,242.1840,242.1840,9932
2025-01-03 07:45:00,242.1840,242.1940,242.1341,242.1441,2522
2025-01-03 07:46:00,242.1840,242.3838,242.1741,242.3339,3738
2025-01-03 07:47:00,242.3439,242.3638,242.1341,242.1441,5339
2025-01-03 07:48:00,242.1840,242.2540,242.1341,242.2540,11162
2025-01-03 07:49:00,242.2640,242.4338,242.2640,242.4138,2115
2025-01-03 07:50:00,242.4138,242.5836,242.3838,242.5836,438
2025-01-03 07:51:00,242.5836,242.6335,242.4737,242.5137,1852
2025-01-03 07:52:00,242.5137,242.5337,242.3638,242.3638,878
2025-01-03 07:53:00,242.4338,242.4338,242.3638,242.4038,161
2025-01-03 07:54:00,242.4038,242.4737,242.3838,242.4438,512
2025-01-03 07:55:00,242.4737,242.5636,242.4737,242.4837,2586
2025-01-03 07:56:00,242.5337,242.5337,242.4737,242.4737,87
2025-01-03 07:57:00,242.4737,242.4837,242.2839,242.3039,6607
2025-01-03 07:58:00,242.3039,242.3039,242.2440,242.2440,1509
2025-01-03 07:59:00,242.2540,242.2540,242.1840,242.2340,2025
2025-01-03 08:00:00,243.5251,244.3916,242.0941,242.3039,80921
2025-01-03 08:01:00,243.6524,244.3816,242.1291,242.3738,4431
2025-01-03 08:02:00,242.8330,243.5825,242.3239,242.4088,2547
2025-01-03 08:03:00,242.4338,242.5836,242.3466,242.5187,3191
2025-01-03 08:04:00,242.5137,242.5936,242.4887,242.5836,4567
2025-01-03 08:05:00,242.5716,242.5836,242.4937,242.5636,1433
2025-01-03 08:06:00,242.5636,242.5836,242.4138,242.5337,599
2025-01-03 08:07:00,242.5836,242.5836,242.5337,242.5636,6600
2025-01-03 08:08:00,242.5836,242.5836,242.5337,242.5337,574
2025-01-03 08:09:00,242.5736,242.5836,242.5337,242.5736,2406
2025-01-03 08:10:00,242.5494,242.5836,242.5237,242.5237,7016
2025-01-03 08:11:00,242.5137,242.5337,242.3239,242.3439,10250
2025-01-03 08:12:00,242.4338,242.4338,242.3339,242.3838,2873
2025-01-03 08:13:00,242.3838,242.4338,242.3339,242.3838,286
2025-01-03 08:14:00,242.4338,242.4338,242.3339,242.4238,2588
2025-01-03 08:15:00,242.3888,242.4338,242.3788,242.3788,1064
2025-01-03 08:16:00,242.3838,242.4138,242.1141,242.1790,9809
2025-01-03 08:17:00,242.1341,242.2240,242.1041,242.1141,7274
2025-01-03 08:18:00,242.1641,242.2240,242.0142,242.0244,11967
2025-01-03 08:19:00,242.0242,242.2240,242.0242,242.0676,2730
2025-01-03 08:20:00,242.1441,242.2240,242.0841,242.1491,322
2025-01-03 08:21:00,242.1141,242.2040,242.0911,242.1641,1908
2025-01-03 08:22:00,242.1341,242.1641,242.0841,242.1341,322
2025-01-03 08:23:00,242.1641,242.2240,242.1341,242.2238,5021
2025-01-03 08:24:00,242.2240,242.2340,242.2040,242.2240,13417
2025-01-03 08:25:00,242.2190,242.2240,242.1441,242.2240,1942
2025-01-03 08:26:00,242.1541,242.2240,242.1341,242.1641,4641
2025-01-03 08:27:00,242.2225,242.2240,242.1341,242.1840,1603
2025-01-03 08:28:00,242.2240,242.2240,242.1341,242.2040,678
2025-01-03 08:29:00,242.1354,242.3638,242.1354,242.2540,5301
2025-01-03 08:30:00,242.2689,242.3938,242.1541,242.2989,664
2025-01-03 08:31:00,242.2989,242.3938,242.2240,242.3339,700
2025-01-03 08:32:00,242.3938,242.5137,242.2340,242.4338,8407
2025-01-03 08:33:00,242.5736,242.6036,242.3938,242.5386,1514
2025-01-03 08:34:00,242.5386,242.6136,242.4737,242.5736,1843
2025-01-03 08:35:00,242.6136,242.6236,242.5237,242.5786,4529
2025-01-03 08:36:00,242.5786,242.6136,242.5436,242.5786,697
2025-01-03 08:37:00,242.5786,242.6136,242.5337,242.5736,4434
2025-01-03 08:38:00,242.5431,242.6136,242.4552,242.5237,2476
2025-01-03 08:39:00,242.5037,242.6136,242.3938,242.4587,3254
2025-01-03 08:40:00,242.5037,242.5037,242.4138,242.4238,838
2025-01-03 08:41:00,242.4637,242.4837,242.4138,242.4338,316
2025-01-03 08:42:00,242.4487,242.5037,242.4238,242.4438,356
2025-01-03 08:43:00,242.4388,242.5037,242.4138,242.4787,999
2025-01-03 08:44:00,242.4787,242.5037,242.4138,242.4887,5221
2025-01-03 08:45:00,242.4837,242.5037,242.4130,242.4587,12486
2025-01-03 08:46:00,242.4587,242.5037,242.4138,242.4537,727
2025-01-03 08:47:00,242.4637,242.4937,242.2440,242.2939,2871
2025-01-03 08:48:00,242.2640,242.4537,242.1341,242.3938,3843
2025-01-03 08:49:00,242.3938,242.4837,242.3339,242.4038,882
2025-01-03 08:50:00,242.4537,242.4537,242.3788,242.3838,1128
2025-01-03 08:51:00,242.3838,242.4338,242.3339,242.3339,6744
2025-01-03 08:52:00,242.3339,242.4238,242.1141,242.2140,9099
2025-01-03 08:53:00,242.1341,242.3239,242.1141,242.3239,4711
2025-01-03 08:54:00,242.2739,242.3638,242.2440,242.3339,1511
2025-01-03 08:55:00,242.3139,242.3339,242.1441,242.1840,4342
2025-01-03 08:56:00,242.1840,243.5825,242.1441,242.2490,47516
2025-01-03 08:57:00,242.2340,242.3638,242.2340,242.3339,996
2025-01-03 08:58:00,242.2939,242.3638,242.2739,242.2739,783
2025-01-03 08:59:00,242.2789,242.3738,242.2540,242.3738,1396
2025-01-03 09:00:00,242.3139,242.3838,242.2540,242.3539,701
2025-01-03 09:01:00,242.3339,242.4837,242.3339,242.4737,4951
2025-01-03 09:02:00,242.4837,242.5037,242.4338,242.4687,6528
2025-01-03 09:03:00,242.4687,242.5337,242.4338,242.5037,3890
2025-01-03 09:04:00,242.5137,242.6236,242.5037,242.5836,4008
2025-01-03 09:05:00,242.5836,242.6036,242.5337,242.5836,2866
2025-01-03 09:06:00,242.5586,242.6036,242.5337,242.5836,1502
2025-01-03 09:07:00,242.5886,242.6835,242.5886,242.6835,5976
2025-01-03 09:08:00,242.6635,243.1130,242.6635,242.9819,26741
2025-01-03 09:09:00,243.0081,243.1030,242.9632,243.0231,4954
2025-01-03 09:10:00,243.0431,243.2329,242.9632,243.1127,24887
2025-01-03 09:11:00,243.0131,243.1030,242.9632,243.0331,2862
2025-01-03 09:12:00,243.0331,243.0331,242.7434,242.9032,3582
2025-01-03 09:13:00,242.8383,242.9532,242.7434,242.9532,6127
2025-01-03 09:14:00,242.8483,242.9532,242.7534,242.9132,1551
2025-01-03 09:15:00,242.9132,242.9132,242.8333,242.8933,1198
2025-01-03 09:16:00,242.9132,242.9132,242.8733,242.8733,855
2025-01-03 09:17:00,242.8833,242.9332,242.7534,242.8333,1052
2025-01-03 09:18:00,242.8433,242.9132,242.7534,242.8583,2181
2025-01-03 09:19:00,242.8833,242.9432,242.7835,242.9282,2299
2025-01-03 09:20:00,242.9232,243.0431,242.9232,243.0331,4299
2025-01-03 09:21:00,242.9981,246.5892,241.9793,243.1030,8157
2025-01-03 09:22:00,243.1030,243.1330,243.0531,243.1030,6296
2025-01-03 09:23:00,243.1330,243.1330,242.9832,243.0331,11963
2025-01-03 09:24:00,243.0631,243.1330,242.9832,243.0331,2935
2025-01-03 09:25:00,243.0531,243.0531,242.3838,242.5936,32644
2025-01-03 09:26:00,242.5836,242.6735,242.5337,242.6635,20939
2025-01-03 09:27:00,242.5337,242.9632,242.3339,242.6635,20594
2025-01-03 09:28:00,242.7334,243.1330,242.7334,243.1170,12410
2025-01-03 09:29:00,243.0481,243.1330,242.9932,243.1330,6521
2025-01-03 09:30:00,243.0930,243.1330,242.0342,242.7135,1057808
2025-01-03 09:31:00,242.7334,242.8133,242.1109,242.1840,193348
2025-01-03 09:32:00,242.1840,242.5337,241.9543,242.2341,244730
2025-01-03 09:33:00,242.3435,242.8643,242.3239,242.6622,135560
2025-01-03 09:34:00,242.6635,242.7035,242.0742,242.2340,137018
2025-01-03 09:35:00,242.2465,242.2540,241.6746,241.7545,374625
2025-01-03 09:36:00,241.7345,242.2140,241.6247,242.1840,276481
2025-01-03 09:37:00,242.1641,242.5237,242.0171,242.0342,168392
2025-01-03 09:38:00,242.0342,242.3738,241.9942,242.3439,207263
2025-01-03 09:39:00,242.3688,242.9332,242.2839,242.9182,266909
2025-01-03 09:40:00,242.9032,243.0631,242.7734,242.8973,172365
2025-01-03 09:41:00,242.9297,242.9732,242.4837,242.9082,151458
2025-01-03 09:42:00,242.9197,243.0030,242.7284,242.9533,113974
2025-01-03 09:43:00,242.9332,243.5825,242.9332,243.5725,185086
2025-01-03 09:44:00,243.5425,243.6724,243.3328,243.6025,149483
2025-01-03 09:45:00,243.6175,243.9121,243.5126,243.6424,306315
2025-01-03 09:46:00,243.6324,243.8222,243.4311,243.5326,141379
2025-01-03 09:47:00,243.5276,243.5625,243.0931,243.1130,126837
2025-01-03 09:48:00,243.1330,243.1829,242.4837,242.8833,215263
2025-01-03 09:49:00,242.8433,242.9132,242.3738,242.4737,138457
2025-01-03 09:50:00,242.4637,242.8533,242.4487,242.8233,152902
2025-01-03 09:51:00,242.8233,242.8233,242.0941,242.1790,125524
2025-01-03 09:52:00,242.1956,242.5636,242.1956,242.5397,66416
2025-01-03 09:53:00,242.5337,242.8233,242.4737,242.7035,123637
2025-01-03 09:54:00,242.7334,242.7334,242.3339,242.3638,84868
2025-01-03 09:55:00,242.3439,242.4837,242.2540,242.4038,69407
2025-01-03 09:56:00,242.4238,242.5836,242.2989,242.5137,73953
2025-01-03 09:57:00,242.5258,242.5258,242.2540,242.2739,62593
2025-01-03 09:58:00,242.2498,242.6535,242.2340,242.5876,62745
2025-01-03 09:59:00,242.6535,242.9215,242.6335,242.8283,130771
2025-01-03 10:00:00,242.8433,242.9632,242.4238,242.7234,122293
2025-01-03 10:01:00,242.7035,242.8732,242.5736,242.7234,83303
2025-01-03 10:02:00,242.7384,242.9626,242.6785,242.8233,96077
2025-01-03 10:03:00,242.8133,243.1881,242.8133,243.1844,111549
2025-01-03 10:04:00,243.1580,243.7323,243.1330,243.7043,123951
2025-01-03 10:05:00,243.7174,243.7174,243.4127,243.4841,109114
2025-01-03 10:06:00,243.4826,243.7323,243.4327,243.5113,70040
2025-01-03 10:07:00,243.5226,243.5226,243.0631,243.3328,91276
2025-01-03 10:08:00,243.3528,243.5325,243.2429,243.4826,73822
2025-01-03 10:09:00,243.4576,243.6774,243.3328,243.6125,77876
2025-01-03 10:10:00,243.6125,243.6724,243.4427,243.5087,79357
2025-01-03 10:11:00,243.5226,243.5400,243.0631,243.0980,89926
2025-01-03 10:12:00,243.1230,243.1330,242.7534,243.0631,114259
2025-01-03 10:13:00,243.0331,243.1398,242.9732,243.1030,87330
2025-01-03 10:14:00,243.0930,243.2079,242.9332,243.1030,82572
2025-01-03 10:15:00,243.1030,243.1730,242.8433,243.0231,110004
2025-01-03 10:16:00,243.1030,243.2727,242.9049,242.9432,96059
2025-01-03 10:17:00,242.9232,242.9432,242.6835,242.7634,100853
2025-01-03 10:18:00,242.7534,242.9532,242.5636,242.8547,70217
2025-01-03 10:19:00,242.8533,242.8933,242.7434,242.8133,39711
2025-01-03 10:20:00,242.8084,242.8579,242.2640,242.3039,92698
2025-01-03 10:21:00,242.2889,242.4637,242.1641,242.2839,115571
2025-01-03 10:22:00,242.3039,242.5237,242.2440,242.4937,60369
2025-01-03 10:23:00,242.4637,242.5037,242.2739,242.4637,85841
2025-01-03 10:24:00,242.4587,242.6634,242.3738,242.5337,77086
2025-01-03 10:25:00,242.6035,242.7434,242.5137,242.5237,71174
2025-01-03 10:26:00,242.5137,242.5835,242.2400,242.2590,66760
2025-01-03 10:27:00,242.2640,242.3638,242.1940,242.2640,102553
2025-01-03 10:28:00,242.2640,242.3339,242.0841,242.2240,79764
2025-01-03 10:29:00,242.2014,242.2640,242.1441,242.1938,69189
2025-01-03 10:30:00,242.1840,242.2640,241.8744,242.1743,123674
2025-01-03 10:31:00,242.1890,242.2640,242.0342,242.2640,84047
2025-01-03 10:32:00,242.2490,242.3338,242.1741,242.2340,97337
2025-01-03 10:33:00,242.2590,242.3638,242.2060,242.2989,88569
2025-01-03 10:34:00,242.3139,242.3837,242.1641,242.2340,64940
2025-01-03 10:35:00,242.2340,242.4238,242.1341,242.4022,68223
2025-01-03 10:36:00,242.4038,242.6535,242.3539,242.3982,134704
2025-01-03 10:37:00,242.3888,242.5137,242.1890,242.3289,107175
2025-01-03 10:38:00,242.3239,242.3738,242.0941,242.2109,98881
2025-01-03 10:39:00,242.2140,242.2938,242.1641,242.2340,63879
2025-01-03 10:40:00,242.2340,242.3938,242.2340,242.3583,63359
2025-01-03 10:41:00,242.3439,242.3938,242.1741,242.2060,86723
2025-01-03 10:42:00,242.2240,242.3339,242.2240,242.2889,89289
2025-01-03 10:43:00,242.2839,242.3938,242.2590,242.3039,91868
2025-01-03 10:44:00,242.3089,242.6036,242.2989,242.5536,111032
2025-01-03 10:45:00,242.5586,242.8533,242.5237,242.8433,79283
2025-01-03 10:46:00,242.8511,242.9032,242.7234,242.8633,49192
2025-01-03 10:47:00,242.8433,242.9032,242.7434,242.8433,52609
2025-01-03 10:48:00,242.8333,242.8333,242.6335,242.7634,116524
2025-01-03 10:49:00,242.7634,242.8333,242.6836,242.7434,87240
2025-01-03 10:50:00,242.7354,242.7534,242.5037,242.6735,773882
2025-01-03 10:51:00,242.6835,242.7334,242.5087,242.5337,46381
2025-01-03 10:52:00,242.5403,242.7934,242.4637,242.6765,80448
2025-01-03 10:53:00,242.6735,242.6935,242.4837,242.5836,38619
2025-01-03 10:54:00,242.5936,242.7195,242.4637,242.6835,41302
2025-01-03 10:55:00,242.6673,242.7434,242.5836,242.7135,34126
2025-01-03 10:56:00,242.7234,242.9332,242.6735,242.8734,74585
2025-01-03 10:57:00,242.8633,242.9832,242.8133,242.8633,67837
2025-01-03 10:58:00,242.8633,242.9031,242.7534,242.8183,49956
2025-01-03 10:59:00,242.8183,242.9240,242.7409,242.7409,68091
2025-01-03 11:00:00,242.7634,242.8233,242.6935,242.7434,52371
2025-01-03 11:01:00,242.7434,242.9231,242.6835,242.8833,141335
2025-01-03 11:02:00,242.8933,243.0930,242.8034,243.0930,49133
2025-01-03 11:03:00,243.0930,243.3704,243.0831,243.2129,103783
2025-01-03 11:04:00,243.2279,243.3128,243.2129,243.2579,66319
2025-01-03 11:05:00,243.2529,243.3727,243.1530,243.1595,83244
2025-01-03 11:06:00,243.1614,243.1829,243.0531,243.0531,42779
2025-01-03 11:07:00,243.0432,243.0930,242.7934,242.9182,87562
2025-01-03 11:08:00,242.8933,242.9882,242.5736,242.6835,81132
2025-01-03 11:09:00,242.6635,242.7634,242.5836,242.6074,46510
2025-01-03 11:10:00,242.6335,242.6535,242.4139,242.5037,99940
2025-01-03 11:11:00,242.4937,242.6484,242.4138,242.5936,62098
2025-01-03 11:12:00,242.5786,242.8732,242.5786,242.8133,61743
2025-01-03 11:13:00,242.8233,242.9082,242.7734,242.9082,28855
2025-01-03 11:14:00,242.9132,243.0831,242.9082,242.9582,63969
2025-01-03 11:15:00,242.9584,243.0831,242.9132,242.9832,41567
2025-01-03 11:16:00,243.0231,243.0381,242.9633,243.0131,43459
2025-01-03 11:17:00,243.0131,243.0131,242.9132,242.9532,48662
2025-01-03 11:18:00,242.9482,243.1230,242.9432,243.0246,42793
2025-01-03 11:19:00,243.0305,243.0731,242.9946,243.0731,58044
2025-01-03 11:20:00,243.0731,243.3228,243.0731,243.1280,60808
2025-01-03 11:21:00,243.1430,243.3449,243.1230,243.3378,44995
2025-01-03 11:22:00,243.3378,243.4083,243.2329,243.2420,53193
2025-01-03 11:23:00,243.2429,243.3478,243.2187,243.3278,28624
2025-01-03 11:24:00,243.3428,243.4027,243.1430,243.1530,103410
2025-01-03 11:25:00,243.1530,243.2529,243.0731,243.2031,56907
2025-01-03 11:26:00,243.2129,243.3428,243.2029,243.2029,119787
2025-01-03 11:27:00,243.2079,243.3228,243.2029,243.2828,51436
2025-01-03 11:28:00,243.2828,243.2828,243.1829,243.2429,33859
2025-01-03 11:29:00,243.2429,243.2828,243.1879,243.2229,75835
2025-01-03 11:30:00,243.2129,243.3607,243.1829,243.3607,42701
2025-01-03 11:31:00,243.3428,243.4626,243.2329,243.2778,66685
2025-01-03 11:32:00,243.2678,243.3727,243.2229,243.3528,64560
2025-01-03 11:33:00,243.3457,243.3528,243.2029,243.2029,98337
2025-01-03 11:34:00,243.2129,243.3028,243.2029,243.2579,89691
2025-01-03 11:35:00,243.2579,243.2828,243.1245,243.2529,78377
2025-01-03 11:36:00,243.2479,243.5625,243.2429,243.4381,113043
2025-01-03 11:37:00,243.4526,243.5525,243.4526,243.4926,55206
2025-01-03 11:38:00,243.5026,243.6225,243.4626,243.5875,70586
2025-01-03 11:39:00,243.5925,243.6624,243.4686,243.6025,63724
2025-01-03 11:40:00,243.6125,243.7809,243.6125,243.7323,88911
2025-01-03 11:41:00,243.7423,243.7623,243.6225,243.6474,53913
2025-01-03 11:42:00,243.6474,243.7323,243.5925,243.6136,95918
2025-01-03 11:43:00,243.6025,243.6424,243.5725,243.6025,54715
2025-01-03 11:44:00,243.6115,243.6225,243.5026,243.5276,33376
2025-01-03 11:45:00,243.5176,243.5269,243.3529,243.4077,57409
2025-01-03 11:46:00,243.4028,243.4976,243.3764,243.4227,34668
2025-01-03 11:47:00,243.4232,243.5126,243.4027,243.4027,51141
2025-01-03 11:48:00,243.4027,243.4826,243.3728,243.4341,30979
2025-01-03 11:49:00,243.4316,243.4526,243.3478,243.4027,37057
2025-01-03 11:50:00,243.4427,243.5825,243.4427,243.5625,86418
2025-01-03 11:51:00,243.5725,243.5925,243.3228,243.3827,95878
2025-01-03 11:52:00,243.4327,243.5847,243.4127,243.5575,54528
2025-01-03 11:53:00,243.5575,243.5575,243.3727,243.4373,30193
2025-01-03 11:54:00,243.4427,243.5226,243.4227,243.4513,29132
2025-01-03 11:55:00,243.4427,243.4826,243.3627,243.3727,26885
2025-01-03 11:56:00,243.3827,243.3927,243.2529,243.2857,45043
2025-01-03 11:57:00,243.2778,243.3727,243.2778,243.3528,42838
2025-01-03 11:58:00,243.3727,243.3877,243.2728,243.3028,28497
2025-01-03 11:59:00,243.2928,243.2948,243.0331,243.0532,44623
2025-01-03 12:00:00,243.0731,243.1730,243.0531,243.1230,44447
2025-01-03 12:01:00,243.1030,243.2429,243.1030,243.2279,43175
2025-01-03 12:02:00,243.2429,243.2519,243.0331,243.0531,51285
2025-01-03 12:03:00,243.0331,243.0631,242.9632,242.9632,66557
2025-01-03 12:04:00,242.9682,242.9719,242.8749,242.8910,72890
2025-01-03 12:05:00,242.8933,243.0531,242.8733,242.8963,64514
2025-01-03 12:06:00,242.9177,242.9432,242.8633,242.8833,64910
2025-01-03 12:07:00,242.8733,242.8833,242.7434,242.7534,68150
2025-01-03 12:08:00,242.7434,242.7734,242.6635,242.7284,95836
2025-01-03 12:09:00,242.7334,242.8233,242.6435,242.6500,97263
2025-01-03 12:10:00,242.6335,242.6835,242.5639,242.6515,84263
2025-01-03 12:11:00,242.6535,242.7035,242.6236,242.6535,58865
2025-01-03 12:12:00,242.6535,242.7035,242.5736,242.5956,52382
2025-01-03 12:13:00,242.6136,242.6597,242.5536,242.5936,60879
2025-01-03 12:14:00,242.5913,242.5918,242.4837,242.5097,46463
2025-01-03 12:15:00,242.5037,242.7434,242.4637,242.6743,105345
2025-01-03 12:16:00,242.6638,242.7534,242.6236,242.6846,57959
2025-01-03 12:17:00,242.6881,242.6881,242.5736,242.5736,44339
2025-01-03 12:18:00,242.5986,242.6036,242.5137,242.5655,43629
2025-01-03 12:19:00,242.5736,242.5836,242.4338,242.4462,98860
2025-01-03 12:20:00,242.4671,242.5536,242.4438,242.4837,57379
2025-01-03 12:21:00,242.5055,242.5476,242.4038,242.5037,70975
2025-01-03 12:22:00,242.5037,242.5836,242.4917,242.5436,43617
2025-01-03 12:23:00,242.5586,242.6136,242.5237,242.5986,82124
2025-01-03 12:24:00,242.5986,242.6236,242.5237,242.5836,58801
2025-01-03 12:25:00,242.5836,242.6935,242.5736,242.6559,46417
2025-01-03 12:26:00,242.6435,242.7135,242.5837,242.6086,64917
2025-01-03 12:27:00,242.6236,242.6635,242.5436,242.5847,78954
2025-01-03 12:28:00,242.6036,242.6635,242.5436,242.5836,43203
2025-01-03 12:29:00,242.5836,242.6399,242.5037,242.5044,39279
2025-01-03 12:30:00,242.5137,242.6435,242.4737,242.5337,38470
2025-01-03 12:31:00,242.5536,242.5836,242.4937,242.5434,53243
2025-01-03 12:32:00,242.5432,242.5436,242.3838,242.3968,74090
2025-01-03 12:33:00,242.4238,242.4860,242.3139,242.4860,68861
2025-01-03 12:34:00,242.5137,242.5736,242.4537,242.4647,43349
2025-01-03 12:35:00,242.4637,242.5237,242.3838,242.4521,52020
2025-01-03 12:36:00,242.4418,242.4418,242.3539,242.3651,30253
2025-01-03 12:37:00,242.3638,242.4251,242.3339,242.4038,45242
2025-01-03 12:38:00,242.4038,242.4138,242.3039,242.3239,45116
2025-01-03 12:39:00,242.3089,242.4037,242.2939,242.3732,27432
2025-01-03 12:40:00,242.3738,242.4737,242.3039,242.4213,64077
2025-01-03 12:41:00,242.4338,242.4338,242.3439,242.3439,39536
2025-01-03 12:42:00,242.3367,242.4138,242.3367,242.3738,31762
2025-01-03 12:43:00,242.3938,242.3938,242.3134,242.3389,55005
2025-01-03 12:44:00,242.3439,242.3938,242.3339,242.3638,48483
2025-01-03 12:45:00,242.3738,242.3937,242.2664,242.3389,58536
2025-01-03 12:46:00,242.3361,242.4637,242.3361,242.4388,42629
2025-01-03 12:47:00,242.4351,242.4837,242.3439,242.3588,52916
2025-01-03 12:48:00,242.3539,242.3539,242.2040,242.2040,88323
2025-01-03 12:49:00,242.2240,242.2939,242.1940,242.1990,108153
2025-01-03 12:50:00,242.2149,242.3439,242.1741,242.2548,60071
2025-01-03 12:51:00,242.2580,242.3638,242.2047,242.2264,53407
2025-01-03 12:52:00,242.2340,242.3339,242.2140,242.2580,34739
2025-01-03 12:53:00,242.2689,242.2839,242.2290,242.2540,40571
2025-01-03 12:54:00,242.2739,242.2839,242.1541,242.1641,48095
2025-01-03 12:55:00,242.1790,242.1940,242.1241,242.1633,54397
2025-01-03 12:56:00,242.1630,242.2440,242.1541,242.2265,35706
2025-01-03 12:57:00,242.2040,242.2240,242.1641,242.2054,38769
2025-01-03 12:58:00,242.1990,242.3029,242.1940,242.2640,76389
2025-01-03 12:59:00,242.2640,242.2640,242.2040,242.2620,49775
2025-01-03 13:00:00,242.2490,242.3039,242.2040,242.2140,50824
2025-01-03 13:01:00,242.2140,242.2560,242.1341,242.1541,62490
2025-01-03 13:02:00,242.1551,242.1840,242.1041,242.1091,59047
2025-01-03 13:03:00,242.1091,242.1241,242.0142,242.0543,69563
2025-01-03 13:04:00,242.0742,242.2040,242.0442,242.1790,58749
2025-01-03 13:05:00,242.1642,242.3339,242.1241,242.2839,82609
2025-01-03 13:06:00,242.2839,242.3239,242.2240,242.2919,58633
2025-01-03 13:07:00,242.3038,242.3038,242.2640,242.2839,45718
2025-01-03 13:08:00,242.2745,242.3139,242.2640,242.3039,40347
2025-01-03 13:09:00,242.3039,242.3938,242.2939,242.3838,91280
2025-01-03 13:10:00,242.4038,242.4088,242.3539,242.3646,53931
2025-01-03 13:11:00,242.3638,242.4787,242.3638,242.4537,50850
2025-01-03 13:12:00,242.4612,242.5936,242.4537,242.5436,73564
2025-01-03 13:13:00,242.5356,242.6735,242.5337,242.6227,73255
2025-01-03 13:14:00,242.6236,242.6335,242.4537,242.4768,55641
2025-01-03 13:15:00,242.4567,242.6236,242.4567,242.6036,36915
2025-01-03 13:16:00,242.6036,242.6335,242.5686,242.6237,57330
2025-01-03 13:17:00,242.6335,242.8433,242.6286,242.8233,101225
2025-01-03 13:18:00,242.8166,242.8897,242.7834,242.8663,68419
2025-01-03 13:19:00,242.8833,242.8933,242.8233,242.8433,31507
2025-01-03 13:20:00,242.8433,242.8533,242.7035,242.7135,135357
2025-01-03 13:21:00,242.7035,242.7734,242.6735,242.7085,32517
2025-01-03 13:22:00,242.7135,242.7904,242.6835,242.7648,43953
2025-01-03 13:23:00,242.7714,242.7834,242.6835,242.7135,41915
2025-01-03 13:24:00,242.7035,242.7134,242.6136,242.6286,64673
2025-01-03 13:25:00,242.6435,242.6531,242.5986,242.5986,35252
2025-01-03 13:26:00,242.5986,242.6335,242.5049,242.5049,43821
2025-01-03 13:27:00,242.5087,242.5936,242.4837,242.5636,35945
2025-01-03 13:28:00,242.5836,242.6334,242.5436,242.6286,37962
2025-01-03 13:29:00,242.6429,242.7834,242.5837,242.7384,61341
2025-01-03 13:30:00,242.7334,242.7734,242.7036,242.7634,65760
2025-01-03 13:31:00,242.7684,242.7834,242.7135,242.7684,85408
2025-01-03 13:32:00,242.7684,242.7934,242.6435,242.6735,57717
2025-01-03 13:33:00,242.6889,242.6915,242.4537,242.4670,58608
2025-01-03 13:34:00,242.4734,242.4734,242.3239,242.4038,61706
2025-01-03 13:35:00,242.4088,242.5017,242.3838,242.4977,53593
2025-01-03 13:36:00,242.4987,242.5428,242.4837,242.4937,32879
2025-01-03 13:37:00,242.4937,242.5071,242.4487,242.4937,32740
2025-01-03 13:38:00,242.4937,242.5103,242.4515,242.4837,26469
2025-01-03 13:39:00,242.4937,242.5736,242.4438,242.5536,35377
2025-01-03 13:40:00,242.5436,242.5836,242.4937,242.5486,55733
2025-01-03 13:41:00,242.5636,242.7035,242.5340,242.6930,37025
2025-01-03 13:42:00,242.7035,242.7135,242.5936,242.6136,43633
2025-01-03 13:43:00,242.6130,242.7533,242.6130,242.7334,68296
2025-01-03 13:44:00,242.7234,242.7934,242.6936,242.7834,57454
2025-01-03 13:45:00,242.7826,242.7934,242.7334,242.7720,55858
2025-01-03 13:46:00,242.7634,242.7634,242.6335,242.6430,41445
2025-01-03 13:47:00,242.6367,242.6935,242.6136,242.6136,91528
2025-01-03 13:48:00,242.6186,242.6935,242.6037,242.6336,68257
2025-01-03 13:49:00,242.6425,242.6535,242.5736,242.5936,40590
2025-01-03 13:50:00,242.5937,242.6256,242.5137,242.5337,66258
2025-01-03 13:51:00,242.5536,242.6036,242.5137,242.5337,29402
2025-01-03 13:52:00,242.5337,242.5511,242.4537,242.4837,245604
2025-01-03 13:53:00,242.4837,242.6182,242.4837,242.5937,38625
2025-01-03 13:54:00,242.6136,242.6535,242.5736,242.5998,48168
2025-01-03 13:55:00,242.6016,242.6036,242.5237,242.5638,33659
2025-01-03 13:56:00,242.5636,242.6435,242.5137,242.5836,41650
2025-01-03 13:57:00,242.5936,242.6435,242.5836,242.6385,34077
2025-01-03 13:58:00,242.6423,242.6635,242.5736,242.6385,38713
2025-01-03 13:59:00,242.6335,242.6435,242.2739,242.4537,109581
2025-01-03 14:00:00,242.4438,242.5836,242.3039,242.5237,83241
2025-01-03 14:01:00,242.5436,242.5836,242.4737,242.5736,30399
2025-01-03 14:02:00,242.5836,242.6535,242.5836,242.6136,44719
2025-01-03 14:03:00,242.6086,242.6435,242.5714,242.6335,45868
2025-01-03 14:04:00,242.6510,242.6635,242.6036,242.6335,33476
2025-01-03 14:05:00,242.6191,242.6460,242.5536,242.6196,29233
2025-01-03 14:06:00,242.6236,242.6435,242.5936,242.6236,51009
2025-01-03 14:07:00,242.6186,242.6685,242.6036,242.6385,36394
2025-01-03 14:08:00,242.6385,242.6760,242.6236,242.6434,66373
2025-01-03 14:09:00,242.6335,242.6685,242.6036,242.6685,38743
2025-01-03 14:10:00,242.6536,242.7185,242.6136,242.6335,73992
2025-01-03 14:11:00,242.6136,242.6435,242.5836,242.6335,28546
2025-01-03 14:12:00,242.6136,242.6136,242.5430,242.5786,34235
2025-01-03 14:13:00,242.5786,242.6435,242.5536,242.6195,68192
2025-01-03 14:14:00,242.6335,242.6535,242.5836,242.6036,43227
2025-01-03 14:15:00,242.6116,242.6136,242.5037,242.5517,67156
2025-01-03 14:16:00,242.5436,242.5786,242.5087,242.5287,34561
2025-01-03 14:17:00,242.5183,242.6036,242.5137,242.5836,37308
2025-01-03 14:18:00,242.5831,242.6236,242.5337,242.5337,66321
2025-01-03 14:19:00,242.5484,242.5936,242.5337,242.5836,34832
2025-01-03 14:20:00,242.5836,242.5936,242.5636,242.5646,37748
2025-01-03 14:21:00,242.5792,242.5792,242.4937,242.4937,32927
2025-01-03 14:22:00,242.4991,242.5536,242.4937,242.5287,31137
2025-01-03 14:23:00,242.5287,242.5436,242.4937,242.5436,33553
2025-01-03 14:24:00,242.5613,242.5636,242.4737,242.4737,29603
2025-01-03 14:25:00,242.4737,242.4837,242.4238,242.4238,38800
2025-01-03 14:26:00,242.4288,242.5536,242.4238,242.4744,85336
2025-01-03 14:27:00,242.4738,242.5037,242.4438,242.4513,37430
2025-01-03 14:28:00,242.4537,242.4937,242.4338,242.4937,45574
2025-01-03 14:29:00,242.4937,242.5337,242.4038,242.4038,54794
2025-01-03 14:30:00,242.3938,242.4537,242.3938,242.4238,45038
2025-01-03 14:31:00,242.4138,242.4637,242.3738,242.4388,80120
2025-01-03 14:32:00,242.4388,242.4937,242.3938,242.4837,54704
2025-01-03 14:33:00,242.4837,242.5337,242.4637,242.4737,56752
2025-01-03 14:34:00,242.4787,242.5536,242.4737,242.5536,44321
2025-01-03 14:35:00,242.5436,242.5636,242.4912,242.5237,74814
2025-01-03 14:36:00,242.5337,242.6335,242.5237,242.5836,71145
2025-01-03 14:37:00,242.5836,242.6335,242.5736,242.6136,56824
2025-01-03 14:38:00,242.6186,242.6335,242.5986,242.6282,69006
2025-01-03 14:39:00,242.6286,242.7934,242.6236,242.7626,190969
2025-01-03 14:40:00,242.7634,242.7934,242.7534,242.7684,58362
2025-01-03 14:41:00,242.7734,242.9232,242.7734,242.8633,93064
2025-01-03 14:42:00,242.8833,242.9732,242.8733,242.9540,38747
2025-01-03 14:43:00,242.9532,243.0231,242.9133,243.0132,82314
2025-01-03 14:44:00,243.0231,243.0532,242.9432,243.0205,55876
2025-01-03 14:45:00,243.0231,243.1401,242.9632,243.1330,45106
2025-01-03 14:46:00,243.1230,243.1507,243.0638,243.1230,55260
2025-01-03 14:47:00,243.1230,243.1230,242.9232,242.9932,137718
2025-01-03 14:48:00,242.9882,243.1330,242.9832,243.1230,36814
2025-01-03 14:49:00,243.1230,243.1754,243.0831,243.1320,49706
2025-01-03 14:50:00,243.1330,243.1330,243.0131,243.0531,33978
2025-01-03 14:51:00,243.0631,243.0631,242.8333,242.9332,41792
2025-01-03 14:52:00,242.9282,242.9432,242.8034,242.8133,39556
2025-01-03 14:53:00,242.8183,242.9252,242.7939,242.8433,61094
2025-01-03 14:54:00,242.8433,242.9332,242.8330,242.8781,40661
2025-01-03 14:55:00,242.8833,242.9332,242.8433,242.8830,32532
2025-01-03 14:56:00,242.8863,242.9732,242.8533,242.9732,33105
2025-01-03 14:57:00,242.9632,242.9931,242.9132,242.9632,29198
2025-01-03 14:58:00,242.9632,242.9932,242.9423,242.9842,27618
2025-01-03 14:59:00,242.9932,243.0831,242.9632,242.9932,49888
2025-01-03 15:00:00,242.9832,242.9931,242.8683,242.9032,50672
2025-01-03 15:01:00,242.8833,242.8833,242.6835,242.7334,61547
2025-01-03 15:02:00,242.7093,242.7634,242.7035,242.7234,74655
2025-01-03 15:03:00,242.7334,242.7434,242.6735,242.6735,43056
2025-01-03 15:04:00,242.6835,242.7234,242.6485,242.6485,27820
2025-01-03 15:05:00,242.6585,242.7234,242.6336,242.6913,26852
2025-01-03 15:06:00,242.7035,242.7634,242.6735,242.6893,70805
2025-01-03 15:07:00,242.6735,242.7642,242.6735,242.7024,52138
2025-01-03 15:08:00,242.7035,242.7533,242.6635,242.6735,42590
2025-01-03 15:09:00,242.6835,242.7316,242.6036,242.7135,50689
2025-01-03 15:10:00,242.7135,242.7434,242.7135,242.7434,41682
2025-01-03 15:11:00,242.7384,242.7434,242.6936,242.7185,34325
2025-01-03 15:12:00,242.7135,242.7135,242.6435,242.6435,34079
2025-01-03 15:13:00,242.6535,242.6635,242.5836,242.5926,33568
2025-01-03 15:14:00,242.5886,242.6835,242.5586,242.6435,34812
2025-01-03 15:15:00,242.6236,242.6550,242.6036,242.6304,26977
2025-01-03 15:16:00,242.6236,242.6435,242.5636,242.6236,35264
2025-01-03 15:17:00,242.6198,242.6335,242.5736,242.5836,27124
2025-01-03 15:18:00,242.5836,242.6236,242.5836,242.5836,28776
2025-01-03 15:19:00,242.6006,242.6514,242.5836,242.6355,28260
2025-01-03 15:20:00,242.6435,242.6910,242.6036,242.6910,35265
2025-01-03 15:21:00,242.6835,242.7334,242.6435,242.7234,46773
2025-01-03 15:22:00,242.7234,242.7306,242.6685,242.7035,36668
2025-01-03 15:23:00,242.7135,242.7234,242.6382,242.6535,41263
2025-01-03 15:24:00,242.6459,242.6835,242.5636,242.6225,29705
2025-01-03 15:25:00,242.6216,242.6535,242.5836,242.6037,37018
2025-01-03 15:26:00,242.6036,242.6236,242.5337,242.5916,46527
2025-01-03 15:27:00,242.5936,242.6435,242.5857,242.6271,33626
2025-01-03 15:28:00,242.6435,242.6835,242.5936,242.6036,49280
2025-01-03 15:29:00,242.6036,242.6136,242.5736,242.5836,39263
2025-01-03 15:30:00,242.5736,242.5736,242.4737,242.4937,80941
2025-01-03 15:31:00,242.4937,242.5436,242.4438,242.5087,73966
2025-01-03 15:32:00,242.4937,242.5636,242.4438,242.5087,73731
2025-01-03 15:33:00,242.5037,242.5436,242.4138,242.4138,89163
2025-01-03 15:34:00,242.4138,242.5037,242.4138,242.4937,53980
2025-01-03 15:35:00,242.4897,242.5436,242.4537,242.4687,63069
2025-01-03 15:36:00,242.4737,242.4787,242.4438,242.4737,46043
2025-01-03 15:37:00,242.4687,242.4937,242.4338,242.4687,52782
2025-01-03 15:38:00,242.4737,242.4937,242.3439,242.3539,109878
2025-01-03 15:39:00,242.3439,242.4737,242.3439,242.4737,61823
2025-01-03 15:40:00,242.4438,242.4737,242.4138,242.4637,43888
2025-01-03 15:41:00,242.4537,242.4737,242.3938,242.4138,68202
2025-01-03 15:42:00,242.4138,242.5137,242.3838,242.4987,47004
2025-01-03 15:43:00,242.4987,242.5187,242.4338,242.4937,56511
2025-01-03 15:44:00,242.4957,242.6286,242.4957,242.6236,85546
2025-01-03 15:45:00,242.6186,242.6816,242.6036,242.6335,90071
2025-01-03 15:46:00,242.6335,242.7754,242.5836,242.7534,101002
2025-01-03 15:47:00,242.7534,242.8133,242.7234,242.7734,92289
2025-01-03 15:48:00,242.7634,242.7784,242.4937,242.5337,239105
2025-01-03 15:49:00,242.5386,242.5436,242.4737,242.5287,122423
2025-01-03 15:50:00,242.5287,242.6335,242.4837,242.4937,148112
2025-01-03 15:51:00,242.5043,242.5043,242.4088,242.4837,106220
2025-01-03 15:52:00,242.4937,242.5936,242.4937,242.5886,70066
2025-01-03 15:53:00,242.5836,242.5886,242.3938,242.4038,141853
2025-01-03 15:54:00,242.4138,242.8933,242.4038,242.6485,273828
2025-01-03 15:55:00,242.6735,242.9732,242.6735,242.9032,260516
2025-01-03 15:56:00,242.9082,242.9732,242.8733,242.9482,189426
2025-01-03 15:57:00,242.9520,243.0631,242.9332,243.0331,350059
2025-01-03 15:58:00,243.0431,243.1730,242.9432,243.0731,339872
2025-01-03 15:59:00,243.0731,243.3328,242.9932,243.0331,850443
2025-01-03 16:00:00,243.0930,243.2728,242.9332,243.0930,11759076
2025-01-03 16:01:00,243.0631,243.1130,243.0331,243.0631,55550
2025-01-03 16:02:00,243.0831,243.0831,242.9332,243.0081,7783
2025-01-03 16:03:00,242.9832,243.0930,242.9832,243.0631,3444
2025-01-03 16:04:00,243.0631,243.5326,242.9332,242.9341,13500
2025-01-03 16:05:00,242.9732,243.0930,242.9332,243.0131,3414
2025-01-03 16:06:00,243.0125,243.0930,242.9332,242.9832,6255
2025-01-03 16:07:00,243.0231,243.0831,242.9332,242.9782,1175
2025-01-03 16:08:00,242.9782,243.0231,242.9332,242.9832,261
2025-01-03 16:09:00,242.9632,243.0930,242.9332,242.9432,49798
2025-01-03 16:10:00,242.9332,242.9532,242.8333,242.8433,4273
2025-01-03 16:11:00,242.8233,243.0930,242.8034,242.9432,9988
2025-01-03 16:12:00,242.9532,242.9532,242.9432,242.9531,3291
2025-01-03 16:13:00,242.9482,242.9532,242.8840,242.9332,821
2025-01-03 16:14:00,242.9332,242.9532,242.8333,242.9432,4786
2025-01-03 16:15:00,242.8883,243.0930,242.6111,242.8433,1460
2025-01-03 16:16:00,242.8333,242.8633,242.7634,242.7834,4137
2025-01-03 16:17:00,242.7934,242.8133,242.7634,242.7834,410
2025-01-03 16:18:00,242.7634,242.7734,242.7334,242.7434,1282
2025-01-03 16:19:00,242.7534,242.8733,242.7434,242.8733,673
2025-01-03 16:20:00,243.0930,243.0930,242.7434,242.7734,6995
2025-01-03 16:21:00,242.8034,242.8733,242.7434,242.8034,384
2025-01-03 16:22:00,242.8133,242.8733,242.7734,242.8133,438
2025-01-03 16:23:00,242.7834,242.8833,242.7734,242.8833,696
2025-01-03 16:24:00,242.8833,242.8833,242.8633,242.8633,1522
2025-01-03 16:25:00,242.8833,242.8833,242.8533,242.8733,101
2025-01-03 16:26:00,242.8583,242.9082,242.8333,242.9082,621
2025-01-03 16:27:00,242.9332,242.9332,242.8843,242.9082,219
2025-01-03 16:28:00,242.9332,242.9332,242.8333,242.8833,3102
2025-01-03 16:29:00,242.8583,242.8833,242.8233,242.8233,796
2025-01-03 16:30:00,242.8233,243.0930,242.7334,242.7834,8263
2025-01-03 16:31:00,242.8084,242.8333,242.7834,242.8133,805
2025-01-03 16:32:00,242.8133,242.8333,242.7934,242.8084,76
2025-01-03 16:33:00,242.8084,242.8533,242.7834,242.8433,182
2025-01-03 16:34:00,242.8433,243.0930,242.8133,242.8133,1478
2025-01-03 16:35:00,242.8333,243.0930,242.8333,242.8733,8960
2025-01-03 16:36:00,242.8933,242.9032,242.8533,242.8533,557
2025-01-03 16:37:00,242.8933,242.9332,242.8233,242.8833,363
2025-01-03 16:38:00,242.9127,243.0930,242.8533,242.8833,2731
2025-01-03 16:39:00,242.8833,242.9432,242.8349,242.9232,1101
2025-01-03 16:40:00,242.9132,242.9432,242.9132,242.9282,206
2025-01-03 16:41:00,242.9132,242.9532,242.8933,242.9182,576
2025-01-03 16:42:00,242.9032,242.9532,242.8933,242.9532,334
2025-01-03 16:43:00,242.9232,242.9532,242.8933,242.9531,156
2025-01-03 16:44:00,242.9232,243.0930,242.8933,242.9503,1491498
2025-01-03 16:45:00,242.9232,243.0930,242.8433,242.8933,10341
2025-01-03 16:46:00,242.8633,242.9032,242.8233,242.8633,739
2025-01-03 16:47:00,242.8633,242.9532,242.8633,242.9532,163
2025-01-03 16:48:00,242.8633,242.9532,242.8633,242.9232,486
2025-01-03 16:49:00,242.9032,243.0231,242.8633,242.8633,2485
2025-01-03 16:50:00,242.9532,242.9532,242.8633,242.9232,130
2025-01-03 16:51:00,242.9232,242.9532,242.8733,242.9132,287
2025-01-03 16:52:00,242.9082,242.9332,242.8333,242.8533,2309
2025-01-03 16:53:00,242.8733,242.8733,242.8417,242.8533,441
2025-01-03 16:54:00,242.8433,242.8733,242.8333,242.8533,201
2025-01-03 16:55:00,242.8533,242.8533,242.7834,242.8333,969
2025-01-03 16:56:00,242.8084,242.8333,242.7834,242.8233,165
2025-01-03 16:57:00,242.8084,242.8333,242.7834,242.7834,309
2025-01-03 16:58:00,242.8133,242.9132,242.8034,242.8483,384
2025-01-03 16:59:00,242.8333,242.9320,242.7834,242.8583,124
2025-01-03 17:00:00,242.8583,242.9332,242.7834,242.8583,80
2025-01-03 17:01:00,242.8333,242.9332,242.7834,242.9132,161
2025-01-03 17:02:00,242.8933,242.9332,242.8034,242.8683,145
2025-01-03 17:03:00,242.8034,242.9332,242.8034,242.8633,135
2025-01-03 17:04:00,242.8683,242.9332,242.8034,242.8433,118
2025-01-03 17:05:00,242.8833,243.0930,242.8034,242.8683,19024
2025-01-03 17:06:00,242.8433,242.9332,242.8034,242.8133,102
2025-01-03 17:07:00,242.9232,243.0930,242.8034,242.8233,117513
2025-01-03 17:08:00,242.8683,242.9332,242.8034,242.8633,106
2025-01-03 17:09:00,242.8833,242.9232,242.8034,242.8633,120
2025-01-03 17:10:00,242.8633,242.9232,242.8066,242.8733,56
2025-01-03 17:11:00,242.8733,242.9332,242.8733,242.8733,83
2025-01-03 17:12:00,242.8733,242.9332,242.8133,242.9032,573
2025-01-03 17:13:00,242.8133,242.9332,242.8133,242.9332,73
2025-01-03 17:14:00,242.8733,242.9332,242.8433,242.8733,255
2025-01-03 17:15:00,242.8683,242.9332,242.8133,242.9082,173
2025-01-03 17:16:00,242.9332,242.9332,242.8833,242.8933,146
2025-01-03 17:17:00,242.8983,242.9132,242.8833,242.9132,232
2025-01-03 17:18:00,242.9082,242.9332,242.8833,242.8983,30
2025-01-03 17:19:00,242.9132,242.9332,242.8233,242.8233,957
2025-01-03 17:20:00,242.8633,242.8833,242.8466,242.8733,165
2025-01-03 17:21:00,242.8827,242.8833,242.8133,242.8483,147
2025-01-03 17:22:00,242.8483,242.8833,242.8133,242.8133,357
2025-01-03 17:23:00,242.8833,242.8833,242.8034,242.8433,367
2025-01-03 17:24:00,242.8433,242.8833,242.8034,242.8633,1122
2025-01-03 17:25:00,242.8733,242.8833,242.8034,242.8433,309
2025-01-03 17:26:00,242.8034,242.8833,242.8034,242.8433,34
2025-01-03 17:27:00,242.8433,242.8833,242.8034,242.8034,319
2025-01-03 17:28:00,242.8533,242.8833,242.8034,242.8833,386
2025-01-03 17:29:00,242.8733,242.8833,242.8034,242.8433,85
2025-01-03 17:30:00,242.8034,242.8833,242.8034,242.8733,135
2025-01-03 17:31:00,242.8533,243.0331,242.8433,242.9582,3317
2025-01-03 17:32:00,243.0331,243.0331,242.8833,242.9132,75
2025-01-03 17:33:00,242.9182,242.9532,242.8833,242.9032,281
2025-01-03 17:34:00,242.9032,242.9532,242.8933,242.9532,150
2025-01-03 17:35:00,242.9132,242.9732,242.8833,242.9282,116
2025-01-03 17:36:00,242.9332,242.9732,242.9232,242.9332,20
2025-01-03 17:37:00,242.9332,242.9832,242.8833,242.9132,1580
2025-01-03 17:38:00,242.9082,242.9832,242.8333,242.9082,45
2025-01-03 17:39:00,242.9832,242.9832,242.8333,242.9332,135
2025-01-03 17:40:00,242.9332,242.9832,242.9082,242.9082,50
2025-01-03 17:41:00,242.9132,242.9832,242.8433,242.8468,83
2025-01-03 17:42:00,242.9132,242.9832,242.8433,242.9332,420
2025-01-03 17:43:00,242.9232,242.9832,242.8833,242.9332,198
2025-01-03 17:44:00,242.8833,242.9832,242.8833,242.9332,237
2025-01-03 17:45:00,242.9332,242.9832,242.8833,242.9332,118
2025-01-03 17:46:00,242.9082,242.9332,242.8833,242.9082,144
2025-01-03 17:47:00,242.9132,242.9332,242.8034,242.8683,3274
2025-01-03 17:48:00,242.9232,242.9326,242.8333,242.9232,706
2025-01-03 17:49:00,242.8733,242.9232,242.8233,242.9232,153
2025-01-03 17:50:00,242.9332,242.9332,242.8233,242.9132,14
2025-01-03 17:51:00,242.8833,242.9332,242.8333,242.8333,109
2025-01-03 17:52:00,242.8833,242.9332,242.8233,242.8233,3115
2025-01-03 17:53:00,242.9132,242.9332,242.8533,242.8933,640
2025-01-03 17:54:00,242.8933,242.9332,242.8533,242.8733,58
2025-01-03 17:55:00,242.8933,242.9332,242.8533,242.8933,179
2025-01-03 17:56:00,242.8933,242.9332,242.8533,242.8933,190
2025-01-03 17:57:00,242.9332,242.9332,242.8933,242.9232,693
2025-01-03 17:58:00,242.9332,242.9332,242.8533,242.9132,18
2025-01-03 17:59:00,242.8833,242.9132,242.8533,242.8833,33
2025-01-03 18:00:00,242.8833,242.9732,242.8833,242.9732,1094
2025-01-03 18:01:00,242.9732,243.0930,242.8533,242.9632,381
2025-01-03 18:02:00,242.9882,242.9882,242.8933,242.9632,151
2025-01-03 18:03:00,242.9582,242.9832,242.9432,242.9632,66
2025-01-03 18:04:00,242.9632,242.9832,242.8833,242.8933,535
2025-01-03 18:05:00,242.8933,242.9516,242.8733,242.9032,283
2025-01-03 18:06:00,242.8983,242.9432,242.8533,242.8933,508
2025-01-03 18:07:00,242.9032,242.9432,242.8533,242.8983,178
2025-01-03 18:08:00,242.9332,242.9532,242.9332,242.9432,298
2025-01-03 18:09:00,242.9531,242.9532,242.9432,242.9433,143
2025-01-03 18:10:00,242.9482,242.9532,242.9432,242.9532,53
2025-01-03 18:11:00,242.9531,242.9532,242.9432,242.9482,32
2025-01-03 18:12:00,242.9482,243.0930,242.9432,242.9532,207
2025-01-03 18:13:00,243.0930,243.0930,242.9432,243.0181,1629
2025-01-03 18:14:00,242.9432,243.0331,242.9432,242.9882,26
2025-01-03 18:15:00,243.0331,243.0930,242.9432,243.0930,169
2025-01-03 18:16:00,243.0181,243.0930,242.9432,243.0181,125
2025-01-03 18:17:00,242.9832,243.0918,242.9432,243.0131,1377
2025-01-03 18:18:00,243.0131,243.0831,242.9932,243.0131,164
2025-01-03 18:19:00,243.0131,243.0831,242.9432,242.9432,49
2025-01-03 18:20:00,243.0131,243.0930,242.9432,242.9567,496
2025-01-03 18:21:00,242.9533,243.0930,242.9533,243.0431,157
2025-01-03 18:22:00,243.0431,243.0930,242.9532,243.0831,146
2025-01-03 18:23:00,243.0231,243.0930,243.0231,243.0631,185
2025-01-03 18:24:00,243.0831,243.0930,243.0331,243.0930,211
2025-01-03 18:25:00,243.0631,243.0930,243.0331,243.0581,174
2025-01-03 18:26:00,243.0831,243.0831,243.0331,243.0581,64
2025-01-03 18:27:00,243.0831,243.0831,243.0331,243.0631,979
2025-01-03 18:28:00,243.0818,243.0930,243.0331,243.0631,195
2025-01-03 18:29:00,243.0631,243.0930,243.0331,243.0831,112
2025-01-03 18:30:00,243.0831,243.0930,243.0401,243.0831,2037
2025-01-03 18:31:00,243.0930,243.0930,243.0231,243.0930,67
2025-01-03 18:32:00,243.0581,243.0930,243.0581,243.0831,134
2025-01-03 18:33:00,243.0831,243.0831,243.0231,243.0731,524
2025-01-03 18:34:00,243.0481,243.0731,243.0231,243.0481,123
2025-01-03 18:35:00,243.0731,243.0930,243.0481,243.0631,778
2025-01-03 18:36:00,243.0731,243.0930,243.0531,243.0930,36
2025-01-03 18:37:00,243.0631,243.0930,243.0531,243.0731,196
2025-01-03 18:38:00,243.0731,243.0930,243.0531,243.0531,79
2025-01-03 18:39:00,243.0731,243.0731,243.0531,243.0531,53
2025-01-03 18:40:00,243.0731,243.0930,243.0331,243.0431,427
2025-01-03 18:41:00,243.0930,243.0930,242.9932,243.0431,458
2025-01-03 18:42:00,243.0431,243.0930,242.9934,243.0431,321
2025-01-03 18:43:00,243.0930,243.0930,242.9932,243.0431,120
2025-01-03 18:44:00,243.0731,243.0930,243.0431,243.0431,43
2025-01-03 18:45:00,243.0930,243.0930,242.9932,243.0431,281
2025-01-03 18:46:00,243.0431,243.0930,242.9932,243.0431,161
2025-01-03 18:47:00,243.0431,243.0731,242.9932,243.0331,371
2025-01-03 18:48:00,243.0331,243.0431,243.0031,243.0131,34
2025-01-03 18:49:00,243.0131,243.0331,242.9932,243.0331,187
2025-01-03 18:50:00,243.0042,243.0331,243.0042,243.0131,151
2025-01-03 18:51:00,243.0331,243.0331,243.0131,243.0131,49
2025-01-03 18:52:00,243.0231,243.0331,242.9832,243.0331,852
2025-01-03 18:53:00,243.0322,243.0331,242.9932,243.0081,124
2025-01-03 18:54:00,243.0331,243.0331,242.9832,243.0081,158
2025-01-03 18:55:00,243.0319,243.0331,242.9532,242.9932,627
2025-01-03 18:56:00,243.0331,243.0331,242.9532,242.9532,160
2025-01-03 18:57:00,242.9932,243.0331,242.9532,242.9932,23
2025-01-03 18:58:00,243.0331,243.0331,242.9532,243.0331,467
2025-01-03 18:59:00,243.0331,243.0331,242.9532,242.9932,82
2025-01-03 19:00:00,242.9932,243.0031,242.9532,242.9932,133
2025-01-03 19:01:00,242.9932,242.9932,242.8034,242.9182,8615
2025-01-03 19:02:00,242.9732,243.0331,242.8034,242.9632,81
2025-01-03 19:03:00,242.9632,243.0331,242.9032,242.9032,199
2025-01-03 19:04:00,242.9682,243.0331,242.9032,242.9332,586
2025-01-03 19:05:00,242.9332,242.9832,242.9130,242.9332,330
2025-01-03 19:06:00,242.9682,243.0331,242.9032,243.0313,75
2025-01-03 19:07:00,242.9682,243.0331,242.9299,242.9682,171
2025-01-03 19:08:00,242.9032,243.0331,242.9032,242.9032,74
2025-01-03 19:09:00,242.9682,243.0331,242.9259,242.9782,32
2025-01-03 19:10:00,243.0131,243.0331,242.9032,243.0331,196
2025-01-03 19:11:00,243.0331,243.0331,242.9032,243.0031,26
2025-01-03 19:12:00,242.9682,243.0331,242.9032,242.9682,60
2025-01-03 19:13:00,242.9135,243.0331,242.9032,243.0331,358
2025-01-03 19:14:00,243.0331,243.0331,242.9032,242.9682,497
2025-01-03 19:15:00,242.9732,243.0031,242.9682,242.9682,70
2025-01-03 19:16:00,242.9832,243.0331,242.9232,242.9232,330
2025-01-03 19:17:00,242.9782,243.0331,242.9232,242.9782,141
2025-01-03 19:18:00,242.9782,243.0331,242.9532,242.9532,19
2025-01-03 19:19:00,242.9532,242.9832,242.9232,242.9832,130
2025-01-03 19:20:00,242.9532,243.0331,242.9232,242.9832,440
2025-01-03 19:21:00,242.9782,243.0331,242.9232,242.9782,920
2025-01-03 19:22:00,242.9432,243.0331,242.9232,243.0331,302
2025-01-03 19:23:00,242.9832,243.0331,242.9332,242.9832,223
2025-01-03 19:24:00,243.0331,243.0331,242.9332,242.9832,299
2025-01-03 19:25:00,242.9832,243.0331,242.9032,242.9682,599
2025-01-03 19:26:00,242.9682,243.0331,242.9532,242.9632,11
2025-01-03 19:27:00,243.0031,243.0331,242.9032,242.9682,205
2025-01-03 19:28:00,242.9682,243.0331,242.9682,242.9832,244
2025-01-03 19:29:00,242.9832,243.0331,242.9332,242.9832,73
2025-01-03 19:30:00,242.9832,243.0331,242.9332,242.9832,51
2025-01-03 19:31:00,243.0331,243.0331,242.9332,242.9832,235
2025-01-03 19:32:00,242.9832,242.9832,242.9582,242.9582,138
2025-01-03 19:33:00,242.9832,242.9832,242.9332,242.9532,921
2025-01-03 19:34:00,242.9730,242.9730,242.9332,242.9432,37
2025-01-03 19:35:00,242.9432,242.9532,242.9332,242.9332,676
2025-01-03 19:36:00,242.9332,242.9532,242.9033,242.9182,476
2025-01-03 19:37:00,242.9182,242.9332,242.9032,242.9232,820
2025-01-03 19:38:00,242.9232,242.9332,242.9032,242.9032,321
2025-01-03 19:39:00,242.9182,242.9332,242.9032,242.9232,976
2025-01-03 19:40:00,242.9732,242.9732,242.9032,242.9382,28
2025-01-03 19:41:00,242.9714,242.9732,242.9032,242.9632,252
2025-01-03 19:42:00,242.9732,243.0930,242.9525,243.0131,645
2025-01-03 19:43:00,242.9332,243.0831,242.9332,243.0381,419
2025-01-03 19:44:00,243.0031,243.0930,243.0031,243.0381,28
2025-01-03 19:45:00,243.0930,243.0930,242.9832,243.0381,260
2025-01-03 19:46:00,243.0930,243.0930,243.0131,243.0731,360
2025-01-03 19:47:00,243.0331,243.0831,242.9332,242.9332,1233
2025-01-03 19:48:00,243.0331,243.0731,242.9981,243.0331,31
2025-01-03 19:49:00,243.0131,243.0831,242.9332,243.0131,93
2025-01-03 19:50:00,243.0131,243.0930,242.9832,243.0181,121
2025-01-03 19:51:00,243.0231,243.0930,243.0181,243.0831,70
2025-01-03 19:52:00,243.0631,243.0930,243.0581,243.0581,77
2025-01-03 19:53:00,243.0831,243.0831,243.0331,243.0581,80
2025-01-03 19:54:00,243.0731,243.0831,243.0331,243.0831,82
2025-01-03 19:55:00,243.0581,243.0831,243.0331,243.0341,91
2025-01-03 19:56:00,243.0531,243.0831,243.0331,243.0831,2270
2025-01-03 19:57:00,243.0331,243.0831,243.0331,243.0831,604
2025-01-03 19:58:00,243.0831,243.0930,243.0331,243.0331,169
2025-01-03 19:59:00,243.0930,243.1330,243.0631,243.0831,661
2025-01-06 04:00:00,243.1829,244.0520,243.1829,243.8822,3831
2025-01-06 04:01:00,243.9721,244.2817,243.8322,244.2418,3190
2025-01-06 04:02:00,244.2618,244.4815,244.2318,244.3816,3610
2025-01-06 04:03:00,244.4715,244.4715,244.3317,244.4715,399
2025-01-06 04:04:00,244.4715,244.5315,244.4216,244.5315,2288
2025-01-06 04:05:00,244.5315,244.7412,244.5315,244.7412,5836
2025-01-06 04:06:00,244.7412,244.9011,244.7113,244.9011,1279
2025-01-06 04:07:00,244.9110,244.9510,244.7812,244.8611,3558
2025-01-06 04:08:00,244.8311,245.0309,244.7912,244.9810,1422
2025-01-06 04:09:00,244.9810,245.0509,244.8311,244.8311,2005
2025-01-06 04:10:00,244.7912,244.8611,244.7812,244.8511,952
2025-01-06 04:11:00,244.8311,244.9710,244.7812,244.9110,1449
2025-01-06 04:12:00,244.9510,245.0609,244.8711,244.9510,1558
2025-01-06 04:13:00,244.9011,244.9610,244.8711,244.9210,824
2025-01-06 04:14:00,244.8911,244.9710,244.7812,244.8811,2505
2025-01-06 04:15:00,244.8511,244.9510,244.6913,244.8511,1145
2025-01-06 04:16:00,244.7812,244.8711,244.7213,244.7312,874
2025-01-06 04:17:00,244.7312,244.8811,244.6813,244.8012,1683
2025-01-06 04:18:00,244.8012,244.8112,244.6713,244.7312,303
2025-01-06 04:19:00,244.7312,244.7512,244.6813,244.7312,752
2025-01-06 04:20:00,244.7312,244.7312,244.6513,244.6513,1093
2025-01-06 04:21:00,244.6613,244.7812,244.6513,244.6713,896
2025-01-06 04:22:00,244.6813,244.7013,244.6513,244.6713,1173
2025-01-06 04:23:00,244.6613,244.7512,244.6513,244.7312,3272
2025-01-06 04:24:00,244.7912,244.8811,244.7312,244.7412,3048
2025-01-06 04:25:00,244.7712,244.8511,244.7312,244.7512,1758
2025-01-06 04:26:00,244.7512,244.8112,244.7512,244.8012,1054
2025-01-06 04:27:00,244.7612,244.8012,244.7512,244.7812,417
2025-01-06 04:28:00,244.7612,244.8112,244.7512,244.7512,2354
2025-01-06 04:29:00,244.7912,244.7912,244.6613,244.6613,2316
2025-01-06 04:30:00,244.7013,244.7213,244.6513,244.6513,1381
2025-01-06 04:31:00,244.6513,244.6713,244.6513,244.6713,2804
2025-01-06 04:32:00,244.7013,244.7013,244.6813,244.6813,9
2025-01-06 04:33:00,244.6913,244.7213,244.6713,244.6713,235
2025-01-06 04:34:00,244.6713,244.7013,244.6713,244.6713,204
2025-01-06 04:35:00,244.6813,244.6913,244.6613,244.6613,185
2025-01-06 04:36:00,244.6813,244.7213,244.6513,244.7113,427
2025-01-06 04:37:00,244.7213,244.7213,244.6913,244.6913,197
2025-01-06 04:38:00,244.6913,244.7213,244.6613,244.6613,908
2025-01-06 04:39:00,244.6613,244.6813,244.6513,244.6513,5184
2025-01-06 04:40:00,244.6613,244.7013,244.6513,244.6513,5376
2025-01-06 04:41:00,244.6513,244.7013,244.6513,244.6513,470
2025-01-06 04:42:00,244.6613,244.7113,244.6513,244.6913,59
2025-01-06 04:43:00,244.7013,244.7113,244.6813,244.7113,610
2025-01-06 04:44:00,244.7213,244.7812,244.7213,244.7712,1069
2025-01-06 04:45:00,244.7712,244.7812,244.7412,244.7412,32
2025-01-06 04:46:00,244.7812,244.7812,244.7312,244.7812,92
2025-01-06 04:47:00,244.7812,244.7812,244.7412,244.7412,245
2025-01-06 04:48:00,244.7812,244.7812,244.7412,244.7812,325
2025-01-06 04:49:00,244.7412,244.7512,244.7113,244.7312,1514
2025-01-06 04:50:00,244.7312,244.7312,244.7213,244.7213,327
2025-01-06 04:51:00,244.7312,244.7412,244.7213,244.7213,831
2025-01-06 04:52:00,244.7312,244.7812,244.7113,244.7812,1287
2025-01-06 04:53:00,244.7812,244.8112,244.7213,244.7312,1089
2025-01-06 04:54:00,244.7312,244.8311,244.7312,244.7512,447
2025-01-06 04:55:00,244.8112,244.8311,244.7412,244.7812,530
2025-01-06 04:56:00,244.7812,244.8211,244.6813,244.7213,2559
2025-01-06 04:57:00,244.7113,244.7113,244.6513,244.6813,2320
2025-01-06 04:58:00,244.6613,244.7213,244.6513,244.6613,157
2025-01-06 04:59:00,244.6813,244.7312,244.6813,244.7312,2857
2025-01-06 05:00:00,244.7213,244.7312,244.6913,244.7213,1234
2025-01-06 05:01:00,244.7213,244.7312,244.6913,244.6913,850
2025-01-06 05:02:00,244.6913,244.7213,244.6513,244.7013,1389
2025-01-06 05:03:00,244.6613,244.7013,244.6513,244.7013,109
2025-01-06 05:04:00,244.6913,244.7013,244.6314,244.6513,809
2025-01-06 05:05:00,244.6513,244.6913,244.6314,244.6314,608
2025-01-06 05:06:00,244.6513,244.6813,244.6314,244.6713,138
2025-01-06 05:07:00,244.6513,244.6813,244.6513,244.6513,151
2025-01-06 05:08:00,244.6713,244.6813,244.6513,244.6713,138
2025-01-06 05:09:00,244.6813,244.6813,244.6513,244.6713,201
2025-01-06 05:10:00,244.6513,244.6813,244.6314,244.6314,602
2025-01-06 05:11:00,244.6713,244.7013,244.6513,244.7013,231
2025-01-06 05:12:00,244.7013,244.7113,244.7013,244.7113,5
2025-01-06 05:13:00,244.7213,244.7213,244.6913,244.7113,114
2025-01-06 05:14:00,244.7213,244.7712,244.6813,244.7712,867
2025-01-06 05:15:00,244.7412,244.7712,244.7312,244.7712,106
2025-01-06 05:16:00,244.7712,244.8112,244.7612,244.7712,69
2025-01-06 05:17:00,244.8112,244.8211,244.7712,244.7812,527
2025-01-06 05:18:00,244.7812,244.7812,244.7812,244.7812,66
2025-01-06 05:19:00,244.8211,244.8211,244.7412,244.7812,142
2025-01-06 05:20:00,244.7812,244.8112,244.7612,244.7612,53
2025-01-06 05:21:00,244.7912,244.7912,244.7812,244.7812,9
2025-01-06 05:22:00,244.7812,244.8311,244.7612,244.7612,1578
2025-01-06 05:23:00,244.7512,244.7712,244.7312,244.7312,656
2025-01-06 05:24:00,244.7213,244.8311,244.7213,244.7812,867
2025-01-06 05:25:00,244.7712,244.7812,244.7612,244.7812,169
2025-01-06 05:26:00,244.7912,244.8211,244.7612,244.7612,64
2025-01-06 05:27:00,244.7912,244.8112,244.7412,244.7712,112
2025-01-06 05:28:00,244.7712,244.7912,244.7512,244.7612,396
2025-01-06 05:29:00,244.7812,244.8112,244.7512,244.7812,202
2025-01-06 05:30:00,244.7712,244.7812,244.6314,244.6513,999
2025-01-06 05:31:00,244.6513,244.7412,244.6314,244.7312,214
2025-01-06 05:32:00,244.7213,244.7912,244.7213,244.7812,137
2025-01-06 05:33:00,244.7612,244.7712,244.7013,244.7013,50
2025-01-06 05:34:00,244.6913,244.7812,244.6913,244.7013,135
2025-01-06 05:35:00,244.7312,244.7812,244.7013,244.7712,160
2025-01-06 05:36:00,244.7312,244.7912,244.7213,244.7812,227
2025-01-06 05:37:00,244.7612,244.8211,244.7512,244.8211,284
2025-01-06 05:38:00,244.8211,244.8311,244.8012,244.8012,242
2025-01-06 05:39:00,244.7912,244.7912,244.7412,244.7812,270
2025-01-06 05:40:00,244.8112,244.8311,244.7812,244.8311,137
2025-01-06 05:41:00,244.8211,244.8211,244.7612,244.7612,128
2025-01-06 05:42:00,244.8112,244.8211,244.7812,244.7812,77
2025-01-06 05:43:00,244.7512,244.8012,244.7512,244.8012,861
2025-01-06 05:44:00,244.8112,244.8112,244.7312,244.7912,436
2025-01-06 05:45:00,244.7712,244.8012,244.7512,244.8012,550
2025-01-06 05:46:00,244.7612,244.8012,244.7512,244.7712,227
2025-01-06 05:47:00,244.7712,244.8012,244.6813,244.6913,630
2025-01-06 05:48:00,244.7412,244.7612,244.6713,244.7412,1055
2025-01-06 05:49:00,244.7712,244.7812,244.7712,244.7812,100
2025-01-06 05:50:00,244.7712,244.7712,244.7113,244.7512,190
2025-01-06 05:51:00,244.7312,244.7612,244.6813,244.6813,110
2025-01-06 05:52:00,244.7512,244.7612,244.7312,244.7612,108
2025-01-06 05:53:00,244.7512,244.7812,244.7312,244.7812,281
2025-01-06 05:54:00,244.7512,244.7612,244.7312,244.7312,77
2025-01-06 05:55:00,244.7312,244.7612,244.7213,244.7612,126
2025-01-06 05:56:00,244.7712,244.7812,244.7412,244.7712,156
2025-01-06 05:57:00,244.7612,244.7612,244.7312,244.7412,38
2025-01-06 05:58:00,244.7312,244.7612,244.7312,244.7312,69
2025-01-06 05:59:00,244.7512,244.7612,244.7412,244.7612,304
2025-01-06 06:00:00,244.7612,244.7712,244.7312,244.7412,294
2025-01-06 06:01:00,244.7512,244.7512,244.7213,244.7213,709
2025-01-06 06:02:00,244.7213,244.7412,244.5814,244.6014,2373
2025-01-06 06:03:00,244.6413,244.6913,244.5714,244.5714,905
2025-01-06 06:04:00,244.5814,244.5814,244.5714,244.5714,624
2025-01-06 06:05:00,244.5814,244.6613,244.5514,244.5914,1721
2025-01-06 06:06:00,244.6513,244.6613,244.5614,244.6613,88
2025-01-06 06:07:00,244.6613,244.7512,244.6613,244.7113,444
2025-01-06 06:08:00,244.7213,244.7512,244.7213,244.7412,142
2025-01-06 06:09:00,244.7412,244.7512,244.7312,244.7312,148
2025-01-06 06:10:00,244.7512,244.7812,244.7312,244.7812,708
2025-01-06 06:11:00,244.7512,244.8811,244.7512,244.8811,2608
2025-01-06 06:12:00,244.8711,244.8811,244.8311,244.8311,1335
2025-01-06 06:13:00,244.8511,244.8811,244.8311,244.8311,448
2025-01-06 06:14:00,244.8311,244.8611,244.8311,244.8411,630
2025-01-06 06:15:00,244.8511,244.8511,244.7712,244.8511,1582
2025-01-06 06:16:00,244.8511,244.8711,244.8211,244.8211,1051
2025-01-06 06:17:00,244.8311,244.8311,244.8012,244.8012,316
2025-01-06 06:18:00,244.8112,244.8311,244.7812,244.8112,99
2025-01-06 06:19:00,244.8311,244.8311,244.8012,244.8112,154
2025-01-06 06:20:00,244.8012,244.8112,244.7013,244.7812,1478
2025-01-06 06:21:00,244.7712,244.8012,244.7312,244.7912,54
2025-01-06 06:22:00,244.7812,244.8012,244.7512,244.8012,67
2025-01-06 06:23:00,244.7812,244.7812,244.7512,244.7712,898
2025-01-06 06:24:00,244.7512,244.8511,244.7512,244.8411,1235
2025-01-06 06:25:00,244.8411,245.0309,244.8311,244.8811,2962
2025-01-06 06:26:00,244.8811,244.9410,244.8811,244.9210,678
2025-01-06 06:27:00,244.9110,244.9210,244.8611,244.9110,282
2025-01-06 06:28:00,244.9210,244.9210,244.8611,244.9210,607
2025-01-06 06:29:00,244.9110,244.9210,244.9011,244.9110,199
2025-01-06 06:30:00,244.9110,244.9510,244.9011,244.9510,1154
2025-01-06 06:31:00,244.9210,244.9510,244.7712,244.8311,2289
2025-01-06 06:32:00,244.9011,244.9510,244.9011,244.9510,747
2025-01-06 06:33:00,244.9310,244.9510,244.8911,244.9110,226
2025-01-06 06:34:00,244.9110,245.0109,244.9110,244.9810,3770
2025-01-06 06:35:00,244.9810,245.0009,244.9310,244.9810,1454
2025-01-06 06:36:00,244.9610,245.0009,244.9510,245.0009,1769
2025-01-06 06:37:00,244.9710,245.0009,244.9410,245.0009,495
2025-01-06 06:38:00,244.9910,245.0009,244.9810,244.9910,370
2025-01-06 06:39:00,244.9810,245.0009,244.9610,244.9610,167
2025-01-06 06:40:00,244.9410,244.9810,244.9410,244.9410,534
2025-01-06 06:41:00,244.9410,244.9610,244.8311,244.8711,2473
2025-01-06 06:42:00,244.8611,244.8711,244.7312,244.7312,1725
2025-01-06 06:43:00,244.7312,244.7512,244.6913,244.7312,1115
2025-01-06 06:44:00,244.7412,244.8112,244.7412,244.7812,228
2025-01-06 06:45:00,244.7912,244.7912,244.7412,244.7412,188
2025-01-06 06:46:00,244.7512,244.7812,244.7312,244.7812,418
2025-01-06 06:47:00,244.7612,244.7812,244.7412,244.7612,201
2025-01-06 06:48:00,244.7412,244.7912,244.7312,244.7312,527
2025-01-06 06:49:00,244.7512,244.7912,244.7213,244.7412,2184
2025-01-06 06:50:00,244.7512,244.7712,244.7213,244.7312,43
2025-01-06 06:51:00,244.7312,244.7712,244.7312,244.7312,152
2025-01-06 06:52:00,244.7412,244.7712,244.7312,244.7512,1126
2025-01-06 06:53:00,244.7712,244.7812,244.7113,244.7412,352
2025-01-06 06:54:00,244.7712,244.7812,244.7712,244.7712,189
2025-01-06 06:55:00,244.7812,244.7812,244.7013,244.7312,339
2025-01-06 06:56:00,244.7612,244.7712,244.7312,244.7512,19
2025-01-06 06:57:00,244.7312,244.7712,244.6913,244.7312,444
2025-01-06 06:58:00,244.7312,244.7812,244.7312,244.7812,680
2025-01-06 06:59:00,244.7712,244.7912,244.7712,244.7912,345
2025-01-06 07:00:00,244.7712,244.8012,244.5514,244.6613,11353
2025-01-06 07:01:00,244.6613,244.7312,244.6214,244.7213,1165
2025-01-06 07:02:00,244.6813,244.7312,244.6813,244.7312,665
2025-01-06 07:03:00,244.7113,244.7113,244.6713,244.6713,1111
2025-01-06 07:04:00,244.7013,244.7113,244.6813,244.7113,2237
2025-01-06 07:05:00,244.7013,244.7113,244.5315,244.5415,3579
2025-01-06 07:06:00,244.5914,244.5914,244.4416,244.4416,3704
2025-01-06 07:07:00,244.4416,244.4815,244.3716,244.3716,599
2025-01-06 07:08:00,244.3517,244.4116,244.3317,244.4016,1141
2025-01-06 07:09:00,244.3517,244.4016,244.3417,244.3716,322
2025-01-06 07:10:00,244.3816,244.3916,244.3317,244.3317,916
2025-01-06 07:11:00,244.3716,244.3816,244.3317,244.3317,3771
2025-01-06 07:12:00,244.3317,244.4116,244.2917,244.2917,2820
2025-01-06 07:13:00,244.3117,244.4815,244.2817,244.4316,2903
2025-01-06 07:14:00,244.4016,244.4316,244.3517,244.3916,457
2025-01-06 07:15:00,244.3616,244.3916,244.3417,244.3916,226
2025-01-06 07:16:00,244.3916,244.4216,244.2817,244.3417,2503
2025-01-06 07:17:00,244.3417,244.3616,244.2817,244.2817,902
2025-01-06 07:18:00,244.3317,244.3517,244.2418,244.3117,3744
2025-01-06 07:19:00,244.3217,244.4815,244.3217,244.4715,2423
2025-01-06 07:20:00,244.4615,244.4915,244.4216,244.4316,870
2025-01-06 07:21:00,244.4615,244.4715,244.3816,244.4316,864
2025-01-06 07:22:00,244.4515,244.4715,244.4016,244.4216,784
2025-01-06 07:23:00,244.4316,244.4815,244.2418,244.2717,6113
2025-01-06 07:24:00,244.2817,244.3417,244.2717,244.3117,685
2025-01-06 07:25:00,244.3217,244.3517,244.3117,244.3217,2834
2025-01-06 07:26:00,244.3217,244.3217,244.2618,244.2717,848
2025-01-06 07:27:00,244.2717,244.2817,244.1619,244.1719,3934
2025-01-06 07:28:00,244.1619,244.1719,244.0820,244.1619,2841
2025-01-06 07:29:00,244.1119,244.1719,244.1119,244.1319,36
2025-01-06 07:30:00,244.1319,244.1719,244.1319,244.1619,319
2025-01-06 07:31:00,244.1619,244.1818,244.1319,244.1719,1883
2025-01-06 07:32:00,244.1818,244.1818,244.0420,244.0919,2907
2025-01-06 07:33:00,244.0620,244.1719,244.0320,244.0820,1434
2025-01-06 07:34:00,244.0820,244.1619,244.0820,244.1319,172
2025-01-06 07:35:00,244.1019,244.1219,244.0420,244.0720,701
2025-01-06 07:36:00,244.0720,244.1818,244.0720,244.1818,3726
2025-01-06 07:37:00,244.1619,244.1818,244.1419,244.1719,3009
2025-01-06 07:38:00,244.1719,244.1818,244.1119,244.1519,483
2025-01-06 07:39:00,244.1719,244.1818,244.0320,244.1319,8582
2025-01-06 07:40:00,244.0820,244.1319,244.0220,244.1319,342
2025-01-06 07:41:00,244.0919,244.1319,244.0620,244.1319,92
2025-01-06 07:42:00,244.1419,244.1519,244.0919,244.1019,159
2025-01-06 07:43:00,244.1319,244.2318,244.1319,244.1918,1715
2025-01-06 07:44:00,244.2218,244.2817,244.2218,244.2518,1915
2025-01-06 07:45:00,244.2618,244.2817,244.2518,244.2817,149
2025-01-06 07:46:00,244.2618,244.3317,244.2318,244.2318,4800
2025-01-06 07:47:00,244.2418,244.2518,244.1319,244.1319,3261
2025-01-06 07:48:00,244.1519,244.2018,244.1319,244.1519,509
2025-01-06 07:49:00,244.1719,244.2318,244.1519,244.2118,238
2025-01-06 07:50:00,244.2118,244.2518,244.1319,244.1319,4757
2025-01-06 07:51:00,244.2018,244.2318,244.1319,244.1918,2980
2025-01-06 07:52:00,244.2018,244.2618,244.1818,244.2618,1927
2025-01-06 07:53:00,244.2218,244.2717,244.2218,244.2618,388
2025-01-06 07:54:00,244.2318,244.2318,244.2018,244.2318,566
2025-01-06 07:55:00,244.2717,244.2717,244.1719,244.1918,1231
2025-01-06 07:56:00,244.2418,244.2518,244.0220,244.1119,1905
2025-01-06 07:57:00,244.1719,244.1918,244.0720,244.0820,1012
2025-01-06 07:58:00,244.0520,244.0720,243.9421,243.9921,1495
2025-01-06 07:59:00,243.9921,244.0320,243.8422,243.8922,5712
2025-01-06 08:00:00,243.7503,245.0383,243.0930,244.7812,885287
2025-01-06 08:01:00,244.8192,245.0102,243.5825,244.0748,6574
2025-01-06 08:02:00,244.0748,244.0820,243.4327,244.0170,2762
2025-01-06 08:03:00,244.0170,244.0820,243.9521,244.0220,433
2025-01-06 08:04:00,244.0320,244.0820,243.9721,244.0820,1339
2025-01-06 08:05:00,243.9821,244.0820,243.0930,244.0420,3548
2025-01-06 08:06:00,244.0800,244.0820,243.9821,244.0338,3243
2025-01-06 08:07:00,244.0570,244.0820,243.9821,244.0220,2260
2025-01-06 08:08:00,244.0120,244.0520,243.9921,244.0520,455
2025-01-06 08:09:00,244.0320,244.0820,244.0320,244.0620,4263
2025-01-06 08:10:00,244.0620,244.0820,244.0320,244.0720,388
2025-01-06 08:11:00,244.0570,244.0820,243.9921,244.0420,12548
2025-01-06 08:12:00,244.0520,244.0620,243.8822,243.9421,5910
2025-01-06 08:13:00,243.9521,244.0520,243.9321,243.9821,2710
2025-01-06 08:14:00,244.0119,244.0520,243.9771,244.0270,1381
2025-01-06 08:15:00,244.0270,244.0820,243.9621,244.0520,2321
2025-01-06 08:16:00,244.0720,244.0820,243.8722,244.0070,2089
2025-01-06 08:17:00,243.9821,244.0820,243.9321,243.9421,2681
2025-01-06 08:18:00,243.9371,243.9421,243.9121,243.9121,1669
2025-01-06 08:19:00,243.9421,244.0720,243.9121,243.9621,835
2025-01-06 08:20:00,243.9821,244.0720,243.9621,244.0120,2061
2025-01-06 08:21:00,244.0170,244.0420,243.9321,243.9321,1054
2025-01-06 08:22:00,243.9821,244.0320,243.8822,243.9821,3355
2025-01-06 08:23:00,243.9571,244.0320,243.9121,243.9821,736
2025-01-06 08:24:00,243.9621,243.9821,243.8822,243.9321,4698
2025-01-06 08:25:00,243.9521,243.9921,243.9022,243.9913,2292
2025-01-06 08:26:00,243.9821,243.9921,243.9321,243.9721,466
2025-01-06 08:27:00,243.9321,244.0020,243.9321,243.9371,802
2025-01-06 08:28:00,244.0201,244.0320,243.9321,244.0120,818
2025-01-06 08:29:00,243.9871,244.0320,243.9321,243.9821,2145
2025-01-06 08:30:00,243.9521,244.0820,243.9022,244.0120,3162
2025-01-06 08:31:00,244.0120,244.0820,243.9521,243.9621,3420
2025-01-06 08:32:00,243.9521,244.0320,243.9321,244.0020,1409
2025-01-06 08:33:00,244.0320,244.0320,243.9821,243.9821,1203
2025-01-06 08:34:00,244.0220,244.0820,243.9821,244.0470,3703
2025-01-06 08:35:00,243.0930,244.0620,243.0930,244.0420,622
2025-01-06 08:36:00,244.0320,244.0820,244.0320,244.0720,1611
2025-01-06 08:37:00,244.0320,244.0720,243.9821,244.0220,2978
2025-01-06 08:38:00,244.0220,244.0919,242.4088,244.0520,13707
2025-01-06 08:39:00,244.0220,244.0620,244.0220,244.0320,3764
2025-01-06 08:40:00,244.0220,244.0420,243.9821,244.0220,4445
2025-01-06 08:41:00,244.0120,244.0420,243.9821,244.0120,1385
2025-01-06 08:42:00,244.0120,244.0420,243.0930,243.9921,300123
2025-01-06 08:43:00,243.9921,244.0220,243.9321,244.0220,5861
2025-01-06 08:44:00,244.0020,244.0720,243.9421,244.0370,3102
2025-01-06 08:45:00,243.9921,244.1319,243.9421,244.0320,1200
2025-01-06 08:46:00,244.0320,244.1319,243.9821,244.0620,1691
2025-01-06 08:47:00,244.0520,244.1419,244.0020,244.1319,1384
2025-01-06 08:48:00,244.1319,244.1619,244.0120,244.0919,2153
2025-01-06 08:49:00,244.0813,244.0919,244.0420,244.0670,416
2025-01-06 08:50:00,244.0919,244.0919,244.0420,244.0670,598
2025-01-06 08:51:00,244.0720,244.2318,244.0420,244.1719,1052
2025-01-06 08:52:00,244.2318,244.2717,244.1320,244.2717,5256
2025-01-06 08:53:00,244.2318,244.2817,244.1319,244.2318,1673
2025-01-06 08:54:00,244.2808,244.5914,244.2325,244.5415,11349
2025-01-06 08:55:00,244.5315,244.8611,244.5315,244.7312,31583
2025-01-06 08:56:00,244.8211,244.8211,244.7312,244.7312,9478
2025-01-06 08:57:00,244.7312,244.8112,244.5315,244.5415,10938
2025-01-06 08:58:00,244.6014,244.7412,244.5315,244.7412,15466
2025-01-06 08:59:00,244.7612,244.7812,244.7312,244.7562,6075
2025-01-06 09:00:00,244.7812,244.8211,244.7312,244.7612,2079
2025-01-06 09:01:00,244.7612,244.7812,244.7312,244.7312,5727
2025-01-06 09:02:00,244.7312,244.8211,244.7312,244.7712,2083
2025-01-06 09:03:00,244.7512,244.7812,244.7312,244.7612,3276
2025-01-06 09:04:00,244.7312,244.7712,244.7213,244.7312,8663
2025-01-06 09:05:00,244.7312,244.7312,244.5315,244.6014,8342
2025-01-06 09:06:00,244.6413,244.6813,244.5315,244.5814,6909
2025-01-06 09:07:00,244.5315,244.6064,244.4815,244.5315,6804
2025-01-06 09:08:00,244.5165,244.7312,244.4815,244.6114,3126
2025-01-06 09:09:00,244.5764,244.6214,244.5115,244.6014,871
2025-01-06 09:10:00,244.5814,244.6114,244.4815,244.5215,2059
2025-01-06 09:11:00,244.5115,244.6114,244.5115,244.5764,1508
2025-01-06 09:12:00,244.5814,244.6014,244.4815,244.5415,3146
2025-01-06 09:13:00,244.5315,244.6014,244.5015,244.6013,914
2025-01-06 09:14:00,244.5914,244.6014,244.4915,244.5514,5746
2025-01-06 09:15:00,244.5564,244.5914,243.6324,243.9221,36242
2025-01-06 09:16:00,244.1319,244.1319,243.2828,243.5525,18538
2025-01-06 09:17:00,243.3869,243.9221,243.3627,243.7323,7682
2025-01-06 09:18:00,243.7723,243.7723,243.5625,243.6924,8354
2025-01-06 09:19:00,243.7024,244.0320,243.6226,243.7323,4636
2025-01-06 09:20:00,243.7423,243.7923,243.5725,243.7523,8095
2025-01-06 09:21:00,243.7423,243.7523,243.6324,243.6467,3372
2025-01-06 09:22:00,243.7523,243.7723,243.6974,243.7323,7852
2025-01-06 09:23:00,243.7506,243.7923,243.6829,243.7273,3595
2025-01-06 09:24:00,243.7321,243.7323,243.6824,243.7074,4756
2025-01-06 09:25:00,243.7223,243.8023,243.1330,243.4826,18757
2025-01-06 09:26:00,243.3927,243.4926,243.2029,243.2329,13269
2025-01-06 09:27:00,243.2329,243.6824,243.1030,243.3877,24740
2025-01-06 09:28:00,243.6125,243.9821,243.6125,243.9820,20034
2025-01-06 09:29:00,243.9721,244.1319,243.8622,244.0919,5519
2025-01-06 09:30:00,244.0420,244.7912,243.5326,244.5864,1418339
2025-01-06 09:31:00,244.5864,245.3206,244.5864,245.2307,411398
2025-01-06 09:32:00,245.2207,245.5503,244.7812,244.9810,283738
2025-01-06 09:33:00,244.9110,245.9126,244.9110,245.6203,258154
2025-01-06 09:34:00,245.6303,245.8600,245.3950,245.6902,190626
2025-01-06 09:35:00,245.6902,245.9099,245.3805,245.4101,234328
2025-01-06 09:36:00,245.3606,245.5404,245.0509,245.1308,157904
2025-01-06 09:37:00,245.1462,245.6203,245.0009,245.3601,130176
2025-01-06 09:38:00,245.3306,245.3955,245.1318,245.3406,105366
2025-01-06 09:39:00,245.3427,245.3905,245.0509,245.2407,117431
2025-01-06 09:40:00,245.2407,245.2918,244.5015,244.5015,137379
2025-01-06 09:41:00,244.5015,244.8211,244.3417,244.5998,164211
2025-01-06 09:42:00,244.5914,244.6613,244.2418,244.3517,111488
2025-01-06 09:43:00,244.3317,244.5514,244.2618,244.3537,106372
2025-01-06 09:44:00,244.3317,244.4815,244.1519,244.4615,120371
2025-01-06 09:45:00,244.4416,244.7013,244.4416,244.5814,118142
2025-01-06 09:46:00,244.5814,244.7612,244.5265,244.6264,123543
2025-01-06 09:47:00,244.6314,244.7312,244.3017,244.3517,95789
2025-01-06 09:48:00,244.4016,244.6813,244.4012,244.4915,94782
2025-01-06 09:49:00,244.4715,244.5115,244.3020,244.3217,93063
2025-01-06 09:50:00,244.3417,244.4416,244.1119,244.2618,136614
2025-01-06 09:51:00,244.2518,244.2816,243.9970,244.0620,139637
2025-01-06 09:52:00,244.0620,244.2068,242.9332,244.0370,164777
2025-01-06 09:53:00,244.0520,244.2817,243.9421,244.0220,92629
2025-01-06 09:54:00,244.0720,244.3217,244.0206,244.2568,94314
2025-01-06 09:55:00,244.2518,244.6114,244.2418,244.5430,151370
2025-01-06 09:56:00,244.5614,244.6713,244.1619,244.4016,115810
2025-01-06 09:57:00,244.4016,244.4316,244.0320,244.0497,110745
2025-01-06 09:58:00,244.0596,244.3117,244.0320,244.2597,105740
2025-01-06 09:59:00,244.2817,244.3716,244.0620,244.1575,129214
2025-01-06 10:00:00,244.1818,244.4216,244.1818,244.2817,130798
2025-01-06 10:01:00,244.2817,244.5214,244.1719,244.3936,107767
2025-01-06 10:02:00,244.4016,244.4915,244.3417,244.4715,129942
2025-01-06 10:03:00,244.4715,244.5114,244.3387,244.4076,145435
2025-01-06 10:04:00,244.3966,244.4615,244.3017,244.4216,73960
2025-01-06 10:05:00,244.4216,244.4915,244.3816,244.4116,76966
2025-01-06 10:06:00,244.4316,244.5514,244.3916,244.4316,77523
2025-01-06 10:07:00,244.4416,244.6014,244.3417,244.5717,69975
2025-01-06 10:08:00,244.5764,244.6413,244.5215,244.5714,86515
2025-01-06 10:09:00,244.5714,244.6114,244.4915,244.6064,55854
2025-01-06 10:10:00,244.6114,244.7512,243.9421,244.5065,168609
2025-01-06 10:11:00,244.4915,244.8311,244.3517,244.7812,154880
2025-01-06 10:12:00,244.7712,244.8811,244.7063,244.7213,193509
2025-01-06 10:13:00,244.7413,244.9510,244.6813,244.9510,105274
2025-01-06 10:14:00,244.9410,245.1508,244.9310,245.1008,136643
2025-01-06 10:15:00,245.1008,245.3506,245.1008,245.3506,128498
2025-01-06 10:16:00,245.3571,245.3606,244.9910,245.1148,89937
2025-01-06 10:17:00,245.1109,245.1307,245.0309,245.0809,37990
2025-01-06 10:18:00,245.1008,245.1008,244.9310,245.0309,51982
2025-01-06 10:19:00,245.0609,245.1208,244.9310,244.9860,44389
2025-01-06 10:20:00,244.9810,245.1708,244.9656,245.1108,66760
2025-01-06 10:21:00,245.1108,245.3406,245.0809,245.2530,94406
2025-01-06 10:22:00,245.2507,245.4904,245.2207,245.4104,112727
2025-01-06 10:23:00,245.4055,245.5004,245.2806,245.3606,114406
2025-01-06 10:24:00,245.3456,245.4055,245.2207,245.2357,101620
2025-01-06 10:25:00,245.2407,245.3330,245.1408,245.2207,75319
2025-01-06 10:26:00,245.2282,245.3506,245.1807,245.2307,74607
2025-01-06 10:27:00,245.2507,245.3106,245.1408,245.2007,76148
2025-01-06 10:28:00,245.2107,245.4005,245.1907,245.3406,75910
2025-01-06 10:29:00,245.3406,245.4105,245.2307,245.2806,60421
2025-01-06 10:30:00,245.2706,245.3106,245.1508,245.2276,66652
2025-01-06 10:31:00,245.2307,245.2906,245.0609,245.1118,76127
2025-01-06 10:32:00,245.1138,245.3106,245.0709,245.3056,51881
2025-01-06 10:33:00,245.3205,245.3205,245.1708,245.2802,44184
2025-01-06 10:34:00,245.2706,245.3805,245.2706,245.3506,67518
2025-01-06 10:35:00,245.3506,245.3506,245.2207,245.3406,49445
2025-01-06 10:36:00,245.3406,245.5304,245.3406,245.5204,72291
2025-01-06 10:37:00,245.4904,245.6552,245.4804,245.6502,108275
2025-01-06 10:38:00,245.6582,245.6602,245.5404,245.5903,38565
2025-01-06 10:39:00,245.6003,245.6702,245.3705,245.4405,74565
2025-01-06 10:40:00,245.4355,245.5104,245.3705,245.5104,94502
2025-01-06 10:41:00,245.5109,245.7601,245.5004,245.7327,149642
2025-01-06 10:42:00,245.7351,245.7501,245.5803,245.6303,104475
2025-01-06 10:43:00,245.6203,245.7701,245.6103,245.7152,53507
2025-01-06 10:44:00,245.7045,245.8800,245.6802,245.7901,88767
2025-01-06 10:45:00,245.7801,246.1297,245.7401,246.0947,146066
2025-01-06 10:46:00,246.0997,246.1597,245.9799,246.0648,102989
2025-01-06 10:47:00,246.0798,246.0798,246.0098,246.0248,53398
2025-01-06 10:48:00,246.0198,246.1297,245.9199,245.9199,76492
2025-01-06 10:49:00,245.9299,246.0198,245.8001,245.8300,73196
2025-01-06 10:50:00,245.8450,245.9399,245.7002,245.7651,109126
2025-01-06 10:51:00,245.7801,245.8170,245.6902,245.7301,55973
2025-01-06 10:52:00,245.7401,245.8800,245.7258,245.7801,56928
2025-01-06 10:53:00,245.7801,245.9899,245.7601,245.7651,64964
2025-01-06 10:54:00,245.7501,245.8800,245.7501,245.8400,47721
2025-01-06 10:55:00,245.8300,245.9499,245.7501,245.9499,62058
2025-01-06 10:56:00,245.9479,246.0448,245.9099,245.9299,77648
2025-01-06 10:57:00,245.9099,245.9899,245.8610,245.8719,50742
2025-01-06 10:58:00,245.8800,246.0798,245.8800,246.0298,60766
2025-01-06 10:59:00,246.0198,246.1896,246.0048,246.0698,75618
2025-01-06 11:00:00,246.0798,246.1896,246.0398,246.1097,82615
2025-01-06 11:01:00,246.1147,246.2892,246.0798,246.2596,103895
2025-01-06 11:02:00,246.2596,246.2696,246.1397,246.1996,67874
2025-01-06 11:03:00,246.2096,246.3195,246.1697,246.2596,85322
2025-01-06 11:04:00,246.2696,246.4593,246.2696,246.4394,69626
2025-01-06 11:05:00,246.4410,246.5792,246.4194,246.5492,139546
2025-01-06 11:06:00,246.5343,246.7021,246.4993,246.6891,96123
2025-01-06 11:07:00,246.7091,246.8289,246.6891,246.8011,210376
2025-01-06 11:08:00,246.8090,246.8688,246.7290,246.7290,110584
2025-01-06 11:09:00,246.7340,246.8689,246.7191,246.7790,99657
2025-01-06 11:10:00,246.7890,247.0087,246.7290,247.0087,147412
2025-01-06 11:11:00,246.9988,247.0587,246.8389,246.8997,171059
2025-01-06 11:12:00,246.8989,246.9789,246.8389,246.8689,63959
2025-01-06 11:13:00,246.8489,246.8889,246.6491,246.6491,90684
2025-01-06 11:14:00,246.6391,246.6391,246.4593,246.4793,70609
2025-01-06 11:15:00,246.4893,246.5093,246.3894,246.4493,126048
2025-01-06 11:16:00,246.4384,246.4693,246.3195,246.3894,74913
2025-01-06 11:17:00,246.3994,246.4294,246.2795,246.2995,86403
2025-01-06 11:18:00,246.2845,246.3195,246.1896,246.2546,83089
2025-01-06 11:19:00,246.2196,246.2795,246.1597,246.1697,46533
2025-01-06 11:20:00,246.1797,246.2795,246.0997,246.2296,84824
2025-01-06 11:21:00,246.2296,246.2995,246.1297,246.1297,47157
2025-01-06 11:22:00,246.1397,246.1407,246.0498,246.0809,50279
2025-01-06 11:23:00,246.0897,246.0897,245.9771,246.0298,71146
2025-01-06 11:24:00,246.0348,246.0698,245.9449,246.0548,66079
2025-01-06 11:25:00,246.0598,246.1745,245.9899,246.1347,81812
2025-01-06 11:26:00,246.1347,246.2895,246.1197,246.1896,79665
2025-01-06 11:27:00,246.1778,246.2995,246.1778,246.2795,45873
2025-01-06 11:28:00,246.2795,246.5526,246.2601,246.5393,120241
2025-01-06 11:29:00,246.5293,246.5492,246.3994,246.4793,78721
2025-01-06 11:30:00,246.4793,246.4903,246.2895,246.3095,60772
2025-01-06 11:31:00,246.2995,246.3595,246.2096,246.2476,56420
2025-01-06 11:32:00,246.2596,246.2895,246.1699,246.2296,37684
2025-01-06 11:33:00,246.2196,246.2596,246.0598,246.1297,66585
2025-01-06 11:34:00,246.1097,246.1097,245.9000,245.9599,56981
2025-01-06 11:35:00,245.9199,245.9499,245.8600,245.9000,39753
2025-01-06 11:36:00,245.9001,246.0398,245.8361,246.0243,43487
2025-01-06 11:37:00,246.0248,246.0398,245.9399,245.9998,45001
2025-01-06 11:38:00,246.0098,246.0793,245.9998,246.0248,60092
2025-01-06 11:39:00,246.0225,246.0248,245.8800,245.8800,58975
2025-01-06 11:40:00,245.8800,245.9998,245.8800,245.9479,42497
2025-01-06 11:41:00,245.9599,245.9899,245.8700,245.9149,53512
2025-01-06 11:42:00,245.9000,245.9099,245.7722,245.8700,79872
2025-01-06 11:43:00,245.8550,245.8550,245.7701,245.8001,29251
2025-01-06 11:44:00,245.8200,245.9099,245.7901,245.8858,34659
2025-01-06 11:45:00,245.8810,245.8950,245.8200,245.8750,29592
2025-01-06 11:46:00,245.8800,245.9599,245.8790,245.9299,31719
2025-01-06 11:47:00,245.9399,245.9499,245.8300,245.9227,28501
2025-01-06 11:48:00,245.9249,245.9249,245.7301,245.7301,41419
2025-01-06 11:49:00,245.7301,245.7501,245.6203,245.6602,83366
2025-01-06 11:50:00,245.6702,245.8019,245.6403,245.7301,65716
2025-01-06 11:51:00,245.7301,245.9549,245.7003,245.9399,88729
2025-01-06 11:52:00,245.9499,246.0678,245.9299,245.9299,77208
2025-01-06 11:53:00,245.9299,246.0598,245.9099,246.0598,44110
2025-01-06 11:54:00,246.0498,246.0498,245.9499,245.9589,846570
2025-01-06 11:55:00,245.9649,245.9649,245.8400,245.8700,30818
2025-01-06 11:56:00,245.8800,245.9998,245.8700,245.9799,26417
2025-01-06 11:57:00,245.9899,245.9899,245.9199,245.9599,22016
2025-01-06 11:58:00,245.9599,246.0498,245.9599,246.0498,27966
2025-01-06 11:59:00,246.0597,246.0698,245.9799,245.9799,34347
2025-01-06 12:00:00,245.9799,246.0198,245.9299,245.9679,41849
2025-01-06 12:01:00,245.9499,246.0198,245.9399,245.9549,25738
2025-01-06 12:02:00,245.9649,246.1554,245.9649,246.1092,40954
2025-01-06 12:03:00,246.0997,246.1896,246.0997,246.1197,42578
2025-01-06 12:04:00,246.1247,246.2196,246.1097,246.2096,40751
2025-01-06 12:05:00,246.2196,246.2196,246.1197,246.1597,45837
2025-01-06 12:06:00,246.1798,246.2195,246.1197,246.1397,37804
2025-01-06 12:07:00,246.1597,246.2094,246.1097,246.2094,31944
2025-01-06 12:08:00,246.2046,246.2196,246.0498,246.0798,52171
2025-01-06 12:09:00,246.0798,246.1297,246.0698,246.0748,35793
2025-01-06 12:10:00,246.0748,246.0748,245.9156,245.9499,47558
2025-01-06 12:11:00,245.9549,245.9549,245.8600,245.8900,35664
2025-01-06 12:12:00,245.9000,245.9000,245.8001,245.8600,33490
2025-01-06 12:13:00,245.8699,245.8899,245.8001,245.8101,29493
2025-01-06 12:14:00,245.8200,245.8200,245.7002,245.7401,34297
2025-01-06 12:15:00,245.7501,245.8300,245.7202,245.7801,41617
2025-01-06 12:16:00,245.7801,245.8700,245.7701,245.8700,42518
2025-01-06 12:17:00,245.8700,245.8900,245.7901,245.8001,35486
2025-01-06 12:18:00,245.8101,245.8600,245.6802,245.6828,35224
2025-01-06 12:19:00,245.6802,245.6802,245.6003,245.6702,43830
2025-01-06 12:20:00,245.6576,245.7401,245.6329,245.6502,33547
2025-01-06 12:21:00,245.6602,245.7182,245.6502,245.7182,31195
2025-01-06 12:22:00,245.7202,245.7202,245.5849,245.6093,27739
2025-01-06 12:23:00,245.6153,245.6701,245.6103,245.6701,28229
2025-01-06 12:24:00,245.6702,245.7301,245.6203,245.6203,51352
2025-01-06 12:25:00,245.6203,245.6226,245.5404,245.5803,26857
2025-01-06 12:26:00,245.5903,245.6103,245.4904,245.5304,36229
2025-01-06 12:27:00,245.5304,245.5953,245.5216,245.5294,22457
2025-01-06 12:28:00,245.5204,245.5503,245.4318,245.5404,49583
2025-01-06 12:29:00,245.5404,245.5503,245.4804,245.5004,28929
2025-01-06 12:30:00,245.4904,245.6003,245.4205,245.5304,27133
2025-01-06 12:31:00,245.5354,245.5602,245.4604,245.4604,35391
2025-01-06 12:32:00,245.4604,245.5304,245.3905,245.4127,43239
2025-01-06 12:33:00,245.4205,245.5104,245.3905,245.4854,37252
2025-01-06 12:34:00,245.4904,245.5304,245.4405,245.4554,41227
2025-01-06 12:35:00,245.4638,245.5304,245.4505,245.4954,40704
2025-01-06 12:36:00,245.4804,245.5503,245.4754,245.5404,35417
2025-01-06 12:37:00,245.5354,245.5803,245.4904,245.5004,46658
2025-01-06 12:38:00,245.5004,245.5628,245.4704,245.5073,49856
2025-01-06 12:39:00,245.5004,245.5304,245.3606,245.3606,46772
2025-01-06 12:40:00,245.3606,245.4005,245.2207,245.2806,78818
2025-01-06 12:41:00,245.2806,245.3056,245.1308,245.1907,54872
2025-01-06 12:42:00,245.1907,245.2507,245.0809,245.1008,53133
2025-01-06 12:43:00,245.1108,245.2483,245.0809,245.2357,33577
2025-01-06 12:44:00,245.2407,245.2507,245.1108,245.1608,47647
2025-01-06 12:45:00,245.1671,245.1671,244.9611,245.0659,70876
2025-01-06 12:46:00,245.0609,245.0709,244.8811,244.8811,69513
2025-01-06 12:47:00,244.8811,244.9910,244.8661,244.9513,89257
2025-01-06 12:48:00,244.9560,244.9710,244.8711,244.9410,56635
2025-01-06 12:49:00,244.9710,244.9710,244.8064,244.8561,63113
2025-01-06 12:50:00,244.8558,244.9160,244.8012,244.8311,65051
2025-01-06 12:51:00,244.8211,244.8561,244.5814,244.5824,124626
2025-01-06 12:52:00,244.6014,244.6014,244.4615,244.5021,93158
2025-01-06 12:53:00,244.5015,244.6513,244.5015,244.6114,97635
2025-01-06 12:54:00,244.6014,244.8012,244.5764,244.7412,79018
2025-01-06 12:55:00,244.7712,244.7812,244.4715,244.5415,78161
2025-01-06 12:56:00,244.5215,244.6513,244.4915,244.6214,61442
2025-01-06 12:57:00,244.6302,244.7113,244.6302,244.7112,34870
2025-01-06 12:58:00,244.7213,244.8211,244.7063,244.7512,47028
2025-01-06 12:59:00,244.7512,244.8012,244.6813,244.6813,41436
2025-01-06 13:00:00,244.7113,244.7433,244.6014,244.6113,62427
2025-01-06 13:01:00,244.6114,244.6463,244.2917,244.2917,79291
2025-01-06 13:02:00,244.3067,244.4515,244.2018,244.3852,93201
2025-01-06 13:03:00,244.4016,244.5215,244.4016,244.4416,38510
2025-01-06 13:04:00,244.4316,244.4915,244.4216,244.4416,25350
2025-01-06 13:05:00,244.4316,244.4915,244.3816,244.4216,40169
2025-01-06 13:06:00,244.4280,244.5315,244.4234,244.4615,50867
2025-01-06 13:07:00,244.4515,244.4725,244.3716,244.4116,46464
2025-01-06 13:08:00,244.4416,244.4811,244.4016,244.4016,36637
2025-01-06 13:09:00,244.4110,244.6014,244.3976,244.5478,57054
2025-01-06 13:10:00,244.5614,244.6513,244.5272,244.6214,40462
2025-01-06 13:11:00,244.6305,244.6612,244.5415,244.5814,49572
2025-01-06 13:12:00,244.5914,244.6513,244.5614,244.5904,23519
2025-01-06 13:13:00,244.5814,244.6513,244.5514,244.5714,30301
2025-01-06 13:14:00,244.5614,244.6264,244.5415,244.5514,33406
2025-01-06 13:15:00,244.5415,244.5714,244.3916,244.4515,49641
2025-01-06 13:16:00,244.4416,244.4815,244.3616,244.4515,39083
2025-01-06 13:17:00,244.4416,244.4615,244.3317,244.4516,51655
2025-01-06 13:18:00,244.4565,244.5299,244.4116,244.5065,33458
2025-01-06 13:19:00,244.5015,244.5315,244.4515,244.4715,26235
2025-01-06 13:20:00,244.4515,244.5014,244.3817,244.4390,40919
2025-01-06 13:21:00,244.4216,244.4416,244.3417,244.4016,30132
2025-01-06 13:22:00,244.3966,244.6014,244.3716,244.5614,55752
2025-01-06 13:23:00,244.5614,244.6713,244.5415,244.6098,63787
2025-01-06 13:24:00,244.6014,244.6014,244.5115,244.5514,32874
2025-01-06 13:25:00,244.5315,244.6513,244.5315,244.6115,28100
2025-01-06 13:26:00,244.6213,244.6413,244.5615,244.6413,31840
2025-01-06 13:27:00,244.6285,244.7213,244.6215,244.7112,46426
2025-01-06 13:28:00,244.6913,244.7712,244.6613,244.6918,54379
2025-01-06 13:29:00,244.7113,244.7812,244.7013,244.7612,35051
2025-01-06 13:30:00,244.7612,244.7612,244.6914,244.7312,35720
2025-01-06 13:31:00,244.7312,244.7612,244.6813,244.7213,58594
2025-01-06 13:32:00,244.7312,244.7412,244.6034,244.6234,60153
2025-01-06 13:33:00,244.6115,244.7312,244.6014,244.7213,35705
2025-01-06 13:34:00,244.7312,244.7412,244.6314,244.7312,29691
2025-01-06 13:35:00,244.7512,244.7912,244.7113,244.7412,51077
2025-01-06 13:36:00,244.7643,244.8308,244.7412,244.8012,23566
2025-01-06 13:37:00,244.8012,244.8211,244.7213,244.7213,32286
2025-01-06 13:38:00,244.7362,244.7712,244.6713,244.7512,42702
2025-01-06 13:39:00,244.7462,244.8112,244.7051,244.8012,28396
2025-01-06 13:40:00,244.7912,244.8411,244.7512,244.8112,32312
2025-01-06 13:41:00,244.8062,244.8411,244.7512,244.7812,31222
2025-01-06 13:42:00,244.7612,244.7612,244.6014,244.7113,64103
2025-01-06 13:43:00,244.7113,244.7412,244.6913,244.7312,22885
2025-01-06 13:44:00,244.7213,244.7912,244.6713,244.6813,33208
2025-01-06 13:45:00,244.6852,244.7312,244.3317,244.4466,85094
2025-01-06 13:46:00,244.4416,244.7013,244.4416,244.6778,33761
2025-01-06 13:47:00,244.7012,244.7512,244.5569,244.6214,46149
2025-01-06 13:48:00,244.6214,244.6713,244.5550,244.5664,25935
2025-01-06 13:49:00,244.5514,244.5514,244.4266,244.4516,41078
2025-01-06 13:50:00,244.4416,244.5964,244.4416,244.5614,22074
2025-01-06 13:51:00,244.5564,244.7213,244.5215,244.6913,29610
2025-01-06 13:52:00,244.6963,244.7812,244.6913,244.7812,29624
2025-01-06 13:53:00,244.7712,244.8611,244.7612,244.7862,30670
2025-01-06 13:54:00,244.7812,244.7812,244.7013,244.7412,19999
2025-01-06 13:55:00,244.7312,244.7512,244.6613,244.6934,19287
2025-01-06 13:56:00,244.7013,244.7701,244.7013,244.7562,22535
2025-01-06 13:57:00,244.7512,244.8012,244.7213,244.7436,33098
2025-01-06 13:58:00,244.7512,244.7512,244.6613,244.6813,25197
2025-01-06 13:59:00,244.6613,244.6913,244.5415,244.6014,36752
2025-01-06 14:00:00,244.6014,244.6563,244.4915,244.5015,70491
2025-01-06 14:01:00,244.5314,244.5514,244.4416,244.4667,38148
2025-01-06 14:02:00,244.4714,244.6513,244.4615,244.5514,25943
2025-01-06 14:03:00,244.5514,244.6313,244.5315,244.6214,41595
2025-01-06 14:04:00,244.6114,244.6663,244.5514,244.5646,44014
2025-01-06 14:05:00,244.5714,244.8311,244.5714,244.7912,48088
2025-01-06 14:06:00,244.7812,244.8062,244.6713,244.7412,39837
2025-01-06 14:07:00,244.7588,244.7712,244.6813,244.6820,25162
2025-01-06 14:08:00,244.7113,244.7512,244.7113,244.7213,22583
2025-01-06 14:09:00,244.7213,244.7312,244.6913,244.7013,25707
2025-01-06 14:10:00,244.7088,244.7512,244.6446,244.7113,41215
2025-01-06 14:11:00,244.7412,244.8012,244.6818,244.6913,30153
2025-01-06 14:12:00,244.6813,244.8112,244.6463,244.8112,29492
2025-01-06 14:13:00,244.8112,244.8182,244.6814,244.7213,29556
2025-01-06 14:14:00,244.7213,244.7812,244.6813,244.7512,21034
2025-01-06 14:15:00,244.7512,244.7712,244.7213,244.7612,19936
2025-01-06 14:16:00,244.7612,244.8711,244.7612,244.8511,24677
2025-01-06 14:17:00,244.8561,244.9010,244.8113,244.8211,29939
2025-01-06 14:18:00,244.8411,244.8829,244.8212,244.8511,24928
2025-01-06 14:19:00,244.8435,244.8592,244.7612,244.7712,31436
2025-01-06 14:20:00,244.7862,244.8611,244.7712,244.8611,40700
2025-01-06 14:21:00,244.8610,244.8811,244.8012,244.8411,29361
2025-01-06 14:22:00,244.8611,244.8711,244.8012,244.8211,27879
2025-01-06 14:23:00,244.8411,244.8511,244.7812,244.8211,27115
2025-01-06 14:24:00,244.8223,244.8311,244.7812,244.7812,17528
2025-01-06 14:25:00,244.7912,244.8012,244.7013,244.7912,44576
2025-01-06 14:26:00,244.8012,244.8591,244.7648,244.8113,19957
2025-01-06 14:27:00,244.8201,244.8861,244.8112,244.8611,26638
2025-01-06 14:28:00,244.8611,244.9110,244.8511,244.8711,45597
2025-01-06 14:29:00,244.8611,244.8611,244.7013,244.7212,39985
2025-01-06 14:30:00,244.7113,244.7812,244.6014,244.7632,41612
2025-01-06 14:31:00,244.7712,244.7712,244.6913,244.7113,28872
2025-01-06 14:32:00,244.7312,244.8012,244.6713,244.6813,33658
2025-01-06 14:33:00,244.6813,244.7412,244.6713,244.7013,25784
2025-01-06 14:34:00,244.6913,244.7512,244.6613,244.7106,39187
2025-01-06 14:35:00,244.7013,244.7662,244.7013,244.7113,24423
2025-01-06 14:36:00,244.7213,244.7412,244.6613,244.7312,33611
2025-01-06 14:37:00,244.7312,244.7612,244.7013,244.7113,29999
2025-01-06 14:38:00,244.7243,244.7611,244.6913,244.7213,20825
2025-01-06 14:39:00,244.7113,244.7312,244.6314,244.6913,46570
2025-01-06 14:40:00,244.7013,244.7912,244.6913,244.7512,42009
2025-01-06 14:41:00,244.7412,244.7912,244.7312,244.7313,38523
2025-01-06 14:42:00,244.7313,244.7712,244.7013,244.7113,25839
2025-01-06 14:43:00,244.7213,244.7912,244.6613,244.7666,37466
2025-01-06 14:44:00,244.7912,244.8210,244.7612,244.7875,33615
2025-01-06 14:45:00,244.7912,244.8211,244.6514,244.6713,70346
2025-01-06 14:46:00,244.6713,244.6913,244.5915,244.6813,35451
2025-01-06 14:47:00,244.6813,244.8112,244.6713,244.8112,49390
2025-01-06 14:48:00,244.8062,244.8311,244.7413,244.8112,36203
2025-01-06 14:49:00,244.8311,244.8581,244.7744,244.8211,19618
2025-01-06 14:50:00,244.8211,244.8611,244.7412,244.7412,47070
2025-01-06 14:51:00,244.7312,244.7712,244.6513,244.7033,26276
2025-01-06 14:52:00,244.7013,244.7063,244.5914,244.6613,33912
2025-01-06 14:53:00,244.6613,244.6913,244.6324,244.6613,24641
2025-01-06 14:54:00,244.6613,244.6713,244.6064,244.6563,18104
2025-01-06 14:55:00,244.6613,244.6813,244.5748,244.6124,28474
2025-01-06 14:56:00,244.6033,244.6114,244.5215,244.5215,40196
2025-01-06 14:57:00,244.5215,244.5315,244.2817,244.3217,79905
2025-01-06 14:58:00,244.3167,244.3317,244.2318,244.2817,53518
2025-01-06 14:59:00,244.2917,244.3517,244.2817,244.3217,43012
2025-01-06 15:00:00,244.3167,244.3167,244.1569,244.1968,51448
2025-01-06 15:01:00,244.2099,244.3716,244.2099,244.2340,44369
2025-01-06 15:02:00,244.2418,244.3816,244.2318,244.3616,27730
2025-01-06 15:03:00,244.3487,244.4416,244.3017,244.4316,38022
2025-01-06 15:04:00,244.4316,244.5095,244.4216,244.4615,36627
2025-01-06 15:05:00,244.4615,244.4715,244.4117,244.4316,28827
2025-01-06 15:06:00,244.4216,244.5015,244.4216,244.4283,44217
2025-01-06 15:07:00,244.4416,244.4815,244.4216,244.4281,32457
2025-01-06 15:08:00,244.4416,244.4815,244.3916,244.4615,25913
2025-01-06 15:09:00,244.4715,244.5015,244.3894,244.3916,42471
2025-01-06 15:10:00,244.3916,244.4765,244.3916,244.4679,35252
2025-01-06 15:11:00,244.4615,244.5397,244.4316,244.5315,24657
2025-01-06 15:12:00,244.5365,244.5614,244.4615,244.5015,69048
2025-01-06 15:13:00,244.4915,244.5415,244.4734,244.5065,30076
2025-01-06 15:14:00,244.5115,244.5215,244.4615,244.4705,41057
2025-01-06 15:15:00,244.4715,244.5415,244.4615,244.5415,39323
2025-01-06 15:16:00,244.5415,244.5814,244.5115,244.5315,36893
2025-01-06 15:17:00,244.5215,244.5315,244.4516,244.4615,28986
2025-01-06 15:18:00,244.4565,244.4565,244.3616,244.3816,52851
2025-01-06 15:19:00,244.3716,244.5014,244.3442,244.4815,42006
2025-01-06 15:20:00,244.4815,244.5014,244.4316,244.4416,36634
2025-01-06 15:21:00,244.4416,244.5315,244.4296,244.4915,51671
2025-01-06 15:22:00,244.5115,244.5564,244.4815,244.5315,34052
2025-01-06 15:23:00,244.5315,244.5964,244.5143,244.5814,39664
2025-01-06 15:24:00,244.5814,244.7113,244.5814,244.6813,47872
2025-01-06 15:25:00,244.6913,244.6913,244.6114,244.6613,65209
2025-01-06 15:26:00,244.6663,244.6813,244.5814,244.5948,50171
2025-01-06 15:27:00,244.6014,244.6713,244.5614,244.6613,27582
2025-01-06 15:28:00,244.6513,244.6513,244.5714,244.5914,38965
2025-01-06 15:29:00,244.5914,244.6613,244.5514,244.6264,34032
2025-01-06 15:30:00,244.6413,244.7812,244.6018,244.7612,68099
2025-01-06 15:31:00,244.7612,244.7628,244.6613,244.6713,52784
2025-01-06 15:32:00,244.6713,244.6914,244.6413,244.6601,36610
2025-01-06 15:33:00,244.6613,244.7176,244.6513,244.6814,45910
2025-01-06 15:34:00,244.6813,244.7013,244.6023,244.6713,56568
2025-01-06 15:35:00,244.6413,244.7113,244.6164,244.7113,34589
2025-01-06 15:36:00,244.7013,244.7612,244.6897,244.7512,43247
2025-01-06 15:37:00,244.7312,244.7312,244.5514,244.6004,52922
2025-01-06 15:38:00,244.5964,244.6613,244.5415,244.5664,56855
2025-01-06 15:39:00,244.5714,244.6313,244.5115,244.5315,55954
2025-01-06 15:40:00,244.5165,244.5794,244.4615,244.5015,67370
2025-01-06 15:41:00,244.5115,244.5634,244.4416,244.4915,61410
2025-01-06 15:42:00,244.4715,244.4915,244.4316,244.4715,45715
2025-01-06 15:43:00,244.4631,244.4715,244.2817,244.3417,63981
2025-01-06 15:44:00,244.3467,244.3916,244.3217,244.3417,50203
2025-01-06 15:45:00,244.3716,244.3815,244.2618,244.3317,41419
2025-01-06 15:46:00,244.3067,244.3816,244.3017,244.3616,42333
2025-01-06 15:47:00,244.3616,244.3816,244.2618,244.3029,48775
2025-01-06 15:48:00,244.3217,244.3367,244.2218,244.2827,50189
2025-01-06 15:49:00,244.2767,244.2767,244.1419,244.2118,65402
2025-01-06 15:50:00,244.2118,244.8112,244.1419,244.6813,233509
2025-01-06 15:51:00,244.6713,244.7412,244.6114,244.7312,102455
2025-01-06 15:52:00,244.7013,244.9110,244.6513,244.8411,129855
2025-01-06 15:53:00,244.8311,244.9610,244.7612,244.8211,147258
2025-01-06 15:54:00,244.8511,245.0709,244.7712,245.0059,273608
2025-01-06 15:55:00,245.0109,245.0409,244.4216,244.5814,379174
2025-01-06 15:56:00,244.5814,244.7512,244.5738,244.6713,214134
2025-01-06 15:57:00,244.6713,244.6713,244.4516,244.5514,239869
2025-01-06 15:58:00,244.5415,244.6513,244.4615,244.6513,292777
2025-01-06 15:59:00,244.6513,244.8411,244.4915,244.7312,719987
2025-01-06 16:00:00,244.7312,244.7512,244.4316,244.5514,19668197
2025-01-06 16:01:00,244.5764,244.7312,244.4915,244.5814,129494
2025-01-06 16:02:00,244.7312,244.7312,244.5415,244.5814,339465
2025-01-06 16:03:00,244.5814,244.7312,244.5215,244.5315,24228
2025-01-06 16:04:00,244.5315,244.7312,244.4915,244.5115,9700
2025-01-06 16:05:00,244.5305,244.7312,244.4815,244.4815,701
2025-01-06 16:06:00,244.5115,244.7312,244.4815,244.5215,18096
2025-01-06 16:07:00,244.5115,244.5315,244.4815,244.5065,35
2025-01-06 16:08:00,244.5215,244.5315,244.4815,244.5115,402
2025-01-06 16:09:00,244.5115,244.5315,244.4815,244.5315,1279
2025-01-06 16:10:00,244.4915,244.7312,244.4815,244.5065,1259
2025-01-06 16:11:00,244.5215,244.5315,244.4815,244.5315,1106
2025-01-06 16:12:00,244.5065,244.5315,244.4515,244.4865,3303
2025-01-06 16:13:00,244.4915,244.5115,244.4316,244.5115,2730
2025-01-06 16:14:00,244.5015,244.5015,244.4316,244.4715,1373
2025-01-06 16:15:00,244.4815,244.7312,244.4515,244.4516,789
2025-01-06 16:16:00,244.4521,244.5015,244.4515,244.4715,219
2025-01-06 16:17:00,244.4515,244.4815,244.4515,244.4815,738
2025-01-06 16:18:00,244.4815,244.7312,244.4615,244.4615,1764
2025-01-06 16:19:00,244.4815,244.7312,244.4615,244.4623,540801
2025-01-06 16:20:00,244.4806,244.4815,244.4615,244.4715,904
2025-01-06 16:21:00,244.4815,244.4815,244.4515,244.4515,2076
2025-01-06 16:22:00,244.4515,244.4615,244.4316,244.4416,1137
2025-01-06 16:23:00,244.4615,244.4615,244.3317,244.4515,290
2025-01-06 16:24:00,244.3916,244.4615,244.3317,244.4216,545
2025-01-06 16:25:00,244.4216,244.4815,244.3916,244.4715,307
2025-01-06 16:26:00,244.4515,244.4515,244.4216,244.4366,435
2025-01-06 16:27:00,244.4216,244.4515,244.4216,244.4507,39
2025-01-06 16:28:00,244.4216,244.4515,244.4216,244.4366,1789
2025-01-06 16:29:00,244.4507,244.7312,244.4216,244.4316,24439
2025-01-06 16:30:00,244.4316,244.4815,244.4216,244.4515,745
2025-01-06 16:31:00,244.4515,244.4815,244.3816,244.3816,509
2025-01-06 16:32:00,244.4416,244.4815,244.4066,244.4815,5787
2025-01-06 16:33:00,244.4316,244.4815,244.3816,244.4416,48
2025-01-06 16:34:00,244.4216,244.4615,244.3816,244.3816,314
2025-01-06 16:35:00,244.4166,244.4515,244.3816,244.4466,46
2025-01-06 16:36:00,244.4466,244.7312,244.4016,244.4316,1884
2025-01-06 16:37:00,244.7312,244.7312,244.3816,244.4066,39035
2025-01-06 16:38:00,244.3816,244.4316,244.3816,244.3821,508
2025-01-06 16:39:00,244.3828,244.4312,244.3816,244.4312,21
2025-01-06 16:40:00,244.3816,244.7312,244.3816,244.3816,2010
2025-01-06 16:41:00,244.3916,244.7312,244.3816,244.4066,1420219
2025-01-06 16:42:00,244.4116,244.4316,244.3816,244.3916,85
2025-01-06 16:43:00,244.4066,244.4316,244.3816,244.4116,60
2025-01-06 16:44:00,244.4116,244.4316,244.3816,244.4216,91
2025-01-06 16:45:00,244.4116,244.4316,244.3816,244.4066,235
2025-01-06 16:46:00,244.4116,244.4316,244.3816,244.3816,515
2025-01-06 16:47:00,244.4316,244.4316,244.3916,244.4116,326
2025-01-06 16:48:00,244.4216,244.4316,244.3916,244.4316,662
2025-01-06 16:49:00,244.4116,244.4316,244.3816,244.3816,1422
2025-01-06 16:50:00,244.4216,244.4316,244.3816,244.4316,69
2025-01-06 16:51:00,244.4166,244.4316,244.3816,244.4066,1054
2025-01-06 16:52:00,244.4302,244.4316,244.3816,244.4066,851
2025-01-06 16:53:00,244.4216,244.4316,244.3816,244.4216,776
2025-01-06 16:54:00,244.4116,244.4316,244.3816,244.4066,69
2025-01-06 16:55:00,244.4066,244.4316,244.3916,244.4116,2696
2025-01-06 16:56:00,244.4116,244.4316,244.3816,244.4316,3338
2025-01-06 16:57:00,244.4316,244.4316,244.4216,244.4316,518
2025-01-06 16:58:00,244.4266,244.4316,244.3816,244.4016,705
2025-01-06 16:59:00,244.4066,244.4316,244.3816,244.4066,204
2025-01-06 17:00:00,244.4066,244.4316,244.4066,244.4216,27
2025-01-06 17:01:00,244.4316,244.4316,244.3916,244.3916,382
2025-01-06 17:02:00,244.4309,244.4316,244.4016,244.4316,74
2025-01-06 17:03:00,244.4116,244.4316,228.9965,244.4316,103
2025-01-06 17:04:00,244.4016,244.4316,244.3916,244.4116,392
2025-01-06 17:05:00,244.4116,244.4216,244.3916,244.4216,422
2025-01-06 17:06:00,244.4216,244.4216,244.3816,244.4116,1159
2025-01-06 17:07:00,244.3966,244.4116,244.3816,244.3816,92
2025-01-06 17:08:00,244.3966,244.4116,244.3816,244.4016,65
2025-01-06 17:09:00,244.3916,244.4116,244.3816,244.3816,99
2025-01-06 17:10:00,244.3916,244.3916,228.9965,244.3816,1238
2025-01-06 17:11:00,244.3916,244.4116,244.3317,244.3816,613
2025-01-06 17:12:00,244.3417,244.3816,244.3317,244.3517,92
2025-01-06 17:13:00,244.3517,244.3816,244.3331,244.3616,541
2025-01-06 17:14:00,244.3616,244.7312,244.3317,244.3514,1224472
2025-01-06 17:15:00,244.3517,244.3816,244.3417,244.3517,116
2025-01-06 17:16:00,244.3517,244.3816,244.3417,244.3816,279
2025-01-06 17:17:00,244.3616,244.3816,244.3417,244.3417,309
2025-01-06 17:18:00,244.3816,244.3816,244.3417,244.3616,263
2025-01-06 17:19:00,244.3417,244.3816,244.3417,244.3616,618
2025-01-06 17:20:00,244.3616,244.3816,244.3417,244.3616,172
2025-01-06 17:21:00,244.3816,244.3816,244.3417,244.3616,105
2025-01-06 17:22:00,244.3816,244.3816,244.3317,244.3816,146
2025-01-06 17:23:00,244.3567,244.3816,244.3567,244.3716,31
2025-01-06 17:24:00,244.3816,244.3816,244.3317,244.3567,355
2025-01-06 17:25:00,244.3816,244.3816,244.3317,244.3417,51
2025-01-06 17:26:00,244.3417,244.3816,244.3417,244.3801,108
2025-01-06 17:27:00,244.3567,244.3816,244.3317,244.3567,14
2025-01-06 17:28:00,244.3716,244.3816,244.3317,244.3317,100
2025-01-06 17:29:00,244.3417,244.3816,244.3317,244.3317,50
2025-01-06 17:30:00,244.3317,244.3816,244.3317,244.3567,104
2025-01-06 17:31:00,244.3567,244.3816,244.3317,244.3567,14
2025-01-06 17:32:00,244.3567,244.4216,244.3329,244.3517,377
2025-01-06 17:33:00,244.3816,244.4316,244.3517,244.3916,312
2025-01-06 17:34:00,244.4016,244.4316,244.3517,244.3916,500
2025-01-06 17:35:00,244.3916,244.4316,244.3517,244.4316,603
2025-01-06 17:36:00,244.4216,244.4316,244.3517,244.3916,496
2025-01-06 17:37:00,244.4296,244.4316,244.3517,244.3916,54
2025-01-06 17:38:00,244.4314,244.4316,244.3517,244.4016,55
2025-01-06 17:39:00,244.3916,244.7512,244.3849,244.4016,38
2025-01-06 17:40:00,244.3916,244.4316,244.3916,244.3916,393
2025-01-06 17:41:00,244.3916,244.4316,244.3524,244.3524,298
2025-01-06 17:42:00,244.3517,244.3816,244.3317,244.3317,1748
2025-01-06 17:43:00,244.3317,244.4216,244.3317,244.3739,170
2025-01-06 17:44:00,244.4316,244.4316,244.3317,244.4316,143
2025-01-06 17:45:00,244.3816,244.4316,244.3317,244.3816,565
2025-01-06 17:46:00,244.4216,244.4316,244.3317,244.4316,632
2025-01-06 17:47:00,244.4316,244.4316,244.3417,244.3866,166
2025-01-06 17:48:00,244.3417,244.4315,244.3417,244.3866,49
2025-01-06 17:49:00,244.4316,244.4316,244.3417,244.3866,29
2025-01-06 17:50:00,244.4216,244.4316,244.3816,244.3816,115
2025-01-06 17:51:00,244.3816,244.4216,244.2817,244.2917,1002
2025-01-06 17:52:00,244.3431,244.4316,244.2318,244.2418,362
2025-01-06 17:53:00,244.2418,244.4316,244.2318,244.3317,282
2025-01-06 17:54:00,244.4316,244.4316,244.2318,244.3317,155
2025-01-06 17:55:00,244.2330,244.3317,244.2318,244.2318,1089
2025-01-06 17:56:00,244.2418,244.3317,244.2418,244.3217,286
2025-01-06 17:57:00,244.2822,244.3317,244.2817,244.3317,105
2025-01-06 17:58:00,244.3567,244.3567,244.2817,244.3067,81
2025-01-06 17:59:00,244.3067,244.3317,244.2817,244.3067,3373
2025-01-06 18:00:00,244.3067,244.4316,244.3067,244.3317,943
2025-01-06 18:01:00,244.3317,244.3816,244.3317,244.3716,64
2025-01-06 18:02:00,244.3816,244.4116,244.3317,244.4116,333
2025-01-06 18:03:00,244.3716,244.4116,244.3317,244.3317,56
2025-01-06 18:04:00,244.4116,244.4116,244.3716,244.4116,538
2025-01-06 18:05:00,244.3966,244.4116,244.3816,244.3966,125
2025-01-06 18:06:00,244.3916,244.4116,244.3916,244.3966,22
2025-01-06 18:07:00,244.3966,244.4116,244.3816,244.3966,25
2025-01-06 18:08:00,244.3966,244.4114,244.3916,244.4066,236
2025-01-06 18:09:00,244.4066,244.4116,244.3337,244.3716,471
2025-01-06 18:10:00,244.4016,244.4116,244.3317,244.3716,216
2025-01-06 18:11:00,244.3716,244.4316,244.3716,244.4016,1822
2025-01-06 18:12:00,244.3916,244.4016,244.3604,244.3816,66
2025-01-06 18:13:00,244.3916,244.4016,244.3666,244.3666,85
2025-01-06 18:14:00,244.3666,244.4016,244.3317,244.3666,93
2025-01-06 18:15:00,244.3666,244.4016,244.3317,244.3666,24
2025-01-06 18:16:00,244.3666,244.4016,244.3666,244.4016,17
2025-01-06 18:17:00,244.3816,244.4016,244.3317,244.4016,43
2025-01-06 18:18:00,244.3666,244.4016,244.3317,244.3666,392
2025-01-06 18:19:00,244.3666,244.4016,244.3317,244.3317,61
2025-01-06 18:20:00,244.3666,244.4004,244.3317,244.3666,26
2025-01-06 18:21:00,244.3716,244.4016,244.3317,244.3716,357
2025-01-06 18:22:00,244.3716,244.4016,244.3317,244.3666,91
2025-01-06 18:23:00,244.3666,244.4016,244.3317,244.3666,154
2025-01-06 18:24:00,244.3317,244.4016,244.3317,244.3666,64
2025-01-06 18:25:00,244.3666,244.4016,244.3317,244.3616,89
2025-01-06 18:26:00,244.3816,244.4016,244.3339,244.4016,443
2025-01-06 18:27:00,244.3417,244.4016,244.3317,244.3998,21
2025-01-06 18:28:00,244.3716,244.4016,244.3666,244.3666,49
2025-01-06 18:29:00,244.3666,244.4015,244.3666,244.3666,18
2025-01-06 18:30:00,244.3816,244.4016,244.3317,244.3666,55
2025-01-06 18:31:00,244.3816,244.4016,244.3317,244.3666,305
2025-01-06 18:32:00,244.3666,244.4016,244.3666,244.3966,38
2025-01-06 18:33:00,244.3916,244.4016,244.3666,244.3666,477
2025-01-06 18:34:00,244.3666,244.4016,244.3666,244.3916,52
2025-01-06 18:35:00,244.4016,244.4066,244.3816,244.4016,39
2025-01-06 18:36:00,244.4066,244.4316,244.3816,244.4016,31
2025-01-06 18:37:00,244.4066,244.4316,244.3317,244.3666,796
2025-01-06 18:38:00,244.3317,244.4016,244.3317,244.3666,66
2025-01-06 18:39:00,244.3666,244.4016,244.3666,244.3666,8
2025-01-06 18:40:00,244.3666,244.4016,244.3317,244.3666,1131
2025-01-06 18:41:00,244.3334,244.4016,244.3317,244.3666,50
2025-01-06 18:42:00,244.3666,244.3916,244.3334,244.3666,18
2025-01-06 18:43:00,244.4016,244.4016,244.3317,244.3816,113
2025-01-06 18:44:00,244.3816,244.4316,244.3816,244.4316,20
2025-01-06 18:45:00,244.3816,244.3816,244.3317,244.3317,152
2025-01-06 18:46:00,244.3816,244.4016,244.3816,244.3816,26
2025-01-06 18:47:00,244.3317,244.5215,244.3317,244.4316,956
2025-01-06 18:48:00,244.4316,244.5315,244.3317,244.4815,17
2025-01-06 18:49:00,244.5315,244.5315,244.4316,244.5315,155
2025-01-06 18:50:00,244.4815,244.5299,244.4016,244.4665,515
2025-01-06 18:51:00,244.4815,244.5303,244.4016,244.4016,132
2025-01-06 18:52:00,244.5315,244.5315,244.4815,244.4815,25
2025-01-06 18:53:00,244.5065,244.5315,244.3616,244.4466,243
2025-01-06 18:54:00,244.5272,244.5315,244.3616,244.5315,77
2025-01-06 18:55:00,244.5215,244.5315,244.5115,244.5215,51
2025-01-06 18:56:00,244.5315,244.5315,244.5115,244.5115,1620
2025-01-06 18:57:00,244.5215,244.5314,244.4216,244.4316,431
2025-01-06 18:58:00,244.4316,244.5315,244.4316,244.5015,499
2025-01-06 18:59:00,244.4316,244.5315,244.4316,244.4815,187
2025-01-06 19:00:00,244.5315,244.5315,244.4316,244.4815,163
2025-01-06 19:01:00,244.4815,244.5315,244.4316,244.4316,152
2025-01-06 19:02:00,244.5115,244.5315,244.4316,244.4815,33
2025-01-06 19:03:00,244.4715,244.5315,244.4316,244.5115,194
2025-01-06 19:04:00,244.4815,244.5315,244.4317,244.4815,103
2025-01-06 19:05:00,244.4665,244.5015,244.4316,244.4316,1215
2025-01-06 19:06:00,244.4815,244.4815,244.4328,244.4565,44
2025-01-06 19:07:00,244.4565,244.4815,244.4316,244.4565,632
2025-01-06 19:08:00,244.4815,244.4815,244.4316,244.4715,139
2025-01-06 19:09:00,244.4327,244.5315,244.4316,244.4815,120
2025-01-06 19:10:00,244.4615,244.5315,244.4316,244.4515,81
2025-01-06 19:11:00,244.5315,244.5315,244.4366,244.4715,296
2025-01-06 19:12:00,244.4316,244.4815,244.4316,244.4815,186
2025-01-06 19:13:00,244.4565,244.4815,244.4316,244.4565,90
2025-01-06 19:14:00,244.4565,244.4815,244.4316,244.4565,322
2025-01-06 19:15:00,244.4515,244.4815,244.4515,244.4565,100
2025-01-06 19:16:00,244.4815,244.4815,244.4565,244.4565,34
2025-01-06 19:17:00,244.4815,244.4815,244.4316,244.4565,696
2025-01-06 19:18:00,244.4565,244.4815,244.4316,244.4565,1532
2025-01-06 19:19:00,244.4815,244.4815,244.4316,244.4565,360
2025-01-06 19:20:00,244.4565,244.4815,244.4316,244.4565,223
2025-01-06 19:21:00,244.4715,244.4815,244.4565,244.4815,33
2025-01-06 19:22:00,244.4565,244.4815,244.4316,244.4715,83
2025-01-06 19:23:00,244.4715,244.5015,244.4328,244.5015,285
2025-01-06 19:24:00,244.4665,244.4715,244.4515,244.4515,19
2025-01-06 19:25:00,244.4515,244.4715,244.4414,244.4515,63
2025-01-06 19:26:00,244.4515,244.4715,244.4515,244.4515,44
2025-01-06 19:27:00,244.4515,244.4615,244.4316,244.4515,236
2025-01-06 19:28:00,244.4416,244.4515,244.3317,244.3317,623
2025-01-06 19:29:00,244.4116,244.4515,244.3317,244.3916,586
2025-01-06 19:30:00,244.4515,244.4515,244.3317,244.3916,74
2025-01-06 19:31:00,244.3347,244.4515,244.3321,244.4016,223
2025-01-06 19:32:00,244.3417,244.4515,244.3317,244.3916,134
2025-01-06 19:33:00,244.3317,244.4515,244.3317,244.4166,74
2025-01-06 19:34:00,244.4166,244.4515,244.3816,244.4515,59
2025-01-06 19:35:00,244.4166,244.4515,244.3816,244.4166,26
2025-01-06 19:36:00,244.3816,244.4216,244.3816,244.4216,85
2025-01-06 19:37:00,244.4515,244.4515,244.3816,244.4166,244
2025-01-06 19:38:00,244.4166,244.4515,244.4166,244.4515,102
2025-01-06 19:39:00,244.3816,244.5015,244.3816,244.4815,218
2025-01-06 19:40:00,244.4315,244.5315,244.4216,244.4765,331
2025-01-06 19:41:00,244.5315,244.5315,244.4715,244.4865,248
2025-01-06 19:42:00,244.4815,244.5514,244.4248,244.5165,14
2025-01-06 19:43:00,244.5165,244.5564,244.5015,244.5564,259
2025-01-06 19:44:00,244.5614,244.6813,244.5315,244.6813,1042
2025-01-06 19:45:00,244.6214,244.6813,244.5814,244.6114,2264
2025-01-06 19:46:00,244.6314,244.6813,244.5814,244.6314,197
2025-01-06 19:47:00,244.6813,244.6813,244.5814,244.5814,71
2025-01-06 19:48:00,244.5814,244.6613,244.5814,244.6314,787
2025-01-06 19:49:00,244.6314,244.6813,244.6314,244.6314,20
2025-01-06 19:50:00,244.5814,244.6813,244.5814,244.5914,211
2025-01-06 19:51:00,244.6314,244.6813,244.5814,244.6314,57
2025-01-06 19:52:00,244.6563,244.6713,244.5814,244.6713,2009
2025-01-06 19:53:00,244.6813,244.6813,244.5814,244.6114,257
2025-01-06 19:54:00,244.5914,244.6813,244.5814,244.6314,961
2025-01-06 19:55:00,244.6264,244.6713,244.4815,244.5315,2251
2025-01-06 19:56:00,244.6314,244.7862,244.4316,244.7113,5625
2025-01-06 19:57:00,244.6613,244.7312,244.4316,244.4316,191
2025-01-06 19:58:00,244.5814,244.7312,244.4316,244.7213,462
2025-01-06 19:59:00,244.7013,244.7213,244.6314,244.6763,1016
2025-01-07 04:00:00,244.7312,244.7312,244.2318,244.4116,1480
2025-01-07 04:01:00,244.4216,244.4216,244.2218,244.2717,355
2025-01-07 04:02:00,244.2318,244.4316,244.2318,244.3217,580
2025-01-07 04:03:00,244.3317,244.4016,244.2518,244.3916,900
2025-01-07 04:04:00,244.3916,244.4615,244.2418,244.3916,773
2025-01-07 04:05:00,244.4016,244.4316,244.3217,244.3517,381
2025-01-07 04:06:00,244.3616,244.4416,244.3317,244.4316,539
2025-01-07 04:07:00,244.4116,244.4615,244.3616,244.3916,430
2025-01-07 04:08:00,244.4016,244.4116,244.3616,244.3616,633
2025-01-07 04:09:00,244.3916,244.5015,244.3117,244.4016,2611
2025-01-07 04:10:00,244.3517,244.4216,244.2518,244.2518,457
2025-01-07 04:11:00,244.3417,244.3417,244.1019,244.1519,1175
2025-01-07 04:12:00,244.2717,244.4515,244.2518,244.3317,1533
2025-01-07 04:13:00,244.3117,244.4815,244.2518,244.4316,1947
2025-01-07 04:14:00,244.4715,244.4715,244.3117,244.4715,185
2025-01-07 04:15:00,244.4715,244.4715,244.3517,244.4715,77
2025-01-07 04:16:00,244.3417,244.4815,244.3217,244.3816,393
2025-01-07 04:17:00,244.4615,244.4815,244.3616,244.3916,165
2025-01-07 04:18:00,244.3616,244.4815,244.3616,244.4815,179
2025-01-07 04:19:00,244.4016,244.4815,244.3716,244.4715,146
2025-01-07 04:20:00,244.3916,244.4515,244.3716,244.3716,51
2025-01-07 04:21:00,244.3716,244.5015,244.3517,244.4316,212
2025-01-07 04:22:00,244.4615,244.4615,244.4316,244.4316,53
2025-01-07 04:23:00,244.4316,244.4615,244.4216,244.4615,442
2025-01-07 04:24:00,244.4515,244.5315,244.3716,244.3716,775
2025-01-07 04:25:00,244.4216,244.4416,244.3916,244.3916,147
2025-01-07 04:26:00,244.4216,244.4316,244.3716,244.4216,522
2025-01-07 04:27:00,244.4316,244.4316,244.3317,244.3417,2190
2025-01-07 04:28:00,244.3417,244.3816,244.3317,244.3716,131
2025-01-07 04:29:00,244.3217,244.3417,244.3017,244.3017,118
2025-01-07 04:30:00,244.3117,244.3117,244.1619,244.1619,912
2025-01-07 04:31:00,244.2018,244.2018,244.0820,244.1619,852
2025-01-07 04:32:00,244.1119,244.2018,244.0320,244.1119,719
2025-01-07 04:33:00,244.0720,244.1719,244.0720,244.1219,179
2025-01-07 04:34:00,244.1019,244.1119,244.0020,244.0320,552
2025-01-07 04:35:00,244.0320,244.0420,243.9621,244.0220,306
2025-01-07 04:36:00,243.9821,244.0220,243.9321,243.9321,335
2025-01-07 04:37:00,243.9621,244.0120,243.9121,243.9321,172
2025-01-07 04:38:00,244.0220,244.1319,244.0220,244.1219,569
2025-01-07 04:39:00,244.0620,244.1219,244.0520,244.0520,571
2025-01-07 04:40:00,244.1319,244.1519,244.0520,244.0520,313
2025-01-07 04:41:00,244.0620,244.1519,244.0620,244.1519,30
2025-01-07 04:42:00,244.0820,244.1419,244.0520,244.1419,187
2025-01-07 04:43:00,244.1119,244.1319,244.0520,244.0620,257
2025-01-07 04:44:00,244.0520,244.1219,244.0520,244.0720,256
2025-01-07 04:45:00,244.0520,244.0720,244.0520,244.0720,193
2025-01-07 04:46:00,244.0520,244.1219,244.0420,244.0520,1548
2025-01-07 04:47:00,244.0520,244.0520,243.9421,243.9521,2339
2025-01-07 04:48:00,243.9521,244.0820,243.9321,243.9321,176
2025-01-07 04:49:00,243.9421,244.0919,243.8822,243.9921,450
2025-01-07 04:50:00,244.1119,244.1119,243.8023,243.8922,874
2025-01-07 04:51:00,244.0020,244.0420,243.8322,244.0320,816
2025-01-07 04:52:00,244.0320,244.0720,243.9621,244.0720,30
2025-01-07 04:53:00,244.0320,244.0720,243.9121,244.0320,259
2025-01-07 04:54:00,244.0720,244.0820,243.9221,244.0720,417
2025-01-07 04:55:00,243.9421,244.0820,243.9421,243.9421,171
2025-01-07 04:56:00,243.9821,244.0820,243.9321,243.9821,85
2025-01-07 04:57:00,244.0720,244.1119,243.9121,244.0720,748
2025-01-07 04:58:00,244.0020,244.0020,244.0020,244.0020,20
2025-01-07 04:59:00,244.0020,244.1019,244.0020,244.0820,40
2025-01-07 05:00:00,244.0420,244.0820,243.9221,243.9221,638
2025-01-07 05:01:00,243.9221,244.0320,243.9221,243.9921,637
2025-01-07 05:02:00,244.0220,244.1319,243.9621,244.0919,2031
2025-01-07 05:03:00,243.9821,244.1219,243.9321,244.1219,472
2025-01-07 05:04:00,244.1219,244.1219,243.9921,243.9921,73
2025-01-07 05:05:00,244.0120,244.1319,244.0120,244.0320,16
2025-01-07 05:06:00,244.1219,244.1319,244.1219,244.1319,116
2025-01-07 05:07:00,244.1219,244.1319,244.0620,244.0620,637
2025-01-07 05:08:00,244.0620,244.0620,244.0620,244.0620,15
2025-01-07 05:09:00,244.0620,244.1319,244.0620,244.1319,142
2025-01-07 05:10:00,244.1219,244.1519,244.1219,244.1519,114
2025-01-07 05:11:00,244.1519,244.1719,244.1519,244.1719,51
2025-01-07 05:12:00,244.1519,244.2118,244.1419,244.2118,69
2025-01-07 05:13:00,244.1519,244.2118,244.1519,244.2118,6
2025-01-07 05:14:00,244.2118,244.2118,244.1419,244.2118,121
2025-01-07 05:15:00,244.2118,244.2118,244.2118,244.2118,103
2025-01-07 05:16:00,244.1818,244.2118,244.1818,244.1918,114
2025-01-07 05:17:00,244.2118,244.2118,244.1619,244.1818,113
2025-01-07 05:18:00,244.2218,244.2218,244.1818,244.2018,46
2025-01-07 05:19:00,244.2118,244.2218,244.2118,244.2218,303
2025-01-07 05:20:00,244.2018,244.2618,244.2018,244.2318,571
2025-01-07 05:21:00,244.2218,244.2618,244.2218,244.2418,39
2025-01-07 05:22:00,244.2418,244.2618,244.2418,244.2618,27
2025-01-07 05:23:00,244.2717,244.4216,244.2717,244.4116,80
2025-01-07 05:24:00,244.4116,244.4216,244.3517,244.4116,78
2025-01-07 05:25:00,244.3916,244.3916,244.3017,244.3816,338
2025-01-07 05:26:00,244.4116,244.4116,244.3217,244.3816,6
2025-01-07 05:27:00,244.3916,244.3916,244.3317,244.3816,163
2025-01-07 05:28:00,244.3816,244.3816,244.3317,244.3417,23
2025-01-07 05:29:00,244.3417,244.3417,244.3317,244.3317,6
2025-01-07 05:30:00,244.3517,244.3816,244.3417,244.3517,23
2025-01-07 05:31:00,244.3616,244.4316,244.3616,244.4316,452
2025-01-07 05:32:00,244.4316,244.4316,244.4016,244.4016,7
2025-01-07 05:33:00,244.3816,244.4316,244.3816,244.4316,77
2025-01-07 05:34:00,244.4316,244.4316,244.4016,244.4016,60
2025-01-07 05:35:00,244.4216,244.4216,244.3816,244.3816,81
2025-01-07 05:36:00,244.4016,244.4116,244.4016,244.4116,16
2025-01-07 05:37:00,244.4016,244.4316,244.3916,244.4316,204
2025-01-07 05:38:00,244.4316,244.4416,244.4116,244.4416,32
2025-01-07 05:39:00,244.4416,244.5015,244.4416,244.5015,529
2025-01-07 05:40:00,244.5015,244.5015,244.4715,244.4715,4
2025-01-07 05:41:00,244.5015,244.5015,244.4815,244.5015,22
2025-01-07 05:42:00,244.5015,244.5015,244.4715,244.5015,122
2025-01-07 05:43:00,244.4815,244.4815,244.4615,244.4715,133
2025-01-07 05:44:00,244.4615,244.4815,244.4515,244.4715,63
2025-01-07 05:45:00,244.4715,244.4915,244.4615,244.4915,133
2025-01-07 05:46:00,244.5015,244.5115,244.4316,244.4515,267
2025-01-07 05:47:00,244.4416,244.4515,244.3716,244.3916,261
2025-01-07 05:48:00,244.4016,244.4016,244.3716,244.3716,22
2025-01-07 05:49:00,244.3716,244.4416,244.3716,244.4416,107
2025-01-07 05:50:00,244.4116,244.4416,244.4116,244.4216,111
2025-01-07 05:51:00,244.4416,244.4416,244.4216,244.4216,3
2025-01-07 05:52:00,244.4416,244.4416,244.4216,244.4216,16
2025-01-07 05:53:00,244.4416,244.4416,244.4116,244.4116,255
2025-01-07 05:54:00,244.4316,244.4316,244.3716,244.4116,634
2025-01-07 05:55:00,244.4116,244.4416,244.3816,244.3816,448
2025-01-07 05:56:00,244.4316,244.4316,244.3616,244.3616,30
2025-01-07 05:57:00,244.3716,244.3816,244.3317,244.3517,87
2025-01-07 05:58:00,244.3417,244.3417,244.3317,244.3317,179
2025-01-07 05:59:00,244.3317,244.3417,244.2817,244.3117,585
2025-01-07 06:00:00,244.2717,244.3217,244.2717,244.2817,92
2025-01-07 06:01:00,244.2618,244.3117,244.2418,244.3017,45
2025-01-07 06:02:00,244.2817,244.3217,244.2518,244.2518,202
2025-01-07 06:03:00,244.2917,244.3017,244.2717,244.2817,150
2025-01-07 06:04:00,244.2917,244.2917,244.2518,244.2518,125
2025-01-07 06:05:00,244.2817,244.3217,244.2817,244.3217,161
2025-01-07 06:06:00,244.3217,244.3217,244.2618,244.2618,40
2025-01-07 06:07:00,244.2917,244.4316,244.2917,244.3217,2085
2025-01-07 06:08:00,244.4216,244.5315,244.4016,244.5315,2449
2025-01-07 06:09:00,244.5315,244.5315,244.4915,244.4915,62
2025-01-07 06:10:00,244.5315,244.5315,244.4815,244.4815,299
2025-01-07 06:11:00,244.4815,244.5215,244.4116,244.5015,2273
2025-01-07 06:12:00,244.5115,244.5115,244.4016,244.4016,454
2025-01-07 06:13:00,244.4016,244.4316,244.4016,244.4316,525
2025-01-07 06:14:00,244.4316,244.4515,244.3217,244.3517,1218
2025-01-07 06:15:00,244.4116,244.4216,244.2318,244.3517,893
2025-01-07 06:16:00,244.2717,244.3517,244.2118,244.3117,1916
2025-01-07 06:17:00,244.3317,244.3517,244.2218,244.2717,873
2025-01-07 06:18:00,244.3317,244.3517,244.2318,244.3517,408
2025-01-07 06:19:00,244.3417,244.3517,244.3117,244.3117,643
2025-01-07 06:20:00,244.3317,244.5015,244.3217,244.4116,1071
2025-01-07 06:21:00,244.4316,244.4515,244.4116,244.4515,6
2025-01-07 06:22:00,244.4216,244.4815,244.4216,244.4815,290
2025-01-07 06:23:00,244.4515,244.5015,244.4316,244.4915,474
2025-01-07 06:24:00,244.4915,244.5015,244.4715,244.5015,208
2025-01-07 06:25:00,244.5015,244.5015,244.4615,244.4915,287
2025-01-07 06:26:00,244.4515,244.5315,244.4515,244.4715,374
2025-01-07 06:27:00,244.5115,244.5614,244.4815,244.5115,124
2025-01-07 06:28:00,244.5115,244.5614,244.4715,244.5614,144
2025-01-07 06:29:00,244.5015,244.5614,244.5015,244.5514,115
2025-01-07 06:30:00,244.5714,244.5714,243.5326,243.6824,15778
2025-01-07 06:31:00,243.6324,243.7723,243.4127,243.5825,1852
2025-01-07 06:32:00,243.5825,243.5825,243.4327,243.4626,1161
2025-01-07 06:33:00,243.5425,243.5725,243.2329,243.2329,3856
2025-01-07 06:34:00,243.2629,243.3428,242.1840,242.3239,24049
2025-01-07 06:35:00,242.3339,242.4438,241.6247,242.1241,11442
2025-01-07 06:36:00,242.1741,242.3439,241.5348,241.9143,17457
2025-01-07 06:37:00,241.9243,242.1241,241.0153,242.0342,16812
2025-01-07 06:38:00,241.9343,242.4338,241.9343,242.4238,4909
2025-01-07 06:39:00,242.3838,242.4338,242.2340,242.3638,4393
2025-01-07 06:40:00,242.3738,242.3838,242.1741,242.3738,5941
2025-01-07 06:41:00,242.3339,242.3738,242.2839,242.3339,3222
2025-01-07 06:42:00,242.3239,242.3838,242.2640,242.3638,8961
2025-01-07 06:43:00,242.3539,242.4338,242.2340,242.4338,6132
2025-01-07 06:44:00,242.4338,242.4837,242.4338,242.4338,408
2025-01-07 06:45:00,242.4837,242.6236,242.4238,242.4238,5532
2025-01-07 06:46:00,242.3838,242.3838,242.0941,242.2939,685
2025-01-07 06:47:00,242.2939,242.4238,242.2340,242.4238,626
2025-01-07 06:48:00,242.3938,242.5337,242.3938,242.4338,765
2025-01-07 06:49:00,242.4438,242.5237,242.4338,242.4338,629
2025-01-07 06:50:00,242.4338,242.5237,242.3439,242.3738,2426
2025-01-07 06:51:00,242.3638,242.3638,242.2939,242.3139,1083
2025-01-07 06:52:00,242.2939,242.3239,242.2839,242.3139,46
2025-01-07 06:53:00,242.3039,242.3339,242.1141,242.1541,1266
2025-01-07 06:54:00,242.1441,242.1641,242.0841,242.1441,202
2025-01-07 06:55:00,242.1441,242.1641,241.8344,241.9243,2504
2025-01-07 06:56:00,242.0042,242.0342,241.8844,241.9543,1590
2025-01-07 06:57:00,241.9543,242.2240,241.9543,242.1341,534
2025-01-07 06:58:00,242.2040,242.2540,242.1641,242.2240,398
2025-01-07 06:59:00,242.2140,242.3339,242.2140,242.3139,2697
2025-01-07 07:00:00,242.3239,242.5836,242.2340,242.3838,8813
2025-01-07 07:01:00,242.3738,242.4138,242.1840,242.3039,1389
2025-01-07 07:02:00,242.2340,242.3938,242.1541,242.2540,1102
2025-01-07 07:03:00,242.2540,242.2540,242.0342,242.1341,1571
2025-01-07 07:04:00,242.1341,242.1341,242.0342,242.1141,964
2025-01-07 07:05:00,242.1041,242.2040,242.0841,242.2040,611
2025-01-07 07:06:00,242.2040,242.4537,242.1341,242.2939,2019
2025-01-07 07:07:00,242.3339,242.4537,242.1840,242.3039,1742
2025-01-07 07:08:00,242.2939,242.3039,242.0342,242.1840,2196
2025-01-07 07:09:00,242.1641,242.3039,242.1341,242.2739,2540
2025-01-07 07:10:00,242.2440,242.2739,242.2140,242.2140,149
2025-01-07 07:11:00,242.2140,242.2140,242.1541,242.2140,167
2025-01-07 07:12:00,242.2140,242.2340,242.1541,242.1641,144
2025-01-07 07:13:00,242.1840,242.2640,242.1541,242.1940,1963
2025-01-07 07:14:00,242.1940,242.2240,242.1541,242.2240,754
2025-01-07 07:15:00,242.1741,242.1741,242.0442,242.0841,4506
2025-01-07 07:16:00,242.0841,242.1041,241.8844,241.9343,2299
2025-01-07 07:17:00,241.9543,242.0342,241.8844,242.0342,3011
2025-01-07 07:18:00,242.0142,242.0442,241.9743,241.9743,3177
2025-01-07 07:19:00,242.0242,242.1241,241.9942,242.0841,460
2025-01-07 07:20:00,242.1141,242.1641,242.0841,242.1641,203
2025-01-07 07:21:00,242.0841,242.2340,242.0841,242.1741,1686
2025-01-07 07:22:00,242.1741,242.2140,242.1541,242.1741,314
2025-01-07 07:23:00,242.1741,242.1741,242.1041,242.1041,429
2025-01-07 07:24:00,242.0941,242.1041,242.0542,242.0642,737
2025-01-07 07:25:00,242.0841,242.0841,241.8944,241.9343,2600
2025-01-07 07:26:00,241.9343,242.0642,241.9343,242.0342,2244
2025-01-07 07:27:00,242.0442,242.0442,241.8944,241.9343,732
2025-01-07 07:28:00,241.9543,241.9543,241.8944,241.8944,982
2025-01-07 07:29:00,241.8944,241.9343,241.8844,241.9243,1955
2025-01-07 07:30:00,241.9143,241.9243,241.9043,241.9043,92
2025-01-07 07:31:00,241.9243,241.9243,241.9043,241.9043,312
2025-01-07 07:32:00,241.9543,241.9743,241.8544,241.8844,6529
2025-01-07 07:33:00,241.9343,241.9543,241.8944,241.8944,13
2025-01-07 07:34:00,241.8944,241.9143,241.7545,241.7845,6139
2025-01-07 07:35:00,241.8344,241.8644,241.8144,241.8344,80
2025-01-07 07:36:00,241.8344,241.8344,241.7645,241.8045,548
2025-01-07 07:37:00,241.7745,241.7845,241.6746,241.7245,8406
2025-01-07 07:38:00,241.6846,241.7245,241.5148,241.5348,6486
2025-01-07 07:39:00,241.5547,241.5547,241.4349,241.4948,7761
2025-01-07 07:40:00,241.5048,241.7345,241.4648,241.7146,4158
2025-01-07 07:41:00,241.6746,241.8144,241.6346,241.8144,1675
2025-01-07 07:42:00,241.7645,241.8344,241.7545,241.8045,376
2025-01-07 07:43:00,241.7945,241.8344,241.7945,241.8344,324
2025-01-07 07:44:00,241.8344,241.9843,241.8045,241.9743,5603
2025-01-07 07:45:00,241.9543,242.0142,241.7345,241.7845,11307
2025-01-07 07:46:00,241.8544,241.8544,241.7845,241.8144,820
2025-01-07 07:47:00,241.8045,241.8144,241.7845,241.7945,888
2025-01-07 07:48:00,241.7845,241.8144,241.7845,241.8144,9738
2025-01-07 07:49:00,241.8045,241.8544,241.7845,241.8544,3508
2025-01-07 07:50:00,241.8544,241.8544,241.7845,241.7845,5776
2025-01-07 07:51:00,241.8045,241.8844,241.8045,241.8844,961
2025-01-07 07:52:00,241.8844,241.8844,241.8444,241.8844,411
2025-01-07 07:53:00,241.8844,241.9143,241.8544,241.9143,2023
2025-01-07 07:54:00,241.9143,241.9343,241.8644,241.9343,741
2025-01-07 07:55:00,241.9443,241.9743,241.9143,241.9543,782
2025-01-07 07:56:00,241.9743,241.9743,241.9043,241.9743,2518
2025-01-07 07:57:00,241.9743,242.0941,241.9443,242.0941,4340
2025-01-07 07:58:00,242.1041,242.1840,241.9743,242.0342,6371
2025-01-07 07:59:00,242.0342,242.1041,242.0342,242.0342,2456
2025-01-07 08:00:00,244.8288,244.8499,241.4349,244.4815,76415
2025-01-07 08:01:00,244.4815,244.7312,241.4555,241.8744,2871
2025-01-07 08:02:00,241.9140,244.7312,241.7342,242.0891,1613
2025-01-07 08:03:00,244.7312,244.7312,242.0442,242.1291,2165
2025-01-07 08:04:00,242.1291,244.7312,242.0342,244.7312,510
2025-01-07 08:05:00,242.0841,244.7312,242.0841,242.1222,443
2025-01-07 08:06:00,242.1341,244.7312,242.0242,242.0342,5870
2025-01-07 08:07:00,242.0342,242.0841,241.9843,241.9843,2420
2025-01-07 08:08:00,241.9843,242.0342,241.9543,241.9743,6197
2025-01-07 08:09:00,242.0042,242.0342,241.9543,241.9643,1439
2025-01-07 08:10:00,241.9543,242.0342,241.9543,241.9643,1744
2025-01-07 08:11:00,241.9942,242.0242,241.9643,242.0170,1384
2025-01-07 08:12:00,241.9942,242.0242,241.9643,241.9942,1831
2025-01-07 08:13:00,241.9942,242.0742,241.9761,242.0650,1633
2025-01-07 08:14:00,242.0742,242.0742,242.0142,242.0742,1632
2025-01-07 08:15:00,242.0442,242.1341,242.0143,242.1241,3357
2025-01-07 08:16:00,242.1191,242.2340,242.1141,242.1990,4774
2025-01-07 08:17:00,242.2139,242.4038,242.1840,242.4038,5794
2025-01-07 08:18:00,242.3738,242.4338,242.3339,242.3895,3697
2025-01-07 08:19:00,242.3339,242.4338,242.3039,242.3938,3868
2025-01-07 08:20:00,242.4038,242.4338,242.2839,242.3738,2544
2025-01-07 08:21:00,242.4338,242.4338,242.2839,242.2989,1540
2025-01-07 08:22:00,242.3039,242.3539,242.3039,242.3489,3048
2025-01-07 08:23:00,242.3439,242.4038,242.3339,242.3339,3587
2025-01-07 08:24:00,242.3339,242.3539,242.2939,242.3139,2576
2025-01-07 08:25:00,242.3339,242.3539,242.2839,242.3539,2276
2025-01-07 08:26:00,242.2939,242.3539,242.1741,242.2440,14378
2025-01-07 08:27:00,242.2989,242.3408,242.0642,242.0941,1968
2025-01-07 08:28:00,242.1041,242.1341,241.9743,242.0542,12124
2025-01-07 08:29:00,242.0242,242.0642,241.9743,242.0331,2898
2025-01-07 08:30:00,242.0042,242.0742,241.9942,241.9942,2459
2025-01-07 08:31:00,242.0342,242.0742,242.0142,242.0242,1279
2025-01-07 08:32:00,242.0442,242.0442,241.8844,242.0342,11872
2025-01-07 08:33:00,242.0442,242.2340,242.0142,242.0742,388
2025-01-07 08:34:00,242.1041,242.2340,242.0841,242.1741,1645
2025-01-07 08:35:00,242.1741,242.2340,242.1541,242.2040,2044
2025-01-07 08:36:00,242.1741,242.2540,242.1741,242.2540,2641
2025-01-07 08:37:00,242.2440,242.2839,242.2140,242.2839,3368
2025-01-07 08:38:00,242.2739,242.4338,242.2739,242.3826,6289
2025-01-07 08:39:00,242.4238,242.4338,242.2739,242.3738,3665
2025-01-07 08:40:00,242.3339,242.4338,242.2939,242.4038,2161
2025-01-07 08:41:00,242.4038,242.4338,242.2689,242.2689,7938
2025-01-07 08:42:00,242.2839,242.3039,242.1840,242.2140,3319
2025-01-07 08:43:00,242.1940,242.2340,242.1741,242.2040,951
2025-01-07 08:44:00,242.2090,242.2340,242.1741,242.2140,6739
2025-01-07 08:45:00,242.2090,242.3658,242.1241,242.2340,11881
2025-01-07 08:46:00,242.2340,242.5337,242.2040,242.5337,4110
2025-01-07 08:47:00,242.4937,242.6735,242.4937,242.5437,3530
2025-01-07 08:48:00,242.6335,242.9232,242.5337,242.8533,16517
2025-01-07 08:49:00,242.7834,242.8533,242.6236,242.7684,7735
2025-01-07 08:50:00,242.8133,242.9732,242.7234,242.9332,3674
2025-01-07 08:51:00,242.9132,243.1530,242.8833,243.1330,9092
2025-01-07 08:52:00,243.1430,243.1530,243.0081,243.1130,7582
2025-01-07 08:53:00,243.0431,243.1130,242.9532,243.0031,4793
2025-01-07 08:54:00,243.0231,243.0431,242.8034,243.0431,9644
2025-01-07 08:55:00,242.9832,243.0831,242.9332,243.0329,3546
2025-01-07 08:56:00,243.0331,243.0831,242.9432,243.0431,1376
2025-01-07 08:57:00,243.0331,243.1530,243.0331,243.1330,2097
2025-01-07 08:58:00,243.1180,243.1530,243.1030,243.1230,2480
2025-01-07 08:59:00,243.1516,243.2129,243.1152,243.2129,3738
2025-01-07 09:00:00,243.2029,243.2329,243.0331,243.0431,4783
2025-01-07 09:01:00,243.1230,243.1230,242.8034,243.0031,17739
2025-01-07 09:02:00,242.9932,243.0331,242.8833,242.8833,3231
2025-01-07 09:03:00,242.9132,242.9832,242.8233,242.8433,6162
2025-01-07 09:04:00,242.8333,242.9332,242.8233,242.9332,1977
2025-01-07 09:05:00,242.8983,242.9932,242.8533,242.9827,2850
2025-01-07 09:06:00,242.9032,243.0731,242.9032,242.9981,3051
2025-01-07 09:07:00,243.0231,243.0731,242.9532,242.9532,3829
2025-01-07 09:08:00,242.9332,242.9632,242.8133,242.8433,2170
2025-01-07 09:09:00,242.8833,242.9532,242.8333,242.9232,2363
2025-01-07 09:10:00,242.9464,242.9532,242.7534,242.8633,5939
2025-01-07 09:11:00,242.8233,242.9232,242.7534,242.7934,2941
2025-01-07 09:12:00,242.7934,242.8433,242.7334,242.8333,7545
2025-01-07 09:13:00,242.8183,242.9232,242.6935,242.7334,9958
2025-01-07 09:14:00,242.8133,242.9132,242.6435,242.7884,6372
2025-01-07 09:15:00,242.7834,242.8433,242.5836,242.5976,5782
2025-01-07 09:16:00,242.6935,242.7035,242.5337,242.6036,7802
2025-01-07 09:17:00,242.6036,242.6935,242.4837,242.6335,13841
2025-01-07 09:18:00,242.6241,242.6935,242.5436,242.6635,3722
2025-01-07 09:19:00,242.6435,242.6935,242.5436,242.5836,8291
2025-01-07 09:20:00,242.5436,246.8439,242.4338,242.4737,7327
2025-01-07 09:21:00,242.5037,242.5647,242.4338,242.5037,3152
2025-01-07 09:22:00,242.5187,242.5636,242.4338,242.5636,8453
2025-01-07 09:23:00,242.5736,242.7334,242.4937,242.6435,4844
2025-01-07 09:24:00,242.7234,242.7334,242.4438,242.5436,9435
2025-01-07 09:25:00,242.5436,244.7312,242.4937,242.6435,6455
2025-01-07 09:26:00,242.5836,242.7234,242.4637,242.5786,10033
2025-01-07 09:27:00,242.4837,243.1530,242.3439,242.6335,15042
2025-01-07 09:28:00,242.6735,243.0831,242.5436,242.7085,9930
2025-01-07 09:29:00,242.6935,242.7234,242.4238,242.4238,10050
2025-01-07 09:30:00,242.7135,243.7024,242.4138,243.1280,1038372
2025-01-07 09:31:00,243.1630,243.5226,243.1130,243.3817,151759
2025-01-07 09:32:00,243.3677,244.0113,243.3428,243.9321,190161
2025-01-07 09:33:00,243.9171,244.6713,243.9171,244.1719,272015
2025-01-07 09:34:00,244.1719,244.2018,243.6424,243.6724,159178
2025-01-07 09:35:00,243.6624,244.1719,243.4926,244.0320,176714
2025-01-07 09:36:00,244.0220,244.2318,243.7823,244.0270,118305
2025-01-07 09:37:00,244.0320,244.1119,243.7723,243.7923,126188
2025-01-07 09:38:00,243.7823,244.2518,243.7323,244.1818,124781
2025-01-07 09:39:00,244.1619,244.3017,244.0820,244.1968,100067
2025-01-07 09:40:00,244.2118,244.5115,244.0620,244.4715,157950
2025-01-07 09:41:00,244.4416,244.5614,244.3417,244.4316,87123
2025-01-07 09:42:00,244.4216,244.5714,244.3716,244.5215,95833
2025-01-07 09:43:00,244.5115,244.7812,244.5115,244.7762,209317
2025-01-07 09:44:00,244.7762,244.8511,244.5534,244.6413,98737
2025-01-07 09:45:00,244.6413,245.0562,244.6114,244.9530,152906
2025-01-07 09:46:00,244.9560,245.0908,244.6314,244.6453,120879
2025-01-07 09:47:00,244.6314,244.7762,244.5714,244.6713,128275
2025-01-07 09:48:00,244.6913,244.7812,244.5815,244.7462,106551
2025-01-07 09:49:00,244.7462,244.7512,244.5614,244.5664,76088
2025-01-07 09:50:00,244.5814,244.6613,244.4815,244.6314,81557
2025-01-07 09:51:00,244.6513,244.9210,244.6164,244.7113,176829
2025-01-07 09:52:00,244.7113,244.7509,244.4815,244.5388,63454
2025-01-07 09:53:00,244.5115,244.6713,244.5115,244.6314,45338
2025-01-07 09:54:00,244.6613,244.6913,244.5315,244.5714,54593
2025-01-07 09:55:00,244.5714,244.6314,244.4915,244.4915,60041
2025-01-07 09:56:00,244.5215,244.5415,244.4316,244.4965,61284
2025-01-07 09:57:00,244.5015,244.5614,244.4016,244.5415,67549
2025-01-07 09:58:00,244.5365,244.7312,244.5315,244.6214,97174
2025-01-07 09:59:00,244.6363,244.7512,244.5914,244.6513,77967
2025-01-07 10:00:00,244.5814,244.7062,244.2918,244.5814,125039
2025-01-07 10:01:00,244.6463,244.6913,244.3417,244.4366,121944
2025-01-07 10:02:00,244.4366,244.6014,244.3217,244.5315,117089
2025-01-07 10:03:00,244.5315,244.7312,244.5165,244.6713,118937
2025-01-07 10:04:00,244.6713,244.6812,244.3816,244.5015,66943
2025-01-07 10:05:00,244.5415,244.6114,244.2518,244.4565,99521
2025-01-07 10:06:00,244.4388,244.6014,244.3517,244.4116,96655
2025-01-07 10:07:00,244.4316,244.5562,244.3117,244.3417,86571
2025-01-07 10:08:00,244.3417,244.4016,244.1319,244.3976,105253
2025-01-07 10:09:00,244.4116,244.4216,244.0760,244.2419,109012
2025-01-07 10:10:00,244.2418,244.3916,244.1019,244.1908,104657
2025-01-07 10:11:00,244.2018,244.4316,244.1769,244.2418,81738
2025-01-07 10:12:00,244.2817,244.4615,244.2118,244.3616,78901
2025-01-07 10:13:00,244.3517,244.4216,244.2318,244.2618,47114
2025-01-07 10:14:00,244.2518,244.5415,244.2118,244.4815,84376
2025-01-07 10:15:00,244.4416,244.6049,244.3916,244.5365,97145
2025-01-07 10:16:00,244.5275,244.5614,244.2318,244.2518,82994
2025-01-07 10:17:00,244.2368,244.3417,243.9821,244.0420,108837
2025-01-07 10:18:00,244.0919,244.2017,243.9272,244.0720,86817
2025-01-07 10:19:00,244.0919,244.4416,244.0919,244.3643,80653
2025-01-07 10:20:00,244.3716,244.4416,244.0620,244.1319,75309
2025-01-07 10:21:00,244.1255,244.3916,244.1219,244.3567,48046
2025-01-07 10:22:00,244.3517,244.3916,244.1868,244.2318,54752
2025-01-07 10:23:00,244.2618,244.5315,244.2479,244.3117,91345
2025-01-07 10:24:00,244.3017,244.3816,244.2318,244.2717,65663
2025-01-07 10:25:00,244.2917,244.5105,244.2917,244.4915,93882
2025-01-07 10:26:00,244.5215,244.8811,244.5215,244.8473,131051
2025-01-07 10:27:00,244.8561,244.9610,244.8112,244.9310,106711
2025-01-07 10:28:00,244.9210,245.2806,244.8911,245.2007,183369
2025-01-07 10:29:00,245.1936,245.2601,244.8711,244.8961,99617
2025-01-07 10:30:00,244.8911,245.1108,244.8211,244.9310,87466
2025-01-07 10:31:00,244.9310,245.0509,244.6813,244.7013,77263
2025-01-07 10:32:00,244.7113,244.9110,244.5215,244.7312,108828
2025-01-07 10:33:00,244.7512,244.8411,244.6114,244.7312,107411
2025-01-07 10:34:00,244.7412,244.9110,244.5514,244.6214,67953
2025-01-07 10:35:00,244.6412,244.7079,244.3716,244.5265,145458
2025-01-07 10:36:00,244.5265,244.6713,244.4216,244.6513,88986
2025-01-07 10:37:00,244.6413,244.8211,244.6224,244.7362,86078
2025-01-07 10:38:00,244.7462,244.7462,244.4416,244.5015,69871
2025-01-07 10:39:00,244.5165,244.5415,244.1519,244.1806,119850
2025-01-07 10:40:00,244.1918,244.4316,244.1918,244.3716,113674
2025-01-07 10:41:00,244.3716,244.7013,244.3417,244.6413,67242
2025-01-07 10:42:00,244.6014,244.7312,244.4122,244.5813,90317
2025-01-07 10:43:00,244.5415,244.7312,244.5315,244.6963,65077
2025-01-07 10:44:00,244.6813,244.7312,244.5415,244.6763,78317
2025-01-07 10:45:00,244.6663,244.6663,244.4503,244.5215,73281
2025-01-07 10:46:00,244.5115,244.5263,244.3616,244.3666,60687
2025-01-07 10:47:00,244.3616,244.3916,244.2218,244.2963,75701
2025-01-07 10:48:00,244.3117,244.3467,244.1319,244.1619,71285
2025-01-07 10:49:00,244.1616,244.3940,244.1616,244.2368,74583
2025-01-07 10:50:00,244.2418,244.3117,244.1019,244.2518,101750
2025-01-07 10:51:00,244.2318,244.2717,243.8422,243.9221,107421
2025-01-07 10:52:00,243.8722,244.0420,243.8625,244.0020,76571
2025-01-07 10:53:00,244.0020,244.0020,243.8023,243.8023,60635
2025-01-07 10:54:00,243.8023,244.1119,243.7623,243.8222,79531
2025-01-07 10:55:00,243.8322,244.0120,243.7623,243.8722,75958
2025-01-07 10:56:00,243.8472,243.9721,243.8302,243.8922,47792
2025-01-07 10:57:00,243.9121,244.2018,243.8422,244.0919,64141
2025-01-07 10:58:00,244.1219,244.4016,244.0720,244.4016,70929
2025-01-07 10:59:00,244.4016,244.4965,244.3517,244.4016,70002
2025-01-07 11:00:00,244.4016,244.4614,244.2618,244.4166,70725
2025-01-07 11:01:00,244.3966,244.5115,244.3217,244.4765,52300
2025-01-07 11:02:00,244.4815,244.5115,244.0220,244.0370,78387
2025-01-07 11:03:00,244.0370,244.2817,244.0370,244.2817,47381
2025-01-07 11:04:00,244.2967,244.3417,244.1619,244.2018,49666
2025-01-07 11:05:00,244.2018,244.2218,243.8822,243.9921,61534
2025-01-07 11:06:00,243.9821,244.1510,243.9338,244.0470,56333
2025-01-07 11:07:00,244.0470,244.1419,244.0070,244.0070,26762
2025-01-07 11:08:00,244.0070,244.0820,243.9335,244.0520,50850
2025-01-07 11:09:00,244.0520,244.0615,243.9921,244.0119,43578
2025-01-07 11:10:00,244.0020,244.0320,243.8222,243.8722,48334
2025-01-07 11:11:00,243.8872,244.0120,243.7593,243.7923,48732
2025-01-07 11:12:00,243.8073,243.8073,243.6524,243.7024,79461
2025-01-07 11:13:00,243.7074,243.8822,243.6025,243.8722,83452
2025-01-07 11:14:00,243.8822,244.0220,243.8323,243.8972,62088
2025-01-07 11:15:00,243.9022,243.9321,243.7323,243.8772,65858
2025-01-07 11:16:00,243.8722,244.0020,243.7759,243.8772,60833
2025-01-07 11:17:00,243.8672,243.8722,243.7024,243.7823,48491
2025-01-07 11:18:00,243.7873,243.8322,243.6824,243.7623,28704
2025-01-07 11:19:00,243.7673,243.7673,243.6324,243.6924,48002
2025-01-07 11:20:00,243.6974,243.8422,243.6924,243.8422,56345
2025-01-07 11:21:00,243.8622,243.9022,243.7923,243.8358,45250
2025-01-07 11:22:00,243.8322,243.9321,243.5925,243.5925,43310
2025-01-07 11:23:00,243.6075,243.7124,243.5226,243.5825,41163
2025-01-07 11:24:00,243.5975,243.7373,243.5725,243.7373,34096
2025-01-07 11:25:00,243.7323,243.7623,243.5825,243.6382,83963
2025-01-07 11:26:00,243.6474,243.7465,243.6025,243.6524,71743
2025-01-07 11:27:00,243.6524,243.6524,243.4427,243.4826,58357
2025-01-07 11:28:00,243.4926,243.7393,243.4876,243.6574,38430
2025-01-07 11:29:00,243.6424,243.6524,243.4565,243.4926,39078
2025-01-07 11:30:00,243.4726,243.5127,243.2678,243.2978,56857
2025-01-07 11:31:00,243.2978,243.3128,243.1430,243.2764,61542
2025-01-07 11:32:00,243.2764,243.5875,243.2764,243.4826,62720
2025-01-07 11:33:00,243.5026,243.5825,243.3128,243.3927,45336
2025-01-07 11:34:00,243.3927,243.3927,243.1330,243.1331,79801
2025-01-07 11:35:00,243.1680,243.1730,242.9132,243.0926,81439
2025-01-07 11:36:00,243.1030,243.1329,242.9032,242.9832,126662
2025-01-07 11:37:00,242.9832,243.1530,242.9832,243.0631,39400
2025-01-07 11:38:00,243.0531,243.2079,242.9919,243.0631,61271
2025-01-07 11:39:00,243.0681,243.2429,243.0281,243.2029,78613
2025-01-07 11:40:00,243.2029,243.3927,243.1530,243.3754,62531
2025-01-07 11:41:00,243.4027,243.4327,243.1530,243.1630,97286
2025-01-07 11:42:00,243.1730,243.2329,243.0731,243.2329,1213697
2025-01-07 11:43:00,243.2329,243.3697,243.1730,243.2905,77287
2025-01-07 11:44:00,243.2828,243.3328,243.2129,243.2808,33268
2025-01-07 11:45:00,243.2778,243.3428,243.1630,243.3308,25376
2025-01-07 11:46:00,243.3428,243.5026,243.3328,243.4673,61679
2025-01-07 11:47:00,243.4427,243.5670,243.4227,243.5493,23273
2025-01-07 11:48:00,243.5725,243.6125,243.4726,243.4826,25158
2025-01-07 11:49:00,243.4926,243.5376,243.3328,243.4427,37665
2025-01-07 11:50:00,243.4227,243.4227,243.2329,243.2429,36185
2025-01-07 11:51:00,243.2532,243.2579,243.0431,243.0631,43117
2025-01-07 11:52:00,243.0431,243.0831,242.8733,243.0083,67909
2025-01-07 11:53:00,243.0331,243.0331,242.8533,242.9332,64954
2025-01-07 11:54:00,242.9132,242.9532,242.7434,242.8133,49580
2025-01-07 11:55:00,242.8733,242.9832,242.8283,242.8283,39535
2025-01-07 11:56:00,242.8433,242.9032,242.8118,242.8333,34427
2025-01-07 11:57:00,242.8333,243.6924,242.7334,242.8133,42920
2025-01-07 11:58:00,242.8183,242.8233,242.7334,242.7634,57364
2025-01-07 11:59:00,242.7784,242.8633,242.7584,242.8133,39283
2025-01-07 12:00:00,242.7934,243.0431,242.7934,242.9382,81053
2025-01-07 12:01:00,242.9332,243.0131,242.8933,242.9832,30982
2025-01-07 12:02:00,242.9832,243.0331,242.8863,242.8933,31715
2025-01-07 12:03:00,242.9032,242.9332,242.8233,242.8983,25534
2025-01-07 12:04:00,242.8835,242.9432,242.8533,242.9331,55164
2025-01-07 12:05:00,242.9232,242.9332,242.8433,242.9332,26987
2025-01-07 12:06:00,242.9082,242.9332,242.7934,242.8233,30159
2025-01-07 12:07:00,242.8533,242.9332,242.7737,242.8483,40524
2025-01-07 12:08:00,242.8633,242.9529,242.8233,242.8965,41677
2025-01-07 12:09:00,242.8978,242.9632,242.8733,242.8833,31254
2025-01-07 12:10:00,242.8633,242.9632,242.7334,242.7634,53166
2025-01-07 12:11:00,242.7635,242.7635,242.6435,242.6785,70997
2025-01-07 12:12:00,242.6885,242.8034,242.6736,242.7934,31347
2025-01-07 12:13:00,242.7934,242.8133,242.7524,242.7584,39452
2025-01-07 12:14:00,242.7534,242.8633,242.7135,242.8633,52576
2025-01-07 12:15:00,242.8533,242.9032,242.7934,242.8233,55013
2025-01-07 12:16:00,242.8183,242.8183,242.6435,242.7038,45137
2025-01-07 12:17:00,242.7234,242.7434,242.5938,242.6236,58984
2025-01-07 12:18:00,242.6335,242.6835,242.5936,242.6385,56491
2025-01-07 12:19:00,242.6385,242.7734,242.5936,242.6101,84871
2025-01-07 12:20:00,242.6136,242.6335,242.5287,242.5337,71632
2025-01-07 12:21:00,242.5237,242.5636,242.4537,242.4847,58859
2025-01-07 12:22:00,242.4737,242.4872,242.2640,242.2739,61533
2025-01-07 12:23:00,242.2939,242.2939,242.0742,242.1641,143945
2025-01-07 12:24:00,242.1641,242.1939,242.1241,242.1434,43667
2025-01-07 12:25:00,242.1441,242.2939,242.1351,242.2390,70687
2025-01-07 12:26:00,242.2340,242.2340,242.0877,242.1465,64792
2025-01-07 12:27:00,242.1541,242.2440,242.1541,242.1840,39632
2025-01-07 12:28:00,242.1990,242.1990,241.8944,241.8944,77128
2025-01-07 12:29:00,241.8744,242.2040,241.8726,242.1241,45582
2025-01-07 12:30:00,242.1341,242.3489,242.0742,242.3039,74188
2025-01-07 12:31:00,242.3039,242.4637,242.2540,242.3760,62023
2025-01-07 12:32:00,242.3539,242.4338,242.2040,242.2140,57415
2025-01-07 12:33:00,242.1741,242.4537,242.1741,242.4388,55275
2025-01-07 12:34:00,242.4487,242.4487,242.3139,242.3439,44773
2025-01-07 12:35:00,242.3339,242.4338,242.3089,242.3339,31308
2025-01-07 12:36:00,242.3139,242.3638,242.1840,242.2440,32177
2025-01-07 12:37:00,242.2440,242.2640,242.0991,242.0991,33204
2025-01-07 12:38:00,242.0841,242.0841,241.8744,241.9688,69106
2025-01-07 12:39:00,241.9737,241.9737,241.8644,241.9643,40408
2025-01-07 12:40:00,241.9243,241.9969,241.8644,241.9543,31983
2025-01-07 12:41:00,241.9743,242.0142,241.8644,241.9143,22669
2025-01-07 12:42:00,241.9143,241.9543,241.8644,241.9293,22658
2025-01-07 12:43:00,241.9193,241.9293,241.8444,241.8844,35834
2025-01-07 12:44:00,241.8604,241.8744,241.7445,241.7940,67396
2025-01-07 12:45:00,241.7695,241.8744,241.6646,241.8644,206313
2025-01-07 12:46:00,241.8643,242.0793,241.7845,241.8344,83044
2025-01-07 12:47:00,241.8444,241.8893,241.7445,241.8444,51644
2025-01-07 12:48:00,241.8045,241.8444,241.7245,241.7621,56439
2025-01-07 12:49:00,241.7545,241.8045,241.6446,241.6646,82867
2025-01-07 12:50:00,241.6746,241.6996,241.5148,241.5148,60483
2025-01-07 12:51:00,241.5248,241.5547,241.4050,241.4490,78902
2025-01-07 12:52:00,241.4548,241.4698,241.0852,241.3300,179720
2025-01-07 12:53:00,241.3050,241.3251,241.1751,241.2351,66081
2025-01-07 12:54:00,241.2351,241.4349,241.2251,241.4249,58828
2025-01-07 12:55:00,241.4249,241.5248,241.3999,241.4548,54320
2025-01-07 12:56:00,241.4548,241.5488,241.4249,241.5348,44258
2025-01-07 12:57:00,241.5348,241.7046,241.4748,241.7046,65871
2025-01-07 12:58:00,241.7146,241.8344,241.6748,241.8244,44845
2025-01-07 12:59:00,241.8045,242.0500,241.8045,241.9942,53771
2025-01-07 13:00:00,242.0042,242.1541,241.9875,242.1141,46794
2025-01-07 13:01:00,242.1141,242.2039,242.0592,242.0841,57739
2025-01-07 13:02:00,242.0692,242.2040,242.0492,242.0542,38738
2025-01-07 13:03:00,242.0443,242.1641,241.9942,242.1391,31151
2025-01-07 13:04:00,242.1241,242.2025,242.0550,242.0692,31881
2025-01-07 13:05:00,242.0840,242.1341,241.9043,241.9543,45370
2025-01-07 13:06:00,241.9643,242.1840,241.9643,242.1735,51979
2025-01-07 13:07:00,242.1731,242.3038,242.1241,242.2714,77454
2025-01-07 13:08:00,242.2440,242.3938,242.2140,242.3439,78643
2025-01-07 13:09:00,242.3647,242.4737,242.3443,242.4537,61686
2025-01-07 13:10:00,242.4537,242.5760,242.4138,242.5436,83768
2025-01-07 13:11:00,242.5536,242.5736,242.4637,242.4837,40208
2025-01-07 13:12:00,242.4937,242.5816,242.4239,242.4833,51155
2025-01-07 13:13:00,242.4837,242.5237,242.4039,242.4388,91849
2025-01-07 13:14:00,242.4438,242.5137,242.3938,242.5037,87759
2025-01-07 13:15:00,242.5037,242.5237,242.4138,242.4737,30963
2025-01-07 13:16:00,242.4737,242.5736,242.4552,242.5605,26172
2025-01-07 13:17:00,242.5636,242.6799,242.4238,242.6335,85201
2025-01-07 13:18:00,242.6335,242.7634,242.5941,242.7454,44576
2025-01-07 13:19:00,242.7634,242.7744,242.7234,242.7534,45516
2025-01-07 13:20:00,242.7434,242.8133,242.7085,242.7484,51686
2025-01-07 13:21:00,242.7634,242.8733,242.6985,242.8733,53341
2025-01-07 13:22:00,242.8633,243.0231,242.8034,242.8333,55283
2025-01-07 13:23:00,242.8267,242.9432,242.8203,242.9432,23233
2025-01-07 13:24:00,242.9382,242.9682,242.8933,242.9382,47017
2025-01-07 13:25:00,242.9382,243.1230,242.8633,243.0930,57734
2025-01-07 13:26:00,243.0930,243.1414,243.0333,243.0681,54150
2025-01-07 13:27:00,243.0531,243.0631,242.9362,242.9632,44145
2025-01-07 13:28:00,242.9582,242.9932,242.8433,242.8933,51093
2025-01-07 13:29:00,242.8973,242.9232,242.8433,242.8888,34421
2025-01-07 13:30:00,242.8833,242.9132,242.6835,242.6835,60732
2025-01-07 13:31:00,242.6735,242.8133,242.6635,242.7699,51297
2025-01-07 13:32:00,242.7734,242.8133,242.7036,242.7434,31148
2025-01-07 13:33:00,242.7035,242.7634,242.6036,242.6136,60808
2025-01-07 13:34:00,242.6335,242.6335,242.4238,242.4338,50697
2025-01-07 13:35:00,242.4038,242.4847,242.2839,242.2839,99760
2025-01-07 13:36:00,242.2839,242.3538,242.2517,242.2939,80027
2025-01-07 13:37:00,242.2789,242.3191,242.1591,242.1641,85280
2025-01-07 13:38:00,242.1641,242.1750,242.0841,242.0936,42136
2025-01-07 13:39:00,242.0841,242.2440,242.0841,242.1741,60529
2025-01-07 13:40:00,242.1840,242.1940,241.9843,242.0066,65779
2025-01-07 13:41:00,242.0042,242.0092,241.8480,241.9193,41555
2025-01-07 13:42:00,241.9143,241.9843,241.8644,241.9255,40521
2025-01-07 13:43:00,241.9243,242.0042,241.9093,241.9543,37645
2025-01-07 13:44:00,241.9593,242.0442,241.8444,241.9942,36532
2025-01-07 13:45:00,241.9942,242.0042,241.8944,241.9043,47874
2025-01-07 13:46:00,241.8944,242.0341,241.8046,241.8994,42309
2025-01-07 13:47:00,241.9093,242.0342,241.9063,242.0342,31490
2025-01-07 13:48:00,242.0421,242.0642,241.9243,241.9543,38356
2025-01-07 13:49:00,241.9444,242.0542,241.9043,242.0142,42656
2025-01-07 13:50:00,242.0192,242.1541,241.9443,242.1391,34921
2025-01-07 13:51:00,242.1391,242.1834,242.0841,242.1642,38033
2025-01-07 13:52:00,242.1940,242.2640,242.1541,242.2040,44277
2025-01-07 13:53:00,242.2390,242.2390,241.9543,241.9643,83704
2025-01-07 13:54:00,242.0042,242.0042,241.8794,241.9143,55479
2025-01-07 13:55:00,241.9157,242.0042,241.8794,241.9850,36721
2025-01-07 13:56:00,241.9893,242.0042,241.8644,241.8694,49398
2025-01-07 13:57:00,241.8844,241.9643,241.8645,241.9343,27337
2025-01-07 13:58:00,241.9343,241.9843,241.8944,241.9693,25224
2025-01-07 13:59:00,241.9743,242.1341,241.9593,242.0642,54645
2025-01-07 14:00:00,242.0443,242.1341,242.0443,242.1341,36083
2025-01-07 14:01:00,242.1517,242.2739,242.1241,242.1341,48954
2025-01-07 14:02:00,242.1241,242.2140,242.1141,242.1940,21913
2025-01-07 14:03:00,242.2040,242.2040,242.0742,242.0841,39176
2025-01-07 14:04:00,242.0941,242.1341,242.0542,242.0841,23881
2025-01-07 14:05:00,242.0542,242.1341,242.0542,242.0841,27920
2025-01-07 14:06:00,242.1141,242.2040,242.0989,242.1441,28306
2025-01-07 14:07:00,242.1441,242.2440,242.1441,242.1890,22574
2025-01-07 14:08:00,242.1741,242.2440,242.1341,242.2090,41946
2025-01-07 14:09:00,242.2140,242.2440,242.1541,242.2140,33141
2025-01-07 14:10:00,242.2140,242.2689,242.1864,242.2240,46937
2025-01-07 14:11:00,242.2240,242.2839,242.1840,242.2240,32734
2025-01-07 14:12:00,242.2240,242.3039,242.1824,242.2027,46256
2025-01-07 14:13:00,242.2240,242.2739,242.1741,242.2040,30556
2025-01-07 14:14:00,242.1990,242.2140,242.1141,242.1641,51078
2025-01-07 14:15:00,242.1641,242.1641,242.0742,242.1441,35078
2025-01-07 14:16:00,242.1541,242.2140,242.1141,242.2051,23324
2025-01-07 14:17:00,242.2040,242.2403,242.1541,242.2403,39983
2025-01-07 14:18:00,242.2240,242.2838,242.2140,242.2240,38759
2025-01-07 14:19:00,242.2340,242.2440,242.1641,242.1669,24919
2025-01-07 14:20:00,242.1641,242.2340,242.1591,242.1890,25925
2025-01-07 14:21:00,242.1940,242.2040,242.1641,242.2005,66009
2025-01-07 14:22:00,242.1940,242.2340,242.1741,242.1940,32631
2025-01-07 14:23:00,242.2040,242.2140,242.0742,242.1840,26645
2025-01-07 14:24:00,242.1840,242.2240,242.1641,242.2140,32117
2025-01-07 14:25:00,242.2340,242.2478,242.1940,242.1940,24400
2025-01-07 14:26:00,242.1940,242.2540,242.1641,242.1741,55265
2025-01-07 14:27:00,242.1641,242.1702,242.0742,242.1091,59401
2025-01-07 14:28:00,242.0941,242.2040,242.0841,242.1642,29838
2025-01-07 14:29:00,242.1741,242.2440,242.1442,242.1920,35518
2025-01-07 14:30:00,242.1840,242.2240,242.0941,242.0991,30990
2025-01-07 14:31:00,242.1041,242.1468,242.0342,242.0442,34662
2025-01-07 14:32:00,242.0542,242.0542,241.9043,241.9043,57472
2025-01-07 14:33:00,241.9244,241.9643,241.8851,241.9043,32487
2025-01-07 14:34:00,241.9143,241.9443,241.8544,241.9393,32599
2025-01-07 14:35:00,241.9543,242.0242,241.8794,241.8794,30004
2025-01-07 14:36:00,241.8794,241.8944,241.7745,241.8244,39000
2025-01-07 14:37:00,241.8045,241.9093,241.7745,241.8544,35796
2025-01-07 14:38:00,241.8444,241.9043,241.7545,241.7545,40943
2025-01-07 14:39:00,241.7645,241.8144,241.7345,241.7695,41318
2025-01-07 14:40:00,241.7646,241.8343,241.6546,241.7244,59164
2025-01-07 14:41:00,241.7194,241.7608,241.7146,241.7445,25358
2025-01-07 14:42:00,241.7345,241.7596,241.6646,241.6846,32001
2025-01-07 14:43:00,241.6647,241.7945,241.6117,241.7645,42757
2025-01-07 14:44:00,241.7945,241.8334,241.7305,241.7935,40428
2025-01-07 14:45:00,241.7795,241.8644,241.7645,241.8244,47998
2025-01-07 14:46:00,241.8244,241.8244,241.7545,241.7795,27794
2025-01-07 14:47:00,241.7795,241.8045,241.6746,241.7322,28962
2025-01-07 14:48:00,241.7146,241.7528,241.6759,241.7245,29111
2025-01-07 14:49:00,241.7245,241.7245,241.6047,241.6646,46983
2025-01-07 14:50:00,241.6546,241.7645,241.5747,241.7096,42203
2025-01-07 14:51:00,241.7072,241.7345,241.6546,241.6546,24833
2025-01-07 14:52:00,241.6446,241.6946,241.6346,241.6846,31554
2025-01-07 14:53:00,241.6846,241.7445,241.6346,241.7445,31587
2025-01-07 14:54:00,241.7445,241.7745,241.7046,241.7420,37170
2025-01-07 14:55:00,241.7445,241.7745,241.7146,241.7146,33052
2025-01-07 14:56:00,241.7166,241.7166,241.6446,241.6546,24544
2025-01-07 14:57:00,241.6646,241.7845,241.6546,241.7745,37460
2025-01-07 14:58:00,241.7645,241.9143,241.7445,241.8974,27449
2025-01-07 14:59:00,241.8944,241.9643,241.8844,241.9445,27960
2025-01-07 15:00:00,241.9643,242.0042,241.9143,241.9543,48404
2025-01-07 15:01:00,241.9543,241.9643,241.8893,241.9443,36678
2025-01-07 15:02:00,241.9143,241.9612,241.8644,241.8844,33549
2025-01-07 15:03:00,241.8544,241.9543,241.8244,241.8734,47742
2025-01-07 15:04:00,241.8844,241.9843,241.8344,241.8744,60728
2025-01-07 15:05:00,241.8844,241.9063,241.7745,241.7845,45102
2025-01-07 15:06:00,241.7745,242.0142,241.7545,241.9473,59280
2025-01-07 15:07:00,241.9493,241.9743,241.8544,241.8545,32375
2025-01-07 15:08:00,241.8744,241.8944,241.7345,241.7345,47094
2025-01-07 15:09:00,241.7445,241.7945,241.5947,241.6860,82772
2025-01-07 15:10:00,241.6446,241.6546,241.5348,241.5847,60541
2025-01-07 15:11:00,241.5947,241.6346,241.5348,241.5737,55542
2025-01-07 15:12:00,241.5697,241.6674,241.4848,241.6646,68159
2025-01-07 15:13:00,241.6646,241.6646,241.5647,241.5847,52750
2025-01-07 15:14:00,241.5747,241.6846,241.5647,241.5847,89349
2025-01-07 15:15:00,241.6047,241.8344,241.5997,241.7945,81589
2025-01-07 15:16:00,241.7945,241.8644,241.7345,241.7745,51105
2025-01-07 15:17:00,241.7945,241.8544,241.6846,241.6849,40960
2025-01-07 15:18:00,241.7046,241.8045,241.6846,241.7096,34055
2025-01-07 15:19:00,241.6946,241.8244,241.6946,241.7146,44207
2025-01-07 15:20:00,241.7245,241.7545,241.6846,241.7046,51875
2025-01-07 15:21:00,241.6946,241.8239,241.6746,241.7345,62917
2025-01-07 15:22:00,241.7445,241.7645,241.5771,241.6746,63141
2025-01-07 15:23:00,241.6846,241.8744,241.6746,241.8712,71781
2025-01-07 15:24:00,241.8444,241.8594,241.6946,241.7745,42334
2025-01-07 15:25:00,241.7945,241.8643,241.7245,241.7595,66016
2025-01-07 15:26:00,241.7544,241.7544,241.6420,241.6646,34076
2025-01-07 15:27:00,241.6646,241.7845,241.6251,241.7445,45118
2025-01-07 15:28:00,241.7345,241.8045,241.7345,241.7945,60890
2025-01-07 15:29:00,241.8045,241.8244,241.7295,241.7445,37572
2025-01-07 15:30:00,241.7545,241.8553,241.7545,241.7745,85126
2025-01-07 15:31:00,241.7645,241.8095,241.7295,241.7845,59055
2025-01-07 15:32:00,241.7645,241.8244,241.7245,241.7669,45177
2025-01-07 15:33:00,241.7695,241.8444,241.7445,241.7795,57178
2025-01-07 15:34:00,241.7795,241.7995,241.6746,241.6846,45923
2025-01-07 15:35:00,241.6946,241.7545,241.4948,241.5148,78121
2025-01-07 15:36:00,241.5447,241.5691,241.3849,241.3949,77266
2025-01-07 15:37:00,241.4049,241.4645,241.2900,241.2950,98892
2025-01-07 15:38:00,241.3050,241.3749,241.2750,241.3050,96232
2025-01-07 15:39:00,241.3050,241.5547,241.2740,241.5248,90166
2025-01-07 15:40:00,241.5248,241.8544,241.4948,241.7345,186012
2025-01-07 15:41:00,241.7395,241.8444,241.6646,241.7846,104518
2025-01-07 15:42:00,241.7745,241.8144,241.6197,241.6197,82764
2025-01-07 15:43:00,241.5948,241.6446,241.5048,241.6147,91388
2025-01-07 15:44:00,241.6147,241.6197,241.3649,241.3749,214497
2025-01-07 15:45:00,241.3749,241.4548,241.3050,241.3649,75040
2025-01-07 15:46:00,241.3549,241.6546,241.3450,241.5348,72244
2025-01-07 15:47:00,241.5447,241.6489,241.5447,241.6346,460934
2025-01-07 15:48:00,241.6247,241.6546,241.5198,241.6346,59939
2025-01-07 15:49:00,241.6346,241.6996,241.5847,241.6047,75510
2025-01-07 15:50:00,241.5647,241.6746,241.4249,241.6746,151346
2025-01-07 15:51:00,241.6646,241.6646,241.5021,241.5098,404830
2025-01-07 15:52:00,241.5148,241.5397,241.3450,241.5048,129234
2025-01-07 15:53:00,241.4948,241.6235,241.3849,241.5747,134840
2025-01-07 15:54:00,241.5847,241.8045,241.4249,241.7695,399773
2025-01-07 15:55:00,241.7845,241.8744,241.6946,241.7445,184784
2025-01-07 15:56:00,241.7395,241.8744,241.7345,241.8244,170182
2025-01-07 15:57:00,241.8444,242.1391,241.8045,242.0916,240361
2025-01-07 15:58:00,242.0841,242.0841,241.8544,241.9693,222312
2025-01-07 15:59:00,241.9643,242.0642,241.8444,241.9243,579747
2025-01-07 16:00:00,241.9443,242.0941,241.8344,241.9843,15319032
2025-01-07 16:01:00,242.0042,242.0642,241.9443,242.0142,109000
2025-01-07 16:02:00,242.0142,242.0342,241.9443,242.0342,48455
2025-01-07 16:03:00,242.0442,242.0642,241.9443,242.0142,26001
2025-01-07 16:04:00,242.0092,242.0642,241.9443,242.0242,537734
2025-01-07 16:05:00,242.0342,242.6993,241.9443,242.0442,53437
2025-01-07 16:06:00,242.0142,242.0542,241.9843,242.0542,543
2025-01-07 16:07:00,242.0192,242.0941,241.9443,241.9443,5391
2025-01-07 16:08:00,242.0542,242.0840,242.0042,242.0342,9960
2025-01-07 16:09:00,242.0342,242.0342,242.0042,242.0142,81
2025-01-07 16:10:00,242.0192,242.0442,242.0092,242.0242,3059
2025-01-07 16:11:00,242.0342,242.0342,241.9443,242.0242,6542
2025-01-07 16:12:00,242.0342,242.0342,241.9443,242.0242,506702
2025-01-07 16:13:00,242.0142,242.0342,242.0142,242.0335,1217
2025-01-07 16:14:00,242.0342,242.0342,242.0142,242.0342,3253
2025-01-07 16:15:00,241.9443,242.0342,241.9443,242.0192,446
2025-01-07 16:16:00,242.0242,242.0242,241.9992,242.0042,883
2025-01-07 16:17:00,242.0042,242.0042,241.9843,241.9939,1820
2025-01-07 16:18:00,241.9843,242.0342,241.9843,242.0242,5033
2025-01-07 16:19:00,242.0342,242.0342,241.9943,242.0142,431
2025-01-07 16:20:00,241.9443,242.0342,241.9443,242.0242,98205
2025-01-07 16:21:00,242.0242,242.0342,242.0142,242.0142,1095
2025-01-07 16:22:00,242.0192,242.0242,242.0042,242.0042,59
2025-01-07 16:23:00,242.0230,242.0242,242.0042,242.0092,478
2025-01-07 16:24:00,242.0142,242.0242,242.0042,242.0242,525
2025-01-07 16:25:00,242.0242,242.0242,242.0142,242.0142,288
2025-01-07 16:26:00,242.0242,242.0242,241.9443,242.0242,1867
2025-01-07 16:27:00,242.0142,242.0242,242.0042,242.0242,653
2025-01-07 16:28:00,242.0042,242.0242,241.9443,242.0142,594
2025-01-07 16:29:00,242.0142,242.0242,241.9543,242.0042,5306
2025-01-07 16:30:00,242.0242,242.0242,241.9543,241.9843,628
2025-01-07 16:31:00,241.9843,242.0242,241.9643,242.0242,198
2025-01-07 16:32:00,241.9942,241.9942,241.9743,241.9942,17
2025-01-07 16:33:00,241.9942,242.0231,241.9643,241.9942,87
2025-01-07 16:34:00,241.9942,242.0142,241.9643,241.9643,91
2025-01-07 16:35:00,241.9843,242.0242,241.9543,241.9543,1212
2025-01-07 16:36:00,241.9793,242.0142,241.9543,241.9543,248
2025-01-07 16:37:00,242.0142,242.0142,241.8894,241.9343,45071
2025-01-07 16:38:00,241.8894,241.9443,241.8544,241.9443,488788
2025-01-07 16:39:00,241.8994,241.9443,241.8544,241.8994,142
2025-01-07 16:40:00,241.9443,241.9443,241.8544,241.9043,91
2025-01-07 16:41:00,241.9143,241.9443,241.8544,241.8644,2373
2025-01-07 16:42:00,241.8644,241.9043,241.8544,241.9043,1672
2025-01-07 16:43:00,241.9043,241.9443,241.9043,241.9043,75
2025-01-07 16:44:00,241.9343,241.9343,241.8644,241.9093,378
2025-01-07 16:45:00,241.9343,241.9843,241.8994,241.8994,2814
2025-01-07 16:46:00,241.9140,241.9143,241.8844,241.9143,255
2025-01-07 16:47:00,241.8844,241.9143,241.8844,241.8994,374
2025-01-07 16:48:00,241.9143,241.9143,241.8844,241.8844,311
2025-01-07 16:49:00,241.8994,241.9843,241.8844,241.9143,1677
2025-01-07 16:50:00,241.9343,241.9843,241.8844,241.8844,157
2025-01-07 16:51:00,241.9343,241.9843,241.9143,241.9843,172
2025-01-07 16:52:00,241.9443,241.9843,241.9143,241.9493,190
2025-01-07 16:53:00,241.9831,241.9843,241.9143,241.9443,405
2025-01-07 16:54:00,241.8844,241.9243,241.8644,241.8944,1057
2025-01-07 16:55:00,241.8844,241.9843,241.8644,241.9143,1297
2025-01-07 16:56:00,241.9043,241.9843,241.8644,241.9543,331
2025-01-07 16:57:00,241.9243,241.9843,241.7645,241.8744,2614
2025-01-07 16:58:00,241.8344,241.9942,241.8244,241.9843,6872
2025-01-07 16:59:00,241.8644,241.9743,226.6147,241.8994,1151
2025-01-07 17:00:00,241.8286,241.9743,241.8244,241.8244,196
2025-01-07 17:01:00,241.8244,241.9643,241.8244,241.8644,746
2025-01-07 17:02:00,241.8844,241.9243,241.8644,241.8944,219
2025-01-07 17:03:00,241.9243,242.7996,241.9043,241.9493,261
2025-01-07 17:04:00,241.9443,241.9543,241.9293,241.9293,94
2025-01-07 17:05:00,241.9543,241.9543,233.0462,241.9293,112
2025-01-07 17:06:00,241.9043,247.3866,226.6147,241.9443,1529
2025-01-07 17:07:00,241.9043,241.9543,228.5467,241.9043,401
2025-01-07 17:08:00,241.9049,241.9543,233.0462,241.9293,604
2025-01-07 17:09:00,241.9343,241.9543,241.9043,241.9293,880
2025-01-07 17:10:00,241.9543,241.9543,241.9043,241.9543,94
2025-01-07 17:11:00,241.9343,241.9643,241.9243,241.9643,28
2025-01-07 17:12:00,241.9443,241.9643,241.9043,241.9443,608
2025-01-07 17:13:00,241.9643,241.9643,241.9043,241.9443,43
2025-01-07 17:14:00,241.9443,241.9443,241.8644,241.8834,2361
2025-01-07 17:15:00,241.8842,241.8844,241.8444,241.8828,245
2025-01-07 17:16:00,241.8844,241.8844,241.8244,241.8544,148
2025-01-07 17:17:00,241.8544,241.8644,241.8344,241.8544,150
2025-01-07 17:18:00,241.8544,241.8844,241.8444,241.8444,188
2025-01-07 17:19:00,241.8744,241.8744,241.8244,241.8444,399
2025-01-07 17:20:00,241.8444,241.8644,241.8344,241.8644,10
2025-01-07 17:21:00,241.8444,241.8744,241.8344,241.8544,4223
2025-01-07 17:22:00,241.8544,241.8844,241.8244,241.8444,730
2025-01-07 17:23:00,241.8444,241.8844,241.7645,241.7745,1771
2025-01-07 17:24:00,241.8194,241.8744,241.7645,241.8144,163
2025-01-07 17:25:00,241.8144,241.8544,241.7645,241.8144,127
2025-01-07 17:26:00,241.8095,241.8544,241.7645,241.7645,461
2025-01-07 17:27:00,241.7645,241.8544,241.7645,241.8095,528
2025-01-07 17:28:00,241.7645,241.8344,241.7645,241.8144,1433
2025-01-07 17:29:00,241.7995,241.8344,241.7662,241.7995,622
2025-01-07 17:30:00,241.7945,241.8244,241.7650,241.8244,572
2025-01-07 17:31:00,241.8095,241.8144,241.7645,241.7845,62
2025-01-07 17:32:00,241.8144,241.8144,241.7645,241.7895,1261
2025-01-07 17:33:00,241.7945,241.8045,241.7645,241.7845,1327
2025-01-07 17:34:00,241.7845,241.8045,241.7645,241.7649,407
2025-01-07 17:35:00,241.8244,241.8844,241.7672,241.7672,32
2025-01-07 17:36:00,241.7945,241.8244,241.7645,241.7645,609
2025-01-07 17:37:00,241.7945,241.8244,241.7645,241.7945,312
2025-01-07 17:38:00,241.7945,241.8844,241.7845,241.8244,211
2025-01-07 17:39:00,241.8244,241.8844,241.8244,241.8344,220
2025-01-07 17:40:00,241.8544,241.8844,241.7645,241.8552,824
2025-01-07 17:41:00,241.8331,241.8344,241.7845,241.8344,102
2025-01-07 17:42:00,241.8244,241.8344,241.8045,241.8194,149
2025-01-07 17:43:00,241.8194,241.8844,241.8045,241.8344,2356
2025-01-07 17:44:00,241.8844,241.8844,241.8045,241.8444,72
2025-01-07 17:45:00,241.8344,241.8844,241.8344,241.8444,90
2025-01-07 17:46:00,241.8544,241.8744,241.8045,241.8444,45
2025-01-07 17:47:00,241.8444,241.8844,241.8444,241.8844,195
2025-01-07 17:48:00,241.8644,241.8744,241.8444,241.8444,128
2025-01-07 17:49:00,241.8444,241.8844,241.8344,241.8594,134
2025-01-07 17:50:00,241.8744,241.8744,241.8344,241.8744,43
2025-01-07 17:51:00,241.8744,241.8844,241.8344,241.8744,601
2025-01-07 17:52:00,241.8844,241.9343,241.8344,241.8344,1111
2025-01-07 17:53:00,241.8844,241.9343,241.8344,241.8844,286
2025-01-07 17:54:00,241.8544,241.8844,241.8544,241.8644,34
2025-01-07 17:55:00,241.8644,241.9343,241.8344,241.9343,365
2025-01-07 17:56:00,241.8344,241.8644,241.8045,241.8644,68
2025-01-07 17:57:00,241.8344,241.9343,241.8045,241.8344,313
2025-01-07 17:58:00,241.8694,241.9343,241.8694,241.8694,115
2025-01-07 17:59:00,241.8344,241.9343,241.8045,241.8694,311
2025-01-07 18:00:00,241.8694,241.9343,241.8244,241.9343,81
2025-01-07 18:01:00,241.8045,241.9343,241.8045,241.8344,128
2025-01-07 18:02:00,241.8045,241.9343,241.7645,241.8394,658
2025-01-07 18:03:00,241.8394,241.8744,241.7445,241.8394,92
2025-01-07 18:04:00,241.7445,241.9243,241.7445,241.7545,222
2025-01-07 18:05:00,241.7745,241.9243,241.7545,241.8244,106
2025-01-07 18:06:00,241.8344,241.9243,241.7545,241.9243,357
2025-01-07 18:07:00,241.9243,241.9243,241.7445,241.7945,1396
2025-01-07 18:08:00,241.8344,241.9243,241.7345,241.8494,369
2025-01-07 18:09:00,241.7645,241.8494,241.7645,241.7895,1043
2025-01-07 18:10:00,241.7895,241.9343,241.7645,241.8694,157
2025-01-07 18:11:00,241.8694,241.8694,241.8045,241.8694,217
2025-01-07 18:12:00,241.9243,241.9343,241.8144,241.8694,124
2025-01-07 18:13:00,241.9343,241.9343,241.8144,241.8544,155
2025-01-07 18:14:00,241.8144,241.9043,241.8045,241.9043,247
2025-01-07 18:15:00,241.8544,241.9043,241.8144,241.9043,93
2025-01-07 18:16:00,241.8594,241.8594,241.8444,241.8594,16
2025-01-07 18:17:00,241.8594,241.9043,241.8144,241.8594,93
2025-01-07 18:18:00,241.8594,241.9043,241.8144,241.8594,18
2025-01-07 18:19:00,241.8544,241.8594,241.8144,241.8594,38
2025-01-07 18:20:00,241.8594,241.9042,241.8244,241.8594,663
2025-01-07 18:21:00,241.8594,241.9043,241.8244,241.8544,157
2025-01-07 18:22:00,241.8294,241.9443,241.8045,241.8544,5200
2025-01-07 18:23:00,241.8544,241.9043,241.8344,241.8544,17
2025-01-07 18:24:00,241.8544,241.9043,241.8045,241.8544,180
2025-01-07 18:25:00,241.8544,241.9343,241.8045,241.8045,669
2025-01-07 18:26:00,241.9043,241.9343,241.8058,241.9331,458
2025-01-07 18:27:00,241.8694,241.9343,241.8045,241.8544,560
2025-01-07 18:28:00,241.8844,241.9043,241.8070,241.8444,56
2025-01-07 18:29:00,241.8444,241.9018,241.8045,241.9018,30
2025-01-07 18:30:00,241.8344,241.9043,241.8045,241.8544,36
2025-01-07 18:31:00,241.8544,241.9043,241.8444,241.8694,41
2025-01-07 18:32:00,241.8694,241.9043,241.8045,241.8244,315
2025-01-07 18:33:00,241.8544,241.8844,241.8144,241.8644,348
2025-01-07 18:34:00,241.9043,241.9043,241.8222,241.8544,152
2025-01-07 18:35:00,241.8544,241.8844,241.8045,241.8544,364
2025-01-07 18:36:00,241.8544,241.9043,241.8045,241.8544,660
2025-01-07 18:37:00,241.8144,241.9043,241.8144,241.8544,383
2025-01-07 18:38:00,241.9043,241.9043,241.8045,241.8544,138
2025-01-07 18:39:00,241.8344,241.9043,241.8045,241.9043,200
2025-01-07 18:40:00,241.8544,241.9143,241.8045,241.9143,514
2025-01-07 18:41:00,241.8644,241.9243,241.8222,241.8644,171
2025-01-07 18:42:00,241.8644,241.9243,241.8544,241.8544,46
2025-01-07 18:43:00,241.8644,241.9243,241.8045,241.8644,183
2025-01-07 18:44:00,241.8644,241.9243,241.8644,241.8644,6
2025-01-07 18:45:00,241.8644,241.9143,241.7645,241.7645,316
2025-01-07 18:46:00,241.7945,241.8344,241.7646,241.8344,249
2025-01-07 18:47:00,241.7745,241.8143,241.7645,241.7745,291
2025-01-07 18:48:00,241.7645,241.8144,241.7645,241.8144,13
2025-01-07 18:49:00,241.7645,241.8144,241.7645,241.7895,251
2025-01-07 18:50:00,241.7895,241.8045,241.7645,241.7945,176
2025-01-07 18:51:00,241.8144,241.8144,241.7645,241.8045,159
2025-01-07 18:52:00,241.7895,241.8144,241.7845,241.7895,12
2025-01-07 18:53:00,241.8045,241.8144,241.7645,241.7845,338
2025-01-07 18:54:00,241.8045,241.8144,241.7645,241.7895,261
2025-01-07 18:55:00,241.7645,241.8144,241.7645,241.7895,483
2025-01-07 18:56:00,241.7646,241.8144,241.7645,241.7895,211
2025-01-07 18:57:00,241.7895,241.9043,241.7645,241.8844,1283
2025-01-07 18:58:00,241.8344,241.9043,241.7745,241.8844,260
2025-01-07 18:59:00,241.8394,241.9043,241.8244,241.8394,476
2025-01-07 19:00:00,241.8394,241.9243,241.8394,241.8844,15
2025-01-07 19:01:00,241.8494,241.9243,241.7745,241.8544,42
2025-01-07 19:02:00,241.8544,242.0242,241.7845,242.0242,1874
2025-01-07 19:03:00,241.9443,242.0242,241.9443,241.9543,24
2025-01-07 19:04:00,241.9843,241.9843,241.9443,241.9843,26
2025-01-07 19:05:00,241.9543,241.9942,241.7845,241.9143,515
2025-01-07 19:06:00,241.9193,241.9941,241.8844,241.8844,11
2025-01-07 19:07:00,241.9942,241.9942,241.8848,241.9942,117
2025-01-07 19:08:00,241.9543,241.9643,241.9143,241.9543,10
2025-01-07 19:09:00,241.9143,241.9843,241.9143,241.9143,12
2025-01-07 19:10:00,241.9143,241.9843,241.8444,241.9143,24
2025-01-07 19:11:00,241.9643,242.0142,241.9143,241.9543,358
2025-01-07 19:12:00,242.0342,242.0342,241.8444,241.9393,6
2025-01-07 19:13:00,242.0142,242.1940,241.8444,242.0192,661
2025-01-07 19:14:00,241.8444,242.1940,241.8444,242.0392,386
2025-01-07 19:15:00,242.1840,242.1940,242.0392,242.1241,80
2025-01-07 19:16:00,242.1341,242.4837,242.1341,242.3439,5578
2025-01-07 19:17:00,242.4737,242.4837,242.3139,242.3688,490
2025-01-07 19:18:00,242.4238,242.4238,242.3139,242.3389,1097
2025-01-07 19:19:00,242.3239,242.3638,242.3139,242.3139,3784
2025-01-07 19:20:00,242.3339,242.3339,241.8944,242.1840,38
2025-01-07 19:21:00,242.0498,242.3439,241.8944,242.1441,106
2025-01-07 19:22:00,242.1391,242.3339,241.9543,242.1441,31
2025-01-07 19:23:00,242.2340,242.3339,241.9543,242.2490,236
2025-01-07 19:24:00,242.1641,242.3339,242.1441,242.2540,1201
2025-01-07 19:25:00,242.3139,242.3638,242.1591,242.1591,1570
2025-01-07 19:26:00,242.3139,242.3239,241.9543,242.1591,37
2025-01-07 19:27:00,242.1591,242.3638,241.9543,242.1491,231
2025-01-07 19:28:00,242.3339,242.3638,241.9643,242.3638,1167
2025-01-07 19:29:00,242.3738,242.4537,242.3738,242.4338,2333
2025-01-07 19:30:00,242.4438,242.4537,242.4138,242.4338,2636
2025-01-07 19:31:00,242.3439,242.4338,242.3339,242.3339,27
2025-01-07 19:32:00,242.4338,242.4537,242.1724,242.1724,2082
2025-01-07 19:33:00,242.2739,242.4138,242.2590,242.2590,8
2025-01-07 19:34:00,242.3838,242.3838,242.1341,242.2540,220
2025-01-07 19:35:00,242.3678,242.3738,242.1541,242.1541,617
2025-01-07 19:36:00,242.2540,242.3239,242.1341,242.2340,187
2025-01-07 19:37:00,242.3638,242.4837,242.2340,242.4288,1195
2025-01-07 19:38:00,242.3738,242.4837,242.3738,242.4837,555
2025-01-07 19:39:00,242.4338,242.4737,242.3739,242.3850,789
2025-01-07 19:40:00,242.4937,242.4937,242.4338,242.4937,16
2025-01-07 19:41:00,242.4338,242.4937,242.3738,242.4338,153
2025-01-07 19:42:00,242.4338,242.4937,242.3738,242.4338,31
2025-01-07 19:43:00,242.4937,242.4937,242.4537,242.4837,95
2025-01-07 19:44:00,242.4687,242.4937,242.3738,242.4537,85
2025-01-07 19:45:00,242.4637,242.5836,242.3790,242.5836,558
2025-01-07 19:46:00,242.5836,242.5836,242.4388,242.5087,241
2025-01-07 19:47:00,242.4342,242.5337,242.4342,242.4837,85
2025-01-07 19:48:00,242.5337,242.5836,242.4847,242.5087,137
2025-01-07 19:49:00,242.4375,242.5836,242.4338,242.4338,29
2025-01-07 19:50:00,242.5337,242.5736,242.4038,242.4987,2439
2025-01-07 19:51:00,242.5736,242.5736,242.3439,242.4138,1102
2025-01-07 19:52:00,242.4837,242.5187,242.3588,242.3588,626
2025-01-07 19:53:00,242.3588,242.4737,242.2340,242.4138,134
2025-01-07 19:54:00,242.3638,242.4837,242.2985,242.3738,775
2025-01-07 19:55:00,242.3738,242.4837,242.3339,242.3464,951
2025-01-07 19:56:00,242.4088,242.4737,242.3838,242.4338,114
2025-01-07 19:57:00,242.4837,242.4837,242.4238,242.4238,253
2025-01-07 19:58:00,242.4537,242.5836,242.4338,242.5464,504
2025-01-07 19:59:00,242.5536,242.5836,242.4537,242.4537,2344
2025-01-08 04:00:00,241.1552,242.5337,241.1552,241.9343,1747
2025-01-08 04:01:00,242.0042,242.3039,241.9343,242.3039,226
2025-01-08 04:02:00,242.2440,242.3838,242.0542,242.1741,187
2025-01-08 04:03:00,242.1940,242.2340,242.1441,242.2240,193
2025-01-08 04:04:00,242.2140,242.2340,242.1541,242.2140,850
2025-01-08 04:05:00,242.2340,242.3039,242.2140,242.3039,670
2025-01-08 04:06:00,242.3239,242.4138,242.2739,242.4138,185
2025-01-08 04:07:00,242.3339,242.4338,242.3339,242.4338,222
2025-01-08 04:08:00,242.4338,242.4737,242.4338,242.4737,338
2025-01-08 04:09:00,242.4537,242.4837,242.4038,242.4438,389
2025-01-08 04:10:00,242.4837,242.5337,242.4837,242.5237,68
2025-01-08 04:11:00,242.5237,242.5237,242.4338,242.4338,248
2025-01-08 04:12:00,242.4438,242.4438,242.4038,242.4238,2216
2025-01-08 04:13:00,242.4038,242.4038,242.4038,242.4038,11
2025-01-08 04:14:00,242.4038,242.4038,242.3638,242.3638,63
2025-01-08 04:15:00,242.3938,242.3938,242.3239,242.3339,421
2025-01-08 04:16:00,242.3339,242.3339,242.3039,242.3339,63
2025-01-08 04:17:00,242.3938,242.3938,242.3738,242.3738,18
2025-01-08 04:18:00,242.3938,242.4038,242.3938,242.3938,10
2025-01-08 04:19:00,242.4038,242.4038,242.3738,242.3838,38
2025-01-08 04:20:00,242.3838,242.3838,242.3439,242.3439,73
2025-01-08 04:21:00,242.3838,242.3838,242.3439,242.3838,34
2025-01-08 04:22:00,242.3938,242.3938,242.3638,242.3638,91
2025-01-08 04:23:00,242.3838,242.3938,242.3638,242.3638,104
2025-01-08 04:24:00,242.3838,242.3938,242.3539,242.3838,43
2025-01-08 04:25:00,242.3638,242.4038,242.3638,242.3938,442
2025-01-08 04:26:00,242.3938,242.4837,242.3539,242.3539,2143
2025-01-08 04:27:00,242.4038,242.4238,242.3439,242.4238,14
2025-01-08 04:28:00,242.3838,242.4038,242.2939,242.2939,488
2025-01-08 04:29:00,242.3339,242.3838,242.2839,242.3139,66
2025-01-08 04:30:00,242.3339,242.4038,242.3339,242.4038,78
2025-01-08 04:31:00,242.3838,242.3838,242.3239,242.3239,12
2025-01-08 04:32:00,242.3539,242.3738,242.2839,242.3638,115
2025-01-08 04:33:00,242.3539,242.3738,242.3039,242.3439,56
2025-01-08 04:34:00,242.3139,242.3439,242.2839,242.3439,22
2025-01-08 04:35:00,242.2939,242.3638,242.2839,242.3638,30
2025-01-08 04:36:00,242.3539,242.3738,242.2839,242.2939,369
2025-01-08 04:37:00,242.3838,242.3838,242.3339,242.3339,46
2025-01-08 04:38:00,242.3339,242.3838,242.3339,242.3638,27
2025-01-08 04:39:00,242.3339,242.3638,242.3039,242.3039,100
2025-01-08 04:40:00,242.3039,242.3638,242.2939,242.2939,127
2025-01-08 04:41:00,242.3139,242.3838,242.3139,242.3239,101
2025-01-08 04:42:00,242.3239,242.3738,242.3139,242.3339,8
2025-01-08 04:43:00,242.3738,242.3738,242.3738,242.3738,9
2025-01-08 04:44:00,242.3788,242.3938,242.3439,242.3738,213
2025-01-08 04:45:00,242.3838,242.3838,242.3838,242.3838,98
2025-01-08 04:46:00,242.3738,242.3838,242.3439,242.3738,79
2025-01-08 04:47:00,242.3738,242.3838,242.3439,242.3838,280
2025-01-08 04:48:00,242.3838,242.4038,242.3638,242.3638,41
2025-01-08 04:49:00,242.3738,242.3838,242.3638,242.3638,114
2025-01-08 04:50:00,242.3738,242.3738,242.3638,242.3738,117
2025-01-08 04:51:00,242.3738,242.3738,242.3439,242.3738,47
2025-01-08 04:52:00,242.3738,242.3738,242.3539,242.3638,35
2025-01-08 04:53:00,242.3638,242.3738,242.3638,242.3738,150
2025-01-08 04:54:00,242.3738,242.3938,242.3638,242.3938,1092
2025-01-08 04:55:00,242.3838,242.3938,242.3838,242.3938,202
2025-01-08 04:56:00,242.3938,242.3938,242.3838,242.3838,29
2025-01-08 04:57:00,242.3738,242.3938,242.3738,242.3838,3
2025-01-08 04:58:00,242.4038,242.4238,242.3938,242.3938,404
2025-01-08 04:59:00,242.4138,242.4837,242.4138,242.4238,613
2025-01-08 05:00:00,242.4737,242.4837,242.4338,242.4837,17
2025-01-08 05:02:00,242.4837,242.5037,242.4837,242.4837,83
2025-01-08 05:03:00,242.4837,242.5536,242.4737,242.5536,22
2025-01-08 05:04:00,242.5137,242.5636,242.5137,242.5337,84
2025-01-08 05:05:00,242.5337,242.5636,242.5037,242.5636,109
2025-01-08 05:06:00,242.5636,242.5636,242.4837,242.4837,14
2025-01-08 05:07:00,242.5337,242.5636,242.5037,242.5337,573
2025-01-08 05:08:00,242.5636,242.5836,242.5436,242.5636,19
2025-01-08 05:09:00,242.5536,242.5636,242.4537,242.5436,659
2025-01-08 05:10:00,242.5337,242.5436,242.4837,242.5436,13
2025-01-08 05:11:00,242.5337,242.5337,242.4637,242.4637,10
2025-01-08 05:12:00,242.5137,242.5237,242.4438,242.4637,131
2025-01-08 05:13:00,242.4837,242.4837,242.4438,242.4438,7
2025-01-08 05:14:00,242.4537,242.5337,242.4537,242.4737,217
2025-01-08 05:15:00,242.5237,242.5237,242.4837,242.4837,15
2025-01-08 05:16:00,242.5237,242.5237,242.4737,242.4737,5
2025-01-08 05:17:00,242.5237,242.5237,242.4637,242.4637,17
2025-01-08 05:18:00,242.4537,242.4737,242.4537,242.4737,70
2025-01-08 05:19:00,242.4537,242.5337,242.4537,242.5337,133
2025-01-08 05:20:00,242.4637,242.4837,242.4438,242.4737,256
2025-01-08 05:21:00,242.4737,242.4737,242.4537,242.4737,6
2025-01-08 05:22:00,242.4637,242.5137,242.4438,242.5137,19
2025-01-08 05:23:00,242.5137,242.5137,242.5137,242.5137,12
2025-01-08 05:24:00,242.4837,242.5037,242.4438,242.5037,199
2025-01-08 05:25:00,242.5037,242.5037,242.4537,242.4537,6
2025-01-08 05:26:00,242.4737,242.5337,242.4737,242.5337,491
2025-01-08 05:27:00,242.5137,242.5237,242.4737,242.4737,11
2025-01-08 05:28:00,242.5137,242.5137,242.5137,242.5137,2
2025-01-08 05:29:00,242.5037,242.5237,242.5037,242.5237,18
2025-01-08 05:30:00,242.5137,242.5137,242.5037,242.5037,28
2025-01-08 05:31:00,242.5037,242.5936,242.4937,242.5337,503
2025-01-08 05:32:00,242.5436,242.5536,242.5037,242.5037,53
2025-01-08 05:33:00,242.4937,242.5137,242.4937,242.5037,91
2025-01-08 05:34:00,242.5037,242.5337,242.4937,242.5137,60
2025-01-08 05:35:00,242.5337,242.5337,242.5137,242.5137,4
2025-01-08 05:36:00,242.5137,242.5836,242.5137,242.5736,77
2025-01-08 05:37:00,242.5836,242.5836,242.5536,242.5736,53
2025-01-08 05:38:00,242.5736,242.5936,242.5736,242.5936,28
2025-01-08 05:39:00,242.5936,242.6036,242.5836,242.5936,112
2025-01-08 05:40:00,242.5936,242.6236,242.5836,242.6036,42
2025-01-08 05:41:00,242.6236,242.6236,242.6036,242.6036,21
2025-01-08 05:42:00,242.5936,242.6036,242.5936,242.5936,5
2025-01-08 05:43:00,242.5836,242.6036,242.5836,242.5936,10
2025-01-08 05:44:00,242.6236,242.6236,242.6036,242.6036,23
2025-01-08 05:45:00,242.6136,242.6236,242.6036,242.6236,36
2025-01-08 05:46:00,242.6036,242.6036,242.5836,242.6036,49
2025-01-08 05:47:00,242.6036,242.6036,242.5936,242.5936,17
2025-01-08 05:48:00,242.5836,242.5936,242.5736,242.5936,101
2025-01-08 05:49:00,242.5936,242.5936,242.5736,242.5936,43
2025-01-08 05:50:00,242.5936,242.6036,242.5736,242.5736,38
2025-01-08 05:51:00,242.5836,242.5936,242.5736,242.5936,27
2025-01-08 05:52:00,242.5736,242.5736,242.5636,242.5636,36
2025-01-08 05:53:00,242.5736,242.5736,242.5736,242.5736,43
2025-01-08 05:54:00,242.5936,242.5936,242.5736,242.5736,20
2025-01-08 05:55:00,242.5736,242.5736,242.5736,242.5736,21
2025-01-08 05:56:00,242.5736,242.6036,242.5736,242.5836,171
2025-01-08 05:57:00,242.6136,242.6136,242.6136,242.6136,1
2025-01-08 05:58:00,242.6136,242.6136,242.5836,242.5836,107
2025-01-08 05:59:00,242.6136,242.6535,242.5836,242.5936,1341
2025-01-08 06:00:00,242.5736,242.6735,242.5736,242.6435,360
2025-01-08 06:01:00,242.6635,242.6635,242.6136,242.6136,46
2025-01-08 06:02:00,242.6435,242.6635,242.6335,242.6635,47
2025-01-08 06:03:00,242.6435,242.6635,242.6435,242.6635,26
2025-01-08 06:04:00,242.6635,242.6635,242.6136,242.6435,151
2025-01-08 06:05:00,242.6635,242.6635,242.6335,242.6335,41
2025-01-08 06:06:00,242.6136,242.6136,242.5137,242.5237,982
2025-01-08 06:07:00,242.5237,242.5337,242.5137,242.5337,36
2025-01-08 06:09:00,242.5337,242.5636,242.5337,242.5536,380
2025-01-08 06:10:00,242.5536,242.5536,242.5536,242.5536,50
2025-01-08 06:11:00,242.5536,242.5536,242.4637,242.4637,198
2025-01-08 06:12:00,242.5037,242.5436,242.5037,242.5337,8
2025-01-08 06:13:00,242.5337,242.5337,242.5137,242.5137,6
2025-01-08 06:14:00,242.5337,242.5337,242.5237,242.5237,61
2025-01-08 06:15:00,242.5436,242.5436,242.5137,242.5237,11
2025-01-08 06:16:00,242.5237,242.5237,242.4837,242.4837,22
2025-01-08 06:17:00,242.4737,242.5436,242.4637,242.5436,106
2025-01-08 06:18:00,242.5436,242.5436,242.5037,242.5436,6
2025-01-08 06:19:00,242.5436,242.5436,242.4937,242.4937,13
2025-01-08 06:20:00,242.5337,242.5337,242.3239,242.3339,1885
2025-01-08 06:21:00,242.3539,242.4937,242.3539,242.3638,52
2025-01-08 06:22:00,242.4038,242.4038,242.3439,242.3439,157
2025-01-08 06:23:00,242.4637,242.4637,242.3339,242.3439,21
2025-01-08 06:24:00,242.4637,242.4637,242.3539,242.4537,8
2025-01-08 06:25:00,242.4537,242.4537,242.2939,242.2939,566
2025-01-08 06:26:00,242.2939,242.3039,242.1641,242.1940,662
2025-01-08 06:27:00,242.1940,242.2340,241.9043,241.9043,1471
2025-01-08 06:28:00,241.8844,241.8844,241.7345,241.7345,4708
2025-01-08 06:29:00,241.7545,241.8344,241.7445,241.8344,219
2025-01-08 06:30:00,241.8045,241.8344,241.4449,241.4548,2715
2025-01-08 06:31:00,241.4449,241.5048,241.0852,241.1352,1817
2025-01-08 06:32:00,241.1851,241.2451,240.9154,240.9654,1829
2025-01-08 06:33:00,241.1252,241.3350,241.0553,241.3350,1559
2025-01-08 06:34:00,241.3250,241.3250,241.2850,241.2850,54
2025-01-08 06:35:00,241.3250,241.3250,241.1851,241.1851,2720
2025-01-08 06:36:00,241.1452,241.1751,241.0353,241.1352,136
2025-01-08 06:37:00,241.1152,241.1352,241.0053,241.0053,200
2025-01-08 06:38:00,240.9554,241.1352,240.9554,241.1052,1161
2025-01-08 06:39:00,240.9754,241.0553,240.7556,240.8555,1969
2025-01-08 06:40:00,240.8755,240.9054,240.8355,240.8755,104
2025-01-08 06:41:00,240.8955,241.0653,240.8655,240.8755,180
2025-01-08 06:42:00,240.8855,241.0353,240.8655,241.0353,327
2025-01-08 06:43:00,241.0453,241.1252,241.0353,241.0952,194
2025-01-08 06:44:00,241.1252,241.1951,241.0852,241.1252,847
2025-01-08 06:45:00,241.2151,241.3949,241.2151,241.3949,431
2025-01-08 06:46:00,241.3250,241.4349,241.2950,241.4049,500
2025-01-08 06:47:00,241.4049,241.4049,241.2950,241.3849,33
2025-01-08 06:48:00,241.3050,241.4349,241.3050,241.3949,112
2025-01-08 06:49:00,241.4349,241.5447,241.4149,241.5048,754
2025-01-08 06:50:00,241.4349,241.5048,241.4149,241.4548,117
2025-01-08 06:51:00,241.5048,241.6147,241.4648,241.6047,1151
2025-01-08 06:52:00,241.5847,241.5847,241.5048,241.5148,309
2025-01-08 06:53:00,241.5747,241.5947,241.5747,241.5947,391
2025-01-08 06:54:00,241.5647,241.5747,241.5148,241.5647,22
2025-01-08 06:55:00,241.5348,241.5348,241.5148,241.5148,37
2025-01-08 06:56:00,241.5447,241.6147,241.5348,241.5447,1974
2025-01-08 06:57:00,241.5947,241.6147,241.5447,241.5547,141
2025-01-08 06:58:00,241.5447,241.6147,241.5447,241.6047,863
2025-01-08 06:59:00,241.6047,241.6047,241.5447,241.5747,21
2025-01-08 07:00:00,241.5248,241.6147,241.4748,241.4848,713
2025-01-08 07:01:00,241.4748,241.4748,241.2850,241.3350,1833
2025-01-08 07:02:00,241.4049,241.4349,241.2950,241.4149,514
2025-01-08 07:03:00,241.4149,241.4349,241.4049,241.4149,57
2025-01-08 07:04:00,241.4149,241.4149,241.3749,241.3749,3192
2025-01-08 07:05:00,241.3749,241.4349,241.3749,241.4349,970
2025-01-08 07:06:00,241.4748,241.5148,241.4449,241.4449,342
2025-01-08 07:07:00,241.4449,241.4648,241.4149,241.4648,971
2025-01-08 07:08:00,241.4449,241.5048,241.3949,241.4449,383
2025-01-08 07:09:00,241.4049,241.4948,241.4049,241.4349,828
2025-01-08 07:10:00,241.4648,241.6047,241.4349,241.5847,941
2025-01-08 07:11:00,241.5547,241.5547,241.4848,241.4948,299
2025-01-08 07:12:00,241.4948,241.4948,241.3849,241.3849,1388
2025-01-08 07:13:00,241.3849,241.3849,241.2850,241.3450,1353
2025-01-08 07:14:00,241.3150,241.3150,241.2351,241.3050,1952
2025-01-08 07:15:00,241.2551,241.2650,241.1152,241.1152,2489
2025-01-08 07:16:00,241.1252,241.1652,240.9854,240.9854,2660
2025-01-08 07:17:00,240.9953,241.0253,240.8355,240.9354,7153
2025-01-08 07:18:00,240.9254,240.9354,240.6158,240.6258,9161
2025-01-08 07:19:00,240.6457,240.7256,240.6457,240.6857,712
2025-01-08 07:20:00,240.6857,240.8355,240.6457,240.8355,6211
2025-01-08 07:21:00,240.8555,240.9354,240.8455,240.8655,2030
2025-01-08 07:22:00,240.9154,240.9154,240.8355,240.8455,234
2025-01-08 07:23:00,240.8755,240.9354,240.8255,240.8255,1514
2025-01-08 07:24:00,240.8255,240.8355,240.6857,240.6857,2071
2025-01-08 07:25:00,240.6557,240.6857,240.6457,240.6457,3296
2025-01-08 07:26:00,240.6457,240.8355,240.6457,240.7856,4043
2025-01-08 07:27:00,240.7356,240.8255,240.6457,240.7256,911
2025-01-08 07:28:00,240.7256,240.7356,240.6557,240.6557,575
2025-01-08 07:29:00,240.6957,240.7356,240.6258,240.7256,2407
2025-01-08 07:30:00,240.7356,240.7356,240.6857,240.6857,154
2025-01-08 07:31:00,240.7256,240.7256,240.6058,240.6657,1467
2025-01-08 07:32:00,240.6158,240.7157,240.5658,240.5658,411
2025-01-08 07:33:00,240.5758,240.6258,240.5458,240.5658,1551
2025-01-08 07:34:00,240.5458,240.5458,240.4459,240.4759,1275
2025-01-08 07:35:00,240.4759,240.7356,240.4759,240.5758,5361
2025-01-08 07:36:00,240.6457,240.7356,240.5858,240.6058,952
2025-01-08 07:37:00,240.6258,240.8255,240.6058,240.7656,852
2025-01-08 07:38:00,240.7956,241.0353,240.7956,240.9054,1931
2025-01-08 07:39:00,240.9754,240.9854,240.7556,240.7556,614
2025-01-08 07:40:00,240.8056,240.8056,240.6657,240.7356,1149
2025-01-08 07:41:00,240.7356,240.7456,240.4659,240.5458,2723
2025-01-08 07:42:00,240.5458,240.5958,240.4559,240.5658,1998
2025-01-08 07:43:00,240.5958,240.7256,240.5458,240.6757,1151
2025-01-08 07:44:00,240.7356,240.9554,240.7356,240.9354,2114
2025-01-08 07:45:00,240.9054,240.9054,240.8056,240.8755,113
2025-01-08 07:46:00,240.8555,240.8555,240.7556,240.7556,234
2025-01-08 07:47:00,240.7456,240.7556,240.7057,240.7256,928
2025-01-08 07:48:00,240.7556,240.8555,240.7356,240.7356,627
2025-01-08 07:49:00,240.7356,240.7456,240.6258,240.6357,1179
2025-01-08 07:50:00,240.8056,240.8056,240.4659,240.5059,1421
2025-01-08 07:51:00,240.6058,240.6457,240.5159,240.5259,223
2025-01-08 07:52:00,240.5858,240.6957,240.5458,240.5858,1425
2025-01-08 07:53:00,240.5858,240.6657,240.5758,240.6657,68
2025-01-08 07:54:00,240.5758,240.6258,240.5758,240.6058,226
2025-01-08 07:55:00,240.5858,240.6457,240.5858,240.6058,1629
2025-01-08 07:56:00,240.5958,240.6258,240.5858,240.5858,251
2025-01-08 07:57:00,240.6058,240.6058,240.5358,240.5458,785
2025-01-08 07:58:00,240.5358,240.5858,240.5259,240.5658,497
2025-01-08 07:59:00,240.5259,240.5758,240.5159,240.5358,325
2025-01-08 08:00:00,241.9215,242.9820,240.2362,242.4916,52517
2025-01-08 08:01:00,242.5042,242.7734,240.4759,241.3150,5231
2025-01-08 08:02:00,240.6957,241.9443,240.4709,241.9443,4385
2025-01-08 08:03:00,241.3050,241.9443,241.2001,241.3350,1911
2025-01-08 08:04:00,241.2051,241.3350,241.0653,241.1652,1941
2025-01-08 08:05:00,241.1352,241.9443,240.8455,241.1452,3324
2025-01-08 08:06:00,241.2201,241.2700,241.0553,241.2251,16733
2025-01-08 08:07:00,241.1302,241.2251,241.0653,241.0902,3071
2025-01-08 08:08:00,241.1352,241.2151,240.8755,241.2151,106
2025-01-08 08:09:00,241.2051,241.2251,240.9036,241.2251,2933
2025-01-08 08:10:00,241.0453,241.1452,240.9054,240.9554,323
2025-01-08 08:11:00,241.0353,241.1951,240.9354,241.1002,731
2025-01-08 08:12:00,241.1452,241.1530,241.0053,241.0053,392
2025-01-08 08:13:00,241.0203,241.0852,241.0053,241.0653,133
2025-01-08 08:14:00,241.0827,241.0852,240.9854,241.0852,733
2025-01-08 08:15:00,241.0852,241.2850,241.0303,241.1352,3494
2025-01-08 08:16:00,241.1452,241.2838,241.0739,241.0852,245
2025-01-08 08:17:00,241.1152,241.2650,241.0353,241.2351,347
2025-01-08 08:18:00,241.0753,241.2053,240.9854,241.1102,3871
2025-01-08 08:19:00,241.1452,241.2351,240.9854,241.2351,564
2025-01-08 08:20:00,241.2351,241.2351,241.0353,241.0803,1332
2025-01-08 08:21:00,241.1052,241.1751,240.9854,241.0952,632
2025-01-08 08:22:00,241.1352,241.2351,240.9859,241.1352,950
2025-01-08 08:23:00,241.1352,241.6446,241.0852,241.6047,6967
2025-01-08 08:24:00,241.6546,241.7146,241.3749,241.7046,2723
2025-01-08 08:25:00,241.6946,241.7046,241.5048,241.5697,402
2025-01-08 08:26:00,241.5847,241.6346,241.5048,241.5597,1383
2025-01-08 08:27:00,241.5248,241.8244,241.5248,241.7745,6208
2025-01-08 08:28:00,241.8144,241.9343,241.6446,241.7845,847
2025-01-08 08:29:00,241.7545,241.7545,241.5447,241.6197,2327
2025-01-08 08:30:00,241.6047,241.9543,241.5947,241.7595,3533
2025-01-08 08:31:00,241.7245,241.9243,241.6446,241.7445,3324
2025-01-08 08:32:00,241.7445,241.9243,241.7146,241.8322,3046
2025-01-08 08:33:00,241.8344,241.8344,241.4618,241.5248,3139
2025-01-08 08:34:00,241.5947,241.5947,241.2351,241.3749,3903
2025-01-08 08:35:00,241.3899,241.5447,241.2351,241.3350,596
2025-01-08 08:36:00,241.3100,241.6846,241.2950,241.5248,2925
2025-01-08 08:37:00,241.5148,241.6946,241.2551,241.4349,598
2025-01-08 08:38:00,241.4349,241.4848,241.1951,241.3151,714
2025-01-08 08:39:00,241.3150,241.4548,241.2351,241.2451,1355
2025-01-08 08:40:00,241.2551,241.4848,241.2351,241.3250,1307
2025-01-08 08:41:00,241.2850,241.4748,241.2351,241.2473,3294
2025-01-08 08:42:00,241.3649,241.4848,241.2650,241.3699,867
2025-01-08 08:43:00,241.3949,241.4748,241.3050,241.4648,1851
2025-01-08 08:44:00,241.4748,241.4948,241.2669,241.3350,3177
2025-01-08 08:45:00,241.2551,241.3549,241.1751,241.2850,90
2025-01-08 08:46:00,241.2351,241.4848,241.2351,241.4848,2813
2025-01-08 08:47:00,241.5547,241.5647,241.3849,241.3849,1073
2025-01-08 08:48:00,241.4149,241.5847,241.3142,241.4349,213
2025-01-08 08:49:00,241.4349,241.6545,241.4349,241.6035,203
2025-01-08 08:50:00,241.5048,241.6346,241.4648,241.5397,745
2025-01-08 08:51:00,241.4648,241.5847,241.4149,241.4948,175
2025-01-08 08:52:00,241.5148,241.5348,241.4149,241.5348,304
2025-01-08 08:53:00,241.4748,241.5148,241.3250,241.3564,583
2025-01-08 08:54:00,241.4149,241.5547,241.4081,241.5547,1517
2025-01-08 08:55:00,241.4848,241.6346,241.4548,241.6346,1392
2025-01-08 08:56:00,241.6346,241.7345,241.5322,241.7345,1298
2025-01-08 08:57:00,241.7345,241.8244,241.6396,241.7326,1658
2025-01-08 08:58:00,241.7345,241.7345,241.5547,241.7245,191
2025-01-08 08:59:00,241.6596,241.8344,241.6596,241.8344,1363
2025-01-08 09:00:00,241.8344,241.9243,241.7392,241.8944,419
2025-01-08 09:01:00,241.8144,241.8844,241.6946,241.8444,409
2025-01-08 09:02:00,241.7146,241.8444,241.5547,241.7146,2502
2025-01-08 09:03:00,241.7146,241.8144,241.5647,241.6546,659
2025-01-08 09:04:00,241.5547,241.7945,241.4948,241.5048,456
2025-01-08 09:05:00,241.6311,241.6311,241.3549,241.4748,978
2025-01-08 09:06:00,241.4848,241.5789,241.2551,241.4049,812
2025-01-08 09:07:00,241.4349,241.5547,241.3350,241.4449,368
2025-01-08 09:08:00,241.4149,241.5547,241.2451,241.4748,385
2025-01-08 09:09:00,241.4149,241.5447,241.2989,241.2989,1622
2025-01-08 09:10:00,241.4349,241.5447,241.3050,241.3949,330
2025-01-08 09:11:00,241.3999,241.5547,241.3050,241.4798,1123
2025-01-08 09:12:00,241.5547,241.7545,241.4149,241.7046,2716
2025-01-08 09:13:00,241.5547,241.7046,241.3649,241.6247,1552
2025-01-08 09:14:00,241.4848,241.5447,241.3849,241.4548,3359
2025-01-08 09:15:00,241.4848,241.5779,241.3050,241.4349,139
2025-01-08 09:16:00,241.3050,241.5747,241.3050,241.4249,817
2025-01-08 09:17:00,241.4249,241.4249,241.3350,241.3949,172
2025-01-08 09:18:00,241.3949,241.5148,241.3949,241.4848,1196
2025-01-08 09:19:00,241.4449,241.5647,241.4049,241.4449,1019
2025-01-08 09:20:00,241.4149,241.4848,241.3949,241.4449,1446
2025-01-08 09:21:00,241.4449,241.4748,241.2850,241.3350,1133
2025-01-08 09:22:00,241.3350,241.4249,241.2351,241.2351,1724
2025-01-08 09:23:00,241.3150,241.3723,241.2650,241.2950,1843
2025-01-08 09:24:00,241.2470,241.3350,241.0852,241.1751,2265
2025-01-08 09:25:00,241.2850,241.5348,240.9354,241.2444,5881
2025-01-08 09:26:00,241.2451,241.4948,241.2251,241.4725,4263
2025-01-08 09:27:00,241.2551,241.4748,241.0353,241.4646,8023
2025-01-08 09:28:00,241.5048,241.8135,241.4049,241.7585,11644
2025-01-08 09:29:00,241.7745,241.7945,241.6147,241.7345,4657
2025-01-08 09:30:00,241.6546,241.7345,241.2351,241.4199,673283
2025-01-08 09:31:00,241.4648,241.5446,240.9354,241.2101,181150
2025-01-08 09:32:00,241.2251,241.3050,240.8555,240.8805,136318
2025-01-08 09:33:00,240.8805,241.0902,240.5458,240.5583,209409
2025-01-08 09:34:00,240.5758,241.0851,240.5037,240.9854,130429
2025-01-08 09:35:00,241.0003,241.1052,240.4060,240.4260,166724
2025-01-08 09:36:00,240.4160,240.6743,240.1463,240.6058,162507
2025-01-08 09:37:00,240.5972,240.6848,240.1213,240.1463,91261
2025-01-08 09:38:00,240.1363,240.3760,239.9865,240.3560,106040
2025-01-08 09:39:00,240.3560,240.3760,240.0464,240.0564,102614
2025-01-08 09:40:00,240.0764,240.3754,239.7867,240.2861,199222
2025-01-08 09:41:00,240.3061,240.5858,240.3061,240.5059,135566
2025-01-08 09:42:00,240.5059,240.6857,240.5059,240.5958,126722
2025-01-08 09:43:00,240.6158,240.9054,240.5958,240.8405,111657
2025-01-08 09:44:00,240.8405,240.9654,240.6657,240.8955,96908
2025-01-08 09:45:00,240.8955,241.0253,240.8255,240.8755,93360
2025-01-08 09:46:00,240.8755,240.9154,240.4215,240.4859,108372
2025-01-08 09:47:00,240.4959,240.9253,240.3860,240.8555,111681
2025-01-08 09:48:00,240.8255,240.9854,240.6957,240.9454,84628
2025-01-08 09:49:00,240.9454,241.3749,240.8755,241.2650,267253
2025-01-08 09:50:00,241.2650,241.2750,240.6857,240.9354,153519
2025-01-08 09:51:00,240.9454,241.1652,240.8498,241.1052,72368
2025-01-08 09:52:00,241.0753,241.0753,240.6357,240.7107,68778
2025-01-08 09:53:00,240.6957,240.8188,240.4659,240.4659,78118
2025-01-08 09:54:00,240.4559,240.7293,240.4010,240.5858,81231
2025-01-08 09:55:00,240.6258,240.6957,240.4759,240.6857,61522
2025-01-08 09:56:00,240.6757,240.7756,240.4260,240.7682,83789
2025-01-08 09:57:00,240.7556,240.8056,240.6158,240.6857,57977
2025-01-08 09:58:00,240.7057,240.8020,240.4559,240.7906,67016
2025-01-08 09:59:00,240.7956,240.8255,240.5658,240.6643,102403
2025-01-08 10:00:00,240.6807,240.9254,240.6058,240.9050,99105
2025-01-08 10:01:00,240.8955,241.0253,240.7157,240.7956,106830
2025-01-08 10:02:00,240.8155,241.0952,240.8155,241.0696,60670
2025-01-08 10:03:00,241.0603,241.2451,241.0253,241.1588,122451
2025-01-08 10:04:00,241.1252,241.1465,240.9054,241.0378,95694
2025-01-08 10:05:00,241.0303,241.0453,240.8355,240.9882,66740
2025-01-08 10:06:00,240.9854,241.0353,240.7256,240.8555,71601
2025-01-08 10:07:00,240.8555,240.9354,240.6357,240.8605,63405
2025-01-08 10:08:00,240.8605,240.9953,240.7656,240.8455,42906
2025-01-08 10:09:00,240.8555,240.9754,240.7856,240.8675,73167
2025-01-08 10:10:00,240.8855,241.1652,240.8855,241.0453,103482
2025-01-08 10:11:00,241.0053,241.2287,240.9654,241.1452,55804
2025-01-08 10:12:00,241.1452,241.4548,240.9854,241.3649,89512
2025-01-08 10:13:00,241.3549,241.4848,240.9054,240.9654,86230
2025-01-08 10:14:00,240.9654,241.3250,240.8755,241.2381,103672
2025-01-08 10:15:00,241.2650,241.4748,241.1951,241.3977,64536
2025-01-08 10:16:00,241.4149,241.5248,241.2352,241.4948,75980
2025-01-08 10:17:00,241.5098,241.6546,241.4049,241.6396,86091
2025-01-08 10:18:00,241.6247,241.9038,241.5947,241.8867,175425
2025-01-08 10:19:00,241.8844,242.0342,241.7786,241.9643,96530
2025-01-08 10:20:00,241.9643,241.9743,241.5759,241.5847,71893
2025-01-08 10:21:00,241.5947,241.8944,241.5610,241.8244,57203
2025-01-08 10:22:00,241.8344,241.8444,241.5344,241.7745,50764
2025-01-08 10:23:00,241.7944,242.2640,241.7944,242.2640,190211
2025-01-08 10:24:00,242.2440,242.4737,242.2060,242.3439,186761
2025-01-08 10:25:00,242.3139,242.3938,242.2140,242.2240,95590
2025-01-08 10:26:00,242.2240,242.5991,242.1441,242.5342,64458
2025-01-08 10:27:00,242.5636,242.5986,242.3734,242.4837,88096
2025-01-08 10:28:00,242.4837,242.5037,242.1541,242.1641,54885
2025-01-08 10:29:00,242.1641,242.2466,242.0242,242.1440,58251
2025-01-08 10:30:00,242.1241,242.3239,242.0292,242.3159,55698
2025-01-08 10:31:00,242.3239,242.3239,241.9743,241.9942,60352
2025-01-08 10:32:00,242.0142,242.0941,241.8344,241.9043,64755
2025-01-08 10:33:00,241.9243,242.0663,241.8144,242.0242,74527
2025-01-08 10:34:00,242.0242,242.1541,241.9942,242.0941,60526
2025-01-08 10:35:00,242.0941,242.4438,242.0792,242.3638,118400
2025-01-08 10:36:00,242.3600,242.5337,242.3139,242.5238,59869
2025-01-08 10:37:00,242.5337,242.7234,242.4737,242.7135,111874
2025-01-08 10:38:00,242.7135,242.7135,242.3938,242.4288,71789
2025-01-08 10:39:00,242.4088,242.4894,242.2939,242.3139,64291
2025-01-08 10:40:00,242.3289,242.4338,242.2939,242.3688,60484
2025-01-08 10:41:00,242.3838,242.3938,242.2340,242.3838,93289
2025-01-08 10:42:00,242.3638,242.4737,242.2490,242.3389,46226
2025-01-08 10:43:00,242.3389,242.5037,242.3339,242.4837,43959
2025-01-08 10:44:00,242.4642,242.5237,242.3638,242.4637,39359
2025-01-08 10:45:00,242.4737,242.5237,242.4010,242.5037,38871
2025-01-08 10:46:00,242.5087,242.6032,242.4737,242.5874,52602
2025-01-08 10:47:00,242.5774,242.6835,242.4937,242.6635,54114
2025-01-08 10:48:00,242.6535,242.8733,242.6335,242.8433,298379
2025-01-08 10:49:00,242.8483,242.9732,242.8183,242.9232,85895
2025-01-08 10:50:00,242.9252,243.0016,242.8393,242.9532,61097
2025-01-08 10:51:00,242.9482,243.1130,242.9432,243.0316,128651
2025-01-08 10:52:00,243.0281,243.2008,242.9683,243.1730,98699
2025-01-08 10:53:00,243.1630,243.2329,243.1330,243.1630,126033
2025-01-08 10:54:00,243.1530,243.3137,243.0731,243.2928,143082
2025-01-08 10:55:00,243.3128,243.4450,243.1131,243.1230,118351
2025-01-08 10:56:00,243.1430,243.1792,242.9632,243.0431,91751
2025-01-08 10:57:00,243.0531,243.1130,243.0031,243.0031,33475
2025-01-08 10:58:00,243.0031,243.0531,242.9032,242.9832,96793
2025-01-08 10:59:00,243.0130,243.2229,242.9832,243.2029,52157
2025-01-08 11:00:00,243.2129,243.2479,243.0631,243.0880,147242
2025-01-08 11:01:00,243.0731,243.1030,243.0031,243.0751,42265
2025-01-08 11:02:00,243.0781,243.1730,242.9594,243.0031,47441
2025-01-08 11:03:00,243.0151,243.1829,242.9732,243.1695,99679
2025-01-08 11:04:00,243.1530,243.1680,243.0831,243.1030,40722
2025-01-08 11:05:00,243.1430,243.1530,242.9532,243.0930,57186
2025-01-08 11:06:00,243.1130,243.1230,242.9932,242.9932,44792
2025-01-08 11:07:00,243.0131,243.1130,242.8933,243.0331,54047
2025-01-08 11:08:00,243.0531,243.2529,243.0331,243.2029,87206
2025-01-08 11:09:00,243.2129,243.3328,243.1195,243.2129,80677
2025-01-08 11:10:00,243.2327,243.4027,243.2327,243.2529,42062
2025-01-08 11:11:00,243.2479,243.3004,243.0627,243.0731,46699
2025-01-08 11:12:00,243.0930,243.1130,242.8833,242.8933,64186
2025-01-08 11:13:00,242.9010,242.9692,242.7834,242.8533,47991
2025-01-08 11:14:00,242.8533,242.9031,242.7834,242.8983,49616
2025-01-08 11:15:00,242.9032,242.9132,242.7234,242.7835,46577
2025-01-08 11:16:00,242.8044,243.0031,242.8044,243.0031,22536
2025-01-08 11:17:00,242.9932,243.0924,242.9632,243.0614,107307
2025-01-08 11:18:00,243.0481,243.0531,242.9632,242.9732,39072
2025-01-08 11:19:00,242.9582,243.0031,242.7334,242.7334,43585
2025-01-08 11:20:00,242.7484,242.8533,242.6735,242.6935,77814
2025-01-08 11:21:00,242.7185,242.8034,242.6286,242.6409,45733
2025-01-08 11:22:00,242.6485,242.7627,242.6485,242.6980,24222
2025-01-08 11:23:00,242.6835,242.8533,242.6835,242.7534,30901
2025-01-08 11:24:00,242.7634,242.8133,242.6735,242.7834,51524
2025-01-08 11:25:00,242.8034,242.8218,242.6935,242.7334,37442
2025-01-08 11:26:00,242.7434,242.7834,242.5137,242.5436,58077
2025-01-08 11:27:00,242.5374,242.5835,242.4487,242.5037,40240
2025-01-08 11:28:00,242.5337,242.6236,242.5237,242.6236,28883
2025-01-08 11:29:00,242.6306,242.6306,242.3938,242.4438,43551
2025-01-08 11:30:00,242.4598,242.5536,242.3738,242.5435,45015
2025-01-08 11:31:00,242.5337,242.5606,242.4338,242.5436,29908
2025-01-08 11:32:00,242.5337,242.7534,242.5337,242.6935,33488
2025-01-08 11:33:00,242.7035,242.7085,242.5837,242.6535,26425
2025-01-08 11:34:00,242.6685,242.6935,242.6335,242.6335,30221
2025-01-08 11:35:00,242.6585,242.7933,242.6336,242.7834,29841
2025-01-08 11:36:00,242.7834,243.0531,242.7534,243.0531,57668
2025-01-08 11:37:00,243.0456,243.2079,243.0456,243.0930,43688
2025-01-08 11:38:00,243.1130,243.1430,243.0831,243.0831,29471
2025-01-08 11:39:00,243.0731,243.0980,242.9632,243.0833,41606
2025-01-08 11:40:00,243.0930,243.1828,242.9432,243.0930,38224
2025-01-08 11:41:00,243.0930,243.2529,243.0631,243.2230,28343
2025-01-08 11:42:00,243.2229,243.2828,243.2079,243.2727,28843
2025-01-08 11:43:00,243.2728,243.2906,242.9832,243.0231,70887
2025-01-08 11:44:00,242.9932,243.2029,242.9532,243.1779,30671
2025-01-08 11:45:00,243.1630,243.1829,243.0831,243.0930,22920
2025-01-08 11:46:00,243.1030,243.2728,243.0531,243.2728,51050
2025-01-08 11:47:00,243.2649,243.3128,243.1330,243.2229,36696
2025-01-08 11:48:00,243.2429,243.3028,243.2429,243.2728,31874
2025-01-08 11:49:00,243.2728,243.2978,243.1230,243.1530,96242
2025-01-08 11:50:00,243.1431,243.1828,243.1019,243.1530,46678
2025-01-08 11:51:00,243.1630,243.1730,243.1030,243.1138,36299
2025-01-08 11:52:00,243.1430,243.1630,243.0631,243.0731,37991
2025-01-08 11:53:00,243.0731,243.0831,242.8833,243.0031,165257
2025-01-08 11:54:00,243.0081,243.0331,242.9232,243.0331,25672
2025-01-08 11:55:00,243.0331,243.1630,243.0231,243.0461,41831
2025-01-08 11:56:00,243.0431,243.1030,242.9432,243.0781,34715
2025-01-08 11:57:00,243.0731,243.0929,243.0381,243.0831,20177
2025-01-08 11:58:00,243.0831,243.1330,243.0831,243.0930,29588
2025-01-08 11:59:00,243.0930,243.1122,242.9732,243.0081,25771
2025-01-08 12:00:00,243.0131,243.0159,242.8733,242.8933,26984
2025-01-08 12:01:00,242.9032,242.9732,242.8933,242.9532,18410
2025-01-08 12:02:00,242.9582,242.9832,242.8034,242.8533,36621
2025-01-08 12:03:00,242.8433,242.8433,242.7434,242.7634,49296
2025-01-08 12:04:00,242.7384,242.8383,242.7090,242.7334,43289
2025-01-08 12:05:00,242.7584,242.7584,242.6635,242.6985,30340
2025-01-08 12:06:00,242.6735,242.7135,242.5736,242.6335,45273
2025-01-08 12:07:00,242.6236,242.6535,242.4537,242.4987,68904
2025-01-08 12:08:00,242.4909,242.5323,242.3738,242.4537,38799
2025-01-08 12:09:00,242.4537,242.4637,242.3638,242.4038,39968
2025-01-08 12:10:00,242.3938,242.4038,242.2340,242.2340,55632
2025-01-08 12:11:00,242.2440,242.3039,242.1641,242.2590,59908
2025-01-08 12:12:00,242.2640,242.2939,242.1541,242.2040,47205
2025-01-08 12:13:00,242.1840,242.2140,242.1241,242.1641,39385
2025-01-08 12:14:00,242.1541,242.1641,242.0042,242.0841,45610
2025-01-08 12:15:00,242.0792,242.1341,241.9843,242.0071,37853
2025-01-08 12:16:00,242.0042,242.1041,241.9443,242.0142,65403
2025-01-08 12:17:00,242.0242,242.0742,241.8544,241.9193,83070
2025-01-08 12:18:00,241.9043,242.0142,241.8944,241.9743,152491
2025-01-08 12:19:00,241.9743,242.0941,241.8846,242.0642,42604
2025-01-08 12:20:00,242.0642,242.1240,242.0042,242.0092,32964
2025-01-08 12:21:00,242.0142,242.0192,241.7975,241.8144,35162
2025-01-08 12:22:00,241.8095,242.2340,241.6746,241.6746,235516
2025-01-08 12:23:00,241.6646,241.6746,241.5148,241.5348,46755
2025-01-08 12:24:00,241.5447,241.6296,241.5198,241.5248,83867
2025-01-08 12:25:00,241.5348,241.6247,241.5248,241.5947,44460
2025-01-08 12:26:00,241.5947,241.7046,241.5747,241.6546,33665
2025-01-08 12:27:00,241.6746,241.6946,241.3150,241.3657,66931
2025-01-08 12:28:00,241.3799,241.4449,241.1552,241.1751,67274
2025-01-08 12:29:00,241.1751,241.2151,240.9754,241.1052,68502
2025-01-08 12:30:00,241.1252,241.2850,241.0453,241.1072,46485
2025-01-08 12:31:00,241.1004,241.2251,241.0101,241.2201,67642
2025-01-08 12:32:00,241.2251,241.3250,241.1102,241.1402,90260
2025-01-08 12:33:00,241.1452,241.1951,241.0952,241.1452,59616
2025-01-08 12:34:00,241.1502,241.1851,241.0803,241.1352,49605
2025-01-08 12:35:00,241.1452,241.2351,241.0453,241.0553,54204
2025-01-08 12:36:00,241.0852,241.1452,240.9354,241.0753,66930
2025-01-08 12:37:00,241.0703,241.1352,240.9754,241.1152,24339
2025-01-08 12:38:00,241.1352,241.1552,241.0153,241.0353,40471
2025-01-08 12:39:00,241.0403,241.0552,240.9854,241.0253,21207
2025-01-08 12:40:00,241.0253,241.1692,241.0153,241.1521,40573
2025-01-08 12:41:00,241.1452,241.1851,241.0852,241.1202,31058
2025-01-08 12:42:00,241.1452,241.2051,241.1152,241.2001,43977
2025-01-08 12:43:00,241.1951,241.3848,241.1851,241.3450,81692
2025-01-08 12:44:00,241.3450,241.3500,241.2151,241.3150,42728
2025-01-08 12:45:00,241.3350,241.3849,241.2750,241.3549,44284
2025-01-08 12:46:00,241.3549,241.4179,241.2850,241.4070,43804
2025-01-08 12:47:00,241.4049,241.4149,241.1851,241.1951,64493
2025-01-08 12:48:00,241.1851,241.3450,241.1652,241.2700,38027
2025-01-08 12:49:00,241.2700,241.2870,241.0753,241.1322,37944
2025-01-08 12:50:00,241.1402,241.2551,241.0653,241.0769,36600
2025-01-08 12:51:00,241.0753,241.1152,240.9754,241.0703,67219
2025-01-08 12:52:00,241.0703,241.2331,241.0703,241.1851,51307
2025-01-08 12:53:00,241.1851,241.2451,241.1452,241.2451,53018
2025-01-08 12:54:00,241.2451,241.2750,241.1352,241.1553,40449
2025-01-08 12:55:00,241.1751,241.2011,241.0952,241.1302,27887
2025-01-08 12:56:00,241.1302,241.2351,241.1252,241.1252,38726
2025-01-08 12:57:00,241.1152,241.2550,241.1000,241.1252,46564
2025-01-08 12:58:00,241.1152,241.2349,241.0852,241.2251,50626
2025-01-08 12:59:00,241.2151,241.2251,241.1252,241.1352,31207
2025-01-08 13:00:00,241.1252,241.4848,241.0852,241.3899,60203
2025-01-08 13:01:00,241.4149,241.4248,241.1652,241.1751,50934
2025-01-08 13:02:00,241.2051,241.6346,241.1751,241.5497,99229
2025-01-08 13:03:00,241.5447,241.5647,241.4149,241.4463,34140
2025-01-08 13:04:00,241.4548,241.6047,241.4548,241.5947,45596
2025-01-08 13:05:00,241.6146,241.7545,241.5747,241.6346,60209
2025-01-08 13:06:00,241.6546,241.8544,241.6546,241.8045,29917
2025-01-08 13:07:00,241.8144,241.8543,241.6796,241.6796,33861
2025-01-08 13:08:00,241.6746,241.7745,241.6147,241.7495,23789
2025-01-08 13:09:00,241.7595,241.8744,241.7445,241.8045,30312
2025-01-08 13:10:00,241.8244,241.8944,241.7645,241.8944,35953
2025-01-08 13:11:00,241.8844,241.9219,241.8045,241.9043,27103
2025-01-08 13:12:00,241.9143,241.9743,241.7245,241.7345,43733
2025-01-08 13:13:00,241.7445,241.7545,241.6746,241.7046,31091
2025-01-08 13:14:00,241.7046,241.7146,241.5947,241.7046,28748
2025-01-08 13:15:00,241.6996,241.7445,241.6446,241.7096,30007
2025-01-08 13:16:00,241.6846,242.0141,241.6846,241.9143,62526
2025-01-08 13:17:00,241.9243,241.9742,241.9043,241.9253,27916
2025-01-08 13:18:00,241.9342,242.0742,241.9143,242.0242,75175
2025-01-08 13:19:00,242.0342,242.0342,241.8344,241.8544,44770
2025-01-08 13:20:00,241.8644,241.8644,241.7445,241.8344,19593
2025-01-08 13:21:00,241.8444,241.8644,241.7945,241.8045,21610
2025-01-08 13:22:00,241.7945,241.8644,241.7445,241.8530,26345
2025-01-08 13:23:00,241.8344,241.9009,241.8045,241.8544,23709
2025-01-08 13:24:00,241.8544,241.9143,241.8444,241.8944,30946
2025-01-08 13:25:00,241.8844,241.9942,241.8844,241.9942,24217
2025-01-08 13:26:00,242.0042,242.1136,241.9942,242.0642,39012
2025-01-08 13:27:00,242.0476,242.0642,241.9643,242.0333,22246
2025-01-08 13:28:00,242.0192,242.2540,242.0192,242.1641,71224
2025-01-08 13:29:00,242.1501,242.1741,242.0442,242.0841,26559
2025-01-08 13:30:00,242.0841,242.0841,241.9043,241.9743,32046
2025-01-08 13:31:00,241.9942,242.0342,241.9043,242.0342,37420
2025-01-08 13:32:00,242.0342,242.0841,242.0242,242.0841,21662
2025-01-08 13:33:00,242.0941,242.1341,241.9848,242.0242,36604
2025-01-08 13:34:00,242.0642,242.1140,242.0342,242.0692,23113
2025-01-08 13:35:00,242.0841,242.1391,242.0542,242.1041,32080
2025-01-08 13:36:00,242.0961,242.2140,242.0961,242.1840,40389
2025-01-08 13:37:00,242.1940,242.2140,241.9443,241.9443,55463
2025-01-08 13:38:00,241.9543,241.9643,241.8844,241.9343,40395
2025-01-08 13:39:00,241.9243,242.0042,241.8691,241.8944,33103
2025-01-08 13:40:00,241.9043,241.9143,241.6946,241.7049,47386
2025-01-08 13:41:00,241.7046,241.7945,241.6696,241.7645,37807
2025-01-08 13:42:00,241.7745,241.7845,241.6047,241.6696,33657
2025-01-08 13:43:00,241.6846,241.7845,241.6646,241.7345,22319
2025-01-08 13:44:00,241.7445,242.0042,241.7345,241.9693,34394
2025-01-08 13:45:00,241.9643,241.9743,241.8844,241.8921,18868
2025-01-08 13:46:00,241.9043,241.9643,241.8844,241.9043,32374
2025-01-08 13:47:00,241.8944,241.9043,241.6846,241.6846,70413
2025-01-08 13:48:00,241.7046,241.8444,241.6646,241.8444,46870
2025-01-08 13:49:00,241.8544,241.9243,241.6247,241.6524,48475
2025-01-08 13:50:00,241.6446,241.7245,241.5847,241.6201,28956
2025-01-08 13:51:00,241.6147,241.6197,241.4548,241.4948,33060
2025-01-08 13:52:00,241.4848,241.5172,241.3649,241.3649,28991
2025-01-08 13:53:00,241.3597,241.3597,241.0553,241.1152,73300
2025-01-08 13:54:00,241.1152,241.1451,240.9054,241.0237,124824
2025-01-08 13:55:00,241.0253,241.0753,240.9404,241.0073,25733
2025-01-08 13:56:00,240.9854,240.9854,240.8605,240.9654,52579
2025-01-08 13:57:00,240.9554,241.2151,240.9554,241.1252,52133
2025-01-08 13:58:00,241.1352,241.1552,241.0453,241.1352,32100
2025-01-08 13:59:00,241.1252,241.3050,241.1217,241.1572,40283
2025-01-08 14:00:00,241.1602,241.2351,241.0153,241.1252,63355
2025-01-08 14:01:00,241.1232,241.1651,241.0253,241.1152,56887
2025-01-08 14:02:00,241.1052,241.1052,240.7957,240.8393,48288
2025-01-08 14:03:00,240.8455,240.9553,240.7756,240.9204,29265
2025-01-08 14:04:00,240.9204,240.9953,240.8555,240.9154,34574
2025-01-08 14:05:00,240.9254,241.2051,240.9204,241.0824,51861
2025-01-08 14:06:00,241.0728,241.2551,240.9554,241.1851,60470
2025-01-08 14:07:00,241.1751,241.3749,241.1152,241.3070,61157
2025-01-08 14:08:00,241.3050,241.6746,241.2950,241.5970,86637
2025-01-08 14:09:00,241.6147,241.7546,241.5348,241.7295,53949
2025-01-08 14:10:00,241.6946,241.7345,241.6047,241.6346,47114
2025-01-08 14:11:00,241.6446,241.6446,241.4848,241.5148,38747
2025-01-08 14:12:00,241.5647,241.6147,241.3450,241.4249,53826
2025-01-08 14:13:00,241.4349,241.5248,241.3549,241.3699,39193
2025-01-08 14:14:00,241.4049,241.4548,241.1352,241.1449,66468
2025-01-08 14:15:00,241.1652,241.4548,241.1640,241.4234,42495
2025-01-08 14:16:00,241.4249,241.5697,241.4249,241.5647,35376
2025-01-08 14:17:00,241.5847,241.6946,241.5547,241.6846,26151
2025-01-08 14:18:00,241.7046,241.9143,241.7046,241.8644,121090
2025-01-08 14:19:00,241.9006,241.9843,241.8344,241.9543,51296
2025-01-08 14:20:00,241.9693,241.9843,241.8544,241.9443,33806
2025-01-08 14:21:00,241.9343,242.1052,241.8944,241.9883,42600
2025-01-08 14:22:00,241.9942,242.0342,241.9044,242.0249,24302
2025-01-08 14:23:00,242.0442,242.2070,242.0242,242.2040,54698
2025-01-08 14:24:00,242.2140,242.3539,242.1840,242.1840,54762
2025-01-08 14:25:00,242.1890,242.2140,242.0342,242.0492,24996
2025-01-08 14:26:00,242.0354,242.2922,242.0354,242.2739,39572
2025-01-08 14:27:00,242.2889,242.6935,242.2640,242.5636,67674
2025-01-08 14:28:00,242.5936,242.7135,242.5338,242.5936,46826
2025-01-08 14:29:00,242.5936,242.5937,242.4519,242.5287,64441
2025-01-08 14:30:00,242.5137,242.5137,242.1441,242.1930,51398
2025-01-08 14:31:00,242.1990,242.1990,242.0442,242.1091,54375
2025-01-08 14:32:00,242.0841,242.1241,241.9843,242.0442,33607
2025-01-08 14:33:00,242.0442,242.0622,241.8744,242.0392,47998
2025-01-08 14:34:00,242.0542,242.0542,241.8944,241.9023,29193
2025-01-08 14:35:00,241.9242,242.0742,241.9064,242.0645,23966
2025-01-08 14:36:00,242.0941,242.0941,241.7945,241.8944,49780
2025-01-08 14:37:00,241.9043,242.1041,241.8532,242.0600,38747
2025-01-08 14:38:00,242.0742,242.0841,241.9743,241.9743,20931
2025-01-08 14:39:00,241.9843,242.0042,241.8453,241.8744,28567
2025-01-08 14:40:00,241.8544,241.9443,241.7745,241.7845,49702
2025-01-08 14:41:00,241.7945,241.8344,241.6946,241.8144,48443
2025-01-08 14:42:00,241.8344,241.8394,241.6047,241.6247,39702
2025-01-08 14:43:00,241.6197,241.7545,241.6197,241.7545,23306
2025-01-08 14:44:00,241.7645,241.7745,241.7046,241.7295,28024
2025-01-08 14:45:00,241.7046,241.8012,241.6846,241.7695,27107
2025-01-08 14:46:00,241.7645,241.8494,241.7146,241.8045,26286
2025-01-08 14:47:00,241.7845,241.8076,241.6147,241.6646,31803
2025-01-08 14:48:00,241.6446,241.7096,241.5747,241.6846,38675
2025-01-08 14:49:00,241.6846,241.7945,241.6346,241.7645,44563
2025-01-08 14:50:00,241.7645,241.8045,241.7146,241.7845,37033
2025-01-08 14:51:00,241.7845,241.7845,241.6946,241.7559,23052
2025-01-08 14:52:00,241.7545,241.8144,241.6346,241.6547,31991
2025-01-08 14:53:00,241.6696,241.6846,241.5877,241.6546,28915
2025-01-08 14:54:00,241.6466,241.6546,241.5148,241.5482,29554
2025-01-08 14:55:00,241.5597,241.6446,241.5148,241.6247,30745
2025-01-08 14:56:00,241.6147,241.6382,241.5770,241.6197,23316
2025-01-08 14:57:00,241.6446,241.6846,241.6247,241.6646,30847
2025-01-08 14:58:00,241.6746,241.6746,241.4948,241.5747,36857
2025-01-08 14:59:00,241.5647,241.6147,241.5048,241.6047,42213
2025-01-08 15:00:00,241.6247,241.7747,241.6147,241.7545,34324
2025-01-08 15:01:00,241.7695,241.8744,241.7478,241.8244,41257
2025-01-08 15:02:00,241.8144,241.8344,241.6946,241.7146,226192
2025-01-08 15:03:00,241.7146,241.8344,241.6746,241.8222,28203
2025-01-08 15:04:00,241.8254,241.8544,241.7869,241.8544,26107
2025-01-08 15:05:00,241.8568,241.8755,241.8244,241.8244,29130
2025-01-08 15:06:00,241.8244,241.8319,241.6646,241.6907,35864
2025-01-08 15:07:00,241.7046,241.7287,241.5947,241.5947,27599
2025-01-08 15:08:00,241.5847,241.7345,241.5747,241.7345,37951
2025-01-08 15:09:00,241.7345,241.7445,241.6446,241.7046,32711
2025-01-08 15:10:00,241.7046,241.8444,241.6167,241.6167,90150
2025-01-08 15:11:00,241.6197,241.6746,241.5847,241.6159,36087
2025-01-08 15:12:00,241.6197,241.6646,241.5747,241.6147,35699
2025-01-08 15:13:00,241.5947,241.6546,241.5148,241.5148,52565
2025-01-08 15:14:00,241.5348,241.5547,241.4249,241.4548,47584
2025-01-08 15:15:00,241.4548,241.7645,241.4548,241.7195,57039
2025-01-08 15:16:00,241.7245,241.8144,241.7245,241.7569,43396
2025-01-08 15:17:00,241.7645,241.7945,241.7345,241.7454,35433
2025-01-08 15:18:00,241.7495,241.9543,241.7245,241.9144,43338
2025-01-08 15:19:00,241.9145,241.9743,241.8944,241.8994,43248
2025-01-08 15:20:00,241.9493,241.9843,241.9143,241.9543,39278
2025-01-08 15:21:00,241.9643,242.0242,241.8644,241.9443,43821
2025-01-08 15:22:00,241.9343,241.9493,241.8844,241.9243,27174
2025-01-08 15:23:00,241.9243,242.0742,241.9173,242.0042,43076
2025-01-08 15:24:00,242.0142,242.0841,241.9643,242.0557,29200
2025-01-08 15:25:00,242.0742,242.1241,241.9644,241.9743,46295
2025-01-08 15:26:00,241.9843,242.0042,241.9243,241.9992,37897
2025-01-08 15:27:00,241.9942,242.0841,241.9942,242.0642,42427
2025-01-08 15:28:00,242.0692,242.1741,242.0692,242.1041,43769
2025-01-08 15:29:00,242.1051,242.2340,242.0941,242.1181,47189
2025-01-08 15:30:00,242.1141,242.1541,242.0891,242.0891,34915
2025-01-08 15:31:00,242.1041,242.1741,242.0841,242.1041,36573
2025-01-08 15:32:00,242.0941,242.1341,242.0342,242.0342,38944
2025-01-08 15:33:00,242.0342,242.0342,241.8844,241.8944,59136
2025-01-08 15:34:00,241.8994,241.9143,241.8045,241.8244,46951
2025-01-08 15:35:00,241.8244,241.8844,241.7645,241.8794,43666
2025-01-08 15:36:00,241.8744,241.9043,241.8144,241.8394,43171
2025-01-08 15:37:00,241.8344,241.8744,241.7695,241.7745,30567
2025-01-08 15:38:00,241.7745,241.7746,241.6446,241.6546,47006
2025-01-08 15:39:00,241.6546,241.7340,241.6346,241.6446,45920
2025-01-08 15:40:00,241.6446,241.7345,241.5847,241.7345,61574
2025-01-08 15:41:00,241.7495,241.8045,241.6946,241.7146,40292
2025-01-08 15:42:00,241.7146,241.7745,241.7096,241.7345,36050
2025-01-08 15:43:00,241.7345,241.9243,241.7345,241.9044,39246
2025-01-08 15:44:00,241.9043,241.9443,241.8744,241.8744,51241
2025-01-08 15:45:00,241.8644,241.9343,241.8344,241.8844,54478
2025-01-08 15:46:00,241.8894,241.9143,241.8244,241.8294,41097
2025-01-08 15:47:00,241.8344,241.8494,241.7245,241.7945,50081
2025-01-08 15:48:00,241.7945,241.8045,241.7046,241.7445,41192
2025-01-08 15:49:00,241.7445,241.8244,241.7445,241.7845,52020
2025-01-08 15:50:00,241.8144,242.2340,241.7545,241.7845,126369
2025-01-08 15:51:00,241.7945,241.8344,241.6746,241.7295,84840
2025-01-08 15:52:00,241.7345,241.7845,241.6746,241.6796,61206
2025-01-08 15:53:00,241.6846,241.7146,241.5348,241.5697,83171
2025-01-08 15:54:00,241.5847,242.1840,241.5547,242.1241,362460
2025-01-08 15:55:00,242.1041,242.7204,242.0742,242.4837,355216
2025-01-08 15:56:00,242.4937,242.5436,242.2940,242.3389,209492
2025-01-08 15:57:00,242.3439,242.4238,242.1341,242.3738,227198
2025-01-08 15:58:00,242.3838,242.4737,242.2440,242.3039,278962
2025-01-08 15:59:00,242.2939,242.5337,242.0841,242.4537,890415
2025-01-08 16:00:00,242.4537,242.5636,242.2440,242.5337,13678872
2025-01-08 16:01:00,242.5636,242.6335,241.8139,242.4338,974936
2025-01-08 16:02:00,242.5536,242.6635,242.1376,242.4438,1322484
2025-01-08 16:03:00,242.5830,242.5836,242.4537,242.4537,511
2025-01-08 16:04:00,242.4937,242.5237,242.2939,242.2939,4805
2025-01-08 16:05:00,242.4338,244.1419,242.3039,242.4837,1926
2025-01-08 16:06:00,242.4438,242.4537,242.2839,242.2839,1272
2025-01-08 16:07:00,242.3039,242.4338,242.0941,242.2040,58999
2025-01-08 16:08:00,242.2040,242.2939,242.0941,242.2939,43
2025-01-08 16:09:00,242.0941,242.3593,242.0941,242.2839,495
2025-01-08 16:10:00,242.2739,242.3338,242.1840,242.2590,1636
2025-01-08 16:11:00,242.2739,242.4338,242.2140,242.2640,58439
2025-01-08 16:12:00,242.2540,242.2789,242.2140,242.2739,146
2025-01-08 16:13:00,242.2739,242.3339,242.2140,242.2739,605
2025-01-08 16:14:00,242.2540,242.2939,242.1741,242.2540,237
2025-01-08 16:15:00,242.1741,242.4338,242.0941,242.2839,637
2025-01-08 16:16:00,242.4338,242.4338,242.1391,242.1691,152
2025-01-08 16:17:00,242.1341,242.4338,242.1341,242.1346,8869
2025-01-08 16:18:00,242.1741,242.4338,242.1541,242.2839,491348
2025-01-08 16:19:00,242.2240,242.3139,242.1840,242.2939,1250
2025-01-08 16:20:00,242.2440,242.3339,242.2440,242.2989,3689
2025-01-08 16:21:00,242.2989,242.3139,242.2839,242.2839,220
2025-01-08 16:22:00,242.3089,242.3335,242.2839,242.3089,949
2025-01-08 16:23:00,242.2939,242.3339,242.2839,242.3039,1384
2025-01-08 16:24:00,242.3039,242.4126,242.3039,242.4126,1611
2025-01-08 16:25:00,242.3738,242.4338,242.2440,242.4038,10518
2025-01-08 16:26:00,242.4238,242.4737,242.3539,242.4737,2194
2025-01-08 16:27:00,242.4438,242.5337,242.4438,242.4887,4323
2025-01-08 16:28:00,242.4887,242.5436,242.4438,242.4887,1768
2025-01-08 16:29:00,242.4637,242.4837,242.3539,242.4438,935
2025-01-08 16:30:00,242.4338,242.5337,242.3738,242.4038,706
2025-01-08 16:31:00,242.3838,242.4088,242.3838,242.3838,32
2025-01-08 16:32:00,242.4338,242.4338,242.4088,242.4088,370
2025-01-08 16:33:00,242.3838,242.4837,242.3838,242.4338,38
2025-01-08 16:34:00,242.4338,242.4587,242.2939,242.3938,2022
2025-01-08 16:35:00,242.3588,242.3938,242.0342,242.3339,3867
2025-01-08 16:36:00,242.2540,242.3539,242.2440,242.3339,231
2025-01-08 16:37:00,242.3339,242.4138,242.2552,242.2939,73
2025-01-08 16:38:00,242.3738,242.4138,242.1641,242.2440,1460
2025-01-08 16:39:00,242.2440,242.4338,242.0142,242.2190,6574
2025-01-08 16:40:00,242.1848,242.4038,242.1840,242.2440,4106
2025-01-08 16:41:00,242.1840,242.2440,242.1840,242.2240,303
2025-01-08 16:42:00,242.2330,242.2340,242.1840,242.1940,85
2025-01-08 16:43:00,242.1940,242.2540,242.1940,242.2540,560
2025-01-08 16:44:00,242.2590,242.4338,242.2065,242.3039,107947
2025-01-08 16:45:00,242.3039,242.3239,242.2041,242.2839,78
2025-01-08 16:46:00,242.2440,242.2839,242.2040,242.2590,569
2025-01-08 16:47:00,242.3239,242.3239,242.0841,242.1441,2363
2025-01-08 16:48:00,242.2739,242.2739,242.0142,242.0543,1702
2025-01-08 16:49:00,242.1041,242.3039,242.0542,242.2540,1155
2025-01-08 16:50:00,242.1948,242.2529,242.1940,242.2040,80
2025-01-08 16:51:00,242.1940,242.2440,242.1141,242.1641,284
2025-01-08 16:52:00,242.1541,242.2040,242.1141,242.1940,61
2025-01-08 16:53:00,242.2040,242.2040,242.1141,242.1641,38
2025-01-08 16:54:00,242.1591,242.2040,242.1146,242.1591,106
2025-01-08 16:55:00,242.1591,242.2140,242.1341,242.1541,16
2025-01-08 16:56:00,242.1741,242.4338,242.1341,242.1741,1015022
2025-01-08 16:57:00,242.1341,242.2140,242.1341,242.1341,333
2025-01-08 16:58:00,242.1741,242.2040,242.1341,242.1691,46
2025-01-08 16:59:00,242.1741,242.2140,242.1341,242.1815,495
2025-01-08 17:00:00,242.1940,242.2140,242.1341,242.1741,410
2025-01-08 17:01:00,242.2140,242.2140,242.1541,242.1541,97
2025-01-08 17:02:00,242.1641,242.2140,242.1141,242.2140,172
2025-01-08 17:03:00,242.1641,242.1641,242.1151,242.1391,163
2025-01-08 17:04:00,242.1441,242.1641,242.1141,242.1441,837
2025-01-08 17:05:00,242.1491,242.1641,242.0742,242.1241,337
2025-01-08 17:06:00,242.1241,242.1641,242.0742,242.1191,595
2025-01-08 17:07:00,242.1191,242.1641,242.0841,242.1641,169
2025-01-08 17:08:00,242.0861,242.1241,242.0841,242.0941,15
2025-01-08 17:09:00,242.1241,242.1641,242.0841,242.1241,74
2025-01-08 17:10:00,242.1241,242.1541,242.0841,242.1541,1518
2025-01-08 17:11:00,242.1691,242.2140,242.1341,242.2140,9
2025-01-08 17:12:00,242.1541,242.2140,242.1241,242.1241,242
2025-01-08 17:13:00,242.1691,242.2140,242.1241,242.1790,296
2025-01-08 17:14:00,242.1441,242.2140,242.1441,242.1442,185
2025-01-08 17:15:00,242.1840,242.2140,242.1441,242.1790,422
2025-01-08 17:16:00,242.1790,242.2140,242.1441,242.1840,27
2025-01-08 17:17:00,242.2140,242.2140,242.1442,242.1790,46
2025-01-08 17:18:00,242.1790,242.2140,242.1454,242.1790,74
2025-01-08 17:19:00,242.1441,242.2140,242.1441,242.1441,333
2025-01-08 17:20:00,242.1541,242.1691,242.1541,242.1691,116
2025-01-08 17:21:00,242.1641,258.1463,242.1441,242.1691,286
2025-01-08 17:22:00,242.1940,242.2140,242.1441,242.1641,273
2025-01-08 17:23:00,242.1790,242.2140,242.1441,242.1441,17
2025-01-08 17:24:00,242.1441,242.2040,242.1441,242.1940,20
2025-01-08 17:25:00,242.1940,242.2140,242.1890,242.2040,729
2025-01-08 17:26:00,242.1940,258.1463,242.1940,242.1990,249
2025-01-08 17:27:00,242.1940,250.2668,242.1840,242.2039,198
2025-01-08 17:28:00,242.1840,242.1940,242.1091,242.1091,229
2025-01-08 17:29:00,242.1141,242.2140,242.0142,242.0841,1091
2025-01-08 17:30:00,242.2140,242.2140,242.1541,242.1840,14
2025-01-08 17:31:00,242.2125,242.2140,242.0742,242.2140,173
2025-01-08 17:32:00,242.0777,242.1741,242.0777,242.1241,106
2025-01-08 17:33:00,242.1241,242.2140,242.1241,242.2140,2
2025-01-08 17:34:00,242.1641,242.1741,242.0342,242.1241,309
2025-01-08 17:35:00,242.1241,242.2140,242.0941,242.0941,10
2025-01-08 17:36:00,242.1241,242.4338,242.0342,242.0342,409547
2025-01-08 17:37:00,242.0342,242.1141,242.0342,242.0841,17
2025-01-08 17:38:00,242.0841,242.1341,242.0342,242.1341,63
2025-01-08 17:39:00,242.0841,242.1341,242.0342,242.0841,383
2025-01-08 17:40:00,242.0342,242.0841,242.0342,242.0343,158
2025-01-08 17:41:00,242.0841,242.2120,242.0342,242.1990,523
2025-01-08 17:42:00,242.0941,242.2140,242.0642,242.1391,130
2025-01-08 17:43:00,242.1241,242.2140,242.0642,242.2140,66
2025-01-08 17:44:00,242.1391,242.2140,242.0642,242.2140,19
2025-01-08 17:45:00,242.0841,242.1940,242.0841,242.1940,17
2025-01-08 17:46:00,242.1391,242.2140,242.0342,242.1141,63
2025-01-08 17:47:00,242.1391,242.2140,242.1063,242.1391,43
2025-01-08 17:48:00,242.2140,242.2140,242.0642,242.0642,132
2025-01-08 17:49:00,242.2140,242.2140,242.0642,242.1391,67
2025-01-08 17:50:00,242.0642,242.2102,242.0642,242.1341,27
2025-01-08 17:51:00,242.1341,242.2140,242.0642,242.2140,68
2025-01-08 17:52:00,242.0841,242.1391,242.0642,242.0642,63
2025-01-08 17:53:00,242.1391,242.1391,242.0841,242.1391,23
2025-01-08 17:54:00,242.1391,242.2140,242.0642,242.1441,104
2025-01-08 17:55:00,242.1441,242.1790,242.1441,242.1790,20
2025-01-08 17:56:00,242.2140,242.2140,242.1458,242.1790,8
2025-01-08 17:57:00,242.1641,242.1890,242.1641,242.1890,57
2025-01-08 17:58:00,242.1890,242.1890,242.1641,242.1890,34
2025-01-08 17:59:00,242.1890,242.2140,242.1641,242.1840,37
2025-01-08 18:00:00,242.1890,242.1940,242.1341,242.1341,489
2025-01-08 18:01:00,242.1141,242.1840,242.0442,242.1840,54
2025-01-08 18:02:00,242.1840,242.3239,242.1840,242.3039,2517
2025-01-08 18:03:00,242.2040,242.3239,242.1890,242.2839,380
2025-01-08 18:04:00,242.0542,242.1890,242.0542,242.1890,17
2025-01-08 18:05:00,242.1890,242.3239,242.1890,242.1890,15
2025-01-08 18:06:00,242.1890,242.3239,242.1840,242.2839,80
2025-01-08 18:07:00,242.1840,242.3239,242.0542,242.1890,142
2025-01-08 18:08:00,242.1890,242.3239,242.0542,242.1890,265
2025-01-08 18:09:00,242.0542,242.3239,242.0542,242.1990,117
2025-01-08 18:10:00,242.1990,242.3239,242.0742,242.3239,42
2025-01-08 18:11:00,242.1990,242.3239,242.1840,242.1990,83
2025-01-08 18:12:00,242.2240,242.3239,242.0742,242.2140,37
2025-01-08 18:13:00,242.3239,242.3239,242.1990,242.1990,35
2025-01-08 18:14:00,242.3239,242.3239,242.1990,242.1990,51
2025-01-08 18:15:00,242.1990,242.2340,242.0742,242.1990,10
2025-01-08 18:16:00,242.1990,242.2140,242.1990,242.2040,68
2025-01-08 18:17:00,242.0742,242.3239,242.0742,242.1990,54
2025-01-08 18:18:00,242.1990,242.3139,242.0742,242.1940,22
2025-01-08 18:19:00,242.1940,242.2340,242.0742,242.2040,40
2025-01-08 18:20:00,242.1940,242.2040,242.0342,242.1241,5245
2025-01-08 18:21:00,242.1241,242.2040,242.0442,242.2040,98
2025-01-08 18:22:00,242.2040,242.2040,242.0442,242.2040,13
2025-01-08 18:23:00,242.0443,242.2040,242.0443,242.1241,36
2025-01-08 18:24:00,242.4338,242.4338,242.0454,242.1241,15572
2025-01-08 18:25:00,242.1341,242.2040,242.0442,242.1741,236
2025-01-08 18:26:00,242.1241,242.2040,242.0442,242.1241,135
2025-01-08 18:27:00,242.1341,242.2040,242.0841,242.2040,34
2025-01-08 18:28:00,242.2040,242.2040,242.0443,242.1191,24
2025-01-08 18:29:00,242.1940,242.1940,242.0443,242.1191,104
2025-01-08 18:30:00,242.1091,242.1741,242.0442,242.1741,87
2025-01-08 18:31:00,242.1091,242.1091,242.0442,242.0442,136
2025-01-08 18:32:00,242.1091,242.1741,242.0442,242.1741,6
2025-01-08 18:33:00,242.1541,242.1541,242.0742,242.0742,10
2025-01-08 18:34:00,242.1041,242.1641,242.1041,242.1041,12
2025-01-08 18:35:00,242.1611,242.1641,242.0542,242.1041,9
2025-01-08 18:36:00,242.1041,242.1741,242.0442,242.1741,156
2025-01-08 18:37:00,242.1391,242.2340,242.0442,242.1391,159
2025-01-08 18:38:00,242.1391,242.2340,242.0442,242.0542,44
2025-01-08 18:39:00,242.1341,242.1341,242.0742,242.0891,489
2025-01-08 18:40:00,242.0742,242.1341,242.0742,242.0891,58
2025-01-08 18:41:00,242.0891,242.1341,242.0642,242.0642,171
2025-01-08 18:42:00,242.0891,242.1341,242.0841,242.1340,20
2025-01-08 18:43:00,242.0891,242.0891,242.0841,242.0891,27
2025-01-08 18:44:00,242.0442,242.0891,242.0442,242.0891,15
2025-01-08 18:45:00,242.0891,242.1341,242.0443,242.0891,9
2025-01-08 18:46:00,242.0841,242.1391,242.0442,242.0542,836
2025-01-08 18:47:00,242.1391,242.1391,242.0442,242.0841,18
2025-01-08 18:48:00,242.1391,242.2340,241.8844,242.1391,319
2025-01-08 18:49:00,242.0442,242.0442,242.0442,242.0442,10
2025-01-08 18:50:00,242.0442,242.2340,242.0442,242.1491,52
2025-01-08 18:51:00,242.1491,242.2328,242.0684,242.1491,12
2025-01-08 18:52:00,242.2340,242.2340,242.0642,242.0642,54
2025-01-08 18:53:00,242.1491,242.2140,242.0642,242.1291,12
2025-01-08 18:54:00,242.1291,242.1291,242.0442,242.0841,11
2025-01-08 18:55:00,242.0642,242.1741,242.0442,242.1741,191
2025-01-08 18:56:00,242.1291,242.2140,241.8944,242.2140,275
2025-01-08 18:57:00,242.0642,242.2140,242.0342,242.0442,219
2025-01-08 18:58:00,242.1840,242.1840,242.1091,242.1091,4
2025-01-08 18:59:00,242.1840,242.1840,242.0342,242.1091,40
2025-01-08 19:00:00,242.0542,242.1091,241.8944,242.0442,1599
2025-01-08 19:01:00,242.0442,242.2140,242.0392,242.0841,461
2025-01-08 19:02:00,242.0442,242.0442,241.9343,242.0342,7
2025-01-08 19:03:00,241.9243,242.2140,241.9243,241.9643,205
2025-01-08 19:04:00,241.9643,242.2140,241.9343,242.2040,2153
2025-01-08 19:05:00,242.2040,242.2640,242.2040,242.2040,774
2025-01-08 19:06:00,242.2050,242.3239,242.2040,242.2240,1013
2025-01-08 19:07:00,242.3239,242.3239,242.2640,242.2640,13
2025-01-08 19:08:00,242.2640,242.2739,242.2040,242.2640,119
2025-01-08 19:09:00,242.2640,242.3239,242.2040,242.2040,1282
2025-01-08 19:10:00,242.2090,242.2640,242.2040,242.2590,196
2025-01-08 19:11:00,242.2140,242.3139,242.2040,242.3139,96
2025-01-08 19:12:00,242.2590,242.2640,242.0142,242.0742,2512
2025-01-08 19:13:00,241.9343,242.2040,241.9343,242.0042,846
2025-01-08 19:14:00,241.9444,242.1940,241.9444,242.0742,41
2025-01-08 19:15:00,242.0742,242.1741,242.0742,242.1741,4
2025-01-08 19:16:00,242.0742,242.0891,242.0442,242.0891,24
2025-01-08 19:17:00,241.9715,242.1929,241.9666,242.0841,1103
2025-01-08 19:18:00,242.0692,242.1939,241.9443,242.0392,243
2025-01-08 19:19:00,241.9443,242.1341,241.9443,241.9643,39
2025-01-08 19:20:00,242.1241,242.1940,241.9643,241.9643,568
2025-01-08 19:21:00,241.9743,242.2040,241.9643,242.2040,75
2025-01-08 19:22:00,241.9655,242.1641,241.9655,242.0841,25
2025-01-08 19:23:00,242.0841,242.2040,241.9952,242.2040,33
2025-01-08 19:24:00,242.0941,242.1741,242.0042,242.1591,22
2025-01-08 19:25:00,242.1041,242.1940,242.0342,242.1191,157
2025-01-08 19:26:00,242.2040,242.2040,242.0442,242.0841,336
2025-01-08 19:27:00,242.1230,242.2040,242.1141,242.1241,445
2025-01-08 19:28:00,242.1241,242.1441,242.1041,242.1441,23
2025-01-08 19:29:00,242.1191,242.2040,242.0042,242.0891,106
2025-01-08 19:30:00,242.0891,242.1341,242.0042,242.1041,17
2025-01-08 19:31:00,242.1641,242.1741,242.0042,242.0941,11
2025-01-08 19:32:00,242.0841,242.1341,241.9643,242.0692,6333
2025-01-08 19:33:00,242.0542,242.1241,242.0042,242.1232,7367
2025-01-08 19:34:00,242.0142,242.1241,242.0042,242.1241,3082
2025-01-08 19:35:00,242.0692,242.1341,242.0042,242.0692,45
2025-01-08 19:36:00,242.0043,242.0492,242.0042,242.0492,73
2025-01-08 19:37:00,242.0742,242.0941,242.0042,242.0492,62
2025-01-08 19:38:00,242.0142,242.0642,241.9343,242.0092,2629
2025-01-08 19:39:00,241.9843,242.0841,241.9343,241.9343,55
2025-01-08 19:40:00,242.0092,242.0841,241.9942,242.0092,139
2025-01-08 19:41:00,242.0092,242.0841,241.9343,242.0092,9
2025-01-08 19:42:00,242.0092,242.0841,242.0092,242.0642,218
2025-01-08 19:43:00,242.0941,242.0941,241.9343,242.0642,39
2025-01-08 19:44:00,242.0142,242.0542,242.0142,242.0542,79
2025-01-08 19:45:00,242.0142,242.0542,241.9343,242.0142,194
2025-01-08 19:46:00,242.0142,242.0941,242.0142,242.0142,8
2025-01-08 19:47:00,242.0142,242.0941,242.0142,242.0941,208
2025-01-08 19:48:00,242.0940,242.0940,241.9343,241.9942,250
2025-01-08 19:49:00,241.9343,241.9942,241.9343,241.9343,68
2025-01-08 19:50:00,241.9343,242.0542,241.9343,242.0092,134
2025-01-08 19:51:00,242.0092,242.0542,242.0042,242.0192,945
2025-01-08 19:52:00,242.0442,242.1341,242.0343,242.1336,284
2025-01-08 19:53:00,242.0841,242.1241,242.0841,242.0841,58
2025-01-08 19:54:00,242.0840,242.0841,242.0342,242.0342,384
2025-01-08 19:55:00,242.0442,242.1339,242.0442,242.0891,146
2025-01-08 19:56:00,242.0891,242.0891,242.0841,242.0891,8
2025-01-08 19:57:00,242.0891,242.1341,242.0891,242.0891,96
2025-01-08 19:58:00,242.0941,242.1341,242.0454,242.0941,546
2025-01-08 19:59:00,242.1241,242.1341,242.0342,242.0941,993
2025-01-10 04:00:00,243.1730,243.7323,241.4049,241.9543,4980
2025-01-10 04:01:00,241.9543,242.0142,241.5547,241.7146,1030
2025-01-10 04:02:00,241.6147,241.9543,241.6147,241.9443,1191
2025-01-10 04:03:00,241.9443,242.0142,241.8744,241.9942,615
2025-01-10 04:04:00,241.9942,242.0042,241.8644,241.9643,644
2025-01-10 04:05:00,241.9743,242.0542,241.8644,242.0242,269
2025-01-10 04:06:00,242.0242,242.0242,241.9043,242.0142,97
2025-01-10 04:07:00,242.0242,242.0242,241.9143,241.9443,133
2025-01-10 04:08:00,241.9543,242.0841,241.9443,241.9843,747
2025-01-10 04:09:00,242.0342,242.1041,242.0142,242.0841,97
2025-01-10 04:10:00,242.0941,242.0941,241.9843,241.9942,34
2025-01-10 04:11:00,241.9843,241.9843,241.9343,241.9743,1315
2025-01-10 04:12:00,241.9643,242.1041,241.9443,242.1041,1218
2025-01-10 04:13:00,242.1041,242.2240,242.1041,242.2240,491
2025-01-10 04:14:00,242.1641,242.2839,242.1641,242.2640,211
2025-01-10 04:15:00,242.2839,242.3439,242.2839,242.3339,35
2025-01-10 04:16:00,242.2839,242.2839,242.2839,242.2839,66
2025-01-10 04:17:00,242.2839,242.3239,242.1641,242.2440,409
2025-01-10 04:18:00,242.2640,242.2640,242.1541,242.2040,97
2025-01-10 04:19:00,242.1441,242.2640,242.1441,242.2440,158
2025-01-10 04:20:00,242.2340,242.2640,242.1840,242.2440,70
2025-01-10 04:21:00,242.2640,242.2640,242.1441,242.2540,54
2025-01-10 04:22:00,242.2540,242.3738,242.1840,242.3738,187
2025-01-10 04:23:00,242.2540,242.4138,242.1541,242.3838,2138
2025-01-10 04:24:00,242.3938,242.3938,242.3638,242.3938,5
2025-01-10 04:25:00,242.3838,242.3938,242.3838,242.3838,51
2025-01-10 04:26:00,242.3938,242.5337,242.3938,242.4837,1572
2025-01-10 04:27:00,242.4637,242.4837,242.4637,242.4837,9
2025-01-10 04:28:00,242.4637,242.4837,242.4637,242.4837,11
2025-01-10 04:29:00,242.4238,242.5037,242.3838,242.4338,272
2025-01-10 04:30:00,242.3838,242.4637,242.3838,242.4038,143
2025-01-10 04:31:00,242.4438,242.4537,242.3938,242.4537,204
2025-01-10 04:32:00,242.4537,242.4537,242.3638,242.3938,328
2025-01-10 04:33:00,242.3938,242.3938,242.3439,242.3439,1214
2025-01-10 04:34:00,242.3638,242.4038,242.3439,242.3539,83
2025-01-10 04:35:00,242.3638,242.3638,242.3439,242.3539,13
2025-01-10 04:36:00,242.3838,242.4038,242.3539,242.3539,15
2025-01-10 04:37:00,242.4038,242.4038,242.3439,242.4038,53
2025-01-10 04:38:00,242.3938,242.3938,242.2839,242.2839,93
2025-01-10 04:39:00,242.3239,242.3239,242.2839,242.2839,29
2025-01-10 04:40:00,242.3239,242.3239,242.3239,242.3239,49
2025-01-10 04:41:00,242.2939,242.3439,242.2939,242.3439,524
2025-01-10 04:42:00,242.3539,242.3539,242.3039,242.3039,565
2025-01-10 04:43:00,242.3339,242.3838,242.2939,242.3838,98
2025-01-10 04:44:00,242.3838,242.3838,242.2540,242.3139,193
2025-01-10 04:45:00,242.3339,242.3339,242.2340,242.2739,208
2025-01-10 04:46:00,242.3439,242.3439,242.2640,242.3339,37
2025-01-10 04:47:00,242.3339,242.3539,242.2739,242.3239,21
2025-01-10 04:48:00,242.2540,242.3439,242.2540,242.3439,12
2025-01-10 04:49:00,242.3439,242.3439,242.3439,242.3439,6
2025-01-10 04:50:00,242.2839,242.3439,242.2640,242.2640,195
2025-01-10 04:51:00,242.2640,242.3139,242.2640,242.3139,353
2025-01-10 04:52:00,242.2540,242.2839,242.1940,242.2140,53
2025-01-10 04:53:00,242.3039,242.3039,242.3039,242.3039,13
2025-01-10 04:54:00,242.2939,242.3039,242.1940,242.2540,99
2025-01-10 04:55:00,242.2240,242.2240,242.1940,242.2040,44
2025-01-10 04:56:00,242.2440,242.2440,242.1940,242.1940,2
2025-01-10 04:57:00,242.2040,242.2340,242.1940,242.2340,34
2025-01-10 04:58:00,242.3039,242.3039,242.2440,242.2440,4
2025-01-10 04:59:00,242.2440,242.2440,242.2440,242.2440,5
2025-01-10 05:00:00,242.3039,242.3039,242.3039,242.3039,3
2025-01-10 05:01:00,242.3139,242.3139,242.2739,242.2739,51
2025-01-10 05:02:00,242.2739,242.2839,242.2739,242.2839,277
2025-01-10 05:03:00,242.2739,242.3139,242.2739,242.3139,111
2025-01-10 05:04:00,242.2939,242.3139,242.2939,242.2939,47
2025-01-10 05:05:00,242.2939,242.3039,242.2839,242.2939,73
2025-01-10 05:06:00,242.2939,242.2939,242.2739,242.2739,102
2025-01-10 05:07:00,242.2939,242.2939,242.2240,242.2839,166
2025-01-10 05:08:00,242.2340,242.2839,242.1341,242.1441,2063
2025-01-10 05:09:00,242.1341,242.1641,242.1341,242.1641,2
2025-01-10 05:10:00,242.1441,242.1441,242.1441,242.1441,20
2025-01-10 05:11:00,242.1840,242.1840,242.1840,242.1840,18
2025-01-10 05:12:00,242.1840,242.2240,242.1641,242.2240,32
2025-01-10 05:13:00,242.1741,242.1840,242.1741,242.1840,30
2025-01-10 05:14:00,242.1741,242.1940,242.1741,242.1840,17
2025-01-10 05:15:00,242.2240,242.2240,242.1441,242.1441,201
2025-01-10 05:16:00,242.1441,242.1541,242.1341,242.1341,116
2025-01-10 05:17:00,242.1940,242.2040,242.1341,242.1341,54
2025-01-10 05:18:00,242.1341,242.1341,242.1341,242.1341,52
2025-01-10 05:19:00,242.1241,242.1741,242.1241,242.1341,536
2025-01-10 05:20:00,242.1341,242.1741,242.1141,242.1741,31
2025-01-10 05:21:00,242.1840,242.1840,242.1840,242.1840,2
2025-01-10 05:22:00,242.1441,242.2040,242.1441,242.1741,178
2025-01-10 05:23:00,242.1341,242.1741,242.1341,242.1741,23
2025-01-10 05:24:00,242.1840,242.1840,242.1441,242.1741,43
2025-01-10 05:25:00,242.2040,242.2040,242.1441,242.1840,28
2025-01-10 05:26:00,242.1441,242.1840,242.1441,242.1840,10
2025-01-10 05:27:00,242.1441,242.1741,242.1441,242.1741,19
2025-01-10 05:28:00,242.1341,242.1341,242.1241,242.1341,8
2025-01-10 05:29:00,242.1141,242.1341,242.1041,242.1341,55
2025-01-10 05:30:00,242.1341,242.1341,242.1341,242.1341,5
2025-01-10 05:31:00,242.1241,242.1541,242.1041,242.1341,495
2025-01-10 05:32:00,242.1840,242.2040,242.1840,242.1940,71
2025-01-10 05:33:00,242.1840,242.1940,242.1840,242.1940,30
2025-01-10 05:34:00,242.1940,242.2040,242.1940,242.2040,2
2025-01-10 05:35:00,242.1940,242.1940,242.1541,242.1541,23
2025-01-10 05:36:00,242.1741,242.1741,242.1541,242.1541,223
2025-01-10 05:37:00,242.1541,242.2340,242.1541,242.2340,208
2025-01-10 05:38:00,242.2540,242.2640,242.1541,242.2640,1209
2025-01-10 05:39:00,242.2440,242.2640,242.2440,242.2640,2
2025-01-10 05:40:00,242.2640,242.2640,242.2340,242.2540,23
2025-01-10 05:41:00,242.2540,242.2540,242.1741,242.1741,403
2025-01-10 05:42:00,242.2440,242.2440,242.2140,242.2140,71
2025-01-10 05:43:00,242.2240,242.2440,242.2040,242.2340,86
2025-01-10 05:44:00,242.2440,242.2540,242.2340,242.2440,23
2025-01-10 05:45:00,242.2340,242.2340,242.2140,242.2140,8
2025-01-10 05:46:00,242.2240,242.2939,242.2240,242.2939,272
2025-01-10 05:47:00,242.2839,242.2839,242.2739,242.2839,9
2025-01-10 05:48:00,242.2839,242.2939,242.2440,242.2839,12
2025-01-10 05:49:00,242.2540,242.2939,242.2540,242.2939,3
2025-01-10 05:50:00,242.2839,242.2839,242.1341,242.1641,1858
2025-01-10 05:51:00,242.1840,242.2140,242.1840,242.1840,7
2025-01-10 05:52:00,242.2140,242.2140,242.2140,242.2140,26
2025-01-10 05:53:00,242.1840,242.2240,242.1840,242.2240,5
2025-01-10 05:54:00,242.1940,242.2040,242.1940,242.1940,6
2025-01-10 05:55:00,242.2040,242.2140,242.1940,242.1940,72
2025-01-10 05:56:00,242.1940,242.1940,242.1840,242.1840,18
2025-01-10 05:57:00,242.1541,242.1840,242.1341,242.1840,86
2025-01-10 05:58:00,242.1940,242.1940,242.1940,242.1940,3
2025-01-10 05:59:00,242.1940,242.1940,242.1840,242.1840,5
2025-01-10 06:00:00,242.1840,242.1840,242.1840,242.1840,4
2025-01-10 06:01:00,242.2140,242.2140,242.2040,242.2040,7
2025-01-10 06:02:00,242.2340,242.2340,242.1840,242.2140,8
2025-01-10 06:03:00,242.1940,242.2140,242.1341,242.1341,1302
2025-01-10 06:04:00,242.1341,242.1341,242.1341,242.1341,39
2025-01-10 06:05:00,242.1341,242.1341,242.1341,242.1341,6
2025-01-10 06:06:00,242.1141,242.2340,242.1141,242.2340,663
2025-01-10 06:07:00,242.2240,242.2340,242.2240,242.2340,118
2025-01-10 06:08:00,242.2440,242.2839,242.2340,242.2340,9
2025-01-10 06:09:00,242.2739,242.3938,242.2739,242.3838,2383
2025-01-10 06:10:00,242.3738,242.4038,242.3539,242.4038,282
2025-01-10 06:11:00,242.3838,242.4238,242.3738,242.4238,207
2025-01-10 06:12:00,242.3738,242.3738,242.3738,242.3738,4
2025-01-10 06:13:00,242.4138,242.4637,242.4038,242.4338,804
2025-01-10 06:14:00,242.4637,242.4737,242.4238,242.4737,4
2025-01-10 06:15:00,242.4338,242.4637,242.4338,242.4537,27
2025-01-10 06:16:00,242.4438,242.4537,242.3938,242.4438,435
2025-01-10 06:17:00,242.4537,242.4537,242.4238,242.4238,2
2025-01-10 06:18:00,242.4338,242.4937,242.4338,242.4637,220
2025-01-10 06:19:00,242.4338,242.4338,242.4238,242.4238,35
2025-01-10 06:20:00,242.4438,242.4537,242.4238,242.4338,45
2025-01-10 06:21:00,242.4537,242.4537,242.4038,242.4038,447
2025-01-10 06:22:00,242.4338,242.4637,242.3638,242.3638,663
2025-01-10 06:23:00,242.3638,242.4438,242.3039,242.3439,619
2025-01-10 06:24:00,242.3638,242.4038,242.3339,242.3339,528
2025-01-10 06:25:00,242.3539,242.3539,242.3539,242.3539,14
2025-01-10 06:26:00,242.3539,242.4438,242.2540,242.4238,2716
2025-01-10 06:28:00,242.4138,242.4138,242.4138,242.4138,1
2025-01-10 06:29:00,242.3638,242.4138,242.3239,242.4138,80
2025-01-10 06:30:00,242.4038,242.4238,242.3539,242.4238,18
2025-01-10 06:31:00,242.4238,242.4238,242.3339,242.3638,17
2025-01-10 06:32:00,242.3838,242.3838,242.3039,242.3339,44
2025-01-10 06:33:00,242.3638,242.3938,242.3239,242.3539,36
2025-01-10 06:34:00,242.3838,242.3838,242.2640,242.2839,329
2025-01-10 06:35:00,242.2540,242.2739,242.2540,242.2739,119
2025-01-10 06:36:00,242.2939,242.2939,242.2939,242.2939,7
2025-01-10 06:37:00,242.2939,242.2939,242.2640,242.2640,14
2025-01-10 06:38:00,242.2739,242.2839,242.2540,242.2839,5
2025-01-10 06:39:00,242.2939,242.4138,242.2939,242.4138,177
2025-01-10 06:40:00,242.3738,242.4338,242.3039,242.3738,285
2025-01-10 06:41:00,242.3738,242.3738,242.3738,242.3738,10
2025-01-10 06:42:00,242.3738,242.3838,242.3738,242.3838,78
2025-01-10 06:43:00,242.3738,242.3738,242.3339,242.3339,23
2025-01-10 06:44:00,242.3339,242.3339,242.2939,242.3239,104
2025-01-10 06:45:00,242.2939,242.3339,242.2939,242.3339,2
2025-01-10 06:46:00,242.2939,242.2939,242.2939,242.2939,1
2025-01-10 06:47:00,242.3239,242.3239,242.2340,242.2340,965
2025-01-10 06:49:00,242.2540,242.2540,242.2340,242.2540,67
2025-01-10 06:50:00,242.3039,242.3039,242.1840,242.3039,973
2025-01-10 06:51:00,242.2240,242.2839,242.2240,242.2839,25
2025-01-10 06:52:00,242.2839,242.2839,242.2540,242.2839,31
2025-01-10 06:53:00,242.2440,242.2640,242.1940,242.1940,140
2025-01-10 06:54:00,242.1840,242.2040,242.1840,242.2040,10
2025-01-10 06:55:00,242.1940,242.2040,242.1840,242.1940,28
2025-01-10 06:56:00,242.1940,242.2040,242.1940,242.2040,731
2025-01-10 06:57:00,242.2040,242.2040,242.1940,242.1940,42
2025-01-10 06:58:00,242.2140,242.2140,242.1940,242.1940,16
2025-01-10 06:59:00,242.2040,242.2040,242.1641,242.1741,83
2025-01-10 07:00:00,242.1441,242.2340,242.0941,242.1441,6123
2025-01-10 07:01:00,242.1341,242.1341,242.1041,242.1041,64
2025-01-10 07:02:00,242.1041,242.1041,242.0642,242.0941,1854
2025-01-10 07:03:00,242.1341,242.1541,242.1241,242.1341,314
2025-01-10 07:04:00,242.1241,242.1241,242.0342,242.0442,460
2025-01-10 07:05:00,242.0342,242.0442,241.9343,241.9443,1360
2025-01-10 07:06:00,241.9443,241.9942,241.9443,241.9942,37
2025-01-10 07:07:00,241.9343,241.9942,241.9243,241.9543,2020
2025-01-10 07:08:00,241.9443,241.9543,241.9343,241.9443,22
2025-01-10 07:09:00,241.8944,241.9243,241.8744,241.9243,322
2025-01-10 07:10:00,241.9243,241.9743,241.9143,241.9543,1450
2025-01-10 07:11:00,241.9643,241.9643,241.9143,241.9143,539
2025-01-10 07:12:00,241.9143,241.9143,241.8544,241.8544,699
2025-01-10 07:13:00,241.8844,241.9043,241.7645,241.7645,3358
2025-01-10 07:14:00,241.8045,241.8544,241.7945,241.8045,804
2025-01-10 07:15:00,241.8844,242.0442,241.8444,242.0442,1059
2025-01-10 07:16:00,242.0442,242.0442,241.9743,241.9743,1328
2025-01-10 07:17:00,241.9843,242.0342,241.9643,241.9643,236
2025-01-10 07:18:00,241.9942,242.0442,241.9942,242.0442,6
2025-01-10 07:20:00,242.0142,242.0142,241.9443,242.0142,47
2025-01-10 07:21:00,241.9643,241.9643,241.9043,241.9343,317
2025-01-10 07:22:00,241.8444,241.8844,241.7745,241.8644,654
2025-01-10 07:23:00,241.8244,241.8244,241.7545,241.7845,1004
2025-01-10 07:24:00,241.8244,241.8244,241.8244,241.8244,41
