Datetime,Open,High,Low,Close,Volume
2025-04-01 04:00:00,37.33,37.85,37.33,37.85,112
2025-04-01 04:01:00,37.79,37.79,37.5,37.5,582
2025-04-01 04:02:00,37.7,37.7,37.65,37.69,4
2025-04-01 04:03:00,37.69,37.7,37.68,37.68,66
2025-04-01 04:04:00,37.68,37.7,37.68,37.7,340
2025-04-01 04:06:00,37.7,37.7,37.69,37.7,3217
2025-04-01 04:07:00,37.7,37.7,37.7,37.7,66
2025-04-01 04:08:00,37.71,37.71,37.71,37.71,56
2025-04-01 04:09:00,37.72,37.86,37.71,37.86,78
2025-04-01 04:10:00,37.85,38.32,37.85,38.32,595
2025-04-01 04:11:00,38.32,38.32,38.14,38.2,50
2025-04-01 04:12:00,38.2,38.29,38.0,38.0,196
2025-04-01 04:13:00,37.99,37.99,37.95,37.95,281
2025-04-01 04:14:00,37.94,37.94,37.94,37.94,39
2025-04-01 04:15:00,37.95,38.17,37.95,38.17,42
2025-04-01 04:16:00,37.96,37.96,37.96,37.96,100
2025-04-01 04:17:00,38.06,38.07,38.06,38.07,120
2025-04-01 04:18:00,37.95,38.05,37.95,38.05,229
2025-04-01 04:19:00,38.05,38.17,38.05,38.14,1077
2025-04-01 04:20:00,38.15,38.17,38.05,38.05,142
2025-04-01 04:21:00,38.16,38.33,38.15,38.33,3079
2025-04-01 04:22:00,38.48,38.5,38.48,38.49,647
2025-04-01 04:23:00,38.22,38.3,37.98,37.98,512
2025-04-01 04:28:00,38.37,38.37,38.22,38.22,87
2025-04-01 04:29:00,38.22,38.38,38.22,38.37,71
2025-04-01 04:30:00,38.37,38.49,38.37,38.4,142
2025-04-01 04:31:00,38.39,38.39,38.38,38.38,31
2025-04-01 04:32:00,38.39,38.5,38.37,38.41,1771
2025-04-01 04:33:00,38.52,38.53,38.49,38.52,1507
2025-04-01 04:34:00,38.52,38.71,38.52,38.7,1468
2025-04-01 04:35:00,38.65,38.65,38.5,38.5,255
2025-04-01 04:36:00,38.5,38.66,38.5,38.66,505
2025-04-01 04:37:00,38.66,38.7,38.58,38.58,869
2025-04-01 04:38:00,38.6,38.6,38.55,38.6,844
2025-04-01 04:40:00,38.53,38.55,38.5,38.5,223
2025-04-01 04:41:00,38.5,38.5,38.5,38.5,76
2025-04-01 04:42:00,38.51,38.51,38.51,38.51,100
2025-04-01 04:43:00,38.51,38.51,38.51,38.51,3
2025-04-01 04:44:00,38.5,38.5,38.45,38.45,207
2025-04-01 04:45:00,38.45,38.45,38.43,38.43,904
2025-04-01 04:47:00,38.39,38.4,38.38,38.38,33
2025-04-01 04:48:00,38.33,38.33,38.3,38.3,132
2025-04-01 04:50:00,38.23,38.23,38.23,38.23,3
2025-04-01 04:51:00,38.29,38.3,38.23,38.3,394
2025-04-01 04:54:00,38.3,38.3,38.3,38.3,16
2025-04-01 04:55:00,38.3,38.3,38.2,38.2,531
2025-04-01 04:56:00,38.21,38.21,38.21,38.21,1
2025-04-01 04:57:00,38.6,38.6,38.6,38.6,10
2025-04-01 04:59:00,38.32,38.32,38.32,38.32,75
2025-04-01 05:01:00,38.33,38.33,38.33,38.33,200
2025-04-01 05:03:00,38.32,38.32,38.32,38.32,1
2025-04-01 05:04:00,38.59,38.59,38.32,38.32,42
2025-04-01 05:05:00,38.33,38.33,38.2,38.2,302
2025-04-01 05:06:00,38.2,38.2,38.02,38.18,437
2025-04-01 05:08:00,38.4,38.4,38.0,38.0,430
2025-04-01 05:09:00,38.0,38.0,38.0,38.0,80
2025-04-01 05:10:00,38.24,38.24,38.01,38.01,140
2025-04-01 05:11:00,38.02,38.02,38.02,38.02,18
2025-04-01 05:12:00,38.24,38.24,38.24,38.24,2
2025-04-01 05:13:00,38.26,38.26,38.26,38.26,52
2025-04-01 05:16:00,38.26,38.26,38.26,38.26,21
2025-04-01 05:18:00,38.05,38.05,38.04,38.04,300
2025-04-01 05:19:00,38.03,38.04,38.03,38.04,282
2025-04-01 05:20:00,38.23,38.23,38.23,38.23,75
2025-04-01 05:23:00,38.05,38.05,38.05,38.05,20
2025-04-01 05:24:00,38.15,38.23,38.06,38.23,492
2025-04-01 05:26:00,38.55,38.61,38.55,38.61,658
2025-04-01 05:27:00,38.6,38.6,38.12,38.44,49
2025-04-01 05:32:00,38.6,38.6,38.6,38.6,154
2025-04-01 05:34:00,38.5,38.5,38.5,38.5,100
2025-04-01 05:35:00,38.49,38.49,38.49,38.49,100
2025-04-01 05:36:00,38.49,38.49,38.45,38.45,47
2025-04-01 05:37:00,38.49,38.61,38.49,38.61,46
2025-04-01 05:38:00,38.5,38.5,38.47,38.47,46
2025-04-01 05:39:00,38.49,38.5,38.47,38.5,124
2025-04-01 05:42:00,38.55,38.55,38.54,38.54,8
2025-04-01 05:45:00,38.55,38.65,38.51,38.65,290
2025-04-01 05:46:00,38.6,38.6,38.6,38.6,1
2025-04-01 05:50:00,38.63,38.63,38.63,38.63,3
2025-04-01 05:52:00,38.63,38.64,38.63,38.64,40
2025-04-01 05:53:00,38.64,38.8,38.64,38.8,4649
2025-04-01 05:54:00,38.87,38.87,38.8,38.8,160
2025-04-01 05:55:00,38.87,38.87,38.87,38.87,85
2025-04-01 05:56:00,38.8,38.8,38.8,38.8,234
2025-04-01 05:57:00,38.8,38.8,38.8,38.8,1
2025-04-01 05:58:00,38.8,38.8,38.78,38.78,130
2025-04-01 05:59:00,38.78,38.87,38.6,38.78,384
2025-04-01 06:02:00,38.715,38.715,38.715,38.715,118
2025-04-01 06:03:00,38.715,38.715,38.715,38.715,100
2025-04-01 06:04:00,38.715,38.715,38.71,38.71,100
2025-04-01 06:05:00,38.71,38.71,38.6,38.6,28
2025-04-01 06:06:00,38.6,38.68,38.5,38.68,106
2025-04-01 06:08:00,38.6,38.6,38.5,38.5,186
2025-04-01 06:09:00,38.68,38.68,38.5,38.6,30
2025-04-01 06:11:00,38.6,38.6,38.5,38.5,326
2025-04-01 06:12:00,38.5,38.5,38.5,38.5,88
2025-04-01 06:13:00,38.5,38.5,38.5,38.5,100
2025-04-01 06:16:00,38.51,38.51,38.5,38.5,631
2025-04-01 06:17:00,38.48,38.48,38.48,38.48,20
2025-04-01 06:18:00,38.48,38.48,38.48,38.48,10
2025-04-01 06:19:00,38.47,38.47,38.46,38.46,152
2025-04-01 06:20:00,38.46,38.46,38.46,38.46,20
2025-04-01 06:22:00,38.46,38.46,38.45,38.45,256
2025-04-01 06:23:00,38.44,38.45,38.44,38.45,969
2025-04-01 06:24:00,38.44,38.44,38.44,38.44,2
2025-04-01 06:25:00,38.48,38.48,38.48,38.48,1
2025-04-01 06:26:00,38.44,38.44,38.44,38.44,29
2025-04-01 06:27:00,38.44,38.44,38.44,38.44,1
2025-04-01 06:28:00,38.38,38.38,38.33,38.33,5
2025-04-01 06:30:00,38.3,38.3,38.2,38.2,113
2025-04-01 06:32:00,38.18,38.19,38.18,38.19,51
2025-04-01 06:33:00,38.18,38.19,38.05,38.05,1184
2025-04-01 06:34:00,38.11,38.11,37.81,37.81,826
2025-04-01 06:35:00,37.94,37.94,37.63,37.64,713
2025-04-01 06:36:00,37.64,37.79,37.64,37.78,88
2025-04-01 06:37:00,37.73,37.74,37.73,37.74,105
2025-04-01 06:38:00,37.74,37.79,37.71,37.79,451
2025-04-01 06:39:00,37.79,37.79,37.74,37.74,111
2025-04-01 06:40:00,37.68,37.7,37.48,37.5,5405
2025-04-01 06:41:00,37.5,37.5,37.46,37.5,44
2025-04-01 06:42:00,37.45,37.58,37.41,37.41,183
2025-04-01 06:43:00,37.7,37.7,37.7,37.7,50
2025-04-01 06:45:00,37.7,37.7,37.6,37.7,30
2025-04-01 06:46:00,37.6,37.7,37.6,37.69,901
2025-04-01 06:47:00,37.69,37.7,37.69,37.7,500
2025-04-01 06:48:00,37.7,37.7,37.7,37.7,200
2025-04-01 06:49:00,37.7,37.7,37.51,37.51,25
2025-04-01 06:50:00,37.69,37.69,37.69,37.69,1
2025-04-01 06:51:00,37.63,37.63,37.63,37.63,1
2025-04-01 06:53:00,37.7,37.7,37.7,37.7,47
2025-04-01 06:54:00,37.7,37.7,37.7,37.7,50
2025-04-01 06:55:00,37.65,37.65,37.63,37.63,116
2025-04-01 06:57:00,37.62,37.62,37.62,37.62,16
2025-04-01 06:58:00,37.63,37.7,37.56,37.69,2069
2025-04-01 06:59:00,37.69,37.7,37.69,37.7,255
2025-04-01 07:00:00,37.69,37.8,37.57,37.66,5366
2025-04-01 07:02:00,37.66,37.66,37.5,37.5,1053
2025-04-01 07:03:00,37.47,37.47,37.47,37.47,29
2025-04-01 07:04:00,37.47,37.55,37.45,37.55,443
2025-04-01 07:05:00,37.4,37.45,37.4,37.4,725
2025-04-01 07:06:00,37.45,37.45,37.41,37.41,201
2025-04-01 07:08:00,37.41,37.41,37.41,37.41,230
2025-04-01 07:09:00,37.42,37.45,37.42,37.44,316
2025-04-01 07:10:00,37.46,37.46,37.46,37.46,7
2025-04-01 07:11:00,37.6,37.6,37.45,37.45,19
2025-04-01 07:13:00,37.54,37.55,37.54,37.55,30
2025-04-01 07:14:00,37.55,37.55,37.5,37.5,19
2025-04-01 07:16:00,37.5,37.5,37.5,37.5,1
2025-04-01 07:17:00,37.5,37.5,37.5,37.5,4
2025-04-01 07:18:00,37.5,37.5,37.47,37.47,408
2025-04-01 07:19:00,37.45,37.47,37.4,37.4,96
2025-04-01 07:20:00,37.47,37.47,37.41,37.41,6
2025-04-01 07:21:00,37.47,37.47,37.47,37.47,42
2025-04-01 07:23:00,37.47,37.47,37.47,37.47,44
2025-04-01 07:25:00,37.48,37.48,37.41,37.41,323
2025-04-01 07:26:00,37.41,37.41,37.41,37.41,19
2025-04-01 07:27:00,37.43,37.55,37.42,37.55,200
2025-04-01 07:28:00,37.54,37.54,37.48,37.48,57
2025-04-01 07:30:00,37.48,37.55,37.48,37.55,103
2025-04-01 07:31:00,37.5,37.5,37.41,37.42,232
2025-04-01 07:32:00,37.42,37.42,37.4,37.4,320
2025-04-01 07:33:00,37.59,37.59,37.59,37.59,14
2025-04-01 07:34:00,37.5,37.5,37.5,37.5,230
2025-04-01 07:36:00,37.41,37.5,37.4,37.48,699
2025-04-01 07:37:00,37.48,37.48,37.48,37.48,244
2025-04-01 07:38:00,37.41,37.41,37.4,37.4,11
2025-04-01 07:39:00,37.4,37.41,37.4,37.41,200
2025-04-01 07:40:00,37.4,37.4,37.4,37.4,227
2025-04-01 07:41:00,37.4,37.4,37.4,37.4,20
2025-04-01 07:42:00,37.4,37.41,37.35,37.4,1376
2025-04-01 07:44:00,37.34,37.34,37.3,37.3,495
2025-04-01 07:46:00,37.31,37.31,37.31,37.31,2
2025-04-01 07:47:00,37.32,37.32,37.26,37.26,1304
2025-04-01 07:48:00,37.25,37.25,37.25,37.25,214
2025-04-01 07:49:00,37.22,37.23,37.2,37.23,301
2025-04-01 07:50:00,37.23,37.23,37.23,37.23,200
2025-04-01 07:51:00,37.23,37.23,37.23,37.23,275
2025-04-01 07:52:00,37.23,37.23,37.19,37.2,2137
2025-04-01 07:53:00,37.22,37.22,37.22,37.22,100
2025-04-01 07:54:00,37.2,37.2,37.2,37.2,105
2025-04-01 07:55:00,37.18,37.2,37.18,37.19,121
2025-04-01 07:56:00,37.2,37.2,37.18,37.18,562
2025-04-01 07:59:00,37.2,37.2,37.2,37.2,3
2025-04-01 08:00:00,37.39,38.0,37.14,37.29,30307
2025-04-01 08:01:00,37.28,37.6,37.14,37.17,1751
2025-04-01 08:02:00,37.7,37.7,37.17,37.3,716
2025-04-01 08:03:00,37.2,37.2995,37.1537,37.1537,454
2025-04-01 08:04:00,37.17,37.3,37.17,37.3,224
2025-04-01 08:05:00,37.3,37.3,37.1537,37.2,245
2025-04-01 08:06:00,37.2,37.3,37.2,37.3,441
2025-04-01 08:07:00,37.17,37.3,37.16,37.2,438
2025-04-01 08:08:00,37.2,37.3,37.2,37.3,3774
2025-04-01 08:09:00,37.3,37.3,37.16,37.3,133
2025-04-01 08:10:00,37.24,37.24,37.2,37.2,806
2025-04-01 08:11:00,37.19,37.27,37.16,37.16,49
2025-04-01 08:12:00,37.2,37.29,37.17,37.17,205
2025-04-01 08:13:00,37.17,37.17,37.14,37.15,948
2025-04-01 08:14:00,37.0,37.12,36.9,36.9,4624
2025-04-01 08:15:00,37.0,37.08,36.9,36.91,2777
2025-04-01 08:16:00,36.9965,37.3,36.91,37.2,1443
2025-04-01 08:17:00,37.2,37.3,36.95,36.95,1235
2025-04-01 08:18:00,36.9992,37.119,36.95,37.119,236
2025-04-01 08:19:00,37.15,37.15,36.99,36.99,979
2025-04-01 08:20:00,37.15,37.15,37.0,37.0,131
2025-04-01 08:21:00,36.92,37.1,36.92,37.07,184
2025-04-01 08:22:00,37.02,37.02,36.95,36.95,1577
2025-04-01 08:23:00,36.99,37.0,36.91,36.92,1131
2025-04-01 08:24:00,36.95,36.95,36.92,36.92,130
2025-04-01 08:25:00,36.99,36.99,36.95,36.99,635
2025-04-01 08:26:00,37.0,37.0,36.96,36.9603,5776
2025-04-01 08:27:00,37.0,37.09,36.97,37.02,1028
2025-04-01 08:28:00,37.09,37.1,36.96,37.1,54
2025-04-01 08:29:00,37.05,37.05,37.0001,37.0001,180
2025-04-01 08:30:00,37.09,37.09,37.01,37.01,122
2025-04-01 08:31:00,37.09,37.1,37.0122,37.1,1100
2025-04-01 08:32:00,37.0102,37.0118,37.0102,37.0118,5
2025-04-01 08:33:00,37.0902,37.1,37.0,37.0,224
2025-04-01 08:34:00,37.07,37.07,37.0,37.0,275
2025-04-01 08:35:00,37.0016,37.07,37.0,37.0685,70
2025-04-01 08:36:00,37.0,37.06,37.0,37.06,76
2025-04-01 08:37:00,37.01,37.01,37.0,37.0,5
2025-04-01 08:38:00,37.07,37.07,37.0,37.0,3093
2025-04-01 08:39:00,37.0099,37.01,37.0098,37.01,45
2025-04-01 08:40:00,37.0098,37.01,37.0,37.0098,324
2025-04-01 08:41:00,37.0097,37.01,36.95,37.0,4344
2025-04-01 08:42:00,36.95,37.5,36.95,37.2,8338
2025-04-01 08:43:00,37.3,37.3,37.3,37.3,39
2025-04-01 08:44:00,37.151,37.2,37.151,37.1992,530
2025-04-01 08:45:00,37.1997,37.2,37.15,37.2,5817
2025-04-01 08:46:00,37.1999,37.2,37.1519,37.1994,6068
2025-04-01 08:47:00,37.1995,37.2,37.1501,37.2,454
2025-04-01 08:48:00,37.1997,37.2,37.19,37.19,275
2025-04-01 08:49:00,37.1501,37.19,37.1501,37.19,507
2025-04-01 08:50:00,37.19,37.19,37.16,37.16,38
2025-04-01 08:52:00,37.16,37.19,37.1513,37.189,682
2025-04-01 08:53:00,37.18,37.19,37.18,37.19,196
2025-04-01 08:54:00,37.1898,37.19,37.18,37.19,213
2025-04-01 08:55:00,37.19,37.19,37.18,37.19,1616
2025-04-01 08:56:00,37.19,37.19,37.1897,37.19,298
2025-04-01 08:57:00,37.1899,37.19,37.18,37.19,152
2025-04-01 08:58:00,37.19,37.28,37.151,37.26,18353
2025-04-01 08:59:00,37.3,37.35,37.25,37.3475,957
2025-04-01 09:00:00,37.35,37.35,37.3,37.34,1182
2025-04-01 09:01:00,37.3,37.35,37.26,37.33,1252
2025-04-01 09:02:00,37.34,37.35,37.33,37.33,288
2025-04-01 09:03:00,37.335,37.35,37.33,37.35,1156
2025-04-01 09:04:00,37.3469,37.35,37.2575,37.31,876
2025-04-01 09:05:00,37.3001,37.7,37.3001,37.7,17744
2025-04-01 09:06:00,37.65,37.71,37.51,37.51,2891
2025-04-01 09:07:00,37.51,37.7,37.5,37.69,2123
2025-04-01 09:08:00,37.69,37.7,37.67,37.68,2816
2025-04-01 09:09:00,37.57,37.6999,37.55,37.68,1370
2025-04-01 09:10:00,37.7,37.7,37.55,37.6,1389
2025-04-01 09:11:00,37.6,37.6699,37.55,37.6689,1527
2025-04-01 09:12:00,37.67,38.17,37.65,37.85,10057
2025-04-01 09:13:00,38.02,38.1,37.9493,37.9493,1052
2025-04-01 09:14:00,37.85,38.06,37.8,38.06,862
2025-04-01 09:15:00,37.99,38.06,37.85,37.85,1635
2025-04-01 09:16:00,37.8,38.01,37.8,37.99,1958
2025-04-01 09:17:00,38.0,38.06,37.99,38.0581,6009
2025-04-01 09:18:00,38.0599,38.15,38.0,38.15,9554
2025-04-01 09:19:00,38.15,38.25,38.12,38.15,6824
2025-04-01 09:20:00,38.15,38.35,38.15,38.3,6783
2025-04-01 09:21:00,38.3,38.45,38.3,38.4,17773
2025-04-01 09:22:00,38.4,38.45,38.21,38.21,13154
2025-04-01 09:23:00,38.21,38.44,38.21,38.21,12543
2025-04-01 09:24:00,38.22,38.25,38.21,38.25,3055
2025-04-01 09:25:00,38.25,38.6,38.24,38.52,19230
2025-04-01 09:26:00,38.6,38.68,38.28,38.4998,4286
2025-04-01 09:27:00,38.5,38.51,38.39,38.51,14705
2025-04-01 09:28:00,38.49,38.5,38.28,38.4787,13409
2025-04-01 09:29:00,38.43,38.5,38.24,38.49,7834
2025-04-01 09:30:00,38.5,38.5,38.2,38.35,171147
2025-04-01 09:31:00,38.33,38.33,38.0,38.05,68702
2025-04-01 09:32:00,38.0143,38.0143,37.2,37.2117,96771
2025-04-01 09:33:00,37.24,37.7695,37.2,37.49,62590
2025-04-01 09:34:00,37.455,38.0,37.41,37.805,181126
2025-04-01 09:35:00,37.805,37.99,37.6015,37.85,55825
2025-04-01 09:36:00,37.79,38.17,37.76,38.0833,86188
2025-04-01 09:37:00,38.0001,38.17,37.8,37.85,44765
2025-04-01 09:38:00,37.95,38.08,37.8001,37.8001,21275
2025-04-01 09:39:00,37.84,38.0,37.8,37.8541,21254
2025-04-01 09:40:00,37.8688,37.8734,37.58,37.63,40391
2025-04-01 09:41:00,37.645,37.95,37.57,37.85,87625
2025-04-01 09:42:00,37.9,37.95,37.76,37.845,29888
2025-04-01 09:43:00,37.8327,37.95,37.8,37.95,40739
2025-04-01 09:44:00,37.9,37.95,37.7351,37.82,54708
2025-04-01 09:45:00,37.75,37.9274,37.75,37.8,23500
2025-04-01 09:46:00,37.78,38.18,37.77,38.085,43472
2025-04-01 09:47:00,38.17,38.5,38.0701,38.47,143347
2025-04-01 09:48:00,38.4,39.1,38.3701,38.9821,204084
2025-04-01 09:49:00,38.99,39.1,38.8201,38.93,126083
2025-04-01 09:50:00,38.96,39.44,38.96,39.27,145372
2025-04-01 09:51:00,39.275,39.28,38.9,39.0653,155697
2025-04-01 09:52:00,39.13,39.4,39.1074,39.24,97271
2025-04-01 09:53:00,39.29,39.49,39.2015,39.2704,68002
2025-04-01 09:54:00,39.32,39.3398,39.0,39.0,47054
2025-04-01 09:55:00,39.1,39.34,39.0334,39.1501,123802
2025-04-01 09:56:00,39.225,39.9,39.1501,39.735,220483
2025-04-01 09:57:00,39.8,40.18,39.6192,40.1599,201276
2025-04-01 09:58:00,40.16,40.5,39.88,39.9953,283289
2025-04-01 09:59:00,40.0,40.4,39.9601,40.25,140182
2025-04-01 10:00:00,40.245,40.25,39.6,40.075,134054
2025-04-01 10:01:00,40.1491,40.22,40.0,40.0113,71065
2025-04-01 10:02:00,40.0001,40.0409,39.63,39.7,124645
2025-04-01 10:03:00,39.6901,40.1,39.6901,40.0,91770
2025-04-01 10:04:00,39.98,40.1,39.9,39.9,66382
2025-04-01 10:05:00,39.9051,40.3,39.8801,40.2,133135
2025-04-01 10:06:00,40.15,40.48,40.1101,40.185,121939
2025-04-01 10:07:00,40.185,40.28,39.91,40.08,150740
2025-04-01 10:08:00,40.07,40.2,39.91,40.02,88302
2025-04-01 10:09:00,40.025,40.1,39.94,39.955,60491
2025-04-01 10:10:00,39.955,39.955,39.8,39.9,52875
2025-04-01 10:11:00,39.87,40.0,39.8,39.92,43437
2025-04-01 10:12:00,39.95,40.0,39.516,39.56,76414
2025-04-01 10:13:00,39.6,39.64,39.03,39.2601,106520
2025-04-01 10:14:00,39.2825,39.35,39.0,39.105,58022
2025-04-01 10:15:00,39.105,39.18,38.8,38.9999,85935
2025-04-01 10:16:00,38.99,39.5937,38.9086,39.55,84090
2025-04-01 10:17:00,39.5132,39.599,39.25,39.49,29488
2025-04-01 10:18:00,39.4891,39.6386,39.34,39.4,43589
2025-04-01 10:19:00,39.4,39.6,39.38,39.5101,45757
2025-04-01 10:20:00,39.62,39.6362,39.36,39.361,23782
2025-04-01 10:21:00,39.5,39.5,39.36,39.435,37554
2025-04-01 10:22:00,39.375,39.7795,39.3,39.7281,61690
2025-04-01 10:23:00,39.69,40.0,39.62,39.9401,80886
2025-04-01 10:24:00,39.96,40.25,39.8501,40.19,82335
2025-04-01 10:25:00,40.1269,40.88,40.1001,40.845,201507
2025-04-01 10:26:00,40.845,41.0,40.33,40.45,175480
2025-04-01 10:27:00,40.45,40.79,40.3,40.41,92996
2025-04-01 10:28:00,40.4982,40.5,40.1,40.225,95244
2025-04-01 10:29:00,40.225,40.29,39.7405,39.84,129765
2025-04-01 10:30:00,39.7614,40.25,39.7614,40.16,42538
2025-04-01 10:31:00,40.1786,40.31,40.1201,40.26,31744
2025-04-01 10:32:00,40.3288,40.49,40.26,40.3301,50916
2025-04-01 10:33:00,40.335,40.335,40.0,40.035,27359
2025-04-01 10:34:00,40.03,40.12,40.0,40.055,31646
2025-04-01 10:35:00,40.03,40.03,39.84,39.9605,30703
2025-04-01 10:36:00,39.99,40.2999,39.99,40.1909,66636
2025-04-01 10:37:00,40.2999,40.2999,40.0,40.2367,37080
2025-04-01 10:38:00,40.19,40.4699,40.1,40.291,50866
2025-04-01 10:39:00,40.2952,40.6,40.29,40.49,39644
2025-04-01 10:40:00,40.465,40.6,40.39,40.475,78211
2025-04-01 10:41:00,40.4897,40.7257,40.4718,40.63,91576
2025-04-01 10:42:00,40.63,40.8,40.45,40.46,104327
2025-04-01 10:43:00,40.58,40.7,40.46,40.49,26286
2025-04-01 10:44:00,40.505,40.8,40.4501,40.63,61692
2025-04-01 10:45:00,40.6271,40.6271,40.32,40.34,42255
2025-04-01 10:46:00,40.36,40.6,40.05,40.315,38647
2025-04-01 10:47:00,40.3,40.395,40.23,40.3299,13449
2025-04-01 10:48:00,40.325,40.5,40.322,40.5,22407
2025-04-01 10:49:00,40.5,40.5,40.32,40.4,21500
2025-04-01 10:50:00,40.36,40.49,40.3201,40.4354,12496
2025-04-01 10:51:00,40.4301,40.89,40.4301,40.845,98613
2025-04-01 10:52:00,40.8448,41.21,40.6,41.03,148154
2025-04-01 10:53:00,41.0492,41.29,40.9,41.101,97085
2025-04-01 10:54:00,41.14,41.2,40.81,40.955,103104
2025-04-01 10:55:00,40.9447,41.07,40.81,40.82,46075
2025-04-01 10:56:00,40.8,40.87,40.55,40.6464,53834
2025-04-01 10:57:00,40.7732,40.8,40.66,40.755,25590
2025-04-01 10:58:00,40.7301,41.0,40.72,40.88,60962
2025-04-01 10:59:00,40.9,41.0,40.8501,40.96,59635
2025-04-01 11:00:00,40.99,41.13,40.7,40.82,106893
2025-04-01 11:01:00,40.81,41.0,40.81,40.9001,33241
2025-04-01 11:02:00,40.9061,41.04,40.9061,40.9712,52705
2025-04-01 11:03:00,40.9638,41.05,40.94,40.985,27805
2025-04-01 11:04:00,40.994,41.05,40.66,40.75,63013
2025-04-01 11:05:00,40.75,40.9799,40.745,40.9,30515
2025-04-01 11:06:00,40.8401,40.915,40.67,40.71,37332
2025-04-01 11:07:00,40.72,40.93,40.72,40.93,32760
2025-04-01 11:08:00,40.94,41.1,40.9001,41.06,32923
2025-04-01 11:09:00,41.1,41.37,41.1,41.2117,106111
2025-04-01 11:10:00,41.3,41.32,41.2001,41.2001,61774
2025-04-01 11:11:00,41.2,41.41,41.12,41.41,74974
2025-04-01 11:12:00,41.385,41.5,41.3601,41.48,104778
2025-04-01 11:13:00,41.4816,41.78,41.4001,41.675,108388
2025-04-01 11:14:00,41.72,41.89,41.51,41.7556,87225
2025-04-01 11:15:00,41.7617,41.89,41.7,41.79,128752
2025-04-01 11:16:00,41.8,41.9089,41.7,41.845,52829
2025-04-01 11:17:00,41.84,41.8431,41.7,41.7,64383
2025-04-01 11:18:00,41.7007,41.7899,41.585,41.655,92093
2025-04-01 11:19:00,41.6101,41.7186,41.38,41.62,71110
2025-04-01 11:20:00,41.62,41.6946,41.58,41.65,30954
2025-04-01 11:21:00,41.655,41.659,41.4,41.45,45294
2025-04-01 11:22:00,41.445,41.72,41.41,41.6441,36671
2025-04-01 11:23:00,41.6077,41.655,41.5,41.535,42489
2025-04-01 11:24:00,41.535,41.635,41.5,41.57,33319
2025-04-01 11:25:00,41.535,41.749,41.521,41.6452,39961
2025-04-01 11:26:00,41.63,41.6528,41.5401,41.5401,24280
2025-04-01 11:27:00,41.54,41.54,41.4,41.43,54464
2025-04-01 11:28:00,41.4,41.5,41.38,41.484,23291
2025-04-01 11:29:00,41.4285,41.69,41.4201,41.6443,44754
2025-04-01 11:30:00,41.6343,41.91,41.625,41.91,37499
2025-04-01 11:31:00,41.8201,42.75,41.8201,42.5,247899
2025-04-01 11:32:00,42.475,42.75,42.2001,42.645,132326
2025-04-01 11:33:00,42.645,42.89,42.5682,42.7654,129292
2025-04-01 11:34:00,42.82,43.18,42.5,42.655,324421
2025-04-01 11:35:00,42.655,42.76,42.52,42.75,105875
2025-04-01 11:36:00,42.715,43.15,42.7143,43.15,106200
2025-04-01 11:37:00,43.075,43.43,42.94,43.3393,184190
2025-04-01 11:38:00,43.25,43.5604,43.14,43.56,212194
2025-04-01 11:39:00,43.56,43.73,43.3,43.3,166103
2025-04-01 11:40:00,43.35,43.57,43.3,43.39,60573
2025-04-01 11:41:00,43.395,43.395,43.02,43.18,98391
2025-04-01 11:42:00,43.21,43.21,42.9,42.985,135982
2025-04-01 11:43:00,43.0,43.35,42.99,43.03,73827
2025-04-01 11:44:00,43.03,43.07,43.0,43.02,48523
2025-04-01 11:45:00,43.0208,43.03,42.89,43.016,83775
2025-04-01 11:46:00,43.015,43.25,42.8909,43.19,100070
2025-04-01 11:47:00,43.18,43.4,43.14,43.38,66043
2025-04-01 11:48:00,43.38,43.72,43.2501,43.635,102456
2025-04-01 11:49:00,43.635,44.0,43.635,43.985,162134
2025-04-01 11:50:00,43.985,43.99,43.84,43.89,95915
2025-04-01 11:51:00,43.885,44.1999,43.8,44.1277,180300
2025-04-01 11:52:00,44.0859,44.5,44.0002,44.38,228948
2025-04-01 11:53:00,44.4,44.68,44.33,44.3589,271557
2025-04-01 11:54:00,44.355,44.48,44.1,44.41,153988
2025-04-01 11:55:00,44.45,45.22,44.3701,45.1,227988
2025-04-01 11:56:00,45.18,46.32,44.73,46.125,497023
2025-04-01 11:57:00,46.125,46.46,45.13,45.32,508229
2025-04-01 11:58:00,45.615,45.95,45.2488,45.3601,205885
2025-04-01 11:59:00,45.36,45.8,45.34,45.63,119469
2025-04-01 12:00:00,45.66,45.7,44.8301,44.8701,249504
2025-04-01 12:01:00,44.885,45.15,44.49,44.5,173436
2025-04-01 12:02:00,44.58,44.7,44.3801,44.5201,103598
2025-04-01 12:03:00,44.6633,45.0,44.5201,44.7268,129724
2025-04-01 12:04:00,44.735,44.97,44.6001,44.8601,59980
2025-04-01 12:05:00,44.9505,44.98,44.68,44.701,63342
2025-04-01 12:06:00,44.71,44.79,44.54,44.625,82504
2025-04-01 12:07:00,44.645,44.645,44.12,44.1302,130278
2025-04-01 12:08:00,44.1935,44.4,44.04,44.27,126962
2025-04-01 12:09:00,44.25,44.3953,44.11,44.14,50827
2025-04-01 12:10:00,44.12,44.6028,44.0,44.39,140002
2025-04-01 12:11:00,44.3921,44.4116,44.15,44.25,75342
2025-04-01 12:12:00,44.21,44.859,44.209,44.859,84938
2025-04-01 12:13:00,44.7101,45.19,44.7101,45.14,145399
2025-04-01 12:14:00,45.09,45.55,44.99,45.42,172305
2025-04-01 12:15:00,45.42,45.6,44.95,44.9547,162989
2025-04-01 12:16:00,44.9502,45.3491,44.9502,45.1027,111971
2025-04-01 12:17:00,45.025,45.2,44.52,44.87,79531
2025-04-01 12:18:00,44.81,44.93,44.25,44.37,84880
2025-04-01 12:19:00,44.36,44.645,44.27,44.28,44406
2025-04-01 12:20:00,44.275,44.275,43.85,43.86,132130
2025-04-01 12:21:00,43.86,44.3299,43.83,44.21,83443
2025-04-01 12:22:00,44.22,44.22,43.7406,43.8,42074
2025-04-01 12:23:00,43.77,44.1178,43.5304,43.5304,136357
2025-04-01 12:24:00,43.565,43.8,43.53,43.75,73076
2025-04-01 12:25:00,43.7356,43.93,43.71,43.87,59730
2025-04-01 12:26:00,43.82,43.99,43.75,43.95,63026
2025-04-01 12:27:00,43.95,44.04,43.75,43.84,40462
2025-04-01 12:28:00,43.76,43.96,43.75,43.75,39356
2025-04-01 12:29:00,43.75,43.9499,43.69,43.725,55163
2025-04-01 12:30:00,43.72,43.78,43.52,43.53,43313
2025-04-01 12:31:00,43.56,43.56,43.43,43.4301,68854
2025-04-01 12:32:00,43.47,43.6899,43.4444,43.6877,48346
2025-04-01 12:33:00,43.66,43.6684,43.31,43.4118,87863
2025-04-01 12:34:00,43.4811,43.5,43.3218,43.4016,55657
2025-04-01 12:35:00,43.39,43.6983,43.3217,43.62,67363
2025-04-01 12:36:00,43.55,43.6,43.4,43.4102,49401
2025-04-01 12:37:00,43.485,43.515,43.31,43.475,58674
2025-04-01 12:38:00,43.4,43.475,43.31,43.38,53173
2025-04-01 12:39:00,43.4,43.4981,43.31,43.3801,47249
2025-04-01 12:40:00,43.3801,43.5,43.3801,43.44,36611
2025-04-01 12:41:00,43.425,43.5,43.3801,43.449,33005
2025-04-01 12:42:00,43.46,43.5,43.31,43.32,61864
2025-04-01 12:43:00,43.335,43.36,43.03,43.07,126691
2025-04-01 12:44:00,43.07,43.219,42.995,43.145,106138
2025-04-01 12:45:00,43.2087,43.85,43.1473,43.82,124715
2025-04-01 12:46:00,43.8,43.8199,43.5516,43.65,59324
2025-04-01 12:47:00,43.615,44.12,43.615,43.889,117571
2025-04-01 12:48:00,43.8802,44.04,43.8101,43.91,58358
2025-04-01 12:49:00,43.9,44.22,43.9,44.15,63285
2025-04-01 12:50:00,44.21,44.21,43.9,43.975,37653
2025-04-01 12:51:00,43.99,44.2443,43.96,44.2443,47592
2025-04-01 12:52:00,44.2492,44.2492,44.1,44.215,52936
2025-04-01 12:53:00,44.1963,44.25,44.11,44.1218,53107
2025-04-01 12:54:00,44.13,44.4,44.1225,44.3433,54669
2025-04-01 12:55:00,44.3001,44.47,44.2101,44.23,48294
2025-04-01 12:56:00,44.24,44.38,44.14,44.17,50063
2025-04-01 12:57:00,44.15,44.1895,43.9901,44.065,61423
2025-04-01 12:58:00,44.07,44.25,44.05,44.2301,15911
2025-04-01 12:59:00,44.24,44.3,44.1096,44.1501,20784
2025-04-01 13:00:00,44.1999,44.25,44.1501,44.23,26808
2025-04-01 13:01:00,44.2259,44.42,44.2201,44.395,25276
2025-04-01 13:02:00,44.42,44.5,44.3001,44.4,53965
2025-04-01 13:03:00,44.3892,44.5,44.35,44.3616,47535
2025-04-01 13:04:00,44.405,44.51,44.3601,44.5,47571
2025-04-01 13:05:00,44.495,45.0,44.3,44.365,107319
2025-04-01 13:06:00,44.3101,44.41,44.3101,44.3659,13707
2025-04-01 13:07:00,44.365,44.4992,44.24,44.41,38012
2025-04-01 13:08:00,44.5,44.5,44.205,44.41,21301
2025-04-01 13:09:00,44.425,44.485,44.38,44.465,10638
2025-04-01 13:10:00,44.4655,44.75,44.4487,44.69,48117
2025-04-01 13:11:00,44.7111,44.75,44.619,44.75,19692
2025-04-01 13:12:00,44.725,44.97,44.7,44.7001,71880
2025-04-01 13:13:00,44.7,44.89,44.5,44.755,64164
2025-04-01 13:14:00,44.7842,44.8999,44.69,44.865,23097
2025-04-01 13:15:00,44.875,44.885,44.7501,44.85,31592
2025-04-01 13:16:00,44.8592,44.8592,44.6201,44.7832,40619
2025-04-01 13:17:00,44.76,44.83,44.51,44.56,58384
2025-04-01 13:18:00,44.555,44.6851,44.51,44.561,25942
2025-04-01 13:19:00,44.585,44.67,44.56,44.62,31085
2025-04-01 13:20:00,44.62,44.67,44.44,44.5,46382
2025-04-01 13:21:00,44.5,44.5,44.25,44.28,59654
2025-04-01 13:22:00,44.325,44.51,44.2501,44.41,33798
2025-04-01 13:23:00,44.455,44.61,44.4245,44.4901,33974
2025-04-01 13:24:00,44.545,44.858,44.495,44.76,59863
2025-04-01 13:25:00,44.7801,45.0,44.71,44.745,106180
2025-04-01 13:26:00,44.7017,44.96,44.6,44.6141,38476
2025-04-01 13:27:00,44.655,44.691,44.6,44.66,8892
2025-04-01 13:28:00,44.71,44.8499,44.62,44.62,15949
2025-04-01 13:29:00,44.6274,44.79,44.6101,44.7145,34116
2025-04-01 13:30:00,44.7,44.85,44.6,44.695,43669
2025-04-01 13:31:00,44.79,44.79,44.6,44.75,22547
2025-04-01 13:32:00,44.77,44.88,44.7401,44.8401,21509
2025-04-01 13:33:00,44.86,44.8697,44.56,44.65,114211
2025-04-01 13:34:00,44.6,44.74,44.56,44.565,27875
2025-04-01 13:35:00,44.58,44.7,44.565,44.57,15804
2025-04-01 13:36:00,44.5701,44.65,44.48,44.55,32029
2025-04-01 13:37:00,44.5604,44.6221,44.48,44.5,14038
2025-04-01 13:38:00,44.5088,44.6541,44.5,44.57,125700
2025-04-01 13:39:00,44.58,44.69,44.52,44.67,16392
2025-04-01 13:40:00,44.655,44.915,44.65,44.875,26277
2025-04-01 13:41:00,44.88,45.0,44.8,44.865,80465
2025-04-01 13:42:00,44.88,45.0,44.81,44.94,25498
2025-04-01 13:43:00,44.94,45.25,44.94,45.125,147289
2025-04-01 13:44:00,45.145,45.145,44.98,45.045,54954
2025-04-01 13:45:00,45.045,45.25,45.02,45.14,37136
2025-04-01 13:46:00,45.12,45.15,45.0,45.075,38073
2025-04-01 13:47:00,45.057,45.15,44.7,44.765,47860
2025-04-01 13:48:00,44.765,44.99,44.72,44.875,23018
2025-04-01 13:49:00,44.8551,44.8984,44.777,44.8,16845
2025-04-01 13:50:00,44.85,44.9699,44.83,44.915,19622
2025-04-01 13:51:00,44.915,45.0876,44.8801,45.0368,24950
2025-04-01 13:52:00,45.05,45.09,45.0,45.025,30816
2025-04-01 13:53:00,45.0201,45.0499,44.9,44.9,22768
2025-04-01 13:54:00,44.95,45.05,44.922,45.05,16579
2025-04-01 13:55:00,45.04,45.25,45.0092,45.14,50307
2025-04-01 13:56:00,45.15,45.19,45.0601,45.12,18363
2025-04-01 13:57:00,45.12,45.129,44.9,45.1,34305
2025-04-01 13:58:00,45.14,45.35,45.1201,45.28,42237
2025-04-01 13:59:00,45.25,45.4,45.2251,45.31,29989
2025-04-01 14:00:00,45.28,45.3,45.19,45.2201,29756
2025-04-01 14:01:00,45.25,45.25,45.16,45.165,27125
2025-04-01 14:02:00,45.16,45.165,44.58,44.59,105274
2025-04-01 14:03:00,44.74,44.74,44.25,44.46,104459
2025-04-01 14:04:00,44.46,44.5,44.17,44.33,60599
2025-04-01 14:05:00,44.26,44.39,43.9,43.92,118977
2025-04-01 14:06:00,44.01,44.09,43.9,43.9931,38825
2025-04-01 14:07:00,43.995,43.995,43.53,43.69,65660
2025-04-01 14:08:00,43.5572,43.9,43.53,43.8101,32792
2025-04-01 14:09:00,43.875,44.16,43.823,44.105,39855
2025-04-01 14:10:00,44.0301,44.249,44.0301,44.2305,42788
2025-04-01 14:11:00,44.1769,44.38,44.1701,44.335,44187
2025-04-01 14:12:00,44.35,44.39,44.21,44.2101,99551
2025-04-01 14:13:00,44.25,44.4701,44.18,44.34,96190
2025-04-01 14:14:00,44.345,44.48,44.2502,44.435,69020
2025-04-01 14:15:00,44.435,44.475,44.34,44.42,29487
2025-04-01 14:16:00,44.4,44.4,44.0,44.0308,135045
2025-04-01 14:17:00,44.03,44.12,43.75,43.89,89166
2025-04-01 14:18:00,43.89,44.145,43.8712,44.005,37410
2025-04-01 14:19:00,44.0,44.1,43.95,44.055,27726
2025-04-01 14:20:00,44.055,44.16,44.001,44.08,100017
2025-04-01 14:21:00,44.08,44.58,44.0194,44.47,114120
2025-04-01 14:22:00,44.4001,44.5,44.2,44.27,41946
2025-04-01 14:23:00,44.265,44.4,44.265,44.38,23288
2025-04-01 14:24:00,44.3701,44.3794,44.2201,44.35,18747
2025-04-01 14:25:00,44.335,44.35,44.25,44.2575,21900
2025-04-01 14:26:00,44.252,44.26,44.01,44.0514,14148
2025-04-01 14:27:00,44.09,44.23,44.0015,44.16,10615
2025-04-01 14:28:00,44.16,44.25,44.125,44.18,21784
2025-04-01 14:29:00,44.15,44.38,44.15,44.305,27257
2025-04-01 14:30:00,44.335,44.38,44.0001,44.15,22359
2025-04-01 14:31:00,44.15,44.1599,44.075,44.1053,14677
2025-04-01 14:32:00,44.11,44.25,44.1,44.115,37073
2025-04-01 14:33:00,44.13,44.16,43.85,43.85,50925
2025-04-01 14:34:00,43.85,44.08,43.85,44.005,27892
2025-04-01 14:35:00,44.005,44.01,43.8301,43.925,36398
2025-04-01 14:36:00,43.9848,44.0,43.84,43.995,34523
2025-04-01 14:37:00,43.995,44.0,43.83,43.87,20627
2025-04-01 14:38:00,43.87,44.0,43.715,43.81,52740
2025-04-01 14:39:00,43.83,43.85,43.53,43.77,52838
2025-04-01 14:40:00,43.77,44.18,43.77,44.105,53032
2025-04-01 14:41:00,44.105,44.38,44.095,44.265,66137
2025-04-01 14:42:00,44.21,44.51,44.205,44.475,38211
2025-04-01 14:43:00,44.475,44.5,44.26,44.26,63526
2025-04-01 14:44:00,44.3195,44.375,44.1884,44.2,53221
2025-04-01 14:45:00,44.2,44.38,44.18,44.21,38636
2025-04-01 14:46:00,44.29,44.36,44.201,44.27,23188
2025-04-01 14:47:00,44.27,44.34,44.25,44.315,33734
2025-04-01 14:48:00,44.315,44.32,44.235,44.235,24202
2025-04-01 14:49:00,44.235,44.44,44.04,44.265,74994
2025-04-01 14:50:00,44.255,44.409,44.18,44.19,37015
2025-04-01 14:51:00,44.18,44.5,44.13,44.5,43303
2025-04-01 14:52:00,44.4902,44.5,44.35,44.35,30940
2025-04-01 14:53:00,44.355,44.52,44.35,44.445,19028
2025-04-01 14:54:00,44.4469,44.4469,44.35,44.395,43118
2025-04-01 14:55:00,44.395,44.98,44.3913,44.9375,92187
2025-04-01 14:56:00,44.9,45.64,44.8529,45.545,175046
2025-04-01 14:57:00,45.58,45.81,45.4,45.6692,121298
2025-04-01 14:58:00,45.665,45.74,45.29,45.68,147921
2025-04-01 14:59:00,45.6749,45.75,45.4401,45.625,110306
2025-04-01 15:00:00,45.64,46.32,45.61,46.1501,233769
2025-04-01 15:01:00,46.16,46.39,46.01,46.34,135897
2025-04-01 15:02:00,46.365,46.5,46.04,46.16,145579
2025-04-01 15:03:00,46.16,46.19,45.0,45.535,151464
2025-04-01 15:04:00,45.5319,45.7878,45.34,45.38,151986
2025-04-01 15:05:00,45.38,45.68,45.38,45.61,45665
2025-04-01 15:06:00,45.605,45.67,45.32,45.365,25249
2025-04-01 15:07:00,45.3563,45.8,45.32,45.68,40431
2025-04-01 15:08:00,45.6292,45.6575,45.365,45.5784,34062
2025-04-01 15:09:00,45.5419,45.665,45.4001,45.655,46037
2025-04-01 15:10:00,45.63,46.08,45.63,45.9409,80125
2025-04-01 15:11:00,45.965,46.38,45.9356,46.3218,101254
2025-04-01 15:12:00,46.295,46.75,46.2601,46.45,180503
2025-04-01 15:13:00,46.4389,47.16,46.4301,47.13,180136
2025-04-01 15:14:00,47.042,47.43,47.01,47.4299,137960
2025-04-01 15:15:00,47.4176,47.48,47.2011,47.4745,84336
2025-04-01 15:16:00,47.4858,47.87,47.3752,47.785,143088
2025-04-01 15:17:00,47.8,48.45,47.77,48.12,293502
2025-04-01 15:18:00,48.06,48.8499,48.06,48.61,226329
2025-04-01 15:19:00,48.6,49.08,48.501,48.755,230980
2025-04-01 15:20:00,48.755,48.98,48.42,48.6014,201675
2025-04-01 15:21:00,48.57,48.94,48.04,48.28,150806
2025-04-01 15:22:00,48.2201,49.24,48.1692,49.14,210844
2025-04-01 15:23:00,49.14,49.4199,49.0009,49.0925,244540
2025-04-01 15:24:00,49.09,49.09,48.3,48.6883,181639
2025-04-01 15:25:00,48.6001,49.256,48.53,48.56,131215
2025-04-01 15:26:00,48.65,48.65,47.79,47.9078,176174
2025-04-01 15:27:00,48.0583,48.5,48.0,48.205,114003
2025-04-01 15:28:00,48.13,48.29,47.77,47.7701,102930
2025-04-01 15:29:00,47.7509,48.07,47.75,47.915,53137
2025-04-01 15:30:00,47.915,47.915,46.82,47.171,251308
2025-04-01 15:31:00,47.21,47.74,46.91,47.4001,112910
2025-04-01 15:32:00,47.4,47.4518,46.9201,46.96,103781
2025-04-01 15:33:00,46.9201,47.345,46.84,47.07,75929
2025-04-01 15:34:00,47.01,47.475,46.97,46.975,79729
2025-04-01 15:35:00,46.9701,47.31,46.72,47.0537,99450
2025-04-01 15:36:00,47.055,47.31,47.0001,47.25,108167
2025-04-01 15:37:00,47.263,47.9,47.2101,47.8502,150013
2025-04-01 15:38:00,47.8432,48.07,47.7089,47.885,235310
2025-04-01 15:39:00,47.885,48.6,47.84,48.4603,167470
2025-04-01 15:40:00,48.41,48.7,48.3001,48.645,163243
2025-04-01 15:41:00,48.665,48.7299,48.4401,48.705,139624
2025-04-01 15:42:00,48.73,48.8499,48.53,48.715,150698
2025-04-01 15:43:00,48.715,49.1,48.7102,49.07,205650
2025-04-01 15:44:00,49.1099,49.8,49.1,49.765,296455
2025-04-01 15:45:00,49.785,50.3999,49.785,49.97,287374
2025-04-01 15:46:00,50.035,50.33,49.43,49.435,194492
2025-04-01 15:47:00,49.4301,49.435,49.01,49.06,200657
2025-04-01 15:48:00,49.06,49.42,48.83,49.4183,141409
2025-04-01 15:49:00,49.335,50.02,49.3201,49.81,231465
2025-04-01 15:50:00,49.8,50.95,49.7,50.7501,180200
2025-04-01 15:51:00,50.85,51.2001,50.36,50.77,289133
2025-04-01 15:52:00,50.76,51.4,50.705,51.095,198641
2025-04-01 15:53:00,51.09,52.3,50.905,51.87,255748
2025-04-01 15:54:00,51.87,52.2999,51.55,52.16,295266
2025-04-01 15:55:00,52.09,52.5,51.615,51.615,339320
2025-04-01 15:56:00,51.615,52.44,51.6001,52.3522,292655
2025-04-01 15:57:00,52.275,53.25,52.1501,53.035,353823
2025-04-01 15:58:00,53.0358,53.04,52.25,52.7,351456
2025-04-01 15:59:00,52.7,53.27,52.35,52.69,439656
2025-04-01 16:00:00,52.57,53.67,52.57,53.2855,544619
2025-04-01 16:01:00,53.29,53.5,53.0,53.05,32866
2025-04-01 16:02:00,53.05,53.05,52.5,52.51,18788
2025-04-01 16:03:00,52.655,52.85,52.01,52.62,24138
2025-04-01 16:04:00,52.5,53.64,52.5,53.6282,15725
2025-04-01 16:05:00,53.52,53.85,52.57,53.19,41057
2025-04-01 16:06:00,53.19,53.29,52.61,52.7,6970
2025-04-01 16:07:00,52.61,53.41,52.6003,53.26,8633
2025-04-01 16:08:00,53.16,53.42,52.6,52.9,10890
2025-04-01 16:09:00,52.75,53.148,52.71,53.148,4798
2025-04-01 16:10:00,53.1,53.3,53.0,53.24,6818
2025-04-01 16:11:00,53.2327,54.23,53.2,53.95,32978
2025-04-01 16:12:00,53.6,53.88,52.77,53.23,21861
2025-04-01 16:13:00,53.01,54.05,52.57,53.81,73064
2025-04-01 16:14:00,53.99,53.99,53.35,53.68,8545
2025-04-01 16:15:00,53.74,54.11,53.58,53.98,16780
2025-04-01 16:16:00,53.93,54.0,53.72,53.84,21264
2025-04-01 16:17:00,53.9,53.98,53.44,53.74,9946
2025-04-01 16:18:00,53.6,53.96,53.57,53.94,10854
2025-04-01 16:19:00,53.795,53.94,53.5,53.62,9297
2025-04-01 16:20:00,53.6,53.6,53.12,53.2,5609
2025-04-01 16:21:00,53.2499,53.3,53.12,53.2186,4991
2025-04-01 16:22:00,53.1209,53.13,52.571,52.75,18946
2025-04-01 16:23:00,52.76,52.76,52.3,52.3,14427
2025-04-01 16:24:00,52.3001,52.3001,52.0,52.01,23080
2025-04-01 16:25:00,52.0098,52.57,51.83,52.0501,22781
2025-04-01 16:26:00,52.05,52.5,52.05,52.13,3707
2025-04-01 16:27:00,52.18,52.45,52.1,52.1,6681
2025-04-01 16:28:00,52.1,52.24,52.07,52.1,4219
2025-04-01 16:29:00,52.1,52.1,51.5564,52.0,19798
2025-04-01 16:30:00,51.9999,52.0,51.62,51.88,8567
2025-04-01 16:31:00,51.87,51.9,51.62,51.8025,11607
2025-04-01 16:32:00,51.88,52.6,51.8,52.6,32332
2025-04-01 16:33:00,52.63,53.0,52.31,52.5,13847
2025-04-01 16:34:00,52.5,53.3,52.36,53.2,11062
2025-04-01 16:35:00,53.2537,53.26,52.5,53.25,7842
2025-04-01 16:36:00,53.25,53.25,52.57,53.11,51523
2025-04-01 16:37:00,53.12,53.2,52.8,53.14,1969
2025-04-01 16:38:00,53.14,53.2,52.9,53.1725,1944
2025-04-01 16:39:00,53.035,53.4,52.84,53.37,19500
2025-04-01 16:40:00,53.4,54.11,53.23,54.0,19136
2025-04-01 16:41:00,54.0,54.07,53.4999,54.0,12148
2025-04-01 16:42:00,54.0,54.0,53.7481,53.8983,7719
2025-04-01 16:43:00,53.8999,54.45,52.57,54.4,227412
2025-04-01 16:44:00,54.1,54.4,54.03,54.1,14786
2025-04-01 16:45:00,54.29,54.99,54.25,54.98,29297
2025-04-01 16:46:00,54.99,55.0,54.61,54.83,36283
2025-04-01 16:47:00,54.84,54.84,54.0,54.4999,15722
2025-04-01 16:48:00,54.49,54.5,54.0,54.37,6410
2025-04-01 16:49:00,54.35,54.65,54.1,54.1,6178
2025-04-01 16:50:00,54.1,54.31,54.0,54.01,5825
2025-04-01 16:51:00,54.16,54.2,54.0,54.09,5106
2025-04-01 16:52:00,54.0001,54.21,54.0,54.21,5057
2025-04-01 16:53:00,54.21,54.21,54.0,54.01,6943
2025-04-01 16:54:00,54.01,54.19,53.99,54.0,16614
2025-04-01 16:55:00,54.0,54.0,53.5,53.57,9630
2025-04-01 16:56:00,53.51,53.8,53.5,53.6,5109
2025-04-01 16:57:00,53.74,54.2101,53.5256,54.2101,11428
2025-04-01 16:58:00,54.1,54.3,54.05,54.2,2528
2025-04-01 16:59:00,54.13,54.2,54.03,54.04,2545
2025-04-01 17:00:00,54.04,54.18,54.0,54.0509,3391
2025-04-01 17:01:00,54.14,54.25,54.06,54.0622,6358
2025-04-01 17:02:00,54.16,54.5,54.14,54.39,9949
2025-04-01 17:03:00,54.4,54.5,54.24,54.4895,4141
2025-04-01 17:04:00,54.4217,54.65,54.4201,54.6499,8461
2025-04-01 17:05:00,54.64,55.0,54.5,54.7,9808
2025-04-01 17:06:00,54.67,55.0,54.67,54.99,15893
2025-04-01 17:07:00,54.98,55.0,54.8018,55.0,6624
2025-04-01 17:08:00,54.87,54.91,54.71,54.71,2921
2025-04-01 17:09:00,54.71,54.91,54.71,54.8,12124
2025-04-01 17:10:00,54.85,55.0,54.85,54.9999,6315
2025-04-01 17:11:00,55.0,55.62,54.98,55.58,30601
2025-04-01 17:12:00,55.55,55.85,55.29,55.64,19968
2025-04-01 17:13:00,55.63,55.99,55.63,55.9,20508
2025-04-01 17:14:00,55.89,56.27,55.8,56.0,47168
2025-04-01 17:15:00,56.0001,56.13,55.62,55.89,33117
2025-04-01 17:16:00,55.6201,55.88,55.5,55.75,17374
2025-04-01 17:17:00,55.75,56.0,55.5801,55.99,10009
2025-04-01 17:18:00,56.0,56.25,55.8001,56.25,15863
2025-04-01 17:19:00,56.24,56.6,56.2,56.49,27994
2025-04-01 17:20:00,56.52,56.59,56.08,56.12,21844
2025-04-01 17:21:00,56.13,56.25,56.11,56.25,4512
2025-04-01 17:22:00,56.12,56.2,55.552,55.67,20938
2025-04-01 17:23:00,55.9,55.9,55.6,55.85,8104
2025-04-01 17:24:00,55.8999,55.99,55.6,55.61,13352
2025-04-01 17:25:00,55.6,55.8102,55.2301,55.3,16302
2025-04-01 17:26:00,55.3,55.4835,55.0,55.26,16846
2025-04-01 17:27:00,55.034,55.18,54.56,54.8,17071
2025-04-01 17:28:00,54.6709,54.8,54.58,54.6999,13709
2025-04-01 17:29:00,54.7,54.8,54.61,54.7684,12698
2025-04-01 17:30:00,54.77,54.77,54.18,54.182,20572
2025-04-01 17:31:00,54.18,54.57,54.18,54.57,15291
2025-04-01 17:32:00,54.56,54.77,54.4,54.64,4987
2025-04-01 17:33:00,54.5,54.6,54.26,54.32,4407
2025-04-01 17:34:00,54.47,54.47,54.25,54.46,6886
2025-04-01 17:35:00,54.2501,54.48,54.25,54.43,5096
2025-04-01 17:36:00,54.35,54.43,53.78,53.8,16439
2025-04-01 17:37:00,53.8,53.92,53.66,53.77,14042
2025-04-01 17:38:00,53.77,54.08,53.6612,54.08,21077
2025-04-01 17:39:00,53.9,54.27,53.73,54.2643,6574
2025-04-01 17:40:00,54.15,54.27,54.0,54.14,6259
2025-04-01 17:41:00,54.132,54.2,53.83,53.85,1418
2025-04-01 17:42:00,53.9855,54.0,53.73,53.9482,8763
2025-04-01 17:43:00,53.95,54.11,53.9,53.9598,6534
2025-04-01 17:44:00,53.856,54.09,53.85,53.85,7076
2025-04-01 17:45:00,53.855,53.865,53.73,53.75,5070
2025-04-01 17:46:00,53.77,54.11,53.68,54.1,5580
2025-04-01 17:47:00,54.11,54.25,54.05,54.12,5792
2025-04-01 17:48:00,54.17,54.28,54.11,54.28,8982
2025-04-01 17:49:00,54.28,54.46,54.25,54.42,16134
2025-04-01 17:50:00,54.44,54.5,54.38,54.42,6890
2025-04-01 17:51:00,54.43,54.5,54.38,54.38,4967
2025-04-01 17:52:00,54.39,54.67,54.39,54.65,8088
2025-04-01 17:53:00,54.67,54.7499,54.54,54.58,10529
2025-04-01 17:54:00,54.58,54.65,54.38,54.6,2126
2025-04-01 17:55:00,54.3842,54.4,54.26,54.26,5342
2025-04-01 17:56:00,54.26,54.8,54.26,54.8,7083
2025-04-01 17:57:00,54.8475,54.85,54.56,54.7691,4848
2025-04-01 17:58:00,54.73,54.84,54.65,54.84,3068
2025-04-01 17:59:00,54.84,54.85,54.73,54.77,4156
2025-04-01 18:00:00,54.73,54.77,54.73,54.74,2475
2025-04-01 18:01:00,54.74,54.74,54.73,54.74,2150
2025-04-01 18:02:00,54.73,54.75,54.51,54.71,7136
2025-04-01 18:03:00,54.5101,54.72,54.51,54.5199,13524
2025-04-01 18:04:00,54.51,54.51,53.8105,53.84,15699
2025-04-01 18:05:00,53.81,54.25,53.81,54.0,4195
2025-04-01 18:06:00,53.99,54.39,53.82,53.9999,1739
2025-04-01 18:07:00,53.8301,54.0,53.83,53.83,2769
2025-04-01 18:08:00,54.0,54.0,53.76,53.99,1085
2025-04-01 18:09:00,53.84,54.0,53.77,53.8,2366
2025-04-01 18:10:00,53.773,53.9,53.06,53.4514,15109
2025-04-01 18:11:00,53.24,53.45,53.11,53.1562,7877
2025-04-01 18:12:00,53.24,53.27,53.12,53.2,7120
2025-04-01 18:13:00,53.16,53.26,53.11,53.16,11005
2025-04-01 18:14:00,53.13,53.4,53.12,53.4,4198
2025-04-01 18:15:00,53.4,53.99,53.4,53.7459,2791
2025-04-01 18:16:00,53.7,53.82,53.5,53.78,1336
2025-04-01 18:17:00,53.79,53.99,53.36,53.56,239
2025-04-01 18:18:00,53.65,53.68,53.46,53.46,1458
2025-04-01 18:19:00,53.53,53.71,53.46,53.66,543
2025-04-01 18:20:00,53.5794,53.66,53.5,53.63,11506
2025-04-01 18:21:00,53.66,53.66,53.3025,53.4,2228
2025-04-01 18:22:00,53.4,53.4,53.06,53.0666,4061
2025-04-01 18:23:00,53.1996,53.2,53.06,53.09,3314
2025-04-01 18:24:00,53.2,53.2,52.61,52.8,8116
2025-04-01 18:25:00,52.8,52.8,52.6157,52.64,13733
2025-04-01 18:26:00,52.65,52.65,52.01,52.09,10095
2025-04-01 18:27:00,52.055,52.49,52.02,52.4833,9174
2025-04-01 18:28:00,52.48,53.0,52.25,53.0,2952
2025-04-01 18:29:00,53.0,53.0,52.7,52.78,3489
2025-04-01 18:30:00,52.78,52.95,52.7,52.9,2885
2025-04-01 18:31:00,52.71,52.8786,52.3,52.35,2139
2025-04-01 18:32:00,52.41,52.61,52.36,52.5,3025
2025-04-01 18:33:00,52.5,52.88,52.3,52.87,1948
2025-04-01 18:34:00,52.5,52.52,52.2,52.21,20286
2025-04-01 18:35:00,52.21,52.21,52.0,52.01,6284
2025-04-01 18:36:00,52.01,52.05,51.88,52.0,4835
2025-04-01 18:37:00,52.0,52.01,51.8,51.81,6536
2025-04-01 18:38:00,51.83,52.0,51.77,51.93,15757
2025-04-01 18:39:00,52.0,52.1,51.88,51.9,6145
2025-04-01 18:40:00,51.9,52.0,51.88,52.0,1446
2025-04-01 18:41:00,51.99,52.0,51.82,51.89,4591
2025-04-01 18:42:00,51.89,52.0,51.81,52.0,2185
2025-04-01 18:43:00,51.9,51.9,51.794,51.89,1489
2025-04-01 18:44:00,51.81,51.9,51.8,51.8996,1901
2025-04-01 18:45:00,51.86,52.24,51.8122,52.1,7570
2025-04-01 18:46:00,52.03,52.22,52.0,52.21,3560
2025-04-01 18:47:00,52.22,52.26,52.05,52.26,4929
2025-04-01 18:48:00,52.1,52.4961,52.1,52.27,3945
2025-04-01 18:49:00,52.4705,52.49,52.2,52.36,1591
2025-04-01 18:50:00,52.36,52.4,52.2,52.4,1346
2025-04-01 18:51:00,52.4,52.56,52.39,52.56,2154
2025-04-01 18:52:00,52.64,52.9,52.55,52.894,765
2025-04-01 18:53:00,52.72,52.89,52.562,52.562,3089
2025-04-01 18:54:00,52.7,52.85,52.6,52.66,579
2025-04-01 18:55:00,52.68,52.7,52.5,52.5,3889
2025-04-01 18:56:00,52.5,52.51,52.25,52.25,3347
2025-04-01 18:57:00,52.4,52.68,52.25,52.38,3484
2025-04-01 18:58:00,52.38,52.68,52.33,52.4,868
2025-04-01 18:59:00,52.5,52.68,52.39,52.6755,1879
2025-04-01 19:00:00,52.664,52.68,52.5006,52.59,2742
2025-04-01 19:01:00,52.59,52.72,52.33,52.4,6158
2025-04-01 19:02:00,52.4,52.7,52.33,52.7,629
2025-04-01 19:03:00,52.7,52.7,52.35,52.47,1279
2025-04-01 19:04:00,52.7,52.7,52.35,52.433,2768
2025-04-01 19:05:00,52.57,52.7,52.48,52.58,1961
2025-04-01 19:06:00,52.57,52.667,52.514,52.55,1110
2025-04-01 19:07:00,52.55,52.67,52.48,52.4847,5147
2025-04-01 19:08:00,52.4815,52.66,52.48,52.5,2247
2025-04-01 19:09:00,52.58,52.66,52.5,52.58,849
2025-04-01 19:10:00,52.5011,52.59,52.5,52.5899,4280
2025-04-01 19:11:00,52.58,52.6237,52.54,52.56,5435
2025-04-01 19:12:00,52.56,52.74,52.56,52.65,603
2025-04-01 19:13:00,52.6,52.74,52.54,52.74,598
2025-04-01 19:14:00,52.56,52.7,52.5411,52.641,411
2025-04-01 19:15:00,52.6,52.7,52.55,52.5519,1886
2025-04-01 19:16:00,52.65,52.7,52.55,52.57,1517
2025-04-01 19:17:00,52.65,52.7,52.57,52.7,1289
2025-04-01 19:18:00,52.7,52.7,52.57,52.68,996
2025-04-01 19:19:00,52.57,52.67,52.57,52.59,751
2025-04-01 19:20:00,52.58,52.63,52.57,52.57,1278
2025-04-01 19:21:00,52.62,52.63,52.54,52.6289,2814
2025-04-01 19:22:00,52.62,52.9,52.62,52.8768,3475
2025-04-01 19:23:00,52.77,52.8,52.65,52.78,3038
2025-04-01 19:24:00,52.7999,52.8,52.7,52.78,3354
2025-04-01 19:25:00,52.78,52.8,52.7504,52.8,890
2025-04-01 19:26:00,52.7984,52.86,52.772,52.8589,1892
2025-04-01 19:27:00,52.85,52.99,52.8,52.9865,1376
2025-04-01 19:28:00,52.89,53.0,52.89,52.976,3054
2025-04-01 19:29:00,52.94,52.95,52.85,52.85,3407
2025-04-01 19:30:00,52.85,52.85,52.76,52.85,806
2025-04-01 19:31:00,52.85,52.9,52.76,52.9,1235
2025-04-01 19:32:00,52.85,52.9,52.75,52.75,614
2025-04-01 19:33:00,52.84,52.87,52.75,52.85,368
2025-04-01 19:34:00,52.81,52.85,52.75,52.7501,1128
2025-04-01 19:35:00,52.797,52.8,52.7,52.71,574
2025-04-01 19:36:00,52.73,52.75,52.6503,52.7492,14338
2025-04-01 19:37:00,52.75,52.75,52.51,52.57,955
2025-04-01 19:38:00,52.57,52.57,52.2025,52.48,6181
2025-04-01 19:39:00,52.35,52.48,52.2,52.29,865
2025-04-01 19:40:00,52.25,52.3475,52.13,52.13,2110
2025-04-01 19:41:00,52.14,52.14,52.01,52.08,2958
2025-04-01 19:42:00,52.08,52.25,52.06,52.25,4406
2025-04-01 19:43:00,52.26,52.26,52.0357,52.17,12059
2025-04-01 19:44:00,52.24,52.25,52.03,52.2,1729
2025-04-01 19:45:00,52.2,52.35,52.2,52.3,2608
2025-04-01 19:46:00,52.3,52.5,52.3,52.33,2174
2025-04-01 19:47:00,52.2,52.6,52.2,52.35,3407
2025-04-01 19:48:00,52.35,52.5,52.35,52.4899,640
2025-04-01 19:49:00,52.35,52.49,52.28,52.28,1802
2025-04-01 19:50:00,52.48,52.49,52.28,52.3501,2241
2025-04-01 19:51:00,52.3501,52.75,52.35,52.65,3425
2025-04-01 19:52:00,52.65,52.69,52.53,52.58,2794
2025-04-01 19:53:00,52.57,52.5913,52.35,52.35,1325
2025-04-01 19:54:00,52.45,52.45,52.3037,52.3037,1649
2025-04-01 19:55:00,52.4,52.45,52.3203,52.3515,4890
2025-04-01 19:56:00,52.3501,52.5,52.35,52.4,2858
2025-04-01 19:57:00,52.36,52.6704,52.3501,52.48,11854
2025-04-01 19:58:00,52.45,52.55,52.3,52.31,14193
2025-04-01 19:59:00,52.3994,52.47,52.3,52.31,8542
2025-04-02 04:00:00,52.0,53.5,52.0,52.6,2145
2025-04-02 04:01:00,52.6,52.78,52.41,52.68,1380
2025-04-02 04:02:00,52.77,53.16,52.77,53.16,559
2025-04-02 04:03:00,53.35,53.47,53.02,53.47,1806
2025-04-02 04:04:00,53.45,53.47,53.12,53.38,2118
2025-04-02 04:05:00,53.43,53.47,53.03,53.42,1259
2025-04-02 04:06:00,53.26,53.6,53.0,53.0,5173
2025-04-02 04:07:00,53.07,53.25,53.0,53.0,408
2025-04-02 04:08:00,53.24,53.24,53.0,53.23,51
2025-04-02 04:09:00,53.19,53.25,53.19,53.24,753
2025-04-02 04:10:00,53.24,53.25,53.2,53.2,639
2025-04-02 04:11:00,53.2,53.2,52.66,52.66,615
2025-04-02 04:12:00,52.65,52.65,51.83,52.0,1271
2025-04-02 04:13:00,51.9,52.03,51.61,51.9,781
2025-04-02 04:14:00,51.87,51.9,51.53,51.71,951
2025-04-02 04:15:00,51.7,51.71,51.34,51.34,1333
2025-04-02 04:16:00,51.34,51.34,50.96,50.96,8486
2025-04-02 04:17:00,50.89,51.06,50.6,51.05,5306
2025-04-02 04:18:00,51.31,51.31,50.74,51.02,2391
2025-04-02 04:19:00,51.04,51.31,51.01,51.3,300
2025-04-02 04:20:00,51.35,51.77,50.89,51.0,1553
2025-04-02 04:21:00,51.35,51.38,51.23,51.38,208
2025-04-02 04:22:00,51.37,51.78,51.25,51.34,97
2025-04-02 04:23:00,51.45,51.45,51.2,51.29,486
2025-04-02 04:24:00,51.3,51.45,51.3,51.45,192
2025-04-02 04:25:00,51.46,51.55,51.45,51.55,335
2025-04-02 04:26:00,51.55,51.9,51.55,51.69,586
2025-04-02 04:27:00,51.87,52.15,51.8,52.14,1275
2025-04-02 04:28:00,52.02,52.02,52.02,52.02,100
2025-04-02 04:29:00,52.02,52.44,52.02,52.24,453
2025-04-02 04:30:00,52.38,52.38,52.0,52.0,1176
2025-04-02 04:31:00,52.32,52.32,52.01,52.29,151
2025-04-02 04:32:00,52.16,52.2,52.16,52.2,58
2025-04-02 04:33:00,52.07,52.07,51.8,51.8,2107
2025-04-02 04:34:00,51.63,51.63,51.59,51.59,200
2025-04-02 04:35:00,52.05,52.05,51.98,51.98,239
2025-04-02 04:36:00,51.63,51.84,51.61,51.61,189
2025-04-02 04:37:00,51.83,51.83,51.5,51.5,672
2025-04-02 04:38:00,51.6,51.6,51.49,51.5,1010
2025-04-02 04:39:00,51.5,51.55,51.5,51.55,150
2025-04-02 04:40:00,51.5,51.85,51.5,51.79,910
2025-04-02 04:41:00,51.99,52.0,51.79,52.0,1255
2025-04-02 04:42:00,51.98,52.0,51.98,52.0,150
2025-04-02 04:43:00,51.99,51.99,51.97,51.98,500
2025-04-02 04:44:00,51.57,51.57,51.57,51.57,22
2025-04-02 04:46:00,51.7,51.77,51.59,51.59,216
2025-04-02 04:48:00,51.7,51.78,51.56,51.78,82
2025-04-02 04:49:00,51.7,51.7,51.69,51.7,85
2025-04-02 04:50:00,51.7,51.7,51.7,51.7,1
2025-04-02 04:51:00,51.69,51.69,51.6,51.6,6
2025-04-02 04:52:00,51.7,51.84,51.64,51.65,95
2025-04-02 04:53:00,51.6,51.6,51.5,51.53,267
2025-04-02 04:54:00,51.55,51.55,51.55,51.55,10
2025-04-02 04:55:00,51.55,51.55,51.55,51.55,169
2025-04-02 04:56:00,51.56,51.56,51.3,51.35,2641
2025-04-02 04:57:00,51.3,51.35,51.23,51.23,635
2025-04-02 04:58:00,51.22,51.22,51.22,51.22,4
2025-04-02 04:59:00,51.2,51.23,51.13,51.2,241
2025-04-02 05:00:00,51.29,51.5,51.11,51.4,2488
2025-04-02 05:01:00,51.3,51.3,51.3,51.3,1
2025-04-02 05:02:00,51.3,51.36,51.3,51.3,1322
2025-04-02 05:03:00,51.15,51.15,51.11,51.12,576
2025-04-02 05:04:00,51.29,51.29,51.15,51.15,11
2025-04-02 05:05:00,51.15,51.29,51.15,51.15,311
2025-04-02 05:06:00,51.2,51.3,51.2,51.29,445
2025-04-02 05:07:00,51.29,51.3,51.15,51.15,314
2025-04-02 05:08:00,51.28,51.3,51.28,51.3,1158
2025-04-02 05:09:00,51.3,51.3,51.2,51.3,2118
2025-04-02 05:10:00,51.31,51.4,51.3,51.3,1013
2025-04-02 05:11:00,51.4,51.4,51.1,51.11,1000
2025-04-02 05:12:00,51.11,51.24,51.0,51.0,2977
2025-04-02 05:13:00,51.0,51.0,50.65,50.66,5099
2025-04-02 05:14:00,50.67,50.81,50.66,50.8,176
2025-04-02 05:15:00,50.8,51.28,50.8,50.94,1866
2025-04-02 05:16:00,51.18,51.2,51.01,51.09,113
2025-04-02 05:17:00,51.07,51.07,51.01,51.01,308
2025-04-02 05:18:00,51.04,51.1,50.94,51.1,423
2025-04-02 05:19:00,50.9,51.15,50.85,50.85,3111
2025-04-02 05:20:00,50.84,50.85,50.76,50.82,23
2025-04-02 05:21:00,50.8,50.8,50.65,50.65,446
2025-04-02 05:22:00,50.65,50.71,50.6,50.6,280
2025-04-02 05:23:00,50.63,50.9,50.56,50.67,2931
2025-04-02 05:24:00,50.84,50.84,50.66,50.67,613
2025-04-02 05:25:00,50.82,51.08,50.74,51.02,2479
2025-04-02 05:26:00,50.98,51.0,50.98,51.0,1001
2025-04-02 05:27:00,51.0,51.9,51.0,51.59,2269
2025-04-02 05:28:00,51.44,51.44,51.1,51.38,177
2025-04-02 05:29:00,51.35,51.47,51.24,51.47,437
2025-04-02 05:30:00,51.49,51.49,51.24,51.41,479
2025-04-02 05:31:00,51.41,51.65,51.32,51.52,2220
2025-04-02 05:32:00,51.87,51.87,51.84,51.84,304
2025-04-02 05:33:00,51.7,51.8,51.69,51.69,243
2025-04-02 05:34:00,51.79,51.79,51.52,51.52,76
2025-04-02 05:35:00,51.6,51.6,51.52,51.52,51
2025-04-02 05:36:00,51.77,51.77,51.53,51.55,160
2025-04-02 05:37:00,51.73,51.73,51.62,51.63,104
2025-04-02 05:38:00,51.68,51.98,51.64,51.98,185
2025-04-02 05:41:00,51.86,51.86,51.76,51.76,86
2025-04-02 05:42:00,51.76,51.88,51.76,51.88,1049
2025-04-02 05:43:00,51.86,51.86,51.82,51.83,196
2025-04-02 05:44:00,51.67,51.83,51.64,51.7,339
2025-04-02 05:45:00,51.85,51.85,51.8,51.85,138
2025-04-02 05:46:00,51.68,51.85,51.68,51.85,32
2025-04-02 05:47:00,51.7,51.71,51.55,51.71,492
2025-04-02 05:48:00,51.71,51.71,51.52,51.52,370
2025-04-02 05:49:00,51.52,51.55,51.3,51.3,118
2025-04-02 05:50:00,51.49,51.6,51.4,51.6,922
2025-04-02 05:51:00,51.54,51.6,51.35,51.55,467
2025-04-02 05:52:00,51.54,51.6,51.54,51.54,74
2025-04-02 05:53:00,51.5,51.54,51.36,51.54,13
2025-04-02 05:54:00,51.39,51.39,51.34,51.35,230
2025-04-02 05:56:00,51.57,51.57,51.57,51.57,20
2025-04-02 05:57:00,51.55,51.55,51.35,51.35,65
2025-04-02 05:58:00,51.35,51.35,51.25,51.35,177
2025-04-02 05:59:00,51.25,51.48,51.25,51.48,79
2025-04-02 06:00:00,51.25,51.25,51.24,51.24,730
2025-04-02 06:01:00,51.29,51.3,51.29,51.29,117
2025-04-02 06:02:00,51.12,51.29,51.03,51.2,710
2025-04-02 06:03:00,51.11,51.3,51.1,51.1,180
2025-04-02 06:04:00,51.09,51.1,51.03,51.1,188
2025-04-02 06:05:00,51.24,51.24,51.03,51.11,26
2025-04-02 06:06:00,51.24,51.24,50.76,50.76,641
2025-04-02 06:07:00,51.0,51.0,50.76,50.95,18
2025-04-02 06:08:00,51.0,51.0,50.83,50.83,111
2025-04-02 06:09:00,50.77,50.85,50.77,50.81,81
2025-04-02 06:10:00,50.8,50.83,50.8,50.82,67
2025-04-02 06:11:00,50.92,51.12,50.8,51.12,231
2025-04-02 06:12:00,50.9,50.91,50.76,50.77,599
2025-04-02 06:13:00,50.81,50.81,50.76,50.77,203
2025-04-02 06:14:00,50.81,50.81,50.77,50.81,410
2025-04-02 06:15:00,50.81,50.81,50.81,50.81,90
2025-04-02 06:16:00,50.81,50.81,50.81,50.81,61
2025-04-02 06:17:00,50.81,51.0,50.81,50.98,19
2025-04-02 06:18:00,50.91,50.98,50.9,50.91,217
2025-04-02 06:19:00,50.91,50.91,50.9,50.9,285
2025-04-02 06:20:00,51.27,51.27,50.81,50.9,347
2025-04-02 06:21:00,50.9,51.19,50.77,50.77,661
2025-04-02 06:22:00,50.77,50.9,50.72,50.9,850
2025-04-02 06:23:00,50.83,50.84,50.81,50.81,65
2025-04-02 06:24:00,50.82,50.92,50.8,50.92,127
2025-04-02 06:25:00,50.96,50.97,50.96,50.97,12
2025-04-02 06:26:00,50.82,50.82,50.81,50.81,154
2025-04-02 06:28:00,50.93,50.96,50.84,50.91,131
2025-04-02 06:29:00,50.97,50.97,50.91,50.91,9
2025-04-02 06:30:00,50.9,50.98,50.82,50.98,513
2025-04-02 06:31:00,50.97,51.0,50.9,51.0,742
2025-04-02 06:32:00,51.02,51.25,51.0,51.25,1888
2025-04-02 06:33:00,51.15,51.24,51.15,51.17,242
2025-04-02 06:34:00,51.18,51.26,51.18,51.24,384
2025-04-02 06:35:00,51.29,51.33,50.99,51.28,196
2025-04-02 06:36:00,51.33,51.37,51.25,51.37,201
2025-04-02 06:37:00,51.37,51.68,51.25,51.68,1304
2025-04-02 06:38:00,51.68,51.76,51.6,51.7,2046
2025-04-02 06:39:00,51.75,51.77,51.71,51.77,1095
2025-04-02 06:40:00,51.75,51.77,51.67,51.7,1359
2025-04-02 06:41:00,51.7,51.8,51.66,51.8,2696
2025-04-02 06:42:00,51.81,51.81,51.26,51.75,1230
2025-04-02 06:43:00,51.79,51.85,51.7,51.7,791
2025-04-02 06:44:00,51.8,51.81,51.79,51.79,812
2025-04-02 06:45:00,51.79,51.98,51.79,51.98,1436
2025-04-02 06:46:00,51.98,52.2,51.98,52.2,8324
2025-04-02 06:47:00,52.24,52.34,52.24,52.3,2172
2025-04-02 06:48:00,52.33,52.62,52.32,52.57,5866
2025-04-02 06:49:00,52.62,52.62,52.49,52.59,4102
2025-04-02 06:50:00,52.59,52.79,52.59,52.79,1958
2025-04-02 06:51:00,52.83,52.84,52.36,52.67,3546
2025-04-02 06:52:00,52.37,52.37,52.35,52.37,460
2025-04-02 06:53:00,52.47,52.47,52.4,52.4,150
2025-04-02 06:54:00,52.37,52.41,52.35,52.41,4289
2025-04-02 06:55:00,52.57,52.77,52.56,52.57,1134
2025-04-02 06:56:00,52.77,52.77,52.57,52.72,133
2025-04-02 06:57:00,52.65,52.72,52.6,52.72,41
2025-04-02 06:58:00,52.65,52.7,52.35,52.35,1677
2025-04-02 06:59:00,52.36,52.39,52.35,52.35,540
2025-04-02 07:00:00,52.41,52.7,52.35,52.36,4510
2025-04-02 07:01:00,52.4,52.7,52.37,52.46,1066
2025-04-02 07:02:00,52.42,52.66,52.35,52.49,16705
2025-04-02 07:03:00,52.51,52.58,52.47,52.47,1111
2025-04-02 07:04:00,52.5,52.56,52.47,52.5,2839
2025-04-02 07:05:00,52.47,52.56,52.47,52.56,709
2025-04-02 07:06:00,52.5,52.69,52.47,52.69,3081
2025-04-02 07:07:00,52.68,53.15,52.57,53.0,5601
2025-04-02 07:08:00,53.1,53.1,52.57,52.7,3517
2025-04-02 07:09:00,52.7,52.7,52.51,52.7,431
2025-04-02 07:10:00,52.89,53.5,52.86,53.35,9808
2025-04-02 07:11:00,53.3,53.6,53.2,53.49,5650
2025-04-02 07:12:00,53.49,53.79,53.4,53.74,6738
2025-04-02 07:13:00,53.79,53.8,53.5,53.5,8025
2025-04-02 07:14:00,53.11,53.34,52.9,53.0,2950
2025-04-02 07:15:00,52.9,52.9,52.31,52.31,6541
2025-04-02 07:16:00,52.32,52.33,52.0,52.02,4917
2025-04-02 07:17:00,52.3,52.3,51.55,51.89,3256
2025-04-02 07:18:00,52.06,52.2,51.86,52.0,293
2025-04-02 07:19:00,51.98,52.15,51.97,52.0,213
2025-04-02 07:20:00,52.0,52.0,51.98,51.98,818
2025-04-02 07:21:00,51.98,51.98,51.6,51.6,1372
2025-04-02 07:22:00,51.67,51.7,51.51,51.52,673
2025-04-02 07:23:00,51.89,51.89,51.89,51.89,58
2025-04-02 07:24:00,51.88,51.88,51.88,51.88,47
2025-04-02 07:25:00,51.69,51.98,51.55,51.78,877
2025-04-02 07:26:00,52.2,52.22,52.0,52.19,102
2025-04-02 07:27:00,52.29,52.29,52.18,52.18,120
2025-04-02 07:28:00,52.17,52.39,52.05,52.39,632
2025-04-02 07:29:00,52.2,52.29,52.19,52.19,414
2025-04-02 07:30:00,52.05,52.2,52.05,52.19,218
2025-04-02 07:31:00,52.19,52.2,51.98,52.0,601
2025-04-02 07:32:00,51.99,52.17,51.99,52.17,194
2025-04-02 07:33:00,51.99,51.99,51.95,51.95,1464
2025-04-02 07:34:00,51.93,51.93,51.68,51.68,489
2025-04-02 07:35:00,51.65,51.65,51.1,51.28,4002
2025-04-02 07:36:00,51.12,51.4,51.1,51.4,705
2025-04-02 07:37:00,51.43,51.5,51.39,51.39,879
2025-04-02 07:38:00,51.3,51.48,51.25,51.26,628
2025-04-02 07:39:00,51.26,51.26,50.99,51.2,4801
2025-04-02 07:40:00,51.3,51.9,51.2,51.47,1647
2025-04-02 07:41:00,51.2,51.2,51.1,51.2,993
2025-04-02 07:42:00,51.16,51.39,51.16,51.39,194
2025-04-02 07:43:00,51.2,51.2,51.2,51.2,313
2025-04-02 07:44:00,51.2,51.49,51.11,51.18,1384
2025-04-02 07:45:00,51.18,51.2,51.0,51.1,2565
2025-04-02 07:46:00,51.03,51.05,50.98,51.0,1443
2025-04-02 07:47:00,51.0,51.0,50.88,50.88,2588
2025-04-02 07:48:00,50.88,50.89,50.82,50.82,1949
2025-04-02 07:49:00,50.82,51.0,50.69,50.79,5460
2025-04-02 07:50:00,51.0,51.16,50.98,51.0,4965
2025-04-02 07:51:00,51.0,51.0,50.99,51.0,853
2025-04-02 07:52:00,51.01,51.01,50.94,50.94,1003
2025-04-02 07:53:00,50.94,51.0,50.94,50.95,778
2025-04-02 07:54:00,50.94,51.0,50.93,51.0,396
2025-04-02 07:55:00,51.0,51.01,51.0,51.0,29
2025-04-02 07:56:00,50.99,51.0,50.92,50.92,1322
2025-04-02 07:57:00,50.91,51.0,50.88,50.91,1194
2025-04-02 07:58:00,50.89,50.96,50.89,50.93,107
2025-04-02 07:59:00,50.95,51.01,50.95,51.0,2072
2025-04-02 08:00:00,52.6,53.85,50.6,51.45,130501
2025-04-02 08:01:00,51.02,53.58,50.96,51.2,4800
2025-04-02 08:02:00,51.2,51.3,50.77,50.86,4952
2025-04-02 08:03:00,50.9,51.0,50.25,50.25,7878
2025-04-02 08:04:00,50.26,51.2,50.2,50.31,13662
2025-04-02 08:05:00,50.43,50.49,50.3,50.4,7330
2025-04-02 08:06:00,50.5,50.84,50.3,50.8,6320
2025-04-02 08:07:00,50.8,50.84,50.51,50.7,1843
2025-04-02 08:08:00,50.7,50.84,50.51,50.84,4018
2025-04-02 08:09:00,50.61,50.84,50.6,50.74,3269
2025-04-02 08:10:00,50.8,51.09,50.65,50.8,2357
2025-04-02 08:11:00,51.0,51.0,50.75,51.0,1534
2025-04-02 08:12:00,50.97,51.0,50.8,50.9,3113
2025-04-02 08:13:00,50.94,51.19,50.8503,51.1695,13952
2025-04-02 08:14:00,51.17,51.3,51.0,51.3,4363
2025-04-02 08:15:00,51.18,51.3,51.0,51.0,3121
2025-04-02 08:16:00,51.0,51.39,50.9,51.39,9465
2025-04-02 08:17:00,51.2,51.39,51.2,51.27,4962
2025-04-02 08:18:00,51.27,51.39,51.2,51.2008,5835
2025-04-02 08:19:00,51.2001,51.39,51.2,51.3893,2123
2025-04-02 08:20:00,51.39,51.48,51.22,51.39,5484
2025-04-02 08:21:00,51.4,51.48,51.21,51.21,3148
2025-04-02 08:22:00,51.31,51.47,51.21,51.4,3295
2025-04-02 08:23:00,51.4,51.4,51.2,51.25,1466
2025-04-02 08:24:00,51.3,51.4,51.21,51.375,603
2025-04-02 08:25:00,51.25,51.4,51.2,51.4,3241
2025-04-02 08:26:00,51.38,51.4,51.23,51.24,4275
2025-04-02 08:27:00,51.24,51.49,51.24,51.49,13501
2025-04-02 08:28:00,51.49,51.5,51.45,51.49,1451
2025-04-02 08:29:00,51.5,51.5,51.2503,51.43,2564
2025-04-02 08:30:00,51.4,51.53,51.27,51.53,3570
2025-04-02 08:31:00,51.5,51.53,51.32,51.4,506
2025-04-02 08:32:00,51.4,51.4,51.26,51.36,3699
2025-04-02 08:33:00,51.36,51.36,51.1,51.1016,2877
2025-04-02 08:34:00,51.27,51.27,50.7,50.8,1880
2025-04-02 08:35:00,50.9,51.09,50.7,50.8001,14345
2025-04-02 08:36:00,51.0,51.05,50.8001,50.891,963
2025-04-02 08:37:00,50.91,50.99,50.56,50.65,6788
2025-04-02 08:38:00,50.78,51.0,50.65,50.6634,7092
2025-04-02 08:39:00,50.8,50.97,50.65,50.97,2947
2025-04-02 08:40:00,50.8,51.11,50.7501,51.11,4839
2025-04-02 08:41:00,51.1381,51.18,50.962,51.18,2352
2025-04-02 08:42:00,51.18,51.24,51.07,51.24,1629
2025-04-02 08:43:00,51.24,51.27,51.1,51.27,1570
2025-04-02 08:44:00,51.21,51.21,51.0,51.0,2266
2025-04-02 08:45:00,51.0,51.18,50.96,51.14,4501
2025-04-02 08:46:00,51.1891,51.3,51.11,51.2,13108
2025-04-02 08:47:00,51.3,51.4483,51.2,51.4483,5837
2025-04-02 08:48:00,51.45,51.55,51.39,51.55,3615
2025-04-02 08:49:00,51.55,51.89,51.47,51.8893,8855
2025-04-02 08:50:00,51.8001,52.3,51.79,52.19,10921
2025-04-02 08:51:00,52.06,52.2,52.0017,52.2,4764
2025-04-02 08:52:00,52.12,52.2,52.06,52.17,3067
2025-04-02 08:53:00,52.19,52.3,52.1,52.3,3546
2025-04-02 08:54:00,52.4,52.68,52.3,52.64,13402
2025-04-02 08:55:00,52.51,52.68,52.37,52.4981,7208
2025-04-02 08:56:00,52.5,52.5,52.1,52.19,7172
2025-04-02 08:57:00,52.25,52.27,52.01,52.02,4606
2025-04-02 08:58:00,52.02,52.2353,51.99,52.0,9651
2025-04-02 08:59:00,51.95,52.0,51.7,51.99,2228
2025-04-02 09:00:00,51.99,52.0,51.7201,51.99,2127
2025-04-02 09:01:00,51.99,52.24,51.7501,52.22,4534
2025-04-02 09:02:00,52.03,52.21,52.0,52.03,4130
2025-04-02 09:03:00,52.03,52.25,51.9,52.0,8813
2025-04-02 09:04:00,52.25,52.3,51.9001,52.3,5992
2025-04-02 09:05:00,52.28,52.3,52.15,52.2,4295
2025-04-02 09:06:00,52.2,52.3,52.15,52.2,3881
2025-04-02 09:07:00,52.2997,52.3,52.2,52.25,4493
2025-04-02 09:08:00,52.3,52.3,52.09,52.1,4488
2025-04-02 09:09:00,52.0,52.42,52.0,52.4182,4373
2025-04-02 09:10:00,52.42,52.99,52.42,52.8699,17275
2025-04-02 09:11:00,52.87,53.0,52.71,53.0,11829
2025-04-02 09:12:00,52.9986,53.18,52.9201,53.16,21526
2025-04-02 09:13:00,53.09,53.16,52.57,52.63,19972
2025-04-02 09:14:00,52.5718,52.95,52.57,52.92,4813
2025-04-02 09:15:00,52.9,52.95,52.69,52.78,11426
2025-04-02 09:16:00,52.69,53.18,52.69,53.18,23166
2025-04-02 09:17:00,53.18,53.62,52.99,53.5,28270
2025-04-02 09:18:00,53.5,53.8,53.4,53.7399,22419
2025-04-02 09:19:00,53.74,54.22,53.71,54.1599,54767
2025-04-02 09:20:00,54.16,54.74,54.1,54.7099,59026
2025-04-02 09:21:00,54.69,54.8,54.3,54.44,61185
2025-04-02 09:22:00,54.44,55.24,54.3,54.72,95219
2025-04-02 09:23:00,54.66,54.99,54.51,54.7501,37293
2025-04-02 09:24:00,54.88,55.8,54.57,55.61,71422
2025-04-02 09:25:00,55.55,56.0,55.5,55.63,89115
2025-04-02 09:26:00,55.95,56.0,55.54,55.83,127142
2025-04-02 09:27:00,55.89,56.6,55.81,56.1,85760
2025-04-02 09:28:00,56.13,56.49,55.12,55.62,105586
2025-04-02 09:29:00,55.68,56.2,55.61,55.9,104587
2025-04-02 09:30:00,55.91,57.9699,55.5,57.21,1095087
2025-04-02 09:31:00,57.2102,57.2102,53.8,54.2,741790
2025-04-02 09:32:00,54.49,56.0,53.4001,55.51,555777
2025-04-02 09:33:00,55.686,58.44,55.5,57.94,633953
2025-04-02 09:34:00,58.02,58.4356,55.03,55.6599,585240
2025-04-02 09:35:00,55.5223,55.7,53.65,54.23,409567
2025-04-02 09:36:00,54.296,55.2594,53.7,55.1699,250730
2025-04-02 09:37:00,54.89,55.45,54.56,55.0,216555
2025-04-02 09:38:00,55.06,55.16,54.15,54.9521,207730
2025-04-02 09:39:00,55.025,55.33,52.59,53.09,405632
2025-04-02 09:40:00,53.04,54.35,52.75,53.9052,271658
2025-04-02 09:41:00,53.875,54.3762,53.56,53.7085,129541
2025-04-02 09:42:00,53.56,53.88,52.93,53.7117,225606
2025-04-02 09:43:00,53.72,54.71,53.56,54.2703,173816
2025-04-02 09:44:00,54.2214,55.5,54.14,55.0343,230564
2025-04-02 09:45:00,55.15,56.0,55.0,55.6669,225334
2025-04-02 09:46:00,55.6699,56.95,55.4068,56.8604,258537
2025-04-02 09:47:00,56.79,57.37,56.28,56.28,311643
2025-04-02 09:48:00,56.3125,57.2628,56.08,56.42,352435
2025-04-02 09:49:00,56.51,57.48,56.51,57.27,175536
2025-04-02 09:50:00,57.39,59.16,57.135,58.99,522828
2025-04-02 09:51:00,59.08,59.33,56.32,57.7572,418769
2025-04-02 09:52:00,57.6412,58.3,57.0,57.5771,252557
2025-04-02 09:53:00,57.6,58.1399,57.2,57.24,148689
2025-04-02 09:54:00,57.21,57.504,56.0,57.4,211952
2025-04-02 09:55:00,57.42,57.99,57.0512,57.79,146839
2025-04-02 09:56:00,57.8195,58.35,57.5506,57.8636,234045
2025-04-02 09:57:00,57.8,58.5999,57.74,58.385,160738
2025-04-02 09:58:00,58.4749,58.89,58.01,58.175,151891
2025-04-02 09:59:00,58.175,58.18,57.01,57.3,167573
2025-04-02 10:00:00,57.36,57.7999,57.08,57.6903,120798
2025-04-02 10:01:00,57.7,58.14,57.5,57.9588,124978
2025-04-02 10:02:00,57.9,58.1391,57.6,57.99,79106
2025-04-02 10:03:00,58.0,58.89,57.9264,58.56,219307
2025-04-02 10:04:00,58.535,60.0199,58.5,59.7983,475715
2025-04-02 10:05:00,59.715,60.02,59.51,59.86,383611
2025-04-02 10:06:00,59.78,59.9,59.01,59.07,164854
2025-04-02 10:07:00,59.07,59.98,59.01,59.56,119670
2025-04-02 10:08:00,59.48,59.99,59.36,59.84,166556
2025-04-02 10:09:00,59.8,60.01,58.33,58.341,284149
2025-04-02 10:10:00,58.57,59.03,58.34,58.9997,148004
2025-04-02 10:11:00,58.9992,59.91,58.93,59.705,135839
2025-04-02 10:12:00,59.84,60.49,59.02,60.275,311661
2025-04-02 10:13:00,60.1501,61.66,60.1501,61.18,371019
2025-04-02 10:14:00,61.04,61.6,60.6,61.4995,231616
2025-04-02 10:15:00,61.49,62.0,60.77,61.8696,314114
2025-04-02 10:16:00,61.98,62.08,61.57,61.9781,225465
2025-04-02 10:17:00,61.9147,62.0,61.2008,61.275,181594
2025-04-02 10:18:00,61.3,62.74,61.27,62.65,299378
2025-04-02 10:19:00,62.5,64.62,62.5,64.435,549602
2025-04-02 10:20:00,64.44,64.57,63.0,63.08,416979
2025-04-02 10:21:00,63.06,63.93,62.08,62.515,317395
2025-04-02 10:22:00,62.6223,63.1932,62.2,62.6,234157
2025-04-02 10:23:00,62.53,63.52,62.25,63.325,276158
2025-04-02 10:24:00,63.325,63.51,62.88,63.184,189236
2025-04-02 10:25:00,63.25,63.5,62.58,62.585,216071
2025-04-02 10:26:00,62.58,63.13,61.36,61.435,319137
2025-04-02 10:27:00,61.56,61.8056,59.7,60.395,593104
2025-04-02 10:28:00,60.2137,60.9,60.12,60.42,154311
2025-04-02 10:29:00,60.34,60.34,59.16,59.4,277513
2025-04-02 10:30:00,59.2173,60.1,59.13,59.71,162716
2025-04-02 10:31:00,59.71,60.34,59.64,60.27,155689
2025-04-02 10:32:00,60.1681,61.3,60.09,60.7989,199621
2025-04-02 10:33:00,60.7493,61.0,59.02,59.649,174794
2025-04-02 10:34:00,59.42,60.01,59.2,59.9705,107899
2025-04-02 10:35:00,59.8419,60.0,59.5,59.51,106505
2025-04-02 10:36:00,59.565,60.14,59.02,59.1,135457
2025-04-02 10:37:00,59.2598,59.9,59.1,59.48,80792
2025-04-02 10:38:00,59.3823,59.9,59.02,59.1601,84870
2025-04-02 10:39:00,59.329,59.329,58.38,58.5899,272045
2025-04-02 10:40:00,58.45,59.0,58.25,58.995,130225
2025-04-02 10:41:00,59.0,59.29,58.5003,58.7791,139999
2025-04-02 10:42:00,58.9999,59.25,58.32,58.4899,86315
2025-04-02 10:43:00,58.4,58.4,57.19,57.3,280608
2025-04-02 10:44:00,57.27,57.8665,57.1931,57.516,126125
2025-04-02 10:45:00,57.516,58.0,57.19,57.3,192912
2025-04-02 10:46:00,57.22,57.41,56.55,56.9,291900
2025-04-02 10:47:00,56.9,56.9,56.18,56.415,185730
2025-04-02 10:48:00,56.395,56.47,55.58,56.007,300702
2025-04-02 10:49:00,56.105,56.49,55.53,55.68,189167
2025-04-02 10:50:00,55.6035,56.49,55.53,55.6,147970
2025-04-02 10:51:00,55.5932,56.48,55.36,55.695,187719
2025-04-02 10:52:00,55.7729,55.89,55.2,55.5,188024
2025-04-02 10:53:00,55.465,56.35,55.26,56.25,179081
2025-04-02 10:54:00,56.16,56.33,55.6,55.8,193302
2025-04-02 10:55:00,55.9,56.0,54.7,54.9,313778
2025-04-02 10:56:00,54.9,54.9507,53.8,54.18,309010
2025-04-02 10:57:00,54.255,54.3,53.72,54.05,193470
2025-04-02 10:58:00,54.15,54.23,53.73,54.1488,135753
2025-04-02 10:59:00,54.03,54.1499,53.45,53.905,187025
2025-04-02 11:00:00,53.81,54.1,53.61,53.865,136523
2025-04-02 11:01:00,53.81,54.2486,53.72,54.132,123555
2025-04-02 11:02:00,53.9,54.14,52.6,52.7123,277218
2025-04-02 11:03:00,52.8,53.23,52.01,52.785,421281
2025-04-02 11:04:00,52.785,53.1799,52.64,52.9043,149417
2025-04-02 11:05:00,52.855,52.96,51.4,52.0155,271051
2025-04-02 11:06:00,52.1,52.5,51.7901,52.36,165678
2025-04-02 11:07:00,52.36,52.72,52.06,52.4,176621
2025-04-02 11:08:00,52.3926,52.54,51.4,52.211,268327
2025-04-02 11:09:00,52.23,53.5,52.01,53.4,362000
2025-04-02 11:10:00,53.45,54.278,53.251,53.985,378421
2025-04-02 11:11:00,53.985,54.668,53.62,54.4809,347709
2025-04-02 11:12:00,54.41,55.25,54.4,55.0,346726
2025-04-02 11:13:00,54.91,55.2,54.35,55.15,184773
2025-04-02 11:14:00,55.1499,55.1499,54.6,54.755,130534
2025-04-02 11:15:00,54.755,55.44,54.32,54.45,159121
2025-04-02 11:16:00,54.41,55.0,54.4,54.51,83276
2025-04-02 11:17:00,54.4001,54.471,53.6102,54.445,146265
2025-04-02 11:18:00,54.4,54.5,54.05,54.275,57478
2025-04-02 11:19:00,54.22,54.8204,54.2182,54.52,94496
2025-04-02 11:20:00,54.52,55.44,54.46,55.36,119856
2025-04-02 11:21:00,55.4,56.5,55.3,56.0,322990
2025-04-02 11:22:00,56.25,56.37,55.73,55.9216,179642
2025-04-02 11:23:00,55.92,56.55,55.8618,56.4995,148111
2025-04-02 11:24:00,56.5,56.99,56.475,56.71,150253
2025-04-02 11:25:00,56.735,56.7388,56.02,56.02,133532
2025-04-02 11:26:00,56.1681,56.6999,55.86,56.46,141685
2025-04-02 11:27:00,56.41,56.665,56.24,56.51,79680
2025-04-02 11:28:00,56.565,56.63,56.0,56.615,76118
2025-04-02 11:29:00,56.52,56.5999,55.03,55.6,151081
2025-04-02 11:30:00,55.53,55.64,54.7401,54.88,128462
2025-04-02 11:31:00,54.836,55.26,54.42,55.19,119433
2025-04-02 11:32:00,55.2,55.55,55.0,55.5183,77978
2025-04-02 11:33:00,55.69,55.8799,55.1,55.11,38197
2025-04-02 11:34:00,55.1189,55.28,54.86,55.2,40202
2025-04-02 11:35:00,55.165,56.14,55.165,56.13,90888
2025-04-02 11:36:00,56.0,56.65,56.0,56.36,90625
2025-04-02 11:37:00,56.35,56.65,56.288,56.575,62470
2025-04-02 11:38:00,56.57,56.9099,56.45,56.6581,85434
2025-04-02 11:39:00,56.585,56.6145,56.01,56.4,88885
2025-04-02 11:40:00,56.2625,56.48,56.01,56.0691,57086
2025-04-02 11:41:00,56.11,56.37,56.02,56.19,44810
2025-04-02 11:42:00,56.19,56.6173,56.1001,56.565,63005
2025-04-02 11:43:00,56.54,56.5949,56.0746,56.295,29807
2025-04-02 11:44:00,56.29,56.3729,55.59,55.6074,80567
2025-04-02 11:45:00,55.665,56.2,55.5915,56.2,50154
2025-04-02 11:46:00,56.0996,56.23,55.65,55.92,25907
2025-04-02 11:47:00,55.8176,56.0826,55.65,55.8148,25603
2025-04-02 11:48:00,55.825,55.835,55.51,55.51,38023
2025-04-02 11:49:00,55.5354,56.08,55.51,56.07,50507
2025-04-02 11:50:00,55.93,56.38,55.9,56.0727,52936
2025-04-02 11:51:00,56.09,56.5,56.07,56.375,58058
2025-04-02 11:52:00,56.4585,56.88,56.3706,56.63,124902
2025-04-02 11:53:00,56.72,57.24,56.59,56.845,170401
2025-04-02 11:54:00,56.8884,57.3,56.8,57.2492,116518
2025-04-02 11:55:00,57.239,57.9199,57.22,57.89,175057
2025-04-02 11:56:00,57.825,57.99,57.4,57.785,133702
2025-04-02 11:57:00,57.7,57.85,57.21,57.69,98615
2025-04-02 11:58:00,57.69,57.86,57.33,57.84,81185
2025-04-02 11:59:00,57.785,57.85,57.6,57.79,38453
2025-04-02 12:00:00,57.675,57.75,57.33,57.3601,55515
2025-04-02 12:01:00,57.43,57.99,57.37,57.989,65425
2025-04-02 12:02:00,57.8971,58.29,57.64,57.815,161071
2025-04-02 12:03:00,57.815,57.99,57.57,57.66,59503
2025-04-02 12:04:00,57.715,57.84,57.15,57.4004,66185
2025-04-02 12:05:00,57.47,57.75,57.2401,57.4,65904
2025-04-02 12:06:00,57.4009,57.69,57.3,57.3,41421
2025-04-02 12:07:00,57.37,57.6,57.3498,57.5,20837
2025-04-02 12:08:00,57.4569,57.7,57.38,57.7,31779
2025-04-02 12:09:00,57.625,57.699,57.31,57.4,21594
2025-04-02 12:10:00,57.4,57.4263,56.11,56.34,140750
2025-04-02 12:11:00,56.2026,56.74,56.1103,56.1145,63734
2025-04-02 12:12:00,56.1878,56.95,56.1878,56.85,44735
2025-04-02 12:13:00,56.9485,56.949,56.25,56.29,36544
2025-04-02 12:14:00,56.2666,56.76,56.25,56.59,31601
2025-04-02 12:15:00,56.645,56.9,56.59,56.9,41627
2025-04-02 12:16:00,56.9479,57.23,56.7,56.9,57690
2025-04-02 12:17:00,56.9587,57.2261,56.71,56.9,44964
2025-04-02 12:18:00,56.99,57.71,56.815,57.275,59794
2025-04-02 12:19:00,57.275,57.68,57.04,57.28,45823
2025-04-02 12:20:00,57.2921,57.2921,56.5,56.755,55583
2025-04-02 12:21:00,56.755,56.9,56.67,56.84,32107
2025-04-02 12:22:00,56.84,57.0,56.6,57.0,24925
2025-04-02 12:23:00,56.935,57.0,56.71,56.71,22274
2025-04-02 12:24:00,56.8,56.9,56.01,56.1,86035
2025-04-02 12:25:00,56.145,56.5,56.01,56.0101,45503
2025-04-02 12:26:00,56.1579,56.1579,55.35,55.505,108245
2025-04-02 12:27:00,55.3531,55.61,55.0264,55.14,80595
2025-04-02 12:28:00,55.2215,55.97,55.14,55.7936,58915
2025-04-02 12:29:00,55.7539,55.755,55.31,55.46,40757
2025-04-02 12:30:00,55.55,55.7,55.01,55.2,42593
2025-04-02 12:31:00,55.3599,55.3599,54.62,54.79,96754
2025-04-02 12:32:00,54.7934,55.0504,54.32,55.0504,103901
2025-04-02 12:33:00,55.07,55.255,54.6,54.735,49108
2025-04-02 12:34:00,54.7174,54.85,54.6,54.7138,28639
2025-04-02 12:35:00,54.7028,55.07,54.7028,55.07,23287
2025-04-02 12:36:00,55.05,55.1,54.5,54.605,33608
2025-04-02 12:37:00,54.5387,54.7,54.25,54.46,51220
2025-04-02 12:38:00,54.3,54.9699,54.3,54.83,35027
2025-04-02 12:39:00,54.83,55.2,54.59,55.0,28081
2025-04-02 12:40:00,55.178,55.5663,54.9301,55.5,60030
2025-04-02 12:41:00,55.5,55.7473,55.18,55.345,64036
2025-04-02 12:42:00,55.325,55.39,55.0007,55.3,23081
2025-04-02 12:43:00,55.24,55.5,55.2001,55.25,24292
2025-04-02 12:44:00,55.355,55.83,55.25,55.465,51453
2025-04-02 12:45:00,55.6,56.12,55.5,56.005,79418
2025-04-02 12:46:00,56.0,56.07,55.6,55.6,56439
2025-04-02 12:47:00,55.6,56.1,55.6,55.85,37000
2025-04-02 12:48:00,56.0,56.26,55.85,56.26,44718
2025-04-02 12:49:00,56.29,56.7,56.1171,56.44,70834
2025-04-02 12:50:00,56.49,57.4677,56.34,57.11,113579
2025-04-02 12:51:00,57.11,57.24,56.57,56.86,80657
2025-04-02 12:52:00,56.77,56.9699,56.5,56.73,41637
2025-04-02 12:53:00,56.73,56.7817,56.47,56.5029,29736
2025-04-02 12:54:00,56.49,56.5999,56.07,56.135,45692
2025-04-02 12:55:00,56.1075,56.38,56.03,56.225,28581
2025-04-02 12:56:00,56.3585,56.8,56.3585,56.45,25219
2025-04-02 12:57:00,56.4063,56.5699,56.19,56.345,35900
2025-04-02 12:58:00,56.345,56.4803,56.2,56.36,12067
2025-04-02 12:59:00,56.3908,56.749,56.25,56.6992,27011
2025-04-02 13:00:00,56.665,57.1,56.6,56.999,72659
2025-04-02 13:01:00,56.84,57.3,56.84,57.2141,51282
2025-04-02 13:02:00,57.26,57.45,57.081,57.19,61646
2025-04-02 13:03:00,57.08,57.4499,57.08,57.326,29157
2025-04-02 13:04:00,57.3889,57.505,57.0201,57.27,55131
2025-04-02 13:05:00,57.125,57.3,57.02,57.23,54030
2025-04-02 13:06:00,57.2869,57.35,57.1009,57.2499,29511
2025-04-02 13:07:00,57.25,57.3966,57.16,57.22,18186
2025-04-02 13:08:00,57.16,57.2799,57.1,57.1552,23315
2025-04-02 13:09:00,57.1501,57.25,56.85,56.9199,45409
2025-04-02 13:10:00,56.85,57.25,56.85,57.2487,37990
2025-04-02 13:11:00,57.1278,57.4,57.12,57.33,28013
2025-04-02 13:12:00,57.2999,57.6488,57.15,57.57,47348
2025-04-02 13:13:00,57.57,57.595,56.75,56.875,50410
2025-04-02 13:14:00,56.875,57.0,56.75,56.9127,38412
2025-04-02 13:15:00,56.87,56.87,56.5,56.5125,45823
2025-04-02 13:16:00,56.585,56.67,56.28,56.28,48751
2025-04-02 13:17:00,56.29,56.4499,56.08,56.42,27514
2025-04-02 13:18:00,56.42,56.7529,56.42,56.465,34769
2025-04-02 13:19:00,56.465,56.53,56.4,56.44,12118
2025-04-02 13:20:00,56.44,56.4996,56.25,56.45,67067
2025-04-02 13:21:00,56.48,56.57,56.2,56.28,23079
2025-04-02 13:22:00,56.35,56.35,55.81,55.9,51798
2025-04-02 13:23:00,55.899,56.149,55.8,56.1252,28163
2025-04-02 13:24:00,56.05,56.3399,55.94,56.005,32305
2025-04-02 13:25:00,56.0,56.47,56.0,56.39,21253
2025-04-02 13:26:00,56.39,56.75,56.31,56.4301,32758
2025-04-02 13:27:00,56.43,56.85,56.35,56.85,45579
2025-04-02 13:28:00,56.65,56.98,56.65,56.78,44740
2025-04-02 13:29:00,56.7786,56.849,56.53,56.6071,108281
2025-04-02 13:30:00,56.64,56.7358,56.5,56.7342,17795
2025-04-02 13:31:00,56.7,56.75,56.29,56.45,49678
2025-04-02 13:32:00,56.5,56.6676,56.5,56.6676,29283
2025-04-02 13:33:00,56.55,56.55,56.27,56.365,26530
2025-04-02 13:34:00,56.365,56.3829,56.135,56.19,10782
2025-04-02 13:35:00,56.1329,56.365,56.13,56.365,22130
2025-04-02 13:36:00,56.2905,56.46,56.1127,56.255,22708
2025-04-02 13:37:00,56.15,56.26,55.53,55.6,51712
2025-04-02 13:38:00,55.6158,56.2,55.56,56.1216,27844
2025-04-02 13:39:00,56.1574,56.2,55.85,55.92,22063
2025-04-02 13:40:00,55.9762,56.1169,55.97,56.0399,30204
2025-04-02 13:41:00,56.0388,56.0388,55.52,55.522,32585
2025-04-02 13:42:00,55.68,55.68,55.22,55.48,55320
2025-04-02 13:43:00,55.41,55.8027,55.3976,55.411,15183
2025-04-02 13:44:00,55.6,55.6,54.6,54.69,118105
2025-04-02 13:45:00,54.68,54.9613,54.6,54.755,36079
2025-04-02 13:46:00,54.68,55.2465,54.65,55.16,26108
2025-04-02 13:47:00,55.2283,55.4199,55.02,55.295,24066
2025-04-02 13:48:00,55.295,55.42,55.03,55.16,23371
2025-04-02 13:49:00,55.0597,55.4,54.7,54.835,36533
2025-04-02 13:50:00,54.835,55.2,54.835,55.02,26711
2025-04-02 13:51:00,55.045,55.099,54.3,54.43,66611
2025-04-02 13:52:00,54.365,54.88,54.3,54.75,41155
2025-04-02 13:53:00,54.705,54.84,54.38,54.525,18444
2025-04-02 13:54:00,54.46,54.8,54.35,54.77,35517
2025-04-02 13:55:00,54.655,55.245,54.51,55.245,51135
2025-04-02 13:56:00,55.22,55.3211,54.89,54.9,27811
2025-04-02 13:57:00,54.9,54.9,54.55,54.66,32022
2025-04-02 13:58:00,54.685,54.87,54.55,54.65,17761
2025-04-02 13:59:00,54.705,54.98,54.705,54.9389,23952
2025-04-02 14:00:00,54.96,54.9992,54.84,54.95,9326
2025-04-02 14:01:00,54.95,55.12,54.91,55.12,12938
2025-04-02 14:02:00,55.0,55.1199,54.88,54.89,17485
2025-04-02 14:03:00,54.945,55.0185,54.7,54.7,19282
2025-04-02 14:04:00,54.7,54.7,54.34,54.5738,38984
2025-04-02 14:05:00,54.598,54.598,54.3,54.3145,17891
2025-04-02 14:06:00,54.385,54.385,53.8,54.205,175309
2025-04-02 14:07:00,54.02,54.3983,53.95,54.0146,25666
2025-04-02 14:08:00,54.1848,54.2,53.75,53.795,63396
2025-04-02 14:09:00,53.76,53.77,53.33,53.605,113976
2025-04-02 14:10:00,53.46,53.75,53.46,53.56,18537
2025-04-02 14:11:00,53.53,53.56,53.15,53.15,59787
2025-04-02 14:12:00,53.1574,53.91,53.0889,53.727,56958
2025-04-02 14:13:00,53.805,53.91,53.5995,53.5995,30984
2025-04-02 14:14:00,53.7,54.29,53.6107,54.2,63473
2025-04-02 14:15:00,54.2118,54.86,54.05,54.55,30045
2025-04-02 14:16:00,54.575,54.575,54.2225,54.2541,27000
2025-04-02 14:17:00,54.305,54.33,54.0345,54.0345,20347
2025-04-02 14:18:00,54.1,54.38,54.1,54.265,14964
2025-04-02 14:19:00,54.2371,54.26,53.86,53.905,19419
2025-04-02 14:20:00,53.905,53.95,53.59,53.8,61917
2025-04-02 14:21:00,53.88,53.91,53.7,53.84,19424
2025-04-02 14:22:00,53.77,53.95,53.73,53.875,23014
2025-04-02 14:23:00,53.875,53.9353,53.75,53.8,18272
2025-04-02 14:24:00,53.75,53.75,53.5,53.69,26091
2025-04-02 14:25:00,53.8,53.89,53.6431,53.71,7207
2025-04-02 14:26:00,53.81,54.4,53.81,54.245,19340
2025-04-02 14:27:00,54.36,54.4,53.86,53.875,30383
2025-04-02 14:28:00,53.975,54.0999,53.8403,54.0199,21337
2025-04-02 14:29:00,53.91,53.91,53.712,53.82,10362
2025-04-02 14:30:00,53.82,53.97,53.71,53.97,20580
2025-04-02 14:31:00,54.0,54.1176,53.92,53.93,27616
2025-04-02 14:32:00,53.93,53.93,53.71,53.81,7767
2025-04-02 14:33:00,53.8279,54.25,53.81,54.055,23374
2025-04-02 14:34:00,54.1,54.2,54.0,54.17,15653
2025-04-02 14:35:00,54.185,54.4,53.84,53.97,53081
2025-04-02 14:36:00,53.9741,54.1999,53.91,54.125,11646
2025-04-02 14:37:00,54.145,54.75,54.14,54.289,66662
2025-04-02 14:38:00,54.4978,54.72,54.4,54.72,47225
2025-04-02 14:39:00,54.595,54.87,54.42,54.65,53948
2025-04-02 14:40:00,54.7,55.4099,54.63,55.3,85794
2025-04-02 14:41:00,55.25,55.3249,54.92,55.2,47677
2025-04-02 14:42:00,55.08,55.16,54.75,54.835,38455
2025-04-02 14:43:00,54.7713,54.968,54.62,54.7725,29525
2025-04-02 14:44:00,54.6801,54.85,54.38,54.47,29941
2025-04-02 14:45:00,54.4922,54.89,54.44,54.6805,11153
2025-04-02 14:46:00,54.73,54.73,54.41,54.5014,21090
2025-04-02 14:47:00,54.5686,54.57,53.8,53.95,56527
2025-04-02 14:48:00,53.95,54.2,53.95,54.1999,25334
2025-04-02 14:49:00,54.19,54.43,54.0227,54.26,11685
2025-04-02 14:50:00,54.41,54.41,54.11,54.17,24212
2025-04-02 14:51:00,54.2,54.35,54.11,54.265,7875
2025-04-02 14:52:00,54.2301,54.3,54.05,54.14,17163
2025-04-02 14:53:00,54.14,54.23,54.0,54.01,16897
2025-04-02 14:54:00,54.23,54.84,54.13,54.6787,33323
2025-04-02 14:55:00,54.6029,54.7885,54.18,54.22,19818
2025-04-02 14:56:00,54.255,54.5199,54.255,54.5199,15930
2025-04-02 14:57:00,54.4,54.415,54.18,54.255,16919
2025-04-02 14:58:00,54.265,54.5,54.2,54.39,25710
2025-04-02 14:59:00,54.34,54.3999,54.28,54.33,8584
2025-04-02 15:00:00,54.37,54.69,54.3,54.6,38252
2025-04-02 15:01:00,54.545,54.6534,54.49,54.525,17163
2025-04-02 15:02:00,54.525,54.8,54.525,54.7928,28586
2025-04-02 15:03:00,54.79,54.796,54.4141,54.55,16937
2025-04-02 15:04:00,54.485,54.74,54.4101,54.65,18308
2025-04-02 15:05:00,54.67,54.69,54.5001,54.5064,59731
2025-04-02 15:06:00,54.545,54.545,54.3721,54.455,10800
2025-04-02 15:07:00,54.455,54.555,54.41,54.555,18988
2025-04-02 15:08:00,54.6,54.8,54.6,54.75,22170
2025-04-02 15:09:00,54.66,55.0,54.66,54.9286,26453
2025-04-02 15:10:00,55.0,55.16,54.72,54.77,35730
2025-04-02 15:11:00,54.87,54.94,54.761,54.885,16159
2025-04-02 15:12:00,54.885,55.04,54.47,54.86,27750
2025-04-02 15:13:00,54.87,55.0,54.75,54.76,12240
2025-04-02 15:14:00,54.7548,54.99,54.75,54.96,39451
2025-04-02 15:15:00,54.9712,54.9712,54.79,54.935,22316
2025-04-02 15:16:00,54.99,55.4093,54.91,55.27,52011
2025-04-02 15:17:00,55.24,55.58,55.1902,55.3608,72685
2025-04-02 15:18:00,55.285,55.5,55.02,55.425,27705
2025-04-02 15:19:00,55.36,55.46,55.14,55.36,25928
2025-04-02 15:20:00,55.3814,56.0,55.325,55.97,81303
2025-04-02 15:21:00,56.0,56.52,55.834,56.385,164132
2025-04-02 15:22:00,56.3302,56.775,56.15,56.65,90479
2025-04-02 15:23:00,56.71,56.97,56.4,56.61,129357
2025-04-02 15:24:00,56.63,56.83,56.43,56.609,73385
2025-04-02 15:25:00,56.6,56.675,56.461,56.505,24169
2025-04-02 15:26:00,56.4699,56.505,56.0,56.3,63769
2025-04-02 15:27:00,56.2,56.24,55.68,55.9133,35853
2025-04-02 15:28:00,55.885,56.47,55.885,56.43,48362
2025-04-02 15:29:00,56.47,56.57,55.65,56.004,71833
2025-04-02 15:30:00,56.08,56.455,56.0,56.4,27509
2025-04-02 15:31:00,56.4,56.4,56.165,56.165,22372
2025-04-02 15:32:00,56.1445,58.88,55.85,58.62,570383
2025-04-02 15:33:00,58.58,59.46,57.01,57.7869,599648
2025-04-02 15:34:00,57.786,58.7,57.6558,58.49,230567
2025-04-02 15:35:00,58.404,60.0,58.404,59.43,484149
2025-04-02 15:36:00,59.5156,59.8,58.65,59.49,255165
2025-04-02 15:37:00,59.5337,59.9,58.8,59.66,197122
2025-04-02 15:38:00,59.755,61.39,59.66,61.26,479871
2025-04-02 15:39:00,61.1768,61.54,60.11,60.9999,327746
2025-04-02 15:40:00,60.88,60.885,60.0,60.1201,201629
2025-04-02 15:41:00,60.31,60.6,59.85,59.96,146087
2025-04-02 15:42:00,59.9366,60.0,59.11,59.9853,172376
2025-04-02 15:43:00,59.985,60.0,59.5,59.8556,79404
2025-04-02 15:44:00,59.8559,60.0,59.76,59.9,90663
2025-04-02 15:45:00,59.88,59.96,59.38,59.495,83651
2025-04-02 15:46:00,59.495,59.5,58.76,58.86,194302
2025-04-02 15:47:00,58.865,61.58,58.71,61.4449,278498
2025-04-02 15:48:00,61.39,61.45,60.6018,60.775,212774
2025-04-02 15:49:00,60.77,62.51,60.3087,62.2693,452217
2025-04-02 15:50:00,62.15,62.49,61.51,62.1,256963
2025-04-02 15:51:00,62.11,62.95,61.8,62.66,250300
2025-04-02 15:52:00,62.7336,63.75,62.6,63.27,336206
2025-04-02 15:53:00,63.25,63.42,61.77,62.31,302193
2025-04-02 15:54:00,62.27,62.94,62.0001,62.765,189345
2025-04-02 15:55:00,62.765,62.9,62.08,62.645,207526
2025-04-02 15:56:00,62.645,62.75,62.14,62.365,240639
2025-04-02 15:57:00,62.365,62.7,61.72,61.77,187884
2025-04-02 15:58:00,61.75,62.19,61.53,62.08,211559
2025-04-02 15:59:00,62.085,62.1045,61.36,61.468,296220
2025-04-02 16:00:00,61.468,61.5,60.77,61.27,510889
2025-04-02 16:01:00,61.22,62.29,61.06,61.81,441247
2025-04-02 16:02:00,61.9886,61.99,61.15,61.17,7605
2025-04-02 16:03:00,61.15,61.305,59.9,59.9,26903
2025-04-02 16:04:00,59.91,60.79,59.84,60.7,13997
2025-04-02 16:05:00,60.7,61.36,60.02,60.4,8791
2025-04-02 16:06:00,60.3,61.36,60.03,60.46,307681
2025-04-02 16:07:00,60.54,60.65,60.01,60.07,9135
2025-04-02 16:08:00,60.07,60.34,59.3,59.66,12076
2025-04-02 16:09:00,59.35,60.5,59.35,60.25,15406
2025-04-02 16:10:00,60.1525,60.45,60.03,60.45,8993
2025-04-02 16:11:00,60.45,60.69,60.15,60.1667,18144
2025-04-02 16:12:00,60.44,60.45,60.164,60.44,7802
2025-04-02 16:13:00,60.39,61.5494,60.2,61.5,21871
2025-04-02 16:14:00,61.5014,62.7,61.0,62.0,36756
2025-04-02 16:15:00,62.0,62.44,61.46,62.25,9126
2025-04-02 16:16:00,62.445,62.45,61.8,61.98,20994
2025-04-02 16:17:00,61.98,62.7,61.36,62.56,249775
2025-04-02 16:18:00,62.55,62.99,62.29,62.29,72076
2025-04-02 16:19:00,62.26,62.3,61.46,61.89,12440
2025-04-02 16:20:00,61.75,61.75,60.1,61.62,40743
2025-04-02 16:21:00,61.68,61.7,60.5,60.6,52791
2025-04-02 16:22:00,60.6,61.36,60.49,60.55,81656
2025-04-02 16:23:00,60.55,61.0,60.55,61.0,3154
2025-04-02 16:24:00,60.98,61.0,60.59,60.99,7411
2025-04-02 16:25:00,60.99,61.0,60.75,60.9,4614
2025-04-02 16:26:00,60.88,61.3,60.31,60.31,12318
2025-04-02 16:27:00,60.31,60.9,58.5508,59.0,39778
2025-04-02 16:28:00,58.95,61.36,58.35,58.35,128857
2025-04-02 16:29:00,58.31,58.5,55.05,55.09,46623
2025-04-02 16:30:00,55.34,57.25,55.09,57.25,31298
2025-04-02 16:31:00,56.92,58.466,56.0,58.4,23773
2025-04-02 16:32:00,58.3994,58.5,57.69,57.99,14772
2025-04-02 16:33:00,57.75,58.4,57.68,58.12,9721
2025-04-02 16:34:00,57.68,58.22,57.52,57.99,12648
2025-04-02 16:35:00,57.7,58.0,57.7,57.72,14902
2025-04-02 16:36:00,57.7,57.85,57.53,57.6,5965
2025-04-02 16:37:00,57.6,57.6,56.5,57.4,21831
2025-04-02 16:38:00,56.99,61.36,56.9,56.9,110180
2025-04-02 16:39:00,56.9988,58.0,56.9,57.4,10802
2025-04-02 16:40:00,57.17,57.98,56.99,57.0,13267
2025-04-02 16:41:00,57.0,57.5,57.0,57.0028,4055
2025-04-02 16:42:00,57.25,57.5,57.0,57.08,8059
2025-04-02 16:43:00,57.23,57.25,56.97,56.97,12615
2025-04-02 16:44:00,56.89,56.97,56.22,56.38,14451
2025-04-02 16:45:00,56.38,56.97,56.22,56.32,10351
2025-04-02 16:46:00,56.3,57.0,56.28,56.99,7656
2025-04-02 16:47:00,56.75,57.1,56.5034,57.01,10334
2025-04-02 16:48:00,57.19,57.5055,57.0,57.5055,8468
2025-04-02 16:49:00,57.5,59.13,57.5,59.01,26633
2025-04-02 16:50:00,59.4,59.5,58.5,58.99,10178
2025-04-02 16:51:00,58.98,58.98,58.47,58.74,10523
2025-04-02 16:52:00,58.75,59.0,58.5002,58.51,7737
2025-04-02 16:53:00,58.51,58.99,58.51,58.6,3758
2025-04-02 16:54:00,58.52,58.6,58.0,58.44,8559
2025-04-02 16:55:00,58.45,58.45,58.0,58.03,8434
2025-04-02 16:56:00,58.3,58.3,57.61,57.75,8527
2025-04-02 16:57:00,57.75,57.75,57.38,57.3995,4704
2025-04-02 16:58:00,57.3999,57.4,57.0064,57.16,4540
2025-04-02 16:59:00,57.1,57.38,57.0,57.27,9466
2025-04-02 17:00:00,57.0172,57.38,57.0172,57.11,3655
2025-04-02 17:01:00,57.12,58.0,57.12,58.0,5858
2025-04-02 17:02:00,57.87,57.9261,57.29,57.3589,886
2025-04-02 17:03:00,57.3599,57.8378,57.22,57.48,2462
2025-04-02 17:04:00,57.36,57.85,57.36,57.54,2345
2025-04-02 17:05:00,57.78,57.85,57.5,57.77,1776
2025-04-02 17:06:00,57.65,58.1,57.57,57.9885,5030
2025-04-02 17:07:00,57.8,57.9858,57.51,57.51,1664
2025-04-02 17:08:00,57.6,57.6,57.2401,57.4,3624
2025-04-02 17:09:00,57.4991,57.5,57.0,57.0047,4169
2025-04-02 17:10:00,57.1,57.1,56.87,56.87,11193
2025-04-02 17:11:00,56.85,56.9,56.127,56.3,13589
2025-04-02 17:12:00,56.25,56.3,55.79,55.79,7992
2025-04-02 17:13:00,55.97,55.97,55.36,55.36,9181
2025-04-02 17:14:00,55.4,55.4,55.03,55.03,24870
2025-04-02 17:15:00,55.03,55.1785,53.9,53.9,19432
2025-04-02 17:16:00,54.0,54.5,53.7,54.31,10194
2025-04-02 17:17:00,54.27,54.5,53.82,54.25,8945
2025-04-02 17:18:00,54.21,54.54,54.08,54.54,3493
2025-04-02 17:19:00,54.54,55.47,54.54,55.45,6716
2025-04-02 17:20:00,55.42,55.99,55.26,55.99,5943
2025-04-02 17:21:00,55.79,56.5,55.6,56.41,19883
2025-04-02 17:22:00,56.41,56.43,55.86,55.99,10703
2025-04-02 17:23:00,56.0,56.13,55.55,55.69,2586
2025-04-02 17:24:00,55.7,56.13,55.7,55.82,10524
2025-04-02 17:25:00,55.82,56.13,55.81,56.01,9541
2025-04-02 17:26:00,56.02,56.3,55.99,56.16,16709
2025-04-02 17:27:00,56.18,56.29,56.14,56.14,3177
2025-04-02 17:28:00,56.2486,56.2486,56.01,56.01,1744
2025-04-02 17:29:00,56.08,56.38,56.0,56.25,6609
2025-04-02 17:30:00,56.4367,56.5,56.15,56.2,2882
2025-04-02 17:31:00,56.19,56.45,56.08,56.44,1273
2025-04-02 17:32:00,56.21,56.49,56.0,56.45,1404
2025-04-02 17:33:00,56.25,56.45,56.2,56.33,1621
2025-04-02 17:34:00,56.4,56.45,56.25,56.37,1950
2025-04-02 17:35:00,56.4,56.49,56.25,56.45,2305
2025-04-02 17:36:00,56.3,56.49,56.15,56.3,2710
2025-04-02 17:37:00,56.0,56.3,56.0,56.25,4710
2025-04-02 17:38:00,56.25,56.25,56.0,56.1,3632
2025-04-02 17:39:00,56.15,56.55,56.1025,56.18,4223
2025-04-02 17:40:00,56.18,56.9,56.18,56.89,2535
2025-04-02 17:41:00,56.78,56.81,56.2,56.65,3714
2025-04-02 17:42:00,56.2,56.78,56.2,56.66,3329
2025-04-02 17:43:00,56.66,56.78,56.52,56.78,2515
2025-04-02 17:44:00,56.77,56.78,56.21,56.7,606
2025-04-02 17:45:00,56.78,56.78,56.2,56.78,2569
2025-04-02 17:46:00,56.8994,56.9,56.2,56.76,1711
2025-04-02 17:47:00,56.76,56.786,56.2,56.75,20759
2025-04-02 17:48:00,56.75,56.78,56.75,56.75,2561
2025-04-02 17:49:00,56.75,56.77,56.4,56.75,2426
2025-04-02 17:50:00,56.75,56.9,56.69,56.89,4075
2025-04-02 17:51:00,56.9,56.95,56.89,56.95,1271
2025-04-02 17:52:00,56.95,56.95,56.75,56.9,2007
2025-04-02 17:53:00,56.85,57.0,56.85,56.99,3193
2025-04-02 17:54:00,57.0,57.0,56.9,56.9871,2176
2025-04-02 17:55:00,56.99,57.0,56.75,56.91,1219
2025-04-02 17:56:00,57.0,57.25,56.785,57.25,897
2025-04-02 17:57:00,56.7684,57.14,56.7684,56.9,3227
2025-04-02 17:58:00,57.0,57.0,56.54,56.75,9648
2025-04-02 17:59:00,56.75,56.77,56.5067,56.75,1281
2025-04-02 18:00:00,56.5,56.77,56.5,56.77,4173
2025-04-02 18:01:00,56.68,56.77,56.5,56.77,387
2025-04-02 18:02:00,56.75,56.7684,56.61,56.75,6225
2025-04-02 18:03:00,56.75,56.875,56.75,56.77,1072
2025-04-02 18:04:00,56.67,56.77,56.635,56.75,967
2025-04-02 18:05:00,56.76,56.9999,56.72,56.8,834
2025-04-02 18:06:00,56.82,56.82,56.0,56.08,19602
2025-04-02 18:07:00,56.08,56.08,55.5,55.52,7809
2025-04-02 18:08:00,55.5,56.5,55.4,55.8,6099
2025-04-02 18:09:00,55.415,56.0,55.4,55.5,8096
2025-04-02 18:10:00,55.5,56.3,55.42,56.0,2459
2025-04-02 18:11:00,55.51,56.5,55.5,55.99,2535
2025-04-02 18:12:00,55.99,56.0,55.52,55.77,318
2025-04-02 18:13:00,55.77,55.77,55.16,55.16,8267
2025-04-02 18:14:00,55.17,56.5,55.16,55.59,17028
2025-04-02 18:15:00,56.01,56.3,55.16,55.75,920
2025-04-02 18:16:00,55.66,55.75,55.43,55.69,483
2025-04-02 18:17:00,55.99,55.99,55.5,55.5,670
2025-04-02 18:18:00,55.7975,55.7975,55.06,55.1595,4628
2025-04-02 18:19:00,55.06,55.8,55.0,55.3,2523
2025-04-02 18:20:00,55.3,55.97,54.5,54.6595,6576
2025-04-02 18:21:00,54.51,54.94,54.01,54.13,4773
2025-04-02 18:22:00,54.01,54.5,54.01,54.12,2646
2025-04-02 18:23:00,54.12,54.21,54.01,54.15,4472
2025-04-02 18:24:00,54.09,54.2,53.8,53.91,10083
2025-04-02 18:25:00,53.94,54.5,53.91,54.5,3471
2025-04-02 18:26:00,54.47,54.9236,54.2,54.25,2262
2025-04-02 18:27:00,54.44,55.81,53.96,54.0,9921
2025-04-02 18:28:00,53.963,54.5,53.963,54.5,4042
2025-04-02 18:29:00,54.1001,54.89,54.1,54.3101,1636
2025-04-02 18:30:00,54.88,55.0,54.31,54.79,1475
2025-04-02 18:31:00,55.0,55.74,54.7315,54.9,2441
2025-04-02 18:32:00,55.25,55.75,55.0,55.52,2250
2025-04-02 18:33:00,55.61,55.7494,55.1,55.2995,4961
2025-04-02 18:34:00,55.1,55.3,55.1,55.29,1472
2025-04-02 18:35:00,55.29,55.295,54.57,54.68,955
2025-04-02 18:36:00,54.5001,54.86,54.5,54.86,2656
2025-04-02 18:37:00,54.56,55.0,54.39,54.58,2718
2025-04-02 18:38:00,54.58,55.0,54.57,54.65,1149
2025-04-02 18:39:00,54.65,55.15,54.57,54.57,653
2025-04-02 18:40:00,54.61,54.85,54.5,54.55,2629
2025-04-02 18:41:00,54.5,55.0,54.5,54.53,379
2025-04-02 18:42:00,54.52,54.55,54.0,54.0,3030
2025-04-02 18:43:00,54.0,54.2951,53.8,53.82,4154
2025-04-02 18:44:00,54.0,54.3,53.7,54.21,886
2025-04-02 18:45:00,53.8,53.8,53.65,53.6999,2218
2025-04-02 18:46:00,53.69,53.7,53.6,53.6,2852
2025-04-02 18:47:00,53.65,53.65,53.2207,53.65,2875
2025-04-02 18:48:00,53.62,54.2666,53.49,53.49,5590
2025-04-02 18:49:00,53.48,53.49,53.17,53.2,4272
2025-04-02 18:50:00,53.1993,53.1993,53.15,53.15,3101
2025-04-02 18:51:00,53.1074,53.15,53.08,53.08,4119
2025-04-02 18:52:00,53.1,53.19,53.05,53.1,16573
2025-04-02 18:53:00,53.08,53.76,52.73,53.74,19735
2025-04-02 18:54:00,53.7315,53.78,53.41,53.78,1606
2025-04-02 18:55:00,53.78,53.8,53.6,53.74,2724
2025-04-02 18:56:00,53.7,53.79,53.6,53.64,3254
2025-04-02 18:57:00,53.6405,53.75,53.52,53.5925,5021
2025-04-02 18:58:00,53.64,54.29,53.5266,54.0,5610
2025-04-02 18:59:00,54.15,54.86,54.0,54.8599,5544
2025-04-02 19:00:00,54.81,54.82,54.37,54.6,9483
2025-04-02 19:01:00,54.68,54.68,54.24,54.4,1658
2025-04-02 19:02:00,54.4,54.65,54.3001,54.4,4389
2025-04-02 19:03:00,54.3997,54.6,54.39,54.59,2108
2025-04-02 19:04:00,54.59,54.82,54.4,54.8,1039
2025-04-02 19:05:00,54.82,54.8572,54.6,54.8,2507
2025-04-02 19:06:00,54.7,54.8,54.41,54.6,4202
2025-04-02 19:07:00,54.5,54.6,54.41,54.5007,2620
2025-04-02 19:08:00,54.5988,54.88,54.5001,54.85,1008
2025-04-02 19:09:00,54.85,54.99,54.7,54.99,2098
2025-04-02 19:10:00,54.99,55.5,54.99,55.5,5310
2025-04-02 19:11:00,55.01,55.9388,55.01,55.56,1760
2025-04-02 19:12:00,55.55,55.94,55.0001,55.5,3339
2025-04-02 19:13:00,55.74,55.74,55.3,55.74,1728
2025-04-02 19:14:00,55.74,55.74,55.0301,55.7,1959
2025-04-02 19:15:00,55.55,55.65,55.1125,55.3,1563
2025-04-02 19:16:00,55.3,55.3,55.1,55.25,4499
2025-04-02 19:17:00,55.25,55.52,55.1001,55.5,519
2025-04-02 19:18:00,55.21,55.52,55.21,55.49,265
2025-04-02 19:19:00,55.2,55.5,55.15,55.46,1197
2025-04-02 19:20:00,55.49,55.5,55.15,55.29,883
2025-04-02 19:21:00,55.0,55.3,55.0,55.29,777
2025-04-02 19:22:00,55.28,55.28,55.0,55.0,625
2025-04-02 19:23:00,55.15,55.25,55.0,55.011,390
2025-04-02 19:24:00,55.0,55.2432,55.0,55.19,795
2025-04-02 19:25:00,55.18,55.18,55.0029,55.0029,322
2025-04-02 19:26:00,55.1365,55.15,55.0029,55.15,1567
2025-04-02 19:27:00,55.15,55.15,54.82,54.99,5984
2025-04-02 19:28:00,54.8,54.99,54.36,54.5,4028
2025-04-02 19:29:00,54.5,54.89,54.46,54.75,508
2025-04-02 19:30:00,54.7,54.75,54.32,54.7,3071
2025-04-02 19:31:00,54.32,54.7,54.32,54.55,579
2025-04-02 19:32:00,54.45,54.6,54.32,54.6,324
2025-04-02 19:33:00,54.59,54.6,54.55,54.6,3995
2025-04-02 19:34:00,54.6,54.6,54.35,54.44,1232
2025-04-02 19:35:00,54.44,54.49,54.36,54.41,66
2025-04-02 19:36:00,54.44,54.5,54.35,54.49,3140
2025-04-02 19:37:00,54.4888,54.75,54.47,54.75,5356
2025-04-02 19:38:00,54.56,54.8,54.56,54.75,825
2025-04-02 19:39:00,54.8,55.19,54.75,55.19,1942
2025-04-02 19:40:00,54.8,55.19,54.8,55.0,924
2025-04-02 19:41:00,54.8,55.0,54.8,55.0,618
2025-04-02 19:42:00,54.9,55.0,54.75,54.8,419
2025-04-02 19:43:00,54.9,54.9743,54.75,54.8,918
2025-04-02 19:44:00,54.972,54.99,54.89,54.99,1035
2025-04-02 19:45:00,54.92,55.1,54.8562,54.95,470
2025-04-02 19:46:00,54.9,55.0,54.9,54.9964,194
2025-04-02 19:47:00,54.98,54.9964,54.833,54.95,1514
2025-04-02 19:48:00,54.95,55.0,54.9,54.95,3199
2025-04-02 19:49:00,55.0,55.0899,54.95,54.95,3267
2025-04-02 19:50:00,54.99,55.1,54.83,55.1,3102
2025-04-02 19:51:00,55.08,55.24,55.0,55.0,5474
2025-04-02 19:52:00,55.0,55.24,55.0,55.08,1280
2025-04-02 19:53:00,55.0,55.25,55.0,55.25,4302
2025-04-02 19:54:00,55.25,55.25,55.0001,55.2,1376
2025-04-02 19:55:00,55.2,55.2,54.75,54.75,5270
2025-04-02 19:56:00,55.0,55.0,54.5055,54.58,1920
2025-04-02 19:57:00,54.5001,54.72,54.5001,54.62,2123
2025-04-02 19:58:00,54.62,55.0,54.59,54.64,3060
2025-04-02 19:59:00,54.7215,55.1,54.7215,55.09,3779
2025-04-03 04:00:00,56.5,61.36,56.01,56.27,1510
2025-04-03 04:01:00,58.43,61.36,56.08,56.54,747
2025-04-03 04:02:00,56.59,57.25,56.54,56.56,1106
2025-04-03 04:03:00,56.57,57.37,56.57,57.37,168
2025-04-03 04:04:00,57.37,57.5,56.62,57.37,448
2025-04-03 04:05:00,57.38,57.69,57.0,57.69,300
2025-04-03 04:06:00,57.47,57.5,56.41,56.97,3464
2025-04-03 04:07:00,56.67,56.67,56.41,56.41,454
2025-04-03 04:08:00,56.56,56.56,56.1,56.11,195
2025-04-03 04:09:00,56.4,56.4,56.36,56.36,56
2025-04-03 04:10:00,56.27,56.36,56.2,56.3,162
2025-04-03 04:11:00,56.3,56.3,56.0,56.0,733
2025-04-03 04:12:00,56.09,56.09,56.0,56.0,59
2025-04-03 04:13:00,56.0,56.1,56.0,56.1,118
2025-04-03 04:14:00,56.1,56.1,56.0,56.03,637
2025-04-03 04:15:00,56.0,56.0,55.98,56.0,227
2025-04-03 04:16:00,56.0,56.1,55.99,56.1,668
2025-04-03 04:17:00,56.1,56.2,55.99,56.1,2946
2025-04-03 04:18:00,55.99,56.1,55.99,56.1,833
2025-04-03 04:20:00,56.09,56.5,56.09,56.5,2116
2025-04-03 04:21:00,56.98,56.98,56.98,56.98,147
2025-04-03 04:22:00,56.53,57.0,56.53,56.99,1037
2025-04-03 04:23:00,57.49,57.49,57.49,57.49,36
2025-04-03 04:24:00,57.0,57.5,57.0,57.5,1235
2025-04-03 04:25:00,57.5,57.8,57.25,57.25,202
2025-04-03 04:26:00,57.55,57.8,57.5,57.6,100
2025-04-03 04:27:00,57.51,58.0,57.5,58.0,1408
2025-04-03 04:28:00,57.95,58.4,57.95,58.28,10307
2025-04-03 04:29:00,58.3,58.68,58.28,58.4,2798
2025-04-03 04:30:00,58.51,58.51,58.0,58.2,481
2025-04-03 04:31:00,58.27,58.29,57.89,57.94,900
2025-04-03 04:32:00,57.89,58.0,57.89,58.0,90
2025-04-03 04:33:00,57.98,58.0,57.97,57.99,747
2025-04-03 04:34:00,58.0,58.0,57.99,57.99,148
2025-04-03 04:35:00,57.99,58.05,57.97,58.0,259
2025-04-03 04:36:00,57.81,58.19,57.81,57.97,367
2025-04-03 04:37:00,57.79,58.2,57.63,58.2,4192
2025-04-03 04:38:00,58.19,58.21,58.19,58.21,446
2025-04-03 04:39:00,58.2,58.21,58.2,58.2,401
2025-04-03 04:40:00,58.21,58.21,58.21,58.21,302
2025-04-03 04:41:00,58.2,58.2,57.88,57.96,543
2025-04-03 04:42:00,57.96,57.96,57.82,57.88,921
2025-04-03 04:43:00,57.85,57.86,57.8,57.85,410
2025-04-03 04:44:00,57.85,57.96,57.85,57.96,17
2025-04-03 04:45:00,58.14,58.18,57.8,57.85,1103
2025-04-03 04:46:00,57.85,57.85,57.85,57.85,10
2025-04-03 04:47:00,57.85,57.86,57.85,57.86,87
2025-04-03 04:48:00,57.99,58.0,57.99,57.99,230
2025-04-03 04:49:00,57.99,57.99,57.9,57.9,109
2025-04-03 04:50:00,57.86,57.86,57.84,57.84,126
2025-04-03 04:51:00,58.0,58.0,58.0,58.0,1
2025-04-03 04:52:00,57.85,57.86,57.85,57.86,19
2025-04-03 04:53:00,57.87,57.99,57.5,57.5,768
2025-04-03 04:54:00,57.51,57.57,57.51,57.55,75
2025-04-03 04:55:00,57.52,57.92,57.52,57.92,213
2025-04-03 04:56:00,57.62,57.92,57.59,57.92,102
2025-04-03 04:58:00,57.8,57.8,57.8,57.8,4
2025-04-03 04:59:00,57.8,57.87,57.7,57.7,76
2025-04-03 05:00:00,57.7,57.71,57.7,57.7,52
2025-04-03 05:02:00,57.7,57.7,57.7,57.7,17
2025-04-03 05:03:00,57.7,57.7,57.59,57.64,370
2025-04-03 05:04:00,57.62,57.65,57.62,57.64,1130
2025-04-03 05:05:00,57.57,57.65,57.57,57.63,434
2025-04-03 05:06:00,57.55,57.55,57.51,57.51,68
2025-04-03 05:07:00,57.55,57.55,57.5,57.5,1672
2025-04-03 05:08:00,57.29,57.5,57.29,57.29,9
2025-04-03 05:09:00,57.29,57.5,57.29,57.5,107
2025-04-03 05:10:00,57.48,57.58,57.45,57.5,149
2025-04-03 05:11:00,57.5,57.5,57.5,57.5,20
2025-04-03 05:12:00,57.45,57.45,57.45,57.45,1
2025-04-03 05:13:00,57.45,57.45,57.04,57.4,525
2025-04-03 05:14:00,57.39,57.39,57.39,57.39,1
2025-04-03 05:16:00,57.36,57.37,57.36,57.37,11
2025-04-03 05:17:00,57.35,57.35,57.0,57.0,411
2025-04-03 05:18:00,57.0,57.1,57.0,57.0,1315
2025-04-03 05:19:00,57.01,57.01,57.0,57.0,6
2025-04-03 05:23:00,57.11,57.11,57.11,57.11,100
2025-04-03 05:26:00,57.48,57.65,57.0,57.14,1951
2025-04-03 05:27:00,57.05,57.05,57.05,57.05,1
2025-04-03 05:28:00,57.11,57.11,57.11,57.11,40
2025-04-03 05:31:00,57.05,57.05,57.0,57.0,169
2025-04-03 05:32:00,57.0,57.05,56.77,56.77,452
2025-04-03 05:33:00,56.77,56.77,56.77,56.77,1
2025-04-03 05:34:00,56.75,56.76,56.62,56.62,13
2025-04-03 05:35:00,56.62,56.62,56.62,56.62,40
2025-04-03 05:36:00,56.73,56.76,56.73,56.76,150
2025-04-03 05:37:00,56.77,56.8,56.75,56.8,271
2025-04-03 05:38:00,56.82,56.82,56.65,56.77,212
2025-04-03 05:40:00,56.65,56.77,56.65,56.77,48
2025-04-03 05:41:00,56.77,56.77,56.52,56.52,347
2025-04-03 05:42:00,56.51,56.51,56.5,56.51,330
2025-04-03 05:43:00,56.5,56.58,56.5,56.53,102
2025-04-03 05:44:00,56.53,56.57,56.53,56.54,71
2025-04-03 05:45:00,56.51,56.51,56.01,56.09,1082
2025-04-03 05:46:00,56.4,56.4,56.01,56.01,155
2025-04-03 05:47:00,56.02,56.24,56.02,56.1,706
2025-04-03 05:48:00,56.1,56.1,56.02,56.1,1204
2025-04-03 05:49:00,56.1,56.1,55.1,55.67,2240
2025-04-03 05:50:00,55.64,55.67,55.1,55.5,1618
2025-04-03 05:51:00,55.2,55.5,55.2,55.25,1096
2025-04-03 05:52:00,55.47,55.51,54.5,54.9,4320
2025-04-03 05:53:00,54.73,54.73,54.51,54.53,568
2025-04-03 05:54:00,54.73,55.0,54.63,54.72,205
2025-04-03 05:55:00,54.64,54.64,54.25,54.5,1132
2025-04-03 05:56:00,54.32,54.37,54.05,54.11,524
2025-04-03 05:57:00,54.13,54.37,54.0,54.18,1862
2025-04-03 05:58:00,54.01,54.25,54.0,54.25,1492
2025-04-03 05:59:00,54.72,54.72,54.69,54.69,266
2025-04-03 06:00:00,54.7,55.0,54.69,54.99,513
2025-04-03 06:01:00,54.71,55.0,54.69,55.0,741
2025-04-03 06:02:00,54.99,54.99,54.41,54.69,2369
2025-04-03 06:03:00,54.9,54.97,54.51,54.55,425
2025-04-03 06:04:00,54.71,54.72,54.67,54.69,698
2025-04-03 06:05:00,54.69,54.7,54.39,54.66,103
2025-04-03 06:06:00,54.7,54.7,54.25,54.51,613
2025-04-03 06:07:00,54.5,54.53,54.0,54.0,4174
2025-04-03 06:08:00,54.0,54.0,53.62,53.62,943
2025-04-03 06:09:00,53.72,54.24,53.55,54.24,849
2025-04-03 06:10:00,54.24,54.71,54.24,54.51,927
2025-04-03 06:11:00,54.51,54.52,54.51,54.51,701
2025-04-03 06:12:00,54.51,54.83,54.51,54.51,321
2025-04-03 06:13:00,54.51,54.51,54.3,54.3,463
2025-04-03 06:14:00,54.3,54.5,54.11,54.11,230
2025-04-03 06:15:00,54.13,54.55,53.52,53.6,2527
2025-04-03 06:16:00,53.6,53.96,53.55,53.96,166
2025-04-03 06:17:00,53.65,53.95,53.51,53.52,682
2025-04-03 06:18:00,53.88,53.88,53.52,53.52,1921
2025-04-03 06:19:00,53.52,53.61,53.52,53.53,59
2025-04-03 06:20:00,53.6,53.97,53.6,53.97,264
2025-04-03 06:21:00,53.81,53.99,53.63,53.71,1570
2025-04-03 06:22:00,53.66,53.84,53.66,53.66,488
2025-04-03 06:23:00,53.85,53.85,53.85,53.85,22
2025-04-03 06:24:00,53.75,53.84,53.72,53.84,198
2025-04-03 06:25:00,53.85,54.59,53.77,54.48,725
2025-04-03 06:26:00,54.1,55.0,54.1,54.98,1200
2025-04-03 06:28:00,54.55,54.88,54.55,54.57,260
2025-04-03 06:29:00,54.55,54.85,54.55,54.62,345
2025-04-03 06:30:00,54.56,54.98,54.56,54.57,1301
2025-04-03 06:31:00,54.57,55.0,54.18,55.0,8600
2025-04-03 06:32:00,54.69,54.99,54.56,54.81,2050
2025-04-03 06:33:00,54.81,54.81,54.76,54.76,139
2025-04-03 06:34:00,54.63,54.63,54.55,54.55,120
2025-04-03 06:35:00,54.55,54.55,54.2,54.2,117
2025-04-03 06:36:00,54.3,54.3,54.12,54.13,596
2025-04-03 06:37:00,54.21,54.3,54.21,54.3,166
2025-04-03 06:38:00,54.25,54.32,54.2,54.26,140
2025-04-03 06:39:00,54.15,54.47,54.1,54.47,524
2025-04-03 06:41:00,54.16,54.5,54.16,54.16,165
2025-04-03 06:42:00,54.39,54.45,54.16,54.45,151
2025-04-03 06:43:00,54.45,54.45,54.45,54.45,45
2025-04-03 06:44:00,54.6,55.0,54.55,54.6,1143
2025-04-03 06:45:00,54.8,54.8,54.8,54.8,22
2025-04-03 06:46:00,54.8,54.8,54.8,54.8,28
2025-04-03 06:47:00,54.63,54.63,54.1,54.11,1821
2025-04-03 06:48:00,54.15,54.15,54.1,54.11,530
2025-04-03 06:49:00,54.13,54.4,54.11,54.11,950
2025-04-03 06:50:00,54.11,54.12,53.8,53.8,3519
2025-04-03 06:51:00,53.8,53.81,53.65,53.76,256
2025-04-03 06:52:00,53.98,54.0,53.7,53.99,900
2025-04-03 06:53:00,53.73,54.01,53.52,54.0,2323
2025-04-03 06:54:00,54.05,54.05,54.0,54.0,1700
2025-04-03 06:55:00,54.35,54.35,54.3,54.35,222
2025-04-03 06:56:00,54.33,54.36,53.53,54.01,4531
2025-04-03 06:57:00,54.01,54.16,54.0,54.01,524
2025-04-03 06:59:00,54.3,54.34,54.3,54.3,71
2025-04-03 07:00:00,54.3,54.54,54.06,54.26,2319
2025-04-03 07:01:00,54.47,54.74,54.2,54.74,26429
2025-04-03 07:02:00,54.75,54.83,54.75,54.83,22
2025-04-03 07:03:00,54.7,54.8,54.67,54.7,629
2025-04-03 07:04:00,54.65,54.75,54.17,54.45,4269
2025-04-03 07:05:00,54.26,54.51,54.2,54.5,1034
2025-04-03 07:06:00,54.49,54.6,54.49,54.5,6
2025-04-03 07:08:00,54.5,54.65,54.3,54.3,4098
2025-04-03 07:09:00,54.69,54.7,54.36,54.36,406
2025-04-03 07:10:00,54.36,54.58,54.36,54.5,359
2025-04-03 07:11:00,54.48,54.85,54.46,54.85,552
2025-04-03 07:12:00,54.62,54.89,54.62,54.84,306
2025-04-03 07:13:00,54.75,54.89,54.72,54.83,2053
2025-04-03 07:14:00,54.84,54.89,54.83,54.89,1744
2025-04-03 07:15:00,55.0,55.0,54.76,54.9,7535
2025-04-03 07:16:00,54.82,54.9,54.75,54.9,1163
2025-04-03 07:17:00,54.86,54.86,54.76,54.8,484
2025-04-03 07:18:00,54.79,54.79,54.6,54.6,2319
2025-04-03 07:19:00,54.62,54.62,54.35,54.42,2171
2025-04-03 07:20:00,54.44,54.44,54.4,54.4,191
2025-04-03 07:21:00,54.64,54.64,54.5,54.5,832
2025-04-03 07:22:00,54.5,54.65,54.5,54.65,3050
2025-04-03 07:23:00,54.56,54.6,54.5,54.6,632
2025-04-03 07:24:00,54.59,54.6,54.58,54.59,122
2025-04-03 07:25:00,54.5,54.64,54.5,54.64,553
2025-04-03 07:26:00,54.5,54.64,54.5,54.61,660
2025-04-03 07:27:00,54.65,54.65,54.6,54.64,303
2025-04-03 07:28:00,54.63,54.63,54.56,54.56,40
2025-04-03 07:29:00,54.55,54.6,54.55,54.6,177
2025-04-03 07:30:00,54.59,54.59,54.56,54.56,735
2025-04-03 07:31:00,54.55,54.56,54.5,54.5,14778
2025-04-03 07:32:00,54.51,54.51,54.16,54.16,9824
2025-04-03 07:33:00,54.18,54.3,54.15,54.25,3176
2025-04-03 07:34:00,54.3,54.3,54.3,54.3,200
2025-04-03 07:35:00,54.32,54.45,54.32,54.34,260
2025-04-03 07:36:00,54.42,54.63,54.35,54.63,1222
2025-04-03 07:37:00,54.63,54.63,54.6,54.6,565
2025-04-03 07:38:00,54.63,54.63,54.63,54.63,20
2025-04-03 07:39:00,54.52,54.65,54.4,54.65,2388
2025-04-03 07:40:00,54.55,54.7,54.55,54.65,471
2025-04-03 07:41:00,54.65,54.65,54.65,54.65,36
2025-04-03 07:42:00,54.64,54.64,54.5,54.5,1397
2025-04-03 07:43:00,54.5,54.54,54.49,54.5,15047
2025-04-03 07:44:00,54.5,54.52,54.37,54.5,2594
2025-04-03 07:45:00,54.38,54.48,54.35,54.39,5126
2025-04-03 07:46:00,54.36,54.38,54.2,54.21,12547
2025-04-03 07:47:00,54.2,54.2,53.97,54.0,26415
2025-04-03 07:48:00,53.99,54.0,53.82,53.96,1469
2025-04-03 07:49:00,54.0,54.17,53.85,54.16,18163
2025-04-03 07:51:00,54.05,54.15,54.05,54.15,137
2025-04-03 07:52:00,54.15,54.31,54.14,54.31,2850
2025-04-03 07:53:00,54.35,54.41,54.35,54.4,849
2025-04-03 07:54:00,54.35,54.5,54.35,54.5,158
2025-04-03 07:55:00,54.49,54.49,54.48,54.48,150
2025-04-03 07:56:00,54.49,54.5,54.48,54.48,242
2025-04-03 07:57:00,54.49,54.54,54.48,54.54,692
2025-04-03 07:58:00,54.51,54.76,54.24,54.75,4109
2025-04-03 07:59:00,54.32,54.67,54.32,54.66,185
2025-04-03 08:00:00,54.3601,58.3,53.51,53.8395,135202
2025-04-03 08:01:00,54.6402,57.8,54.48,54.6593,1368
2025-04-03 08:02:00,54.6997,57.8,54.3097,54.6,4742
2025-04-03 08:03:00,54.66,54.66,54.55,54.5969,1749
2025-04-03 08:04:00,54.61,54.66,54.5244,54.6,1646
2025-04-03 08:05:00,54.5999,54.7,54.5198,54.7,561
2025-04-03 08:06:00,54.7,54.99,54.62,54.9701,1473
2025-04-03 08:07:00,54.98,54.98,54.7,54.9601,3277
2025-04-03 08:08:00,54.9,54.98,54.7001,54.98,24192
2025-04-03 08:09:00,54.98,55.75,54.95,55.74,52067
2025-04-03 08:10:00,55.57,56.19,55.56,56.19,21328
2025-04-03 08:11:00,56.11,56.19,55.85,56.19,4981
2025-04-03 08:12:00,56.2496,56.8,56.18,56.8,15914
2025-04-03 08:13:00,56.74,56.9,56.4605,56.8996,10577
2025-04-03 08:14:00,56.87,56.9,56.44,56.6,12188
2025-04-03 08:15:00,56.5599,56.5599,56.04,56.2,6002
2025-04-03 08:16:00,56.2,56.4,56.04,56.29,3255
2025-04-03 08:17:00,56.3,56.8,56.04,56.61,9085
2025-04-03 08:18:00,56.75,57.0,56.6,56.9999,25504
2025-04-03 08:19:00,57.0,57.24,56.9,57.195,11436
2025-04-03 08:20:00,57.0075,57.4,56.85,57.31,12682
2025-04-03 08:21:00,57.38,57.38,56.75,57.1,18137
2025-04-03 08:22:00,57.1,57.36,57.0,57.05,5495
2025-04-03 08:23:00,57.1099,57.3,56.85,57.0001,6427
2025-04-03 08:24:00,57.0,57.15,56.85,56.99,7076
2025-04-03 08:25:00,57.115,57.115,56.75,56.75,16049
2025-04-03 08:26:00,56.76,56.88,56.75,56.802,3028
2025-04-03 08:27:00,56.8,57.09,56.8,57.09,3495
2025-04-03 08:28:00,57.07,57.1,56.8,56.8,11439
2025-04-03 08:29:00,56.8,56.8,56.11,56.2,37322
2025-04-03 08:30:00,56.04,56.34,56.04,56.2,14996
2025-04-03 08:31:00,56.2,56.2,55.85,55.97,4003
2025-04-03 08:32:00,55.85,56.0,55.72,55.97,2684
2025-04-03 08:33:00,55.85,56.0,55.79,55.7952,1210
2025-04-03 08:34:00,55.85,55.95,55.52,55.53,3580
2025-04-03 08:35:00,55.52,55.94,55.52,55.77,2461
2025-04-03 08:36:00,55.8275,55.94,55.55,55.9013,27463
2025-04-03 08:37:00,55.9,56.0,55.75,55.99,10266
2025-04-03 08:38:00,55.98,55.99,55.4,55.4,17813
2025-04-03 08:39:00,55.75,56.2,55.4087,55.75,7393
2025-04-03 08:40:00,56.0,56.0,55.56,55.606,1565
2025-04-03 08:41:00,55.98,56.0,55.601,55.76,1325
2025-04-03 08:42:00,55.9,55.9,55.6,55.73,842
2025-04-03 08:43:00,55.7,55.74,55.51,55.51,2566
2025-04-03 08:44:00,55.51,55.734,55.5,55.5,780
2025-04-03 08:45:00,55.62,55.72,55.5,55.64,2839
2025-04-03 08:46:00,55.69,55.69,55.55,55.68,680
2025-04-03 08:47:00,55.55,55.68,55.244,55.244,3506
2025-04-03 08:48:00,55.1301,55.67,55.12,55.2,11735
2025-04-03 08:49:00,55.61,55.61,55.0,55.15,12649
2025-04-03 08:50:00,55.45,55.48,55.02,55.4653,1847
2025-04-03 08:51:00,55.4,55.4599,55.3,55.43,559
2025-04-03 08:52:00,55.44,55.53,55.4,55.53,3486
2025-04-03 08:53:00,55.52,55.67,55.52,55.6665,2284
2025-04-03 08:54:00,55.6327,55.69,55.53,55.67,1660
2025-04-03 08:55:00,55.53,55.74,55.53,55.739,1399
2025-04-03 08:56:00,55.5645,55.74,55.5645,55.7198,214
2025-04-03 08:57:00,55.7355,56.1999,55.53,56.16,7157
2025-04-03 08:58:00,56.1,56.1,55.75,55.96,594
2025-04-03 08:59:00,52.57,56.0,52.57,55.9698,24410
2025-04-03 09:00:00,55.97,55.97,55.8117,55.85,1147
2025-04-03 09:01:00,55.81,55.9,55.53,55.7982,1948
2025-04-03 09:02:00,55.67,55.8,55.65,55.65,2241
2025-04-03 09:03:00,55.6618,55.8,55.65,55.74,1034
2025-04-03 09:04:00,55.7,55.7499,55.65,55.66,3420
2025-04-03 09:05:00,55.64,55.69,55.53,55.5301,1722
2025-04-03 09:06:00,55.6894,55.69,55.5,55.5,3821
2025-04-03 09:07:00,55.58,55.58,55.5,55.5,3469
2025-04-03 09:08:00,55.5,55.5,55.1101,55.5,5600
2025-04-03 09:09:00,55.5,55.63,55.43,55.5,6163
2025-04-03 09:10:00,55.44,55.69,55.25,55.25,1149
2025-04-03 09:11:00,55.2701,61.36,55.26,55.5,80322
2025-04-03 09:12:00,55.66,55.97,55.66,55.79,4415
2025-04-03 09:13:00,55.79,61.36,55.7402,56.2,102536
2025-04-03 09:14:00,56.19,56.35,55.97,56.346,4027
2025-04-03 09:15:00,56.32,56.5,55.97,56.45,14825
2025-04-03 09:16:00,56.45,56.45,55.97,56.25,1005
2025-04-03 09:17:00,56.26,61.36,56.01,56.01,109986
2025-04-03 09:18:00,56.35,56.4,56.0,56.01,2213
2025-04-03 09:19:00,56.35,56.35,56.0,56.18,175
2025-04-03 09:20:00,56.0053,56.29,56.0,56.15,957
2025-04-03 09:21:00,56.22,56.29,56.0095,56.18,2578
2025-04-03 09:22:00,56.1,56.18,56.0,56.12,4191
2025-04-03 09:23:00,56.12,56.32,56.05,56.3119,6281
2025-04-03 09:24:00,56.3,56.6,56.1,56.3,12828
2025-04-03 09:25:00,56.3,56.43,55.46,55.5,11210
2025-04-03 09:26:00,55.97,55.97,55.43,55.48,1824
2025-04-03 09:27:00,55.5,55.99,55.49,55.96,4635
2025-04-03 09:28:00,55.47,55.93,54.9,55.0,5122
2025-04-03 09:29:00,54.8952,55.4695,54.814,55.4,15480
2025-04-03 09:30:00,55.39,55.39,54.5,54.6999,349152
2025-04-03 09:31:00,54.6,54.65,53.25,53.405,282015
2025-04-03 09:32:00,53.405,53.79,53.26,53.46,152807
2025-04-03 09:33:00,53.46,54.94,53.46,54.6,222918
2025-04-03 09:34:00,54.575,54.79,54.0,54.62,154278
2025-04-03 09:35:00,54.71,55.2,54.605,55.065,171261
2025-04-03 09:36:00,54.98,56.44,54.98,56.1284,226588
2025-04-03 09:37:00,56.26,56.33,55.56,56.04,227168
2025-04-03 09:38:00,56.1298,56.4002,55.9524,56.01,165823
2025-04-03 09:39:00,56.0001,56.1,55.38,55.868,140157
2025-04-03 09:40:00,55.99,56.79,55.86,56.55,176399
2025-04-03 09:41:00,56.5001,57.0,56.5,56.875,170160
2025-04-03 09:42:00,56.875,57.0,56.77,56.87,120115
2025-04-03 09:43:00,56.87,57.1,56.7,56.745,152124
2025-04-03 09:44:00,56.745,57.0,56.2801,56.8899,100668
2025-04-03 09:45:00,56.88,57.0,56.8701,56.9433,94196
2025-04-03 09:46:00,56.945,57.5887,56.9,57.55,135252
2025-04-03 09:47:00,57.617,57.6462,56.98,57.02,106302
2025-04-03 09:48:00,57.02,57.0234,56.3,56.55,95115
2025-04-03 09:49:00,56.55,56.68,55.3301,55.685,122421
2025-04-03 09:50:00,55.6801,56.85,55.68,56.45,95657
2025-04-03 09:51:00,56.48,57.1794,56.4105,57.1013,80850
2025-04-03 09:52:00,57.18,57.41,57.05,57.1,118855
2025-04-03 09:53:00,57.105,57.3083,57.02,57.02,52170
2025-04-03 09:54:00,57.035,57.035,56.56,56.84,43345
2025-04-03 09:55:00,56.84,57.16,56.7891,56.825,65227
2025-04-03 09:56:00,56.85,57.1599,56.8,56.8065,46192
2025-04-03 09:57:00,56.802,56.97,56.35,56.855,49742
2025-04-03 09:58:00,56.95,57.0,56.5,56.85,49385
2025-04-03 09:59:00,56.85,57.0,56.76,56.8,49130
2025-04-03 10:00:00,56.81,56.9294,56.5501,56.73,44196
2025-04-03 10:01:00,56.7613,56.78,56.36,56.44,56875
2025-04-03 10:02:00,56.34,56.6599,56.15,56.47,38986
2025-04-03 10:03:00,56.47,56.5,55.57,55.815,75521
2025-04-03 10:04:00,55.81,55.81,54.5,54.5,203464
2025-04-03 10:05:00,54.5115,55.02,54.4,54.845,93098
2025-04-03 10:06:00,54.845,55.5,54.73,55.1152,91899
2025-04-03 10:07:00,55.164,55.17,54.88,55.095,69559
2025-04-03 10:08:00,55.095,55.42,55.0001,55.275,61652
2025-04-03 10:09:00,55.231,55.67,55.0,55.62,78411
2025-04-03 10:10:00,55.6009,55.6093,55.22,55.3539,57251
2025-04-03 10:11:00,55.425,55.425,55.005,55.005,26243
2025-04-03 10:12:00,55.0,55.005,54.62,54.6884,61435
2025-04-03 10:13:00,54.655,55.16,54.6201,54.6201,52420
2025-04-03 10:14:00,54.642,54.8,54.55,54.75,43340
2025-04-03 10:15:00,54.8,55.2,54.759,55.1139,47417
2025-04-03 10:16:00,55.0101,55.1723,54.9501,55.0412,33373
2025-04-03 10:17:00,55.0988,55.1,54.5501,54.667,43326
2025-04-03 10:18:00,54.68,54.9499,54.51,54.6,37746
2025-04-03 10:19:00,54.535,54.9,54.5201,54.795,16522
2025-04-03 10:20:00,54.87,54.925,54.6,54.77,24653
2025-04-03 10:21:00,54.77,54.84,54.61,54.65,13585
2025-04-03 10:22:00,54.65,55.15,54.61,54.71,26131
2025-04-03 10:23:00,54.7362,54.7362,54.2,54.4,162016
2025-04-03 10:24:00,54.365,54.48,54.1,54.3757,44981
2025-04-03 10:25:00,54.35,55.0,54.3301,54.8993,67884
2025-04-03 10:26:00,54.9243,55.97,54.9206,55.77,136891
2025-04-03 10:27:00,55.76,55.88,55.1001,55.5575,65983
2025-04-03 10:28:00,55.729,55.8,55.3873,55.59,57251
2025-04-03 10:29:00,55.59,56.3,55.59,56.26,94397
2025-04-03 10:30:00,56.2501,56.2699,55.61,55.8955,44640
2025-04-03 10:31:00,55.885,56.0579,55.7501,56.0579,25396
2025-04-03 10:32:00,55.8901,56.0848,55.8,55.9405,14752
2025-04-03 10:33:00,55.915,56.273,55.9131,56.21,26332
2025-04-03 10:34:00,56.27,56.28,56.05,56.0901,34745
2025-04-03 10:35:00,56.1,56.105,55.8101,55.8107,42516
2025-04-03 10:36:00,55.83,55.95,55.55,55.5903,41350
2025-04-03 10:37:00,55.65,56.099,55.65,56.0701,19882
2025-04-03 10:38:00,56.0847,56.1,55.7072,56.02,26859
2025-04-03 10:39:00,55.875,56.19,55.7169,56.025,18801
2025-04-03 10:40:00,56.075,56.25,56.0001,56.2,44146
2025-04-03 10:41:00,56.2,56.7,56.02,56.575,48275
2025-04-03 10:42:00,56.6999,56.7,56.2976,56.395,52518
2025-04-03 10:43:00,56.395,56.64,56.2401,56.64,26773
2025-04-03 10:44:00,56.6,56.91,56.5001,56.69,41655
2025-04-03 10:45:00,56.7895,56.8,56.5,56.505,31018
2025-04-03 10:46:00,56.5,56.51,56.04,56.0801,32419
2025-04-03 10:47:00,56.11,56.11,55.7,55.965,43795
2025-04-03 10:48:00,55.965,55.965,55.5,55.5,42671
2025-04-03 10:49:00,55.47,55.7267,55.4,55.45,24944
2025-04-03 10:50:00,55.45,55.45,55.0,55.0,56608
2025-04-03 10:51:00,55.0,55.0,54.605,54.9011,66883
2025-04-03 10:52:00,54.8993,54.9,54.43,54.565,52063
2025-04-03 10:53:00,54.5633,54.5847,54.28,54.54,52614
2025-04-03 10:54:00,54.56,54.67,54.36,54.585,45802
2025-04-03 10:55:00,54.585,54.9699,54.585,54.775,37565
2025-04-03 10:56:00,54.775,55.25,54.7501,55.055,38543
2025-04-03 10:57:00,55.0588,55.2,55.05,55.0501,21930
2025-04-03 10:58:00,55.06,55.2,55.0,55.14,68191
2025-04-03 10:59:00,55.0801,55.25,54.9,54.91,32198
2025-04-03 11:00:00,54.9,55.01,54.8,54.905,26088
2025-04-03 11:01:00,54.905,55.22,54.87,55.14,14853
2025-04-03 11:02:00,55.14,55.1718,54.78,54.96,32508
2025-04-03 11:03:00,54.9465,54.95,54.7,54.7007,16424
2025-04-03 11:04:00,54.7098,54.7099,54.5,54.555,50254
2025-04-03 11:05:00,54.557,54.557,54.12,54.125,92730
2025-04-03 11:06:00,54.12,54.125,53.3,53.34,274178
2025-04-03 11:07:00,53.34,53.625,52.25,52.2561,277286
2025-04-03 11:08:00,52.3,52.6799,52.01,52.33,180274
2025-04-03 11:09:00,52.29,52.3899,51.6,51.605,128625
2025-04-03 11:10:00,51.6002,51.607,51.0,51.105,324821
2025-04-03 11:11:00,51.105,52.97,51.08,52.54,225438
2025-04-03 11:12:00,52.62,53.0,52.33,52.6,93715
2025-04-03 11:13:00,52.595,52.68,52.0,52.295,112587
2025-04-03 11:14:00,52.285,52.735,52.2373,52.48,74378
2025-04-03 11:15:00,52.545,52.5515,51.87,52.21,73140
2025-04-03 11:16:00,52.2093,52.32,52.01,52.185,52737
2025-04-03 11:17:00,52.185,52.5,52.11,52.4298,53439
2025-04-03 11:18:00,52.44,52.5,52.0101,52.34,71183
2025-04-03 11:19:00,52.345,52.4548,51.9,51.9,27452
2025-04-03 11:20:00,51.865,51.865,50.68,50.68,175701
2025-04-03 11:21:00,50.675,50.7,50.37,50.65,139801
2025-04-03 11:22:00,50.6,50.65,50.35,50.4794,121278
2025-04-03 11:23:00,50.38,50.9,50.22,50.845,135595
2025-04-03 11:24:00,50.8938,51.245,50.5,50.5913,44729
2025-04-03 11:25:00,50.58,50.9372,50.36,50.381,69257
2025-04-03 11:26:00,50.425,51.18,50.36,51.12,68818
2025-04-03 11:27:00,51.12,51.623,51.12,51.38,53758
2025-04-03 11:28:00,51.44,51.64,50.5,51.1226,70878
2025-04-03 11:29:00,51.225,51.3,50.8801,51.175,23455
2025-04-03 11:30:00,51.22,52.11,51.1001,51.87,59662
2025-04-03 11:31:00,51.7663,51.78,51.31,51.415,47063
2025-04-03 11:32:00,51.39,51.94,51.39,51.902,34502
2025-04-03 11:33:00,51.9,52.0821,51.69,51.69,23974
2025-04-03 11:34:00,51.745,51.8,51.3,51.4452,51518
2025-04-03 11:35:00,51.4703,51.6,51.23,51.405,39978
2025-04-03 11:36:00,51.45,51.5103,51.25,51.25,14435
2025-04-03 11:37:00,51.3871,51.39,51.07,51.3819,29620
2025-04-03 11:38:00,51.32,51.59,51.2021,51.44,49000
2025-04-03 11:39:00,51.44,51.58,51.3,51.4912,19797
2025-04-03 11:40:00,51.5597,51.7,51.45,51.605,36724
2025-04-03 11:41:00,51.605,52.02,51.605,51.88,64441
2025-04-03 11:42:00,52.04,52.3,51.82,52.24,92253
2025-04-03 11:43:00,51.93,52.125,51.5001,51.58,66757
2025-04-03 11:44:00,51.5966,51.81,51.35,51.68,57955
2025-04-03 11:45:00,51.68,52.0,51.57,51.57,34276
2025-04-03 11:46:00,51.56,51.85,51.085,51.102,27025
2025-04-03 11:47:00,51.12,51.122,50.5,50.675,186615
2025-04-03 11:48:00,50.7052,50.76,50.5,50.6341,52075
2025-04-03 11:49:00,50.64,50.6815,50.5,50.6815,49989
2025-04-03 11:50:00,50.6887,50.6887,50.48,50.5,108863
2025-04-03 11:51:00,50.5,50.505,50.07,50.07,110002
2025-04-03 11:52:00,50.07,50.075,49.35,49.713,250918
2025-04-03 11:53:00,49.67,50.11,49.57,49.71,85541
2025-04-03 11:54:00,49.615,49.65,49.4,49.415,108355
2025-04-03 11:55:00,49.415,49.5,49.0,49.1429,151909
2025-04-03 11:56:00,49.126,49.18,48.77,48.952,144206
2025-04-03 11:57:00,48.975,49.34,48.26,49.22,218641
2025-04-03 11:58:00,49.268,49.7114,49.0381,49.68,61220
2025-04-03 11:59:00,49.688,49.75,49.0,49.18,81296
2025-04-03 12:00:00,49.3,49.43,49.0,49.25,24647
2025-04-03 12:01:00,49.1425,49.8,49.11,49.535,51065
2025-04-03 12:02:00,49.5699,49.9397,49.39,49.87,47418
2025-04-03 12:03:00,49.835,49.94,49.5566,49.6954,70027
2025-04-03 12:04:00,49.7,49.7,49.0037,49.185,80223
2025-04-03 12:05:00,49.24,49.79,49.205,49.72,26800
2025-04-03 12:06:00,49.7002,50.44,49.6432,50.25,120753
2025-04-03 12:07:00,50.27,50.44,49.8004,50.0,92553
2025-04-03 12:08:00,50.1504,50.3,49.8001,50.3,36332
2025-04-03 12:09:00,50.175,50.4399,50.1244,50.345,27935
2025-04-03 12:10:00,50.345,50.88,50.345,50.5,88251
2025-04-03 12:11:00,50.5999,50.8525,50.4,50.7816,58210
2025-04-03 12:12:00,50.7,51.2,50.6501,51.12,40740
2025-04-03 12:13:00,51.12,51.4014,50.92,51.395,48224
2025-04-03 12:14:00,51.4151,51.7552,51.12,51.445,111067
2025-04-03 12:15:00,51.44,51.7,51.2399,51.625,114200
2025-04-03 12:16:00,51.5502,51.6999,50.8601,50.8601,77699
2025-04-03 12:17:00,50.97,51.2,50.93,51.0999,23407
2025-04-03 12:18:00,51.1803,51.5,51.0,51.442,37032
2025-04-03 12:19:00,51.28,51.4656,50.8,51.0,58034
2025-04-03 12:20:00,51.0,51.19,50.8111,50.88,38636
2025-04-03 12:21:00,50.9239,51.0,50.5,50.855,59248
2025-04-03 12:22:00,50.85,50.98,50.5,50.625,42365
2025-04-03 12:23:00,50.625,50.94,50.5001,50.805,21246
2025-04-03 12:24:00,50.805,50.95,50.76,50.815,15865
2025-04-03 12:25:00,50.815,50.93,50.8001,50.8501,23379
2025-04-03 12:26:00,50.894,50.9,50.51,50.535,65303
2025-04-03 12:27:00,50.5006,50.8399,50.25,50.55,37419
2025-04-03 12:28:00,50.64,50.8,50.41,50.68,12469
2025-04-03 12:29:00,50.68,50.9842,50.68,50.905,20378
2025-04-03 12:30:00,50.905,50.9567,50.7369,50.9,17383
2025-04-03 12:31:00,50.92,50.95,50.75,50.76,26266
2025-04-03 12:32:00,50.7,50.85,50.5,50.85,22107
2025-04-03 12:33:00,50.8309,50.84,50.6401,50.735,7351
2025-04-03 12:34:00,50.8,50.8,50.3,50.68,26217
2025-04-03 12:35:00,50.68,50.78,50.598,50.75,11289
2025-04-03 12:36:00,50.75,51.1,50.47,50.52,50418
2025-04-03 12:37:00,50.5762,50.92,50.4801,50.775,18453
2025-04-03 12:38:00,50.6601,50.92,50.6301,50.835,25544
2025-04-03 12:39:00,50.895,50.9762,50.5521,50.8273,20628
2025-04-03 12:40:00,50.84,51.0999,50.5001,51.0826,21814
2025-04-03 12:41:00,50.9,51.1,50.9,51.0593,19897
2025-04-03 12:42:00,50.985,51.35,50.7901,51.1,35743
2025-04-03 12:43:00,51.1,51.4,50.98,51.351,50545
2025-04-03 12:44:00,51.3912,51.4,51.19,51.4,35486
2025-04-03 12:45:00,51.3984,51.4,51.1901,51.26,33339
2025-04-03 12:46:00,51.3,51.32,51.2001,51.24,51025
2025-04-03 12:47:00,51.2109,51.6471,51.19,51.52,30262
2025-04-03 12:48:00,51.635,51.75,51.4755,51.48,26659
2025-04-03 12:49:00,51.51,51.82,51.5,51.81,37817
2025-04-03 12:50:00,51.8417,52.25,51.7801,52.0,45969
2025-04-03 12:51:00,51.95,52.42,51.9084,52.37,63992
2025-04-03 12:52:00,52.37,52.38,51.9189,52.13,53973
2025-04-03 12:53:00,52.13,52.4,52.05,52.32,35375
2025-04-03 12:54:00,52.3,52.82,52.28,52.591,63084
2025-04-03 12:55:00,52.63,52.76,52.3501,52.475,33706
2025-04-03 12:56:00,52.475,53.25,52.33,52.7338,187855
2025-04-03 12:57:00,52.625,53.2,52.5,53.07,149439
2025-04-03 12:58:00,53.1785,53.5,53.0,53.425,175282
2025-04-03 12:59:00,53.4821,53.83,53.3,53.725,191166
2025-04-03 13:00:00,53.725,54.1,53.62,53.9501,228513
2025-04-03 13:01:00,54.1,54.3973,54.01,54.255,126770
2025-04-03 13:02:00,54.2928,54.41,53.99,54.3396,131590
2025-04-03 13:03:00,54.34,54.46,54.0,54.242,141531
2025-04-03 13:04:00,54.23,54.3862,53.6,53.7112,161490
2025-04-03 13:05:00,53.71,54.095,53.6,53.871,79514
2025-04-03 13:06:00,53.9777,54.45,53.8601,54.425,72829
2025-04-03 13:07:00,54.4267,54.5,54.0526,54.4912,90829
2025-04-03 13:08:00,54.455,54.455,54.07,54.3531,43838
2025-04-03 13:09:00,54.21,54.4268,54.02,54.1,53280
2025-04-03 13:10:00,54.175,54.2388,54.0,54.1018,33608
2025-04-03 13:11:00,54.065,54.4,54.0,54.26,47864
2025-04-03 13:12:00,54.29,54.4,54.0,54.2765,39571
2025-04-03 13:13:00,54.17,54.28,54.0001,54.16,19824
2025-04-03 13:14:00,54.2233,54.2233,53.85,54.1111,37466
2025-04-03 13:15:00,54.01,54.5,54.0,54.42,48689
2025-04-03 13:16:00,54.315,54.45,54.0593,54.15,41810
2025-04-03 13:17:00,54.3,54.48,54.225,54.405,30200
2025-04-03 13:18:00,54.4335,54.448,54.308,54.3375,14995
2025-04-03 13:19:00,54.305,54.5,54.2,54.4991,38973
2025-04-03 13:20:00,54.4965,54.5,54.34,54.395,31462
2025-04-03 13:21:00,54.3601,54.405,54.1043,54.105,41067
2025-04-03 13:22:00,54.0701,54.17,53.53,53.735,88376
2025-04-03 13:23:00,53.735,53.75,53.01,53.035,98810
2025-04-03 13:24:00,53.035,53.41,53.01,53.2799,33061
2025-04-03 13:25:00,53.355,53.9772,53.355,53.885,69512
2025-04-03 13:26:00,53.885,54.03,53.8,53.9,29368
2025-04-03 13:27:00,53.9,54.05,53.8,54.05,37864
2025-04-03 13:28:00,54.0795,54.41,54.0201,54.28,50454
2025-04-03 13:29:00,54.34,54.3999,54.1001,54.34,31619
2025-04-03 13:30:00,54.34,54.43,54.2001,54.405,35524
2025-04-03 13:31:00,54.415,54.44,54.35,54.3671,36474
2025-04-03 13:32:00,54.405,54.45,54.29,54.35,40610
2025-04-03 13:33:00,54.35,54.88,54.33,54.74,93056
2025-04-03 13:34:00,54.8474,54.85,54.16,54.39,53851
2025-04-03 13:35:00,54.39,54.6,54.18,54.355,37510
2025-04-03 13:36:00,54.355,54.49,54.23,54.325,26947
2025-04-03 13:37:00,54.257,54.6096,54.1878,54.575,35185
2025-04-03 13:38:00,54.575,54.58,54.11,54.3176,27390
2025-04-03 13:39:00,54.285,54.375,54.1701,54.3375,13502
2025-04-03 13:40:00,54.375,54.4541,54.11,54.26,13157
2025-04-03 13:41:00,54.26,54.3871,53.9801,54.1,47607
2025-04-03 13:42:00,54.1,54.2,53.85,53.92,62948
2025-04-03 13:43:00,53.925,53.925,53.25,53.775,54640
2025-04-03 13:44:00,53.775,54.2742,53.7143,54.2742,23003
2025-04-03 13:45:00,54.225,54.2461,53.88,54.1554,17208
2025-04-03 13:46:00,54.065,54.1124,53.87,53.91,11443
2025-04-03 13:47:00,53.91,54.0,53.87,53.92,22521
2025-04-03 13:48:00,53.91,53.95,53.64,53.9,46391
2025-04-03 13:49:00,53.8744,53.9,53.8,53.8,17410
2025-04-03 13:50:00,53.8,53.88,53.6207,53.8137,26926
2025-04-03 13:51:00,53.7592,53.88,53.7501,53.785,10187
2025-04-03 13:52:00,53.8,53.8385,53.62,53.76,13235
2025-04-03 13:53:00,53.79,53.79,53.72,53.7201,14840
2025-04-03 13:54:00,53.78,54.07,53.7285,54.05,32576
2025-04-03 13:55:00,54.05,54.1,53.8501,53.97,28357
2025-04-03 13:56:00,53.9999,54.0,53.8501,53.855,40611
2025-04-03 13:57:00,53.8501,53.965,53.77,53.78,26091
2025-04-03 13:58:00,53.7745,53.9,53.7512,53.9,17020
2025-04-03 13:59:00,53.835,53.9972,53.7701,53.95,13893
2025-04-03 14:00:00,53.925,54.2,53.9,54.05,24083
2025-04-03 14:01:00,54.1631,54.1631,53.7001,54.0,16622
2025-04-03 14:02:00,53.7139,54.0,53.7139,53.88,9541
2025-04-03 14:03:00,53.83,53.88,53.71,53.745,6801
2025-04-03 14:04:00,53.745,53.88,53.7,53.875,17861
2025-04-03 14:05:00,53.9106,54.0,53.73,53.8,10252
2025-04-03 14:06:00,53.775,53.8,53.69,53.69,27029
2025-04-03 14:07:00,53.6654,53.6654,53.25,53.2952,33000
2025-04-03 14:08:00,53.325,53.49,53.29,53.3733,27870
2025-04-03 14:09:00,53.3501,53.44,53.1998,53.1998,25379
2025-04-03 14:10:00,53.195,53.195,52.5,52.975,82114
2025-04-03 14:11:00,52.95,52.95,52.59,52.595,11325
2025-04-03 14:12:00,52.5999,52.7171,52.5,52.6283,30769
2025-04-03 14:13:00,52.645,52.65,52.32,52.33,36271
2025-04-03 14:14:00,52.335,52.5,52.335,52.39,43652
2025-04-03 14:15:00,52.3801,52.515,52.3801,52.495,21466
2025-04-03 14:16:00,52.3911,52.52,52.35,52.35,31178
2025-04-03 14:17:00,52.3632,52.425,52.01,52.02,28595
2025-04-03 14:18:00,52.11,52.165,52.0112,52.155,16248
2025-04-03 14:19:00,52.155,52.21,52.0,52.0954,42552
2025-04-03 14:20:00,52.06,52.3803,52.0501,52.18,25367
2025-04-03 14:21:00,52.2,52.2,52.005,52.06,27016
2025-04-03 14:22:00,52.06,52.47,52.03,52.425,22229
2025-04-03 14:23:00,52.4899,52.49,52.21,52.3701,19082
2025-04-03 14:24:00,52.43,52.64,52.43,52.56,12759
2025-04-03 14:25:00,52.6,52.6,52.4589,52.58,7865
2025-04-03 14:26:00,52.58,52.6495,52.53,52.605,30596
2025-04-03 14:27:00,52.593,52.593,52.3095,52.3333,15600
2025-04-03 14:28:00,52.41,52.4835,52.3201,52.35,12455
2025-04-03 14:29:00,52.3331,52.475,52.25,52.475,38599
2025-04-03 14:30:00,52.5,52.5157,52.425,52.496,26504
2025-04-03 14:31:00,52.49,52.5,52.12,52.28,28105
2025-04-03 14:32:00,52.14,52.16,51.95,52.0482,98647
2025-04-03 14:33:00,52.1,52.6,52.07,52.545,65134
2025-04-03 14:34:00,52.545,52.88,52.455,52.7,28967
2025-04-03 14:35:00,52.7,52.88,52.646,52.83,14399
2025-04-03 14:36:00,52.8154,52.8154,52.51,52.63,16467
2025-04-03 14:37:00,52.76,52.76,52.5,52.6,7871
2025-04-03 14:38:00,52.56,52.6,52.55,52.575,7197
2025-04-03 14:39:00,52.5501,52.61,52.1,52.21,45752
2025-04-03 14:40:00,52.1002,52.7742,52.1,52.7742,30714
2025-04-03 14:41:00,52.7872,52.95,52.47,52.4701,25203
2025-04-03 14:42:00,52.8599,52.93,52.6001,52.85,30471
2025-04-03 14:43:00,52.891,53.0,52.8,52.955,20271
2025-04-03 14:44:00,52.955,53.0,52.9192,52.995,26048
2025-04-03 14:45:00,52.995,53.0,52.81,53.0,10023
2025-04-03 14:46:00,52.96,53.0,52.51,52.875,20572
2025-04-03 14:47:00,52.95,53.2,52.87,53.18,33272
2025-04-03 14:48:00,53.18,53.49,53.1001,53.1793,39757
2025-04-03 14:49:00,53.155,53.5,53.12,53.49,27075
2025-04-03 14:50:00,53.4401,53.7,53.44,53.56,42834
2025-04-03 14:51:00,53.54,53.7,53.3001,53.5094,47008
2025-04-03 14:52:00,53.508,53.6,53.405,53.4068,20735
2025-04-03 14:53:00,53.405,53.41,53.35,53.35,11484
2025-04-03 14:54:00,53.3522,53.3522,53.3,53.335,9886
2025-04-03 14:55:00,53.335,53.335,53.0043,53.135,20744
2025-04-03 14:56:00,53.24,53.25,53.07,53.09,8748
2025-04-03 14:57:00,53.07,53.25,53.04,53.125,21423
2025-04-03 14:58:00,53.19,53.4,53.02,53.26,19528
2025-04-03 14:59:00,53.26,53.45,53.26,53.425,23334
2025-04-03 15:00:00,53.4,53.53,53.1,53.12,22746
2025-04-03 15:01:00,53.295,53.56,53.12,53.5392,26289
2025-04-03 15:02:00,53.53,53.97,53.53,53.885,24394
2025-04-03 15:03:00,53.885,53.89,53.72,53.796,16674
2025-04-03 15:04:00,53.8799,53.8799,53.72,53.76,16911
2025-04-03 15:05:00,53.7999,54.0,53.72,53.9985,58773
2025-04-03 15:06:00,53.98,54.0835,53.9601,54.065,31378
2025-04-03 15:07:00,54.065,54.25,53.64,53.765,78933
2025-04-03 15:08:00,53.8697,54.1425,53.64,53.98,28847
2025-04-03 15:09:00,54.065,54.14,53.9001,53.9001,13414
2025-04-03 15:10:00,54.0,54.0,53.75,53.78,40106
2025-04-03 15:11:00,53.78,53.78,53.5,53.55,26165
2025-04-03 15:12:00,53.5245,53.6,53.3101,53.49,22546
2025-04-03 15:13:00,53.49,53.5,53.34,53.42,10666
2025-04-03 15:14:00,53.3728,53.42,53.1101,53.2,11022
2025-04-03 15:15:00,53.155,53.3617,53.11,53.25,18528
2025-04-03 15:16:00,53.295,53.3808,53.0,53.11,18552
2025-04-03 15:17:00,53.1,53.11,52.855,52.855,68702
2025-04-03 15:18:00,52.855,53.61,52.8,53.4775,79264
2025-04-03 15:19:00,53.44,53.59,53.3,53.48,24952
2025-04-03 15:20:00,53.525,53.67,53.4301,53.67,18846
2025-04-03 15:21:00,53.6454,53.95,53.56,53.9,33600
2025-04-03 15:22:00,53.9,53.9462,53.71,53.775,42502
2025-04-03 15:23:00,53.775,53.8268,53.55,53.604,10768
2025-04-03 15:24:00,53.625,53.6856,53.47,53.47,33728
2025-04-03 15:25:00,53.47,53.475,53.0001,53.2581,13484
2025-04-03 15:26:00,53.44,53.61,53.39,53.455,9702
2025-04-03 15:27:00,53.495,53.535,53.24,53.24,13009
2025-04-03 15:28:00,53.24,53.38,53.0001,53.0001,46854
2025-04-03 15:29:00,53.125,53.25,53.0101,53.105,14330
2025-04-03 15:30:00,53.105,53.201,53.0101,53.201,25929
2025-04-03 15:31:00,53.25,53.55,53.1901,53.48,24043
2025-04-03 15:32:00,53.48,53.55,53.05,53.28,54591
2025-04-03 15:33:00,53.385,53.4334,53.1,53.29,15160
2025-04-03 15:34:00,53.325,53.33,53.21,53.33,10523
2025-04-03 15:35:00,53.33,53.4199,53.04,53.04,30747
2025-04-03 15:36:00,53.035,53.2018,53.0,53.07,69959
2025-04-03 15:37:00,53.06,53.15,52.9001,53.15,47639
2025-04-03 15:38:00,53.15,53.3,53.08,53.135,66599
2025-04-03 15:39:00,53.125,53.1821,53.04,53.095,17267
2025-04-03 15:40:00,53.1331,53.408,53.03,53.335,30936
2025-04-03 15:41:00,53.35,53.58,53.26,53.47,40548
2025-04-03 15:42:00,53.47,53.5499,53.37,53.385,42561
2025-04-03 15:43:00,53.3971,53.425,53.28,53.35,46314
2025-04-03 15:44:00,53.43,53.5,53.28,53.28,27146
2025-04-03 15:45:00,53.2502,53.27,53.0,53.19,45718
2025-04-03 15:46:00,53.17,53.499,53.17,53.305,28672
2025-04-03 15:47:00,53.305,53.4999,53.2401,53.33,27412
2025-04-03 15:48:00,53.33,53.4213,53.33,53.33,24036
2025-04-03 15:49:00,53.335,53.37,53.0269,53.21,49055
2025-04-03 15:50:00,53.21,53.29,53.21,53.2525,51345
2025-04-03 15:51:00,53.29,53.55,53.255,53.54,62312
2025-04-03 15:52:00,53.54,53.83,53.3409,53.83,96351
2025-04-03 15:53:00,53.5201,53.6998,53.33,53.355,136488
2025-04-03 15:54:00,53.33,53.83,53.33,53.58,82971
2025-04-03 15:55:00,53.58,53.59,53.24,53.25,83668
2025-04-03 15:56:00,53.25,53.25,53.05,53.145,94752
2025-04-03 15:57:00,53.18,53.21,53.01,53.2,84490
2025-04-03 15:58:00,53.2,53.755,53.2,53.61,126038
2025-04-03 15:59:00,53.615,53.76,53.55,53.73,231470
2025-04-03 16:00:00,53.8,53.8,53.009,53.009,4389528
2025-04-03 16:01:00,53.0295,53.7199,53.0001,53.45,1196
2025-04-03 16:02:00,53.2,53.43,53.16,53.4,108
2025-04-03 16:03:00,53.2001,53.3,53.15,53.25,2281
2025-04-03 16:04:00,53.25,53.3,53.0,53.0,473
2025-04-03 16:05:00,53.2,53.8,53.0022,53.0022,1492
2025-04-03 16:06:00,53.0,53.43,53.0,53.29,314
2025-04-03 16:07:00,53.3,53.3,53.25,53.25,3
2025-04-03 16:08:00,53.2,53.8,53.0,53.3,100851
2025-04-03 16:09:00,53.3,53.3,53.3,53.3,66
2025-04-03 16:10:00,53.3,53.3,53.14,53.14,1630
2025-04-03 16:11:00,53.13,53.3,53.03,53.05,164
2025-04-03 16:12:00,53.1,53.2,52.89,52.9999,3811
2025-04-03 16:13:00,52.99,52.99,52.95,52.98,40
2025-04-03 16:14:00,52.97,52.97,52.3,52.97,6089
2025-04-03 16:15:00,52.51,52.839,52.31,52.45,1125
2025-04-03 16:16:00,52.4,52.75,52.3222,52.48,1132
2025-04-03 16:17:00,52.49,52.8,52.4,52.5,863
2025-04-03 16:18:00,52.36,52.53,52.3,52.399,5452
2025-04-03 16:19:00,52.4,52.4,52.31,52.4,965
2025-04-03 16:20:00,52.4,52.4,52.31,52.4,521
2025-04-03 16:21:00,52.4,52.4,52.31,52.31,1657
2025-04-03 16:22:00,52.3995,52.3995,52.3,52.31,439
2025-04-03 16:23:00,52.3,52.35,52.13,52.13,2098
2025-04-03 16:24:00,52.2509,52.26,52.25,52.26,35
2025-04-03 16:25:00,52.35,52.35,52.2,52.25,1718
2025-04-03 16:26:00,52.25,52.25,52.13,52.13,46
2025-04-03 16:27:00,52.14,52.35,52.13,52.13,93
2025-04-03 16:28:00,52.35,52.79,52.13,52.79,4104
2025-04-03 16:29:00,52.35,52.79,52.35,52.41,54
2025-04-03 16:30:00,52.35,52.4099,52.35,52.35,806
2025-04-03 16:31:00,52.4023,52.4023,52.4,52.4,1045
2025-04-03 16:32:00,52.41,52.41,52.1,52.4,150
2025-04-03 16:33:00,52.12,52.15,52.01,52.01,1109
2025-04-03 16:34:00,52.01,52.02,51.88,51.8898,3261
2025-04-03 16:35:00,51.8899,51.89,51.8,51.81,1450
2025-04-03 16:36:00,51.8,51.96,51.8,51.8,1718
2025-04-03 16:37:00,51.8003,51.82,51.8,51.8099,1065
2025-04-03 16:38:00,51.81,51.81,51.75,51.7996,1488
2025-04-03 16:39:00,51.75,51.75,51.55,51.55,2208
2025-04-03 16:40:00,51.55,51.65,51.55,51.57,486
2025-04-03 16:41:00,51.65,51.65,51.55,51.57,358
2025-04-03 16:42:00,51.65,51.79,51.56,51.61,397
2025-04-03 16:43:00,51.61,51.788,51.55,51.5985,2318
2025-04-03 16:44:00,51.5992,51.77,51.55,51.61,1953
2025-04-03 16:45:00,51.7498,51.79,51.61,51.79,2067
2025-04-03 16:46:00,51.79,51.8,51.75,51.79,2638
2025-04-03 16:47:00,51.79,51.79,51.75,51.7899,1878
2025-04-03 16:48:00,51.79,52.45,51.79,52.45,7552
2025-04-03 16:49:00,52.5503,52.5503,52.02,52.5,451
2025-04-03 16:50:00,52.5,52.6,52.0832,52.0832,370
2025-04-03 16:51:00,52.5,52.55,52.08,52.08,67
2025-04-03 16:52:00,52.35,52.55,52.15,52.5,63
2025-04-03 16:53:00,52.48,52.55,52.1179,52.55,433
2025-04-03 16:54:00,52.5,52.55,52.48,52.5,67
2025-04-03 16:55:00,52.2323,52.6,52.2032,52.47,2607
2025-04-03 16:56:00,52.55,52.79,52.0401,52.79,1132
2025-04-03 16:57:00,52.79,52.98,52.79,52.96,452
2025-04-03 16:58:00,52.44,52.9,52.44,52.9,2262
2025-04-03 16:59:00,52.9,52.9,52.86,52.9,331
2025-04-03 17:00:00,52.9,52.9,52.65,52.65,769
2025-04-03 17:01:00,52.68,52.9,52.65,52.9,390
2025-04-03 17:02:00,52.84,52.84,52.6,52.65,572
2025-04-03 17:03:00,52.65,52.76,52.5,52.5,230
2025-04-03 17:04:00,52.56,52.56,52.34,52.4,286
2025-04-03 17:05:00,52.41,52.41,52.32,52.32,116
2025-04-03 17:06:00,52.23,52.7523,52.23,52.7523,1677
2025-04-03 17:07:00,52.41,52.73,52.23,52.23,1400
2025-04-03 17:08:00,52.6899,52.6899,52.6899,52.6899,300
2025-04-03 17:09:00,52.0654,52.5,52.06,52.06,5062
2025-04-03 17:10:00,52.67,52.68,52.06,52.68,64
2025-04-03 17:11:00,52.6743,52.69,52.06,52.69,443
2025-04-03 17:12:00,52.5,52.69,52.1,52.1,155
2025-04-03 17:13:00,52.4,52.66,52.3,52.66,69
2025-04-03 17:14:00,52.69,52.69,52.65,52.65,110
2025-04-03 17:15:00,52.51,52.51,52.3,52.3,58
2025-04-03 17:16:00,52.4,52.65,52.3,52.65,415
2025-04-03 17:17:00,52.65,52.65,52.25,52.49,19
2025-04-03 17:18:00,52.65,52.65,52.3,52.3,1126
2025-04-03 17:19:00,52.49,52.65,52.25,52.27,1669
2025-04-03 17:20:00,52.3,52.65,52.3,52.64,684
2025-04-03 17:21:00,52.4,52.64,52.4,52.5,126
2025-04-03 17:22:00,52.63,52.63,52.5,52.5,101
2025-04-03 17:23:00,52.6299,52.63,52.378,52.63,1228
2025-04-03 17:24:00,52.63,52.74,52.14,52.74,337
2025-04-03 17:25:00,52.64,52.88,52.47,52.47,79
2025-04-03 17:26:00,52.47,52.47,52.4,52.4,20
2025-04-03 17:27:00,52.89,52.89,52.85,52.85,260
2025-04-03 17:28:00,52.78,52.8882,52.78,52.8882,310
2025-04-03 17:29:00,52.8763,52.89,52.8763,52.89,45
2025-04-03 17:30:00,52.5,52.5,52.43,52.45,48
2025-04-03 17:31:00,52.45,52.84,52.45,52.84,62
2025-04-03 17:32:00,52.51,52.82,52.51,52.79,129
2025-04-03 17:33:00,52.6,52.81,52.6,52.81,575
2025-04-03 17:34:00,38.49,52.89,38.49,52.82,10337
2025-04-03 17:35:00,52.7,52.9,52.7,52.9,22
2025-04-03 17:36:00,52.94,52.94,52.9,52.94,188
2025-04-03 17:37:00,52.93,53.03,52.7082,53.03,872
2025-04-03 17:38:00,52.94,53.17,52.94,53.17,154
2025-04-03 17:39:00,52.94,53.1,52.94,53.1,6
2025-04-03 17:40:00,53.18,53.18,53.17,53.18,65
2025-04-03 17:41:00,53.18,53.7,53.18,53.6,540
2025-04-03 17:42:00,53.67,53.7,53.21,53.21,1245
2025-04-03 17:43:00,53.5,53.5,53.25,53.5,61
2025-04-03 17:44:00,53.25,53.59,53.25,53.41,137
2025-04-03 17:45:00,53.4,53.5,53.4,53.5,4252
2025-04-03 17:46:00,53.5,53.65,53.25,53.5,91
2025-04-03 17:47:00,53.26,53.26,53.26,53.26,7
2025-04-03 17:48:00,53.49,53.5,52.7,53.4775,3089
2025-04-03 17:49:00,53.25,53.5,53.0,53.5,247
2025-04-03 17:50:00,53.0,53.49,53.0,53.0,243
2025-04-03 17:51:00,53.48,53.48,53.0,53.0,259
2025-04-03 17:52:00,53.29,53.29,53.0,53.0,82
2025-04-03 17:53:00,53.09,53.09,52.7,52.7,3
2025-04-03 17:54:00,52.99,53.0,52.71,53.0,28
2025-04-03 17:55:00,53.0,53.0,53.0,53.0,250
2025-04-03 17:56:00,53.45,53.45,53.2,53.37,122
2025-04-03 17:57:00,53.4,53.4,52.7,53.4,44
2025-04-03 17:58:00,53.008,53.4,53.008,53.16,495
2025-04-03 17:59:00,53.28,53.28,53.28,53.28,30
2025-04-03 18:00:00,53.29,53.49,53.28,53.4,291
2025-04-03 18:01:00,53.4,53.41,53.4,53.41,35
2025-04-03 18:02:00,53.44,53.44,53.13,53.13,41
2025-04-03 18:03:00,53.44,53.45,53.3,53.3,11
2025-04-03 18:04:00,53.44,53.4425,53.22,53.4,142
2025-04-03 18:05:00,53.4,53.4,53.22,53.22,16
2025-04-03 18:06:00,53.4,53.4,53.25,53.3981,26
2025-04-03 18:07:00,53.29,53.3988,53.22,53.22,56
2025-04-03 18:08:00,53.29,53.4,53.22,53.2212,286
2025-04-03 18:09:00,53.3468,53.35,53.34,53.3495,112
2025-04-03 18:10:00,53.35,53.35,53.2501,53.2501,114
2025-04-03 18:11:00,53.35,53.35,53.35,53.35,59
2025-04-03 18:12:00,53.3497,53.3497,53.3485,53.3485,6
2025-04-03 18:13:00,53.255,53.35,53.255,53.3494,66
2025-04-03 18:14:00,53.35,53.35,53.29,53.29,628
2025-04-03 18:15:00,53.33,53.35,53.32,53.34,502
2025-04-03 18:16:00,53.28,53.39,53.25,53.39,473
2025-04-03 18:17:00,53.39,53.4,53.32,53.32,26
2025-04-03 18:18:00,53.3008,53.39,53.3008,53.33,1007
2025-04-03 18:19:00,53.4,53.4,53.4,53.4,1
2025-04-03 18:20:00,53.301,53.301,53.28,53.28,170
2025-04-03 18:21:00,53.3,53.3,53.3,53.3,2
2025-04-03 18:22:00,53.26,53.26,53.22,53.23,304
2025-04-03 18:23:00,53.23,53.23,53.14,53.14,421
2025-04-03 18:24:00,53.1,53.1,52.82,53.01,949
2025-04-03 18:25:00,53.0098,53.01,52.75,52.75,356
2025-04-03 18:26:00,52.89,52.89,52.75,52.75,382
2025-04-03 18:27:00,52.71,52.9,52.71,52.71,283
2025-04-03 18:28:00,52.73,53.0,52.7101,53.0,304
2025-04-03 18:29:00,52.72,52.72,52.7101,52.7101,18
2025-04-03 18:30:00,52.88,53.0,52.72,52.722,172
2025-04-03 18:31:00,53.3,53.3,53.3,53.3,1
2025-04-03 18:33:00,52.72,53.01,52.72,53.01,923
2025-04-03 18:34:00,53.0,53.25,53.0,53.027,2167
2025-04-03 18:35:00,53.25,53.25,53.24,53.24,115
2025-04-03 18:36:00,53.1,53.1,53.1,53.1,400
2025-04-03 18:37:00,53.0255,53.1,53.0201,53.1,75
2025-04-03 18:38:00,53.19,53.25,53.19,53.25,362
2025-04-03 18:39:00,53.2,53.3,53.2,53.3,238
2025-04-03 18:40:00,53.3,53.3,53.3,53.3,4
2025-04-03 18:41:00,53.3,53.3,53.3,53.3,7
2025-04-03 18:42:00,53.3,53.3,53.3,53.3,21
2025-04-03 18:43:00,53.29,53.3,53.29,53.29,19
2025-04-03 18:44:00,53.3,53.3,53.29,53.3,15
2025-04-03 18:45:00,53.02,53.3,53.02,53.3,1868
2025-04-03 18:47:00,53.29,53.3,53.21,53.3,506
2025-04-03 18:48:00,53.43,53.44,53.43,53.44,70
2025-04-03 18:49:00,53.42,53.42,53.1,53.1,43
2025-04-03 18:50:00,53.39,53.39,53.075,53.075,20
2025-04-03 18:51:00,53.29,53.29,53.29,53.29,10
2025-04-03 18:52:00,53.3,53.3,53.3,53.3,5
2025-04-03 18:53:00,53.3,53.3,53.3,53.3,64
2025-04-03 18:54:00,53.3,53.3,53.3,53.3,10
2025-04-03 18:55:00,53.3,53.3,53.24,53.29,113
2025-04-03 18:56:00,53.28,53.28,53.055,53.055,75
2025-04-03 18:57:00,53.2,53.3,53.2,53.25,1720
2025-04-03 18:58:00,53.01,53.3,53.01,53.3,25
2025-04-03 18:59:00,53.25,53.445,53.25,53.445,227
2025-04-03 19:00:00,53.4,53.4,53.3492,53.3492,233
2025-04-03 19:01:00,53.27,53.45,53.25,53.45,313
2025-04-03 19:02:00,53.4257,53.4257,53.25,53.25,1182
2025-04-03 19:03:00,53.2,53.2,53.03,53.2,50
2025-04-03 19:04:00,53.19,53.2,53.19,53.19,35
2025-04-03 19:05:00,53.2,53.2,53.2,53.2,123
2025-04-03 19:07:00,53.2,53.2,53.07,53.2,213
2025-04-03 19:08:00,53.2,53.44,53.2,53.4,669
2025-04-03 19:09:00,53.44,53.44,53.05,53.06,713
2025-04-03 19:10:00,53.11,53.11,52.95,52.95,887
2025-04-03 19:11:00,52.7201,53.2,52.7201,52.73,680
2025-04-03 19:12:00,52.75,52.75,52.5098,52.5099,659
2025-04-03 19:13:00,52.5097,52.58,52.43,52.55,1703
2025-04-03 19:14:00,52.56,52.56,52.5501,52.5501,957
2025-04-03 19:15:00,52.56,52.7,52.56,52.63,901
2025-04-03 19:16:00,52.65,52.65,52.5806,52.6118,126
2025-04-03 19:17:00,52.75,52.75,52.6201,52.6201,51
2025-04-03 19:18:00,52.7481,52.75,52.7481,52.75,346
2025-04-03 19:19:00,53.2,53.4,53.2,53.4,12
2025-04-03 19:20:00,53.09,53.25,53.09,53.25,511
2025-04-03 19:21:00,52.94,53.296,52.9,53.296,3190
2025-04-03 19:22:00,52.9,52.9,52.75,52.75,107
2025-04-03 19:23:00,52.67,53.3094,52.67,52.94,1961
2025-04-03 19:24:00,52.94,53.31,52.7016,52.71,116
2025-04-03 19:25:00,53.2826,53.2826,53.25,53.25,138
2025-04-03 19:26:00,52.6701,52.71,52.6701,52.71,650
2025-04-03 19:27:00,53.31,53.31,52.75,52.75,20
2025-04-03 19:28:00,52.75,53.18,52.67,52.67,26
2025-04-03 19:30:00,52.67,53.18,52.67,53.18,51
2025-04-03 19:31:00,53.08,53.18,53.08,53.18,249
2025-04-03 19:33:00,53.03,53.1,53.03,53.1,3
2025-04-03 19:34:00,52.97,52.97,52.97,52.97,2
2025-04-03 19:35:00,53.06,53.06,53.0,53.0,113
2025-04-03 19:36:00,53.1,53.1,53.0,53.05,27
2025-04-03 19:37:00,53.09,53.1,53.0,53.0,160
2025-04-03 19:38:00,52.97,52.97,52.6772,52.78,67
2025-04-03 19:39:00,52.96,52.96,52.6787,52.9,622
2025-04-03 19:40:00,52.67,52.96,52.67,52.96,546
2025-04-03 19:41:00,52.8,52.81,52.8,52.81,26
2025-04-03 19:42:00,52.81,52.81,52.81,52.81,104
2025-04-03 19:43:00,52.9,52.96,52.85,52.96,616
2025-04-03 19:44:00,53.0,53.25,53.0,53.25,382
2025-04-03 19:45:00,53.4,53.4,53.25,53.33,40
2025-04-03 19:46:00,53.28,53.29,53.28,53.29,100
2025-04-03 19:47:00,53.2894,53.2894,53.16,53.16,51
2025-04-03 19:48:00,53.26,53.26,53.15,53.15,2692
2025-04-03 19:49:00,53.2,53.4,53.15,53.15,75
2025-04-03 19:50:00,53.1,53.4,53.1,53.4,946
2025-04-03 19:51:00,53.35,53.35,53.35,53.35,132
2025-04-03 19:52:00,53.25,53.25,53.25,53.25,10
2025-04-03 19:53:00,53.2515,53.3499,53.2515,53.3378,1857
2025-04-03 19:54:00,53.3498,53.4,53.34,53.34,3137
2025-04-03 19:55:00,53.36,53.36,53.33,53.35,107
2025-04-03 19:56:00,53.36,53.39,53.33,53.33,338
2025-04-03 19:57:00,53.37,53.4392,53.33,53.4392,3137
2025-04-03 19:58:00,53.4,53.44,53.33,53.44,1850
2025-04-03 19:59:00,53.33,53.44,53.33,53.4187,2261
2025-04-04 04:00:00,52.34,52.5,52.01,52.5,288
2025-04-04 04:01:00,52.51,52.99,52.1,52.99,543
2025-04-04 04:02:00,52.5,52.5,52.5,52.5,203
2025-04-04 04:04:00,52.14,52.4,51.77,51.77,794
2025-04-04 04:05:00,51.9,51.9,51.53,51.53,159
2025-04-04 04:06:00,51.88,51.88,51.2,51.87,154
2025-04-04 04:07:00,51.83,51.83,51.2,51.53,477
2025-04-04 04:08:00,51.53,51.6,51.52,51.6,385
2025-04-04 04:09:00,51.83,51.94,51.83,51.94,270
2025-04-04 04:10:00,51.9,51.9,51.9,51.9,1
2025-04-04 04:11:00,52.8,52.8,52.04,52.04,12
2025-04-04 04:13:00,52.11,52.11,51.96,51.96,673
2025-04-04 04:14:00,51.96,52.84,51.96,52.0,658
2025-04-04 04:15:00,52.5,52.52,52.5,52.52,499
2025-04-04 04:16:00,52.8,52.99,52.69,52.69,302
2025-04-04 04:17:00,52.5,52.5,52.5,52.5,1
2025-04-04 04:18:00,52.7,52.99,52.7,52.99,26
2025-04-04 04:19:00,52.89,53.0,52.71,52.9,277
2025-04-04 04:20:00,52.7,52.7,52.1,52.1,58
2025-04-04 04:21:00,52.5,52.7,52.5,52.5,239
2025-04-04 04:22:00,52.66,53.0,52.66,52.71,220
2025-04-04 04:23:00,52.73,52.73,52.73,52.73,2
2025-04-04 04:24:00,52.73,53.2,52.71,53.2,327
2025-04-04 04:25:00,53.3,53.3,53.3,53.3,1
2025-04-04 04:26:00,53.29,53.3,53.29,53.3,3
2025-04-04 04:27:00,53.29,53.41,53.29,53.29,102
2025-04-04 04:28:00,53.28,53.28,53.12,53.12,71
2025-04-04 04:29:00,53.29,53.3,53.12,53.29,110
2025-04-04 04:30:00,53.29,53.29,53.29,53.29,1
2025-04-04 04:32:00,53.21,53.21,52.92,52.92,225
2025-04-04 04:34:00,52.95,52.95,52.68,52.68,264
2025-04-04 04:35:00,52.88,52.88,52.88,52.88,1
2025-04-04 04:36:00,52.68,52.96,52.68,52.96,76
2025-04-04 04:37:00,52.8,52.8,52.8,52.8,4
2025-04-04 04:38:00,52.67,52.67,52.6,52.6,55
2025-04-04 04:39:00,52.68,52.68,52.5,52.66,39
2025-04-04 04:40:00,52.16,52.46,52.01,52.46,500
2025-04-04 04:41:00,52.44,52.5,52.44,52.5,140
2025-04-04 04:42:00,52.22,52.45,51.96,52.0,1861
2025-04-04 04:43:00,52.7,52.7,52.7,52.7,1
2025-04-04 04:44:00,52.48,52.48,52.48,52.48,15
2025-04-04 04:46:00,52.03,52.03,52.03,52.03,61
2025-04-04 04:48:00,52.24,52.24,52.03,52.03,150
2025-04-04 04:49:00,52.03,52.03,52.03,52.03,10
2025-04-04 04:50:00,52.03,52.08,52.03,52.08,20
2025-04-04 04:51:00,52.08,52.08,52.08,52.08,74
2025-04-04 04:53:00,52.08,52.1,52.08,52.1,10
2025-04-04 04:54:00,52.11,53.0,52.11,53.0,165
2025-04-04 04:55:00,52.4,52.4,52.4,52.4,1
2025-04-04 04:56:00,52.9,52.9,52.9,52.9,8
2025-04-04 04:59:00,52.79,52.79,52.68,52.68,55
2025-04-04 05:02:00,52.15,52.15,52.08,52.08,53
2025-04-04 05:03:00,52.6,52.6,52.6,52.6,2
2025-04-04 05:04:00,52.12,52.12,51.6,51.88,1466
2025-04-04 05:05:00,51.86,51.86,51.74,51.75,141
2025-04-04 05:06:00,51.72,51.72,51.5,51.5,736
2025-04-04 05:07:00,51.72,51.72,51.72,51.72,40
2025-04-04 05:10:00,51.77,51.77,51.77,51.77,45
2025-04-04 05:11:00,51.84,51.84,51.52,51.52,122
2025-04-04 05:13:00,51.5,51.51,51.15,51.15,50
2025-04-04 05:14:00,51.4,51.4,51.4,51.4,46
2025-04-04 05:15:00,51.5,51.51,51.5,51.51,7
2025-04-04 05:16:00,51.51,51.86,51.5,51.86,484
2025-04-04 05:17:00,52.3,52.3,52.3,52.3,100
2025-04-04 05:19:00,52.18,52.18,51.86,51.86,100
2025-04-04 05:20:00,51.86,51.86,51.86,51.86,66
2025-04-04 05:21:00,51.65,51.65,51.58,51.58,100
2025-04-04 05:24:00,51.73,51.73,51.73,51.73,15
2025-04-04 05:25:00,51.64,51.65,51.64,51.65,300
2025-04-04 05:28:00,51.61,51.61,51.5,51.5,562
2025-04-04 05:29:00,51.41,51.54,51.41,51.54,862
2025-04-04 05:30:00,51.45,51.45,51.45,51.45,48
2025-04-04 05:31:00,51.4,51.4,51.06,51.12,1019
2025-04-04 05:32:00,51.3,51.3,51.16,51.16,110
2025-04-04 05:33:00,51.16,51.27,51.02,51.02,201
2025-04-04 05:34:00,51.27,51.5,51.2,51.5,3224
2025-04-04 05:35:00,51.5,51.5,51.5,51.5,20
2025-04-04 05:36:00,51.69,51.9,51.68,51.9,580
2025-04-04 05:37:00,51.88,51.9,51.21,51.5,531
2025-04-04 05:38:00,51.32,51.32,51.32,51.32,15
2025-04-04 05:39:00,51.76,52.0,51.76,51.99,1122
2025-04-04 05:40:00,51.98,51.98,51.98,51.98,1
2025-04-04 05:41:00,51.55,51.55,51.51,51.51,118
2025-04-04 05:42:00,51.55,51.55,51.55,51.55,2
2025-04-04 05:43:00,51.98,51.99,51.65,51.9,183
2025-04-04 05:44:00,51.99,51.99,51.99,51.99,47
2025-04-04 05:47:00,51.95,51.95,51.95,51.95,34
2025-04-04 05:48:00,51.94,51.94,51.94,51.94,1
2025-04-04 05:50:00,51.99,51.99,51.99,51.99,16
2025-04-04 05:51:00,51.78,51.98,51.78,51.97,251
2025-04-04 05:52:00,51.97,51.97,51.97,51.97,45
2025-04-04 05:54:00,51.65,51.65,51.65,51.65,100
2025-04-04 05:55:00,51.69,51.69,51.67,51.67,102
2025-04-04 05:58:00,51.72,51.99,51.55,51.55,994
2025-04-04 06:00:00,51.56,51.97,51.48,51.97,597
2025-04-04 06:01:00,51.49,51.49,51.49,51.49,49
2025-04-04 06:05:00,51.55,51.55,51.5,51.51,464
2025-04-04 06:06:00,51.41,51.51,51.41,51.5,319
2025-04-04 06:09:00,51.46,51.46,51.41,51.41,43
2025-04-04 06:10:00,51.35,51.4,51.29,51.29,428
2025-04-04 06:11:00,51.24,51.24,50.9,51.0,2835
2025-04-04 06:12:00,50.87,50.87,50.5,50.5,1659
2025-04-04 06:13:00,50.5,50.5,50.23,50.32,1135
2025-04-04 06:14:00,50.23,50.33,50.11,50.12,854
2025-04-04 06:15:00,50.15,50.48,50.15,50.2,432
2025-04-04 06:16:00,50.13,50.22,50.13,50.21,164
2025-04-04 06:17:00,50.22,50.23,50.1,50.1,662
2025-04-04 06:18:00,50.1,50.1,49.66,49.66,1582
2025-04-04 06:19:00,50.0,50.0,49.2,49.2,1828
2025-04-04 06:20:00,49.21,49.5,49.15,49.48,533
2025-04-04 06:21:00,49.21,49.21,49.11,49.11,800
2025-04-04 06:22:00,49.01,49.19,48.79,48.79,1091
2025-04-04 06:23:00,48.77,48.77,48.0,48.01,1950
2025-04-04 06:24:00,48.0,48.45,47.3,47.61,8596
2025-04-04 06:25:00,47.61,47.61,47.1,47.6,2088
2025-04-04 06:26:00,47.31,48.35,47.11,48.35,10534
2025-04-04 06:27:00,48.3,48.3,47.6,48.06,1186
2025-04-04 06:28:00,48.22,48.53,48.07,48.53,589
2025-04-04 06:29:00,48.53,48.53,48.02,48.31,6249
2025-04-04 06:30:00,48.31,48.43,48.31,48.43,61
2025-04-04 06:31:00,48.88,49.51,48.79,49.51,880
2025-04-04 06:32:00,50.0,51.03,49.9,50.65,1858
2025-04-04 06:33:00,50.5,50.98,50.5,50.6,182
2025-04-04 06:34:00,50.98,50.98,50.5,50.5,1481
2025-04-04 06:35:00,50.5,50.55,50.5,50.5,2039
2025-04-04 06:36:00,50.56,50.69,50.35,50.4,2822
2025-04-04 06:37:00,50.11,50.11,49.74,49.74,36
2025-04-04 06:39:00,49.73,49.73,49.12,49.3,203
2025-04-04 06:40:00,49.68,49.73,49.36,49.73,389
2025-04-04 06:41:00,49.48,49.48,48.81,48.81,1768
2025-04-04 06:42:00,49.02,49.02,48.69,48.7,402
2025-04-04 06:43:00,48.7,48.7,48.51,48.52,336
2025-04-04 06:44:00,48.7,48.9,48.51,48.53,1573
2025-04-04 06:45:00,48.55,48.9,48.55,48.9,145
2025-04-04 06:46:00,48.63,48.72,48.62,48.72,804
2025-04-04 06:47:00,48.61,48.89,48.61,48.89,158
2025-04-04 06:48:00,48.89,49.5,48.89,49.42,2014
2025-04-04 06:49:00,49.43,49.73,49.43,49.5,593
2025-04-04 06:50:00,49.5,49.72,49.5,49.52,1179
2025-04-04 06:51:00,49.8,50.2,49.73,50.2,588
2025-04-04 06:52:00,50.25,50.56,50.11,50.4,1175
2025-04-04 06:53:00,50.56,50.8,49.52,49.52,1351
2025-04-04 06:54:00,49.55,50.44,49.53,50.44,553
2025-04-04 06:55:00,49.7,49.7,49.7,49.7,1
2025-04-04 06:56:00,49.72,49.72,49.52,49.65,264
2025-04-04 06:57:00,49.52,49.52,49.01,49.01,2866
2025-04-04 06:58:00,49.03,49.37,49.01,49.37,392
2025-04-04 06:59:00,49.11,49.35,49.0,49.01,848
2025-04-04 07:00:00,49.36,50.5,49.02,50.23,8271
2025-04-04 07:01:00,50.41,50.5,50.0,50.49,1142
2025-04-04 07:02:00,50.23,50.23,50.0,50.03,2811
2025-04-04 07:03:00,50.0,50.2,50.0,50.2,2156
2025-04-04 07:04:00,50.39,50.4,50.11,50.39,156
2025-04-04 07:05:00,50.23,50.35,50.04,50.04,1802
2025-04-04 07:06:00,50.04,50.1,50.0,50.05,377
2025-04-04 07:07:00,50.03,50.05,49.89,50.0,1122
2025-04-04 07:08:00,50.0,50.15,50.0,50.03,794
2025-04-04 07:09:00,50.05,50.14,49.95,49.95,6410
2025-04-04 07:10:00,49.92,49.92,49.86,49.89,1039
2025-04-04 07:11:00,49.85,49.85,49.75,49.8,623
2025-04-04 07:12:00,49.62,49.65,49.35,49.52,1114
2025-04-04 07:13:00,49.5,49.5,49.35,49.35,54
2025-04-04 07:14:00,49.36,49.4,49.35,49.35,372
2025-04-04 07:15:00,49.35,49.35,49.15,49.3,627
2025-04-04 07:16:00,49.25,49.25,49.15,49.25,224
2025-04-04 07:17:00,49.3,49.5,49.19,49.21,1164
2025-04-04 07:18:00,49.45,49.55,49.25,49.55,204
2025-04-04 07:19:00,49.54,49.55,49.48,49.49,525
2025-04-04 07:20:00,49.4,49.49,49.05,49.39,1068
2025-04-04 07:21:00,49.39,49.55,49.39,49.55,293
2025-04-04 07:22:00,49.39,49.39,49.3,49.3,14
2025-04-04 07:23:00,49.36,49.36,49.21,49.21,41
2025-04-04 07:24:00,49.2,49.2,49.11,49.19,140
2025-04-04 07:25:00,49.15,49.15,49.01,49.01,1655
2025-04-04 07:26:00,49.01,49.03,48.83,48.85,8596
2025-04-04 07:27:00,48.85,48.86,48.73,48.8,475
2025-04-04 07:28:00,48.85,48.85,48.61,48.7,389
2025-04-04 07:29:00,48.71,48.71,48.49,48.49,2402
2025-04-04 07:30:00,48.47,48.5,48.31,48.31,8994
2025-04-04 07:31:00,48.31,48.5,48.31,48.48,1381
2025-04-04 07:32:00,48.4,48.48,48.37,48.46,470
2025-04-04 07:33:00,48.38,48.49,48.25,48.42,3121
2025-04-04 07:34:00,48.5,48.5,48.41,48.41,5439
2025-04-04 07:35:00,48.49,48.5,48.47,48.47,3885
2025-04-04 07:36:00,48.49,48.57,48.41,48.5,1784
2025-04-04 07:37:00,48.42,48.5,48.41,48.41,221
2025-04-04 07:38:00,48.49,48.77,48.48,48.49,2149
2025-04-04 07:39:00,48.71,49.0,48.71,49.0,7496
2025-04-04 07:40:00,49.1,49.1,48.52,48.75,1177
2025-04-04 07:41:00,48.76,48.77,48.54,48.75,576
2025-04-04 07:42:00,48.54,48.81,48.54,48.81,584
2025-04-04 07:43:00,48.78,48.78,48.41,48.5,3494
2025-04-04 07:44:00,48.42,48.49,48.42,48.42,600
2025-04-04 07:45:00,48.49,48.5,48.42,48.49,1041
2025-04-04 07:46:00,48.49,48.5,48.45,48.45,736
2025-04-04 07:47:00,48.46,48.46,48.28,48.33,1159
2025-04-04 07:48:00,48.31,48.4,48.27,48.27,731
2025-04-04 07:49:00,48.27,48.3,48.16,48.3,1261
2025-04-04 07:50:00,48.27,48.3,48.13,48.13,513
2025-04-04 07:51:00,48.27,48.27,48.27,48.27,539
2025-04-04 07:52:00,48.35,48.5,48.35,48.5,2426
2025-04-04 07:53:00,48.49,48.5,48.49,48.5,1150
2025-04-04 07:54:00,48.49,48.5,48.32,48.35,4641
2025-04-04 07:55:00,48.35,48.5,48.35,48.5,1480
2025-04-04 07:56:00,48.49,48.51,48.49,48.49,4150
2025-04-04 07:57:00,48.45,48.72,48.45,48.66,1691
2025-04-04 07:58:00,48.96,49.36,48.72,49.36,3135
2025-04-04 07:59:00,49.16,49.36,48.98,49.29,1717
2025-04-04 08:00:00,50.1,53.0,47.4758,49.47,186820
2025-04-04 08:01:00,49.638,53.0,48.13,49.485,4433
2025-04-04 08:02:00,49.4897,49.4897,49.125,49.47,418
2025-04-04 08:03:00,49.136,49.45,49.07,49.45,436
2025-04-04 08:04:00,48.95,49.4,48.8,48.8,525
2025-04-04 08:05:00,48.8001,49.39,48.8,49.0,591
2025-04-04 08:06:00,48.8804,49.11,48.8804,48.893,1806
2025-04-04 08:07:00,49.4,49.4,48.88,48.9,1267
2025-04-04 08:08:00,49.39,49.39,48.8,48.86,4420
2025-04-04 08:09:00,48.81,49.28,48.8,49.28,885
2025-04-04 08:10:00,49.0,49.4,49.0,49.39,2344
2025-04-04 08:11:00,49.4,49.4,49.0,49.0,1539
2025-04-04 08:12:00,49.0178,49.3822,49.0,49.2,1438
2025-04-04 08:13:00,49.2,49.2,48.99,49.01,128
2025-04-04 08:14:00,49.2,49.4,49.01,49.4,352
2025-04-04 08:15:00,49.2,49.3999,49.02,49.2107,714
2025-04-04 08:16:00,49.4,49.5,49.4,49.5,3895
2025-04-04 08:17:00,49.5,49.99,49.5,49.92,1356
2025-04-04 08:18:00,49.82,49.984,49.75,49.76,5495
2025-04-04 08:19:00,49.75,49.8,49.5001,49.7,1211
2025-04-04 08:20:00,49.7,53.8,49.7,49.79,45728
2025-04-04 08:21:00,49.79,49.9293,49.751,49.85,2265
2025-04-04 08:22:00,49.91,49.99,49.82,49.9,1843
2025-04-04 08:23:00,49.88,49.88,49.64,49.64,1077
2025-04-04 08:24:00,49.65,49.65,49.4,49.4,1069
2025-04-04 08:25:00,49.41,49.5,49.21,49.22,2621
2025-04-04 08:26:00,49.2491,49.25,49.03,49.0331,4236
2025-04-04 08:27:00,49.3,49.344,49.02,49.344,792
2025-04-04 08:28:00,49.3423,49.3499,49.0511,49.29,2599
2025-04-04 08:29:00,49.16,49.3498,49.12,49.23,3954
2025-04-04 08:30:00,49.35,49.89,49.12,49.6,8976
2025-04-04 08:31:00,49.4,49.7256,49.4,49.42,4217
2025-04-04 08:32:00,49.43,49.89,49.42,49.5,2837
2025-04-04 08:33:00,49.74,49.89,49.65,49.78,3236
2025-04-04 08:34:00,49.78,49.9,49.77,49.8988,2400
2025-04-04 08:35:00,49.85,50.0,49.55,49.99,9005
2025-04-04 08:36:00,49.99,49.99,49.5508,49.79,4796
2025-04-04 08:37:00,49.5216,49.92,49.5216,49.8,1331
2025-04-04 08:38:00,49.86,49.97,49.77,49.9,2902
2025-04-04 08:39:00,49.66,49.8,49.5,49.79,1431
2025-04-04 08:40:00,49.8,49.99,49.7,49.9,15
2025-04-04 08:41:00,49.7017,49.9847,49.7,49.7001,1919
2025-04-04 08:42:00,49.98,49.99,49.7,49.75,1342
2025-04-04 08:43:00,49.97,49.97,49.75,49.75,275
2025-04-04 08:44:00,49.95,49.98,49.9,49.95,318
2025-04-04 08:45:00,49.89,50.0,49.85,49.9,950
2025-04-04 08:46:00,49.88,49.9535,49.804,49.9535,678
2025-04-04 08:47:00,49.947,49.95,49.705,49.9,139
2025-04-04 08:48:00,49.89,49.99,49.85,49.9,811
2025-04-04 08:49:00,49.87,49.99,49.7,49.85,424
2025-04-04 08:50:00,49.85,49.99,49.7216,49.81,378
2025-04-04 08:51:00,49.9719,49.99,49.73,49.95,990
2025-04-04 08:52:00,49.9828,49.9828,49.7,49.87,799
2025-04-04 08:53:00,49.8713,49.98,49.87,49.91,2171
2025-04-04 08:54:00,49.9799,50.3975,49.9,50.3975,4927
2025-04-04 08:55:00,50.39,50.39,50.0,50.34,189
2025-04-04 08:56:00,50.3,50.39,50.18,50.37,1949
2025-04-04 08:57:00,50.39,50.4,50.0727,50.38,1388
2025-04-04 08:58:00,50.4,50.8,50.34,50.79,8086
2025-04-04 08:59:00,50.79,50.79,50.55,50.7,2627
2025-04-04 09:00:00,50.66,50.71,50.5,50.5,3415
2025-04-04 09:01:00,50.5,50.696,50.4003,50.66,1351
2025-04-04 09:02:00,50.59,50.8,50.5,50.7,255
2025-04-04 09:03:00,50.71,60.4,50.5095,50.9897,5545
2025-04-04 09:04:00,50.99,51.2,50.8,50.99,3932
2025-04-04 09:05:00,50.95,51.3,50.905,51.294,1396
2025-04-04 09:06:00,51.3,51.49,51.25,51.27,13032
2025-04-04 09:07:00,51.27,51.27,51.0001,51.09,2068
2025-04-04 09:08:00,51.03,51.27,51.01,51.15,1547
2025-04-04 09:09:00,51.27,51.27,51.0101,51.1,4045
2025-04-04 09:10:00,51.08,51.27,51.02,51.21,619
2025-04-04 09:11:00,51.15,51.27,51.12,51.16,3100
2025-04-04 09:12:00,51.26,51.26,51.11,51.11,5866
2025-04-04 09:13:00,51.11,51.25,51.0,51.1,7142
2025-04-04 09:14:00,51.1,51.12,51.0,51.0,5991
2025-04-04 09:15:00,51.1587,51.16,50.92,51.0,981
2025-04-04 09:16:00,50.9985,50.9985,50.5032,50.51,4303
2025-04-04 09:17:00,50.51,50.67,50.4,50.46,3518
2025-04-04 09:18:00,50.5,50.65,50.35,50.35,1048
2025-04-04 09:19:00,50.5,50.6628,50.46,50.6628,2539
2025-04-04 09:20:00,50.658,50.662,50.35,50.35,233
2025-04-04 09:21:00,50.5,50.6,50.35,50.5,2448
2025-04-04 09:22:00,50.5,50.6,50.35,50.3562,383
2025-04-04 09:23:00,50.36,50.49,50.35,50.49,1025
2025-04-04 09:24:00,50.3509,50.49,50.35,50.36,956
2025-04-04 09:25:00,50.36,50.65,50.36,50.56,2056
2025-04-04 09:26:00,50.64,50.6493,50.03,50.25,8096
2025-04-04 09:27:00,50.25,50.38,50.0,50.07,2555
2025-04-04 09:28:00,50.01,50.38,50.0,50.0,242
2025-04-04 09:29:00,50.0,50.0,49.5,49.57,5029
2025-04-04 09:30:00,49.6,50.5,49.25,50.47,173812
2025-04-04 09:31:00,50.5,51.0,49.26,49.39,80147
2025-04-04 09:32:00,49.39,50.8362,49.1001,49.97,44102
2025-04-04 09:33:00,49.96,50.67,49.5545,50.24,50277
2025-04-04 09:34:00,50.3,50.49,49.5,50.055,52010
2025-04-04 09:35:00,50.0024,50.95,49.84,50.0223,53394
2025-04-04 09:36:00,50.0,50.11,49.6,49.635,48006
2025-04-04 09:37:00,49.61,49.635,48.88,48.88,88203
2025-04-04 09:38:00,48.86,49.4,48.575,48.8,68078
2025-04-04 09:39:00,48.825,49.0,48.56,48.5701,72439
2025-04-04 09:40:00,48.58,48.7,47.5,47.58,179678
2025-04-04 09:41:00,47.888,48.3,47.581,48.0617,78500
2025-04-04 09:42:00,48.1,48.1,47.6,47.91,62497
2025-04-04 09:43:00,47.9,48.4927,47.6,48.245,64984
2025-04-04 09:44:00,48.245,48.62,48.09,48.41,47740
2025-04-04 09:45:00,48.4,49.2,48.3,49.182,94632
2025-04-04 09:46:00,49.1677,49.2,48.91,49.15,57176
2025-04-04 09:47:00,49.15,49.5,49.0128,49.3235,47553
2025-04-04 09:48:00,49.45,49.9769,49.32,49.9647,75568
2025-04-04 09:49:00,49.8101,49.9871,49.7,49.815,52399
2025-04-04 09:50:00,49.7402,50.0,49.5815,49.97,62480
2025-04-04 09:51:00,49.998,50.15,49.82,50.05,83642
2025-04-04 09:52:00,50.05,50.0999,49.9,49.9887,41846
2025-04-04 09:53:00,49.955,50.38,49.91,50.26,52070
2025-04-04 09:54:00,50.26,50.292,49.6,49.635,41046
2025-04-04 09:55:00,49.6091,49.89,49.201,49.5698,22768
2025-04-04 09:56:00,49.4,49.595,49.3,49.595,36053
2025-04-04 09:57:00,49.595,49.89,49.5101,49.8,29251
2025-04-04 09:58:00,49.8,50.34,49.6092,49.8792,60714
2025-04-04 09:59:00,50.0,50.0691,49.69,49.985,47196
2025-04-04 10:00:00,49.948,50.0,49.5001,49.5647,82923
2025-04-04 10:01:00,49.725,49.7287,49.5101,49.6,19294
2025-04-04 10:02:00,49.6,49.8,49.485,49.6996,31039
2025-04-04 10:03:00,49.6305,49.78,49.5101,49.695,5027
2025-04-04 10:04:00,49.7159,49.99,49.6991,49.7901,21576
2025-04-04 10:05:00,49.84,49.99,49.735,49.95,50969
2025-04-04 10:06:00,49.985,50.0,49.95,49.97,45059
2025-04-04 10:07:00,49.955,49.96,49.58,49.83,59576
2025-04-04 10:08:00,49.825,49.825,49.54,49.555,19707
2025-04-04 10:09:00,49.602,49.602,48.56,48.69,95282
2025-04-04 10:10:00,48.69,49.45,48.625,49.065,28763
2025-04-04 10:11:00,49.04,49.13,48.61,48.9104,40711
2025-04-04 10:12:00,48.8601,49.2,48.675,48.7242,27133
2025-04-04 10:13:00,48.7,48.88,48.56,48.6575,28180
2025-04-04 10:14:00,48.5645,48.7954,48.5101,48.5966,47243
2025-04-04 10:15:00,48.58,48.88,48.57,48.715,25920
2025-04-04 10:16:00,48.76,48.76,48.62,48.62,30145
2025-04-04 10:17:00,48.625,48.8999,48.5157,48.79,84673
2025-04-04 10:18:00,48.838,48.8939,48.5,48.64,21415
2025-04-04 10:19:00,48.58,48.58,48.2,48.5,67836
2025-04-04 10:20:00,48.5,48.7,48.08,48.3667,42003
2025-04-04 10:21:00,48.28,48.45,48.052,48.31,33417
2025-04-04 10:22:00,48.355,48.6,48.26,48.519,13778
2025-04-04 10:23:00,48.5799,48.5799,48.2,48.2,15953
2025-04-04 10:24:00,48.1501,48.22,47.6,47.69,69567
2025-04-04 10:25:00,47.66,47.7,47.51,47.6458,44890
2025-04-04 10:26:00,47.6,47.7099,47.2083,47.2986,42067
2025-04-04 10:27:00,47.2001,47.5,47.11,47.445,32739
2025-04-04 10:28:00,47.445,47.5,47.2212,47.3,37568
2025-04-04 10:29:00,47.3,47.38,47.0,47.045,109438
2025-04-04 10:30:00,47.0891,47.3722,47.0219,47.212,56644
2025-04-04 10:31:00,47.35,47.3584,47.0,47.07,44252
2025-04-04 10:32:00,47.05,47.2,46.3,46.3,100089
2025-04-04 10:33:00,46.48,46.5,46.2,46.245,45771
2025-04-04 10:34:00,46.205,46.21,45.92,45.9219,73336
2025-04-04 10:35:00,45.9522,46.0,45.81,45.81,53911
2025-04-04 10:36:00,45.8559,45.8991,45.5,45.58,109443
2025-04-04 10:37:00,45.6,45.7217,45.385,45.64,89192
2025-04-04 10:38:00,45.6899,45.6899,45.4,45.41,67671
2025-04-04 10:39:00,45.4107,45.79,45.4001,45.59,61040
2025-04-04 10:40:00,45.59,45.788,44.5,44.585,203181
2025-04-04 10:41:00,44.565,44.66,44.22,44.245,94139
2025-04-04 10:42:00,44.2277,45.0,44.13,44.51,101241
2025-04-04 10:43:00,44.5133,45.3,44.5,45.3,74074
2025-04-04 10:44:00,45.16,45.31,45.0,45.26,60612
2025-04-04 10:45:00,45.2001,45.8,45.0,45.01,52186
2025-04-04 10:46:00,45.0943,45.125,44.61,44.61,30172
2025-04-04 10:47:00,44.6,44.95,44.6,44.6,48037
2025-04-04 10:48:00,44.625,44.625,44.21,44.374,50836
2025-04-04 10:49:00,44.35,44.3983,44.0,44.28,84470
2025-04-04 10:50:00,44.28,44.3,43.99,43.991,37609
2025-04-04 10:51:00,43.95,44.02,43.5101,43.6365,85879
2025-04-04 10:52:00,43.69,44.8799,43.64,44.8799,86230
2025-04-04 10:53:00,44.88,46.5,44.67,46.483,84892
2025-04-04 10:54:00,46.39,46.5,45.61,45.974,108140
2025-04-04 10:55:00,45.89,46.0999,45.6,45.67,29655
2025-04-04 10:56:00,45.6955,46.1,45.6,46.055,45644
2025-04-04 10:57:00,46.0,46.25,45.8715,46.2498,26988
2025-04-04 10:58:00,46.2,46.5,46.16,46.25,40458
2025-04-04 10:59:00,46.295,46.69,46.05,46.14,67268
2025-04-04 11:00:00,46.43,46.43,46.05,46.15,13617
2025-04-04 11:01:00,46.11,46.63,46.06,46.5848,34023
2025-04-04 11:02:00,46.55,46.8,46.43,46.75,33664
2025-04-04 11:03:00,46.72,47.4,46.5182,47.265,67940
2025-04-04 11:04:00,47.4,47.4843,47.2601,47.41,37716
2025-04-04 11:05:00,47.41,47.59,46.5401,47.125,56298
2025-04-04 11:06:00,47.125,47.3183,46.62,46.87,27554
2025-04-04 11:07:00,46.87,47.26,46.55,47.0073,23113
2025-04-04 11:08:00,47.0958,47.5,46.95,46.9891,63293
2025-04-04 11:09:00,46.985,47.18,46.53,46.655,49836
2025-04-04 11:10:00,46.67,47.0,46.61,46.9633,19231
2025-04-04 11:11:00,46.91,47.88,46.91,47.88,47846
2025-04-04 11:12:00,47.575,47.98,47.4,47.93,45216
2025-04-04 11:13:00,47.93,48.55,47.8602,48.55,104270
2025-04-04 11:14:00,48.37,48.4,47.93,48.065,102120
2025-04-04 11:15:00,48.0637,48.4,48.0,48.2396,51934
2025-04-04 11:16:00,48.2789,48.7,48.1,48.135,82226
2025-04-04 11:17:00,48.0301,48.6899,48.0301,48.6,49174
2025-04-04 11:18:00,48.5863,48.97,48.54,48.8001,71684
2025-04-04 11:19:00,48.9677,49.0,48.4103,48.61,75507
2025-04-04 11:20:00,48.54,48.89,48.505,48.815,37739
2025-04-04 11:21:00,48.815,49.0,48.73,48.94,68155
2025-04-04 11:22:00,48.98,49.38,48.9001,49.315,76922
2025-04-04 11:23:00,49.37,49.4799,49.1043,49.335,33138
2025-04-04 11:24:00,49.335,49.91,49.2,49.605,56943
2025-04-04 11:25:00,49.605,49.74,49.0,49.1199,53290
2025-04-04 11:26:00,48.96,49.0,48.5001,48.515,30346
2025-04-04 11:27:00,48.5039,48.71,48.38,48.4401,43147
2025-04-04 11:28:00,48.575,48.8,48.4901,48.68,20235
2025-04-04 11:29:00,48.5501,48.7975,48.365,48.401,63698
2025-04-04 11:30:00,48.4035,48.5999,48.4,48.55,15722
2025-04-04 11:31:00,48.45,48.5,47.7,48.0499,59588
2025-04-04 11:32:00,47.84,47.915,47.5,47.5,20644
2025-04-04 11:33:00,47.5,47.9699,47.0,47.63,55612
2025-04-04 11:34:00,47.595,47.9673,47.5,47.54,19601
2025-04-04 11:35:00,47.56,47.565,47.235,47.26,26094
2025-04-04 11:36:00,47.37,47.37,47.01,47.02,16529
2025-04-04 11:37:00,47.05,47.3,47.02,47.24,15424
2025-04-04 11:38:00,47.2989,47.75,47.2301,47.39,41172
2025-04-04 11:39:00,47.34,47.79,47.34,47.58,13854
2025-04-04 11:40:00,47.605,47.605,47.02,47.065,22092
2025-04-04 11:41:00,47.03,47.2,47.022,47.075,33356
2025-04-04 11:42:00,47.075,48.0,47.05,48.0,27338
2025-04-04 11:43:00,47.99,47.99,47.8019,47.895,15245
2025-04-04 11:44:00,47.871,47.9197,47.5901,47.7701,22053
2025-04-04 11:45:00,47.8755,47.9194,47.6001,47.7101,20051
2025-04-04 11:46:00,47.86,48.13,47.7101,48.0101,23541
2025-04-04 11:47:00,48.0191,48.3665,48.0101,48.32,32358
2025-04-04 11:48:00,48.26,48.26,48.15,48.195,16990
2025-04-04 11:49:00,48.2391,48.2391,47.8541,48.025,29110
2025-04-04 11:50:00,48.04,48.3579,48.04,48.24,8853
2025-04-04 11:51:00,48.22,48.7299,48.22,48.7299,38038
2025-04-04 11:52:00,48.665,48.99,48.6,48.735,46969
2025-04-04 11:53:00,48.735,48.895,48.62,48.8,25370
2025-04-04 11:54:00,48.725,48.99,48.6,48.665,21928
2025-04-04 11:55:00,48.72,49.0,48.612,49.0,20384
2025-04-04 11:56:00,49.0115,49.2499,48.7501,48.9264,21159
2025-04-04 11:57:00,48.9263,49.1439,48.9263,48.98,24635
2025-04-04 11:58:00,48.9309,48.97,48.5,48.7799,34644
2025-04-04 11:59:00,48.68,48.78,48.5,48.52,19888
2025-04-04 12:00:00,48.5462,48.78,48.52,48.68,8467
2025-04-04 12:01:00,48.7305,48.8899,48.62,48.76,5982
2025-04-04 12:02:00,48.82,48.88,48.7501,48.845,4142
2025-04-04 12:03:00,48.845,48.9,48.75,48.89,19741
2025-04-04 12:04:00,48.8001,48.8766,48.75,48.7501,9736
2025-04-04 12:05:00,48.755,49.1,48.56,49.1,25059
2025-04-04 12:06:00,49.11,49.37,48.8501,48.99,14271
2025-04-04 12:07:00,49.0101,49.2578,49.0101,49.1,13465
2025-04-04 12:08:00,49.13,49.5,49.045,49.29,21711
2025-04-04 12:09:00,49.27,49.59,49.175,49.59,20365
2025-04-04 12:10:00,49.5101,49.88,49.5101,49.8001,22757
2025-04-04 12:11:00,49.8132,49.95,49.5001,49.775,32854
2025-04-04 12:12:00,49.775,49.98,49.7,49.795,40709
2025-04-04 12:13:00,49.73,49.8499,49.1832,49.35,22091
2025-04-04 12:14:00,49.35,49.52,49.15,49.455,35399
2025-04-04 12:15:00,49.3961,49.514,49.0505,49.075,16382
2025-04-04 12:16:00,49.085,49.085,48.5004,48.69,36841
2025-04-04 12:17:00,48.88,48.88,48.5,48.6,49526
2025-04-04 12:18:00,48.51,48.58,47.56,47.78,51283
2025-04-04 12:19:00,47.78,47.9142,47.57,47.77,31862
2025-04-04 12:20:00,47.7219,47.85,47.5,47.55,27974
2025-04-04 12:21:00,47.6,47.64,47.111,47.23,56959
2025-04-04 12:22:00,47.22,47.33,47.19,47.27,30538
2025-04-04 12:23:00,47.26,47.26,47.0,47.03,59382
2025-04-04 12:24:00,47.05,47.28,47.0,47.25,38510
2025-04-04 12:25:00,47.2478,47.63,47.2478,47.63,17812
2025-04-04 12:26:00,47.6978,47.7,47.0,47.07,24380
2025-04-04 12:27:00,47.0,47.14,47.0,47.0122,14673
2025-04-04 12:28:00,47.0848,47.0848,46.7,46.8,25214
2025-04-04 12:29:00,46.8498,47.28,46.7,47.2,23964
2025-04-04 12:30:00,47.1101,47.28,47.11,47.23,17279
2025-04-04 12:31:00,47.23,47.2366,47.0715,47.115,10889
2025-04-04 12:32:00,47.11,47.11,46.68,46.68,20431
2025-04-04 12:33:00,46.69,46.99,46.5501,46.928,14947
2025-04-04 12:34:00,46.82,46.9999,46.8,46.9,3541
2025-04-04 12:35:00,46.8001,47.0,46.8,46.925,24432
2025-04-04 12:36:00,46.901,47.1492,46.85,47.075,23358
2025-04-04 12:37:00,47.075,47.0875,46.8001,46.9878,24735
2025-04-04 12:38:00,46.99,47.33,46.94,47.12,88236
2025-04-04 12:39:00,47.19,47.23,47.03,47.03,30845
2025-04-04 12:40:00,47.1782,47.1782,47.03,47.13,13420
2025-04-04 12:41:00,47.13,47.13,47.0,47.05,8533
2025-04-04 12:42:00,47.02,47.055,46.1,46.2361,91517
2025-04-04 12:43:00,46.365,46.5,46.22,46.27,35059
2025-04-04 12:44:00,46.2401,46.45,46.2401,46.28,13538
2025-04-04 12:45:00,46.355,46.5799,46.355,46.5455,9847
2025-04-04 12:46:00,46.495,46.54,46.47,46.47,15772
2025-04-04 12:47:00,46.47,46.48,46.23,46.2319,34815
2025-04-04 12:48:00,46.325,46.858,46.2319,46.76,16203
2025-04-04 12:49:00,46.68,46.68,46.25,46.2837,12424
2025-04-04 12:50:00,46.2892,46.51,46.2892,46.4886,7240
2025-04-04 12:51:00,46.42,46.455,46.3,46.32,9831
2025-04-04 12:52:00,46.32,46.4247,46.2,46.21,30825
2025-04-04 12:53:00,46.21,46.409,46.0601,46.3712,22260
2025-04-04 12:54:00,46.43,46.49,46.2702,46.44,14161
2025-04-04 12:55:00,46.37,46.38,46.07,46.155,10774
2025-04-04 12:56:00,46.25,46.4,46.1306,46.3002,8273
2025-04-04 12:57:00,46.3407,46.4,46.3,46.3748,13339
2025-04-04 12:58:00,46.33,46.3985,46.1,46.2032,11089
2025-04-04 12:59:00,46.175,46.2187,46.0109,46.06,18871
2025-04-04 13:00:00,46.04,46.2235,45.75,46.0,53338
2025-04-04 13:01:00,46.1077,46.1862,45.902,45.905,10119
2025-04-04 13:02:00,45.9,46.05,45.8,45.8901,10805
2025-04-04 13:03:00,46.08,46.3,46.01,46.02,22967
2025-04-04 13:04:00,46.13,46.195,46.0,46.1317,20487
2025-04-04 13:05:00,45.95,46.16,45.9001,46.05,6864
2025-04-04 13:06:00,46.065,46.15,45.9,45.91,15940
2025-04-04 13:07:00,45.905,46.0,45.751,45.89,16836
2025-04-04 13:08:00,45.82,46.09,45.82,46.09,5212
2025-04-04 13:09:00,46.0976,46.0988,45.955,45.9598,10773
2025-04-04 13:10:00,45.955,46.14,45.9101,45.975,10657
2025-04-04 13:11:00,45.92,45.92,45.64,45.64,27203
2025-04-04 13:12:00,45.6401,45.92,45.6401,45.8,12632
2025-04-04 13:13:00,45.765,45.86,45.58,45.65,28781
2025-04-04 13:14:00,45.55,45.75,45.5411,45.75,10343
2025-04-04 13:15:00,45.71,45.9,45.68,45.8964,25850
2025-04-04 13:16:00,45.8501,45.98,45.85,45.9305,14314
2025-04-04 13:17:00,45.96,46.282,45.93,46.24,15818
2025-04-04 13:18:00,46.216,46.27,46.19,46.2213,26844
2025-04-04 13:19:00,46.235,46.49,46.1901,46.395,16002
2025-04-04 13:20:00,46.395,46.48,46.3001,46.35,34555
2025-04-04 13:21:00,46.35,46.44,46.35,46.425,9008
2025-04-04 13:22:00,46.44,46.65,46.3501,46.4087,31531
2025-04-04 13:23:00,46.4,46.545,46.38,46.545,8395
2025-04-04 13:24:00,46.5793,46.65,46.41,46.535,11525
2025-04-04 13:25:00,46.56,46.7987,46.4768,46.7987,11478
2025-04-04 13:26:00,46.79,46.915,46.704,46.8498,29845
2025-04-04 13:27:00,46.99,47.08,46.83,47.0,30991
2025-04-04 13:28:00,46.94,47.0,46.8087,46.895,60616
2025-04-04 13:29:00,46.895,46.99,46.84,46.98,3995
2025-04-04 13:30:00,46.99,46.99,46.41,46.41,28271
2025-04-04 13:31:00,46.46,46.46,46.1701,46.18,13253
2025-04-04 13:32:00,46.1701,46.625,46.1701,46.61,12285
2025-04-04 13:33:00,46.56,46.6,46.18,46.31,10748
2025-04-04 13:34:00,46.33,46.4299,46.28,46.3986,6113
2025-04-04 13:35:00,46.4132,46.63,46.3001,46.6,23299
2025-04-04 13:36:00,46.6,46.88,46.598,46.88,24909
2025-04-04 13:37:00,47.0,47.0,46.86,46.9,12886
2025-04-04 13:38:00,46.8205,47.01,46.8178,46.9,38308
2025-04-04 13:39:00,46.86,46.8799,46.7,46.8799,9293
2025-04-04 13:40:00,46.7501,47.1,46.7501,46.8957,26901
2025-04-04 13:41:00,46.87,46.999,46.8001,46.9448,8428
2025-04-04 13:42:00,46.95,46.9974,46.9074,46.925,13873
2025-04-04 13:43:00,46.93,47.34,46.91,47.0,35287
2025-04-04 13:44:00,47.105,47.1707,47.0756,47.1,8690
2025-04-04 13:45:00,47.0968,47.0968,46.89,46.935,8303
2025-04-04 13:46:00,46.935,46.935,46.53,46.62,13880
2025-04-04 13:47:00,46.68,47.01,46.6101,46.9618,12047
2025-04-04 13:48:00,46.8201,47.05,46.77,47.0,14998
2025-04-04 13:49:00,47.0,47.2,46.97,47.1001,14243
2025-04-04 13:50:00,47.0694,47.2499,47.0694,47.17,25938
2025-04-04 13:51:00,47.22,47.22,47.0,47.11,28536
2025-04-04 13:52:00,47.11,47.26,47.0001,47.125,15450
2025-04-04 13:53:00,47.1,47.23,47.0001,47.0186,8236
2025-04-04 13:54:00,47.01,47.06,47.01,47.02,22159
2025-04-04 13:55:00,47.09,47.2,47.01,47.075,8977
2025-04-04 13:56:00,47.1076,47.1084,47.0216,47.075,10005
2025-04-04 13:57:00,47.04,47.15,47.03,47.105,22216
2025-04-04 13:58:00,47.1025,47.4,47.1025,47.3001,97941
2025-04-04 13:59:00,47.385,47.51,47.3001,47.51,25809
2025-04-04 14:00:00,47.6,47.81,47.5,47.8,34767
2025-04-04 14:01:00,47.8,48.0,47.55,47.925,20160
2025-04-04 14:02:00,47.9,47.9999,47.6,47.83,34326
2025-04-04 14:03:00,47.83,48.25,47.83,47.995,46689
2025-04-04 14:04:00,47.995,48.0523,47.8801,47.94,26857
2025-04-04 14:05:00,47.9,47.9,47.6,47.625,13807
2025-04-04 14:06:00,47.6001,47.66,47.6,47.655,10142
2025-04-04 14:07:00,47.655,47.655,47.37,47.375,12790
2025-04-04 14:08:00,47.375,47.4199,47.2301,47.4199,12071
2025-04-04 14:09:00,47.335,47.36,47.2501,47.36,8476
2025-04-04 14:10:00,47.3201,47.44,47.32,47.365,6351
2025-04-04 14:11:00,47.4046,47.5,47.335,47.37,9747
2025-04-04 14:12:00,47.4356,47.4356,47.3,47.34,10147
2025-04-04 14:13:00,47.34,47.47,47.315,47.47,9999
2025-04-04 14:14:00,47.42,47.78,47.42,47.5219,12929
2025-04-04 14:15:00,47.5285,47.756,47.23,47.28,27065
2025-04-04 14:16:00,47.29,47.5,47.2001,47.5,8743
2025-04-04 14:17:00,47.5,47.5,47.3016,47.3102,52113
2025-04-04 14:18:00,47.3,47.345,46.8,47.1825,25285
2025-04-04 14:19:00,46.819,46.99,46.81,46.99,4907
2025-04-04 14:20:00,46.9832,46.9832,46.86,46.968,3238
2025-04-04 14:21:00,46.8612,47.06,46.8612,47.06,15772
2025-04-04 14:22:00,47.11,47.11,46.8301,46.8301,12348
2025-04-04 14:23:00,46.83,47.05,46.83,47.05,13401
2025-04-04 14:24:00,47.05,47.2999,47.05,47.2,6682
2025-04-04 14:25:00,47.15,47.15,47.0,47.07,19609
2025-04-04 14:26:00,47.075,47.35,47.075,47.3123,5155
2025-04-04 14:27:00,47.35,47.35,46.9,47.21,30255
2025-04-04 14:28:00,47.245,47.3774,47.12,47.1858,6763
2025-04-04 14:29:00,47.1383,47.26,47.1383,47.19,6063
2025-04-04 14:30:00,47.1401,47.5,47.1401,47.43,21309
2025-04-04 14:31:00,47.43,47.43,47.0472,47.155,11544
2025-04-04 14:32:00,47.0259,47.1461,47.01,47.0101,8842
2025-04-04 14:33:00,47.0243,47.2,47.0101,47.2,5208
2025-04-04 14:34:00,47.185,47.19,47.1112,47.175,2294
2025-04-04 14:35:00,47.12,47.2899,47.12,47.27,11469
2025-04-04 14:36:00,47.1301,47.26,47.0,47.0093,19662
2025-04-04 14:37:00,47.005,47.1999,46.6,47.102,26895
2025-04-04 14:38:00,47.0187,47.08,46.7,46.7,22752
2025-04-04 14:39:00,46.82,47.19,46.82,47.125,8649
2025-04-04 14:40:00,47.1431,47.2079,47.0,47.105,11065
2025-04-04 14:41:00,47.0236,47.1,46.81,46.81,10771
2025-04-04 14:42:00,46.91,47.15,46.83,47.0206,8734
2025-04-04 14:43:00,47.0911,47.17,47.0392,47.07,30218
2025-04-04 14:44:00,47.11,47.15,46.826,46.9916,16433
2025-04-04 14:45:00,47.04,47.1332,47.0,47.0306,6962
2025-04-04 14:46:00,47.06,47.06,46.83,46.945,14543
2025-04-04 14:47:00,46.945,47.0,45.8,45.81,55412
2025-04-04 14:48:00,45.8,46.3399,45.605,46.07,106540
2025-04-04 14:49:00,46.0001,46.14,45.7988,46.0201,14799
2025-04-04 14:50:00,46.0201,46.0992,45.9464,46.0616,8545
2025-04-04 14:51:00,46.04,46.055,45.56,45.655,24444
2025-04-04 14:52:00,45.58,46.1,45.5388,46.1,13922
2025-04-04 14:53:00,46.105,46.105,45.74,46.045,9825
2025-04-04 14:54:00,46.04,46.13,45.81,46.01,37584
2025-04-04 14:55:00,45.9701,46.0899,45.7,45.79,36770
2025-04-04 14:56:00,45.79,46.03,45.7081,45.945,14180
2025-04-04 14:57:00,45.945,46.023,45.8601,45.9,8634
2025-04-04 14:58:00,45.92,46.07,45.9101,45.99,16656
2025-04-04 14:59:00,45.99,46.13,45.94,45.9401,16540
2025-04-04 15:00:00,45.95,45.95,45.7301,45.8,18018
2025-04-04 15:01:00,45.8949,45.9485,45.8,45.8,5670
2025-04-04 15:02:00,45.875,45.9496,45.8,45.9,11245
2025-04-04 15:03:00,45.9,45.925,45.81,45.9,18884
2025-04-04 15:04:00,45.885,45.92,45.82,45.82,14504
2025-04-04 15:05:00,45.821,45.87,45.6,45.6,17839
2025-04-04 15:06:00,45.6144,45.7,45.6144,45.68,14488
2025-04-04 15:07:00,45.68,45.68,45.51,45.55,44914
2025-04-04 15:08:00,45.65,45.66,45.5,45.505,29733
2025-04-04 15:09:00,45.505,45.6,45.35,45.465,87306
2025-04-04 15:10:00,45.43,45.5,45.261,45.261,28059
2025-04-04 15:11:00,45.26,45.6365,45.1301,45.62,80760
2025-04-04 15:12:00,45.625,45.625,45.4,45.425,7251
2025-04-04 15:13:00,45.425,46.0,45.425,45.615,93431
2025-04-04 15:14:00,45.615,46.1584,45.6,46.0,16088
2025-04-04 15:15:00,45.96,46.0396,45.8692,45.9,21297
2025-04-04 15:16:00,45.9,45.99,45.7,45.78,10896
2025-04-04 15:17:00,45.75,45.78,45.6,45.615,9238
2025-04-04 15:18:00,45.6,45.61,45.5,45.5,14888
2025-04-04 15:19:00,45.505,45.505,45.23,45.295,24514
2025-04-04 15:20:00,45.21,45.3799,45.21,45.3,16885
2025-04-04 15:21:00,45.3,45.45,45.2648,45.3,27737
2025-04-04 15:22:00,45.305,45.45,45.2601,45.35,58355
2025-04-04 15:23:00,45.66,45.68,45.3401,45.3401,17795
2025-04-04 15:24:00,45.4877,45.5498,45.34,45.45,5377
2025-04-04 15:25:00,45.525,45.575,45.405,45.405,30109
2025-04-04 15:26:00,45.405,45.7,45.405,45.65,35495
2025-04-04 15:27:00,45.656,46.26,45.645,46.1601,42931
2025-04-04 15:28:00,46.265,46.49,46.0,46.2001,31361
2025-04-04 15:29:00,46.29,46.31,46.1201,46.1901,17061
2025-04-04 15:30:00,46.21,46.225,46.12,46.167,13949
2025-04-04 15:31:00,46.22,46.35,46.0001,46.35,24964
2025-04-04 15:32:00,46.385,46.77,46.33,46.7,43862
2025-04-04 15:33:00,46.57,47.26,46.36,47.15,49826
2025-04-04 15:34:00,47.2,47.45,47.11,47.1496,48972
2025-04-04 15:35:00,47.32,47.5,47.32,47.365,24922
2025-04-04 15:36:00,47.4539,47.4539,47.0,47.01,22186
2025-04-04 15:37:00,47.075,47.075,46.4901,46.9175,23791
2025-04-04 15:38:00,46.82,47.35,46.6901,47.3,27303
2025-04-04 15:39:00,47.1801,47.3437,47.0001,47.0172,15988
2025-04-04 15:40:00,47.128,47.1836,47.0,47.055,25399
2025-04-04 15:41:00,47.0101,47.2799,47.0101,47.05,39808
2025-04-04 15:42:00,47.09,47.16,46.6501,46.8336,24402
2025-04-04 15:43:00,46.82,47.16,46.82,47.13,18503
2025-04-04 15:44:00,47.0803,47.175,47.0,47.0315,18227
2025-04-04 15:45:00,47.17,47.45,47.0531,47.415,28950
2025-04-04 15:46:00,47.43,47.6,47.2002,47.49,63998
2025-04-04 15:47:00,47.44,47.4794,47.2,47.4301,23696
2025-04-04 15:48:00,47.46,47.4895,47.1,47.3,25528
2025-04-04 15:49:00,47.3799,47.3799,47.01,47.01,20937
2025-04-04 15:50:00,47.05,47.41,47.05,47.4,44178
2025-04-04 15:51:00,47.2901,47.64,47.2901,47.525,58949
2025-04-04 15:52:00,47.55,47.6199,47.21,47.56,24563
2025-04-04 15:53:00,47.59,47.67,47.37,47.485,59428
2025-04-04 15:54:00,47.485,47.7,47.23,47.54,62687
2025-04-04 15:55:00,47.6,47.77,47.0101,47.42,111074
2025-04-04 15:56:00,47.49,47.62,47.12,47.2,28829
2025-04-04 15:57:00,47.43,47.58,47.1901,47.39,42044
2025-04-04 15:58:00,47.55,47.5602,47.33,47.44,93648
2025-04-04 15:59:00,47.5,47.95,47.5,47.61,82870
2025-04-04 16:00:00,47.61,47.84,47.4,47.5,465117
2025-04-04 16:01:00,47.27,47.6,47.2,47.59,2584
2025-04-04 16:02:00,47.2,47.59,47.0,47.0,5890
2025-04-04 16:03:00,47.1,47.1,47.0005,47.01,671
2025-04-04 16:04:00,47.0,47.0,46.7,46.9,816
2025-04-04 16:05:00,47.0,47.82,46.9,47.05,3653
2025-04-04 16:06:00,46.8036,47.01,46.8001,46.8001,586
2025-04-04 16:07:00,47.0,47.0,46.8025,46.81,2595
2025-04-04 16:08:00,46.9,46.9,46.7,46.8,402
2025-04-04 16:09:00,46.8,46.9,46.7,46.9,202
2025-04-04 16:10:00,46.75,46.9,46.7,46.7,998
2025-04-04 16:11:00,46.705,46.9,46.6,46.6,494
2025-04-04 16:12:00,46.6,46.9,46.6,46.9,271
2025-04-04 16:13:00,46.9,46.9,45.7876,46.5,1372
2025-04-04 16:14:00,46.5,46.5,46.4,46.5,663
2025-04-04 16:15:00,46.5,46.9,46.5,46.5,1009
2025-04-04 16:16:00,46.5,46.5,46.2,46.2,469
2025-04-04 16:17:00,46.101,46.8,46.1,46.8,808
2025-04-04 16:18:00,46.6,46.6,46.1015,46.6,497
2025-04-04 16:19:00,46.6,46.61,46.52,46.6,973
2025-04-04 16:20:00,46.795,46.9,46.51,46.65,709
2025-04-04 16:21:00,46.61,47.0,46.6,47.0,603
2025-04-04 16:22:00,46.6,47.0,46.0737,46.6,686
2025-04-04 16:23:00,46.2354,47.0,46.2354,47.0,152
2025-04-04 16:24:00,47.0,47.0,46.98,46.98,3
2025-04-04 16:25:00,46.98,46.98,46.4,46.4,153
2025-04-04 16:26:00,46.5,46.92,46.05,46.1891,373
2025-04-04 16:27:00,46.87,46.92,46.4,46.91,3098
2025-04-04 16:28:00,46.51,46.88,46.5,46.5,455
2025-04-04 16:29:00,46.87,46.87,46.5,46.87,62
2025-04-04 16:30:00,47.0,47.0,46.51,47.0,435
2025-04-04 16:31:00,46.5,47.0,46.5,47.0,201
2025-04-04 16:33:00,46.65,46.8,46.5,46.8,292
2025-04-04 16:34:00,46.9916,47.0,46.8,46.89,606
2025-04-04 16:35:00,46.8,47.0,46.75,46.75,17
2025-04-04 16:36:00,46.8,46.8,46.5,46.5,19
2025-04-04 16:37:00,46.8,46.91,46.8,46.82,107
2025-04-04 16:38:00,46.8001,46.91,46.8,46.8,170
2025-04-04 16:39:00,46.5,47.0,46.5,47.0,75
2025-04-04 16:40:00,46.91,46.91,46.5,46.5,28
2025-04-04 16:41:00,46.98,47.0,46.5125,47.0,2123
2025-04-04 16:42:00,46.995,46.995,46.799,46.799,378
2025-04-04 16:43:00,46.7999,47.0,46.7,47.0,188
2025-04-04 16:44:00,47.0,47.0,46.99,47.0,41
2025-04-04 16:45:00,47.0,47.0,46.8,46.8,167
2025-04-04 16:46:00,46.9,46.9,46.7,46.7,768
2025-04-04 16:47:00,46.9,46.9,46.89,46.895,32
2025-04-04 16:48:00,46.89,46.92,46.8,46.92,134
2025-04-04 16:49:00,46.7,46.7,46.7,46.7,7
2025-04-04 16:50:00,46.8,46.89,46.7,46.89,471
2025-04-04 16:51:00,46.9,46.9,46.89,46.89,257
2025-04-04 16:52:00,46.9,46.9,46.9,46.9,2
2025-04-04 16:53:00,46.7,46.8,46.7,46.7996,103
2025-04-04 16:54:00,46.8,46.8,46.7,46.79,24
2025-04-04 16:55:00,46.79,46.79,46.65,46.65,22
2025-04-04 16:56:00,46.79,46.79,46.65,46.65,39
2025-04-04 16:57:00,46.6982,46.79,46.6982,46.79,332
2025-04-04 16:58:00,46.79,46.79,46.69,46.79,12
2025-04-04 16:59:00,46.69,46.69,46.43,46.43,772
2025-04-04 17:00:00,46.42,46.42,46.4,46.4,8
2025-04-04 17:01:00,46.35,46.35,46.34,46.35,15
2025-04-04 17:02:00,46.35,46.35,46.35,46.35,5
2025-04-04 17:03:00,46.35,46.35,46.24,46.3438,342
2025-04-04 17:04:00,46.35,46.35,46.35,46.35,101
2025-04-04 17:05:00,46.2,46.5,46.2,46.49,15
2025-04-04 17:06:00,46.5,46.5,46.49,46.4997,146
2025-04-04 17:07:00,46.5,46.5,46.5,46.5,225
2025-04-04 17:08:00,46.5,46.5,46.5,46.5,2
2025-04-04 17:09:00,46.219,46.49,46.219,46.49,55
2025-04-04 17:10:00,46.1076,46.5,46.1076,46.5,469
2025-04-04 17:11:00,46.45,46.45,46.1137,46.3,166
2025-04-04 17:12:00,46.2,46.49,46.2,46.49,1013
2025-04-04 17:13:00,46.3,46.5,46.2,46.49,784
2025-04-04 17:15:00,46.49,46.5,46.49,46.5,24
2025-04-04 17:16:00,46.5,46.5,46.25,46.5,50
2025-04-04 17:17:00,46.3,46.5,46.3,46.5,41
2025-04-04 17:18:00,46.49,46.5,46.25,46.25,2442
2025-04-04 17:19:00,46.4938,46.5,46.25,46.5,1165
2025-04-04 17:20:00,46.48,46.48,46.25,46.25,11
2025-04-04 17:21:00,46.26,46.26,46.26,46.26,100
2025-04-04 17:22:00,46.26,46.48,46.26,46.48,15
2025-04-04 17:23:00,46.2551,46.48,46.2551,46.48,162
2025-04-04 17:24:00,46.3,46.5,46.26,46.38,95
2025-04-04 17:25:00,46.48,46.48,46.4,46.4,61
2025-04-04 17:26:00,46.35,46.5,46.35,46.4998,61
2025-04-04 17:27:00,46.4998,46.4998,46.35,46.35,811
2025-04-04 17:28:00,46.499,46.5,46.35,46.35,521
2025-04-04 17:29:00,46.49,46.49,46.49,46.49,1
2025-04-04 17:30:00,46.4938,46.5,46.26,46.5,687
2025-04-04 17:31:00,46.5,46.5,46.4796,46.4796,222
2025-04-04 17:33:00,46.36,46.48,46.36,46.44,104
2025-04-04 17:34:00,46.44,46.45,46.3501,46.45,70
2025-04-04 17:35:00,46.4475,46.45,46.4006,46.45,108
2025-04-04 17:36:00,46.45,46.5,46.4,46.4,1045
2025-04-04 17:37:00,46.5,46.5,46.4,46.4,23
2025-04-04 17:38:00,46.5,46.53,46.5,46.53,7
2025-04-04 17:39:00,46.53,46.9344,46.41,46.53,251
2025-04-04 17:40:00,46.53,46.53,46.4,46.4,132
2025-04-04 17:41:00,46.79,46.79,46.79,46.79,3
2025-04-04 17:42:00,46.79,46.79,46.79,46.79,5
2025-04-04 17:43:00,46.74,47.0,46.74,46.94,633
2025-04-04 17:44:00,46.94,46.94,46.94,46.94,22
2025-04-04 17:45:00,46.9,46.9,46.51,46.51,508
2025-04-04 17:46:00,46.87,46.9999,46.87,46.8913,221
2025-04-04 17:47:00,46.9,47.0,46.75,46.85,987
2025-04-04 17:48:00,46.75,46.97,46.75,46.97,2
2025-04-04 17:49:00,46.99,47.0,46.85,46.95,48
2025-04-04 17:50:00,46.95,47.0,46.95,46.99,85
2025-04-04 17:51:00,46.95,46.95,46.858,46.858,51
2025-04-04 17:52:00,46.87,47.0,46.87,46.99,526
2025-04-04 17:53:00,46.99,47.0,46.6,47.0,23
2025-04-04 17:54:00,47.0,47.0,47.0,47.0,4
2025-04-04 17:55:00,47.0,47.0,46.85,46.85,112
2025-04-04 17:56:00,46.85,47.0,46.6,47.0,155
2025-04-04 17:57:00,47.0,47.0,46.6,46.6,10
2025-04-04 17:58:00,47.0,47.0,47.0,47.0,36
2025-04-04 17:59:00,47.0,47.0,46.667,46.667,101
2025-04-04 18:00:00,46.98,46.98,46.6449,46.6449,160
2025-04-04 18:01:00,46.98,46.98,46.85,46.85,3
2025-04-04 18:02:00,47.0,47.0,47.0,47.0,6
2025-04-04 18:03:00,46.96,46.98,46.96,46.98,5
2025-04-04 18:04:00,46.98,46.98,46.98,46.98,25
2025-04-04 18:05:00,47.0,47.0,46.98,46.98,5
2025-04-04 18:06:00,46.6,46.98,46.6,46.98,10
2025-04-04 18:07:00,46.6132,46.99,46.6,46.6147,1012
2025-04-04 18:08:00,46.98,46.98,46.98,46.98,1
2025-04-04 18:09:00,46.88,46.88,46.85,46.85,201
2025-04-04 18:10:00,46.99,46.99,46.88,46.99,154
2025-04-04 18:11:00,46.98,46.98,46.98,46.98,100
2025-04-04 18:12:00,46.95,46.95,46.93,46.93,33
2025-04-04 18:13:00,46.88,46.88,46.51,46.7,1625
2025-04-04 18:14:00,46.7,46.95,46.7,46.95,165
2025-04-04 18:15:00,46.95,46.95,46.94,46.94,6
2025-04-04 18:16:00,46.82,46.82,46.82,46.82,4
2025-04-04 18:17:00,46.7502,46.8,46.75,46.8,179
2025-04-04 18:18:00,46.8,46.8,46.8,46.8,97
2025-04-04 18:19:00,46.75,46.75,46.7,46.7,43
2025-04-04 18:20:00,46.9,46.9,46.87,46.87,101
2025-04-04 18:21:00,46.87,46.94,46.75,46.75,6
2025-04-04 18:22:00,46.94,46.94,46.75,46.75,112
2025-04-04 18:23:00,46.75,46.93,46.75,46.93,48
2025-04-04 18:24:00,46.93,46.93,46.93,46.93,11
2025-04-04 18:25:00,46.79,46.94,46.75,46.75,18
2025-04-04 18:27:00,46.75,46.76,46.75,46.76,36
2025-04-04 18:28:00,46.93,46.93,46.8,46.8,9
2025-04-04 18:29:00,46.93,46.93,46.611,46.611,475
2025-04-04 18:30:00,46.7496,46.7496,46.7,46.7,315
2025-04-04 18:31:00,46.65,46.65,46.62,46.62,2
2025-04-04 18:32:00,46.62,46.65,46.6,46.6,1341
2025-04-04 18:33:00,46.6,46.6,46.6,46.6,128
2025-04-04 18:34:00,46.65,46.65,46.6,46.6,8
2025-04-04 18:35:00,46.64,46.6483,46.6,46.6483,136
2025-04-04 18:36:00,46.65,46.65,46.6,46.65,63
2025-04-04 18:37:00,46.6,46.6497,46.5007,46.5007,1161
2025-04-04 18:38:00,46.65,46.65,46.55,46.649,242
2025-04-04 18:39:00,46.63,46.63,46.6,46.6,221
2025-04-04 18:41:00,46.55,46.55,46.55,46.55,6
2025-04-04 18:42:00,46.94,46.94,46.94,46.94,10
2025-04-04 18:43:00,46.6,46.8,46.6,46.8,7
2025-04-04 18:44:00,46.55,46.55,46.55,46.55,14
2025-04-04 18:45:00,46.6001,46.9413,46.6001,46.9413,103
2025-04-04 18:46:00,46.75,46.8,46.75,46.8,95
2025-04-04 18:48:00,46.9,46.9,46.9,46.9,25
2025-04-04 18:49:00,46.9,46.9,46.88,46.88,17
2025-04-04 18:50:00,46.85,46.85,46.85,46.85,1
2025-04-04 18:51:00,46.85,46.9,46.82,46.82,139
2025-04-04 18:52:00,46.9,46.9,46.85,46.85,155
2025-04-04 18:53:00,46.85,46.95,46.85,46.95,1102
2025-04-04 18:54:00,46.85,46.9,46.85,46.85,120
2025-04-04 18:55:00,46.851,46.93,46.85,46.93,68
2025-04-04 18:56:00,46.9475,46.9475,46.85,46.85,315
2025-04-04 18:57:00,46.95,46.95,46.85,46.85,4
2025-04-04 18:58:00,46.8508,46.8508,46.85,46.85,44
2025-04-04 18:59:00,46.85,46.8516,46.85,46.85,37
2025-04-04 19:00:00,46.9468,46.9468,46.9468,46.9468,200
2025-04-04 19:01:00,46.85,46.85,46.85,46.85,25
2025-04-04 19:02:00,46.93,46.93,46.82,46.82,30
2025-04-04 19:03:00,46.8232,46.85,46.8232,46.85,30
2025-04-04 19:04:00,46.85,46.85,46.85,46.85,20
2025-04-04 19:05:00,46.85,46.95,46.85,46.95,2
2025-04-04 19:07:00,46.93,46.93,46.85,46.85,758
2025-04-04 19:08:00,46.95,46.95,46.82,46.82,1110
2025-04-04 19:09:00,46.82,46.93,46.82,46.93,81
2025-04-04 19:10:00,46.93,46.95,46.82,46.8203,810
2025-04-04 19:11:00,46.8503,46.95,46.8503,46.8506,8
2025-04-04 19:12:00,46.9,46.9,46.85,46.85,75
2025-04-04 19:13:00,46.9,46.94,46.9,46.94,102
2025-04-04 19:14:00,46.94,46.95,46.9,46.9,759
2025-04-04 19:15:00,46.9,46.9492,46.85,46.9492,90
2025-04-04 19:16:00,46.95,46.95,46.9,46.9,12
2025-04-04 19:17:00,46.82,46.85,46.82,46.85,3
2025-04-04 19:18:00,46.9,46.95,46.9,46.95,294
2025-04-04 19:19:00,46.95,46.95,46.85,46.85,853
2025-04-04 19:22:00,47.0,47.0,46.94,46.991,231
2025-04-04 19:23:00,46.86,46.86,46.82,46.85,520
2025-04-04 19:24:00,46.85,46.85,46.82,46.82,208
2025-04-04 19:25:00,46.9,47.0,46.9,46.9998,69
2025-04-04 19:27:00,46.8245,46.9955,46.8245,46.83,204
2025-04-04 19:28:00,46.83,46.98,46.82,46.82,2160
2025-04-04 19:29:00,46.83,46.83,46.82,46.83,313
2025-04-04 19:30:00,46.83,46.9987,46.83,46.98,1010
2025-04-04 19:31:00,46.84,46.97,46.84,46.97,16
2025-04-04 19:32:00,47.0,47.0,47.0,47.0,1
2025-04-04 19:33:00,46.84,46.99,46.84,46.99,88
2025-04-04 19:34:00,46.83,46.96,46.82,46.82,120
2025-04-04 19:36:00,46.95,46.95,46.75,46.75,746
2025-04-04 19:37:00,46.79,46.79,46.79,46.79,65
2025-04-04 19:38:00,46.75,46.75,46.6,46.75,101
2025-04-04 19:39:00,46.67,46.69,46.6,46.69,77
2025-04-04 19:40:00,46.6,46.62,46.55,46.6,87
2025-04-04 19:41:00,46.6,46.6,46.5975,46.5975,209
2025-04-04 19:42:00,46.6,46.6,46.59,46.59,39
2025-04-04 19:43:00,46.55,46.79,46.5,46.79,583
2025-04-04 19:44:00,46.78,46.78,46.5,46.52,203
2025-04-04 19:45:00,46.79,46.79,46.79,46.79,3
2025-04-04 19:46:00,46.75,46.75,46.75,46.75,100
2025-04-04 19:47:00,46.74,46.74,46.74,46.74,1
2025-04-04 19:48:00,46.74,46.74,46.65,46.65,27
2025-04-04 19:49:00,46.56,46.65,46.56,46.56,151
2025-04-04 19:50:00,46.53,46.56,46.53,46.56,75
2025-04-04 19:51:00,46.56,46.58,46.56,46.58,566
2025-04-04 19:52:00,46.59,46.65,46.58,46.65,64
2025-04-04 19:53:00,46.58,46.82,46.57,46.59,291
2025-04-04 19:54:00,46.7,46.7,46.6981,46.6981,36
2025-04-04 19:55:00,46.65,46.65,46.6,46.6,4
2025-04-04 19:56:00,46.6017,46.6025,46.6,46.6025,349
2025-04-04 19:57:00,46.6,46.6,46.51,46.52,636
2025-04-04 19:58:00,46.69,46.7,46.6,46.6,1316
2025-04-04 19:59:00,46.5293,46.53,46.5,46.5296,538
2025-04-07 04:00:00,43.28,43.28,41.51,42.12,1863
2025-04-07 04:01:00,42.0,42.31,41.5,42.29,303
2025-04-07 04:02:00,41.99,46.56,41.51,42.99,1713
2025-04-07 04:03:00,42.49,42.49,42.49,42.49,1
2025-04-07 04:04:00,42.5,42.66,42.5,42.66,500
2025-04-07 04:05:00,42.39,42.87,42.0,42.85,3093
2025-04-07 04:06:00,42.1,42.19,42.0,42.0,744
2025-04-07 04:07:00,42.01,42.88,42.0,42.42,2040
2025-04-07 04:08:00,42.48,42.48,42.42,42.43,431
2025-04-07 04:09:00,42.42,42.92,42.4,42.42,533
2025-04-07 04:10:00,42.42,42.99,42.4,42.99,586
2025-04-07 04:11:00,42.4,42.5,42.4,42.4,1932
2025-04-07 04:12:00,42.4,42.4,42.4,42.4,536
2025-04-07 04:13:00,42.41,42.5,42.4,42.4,2903
2025-04-07 04:15:00,42.59,42.6,42.42,42.42,33
2025-04-07 04:16:00,42.46,42.46,42.46,42.46,8
2025-04-07 04:17:00,42.46,42.54,42.46,42.54,34
2025-04-07 04:18:00,42.98,43.38,42.93,43.38,783
2025-04-07 04:19:00,43.48,43.5,43.2,43.2,1211
2025-04-07 04:20:00,43.5,43.5,43.49,43.49,21
2025-04-07 04:21:00,43.57,43.68,43.0,43.2,490
2025-04-07 04:22:00,43.19,43.19,43.19,43.19,8
2025-04-07 04:23:00,43.2,43.2,43.2,43.2,10
2025-04-07 04:24:00,43.26,43.26,43.0,43.0,544
2025-04-07 04:25:00,43.2,43.2,42.6,42.61,1743
2025-04-07 04:26:00,42.61,42.95,42.4,42.95,1594
2025-04-07 04:27:00,42.4,42.4,42.4,42.4,144
2025-04-07 04:28:00,42.41,42.42,42.41,42.42,203
2025-04-07 04:29:00,42.45,42.45,42.4,42.45,3183
2025-04-07 04:30:00,42.5,42.5,42.5,42.5,1
2025-04-07 04:31:00,42.52,42.52,42.52,42.52,11
2025-04-07 04:32:00,42.52,42.52,42.5,42.5,190
2025-04-07 04:33:00,43.0,43.13,43.0,43.13,30
2025-04-07 04:34:00,43.0,43.13,42.5,42.5,438
2025-04-07 04:36:00,42.9,43.0,42.89,42.97,501
2025-04-07 04:37:00,42.97,43.03,42.97,43.0,244
2025-04-07 04:38:00,43.0,43.09,42.73,43.09,548
2025-04-07 04:39:00,43.0,43.09,43.0,43.0,250
2025-04-07 04:40:00,43.0,43.08,42.63,43.08,107
2025-04-07 04:41:00,43.09,43.09,43.0,43.0,40
2025-04-07 04:42:00,42.96,43.46,42.76,43.0,274
2025-04-07 04:43:00,43.0,43.0,43.0,43.0,2
2025-04-07 04:44:00,43.37,43.43,43.0,43.03,1013
2025-04-07 04:45:00,43.28,43.28,43.0,43.0,605
2025-04-07 04:46:00,43.0,43.0,42.66,42.9,103
2025-04-07 04:47:00,42.9,43.0,42.9,43.0,53
2025-04-07 04:49:00,42.9,42.9,42.86,42.86,11
2025-04-07 04:51:00,42.86,42.86,42.86,42.86,110
2025-04-07 04:52:00,42.86,42.86,42.86,42.86,43
2025-04-07 04:55:00,42.86,43.0,42.86,43.0,46
2025-04-07 04:56:00,43.0,43.0,42.86,42.91,198
2025-04-07 04:57:00,42.86,42.86,42.85,42.86,276
2025-04-07 04:59:00,42.86,42.95,42.85,42.95,347
2025-04-07 05:00:00,42.85,42.85,42.83,42.85,340
2025-04-07 05:01:00,42.85,43.01,42.85,43.01,255
2025-04-07 05:02:00,43.04,43.04,42.83,42.85,1723
2025-04-07 05:03:00,42.85,42.85,42.85,42.85,105
2025-04-07 05:04:00,42.83,42.83,42.83,42.83,60
2025-04-07 05:05:00,42.72,42.72,42.51,42.51,341
2025-04-07 05:06:00,42.51,42.56,42.4,42.56,1718
2025-04-07 05:07:00,42.56,42.56,42.56,42.56,180
2025-04-07 05:08:00,42.56,42.62,42.56,42.56,709
2025-04-07 05:09:00,42.56,42.56,42.56,42.56,13
2025-04-07 05:10:00,42.55,42.56,42.55,42.56,87
2025-04-07 05:11:00,42.56,42.8,42.5,42.56,544
2025-04-07 05:12:00,42.79,42.79,42.56,42.56,17
2025-04-07 05:14:00,42.57,42.57,42.57,42.57,123
2025-04-07 05:15:00,42.56,42.6,42.5,42.5,29
2025-04-07 05:16:00,42.56,42.6,42.56,42.6,301
2025-04-07 05:18:00,42.75,42.85,42.7,42.8,208
2025-04-07 05:19:00,42.62,42.92,42.5,42.56,501
2025-04-07 05:20:00,42.56,42.56,42.56,42.56,276
2025-04-07 05:21:00,42.56,42.56,42.56,42.56,50
2025-04-07 05:22:00,42.56,42.56,42.56,42.56,293
2025-04-07 05:24:00,42.56,43.0,42.56,43.0,21
2025-04-07 05:25:00,42.57,42.57,42.56,42.56,110
2025-04-07 05:26:00,42.6,42.6,42.56,42.57,520
2025-04-07 05:28:00,42.56,42.56,42.56,42.56,105
2025-04-07 05:29:00,42.57,42.57,42.57,42.57,22
2025-04-07 05:30:00,42.59,43.0,42.58,43.0,346
2025-04-07 05:31:00,42.62,42.62,42.62,42.62,48
2025-04-07 05:33:00,42.75,42.78,42.7,42.7,253
2025-04-07 05:34:00,42.92,43.2,42.83,43.02,152
2025-04-07 05:35:00,43.02,43.02,43.02,43.02,21
2025-04-07 05:36:00,43.02,43.02,43.02,43.02,36
2025-04-07 05:37:00,43.24,43.24,43.03,43.03,102
2025-04-07 05:38:00,43.0,43.08,42.98,42.98,12
2025-04-07 05:39:00,42.98,43.75,42.98,43.0,2503
2025-04-07 05:40:00,43.0,43.0,43.0,43.0,100
2025-04-07 05:42:00,43.0,43.01,43.0,43.01,5600
2025-04-07 05:43:00,43.01,43.01,43.01,43.01,1594
2025-04-07 05:44:00,43.0,43.15,43.0,43.01,201
2025-04-07 05:45:00,43.14,43.17,43.01,43.01,317
2025-04-07 05:46:00,43.01,43.21,43.01,43.01,184
2025-04-07 05:47:00,43.19,43.19,43.01,43.01,276
2025-04-07 05:48:00,43.01,43.19,43.01,43.01,469
2025-04-07 05:49:00,43.16,43.18,43.01,43.01,1038
2025-04-07 05:50:00,43.01,43.01,43.0,43.01,149
2025-04-07 05:51:00,43.01,43.01,43.01,43.01,680
2025-04-07 05:52:00,43.02,43.14,43.02,43.14,2
2025-04-07 05:55:00,43.01,43.01,43.01,43.01,100
2025-04-07 05:56:00,43.01,43.02,43.0,43.0,1210
2025-04-07 05:57:00,43.0,43.0,43.0,43.0,50
2025-04-07 05:59:00,43.0,43.0,43.0,43.0,14
2025-04-07 06:00:00,43.01,43.2,43.01,43.01,88
2025-04-07 06:01:00,43.0,43.11,43.0,43.01,508
2025-04-07 06:02:00,43.05,43.2,43.01,43.01,951
2025-04-07 06:03:00,43.01,43.1,43.01,43.1,429
2025-04-07 06:04:00,43.01,43.17,43.01,43.11,3151
2025-04-07 06:05:00,43.12,43.12,43.1,43.12,996
2025-04-07 06:06:00,43.12,43.39,43.12,43.12,2604
2025-04-07 06:07:00,43.12,43.12,43.11,43.12,2182
2025-04-07 06:08:00,43.27,43.39,43.11,43.12,3053
2025-04-07 06:09:00,43.2,43.28,43.11,43.11,1944
2025-04-07 06:10:00,43.11,43.19,43.0,43.01,4583
2025-04-07 06:11:00,43.01,43.01,43.0,43.01,708
2025-04-07 06:12:00,43.01,43.09,43.01,43.02,5468
2025-04-07 06:13:00,43.02,43.27,43.01,43.02,2575
2025-04-07 06:14:00,43.01,43.25,43.0,43.01,4784
2025-04-07 06:15:00,43.1,43.19,43.0,43.01,3473
2025-04-07 06:16:00,43.01,43.08,43.01,43.03,1161
2025-04-07 06:17:00,43.1,43.1,43.03,43.03,1049
2025-04-07 06:18:00,43.1,43.3,43.01,43.16,3303
2025-04-07 06:19:00,43.19,43.19,42.8,42.87,8732
2025-04-07 06:20:00,42.99,43.27,42.99,42.99,1905
2025-04-07 06:21:00,43.0,43.0,43.0,43.0,101
2025-04-07 06:22:00,43.0,44.3,43.0,44.3,7319
2025-04-07 06:23:00,44.09,44.09,44.09,44.09,479
2025-04-07 06:24:00,44.09,44.2,44.09,44.2,110
2025-04-07 06:25:00,44.19,44.2,44.13,44.13,302
2025-04-07 06:26:00,43.91,44.03,43.56,43.56,356
2025-04-07 06:27:00,43.42,43.56,43.12,43.56,412
2025-04-07 06:28:00,43.52,43.56,43.52,43.56,170
2025-04-07 06:29:00,43.55,43.55,43.54,43.55,593
2025-04-07 06:30:00,43.55,43.55,43.55,43.55,172
2025-04-07 06:31:00,43.53,43.69,43.53,43.69,2213
2025-04-07 06:32:00,43.76,43.98,43.72,43.98,300
2025-04-07 06:33:00,43.72,44.3,43.72,44.3,2778
2025-04-07 06:34:00,44.3,44.49,44.3,44.49,1053
2025-04-07 06:35:00,44.48,44.48,44.45,44.45,325
2025-04-07 06:38:00,44.48,44.61,44.39,44.48,1423
2025-04-07 06:39:00,44.48,44.8,44.48,44.8,239
2025-04-07 06:40:00,44.97,45.54,44.92,45.35,1227
2025-04-07 06:41:00,44.98,45.5,44.98,45.44,1313
2025-04-07 06:42:00,45.15,45.15,45.01,45.01,150
2025-04-07 06:43:00,45.24,45.27,45.01,45.01,299
2025-04-07 06:44:00,45.27,45.27,45.27,45.27,1
2025-04-07 06:45:00,45.27,45.8,45.27,45.75,5740
2025-04-07 06:46:00,45.74,45.74,45.74,45.74,30
2025-04-07 06:47:00,45.27,45.8,45.07,45.7,1690
2025-04-07 06:48:00,45.7,46.0,45.15,45.63,1900
2025-04-07 06:49:00,45.56,45.64,44.98,44.98,1709
2025-04-07 06:50:00,44.98,45.2,44.98,45.2,240
2025-04-07 06:51:00,45.19,45.19,45.19,45.19,24
2025-04-07 06:52:00,45.19,45.19,44.66,44.66,469
2025-04-07 06:53:00,44.72,44.72,44.72,44.72,114
2025-04-07 06:54:00,44.91,45.05,44.75,45.05,210
2025-04-07 06:55:00,44.91,44.91,44.7,44.88,354
2025-04-07 06:56:00,44.72,44.72,44.7,44.7,196
2025-04-07 06:57:00,44.91,44.91,44.66,44.66,126
2025-04-07 06:58:00,44.87,44.87,44.63,44.63,1141
2025-04-07 06:59:00,44.64,44.64,44.63,44.63,200
2025-04-07 07:00:00,44.83,44.88,44.53,44.53,6579
2025-04-07 07:01:00,44.53,44.53,44.38,44.53,1479
2025-04-07 07:02:00,44.65,44.88,44.65,44.71,256
2025-04-07 07:03:00,44.87,44.94,44.87,44.94,1958
2025-04-07 07:04:00,44.93,45.0,44.81,44.97,2362
2025-04-07 07:05:00,44.84,44.99,44.84,44.9,213
2025-04-07 07:06:00,44.9,44.91,44.8,44.89,1120
2025-04-07 07:07:00,44.7,44.88,44.65,44.83,246
2025-04-07 07:08:00,44.8,44.8,44.68,44.71,303
2025-04-07 07:09:00,44.71,44.82,44.71,44.82,465
2025-04-07 07:10:00,44.82,44.9,44.82,44.9,482
2025-04-07 07:11:00,44.95,45.49,44.92,45.19,8725
2025-04-07 07:12:00,45.2,45.2,45.2,45.2,85
2025-04-07 07:13:00,45.24,45.26,45.0,45.15,550
2025-04-07 07:14:00,45.0,45.0,44.9,44.97,788
2025-04-07 07:15:00,44.9,45.0,44.9,45.0,540
2025-04-07 07:16:00,45.01,45.14,45.01,45.14,619
2025-04-07 07:17:00,45.2,45.2,45.0,45.0,181
2025-04-07 07:18:00,45.16,45.16,45.16,45.16,2
2025-04-07 07:19:00,45.13,45.13,45.13,45.13,5
2025-04-07 07:20:00,45.1,45.1,45.1,45.1,7
2025-04-07 07:21:00,45.0,45.05,44.9,45.05,371
2025-04-07 07:22:00,45.05,45.05,45.0,45.01,93
2025-04-07 07:23:00,45.05,45.05,45.05,45.05,4
2025-04-07 07:24:00,44.9,45.05,44.9,45.05,811
2025-04-07 07:25:00,44.89,45.01,44.89,45.01,104
2025-04-07 07:26:00,44.9,44.9,44.89,44.9,31
2025-04-07 07:27:00,44.87,44.9,44.87,44.9,112
2025-04-07 07:28:00,44.97,44.98,44.95,44.95,34
2025-04-07 07:29:00,44.85,44.89,44.85,44.89,35
2025-04-07 07:30:00,44.88,44.89,44.81,44.81,125
2025-04-07 07:31:00,44.87,44.89,44.5,44.55,767
2025-04-07 07:32:00,44.55,44.55,44.47,44.55,198
2025-04-07 07:33:00,44.7,44.7,44.7,44.7,10
2025-04-07 07:34:00,44.71,44.75,44.71,44.75,1500
2025-04-07 07:35:00,44.55,44.55,44.55,44.55,204
2025-04-07 07:36:00,44.55,44.59,44.55,44.55,929
2025-04-07 07:37:00,44.56,44.56,44.49,44.5,2497
2025-04-07 07:38:00,44.55,44.55,44.3,44.44,2739
2025-04-07 07:39:00,44.29,44.3,44.22,44.22,344
2025-04-07 07:40:00,44.25,44.25,44.17,44.17,387
2025-04-07 07:41:00,44.25,44.3,44.21,44.3,2834
2025-04-07 07:42:00,44.38,44.38,44.3,44.3,510
2025-04-07 07:43:00,44.17,44.24,44.07,44.07,282
2025-04-07 07:44:00,44.19,44.25,44.05,44.05,491
2025-04-07 07:45:00,44.09,44.09,44.04,44.04,48
2025-04-07 07:46:00,44.06,44.2,44.0,44.2,740
2025-04-07 07:47:00,44.07,44.31,44.07,44.31,1076
2025-04-07 07:48:00,44.08,44.23,44.08,44.23,87
2025-04-07 07:49:00,44.23,44.23,44.07,44.07,163
2025-04-07 07:50:00,44.07,44.1,44.0,44.07,2703
2025-04-07 07:51:00,44.07,44.08,44.01,44.07,4856
2025-04-07 07:52:00,44.07,44.11,44.05,44.11,150
2025-04-07 07:53:00,44.19,44.22,44.19,44.2,1773
2025-04-07 07:54:00,44.01,44.1,44.01,44.1,620
2025-04-07 07:55:00,44.17,44.25,44.17,44.25,1216
2025-04-07 07:56:00,44.3,44.3,44.3,44.3,40
2025-04-07 07:58:00,44.44,44.44,44.44,44.44,5
2025-04-07 07:59:00,44.3,44.4,44.3,44.4,200
2025-04-07 08:00:00,44.99,45.8,42.42,45.01,53019
2025-04-07 08:01:00,44.4562,44.5369,42.32,44.5,7657
2025-04-07 08:02:00,44.3102,44.4999,44.3102,44.4984,234
2025-04-07 08:03:00,44.33,44.33,44.31,44.31,1734
2025-04-07 08:04:00,44.31,44.45,44.31,44.44,200
2025-04-07 08:05:00,44.4,44.4,44.1,44.1,671
2025-04-07 08:06:00,44.2,44.2,44.0,44.01,1713
2025-04-07 08:07:00,44.01,44.2,44.01,44.0101,2049
2025-04-07 08:08:00,44.07,44.1,44.01,44.01,1877
2025-04-07 08:09:00,44.07,44.13,44.0102,44.13,1326
2025-04-07 08:10:00,44.2839,44.38,44.025,44.025,354
2025-04-07 08:11:00,44.12,44.13,44.1,44.13,1437
2025-04-07 08:12:00,44.14,44.22,44.07,44.11,289
2025-04-07 08:13:00,44.11,44.25,44.1,44.1,369
2025-04-07 08:14:00,44.12,44.22,44.11,44.11,695
2025-04-07 08:15:00,44.11,44.4,44.1,44.3,170
2025-04-07 08:16:00,44.25,44.3,44.02,44.02,444
2025-04-07 08:17:00,44.1,44.1,44.01,44.026,228
2025-04-07 08:18:00,44.0106,44.25,44.0106,44.25,2937
2025-04-07 08:19:00,44.244,44.244,44.01,44.01,3087
2025-04-07 08:20:00,44.15,44.2,44.0,44.0,3094
2025-04-07 08:21:00,44.0,44.0999,43.71,43.71,4321
2025-04-07 08:22:00,43.71,43.71,43.5,43.63,2667
2025-04-07 08:23:00,43.503,43.63,43.5001,43.56,2053
2025-04-07 08:24:00,43.5,43.9,43.5,43.9,2575
2025-04-07 08:25:00,43.77,44.1,43.77,44.0,1713
2025-04-07 08:26:00,43.65,44.2,43.65,43.65,502
2025-04-07 08:27:00,43.8,43.8,43.65,43.65,275
2025-04-07 08:28:00,43.6544,44.44,43.65,44.44,9071
2025-04-07 08:29:00,44.4,44.73,44.3933,44.63,726
2025-04-07 08:30:00,44.6,44.73,44.5501,44.63,855
2025-04-07 08:31:00,44.63,44.74,44.63,44.74,5925
2025-04-07 08:32:00,44.73,44.7399,44.56,44.6,2896
2025-04-07 08:33:00,44.7,44.75,44.6035,44.7399,2882
2025-04-07 08:34:00,44.7,44.74,44.6008,44.72,1428
2025-04-07 08:35:00,44.72,44.74,44.6035,44.7391,193
2025-04-07 08:36:00,44.64,44.74,44.6,44.72,421
2025-04-07 08:37:00,44.7,44.74,44.61,44.67,322
2025-04-07 08:38:00,44.68,44.7383,44.66,44.66,2339
2025-04-07 08:39:00,44.65,44.65,44.21,44.63,1550
2025-04-07 08:40:00,44.3089,44.6888,44.3,44.4999,300
2025-04-07 08:41:00,44.45,44.5,44.2172,44.3,177
2025-04-07 08:42:00,44.31,44.49,44.2651,44.3514,473
2025-04-07 08:43:00,44.35,44.49,44.35,44.49,770
2025-04-07 08:44:00,44.3507,44.49,44.3507,44.36,179
2025-04-07 08:45:00,44.4,44.5,44.35,44.35,519
2025-04-07 08:46:00,44.41,44.4732,44.1509,44.2,1678
2025-04-07 08:47:00,44.2,44.425,44.18,44.25,693
2025-04-07 08:48:00,44.24,44.74,44.24,44.48,3109
2025-04-07 08:49:00,44.47,44.72,44.47,44.6,235
2025-04-07 08:50:00,44.5,44.74,44.5,44.57,286
2025-04-07 08:51:00,44.57,44.75,44.57,44.75,2643
2025-04-07 08:52:00,44.74,44.75,44.7,44.75,1350
2025-04-07 08:53:00,44.74,45.05,44.7,45.05,35120
2025-04-07 08:54:00,44.93,45.01,44.874,44.99,1134
2025-04-07 08:55:00,44.99,45.25,44.98,45.25,632
2025-04-07 08:56:00,45.12,45.49,45.12,45.49,4132
2025-04-07 08:57:00,45.35,45.49,45.25,45.49,2185
2025-04-07 08:58:00,45.25,45.46,45.15,45.32,883
2025-04-07 08:59:00,45.32,45.32,45.15,45.2,425
2025-04-07 09:00:00,45.21,45.29,44.81,45.13,1167
2025-04-07 09:01:00,45.1,45.1,44.47,44.47,200
2025-04-07 09:02:00,44.97,44.99,44.47,44.85,2218
2025-04-07 09:03:00,44.85,44.99,44.85,44.95,8674
2025-04-07 09:04:00,44.99,44.99,44.95,44.95,2562
2025-04-07 09:05:00,44.96,45.19,44.95,44.95,1230
2025-04-07 09:06:00,45.0,45.15,44.85,44.929,1165
2025-04-07 09:07:00,44.9,44.95,44.131,44.8,273
2025-04-07 09:08:00,44.11,44.95,44.11,44.92,83
2025-04-07 09:09:00,44.88,44.93,44.75,44.75,154
2025-04-07 09:10:00,44.75,44.92,44.11,44.11,193
2025-04-07 09:11:00,44.1302,44.9199,44.1302,44.9199,60
2025-04-07 09:12:00,44.9095,44.95,44.6,44.6,144
2025-04-07 09:13:00,44.92,44.92,44.3,44.3,669
2025-04-07 09:14:00,44.54,44.9,44.5026,44.5026,179
2025-04-07 09:15:00,44.53,44.7,44.51,44.53,123
2025-04-07 09:16:00,44.53,44.9,44.5,44.9,302
2025-04-07 09:17:00,44.89,44.9,44.81,44.81,386
2025-04-07 09:18:00,44.72,44.9,44.72,44.7314,1713
2025-04-07 09:19:00,44.76,44.76,44.72,44.72,382
2025-04-07 09:20:00,44.54,44.7,44.53,44.53,241
2025-04-07 09:21:00,44.54,44.54,44.53,44.53,577
2025-04-07 09:22:00,44.53,44.53,44.3,44.53,1048
2025-04-07 09:23:00,44.5,44.5,44.3,44.3,897
2025-04-07 09:24:00,44.3161,44.54,44.3,44.54,753
2025-04-07 09:25:00,44.53,44.552,43.88,43.88,2721
2025-04-07 09:26:00,43.8916,43.92,43.8,43.8,1883
2025-04-07 09:27:00,43.8,44.6775,43.8,43.8,215
2025-04-07 09:28:00,43.9,43.9,43.8,43.8,806
2025-04-07 09:29:00,43.81,43.88,43.8,43.8,1310
2025-04-07 09:30:00,43.885,44.47,43.0,44.42,170460
2025-04-07 09:31:00,44.5,44.53,43.77,44.36,94220
2025-04-07 09:32:00,44.42,44.59,44.25,44.2813,41516
2025-04-07 09:33:00,44.365,44.365,44.0,44.002,33993
2025-04-07 09:34:00,44.001,44.0458,43.6,43.6801,36228
2025-04-07 09:35:00,43.681,43.8,43.5,43.69,52376
2025-04-07 09:36:00,43.66,43.69,43.0,43.02,61657
2025-04-07 09:37:00,43.02,43.38,43.01,43.24,72877
2025-04-07 09:38:00,43.24,43.5,43.14,43.285,46151
2025-04-07 09:39:00,43.21,43.3,42.8,42.8,56273
2025-04-07 09:40:00,42.83,42.87,42.5,42.79,50711
2025-04-07 09:41:00,42.75,43.0,42.6899,42.74,36676
2025-04-07 09:42:00,42.725,42.75,42.5,42.56,30201
2025-04-07 09:43:00,42.55,42.5906,42.33,42.35,45467
2025-04-07 09:44:00,42.35,42.5539,42.3,42.5,53535
2025-04-07 09:45:00,42.55,42.58,42.2,42.2,31559
2025-04-07 09:46:00,42.2006,42.58,42.16,42.4,50805
2025-04-07 09:47:00,42.52,43.35,42.2501,43.35,56774
2025-04-07 09:48:00,43.4,43.5,42.9701,43.27,43294
2025-04-07 09:49:00,43.27,43.9999,43.27,43.46,91467
2025-04-07 09:50:00,43.46,43.99,43.4404,43.85,28676
2025-04-07 09:51:00,43.855,43.88,43.63,43.66,54366
2025-04-07 09:52:00,43.66,43.95,43.5,43.6101,54629
2025-04-07 09:53:00,43.72,43.9799,43.66,43.88,52769
2025-04-07 09:54:00,43.9242,44.2,43.9,44.185,73044
2025-04-07 09:55:00,44.12,44.4299,43.84,44.11,100315
2025-04-07 09:56:00,44.1038,44.3939,44.1038,44.195,39006
2025-04-07 09:57:00,44.27,44.37,44.02,44.265,37348
2025-04-07 09:58:00,44.305,44.3495,44.1271,44.275,44210
2025-04-07 09:59:00,44.2996,45.14,44.2815,44.965,170306
2025-04-07 10:00:00,44.8901,44.96,44.7201,44.78,54587
2025-04-07 10:01:00,44.7794,44.7794,44.11,44.2601,65045
2025-04-07 10:02:00,44.3711,44.56,44.2976,44.56,41687
2025-04-07 10:03:00,44.56,44.6999,44.17,44.2559,32982
2025-04-07 10:04:00,44.32,44.6777,44.15,44.51,28584
2025-04-07 10:05:00,44.42,44.88,44.21,44.8484,37514
2025-04-07 10:06:00,44.775,45.35,44.775,44.825,83222
2025-04-07 10:07:00,44.82,45.02,44.7029,44.83,30852
2025-04-07 10:08:00,44.75,44.91,44.5134,44.8,21646
2025-04-07 10:09:00,44.6342,44.705,44.2034,44.282,27767
2025-04-07 10:10:00,44.38,46.0,44.1571,45.855,73868
2025-04-07 10:11:00,45.86,46.51,45.3688,46.25,76868
2025-04-07 10:12:00,46.32,47.44,46.25,47.44,174814
2025-04-07 10:13:00,47.44,48.28,47.22,48.2239,209604
2025-04-07 10:14:00,48.2249,48.3,46.58,48.24,208134
2025-04-07 10:15:00,48.0001,49.22,47.04,49.22,129328
2025-04-07 10:16:00,49.1912,50.5,48.93,50.42,163661
2025-04-07 10:17:00,50.42,52.0,50.3271,51.4,146226
2025-04-07 10:18:00,51.02,51.115,48.4001,48.6,127568
2025-04-07 10:19:00,48.79,49.58,48.4362,49.265,95613
2025-04-07 10:20:00,49.26,50.0,48.5,48.51,110488
2025-04-07 10:21:00,48.5102,48.515,46.46,47.77,121479
2025-04-07 10:22:00,47.77,47.9932,46.5701,46.725,55188
2025-04-07 10:23:00,46.7059,47.38,46.0191,46.0191,77646
2025-04-07 10:24:00,46.12,46.12,45.25,45.53,75980
2025-04-07 10:25:00,45.515,47.24,45.45,46.9344,67581
2025-04-07 10:26:00,46.6,47.8144,46.56,47.505,48922
2025-04-07 10:27:00,47.42,47.7631,47.2,47.355,23710
2025-04-07 10:28:00,47.34,47.5,47.1801,47.35,62044
2025-04-07 10:29:00,47.5,47.7,47.2507,47.6,61198
2025-04-07 10:30:00,47.501,47.678,46.0,46.495,42357
2025-04-07 10:31:00,46.3055,47.4,46.2949,47.025,17317
2025-04-07 10:32:00,47.025,47.65,47.0001,47.5035,18543
2025-04-07 10:33:00,47.65,48.6242,47.48,48.495,43358
2025-04-07 10:34:00,48.42,48.89,48.0001,48.1,59347
2025-04-07 10:35:00,48.1,48.1,46.0001,46.17,54418
2025-04-07 10:36:00,46.0564,47.0,46.0001,46.8408,22905
2025-04-07 10:37:00,47.0,47.0,46.34,46.58,21884
2025-04-07 10:38:00,46.58,46.6547,46.34,46.34,10919
2025-04-07 10:39:00,46.34,46.38,46.01,46.0408,16831
2025-04-07 10:40:00,46.045,46.5,46.045,46.4069,34975
2025-04-07 10:41:00,46.5,46.5,46.45,46.49,11735
2025-04-07 10:42:00,46.5,46.9,46.45,46.83,22788
2025-04-07 10:43:00,46.83,46.9,46.5,46.8999,16885
2025-04-07 10:44:00,46.805,47.05,46.62,47.05,28733
2025-04-07 10:45:00,47.05,47.05,46.5,46.9688,28798
2025-04-07 10:46:00,46.93,46.965,46.7,46.7025,25797
2025-04-07 10:47:00,46.73,46.79,46.5,46.7582,35834
2025-04-07 10:48:00,46.725,46.8138,46.51,46.6,12631
2025-04-07 10:49:00,46.6,46.7,46.12,46.56,44770
2025-04-07 10:50:00,46.61,47.5099,46.5,47.265,28946
2025-04-07 10:51:00,47.255,47.3913,47.01,47.2714,13151
2025-04-07 10:52:00,47.01,47.3839,47.0001,47.3839,42127
2025-04-07 10:53:00,47.425,47.8905,47.2201,47.4,57308
2025-04-07 10:54:00,47.53,48.68,47.53,48.23,36623
2025-04-07 10:55:00,48.491,48.4999,48.0001,48.15,45286
2025-04-07 10:56:00,48.1897,48.2,47.2152,47.3,27822
2025-04-07 10:57:00,47.3,47.9599,47.3,47.775,37389
2025-04-07 10:58:00,47.7035,48.2,47.5001,47.8101,21629
2025-04-07 10:59:00,47.905,48.5,47.8101,48.25,23800
2025-04-07 11:00:00,48.2078,48.5,47.8,48.2121,42304
2025-04-07 11:01:00,48.35,48.89,48.22,48.28,41458
2025-04-07 11:02:00,48.22,48.9,48.0901,48.67,19276
2025-04-07 11:03:00,48.6999,48.99,48.5159,48.845,22564
2025-04-07 11:04:00,48.71,48.99,48.566,48.566,35421
2025-04-07 11:05:00,48.68,48.85,48.0001,48.0326,38869
2025-04-07 11:06:00,48.0407,48.5,48.0407,48.3,12611
2025-04-07 11:07:00,48.22,48.315,48.0304,48.05,20873
2025-04-07 11:08:00,48.11,48.1756,47.8,48.095,29290
2025-04-07 11:09:00,48.0801,48.19,48.0,48.035,22609
2025-04-07 11:10:00,48.05,48.3,47.95,48.0519,35239
2025-04-07 11:11:00,48.1,48.2,48.0,48.0475,15354
2025-04-07 11:12:00,48.0,48.025,47.945,47.965,12196
2025-04-07 11:13:00,47.97,48.24,47.95,48.0001,17932
2025-04-07 11:14:00,48.111,48.4,48.0,48.0427,24176
2025-04-07 11:15:00,48.03,48.08,47.5,47.76,44279
2025-04-07 11:16:00,47.825,48.03,47.5,48.01,23067
2025-04-07 11:17:00,48.01,48.1085,47.7501,47.85,25806
2025-04-07 11:18:00,47.85,48.03,47.85,47.935,25771
2025-04-07 11:19:00,47.91,48.0599,47.75,47.905,13201
2025-04-07 11:20:00,48.05,48.37,47.86,48.21,22612
2025-04-07 11:21:00,48.1299,48.2981,47.662,47.76,19683
2025-04-07 11:22:00,47.68,47.841,47.0301,47.2939,40710
2025-04-07 11:23:00,47.352,47.38,47.0101,47.0266,25971
2025-04-07 11:24:00,47.09,47.09,46.03,46.2674,88520
2025-04-07 11:25:00,46.04,46.27,46.01,46.01,13609
2025-04-07 11:26:00,46.05,46.395,46.0,46.324,71002
2025-04-07 11:27:00,46.18,46.265,45.605,45.605,34240
2025-04-07 11:28:00,45.605,46.07,45.4001,45.71,51728
2025-04-07 11:29:00,45.795,45.8545,45.5001,45.63,18160
2025-04-07 11:30:00,45.64,46.31,45.5,46.16,13739
2025-04-07 11:31:00,46.295,46.9099,46.26,46.7,30541
2025-04-07 11:32:00,46.8716,46.8716,46.7,46.8,8553
2025-04-07 11:33:00,46.72,46.8632,46.5501,46.745,8891
2025-04-07 11:34:00,46.63,46.8367,46.6,46.601,10116
2025-04-07 11:35:00,46.735,47.14,46.6001,46.95,30648
2025-04-07 11:36:00,46.9,47.68,46.9,47.261,16272
2025-04-07 11:37:00,47.26,47.305,47.1001,47.29,6848
2025-04-07 11:38:00,47.3,47.3015,46.825,47.0599,15972
2025-04-07 11:39:00,46.81,47.06,46.6,47.055,20847
2025-04-07 11:40:00,47.21,47.21,47.05,47.0701,5954
2025-04-07 11:41:00,47.1254,47.49,47.0001,47.39,20527
2025-04-07 11:42:00,47.4909,47.69,47.3801,47.505,20745
2025-04-07 11:43:00,47.4,47.5,47.1001,47.255,36945
2025-04-07 11:44:00,47.2274,47.5,47.1001,47.5,6886
2025-04-07 11:45:00,47.5405,47.5405,47.29,47.4443,21252
2025-04-07 11:46:00,47.1785,47.5363,47.06,47.06,11104
2025-04-07 11:47:00,47.3799,47.3799,42.49,47.2771,7860
2025-04-07 11:48:00,47.1976,47.3575,47.1976,47.26,10499
2025-04-07 11:49:00,47.1819,47.47,47.1819,47.39,9253
2025-04-07 11:50:00,47.47,48.05,47.2601,47.898,44097
2025-04-07 11:51:00,47.8,47.9395,47.1201,47.27,14897
2025-04-07 11:52:00,47.29,47.29,47.051,47.15,7068
2025-04-07 11:53:00,47.15,47.15,46.61,46.685,17527
2025-04-07 11:54:00,46.77,46.9199,46.71,46.9084,7900
2025-04-07 11:55:00,46.92,47.2699,46.8268,47.0,8438
2025-04-07 11:56:00,46.89,47.0989,46.8701,46.9,15586
2025-04-07 11:57:00,47.0299,47.19,47.01,47.0169,5210
2025-04-07 11:58:00,47.01,47.1,46.5501,46.645,36500
2025-04-07 11:59:00,46.645,46.79,46.57,46.69,6440
2025-04-07 12:00:00,46.6878,46.77,46.5,46.625,17473
2025-04-07 12:01:00,46.75,46.8563,46.55,46.6,6055
2025-04-07 12:02:00,46.56,46.87,46.529,46.82,4006
2025-04-07 12:03:00,46.64,46.8,46.6001,46.77,5318
2025-04-07 12:04:00,46.71,46.7692,46.5801,46.6792,4712
2025-04-07 12:05:00,46.82,47.2,46.8,47.18,9083
2025-04-07 12:06:00,47.1282,47.3,46.8401,47.0,17059
2025-04-07 12:07:00,47.0,47.15,46.995,47.15,18149
2025-04-07 12:08:00,47.135,47.135,47.0001,47.0001,10430
2025-04-07 12:09:00,47.075,47.15,47.0,47.1,11560
2025-04-07 12:10:00,47.0983,47.1,47.01,47.01,16036
2025-04-07 12:11:00,47.04,47.3,47.02,47.3,14893
2025-04-07 12:12:00,47.23,47.3699,47.09,47.255,16439
2025-04-07 12:13:00,47.2294,47.55,47.2294,47.51,4755
2025-04-07 12:14:00,47.3401,47.65,47.3401,47.545,12306
2025-04-07 12:15:00,47.545,47.7,47.49,47.49,17346
2025-04-07 12:16:00,47.595,48.0,47.5101,47.785,10820
2025-04-07 12:17:00,47.7,47.96,47.55,47.595,15564
2025-04-07 12:18:00,47.56,47.75,47.56,47.75,10787
2025-04-07 12:19:00,47.5285,47.75,47.5101,47.75,4862
2025-04-07 12:20:00,47.7,47.7,47.5101,47.53,9334
2025-04-07 12:21:00,47.5101,47.71,47.49,47.4985,9147
2025-04-07 12:22:00,47.491,47.491,47.1,47.225,11262
2025-04-07 12:23:00,47.2491,47.36,47.1301,47.35,5432
2025-04-07 12:24:00,47.46,47.732,47.24,47.6595,19108
2025-04-07 12:25:00,47.7,47.91,47.7,47.895,14885
2025-04-07 12:26:00,47.8458,48.3,47.81,48.2999,40031
2025-04-07 12:27:00,48.18,48.3,47.32,47.3783,11569
2025-04-07 12:28:00,47.515,47.67,47.3337,47.51,6270
2025-04-07 12:29:00,47.3219,47.935,47.31,47.725,19345
2025-04-07 12:30:00,47.725,47.725,47.5,47.66,3477
2025-04-07 12:31:00,47.73,48.025,47.6301,48.025,7632
2025-04-07 12:32:00,48.12,48.2664,48.075,48.152,9757
2025-04-07 12:33:00,48.14,48.29,47.87,47.87,14021
2025-04-07 12:34:00,47.93,48.1599,47.89,48.035,9658
2025-04-07 12:35:00,48.075,48.16,47.82,48.0161,8550
2025-04-07 12:36:00,48.1481,48.2,47.96,48.2,15541
2025-04-07 12:37:00,48.105,48.65,48.105,48.53,30774
2025-04-07 12:38:00,48.59,48.65,48.37,48.5999,37454
2025-04-07 12:39:00,48.48,48.56,48.3,48.3,7183
2025-04-07 12:40:00,48.3,48.5,48.14,48.24,13335
2025-04-07 12:41:00,48.24,48.2649,47.715,47.82,24010
2025-04-07 12:42:00,47.79,47.8799,47.3,47.63,29850
2025-04-07 12:43:00,47.585,47.84,47.585,47.84,4248
2025-04-07 12:44:00,47.824,47.824,47.5,47.6225,8621
2025-04-07 12:45:00,47.55,47.85,47.5416,47.702,2620
2025-04-07 12:46:00,47.7134,47.8329,47.7001,47.775,5071
2025-04-07 12:47:00,47.8329,47.9884,47.73,47.73,10969
2025-04-07 12:48:00,47.85,48.0,47.7901,47.9996,7605
2025-04-07 12:49:00,47.905,47.9841,47.7901,47.9841,6223
2025-04-07 12:50:00,47.8284,47.9631,47.8284,47.83,2178
2025-04-07 12:51:00,47.83,48.0,47.83,48.0,5228
2025-04-07 12:52:00,47.96,48.0,47.93,47.93,11400
2025-04-07 12:53:00,47.931,47.965,47.76,47.845,6699
2025-04-07 12:54:00,47.825,48.0,47.35,47.35,40242
2025-04-07 12:55:00,47.585,47.74,47.5418,47.625,4435
2025-04-07 12:56:00,47.625,47.625,47.49,47.5,6773
2025-04-07 12:57:00,47.55,47.68,47.484,47.545,6639
2025-04-07 12:58:00,47.4189,47.73,47.3894,47.59,5483
2025-04-07 12:59:00,47.57,47.625,47.5001,47.576,6666
2025-04-07 13:00:00,47.72,48.6198,47.72,48.4345,27538
2025-04-07 13:01:00,48.6499,48.6499,48.4,48.435,36018
2025-04-07 13:02:00,48.4383,48.4383,47.6261,47.945,5687
2025-04-07 13:03:00,48.3,48.3,47.6554,47.6554,8357
2025-04-07 13:04:00,47.89,47.89,47.7,47.7,1878
2025-04-07 13:05:00,47.7739,47.8799,47.6701,47.84,24348
2025-04-07 13:06:00,47.855,48.0,47.59,47.6,13796
2025-04-07 13:07:00,47.8099,47.8099,47.6,47.63,2965
2025-04-07 13:08:00,47.5785,47.85,47.5785,47.77,13235
2025-04-07 13:09:00,47.8,48.005,47.7201,47.91,11471
2025-04-07 13:10:00,47.91,47.96,47.65,47.96,9064
2025-04-07 13:11:00,47.81,47.915,47.6392,47.865,5738
2025-04-07 13:12:00,47.865,47.94,47.72,47.765,7116
2025-04-07 13:13:00,47.765,48.09,47.64,48.09,2759
2025-04-07 13:14:00,48.15,48.6,48.0,48.49,18386
2025-04-07 13:15:00,48.49,49.0,48.44,48.8801,28567
2025-04-07 13:16:00,48.8801,49.1699,48.85,49.11,26371
2025-04-07 13:17:00,48.955,49.0999,48.38,48.39,12270
2025-04-07 13:18:00,48.39,48.79,48.39,48.77,10093
2025-04-07 13:19:00,48.85,49.33,48.7644,49.03,21086
2025-04-07 13:20:00,48.8578,49.2731,48.7774,48.91,27974
2025-04-07 13:21:00,48.85,49.05,48.6,48.8,5915
2025-04-07 13:22:00,48.97,48.97,48.8485,48.9488,4026
2025-04-07 13:23:00,48.885,49.28,48.885,49.22,18620
2025-04-07 13:24:00,49.1501,49.35,49.01,49.2059,19755
2025-04-07 13:25:00,49.02,49.26,49.005,49.09,13235
2025-04-07 13:26:00,49.27,49.405,49.18,49.33,17443
2025-04-07 13:27:00,49.251,49.251,49.0,49.23,18219
2025-04-07 13:28:00,49.0491,49.5,49.0491,49.4001,8348
2025-04-07 13:29:00,49.45,50.0,49.41,49.9967,71680
2025-04-07 13:30:00,49.98,49.9999,49.65,49.7,25101
2025-04-07 13:31:00,49.8,49.95,49.01,49.1958,28391
2025-04-07 13:32:00,49.0001,49.45,49.0001,49.45,18799
2025-04-07 13:33:00,49.41,49.65,49.41,49.65,13520
2025-04-07 13:34:00,49.65,49.9,49.5086,49.835,24381
2025-04-07 13:35:00,49.835,49.98,49.56,49.7865,25525
2025-04-07 13:36:00,49.8009,50.1,49.6501,49.91,27065
2025-04-07 13:37:00,50.07,50.07,49.7834,49.885,17057
2025-04-07 13:38:00,49.885,49.98,49.506,49.9375,24985
2025-04-07 13:39:00,49.825,49.9499,49.7638,49.9039,9297
2025-04-07 13:40:00,49.925,49.99,49.7109,49.955,27716
2025-04-07 13:41:00,49.9247,49.9247,49.71,49.8201,3878
2025-04-07 13:42:00,49.9,49.94,49.63,49.85,14665
2025-04-07 13:43:00,49.86,50.01,49.78,50.0,25676
2025-04-07 13:44:00,50.06,50.27,49.71,50.0,42952
2025-04-07 13:45:00,49.835,50.06,49.7001,49.71,19599
2025-04-07 13:46:00,49.85,49.9,49.51,49.9,23110
2025-04-07 13:47:00,49.84,50.24,49.8,50.055,26984
2025-04-07 13:48:00,49.96,50.14,49.88,50.03,23220
2025-04-07 13:49:00,50.04,50.04,49.74,49.8675,18198
2025-04-07 13:50:00,49.815,49.91,49.7401,49.8501,25804
2025-04-07 13:51:00,49.91,50.01,49.85,49.85,14945
2025-04-07 13:52:00,49.905,50.0,49.16,49.5999,32773
2025-04-07 13:53:00,49.4,49.7105,49.26,49.57,11125
2025-04-07 13:54:00,49.5001,50.0,49.5001,49.94,22958
2025-04-07 13:55:00,49.88,49.9194,49.6501,49.775,13029
2025-04-07 13:56:00,49.75,49.86,49.7,49.859,8118
2025-04-07 13:57:00,49.825,50.0,49.7501,50.0,29217
2025-04-07 13:58:00,49.97,50.44,49.89,50.37,32219
2025-04-07 13:59:00,50.365,50.62,50.3108,50.5721,37796
2025-04-07 14:00:00,50.53,50.6621,50.3,50.4625,22931
2025-04-07 14:01:00,50.4532,50.55,50.3,50.445,24417
2025-04-07 14:02:00,50.445,50.64,50.4,50.62,12419
2025-04-07 14:03:00,50.61,50.706,50.49,50.57,40312
2025-04-07 14:04:00,50.57,50.7197,50.5167,50.575,14230
2025-04-07 14:05:00,50.5,50.7099,50.25,50.26,36360
2025-04-07 14:06:00,50.2001,50.2649,49.85,49.92,37084
2025-04-07 14:07:00,49.8501,50.14,49.85,49.9688,8737
2025-04-07 14:08:00,50.0336,50.27,49.9001,50.053,8507
2025-04-07 14:09:00,49.95,50.25,49.95,50.1001,12019
2025-04-07 14:10:00,50.2,50.75,50.1001,50.7,21039
2025-04-07 14:11:00,50.7,50.738,50.5442,50.6001,36412
2025-04-07 14:12:00,50.675,50.8,50.2001,50.2182,28887
2025-04-07 14:13:00,50.31,50.565,50.2001,50.4,12041
2025-04-07 14:14:00,50.441,50.59,50.3147,50.58,18671
2025-04-07 14:15:00,50.59,50.89,50.4202,50.76,25800
2025-04-07 14:16:00,50.92,51.1999,50.6001,50.78,31174
2025-04-07 14:17:00,50.7714,51.1153,50.7714,50.8301,45191
2025-04-07 14:18:00,50.905,51.41,50.8401,51.2269,76791
2025-04-07 14:19:00,51.25,51.25,50.8,51.0799,76129
2025-04-07 14:20:00,50.9672,51.0799,50.81,50.9899,14972
2025-04-07 14:21:00,50.905,51.03,50.8412,51.03,13260
2025-04-07 14:22:00,50.99,51.41,50.9652,51.21,32089
2025-04-07 14:23:00,51.305,51.3799,50.92,51.0068,20991
2025-04-07 14:24:00,50.985,51.04,50.7701,50.98,23570
2025-04-07 14:25:00,50.89,51.05,50.76,50.7985,26679
2025-04-07 14:26:00,50.7503,50.86,50.26,50.45,17160
2025-04-07 14:27:00,50.4,50.5,50.2819,50.405,11409
2025-04-07 14:28:00,50.405,50.405,50.02,50.115,14770
2025-04-07 14:29:00,50.0249,50.2999,49.54,50.0144,37940
2025-04-07 14:30:00,50.0001,50.25,49.8501,49.8571,17388
2025-04-07 14:31:00,50.0945,50.17,49.85,49.91,21994
2025-04-07 14:32:00,50.04,50.3,50.01,50.055,7449
2025-04-07 14:33:00,49.9001,50.0852,49.75,50.07,25906
2025-04-07 14:34:00,50.07,50.21,50.07,50.14,13172
2025-04-07 14:35:00,50.1561,50.5724,50.07,50.5,15038
2025-04-07 14:36:00,50.555,50.555,50.3,50.3594,7261
2025-04-07 14:37:00,50.3001,50.5496,50.2,50.43,11847
2025-04-07 14:38:00,50.5487,50.577,50.4199,50.52,10557
2025-04-07 14:39:00,50.5899,50.5899,50.1665,50.23,9166
2025-04-07 14:40:00,50.1501,50.34,50.07,50.1621,15916
2025-04-07 14:41:00,50.2,50.4626,50.2,50.432,4773
2025-04-07 14:42:00,50.2001,50.3806,50.0777,50.11,10539
2025-04-07 14:43:00,50.2,50.2365,50.05,50.145,6871
2025-04-07 14:44:00,50.24,50.4225,50.19,50.37,6365
2025-04-07 14:45:00,50.13,50.13,49.9,50.03,10108
2025-04-07 14:46:00,50.13,50.26,50.13,50.135,11159
2025-04-07 14:47:00,50.135,50.135,50.0001,50.09,4161
2025-04-07 14:48:00,50.11,50.2001,49.92,50.06,5067
2025-04-07 14:49:00,50.085,50.0984,49.9401,50.0,8036
2025-04-07 14:50:00,49.9401,50.065,49.89,49.9014,13646
2025-04-07 14:51:00,49.91,50.067,49.56,49.62,10176
2025-04-07 14:52:00,49.685,49.8,49.58,49.605,8778
2025-04-07 14:53:00,49.68,49.72,49.6,49.705,4961
2025-04-07 14:54:00,49.705,49.705,49.44,49.505,8766
2025-04-07 14:55:00,49.4632,49.544,49.15,49.16,16741
2025-04-07 14:56:00,49.1796,49.47,49.1,49.15,12748
2025-04-07 14:57:00,49.15,49.49,49.101,49.4,19698
2025-04-07 14:58:00,49.4,49.45,49.1,49.1,14074
2025-04-07 14:59:00,49.215,49.33,49.1001,49.195,20761
2025-04-07 15:00:00,49.1107,49.8735,49.1,49.625,13272
2025-04-07 15:01:00,49.4,49.8373,49.3748,49.53,5940
2025-04-07 15:02:00,49.5,49.6483,49.41,49.41,8381
2025-04-07 15:03:00,49.48,49.5399,49.34,49.44,5387
2025-04-07 15:04:00,49.53,49.53,49.3502,49.42,5776
2025-04-07 15:05:00,49.48,49.49,49.4,49.4494,5226
2025-04-07 15:06:00,49.5299,49.62,49.35,49.515,14076
2025-04-07 15:07:00,49.47,49.849,49.47,49.75,4968
2025-04-07 15:08:00,49.725,49.89,49.7,49.85,6129
2025-04-07 15:09:00,49.73,49.73,49.45,49.5276,12252
2025-04-07 15:10:00,49.54,49.7023,49.47,49.47,8416
2025-04-07 15:11:00,49.6,49.71,49.5001,49.6,7825
2025-04-07 15:12:00,49.6,49.8,49.5001,49.65,6696
2025-04-07 15:13:00,49.6,49.8,49.5001,49.75,3348
2025-04-07 15:14:00,49.745,49.88,49.7171,49.88,8827
2025-04-07 15:15:00,49.8286,49.95,49.72,49.805,17895
2025-04-07 15:16:00,49.69,49.9007,49.6,49.8,9265
2025-04-07 15:17:00,49.8,50.13,49.7909,50.055,35087
2025-04-07 15:18:00,50.065,50.5229,50.065,50.5,16773
2025-04-07 15:19:00,50.3001,50.5499,50.3001,50.5215,14734
2025-04-07 15:20:00,50.5063,50.5063,50.07,50.2389,23646
2025-04-07 15:21:00,50.2,50.2,49.81,50.0415,15056
2025-04-07 15:22:00,50.045,50.23,50.0,50.1,8292
2025-04-07 15:23:00,50.1,50.2395,50.09,50.125,7245
2025-04-07 15:24:00,50.125,50.3599,50.09,50.225,11340
2025-04-07 15:25:00,50.225,50.2999,50.0101,50.13,12987
2025-04-07 15:26:00,50.13,50.25,50.0015,50.12,11227
2025-04-07 15:27:00,50.01,50.12,49.8123,49.85,10371
2025-04-07 15:28:00,49.89,50.01,49.8136,49.955,7001
2025-04-07 15:29:00,49.99,50.0,49.8296,49.94,12445
2025-04-07 15:30:00,49.915,50.15,49.8523,49.9217,18827
2025-04-07 15:31:00,50.2,50.431,50.0901,50.431,19420
2025-04-07 15:32:00,50.45,50.86,50.4101,50.7438,15156
2025-04-07 15:33:00,50.68,51.0,50.6201,50.67,26639
2025-04-07 15:34:00,50.675,51.46,50.6325,51.2848,51256
2025-04-07 15:35:00,51.1517,51.1878,50.79,50.8,17140
2025-04-07 15:36:00,50.865,50.99,50.8,50.85,26549
2025-04-07 15:37:00,50.89,50.99,50.8,50.85,15325
2025-04-07 15:38:00,50.91,51.25,50.91,51.1999,23252
2025-04-07 15:39:00,51.105,51.13,50.65,50.675,25263
2025-04-07 15:40:00,50.675,50.8646,50.5,50.605,19765
2025-04-07 15:41:00,50.5181,50.5181,50.0701,50.13,25862
2025-04-07 15:42:00,50.13,50.5036,50.0801,50.195,21783
2025-04-07 15:43:00,50.2,50.2,50.0,50.1899,10383
2025-04-07 15:44:00,50.12,50.2,50.05,50.2,15752
2025-04-07 15:45:00,50.2,50.37,50.1301,50.29,10443
2025-04-07 15:46:00,50.245,50.3,50.085,50.135,16855
2025-04-07 15:47:00,50.135,50.2899,49.94,49.94,17184
2025-04-07 15:48:00,49.87,49.9232,49.62,49.74,22432
2025-04-07 15:49:00,49.725,49.96,49.7173,49.9499,31952
2025-04-07 15:50:00,49.83,49.83,49.6401,49.705,22381
2025-04-07 15:51:00,49.705,49.7699,49.58,49.67,53084
2025-04-07 15:52:00,49.67,49.7,49.6,49.65,28098
2025-04-07 15:53:00,49.65,49.6999,49.6,49.6,21706
2025-04-07 15:54:00,49.601,49.615,49.52,49.52,38321
2025-04-07 15:55:00,49.56,49.62,49.52,49.555,30517
2025-04-07 15:56:00,49.555,49.65,49.5,49.585,62084
2025-04-07 15:57:00,49.57,49.99,49.57,49.885,48383
2025-04-07 15:58:00,49.88,50.0,49.83,49.9,45176
2025-04-07 15:59:00,49.86,49.9585,49.6001,49.63,51738
2025-04-07 16:00:00,49.63,49.85,49.01,49.61,84492
2025-04-07 16:01:00,49.75,49.83,49.6,49.83,3056
2025-04-07 16:02:00,49.84,50.5,49.7,50.4,2440
2025-04-07 16:03:00,49.5,50.06,49.5,50.0,161
2025-04-07 16:04:00,49.85,50.4,49.85,50.4,1400
2025-04-07 16:05:00,50.3,50.3,49.85,50.3,63
2025-04-07 16:06:00,50.29,50.29,50.0,50.29,67
2025-04-07 16:07:00,50.3,50.3,50.26,50.26,1065
2025-04-07 16:08:00,50.2599,50.26,49.867,50.26,292
2025-04-07 16:09:00,50.1,50.26,49.934,49.934,1121
2025-04-07 16:10:00,50.18,50.26,50.18,50.2,373
2025-04-07 16:11:00,50.26,50.61,50.26,50.42,1758
2025-04-07 16:12:00,50.61,50.61,50.41,50.52,1549
2025-04-07 16:13:00,50.45,50.55,50.31,50.51,3177
2025-04-07 16:14:00,50.8,50.8,50.504,50.504,2179
2025-04-07 16:15:00,50.8,50.8,50.5,50.74,333
2025-04-07 16:16:00,50.74,50.83,50.51,50.79,1135
2025-04-07 16:17:00,50.76,50.76,50.51,50.76,6
2025-04-07 16:18:00,50.77,50.77,50.57,50.57,105
2025-04-07 16:19:00,50.51,50.64,50.4,50.64,526
2025-04-07 16:20:00,50.5,50.64,50.31,50.53,1135
2025-04-07 16:21:00,50.5,50.5,50.3,50.3,1187
2025-04-07 16:22:00,50.0,50.3,49.833,49.833,170
2025-04-07 16:23:00,50.3,50.5,50.3,50.5,1013
2025-04-07 16:24:00,50.0,50.25,50.0,50.25,13
2025-04-07 16:25:00,50.2,50.25,50.0,50.25,61
2025-04-07 16:26:00,50.0,50.25,50.0,50.25,6
2025-04-07 16:27:00,50.0,50.11,49.8,49.8,286
2025-04-07 16:28:00,50.1,50.11,49.8066,49.8066,839
2025-04-07 16:29:00,50.0,50.25,50.0,50.0,1020
2025-04-07 16:30:00,50.4,50.4,50.39,50.39,3
2025-04-07 16:31:00,50.4,50.5,50.4,50.5,3837
2025-04-07 16:32:00,50.54,50.54,50.2,50.2,447
2025-04-07 16:33:00,50.5,50.54,50.49,50.49,16
2025-04-07 16:34:00,50.5,50.5,50.5,50.5,4
2025-04-07 16:35:00,50.49,50.49,50.0,50.4778,386
2025-04-07 16:36:00,50.48,50.48,50.2,50.48,114
2025-04-07 16:37:00,50.4,50.46,50.3999,50.4,37
2025-04-07 16:38:00,50.4,50.4,50.0,50.39,47
2025-04-07 16:39:00,50.4,50.4,50.16,50.39,108
2025-04-07 16:40:00,50.2,50.49,50.0,50.49,1033
2025-04-07 16:41:00,50.2,50.4,50.2,50.4,11
2025-04-07 16:42:00,50.0,50.0,50.0,50.0,224
2025-04-07 16:43:00,50.4778,50.4778,50.01,50.01,56
2025-04-07 16:44:00,50.4,50.4,50.0,50.0,267
2025-04-07 16:45:00,50.01,50.4,50.0,50.0,70
2025-04-07 16:46:00,50.4,50.4,50.0,50.0,403
2025-04-07 16:48:00,50.1,50.4,50.1,50.4,202
2025-04-07 16:49:00,50.49,50.49,50.0,50.49,21
2025-04-07 16:50:00,50.4,50.4,50.2,50.27,9
2025-04-07 16:51:00,50.02,50.2,50.01,50.2,196
2025-04-07 16:52:00,50.01,50.01,50.01,50.01,7
2025-04-07 16:53:00,50.34,50.49,50.31,50.49,2004
2025-04-07 16:54:00,50.4,50.4,50.4,50.4,2
2025-04-07 16:55:00,50.01,50.01,50.01,50.01,1
2025-04-07 16:57:00,50.0,50.5,50.0,50.5,1530
2025-04-07 16:58:00,50.5,50.5,50.13,50.13,7
2025-04-07 16:59:00,50.47,50.47,50.15,50.43,94
2025-04-07 17:00:00,50.16,50.16,50.16,50.16,11
2025-04-07 17:01:00,50.41,50.49,50.41,50.49,36
2025-04-07 17:02:00,50.41,50.41,50.11,50.11,52
2025-04-07 17:03:00,50.29,50.3,50.15,50.29,43
2025-04-07 17:04:00,50.3,50.3,49.85,50.3,16057
2025-04-07 17:05:00,50.11,50.11,50.11,50.11,206
2025-04-07 17:06:00,50.18,50.18,50.1007,50.18,1690
2025-04-07 17:07:00,50.18,50.18,50.1,50.1,110
2025-04-07 17:08:00,50.16,50.16,50.1017,50.1017,3
2025-04-07 17:09:00,50.1,50.28,50.1,50.27,261
2025-04-07 17:10:00,50.25,50.295,50.0,50.1,1758
2025-04-07 17:11:00,50.1,50.1,50.0,50.0,32
2025-04-07 17:12:00,50.0197,50.0197,49.89,49.97,1051
2025-04-07 17:13:00,49.96,49.97,49.96,49.97,150
2025-04-07 17:14:00,50.0,50.02,50.0,50.02,74
2025-04-07 17:15:00,50.02,50.02,49.89,49.89,88
2025-04-07 17:16:00,50.02,50.02,49.85,49.85,85
2025-04-07 17:17:00,49.89,49.89,49.85,49.85,100
2025-04-07 17:18:00,49.85,49.9389,49.85,49.9389,102
2025-04-07 17:20:00,49.94,49.94,49.94,49.94,268
2025-04-07 17:21:00,49.9395,49.9395,49.78,49.78,316
2025-04-07 17:22:00,49.7015,49.7015,49.7003,49.7003,65
2025-04-07 17:23:00,49.78,49.78,49.7,49.78,12
2025-04-07 17:24:00,49.78,49.78,49.7,49.78,282
2025-04-07 17:25:00,49.78,49.78,49.7,49.7,141
2025-04-07 17:26:00,49.7,49.78,49.7,49.78,154
2025-04-07 17:27:00,49.7,49.78,49.7,49.7018,452
2025-04-07 17:28:00,49.7,49.7796,49.7,49.7794,153
2025-04-07 17:29:00,49.76,49.76,49.7,49.7,85
2025-04-07 17:30:00,49.71,49.71,49.5,49.5,907
2025-04-07 17:31:00,49.48,49.48,49.25,49.32,128
2025-04-07 17:32:00,49.68,49.69,49.49,49.49,33
2025-04-07 17:33:00,49.69,49.74,49.69,49.73,103
2025-04-07 17:34:00,49.7,49.73,49.7,49.73,51
2025-04-07 17:35:00,49.74,49.78,49.68,49.78,424
2025-04-07 17:36:00,49.78,49.78,49.69,49.78,1155
2025-04-07 17:37:00,49.78,49.78,49.7796,49.7796,3
2025-04-07 17:38:00,49.7,49.75,49.7,49.7,34
2025-04-07 17:39:00,49.75,49.78,49.75,49.78,109
2025-04-07 17:40:00,49.7,49.7784,49.7,49.7784,1605
2025-04-07 17:41:00,49.7784,49.84,49.7784,49.84,2260
2025-04-07 17:42:00,50.0,50.02,50.0,50.0,9
2025-04-07 17:43:00,50.0,50.0,49.8503,49.8503,208
2025-04-07 17:44:00,50.02,50.02,50.0,50.01,300
2025-04-07 17:45:00,50.02,50.02,49.85,49.85,93
2025-04-07 17:46:00,50.0,50.0,50.0,50.0,10
2025-04-07 17:47:00,50.0,50.0,49.85,50.0,4
2025-04-07 17:48:00,50.0189,50.02,50.01,50.01,52
2025-04-07 17:49:00,50.0,50.02,50.0,50.02,210
2025-04-07 17:50:00,50.0,50.02,50.0,50.0,506
2025-04-07 17:51:00,50.02,50.02,50.0,50.0,33
2025-04-07 17:52:00,50.01,50.01,50.01,50.01,2
2025-04-07 17:53:00,50.0,50.0,50.0,50.0,45
2025-04-07 17:55:00,49.8528,50.0,49.85,49.85,168
2025-04-07 17:56:00,50.02,50.02,50.01,50.01,250
2025-04-07 17:57:00,50.0,50.0,50.0,50.0,102
2025-04-07 17:58:00,49.7,50.02,49.7,50.02,24
2025-04-07 17:59:00,50.0,50.0,50.0,50.0,4
2025-04-07 18:00:00,50.0,50.0,50.0,50.0,1
2025-04-07 18:01:00,50.0,50.02,50.0,50.02,101
2025-04-07 18:02:00,50.0,50.0,50.0,50.0,13
2025-04-07 18:03:00,49.88,49.88,49.84,49.84,202
2025-04-07 18:04:00,49.78,50.0,49.78,50.0,11
2025-04-07 18:05:00,50.0,50.0,50.0,50.0,5
2025-04-07 18:07:00,50.0,50.0,50.0,50.0,284
2025-04-07 18:08:00,50.02,50.02,50.01,50.0187,72
2025-04-07 18:09:00,50.02,50.02,50.01,50.02,53
2025-04-07 18:10:00,50.02,50.02,50.01,50.01,31
2025-04-07 18:11:00,50.02,50.02,50.0165,50.0165,105
2025-04-07 18:12:00,50.02,50.03,50.02,50.03,997
2025-04-07 18:13:00,50.1,50.1,50.02,50.02,43
2025-04-07 18:14:00,50.02,50.09,50.02,50.09,11
2025-04-07 18:15:00,50.08,50.08,50.08,50.08,1
2025-04-07 18:16:00,50.09,50.09,50.09,50.09,55
2025-04-07 18:17:00,50.02,50.08,50.0,50.06,125
2025-04-07 18:18:00,50.05,50.09,50.0,50.0,104
2025-04-07 18:19:00,50.09,50.09,50.09,50.09,151
2025-04-07 18:20:00,50.01,50.01,49.91,50.0,329
2025-04-07 18:22:00,49.9995,50.0,49.9995,50.0,2
2025-04-07 18:23:00,50.0,50.0,49.93,49.93,105
2025-04-07 18:25:00,49.9989,50.0,49.94,49.94,1101
2025-04-07 18:26:00,49.9317,49.9317,49.9317,49.9317,30
2025-04-07 18:27:00,50.0894,50.09,50.0894,50.09,104
2025-04-07 18:28:00,50.09,50.09,50.0,50.0887,131
2025-04-07 18:29:00,50.0883,50.1,50.0883,50.1,1018
2025-04-07 18:30:00,50.49,50.49,50.1,50.1,13
2025-04-07 18:31:00,50.1,50.1,50.1,50.1,5
2025-04-07 18:32:00,50.1,50.2,50.1,50.2,75
2025-04-07 18:35:00,50.15,50.17,50.15,50.17,131
2025-04-07 18:36:00,50.1699,50.17,50.05,50.05,259
2025-04-07 18:37:00,50.17,50.17,50.17,50.17,3
2025-04-07 18:38:00,50.14,50.17,50.14,50.17,40
2025-04-07 18:39:00,50.17,50.17,50.17,50.17,20
2025-04-07 18:40:00,50.1,50.1,50.1,50.1,25
2025-04-07 18:41:00,50.17,50.17,50.17,50.17,25
2025-04-07 18:42:00,50.17,50.17,50.1684,50.17,61
2025-04-07 18:43:00,50.17,50.17,50.1682,50.1682,52
2025-04-07 18:44:00,50.1685,50.25,50.1685,50.25,711
2025-04-07 18:46:00,50.25,50.49,50.25,50.49,5
2025-04-07 18:47:00,50.25,50.29,50.15,50.15,142
2025-04-07 18:48:00,50.29,50.29,50.06,50.06,139
2025-04-07 18:49:00,50.06,50.3,50.06,50.3,27
2025-04-07 18:50:00,50.27,50.27,50.27,50.27,1
2025-04-07 18:51:00,50.3,50.35,50.27,50.27,159
2025-04-07 18:52:00,50.38,50.38,50.27,50.27,240
2025-04-07 18:53:00,50.34,50.35,50.34,50.35,6
2025-04-07 18:54:00,50.2657,50.37,50.2657,50.35,45
2025-04-07 18:55:00,50.39,50.45,50.35,50.35,1236
2025-04-07 18:56:00,50.49,50.49,50.3513,50.3513,20
2025-04-07 18:57:00,50.44,50.4409,50.44,50.44,27
2025-04-07 18:58:00,50.44,50.4896,50.44,50.4896,65
2025-04-07 18:59:00,50.48,50.54,50.48,50.54,2410
2025-04-07 19:00:00,50.54,50.54,50.52,50.52,49
2025-04-07 19:01:00,50.5387,50.5399,50.4,50.5,1889
2025-04-07 19:02:00,50.5,50.5386,50.4012,50.5365,605
2025-04-07 19:03:00,50.49,50.5,50.48,50.5,360
2025-04-07 19:04:00,50.54,50.54,50.4,50.4,287
2025-04-07 19:05:00,50.4483,50.45,50.4483,50.45,4
2025-04-07 19:06:00,50.45,50.45,50.45,50.45,2297
2025-04-07 19:07:00,50.4987,50.54,50.4987,50.54,1496
2025-04-07 19:08:00,50.95,50.95,50.64,50.8,13
2025-04-07 19:09:00,50.8,50.8,50.79,50.79,108
2025-04-07 19:10:00,50.8,50.89,50.8,50.89,54
2025-04-07 19:11:00,50.42,50.89,50.42,50.89,67
2025-04-07 19:12:00,50.78,50.89,50.42,50.78,654
2025-04-07 19:13:00,50.43,50.88,50.43,50.88,2758
2025-04-07 19:14:00,50.77,50.87,50.65,50.65,33
2025-04-07 19:15:00,50.89,50.9,50.87,50.9,254
2025-04-07 19:16:00,50.65,50.89,50.65,50.8,370
2025-04-07 19:17:00,50.65,50.72,50.65,50.72,4
2025-04-07 19:18:00,50.7,50.8,50.7,50.8,252
2025-04-07 19:19:00,50.8,50.8,50.8,50.8,45
2025-04-07 19:20:00,50.9,50.95,50.9,50.95,50
2025-04-07 19:21:00,50.81,50.95,50.802,50.8985,173
2025-04-07 19:22:00,50.81,50.81,50.8007,50.8007,1058
2025-04-07 19:23:00,50.9,50.9,50.9,50.9,3
2025-04-07 19:24:00,50.9,50.9,50.9,50.9,163
2025-04-07 19:25:00,50.949,50.95,50.82,50.82,25
2025-04-07 19:26:00,50.95,51.18,50.95,51.18,524
2025-04-07 19:27:00,51.0,51.25,51.0,51.2,189
2025-04-07 19:28:00,51.2,51.3,51.0,51.3,1854
2025-04-07 19:29:00,51.32,51.5,51.32,51.45,359
2025-04-07 19:30:00,51.45,51.5,51.45,51.5,67
2025-04-07 19:31:00,51.5,51.5,51.0,51.0,60
2025-04-07 19:32:00,51.49,51.49,51.01,51.2,201
2025-04-07 19:33:00,51.49,51.49,51.47,51.48,174
2025-04-07 19:34:00,51.47,51.62,51.4,51.62,1693
2025-04-07 19:35:00,51.6195,51.7,51.6,51.68,1478
2025-04-07 19:36:00,51.69,51.69,51.66,51.69,171
2025-04-07 19:37:00,51.49,51.6948,51.2,51.2,1583
2025-04-07 19:38:00,51.49,51.49,51.2,51.2,1314
2025-04-07 19:39:00,51.49,51.49,51.4899,51.4899,51
2025-04-07 19:40:00,51.48,51.49,51.48,51.48,267
2025-04-07 19:41:00,51.4778,51.48,51.25,51.25,121
2025-04-07 19:42:00,51.27,51.48,51.2,51.2,206
2025-04-07 19:43:00,51.0,51.49,51.0,51.49,110
2025-04-07 19:44:00,51.2,51.48,51.2,51.37,334
2025-04-07 19:45:00,51.44,51.44,51.25,51.25,156
2025-04-07 19:46:00,51.445,51.445,51.25,51.3899,77
2025-04-07 19:47:00,51.25,51.35,51.25,51.29,45
2025-04-07 19:48:00,51.29,51.29,51.18,51.29,157
2025-04-07 19:49:00,51.29,51.39,51.22,51.35,1146
2025-04-07 19:50:00,51.35,51.37,51.35,51.37,266
2025-04-07 19:51:00,51.37,51.43,51.35,51.43,74
2025-04-07 19:52:00,51.46,51.47,51.39,51.47,541
2025-04-07 19:53:00,51.43,51.49,51.43,51.49,35
2025-04-07 19:54:00,51.3607,51.5,51.3607,51.5,1356
2025-04-07 19:55:00,51.4052,51.5,51.38,51.38,1106
2025-04-07 19:56:00,51.497,51.5,51.3801,51.5,248
2025-04-07 19:57:00,51.38,51.5,51.38,51.44,1867
2025-04-07 19:58:00,51.47,51.47,51.3755,51.45,2427
2025-04-07 19:59:00,51.4,51.49,51.35,51.35,765
2025-04-08 04:00:00,50.89,51.49,50.58,50.89,656
2025-04-08 04:01:00,51.0,51.49,50.95,51.49,1007
2025-04-08 04:02:00,51.37,51.88,51.37,51.5,110
2025-04-08 04:03:00,51.5,51.94,51.5,51.94,2
2025-04-08 04:04:00,51.67,51.76,51.67,51.75,39
2025-04-08 04:05:00,51.6,51.88,51.6,51.6,168
2025-04-08 04:06:00,51.62,51.9,51.62,51.63,1280
2025-04-08 04:07:00,51.87,51.87,51.5,51.5,1663
2025-04-08 04:08:00,51.6,51.9,51.5,51.9,18
2025-04-08 04:09:00,51.6,51.6,51.6,51.6,60
2025-04-08 04:10:00,51.95,51.95,51.63,51.63,14
2025-04-08 04:11:00,51.6,51.75,51.6,51.6,336
2025-04-08 04:12:00,51.7,51.89,51.5,51.6,450
2025-04-08 04:13:00,51.5,51.5,51.36,51.48,532
2025-04-08 04:14:00,51.36,51.36,51.14,51.14,9
2025-04-08 04:15:00,51.14,51.49,51.07,51.45,160
2025-04-08 04:16:00,51.07,51.07,51.07,51.07,16
2025-04-08 04:17:00,51.07,51.21,51.07,51.21,145
2025-04-08 04:18:00,51.0,51.07,51.0,51.0,134
2025-04-08 04:19:00,51.18,51.18,50.98,50.98,1060
2025-04-08 04:20:00,50.94,50.94,50.94,50.94,2
2025-04-08 04:21:00,50.77,50.94,50.77,50.94,67
2025-04-08 04:23:00,51.0,51.0,50.48,50.5,139
2025-04-08 04:24:00,50.93,50.93,50.8,50.8,3
2025-04-08 04:25:00,50.93,50.99,50.49,50.49,160
2025-04-08 04:27:00,50.48,50.94,50.48,50.94,11
2025-04-08 04:29:00,50.48,50.48,50.23,50.48,111
2025-04-08 04:30:00,50.94,50.94,50.94,50.94,7
2025-04-08 04:33:00,50.94,51.0,50.88,51.0,206
2025-04-08 04:36:00,50.91,50.91,50.91,50.91,1
2025-04-08 04:37:00,50.91,50.91,50.91,50.91,4
2025-04-08 04:38:00,51.0,51.0,51.0,51.0,13
2025-04-08 04:41:00,50.8,50.81,50.8,50.81,50
2025-04-08 04:42:00,50.8,50.81,50.8,50.81,198
2025-04-08 04:43:00,50.75,50.75,50.75,50.75,20
2025-04-08 04:45:00,50.81,50.81,50.62,50.62,106
2025-04-08 04:50:00,50.65,50.65,50.65,50.65,19
2025-04-08 04:51:00,50.65,50.65,50.65,50.65,14
2025-04-08 04:53:00,50.75,50.75,50.67,50.67,35
2025-04-08 04:54:00,50.81,50.81,50.81,50.81,30
2025-04-08 04:55:00,51.0,51.15,50.97,51.15,249
2025-04-08 04:56:00,51.2,51.21,51.2,51.21,233
2025-04-08 04:57:00,51.2,51.21,51.2,51.21,118
2025-04-08 04:58:00,51.2,51.21,51.2,51.21,62
2025-04-08 04:59:00,51.21,51.44,51.21,51.44,727
2025-04-08 05:00:00,51.19,51.19,51.19,51.19,2
2025-04-08 05:01:00,51.49,51.5,51.27,51.27,113
2025-04-08 05:03:00,51.47,51.47,51.47,51.47,8
2025-04-08 05:04:00,51.0,51.0,50.92,51.0,186
2025-04-08 05:07:00,50.94,50.94,50.94,50.94,5
2025-04-08 05:11:00,50.96,50.96,50.96,50.96,3
2025-04-08 05:13:00,50.96,50.96,50.96,50.96,1
2025-04-08 05:15:00,51.21,51.25,51.13,51.13,160
2025-04-08 05:16:00,50.94,51.01,50.94,50.94,1010
2025-04-08 05:17:00,51.28,51.28,51.28,51.28,33
2025-04-08 05:18:00,51.15,51.27,51.15,51.27,55
2025-04-08 05:19:00,50.95,50.95,50.94,50.94,200
2025-04-08 05:20:00,50.94,50.94,50.94,50.94,38
2025-04-08 05:22:00,50.92,50.92,50.92,50.92,3
2025-04-08 05:26:00,50.92,50.92,50.92,50.92,40
2025-04-08 05:28:00,51.0,51.45,50.54,51.45,511
2025-04-08 05:29:00,50.8,50.8,50.8,50.8,1
2025-04-08 05:33:00,50.64,50.64,50.64,50.64,5
2025-04-08 05:35:00,51.0,51.0,51.0,51.0,1
2025-04-08 05:38:00,51.22,51.22,51.22,51.22,8
2025-04-08 05:39:00,51.22,51.38,51.22,51.38,68
2025-04-08 05:41:00,50.87,50.87,50.87,50.87,1
2025-04-08 05:42:00,51.21,51.38,51.15,51.38,46
2025-04-08 05:43:00,51.38,51.38,51.33,51.33,84
2025-04-08 05:44:00,51.33,51.38,51.33,51.33,164
2025-04-08 05:45:00,51.38,51.38,51.33,51.33,87
2025-04-08 05:46:00,51.33,51.33,51.33,51.33,1
2025-04-08 05:47:00,51.02,51.02,51.02,51.02,10
2025-04-08 05:48:00,51.29,51.32,51.29,51.32,118
2025-04-08 05:51:00,51.29,51.29,51.29,51.29,2
2025-04-08 05:55:00,51.27,51.27,51.27,51.27,29
2025-04-08 05:58:00,51.23,51.23,51.23,51.23,1
2025-04-08 05:59:00,51.04,51.04,50.92,50.92,51
2025-04-08 06:01:00,51.16,51.16,51.16,51.16,4
2025-04-08 06:02:00,50.8,50.8,50.78,50.8,477
2025-04-08 06:03:00,50.8,50.8,50.8,50.8,259
2025-04-08 06:04:00,51.13,51.13,51.13,51.13,24
2025-04-08 06:05:00,51.12,51.12,50.66,50.66,44
2025-04-08 06:06:00,50.67,50.67,50.67,50.67,1000
2025-04-08 06:07:00,50.66,50.67,50.66,50.67,128
2025-04-08 06:08:00,50.67,50.68,50.67,50.68,2
2025-04-08 06:09:00,50.67,50.67,50.6,50.67,146
2025-04-08 06:10:00,50.6,50.6,50.6,50.6,32
2025-04-08 06:13:00,50.86,51.02,50.85,50.92,946
2025-04-08 06:21:00,50.67,50.68,50.64,50.64,1136
2025-04-08 06:23:00,50.64,50.64,50.64,50.64,29
2025-04-08 06:24:00,50.65,50.65,50.64,50.64,1000
2025-04-08 06:25:00,50.51,50.51,50.51,50.51,9
2025-04-08 06:26:00,50.64,50.64,50.64,50.64,25
2025-04-08 06:28:00,50.64,50.64,50.64,50.64,32
2025-04-08 06:32:00,50.9,50.9,50.9,50.9,3
2025-04-08 06:33:00,50.64,50.92,50.64,50.92,132
2025-04-08 06:34:00,50.75,51.0,50.75,50.98,108
2025-04-08 06:35:00,50.97,51.0,50.67,51.0,242
2025-04-08 06:38:00,50.98,51.0,50.98,51.0,84
2025-04-08 06:39:00,51.0,51.0,50.99,50.99,27
2025-04-08 06:42:00,50.9,50.95,50.84,50.84,165
2025-04-08 06:43:00,50.76,50.76,50.76,50.76,19
2025-04-08 06:44:00,50.82,50.82,50.78,50.78,120
2025-04-08 06:45:00,50.83,50.95,50.75,50.83,617
2025-04-08 06:47:00,50.93,50.93,50.93,50.93,100
2025-04-08 06:48:00,50.93,50.93,50.93,50.93,3
2025-04-08 06:49:00,50.71,50.93,50.71,50.93,15
2025-04-08 06:53:00,50.93,50.93,50.93,50.93,100
2025-04-08 06:54:00,50.97,50.99,50.97,50.99,738
2025-04-08 06:55:00,50.98,50.98,50.95,50.95,25
2025-04-08 06:56:00,50.81,50.81,50.71,50.76,498
2025-04-08 06:57:00,50.97,50.97,50.97,50.97,100
2025-04-08 06:58:00,50.95,50.95,50.95,50.95,9
2025-04-08 06:59:00,50.95,50.96,50.75,50.96,312
2025-04-08 07:00:00,50.75,51.28,50.75,51.15,5024
2025-04-08 07:01:00,51.23,51.33,51.15,51.33,663
2025-04-08 07:02:00,51.35,51.49,51.3,51.44,1761
2025-04-08 07:03:00,51.23,51.23,51.0,51.0,746
2025-04-08 07:04:00,51.02,51.19,51.0,51.03,1205
2025-04-08 07:05:00,51.17,51.17,51.13,51.17,110
2025-04-08 07:06:00,51.17,51.2,51.15,51.2,176
2025-04-08 07:07:00,51.15,51.18,50.9,50.9,1193
2025-04-08 07:08:00,50.94,50.94,50.94,50.94,362
2025-04-08 07:09:00,50.94,50.94,50.94,50.94,562
2025-04-08 07:10:00,50.94,50.99,50.94,50.99,1547
2025-04-08 07:11:00,50.94,51.14,50.9,51.14,520
2025-04-08 07:12:00,50.99,50.99,50.98,50.99,227
2025-04-08 07:13:00,50.95,51.0,50.95,51.0,1069
2025-04-08 07:14:00,50.99,51.0,50.91,50.91,156
2025-04-08 07:15:00,50.99,51.0,50.99,51.0,217
2025-04-08 07:16:00,50.99,51.11,50.99,50.99,1346
2025-04-08 07:17:00,51.05,51.11,50.99,51.1,870
2025-04-08 07:18:00,51.1,51.23,51.1,51.23,107
2025-04-08 07:19:00,51.2,51.23,51.2,51.23,1030
2025-04-08 07:20:00,51.44,51.45,51.44,51.44,137
2025-04-08 07:21:00,51.42,51.45,51.42,51.43,238
2025-04-08 07:22:00,51.47,51.47,51.42,51.43,25
2025-04-08 07:23:00,51.5,51.5,51.43,51.45,983
2025-04-08 07:24:00,51.45,51.75,51.45,51.75,2157
2025-04-08 07:25:00,51.7,51.7,51.69,51.69,4
2025-04-08 07:26:00,51.68,52.21,51.61,52.01,5472
2025-04-08 07:27:00,52.2,52.38,52.1,52.2,257
2025-04-08 07:28:00,52.2,52.37,52.15,52.37,176
2025-04-08 07:29:00,52.2,52.49,52.2,52.45,578
2025-04-08 07:30:00,52.44,52.6,52.2,52.6,838
2025-04-08 07:31:00,52.8,52.85,52.2,52.49,2783
2025-04-08 07:32:00,52.51,52.97,52.48,52.97,1558
2025-04-08 07:33:00,52.97,53.1,52.67,52.67,5341
2025-04-08 07:34:00,52.67,52.97,52.53,52.97,1516
2025-04-08 07:35:00,52.73,52.73,52.55,52.7,195
2025-04-08 07:36:00,52.95,53.1,52.95,53.0,977
2025-04-08 07:37:00,52.77,52.95,52.7,52.94,3676
2025-04-08 07:38:00,52.95,52.95,52.7,52.75,172
2025-04-08 07:39:00,52.93,53.0,52.9,52.92,799
2025-04-08 07:40:00,53.0,53.0,52.75,53.0,550
2025-04-08 07:42:00,52.97,53.25,52.75,53.01,569
2025-04-08 07:43:00,52.98,53.0,52.9,52.94,968
2025-04-08 07:44:00,52.9,52.9,52.6,52.7,2800
2025-04-08 07:45:00,52.61,52.7,52.3,52.3,1589
2025-04-08 07:46:00,52.44,52.48,52.31,52.48,381
2025-04-08 07:47:00,52.39,52.39,52.2,52.2,1364
2025-04-08 07:48:00,52.1,52.29,52.0,52.29,1950
2025-04-08 07:49:00,52.09,52.32,52.07,52.07,2031
2025-04-08 07:50:00,52.13,52.2,51.7,51.9,8705
2025-04-08 07:51:00,51.9,52.0,51.8,52.0,5726
2025-04-08 07:52:00,52.0,52.0,51.73,52.0,3115
2025-04-08 07:53:00,52.0,52.36,51.91,52.36,1518
2025-04-08 07:54:00,52.0,52.01,51.94,51.97,745
2025-04-08 07:55:00,51.95,52.27,51.95,52.27,589
2025-04-08 07:57:00,52.15,52.4,52.0,52.39,532
2025-04-08 07:58:00,52.39,52.75,52.35,52.51,1755
2025-04-08 07:59:00,52.67,52.73,52.67,52.73,51
2025-04-08 08:00:00,50.989,53.25,49.65,52.21,49691
2025-04-08 08:01:00,50.53,52.6148,50.24,52.58,4793
2025-04-08 08:02:00,52.45,53.0,49.62,52.9,8720
2025-04-08 08:03:00,52.889,53.0,52.6,52.74,6098
2025-04-08 08:04:00,52.6,52.88,52.5,52.84,1308
2025-04-08 08:05:00,52.75,52.789,52.54,52.74,1771
2025-04-08 08:06:00,52.8,52.88,52.66,52.66,3705
2025-04-08 08:07:00,52.65,52.87,52.65,52.87,507
2025-04-08 08:08:00,52.87,53.0,52.65,52.99,5669
2025-04-08 08:09:00,52.97,53.0,52.65,53.0,1768
2025-04-08 08:10:00,52.99,53.0,52.9,53.0,1806
2025-04-08 08:11:00,52.9991,53.0,52.95,52.95,3452
2025-04-08 08:12:00,52.95,52.9993,52.7,52.95,2690
2025-04-08 08:13:00,52.95,52.99,52.77,52.8,495
2025-04-08 08:14:00,52.999,53.0,52.9,52.99,7664
2025-04-08 08:15:00,52.99,52.99,52.76,52.99,590
2025-04-08 08:16:00,52.99,52.99,52.75,52.75,4708
2025-04-08 08:17:00,52.7,52.94,52.55,52.94,1241
2025-04-08 08:18:00,52.89,52.99,52.7,52.75,11804
2025-04-08 08:19:00,52.93,52.9895,52.707,52.9499,668
2025-04-08 08:20:00,52.722,52.93,52.7,52.7005,1353
2025-04-08 08:21:00,52.75,52.95,52.71,52.71,1389
2025-04-08 08:22:00,52.7,52.75,52.65,52.65,2456
2025-04-08 08:23:00,52.7499,52.75,52.65,52.65,4557
2025-04-08 08:24:00,52.67,52.75,52.65,52.65,3003
2025-04-08 08:25:00,52.745,52.75,52.6,52.75,1341
2025-04-08 08:26:00,52.65,52.7099,52.61,52.7099,201
2025-04-08 08:27:00,52.65,52.75,52.65,52.75,838
2025-04-08 08:28:00,52.7,52.75,52.61,52.75,771
2025-04-08 08:29:00,52.61,52.69,52.5,52.56,2314
2025-04-08 08:30:00,52.56,52.56,52.5,52.55,1394
2025-04-08 08:31:00,52.5,52.5599,52.4,52.5599,8595
2025-04-08 08:32:00,52.43,52.74,52.43,52.74,2784
2025-04-08 08:33:00,52.74,52.744,52.43,52.71,807
2025-04-08 08:34:00,52.5,52.7498,52.43,52.51,3582
2025-04-08 08:35:00,52.51,52.74,52.5,52.72,186
2025-04-08 08:36:00,52.55,52.746,52.5,52.51,825
2025-04-08 08:37:00,52.5,52.7,52.5,52.7,196
2025-04-08 08:38:00,52.5509,52.6999,52.55,52.55,255
2025-04-08 08:39:00,52.55,52.55,52.49,52.5,694
2025-04-08 08:40:00,52.5,52.57,52.43,52.55,131
2025-04-08 08:41:00,52.43,52.57,52.17,52.17,2300
2025-04-08 08:42:00,52.39,52.39,52.1114,52.15,1018
2025-04-08 08:43:00,52.3001,52.4,52.3,52.3,85
2025-04-08 08:44:00,52.3,52.4,52.2003,52.3999,14002
2025-04-08 08:45:00,52.25,52.3,52.0101,52.2,1689
2025-04-08 08:46:00,52.15,52.2,52.01,52.1,10629
2025-04-08 08:47:00,52.1,52.1,52.1,52.1,3
2025-04-08 08:48:00,52.1,52.4,52.05,52.25,2193
2025-04-08 08:49:00,52.19,52.22,52.1,52.15,206
2025-04-08 08:50:00,52.15,52.69,52.1,52.1546,2945
2025-04-08 08:51:00,52.28,52.5,52.15,52.4999,413
2025-04-08 08:52:00,52.44,52.5,52.4,52.43,504
2025-04-08 08:53:00,52.5,52.5,52.46,52.46,4643
2025-04-08 08:54:00,52.4482,52.4689,52.4,52.4,1431
2025-04-08 08:55:00,52.4,52.4696,52.35,52.41,359
2025-04-08 08:56:00,52.46,52.46,52.3,52.45,816
2025-04-08 08:57:00,52.3,52.4996,52.3,52.4996,591
2025-04-08 08:58:00,52.5,52.7,52.4,52.7,12424
2025-04-08 08:59:00,52.69,52.7,52.4,52.69,1239
2025-04-08 09:00:00,52.7,52.7,52.51,52.7,374
2025-04-08 09:01:00,52.6,52.74,52.6,52.74,1597
2025-04-08 09:02:00,52.74,52.77,52.5,52.51,3444
2025-04-08 09:03:00,52.5,52.743,52.4,52.68,1153
2025-04-08 09:04:00,52.68,52.77,52.47,52.62,10
2025-04-08 09:05:00,52.4,52.49,52.3,52.3,738
2025-04-08 09:06:00,52.3,52.5,52.3,52.49,1949
2025-04-08 09:07:00,52.49,52.5,52.3,52.49,5374
2025-04-08 09:08:00,52.49,52.5,52.25,52.49,4055
2025-04-08 09:09:00,52.49,52.49,52.39,52.4,2118
2025-04-08 09:10:00,52.4,52.405,52.32,52.4,78
2025-04-08 09:11:00,52.4,52.4,52.2,52.3,1091
2025-04-08 09:12:00,52.25,52.5,52.23,52.4999,4543
2025-04-08 09:13:00,52.5,52.5,52.45,52.45,1042
2025-04-08 09:14:00,52.5,52.5,52.45,52.5,2571
2025-04-08 09:15:00,52.45,52.5,52.3,52.49,5629
2025-04-08 09:16:00,52.49,52.77,52.45,52.77,1022
2025-04-08 09:17:00,52.77,52.79,52.6,52.6,1828
2025-04-08 09:18:00,52.7699,52.7699,52.6012,52.7487,968
2025-04-08 09:19:00,52.7488,52.75,52.41,52.6399,1660
2025-04-08 09:20:00,52.59,52.77,52.5,52.74,5050
2025-04-08 09:21:00,52.7486,52.78,52.7486,52.77,3168
2025-04-08 09:22:00,52.77,52.78,52.75,52.76,6629
2025-04-08 09:23:00,52.76,52.77,52.71,52.71,4524
2025-04-08 09:24:00,52.75,52.99,52.64,52.99,8600
2025-04-08 09:25:00,52.99,53.85,52.99,53.77,9354
2025-04-08 09:26:00,53.77,53.98,53.5,53.74,13716
2025-04-08 09:27:00,53.71,54.4,53.7,54.0,42221
2025-04-08 09:28:00,54.38,54.77,52.75,53.57,32079
2025-04-08 09:29:00,53.97,54.45,53.57,54.45,5909
2025-04-08 09:30:00,54.145,54.45,53.3,53.4226,201453
2025-04-08 09:31:00,53.475,54.03,53.05,53.51,74931
2025-04-08 09:32:00,53.555,54.78,53.4321,54.4479,156255
2025-04-08 09:33:00,54.7,54.8,54.0,54.61,131052
2025-04-08 09:34:00,54.64,54.6974,53.5,53.6053,116070
2025-04-08 09:35:00,53.645,54.48,53.5,54.195,108151
2025-04-08 09:36:00,54.2329,54.3708,53.05,53.15,94760
2025-04-08 09:37:00,53.0501,53.77,52.3,52.5001,156775
2025-04-08 09:38:00,52.565,52.6371,52.25,52.4,71582
2025-04-08 09:39:00,52.37,52.7241,51.8,52.4354,90218
2025-04-08 09:40:00,52.4242,52.46,51.6013,52.185,103268
2025-04-08 09:41:00,52.15,52.75,51.97,52.428,65725
2025-04-08 09:42:00,52.4485,52.9376,52.375,52.795,41977
2025-04-08 09:43:00,52.78,53.1876,52.67,53.1418,61200
2025-04-08 09:44:00,53.0002,53.35,52.98,53.175,55130
2025-04-08 09:45:00,53.115,53.43,52.3,52.82,88964
2025-04-08 09:46:00,52.9899,52.99,52.5,52.9494,40446
2025-04-08 09:47:00,52.865,52.99,52.3,52.79,82846
2025-04-08 09:48:00,52.761,52.81,52.2011,52.415,26147
2025-04-08 09:49:00,52.23,52.76,52.16,52.435,29334
2025-04-08 09:50:00,52.287,52.54,52.1,52.135,36454
2025-04-08 09:51:00,52.1008,52.5,52.1,52.24,42114
2025-04-08 09:52:00,52.225,52.73,52.225,52.66,28757
2025-04-08 09:53:00,52.72,52.95,52.6242,52.699,32292
2025-04-08 09:54:00,52.67,52.78,52.15,52.3975,20929
2025-04-08 09:55:00,52.33,52.7,52.19,52.59,18410
2025-04-08 09:56:00,52.59,52.64,52.2,52.3807,25989
2025-04-08 09:57:00,52.2187,52.25,51.5,51.8837,107345
2025-04-08 09:58:00,51.8933,52.1,51.56,52.0,44945
2025-04-08 09:59:00,52.1,52.5,51.88,52.1,54079
2025-04-08 10:00:00,52.1,52.2646,51.9483,52.08,32294
2025-04-08 10:01:00,52.0,52.24,51.75,51.79,43058
2025-04-08 10:02:00,51.855,51.9999,51.655,51.95,25706
2025-04-08 10:03:00,51.98,52.1,51.51,51.765,52392
2025-04-08 10:04:00,52.045,52.045,51.5,51.66,57660
2025-04-08 10:05:00,51.66,52.18,51.55,52.0338,31374
2025-04-08 10:06:00,52.18,52.298,51.9301,51.965,44583
2025-04-08 10:07:00,52.0,52.05,51.68,51.82,28027
2025-04-08 10:08:00,51.83,51.9895,51.67,51.7661,23184
2025-04-08 10:09:00,51.835,52.0013,51.68,51.9899,29856
2025-04-08 10:10:00,51.99,52.15,51.7501,51.99,52700
2025-04-08 10:11:00,51.87,52.0,51.82,51.9216,11934
2025-04-08 10:12:00,51.9,52.2,51.8,52.0401,39317
2025-04-08 10:13:00,52.12,52.3,52.0,52.09,39119
2025-04-08 10:14:00,52.1,52.25,52.0,52.25,28240
2025-04-08 10:15:00,52.3,52.6787,52.1301,52.6,45092
2025-04-08 10:16:00,52.67,52.77,52.32,52.3913,42009
2025-04-08 10:17:00,52.365,52.58,52.33,52.4,34196
2025-04-08 10:18:00,52.436,52.4566,52.0101,52.22,20977
2025-04-08 10:19:00,52.2001,52.4668,52.15,52.3116,17479
2025-04-08 10:20:00,52.15,52.3599,52.11,52.2886,16807
2025-04-08 10:21:00,52.275,52.4799,52.15,52.2877,26427
2025-04-08 10:22:00,52.1301,52.37,52.1301,52.18,18897
2025-04-08 10:23:00,52.19,52.31,52.039,52.1387,27964
2025-04-08 10:24:00,52.3321,52.3321,52.13,52.2152,17044
2025-04-08 10:25:00,52.27,52.32,51.88,52.04,73388
2025-04-08 10:26:00,51.8904,52.0,51.7,51.7,30192
2025-04-08 10:27:00,51.8,52.14,51.74,52.095,26142
2025-04-08 10:28:00,52.06,52.1299,51.76,52.095,23379
2025-04-08 10:29:00,52.0217,52.1311,51.8122,51.8122,18713
2025-04-08 10:30:00,51.8,51.85,51.7,51.745,14747
2025-04-08 10:31:00,51.745,51.745,51.36,51.425,45290
2025-04-08 10:32:00,51.4746,51.4746,51.13,51.245,91845
2025-04-08 10:33:00,51.23,51.4,51.13,51.2106,42455
2025-04-08 10:34:00,51.205,51.2099,50.6601,50.845,75314
2025-04-08 10:35:00,50.89,51.2499,50.8,50.94,47136
2025-04-08 10:36:00,51.01,51.08,50.9501,51.0285,19160
2025-04-08 10:37:00,51.05,51.35,51.0384,51.165,37615
2025-04-08 10:38:00,51.16,51.225,51.1,51.225,14883
2025-04-08 10:39:00,51.225,51.392,51.18,51.25,26432
2025-04-08 10:40:00,51.25,51.3,51.13,51.1941,19112
2025-04-08 10:41:00,51.13,51.2983,51.13,51.19,12248
2025-04-08 10:42:00,51.13,51.19,51.07,51.18,33446
2025-04-08 10:43:00,51.125,51.2977,51.07,51.07,6495
2025-04-08 10:44:00,51.095,51.12,50.545,50.545,47730
2025-04-08 10:45:00,50.54,50.54,50.032,50.07,85627
2025-04-08 10:46:00,50.065,50.11,49.4401,49.48,105180
2025-04-08 10:47:00,49.44,49.68,49.33,49.57,66325
2025-04-08 10:48:00,49.5912,49.595,49.07,49.569,72090
2025-04-08 10:49:00,49.377,49.8189,49.1623,49.2003,30189
2025-04-08 10:50:00,49.2006,49.2817,48.61,48.8299,56524
2025-04-08 10:51:00,48.71,49.16,48.3701,48.5182,81491
2025-04-08 10:52:00,48.43,48.49,48.05,48.25,97631
2025-04-08 10:53:00,48.2789,48.37,48.11,48.3695,43916
2025-04-08 10:54:00,48.345,48.78,48.32,48.6841,58902
2025-04-08 10:55:00,48.55,48.6794,48.32,48.5499,37212
2025-04-08 10:56:00,48.475,48.55,48.26,48.4501,43347
2025-04-08 10:57:00,48.47,48.74,48.45,48.67,43436
2025-04-08 10:58:00,48.67,48.72,48.45,48.63,34555
2025-04-08 10:59:00,48.63,48.9153,48.5416,48.6509,32958
2025-04-08 11:00:00,48.6459,48.8418,48.5101,48.59,24598
2025-04-08 11:01:00,48.61,48.7999,48.5,48.7926,33382
2025-04-08 11:02:00,48.745,48.94,48.69,48.84,36761
2025-04-08 11:03:00,48.875,48.8937,48.5391,48.68,38238
2025-04-08 11:04:00,48.75,48.8,48.65,48.72,20412
