Datetime,Open,High,Low,Close,Volume
2025-01-02 04:00:00,589.5400,590.0000,588.1400,590.0000,121
2025-01-02 04:01:00,589.9500,591.2000,589.9500,590.1200,117
2025-01-02 04:02:00,590.6900,590.8500,589.9900,590.1400,149
2025-01-02 04:03:00,590.1700,590.8800,590.1300,590.7600,86
2025-01-02 04:04:00,590.9300,590.9300,590.1900,590.9100,36
2025-01-02 04:05:00,590.2200,593.0000,590.2200,592.6100,1674
2025-01-02 04:06:00,592.4400,593.3800,592.4400,593.3800,338
2025-01-02 04:07:00,592.7900,593.2500,591.7300,592.9500,1487
2025-01-02 04:08:00,593.3700,593.5500,593.2500,593.5400,349
2025-01-02 04:09:00,592.7200,592.8400,592.7200,592.8400,7
2025-01-02 04:10:00,593.4400,593.5400,592.9600,593.0000,252
2025-01-02 04:11:00,592.7000,593.1400,592.5200,593.0900,628
2025-01-02 04:12:00,593.1400,593.4300,593.1200,593.4300,58
2025-01-02 04:13:00,593.0400,593.3100,592.9100,593.3100,242
2025-01-02 04:14:00,593.2900,593.4400,593.1700,593.1700,88
2025-01-02 04:15:00,593.1700,593.4400,593.1700,593.4400,96
2025-01-02 04:16:00,593.4200,593.5100,593.4200,593.5100,64
2025-01-02 04:17:00,593.4000,593.5700,593.3900,593.5700,598
2025-01-02 04:18:00,593.6500,593.6900,593.6500,593.6600,53
2025-01-02 04:19:00,593.6000,593.6000,593.6000,593.6000,1
2025-01-02 04:20:00,593.6900,593.8800,593.6000,593.6200,409
2025-01-02 04:21:00,593.8300,593.8700,593.7300,593.8300,86
2025-01-02 04:22:00,593.4900,593.6200,593.4900,593.6200,37
2025-01-02 04:23:00,593.6100,593.8100,593.6100,593.6100,29
2025-01-02 04:24:00,593.7600,593.7600,593.1700,593.4000,385
2025-01-02 04:25:00,593.5300,593.6500,593.5000,593.6500,12
2025-01-02 04:26:00,593.0900,593.4300,593.0700,593.3600,125
2025-01-02 04:27:00,593.4100,593.5800,593.0000,593.4300,87
2025-01-02 04:28:00,593.0000,593.4300,592.8700,593.0000,124
2025-01-02 04:29:00,593.0200,593.0200,593.0200,593.0200,2
2025-01-02 04:30:00,593.4000,593.4000,593.0500,593.0500,3
2025-01-02 04:31:00,593.0000,593.4000,593.0000,593.4000,25
2025-01-02 04:32:00,593.3900,593.4000,593.3900,593.4000,3
2025-01-02 04:33:00,593.1000,593.1000,593.0000,593.0000,50
2025-01-02 04:34:00,593.3800,593.3800,593.3600,593.3800,6
2025-01-02 04:35:00,593.4000,593.4000,593.3000,593.3000,52
2025-01-02 04:36:00,593.1000,593.2700,593.1000,593.1000,35
2025-01-02 04:37:00,593.1500,593.1500,592.5900,592.5900,210
2025-01-02 04:38:00,592.8400,593.0500,592.7800,592.7800,230
2025-01-02 04:39:00,592.7600,592.8700,592.5300,592.8700,343
2025-01-02 04:40:00,592.8500,592.9200,592.8200,592.9200,39
2025-01-02 04:41:00,592.7400,592.7400,592.7300,592.7300,26
2025-01-02 04:42:00,592.7300,592.7400,592.5300,592.7400,79
2025-01-02 04:43:00,592.6000,592.8500,592.6000,592.8500,57
2025-01-02 04:44:00,592.8900,593.0000,592.7500,592.8600,352
2025-01-02 04:45:00,592.9200,592.9200,592.9200,592.9200,3
2025-01-02 04:46:00,592.7700,592.8000,592.7100,592.7700,77
2025-01-02 04:47:00,592.7700,592.8500,592.6800,592.7700,20
2025-01-02 04:48:00,592.7500,592.7500,592.6800,592.6800,74
2025-01-02 04:49:00,592.6800,592.7000,592.6800,592.7000,49
2025-01-02 04:50:00,592.6000,592.6900,592.6000,592.6900,30
2025-01-02 04:51:00,592.6800,592.6900,592.6000,592.6900,287
2025-01-02 04:52:00,592.6800,592.6900,592.6800,592.6800,96
2025-01-02 04:53:00,592.6500,592.7200,592.5600,592.5600,55
2025-01-02 04:54:00,592.5200,592.6400,592.5200,592.5700,110
2025-01-02 04:55:00,592.6300,592.7300,592.0300,592.0300,800
2025-01-02 04:56:00,592.3800,592.5500,592.3800,592.5000,61
2025-01-02 04:57:00,592.4600,592.4600,592.4400,592.4400,9
2025-01-02 04:58:00,592.3800,592.3800,591.8000,591.8000,686
2025-01-02 04:59:00,592.3000,592.4500,592.0100,592.4500,6
2025-01-02 05:00:00,592.1300,592.1300,592.1300,592.1300,2
2025-01-02 05:01:00,592.4500,592.5100,592.0300,592.0500,214
2025-01-02 05:02:00,592.0700,592.4000,592.0700,592.4000,53
2025-01-02 05:03:00,592.1000,592.1000,592.1000,592.1000,18
2025-01-02 05:04:00,592.3800,592.5300,592.3600,592.5300,58
2025-01-02 05:05:00,592.4000,592.4000,592.1600,592.1600,10
2025-01-02 05:06:00,592.1600,592.1600,592.1600,592.1600,10
2025-01-02 05:07:00,592.1800,592.1800,591.9700,591.9800,1061
2025-01-02 05:08:00,591.9800,592.0000,591.8100,591.8100,628
2025-01-02 05:09:00,591.8000,591.8000,591.5400,591.7200,150
2025-01-02 05:10:00,591.7700,591.7700,591.4800,591.5000,49
2025-01-02 05:11:00,591.5000,591.5500,591.3100,591.5500,130
2025-01-02 05:12:00,591.5800,591.5800,591.3600,591.3600,39
2025-01-02 05:13:00,591.3500,591.3500,591.3000,591.3100,472
2025-01-02 05:14:00,591.2800,591.2800,590.5000,590.7900,775
2025-01-02 05:15:00,590.7900,590.7900,590.7000,590.7900,129
2025-01-02 05:16:00,590.4500,590.6000,590.4500,590.6000,48
2025-01-02 05:17:00,590.5800,590.7000,590.5000,590.7000,40
2025-01-02 05:18:00,590.8000,591.2300,590.8000,590.9500,323
2025-01-02 05:19:00,591.0200,591.0200,591.0200,591.0200,19
2025-01-02 05:20:00,591.5000,591.5000,590.6400,590.6400,122
2025-01-02 05:21:00,590.8000,590.8000,590.7000,590.7000,14
2025-01-02 05:22:00,591.3800,591.3800,591.3700,591.3700,21
2025-01-02 05:23:00,591.2500,591.7500,591.2500,591.4800,515
2025-01-02 05:24:00,591.4800,591.7000,591.4800,591.7000,71
2025-01-02 05:25:00,591.6900,591.6900,591.6900,591.6900,2
2025-01-02 05:26:00,591.6900,592.0000,591.6900,592.0000,54
2025-01-02 05:27:00,592.0000,592.3900,591.7100,592.1100,63
2025-01-02 05:28:00,592.0000,592.3900,592.0000,592.3400,6
2025-01-02 05:29:00,592.3400,592.3400,592.3400,592.3400,1
2025-01-02 05:30:00,592.0200,592.0200,591.3500,591.6900,375
2025-01-02 05:32:00,591.4400,591.5700,591.3200,591.5700,105
2025-01-02 05:34:00,591.5900,591.5900,591.5900,591.5900,19
2025-01-02 05:35:00,591.5900,592.3100,591.5900,592.0400,416
2025-01-02 05:36:00,592.4000,592.4000,592.4000,592.4000,11
2025-01-02 05:37:00,592.3900,592.4000,592.3900,592.4000,15
2025-01-02 05:39:00,592.0600,592.0600,592.0500,592.0500,10
2025-01-02 05:40:00,592.2000,592.2000,592.2000,592.2000,1
2025-01-02 05:41:00,592.0600,592.0700,591.9700,591.9700,34
2025-01-02 05:43:00,591.9100,591.9100,591.9100,591.9100,2
2025-01-02 05:45:00,591.8800,591.8800,591.7200,591.7200,2
2025-01-02 05:46:00,591.8100,591.8100,591.8000,591.8000,63
2025-01-02 05:47:00,591.9100,591.9100,591.8500,591.8500,12
2025-01-02 05:48:00,591.7000,591.9500,591.6800,591.6900,87
2025-01-02 05:50:00,591.8500,591.8500,591.8200,591.8300,5
2025-01-02 05:51:00,591.6700,591.7200,591.6700,591.7000,137
2025-01-02 05:52:00,591.7000,591.7300,591.5800,591.5800,52
2025-01-02 05:53:00,591.5800,591.7100,591.5800,591.7100,15
2025-01-02 05:54:00,591.6800,591.7300,591.6800,591.7300,14
2025-01-02 05:55:00,591.7100,591.7300,591.4800,591.4800,1055
2025-01-02 05:56:00,591.6700,591.6700,591.6700,591.6700,2
2025-01-02 05:57:00,591.5000,591.7400,591.4900,591.7400,59
2025-01-02 05:58:00,591.7900,591.7900,591.7800,591.7800,17
2025-01-02 05:59:00,591.7400,591.7400,591.7100,591.7100,35
2025-01-02 06:00:00,591.6400,591.7000,591.6400,591.6500,75
2025-01-02 06:01:00,591.5800,591.5800,591.5000,591.5100,30
2025-01-02 06:02:00,591.4400,591.5000,591.4400,591.5000,2
2025-01-02 06:03:00,591.4500,591.5100,591.4500,591.5100,44
2025-01-02 06:04:00,591.6500,591.6500,591.6500,591.6500,4
2025-01-02 06:05:00,591.6300,591.6300,591.5300,591.5300,2
2025-01-02 06:07:00,591.5100,591.5800,591.4700,591.5000,35
2025-01-02 06:09:00,591.5000,591.5000,591.4600,591.4600,4
2025-01-02 06:10:00,591.7300,591.7900,591.7300,591.7800,104
2025-01-02 06:11:00,591.8500,591.8800,591.8300,591.8800,85
2025-01-02 06:12:00,591.8300,591.8800,591.7500,591.7500,33
2025-01-02 06:13:00,591.8800,591.8800,591.6400,591.6400,429
2025-01-02 06:14:00,591.8800,591.8800,591.8800,591.8800,48
2025-01-02 06:15:00,591.6300,591.6500,591.6300,591.6500,101
2025-01-02 06:16:00,591.6700,591.7000,591.6700,591.7000,82
2025-01-02 06:17:00,591.6900,591.6900,591.6900,591.6900,10
2025-01-02 06:18:00,591.7300,591.7300,591.7300,591.7300,2
2025-01-02 06:19:00,591.7300,591.7300,591.7300,591.7300,3
2025-01-02 06:20:00,591.7300,591.7300,591.7300,591.7300,3
2025-01-02 06:21:00,591.7300,591.8800,591.7300,591.7300,33
2025-01-02 06:22:00,591.8500,591.8800,591.8500,591.8800,15
2025-01-02 06:23:00,591.8800,591.8800,591.8800,591.8800,575
2025-01-02 06:24:00,591.8800,591.9000,591.8500,591.9000,204
2025-01-02 06:25:00,591.9000,591.9000,591.8500,591.8500,4
2025-01-02 06:26:00,591.9600,591.9700,591.8800,591.8800,90
2025-01-02 06:27:00,591.8800,591.8900,591.8500,591.8500,79
2025-01-02 06:28:00,591.8800,591.8800,591.8800,591.8800,10
2025-01-02 06:29:00,591.8800,591.9700,591.8800,591.9100,4
2025-01-02 06:30:00,591.8800,591.8800,591.3000,591.4900,695
2025-01-02 06:31:00,591.4600,591.4800,591.4600,591.4800,11
2025-01-02 06:32:00,591.3600,591.5600,591.3600,591.4700,8
2025-01-02 06:33:00,591.4600,591.4600,591.4600,591.4600,1
2025-01-02 06:34:00,591.3200,591.4600,591.3000,591.4600,73
2025-01-02 06:35:00,591.4300,591.4600,591.4300,591.4300,50
2025-01-02 06:36:00,591.3900,591.4200,591.3900,591.4200,41
2025-01-02 06:37:00,591.3900,591.6000,591.3900,591.5200,87
2025-01-02 06:39:00,591.5900,591.6100,591.5900,591.6100,15
2025-01-02 06:40:00,591.6500,591.6500,591.6400,591.6400,23
2025-01-02 06:41:00,591.6000,591.7700,591.6000,591.7700,407
2025-01-02 06:42:00,591.8500,591.8500,591.8500,591.8500,2
2025-01-02 06:43:00,591.8500,591.9400,591.6900,591.7000,329
2025-01-02 06:44:00,591.9000,592.0000,591.8800,591.8800,51
2025-01-02 06:45:00,591.8800,592.0100,591.7200,592.0000,47
2025-01-02 06:46:00,592.0300,592.0300,592.0300,592.0300,321
2025-01-02 06:47:00,592.0300,592.6500,592.0300,592.6500,410
2025-01-02 06:48:00,592.5700,592.8900,592.5700,592.8900,87
2025-01-02 06:49:00,592.8000,592.8000,592.7900,592.7900,67
2025-01-02 06:50:00,592.7500,592.7500,592.6800,592.6800,24
2025-01-02 06:51:00,592.7100,592.7400,592.6800,592.7000,56
2025-01-02 06:52:00,592.6800,592.7200,592.6800,592.6900,20
2025-01-02 06:53:00,592.7000,592.7200,592.7000,592.7200,105
2025-01-02 06:54:00,592.8600,592.8600,592.8600,592.8600,10
2025-01-02 06:55:00,592.8400,592.8400,592.8400,592.8400,5
2025-01-02 06:56:00,592.8600,593.2900,592.8500,593.2900,806
2025-01-02 06:57:00,592.9700,593.4000,592.9700,593.3300,58
2025-01-02 06:58:00,593.4000,593.4200,593.4000,593.4200,21
2025-01-02 06:59:00,593.4000,593.5800,593.4000,593.5500,178
2025-01-02 07:00:00,593.4300,593.5600,592.6100,592.6200,6188
2025-01-02 07:01:00,592.5900,593.2700,592.5900,592.9700,249
2025-01-02 07:02:00,592.7400,593.0300,592.7300,593.0300,202
2025-01-02 07:03:00,592.9000,593.1100,592.4100,592.4100,1232
2025-01-02 07:04:00,592.3000,592.8200,592.3000,592.8200,608
2025-01-02 07:05:00,592.7100,592.8700,592.5500,592.6400,105
2025-01-02 07:06:00,592.7500,592.7500,592.3900,592.7100,256
2025-01-02 07:07:00,592.7600,592.7600,592.5400,592.6000,73
2025-01-02 07:08:00,592.6800,592.7600,592.5200,592.5200,435
2025-01-02 07:09:00,592.5000,593.4700,592.5000,593.1300,698
2025-01-02 07:10:00,593.1700,593.4800,593.1500,593.4500,178
2025-01-02 07:11:00,593.3700,593.3800,593.1400,593.2500,16
2025-01-02 07:12:00,593.3900,593.5000,593.2500,593.5000,173
2025-01-02 07:13:00,593.4000,593.6700,593.4000,593.6700,621
2025-01-02 07:14:00,593.6000,593.7400,593.5800,593.5800,176
2025-01-02 07:15:00,593.7000,593.7000,593.5100,593.6400,127
2025-01-02 07:16:00,593.7000,593.9600,593.5400,593.5400,437
2025-01-02 07:17:00,593.5800,593.5800,593.4000,593.4700,70
2025-01-02 07:18:00,593.4000,593.4000,593.0800,593.2500,1075
2025-01-02 07:19:00,593.2900,593.4500,593.2900,593.3200,218
2025-01-02 07:20:00,593.3000,593.5700,593.1900,593.5700,27
2025-01-02 07:21:00,593.5000,593.5100,593.5000,593.5100,293
2025-01-02 07:22:00,593.5000,593.5700,593.5000,593.5700,262
2025-01-02 07:23:00,593.6400,593.7700,593.5800,593.7700,62
2025-01-02 07:24:00,593.6100,593.7700,593.5800,593.7700,118
2025-01-02 07:25:00,593.7700,593.7800,593.4000,593.4000,178
2025-01-02 07:26:00,593.6000,593.6700,593.4100,593.4500,626
2025-01-02 07:27:00,593.4700,593.4700,593.3400,593.4000,265
2025-01-02 07:28:00,593.4900,593.5200,593.4900,593.5200,359
2025-01-02 07:29:00,593.5500,593.6200,593.5300,593.6000,131
2025-01-02 07:30:00,593.6100,593.8600,593.5500,593.8000,867
2025-01-02 07:31:00,593.8400,593.9500,593.7300,593.8300,280
2025-01-02 07:32:00,593.9000,593.9600,593.2100,593.4300,1556
2025-01-02 07:33:00,593.3900,593.4500,593.0000,593.0000,349
2025-01-02 07:34:00,593.2200,593.4300,593.1800,593.1800,132
2025-01-02 07:35:00,593.2000,593.4100,593.2000,593.4100,67
2025-01-02 07:36:00,593.4000,593.4000,593.2500,593.2500,34
2025-01-02 07:37:00,593.4000,593.5000,593.2200,593.2200,211
2025-01-02 07:38:00,593.2200,593.2200,593.0000,593.2200,318
2025-01-02 07:39:00,593.3400,593.4600,593.0100,593.2000,709
2025-01-02 07:40:00,593.3400,593.4600,593.3400,593.4000,6
2025-01-02 07:41:00,593.1900,593.4000,593.1100,593.1100,221
2025-01-02 07:42:00,593.2500,593.3200,593.0300,593.0300,85
2025-01-02 07:43:00,593.2300,593.2800,592.8900,592.9300,1075
2025-01-02 07:44:00,593.3400,593.3400,592.9500,593.0000,69
2025-01-02 07:45:00,593.0000,593.3100,593.0000,593.3100,328
2025-01-02 07:46:00,593.3100,593.3500,592.8600,592.8600,2350
2025-01-02 07:47:00,592.8100,593.2400,592.7000,593.2400,151
2025-01-02 07:48:00,593.0100,593.2200,592.6200,593.2200,559
2025-01-02 07:49:00,592.7500,592.7500,592.2600,592.2600,1847
2025-01-02 07:50:00,592.4100,592.5000,592.2400,592.4700,148
2025-01-02 07:51:00,592.4600,592.4600,591.5500,591.5800,2008
2025-01-02 07:52:00,591.5200,591.9400,591.2700,591.7400,290
2025-01-02 07:53:00,591.9100,592.3400,591.9000,592.3400,559
2025-01-02 07:54:00,592.3200,592.5400,592.3200,592.3500,63
2025-01-02 07:55:00,592.3400,592.3400,591.7400,591.9900,849
2025-01-02 07:56:00,592.1500,592.3100,591.9900,591.9900,143
2025-01-02 07:57:00,592.0000,592.0900,591.9500,591.9500,541
2025-01-02 07:58:00,592.3400,592.4600,592.3400,592.3900,21
2025-01-02 07:59:00,592.3100,592.3800,592.1400,592.1400,81
2025-01-02 08:00:00,589.3212,594.0000,585.5100,591.7000,14729
2025-01-02 08:01:00,592.1050,593.7550,590.1100,592.3000,242
2025-01-02 08:02:00,592.4300,592.5000,585.5100,592.5000,774
2025-01-02 08:03:00,592.4700,592.7000,592.4300,592.4300,283
2025-01-02 08:04:00,592.4500,592.6999,585.5100,592.3250,4603
2025-01-02 08:05:00,592.3500,592.7000,592.1637,592.4250,868
2025-01-02 08:06:00,592.5900,592.7000,592.4200,592.5900,191
2025-01-02 08:07:00,592.1925,592.7000,592.1925,592.5400,211
2025-01-02 08:08:00,592.4500,592.5900,592.1500,592.5000,382
2025-01-02 08:09:00,592.5900,592.5900,592.1547,592.4500,696
2025-01-02 08:10:00,592.4300,592.5000,592.3250,592.3250,79
2025-01-02 08:11:00,592.3000,592.4900,592.3000,592.4600,99
2025-01-02 08:12:00,592.3250,592.6200,592.3068,592.3068,239
2025-01-02 08:13:00,592.6000,592.7400,592.5000,592.7400,148
2025-01-02 08:14:00,592.7400,592.7700,592.6900,592.7500,795
2025-01-02 08:15:00,592.7500,593.2200,592.7200,593.2200,133
2025-01-02 08:16:00,592.8100,593.2100,592.5000,593.0000,1271
2025-01-02 08:17:00,592.7400,592.9800,592.5000,592.7400,17
2025-01-02 08:18:00,592.7600,592.7600,592.1500,592.5001,2044
2025-01-02 08:19:00,592.6400,592.8900,592.3800,592.3800,145
2025-01-02 08:20:00,592.7200,592.9100,592.4400,592.4400,1544
2025-01-02 08:21:00,592.6200,592.8800,592.3100,592.4400,107
2025-01-02 08:22:00,592.4400,592.5400,585.5100,592.5300,359
2025-01-02 08:23:00,592.3000,592.5300,592.1500,592.3150,41
2025-01-02 08:24:00,592.3150,592.4800,592.2500,592.2500,248
2025-01-02 08:25:00,592.2500,592.3400,591.6800,591.7390,1313
2025-01-02 08:26:00,592.2900,592.2900,592.0000,592.0000,112
2025-01-02 08:27:00,592.2500,592.2500,591.7500,591.7500,74
2025-01-02 08:28:00,592.1000,592.2500,592.0300,592.0800,624
2025-01-02 08:29:00,592.0000,592.2500,592.0000,592.2500,314
2025-01-02 08:30:00,592.2300,592.5000,591.7200,592.1300,1679
2025-01-02 08:31:00,592.4400,592.7000,591.9100,591.9500,1524
2025-01-02 08:32:00,592.1600,592.7300,592.1600,592.7300,347
2025-01-02 08:33:00,592.1600,592.6700,592.0000,592.1600,1266
2025-01-02 08:34:00,592.1600,592.7267,592.0000,592.5400,128
2025-01-02 08:35:00,592.5600,592.6000,592.0200,592.0200,176
2025-01-02 08:36:00,592.2500,592.6000,592.2000,592.3900,425
2025-01-02 08:37:00,592.2100,592.5750,592.0300,592.5750,1168
2025-01-02 08:38:00,592.5000,592.9000,592.4100,592.6700,773
2025-01-02 08:39:00,592.4210,593.4300,592.4210,593.2000,761
2025-01-02 08:40:00,593.2150,593.4010,592.9968,593.1750,971
2025-01-02 08:41:00,593.2300,593.4160,593.1500,593.1510,909
2025-01-02 08:42:00,593.2500,593.3900,593.1950,593.1950,460
2025-01-02 08:43:00,593.2100,593.3900,593.1867,593.2000,204
2025-01-02 08:44:00,593.2500,593.3900,593.2500,593.3900,444
2025-01-02 08:45:00,593.3900,593.3900,593.0900,593.0900,329
2025-01-02 08:46:00,593.1950,593.2300,592.2500,592.8050,692
2025-01-02 08:47:00,593.3100,593.3900,592.8200,593.1700,28
2025-01-02 08:48:00,592.9400,593.3700,592.9000,592.9000,322
2025-01-02 08:49:00,593.0300,593.2200,592.9700,593.1350,91
2025-01-02 08:50:00,593.1350,593.3200,592.4700,593.3100,780
2025-01-02 08:51:00,592.9600,593.2800,592.7700,592.9600,85
2025-01-02 08:52:00,592.8650,593.2300,592.7400,593.0000,223
2025-01-02 08:53:00,593.1996,593.2000,592.7000,592.8150,633
2025-01-02 08:54:00,593.0000,593.3700,592.6700,593.0000,590
2025-01-02 08:55:00,593.1000,593.3700,592.9200,593.3700,174
2025-01-02 08:56:00,593.3700,593.3900,592.9700,593.1400,2475
2025-01-02 08:57:00,592.8400,593.3000,592.8400,593.3000,443
2025-01-02 08:58:00,593.3000,593.4300,592.8900,593.0400,528
2025-01-02 08:59:00,593.1050,593.3900,592.7800,593.0000,1048
2025-01-02 09:00:00,593.2100,593.4200,592.8000,592.9100,1891
2025-01-02 09:01:00,592.8100,593.0200,592.3300,592.5800,913
2025-01-02 09:02:00,592.5650,593.0200,592.5000,593.0100,911
2025-01-02 09:03:00,592.8700,592.9333,592.4000,592.4700,1354
2025-01-02 09:04:00,592.9000,593.0200,592.2000,592.5300,2491
2025-01-02 09:05:00,592.5200,593.0000,592.3800,592.8800,919
2025-01-02 09:06:00,592.8500,593.4300,592.8100,593.1850,2773
2025-01-02 09:07:00,593.4300,593.4300,593.0100,593.1700,123
2025-01-02 09:08:00,593.0101,593.4300,592.9400,592.9400,559
2025-01-02 09:09:00,593.1100,593.4300,592.9400,593.2200,749
2025-01-02 09:10:00,593.4300,593.4300,592.9400,593.1850,261
2025-01-02 09:11:00,593.2200,593.4100,592.9400,593.1000,917
2025-01-02 09:12:00,593.0600,593.3900,593.0000,593.1900,1409
2025-01-02 09:13:00,593.0000,593.4800,593.0000,593.4300,5430
2025-01-02 09:14:00,593.4500,593.5600,593.3900,593.4000,1154
2025-01-02 09:15:00,593.4000,593.5100,593.2350,593.2350,1841
2025-01-02 09:16:00,593.0000,593.4700,593.0000,593.4000,560
2025-01-02 09:17:00,593.2100,593.7500,593.2100,593.5500,2230
2025-01-02 09:18:00,593.4300,593.8500,593.0000,593.4800,1421
2025-01-02 09:19:00,593.3750,593.7400,593.0201,593.4750,1870
2025-01-02 09:20:00,593.4300,593.7199,593.2000,593.4000,66
2025-01-02 09:21:00,593.3850,593.7500,593.0300,593.4250,724
2025-01-02 09:22:00,593.4900,593.7500,593.1000,593.2100,3385
2025-01-02 09:23:00,593.2000,593.4900,593.2000,593.4800,667
2025-01-02 09:24:00,593.3200,593.4900,593.2550,593.4300,964
2025-01-02 09:25:00,593.3000,593.4900,593.0200,593.4800,860
2025-01-02 09:26:00,593.3500,593.8800,593.0200,593.7500,1020
2025-01-02 09:27:00,593.3750,593.7100,590.0000,590.5100,4958
2025-01-02 09:28:00,588.9600,590.3000,588.5500,589.6850,6680
2025-01-02 09:29:00,589.6700,589.9000,588.4500,588.8500,8732
2025-01-02 09:30:00,589.7200,592.9000,589.1100,592.8700,209802
2025-01-02 09:31:00,592.7250,592.9450,590.9500,592.6200,36859
2025-01-02 09:32:00,592.8200,593.5400,592.1425,592.9600,47969
2025-01-02 09:33:00,592.9000,592.9000,590.4800,590.4997,53483
2025-01-02 09:34:00,590.7200,591.2000,589.7701,589.9300,31812
2025-01-02 09:35:00,590.1882,590.1882,588.9255,589.1800,38157
2025-01-02 09:36:00,588.9700,589.4145,588.0800,588.2570,58105
2025-01-02 09:37:00,588.1250,589.1500,587.8200,588.8600,36613
2025-01-02 09:38:00,588.6000,589.7000,588.5300,589.6750,81319
2025-01-02 09:39:00,589.5300,589.7200,588.0000,588.2000,37673
2025-01-02 09:40:00,588.4100,590.4300,588.4100,589.3550,46979
2025-01-02 09:41:00,589.3850,589.9000,588.7900,589.3000,25640
2025-01-02 09:42:00,589.0150,589.9599,588.4200,589.7900,40252
2025-01-02 09:43:00,589.6550,590.2499,589.0000,589.0000,46616
2025-01-02 09:44:00,588.8000,590.2800,588.7600,590.1400,30045
2025-01-02 09:45:00,590.1800,591.5000,589.8900,590.7100,42063
2025-01-02 09:46:00,590.7050,591.7596,590.5600,591.2550,48744
2025-01-02 09:47:00,591.2550,591.9500,591.1700,591.7300,34716
2025-01-02 09:48:00,591.7300,592.3100,591.2700,592.2150,28944
2025-01-02 09:49:00,592.2150,593.9000,591.9900,593.8600,51664
2025-01-02 09:50:00,593.9700,594.9051,593.7000,593.7000,94398
2025-01-02 09:51:00,593.6201,594.7000,593.6200,594.4550,46197
2025-01-02 09:52:00,594.4250,594.8500,593.8847,594.3800,51174
2025-01-02 09:53:00,594.5550,595.5499,594.5550,595.4600,81091
2025-01-02 09:54:00,595.4800,596.4783,595.1700,595.8900,57122
2025-01-02 09:55:00,595.8700,596.8800,595.5101,596.3176,48665
2025-01-02 09:56:00,596.2600,597.0000,595.8840,596.8300,38520
2025-01-02 09:57:00,596.9800,597.4500,596.7400,597.0400,43004
2025-01-02 09:58:00,597.0000,597.9100,596.7500,597.7600,40556
2025-01-02 09:59:00,597.7600,598.4600,597.7385,598.2876,41600
2025-01-02 10:00:00,598.5100,599.6099,598.0000,598.8231,54706
2025-01-02 10:01:00,598.8100,599.7400,598.6600,599.5723,49344
2025-01-02 10:02:00,599.8000,600.8730,599.7000,600.2550,56084
2025-01-02 10:03:00,600.1100,600.5000,599.5319,600.5000,53148
2025-01-02 10:04:00,600.5000,602.0650,600.4100,602.0600,77785
2025-01-02 10:05:00,601.9300,603.4370,601.8300,602.7430,75367
2025-01-02 10:06:00,602.5000,603.7746,602.1500,602.8850,58559
2025-01-02 10:07:00,602.8800,603.1347,601.7800,602.0800,33648
2025-01-02 10:08:00,602.2000,602.4600,601.5401,602.0900,48280
2025-01-02 10:09:00,602.0351,602.4100,601.6800,602.0900,32748
2025-01-02 10:10:00,602.1000,603.3299,601.7500,603.1900,49505
2025-01-02 10:11:00,603.3300,603.6489,602.8550,603.3400,60474
2025-01-02 10:12:00,603.3400,604.1000,603.2301,603.8535,52430
2025-01-02 10:13:00,603.9599,604.8034,603.2417,604.4880,51668
2025-01-02 10:14:00,604.4200,604.6592,603.2500,603.4200,54098
2025-01-02 10:15:00,603.5500,604.4817,603.3100,604.0500,49311
2025-01-02 10:16:00,604.2100,604.9100,603.4800,603.6500,43601
2025-01-02 10:17:00,603.8600,603.8600,602.7520,602.7520,71713
2025-01-02 10:18:00,602.6501,603.7199,602.6050,603.5400,34784
2025-01-02 10:19:00,603.5700,603.5700,602.1300,603.3000,101342
2025-01-02 10:20:00,603.1300,603.8700,601.4000,601.5800,83190
2025-01-02 10:21:00,601.7100,602.4168,600.8500,601.3700,40357
2025-01-02 10:22:00,601.3700,601.5000,599.5225,599.6800,81410
2025-01-02 10:23:00,599.7214,599.7285,598.1670,598.8100,69670
2025-01-02 10:24:00,598.6925,599.2527,598.1000,598.9850,38896
2025-01-02 10:25:00,598.7700,600.2000,598.6700,600.2000,32460
2025-01-02 10:26:00,600.1800,601.0000,600.1307,600.4600,39092
2025-01-02 10:27:00,600.6400,601.0000,600.3500,600.9900,26164
2025-01-02 10:28:00,600.7900,600.7900,598.9700,599.0300,29301
2025-01-02 10:29:00,599.1900,599.3800,598.7000,599.1650,25236
2025-01-02 10:30:00,599.1000,599.2500,597.5601,597.8575,39640
2025-01-02 10:31:00,597.8100,597.9100,597.3100,597.5700,45297
2025-01-02 10:32:00,597.7000,598.8499,597.4243,598.7000,40205
2025-01-02 10:33:00,598.7150,598.9039,598.2000,598.5000,17709
2025-01-02 10:34:00,598.2904,599.0000,598.1200,598.1400,23260
2025-01-02 10:35:00,598.1600,598.2465,597.1800,597.8800,29456
2025-01-02 10:36:00,598.2500,599.4600,598.0073,599.2500,32044
2025-01-02 10:37:00,599.3400,600.3600,598.8369,599.2400,44374
2025-01-02 10:38:00,599.0800,599.4699,598.6500,599.3200,17072
2025-01-02 10:39:00,599.3900,599.3900,598.8070,598.8100,19240
2025-01-02 10:40:00,598.8200,599.4600,598.8200,598.9700,19989
2025-01-02 10:41:00,598.9400,599.0300,597.4800,597.6950,29692
2025-01-02 10:42:00,597.6200,597.9900,597.2013,597.8400,23490
2025-01-02 10:43:00,597.7750,598.0650,597.3800,598.0400,14817
2025-01-02 10:44:00,597.7701,598.0000,597.4100,597.6500,27374
2025-01-02 10:45:00,597.5300,597.8500,597.1910,597.5400,24516
2025-01-02 10:46:00,597.4100,597.6300,596.6001,596.7400,20330
2025-01-02 10:47:00,596.6000,596.8600,596.1400,596.8500,19291
2025-01-02 10:48:00,596.7000,598.8800,596.7000,598.5800,34767
2025-01-02 10:49:00,598.8900,599.6800,598.2100,599.4950,35904
2025-01-02 10:50:00,599.3400,599.5000,598.8600,599.2400,19652
2025-01-02 10:51:00,599.0800,599.6600,599.0000,599.5920,36637
2025-01-02 10:52:00,599.2400,600.2900,599.2400,599.5200,23370
2025-01-02 10:53:00,599.4000,599.6600,597.9130,598.7900,13719
2025-01-02 10:54:00,598.9900,599.8700,598.9900,599.7600,29093
2025-01-02 10:55:00,599.7100,599.7100,598.8800,599.2300,21032
2025-01-02 10:56:00,599.3000,599.5400,599.0000,599.3050,19105
2025-01-02 10:57:00,599.2200,599.6049,599.2117,599.3600,14252
2025-01-02 10:58:00,599.2850,599.7973,599.1600,599.3700,18266
2025-01-02 10:59:00,599.3300,599.3300,598.4790,598.7100,34062
2025-01-02 11:00:00,598.7100,599.1450,598.4600,598.6500,17026
2025-01-02 11:01:00,598.5000,599.0299,598.3700,598.8650,11561
2025-01-02 11:02:00,599.0000,599.1500,597.4600,597.6250,19522
2025-01-02 11:03:00,597.6550,597.8200,597.1100,597.1800,19843
2025-01-02 11:04:00,597.2900,597.4350,596.0301,596.7000,30846
2025-01-02 11:05:00,596.6500,597.0200,596.4966,596.6700,98432
2025-01-02 11:06:00,596.7500,597.6400,596.4800,597.1500,18499
2025-01-02 11:07:00,597.1200,597.5000,596.3818,596.8550,15585
2025-01-02 11:08:00,596.8600,597.4500,596.8150,597.1600,18204
2025-01-02 11:09:00,597.2720,598.3000,597.2720,598.2474,11819
2025-01-02 11:10:00,598.3899,598.3899,597.4000,597.6000,15720
2025-01-02 11:11:00,597.5900,598.5742,597.4300,598.5742,13286
2025-01-02 11:12:00,598.4500,598.7100,597.6550,597.6700,26717
2025-01-02 11:13:00,597.6450,598.1000,597.6450,597.9875,17133
2025-01-02 11:14:00,598.0000,599.0000,597.8400,598.2614,31375
2025-01-02 11:15:00,598.5999,598.5999,597.7500,597.7800,10119
2025-01-02 11:16:00,597.7550,598.4600,597.6153,598.0900,26499
2025-01-02 11:17:00,598.1850,598.5500,597.9401,598.3154,6992
2025-01-02 11:18:00,598.1900,598.3100,597.9900,598.1750,12242
2025-01-02 11:19:00,598.1750,598.3299,597.5700,598.2500,14178
2025-01-02 11:20:00,598.3300,598.5499,597.5500,597.6400,10030
2025-01-02 11:21:00,597.5001,597.5900,596.6800,596.9500,28693
2025-01-02 11:22:00,596.8450,597.2275,596.7400,597.0499,23008
2025-01-02 11:23:00,596.7800,598.4000,596.7800,598.2300,18588
2025-01-02 11:24:00,598.1700,599.4800,598.1700,599.1272,47831
2025-01-02 11:25:00,598.9500,599.3800,598.9300,599.0000,11327
2025-01-02 11:26:00,598.7600,599.3700,598.5700,599.3700,6598
2025-01-02 11:27:00,599.3700,599.5200,598.6500,598.7000,12960
2025-01-02 11:28:00,598.7000,598.8000,598.4900,598.6900,11397
2025-01-02 11:29:00,598.8009,598.8009,598.2613,598.2700,7077
2025-01-02 11:30:00,598.2500,598.7400,598.0000,598.3475,14002
2025-01-02 11:31:00,598.2400,598.3750,597.8070,598.2200,8423
2025-01-02 11:32:00,598.2600,598.4250,598.1000,598.3000,4447
2025-01-02 11:33:00,598.3600,598.6317,598.1100,598.6317,18360
2025-01-02 11:34:00,598.6600,598.9897,598.3900,598.6101,10537
2025-01-02 11:35:00,598.9100,599.3700,598.6500,599.2700,19635
2025-01-02 11:36:00,599.0400,599.3699,598.8900,599.0900,17943
2025-01-02 11:37:00,598.9600,599.0579,598.0300,598.6050,15093
2025-01-02 11:38:00,598.6793,598.8244,598.4900,598.7150,11204
2025-01-02 11:39:00,598.7236,599.3400,598.6250,598.7600,23294
2025-01-02 11:40:00,598.6500,599.7170,598.4450,599.6100,19668
2025-01-02 11:41:00,599.6900,599.8700,599.5912,599.7500,11284
2025-01-02 11:42:00,599.6600,600.4000,599.5612,600.1300,31818
2025-01-02 11:43:00,600.1200,600.1200,599.2131,599.6500,9988
2025-01-02 11:44:00,599.8100,599.8100,599.2200,599.2800,11368
2025-01-02 11:45:00,599.3800,599.7600,599.3500,599.7250,14243
2025-01-02 11:46:00,599.6100,599.7400,599.5200,599.6600,13081
2025-01-02 11:47:00,599.7250,600.3300,599.6950,600.2400,51342
2025-01-02 11:48:00,600.2700,601.2800,600.1744,601.0900,38661
2025-01-02 11:49:00,601.2449,601.2449,600.8005,600.9400,71767
2025-01-02 11:50:00,600.9100,600.9100,600.2900,600.6400,16179
2025-01-02 11:51:00,600.7800,601.2000,600.5252,601.1050,18705
2025-01-02 11:52:00,601.1050,601.1100,600.1900,600.2500,11192
2025-01-02 11:53:00,600.2500,600.2500,599.9825,600.2500,19396
2025-01-02 11:54:00,600.1300,600.3200,599.0000,599.2814,19675
2025-01-02 11:55:00,599.3600,599.8700,599.3600,599.8600,9319
2025-01-02 11:56:00,599.8600,599.9450,599.7100,599.9450,8372
2025-01-02 11:57:00,599.6500,600.0000,599.6200,599.8750,5356
2025-01-02 11:58:00,599.8700,600.6700,599.7500,600.5950,23804
2025-01-02 11:59:00,600.6150,600.7799,600.2934,600.3266,9757
2025-01-02 12:00:00,600.4350,600.6000,599.8800,599.9000,8869
2025-01-02 12:01:00,599.8500,600.4700,599.8300,600.2600,34173
2025-01-02 12:02:00,600.3300,600.4100,599.2100,599.4436,12359
2025-01-02 12:03:00,599.4200,600.0450,599.4200,600.0000,7900
2025-01-02 12:04:00,600.0152,600.6400,599.9650,600.5650,8095
2025-01-02 12:05:00,600.5323,600.7950,600.3800,600.5200,21091
2025-01-02 12:06:00,600.5150,600.5300,599.8300,599.9047,5589
2025-01-02 12:07:00,599.9050,599.9050,599.5600,599.6650,13471
2025-01-02 12:08:00,599.5500,599.8100,599.2200,599.6600,22291
2025-01-02 12:09:00,599.8300,599.8500,599.5158,599.7550,6101
2025-01-02 12:10:00,599.7700,600.1300,599.7670,599.9750,6632
2025-01-02 12:11:00,600.2200,600.4500,600.0600,600.3127,12462
2025-01-02 12:12:00,600.3250,600.5500,600.0994,600.3750,9444
2025-01-02 12:13:00,600.3750,601.3700,600.3750,601.1950,37204
2025-01-02 12:14:00,601.0300,601.2000,600.9000,600.9000,16668
2025-01-02 12:15:00,600.8000,600.9169,600.6769,600.7000,6427
2025-01-02 12:16:00,600.7800,600.8200,600.2000,600.2600,17283
2025-01-02 12:17:00,600.1400,600.4100,599.9885,600.0489,12167
2025-01-02 12:18:00,600.3200,600.3802,599.9400,600.0550,7991
2025-01-02 12:19:00,599.9300,599.9800,599.7300,599.9800,5217
2025-01-02 12:20:00,599.9200,599.9200,599.0700,599.1300,13814
2025-01-02 12:21:00,599.0200,599.5100,598.7000,599.5100,14542
2025-01-02 12:22:00,599.6500,599.8200,599.2600,599.2600,14602
2025-01-02 12:23:00,599.1525,599.1525,598.3900,598.4900,7965
2025-01-02 12:24:00,598.3800,598.5700,598.3000,598.5000,6781
2025-01-02 12:25:00,598.4350,598.4350,597.9000,598.0000,6845
2025-01-02 12:26:00,598.3400,598.4268,597.4700,597.5400,16424
2025-01-02 12:27:00,597.4800,597.4800,595.6300,595.9600,50942
2025-01-02 12:28:00,596.0600,596.1900,595.5100,595.6200,41424
2025-01-02 12:29:00,595.5100,595.5400,594.6100,594.8800,40647
2025-01-02 12:30:00,594.6900,594.7800,593.5000,594.0000,29877
2025-01-02 12:31:00,594.1450,594.4800,593.1999,594.4800,23978
2025-01-02 12:32:00,594.3100,594.7000,594.0201,594.1200,17407
2025-01-02 12:33:00,594.1700,594.4600,593.2858,594.1250,33664
2025-01-02 12:34:00,594.1300,594.4600,593.9000,594.1400,25905
2025-01-02 12:35:00,594.2100,594.7500,593.9300,594.2777,20352
2025-01-02 12:36:00,594.3850,594.3850,593.6265,594.0000,7060
2025-01-02 12:37:00,594.2289,594.2289,592.6903,592.7374,21097
2025-01-02 12:38:00,592.8450,593.0186,592.0201,592.5350,21946
2025-01-02 12:39:00,592.5900,593.0299,591.5000,591.9700,23663
2025-01-02 12:40:00,591.7100,591.9314,591.3000,591.4100,15233
2025-01-02 12:41:00,591.5600,592.6600,591.3700,591.9100,28054
2025-01-02 12:42:00,591.6400,591.7000,590.5371,590.8700,25207
2025-01-02 12:43:00,590.8750,591.6202,590.8750,591.5100,13856
2025-01-02 12:44:00,591.4850,591.8000,591.0100,591.0679,12068
2025-01-02 12:45:00,591.2300,591.3000,590.3850,590.7100,28418
2025-01-02 12:46:00,590.7500,591.0000,590.3120,590.8000,20225
2025-01-02 12:47:00,590.8200,590.8200,590.0500,590.4200,18486
2025-01-02 12:48:00,590.3400,590.3474,589.5400,590.1800,29523
2025-01-02 12:49:00,589.9773,590.5800,589.7700,589.7700,15624
2025-01-02 12:50:00,589.5100,590.3900,589.0000,590.3900,31302
2025-01-02 12:51:00,590.3850,591.3700,590.0300,591.2350,22481
2025-01-02 12:52:00,591.0765,591.8933,591.0327,591.1400,23246
2025-01-02 12:53:00,591.2350,591.5200,590.5200,591.0200,29320
2025-01-02 12:54:00,591.1400,591.5200,590.8600,590.8600,19174
2025-01-02 12:55:00,591.4900,591.5900,590.9900,591.3200,12378
2025-01-02 12:56:00,591.1900,591.7700,590.6300,591.7700,20757
2025-01-02 12:57:00,591.4187,591.7700,591.3100,591.5750,14170
2025-01-02 12:58:00,591.5800,591.9200,591.5800,591.6000,18081
2025-01-02 12:59:00,591.7150,592.2100,591.3600,591.5455,30986
2025-01-02 13:00:00,591.5400,591.5400,590.3800,590.3800,17283
2025-01-02 13:01:00,590.7800,591.0750,590.3300,590.4700,27108
2025-01-02 13:02:00,590.5600,590.5700,589.6952,589.9700,20750
2025-01-02 13:03:00,590.3700,590.3700,589.4300,589.8400,26216
2025-01-02 13:04:00,589.7400,589.9400,589.1500,589.2200,13802
2025-01-02 13:05:00,589.2200,589.7800,589.2200,589.7150,12231
2025-01-02 13:06:00,589.6750,590.2700,589.6750,590.0600,16283
2025-01-02 13:07:00,590.1900,591.3500,590.1000,590.9400,12437
2025-01-02 13:08:00,591.1400,591.7742,591.1400,591.7200,11676
2025-01-02 13:09:00,591.8100,592.7400,591.6600,592.1500,22499
2025-01-02 13:10:00,592.0700,592.1800,591.1100,591.1300,18017
2025-01-02 13:11:00,591.0500,591.7815,590.6700,590.6700,13077
2025-01-02 13:12:00,590.7300,591.0400,590.4500,591.0200,8047
2025-01-02 13:13:00,590.8300,591.0600,590.7300,591.0600,10350
2025-01-02 13:14:00,591.0000,591.4800,590.7700,591.2359,11140
2025-01-02 13:15:00,591.4850,591.5000,590.0201,590.3800,22655
2025-01-02 13:16:00,590.4000,590.9990,590.2820,590.7900,6425
2025-01-02 13:17:00,590.9800,591.0000,590.6100,590.6200,5171
2025-01-02 13:18:00,590.4200,591.3699,590.4000,591.3100,12768
2025-01-02 13:19:00,591.5100,591.5100,591.2000,591.3450,10166
2025-01-02 13:20:00,591.2800,592.5100,591.2800,592.3300,68533
2025-01-02 13:21:00,592.4200,592.4300,591.0100,591.1100,34886
2025-01-02 13:22:00,591.1742,591.9239,591.1000,591.9239,23513
2025-01-02 13:23:00,591.6100,592.1824,591.6100,592.0174,4970
2025-01-02 13:24:00,591.9500,592.0931,591.6123,591.6420,11618
2025-01-02 13:25:00,591.6800,591.9300,591.3000,591.7999,10525
2025-01-02 13:26:00,591.8000,591.9300,591.4285,591.4285,4870
2025-01-02 13:27:00,592.0000,592.5499,592.0000,592.3950,4064
2025-01-02 13:28:00,592.4800,592.5499,592.0900,592.1876,4914
2025-01-02 13:29:00,592.1500,593.0500,592.1500,593.0500,9069
2025-01-02 13:30:00,593.0450,593.0450,591.7600,591.7600,12403
2025-01-02 13:31:00,591.7000,591.8700,590.6300,590.7800,15330
2025-01-02 13:32:00,590.5642,591.0150,590.5000,590.6360,10126
2025-01-02 13:33:00,590.6900,591.2900,590.3500,590.9250,13452
2025-01-02 13:34:00,590.8550,591.0000,590.6000,590.6000,6451
2025-01-02 13:35:00,590.6000,590.8100,590.1100,590.5600,8168
2025-01-02 13:36:00,590.7300,591.8800,590.7000,591.7800,6833
2025-01-02 13:37:00,591.8000,592.2285,591.7000,591.9600,9032
2025-01-02 13:38:00,591.8900,591.9400,591.2100,591.2100,26628
2025-01-02 13:39:00,591.2600,591.5500,591.2600,591.4800,5424
2025-01-02 13:40:00,591.5500,591.5500,590.9641,591.0650,8847
2025-01-02 13:41:00,591.2000,591.8600,591.1900,591.8400,6266
2025-01-02 13:42:00,591.7300,591.7300,591.3400,591.5200,6481
2025-01-02 13:43:00,591.2912,592.3000,591.2912,592.2800,6739
2025-01-02 13:44:00,592.4075,593.2300,592.3150,593.2300,33103
2025-01-02 13:45:00,593.0000,593.2100,592.8500,593.0490,13716
2025-01-02 13:46:00,593.0800,593.5940,593.0500,593.4500,9533
2025-01-02 13:47:00,593.2703,593.5600,592.8900,593.1500,21768
2025-01-02 13:48:00,593.1000,593.1000,592.3000,592.4600,25018
2025-01-02 13:49:00,592.3400,592.5800,592.0300,592.4100,12864
2025-01-02 13:50:00,592.7100,592.7600,591.7001,591.9950,17645
2025-01-02 13:51:00,591.9950,592.3200,591.9950,592.2600,8270
2025-01-02 13:52:00,592.2550,592.2599,591.6700,591.6700,10210
2025-01-02 13:53:00,591.8300,592.2252,591.4400,591.8150,8554
2025-01-02 13:54:00,591.7000,591.7000,591.2900,591.6999,5360
2025-01-02 13:55:00,591.6000,592.5799,591.6000,592.2008,11399
2025-01-02 13:56:00,592.3100,592.6300,591.7289,592.0000,15009
2025-01-02 13:57:00,592.0500,592.6191,592.0500,592.6191,6652
2025-01-02 13:58:00,592.5200,593.2900,592.5000,593.0404,19990
2025-01-02 13:59:00,593.1650,593.7200,593.1000,593.6600,12881
2025-01-02 14:00:00,593.4200,593.6500,593.1200,593.4805,13330
2025-01-02 14:01:00,593.3466,593.4300,593.3466,593.3500,5116
2025-01-02 14:02:00,593.2000,593.5300,593.0000,593.5300,9552
2025-01-02 14:03:00,593.7300,594.6400,593.6300,594.1100,24816
2025-01-02 14:04:00,594.1000,594.8311,594.0900,594.8311,13472
2025-01-02 14:05:00,594.8498,595.0000,594.5385,594.9100,20312
2025-01-02 14:06:00,594.8600,595.5130,594.6900,595.2200,23788
2025-01-02 14:07:00,595.3700,595.4500,594.3700,594.5550,15027
2025-01-02 14:08:00,594.6700,594.8800,594.3800,594.6462,15114
2025-01-02 14:09:00,594.5210,594.8300,594.0254,594.5800,10796
2025-01-02 14:10:00,594.8900,594.9100,594.6130,594.6300,9394
2025-01-02 14:11:00,594.6600,594.9100,594.5300,594.5300,8809
2025-01-02 14:12:00,594.4700,594.5900,594.0419,594.2900,13142
2025-01-02 14:13:00,594.3700,594.4000,594.0000,594.2300,8024
2025-01-02 14:14:00,594.2600,594.5900,594.0200,594.2000,6805
2025-01-02 14:15:00,594.2900,594.7600,594.1067,594.5000,9114
2025-01-02 14:16:00,594.5034,594.5300,594.0287,594.2950,5514
2025-01-02 14:17:00,594.0386,594.7200,594.0386,594.7200,6890
2025-01-02 14:18:00,594.5800,595.1300,594.4100,595.1300,13839
2025-01-02 14:19:00,595.0190,595.1500,594.5450,594.5450,7580
2025-01-02 14:20:00,594.5289,594.8600,594.4800,594.4800,4981
2025-01-02 14:21:00,594.7900,595.1356,594.5850,595.1356,5091
2025-01-02 14:22:00,595.2000,595.5900,594.9000,595.5900,21080
2025-01-02 14:23:00,595.7500,595.9810,595.5800,595.6500,12291
2025-01-02 14:24:00,595.6500,596.0900,595.4900,596.0800,20117
2025-01-02 14:25:00,595.9800,596.2100,595.1060,595.4000,20690
2025-01-02 14:26:00,595.5600,595.9600,595.5600,595.6000,9605
2025-01-02 14:27:00,596.0000,596.1360,595.8900,595.9100,8348
2025-01-02 14:28:00,595.9100,596.2500,595.8700,595.8700,13552
2025-01-02 14:29:00,596.0100,596.0100,595.6200,595.7125,11676
2025-01-02 14:30:00,595.6775,595.6950,594.9246,595.4200,17188
2025-01-02 14:31:00,595.4300,595.8450,595.3500,595.7500,11242
2025-01-02 14:32:00,595.7500,596.1300,595.7050,595.8401,12026
2025-01-02 14:33:00,595.8400,595.8950,595.5801,595.8190,6237
2025-01-02 14:34:00,595.5800,595.6900,595.3900,595.4050,10643
2025-01-02 14:35:00,595.3300,595.3300,594.6500,594.6500,13437
2025-01-02 14:36:00,594.6400,595.1600,594.5487,594.9550,12443
2025-01-02 14:37:00,594.9475,595.2000,594.6900,595.1500,12222
2025-01-02 14:38:00,595.0700,595.4899,595.0000,595.2000,10774
2025-01-02 14:39:00,595.3800,595.3992,594.9000,594.9000,7962
2025-01-02 14:40:00,594.8600,595.3400,594.6681,595.2450,12121
2025-01-02 14:41:00,595.3000,595.4600,595.0700,595.1850,7700
2025-01-02 14:42:00,595.3218,595.5725,595.2250,595.3950,6430
2025-01-02 14:43:00,595.2500,595.6536,594.9100,594.9100,9231
2025-01-02 14:44:00,594.8290,595.1600,594.8290,595.1300,9299
2025-01-02 14:45:00,595.2100,595.4200,595.1400,595.4200,10004
2025-01-02 14:46:00,595.3400,595.3400,594.3900,594.5200,15472
2025-01-02 14:47:00,594.3900,595.7200,594.3900,595.5000,43968
2025-01-02 14:48:00,595.4550,596.5892,595.3595,596.5892,31313
2025-01-02 14:49:00,596.4800,596.7200,595.9950,595.9950,13005
2025-01-02 14:50:00,596.0800,596.1369,595.8900,596.1300,8464
2025-01-02 14:51:00,596.0000,596.2500,595.8100,595.8650,10021
2025-01-02 14:52:00,595.8400,596.6000,595.8400,596.4700,13502
2025-01-02 14:53:00,596.4300,596.5000,595.6885,595.6950,10206
2025-01-02 14:54:00,595.6950,596.1100,595.6250,596.0400,3689
2025-01-02 14:55:00,595.9900,595.9900,595.5900,595.5900,5110
2025-01-02 14:56:00,595.6400,595.6450,595.0601,595.3000,8157
2025-01-02 14:57:00,595.1350,595.1350,594.6081,594.6100,15535
2025-01-02 14:58:00,594.7400,594.8600,594.5100,594.6326,6710
2025-01-02 14:59:00,594.5100,594.6400,593.6200,593.6200,7335
2025-01-02 15:00:00,594.0400,594.9100,593.8200,594.5200,7744
2025-01-02 15:01:00,594.5536,594.9000,594.4900,594.6255,6745
2025-01-02 15:02:00,594.6100,594.8000,594.4800,594.7900,14725
2025-01-02 15:03:00,594.9700,595.5500,594.9700,595.3000,15911
2025-01-02 15:04:00,595.2900,596.2000,595.2103,596.0300,11175
2025-01-02 15:05:00,596.0200,596.0673,595.6500,595.6500,9123
2025-01-02 15:06:00,595.8977,596.2329,595.7291,596.0418,6730
2025-01-02 15:07:00,595.9400,596.0000,595.7281,595.7281,12600
2025-01-02 15:08:00,595.6900,596.1500,595.4800,596.1500,12479
2025-01-02 15:09:00,595.9800,596.1300,595.8400,595.9450,9016
2025-01-02 15:10:00,595.8500,596.5000,595.7100,596.4350,19454
2025-01-02 15:11:00,596.5956,596.7499,596.1500,596.4700,10771
2025-01-02 15:12:00,596.5850,597.0000,596.4001,597.0000,25895
2025-01-02 15:13:00,597.0000,597.3000,596.8600,597.0200,9244
2025-01-02 15:14:00,597.1450,597.3000,596.7100,596.9050,17854
2025-01-02 15:15:00,596.8000,596.8973,596.3300,596.5900,14902
2025-01-02 15:16:00,596.7699,596.7699,596.3100,596.3950,8345
2025-01-02 15:17:00,596.3200,596.6600,596.2100,596.4000,18664
2025-01-02 15:18:00,596.5300,596.7700,596.5300,596.7600,9953
2025-01-02 15:19:00,596.5800,596.7500,596.4000,596.6100,12176
2025-01-02 15:20:00,596.7700,596.7800,596.1900,596.3400,14975
2025-01-02 15:21:00,596.2600,596.9330,596.0700,596.4200,11659
2025-01-02 15:22:00,596.4868,597.0200,596.4868,596.8350,10672
2025-01-02 15:23:00,596.8300,597.0475,596.6700,596.8700,11595
2025-01-02 15:24:00,596.7700,596.9500,596.6400,596.7498,9257
2025-01-02 15:25:00,596.7654,596.9700,596.0100,596.0125,30078
2025-01-02 15:26:00,596.0600,596.8200,596.0600,596.2000,10429
2025-01-02 15:27:00,596.3300,596.5900,596.3000,596.4700,7188
2025-01-02 15:28:00,596.3850,596.6500,596.3230,596.6000,7268
2025-01-02 15:29:00,596.5554,596.8300,596.3300,596.3715,9220
2025-01-02 15:30:00,596.5100,596.8000,596.0300,596.0300,12081
2025-01-02 15:31:00,596.2200,597.7524,596.0700,597.7524,20000
2025-01-02 15:32:00,597.6150,597.6900,596.5800,596.8400,25843
2025-01-02 15:33:00,596.7729,597.2600,596.7729,597.0820,15562
2025-01-02 15:34:00,597.0150,597.1100,596.7800,596.9300,8276
2025-01-02 15:35:00,596.9600,596.9600,596.1000,596.2300,17726
2025-01-02 15:36:00,596.2200,596.5000,596.1700,596.2700,16189
2025-01-02 15:37:00,596.2200,596.2200,595.8400,596.0900,11973
2025-01-02 15:38:00,596.2400,596.4800,596.1200,596.4500,9362
2025-01-02 15:39:00,596.3375,596.4300,595.6223,595.7900,16268
2025-01-02 15:40:00,595.8550,596.6000,595.8050,596.4650,14199
2025-01-02 15:41:00,596.4326,596.4925,596.0700,596.3250,22086
2025-01-02 15:42:00,596.3800,596.8800,596.2300,596.7800,27551
2025-01-02 15:43:00,596.7352,596.9300,596.3700,596.6435,24699
2025-01-02 15:44:00,596.6400,596.9600,596.5000,596.5400,22502
2025-01-02 15:45:00,596.6500,596.9218,596.4800,596.9150,27401
2025-01-02 15:46:00,597.0000,598.2600,596.9150,597.7050,43577
2025-01-02 15:47:00,597.5600,597.7125,597.2500,597.7125,22556
2025-01-02 15:48:00,597.6850,597.7900,597.3500,597.3500,8444
2025-01-02 15:49:00,597.5050,597.7800,597.2800,597.3100,18047
2025-01-02 15:50:00,597.3100,597.9400,597.3100,597.4000,25044
2025-01-02 15:51:00,597.5700,597.9590,597.4600,597.5100,24295
2025-01-02 15:52:00,597.4400,597.7500,597.3400,597.7500,32882
2025-01-02 15:53:00,597.7350,598.2495,597.7350,597.8050,32927
2025-01-02 15:54:00,597.8000,598.1000,597.5201,597.5300,37048
2025-01-02 15:55:00,597.4200,598.6750,597.2200,598.4150,120578
2025-01-02 15:56:00,598.3500,598.9100,598.1200,598.2100,52926
2025-01-02 15:57:00,598.2100,598.9900,598.1850,598.9400,134305
2025-01-02 15:58:00,598.9000,599.0800,598.6500,598.7625,156802
2025-01-02 15:59:00,598.7650,599.6100,598.7650,599.2900,253411
2025-01-02 16:00:00,599.2900,599.9900,598.4000,599.2400,1923936
2025-01-02 16:01:00,599.8900,599.9400,599.2400,599.2600,32511
2025-01-02 16:02:00,599.2400,599.8039,599.2400,599.4950,31011
2025-01-02 16:03:00,599.6000,599.6800,599.2400,599.3700,202
2025-01-02 16:04:00,599.3300,599.5000,599.3100,599.3750,132
2025-01-02 16:05:00,599.2400,599.8500,599.2400,599.8500,3907
2025-01-02 16:06:00,599.4800,599.8299,596.9508,599.4500,978
2025-01-02 16:07:00,599.5650,599.5800,599.2400,599.5000,1853
2025-01-02 16:08:00,599.3000,599.4000,596.8878,596.8878,7312
2025-01-02 16:09:00,599.2999,599.8400,599.2400,599.2550,1041
2025-01-02 16:10:00,599.5400,599.5500,599.2400,599.2400,439
2025-01-02 16:11:00,599.5000,599.8300,596.5663,599.2401,25032
2025-01-02 16:12:00,599.5500,599.8400,599.2401,599.3950,83
2025-01-02 16:13:00,599.3950,599.5500,599.2500,599.3000,90
2025-01-02 16:14:00,599.4500,599.7137,599.2400,599.7137,1247996
2025-01-02 16:15:00,599.5400,599.8400,599.2400,599.5400,59
2025-01-02 16:16:00,599.2400,599.8000,599.2400,599.2400,68
2025-01-02 16:17:00,599.5150,599.6000,599.3200,599.3700,47
2025-01-02 16:18:00,599.3700,599.5000,599.3100,599.5000,360
2025-01-02 16:19:00,599.2400,599.7900,599.2400,599.2500,874
2025-01-02 16:20:00,599.2400,600.0000,599.2400,600.0000,5539
2025-01-02 16:21:00,599.9000,600.0100,599.7900,599.7900,203
2025-01-02 16:22:00,599.7900,599.9900,599.2400,599.9900,10900
2025-01-02 16:23:00,599.9500,600.3500,599.7450,599.7550,1487
2025-01-02 16:24:00,599.7550,600.2500,599.2600,600.0100,205
2025-01-02 16:25:00,600.0100,600.2500,599.7450,600.0000,182
2025-01-02 16:26:00,599.7600,600.1000,599.7450,600.1000,63
2025-01-02 16:27:00,599.7450,600.2500,599.7450,600.0400,450
2025-01-02 16:28:00,600.2000,600.2500,599.2400,599.9800,411
2025-01-02 16:29:00,599.7450,600.2500,599.4000,600.2100,350
2025-01-02 16:30:00,599.7550,600.2100,599.7550,600.1900,102
2025-01-02 16:31:00,600.0000,600.0550,599.2500,599.2500,175
2025-01-02 16:32:00,599.9000,600.2500,599.7300,599.9000,130
2025-01-02 16:33:00,600.0000,600.2500,599.7550,599.7550,55
2025-01-02 16:34:00,600.2500,600.2500,599.2600,600.0000,23
2025-01-02 16:35:00,600.0000,600.2500,599.7600,600.0000,36
2025-01-02 16:36:00,600.0000,600.2500,599.7600,600.0000,74
2025-01-02 16:37:00,600.0000,600.0000,599.7500,599.7500,33
2025-01-02 16:38:00,600.0000,600.0000,599.8750,599.8750,33
2025-01-02 16:39:00,599.8750,600.0000,599.8750,599.8750,126
2025-01-02 16:40:00,599.8900,600.0000,599.8750,599.8750,41
2025-01-02 16:41:00,600.0000,600.0000,599.7500,599.8700,48
2025-01-02 16:42:00,599.8700,600.0000,599.7500,600.0000,66
2025-01-02 16:43:00,599.8750,600.0000,599.8750,599.9000,1611
2025-01-02 16:44:00,599.9999,599.9999,599.7500,599.8000,1015
2025-01-02 16:45:00,599.5000,599.8750,599.5000,599.6500,977
2025-01-02 16:46:00,599.6500,599.7000,599.4750,599.7000,371
2025-01-02 16:47:00,599.4750,599.7000,599.4750,599.5900,219
2025-01-02 16:48:00,599.7000,599.7000,599.2500,599.4500,167
2025-01-02 16:49:00,599.5400,599.6900,599.4500,599.6800,267
2025-01-02 16:50:00,599.4500,599.7000,599.4500,599.4700,16
2025-01-02 16:51:00,599.5750,599.6900,599.4500,599.5600,87
2025-01-02 16:52:00,599.6900,599.6900,599.2400,599.4600,442
2025-01-02 16:53:00,599.4700,599.6800,599.3000,599.3000,97
2025-01-02 16:54:00,599.5000,599.7000,599.3000,599.4800,33
2025-01-02 16:55:00,599.4500,599.7000,599.4500,599.5000,185
2025-01-02 16:56:00,599.4500,599.7000,599.3000,599.5000,29
2025-01-02 16:57:00,599.6900,599.7000,599.5000,599.6000,208
2025-01-02 16:58:00,599.6000,599.6925,599.5300,599.6500,17
2025-01-02 16:59:00,599.5500,599.7000,599.4500,599.4700,73
2025-01-02 17:00:00,599.4750,599.7000,599.4500,599.7000,580
2025-01-02 17:01:00,599.4700,599.7250,599.4500,599.4900,57
2025-01-02 17:02:00,600.0000,600.0000,599.4500,600.0000,63
2025-01-02 17:03:00,599.5000,599.6900,599.4600,599.6900,39
2025-01-02 17:04:00,599.6900,599.9800,599.2400,599.6900,104998
2025-01-02 17:05:00,599.6900,599.6900,599.4600,599.6900,13
2025-01-02 17:06:00,599.6900,599.9799,599.4054,599.9799,591
2025-01-02 17:07:00,599.5200,599.9800,599.5200,599.6000,29
2025-01-02 17:08:00,599.6000,599.7000,599.5800,599.7000,124
2025-01-02 17:09:00,599.5900,599.6950,599.4000,599.6950,37
2025-01-02 17:10:00,599.6950,599.9899,599.4900,599.4900,211
2025-01-02 17:11:00,599.4000,599.6950,599.4000,599.6950,21
2025-01-02 17:12:00,599.6000,599.9800,599.4100,599.4600,329
2025-01-02 17:13:00,599.7250,599.9900,599.5000,599.7250,6
2025-01-02 17:14:00,599.8000,599.8000,599.4100,599.6950,335
2025-01-02 17:15:00,599.6900,599.9900,599.4100,599.6600,9
2025-01-02 17:16:00,599.7000,600.0000,599.4000,599.7000,7
2025-01-02 17:17:00,599.7000,599.7000,599.4000,599.4000,9
2025-01-02 17:18:00,599.5700,599.9800,599.4500,599.4500,21
2025-01-02 17:19:00,599.4500,599.6200,599.2600,599.6200,755
2025-01-02 17:20:00,599.5000,599.6250,599.2600,599.6250,424
2025-01-02 17:21:00,599.6250,599.6250,599.2600,599.2700,13
2025-01-02 17:22:00,599.4000,599.6250,599.2600,599.2600,145
2025-01-02 17:23:00,599.3800,599.6250,599.3600,599.6050,234
2025-01-02 17:24:00,599.9327,599.9900,599.2782,599.6250,20
2025-01-02 17:25:00,599.3000,599.9500,599.3000,599.9500,6
2025-01-02 17:26:00,599.6050,599.6050,599.2700,599.5950,13
2025-01-02 17:27:00,599.9500,599.9500,599.4500,599.9500,55
2025-01-02 17:28:00,599.3800,599.4976,567.1052,567.1052,3294
2025-01-02 17:29:00,599.2600,599.5000,599.2400,599.2900,196
2025-01-02 17:30:00,599.3650,599.3650,599.2400,599.2500,1003
2025-01-02 17:31:00,599.2400,599.4800,599.2400,599.4800,15
2025-01-02 17:32:00,599.3600,599.4800,567.1052,599.2400,500737
2025-01-02 17:33:00,599.4700,599.4700,599.2400,599.3600,37
2025-01-02 17:34:00,599.2600,599.4450,599.2500,599.3600,82
2025-01-02 17:35:00,599.3000,599.4800,599.2400,599.3000,62
2025-01-02 17:36:00,599.4800,599.4800,599.2400,599.2400,35
2025-01-02 17:37:00,599.3500,599.3500,599.3500,599.3500,59
2025-01-02 17:38:00,599.2700,599.3600,599.2400,599.3600,118
2025-01-02 17:39:00,599.2415,599.3900,599.2400,599.3150,211
2025-01-02 17:40:00,599.3500,599.3500,599.2400,599.2400,105
2025-01-02 17:41:00,599.3600,599.3600,599.2400,599.3600,12
2025-01-02 17:42:00,599.3600,599.4800,599.2400,599.2400,110
2025-01-02 17:43:00,599.3550,599.4700,599.2400,599.3600,127
2025-01-02 17:44:00,599.3700,599.3700,599.3142,599.3142,3
2025-01-02 17:45:00,599.3900,599.4700,599.3100,599.3100,68
2025-01-02 17:46:00,599.3100,599.4600,599.3100,599.3550,373
2025-01-02 17:47:00,599.4500,599.4700,599.4500,599.4700,13
2025-01-02 17:48:00,599.3550,599.4700,599.3550,599.3550,9
2025-01-02 17:49:00,599.2400,599.3550,599.2400,599.3550,5
2025-01-02 17:50:00,599.3550,599.4700,599.2400,599.2412,20
2025-01-02 17:51:00,599.3100,599.4500,599.2457,599.2457,18
2025-01-02 17:52:00,599.3550,599.4688,599.0000,599.3550,1048
2025-01-02 17:53:00,599.3500,599.4700,599.2401,599.3600,1072
2025-01-02 17:54:00,599.3600,599.4400,599.3500,599.3500,17
2025-01-02 17:55:00,599.3600,599.4740,599.2401,599.2401,9
2025-01-02 17:56:00,599.3600,599.4800,599.3600,599.3600,42
2025-01-02 17:57:00,599.4500,599.4500,599.3600,599.3600,14
2025-01-02 17:58:00,599.4500,599.4500,599.2401,599.3600,16
2025-01-02 17:59:00,599.2600,599.4800,599.2500,599.2500,101
2025-01-02 18:00:00,599.3600,599.4700,599.2400,599.4700,37
2025-01-02 18:01:00,599.4800,599.4800,599.2400,599.2500,165
2025-01-02 18:02:00,599.2460,599.4900,599.2400,599.2400,275
2025-01-02 18:03:00,599.2400,599.4837,599.2400,599.3000,118
2025-01-02 18:04:00,599.2400,599.4400,599.2400,599.2400,319
2025-01-02 18:05:00,599.2500,599.3650,599.2000,599.2000,764
2025-01-02 18:06:00,599.2000,599.2850,599.1000,599.2000,56
2025-01-02 18:07:00,599.2365,599.2400,599.1000,599.1000,609
2025-01-02 18:08:00,599.1800,599.1800,599.0900,599.1800,173
2025-01-02 18:09:00,599.0100,599.4900,599.0100,599.2400,525
2025-01-02 18:10:00,599.0200,599.4400,598.9400,599.4400,346
2025-01-02 18:11:00,599.0000,599.2400,598.5300,599.1900,519
2025-01-02 18:12:00,598.9550,599.2000,598.9550,598.9550,29
2025-01-02 18:13:00,599.0100,599.1900,598.7463,599.0000,50
2025-01-02 18:14:00,598.9550,599.2000,598.9550,598.9550,51
2025-01-02 18:15:00,599.0000,599.0900,598.7200,598.7200,67
2025-01-02 18:16:00,599.0000,599.0000,598.7100,598.7100,55
2025-01-02 18:17:00,598.7101,599.0000,598.5600,598.7100,493
2025-01-02 18:18:00,598.7100,599.0000,598.7100,598.8100,115
2025-01-02 18:19:00,598.8500,599.1918,598.8000,599.1918,203
2025-01-02 18:20:00,599.0000,599.2000,598.8100,599.2000,58
2025-01-02 18:21:00,599.0050,599.1900,598.8670,599.1900,12
2025-01-02 18:22:00,598.9950,599.0000,598.8000,598.9950,38
2025-01-02 18:23:00,599.1900,599.1900,598.9950,599.1900,16
2025-01-02 18:24:00,598.9950,599.1900,598.8000,598.8000,344
2025-01-02 18:25:00,598.9500,598.9500,598.7100,598.8800,53
2025-01-02 18:26:00,598.9500,599.1900,598.7100,598.9500,21
2025-01-02 18:27:00,598.9500,598.9500,598.7100,598.8550,11
2025-01-02 18:28:00,598.7100,599.0000,598.7100,598.8550,8
2025-01-02 18:29:00,598.8550,598.8550,598.7100,598.8500,21
2025-01-02 18:30:00,598.8550,598.9500,598.4000,598.7950,114
2025-01-02 18:31:00,598.7950,599.1900,598.7100,598.7950,129
2025-01-02 18:32:00,598.8300,599.1800,598.7100,598.7100,46
2025-01-02 18:34:00,598.8200,598.8200,598.7950,598.7950,2
2025-01-02 18:35:00,598.8450,598.8450,598.8200,598.8200,2
2025-01-02 18:36:00,598.7000,598.8450,598.7000,598.8450,56
2025-01-02 18:37:00,598.8450,598.8450,598.5100,598.5100,18
2025-01-02 18:38:00,598.6280,598.8450,598.5030,598.5030,82
2025-01-02 18:39:00,598.6700,598.8097,598.4304,598.4304,67
2025-01-02 18:40:00,598.6700,598.8200,598.4202,598.6700,28
2025-01-02 18:41:00,598.6700,598.6700,598.6150,598.6150,12
2025-01-02 18:42:00,598.6150,598.8200,598.6150,598.6150,5
2025-01-02 18:43:00,598.5400,598.6150,598.4780,598.6150,48
2025-01-02 18:44:00,598.6100,598.6150,598.6100,598.6150,3
2025-01-02 18:45:00,598.4100,598.5100,598.4100,598.4500,302
2025-01-02 18:46:00,598.8200,598.8200,598.6100,598.6150,6
2025-01-02 18:47:00,598.6150,598.6350,598.4400,598.6350,34
2025-01-02 18:48:00,598.8200,598.8200,598.6350,598.6350,3
2025-01-02 18:49:00,598.6350,598.8200,598.6100,598.6100,25
2025-01-02 18:50:00,598.6000,598.6100,598.4400,598.6100,18
2025-01-02 18:51:00,598.6100,598.8200,598.4000,598.5800,13
2025-01-02 18:52:00,598.5800,598.5800,598.5000,598.5000,4
2025-01-02 18:53:00,598.4500,598.8188,598.2700,598.4000,232
2025-01-02 18:54:00,598.6100,598.6100,598.5800,598.5800,23
2025-01-02 18:55:00,598.6100,598.6100,598.4000,598.4000,54
2025-01-02 18:56:00,598.8095,598.8095,598.5000,598.6100,26
2025-01-02 18:57:00,598.5800,598.6100,598.5000,598.5600,38
2025-01-02 18:58:00,598.6100,598.6100,597.3000,598.0000,2753
2025-01-02 18:59:00,597.7600,598.0055,597.7600,598.0000,12
2025-01-02 19:00:00,597.8050,598.5700,597.8050,598.0000,792
2025-01-02 19:01:00,598.0000,598.2000,598.0000,598.0000,851
2025-01-02 19:02:00,597.7100,597.9100,597.6350,597.6350,24
2025-01-02 19:03:00,597.6050,597.7000,597.6050,597.6050,364
2025-01-02 19:04:00,598.1650,598.3000,597.7500,598.2600,59
2025-01-02 19:05:00,598.2600,598.2600,598.2600,598.2600,3
2025-01-02 19:06:00,598.4900,598.7500,597.9800,598.5800,1797
2025-01-02 19:07:00,598.2750,598.8188,598.2750,598.8000,268
2025-01-02 19:08:00,598.1700,598.8000,598.1700,598.8000,1042
2025-01-02 19:09:00,598.8200,599.2000,598.8100,599.2000,424
2025-01-02 19:10:00,599.0000,599.4400,599.0000,599.1750,2690
2025-01-02 19:11:00,599.1750,600.0000,599.1750,599.4250,1143
2025-01-02 19:12:00,599.4150,599.9800,599.4150,599.7500,118
2025-01-02 19:13:00,600.0000,600.2500,599.9250,600.2500,927
2025-01-02 19:14:00,600.0000,600.5500,600.0000,600.2100,282
2025-01-02 19:15:00,600.2100,600.6600,600.0000,600.2400,86
2025-01-02 19:16:00,600.2400,600.6700,600.2400,600.3000,1726
2025-01-02 19:17:00,600.3800,600.6700,600.3800,600.6699,76
2025-01-02 19:18:00,600.6699,600.6700,600.4300,600.4300,135
2025-01-02 19:19:00,600.4200,600.5400,600.4100,600.4100,15
2025-01-02 19:20:00,600.5400,600.6700,600.4300,600.5600,155
2025-01-02 19:21:00,600.4500,600.6700,599.4250,600.0000,1785
2025-01-02 19:22:00,599.9887,599.9887,599.7400,599.7400,155
2025-01-02 19:23:00,599.3000,599.7400,599.3000,599.3000,7
2025-01-02 19:24:00,599.6300,599.6500,599.0280,599.5000,32
2025-01-02 19:25:00,599.6500,600.0000,599.5000,600.0000,171
2025-01-02 19:26:00,599.7000,600.4100,599.7000,600.4100,68
2025-01-02 19:27:00,599.5100,600.4400,599.5100,600.0200,463
2025-01-02 19:28:00,600.6600,600.6700,600.0200,600.5100,291
2025-01-02 19:29:00,599.4000,600.5100,599.4000,600.2000,228
2025-01-02 19:30:00,599.9550,600.2300,599.9550,600.2050,37
2025-01-02 19:31:00,600.5100,600.6600,600.2100,600.5000,562
2025-01-02 19:32:00,600.6599,600.6700,600.4350,600.4350,313
2025-01-02 19:33:00,600.4350,600.6500,600.4350,600.6500,36
2025-01-02 19:34:00,600.6600,600.6600,600.4400,600.4400,37
2025-01-02 19:35:00,600.6500,600.6600,600.2100,600.4400,103
2025-01-02 19:36:00,600.6600,600.6600,600.4400,600.6600,15
2025-01-02 19:37:00,600.4400,600.6699,600.4400,600.5750,45
2025-01-02 19:38:00,600.6600,600.7400,600.4900,600.7400,172
2025-01-02 19:39:00,600.6700,600.7400,600.4900,600.5400,30
2025-01-02 19:40:00,600.6000,600.9900,600.4900,600.7400,288
2025-01-02 19:41:00,600.7400,601.0000,600.4800,600.9900,77
2025-01-02 19:42:00,600.5500,600.9975,600.4800,600.9400,22
2025-01-02 19:43:00,600.9500,600.9500,600.5100,600.7500,407
2025-01-02 19:44:00,600.9000,600.9700,600.7500,600.9700,32
2025-01-02 19:45:00,601.0000,601.0000,600.7000,600.7000,25
2025-01-02 19:46:00,600.7000,600.9000,600.5000,600.7000,40
2025-01-02 19:47:00,600.8900,600.9000,600.5550,600.8827,30
2025-01-02 19:48:00,600.5550,600.9000,600.2100,600.9000,36
2025-01-02 19:49:00,600.5550,600.9999,600.5500,600.6500,735
2025-01-02 19:50:00,600.9000,600.9000,600.6050,600.8900,67
2025-01-02 19:51:00,600.6250,601.0000,600.6250,601.0000,331
2025-01-02 19:52:00,600.6250,601.0000,600.6250,600.7400,241
2025-01-02 19:53:00,600.7400,601.1100,600.7400,600.9950,401
2025-01-02 19:54:00,600.9950,601.2500,600.7400,600.9950,30
2025-01-02 19:55:00,600.7500,601.2500,600.7400,600.7401,207
2025-01-02 19:56:00,601.0000,601.2500,600.7400,600.9900,51
2025-01-02 19:57:00,601.0000,601.0000,600.7400,600.9250,14
2025-01-02 19:58:00,600.9250,601.1702,600.7400,600.9900,204
2025-01-02 19:59:00,600.9900,600.9900,600.6500,600.8200,145
2025-01-03 04:00:00,601.8700,601.8700,601.0000,601.4500,650
2025-01-03 04:01:00,601.5500,601.5500,601.0000,601.1600,51
2025-01-03 04:02:00,601.0800,601.2200,601.0000,601.2200,64
2025-01-03 04:03:00,601.0200,601.2100,601.0200,601.1100,44
2025-01-03 04:04:00,601.2000,601.2100,601.0000,601.0100,183
2025-01-03 04:05:00,601.2100,601.2100,601.0200,601.0200,12
2025-01-03 04:06:00,601.1400,601.8400,601.0100,601.8400,297
2025-01-03 04:07:00,601.7800,602.0000,601.5700,601.7900,845
2025-01-03 04:08:00,602.0000,602.0000,601.7300,601.9600,66
2025-01-03 04:09:00,601.9800,602.0000,601.7600,602.0000,298
2025-01-03 04:10:00,601.9800,602.0000,601.7400,602.0000,259
2025-01-03 04:11:00,601.9600,601.9800,601.9200,601.9200,35
2025-01-03 04:12:00,601.7000,601.9700,601.5500,601.5500,184
2025-01-03 04:13:00,601.7000,601.7000,601.7000,601.7000,26
2025-01-03 04:14:00,601.7600,602.0000,601.7600,602.0000,86
2025-01-03 04:15:00,602.0000,602.0000,602.0000,602.0000,5
2025-01-03 04:16:00,602.0000,602.2000,601.9600,602.2000,918
2025-01-03 04:17:00,602.2000,602.2000,602.1700,602.2000,305
2025-01-03 04:18:00,601.9900,602.1700,601.9800,602.1700,59
2025-01-03 04:19:00,602.0200,602.1800,601.9500,602.1800,246
2025-01-03 04:20:00,602.1600,602.1600,602.1600,602.1600,1
2025-01-03 04:21:00,602.1700,602.1700,601.9900,601.9900,55
2025-01-03 04:22:00,602.1600,602.1900,602.0400,602.1900,186
2025-01-03 04:23:00,602.1900,602.1900,602.1900,602.1900,10
2025-01-03 04:24:00,602.1900,602.4000,602.1100,602.4000,989
2025-01-03 04:25:00,602.4000,602.8800,602.4000,602.7200,1384
2025-01-03 04:26:00,602.7200,602.8600,602.7200,602.8600,500
2025-01-03 04:27:00,602.5700,602.5700,602.5700,602.5700,5
2025-01-03 04:28:00,602.5600,602.8700,602.5600,602.7900,103
2025-01-03 04:29:00,602.8400,602.9100,602.5600,602.7900,38
2025-01-03 04:31:00,602.7700,602.7700,602.5900,602.7700,58
2025-01-03 04:32:00,602.7700,602.7700,602.7200,602.7200,7
2025-01-03 04:33:00,602.7200,602.7200,602.2500,602.2700,234
2025-01-03 04:34:00,602.3100,602.3100,602.2900,602.3000,69
2025-01-03 04:35:00,602.5000,602.6600,602.5000,602.6600,234
2025-01-03 04:36:00,602.6300,602.6300,602.4400,602.4400,7
2025-01-03 04:37:00,602.5000,602.5000,602.5000,602.5000,23
2025-01-03 04:38:00,602.5200,602.6600,602.2500,602.3800,1076
2025-01-03 04:39:00,602.2900,602.6800,602.2900,602.6800,12
2025-01-03 04:40:00,602.7800,602.8500,602.7800,602.8500,317
2025-01-03 04:42:00,602.8500,603.1800,602.8500,603.1500,514
2025-01-03 04:43:00,603.1800,603.1800,603.1800,603.1800,11
2025-01-03 04:44:00,603.0800,603.1800,603.0800,603.1800,51
2025-01-03 04:45:00,603.1400,603.1700,603.1000,603.1000,14
2025-01-03 04:46:00,603.0600,603.0600,602.7800,602.7800,486
2025-01-03 04:47:00,602.7500,602.7500,602.6000,602.6700,78
2025-01-03 04:48:00,602.5900,602.8000,602.5000,602.7900,384
2025-01-03 04:49:00,602.8000,602.8000,602.8000,602.8000,141
2025-01-03 04:50:00,602.8000,602.8000,602.7000,602.7800,66
2025-01-03 04:51:00,602.6100,602.6100,602.4800,602.4800,44
2025-01-03 04:52:00,602.6000,602.7500,602.4500,602.7500,285
2025-01-03 04:53:00,602.7500,602.7500,602.7500,602.7500,15
2025-01-03 04:54:00,602.6400,602.6400,602.6400,602.6400,1
2025-01-03 04:55:00,602.6200,602.7700,602.6200,602.7700,144
2025-01-03 04:56:00,602.7600,602.8000,602.7500,602.8000,11
2025-01-03 04:57:00,602.7500,602.8000,602.7500,602.7500,118
2025-01-03 04:58:00,602.6900,602.6900,602.5900,602.5900,80
2025-01-03 04:59:00,602.7800,602.7800,602.7800,602.7800,1
2025-01-03 05:00:00,602.5300,602.6100,602.5000,602.5100,165
2025-01-03 05:01:00,602.5100,602.5100,601.7700,601.9000,195
2025-01-03 05:02:00,601.7800,602.1400,601.5600,602.1400,94
2025-01-03 05:03:00,602.2100,602.2100,602.2100,602.2100,9
2025-01-03 05:04:00,602.1000,602.2000,602.1000,602.2000,51
2025-01-03 05:05:00,602.3300,602.3300,601.9900,601.9900,2
2025-01-03 05:06:00,602.0100,602.0100,602.0100,602.0100,9
2025-01-03 05:07:00,602.0500,602.1000,602.0500,602.1000,12
2025-01-03 05:08:00,602.2700,602.3000,602.1000,602.1000,16
2025-01-03 05:09:00,602.3000,602.3000,601.9200,602.2400,19
2025-01-03 05:10:00,602.2300,602.2300,602.2300,602.2300,2
2025-01-03 05:11:00,602.3700,602.4200,602.2300,602.4000,136
2025-01-03 05:12:00,602.3600,602.3600,602.1200,602.1200,15
2025-01-03 05:13:00,602.1700,602.1700,602.1200,602.1200,17
2025-01-03 05:14:00,602.0000,602.3300,601.9600,602.3300,203
2025-01-03 05:15:00,602.4000,602.7000,602.1900,602.7000,335
2025-01-03 05:16:00,602.7300,602.8000,602.5200,602.5400,132
2025-01-03 05:17:00,602.2000,602.6000,601.7000,601.7100,440
2025-01-03 05:19:00,601.8200,602.4100,601.8200,602.4100,27
2025-01-03 05:20:00,601.8000,601.8000,601.7800,601.8000,16
2025-01-03 05:21:00,602.3700,602.3700,601.7800,602.0000,50
2025-01-03 05:22:00,601.7800,602.3900,601.7400,602.2400,224
2025-01-03 05:23:00,602.2300,602.5300,602.2300,602.5300,103
2025-01-03 05:24:00,602.0000,602.4000,602.0000,602.4000,55
2025-01-03 05:25:00,602.3900,602.3900,601.9600,602.3500,15
2025-01-03 05:26:00,602.2300,602.3800,602.2300,602.3800,15
2025-01-03 05:27:00,602.2100,602.2500,602.2100,602.2500,15
2025-01-03 05:30:00,602.2100,602.2100,602.0400,602.0400,143
2025-01-03 05:31:00,602.5900,602.6200,602.5000,602.6200,119
2025-01-03 05:32:00,602.6200,602.6200,602.6200,602.6200,7
2025-01-03 05:33:00,602.5900,602.5900,602.5900,602.5900,1
2025-01-03 05:35:00,602.4000,602.4000,602.4000,602.4000,10
2025-01-03 05:36:00,602.2300,602.3500,602.0500,602.3500,43
2025-01-03 05:38:00,602.4000,602.5300,602.4000,602.4000,16
2025-01-03 05:39:00,602.5700,602.6700,602.5700,602.6100,201
2025-01-03 05:40:00,602.6700,602.6700,602.6700,602.6700,7
2025-01-03 05:42:00,602.5200,602.5200,602.3900,602.3900,10
2025-01-03 05:43:00,602.5200,602.5200,602.3900,602.3900,3
2025-01-03 05:44:00,602.5200,602.5900,602.5200,602.5800,114
2025-01-03 05:45:00,602.5800,602.5800,602.5800,602.5800,1
2025-01-03 05:46:00,602.5800,602.6000,602.5800,602.6000,20
2025-01-03 05:48:00,602.5000,602.5000,602.5000,602.5000,5
2025-01-03 05:49:00,602.5000,602.5600,602.3500,602.3500,55
2025-01-03 05:50:00,602.5600,602.5600,601.7600,602.1500,336
2025-01-03 05:51:00,602.3800,602.4600,602.3000,602.4600,136
2025-01-03 05:52:00,602.3400,602.3500,602.1700,602.2500,154
2025-01-03 05:53:00,602.3600,602.4100,602.3600,602.4100,55
2025-01-03 05:54:00,602.3600,602.3600,602.3600,602.3600,25
2025-01-03 05:55:00,602.4000,602.4000,602.1000,602.1500,167
2025-01-03 05:56:00,602.1000,602.1000,601.6800,601.9600,799
2025-01-03 05:57:00,601.9000,601.9000,601.9000,601.9000,25
2025-01-03 05:58:00,602.0500,602.0500,602.0500,602.0500,1
2025-01-03 05:59:00,602.0600,602.0600,601.9000,601.9000,37
2025-01-03 06:00:00,601.9300,601.9900,601.7000,601.9800,184
2025-01-03 06:01:00,601.5800,601.5800,601.5800,601.5800,8
2025-01-03 06:04:00,601.9000,601.9800,601.9000,601.9800,2
2025-01-03 06:05:00,601.7100,601.8200,601.7100,601.8200,51
2025-01-03 06:06:00,601.7000,601.7000,601.6500,601.6500,6
2025-01-03 06:07:00,601.6500,601.7000,601.5500,601.7000,60
2025-01-03 06:08:00,601.5800,601.5800,601.5500,601.5500,10
2025-01-03 06:09:00,601.5500,601.5600,601.5500,601.5600,5
2025-01-03 06:10:00,601.8000,601.8000,601.5600,601.5600,47
2025-01-03 06:11:00,601.5900,601.7800,601.5700,601.7800,25
2025-01-03 06:12:00,601.7800,601.7900,601.6000,601.7900,61
2025-01-03 06:13:00,601.7800,601.7800,601.5700,601.5700,27
2025-01-03 06:14:00,601.5600,601.9300,601.5600,601.7500,137
2025-01-03 06:15:00,601.7500,601.8000,601.6900,601.8000,46
2025-01-03 06:16:00,601.8000,601.9600,601.7900,601.9600,35
2025-01-03 06:17:00,601.9800,602.5000,601.9800,602.2500,62
2025-01-03 06:18:00,602.2300,602.2700,601.9800,602.0400,74
2025-01-03 06:19:00,602.0500,602.0500,602.0500,602.0500,6
2025-01-03 06:20:00,602.0500,602.2600,602.0500,602.2600,10
2025-01-03 06:21:00,602.2500,602.3000,602.0400,602.0400,123
2025-01-03 06:22:00,602.1200,602.1200,602.1200,602.1200,4
2025-01-03 06:23:00,602.0800,602.0800,602.0800,602.0800,5
2025-01-03 06:24:00,602.1800,602.3000,602.0900,602.3000,306
2025-01-03 06:25:00,602.2800,602.2800,602.2800,602.2800,20
2025-01-03 06:27:00,602.3600,602.3600,602.3600,602.3600,25
2025-01-03 06:28:00,602.5100,602.5100,602.1400,602.4700,58
2025-01-03 06:29:00,602.2000,602.2000,602.2000,602.2000,3
2025-01-03 06:30:00,602.1000,602.3200,602.0300,602.3000,139
2025-01-03 06:31:00,602.3000,602.3000,602.0700,602.0700,13
2025-01-03 06:32:00,602.2700,602.2700,602.2700,602.2700,3
2025-01-03 06:33:00,602.1000,602.1000,602.0400,602.0400,60
2025-01-03 06:34:00,602.2700,602.2700,602.0800,602.0800,5
2025-01-03 06:35:00,602.2700,602.2700,602.2700,602.2700,8
2025-01-03 06:36:00,602.2700,602.2700,602.2700,602.2700,10
2025-01-03 06:37:00,602.3000,602.3000,602.1300,602.1300,2
2025-01-03 06:38:00,602.3000,602.3000,602.1000,602.3000,18
2025-01-03 06:39:00,602.2900,602.2900,602.2900,602.2900,3
2025-01-03 06:40:00,602.1000,602.1000,602.1000,602.1000,5
2025-01-03 06:41:00,602.2900,602.2900,602.2800,602.2800,3
2025-01-03 06:42:00,602.1100,602.2900,602.1000,602.2900,48
2025-01-03 06:43:00,602.2900,602.2900,602.1000,602.1000,2
2025-01-03 06:44:00,602.0000,602.0000,602.0000,602.0000,29
2025-01-03 06:45:00,602.2700,602.2700,602.0000,602.0000,17
2025-01-03 06:46:00,602.2900,602.3000,602.2800,602.2900,267
2025-01-03 06:47:00,602.1000,602.1000,602.1000,602.1000,1
2025-01-03 06:48:00,602.3000,602.3700,602.3000,602.3700,10
2025-01-03 06:50:00,602.3100,602.3500,602.3000,602.3400,24
2025-01-03 06:51:00,602.3400,602.4900,602.3400,602.4900,12
2025-01-03 06:53:00,602.3200,602.4800,602.3200,602.4800,98
2025-01-03 06:54:00,602.3200,602.5500,602.3200,602.5500,22
2025-01-03 06:55:00,602.4800,602.4800,602.4400,602.4400,3
2025-01-03 06:56:00,602.3400,602.4300,602.3400,602.4300,6
2025-01-03 06:57:00,602.3000,602.4000,602.1500,602.4000,28
2025-01-03 06:58:00,602.4300,602.4800,602.1600,602.4800,44
2025-01-03 06:59:00,602.4200,602.4500,602.1300,602.1300,119
2025-01-03 07:00:00,602.1100,602.1100,601.7400,601.8300,827
2025-01-03 07:01:00,601.7400,601.8400,601.7300,601.8400,36
2025-01-03 07:02:00,601.7300,601.7300,601.1600,601.1700,1675
2025-01-03 07:03:00,601.2300,601.3200,601.1900,601.3200,224
2025-01-03 07:04:00,601.2600,601.3700,601.2600,601.2600,205
2025-01-03 07:05:00,601.2300,601.3200,601.2300,601.3200,130
2025-01-03 07:06:00,601.1700,601.2300,601.1700,601.2300,22
2025-01-03 07:07:00,601.1800,601.2700,601.0300,601.0300,99
2025-01-03 07:08:00,601.1200,601.6700,601.1000,601.6700,738
2025-01-03 07:09:00,601.6100,601.6100,601.2200,601.2200,103
2025-01-03 07:10:00,601.3500,601.3900,601.3200,601.3200,200
2025-01-03 07:11:00,601.3300,601.4500,601.3300,601.4500,99
2025-01-03 07:12:00,601.5600,601.8400,601.5400,601.8400,57
2025-01-03 07:13:00,601.6500,601.6500,601.2000,601.2800,587
2025-01-03 07:14:00,601.2600,601.4100,601.2500,601.4000,191
2025-01-03 07:15:00,601.3700,601.5500,601.1400,601.2500,55
2025-01-03 07:16:00,601.3700,601.4400,601.0100,601.2300,230
2025-01-03 07:17:00,601.0100,601.0100,600.9600,600.9600,205
2025-01-03 07:18:00,601.0900,601.2500,601.0800,601.2500,22
2025-01-03 07:19:00,601.0900,601.2500,601.0100,601.2000,129
2025-01-03 07:20:00,600.9600,601.0000,600.7400,600.7500,369
2025-01-03 07:21:00,600.6300,601.0600,600.6100,600.9800,123
2025-01-03 07:24:00,601.0700,601.0700,601.0700,601.0700,1
2025-01-03 07:25:00,601.0000,601.0800,601.0000,601.0800,7
2025-01-03 07:26:00,601.0800,601.1000,601.0000,601.0000,150
2025-01-03 07:28:00,601.0800,601.0800,601.0800,601.0800,1
2025-01-03 07:29:00,601.1000,601.2500,601.1000,601.2400,184
2025-01-03 07:30:00,601.1400,601.4600,601.1400,601.4600,189
2025-01-03 07:32:00,601.4400,601.4400,601.4200,601.4200,12
2025-01-03 07:33:00,601.1000,601.1000,601.0200,601.0200,29
2025-01-03 07:34:00,601.3100,601.3500,601.0100,601.0100,78
2025-01-03 07:35:00,601.0200,601.2200,601.0000,601.0000,58
2025-01-03 07:36:00,601.0000,601.0000,601.0000,601.0000,1
2025-01-03 07:37:00,601.1800,601.3400,601.1800,601.3400,104
2025-01-03 07:39:00,601.1700,601.2400,601.1700,601.2400,356
2025-01-03 07:40:00,601.2300,601.2500,600.5500,600.6000,294
2025-01-03 07:41:00,601.1500,601.2000,601.0000,601.0000,19
2025-01-03 07:42:00,601.2000,601.2000,601.2000,601.2000,1
2025-01-03 07:44:00,601.1500,601.3700,601.1500,601.3700,178
2025-01-03 07:45:00,601.4000,601.4000,601.0600,601.0600,186
2025-01-03 07:46:00,601.2000,601.2000,601.0300,601.0800,23
2025-01-03 07:47:00,601.0600,601.1200,601.0500,601.1200,134
2025-01-03 07:48:00,601.3200,601.4500,601.2000,601.4500,56
2025-01-03 07:49:00,601.2000,601.2000,601.0300,601.1400,127
2025-01-03 07:50:00,601.4000,601.4000,601.2000,601.2000,95
2025-01-03 07:53:00,601.2400,601.2400,601.2000,601.2200,51
2025-01-03 07:54:00,601.4500,601.4600,601.4500,601.4600,28
2025-01-03 07:55:00,601.4600,601.5000,601.3100,601.5000,112
2025-01-03 07:56:00,601.4900,601.4900,601.4900,601.4900,8
2025-01-03 07:58:00,601.4700,601.4700,601.4700,601.4700,20
2025-01-03 07:59:00,601.4300,601.4500,601.4300,601.4500,104
2025-01-03 08:00:00,601.5092,602.8705,599.2400,601.2650,11853
2025-01-03 08:01:00,601.4300,602.1800,600.5000,601.5400,2132
2025-01-03 08:02:00,601.4300,601.6864,599.2400,601.6500,157
2025-01-03 08:03:00,601.3200,601.7000,601.3200,601.7000,495
2025-01-03 08:04:00,601.6100,602.0000,601.6100,601.9000,655
2025-01-03 08:05:00,601.9000,602.0000,601.8800,602.0000,360
2025-01-03 08:06:00,602.0000,602.0000,601.6350,601.6350,244
2025-01-03 08:07:00,601.6450,602.0000,601.6450,601.8800,76
2025-01-03 08:08:00,601.9700,602.0000,601.8500,602.0000,113
2025-01-03 08:09:00,601.8600,602.0000,601.4400,601.4400,640
2025-01-03 08:10:00,601.8100,602.0000,601.4400,602.0000,59
2025-01-03 08:11:00,601.9862,602.0000,601.7250,601.9900,51
2025-01-03 08:12:00,601.8700,602.0000,601.6050,601.7500,378
2025-01-03 08:13:00,601.7700,601.9802,601.2300,601.4540,15
2025-01-03 08:14:00,601.7000,601.7900,601.2000,601.5400,25
2025-01-03 08:15:00,601.6500,601.9800,601.5000,601.5000,262
2025-01-03 08:16:00,601.9800,601.9800,601.3200,601.5500,102
2025-01-03 08:17:00,601.4800,601.9700,601.4700,601.6450,1063
2025-01-03 08:18:00,601.6500,601.9100,601.6400,601.6400,33
2025-01-03 08:19:00,601.2900,602.1700,601.2900,602.0300,2786
2025-01-03 08:20:00,602.0300,602.0300,601.4100,601.8600,1116
2025-01-03 08:21:00,601.8350,602.1500,601.8100,602.0050,304
2025-01-03 08:22:00,602.1200,602.2000,601.8200,602.0000,370
2025-01-03 08:23:00,602.1050,602.2000,602.0000,602.1200,82
2025-01-03 08:24:00,602.1200,602.2000,601.5900,602.1900,602
2025-01-03 08:25:00,602.0400,602.2000,601.5900,602.1100,744
2025-01-03 08:26:00,602.2000,602.2000,601.9750,601.9750,290
2025-01-03 08:27:00,602.2000,603.6600,601.9750,603.1500,4109
2025-01-03 08:28:00,603.1500,603.6000,603.0000,603.6000,679
2025-01-03 08:29:00,603.1400,603.5000,603.1400,603.2800,1114
2025-01-03 08:30:00,603.6900,604.0000,603.3200,603.6200,725
2025-01-03 08:31:00,603.8000,604.0000,599.2400,603.8800,350271
2025-01-03 08:32:00,603.7000,604.0000,603.6900,603.7400,481
2025-01-03 08:33:00,603.6250,604.2850,599.2400,604.2800,8610
2025-01-03 08:34:00,604.1100,605.0000,604.0100,604.8501,4101
2025-01-03 08:35:00,604.8600,605.5000,604.8000,605.0100,6275
2025-01-03 08:36:00,605.0100,605.5000,605.0000,605.3100,1519
2025-01-03 08:37:00,605.7499,605.7500,605.2400,605.2500,1184
2025-01-03 08:38:00,605.2985,605.3000,604.1400,604.3000,1803
2025-01-03 08:39:00,604.2800,604.5500,604.0000,604.2801,618
2025-01-03 08:40:00,604.2806,604.3300,603.8600,604.0000,1341
2025-01-03 08:41:00,604.0200,604.3800,603.8600,604.1500,424
2025-01-03 08:42:00,604.3250,604.5000,604.1500,604.3100,1040
2025-01-03 08:43:00,604.3500,604.5000,604.3000,604.3000,616
2025-01-03 08:44:00,604.1500,604.5000,604.1100,604.1100,10834
2025-01-03 08:45:00,604.0000,604.2000,603.8500,604.2000,1243
2025-01-03 08:46:00,604.2500,604.2500,603.6100,603.7500,888
2025-01-03 08:47:00,603.6700,603.9600,603.5000,603.6000,844
2025-01-03 08:48:00,603.9400,603.9900,603.5000,603.8600,152
2025-01-03 08:49:00,603.7500,604.0000,603.5000,603.6500,421
2025-01-03 08:50:00,603.8300,603.9200,603.5700,603.7500,97
2025-01-03 08:51:00,603.7800,603.7800,603.5000,603.5800,213
2025-01-03 08:52:00,603.5900,603.8000,603.5000,603.5000,503
2025-01-03 08:53:00,603.6250,603.7500,603.5000,603.7500,417
2025-01-03 08:54:00,603.7500,603.8600,602.9900,603.3300,2599
2025-01-03 08:55:00,602.9900,603.3400,602.0900,602.7400,1044
2025-01-03 08:56:00,602.7300,602.9800,599.2400,602.5400,2776
2025-01-03 08:57:00,602.3600,602.7000,601.8600,602.5900,1537
2025-01-03 08:58:00,602.7000,603.0300,602.0000,603.0300,1496
2025-01-03 08:59:00,603.0000,603.2100,602.4400,602.6850,2377
2025-01-03 09:00:00,602.6000,603.1000,602.4400,603.1000,74
2025-01-03 09:01:00,602.7700,603.2400,602.4400,603.0200,469
2025-01-03 09:02:00,603.1400,603.3500,602.7000,603.3200,323
2025-01-03 09:03:00,603.1500,603.2100,602.4500,602.9000,526
2025-01-03 09:04:00,603.0100,603.2600,602.6400,602.8500,799
2025-01-03 09:05:00,602.8450,603.4300,602.8350,603.0650,153
2025-01-03 09:06:00,603.2300,603.6000,602.8500,603.5900,321
2025-01-03 09:07:00,603.6000,603.6000,602.8500,602.8500,233
2025-01-03 09:08:00,603.2900,603.3500,603.1000,603.3500,121
2025-01-03 09:09:00,603.3100,603.6000,603.0200,603.5900,581
2025-01-03 09:10:00,603.6000,604.3605,603.4500,604.2800,2053
2025-01-03 09:11:00,603.9700,604.2800,603.6300,603.8808,352
2025-01-03 09:12:00,603.9800,604.0200,603.8800,603.9800,353
2025-01-03 09:13:00,603.9800,604.0200,603.8800,604.0200,1196
2025-01-03 09:14:00,603.9500,604.4444,603.9500,604.3700,1009
2025-01-03 09:15:00,604.2850,604.5000,603.5200,603.6300,2205
2025-01-03 09:16:00,603.8300,604.0700,603.5000,603.6950,298
2025-01-03 09:17:00,603.7000,604.0700,603.3200,603.7500,195
2025-01-03 09:18:00,603.7000,604.0700,603.7000,603.7500,152
2025-01-03 09:19:00,603.8100,604.5500,603.7800,604.2500,1983
2025-01-03 09:20:00,604.3900,604.5800,603.8200,604.5705,379
2025-01-03 09:21:00,604.4100,604.5800,598.2600,604.3950,451
2025-01-03 09:22:00,604.2192,604.5800,604.2100,604.3900,384
2025-01-03 09:23:00,604.5000,604.5000,604.0100,604.2000,514
2025-01-03 09:24:00,604.2000,604.2400,603.5100,603.7000,2226
2025-01-03 09:25:00,603.6100,605.5000,603.5000,604.8500,2479
2025-01-03 09:26:00,604.8500,605.0000,604.2100,604.4500,361
2025-01-03 09:27:00,604.7500,605.5000,603.3000,604.1500,5830
2025-01-03 09:28:00,604.1500,605.3000,603.9800,604.3000,907
2025-01-03 09:29:00,604.9900,605.1950,604.3000,604.5700,1704
2025-01-03 09:30:00,604.7600,605.0000,603.3600,604.4950,205129
2025-01-03 09:31:00,604.6525,606.7500,604.5000,606.4900,71409
2025-01-03 09:32:00,606.4100,607.2500,606.0800,606.3793,58950
2025-01-03 09:33:00,606.3700,607.2700,606.0100,606.9500,56439
2025-01-03 09:34:00,606.7100,607.0300,605.9000,606.4150,64229
2025-01-03 09:35:00,606.5100,607.8808,606.4200,606.8200,54320
2025-01-03 09:36:00,606.8500,607.0000,605.6400,606.5400,40830
2025-01-03 09:37:00,606.3700,607.2000,605.3801,606.2100,50634
2025-01-03 09:38:00,606.0000,607.4300,606.0000,607.2350,36877
2025-01-03 09:39:00,607.2680,608.5900,606.9900,608.4700,87415
2025-01-03 09:40:00,608.5900,608.6330,607.0000,607.7575,44370
2025-01-03 09:41:00,607.6800,608.3500,607.5500,608.1850,34232
2025-01-03 09:42:00,608.2700,608.8800,608.1823,608.8800,52951
2025-01-03 09:43:00,608.7150,609.1800,608.5501,608.9200,64918
2025-01-03 09:44:00,608.9800,609.5000,608.0552,608.4300,45036
2025-01-03 09:45:00,608.4800,608.7000,607.5000,607.7700,46941
2025-01-03 09:46:00,607.7595,607.7595,606.0622,606.1650,49763
2025-01-03 09:47:00,606.1625,606.5299,605.0000,605.0000,53162
2025-01-03 09:48:00,605.0800,605.5400,603.7369,604.4300,59963
2025-01-03 09:49:00,604.4550,604.8800,604.2000,604.7022,37727
2025-01-03 09:50:00,604.7200,605.5300,604.5300,605.0000,39790
2025-01-03 09:51:00,604.7700,604.7700,602.0000,602.1500,59966
2025-01-03 09:52:00,602.2900,602.9550,602.0000,602.3500,46725
2025-01-03 09:53:00,602.3950,603.4800,602.3150,603.3800,41202
2025-01-03 09:54:00,603.3700,603.5000,602.5601,602.9542,22762
2025-01-03 09:55:00,603.0100,603.8099,602.4000,603.4400,35544
2025-01-03 09:56:00,603.4300,604.3854,602.9000,604.0000,32211
2025-01-03 09:57:00,604.1250,604.2524,603.0000,603.0700,54106
2025-01-03 09:58:00,603.2100,603.5100,602.9600,603.5100,29681
2025-01-03 09:59:00,603.5000,603.6600,602.9000,603.3500,25074
2025-01-03 10:00:00,603.2000,603.5000,602.0000,602.3306,30914
2025-01-03 10:01:00,602.3000,602.3000,600.2459,600.7500,70331
2025-01-03 10:02:00,600.7500,602.6000,600.6000,602.1700,38217
2025-01-03 10:03:00,602.0500,603.0000,601.9100,602.3550,20868
2025-01-03 10:04:00,602.4200,604.1900,602.4200,604.0250,35206
2025-01-03 10:05:00,604.0400,604.3999,603.4900,604.1535,33031
2025-01-03 10:06:00,604.4000,604.6083,603.6554,603.8166,28633
2025-01-03 10:07:00,603.6900,603.6900,602.5000,602.5424,29043
2025-01-03 10:08:00,602.9400,603.5000,602.7000,603.2200,11247
2025-01-03 10:09:00,603.4320,603.6999,602.7900,602.9740,21676
2025-01-03 10:10:00,602.9600,603.0700,602.3001,602.4550,28480
2025-01-03 10:11:00,602.4100,602.4550,600.4800,600.5200,46885
2025-01-03 10:12:00,600.4600,600.9550,599.4001,600.8350,78700
2025-01-03 10:13:00,600.8100,600.9599,599.9710,600.5400,28438
2025-01-03 10:14:00,600.4100,601.0100,600.0700,600.3950,18071
2025-01-03 10:15:00,600.5600,600.8700,600.0000,600.2500,19564
2025-01-03 10:16:00,600.3400,600.8679,599.5600,599.9500,29630
2025-01-03 10:17:00,599.7700,600.0800,599.0983,599.3400,41395
2025-01-03 10:18:00,599.2100,600.0000,598.8047,599.4500,29825
2025-01-03 10:19:00,599.3600,599.7900,599.2800,599.5800,14852
2025-01-03 10:20:00,599.7800,599.7800,597.7078,597.7078,50994
2025-01-03 10:21:00,597.7500,597.9111,597.0101,597.5600,36367
2025-01-03 10:22:00,597.6000,598.2900,597.1300,598.2200,41603
2025-01-03 10:23:00,598.2900,599.0400,598.0100,598.8400,39038
2025-01-03 10:24:00,598.8400,599.8000,598.7000,599.5200,40050
2025-01-03 10:25:00,599.4790,600.1700,599.4790,599.7800,28415
2025-01-03 10:26:00,599.7000,599.8800,599.0000,599.3350,23368
2025-01-03 10:27:00,599.2800,599.5600,598.7476,599.3799,16091
2025-01-03 10:28:00,599.0850,599.7100,598.9200,599.6800,23157
2025-01-03 10:29:00,599.5300,599.7586,599.3000,599.3000,11097
2025-01-03 10:30:00,599.3600,599.3600,597.6000,598.5000,29952
2025-01-03 10:31:00,598.4633,598.4633,598.0900,598.4200,9231
2025-01-03 10:32:00,598.4327,598.7200,598.2410,598.4100,27722
2025-01-03 10:33:00,598.3650,599.4500,598.2830,599.4000,29743
2025-01-03 10:34:00,599.2400,599.4999,598.8400,599.4480,19145
2025-01-03 10:35:00,599.2492,599.9000,598.9500,599.8900,18774
2025-01-03 10:36:00,599.9026,600.0000,599.2600,599.3700,40045
2025-01-03 10:37:00,599.4450,599.6500,598.3600,598.6301,16358
2025-01-03 10:38:00,598.9973,598.9973,597.8000,598.4200,23850
2025-01-03 10:39:00,598.5600,598.6490,597.9000,598.2900,9836
2025-01-03 10:40:00,598.3200,598.7400,598.0601,598.4900,15168
2025-01-03 10:41:00,598.4900,599.5050,598.4600,599.3500,26900
2025-01-03 10:42:00,599.2000,600.0000,599.2000,599.8400,35773
2025-01-03 10:43:00,599.7800,599.7900,599.2600,599.5650,11922
2025-01-03 10:44:00,599.7200,599.8700,598.8385,599.3300,16540
2025-01-03 10:45:00,599.4500,599.8900,599.3700,599.7204,13538
2025-01-03 10:46:00,599.8300,600.0000,599.1641,599.4000,20514
2025-01-03 10:47:00,599.6099,599.7300,599.2500,599.4800,12319
2025-01-03 10:48:00,599.6180,599.7600,599.0100,599.3500,8137
2025-01-03 10:49:00,599.0800,599.6099,598.9900,599.2550,14343
2025-01-03 10:50:00,599.1300,599.3950,598.3500,598.5959,14028
2025-01-03 10:51:00,598.6627,598.8000,598.1900,598.2300,8960
2025-01-03 10:52:00,598.1417,599.0484,598.1417,598.3400,13839
2025-01-03 10:53:00,598.2100,598.3250,597.5369,597.9916,20584
2025-01-03 10:54:00,598.0000,598.0900,597.5000,597.9868,12369
2025-01-03 10:55:00,597.9050,598.0596,597.5200,597.7200,12528
2025-01-03 10:56:00,597.6600,598.2600,597.6600,598.2600,12423
2025-01-03 10:57:00,598.1500,598.3832,598.0400,598.0400,9059
2025-01-03 10:58:00,598.0925,598.9300,598.0925,598.8650,47874
2025-01-03 10:59:00,598.4950,598.7299,598.0909,598.2943,17384
2025-01-03 11:00:00,598.5600,599.0400,598.4200,598.7701,15161
2025-01-03 11:01:00,599.0200,599.0200,597.7600,598.0000,24192
2025-01-03 11:02:00,598.0000,598.5105,597.8900,598.5100,8978
2025-01-03 11:03:00,598.5500,599.2700,598.3300,599.0500,21435
2025-01-03 11:04:00,599.3000,599.4400,599.0820,599.1689,12431
2025-01-03 11:05:00,599.2100,599.4200,598.5000,598.6099,33431
2025-01-03 11:06:00,598.3340,598.6100,598.0800,598.3000,10631
2025-01-03 11:07:00,598.2050,598.3500,597.9900,598.1600,6789
2025-01-03 11:08:00,598.1700,598.3399,597.6600,597.8700,13042
2025-01-03 11:09:00,597.8700,598.1690,597.7000,597.7000,7938
2025-01-03 11:10:00,597.8100,597.9400,597.1800,597.3700,24911
2025-01-03 11:11:00,597.2200,597.3703,596.7300,596.9950,39594
2025-01-03 11:12:00,597.0800,597.7000,596.9900,597.5500,11630
2025-01-03 11:13:00,597.5034,597.8000,597.3601,597.7310,9606
2025-01-03 11:14:00,597.6600,597.8000,597.5000,597.7100,8663
2025-01-03 11:15:00,597.6050,597.6800,597.2450,597.4550,10485
2025-01-03 11:16:00,597.4700,597.5500,597.2201,597.5200,8206
2025-01-03 11:17:00,597.3400,597.3750,596.9000,597.0150,12111
2025-01-03 11:18:00,596.8900,596.9699,596.4136,596.5400,18290
2025-01-03 11:19:00,596.7000,597.4800,596.6000,597.4100,19003
2025-01-03 11:20:00,597.4100,598.0000,597.2300,597.2300,14330
2025-01-03 11:21:00,597.1500,597.4200,596.8801,597.4150,12764
2025-01-03 11:22:00,597.6793,597.8599,597.0300,597.0300,17626
2025-01-03 11:23:00,597.2209,597.5000,596.8300,597.5000,19083
2025-01-03 11:24:00,597.2730,597.9600,597.2730,597.8700,10424
2025-01-03 11:25:00,597.7500,598.0000,597.7001,597.7711,18372
2025-01-03 11:26:00,597.9800,598.3299,597.7600,598.0800,37308
2025-01-03 11:27:00,598.1561,598.4584,597.9900,598.2750,25445
2025-01-03 11:28:00,598.2750,598.4700,598.1900,598.1903,13709
2025-01-03 11:29:00,598.2900,598.7487,598.2248,598.5250,14737
2025-01-03 11:30:00,598.4600,598.6900,598.1973,598.5640,17849
2025-01-03 11:31:00,598.6900,598.8900,598.2327,598.3600,16288
2025-01-03 11:32:00,598.4750,599.3900,598.4700,599.3900,17306
2025-01-03 11:33:00,599.2501,599.7600,599.2501,599.6400,30558
2025-01-03 11:34:00,599.6700,599.9100,599.4650,599.7900,22992
2025-01-03 11:35:00,599.8600,599.9000,599.1001,599.4850,16683
2025-01-03 11:36:00,599.6900,600.3700,599.6900,600.3000,54856
2025-01-03 11:37:00,600.3700,600.6600,600.0200,600.1900,19136
2025-01-03 11:38:00,600.3600,600.3600,599.7600,599.9800,20612
2025-01-03 11:39:00,599.9831,600.4900,599.9831,600.0567,14881
2025-01-03 11:40:00,600.2100,600.5000,600.0000,600.3600,41959
2025-01-03 11:41:00,600.3227,600.5500,600.3100,600.3800,6509
2025-01-03 11:42:00,600.3800,601.4100,600.3800,601.0999,19364
2025-01-03 11:43:00,601.4300,601.5000,601.1100,601.4759,20061
2025-01-03 11:44:00,601.4150,601.5500,601.1100,601.1100,31618
2025-01-03 11:45:00,601.1500,601.7000,600.9000,601.7000,39189
2025-01-03 11:46:00,601.6200,601.9800,601.6050,601.8500,15722
2025-01-03 11:47:00,601.8200,601.9245,601.5004,601.6500,28830
2025-01-03 11:48:00,601.6550,601.9088,601.5001,601.5700,13257
2025-01-03 11:49:00,601.6050,601.8480,601.5901,601.7600,13019
2025-01-03 11:50:00,601.7650,602.1000,601.5601,602.1000,30987
2025-01-03 11:51:00,601.9500,602.0899,601.5601,601.7746,10740
2025-01-03 11:52:00,601.7900,601.9699,601.1600,601.4600,20740
2025-01-03 11:53:00,601.3700,601.9800,601.3700,601.7600,19779
2025-01-03 11:54:00,601.5101,601.8800,601.5101,601.6950,7542
2025-01-03 11:55:00,601.6000,601.8400,601.4800,601.6300,34513
2025-01-03 11:56:00,601.5200,601.7600,601.4500,601.7600,5509
2025-01-03 11:57:00,601.7500,601.7700,601.4900,601.6850,8665
2025-01-03 11:58:00,601.6900,601.7600,601.3700,601.5000,14116
2025-01-03 11:59:00,601.5550,601.5550,600.6000,600.8700,19448
2025-01-03 12:00:00,600.8700,601.6499,600.7950,601.5000,8974
2025-01-03 12:01:00,601.5550,601.6165,601.3900,601.4900,10501
2025-01-03 12:02:00,601.5050,601.5050,601.0901,601.2200,9354
2025-01-03 12:03:00,601.0900,601.4499,600.9000,601.3000,12969
2025-01-03 12:04:00,601.4100,601.5000,601.3300,601.5000,10576
2025-01-03 12:05:00,601.5900,601.9800,601.5550,601.8900,12451
2025-01-03 12:06:00,601.8900,602.1000,601.8800,602.0400,13254
2025-01-03 12:07:00,602.0000,602.0050,601.3300,601.3300,18518
2025-01-03 12:08:00,601.4150,601.5900,601.3900,601.5100,6131
2025-01-03 12:09:00,601.4800,601.6250,601.3101,601.3101,8951
2025-01-03 12:10:00,601.3000,601.7800,601.2500,601.6750,10744
2025-01-03 12:11:00,601.6750,601.6750,601.1401,601.3900,9780
2025-01-03 12:12:00,601.2300,601.3475,601.1000,601.2200,9259
2025-01-03 12:13:00,601.3450,601.5000,601.2500,601.2600,6986
2025-01-03 12:14:00,601.2200,601.4100,600.9703,600.9750,17895
2025-01-03 12:15:00,600.9200,601.5000,600.8500,601.4000,14775
2025-01-03 12:16:00,601.4900,601.6400,601.0501,601.1579,24822
2025-01-03 12:17:00,601.2100,601.5100,601.1100,601.2600,23054
2025-01-03 12:18:00,601.2450,601.2600,600.9100,601.0400,18509
2025-01-03 12:19:00,601.0800,601.0800,600.3500,600.4700,11872
2025-01-03 12:20:00,600.5500,600.9300,600.5500,600.8500,6211
2025-01-03 12:21:00,600.8550,601.2100,600.6584,601.2100,7942
2025-01-03 12:22:00,601.2300,601.5000,601.2300,601.4100,9984
2025-01-03 12:23:00,601.5000,601.5000,601.3200,601.4895,12356
2025-01-03 12:24:00,601.4800,601.7800,601.3200,601.6500,21110
2025-01-03 12:25:00,601.8400,602.0000,601.6700,601.9500,9638
2025-01-03 12:26:00,601.9700,602.9700,601.9200,602.7201,42788
2025-01-03 12:27:00,602.8820,603.1700,602.8400,603.0900,43798
2025-01-03 12:28:00,603.1500,603.3800,602.8200,602.8600,30192
2025-01-03 12:29:00,602.9000,602.9662,602.5501,602.7560,20845
2025-01-03 12:30:00,602.6800,603.1960,602.6800,602.9300,15408
2025-01-03 12:31:00,602.9800,603.1000,602.6700,602.8584,13351
2025-01-03 12:32:00,602.7550,602.7550,601.7300,601.9300,10800
2025-01-03 12:33:00,601.8600,602.6400,601.8071,602.5300,17237
2025-01-03 12:34:00,602.5400,602.6377,602.2800,602.3000,7211
2025-01-03 12:35:00,602.2700,602.8259,602.2700,602.4100,19866
2025-01-03 12:36:00,602.3600,602.4220,602.1400,602.3500,5023
2025-01-03 12:37:00,602.3300,602.5000,602.2100,602.4650,9391
2025-01-03 12:38:00,602.4650,602.5000,602.0000,602.0000,8330
2025-01-03 12:39:00,602.1764,602.2593,601.9500,602.0500,4574
2025-01-03 12:40:00,602.1350,602.7900,602.0830,602.7400,11801
2025-01-03 12:41:00,602.6070,602.8299,602.2100,602.2700,9978
2025-01-03 12:42:00,602.2950,602.3495,602.0900,602.3399,5038
2025-01-03 12:43:00,602.1700,602.5200,602.0560,602.3300,10616
2025-01-03 12:44:00,602.5100,602.7599,602.3750,602.6280,13826
2025-01-03 12:45:00,602.6400,602.6700,602.5000,602.5377,6476
2025-01-03 12:46:00,602.7300,602.8700,602.5627,602.6400,6241
2025-01-03 12:47:00,602.7300,603.0000,602.7300,603.0000,8619
2025-01-03 12:48:00,602.7801,602.9300,602.6600,602.9200,8648
2025-01-03 12:49:00,602.7301,603.4200,602.7301,603.2500,19603
2025-01-03 12:50:00,603.3700,603.6500,603.3400,603.5350,42113
2025-01-03 12:51:00,603.5900,604.0000,603.5800,603.8000,40255
2025-01-03 12:52:00,603.7400,603.9600,603.6700,603.9000,12584
2025-01-03 12:53:00,603.8975,604.4400,603.8300,604.4400,41630
2025-01-03 12:54:00,604.4700,604.5000,604.2300,604.2300,11743
2025-01-03 12:55:00,604.2400,604.2400,603.8500,603.9200,17311
2025-01-03 12:56:00,603.9920,603.9920,603.6201,603.7600,19006
2025-01-03 12:57:00,603.8100,603.8738,603.7001,603.8400,3582
2025-01-03 12:58:00,603.9800,604.0200,603.8600,603.9180,7888
2025-01-03 12:59:00,603.9000,604.0199,603.8100,603.8300,16929
2025-01-03 13:00:00,604.0099,604.0099,603.7900,603.8815,8146
2025-01-03 13:01:00,603.7400,603.7900,603.4800,603.5300,9794
2025-01-03 13:02:00,603.6000,604.2700,603.6000,604.2700,33742
2025-01-03 13:03:00,604.2600,604.3900,603.6801,603.7245,13068
2025-01-03 13:04:00,603.7850,604.0900,603.7000,604.0221,6462
2025-01-03 13:05:00,603.9750,604.0900,603.8100,603.9002,14077
2025-01-03 13:06:00,603.9000,604.0300,603.7739,603.9190,12319
2025-01-03 13:07:00,603.9200,603.9900,603.8350,603.9400,6991
2025-01-03 13:08:00,603.9100,604.1800,603.8700,604.1300,56913
2025-01-03 13:09:00,604.2000,604.2900,604.0000,604.0800,12946
2025-01-03 13:10:00,604.0400,604.3800,603.9601,604.2850,15200
2025-01-03 13:11:00,604.3050,604.6000,604.2300,604.4200,14361
2025-01-03 13:12:00,604.3300,604.3750,603.8101,603.9287,20015
2025-01-03 13:13:00,603.8500,604.0300,603.8001,604.0300,6376
2025-01-03 13:14:00,603.9250,604.0800,603.8000,604.0726,6631
2025-01-03 13:15:00,604.0100,604.3299,603.8200,603.9300,15895
2025-01-03 13:16:00,603.7300,603.8500,603.6500,603.7600,7666
2025-01-03 13:17:00,603.7500,604.0927,603.5700,603.9600,13913
2025-01-03 13:18:00,603.9350,605.2000,603.9350,605.0600,47038
2025-01-03 13:19:00,605.1300,605.1800,604.7000,604.8800,21423
2025-01-03 13:20:00,604.8850,605.7000,604.7800,605.4800,36873
2025-01-03 13:21:00,605.5800,605.6900,605.4100,605.4700,21165
2025-01-03 13:22:00,605.5100,605.6000,605.0700,605.1050,29552
2025-01-03 13:23:00,605.0650,605.1831,604.8800,605.1746,10993
2025-01-03 13:24:00,605.1250,605.4900,604.5900,604.8350,15666
2025-01-03 13:25:00,604.8850,605.0600,604.8700,605.0400,6786
2025-01-03 13:26:00,605.0500,605.1020,604.8800,605.0250,8422
2025-01-03 13:27:00,605.0000,605.0400,604.5700,604.7096,15310
2025-01-03 13:28:00,604.7250,604.9400,604.6100,604.8950,9299
2025-01-03 13:29:00,604.9050,605.4464,604.8200,605.2650,17696
2025-01-03 13:30:00,605.2500,605.3550,605.0900,605.3300,11495
2025-01-03 13:31:00,605.3800,605.6000,605.3215,605.5000,22858
2025-01-03 13:32:00,605.4450,605.7100,605.0650,605.2000,22999
2025-01-03 13:33:00,605.2500,605.2800,604.8900,605.0000,14005
2025-01-03 13:34:00,605.2000,605.3599,605.0400,605.3599,7353
2025-01-03 13:35:00,605.1737,605.4850,605.0241,605.4850,8516
2025-01-03 13:36:00,605.4100,605.5052,605.1500,605.1500,11021
2025-01-03 13:37:00,605.2000,605.2000,604.9000,604.9300,13351
2025-01-03 13:38:00,604.9300,605.5000,604.8600,605.5000,19176
2025-01-03 13:39:00,605.4900,605.8400,605.4050,605.6800,36072
2025-01-03 13:40:00,605.7300,606.0000,605.5000,605.7400,19555
2025-01-03 13:41:00,605.7450,605.9300,605.6121,605.7650,4719
2025-01-03 13:42:00,605.7450,605.8599,605.5200,605.6500,12813
2025-01-03 13:43:00,605.7117,605.7117,605.5501,605.5501,6823
2025-01-03 13:44:00,605.6250,605.6967,605.2700,605.3000,17077
2025-01-03 13:45:00,605.4200,605.7600,605.2900,605.5000,19227
2025-01-03 13:46:00,605.6108,605.6108,605.0800,605.1550,6937
2025-01-03 13:47:00,605.1650,605.1650,604.9157,605.1400,6603
2025-01-03 13:48:00,605.0900,605.5202,605.0850,605.3211,11798
2025-01-03 13:49:00,605.3800,605.3900,605.1000,605.3700,6914
2025-01-03 13:50:00,605.2000,605.2350,605.0000,605.0400,6464
2025-01-03 13:51:00,605.0200,605.1000,604.8001,604.8950,8527
2025-01-03 13:52:00,604.8950,604.8950,604.6100,604.6541,7598
2025-01-03 13:53:00,604.7300,604.7300,604.5500,604.6700,5828
2025-01-03 13:54:00,604.5500,604.6600,604.3700,604.5250,12923
2025-01-03 13:55:00,604.5950,604.6400,604.3614,604.3614,8402
2025-01-03 13:56:00,604.3023,604.4700,604.1800,604.1993,9823
2025-01-03 13:57:00,604.2700,604.5000,604.2600,604.2700,13770
2025-01-03 13:58:00,604.3700,604.5100,604.3700,604.5000,7027
2025-01-03 13:59:00,604.5100,604.6900,603.5700,603.9100,35707
2025-01-03 14:00:00,603.8200,604.0700,603.5300,603.9229,14293
2025-01-03 14:01:00,604.0200,604.2699,603.9600,604.1600,4375
2025-01-03 14:02:00,604.2700,604.7367,604.2250,604.6300,16699
2025-01-03 14:03:00,604.6850,604.7050,604.6100,604.6300,4991
2025-01-03 14:04:00,604.5700,605.0300,604.5700,604.7800,25775
2025-01-03 14:05:00,604.7800,604.7800,604.3158,604.3650,10295
2025-01-03 14:06:00,604.3650,604.7000,604.2170,604.6750,9523
2025-01-03 14:07:00,604.7100,604.9500,604.5300,604.8260,8302
2025-01-03 14:08:00,604.9000,604.9461,604.6900,604.8800,10216
2025-01-03 14:09:00,604.8100,605.0000,604.3670,604.3670,8989
2025-01-03 14:10:00,604.3600,604.7121,604.3600,604.5300,6374
2025-01-03 14:11:00,604.4600,604.4600,604.2285,604.3203,12020
2025-01-03 14:12:00,604.2700,604.5700,604.1000,604.5700,10722
2025-01-03 14:13:00,604.5750,604.9690,604.5674,604.9690,7565
2025-01-03 14:14:00,604.9400,605.0000,604.9300,604.9600,11822
2025-01-03 14:15:00,604.9400,604.9400,604.7600,604.8400,15656
2025-01-03 14:16:00,604.7700,605.0000,604.7700,605.0000,10955
2025-01-03 14:17:00,604.9200,605.0000,604.7700,605.0000,9776
2025-01-03 14:18:00,605.0000,605.2500,604.9836,605.0000,25453
2025-01-03 14:19:00,604.9700,605.2250,604.9700,605.1201,6788
2025-01-03 14:20:00,605.1850,605.3100,604.8600,604.9600,15907
2025-01-03 14:21:00,604.9784,604.9820,604.7423,604.7700,5384
2025-01-03 14:22:00,604.8500,605.0250,604.8500,605.0200,6106
2025-01-03 14:23:00,604.9950,605.0200,604.8501,604.9600,4903
2025-01-03 14:24:00,605.0000,605.0100,604.5700,604.6300,8872
2025-01-03 14:25:00,604.7400,604.7400,604.5200,604.7000,6521
2025-01-03 14:26:00,604.6650,604.7000,604.5860,604.7000,7186
2025-01-03 14:27:00,604.7000,604.8507,604.6500,604.7108,7645
2025-01-03 14:28:00,604.7250,604.9100,604.7250,604.9100,8663
2025-01-03 14:29:00,604.9100,605.0700,604.8500,605.0000,15217
2025-01-03 14:30:00,605.0000,605.0700,604.8500,605.0000,8238
2025-01-03 14:31:00,604.9700,604.9700,604.7900,604.7900,5136
2025-01-03 14:32:00,604.7700,605.1500,604.7700,605.1500,7982
2025-01-03 14:33:00,605.0436,605.1800,605.0436,605.1800,4275
2025-01-03 14:34:00,605.1300,605.1800,605.0600,605.1000,4698
2025-01-03 14:35:00,605.1000,605.2700,605.0826,605.2360,4455
2025-01-03 14:36:00,605.2200,605.4900,605.2200,605.3850,10222
2025-01-03 14:37:00,605.3750,605.4500,605.2000,605.3650,9774
2025-01-03 14:38:00,605.3650,605.6500,605.3650,605.6500,7389
2025-01-03 14:39:00,605.6500,605.9100,605.5600,605.9100,10345
2025-01-03 14:40:00,605.8800,606.0100,605.7521,606.0000,20403
2025-01-03 14:41:00,606.0000,606.0100,605.7340,605.8000,9780
2025-01-03 14:42:00,605.8800,606.0700,605.8600,606.0700,6083
2025-01-03 14:43:00,606.0000,606.1500,605.8200,606.1100,20777
2025-01-03 14:44:00,606.0800,606.2300,606.0600,606.1250,13231
2025-01-03 14:45:00,606.0503,606.2800,605.9301,606.2600,17075
2025-01-03 14:46:00,606.2600,606.5000,606.2500,606.5000,18142
2025-01-03 14:47:00,606.5000,606.5000,606.1800,606.4000,24900
2025-01-03 14:48:00,606.3650,606.4500,606.2301,606.3100,3701
2025-01-03 14:49:00,606.4050,606.4200,606.2400,606.2450,12570
2025-01-03 14:50:00,606.2450,606.2799,606.1700,606.2600,5941
2025-01-03 14:51:00,606.2050,606.2100,606.0100,606.2100,12601
2025-01-03 14:52:00,606.1800,606.2800,606.0130,606.0700,5872
2025-01-03 14:53:00,606.0700,606.0808,605.8300,605.9950,16568
2025-01-03 14:54:00,606.0400,606.2800,605.9500,606.0482,11887
2025-01-03 14:55:00,605.9564,606.0000,605.7900,605.9300,6382
2025-01-03 14:56:00,605.8700,605.8700,605.5929,605.7400,10920
2025-01-03 14:57:00,605.7100,605.7100,605.7100,605.7100,2328
2025-01-03 14:58:00,605.8050,605.9900,605.8050,605.8100,9281
2025-01-03 14:59:00,605.7700,605.8950,605.7513,605.7513,3445
2025-01-03 15:00:00,605.7500,605.7600,604.8500,605.1000,24987
2025-01-03 15:01:00,604.8850,604.9149,604.4700,604.5400,13752
2025-01-03 15:02:00,604.6200,604.9800,604.5300,604.8100,7831
2025-01-03 15:03:00,604.8100,604.9400,604.6800,604.7750,8170
2025-01-03 15:04:00,604.6000,604.6826,604.3000,604.4000,8433
2025-01-03 15:05:00,604.5001,604.5298,604.2900,604.3800,10261
2025-01-03 15:06:00,604.3950,604.6500,604.3950,604.4027,8187
2025-01-03 15:07:00,604.5300,604.7200,604.4200,604.7100,8639
2025-01-03 15:08:00,604.7200,605.0000,604.6957,604.7500,19471
2025-01-03 15:09:00,604.8250,604.8500,604.4100,604.4100,51098
2025-01-03 15:10:00,604.4000,604.4000,604.0000,604.2000,27165
2025-01-03 15:11:00,604.3500,604.3500,604.0390,604.1927,7454
2025-01-03 15:12:00,604.1100,604.1600,603.7536,603.8000,14290
2025-01-03 15:13:00,603.8300,603.9500,603.7679,603.8350,8503
2025-01-03 15:14:00,603.8800,603.9800,603.8800,603.9800,5832
2025-01-03 15:15:00,603.8800,604.0699,603.8400,603.9700,10700
2025-01-03 15:16:00,603.9950,603.9950,603.6501,603.8100,19556
2025-01-03 15:17:00,603.9310,603.9800,603.6801,603.8600,8212
2025-01-03 15:18:00,603.8800,603.9799,603.8100,603.9300,8734
2025-01-03 15:19:00,603.9000,604.0100,603.8500,603.8620,12180
2025-01-03 15:20:00,603.8400,603.8950,603.5900,603.8100,9927
2025-01-03 15:21:00,603.7227,603.8700,603.5580,603.5580,6163
2025-01-03 15:22:00,603.6050,604.0500,603.3701,603.9100,22587
2025-01-03 15:23:00,603.9050,603.9899,603.4600,603.4600,7446
2025-01-03 15:24:00,603.5837,603.6399,603.4000,603.4400,8026
2025-01-03 15:25:00,603.4400,603.5000,603.2800,603.4200,12822
2025-01-03 15:26:00,603.3200,603.3800,603.2100,603.3600,8649
2025-01-03 15:27:00,603.2950,603.5500,603.2650,603.5300,9988
2025-01-03 15:28:00,603.6000,603.8200,603.5900,603.6491,10787
2025-01-03 15:29:00,603.6500,603.6500,603.3200,603.5750,14250
2025-01-03 15:30:00,603.4301,603.6000,603.3000,603.3000,13670
2025-01-03 15:31:00,603.3125,603.4100,603.1200,603.2100,12820
2025-01-03 15:32:00,603.2000,603.4200,603.0200,603.0200,19846
2025-01-03 15:33:00,603.0201,603.1199,602.8600,602.8600,10562
2025-01-03 15:34:00,602.8300,603.2299,602.8300,603.1100,11881
2025-01-03 15:35:00,603.1220,603.2200,603.0000,603.0900,9146
2025-01-03 15:36:00,603.1923,603.1923,602.8643,602.9900,11235
2025-01-03 15:37:00,603.1199,603.5400,602.8788,603.4412,12898
2025-01-03 15:38:00,603.5014,603.8200,603.3772,603.6430,22707
2025-01-03 15:39:00,603.6400,603.9699,603.5800,603.6300,19526
2025-01-03 15:40:00,603.6400,603.8199,603.5100,603.7100,16396
2025-01-03 15:41:00,603.7100,603.7717,603.5000,603.7300,12888
2025-01-03 15:42:00,603.6085,603.7828,603.5601,603.6500,9322
2025-01-03 15:43:00,603.6800,603.7900,603.5300,603.5500,24746
2025-01-03 15:44:00,603.5600,603.8200,603.4700,603.4700,8600
2025-01-03 15:45:00,603.5350,603.6000,603.4100,603.4100,14641
2025-01-03 15:46:00,603.4600,603.6550,603.4100,603.6400,10291
2025-01-03 15:47:00,603.6400,603.7700,603.4500,603.5100,14015
2025-01-03 15:48:00,603.4500,603.4960,603.2300,603.3300,14933
2025-01-03 15:49:00,603.4000,603.5800,603.2450,603.4600,22922
2025-01-03 15:50:00,603.4200,603.6875,603.3300,603.4100,20388
2025-01-03 15:51:00,603.4100,603.4465,603.1605,603.1800,29133
2025-01-03 15:52:00,603.1950,603.4700,603.0300,603.3600,21316
2025-01-03 15:53:00,603.4100,603.7250,603.4100,603.5400,28752
2025-01-03 15:54:00,603.4900,604.8600,603.4100,604.1450,41957
2025-01-03 15:55:00,604.1300,604.7900,604.1100,604.6000,51842
2025-01-03 15:56:00,604.5375,604.5900,604.2500,604.3500,41269
2025-01-03 15:57:00,604.3500,604.3800,604.1300,604.1800,42846
2025-01-03 15:58:00,604.2200,604.6800,604.0900,604.5001,71509
2025-01-03 15:59:00,604.6200,605.0000,604.4200,604.4600,124937
2025-01-03 16:00:00,604.4600,605.5000,603.5000,604.0000,2595321
2025-01-03 16:01:00,604.5100,604.8500,604.0000,604.0150,43352
2025-01-03 16:02:00,604.4700,604.4700,603.5000,603.7600,1624
2025-01-03 16:03:00,603.9999,604.6300,602.8000,603.2750,410
2025-01-03 16:04:00,603.5500,603.9700,603.4000,603.7500,48
2025-01-03 16:05:00,604.6300,604.6300,603.5000,603.7750,834
2025-01-03 16:06:00,603.6580,604.6300,603.6580,604.3100,2905
2025-01-03 16:07:00,604.1100,604.6300,604.0000,604.0100,275
2025-01-03 16:08:00,604.5900,604.5900,604.1900,604.1900,294
2025-01-03 16:09:00,604.5700,604.6300,604.0000,604.6300,7237
2025-01-03 16:10:00,604.2900,604.2900,603.7600,603.7600,803
2025-01-03 16:11:00,603.7600,604.1400,603.2200,604.1400,25
2025-01-03 16:12:00,604.0000,604.2900,603.6600,603.7550,167
2025-01-03 16:13:00,603.2200,604.6300,603.2200,603.8950,16118
2025-01-03 16:14:00,603.5000,604.2900,603.2200,603.7550,321
2025-01-03 16:15:00,604.6300,604.6300,603.2200,603.2500,268
2025-01-03 16:16:00,603.8000,604.2000,603.2700,603.7350,321
2025-01-03 16:17:00,604.0000,604.0500,603.7350,604.0500,19
2025-01-03 16:18:00,604.0900,604.2000,603.7350,603.7350,193
2025-01-03 16:19:00,604.2000,604.2000,603.5152,604.1100,382
2025-01-03 16:20:00,604.6300,604.6300,603.2700,603.8500,1642
2025-01-03 16:21:00,603.8500,604.1900,603.5200,603.8450,24
2025-01-03 16:22:00,603.8500,603.8500,603.5172,603.8450,12
2025-01-03 16:23:00,603.8500,604.1900,603.5100,604.1900,62
2025-01-03 16:24:00,603.5000,604.1900,603.5000,603.5172,12
2025-01-03 16:25:00,603.6100,604.6300,603.5000,604.1900,7198
2025-01-03 16:26:00,603.6600,604.0500,603.5700,604.0000,112
2025-01-03 16:27:00,603.8450,604.1752,603.6100,603.8450,365
2025-01-03 16:28:00,603.5700,604.0362,603.5100,603.5100,393
2025-01-03 16:29:00,603.5200,604.0000,603.5000,603.5100,101
2025-01-03 16:30:00,603.8450,604.1800,603.5100,604.1630,27
2025-01-03 16:31:00,603.5012,603.8400,603.5000,603.7800,191
2025-01-03 16:32:00,603.8400,603.8400,603.7300,603.7300,105
2025-01-03 16:33:00,603.7200,604.1800,603.6100,603.8500,32
2025-01-03 16:34:00,604.1630,604.1700,603.6200,603.8900,12
2025-01-03 16:35:00,603.8900,604.6300,603.8200,604.1700,53
2025-01-03 16:36:00,603.6500,603.8800,603.6500,603.8800,23
2025-01-03 16:37:00,604.0400,604.0400,603.6000,603.6600,10
2025-01-03 16:38:00,603.8200,604.6300,603.6500,603.9200,409
2025-01-03 16:39:00,604.1500,604.1500,603.6045,604.1400,1074
2025-01-03 16:40:00,603.8800,604.0000,603.6000,604.0000,569
2025-01-03 16:41:00,603.7800,603.9999,603.6000,603.6100,20
2025-01-03 16:42:00,603.7700,604.0000,603.6100,603.9900,409
2025-01-03 16:43:00,603.7700,603.9900,603.7700,603.9900,7
2025-01-03 16:44:00,604.6300,604.6300,603.6012,603.9900,260699
2025-01-03 16:45:00,603.6585,604.6300,603.6585,603.9600,2255
2025-01-03 16:46:00,603.7900,603.8000,603.6345,603.6500,686
2025-01-03 16:47:00,603.6750,603.6750,603.6500,603.6512,152
2025-01-03 16:48:00,603.7000,603.7100,603.6250,603.6250,351
2025-01-03 16:49:00,603.6200,603.6500,603.5000,603.6500,563
2025-01-03 16:50:00,603.5000,603.6500,568.8662,603.5200,2169
2025-01-03 16:51:00,603.5100,603.5100,603.5100,603.5100,3
2025-01-03 16:52:00,603.5250,603.5250,603.5000,603.5100,135
2025-01-03 16:53:00,603.5100,603.5500,603.5000,603.5250,147
2025-01-03 16:54:00,603.5500,603.5500,603.5250,603.5250,12
2025-01-03 16:55:00,603.5250,603.5500,574.4235,603.5000,169
2025-01-03 16:56:00,603.5000,634.0788,568.8662,568.8662,223
2025-01-03 16:57:00,603.5488,603.5500,603.2200,603.5000,165
2025-01-03 16:58:00,603.2350,603.5500,603.2350,603.2500,155
2025-01-03 16:59:00,603.2500,640.3011,603.2500,640.3011,227
2025-01-03 17:00:00,603.5000,634.0788,603.2212,603.3600,27
2025-01-03 17:01:00,603.3600,640.3011,603.2800,603.4930,183
2025-01-03 17:02:00,603.3600,603.3600,603.3000,603.3600,43
2025-01-03 17:03:00,603.4800,603.4900,574.4235,603.4900,160
2025-01-03 17:04:00,603.2200,603.4100,603.2200,603.4100,41
2025-01-03 17:05:00,603.5000,604.6300,603.3600,603.4930,4223
2025-01-03 17:06:00,603.3600,603.5000,603.2200,603.3600,53
2025-01-03 17:07:00,603.3600,603.4999,603.3600,603.4000,42
2025-01-03 17:08:00,603.3600,603.6700,603.2200,603.5000,1174
2025-01-03 17:09:00,603.8758,604.6300,603.3500,603.6700,1209609
2025-01-03 17:10:00,603.6700,603.6700,603.4300,603.6700,21
2025-01-03 17:11:00,603.6700,603.9740,603.4600,603.5100,15
2025-01-03 17:12:00,603.7500,603.7500,603.6700,603.6700,37
2025-01-03 17:13:00,603.6700,603.8000,603.6000,603.8000,110
2025-01-03 17:14:00,603.6000,603.7100,603.5000,603.5000,17
2025-01-03 17:15:00,603.6000,603.8000,603.4012,603.6000,110
2025-01-03 17:16:00,603.7500,603.7825,603.5000,603.7000,61
2025-01-03 17:17:00,603.5600,603.9000,603.5000,603.7000,110
2025-01-03 17:18:00,603.6000,603.7000,603.5000,603.5000,167
2025-01-03 17:19:00,603.6000,603.6988,603.5000,603.6000,19
2025-01-03 17:20:00,603.6000,603.6000,603.5500,603.6000,19
2025-01-03 17:21:00,603.6000,603.6000,603.4050,603.4200,436
2025-01-03 17:22:00,603.5000,603.5000,603.4500,603.4500,155
2025-01-03 17:23:00,603.4000,603.4984,603.4000,603.4100,63
2025-01-03 17:24:00,603.4100,603.5000,603.4100,603.4100,9
2025-01-03 17:25:00,603.4100,603.4800,603.4100,603.4800,5
2025-01-03 17:26:00,603.4800,603.4999,603.4150,603.4800,104
2025-01-03 17:27:00,603.4900,603.4900,603.3000,603.3985,234
2025-01-03 17:28:00,603.3000,603.4000,603.2500,603.4000,306
2025-01-03 17:29:00,603.3800,603.4000,603.2600,603.3750,49
2025-01-03 17:30:00,603.3750,603.5000,603.3700,603.4900,158
2025-01-03 17:31:00,603.3800,603.5000,603.2600,603.3800,43
2025-01-03 17:32:00,603.5000,603.5000,603.4400,603.4996,19
2025-01-03 17:33:00,603.4500,603.5000,603.4400,603.5000,23
2025-01-03 17:34:00,603.5000,603.5000,603.4200,603.4200,147
2025-01-03 17:35:00,603.4400,603.4900,603.3800,603.3800,158
2025-01-03 17:36:00,603.4400,603.5000,603.4400,603.4985,2605
2025-01-03 17:37:00,603.4500,603.4996,603.3915,603.4273,198
2025-01-03 17:38:00,603.4400,603.4900,603.4400,603.4400,6
2025-01-03 17:39:00,603.4900,603.4900,603.4400,603.4400,39
2025-01-03 17:40:00,603.4900,603.5000,603.4400,603.4400,256
2025-01-03 17:41:00,603.4500,603.4500,603.4400,603.4400,42
2025-01-03 17:42:00,603.4750,603.4750,603.4500,603.4503,67
2025-01-03 17:43:00,603.3800,603.5000,603.3800,603.4900,13
2025-01-03 17:44:00,603.4900,603.4995,603.3800,603.4995,79
2025-01-03 17:45:00,603.5000,603.7000,603.3800,603.7000,1004
2025-01-03 17:46:00,603.4700,603.5500,603.4700,603.4756,16
2025-01-03 17:47:00,603.5500,603.5500,603.5500,603.5500,25
2025-01-03 17:48:00,603.5440,603.7000,603.5440,603.7000,21
2025-01-03 17:49:00,603.7000,603.7000,603.5500,603.5500,30
2025-01-03 17:50:00,603.6500,603.6500,603.5500,603.6500,12
2025-01-03 17:51:00,603.6000,603.6500,603.5500,603.6500,15
2025-01-03 17:52:00,603.5500,603.7000,603.4000,603.6988,27
2025-01-03 17:53:00,603.4075,603.6000,603.4075,603.6000,4
2025-01-03 17:54:00,603.6000,603.6000,603.4000,603.5900,126
2025-01-03 17:55:00,603.5000,603.5567,603.5000,603.5567,4
2025-01-03 17:56:00,603.5000,603.5000,603.5000,603.5000,3
2025-01-03 17:57:00,603.5000,603.5800,603.5000,603.5800,3
2025-01-03 17:58:00,603.5000,603.5962,603.4500,603.5250,130
2025-01-03 17:59:00,603.5900,603.7000,603.5001,603.5500,461
2025-01-03 18:00:00,603.5000,603.7000,603.5000,603.7000,899
2025-01-03 18:01:00,603.7000,604.0000,603.5000,604.0000,453
2025-01-03 18:02:00,604.1000,604.2000,604.0000,604.1000,64
2025-01-03 18:03:00,604.1000,604.2000,604.0100,604.1000,52
2025-01-03 18:04:00,604.0190,604.6219,604.0154,604.4899,1073
2025-01-03 18:05:00,604.4800,604.4800,604.2000,604.3450,9
2025-01-03 18:06:00,604.3400,604.4899,604.2000,604.2000,786
2025-01-03 18:07:00,604.2000,604.2000,604.0100,604.1000,405
2025-01-03 18:08:00,604.1050,604.2000,604.1000,604.1000,195
2025-01-03 18:09:00,604.2000,604.2000,604.1100,604.1100,18
2025-01-03 18:10:00,604.1100,604.2000,604.1100,604.2000,46
2025-01-03 18:11:00,604.1100,604.2500,604.0200,604.2000,3275
2025-01-03 18:12:00,604.2000,604.4000,604.0300,604.1997,401
2025-01-03 18:13:00,604.1050,604.2000,604.1050,604.1050,12
2025-01-03 18:14:00,604.1050,604.1050,604.1050,604.1050,2
2025-01-03 18:15:00,604.1050,604.2000,604.1050,604.1800,246
2025-01-03 18:16:00,604.1800,604.1800,604.0100,604.1050,11
2025-01-03 18:17:00,604.0147,604.1050,604.0100,604.1050,205
2025-01-03 18:18:00,604.0100,604.1984,604.0100,604.1984,11
2025-01-03 18:19:00,604.1000,604.1992,604.1000,604.1050,52
2025-01-03 18:20:00,604.1900,604.2000,604.0100,604.1050,647
2025-01-03 18:21:00,604.1200,604.2000,604.1050,604.1050,90
2025-01-03 18:22:00,604.1050,604.1500,604.0112,604.0112,84
2025-01-03 18:23:00,604.1000,604.1000,604.0100,604.1000,150
2025-01-03 18:24:00,604.0550,604.1000,604.0100,604.0550,12
2025-01-03 18:25:00,604.0500,604.1000,604.0100,604.1000,65
2025-01-03 18:26:00,604.1050,604.2000,604.1050,604.2000,2
2025-01-03 18:27:00,604.1000,604.1050,604.0100,604.1050,9
2025-01-03 18:28:00,604.1000,604.1050,604.1000,604.1050,32
2025-01-03 18:29:00,604.1050,604.1500,604.1000,604.1000,156
2025-01-03 18:30:00,604.4000,604.4000,604.1900,604.2050,35
2025-01-03 18:31:00,604.2000,604.2500,604.0100,604.1100,135
2025-01-03 18:32:00,604.2000,604.2000,604.0100,604.0550,188
2025-01-03 18:33:00,604.1000,604.4900,604.1000,604.2000,301
2025-01-03 18:34:00,604.3000,604.3000,604.2500,604.2500,3
2025-01-03 18:35:00,604.2500,604.4800,604.2500,604.4000,15
2025-01-03 18:36:00,604.3600,604.4900,604.0100,604.2500,55
2025-01-03 18:37:00,604.0100,604.4800,604.0100,604.2500,60
2025-01-03 18:38:00,604.1500,604.4899,604.1500,604.3000,21
2025-01-03 18:39:00,604.1600,604.3050,604.1200,604.3050,12
2025-01-03 18:40:00,604.1600,604.2600,604.1400,604.2600,5
2025-01-03 18:41:00,604.1200,604.4450,604.1200,604.4000,1002
2025-01-03 18:42:00,604.4888,604.4888,604.2500,604.2500,6
2025-01-03 18:43:00,604.2500,604.2500,604.2050,604.2050,2
2025-01-03 18:44:00,604.3000,604.4000,604.1200,604.2050,23
2025-01-03 18:45:00,604.0100,604.3900,604.0000,604.3899,650
2025-01-03 18:46:00,603.5000,604.4000,603.5000,604.4000,86
2025-01-03 18:47:00,603.8000,604.2000,603.8000,604.2000,58
2025-01-03 18:48:00,604.0200,604.1250,604.0200,604.1250,11
2025-01-03 18:49:00,603.8637,604.4000,603.8637,603.9500,84
2025-01-03 18:50:00,604.3988,604.3988,603.5000,603.9050,1025
2025-01-03 18:51:00,604.2000,604.3000,603.5927,604.2800,2013
2025-01-03 18:52:00,604.2050,604.3099,604.2050,604.2050,5
2025-01-03 18:53:00,604.1200,604.3100,604.1100,604.1100,114
2025-01-03 18:54:00,604.3099,604.3100,604.1000,604.3100,304
2025-01-03 18:55:00,604.3082,604.3082,604.1550,604.1550,471
2025-01-03 18:56:00,604.2000,604.2000,604.0077,604.0077,6
2025-01-03 18:57:00,604.2000,604.3100,604.2000,604.3100,43
2025-01-03 18:58:00,604.2000,604.3100,604.2000,604.3100,70
2025-01-03 18:59:00,604.1550,604.2000,604.1000,604.1000,14
2025-01-03 19:00:00,604.1550,604.3100,604.0700,604.3100,280
2025-01-03 19:01:00,604.1550,604.3100,604.0000,604.3100,7
2025-01-03 19:02:00,604.1550,604.3100,604.0000,604.3099,53
2025-01-03 19:03:00,604.2050,604.3000,604.2050,604.2050,75
2025-01-03 19:04:00,604.3000,604.3100,604.2050,604.2050,25
2025-01-03 19:05:00,604.1900,604.2050,604.1900,604.2050,3
2025-01-03 19:06:00,604.2200,604.2482,604.1750,604.2482,11
2025-01-03 19:07:00,604.2200,604.2200,604.1000,604.1750,99
2025-01-03 19:08:00,604.1800,604.3100,604.1400,604.2050,146
2025-01-03 19:09:00,604.3100,604.3100,604.1052,604.2900,511
2025-01-03 19:10:00,604.2900,604.3100,604.0660,604.0660,66
2025-01-03 19:11:00,604.3100,604.3100,604.1550,604.1800,13
2025-01-03 19:12:00,604.1550,604.1550,604.1550,604.1550,2
2025-01-03 19:13:00,604.3100,604.3100,604.1550,604.1550,4
2025-01-03 19:14:00,604.1550,604.1550,604.1550,604.1550,4
2025-01-03 19:15:00,604.1550,604.1550,604.1550,604.1550,3
2025-01-03 19:16:00,604.1550,604.1550,604.1550,604.1550,2
2025-01-03 19:17:00,604.0077,604.1550,604.0077,604.1550,4
2025-01-03 19:18:00,604.0000,604.2900,604.0000,604.2900,55
2025-01-03 19:19:00,604.2900,604.3100,604.0000,604.0000,20
2025-01-03 19:20:00,604.2800,604.3100,604.1500,604.1500,12
2025-01-03 19:21:00,604.2800,604.2900,604.0000,604.2070,47
2025-01-03 19:22:00,604.1500,604.1500,604.1500,604.1500,1
2025-01-03 19:23:00,604.2800,604.2800,604.1500,604.1550,104
2025-01-03 19:24:00,604.1600,604.1600,604.0000,604.1500,32
2025-01-03 19:25:00,604.1550,604.1600,604.1500,604.1600,5
2025-01-03 19:26:00,604.1600,604.1600,604.1600,604.1600,1
2025-01-03 19:27:00,604.3100,604.3100,604.1900,604.2300,9
2025-01-03 19:28:00,604.2900,604.3100,604.1500,604.3100,716
2025-01-03 19:29:00,604.2300,604.2300,604.2300,604.2300,11
2025-01-03 19:30:00,604.3085,604.4000,604.2300,604.4000,20
2025-01-03 19:31:00,604.2750,604.3000,604.1500,604.3000,59
2025-01-03 19:32:00,604.3100,604.4000,604.3100,604.3100,123
2025-01-03 19:33:00,604.3800,604.4000,604.1600,604.4000,491
2025-01-03 19:34:00,604.3940,604.4000,604.3000,604.3001,369
2025-01-03 19:35:00,604.4000,604.4000,604.3000,604.4000,160
2025-01-03 19:36:00,604.3500,604.5000,604.3500,604.5000,528
2025-01-03 19:37:00,604.4992,604.5000,604.4992,604.5000,6
2025-01-03 19:38:00,604.4997,604.5000,604.4100,604.4500,46
2025-01-03 19:39:00,604.4700,604.5000,604.4350,604.4350,73
2025-01-03 19:40:00,604.4500,604.5000,604.4500,604.5000,300
2025-01-03 19:41:00,604.5100,604.5700,604.5000,604.5650,106
2025-01-03 19:42:00,604.5650,604.5650,604.5000,604.5300,233
2025-01-03 19:43:00,604.5500,604.5840,604.5300,604.5840,224
2025-01-03 19:44:00,604.5300,604.5700,604.5300,604.5700,12
2025-01-03 19:45:00,604.5500,604.5500,604.5500,604.5500,1
2025-01-03 19:46:00,604.5500,604.6000,604.5300,604.5916,112
2025-01-03 19:47:00,604.5500,604.6000,604.5500,604.6000,201
2025-01-03 19:48:00,604.5600,604.6000,604.5500,604.5700,50
2025-01-03 19:49:00,604.5500,604.6100,604.5500,604.5650,27
2025-01-03 19:50:00,604.6289,604.6289,604.5650,604.5650,6
2025-01-03 19:51:00,604.5700,604.5700,604.4700,604.4700,336
2025-01-03 19:52:00,604.5000,604.5400,604.4000,604.4000,43
2025-01-03 19:53:00,604.5400,604.6000,604.4000,604.6000,2514
2025-01-03 19:54:00,604.1717,604.5900,604.1717,604.3950,62
2025-01-03 19:55:00,604.3950,604.4200,604.1600,604.2498,120
2025-01-03 19:56:00,604.2100,604.4900,604.2050,604.4900,633
2025-01-03 19:57:00,604.4800,604.4800,604.1600,604.2600,274
2025-01-03 19:58:00,604.4050,604.5000,604.3900,604.5000,34
2025-01-03 19:59:00,604.5000,604.6300,604.3400,604.5000,128
2025-01-06 04:00:00,605.0600,606.0000,603.5000,605.4800,542
2025-01-06 04:01:00,605.4900,605.6000,605.0500,605.6000,730
2025-01-06 04:02:00,605.8100,606.1500,605.7300,606.1100,169
2025-01-06 04:03:00,605.8800,606.3300,605.7500,606.0500,93
2025-01-06 04:04:00,606.0700,607.2000,606.0400,607.2000,1739
2025-01-06 04:05:00,607.2000,607.3100,607.0000,607.2000,70
2025-01-06 04:06:00,607.1800,607.3700,607.1800,607.3400,351
2025-01-06 04:07:00,607.3400,607.8100,607.2800,607.3300,488
2025-01-06 04:08:00,607.2800,607.8900,607.2400,607.8900,315
2025-01-06 04:09:00,607.4700,607.7200,607.2900,607.6100,186
2025-01-06 04:10:00,607.3700,607.6700,607.1800,607.3200,317
2025-01-06 04:11:00,607.3200,607.8000,607.2400,607.8000,349
2025-01-06 04:12:00,607.6700,607.8600,607.3100,607.3100,142
2025-01-06 04:13:00,607.2300,607.6700,607.1800,607.6700,122
2025-01-06 04:14:00,607.2300,607.5800,606.5600,606.9800,452
2025-01-06 04:15:00,606.6500,606.9800,606.5600,606.9800,209
2025-01-06 04:16:00,606.7000,607.0500,606.5600,606.5600,380
2025-01-06 04:17:00,606.7000,606.9700,606.5700,606.7000,63
2025-01-06 04:18:00,606.9400,607.0400,606.8300,606.8500,302
2025-01-06 04:19:00,606.8500,606.8500,606.8400,606.8400,43
2025-01-06 04:20:00,606.8500,607.4700,606.7600,607.1500,1230
2025-01-06 04:21:00,607.1800,607.4800,607.1800,607.2600,316
2025-01-06 04:22:00,607.4800,607.6000,607.2500,607.3000,454
2025-01-06 04:23:00,607.3000,607.3100,607.0200,607.1000,285
2025-01-06 04:24:00,607.1200,608.0000,607.0100,607.7800,771
2025-01-06 04:25:00,607.4000,607.8000,607.1000,607.1000,130
2025-01-06 04:26:00,607.2300,607.8100,607.2300,607.2900,85
2025-01-06 04:27:00,607.5900,607.8900,607.2200,607.4000,349
2025-01-06 04:28:00,607.4000,607.8400,607.3000,607.3000,413
2025-01-06 04:29:00,607.3000,607.7000,607.3000,607.6900,11
2025-01-06 04:30:00,607.2100,607.7000,606.5600,606.6100,1197
2025-01-06 04:31:00,606.9600,606.9700,606.6200,606.8000,69
2025-01-06 04:32:00,606.8100,606.9800,606.8000,606.9800,248
2025-01-06 04:33:00,607.4700,607.4700,607.4700,607.4700,20
2025-01-06 04:34:00,607.3800,607.4500,607.3200,607.3200,9
2025-01-06 04:35:00,607.3300,607.4300,606.9700,607.0400,51
2025-01-06 04:36:00,607.0400,607.3700,606.5000,606.7000,542
2025-01-06 04:37:00,606.8100,607.0000,606.8100,607.0000,24
2025-01-06 04:38:00,606.8100,607.2700,606.7200,606.8500,351
2025-01-06 04:39:00,606.8100,606.8100,606.6000,606.6600,135
2025-01-06 04:40:00,606.6000,607.1800,606.6000,606.7200,50
2025-01-06 04:41:00,607.1600,607.3900,607.0000,607.0000,150
2025-01-06 04:42:00,606.9300,607.0400,606.9300,607.0400,2
2025-01-06 04:43:00,607.0400,607.3600,607.0400,607.3600,69
2025-01-06 04:44:00,607.3600,607.3600,607.1100,607.1300,30
2025-01-06 04:45:00,607.1600,607.4000,607.1200,607.4000,154
2025-01-06 04:46:00,607.4000,607.4000,607.4000,607.4000,7
2025-01-06 04:47:00,607.4000,607.4200,607.1600,607.4200,465
2025-01-06 04:48:00,607.4500,607.8100,607.4400,607.5600,351
2025-01-06 04:49:00,607.5000,607.5700,607.5000,607.5700,18
2025-01-06 04:50:00,607.3800,607.3800,607.3800,607.3800,18
2025-01-06 04:51:00,607.5700,607.6000,607.4000,607.4000,28
2025-01-06 04:52:00,607.4100,607.6000,607.4100,607.4500,323
2025-01-06 04:53:00,607.6000,607.6000,607.3000,607.3000,167
2025-01-06 04:54:00,607.5500,607.6000,607.4300,607.5000,211
2025-01-06 04:55:00,607.4300,607.5700,607.3100,607.5500,42
2025-01-06 04:56:00,607.5000,607.5000,607.2600,607.2600,123
2025-01-06 04:57:00,607.2500,607.2900,607.2500,607.2500,157
2025-01-06 04:58:00,607.4800,607.5000,607.2800,607.5000,159
2025-01-06 04:59:00,607.5000,607.6000,607.4900,607.6000,322
2025-01-06 05:00:00,607.6500,607.7100,607.6500,607.7100,3
2025-01-06 05:01:00,607.6000,607.6000,607.2600,607.5900,33
2025-01-06 05:02:00,607.2800,607.5400,607.1700,607.1700,130
2025-01-06 05:03:00,607.2300,607.2300,607.2300,607.2300,2
2025-01-06 05:05:00,607.6000,607.6000,607.6000,607.6000,1
2025-01-06 05:06:00,607.8200,607.8200,607.5500,607.7900,140
2025-01-06 05:07:00,607.7700,607.8600,607.4500,607.8000,128
2025-01-06 05:08:00,607.8000,608.0000,607.7500,607.9900,259
2025-01-06 05:09:00,607.8000,608.0000,607.8000,608.0000,13
2025-01-06 05:10:00,608.0000,608.0000,607.7500,607.8100,52
2025-01-06 05:11:00,607.9300,608.3000,607.8500,608.2300,1042
2025-01-06 05:12:00,608.1800,608.2200,608.0000,608.2200,34
2025-01-06 05:13:00,608.1700,608.2900,608.0500,608.0500,43
2025-01-06 05:14:00,608.1000,608.3000,608.0500,608.2200,306
2025-01-06 05:15:00,608.2800,608.2900,608.2800,608.2800,60
2025-01-06 05:16:00,608.2800,608.2800,608.2200,608.2200,21
2025-01-06 05:17:00,608.2800,608.2800,608.2400,608.2400,22
2025-01-06 05:18:00,608.2500,608.3000,608.1600,608.3000,48
2025-01-06 05:19:00,608.3000,608.4000,608.3000,608.3100,423
2025-01-06 05:20:00,608.3800,608.3900,608.1600,608.2800,54
2025-01-06 05:21:00,608.2500,608.3000,608.2500,608.3000,69
2025-01-06 05:22:00,608.2500,608.3000,608.2300,608.2400,368
2025-01-06 05:23:00,608.2300,608.2800,608.2300,608.2800,9
2025-01-06 05:24:00,608.3000,608.5500,608.2400,608.4700,261
2025-01-06 05:25:00,608.4800,608.7900,608.4800,608.5400,729
2025-01-06 05:26:00,608.7200,608.7200,608.3600,608.3600,95
2025-01-06 05:27:00,608.4900,608.5200,608.4500,608.5200,310
2025-01-06 05:28:00,608.6000,608.6900,608.5600,608.6900,165
2025-01-06 05:29:00,608.7300,608.7300,608.4200,608.5400,454
2025-01-06 05:30:00,608.5300,608.6300,607.8800,608.1100,807
2025-01-06 05:31:00,608.1100,608.1100,607.8200,607.9500,60
2025-01-06 05:33:00,607.8200,608.1400,607.7300,607.9000,224
2025-01-06 05:34:00,607.8900,608.2000,607.8500,608.0700,366
2025-01-06 05:35:00,608.1500,608.1900,607.9100,607.9100,52
2025-01-06 05:36:00,607.9100,607.9100,607.8700,607.8700,58
2025-01-06 05:37:00,607.9100,608.3000,607.8700,608.2500,491
2025-01-06 05:38:00,608.0600,608.2400,608.0600,608.1800,20
2025-01-06 05:39:00,608.1800,608.1800,608.1800,608.1800,1
2025-01-06 05:40:00,608.1800,608.9400,608.1300,608.6000,454
2025-01-06 05:41:00,608.5700,608.8900,608.5700,608.8600,657
2025-01-06 05:42:00,608.9900,609.4000,608.9900,609.3800,393
2025-01-06 05:43:00,609.3900,609.4600,609.2900,609.3500,641
2025-01-06 05:44:00,609.4900,609.4900,609.4200,609.4200,7
2025-01-06 05:45:00,609.4800,609.5000,609.4700,609.5000,805
2025-01-06 05:46:00,609.5000,609.5600,609.2500,609.5000,2509
2025-01-06 05:47:00,609.5000,609.6000,609.3800,609.5000,136
2025-01-06 05:48:00,609.6000,609.8100,609.6000,609.8100,267
2025-01-06 05:49:00,609.8600,610.0000,609.7500,610.0000,2675
2025-01-06 05:50:00,609.9400,610.0000,609.7500,609.8800,1833
2025-01-06 05:51:00,609.8000,610.0000,609.8000,609.9700,170
2025-01-06 05:52:00,610.0000,610.0000,609.7200,609.7500,1067
2025-01-06 05:53:00,609.9000,609.9000,609.6000,609.6000,212
2025-01-06 05:54:00,609.6500,609.9000,609.6300,609.6400,113
2025-01-06 05:55:00,609.6800,609.8300,609.6800,609.7800,139
2025-01-06 05:56:00,609.8300,609.9500,609.7800,609.9000,195
2025-01-06 05:57:00,609.8000,609.8000,609.2000,609.4500,664
2025-01-06 05:58:00,609.4500,609.6700,609.0100,609.0900,286
2025-01-06 05:59:00,609.1900,609.1900,609.1900,609.1900,30
2025-01-06 06:00:00,609.0100,609.1700,608.9600,609.1700,27
2025-01-06 06:01:00,609.1500,609.1500,608.9400,608.9600,327
2025-01-06 06:02:00,608.9600,608.9600,608.1700,608.6300,305
2025-01-06 06:03:00,608.6300,608.8100,608.5100,608.5500,141
2025-01-06 06:04:00,608.9200,608.9200,608.9000,608.9000,16
2025-01-06 06:05:00,608.8900,609.2000,608.7900,609.2000,427
2025-01-06 06:06:00,609.2000,609.2000,608.9900,609.2000,424
2025-01-06 06:07:00,609.2000,609.2000,609.0300,609.0300,58
2025-01-06 06:08:00,609.0500,609.0500,608.8200,609.0500,43
2025-01-06 06:09:00,609.1800,609.2000,609.0500,609.2000,55
2025-01-06 06:10:00,609.2000,609.5600,609.0700,609.5300,914
2025-01-06 06:11:00,609.5600,610.0000,609.5600,610.0000,3066
2025-01-06 06:12:00,609.9500,609.9500,609.5600,609.5600,71
2025-01-06 06:13:00,609.8500,610.0000,609.6700,609.7500,604
2025-01-06 06:14:00,610.0000,610.0000,609.8000,609.9800,30
2025-01-06 06:15:00,609.9800,610.0000,609.8200,609.9500,480
2025-01-06 06:16:00,609.9500,609.9900,609.8000,609.9000,242
2025-01-06 06:17:00,609.9500,610.0000,609.9500,609.9600,18
2025-01-06 06:18:00,609.9400,609.9400,609.8600,609.8600,53
2025-01-06 06:19:00,609.8600,610.0300,609.8600,609.9800,1127
2025-01-06 06:20:00,610.0000,610.0000,609.9200,610.0000,220
2025-01-06 06:21:00,609.9400,609.9800,609.9000,609.9800,97
2025-01-06 06:22:00,609.9800,610.0000,609.5600,609.8700,206
2025-01-06 06:23:00,609.8400,609.8700,609.8400,609.8700,10
2025-01-06 06:24:00,609.8700,609.8900,609.4700,609.8900,72
2025-01-06 06:25:00,609.8800,610.0000,609.8800,610.0000,119
2025-01-06 06:26:00,609.9000,610.0000,609.7300,609.7300,1067
2025-01-06 06:27:00,609.8900,610.5000,609.7500,610.3800,2010
2025-01-06 06:28:00,610.3900,610.4000,610.0800,610.3300,176
2025-01-06 06:29:00,610.3000,610.3900,610.3000,610.3900,13
2025-01-06 06:30:00,610.3800,610.3800,610.2000,610.2000,446
2025-01-06 06:31:00,610.2500,610.6500,610.2500,610.6100,885
2025-01-06 06:32:00,610.5700,610.6300,610.5500,610.6300,236
2025-01-06 06:33:00,610.4200,610.6000,610.4200,610.6000,31
2025-01-06 06:34:00,610.5100,610.5900,610.1400,610.1400,386
2025-01-06 06:35:00,610.1400,610.4100,609.4500,609.9100,774
2025-01-06 06:36:00,609.9300,609.9800,609.5700,609.9800,15
2025-01-06 06:37:00,610.0000,610.0000,610.0000,610.0000,9
2025-01-06 06:38:00,610.0700,610.1000,610.0700,610.1000,48
2025-01-06 06:39:00,610.1800,610.1800,610.1800,610.1800,5
2025-01-06 06:40:00,610.1900,610.1900,610.1900,610.1900,22
2025-01-06 06:41:00,610.3700,610.3700,609.7700,609.8000,253
2025-01-06 06:42:00,609.6700,609.6700,608.4700,608.8000,828
2025-01-06 06:43:00,609.0000,609.3700,608.9300,609.3200,767
2025-01-06 06:44:00,609.5700,609.7500,608.5000,608.6300,1192
2025-01-06 06:45:00,608.5200,608.7900,608.5200,608.7800,61
2025-01-06 06:46:00,608.5000,609.5000,608.5000,608.9900,264
2025-01-06 06:47:00,609.0000,609.0000,608.9900,609.0000,21
2025-01-06 06:48:00,609.0000,609.0000,608.6900,608.7000,298
2025-01-06 06:49:00,608.8600,608.9000,608.8200,608.8200,157
2025-01-06 06:50:00,608.4500,608.5700,608.0000,608.0000,1063
2025-01-06 06:51:00,607.9600,608.5700,607.9600,608.5700,1268
2025-01-06 06:52:00,608.1900,608.5700,608.1900,608.2500,112
2025-01-06 06:53:00,608.3900,608.5000,608.1100,608.1100,90
2025-01-06 06:54:00,608.3900,608.5000,608.0800,608.5000,93
2025-01-06 06:55:00,608.4300,608.6500,608.4300,608.6500,317
2025-01-06 06:56:00,608.6800,608.6800,608.5800,608.6500,55
2025-01-06 06:57:00,608.5100,608.5100,608.5100,608.5100,13
2025-01-06 06:58:00,608.6300,608.7200,608.6200,608.7000,488
2025-01-06 06:59:00,608.8100,608.8900,608.6600,608.6600,199
2025-01-06 07:00:00,608.6100,608.8700,608.0200,608.5400,2325
2025-01-06 07:01:00,608.7000,608.8400,608.6300,608.7800,131
2025-01-06 07:02:00,608.6100,608.7100,608.5000,608.5000,828
2025-01-06 07:03:00,608.5900,608.6000,608.2000,608.2900,557
2025-01-06 07:04:00,608.4000,608.4000,608.2000,608.3000,50
2025-01-06 07:05:00,608.2500,608.2500,608.1800,608.1900,186
2025-01-06 07:06:00,608.1900,608.9100,608.1900,608.9100,1435
2025-01-06 07:07:00,608.9100,609.0000,608.7500,608.9500,154
2025-01-06 07:08:00,608.7600,608.7800,608.6800,608.6800,393
2025-01-06 07:09:00,608.6100,608.6200,608.5000,608.5000,637
2025-01-06 07:10:00,608.4100,608.7100,608.4000,608.4000,121
2025-01-06 07:11:00,608.3800,608.4100,608.3500,608.4100,319
2025-01-06 07:12:00,608.3500,608.3500,608.0500,608.1500,95
2025-01-06 07:13:00,608.0100,608.3100,608.0100,608.2700,488
2025-01-06 07:14:00,608.2700,609.0000,608.2700,608.4700,1571
2025-01-06 07:15:00,608.5900,608.6900,608.5900,608.6800,101
2025-01-06 07:16:00,608.6800,608.8400,608.6200,608.6200,171
2025-01-06 07:17:00,608.7700,608.7700,608.5900,608.6500,448
2025-01-06 07:18:00,608.5600,608.6600,608.5200,608.5800,418
2025-01-06 07:19:00,608.5800,608.7200,608.5800,608.7200,49
2025-01-06 07:20:00,608.8200,609.1000,608.7700,608.9700,363
2025-01-06 07:21:00,608.9000,609.0000,608.4900,608.6000,672
2025-01-06 07:22:00,608.8000,608.9600,608.8000,608.9600,61
2025-01-06 07:23:00,608.9600,608.9600,608.7100,608.7100,12
2025-01-06 07:24:00,608.8900,608.8900,608.7600,608.7900,62
2025-01-06 07:25:00,608.7600,608.8000,608.7600,608.8000,464
2025-01-06 07:26:00,608.9000,608.9000,608.8500,608.8900,92
2025-01-06 07:27:00,608.8400,608.8400,608.5400,608.7800,541
2025-01-06 07:28:00,608.6400,608.9000,608.5800,608.7200,302
2025-01-06 07:29:00,608.7400,608.8400,608.6500,608.8400,342
2025-01-06 07:30:00,608.7600,608.8700,608.7400,608.7700,283
2025-01-06 07:31:00,608.8000,608.8200,608.7700,608.8200,12
2025-01-06 07:32:00,608.8600,609.2400,608.8600,609.1900,5727
2025-01-06 07:33:00,609.2400,609.7300,609.2300,609.6200,617
2025-01-06 07:34:00,609.6000,609.7900,609.5500,609.7900,630
2025-01-06 07:35:00,609.7700,609.7900,609.5500,609.7000,715
2025-01-06 07:36:00,609.7000,609.7500,609.2600,609.2600,1555
2025-01-06 07:37:00,609.2200,609.2600,609.1200,609.1200,194
2025-01-06 07:38:00,609.1600,609.2100,609.0800,609.1900,1023
2025-01-06 07:39:00,609.2000,609.2500,609.1500,609.1700,273
2025-01-06 07:40:00,609.2200,609.5000,608.9800,609.0000,2307
2025-01-06 07:41:00,609.2500,609.3100,609.1200,609.2200,110
2025-01-06 07:42:00,609.3500,609.3500,609.2400,609.2400,111
2025-01-06 07:43:00,609.3600,609.3600,609.2400,609.2600,91
2025-01-06 07:44:00,609.3600,609.3600,609.2500,609.3500,45
2025-01-06 07:45:00,609.3500,609.3800,609.2500,609.3100,145
2025-01-06 07:46:00,609.2500,609.3500,609.1200,609.3500,966
2025-01-06 07:47:00,609.2100,609.6000,609.2100,609.6000,506
2025-01-06 07:48:00,609.5400,609.7600,609.3000,609.6600,162
2025-01-06 07:49:00,609.6100,609.6100,609.2100,609.2100,206
2025-01-06 07:50:00,609.2100,609.5800,609.2100,609.5800,63
2025-01-06 07:51:00,609.4300,609.4300,609.2100,609.3600,84
2025-01-06 07:52:00,609.4000,609.4900,609.2000,609.3700,422
2025-01-06 07:53:00,609.3800,609.4900,609.3000,609.3000,148
2025-01-06 07:54:00,609.2500,609.5000,609.2000,609.5000,83
2025-01-06 07:55:00,609.4400,609.4400,609.1200,609.2300,177
2025-01-06 07:56:00,609.2100,609.2900,609.1000,609.1100,259
2025-01-06 07:57:00,609.3000,609.4200,609.3000,609.3800,136
2025-01-06 07:58:00,609.3500,609.4600,609.1600,609.1600,123
2025-01-06 07:59:00,609.3100,610.0200,609.0300,610.0000,4689
2025-01-06 08:00:00,605.4625,610.5752,603.7500,607.9988,20350
2025-01-06 08:01:00,608.2988,610.0700,604.5000,609.2798,803
2025-01-06 08:02:00,604.6000,609.9600,604.5000,609.5000,189
2025-01-06 08:03:00,609.4800,609.7700,609.1620,609.1620,51
2025-01-06 08:04:00,609.5800,609.9300,609.0547,609.5750,1035
2025-01-06 08:05:00,609.8100,610.0922,609.5300,610.0000,2121
2025-01-06 08:06:00,609.9500,610.0202,609.7900,610.0000,1331
2025-01-06 08:07:00,610.0400,610.0400,609.5300,609.7900,498
2025-01-06 08:08:00,610.0000,610.2300,609.7900,610.0500,2262
2025-01-06 08:09:00,610.3020,610.5000,610.0000,610.1400,1762
2025-01-06 08:10:00,610.0000,610.5000,610.0000,610.2400,111
2025-01-06 08:11:00,610.2550,610.4700,610.0000,610.4700,1424
2025-01-06 08:12:00,610.0300,610.4900,609.8400,610.2900,2253
2025-01-06 08:13:00,609.9850,610.2100,609.8950,610.0500,363
2025-01-06 08:14:00,610.0800,610.4900,610.0000,610.4200,1322
2025-01-06 08:15:00,610.2000,610.3200,609.8950,610.0000,1208
2025-01-06 08:16:00,610.0900,610.3100,609.5200,610.2500,924
2025-01-06 08:17:00,610.1550,610.2500,609.5000,610.2000,242
2025-01-06 08:18:00,610.0000,610.2200,610.0000,610.2000,117
2025-01-06 08:19:00,610.2200,610.2600,610.1400,610.1550,456
2025-01-06 08:20:00,610.1550,610.2500,609.9900,610.0500,403
2025-01-06 08:21:00,610.0900,610.3200,610.0000,610.0800,321
2025-01-06 08:22:00,610.1700,610.1700,609.8100,610.0000,1172
2025-01-06 08:23:00,610.0000,610.3200,609.7722,610.0100,424
2025-01-06 08:24:00,610.0000,610.1100,609.7100,610.1100,89
2025-01-06 08:25:00,610.0350,610.2100,609.9200,610.0100,93
2025-01-06 08:26:00,610.0000,610.2500,609.9500,610.2500,216
2025-01-06 08:27:00,610.1400,610.2500,609.9950,610.0100,44
2025-01-06 08:28:00,610.1000,610.2000,609.9150,609.9500,394
2025-01-06 08:29:00,610.1100,610.2000,609.9250,610.2000,114
2025-01-06 08:30:00,610.1200,610.3000,609.7400,610.3000,1022
2025-01-06 08:31:00,610.2200,610.4100,609.8600,610.2500,4145
2025-01-06 08:32:00,610.3700,610.4100,609.8400,610.3500,795
2025-01-06 08:33:00,610.2000,610.8000,610.2000,610.5600,1198
2025-01-06 08:34:00,610.6000,610.7250,610.1480,610.2750,968
2025-01-06 08:35:00,604.6300,610.5499,604.6300,610.5000,3186
2025-01-06 08:36:00,610.5000,610.5500,610.0400,610.5000,482
2025-01-06 08:37:00,610.5000,610.5500,610.0000,610.5000,708
2025-01-06 08:38:00,610.3600,610.5400,597.7450,602.4000,1045
2025-01-06 08:39:00,610.5000,610.7500,610.2500,610.5100,2166
2025-01-06 08:40:00,610.5000,610.6800,610.2500,610.2500,1023
2025-01-06 08:41:00,610.5250,610.7300,610.2501,610.5000,2459
2025-01-06 08:42:00,610.5000,610.7000,604.6300,610.5000,161354
2025-01-06 08:43:00,610.5000,610.6200,610.2000,610.3150,582
2025-01-06 08:44:00,610.2400,610.5747,610.1800,610.2300,412
2025-01-06 08:45:00,610.3900,610.4600,610.0000,610.3200,577
2025-01-06 08:46:00,610.2300,610.4400,609.6100,610.0500,1299
2025-01-06 08:47:00,610.1600,610.7200,610.0000,610.5000,742
2025-01-06 08:48:00,610.3300,610.5900,610.2900,610.5800,444
2025-01-06 08:49:00,610.5000,610.7500,610.2900,610.5200,155
2025-01-06 08:50:00,610.5700,610.7500,610.0000,610.4000,915
2025-01-06 08:51:00,610.3750,610.7500,610.0000,610.4000,178
2025-01-06 08:52:00,610.3700,610.8100,610.0000,610.7500,268
2025-01-06 08:53:00,610.6800,610.7500,610.3024,610.7500,373
2025-01-06 08:54:00,610.5250,610.7500,610.3000,610.6250,785
2025-01-06 08:55:00,610.6050,610.9699,610.5200,610.7500,890
2025-01-06 08:56:00,610.8200,611.1300,610.6000,611.0300,2186
2025-01-06 08:57:00,611.1000,611.2000,610.7500,610.7500,520
2025-01-06 08:58:00,610.8000,610.9900,610.6000,610.6500,244
2025-01-06 08:59:00,610.9660,611.0400,610.3400,611.0000,786
2025-01-06 09:00:00,610.6000,611.0400,610.6000,610.9000,288
2025-01-06 09:01:00,610.8600,610.9000,610.6150,610.7500,687
2025-01-06 09:02:00,610.8600,611.0000,610.5221,610.7500,330
2025-01-06 09:03:00,610.7000,611.0000,610.5000,610.6200,268
2025-01-06 09:04:00,610.7600,611.0000,609.7300,609.8000,3330
2025-01-06 09:05:00,609.8500,610.0000,609.5000,609.8600,2161
2025-01-06 09:06:00,609.8900,610.4000,609.7500,609.8300,307
2025-01-06 09:07:00,609.8200,609.8200,609.1400,609.1500,1339
2025-01-06 09:08:00,609.4450,609.7400,609.0100,609.1800,1014
2025-01-06 09:09:00,609.1000,609.2000,608.8800,609.1000,1467
2025-01-06 09:10:00,609.1000,609.5500,608.8800,609.4800,2030
2025-01-06 09:11:00,609.6900,610.0700,609.3000,609.8500,1080
2025-01-06 09:12:00,609.9000,609.9900,609.3500,609.6000,667
2025-01-06 09:13:00,609.3000,609.9000,609.3000,609.7500,341
2025-01-06 09:14:00,609.5700,609.7000,609.3400,609.5250,108
2025-01-06 09:15:00,609.3000,609.7800,607.4300,607.8800,9384
2025-01-06 09:16:00,608.1800,609.0000,606.7900,606.7900,4604
2025-01-06 09:17:00,608.2000,609.0600,607.4600,608.8250,2262
2025-01-06 09:18:00,608.5800,608.5800,607.6600,608.2000,1448
2025-01-06 09:19:00,608.5200,609.3000,608.5200,609.3000,1104
2025-01-06 09:20:00,608.8800,609.3200,608.7900,609.0700,854
2025-01-06 09:21:00,608.8700,609.5000,608.8400,609.1200,475
2025-01-06 09:22:00,609.1200,609.8000,609.1000,609.5900,1733
2025-01-06 09:23:00,609.5900,609.7642,609.5000,609.6500,553
2025-01-06 09:24:00,609.5700,609.8000,609.1300,609.6500,859
2025-01-06 09:25:00,609.6500,612.1800,609.2700,611.4500,6264
2025-01-06 09:26:00,611.7200,612.2000,611.0000,611.5500,4559
2025-01-06 09:27:00,611.5300,613.4000,611.0700,612.6150,8426
2025-01-06 09:28:00,612.5900,613.4200,611.9000,612.9000,912
2025-01-06 09:29:00,612.6700,612.7300,611.2300,611.9300,1421
2025-01-06 09:30:00,611.8250,613.0000,610.3900,612.3350,274795
2025-01-06 09:31:00,612.1100,613.3400,611.4800,612.7775,120261
2025-01-06 09:32:00,612.5900,614.7500,612.1900,612.1900,121332
2025-01-06 09:33:00,612.5850,614.2500,612.3100,613.5099,87583
2025-01-06 09:34:00,613.2550,614.3000,612.9300,613.3700,46903
2025-01-06 09:35:00,613.7500,614.2350,611.3100,611.3750,51327
2025-01-06 09:36:00,611.2400,611.5200,610.7500,611.4150,34569
2025-01-06 09:37:00,611.4800,612.8400,611.0000,612.1950,34470
2025-01-06 09:38:00,612.0100,612.6800,611.5700,612.6800,31594
2025-01-06 09:39:00,612.7000,612.9768,611.4577,611.4577,30453
2025-01-06 09:40:00,611.6600,612.6000,611.2000,612.6000,39588
2025-01-06 09:41:00,612.4600,613.4800,612.3200,613.4600,60035
2025-01-06 09:42:00,613.6000,613.6300,612.4501,613.1000,36960
2025-01-06 09:43:00,612.8710,613.9900,612.7438,613.6300,36577
2025-01-06 09:44:00,613.4700,613.7700,612.1900,612.6500,42877
2025-01-06 09:45:00,612.6550,613.5100,612.3850,612.5800,30149
2025-01-06 09:46:00,612.7400,613.5500,612.2227,612.4950,27017
2025-01-06 09:47:00,612.3700,612.7700,612.0500,612.7133,27772
2025-01-06 09:48:00,612.8200,613.2750,612.4500,612.5400,20612
2025-01-06 09:49:00,612.4850,612.8700,612.4775,612.7550,15853
2025-01-06 09:50:00,612.8600,613.1300,611.9839,612.0447,38997
2025-01-06 09:51:00,612.3400,612.3800,611.2900,611.2900,30724
2025-01-06 09:52:00,611.2312,611.4000,610.0100,610.9776,51472
2025-01-06 09:53:00,610.9200,612.3500,610.7600,611.0500,28035
2025-01-06 09:54:00,611.1280,611.2600,610.7701,611.0072,21073
2025-01-06 09:55:00,611.0100,611.8000,610.7800,611.5500,20450
2025-01-06 09:56:00,611.7500,611.8137,610.4900,610.5000,20223
2025-01-06 09:57:00,610.5400,610.6700,609.2000,609.2000,46728
2025-01-06 09:58:00,609.3196,609.6672,608.6400,608.6400,29428
2025-01-06 09:59:00,608.8600,609.0939,608.4360,608.9750,46731
2025-01-06 10:00:00,608.9750,609.0587,607.8300,607.8300,58648
2025-01-06 10:01:00,607.7922,608.1800,607.5400,608.0000,52040
2025-01-06 10:02:00,608.2200,609.2500,608.0000,609.1400,20667
2025-01-06 10:03:00,609.2350,609.2350,608.1400,608.3700,34146
2025-01-06 10:04:00,608.3550,609.1200,608.1897,608.5925,21706
2025-01-06 10:05:00,608.6356,608.7000,608.0900,608.1550,45001
2025-01-06 10:06:00,608.2800,608.5900,608.1100,608.1600,15475
2025-01-06 10:07:00,608.0600,608.4396,607.8001,608.2150,36567
2025-01-06 10:08:00,608.2150,608.7300,607.8200,608.0000,35059
2025-01-06 10:09:00,607.9500,608.2376,607.8701,607.9700,16611
2025-01-06 10:10:00,608.0600,608.1800,605.8800,606.0100,65726
2025-01-06 10:11:00,606.0100,607.1900,605.6200,607.0000,57372
2025-01-06 10:12:00,607.0800,607.8399,606.3850,606.8450,52352
2025-01-06 10:13:00,606.8450,607.7900,606.4700,607.7900,45574
2025-01-06 10:14:00,607.5200,608.6800,607.4800,608.4200,45387
2025-01-06 10:15:00,608.5200,608.8900,608.3500,608.4000,18048
2025-01-06 10:16:00,608.4450,608.5200,607.5200,608.0000,15914
2025-01-06 10:17:00,608.0750,608.6200,608.0000,608.5200,12228
2025-01-06 10:18:00,608.6900,609.1000,608.0957,608.1600,27875
2025-01-06 10:19:00,608.1800,608.5600,608.0200,608.3950,11167
2025-01-06 10:20:00,608.4300,608.5600,608.1800,608.2750,8707
2025-01-06 10:21:00,608.2667,608.7500,608.1300,608.4800,15472
2025-01-06 10:22:00,608.4550,609.3200,608.2000,609.2150,31932
2025-01-06 10:23:00,609.2825,610.6500,609.1800,610.4201,46928
2025-01-06 10:24:00,610.3150,611.0000,610.2100,610.9000,31957
2025-01-06 10:25:00,610.8300,611.3000,610.7206,611.1400,41604
2025-01-06 10:26:00,611.2021,611.6300,610.9020,611.5500,24493
2025-01-06 10:27:00,611.4500,611.7400,611.1650,611.7350,26849
2025-01-06 10:28:00,611.6941,612.5000,611.3000,612.4900,37625
2025-01-06 10:29:00,612.4600,612.9700,612.3900,612.6200,31637
2025-01-06 10:30:00,612.6800,612.6900,612.1100,612.3687,33299
2025-01-06 10:31:00,612.4750,612.6500,612.0000,612.2000,25476
2025-01-06 10:32:00,612.3050,612.3050,611.7700,611.8400,12489
2025-01-06 10:33:00,611.9771,612.3000,611.6457,612.2300,11538
2025-01-06 10:34:00,612.3300,612.5000,612.1350,612.1350,8435
2025-01-06 10:35:00,612.2000,612.2000,611.5000,611.8400,10091
2025-01-06 10:36:00,611.8400,612.8000,611.6500,612.6700,24668
2025-01-06 10:37:00,612.7800,613.7800,612.7800,613.7800,45953
2025-01-06 10:38:00,613.7900,613.8300,613.3000,613.5755,18789
2025-01-06 10:39:00,613.5250,613.6400,612.7629,612.9700,17739
2025-01-06 10:40:00,613.2100,613.7200,613.0300,613.4550,24959
2025-01-06 10:41:00,613.5800,614.6900,613.5033,614.6900,45600
2025-01-06 10:42:00,614.6700,614.9800,614.5110,614.9600,47609
2025-01-06 10:43:00,614.9550,614.9550,614.4680,614.7400,21730
2025-01-06 10:44:00,614.6200,614.9500,614.5281,614.8300,21373
2025-01-06 10:45:00,614.9500,616.2500,614.9050,616.1300,89935
2025-01-06 10:46:00,616.1800,616.4500,615.6451,615.7935,24069
2025-01-06 10:47:00,615.8096,615.9900,615.5256,615.8060,17104
2025-01-06 10:48:00,615.8650,616.9600,615.8650,616.8550,52777
2025-01-06 10:49:00,616.9688,617.1000,616.1400,617.0500,63009
2025-01-06 10:50:00,617.0200,617.5000,616.6900,617.1474,39523
2025-01-06 10:51:00,617.0950,617.1300,616.6037,617.1200,37729
2025-01-06 10:52:00,617.0600,617.4000,617.0000,617.1400,34206
2025-01-06 10:53:00,617.1400,618.1100,617.1400,617.9000,46962
2025-01-06 10:54:00,618.0429,618.2700,617.6323,617.9300,114643
2025-01-06 10:55:00,617.7600,618.5000,617.0905,618.3500,75508
2025-01-06 10:56:00,618.3750,618.6099,618.0800,618.5589,53833
2025-01-06 10:57:00,618.4600,618.9700,618.3800,618.7450,42594
2025-01-06 10:58:00,618.7600,619.1350,617.7700,617.8550,61809
2025-01-06 10:59:00,617.9699,619.0600,617.8600,618.5300,30166
2025-01-06 11:00:00,618.5000,618.9933,618.0600,618.1750,17834
2025-01-06 11:01:00,618.3400,618.3800,617.7900,617.9700,16075
2025-01-06 11:02:00,617.9900,618.0700,617.5600,618.0100,18206
2025-01-06 11:03:00,617.8300,618.7100,617.8300,618.1650,34942
2025-01-06 11:04:00,618.0500,618.6078,617.3400,617.7210,26361
2025-01-06 11:05:00,617.7000,618.3200,617.4700,618.2400,17029
2025-01-06 11:06:00,618.1200,619.9200,618.1200,619.8200,69177
2025-01-06 11:07:00,619.8700,619.9600,619.6800,619.8712,35913
2025-01-06 11:08:00,619.7400,620.6850,619.7100,620.6850,92256
2025-01-06 11:09:00,620.7550,621.0000,619.8666,620.6500,42264
2025-01-06 11:10:00,620.7500,620.9699,620.2300,620.8500,31545
2025-01-06 11:11:00,620.8500,621.5900,620.8500,621.4950,57515
2025-01-06 11:12:00,621.4950,621.5400,621.0000,621.1300,30749
2025-01-06 11:13:00,621.1700,621.2700,620.6400,621.0700,23002
2025-01-06 11:14:00,621.1200,622.0050,620.8300,622.0050,29477
2025-01-06 11:15:00,621.9200,622.3700,621.5000,622.3500,31318
2025-01-06 11:16:00,622.3750,622.6300,622.1374,622.3400,26092
2025-01-06 11:17:00,622.3300,622.4200,621.2200,621.3900,43920
2025-01-06 11:18:00,621.3150,621.6788,621.2110,621.5800,33986
2025-01-06 11:19:00,621.5500,621.8280,621.1300,621.7000,26369
2025-01-06 11:20:00,621.7700,623.0900,621.7700,622.8190,34995
2025-01-06 11:21:00,622.8550,623.1100,622.2001,622.4500,21685
2025-01-06 11:22:00,622.4700,622.6600,622.3201,622.6500,14987
2025-01-06 11:23:00,622.5300,622.8600,622.4510,622.7750,32323
2025-01-06 11:24:00,622.8100,622.9800,622.6100,622.9100,21328
2025-01-06 11:25:00,622.9100,623.2693,622.5000,623.0650,34839
2025-01-06 11:26:00,623.1400,623.2700,622.8100,623.1500,21229
2025-01-06 11:27:00,623.1500,623.9000,623.0000,623.8600,35823
2025-01-06 11:28:00,623.8300,623.8800,622.7868,623.0300,23333
2025-01-06 11:29:00,623.0400,623.1290,622.6961,622.9419,15376
2025-01-06 11:30:00,622.8300,623.0500,622.6301,622.8550,30755
2025-01-06 11:31:00,622.9500,623.2200,622.8100,622.9300,18925
2025-01-06 11:32:00,623.0324,623.4000,622.8600,623.4000,10676
2025-01-06 11:33:00,623.2500,623.2500,622.7000,623.1300,19098
2025-01-06 11:34:00,623.0100,623.0200,622.1300,622.7350,22477
2025-01-06 11:35:00,622.7450,622.8389,622.2201,622.6100,23046
2025-01-06 11:36:00,622.6100,622.9800,622.2600,622.8700,31080
2025-01-06 11:37:00,622.8550,622.9060,622.1450,622.3450,16284
2025-01-06 11:38:00,622.4050,622.8000,622.3001,622.7524,16608
2025-01-06 11:39:00,622.7650,623.0000,622.6800,622.8000,27277
2025-01-06 11:40:00,622.7400,623.8750,622.7400,623.0800,26517
2025-01-06 11:41:00,623.1800,623.1800,622.6701,623.0000,19586
2025-01-06 11:42:00,622.9800,622.9800,622.3100,622.5000,17297
2025-01-06 11:43:00,622.4050,622.5800,622.2700,622.5000,27883
2025-01-06 11:44:00,622.4700,622.6050,622.2867,622.4809,47753
2025-01-06 11:45:00,622.4250,622.4250,621.8200,621.9900,56391
2025-01-06 11:46:00,621.9150,622.2900,621.5400,622.0000,32202
2025-01-06 11:47:00,622.0200,622.0200,621.1100,621.2150,34598
2025-01-06 11:48:00,621.2150,621.2625,620.7000,621.1500,44947
2025-01-06 11:49:00,621.1000,621.2600,620.9700,621.1750,19621
2025-01-06 11:50:00,621.1750,621.9500,621.1700,621.7700,17816
2025-01-06 11:51:00,621.7750,622.0790,621.6354,621.7300,16725
2025-01-06 11:52:00,621.7600,621.7800,621.6200,621.6900,14269
2025-01-06 11:53:00,621.6900,621.6900,621.2700,621.2700,20995
2025-01-06 11:54:00,621.3100,621.5700,621.0963,621.2700,20204
2025-01-06 11:55:00,621.2700,621.6400,621.2450,621.6400,343585
2025-01-06 11:56:00,621.6100,621.6899,620.2701,620.3682,26968
2025-01-06 11:57:00,620.3000,620.7100,619.9100,620.6800,25055
2025-01-06 11:58:00,620.7600,621.0000,620.3301,620.8700,17320
2025-01-06 11:59:00,620.9800,621.0000,620.6700,620.9000,21034
2025-01-06 12:00:00,620.9000,620.9300,619.6229,619.7150,32456
2025-01-06 12:01:00,619.7150,620.5300,619.7150,620.4800,19419
2025-01-06 12:02:00,620.5100,621.0000,620.3801,620.5495,49046
2025-01-06 12:03:00,620.5000,620.5500,620.0603,620.2790,13094
2025-01-06 12:04:00,620.2050,620.7500,619.9800,620.6550,21972
2025-01-06 12:05:00,620.5700,620.6358,620.2800,620.3550,14266
2025-01-06 12:06:00,620.3500,620.4825,620.0000,620.3900,13103
2025-01-06 12:07:00,620.3900,620.4700,620.0600,620.2650,17161
2025-01-06 12:08:00,620.2650,620.3985,619.6350,619.9050,21973
2025-01-06 12:09:00,619.8900,620.5600,619.8900,620.5350,16927
2025-01-06 12:10:00,620.5300,620.6800,620.1025,620.6800,10895
2025-01-06 12:11:00,620.5400,620.6899,620.0400,620.1250,16923
2025-01-06 12:12:00,620.2170,620.2170,619.6280,619.8550,18994
2025-01-06 12:13:00,619.8200,620.2800,619.8200,619.9900,22618
2025-01-06 12:14:00,619.9700,619.9900,619.5900,619.7150,14931
2025-01-06 12:15:00,619.8200,619.8500,619.4500,619.4650,13742
2025-01-06 12:16:00,619.3600,619.9600,619.3100,619.9500,11099
2025-01-06 12:17:00,619.9400,620.5000,619.8074,620.4100,43860
2025-01-06 12:18:00,620.5800,620.7800,620.4150,620.4150,15137
2025-01-06 12:19:00,620.3750,620.3900,619.7200,620.2800,32156
2025-01-06 12:20:00,620.1680,620.6400,620.1680,620.3150,13934
2025-01-06 12:21:00,620.3300,620.8750,620.2200,620.8750,16833
2025-01-06 12:22:00,620.8800,620.8800,620.4000,620.5100,12593
2025-01-06 12:23:00,620.5300,621.0600,620.3500,621.0000,14839
2025-01-06 12:24:00,621.1000,621.1000,620.7500,620.9200,8698
2025-01-06 12:25:00,620.7800,620.9700,620.3875,620.5700,15962
2025-01-06 12:26:00,620.8500,621.4900,620.8000,621.4800,14656
2025-01-06 12:27:00,621.4800,621.7300,621.1000,621.7300,18690
2025-01-06 12:28:00,621.5588,621.8100,621.4300,621.6800,20337
2025-01-06 12:29:00,621.7000,622.3100,621.6500,622.0850,14620
2025-01-06 12:30:00,622.0000,622.7000,621.9800,622.6900,17592
2025-01-06 12:31:00,622.7400,622.9500,622.5660,622.8900,18568
2025-01-06 12:32:00,622.7561,623.1500,622.1800,622.1800,47349
2025-01-06 12:33:00,622.1800,622.9000,622.0500,622.9000,12976
2025-01-06 12:34:00,623.0000,623.2900,622.8200,623.0100,24961
2025-01-06 12:35:00,623.1674,623.8615,623.1000,623.7500,51297
2025-01-06 12:36:00,623.6450,623.7900,623.0412,623.5000,25760
2025-01-06 12:37:00,623.5900,623.8316,623.3400,623.3600,20712
2025-01-06 12:38:00,623.5600,624.0000,623.5200,623.8350,29950
2025-01-06 12:39:00,623.7000,623.8000,622.2700,622.2700,26447
2025-01-06 12:40:00,622.3200,622.5299,621.9200,622.3100,25949
2025-01-06 12:41:00,622.3100,622.3600,621.6189,622.0000,20125
2025-01-06 12:42:00,622.0900,622.2800,621.5800,621.7108,22250
2025-01-06 12:43:00,621.6500,621.9599,621.5400,621.8600,13227
2025-01-06 12:44:00,621.8650,621.9100,621.3900,621.3900,10304
2025-01-06 12:45:00,621.3900,621.3900,620.9950,621.0300,21522
2025-01-06 12:46:00,621.0800,621.7999,621.0475,621.6550,11326
2025-01-06 12:47:00,621.6750,622.0700,621.6750,622.0700,7097
2025-01-06 12:48:00,622.0100,622.2400,622.0100,622.0606,10780
2025-01-06 12:49:00,622.2100,622.6800,622.1100,622.2800,21895
2025-01-06 12:50:00,622.3200,622.6000,622.2800,622.3967,9011
2025-01-06 12:51:00,622.4000,622.4050,621.6850,621.8861,18970
2025-01-06 12:52:00,622.0250,622.0250,621.1100,621.4600,7320
2025-01-06 12:53:00,621.4600,621.4600,620.8400,620.8400,10260
2025-01-06 12:54:00,620.9419,621.6800,620.9400,621.2100,12179
2025-01-06 12:55:00,621.2900,621.2900,620.4200,620.6350,12556
2025-01-06 12:56:00,620.4400,620.8499,620.2200,620.5600,13541
2025-01-06 12:57:00,620.6300,620.7800,620.3000,620.4050,12164
2025-01-06 12:58:00,620.3400,620.8400,620.3400,620.4000,9448
2025-01-06 12:59:00,620.3600,620.6000,620.2800,620.3768,8445
2025-01-06 13:00:00,620.3000,620.3500,619.3100,619.5800,17767
2025-01-06 13:01:00,619.5460,619.5900,618.7000,618.8300,22306
2025-01-06 13:02:00,618.8100,619.4543,618.2690,619.1800,20502
2025-01-06 13:03:00,619.1000,619.2900,618.9500,618.9500,10547
2025-01-06 13:04:00,619.1000,619.4400,619.1000,619.4400,7316
2025-01-06 13:05:00,619.3100,619.7000,619.2500,619.6700,9868
2025-01-06 13:06:00,619.6650,619.9750,619.5225,619.7100,16055
2025-01-06 13:07:00,619.6300,619.7500,619.3800,619.4901,10810
2025-01-06 13:08:00,619.7075,619.8600,619.5400,619.7500,8476
2025-01-06 13:09:00,619.6744,620.3700,619.5900,620.2500,9952
2025-01-06 13:10:00,620.2987,620.4750,620.0301,620.2600,11940
2025-01-06 13:11:00,620.2150,620.2865,619.8700,620.1150,16977
2025-01-06 13:12:00,620.1700,620.3400,620.1400,620.2000,10026
2025-01-06 13:13:00,620.3200,620.7873,620.3200,620.6600,10466
2025-01-06 13:14:00,620.6800,620.7950,620.3201,620.4700,15074
2025-01-06 13:15:00,620.4700,620.4750,619.7800,620.0700,14253
2025-01-06 13:16:00,620.0700,620.1500,619.7500,619.9280,11075
2025-01-06 13:17:00,620.0500,620.1300,619.7500,620.1100,10536
2025-01-06 13:18:00,620.1000,620.2400,619.7900,619.8925,13490
2025-01-06 13:19:00,619.8400,620.0178,619.7800,619.9900,4326
2025-01-06 13:20:00,619.9999,620.2050,619.8700,620.1050,6483
2025-01-06 13:21:00,619.9850,620.0200,619.6400,620.0100,10802
2025-01-06 13:22:00,620.0900,620.8277,620.0900,620.7456,10737
2025-01-06 13:23:00,620.6500,620.8899,620.6500,620.7150,6735
2025-01-06 13:24:00,620.8254,620.8254,620.5500,620.6250,4124
2025-01-06 13:25:00,620.5950,621.1400,620.5950,621.0200,9552
2025-01-06 13:26:00,621.1100,621.1373,620.8900,621.1373,7733
2025-01-06 13:27:00,621.0400,621.4106,621.0400,621.1301,11291
2025-01-06 13:28:00,621.2200,621.3517,620.8400,620.9400,13562
2025-01-06 13:29:00,620.9200,621.1000,620.8000,621.0680,4480
2025-01-06 13:30:00,621.0700,621.1799,620.8674,621.1580,5236
2025-01-06 13:31:00,621.1600,621.6800,621.1600,621.3500,15933
2025-01-06 13:32:00,621.2400,621.2700,620.5489,620.7250,11644
2025-01-06 13:33:00,620.6300,621.2000,620.5900,621.2000,9040
2025-01-06 13:34:00,621.0150,621.1534,620.6800,620.7550,11983
2025-01-06 13:35:00,620.7550,620.9600,620.6001,620.7200,14291
2025-01-06 13:36:00,620.8400,620.9000,620.5900,620.7450,14361
2025-01-06 13:37:00,620.7450,620.8434,620.2800,620.5900,14256
2025-01-06 13:38:00,620.5900,620.6199,620.2125,620.4450,9631
2025-01-06 13:39:00,620.4327,620.5800,620.3020,620.5800,5002
2025-01-06 13:40:00,620.5700,620.8234,620.5142,620.5142,9254
2025-01-06 13:41:00,620.5550,620.5761,620.3900,620.4400,6578
2025-01-06 13:42:00,620.3500,620.7000,619.9796,620.6400,32358
2025-01-06 13:43:00,620.5427,620.8799,620.5427,620.7400,4523
2025-01-06 13:44:00,620.8128,621.0677,620.6500,620.7800,9354
2025-01-06 13:45:00,620.7004,620.9568,619.2800,619.5750,25502
2025-01-06 13:46:00,619.6600,619.8500,619.4050,619.8500,8517
2025-01-06 13:47:00,619.8927,620.3400,619.1900,619.6719,22404
2025-01-06 13:48:00,619.6700,619.9278,619.5000,619.8399,33608
2025-01-06 13:49:00,619.5200,619.7700,619.4600,619.5900,10921
2025-01-06 13:50:00,619.5700,619.8200,619.4600,619.8200,7214
2025-01-06 13:51:00,619.7000,620.4799,619.7000,620.3150,6404
2025-01-06 13:52:00,620.3100,620.4799,619.9401,619.9401,8279
2025-01-06 13:53:00,620.1200,620.4400,620.1200,620.1600,6485
2025-01-06 13:54:00,620.0000,620.0900,619.9200,619.9950,4998
2025-01-06 13:55:00,619.8930,620.3684,619.8200,619.9200,10129
2025-01-06 13:56:00,619.9550,620.3000,619.9400,620.0000,8862
2025-01-06 13:57:00,620.0300,620.0300,619.7000,619.7800,18792
2025-01-06 13:58:00,619.7800,619.7800,619.4700,619.5302,12026
2025-01-06 13:59:00,619.4716,619.5100,618.8500,619.0000,28813
2025-01-06 14:00:00,619.1400,619.4350,618.8500,619.0100,18634
2025-01-06 14:01:00,619.1030,619.1030,618.2590,618.3250,41709
2025-01-06 14:02:00,618.3250,619.2300,618.3250,618.9550,20044
2025-01-06 14:03:00,618.9550,619.2764,618.9000,619.1550,5914
2025-01-06 14:04:00,619.1050,619.3600,618.9851,619.2500,21476
2025-01-06 14:05:00,619.2600,620.2600,619.2600,620.2600,8882
2025-01-06 14:06:00,620.2200,620.3400,619.4801,619.6000,11217
2025-01-06 14:07:00,619.7200,620.0435,619.6622,619.9012,7569
2025-01-06 14:08:00,619.8700,620.2000,619.8700,620.0000,9623
2025-01-06 14:09:00,620.1200,620.1600,619.8500,620.0875,21439
2025-01-06 14:10:00,620.0400,620.2622,619.9195,620.0600,22077
2025-01-06 14:11:00,620.1200,620.3875,620.1200,620.2250,6294
2025-01-06 14:12:00,620.2600,620.8776,620.2600,620.7600,6893
2025-01-06 14:13:00,620.5773,620.8800,620.1500,620.3300,11402
2025-01-06 14:14:00,620.2750,620.8000,620.2600,620.6650,9074
2025-01-06 14:15:00,620.5700,620.9240,620.5100,620.7000,10174
2025-01-06 14:16:00,620.6468,620.9500,620.6468,620.8200,7968
2025-01-06 14:17:00,620.8200,620.8900,620.6718,620.8600,4982
2025-01-06 14:18:00,620.7800,621.0582,620.7700,621.0582,11691
2025-01-06 14:19:00,620.9950,621.0000,620.6500,620.6650,6119
2025-01-06 14:20:00,620.6700,620.7200,620.3529,620.4600,4191
2025-01-06 14:21:00,620.5266,620.7499,620.3510,620.6150,7831
2025-01-06 14:22:00,620.6500,621.0400,620.6200,620.8000,14103
2025-01-06 14:23:00,620.8550,620.9300,620.7000,620.9200,6285
2025-01-06 14:24:00,620.9000,620.9699,620.6000,620.6000,4190
2025-01-06 14:25:00,620.4700,620.4700,620.0001,620.4300,7465
2025-01-06 14:26:00,620.4500,620.6700,620.4100,620.5400,7030
2025-01-06 14:27:00,620.4384,621.0900,620.4384,621.0700,12201
2025-01-06 14:28:00,621.1400,621.2300,621.0200,621.2200,10141
2025-01-06 14:29:00,621.1150,621.1150,620.7496,620.8450,22508
2025-01-06 14:30:00,620.8713,620.9000,620.4775,620.9000,12658
2025-01-06 14:31:00,620.7900,620.7900,620.5100,620.6100,23449
2025-01-06 14:32:00,620.6000,620.6900,620.4800,620.4900,12674
2025-01-06 14:33:00,620.3776,620.7500,620.3500,620.7000,6408
2025-01-06 14:34:00,620.6800,620.7200,620.1680,620.2300,12187
2025-01-06 14:35:00,620.2500,620.6150,620.2100,620.6150,5518
2025-01-06 14:36:00,620.4750,620.6100,620.1401,620.5800,9239
2025-01-06 14:37:00,620.6200,620.6900,620.3001,620.3850,4641
2025-01-06 14:38:00,620.4700,620.5800,620.4200,620.5050,10652
2025-01-06 14:39:00,620.5000,620.5900,620.3500,620.5800,32793
2025-01-06 14:40:00,620.5800,620.8800,620.5800,620.8800,7534
2025-01-06 14:41:00,620.8550,620.9600,620.5700,620.8600,9363
2025-01-06 14:42:00,620.8200,620.8300,620.5100,620.5600,12260
2025-01-06 14:43:00,620.6100,620.6100,620.1401,620.6100,14367
2025-01-06 14:44:00,620.6000,620.8300,620.4850,620.6500,7795
2025-01-06 14:45:00,620.6800,620.7600,620.5421,620.6650,9579
2025-01-06 14:46:00,620.6850,620.8200,620.5121,620.8200,7127
2025-01-06 14:47:00,620.9400,621.2599,620.9400,621.1500,23687
2025-01-06 14:48:00,621.1900,621.3950,620.9555,621.3750,8860
2025-01-06 14:49:00,621.3750,621.8100,621.3000,621.6581,10156
2025-01-06 14:50:00,621.8000,621.9400,621.6000,621.8800,11732
2025-01-06 14:51:00,621.7900,622.1800,621.7100,622.0100,29882
2025-01-06 14:52:00,622.0300,622.2000,621.8100,622.0000,15483
2025-01-06 14:53:00,622.0100,622.2350,622.0100,622.1200,12283
2025-01-06 14:54:00,622.1969,622.2500,622.0101,622.1420,7760
2025-01-06 14:55:00,622.2700,622.2800,622.0100,622.1200,12559
2025-01-06 14:56:00,622.2000,622.3782,622.1800,622.2143,16605
2025-01-06 14:57:00,622.2500,622.2500,621.2000,621.5500,34922
2025-01-06 14:58:00,621.5150,621.6900,621.3300,621.6100,16072
2025-01-06 14:59:00,621.6700,621.9400,621.3800,621.4600,19866
2025-01-06 15:00:00,621.4650,621.4650,621.1100,621.2800,31819
2025-01-06 15:01:00,621.4200,621.8399,621.2600,621.2600,14569
2025-01-06 15:02:00,621.3100,621.8200,621.3100,621.8200,9428
2025-01-06 15:03:00,621.8200,622.8700,621.7700,622.8700,29300
2025-01-06 15:04:00,622.8200,623.2822,622.7600,623.1950,33970
2025-01-06 15:05:00,623.2677,623.4000,622.9400,623.3000,19013
2025-01-06 15:06:00,623.2750,623.4104,623.0800,623.2850,19124
2025-01-06 15:07:00,623.2600,623.4400,623.1500,623.2400,18316
2025-01-06 15:08:00,623.2900,623.4800,623.1601,623.4438,24600
2025-01-06 15:09:00,623.5000,623.7899,623.4211,623.5850,29115
2025-01-06 15:10:00,623.4900,623.5500,623.2800,623.3250,20666
2025-01-06 15:11:00,623.2890,623.4800,623.2890,623.4000,18205
2025-01-06 15:12:00,623.3100,623.3908,622.9800,623.2700,28300
2025-01-06 15:13:00,623.2500,623.9300,623.2500,623.6400,26501
2025-01-06 15:14:00,623.7300,623.8800,623.6050,623.6400,20195
2025-01-06 15:15:00,623.6400,623.7300,623.5800,623.6650,15465
2025-01-06 15:16:00,623.6800,623.7999,623.6100,623.6750,21527
2025-01-06 15:17:00,623.6300,623.7600,623.3901,623.7600,13449
2025-01-06 15:18:00,623.5600,623.9300,623.5110,623.7900,21388
2025-01-06 15:19:00,623.7900,623.8379,623.5400,623.6800,14172
2025-01-06 15:20:00,623.6700,623.6700,623.2000,623.2000,15327
2025-01-06 15:21:00,623.2000,623.2700,622.8900,623.1800,15476
2025-01-06 15:22:00,623.2248,623.6500,622.9783,623.6100,14198
2025-01-06 15:23:00,623.5400,623.7500,623.3738,623.7500,10592
2025-01-06 15:24:00,623.7500,624.8100,623.6950,624.6100,72896
2025-01-06 15:25:00,624.6100,624.6750,624.1600,624.3700,27610
2025-01-06 15:26:00,624.3350,624.5000,624.0300,624.4750,24379
2025-01-06 15:27:00,624.4700,624.6099,624.2800,624.5600,17779
2025-01-06 15:28:00,624.5600,624.8100,624.3600,624.7000,31838
2025-01-06 15:29:00,624.6500,624.9000,624.5404,624.8550,27502
2025-01-06 15:30:00,624.8600,625.0600,624.6900,625.0600,60764
2025-01-06 15:31:00,625.0355,625.1300,624.8300,624.8850,18330
2025-01-06 15:32:00,624.9200,625.1900,624.9200,625.1199,23253
2025-01-06 15:33:00,625.1700,625.3791,625.0700,625.2300,30216
2025-01-06 15:34:00,625.1200,625.4300,625.0300,625.3400,26003
2025-01-06 15:35:00,625.3300,625.4600,625.2100,625.4600,26619
2025-01-06 15:36:00,625.4000,625.4800,625.0201,625.3200,27893
2025-01-06 15:37:00,625.2300,625.3400,625.0500,625.1200,30270
2025-01-06 15:38:00,625.1350,625.2000,624.6566,624.7300,41131
2025-01-06 15:39:00,624.8700,625.0150,624.6600,625.0150,27269
2025-01-06 15:40:00,625.0600,625.4999,624.7107,625.4300,30157
2025-01-06 15:41:00,625.4650,625.9700,625.4200,625.9500,40389
2025-01-06 15:42:00,625.9600,626.2000,625.8000,625.9300,61737
2025-01-06 15:43:00,625.9200,626.5800,625.8000,626.5600,49624
2025-01-06 15:44:00,626.5800,627.1600,626.5600,627.0300,56072
2025-01-06 15:45:00,627.0800,627.0800,626.7400,626.9300,49477
2025-01-06 15:46:00,626.9300,627.3100,626.9300,627.1500,62524
2025-01-06 15:47:00,627.1500,627.3400,626.9200,627.0050,54405
2025-01-06 15:48:00,627.0000,627.3599,626.9100,627.1600,47736
2025-01-06 15:49:00,627.1100,627.1100,626.6300,626.8650,42539
2025-01-06 15:50:00,626.8100,628.7000,626.7600,628.6900,121234
2025-01-06 15:51:00,628.5300,629.3000,628.4500,629.0150,182014
2025-01-06 15:52:00,628.9500,629.1000,628.2900,628.9050,83744
2025-01-06 15:53:00,628.8201,629.1300,628.5800,629.1186,263088
2025-01-06 15:54:00,629.1200,629.6500,628.7000,629.5100,80807
2025-01-06 15:55:00,629.5100,630.9700,629.4200,630.8800,187012
2025-01-06 15:56:00,630.9900,630.9900,629.8100,629.8500,134036
2025-01-06 15:57:00,629.8550,629.9500,629.4200,629.5795,159943
2025-01-06 15:58:00,629.6400,630.0000,629.4800,629.9600,127437
2025-01-06 15:59:00,629.9600,630.5900,629.9400,630.2700,261566
2025-01-06 16:00:00,630.3400,631.0000,630.2000,630.6600,4206754
2025-01-06 16:01:00,630.6500,631.3099,630.2000,630.8900,18607
2025-01-06 16:02:00,631.0000,631.0500,611.8250,630.7000,173209
2025-01-06 16:03:00,630.8000,631.1500,630.2000,630.9750,37154
2025-01-06 16:04:00,630.8000,631.3000,630.2000,631.1500,3998
2025-01-06 16:05:00,631.1202,631.9800,630.2000,631.8400,3725
2025-01-06 16:06:00,631.8000,632.2400,630.2000,632.2400,8841
2025-01-06 16:07:00,632.3394,633.8000,632.0101,633.2500,5690
2025-01-06 16:08:00,633.3200,634.9000,633.0600,634.0000,10144
2025-01-06 16:09:00,634.3000,635.5500,634.0000,635.2750,11014
2025-01-06 16:10:00,635.2300,635.9400,630.2000,635.4300,6462
2025-01-06 16:11:00,635.4500,635.4500,634.0000,634.0000,6023
2025-01-06 16:12:00,634.0000,634.6200,633.8400,633.8400,4058
2025-01-06 16:13:00,633.8400,634.0800,633.0100,633.7400,4364
2025-01-06 16:14:00,633.7000,634.0000,633.1400,634.0000,782
2025-01-06 16:15:00,633.7500,634.0000,630.2000,633.7000,2964
2025-01-06 16:16:00,633.5000,633.7500,633.1500,633.2000,1655
2025-01-06 16:17:00,633.2000,633.3000,632.8000,633.0000,4702
2025-01-06 16:18:00,633.1500,633.3300,630.2000,633.2000,872
2025-01-06 16:19:00,633.1200,633.3030,624.4200,633.2500,1197
2025-01-06 16:20:00,633.2500,633.3300,633.2500,633.3300,1112
2025-01-06 16:21:00,633.3750,633.5000,633.2700,633.4997,641
2025-01-06 16:22:00,633.3440,633.7500,633.3400,633.5300,1393
2025-01-06 16:23:00,633.6250,633.9000,633.5000,633.7700,2860
2025-01-06 16:24:00,633.7700,633.8500,633.6600,633.7800,1295
2025-01-06 16:25:00,633.7000,634.0600,633.7000,633.8500,899
2025-01-06 16:26:00,633.9900,635.0000,633.9600,634.3600,5642
2025-01-06 16:27:00,634.3300,634.6500,630.2000,634.4900,27441
2025-01-06 16:28:00,634.3700,634.7902,634.3300,634.5300,2045
2025-01-06 16:29:00,634.6250,634.8000,630.2000,634.6100,8107
2025-01-06 16:30:00,634.6100,635.0000,634.6000,634.8250,4694
2025-01-06 16:31:00,634.7001,634.8800,634.6000,634.7700,860
2025-01-06 16:32:00,634.8700,635.3100,634.7400,635.1700,8870
2025-01-06 16:33:00,634.9600,635.4600,634.8000,635.0500,933
2025-01-06 16:34:00,634.9900,635.1900,634.8000,635.0950,3332
2025-01-06 16:35:00,635.1900,635.1900,635.0000,635.0920,2469
2025-01-06 16:36:00,635.1000,635.3000,630.2000,635.1660,4337
2025-01-06 16:37:00,635.0300,635.3500,634.7700,635.2600,3923
2025-01-06 16:38:00,635.1700,635.3000,634.9942,635.1050,1007
2025-01-06 16:39:00,635.1050,635.2500,612.3300,635.0500,414
2025-01-06 16:40:00,635.0500,635.2100,630.2000,634.9000,1757
2025-01-06 16:41:00,634.9900,635.0000,634.7500,634.8500,914
2025-01-06 16:42:00,634.8250,635.2100,634.7500,635.1300,1876
2025-01-06 16:43:00,635.1000,635.2100,635.0500,635.1500,1419
2025-01-06 16:44:00,635.1888,635.1888,635.0500,635.0500,2038
2025-01-06 16:45:00,635.0700,635.2500,635.0500,635.2500,1606
2025-01-06 16:46:00,635.2500,635.7000,635.1750,635.6000,4707
2025-01-06 16:47:00,635.6000,635.6400,635.0800,635.2100,9677
2025-01-06 16:48:00,635.3800,635.7300,630.2000,635.7000,9483
2025-01-06 16:49:00,635.3900,635.7000,635.2400,635.7000,565
2025-01-06 16:50:00,635.4500,635.6800,635.3300,635.6000,2344
2025-01-06 16:51:00,635.5000,636.9700,630.2000,636.5500,14265
2025-01-06 16:52:00,636.6400,636.8000,636.1200,636.3000,1381
2025-01-06 16:53:00,636.3000,636.4900,636.1100,636.1100,1867
2025-01-06 16:54:00,636.1200,636.4900,636.1100,636.3000,1141
2025-01-06 16:55:00,636.3000,636.8000,636.1100,636.4000,4352
2025-01-06 16:56:00,636.4600,637.4100,636.4500,637.0100,5179
2025-01-06 16:57:00,637.2150,637.4100,636.5000,636.5000,1034
2025-01-06 16:58:00,636.8000,637.1200,636.6300,636.7800,362
2025-01-06 16:59:00,636.8700,636.9000,636.1100,636.4000,3642
2025-01-06 17:00:00,636.4900,636.6300,636.1700,636.3000,633
2025-01-06 17:01:00,636.5000,636.9000,636.0000,636.6600,4174
2025-01-06 17:02:00,636.5400,636.7500,636.3300,636.4150,252
2025-01-06 17:03:00,636.3500,636.4500,635.7950,635.8300,1328
2025-01-06 17:04:00,636.3400,636.3400,635.1200,635.1200,2912
2025-01-06 17:05:00,635.0300,635.1800,634.5100,634.9900,2924
2025-01-06 17:06:00,634.7100,635.0000,612.6300,634.7500,3029
2025-01-06 17:07:00,634.7500,634.8500,634.5000,634.5000,1353
2025-01-06 17:08:00,634.7000,634.7400,634.0500,634.3450,1094
2025-01-06 17:09:00,634.0500,634.7142,634.0000,634.2100,1219
2025-01-06 17:10:00,634.3000,634.4000,634.1500,634.2500,1075
2025-01-06 17:11:00,634.3300,634.4000,633.3300,633.6108,1581
2025-01-06 17:12:00,634.3888,634.3888,630.2000,634.0000,2877
2025-01-06 17:13:00,634.3000,634.3000,633.9000,634.0000,386
2025-01-06 17:14:00,634.1000,634.2840,634.0000,634.0100,511
2025-01-06 17:15:00,634.1500,634.2900,634.0000,634.1500,876
2025-01-06 17:16:00,634.3000,634.3000,634.0000,634.0000,748
2025-01-06 17:17:00,633.9000,634.1600,633.9000,634.1500,570
2025-01-06 17:18:00,634.0800,634.1500,633.7000,633.7000,1028
2025-01-06 17:19:00,633.7000,634.1000,633.4000,634.0000,20
2025-01-06 17:20:00,633.8250,633.8500,633.5500,633.8500,243
2025-01-06 17:21:00,633.8500,634.1000,633.6000,633.9500,230
2025-01-06 17:22:00,633.8500,634.1000,633.8000,633.9500,1130
2025-01-06 17:23:00,633.8000,634.1000,633.8000,633.9000,141
2025-01-06 17:24:00,633.7000,634.0000,633.7000,633.8500,32
2025-01-06 17:25:00,634.0000,634.1000,633.7000,633.8000,352
2025-01-06 17:26:00,633.9500,634.0925,633.8000,633.8000,113
2025-01-06 17:27:00,634.0000,634.0000,633.8000,633.9000,142
2025-01-06 17:28:00,634.0000,634.0000,633.8100,634.0000,102
2025-01-06 17:29:00,634.0000,634.1000,633.9000,633.9850,210
2025-01-06 17:30:00,633.9100,634.1000,633.9000,634.0000,112
2025-01-06 17:31:00,633.9000,634.1500,633.9000,634.1500,633
2025-01-06 17:32:00,634.0750,634.3000,634.0250,634.3000,572
2025-01-06 17:33:00,634.3000,634.4000,634.1012,634.3000,252
2025-01-06 17:34:00,634.3000,634.5000,634.1000,634.5000,803
2025-01-06 17:35:00,634.2500,634.5000,634.0000,634.2500,121
2025-01-06 17:36:00,634.1300,634.2500,634.0000,634.2500,431
2025-01-06 17:37:00,634.1000,634.2500,634.0000,634.0500,176
2025-01-06 17:38:00,634.2000,634.5000,634.0000,634.2500,303
2025-01-06 17:39:00,634.2500,634.5000,634.0000,634.2500,45
2025-01-06 17:40:00,634.2000,634.5000,634.0000,634.5000,100
2025-01-06 17:41:00,634.1000,634.2500,634.0125,634.2200,217
2025-01-06 17:42:00,634.0500,634.7500,634.0000,634.0000,165
2025-01-06 17:43:00,634.0600,634.4600,634.0500,634.2500,266
2025-01-06 17:44:00,634.2500,634.5000,634.0000,634.1600,141
2025-01-06 17:45:00,634.2500,634.3700,634.0000,634.3700,144
2025-01-06 17:46:00,634.3700,634.4900,634.0000,634.2600,300
2025-01-06 17:47:00,634.4700,634.7500,634.0000,634.2800,335
2025-01-06 17:48:00,634.2600,634.7500,634.2600,634.4100,79
2025-01-06 17:49:00,634.3500,634.7500,634.3500,634.4300,219
2025-01-06 17:50:00,634.4800,634.7500,634.3500,634.5500,537
2025-01-06 17:51:00,634.3500,634.5600,634.2500,634.3400,90
2025-01-06 17:52:00,634.3200,634.3300,634.0000,634.2600,288
2025-01-06 17:53:00,634.3750,634.7500,634.0500,634.0500,105
2025-01-06 17:54:00,634.3855,634.3855,634.0000,634.3100,89
2025-01-06 17:55:00,634.0000,634.7500,634.0000,634.7500,108
2025-01-06 17:56:00,634.0700,634.3000,634.0000,634.0000,71
2025-01-06 17:57:00,634.3750,634.3750,634.0000,634.0200,40
2025-01-06 17:58:00,634.1462,634.1500,634.0000,634.1000,350
2025-01-06 17:59:00,634.0700,634.2450,634.0000,634.1300,255
2025-01-06 18:00:00,634.2450,634.4900,634.0000,634.4777,49
2025-01-06 18:01:00,634.2450,634.2500,633.7000,633.7500,1650
2025-01-06 18:02:00,634.0000,634.2585,633.7000,633.7100,177
2025-01-06 18:03:00,633.7100,634.0000,633.4105,633.6800,1588
2025-01-06 18:04:00,633.3600,633.7400,633.3300,633.5400,257
2025-01-06 18:05:00,633.5550,633.8800,633.4000,633.5000,422
2025-01-06 18:06:00,633.7000,634.0000,633.4000,634.0000,620
2025-01-06 18:07:00,633.5000,633.7500,633.4200,633.4200,28
2025-01-06 18:08:00,633.4200,633.7100,633.4200,633.7100,19
2025-01-06 18:09:00,634.0000,634.0000,633.4200,633.4300,128
2025-01-06 18:10:00,633.8200,634.0000,633.4200,634.0000,131
2025-01-06 18:11:00,633.5500,633.6200,633.4200,633.6200,133
2025-01-06 18:12:00,633.6500,633.7442,633.4800,633.6150,255
2025-01-06 18:13:00,633.6150,633.7500,633.4800,633.6150,1034
2025-01-06 18:14:00,633.4800,633.7500,633.4800,633.6900,20
2025-01-06 18:15:00,633.7000,633.7750,633.5500,633.7000,189
2025-01-06 18:16:00,633.7300,634.0000,633.7000,633.8900,144
2025-01-06 18:17:00,633.8900,633.9900,633.8500,633.8500,421
2025-01-06 18:18:00,633.8500,633.9900,633.4200,633.7100,164
2025-01-06 18:19:00,633.7100,633.9500,633.4342,633.7050,168
2025-01-06 18:20:00,633.7050,633.9900,633.4200,633.4800,139
2025-01-06 18:21:00,633.9900,633.9900,633.4200,633.5000,253
2025-01-06 18:22:00,633.7100,634.0000,633.4200,634.0000,324
2025-01-06 18:23:00,633.6900,634.0000,633.4000,633.6500,593
2025-01-06 18:24:00,633.7000,634.0000,633.4000,634.0000,19
2025-01-06 18:25:00,633.7000,633.7000,633.4000,633.7000,79
2025-01-06 18:26:00,633.4200,634.0000,633.4000,634.0000,278
2025-01-06 18:27:00,633.9900,633.9900,633.4000,633.4200,165
2025-01-06 18:28:00,633.9729,633.9729,633.4000,633.4000,62
2025-01-06 18:29:00,633.5450,633.9800,633.4000,633.6900,153
2025-01-06 18:30:00,633.4200,633.9800,633.4200,633.6800,43
2025-01-06 18:31:00,633.9800,633.9800,633.4900,633.6800,42
2025-01-06 18:32:00,633.7050,633.7050,633.4800,633.5500,154
2025-01-06 18:33:00,633.5500,633.7050,633.4000,633.6950,51
2025-01-06 18:34:00,633.5000,633.9900,633.4000,633.6950,54
2025-01-06 18:35:00,633.5100,633.9900,633.4000,633.5000,411
2025-01-06 18:36:00,633.5000,633.5500,633.4000,633.5500,216
2025-01-06 18:37:00,633.4900,633.6900,633.4000,633.4850,564
2025-01-06 18:38:00,633.4200,633.7000,633.3500,633.5600,184
2025-01-06 18:39:00,633.5600,633.7000,633.4200,633.5600,39
2025-01-06 18:40:00,633.5600,633.6112,633.4200,633.5000,110
2025-01-06 18:41:00,633.4200,633.9800,633.4200,633.9800,43
2025-01-06 18:42:00,633.7050,633.9500,633.4200,633.6850,17
2025-01-06 18:43:00,633.4300,633.6850,633.4300,633.4900,209
2025-01-06 18:44:00,633.6850,633.7050,633.4200,633.4300,111
2025-01-06 18:45:00,633.4300,633.7000,633.4200,633.6950,251
2025-01-06 18:46:00,633.5400,633.9700,633.5000,633.5900,52
2025-01-06 18:47:00,633.4200,633.5550,633.4200,633.5550,24
2025-01-06 18:48:00,633.4267,633.5550,633.4200,633.5550,67
2025-01-06 18:49:00,633.4200,633.6900,633.4200,633.4800,221
2025-01-06 18:50:00,633.4800,633.5250,633.3600,633.5250,30
2025-01-06 18:51:00,633.5000,633.6250,633.3900,633.5500,962
2025-01-06 18:52:00,633.6350,633.8500,633.4400,633.8500,17
2025-01-06 18:53:00,633.4200,633.8000,633.4200,633.6600,103
2025-01-06 18:54:00,633.6600,633.8500,633.5200,633.6350,128
2025-01-06 18:55:00,633.6350,633.7000,633.5200,633.7000,48
2025-01-06 18:56:00,633.6350,633.6350,633.5200,633.5500,73
2025-01-06 18:57:00,633.4200,633.6000,633.4200,633.4200,125
2025-01-06 18:58:00,633.6300,633.6500,633.4200,633.6500,92
2025-01-06 18:59:00,633.5550,633.6200,633.4208,633.5000,117
2025-01-06 19:00:00,633.5550,633.7000,633.4200,633.5000,550
2025-01-06 19:01:00,633.7000,633.7000,633.4300,633.5500,193
2025-01-06 19:02:00,633.5000,633.7000,633.4200,633.5869,305
2025-01-06 19:03:00,633.5000,633.7000,633.1700,633.3800,566
2025-01-06 19:04:00,633.3000,633.3350,633.2500,633.3000,145
2025-01-06 19:05:00,633.5000,633.5000,633.1200,633.1600,375
2025-01-06 19:06:00,633.0100,633.5000,633.0100,633.0100,31
2025-01-06 19:07:00,633.4700,633.9200,633.0100,633.1000,413
2025-01-06 19:08:00,633.0100,633.4000,633.0100,633.2050,83
2025-01-06 19:09:00,633.0900,633.2050,633.0300,633.0950,221
2025-01-06 19:10:00,633.1000,633.1800,633.0100,633.1000,486
2025-01-06 19:11:00,633.0900,633.3900,633.0100,633.1800,265
2025-01-06 19:12:00,633.3000,633.3000,633.0100,633.2000,35
2025-01-06 19:13:00,633.0600,633.2000,633.0100,633.0100,222
2025-01-06 19:14:00,633.2000,633.4000,633.0000,633.1000,473
2025-01-06 19:15:00,633.1500,633.4000,633.1000,633.1500,133
2025-01-06 19:16:00,633.1000,633.4000,633.1000,633.1900,77
2025-01-06 19:17:00,633.1100,633.3000,633.1000,633.3000,799
2025-01-06 19:18:00,633.2000,633.2000,633.1000,633.1000,11
2025-01-06 19:19:00,633.1500,633.3000,633.1000,633.2667,452
2025-01-06 19:20:00,633.1000,633.2000,633.1000,633.1000,336
2025-01-06 19:21:00,633.2000,633.2800,633.1000,633.2000,123
2025-01-06 19:22:00,633.2000,633.2900,633.1000,633.1001,217
2025-01-06 19:23:00,633.1000,633.2900,633.1000,633.2000,10
2025-01-06 19:24:00,633.2000,633.3000,633.1000,633.2450,1128
2025-01-06 19:25:00,633.2000,633.3900,633.1100,633.2000,507
2025-01-06 19:26:00,633.2450,633.3550,633.1500,633.3550,110
2025-01-06 19:27:00,633.3200,633.3250,633.2500,633.2500,197
2025-01-06 19:28:00,633.3300,633.3300,633.2500,633.2500,35
2025-01-06 19:29:00,633.4000,633.4000,633.1500,633.3800,475
2025-01-06 19:30:00,633.3100,633.3800,633.1000,633.2000,114
2025-01-06 19:31:00,633.1750,633.2450,633.1000,633.2450,58
2025-01-06 19:32:00,633.2450,633.4000,633.1900,633.2900,1213
2025-01-06 19:33:00,633.3900,633.3925,633.1000,633.1750,280
2025-01-06 19:34:00,633.1750,633.2500,633.1001,633.1750,255
2025-01-06 19:35:00,633.2000,633.2500,633.1750,633.2500,441
2025-01-06 19:36:00,633.2500,633.4000,633.1500,633.1500,223
2025-01-06 19:37:00,633.1400,633.2800,633.1200,633.1201,185
2025-01-06 19:38:00,633.2500,633.4000,633.1201,633.1500,229
2025-01-06 19:39:00,633.2100,633.5400,633.1568,633.5400,617
2025-01-06 19:40:00,633.1000,633.5400,633.1000,633.5300,3423
2025-01-06 19:41:00,633.5300,633.5400,633.3600,633.4500,346
2025-01-06 19:42:00,633.3600,633.5400,633.3600,633.3650,1885
2025-01-06 19:43:00,633.3650,633.5400,633.3650,633.3950,96
2025-01-06 19:44:00,633.4500,633.6500,633.2527,633.5500,1382
2025-01-06 19:45:00,633.5700,634.0000,633.5400,633.7700,110
2025-01-06 19:46:00,633.9400,634.0000,633.5443,633.9400,123
2025-01-06 19:47:00,633.7700,633.7700,633.5400,633.7700,41
2025-01-06 19:48:00,633.7700,633.7700,633.5500,633.5500,286
2025-01-06 19:49:00,633.5500,633.7600,633.5500,633.7500,378
2025-01-06 19:50:00,633.7100,633.9400,633.5500,633.7750,418
2025-01-06 19:51:00,633.7900,633.7900,633.1000,633.1000,2119
2025-01-06 19:52:00,633.0100,634.0000,633.0000,633.0500,188
2025-01-06 19:53:00,633.0500,633.9800,633.0000,633.3500,532
2025-01-06 19:54:00,633.3000,633.5000,632.8000,632.8000,3114
2025-01-06 19:55:00,632.7000,633.5000,631.8900,631.8900,1318
2025-01-06 19:56:00,631.7550,631.9900,631.5100,631.9600,908
2025-01-06 19:57:00,631.6000,631.9900,631.0300,631.8900,2546
2025-01-06 19:58:00,631.6200,631.9900,631.5000,631.9550,165
2025-01-06 19:59:00,631.9700,632.1600,631.6200,631.8300,844
2025-01-07 04:00:00,632.3400,634.8200,631.0000,632.1300,2230
2025-01-07 04:01:00,632.5500,632.5900,632.1000,632.3400,1183
2025-01-07 04:02:00,632.3800,632.7000,632.3800,632.5000,548
2025-01-07 04:03:00,632.5200,632.5200,632.2400,632.5200,276
2025-01-07 04:04:00,632.5400,632.5400,632.2500,632.3500,39
2025-01-07 04:05:00,632.4000,632.4000,632.1500,632.2400,1916
2025-01-07 04:06:00,632.1500,632.2400,632.1500,632.1500,74
2025-01-07 04:07:00,632.1500,632.2400,632.1500,632.2400,2095
2025-01-07 04:08:00,632.2100,632.2400,632.0400,632.1500,332
2025-01-07 04:09:00,632.1400,632.2300,632.0000,632.0700,436
2025-01-07 04:10:00,632.2300,632.2400,631.9800,632.2400,759
2025-01-07 04:11:00,632.1000,632.2300,632.0200,632.1500,483
2025-01-07 04:12:00,632.2300,632.2300,632.1300,632.1300,305
2025-01-07 04:13:00,632.1900,632.2400,631.6800,631.8400,1385
2025-01-07 04:14:00,631.6500,631.7200,631.1000,631.5200,827
2025-01-07 04:15:00,631.5000,631.5000,630.8000,630.9800,567
2025-01-07 04:16:00,630.6800,630.9100,630.6500,630.6500,50
2025-01-07 04:17:00,630.8000,630.8000,630.8000,630.8000,14
2025-01-07 04:18:00,630.9000,630.9500,630.5900,630.6700,368
2025-01-07 04:19:00,630.5300,630.6800,630.4500,630.6500,243
2025-01-07 04:20:00,630.6400,630.6800,630.0500,630.4000,975
2025-01-07 04:21:00,630.3900,630.4500,630.1100,630.4500,877
2025-01-07 04:22:00,630.2500,630.3700,630.0300,630.0300,92
2025-01-07 04:23:00,630.0300,630.0300,629.4000,629.6800,1521
2025-01-07 04:24:00,629.4000,629.4100,628.6400,628.9700,1090
2025-01-07 04:25:00,628.9100,629.5800,628.0100,628.1100,1244
2025-01-07 04:26:00,628.1100,628.4600,627.3100,627.5000,1341
2025-01-07 04:27:00,627.3500,627.6700,627.3000,627.6700,1957
2025-01-07 04:28:00,627.7900,628.0000,627.5200,627.5300,985
2025-01-07 04:29:00,627.5100,627.9900,627.4500,627.5300,122
2025-01-07 04:30:00,627.4500,627.5400,627.4000,627.4000,269
2025-01-07 04:31:00,627.5200,628.0000,627.3200,628.0000,760
2025-01-07 04:32:00,628.0900,628.5000,628.0500,628.2200,55
2025-01-07 04:33:00,628.2500,628.2500,627.5700,627.5700,522
2025-01-07 04:34:00,627.5000,627.8800,627.2900,627.3700,1144
2025-01-07 04:35:00,627.5600,627.6600,627.2900,627.5000,142
2025-01-07 04:36:00,627.7900,627.8000,627.6000,627.6500,84
2025-01-07 04:37:00,627.8000,628.5000,627.7100,628.5000,958
2025-01-07 04:38:00,628.1000,628.5200,628.1000,628.3900,1441
2025-01-07 04:39:00,628.3900,628.5000,628.1500,628.5000,77
2025-01-07 04:40:00,628.5000,628.5000,627.7600,627.7600,1863
2025-01-07 04:41:00,627.7600,628.0000,627.6600,628.0000,449
2025-01-07 04:42:00,628.0000,628.0000,627.7400,627.9500,151
2025-01-07 04:43:00,627.8800,627.9200,627.6600,627.7400,95
2025-01-07 04:44:00,627.7200,627.9100,627.6200,627.7200,121
2025-01-07 04:45:00,627.9100,627.9100,627.0800,627.3600,1604
2025-01-07 04:46:00,627.3500,627.6300,626.7800,627.0000,824
2025-01-07 04:47:00,626.8200,627.2900,626.3500,626.4100,1318
2025-01-07 04:48:00,626.4100,626.7300,625.9000,626.1800,2379
2025-01-07 04:49:00,625.9400,626.2400,625.8800,626.2400,2017
2025-01-07 04:50:00,626.2700,626.5000,625.8400,626.0900,2701
2025-01-07 04:51:00,626.1200,626.2000,625.8300,625.9800,1249
2025-01-07 04:52:00,626.0000,626.1700,625.9800,626.0000,1276
2025-01-07 04:53:00,625.9200,626.1100,625.9200,626.0500,151
2025-01-07 04:54:00,626.1200,626.3200,625.9700,626.2000,235
2025-01-07 04:55:00,626.2000,626.5000,626.0200,626.1300,4028
2025-01-07 04:56:00,626.1500,626.3500,626.0200,626.2000,1677
2025-01-07 04:57:00,626.2300,626.3300,626.2000,626.3300,165
2025-01-07 04:58:00,626.5000,626.5000,626.0800,626.4500,236
2025-01-07 04:59:00,626.5000,626.5000,626.2400,626.5000,343
2025-01-07 05:00:00,626.4900,626.4900,626.1500,626.4100,113
2025-01-07 05:01:00,626.3900,626.4100,626.1200,626.1200,937
2025-01-07 05:02:00,626.0200,626.1200,625.7300,625.7300,705
2025-01-07 05:03:00,625.8000,625.8000,625.4700,625.6100,400
2025-01-07 05:04:00,625.6100,626.0000,625.6100,625.8900,167
2025-01-07 05:05:00,625.9800,626.0000,625.9800,626.0000,454
2025-01-07 05:06:00,625.8600,625.9700,625.7900,625.9700,66
2025-01-07 05:07:00,625.9700,626.0000,625.9000,625.9900,375
2025-01-07 05:08:00,626.0000,626.0900,626.0000,626.0900,168
2025-01-07 05:09:00,626.1000,626.1000,626.0000,626.1000,1674
2025-01-07 05:10:00,626.1000,626.5000,625.9800,626.5000,4719
2025-01-07 05:11:00,626.4100,626.5000,626.3500,626.5000,753
2025-01-07 05:12:00,626.4900,627.0000,626.2400,627.0000,8474
2025-01-07 05:13:00,626.7300,627.5000,626.7300,627.0000,7476
2025-01-07 05:14:00,627.1100,627.5000,627.0900,627.5000,408
2025-01-07 05:15:00,627.3200,627.4900,627.2500,627.3100,1273
2025-01-07 05:16:00,627.4000,627.4000,627.2600,627.3000,248
2025-01-07 05:17:00,627.2300,627.2300,627.1800,627.2100,90
2025-01-07 05:18:00,627.2100,627.2100,627.2100,627.2100,15
2025-01-07 05:19:00,627.2500,627.4000,627.2100,627.4000,51
2025-01-07 05:20:00,627.2600,627.2800,626.3000,627.0000,3522
2025-01-07 05:21:00,626.9800,627.0000,626.6000,627.0000,850
2025-01-07 05:22:00,626.9600,626.9600,626.4900,626.7100,121
2025-01-07 05:23:00,626.5400,626.6000,626.0000,626.0000,1166
2025-01-07 05:24:00,625.9600,625.9600,625.5300,625.8000,425
2025-01-07 05:25:00,625.7000,625.7400,625.2000,625.3400,1673
2025-01-07 05:26:00,625.3800,625.9800,625.3800,625.4600,384
2025-01-07 05:27:00,625.4600,625.7900,625.4600,625.7600,26
2025-01-07 05:28:00,625.7300,625.7300,625.2200,625.3100,193
2025-01-07 05:29:00,625.4400,625.4400,625.2400,625.2400,142
2025-01-07 05:30:00,625.3000,625.5000,625.3000,625.3900,448
2025-01-07 05:31:00,625.3900,625.5000,625.3000,625.3000,180
2025-01-07 05:32:00,625.2600,625.3000,625.0600,625.0700,3044
2025-01-07 05:33:00,625.2300,625.2800,625.2300,625.2700,241
2025-01-07 05:34:00,625.2500,625.2500,625.0500,625.1200,267
2025-01-07 05:35:00,625.1500,625.1800,624.6000,624.6000,2165
2025-01-07 05:36:00,624.7000,624.8000,624.6000,624.6500,184
2025-01-07 05:37:00,624.7300,624.8000,624.2900,624.2900,1164
2025-01-07 05:38:00,624.3000,624.7500,624.2900,624.7500,379
2025-01-07 05:39:00,624.8000,625.0000,624.6600,624.8400,655
2025-01-07 05:40:00,625.0000,625.0000,624.6200,624.6200,1272
2025-01-07 05:41:00,624.6300,624.6500,624.3200,624.3200,126
2025-01-07 05:42:00,624.4200,624.4200,624.4000,624.4000,55
2025-01-07 05:43:00,624.6000,624.7000,624.3000,624.7000,416
2025-01-07 05:44:00,624.5600,624.7000,624.5300,624.7000,279
2025-01-07 05:45:00,624.4600,624.6800,624.4300,624.6800,189
2025-01-07 05:46:00,624.6800,624.7000,624.6700,624.6700,37
2025-01-07 05:47:00,624.6500,624.6500,624.6500,624.6500,8
2025-01-07 05:48:00,624.5700,624.6500,624.5500,624.5700,18
2025-01-07 05:49:00,624.6500,624.7000,624.4600,624.7000,57
2025-01-07 05:50:00,624.6100,624.6100,624.4800,624.5000,1086
2025-01-07 05:51:00,624.4000,624.4100,624.3700,624.3700,60
2025-01-07 05:52:00,624.3400,624.4600,624.3000,624.3700,109
2025-01-07 05:53:00,624.3700,624.5000,624.3700,624.5000,1289
2025-01-07 05:54:00,624.4900,624.5000,624.4900,624.5000,867
2025-01-07 05:55:00,624.5000,624.5000,624.3100,624.3200,173
2025-01-07 05:56:00,624.4900,624.5000,624.4000,624.5000,159
2025-01-07 05:57:00,624.5000,624.5000,624.3300,624.5000,314
2025-01-07 05:58:00,624.4900,624.7000,624.4800,624.7000,2316
2025-01-07 05:59:00,624.7000,624.7000,624.5900,624.7000,92
2025-01-07 06:00:00,624.6800,625.0000,624.5600,625.0000,1986
2025-01-07 06:01:00,625.0000,625.2900,624.8000,625.0000,1382
2025-01-07 06:02:00,624.9800,624.9800,624.8700,624.9500,51
2025-01-07 06:03:00,624.9000,624.9500,624.5300,624.7000,506
2025-01-07 06:04:00,624.5000,624.6300,624.4800,624.4800,218
2025-01-07 06:05:00,624.5800,624.6000,624.1500,624.1500,2238
2025-01-07 06:06:00,624.1800,624.1800,623.9800,623.9800,1793
2025-01-07 06:07:00,624.0900,624.0900,623.7800,623.8000,273
2025-01-07 06:08:00,623.8300,623.8300,623.1000,623.3000,2268
2025-01-07 06:09:00,623.2700,623.3400,623.0000,623.1900,1620
2025-01-07 06:10:00,623.2000,623.5000,623.1200,623.5000,3840
2025-01-07 06:11:00,623.4900,623.5000,623.0100,623.2500,2087
2025-01-07 06:12:00,623.0900,623.0900,623.0100,623.0500,261
2025-01-07 06:13:00,623.0500,624.0000,623.0500,624.0000,4179
2025-01-07 06:14:00,624.0000,624.0000,623.4300,623.4600,325
2025-01-07 06:15:00,623.1700,623.3500,623.1700,623.1800,98
2025-01-07 06:16:00,623.2200,623.5000,623.0700,623.1200,898
2025-01-07 06:17:00,623.4000,623.5000,623.1200,623.5000,100
2025-01-07 06:18:00,623.2400,623.5000,623.0300,623.0800,421
2025-01-07 06:19:00,623.1600,623.1600,623.0000,623.0000,475
2025-01-07 06:20:00,623.0900,623.2500,622.5500,622.5500,3226
2025-01-07 06:21:00,622.8000,622.8700,622.5700,622.5700,102
2025-01-07 06:22:00,623.0100,623.3000,622.9800,622.9900,1125
2025-01-07 06:23:00,622.7000,622.7000,622.0300,622.0300,2834
2025-01-07 06:24:00,622.0300,622.7200,622.0300,622.4600,4640
2025-01-07 06:25:00,622.5000,622.8100,622.4500,622.8100,30
2025-01-07 06:26:00,622.8400,622.8400,622.2400,622.2400,960
2025-01-07 06:27:00,622.2500,622.2500,622.1000,622.2000,1131
2025-01-07 06:28:00,622.1100,622.2000,621.8500,621.9400,1207
2025-01-07 06:29:00,621.9800,623.6600,621.9800,623.5400,970
2025-01-07 06:30:00,623.7500,624.0100,622.7500,624.0000,504
2025-01-07 06:31:00,623.6800,623.9900,623.0100,623.9900,437
2025-01-07 06:32:00,624.0000,624.0300,623.7300,623.9900,465
2025-01-07 06:33:00,623.7900,624.0100,623.6500,623.6500,41
2025-01-07 06:34:00,623.6500,624.0000,623.5900,624.0000,33
2025-01-07 06:35:00,623.9900,623.9900,623.3200,623.9500,439
2025-01-07 06:36:00,623.7400,623.7400,623.5900,623.6500,167
2025-01-07 06:37:00,623.6400,624.6800,623.6400,624.2900,3290
2025-01-07 06:38:00,624.1300,624.3300,624.1200,624.1200,420
2025-01-07 06:39:00,624.1500,624.1500,623.9200,623.9700,197
2025-01-07 06:40:00,623.9600,623.9600,623.3600,623.7400,445
2025-01-07 06:41:00,623.7500,624.7100,623.7500,624.1400,2053
2025-01-07 06:42:00,624.1600,624.2700,624.1000,624.1000,26
2025-01-07 06:43:00,624.4900,624.4900,624.4700,624.4900,412
2025-01-07 06:44:00,624.4600,624.5000,624.1600,624.4900,1048
2025-01-07 06:45:00,624.0900,624.4900,624.0900,624.4100,539
2025-01-07 06:46:00,624.2400,624.4200,624.0800,624.4200,419
2025-01-07 06:47:00,624.0900,624.2400,623.8900,624.2400,116
2025-01-07 06:48:00,624.2300,624.2400,624.0400,624.0400,37
2025-01-07 06:49:00,624.2200,624.2500,624.2000,624.2400,137
2025-01-07 06:50:00,624.2500,624.2500,623.9300,624.2500,61
2025-01-07 06:51:00,624.2500,624.2500,624.0800,624.2500,127
2025-01-07 06:52:00,624.2500,624.2500,624.1500,624.1500,275
2025-01-07 06:53:00,624.0500,624.2500,624.0500,624.2500,29
2025-01-07 06:54:00,624.0300,624.1900,624.0300,624.1900,29
2025-01-07 06:55:00,624.2500,624.2500,624.0100,624.2400,178
2025-01-07 06:56:00,624.2500,624.6700,624.2500,624.2500,2286
2025-01-07 06:57:00,624.2400,624.7200,624.0500,624.3100,907
2025-01-07 06:58:00,624.5700,624.5700,624.0600,624.0600,37
2025-01-07 06:59:00,624.2500,624.7200,624.2500,624.7000,358
2025-01-07 07:00:00,624.7000,625.3800,624.1600,625.2000,7825
2025-01-07 07:01:00,625.2000,625.6200,624.9000,625.2100,3501
2025-01-07 07:02:00,625.1900,625.2900,625.1100,625.2100,723
2025-01-07 07:03:00,625.2100,625.5500,625.2100,625.3900,807
2025-01-07 07:04:00,625.5000,625.5500,625.2200,625.3000,1450
2025-01-07 07:05:00,625.1500,625.4900,625.1200,625.3800,663
2025-01-07 07:06:00,625.3800,626.0200,625.3800,626.0200,4689
2025-01-07 07:07:00,626.1000,626.1000,625.3400,625.3400,1990
2025-01-07 07:08:00,625.9000,626.2500,625.7000,625.8000,4500
2025-01-07 07:09:00,626.0000,626.1900,625.5300,626.0100,625
2025-01-07 07:10:00,626.0100,626.2600,626.0100,626.1800,290
2025-01-07 07:11:00,626.1400,626.5200,626.1400,626.3100,935
2025-01-07 07:12:00,626.5100,626.6000,626.3300,626.5100,176
2025-01-07 07:13:00,626.5100,626.7200,626.5000,626.5100,709
2025-01-07 07:14:00,626.5400,626.6200,626.4400,626.5000,683
2025-01-07 07:15:00,626.6500,626.7200,626.2000,626.2000,2363
2025-01-07 07:16:00,626.3500,626.3500,625.7900,625.9500,949
2025-01-07 07:17:00,626.0000,626.0400,625.7900,625.9900,47
2025-01-07 07:18:00,625.9100,626.0000,625.7800,625.7800,806
2025-01-07 07:19:00,626.0000,626.1700,626.0000,626.0100,267
2025-01-07 07:20:00,626.0000,626.1900,626.0000,626.0900,223
2025-01-07 07:21:00,626.0900,626.1900,625.9300,626.1900,203
2025-01-07 07:22:00,626.1900,626.2000,625.7500,625.8400,1190
2025-01-07 07:23:00,625.6800,626.0100,625.5000,626.0100,1592
2025-01-07 07:24:00,626.0800,626.1100,625.7800,626.0600,1265
2025-01-07 07:25:00,626.0200,626.0200,625.8500,625.9000,5
2025-01-07 07:26:00,625.9000,625.9000,625.7800,625.8000,14
2025-01-07 07:27:00,625.7200,625.8000,625.7000,625.8000,265
2025-01-07 07:28:00,625.8000,625.8500,625.6200,625.8000,318
2025-01-07 07:29:00,625.8000,625.8500,625.7800,625.8000,223
2025-01-07 07:30:00,625.8500,625.9000,625.7000,625.8500,790
2025-01-07 07:31:00,625.8500,626.2000,625.8500,626.2000,1109
2025-01-07 07:32:00,625.9500,626.2000,625.9400,626.1200,871
2025-01-07 07:33:00,626.2100,626.6000,626.0200,626.4600,689
2025-01-07 07:34:00,626.4800,626.5000,626.2800,626.4900,128
2025-01-07 07:35:00,626.4700,626.8000,626.4700,626.8000,397
2025-01-07 07:36:00,626.7500,626.9000,626.5700,626.8800,717
2025-01-07 07:37:00,626.8800,627.0000,626.6400,626.8700,587
2025-01-07 07:38:00,626.8000,626.8000,626.5400,626.5400,132
2025-01-07 07:39:00,626.8000,626.9300,626.6000,626.9300,441
2025-01-07 07:40:00,626.9700,627.2700,626.9300,627.2000,4096
2025-01-07 07:41:00,627.2000,627.6100,627.2000,627.4100,783
2025-01-07 07:42:00,627.4100,627.8500,627.4100,627.6500,2359
2025-01-07 07:43:00,627.6500,627.8900,627.4000,627.7900,1176
2025-01-07 07:44:00,627.7900,627.9000,627.6900,627.7800,643
2025-01-07 07:45:00,627.8100,627.8900,627.7100,627.7100,669
2025-01-07 07:46:00,627.7000,627.7100,627.2600,627.5000,2098
2025-01-07 07:47:00,627.4900,627.4900,627.4100,627.4100,35
2025-01-07 07:48:00,627.4800,627.5100,627.4700,627.5000,85
2025-01-07 07:49:00,627.5000,627.7000,627.5000,627.7000,373
2025-01-07 07:50:00,627.7000,627.7400,627.6100,627.6800,360
2025-01-07 07:51:00,627.6200,627.9800,627.6200,627.9400,920
2025-01-07 07:52:00,627.8900,627.9800,627.7800,627.9300,340
2025-01-07 07:53:00,627.9400,628.1000,627.8900,628.1000,1820
2025-01-07 07:54:00,628.0200,628.0200,627.7700,627.7800,728
2025-01-07 07:55:00,627.7700,627.7700,627.3100,627.3100,2457
2025-01-07 07:56:00,627.3000,627.3100,626.8000,626.8000,2602
2025-01-07 07:57:00,626.8100,627.2500,626.8000,626.8000,1411
2025-01-07 07:58:00,626.8000,627.2100,626.8000,627.2100,498
2025-01-07 07:59:00,627.0200,627.2000,627.0100,627.0100,202
2025-01-07 08:00:00,632.1322,634.2800,600.5496,624.4200,44148
2025-01-07 08:01:00,627.1700,634.0300,621.7713,626.8699,2656
2025-01-07 08:02:00,627.7000,630.2000,627.5000,630.2000,439
2025-01-07 08:03:00,627.7200,630.2000,627.4100,627.7400,745
2025-01-07 08:04:00,627.7500,630.2000,627.4100,627.4100,777
2025-01-07 08:05:00,627.7400,630.2000,627.4101,627.6900,209
2025-01-07 08:06:00,627.5000,630.2000,627.5000,627.6500,190
2025-01-07 08:07:00,627.5100,627.7500,626.8000,627.2100,1352
2025-01-07 08:08:00,627.0050,627.0500,626.2500,626.2500,1669
2025-01-07 08:09:00,626.6550,627.1300,626.2500,626.5150,1044
2025-01-07 08:10:00,626.2500,626.7700,626.2500,626.5850,561
2025-01-07 08:11:00,626.4300,626.6800,626.2500,626.4900,570
2025-01-07 08:12:00,626.4001,626.8650,626.4000,626.7900,338
2025-01-07 08:13:00,626.5000,627.2000,626.5000,626.6600,257
2025-01-07 08:14:00,626.9700,627.5900,626.8049,627.0001,119
2025-01-07 08:15:00,627.3750,627.6900,627.2100,627.4900,315
2025-01-07 08:16:00,627.3000,627.6800,627.3000,627.4900,283
2025-01-07 08:17:00,627.3000,627.6700,626.9500,627.6700,170
2025-01-07 08:18:00,627.3050,627.6800,627.2500,627.3900,203
2025-01-07 08:19:00,627.3000,627.6800,626.9000,627.0952,301
2025-01-07 08:20:00,627.5000,627.6000,627.2500,627.2500,57
2025-01-07 08:21:00,627.0800,627.6500,627.0800,627.3750,219
2025-01-07 08:22:00,627.3750,627.6700,627.0800,627.6000,74
2025-01-07 08:23:00,627.5000,627.6700,627.2500,627.3750,129
2025-01-07 08:24:00,627.5100,627.6700,627.0800,627.1200,714
2025-01-07 08:25:00,627.0000,627.6000,626.6700,627.0900,98
2025-01-07 08:26:00,627.0000,627.3500,626.7000,626.9900,198
2025-01-07 08:27:00,626.9200,627.2400,626.8800,627.0000,135
2025-01-07 08:28:00,627.1650,627.4000,626.8500,627.2400,83
2025-01-07 08:29:00,627.3000,627.4200,627.0000,627.3000,629
2025-01-07 08:30:00,627.1850,627.6000,627.1850,627.4800,962
2025-01-07 08:31:00,627.4100,627.6700,627.1100,627.1100,274
2025-01-07 08:32:00,627.4700,627.8000,627.4600,627.6400,3779
2025-01-07 08:33:00,627.6500,627.8000,627.4800,627.4800,1095
2025-01-07 08:34:00,627.6400,627.7920,627.5300,627.7200,153
2025-01-07 08:35:00,627.6400,627.9100,627.5181,627.8000,2180
2025-01-07 08:36:00,627.9350,628.2500,627.8000,628.2500,1864
2025-01-07 08:37:00,628.1200,628.4600,627.9000,628.0000,1816
2025-01-07 08:38:00,628.2700,628.2700,627.5000,627.6500,393
2025-01-07 08:39:00,627.6500,628.0000,627.2000,627.6950,386
2025-01-07 08:40:00,627.9500,628.2000,627.3000,627.5000,580
2025-01-07 08:41:00,627.3000,627.5200,627.3000,627.3600,72
2025-01-07 08:42:00,627.5000,627.9700,627.3000,627.6900,1684
2025-01-07 08:43:00,627.5000,628.0000,627.3600,627.7700,2361
2025-01-07 08:44:00,627.6700,627.7700,627.2000,627.7400,134
2025-01-07 08:45:00,627.5900,628.0100,627.3000,628.0100,2031
2025-01-07 08:46:00,627.9500,627.9800,627.2000,627.9800,177
2025-01-07 08:47:00,627.6000,627.9800,627.4916,627.7700,334
2025-01-07 08:48:00,627.8000,628.8500,627.4901,628.5700,1953
2025-01-07 08:49:00,628.7200,629.0000,628.5000,628.7500,1569
2025-01-07 08:50:00,628.7500,629.0000,628.5500,628.5500,1294
2025-01-07 08:51:00,628.7500,629.4100,628.7500,629.1500,3630
2025-01-07 08:52:00,629.2400,629.2400,628.7700,628.8000,1289
2025-01-07 08:53:00,628.5000,629.2500,628.5000,629.1100,649
2025-01-07 08:54:00,629.1700,629.2500,628.7722,629.2200,763
2025-01-07 08:55:00,628.9850,629.2500,628.6500,628.9500,673
2025-01-07 08:56:00,628.6500,629.4000,628.6500,629.3250,1355
2025-01-07 08:57:00,629.3300,629.5800,629.2501,629.5800,925
2025-01-07 08:58:00,629.5000,630.0000,629.5000,629.9900,3076
2025-01-07 08:59:00,629.6700,630.0000,629.6700,629.9900,1149
2025-01-07 09:00:00,630.0000,630.3300,629.9900,630.0100,4198
2025-01-07 09:01:00,630.2800,631.1250,630.0955,630.7400,2766
2025-01-07 09:02:00,631.0800,631.5700,630.7600,630.9800,1502
2025-01-07 09:03:00,630.9900,631.1600,630.6500,630.7600,2599
2025-01-07 09:04:00,630.9000,630.9900,630.6600,630.7000,687
2025-01-07 09:05:00,631.0000,631.0300,630.6000,630.6500,3980
2025-01-07 09:06:00,630.7500,631.1900,630.6500,630.6635,634
2025-01-07 09:07:00,630.8200,631.1900,630.6500,631.1800,4022
2025-01-07 09:08:00,631.1500,631.5000,630.6500,631.2900,953
2025-01-07 09:09:00,631.3000,631.8218,631.2900,631.6050,2727
2025-01-07 09:10:00,631.5100,631.8800,631.4300,631.8800,871
2025-01-07 09:11:00,631.8800,631.8800,630.6500,631.0250,1847
2025-01-07 09:12:00,631.4600,631.4900,630.6500,631.0000,3425
2025-01-07 09:13:00,631.1050,631.4100,630.6500,630.9700,2341
2025-01-07 09:14:00,631.0000,631.3600,630.6500,630.9950,772
2025-01-07 09:15:00,630.8937,631.3600,630.6350,631.3000,3969
2025-01-07 09:16:00,631.1750,632.1900,630.9501,632.0323,3299
2025-01-07 09:17:00,631.6850,632.3100,631.5200,631.9200,1231
2025-01-07 09:18:00,631.9200,632.0000,631.0000,631.0650,1695
2025-01-07 09:19:00,631.1282,631.5000,631.0200,631.4600,2158
2025-01-07 09:20:00,631.5000,631.7500,606.6750,631.7100,3279
2025-01-07 09:21:00,631.7100,631.8900,631.2800,631.8700,1712
2025-01-07 09:22:00,631.6950,631.9400,631.5000,631.7050,1209
2025-01-07 09:23:00,631.7000,631.9000,631.2900,631.5100,1404
2025-01-07 09:24:00,631.3500,631.8000,631.2800,631.8000,2154
2025-01-07 09:25:00,631.7300,634.0000,631.5000,633.0000,10189
2025-01-07 09:26:00,633.6300,634.4000,632.7200,634.3700,6117
2025-01-07 09:27:00,634.4000,634.7900,633.5000,633.9900,15710
2025-01-07 09:28:00,633.9000,633.9000,631.8580,632.1550,13899
2025-01-07 09:29:00,632.1000,632.3900,605.2282,631.7100,14002
2025-01-07 09:30:00,631.7000,632.1011,627.8173,628.6100,357382
2025-01-07 09:31:00,628.3600,629.0600,625.6860,626.2400,67893
2025-01-07 09:32:00,626.1700,627.6300,625.9750,626.8300,57381
2025-01-07 09:33:00,626.8500,627.9000,626.5000,626.5300,44785
2025-01-07 09:34:00,626.8600,626.9700,625.3500,625.9100,48697
2025-01-07 09:35:00,625.6350,625.9600,624.1133,624.4435,64317
2025-01-07 09:36:00,624.6700,625.2400,623.7500,624.9300,48547
2025-01-07 09:37:00,624.9619,625.1100,624.0600,624.9400,42527
2025-01-07 09:38:00,625.0000,625.2800,624.0000,624.5200,33880
2025-01-07 09:39:00,624.5100,624.6400,623.2800,623.5700,38699
2025-01-07 09:40:00,623.4590,625.0900,623.4200,624.7300,43147
2025-01-07 09:41:00,624.6960,624.9200,623.5000,623.8000,45901
2025-01-07 09:42:00,623.9140,625.1200,623.8750,625.1200,47635
2025-01-07 09:43:00,625.1050,625.6562,624.7500,625.4000,53569
2025-01-07 09:44:00,625.5450,627.3400,625.4252,627.0700,42814
2025-01-07 09:45:00,627.0166,627.2800,626.1100,626.8500,48017
2025-01-07 09:46:00,626.6500,626.8628,625.1200,625.4850,27269
2025-01-07 09:47:00,625.5900,625.7300,625.0000,625.7300,26645
2025-01-07 09:48:00,626.0000,626.5050,625.6200,626.2400,19116
2025-01-07 09:49:00,626.2400,626.5150,625.7550,625.7550,22693
2025-01-07 09:50:00,625.8300,625.8300,624.7300,625.3700,25714
2025-01-07 09:51:00,625.5000,626.5200,625.4550,625.4550,31555
2025-01-07 09:52:00,625.5300,626.8399,625.2400,626.6004,31875
2025-01-07 09:53:00,626.7225,626.9800,625.3300,625.5000,25534
2025-01-07 09:54:00,625.5000,625.6510,624.3694,624.6400,43088
2025-01-07 09:55:00,624.7526,625.0900,623.5600,624.1000,41200
2025-01-07 09:56:00,624.1000,624.6500,623.5000,623.5300,48402
2025-01-07 09:57:00,623.4700,623.7800,622.0600,622.7000,82678
2025-01-07 09:58:00,622.4800,622.8600,621.7793,622.2500,41406
2025-01-07 09:59:00,622.2500,622.6500,621.7500,621.7900,48186
2025-01-07 10:00:00,621.7500,621.9100,619.3600,619.7350,94803
2025-01-07 10:01:00,619.5200,619.7800,617.8100,618.7150,67340
2025-01-07 10:02:00,618.7100,619.3200,618.2000,619.3200,56726
2025-01-07 10:03:00,619.1650,619.5999,618.4001,618.8100,40261
2025-01-07 10:04:00,618.6800,618.6800,616.9000,616.9900,51403
2025-01-07 10:05:00,617.0800,617.8800,616.5000,617.3350,57349
2025-01-07 10:06:00,617.4000,617.6083,616.1600,616.2100,49201
2025-01-07 10:07:00,616.2700,616.8299,615.7616,616.5300,66888
2025-01-07 10:08:00,616.5450,617.8700,616.2800,616.8200,59272
2025-01-07 10:09:00,616.7600,617.1200,615.9700,616.3150,36866
2025-01-07 10:10:00,616.0700,616.6147,615.7000,616.1000,23869
2025-01-07 10:11:00,616.0200,617.5050,615.6700,616.5600,41342
2025-01-07 10:12:00,616.7000,619.1000,616.6400,618.4275,46362
2025-01-07 10:13:00,618.5372,618.9400,617.9900,617.9900,29268
2025-01-07 10:14:00,617.9801,618.7100,617.7200,618.7100,22911
2025-01-07 10:15:00,618.5500,618.7100,617.7100,617.7100,24796
2025-01-07 10:16:00,618.0500,618.5099,617.5800,617.8450,27888
2025-01-07 10:17:00,617.7861,618.2976,616.3600,616.5200,63954
2025-01-07 10:18:00,616.3400,617.3800,616.1000,616.6200,42528
2025-01-07 10:19:00,616.5750,616.6778,615.6100,616.2000,41969
2025-01-07 10:20:00,616.2600,617.1000,615.6501,615.9500,26502
2025-01-07 10:21:00,615.7850,616.5500,615.7145,616.3400,21475
2025-01-07 10:22:00,616.2200,616.6858,615.5501,615.6300,22521
2025-01-07 10:23:00,615.7100,616.7500,615.6300,615.7500,26734
2025-01-07 10:24:00,615.7250,616.3399,614.7500,616.0000,75411
2025-01-07 10:25:00,616.0000,617.4200,616.0000,617.2300,31524
2025-01-07 10:26:00,617.3000,617.9800,616.5000,616.8100,33199
2025-01-07 10:27:00,616.8100,617.1800,616.3400,616.8350,37883
2025-01-07 10:28:00,616.8350,616.8900,615.9400,616.2400,36835
2025-01-07 10:29:00,616.1575,616.3100,613.5100,613.5932,54070
2025-01-07 10:30:00,613.5000,613.9900,613.0300,613.0300,35825
2025-01-07 10:31:00,613.2300,613.2400,611.5900,611.5900,49314
2025-01-07 10:32:00,611.6400,611.9400,609.9500,610.6067,106251
2025-01-07 10:33:00,610.7200,610.9400,610.1500,610.7400,68165
2025-01-07 10:34:00,610.7400,611.2400,610.1500,611.1800,57641
2025-01-07 10:35:00,611.1600,611.8800,610.5600,611.1700,61013
2025-01-07 10:36:00,611.1450,611.9490,610.7050,611.8300,31431
2025-01-07 10:37:00,611.9900,612.2400,611.0000,611.3400,32913
2025-01-07 10:38:00,611.4000,611.4200,609.5600,609.5824,60175
2025-01-07 10:39:00,609.6350,609.7199,608.2300,608.7300,54892
2025-01-07 10:40:00,608.7500,609.6599,608.3800,608.6300,56143
2025-01-07 10:41:00,608.6700,610.3000,608.5150,610.0000,46781
2025-01-07 10:42:00,609.9700,610.3499,609.2707,609.8399,31226
2025-01-07 10:43:00,609.6896,610.7500,609.5100,610.6832,30743
2025-01-07 10:44:00,610.5800,610.5800,609.6701,609.8300,22436
2025-01-07 10:45:00,609.7400,609.8334,608.5400,609.7090,31966
2025-01-07 10:46:00,609.7100,609.9284,609.0191,609.4100,23946
2025-01-07 10:47:00,609.3900,609.5850,608.4850,609.2000,33916
2025-01-07 10:48:00,609.1900,609.5000,608.5720,608.9900,42757
2025-01-07 10:49:00,608.8400,610.6800,608.5500,610.5800,32694
2025-01-07 10:50:00,610.5500,610.9700,610.1500,610.7900,44603
2025-01-07 10:51:00,610.7050,611.6000,610.6000,611.3399,37232
2025-01-07 10:52:00,611.1500,611.5800,610.7589,611.1500,33123
2025-01-07 10:53:00,611.2700,611.4599,610.9450,611.2400,25827
2025-01-07 10:54:00,611.3700,612.5490,611.1001,611.6662,34835
2025-01-07 10:55:00,611.9000,612.7600,611.9000,612.3434,30970
2025-01-07 10:56:00,612.6100,613.0500,612.2600,612.8700,34155
2025-01-07 10:57:00,612.7832,613.8500,612.5000,613.6600,43248
2025-01-07 10:58:00,613.6600,614.5000,613.5300,614.5000,35805
2025-01-07 10:59:00,614.3200,615.1100,614.2600,614.7800,27111
2025-01-07 11:00:00,614.9500,615.2599,614.5000,615.2599,30147
2025-01-07 11:01:00,615.0600,615.1200,614.0564,614.5700,29442
2025-01-07 11:02:00,614.6804,615.1200,614.5001,614.9300,31262
2025-01-07 11:03:00,614.9300,615.2500,614.5360,615.2280,32604
2025-01-07 11:04:00,615.2500,615.7900,614.3300,615.3326,48178
2025-01-07 11:05:00,615.5850,615.5850,614.3400,614.9000,37596
2025-01-07 11:06:00,614.7974,616.2400,614.7974,616.1510,33633
2025-01-07 11:07:00,615.9800,616.3000,615.7500,615.8000,22073
2025-01-07 11:08:00,615.7700,616.5100,615.6300,616.4000,17413
2025-01-07 11:09:00,616.4100,616.7270,616.2201,616.2940,23298
2025-01-07 11:10:00,616.2000,616.2700,615.5150,616.0000,27142
2025-01-07 11:11:00,616.1500,616.2700,615.1200,615.3400,33900
2025-01-07 11:12:00,615.5200,616.0800,614.8001,615.9100,22838
2025-01-07 11:13:00,616.2000,616.8500,615.8700,616.7400,34957
2025-01-07 11:14:00,616.7500,617.7500,616.7500,617.0143,29678
2025-01-07 11:15:00,617.1800,617.2100,616.7482,617.0600,37558
2025-01-07 11:16:00,617.0500,618.3499,616.7600,618.0896,30352
2025-01-07 11:17:00,617.8301,618.3299,617.4027,618.1700,16907
2025-01-07 11:18:00,618.0800,618.1829,617.5400,618.0100,26884
2025-01-07 11:19:00,618.1900,618.5000,617.8640,618.5000,25941
2025-01-07 11:20:00,618.5100,619.7700,618.5100,619.4730,46476
2025-01-07 11:21:00,619.6050,619.7500,618.6600,618.9633,43253
2025-01-07 11:22:00,619.2338,619.5500,618.1900,618.3000,28227
2025-01-07 11:23:00,618.2400,618.9800,618.0595,618.9800,17247
2025-01-07 11:24:00,618.8100,619.9400,618.8100,619.7096,26454
2025-01-07 11:25:00,619.8700,620.9300,619.6201,620.2600,31486
2025-01-07 11:26:00,620.4400,621.2700,620.4400,620.7001,31540
2025-01-07 11:27:00,620.8750,621.0793,620.4601,620.8632,22269
2025-01-07 11:28:00,621.0000,622.1300,621.0000,621.4800,49555
2025-01-07 11:29:00,621.4400,621.4400,620.0901,620.5100,32085
2025-01-07 11:30:00,620.7599,620.7599,618.8901,618.9700,25769
2025-01-07 11:31:00,618.8375,619.1399,618.0800,618.9300,25631
2025-01-07 11:32:00,618.7500,620.0394,618.7400,619.6400,15292
2025-01-07 11:33:00,619.5500,620.4000,619.1900,619.3951,24390
2025-01-07 11:34:00,619.3700,619.5925,618.4400,618.6250,14750
2025-01-07 11:35:00,618.5800,618.7999,617.7900,618.3500,18905
2025-01-07 11:36:00,618.2150,618.2150,617.1101,617.7050,20879
2025-01-07 11:37:00,617.9300,618.5100,617.6501,618.3600,21766
2025-01-07 11:38:00,618.3660,619.4400,618.3660,619.3300,24431
2025-01-07 11:39:00,619.3050,619.7473,618.9018,619.4000,16640
2025-01-07 11:40:00,619.6375,620.5000,619.3800,620.4400,15573
2025-01-07 11:41:00,620.3300,620.3400,619.0800,619.5200,15170
2025-01-07 11:42:00,619.2300,619.7500,618.8001,619.6400,5970
2025-01-07 11:43:00,619.7000,620.1200,619.6500,619.8400,9380
2025-01-07 11:44:00,619.8300,619.8300,618.5000,619.0382,14621
2025-01-07 11:45:00,619.0900,619.2700,618.7001,619.0800,10725
2025-01-07 11:46:00,619.1450,619.2400,618.5100,618.5100,11768
2025-01-07 11:47:00,618.5200,618.8200,617.9950,618.6500,18159
2025-01-07 11:48:00,618.5100,618.7240,617.6800,617.8200,10766
2025-01-07 11:49:00,617.7800,617.8750,617.5552,617.7050,6576
2025-01-07 11:50:00,617.6400,618.0600,617.4000,617.6600,11631
2025-01-07 11:51:00,617.4880,617.6000,616.7500,616.7500,22378
2025-01-07 11:52:00,616.7500,617.0500,616.5801,616.8500,20957
2025-01-07 11:53:00,616.8700,617.2700,616.5800,616.7650,24865
2025-01-07 11:54:00,616.7650,616.8400,616.3400,616.4500,10165
2025-01-07 11:55:00,616.7400,617.2500,616.7400,617.0600,12954
2025-01-07 11:56:00,617.1050,618.1067,617.0950,617.3950,24930
2025-01-07 11:57:00,617.4900,617.4900,616.7701,617.2800,11071
2025-01-07 11:58:00,617.1963,617.5150,617.0700,617.2200,13882
2025-01-07 11:59:00,617.2700,617.6700,617.1900,617.4500,20427
2025-01-07 12:00:00,617.2900,618.1100,617.2900,617.7400,9953
2025-01-07 12:01:00,617.7600,618.2200,617.6100,618.2200,10228
2025-01-07 12:02:00,618.2700,618.3600,617.8300,617.9800,12219
2025-01-07 12:03:00,618.1000,618.3800,617.9800,618.0100,9313
2025-01-07 12:04:00,617.9700,618.0000,617.0690,617.3200,14159
2025-01-07 12:05:00,617.1900,617.7200,617.0400,617.6950,10971
2025-01-07 12:06:00,617.8100,617.9699,617.5400,617.6700,9522
2025-01-07 12:07:00,617.9399,618.0500,617.3900,617.4492,8746
2025-01-07 12:08:00,617.4800,617.4800,617.1450,617.2950,7229
2025-01-07 12:09:00,617.1200,617.6900,617.0000,617.6150,15066
2025-01-07 12:10:00,617.5400,617.5400,616.8500,616.8525,6388
2025-01-07 12:11:00,616.8725,617.3399,616.8274,617.1200,19479
2025-01-07 12:12:00,617.2200,617.5300,617.1200,617.4500,18802
2025-01-07 12:13:00,617.5750,617.7400,617.4300,617.5040,8443
2025-01-07 12:14:00,617.1450,618.0500,617.1450,617.9500,9259
2025-01-07 12:15:00,617.9175,618.1800,617.7300,617.9250,9465
2025-01-07 12:16:00,618.0600,618.1300,617.8500,617.9400,7480
2025-01-07 12:17:00,618.0500,618.1000,617.4700,617.6900,12949
2025-01-07 12:18:00,617.6800,617.9300,617.4081,617.9300,13676
2025-01-07 12:19:00,618.0400,618.4000,618.0350,618.1800,14151
2025-01-07 12:20:00,618.1650,618.1700,617.7660,617.9000,6052
2025-01-07 12:21:00,617.9800,618.0900,617.8154,618.0450,5010
2025-01-07 12:22:00,617.9400,617.9400,617.3900,617.4300,11581
2025-01-07 12:23:00,617.2400,617.5300,617.1492,617.4000,6506
2025-01-07 12:24:00,617.3800,617.5500,617.2100,617.4650,3615
2025-01-07 12:25:00,617.5700,617.8650,617.5700,617.8650,4688
2025-01-07 12:26:00,617.7300,617.9100,617.3600,617.5200,8084
2025-01-07 12:27:00,617.6000,617.7200,617.2900,617.6150,9331
2025-01-07 12:28:00,617.6700,617.6700,616.8300,616.8350,7508
2025-01-07 12:29:00,616.9900,617.7200,616.9900,617.6150,7900
2025-01-07 12:30:00,617.6150,618.0500,617.4700,618.0200,9339
2025-01-07 12:31:00,617.8900,619.9300,617.8453,619.4850,37654
2025-01-07 12:32:00,619.4100,619.7700,618.5601,618.6600,52774
2025-01-07 12:33:00,618.8500,619.4800,618.5900,619.4300,24741
2025-01-07 12:34:00,619.5899,619.5900,619.1000,619.1000,12723
2025-01-07 12:35:00,619.0297,619.2150,618.5600,618.7250,11305
2025-01-07 12:36:00,618.7276,619.3300,618.7276,618.9650,18530
2025-01-07 12:37:00,619.2000,619.2000,617.9300,617.9300,17007
2025-01-07 12:38:00,617.9400,617.9400,617.0200,617.6700,30912
2025-01-07 12:39:00,617.5600,617.9100,617.1800,617.8100,11259
2025-01-07 12:40:00,617.8400,618.1700,617.7850,618.0950,5076
2025-01-07 12:41:00,618.2500,618.3600,617.7300,617.8000,13715
2025-01-07 12:42:00,617.7500,618.0100,617.5100,618.0100,11836
2025-01-07 12:43:00,618.0900,618.5000,617.9300,618.3300,10533
2025-01-07 12:44:00,618.4600,618.8550,618.3536,618.6875,14372
2025-01-07 12:45:00,618.7100,618.7100,618.1395,618.3000,8336
2025-01-07 12:46:00,618.5000,618.8000,618.0300,618.3400,12732
2025-01-07 12:47:00,618.4499,618.6700,618.1432,618.4300,9987
2025-01-07 12:48:00,618.0601,618.5300,618.0601,618.5300,9391
2025-01-07 12:49:00,618.5050,618.8000,618.4500,618.6800,8085
2025-01-07 12:50:00,618.6700,618.9900,618.5906,618.7932,22473
2025-01-07 12:51:00,618.7500,618.8700,618.2800,618.2800,18574
2025-01-07 12:52:00,618.2270,618.7899,618.0600,618.7899,11274
2025-01-07 12:53:00,618.4901,619.4100,618.4066,619.1995,12996
2025-01-07 12:54:00,619.3100,619.3800,619.0006,619.3150,13744
2025-01-07 12:55:00,619.3150,619.8700,619.3150,619.5306,11857
2025-01-07 12:56:00,619.6700,620.7900,619.5800,620.7900,40928
2025-01-07 12:57:00,620.6000,620.7900,619.8771,620.3238,22253
2025-01-07 12:58:00,619.8699,620.3250,619.8301,620.3250,8047
2025-01-07 12:59:00,620.4200,621.3300,620.3701,621.1800,27672
2025-01-07 13:00:00,621.2900,621.6200,620.9800,621.6100,23796
2025-01-07 13:01:00,621.6500,621.8400,621.1000,621.2400,18587
2025-01-07 13:02:00,621.1500,621.5900,621.1500,621.3600,7872
2025-01-07 13:03:00,621.3200,621.6800,621.2631,621.5700,6645
2025-01-07 13:04:00,621.5700,621.7900,621.4100,621.5475,15104
2025-01-07 13:05:00,621.5500,621.9000,621.0135,621.0135,15234
2025-01-07 13:06:00,621.1600,621.2300,620.5800,620.7150,12767
2025-01-07 13:07:00,620.8800,621.1000,620.6601,621.0550,15333
2025-01-07 13:08:00,621.0800,621.4000,621.0000,621.1500,12654
2025-01-07 13:09:00,621.0804,621.4000,621.0401,621.2600,8882
2025-01-07 13:10:00,621.2200,621.2900,620.7501,621.2800,12350
2025-01-07 13:11:00,621.0700,621.2900,620.8000,621.0350,9259
2025-01-07 13:12:00,621.1600,621.2400,620.9497,621.2050,9561
2025-01-07 13:13:00,621.2150,621.3900,621.0800,621.2200,6638
2025-01-07 13:14:00,621.2200,621.7900,621.0981,621.6200,13586
2025-01-07 13:15:00,621.7350,621.8999,621.3900,621.4450,15519
2025-01-07 13:16:00,621.5200,621.5600,621.0900,621.4700,7869
2025-01-07 13:17:00,621.4800,621.7300,621.3500,621.6000,15299
2025-01-07 13:18:00,621.6500,621.8200,621.5300,621.7750,11172
2025-01-07 13:19:00,621.8300,621.9000,621.2800,621.4100,10378
2025-01-07 13:20:00,621.2850,621.5100,621.2700,621.4300,15977
2025-01-07 13:21:00,621.4300,621.5100,621.2000,621.4400,13066
2025-01-07 13:22:00,621.4400,621.8690,621.3000,621.4200,23132
2025-01-07 13:23:00,621.4500,621.8500,621.3200,621.7575,6483
2025-01-07 13:24:00,621.6806,621.9200,621.5232,621.7100,12052
2025-01-07 13:25:00,621.6950,621.9700,621.4000,621.9700,13503
2025-01-07 13:26:00,621.9700,622.2000,621.4001,621.5100,19241
2025-01-07 13:27:00,621.6300,621.8100,621.4100,621.8100,9528
2025-01-07 13:28:00,621.7900,621.8700,621.2763,621.3800,16526
2025-01-07 13:29:00,621.3600,621.4900,621.1700,621.3500,10020
2025-01-07 13:30:00,621.3400,621.4314,620.8800,620.9100,24479
2025-01-07 13:31:00,620.9800,621.0000,620.5621,620.9900,17393
2025-01-07 13:32:00,620.8800,621.0200,620.6400,620.7100,7475
2025-01-07 13:33:00,620.7000,621.0800,620.5500,620.9550,7500
2025-01-07 13:34:00,620.9250,621.0000,620.4000,620.4001,12269
2025-01-07 13:35:00,620.6800,620.8199,620.4000,620.5200,16137
2025-01-07 13:36:00,620.4000,620.6500,620.3400,620.4050,10385
2025-01-07 13:37:00,620.4000,620.4000,619.8900,620.1100,375555
2025-01-07 13:38:00,620.1450,620.2100,619.9400,620.1000,11204
2025-01-07 13:39:00,620.0900,620.3799,619.8700,620.3670,15968
2025-01-07 13:40:00,620.3100,620.3300,619.6700,619.8050,15930
2025-01-07 13:41:00,619.6900,619.9200,619.3780,619.6600,10529
2025-01-07 13:42:00,619.6280,619.7200,619.3800,619.6100,9720
2025-01-07 13:43:00,619.6100,619.6200,619.3000,619.5850,7352
2025-01-07 13:44:00,619.5100,619.9300,619.2700,619.9300,14165
2025-01-07 13:45:00,619.9400,620.2700,619.7900,620.1060,15109
2025-01-07 13:46:00,620.2700,620.2800,619.8900,620.1500,13619
2025-01-07 13:47:00,620.1450,620.3600,620.0272,620.3500,7986
2025-01-07 13:48:00,620.3700,620.7000,620.0900,620.5950,10269
2025-01-07 13:49:00,620.5950,621.0250,620.4500,620.7775,14016
2025-01-07 13:50:00,620.7850,620.7850,620.2947,620.5646,10874
2025-01-07 13:51:00,620.5490,621.2000,620.5490,621.1300,11938
2025-01-07 13:52:00,621.0400,621.1799,620.6288,621.0400,15257
2025-01-07 13:53:00,621.1150,621.1400,620.4900,620.8650,21202
2025-01-07 13:54:00,620.8400,621.0800,620.7500,620.9600,9100
2025-01-07 13:55:00,620.8072,620.9700,620.6201,620.7135,9410
2025-01-07 13:56:00,620.8800,620.8800,620.4100,620.5650,11537
2025-01-07 13:57:00,620.5650,621.0000,620.4000,620.9250,14105
2025-01-07 13:58:00,620.9500,621.2199,620.8000,620.8000,14058
2025-01-07 13:59:00,620.8150,621.4900,620.7900,621.3700,11377
2025-01-07 14:00:00,621.5000,622.0999,621.3700,621.9300,28114
2025-01-07 14:01:00,622.1000,622.4999,622.0001,622.2700,17263
2025-01-07 14:02:00,622.3750,622.5200,622.1400,622.4050,13833
2025-01-07 14:03:00,622.3400,622.3800,620.9120,621.0800,15469
2025-01-07 14:04:00,620.9500,622.0650,620.9500,622.0300,9171
2025-01-07 14:05:00,621.9600,622.3500,621.8300,622.0700,22326
2025-01-07 14:06:00,622.2000,622.7243,622.2000,622.2653,19092
2025-01-07 14:07:00,622.4000,622.7499,622.3000,622.3000,24671
2025-01-07 14:08:00,622.3850,622.3850,621.9360,622.2000,13155
2025-01-07 14:09:00,622.3500,622.8800,622.3500,622.7750,25251
2025-01-07 14:10:00,622.7000,623.2000,622.5900,623.0300,21608
2025-01-07 14:11:00,623.1000,623.2500,622.6500,622.6800,18313
2025-01-07 14:12:00,622.6429,622.9150,622.5200,622.6300,23027
2025-01-07 14:13:00,622.7400,623.0300,622.4987,622.7100,13583
2025-01-07 14:14:00,622.7000,622.7000,621.7801,622.3500,15877
2025-01-07 14:15:00,622.4957,622.7000,622.2600,622.7000,12913
2025-01-07 14:16:00,622.6700,622.7000,622.2743,622.2774,8691
2025-01-07 14:17:00,622.3950,622.3961,621.9401,622.0562,12237
2025-01-07 14:18:00,622.2900,622.3000,622.1608,622.2450,3548
2025-01-07 14:19:00,622.2450,622.3450,622.0700,622.0700,7528
2025-01-07 14:20:00,622.0949,622.1100,621.4950,621.6300,15043
2025-01-07 14:21:00,621.8300,621.8314,621.4650,621.4650,7521
2025-01-07 14:22:00,621.5300,621.5300,621.0100,621.2500,21376
2025-01-07 14:23:00,621.0301,621.2200,620.6214,620.8200,25014
2025-01-07 14:24:00,620.8250,621.0000,620.6901,620.7200,12124
2025-01-07 14:25:00,620.7900,621.4300,620.7100,621.3650,20393
2025-01-07 14:26:00,621.3650,621.6900,621.2400,621.2800,35551
2025-01-07 14:27:00,621.1500,621.3500,621.0000,621.2400,16449
2025-01-07 14:28:00,621.1001,621.4900,621.1001,621.3700,9368
2025-01-07 14:29:00,621.2500,621.3150,620.7301,621.2100,12232
2025-01-07 14:30:00,621.1650,621.3600,620.7597,620.9100,10675
2025-01-07 14:31:00,620.9100,621.0410,620.7448,620.9300,12759
2025-01-07 14:32:00,620.9300,621.0000,620.7600,620.9550,6723
2025-01-07 14:33:00,620.9800,621.0699,620.6800,620.8800,7945
2025-01-07 14:34:00,620.8950,621.1100,620.7700,620.9500,8335
2025-01-07 14:35:00,621.0600,621.1368,620.8900,621.0400,10827
2025-01-07 14:36:00,620.8950,621.0700,620.3500,620.4850,17886
2025-01-07 14:37:00,620.6135,620.6135,619.8500,620.0000,24497
2025-01-07 14:38:00,620.0000,620.4399,619.8800,619.9900,14876
2025-01-07 14:39:00,619.9950,620.0999,619.5000,619.5900,13083
2025-01-07 14:40:00,619.8799,619.8799,619.1200,619.2600,9536
2025-01-07 14:41:00,619.2700,619.3350,619.0000,619.2900,11795
2025-01-07 14:42:00,619.2000,619.3300,619.0301,619.1500,9785
2025-01-07 14:43:00,619.1400,620.0600,619.0564,620.0600,14683
2025-01-07 14:44:00,620.0700,620.3600,619.9400,620.1900,16678
2025-01-07 14:45:00,620.0500,620.4400,620.0000,620.3400,12527
2025-01-07 14:46:00,620.3050,620.3050,619.8100,620.2400,7276
2025-01-07 14:47:00,620.1900,620.1900,619.5450,619.5985,13367
2025-01-07 14:48:00,619.3900,619.6500,619.3600,619.5300,5301
2025-01-07 14:49:00,619.5300,619.6100,619.3200,619.5000,7522
2025-01-07 14:50:00,619.4400,619.9200,619.3251,619.6600,18913
2025-01-07 14:51:00,619.7450,619.7450,619.3900,619.5250,4159
2025-01-07 14:52:00,619.5500,619.6500,619.3200,619.4400,9627
2025-01-07 14:53:00,619.5000,619.5600,619.2101,619.5300,6475
2025-01-07 14:54:00,619.5050,619.6699,619.3401,619.6198,4086
2025-01-07 14:55:00,619.6700,619.9070,619.6257,619.7212,12487
2025-01-07 14:56:00,619.7850,619.7850,619.4600,619.5370,9347
2025-01-07 14:57:00,619.7500,619.7800,619.5300,619.7600,8118
2025-01-07 14:58:00,619.6600,619.8900,619.6200,619.8850,9589
2025-01-07 14:59:00,619.8400,619.9799,619.7200,619.9650,7288
2025-01-07 15:00:00,619.9500,620.0500,619.6750,619.6900,10754
2025-01-07 15:01:00,619.6450,619.6600,619.1982,619.3400,13361
2025-01-07 15:02:00,619.3800,619.4599,619.0600,619.1550,15132
2025-01-07 15:03:00,619.1200,619.1200,618.6101,618.6700,16465
2025-01-07 15:04:00,618.8299,620.0000,618.8299,619.6700,19798
2025-01-07 15:05:00,619.7800,619.7800,619.1700,619.3220,8802
2025-01-07 15:06:00,619.3700,620.2000,619.3600,619.9300,12612
2025-01-07 15:07:00,619.7900,619.7900,619.2501,619.2501,5844
2025-01-07 15:08:00,619.4300,619.4300,619.0000,619.1500,11949
2025-01-07 15:09:00,619.1584,619.2700,618.9400,619.0400,13501
2025-01-07 15:10:00,618.9500,618.9500,618.4500,618.5424,15411
2025-01-07 15:11:00,618.6400,618.7800,618.0000,618.0000,20159
2025-01-07 15:12:00,618.1200,618.2500,617.3700,617.9000,24243
2025-01-07 15:13:00,617.8200,617.9800,617.1728,617.5400,23138
2025-01-07 15:14:00,617.5000,617.9700,617.4892,617.5200,19469
2025-01-07 15:15:00,617.7500,617.9700,617.5000,617.6900,28110
2025-01-07 15:16:00,617.8100,618.1600,617.6528,617.6528,17667
2025-01-07 15:17:00,617.6550,617.8099,617.4300,617.4500,9897
2025-01-07 15:18:00,617.4556,617.5700,617.2000,617.5404,22849
2025-01-07 15:19:00,617.4984,617.8100,617.4984,617.7400,15405
2025-01-07 15:20:00,617.7700,617.7700,616.8087,616.8850,28438
2025-01-07 15:21:00,616.8850,616.8850,616.5000,616.7264,18468
2025-01-07 15:22:00,616.6800,616.6800,615.2500,615.5400,42745
2025-01-07 15:23:00,615.3601,616.0600,615.3601,615.8150,24249
2025-01-07 15:24:00,615.8400,615.9350,615.0000,615.0400,24068
2025-01-07 15:25:00,615.1000,615.7400,615.0100,615.3700,20676
2025-01-07 15:26:00,615.4200,615.4200,614.3600,614.6900,34919
2025-01-07 15:27:00,614.6150,615.1900,614.4800,615.1550,21633
2025-01-07 15:28:00,615.2350,615.4599,614.9300,615.0000,17164
2025-01-07 15:29:00,614.8200,615.0999,614.6801,614.6801,13964
2025-01-07 15:30:00,614.9400,615.3000,614.9400,615.1600,28502
2025-01-07 15:31:00,615.1700,615.3900,614.9700,615.2400,21789
2025-01-07 15:32:00,615.2750,615.4200,615.0400,615.0400,17689
2025-01-07 15:33:00,615.0800,615.5800,615.0000,615.2100,16978
2025-01-07 15:34:00,615.1900,615.3499,614.8500,614.9600,13353
2025-01-07 15:35:00,614.8500,615.1500,614.3001,614.3300,16333
2025-01-07 15:36:00,614.3300,614.6100,614.0800,614.3150,20354
2025-01-07 15:37:00,614.2621,614.4200,614.0800,614.4100,13529
2025-01-07 15:38:00,614.4400,615.1000,614.2600,614.8999,19846
2025-01-07 15:39:00,614.7800,615.9800,614.7565,615.8500,39280
2025-01-07 15:40:00,615.9000,617.2731,615.7400,617.2600,59793
2025-01-07 15:41:00,617.2600,617.7800,617.1100,617.4300,38727
2025-01-07 15:42:00,617.4100,617.5800,616.7900,617.1500,24673
2025-01-07 15:43:00,616.9600,617.2900,616.7300,617.1900,19134
2025-01-07 15:44:00,617.0300,617.1600,616.1550,616.1700,20432
2025-01-07 15:45:00,616.1300,616.3800,615.5800,615.5800,23809
2025-01-07 15:46:00,615.5700,616.9400,615.5700,616.4500,26245
2025-01-07 15:47:00,616.5800,616.7000,616.0000,616.3900,22088
2025-01-07 15:48:00,616.3350,616.7700,616.2850,616.3250,11012
2025-01-07 15:49:00,616.4500,616.7560,616.4388,616.4400,23648
2025-01-07 15:50:00,616.4800,617.3400,616.4800,617.3400,29297
2025-01-07 15:51:00,617.2000,617.2300,616.7477,616.9001,29850
2025-01-07 15:52:00,616.8300,616.9500,616.3900,616.9500,38117
2025-01-07 15:53:00,616.8500,617.2300,616.7500,617.0500,37617
2025-01-07 15:54:00,617.0600,617.2100,615.3400,617.1725,51815
2025-01-07 15:55:00,617.2000,618.2700,617.2000,617.7000,72713
2025-01-07 15:56:00,617.6350,617.8700,617.4600,617.4800,47396
2025-01-07 15:57:00,617.6300,617.8900,617.1800,617.8580,57119
2025-01-07 15:58:00,617.7700,618.0100,617.4900,617.7000,99465
2025-01-07 15:59:00,617.7400,618.1500,617.5800,617.6700,127471
2025-01-07 16:00:00,617.9700,618.4500,616.0000,618.4500,2525316
2025-01-07 16:01:00,618.2700,618.4400,617.8900,618.1200,4334
2025-01-07 16:02:00,618.2300,618.4500,617.8900,618.3500,2676
2025-01-07 16:03:00,618.3500,618.4000,617.8900,618.3500,13794
2025-01-07 16:04:00,618.3500,618.4500,617.8900,617.8900,62055
2025-01-07 16:05:00,618.2900,618.4500,617.8900,618.1700,8062
2025-01-07 16:06:00,618.0400,618.4500,618.0300,618.2400,628
2025-01-07 16:07:00,618.2000,618.2800,617.8900,617.8900,1044
2025-01-07 16:08:00,618.2000,618.4500,617.8900,618.0598,486
2025-01-07 16:09:00,618.2500,618.4500,618.1200,618.2400,43
2025-01-07 16:10:00,618.3600,618.4500,618.2400,618.3600,1911
2025-01-07 16:11:00,618.2400,618.4400,618.2350,618.4000,53
2025-01-07 16:12:00,618.4400,618.4700,618.2350,618.4700,816
2025-01-07 16:13:00,618.2500,618.4900,618.2000,618.3650,141
2025-01-07 16:14:00,618.3650,618.6600,618.0300,618.4100,90
2025-01-07 16:15:00,617.8900,618.7000,617.8900,618.4500,53
2025-01-07 16:16:00,618.4700,618.7000,618.3600,618.3650,18
2025-01-07 16:17:00,618.4000,618.8000,618.3000,618.3000,750
2025-01-07 16:18:00,618.7999,618.8000,618.3000,618.6450,2259
2025-01-07 16:19:00,618.8300,618.9900,618.5000,618.6550,166
2025-01-07 16:20:00,617.8900,618.9900,617.8900,618.7450,23325
2025-01-07 16:21:00,618.7000,618.8800,618.5000,618.5000,124
2025-01-07 16:22:00,618.5000,618.9900,618.5000,618.5800,36
2025-01-07 16:23:00,618.5800,618.9800,618.5000,618.5000,140
2025-01-07 16:24:00,618.8800,618.9800,618.5000,618.9600,57
2025-01-07 16:25:00,618.7400,618.9700,618.7000,618.7300,18
2025-01-07 16:26:00,618.8150,618.8150,617.8900,617.8900,213
2025-01-07 16:27:00,618.6400,618.8200,618.6400,618.6500,89
2025-01-07 16:28:00,617.8900,618.9876,617.8900,618.8150,69
2025-01-07 16:29:00,618.9700,618.9700,618.6200,618.8900,134
2025-01-07 16:30:00,618.7700,618.8900,618.6500,618.8150,29
2025-01-07 16:31:00,618.7100,618.9900,618.6500,618.8150,156
2025-01-07 16:32:00,618.9900,618.9900,618.6400,618.8300,285
2025-01-07 16:33:00,618.7600,618.9900,618.7000,618.7000,126
2025-01-07 16:34:00,618.8150,618.9900,618.7000,618.7400,227
2025-01-07 16:35:00,618.7001,618.9900,618.7000,618.9244,132
2025-01-07 16:36:00,618.9797,618.9800,618.5800,618.7400,425
2025-01-07 16:37:00,618.9800,618.9800,618.5800,618.7800,32
2025-01-07 16:38:00,617.8900,618.9900,617.8900,618.5800,70540
2025-01-07 16:39:00,618.9300,618.9300,618.7550,618.7550,32
2025-01-07 16:40:00,618.7800,618.9300,618.5800,618.7000,199
2025-01-07 16:41:00,618.7000,618.9300,618.7000,618.9300,333
2025-01-07 16:42:00,618.6700,618.7800,618.6000,618.6000,1347
2025-01-07 16:43:00,618.7800,618.9300,618.5000,618.5400,1219
2025-01-07 16:44:00,618.7500,618.8800,618.5080,618.8800,86
2025-01-07 16:45:00,618.6000,618.9900,618.5000,618.7450,85
2025-01-07 16:46:00,618.5100,618.9900,618.5000,618.7450,51
2025-01-07 16:47:00,618.9900,618.9900,618.5000,618.7400,644
2025-01-07 16:48:00,618.5000,618.9900,618.5000,618.7100,1011
2025-01-07 16:49:00,618.6800,618.7400,618.5100,618.7000,826
2025-01-07 16:50:00,618.9600,618.9600,618.7300,618.7400,44
2025-01-07 16:51:00,618.7350,618.7350,618.5000,618.5000,5
2025-01-07 16:52:00,618.6500,618.7400,618.5000,618.7300,143
2025-01-07 16:53:00,618.5100,618.8100,618.5000,618.6500,230
2025-01-07 16:54:00,618.5700,618.9700,618.5000,618.9700,390
2025-01-07 16:55:00,618.6500,618.9582,618.5800,618.7000,7
2025-01-07 16:56:00,618.5000,618.9100,618.5000,618.6800,105
2025-01-07 16:57:00,618.7050,618.9100,618.5000,618.5000,60
2025-01-07 16:58:00,618.7350,618.9700,618.2900,618.9100,678
2025-01-07 16:59:00,618.5050,618.5050,618.0300,618.5000,4
2025-01-07 17:00:00,618.5000,618.9700,618.3000,618.7000,32
2025-01-07 17:01:00,618.5000,618.9700,586.5259,618.4650,18
2025-01-07 17:02:00,618.1300,618.9000,618.1300,618.5000,77
2025-01-07 17:03:00,618.3000,618.8782,618.0300,618.0300,24
2025-01-07 17:04:00,618.6900,618.8799,618.0300,618.2500,39
2025-01-07 17:05:00,618.4550,618.8800,618.0512,618.1667,260
2025-01-07 17:06:00,618.4600,618.5200,618.1667,618.3500,133
2025-01-07 17:07:00,618.4500,618.4500,617.8900,618.4000,15694
2025-01-07 17:08:00,618.4000,618.7700,618.0200,618.7000,55
2025-01-07 17:09:00,618.7512,618.7512,618.0200,618.5200,19
2025-01-07 17:10:00,618.0200,618.4900,618.0200,618.3800,396
2025-01-07 17:11:00,618.4900,618.7300,618.1800,618.3900,340
2025-01-07 17:12:00,618.3750,618.7400,618.2300,618.3800,14
2025-01-07 17:13:00,618.2300,618.7400,618.2300,618.3800,45
2025-01-07 17:14:00,618.3800,618.5000,618.1647,618.4700,31
2025-01-07 17:15:00,618.2300,618.7400,618.1500,618.5000,283
2025-01-07 17:16:00,618.5000,618.5000,618.3800,618.3850,7
2025-01-07 17:17:00,618.3850,618.7400,618.0300,618.7400,28
2025-01-07 17:18:00,618.3850,618.7400,618.0300,618.4600,148
2025-01-07 17:19:00,618.3850,618.4000,618.3000,618.4000,28
2025-01-07 17:20:00,618.4000,618.5000,618.0301,618.0301,155
2025-01-07 17:21:00,618.3800,618.3850,618.0312,618.0312,112
2025-01-07 17:22:00,618.3850,618.5000,618.1500,618.5000,10
2025-01-07 17:23:00,618.3850,618.7400,618.0300,618.3850,39
2025-01-07 17:24:00,618.5000,618.5000,618.0300,618.4000,32
2025-01-07 17:25:00,618.7400,618.7400,618.3850,618.3850,30
2025-01-07 17:26:00,618.3850,618.3950,618.3850,618.3950,3
2025-01-07 17:27:00,618.3000,618.7400,618.0672,618.1700,77
2025-01-07 17:28:00,618.0500,618.7400,618.0500,618.2950,16
2025-01-07 17:29:00,618.1500,618.5400,618.0700,618.0700,187
2025-01-07 17:30:00,618.2950,618.5400,618.2200,618.2200,27
2025-01-07 17:31:00,618.3800,618.5326,618.0500,618.1500,414
2025-01-07 17:32:00,618.1500,618.4580,618.1500,618.2900,87
2025-01-07 17:33:00,618.2950,618.5400,618.1000,618.4700,55
2025-01-07 17:34:00,618.0622,618.5400,618.0500,618.2950,70
2025-01-07 17:35:00,618.5400,618.5400,618.0500,618.1500,57
2025-01-07 17:36:00,618.2950,618.5277,618.0500,618.1500,112
2025-01-07 17:37:00,618.2500,618.2950,618.0600,618.2950,41
2025-01-07 17:38:00,618.2800,618.5400,618.0500,618.2200,297
2025-01-07 17:39:00,618.2950,618.2950,618.2200,618.2200,7
2025-01-07 17:40:00,618.2800,618.5000,618.1100,618.1100,18
2025-01-07 17:41:00,618.1200,618.5000,618.1000,618.3900,156
2025-01-07 17:42:00,618.1100,618.4500,618.1100,618.4000,1213
2025-01-07 17:43:00,618.4000,618.5000,618.1100,618.2562,401
2025-01-07 17:44:00,618.4000,618.4874,618.1201,618.2500,115
2025-01-07 17:45:00,618.3100,618.3900,618.3100,618.3100,7
2025-01-07 17:46:00,618.2000,618.3500,618.2000,618.3000,19
2025-01-07 17:47:00,618.2000,618.3500,618.2000,618.3500,63
2025-01-07 17:48:00,618.3500,618.4999,618.3100,618.4000,29
2025-01-07 17:49:00,618.4000,618.4000,618.2700,618.2700,102
2025-01-07 17:50:00,618.4200,618.4200,618.1275,618.1275,77
2025-01-07 17:51:00,618.2700,618.4200,618.1500,618.1800,152
2025-01-07 17:52:00,618.1200,618.4000,618.1200,618.2600,8
2025-01-07 17:53:00,618.3999,618.3999,618.1500,618.1600,184
2025-01-07 17:54:00,618.3996,618.4000,618.1600,618.2955,223
2025-01-07 17:55:00,618.2989,618.2989,618.1200,618.2900,23
2025-01-07 17:56:00,618.2992,618.3000,618.1200,618.3000,141
2025-01-07 17:57:00,618.3000,618.3900,618.3000,618.3750,110
2025-01-07 17:58:00,618.3750,618.4000,618.3700,618.4000,854
2025-01-07 17:59:00,618.2600,618.4000,618.1200,618.2000,12
2025-01-07 18:00:00,618.3900,618.3900,618.2100,618.2100,106
2025-01-07 18:01:00,618.3900,618.3900,618.2000,618.2550,145
2025-01-07 18:02:00,618.2550,618.3800,618.1200,618.1200,231
2025-01-07 18:03:00,618.3400,618.3400,618.0000,618.1900,105
2025-01-07 18:04:00,618.1000,618.1000,618.0000,618.1000,5
2025-01-07 18:05:00,618.0500,618.1000,617.8900,618.0000,617
2025-01-07 18:06:00,618.0000,618.1988,617.8900,618.1988,370
2025-01-07 18:07:00,618.0450,618.2000,617.8900,617.8900,141
2025-01-07 18:08:00,618.1875,618.1875,617.6100,617.6950,1327
2025-01-07 18:09:00,617.6600,617.8900,617.5000,617.6950,24
2025-01-07 18:10:00,617.8800,617.8900,617.5012,617.5800,42
2025-01-07 18:11:00,617.8900,617.8900,617.5012,617.6950,1018
2025-01-07 18:12:00,617.8800,617.8900,617.7000,617.8500,198
2025-01-07 18:13:00,617.5000,618.0500,617.5000,617.8500,7
2025-01-07 18:14:00,618.2000,618.2000,617.5000,617.5148,53
2025-01-07 18:15:00,618.2000,618.2000,617.8500,617.8500,3
2025-01-07 18:16:00,617.8500,618.0000,617.7500,617.8500,26
2025-01-07 18:17:00,618.2000,618.2000,617.5000,617.8000,81
2025-01-07 18:18:00,618.1000,618.1000,617.8500,617.8500,25
2025-01-07 18:19:00,617.8000,618.4000,617.5700,618.1900,407
2025-01-07 18:20:00,618.0000,618.1300,617.9400,618.1250,190
2025-01-07 18:21:00,618.1250,618.3900,617.8900,618.1250,55
2025-01-07 18:22:00,618.1250,618.3900,617.9000,617.9000,24
2025-01-07 18:23:00,617.9300,617.9685,617.8600,617.9300,147
2025-01-07 18:24:00,617.8400,617.9958,617.5100,617.7600,102
2025-01-07 18:25:00,617.7500,618.1500,617.5100,618.1500,1127
2025-01-07 18:26:00,618.3800,618.4000,617.9800,618.3900,58
2025-01-07 18:27:00,618.2900,618.4000,618.1600,618.1600,148
2025-01-07 18:28:00,618.1600,618.2750,618.1600,618.2500,16
2025-01-07 18:29:00,618.3900,618.3900,618.0100,618.3900,192
2025-01-07 18:30:00,618.2000,618.3900,618.0100,618.2000,20
2025-01-07 18:31:00,618.2000,618.2000,618.1500,618.2000,5
2025-01-07 18:32:00,618.2000,618.3900,618.1500,618.2000,27
2025-01-07 18:33:00,618.2000,618.3400,618.0600,618.2000,82
2025-01-07 18:34:00,618.2000,618.3400,618.0100,618.0333,59
2025-01-07 18:35:00,618.3200,618.3400,618.0200,618.0200,87
2025-01-07 18:36:00,618.3400,618.3900,618.0100,618.0128,112
2025-01-07 18:37:00,618.0600,618.1600,618.0100,618.1600,266
2025-01-07 18:38:00,618.0100,618.0200,617.9300,618.0100,527
2025-01-07 18:39:00,618.0100,618.3000,618.0100,618.2988,8
2025-01-07 18:40:00,618.1550,618.2900,618.0100,618.2900,30
2025-01-07 18:41:00,618.1550,618.2500,618.0100,618.2500,109
2025-01-07 18:42:00,618.3000,618.3000,618.0100,618.1550,69
2025-01-07 18:43:00,618.0600,618.3000,617.7800,618.0000,388
2025-01-07 18:44:00,617.6267,617.8600,617.6267,617.7600,50
2025-01-07 18:45:00,617.7800,618.2812,617.5600,618.2812,28
2025-01-07 18:46:00,617.9250,617.9300,617.5600,617.7800,25
2025-01-07 18:47:00,617.7000,618.0000,617.5600,617.7000,33
2025-01-07 18:48:00,617.7750,618.0000,617.5600,617.6000,57
2025-01-07 18:49:00,618.0000,618.0000,617.7000,617.7000,105
2025-01-07 18:50:00,617.7800,618.0000,617.5600,617.9000,14
2025-01-07 18:51:00,617.5600,618.0000,617.5600,618.0000,10
2025-01-07 18:52:00,617.7800,618.0000,617.7800,617.9300,132
2025-01-07 18:53:00,618.0700,618.0800,617.8500,617.8500,155
2025-01-07 18:54:00,618.3000,618.3000,617.5600,617.9300,50
2025-01-07 18:55:00,617.9300,618.2500,617.8030,618.1500,72
2025-01-07 18:56:00,618.1500,618.2500,618.0500,618.0500,8
2025-01-07 18:57:00,618.2900,618.3000,618.0500,618.2700,225
2025-01-07 18:58:00,618.2000,618.3000,618.1000,618.2500,576
2025-01-07 18:59:00,618.2500,618.2500,618.2000,618.2000,51
2025-01-07 19:00:00,618.1300,618.1300,617.5600,617.9050,412
2025-01-07 19:01:00,618.0000,618.1800,617.9050,618.1800,59
2025-01-07 19:02:00,618.1350,618.2500,618.1350,618.1350,203
2025-01-07 19:03:00,618.2500,618.2500,617.8100,617.9750,209
2025-01-07 19:04:00,617.9750,618.0000,617.7000,617.9750,32
2025-01-07 19:05:00,617.7000,618.0000,617.7000,617.9750,33
2025-01-07 19:06:00,617.9750,618.2500,617.8300,618.2500,9
2025-01-07 19:07:00,618.0000,618.2500,617.9750,617.9750,190
2025-01-07 19:08:00,618.2500,618.2500,617.8200,618.0000,33
2025-01-07 19:09:00,618.2000,618.2000,618.0450,618.2000,19
2025-01-07 19:10:00,617.7000,618.3900,617.7000,618.3900,128
2025-01-07 19:11:00,618.3800,618.3900,617.7740,617.8200,289
2025-01-07 19:12:00,618.1000,618.3800,618.0300,618.0300,20
2025-01-07 19:13:00,618.1000,618.3900,617.9492,618.1800,129
2025-01-07 19:14:00,618.0000,618.3900,618.0000,618.3900,344
2025-01-07 19:15:00,618.1200,618.3900,618.1200,618.3800,20
2025-01-07 19:16:00,618.2450,618.3900,618.1000,618.3900,16
2025-01-07 19:17:00,618.2450,618.3900,617.8000,617.9000,1515
2025-01-07 19:18:00,617.8200,618.3900,617.8200,618.1000,94
2025-01-07 19:19:00,618.0000,618.1000,617.8550,617.8550,201
2025-01-07 19:20:00,617.8994,617.8994,617.8550,617.8600,30
2025-01-07 19:21:00,617.8600,618.2550,617.8600,618.2550,2
2025-01-07 19:22:00,618.1000,618.3800,618.0000,618.2550,12
2025-01-07 19:23:00,618.0900,618.3499,617.9000,617.9000,40
2025-01-07 19:24:00,618.0800,618.3500,617.8600,618.0700,120
2025-01-07 19:25:00,618.0600,618.0800,617.9500,617.9800,116
2025-01-07 19:26:00,618.3000,618.3000,618.0800,618.1300,69
2025-01-07 19:27:00,618.1000,618.3500,617.9000,617.9000,106
2025-01-07 19:28:00,618.0300,618.1250,618.0000,618.0200,70
2025-01-07 19:29:00,618.0400,618.1800,617.9000,618.1800,121
2025-01-07 19:30:00,617.9544,618.1250,617.9000,618.0400,249
2025-01-07 19:31:00,618.2500,618.2500,618.1200,618.1250,5
2025-01-07 19:32:00,618.3500,618.3500,617.9000,618.0000,552
2025-01-07 19:33:00,618.1000,618.5500,618.1000,618.5500,401
2025-01-07 19:34:00,618.5500,618.6300,618.4000,618.4000,917
2025-01-07 19:35:00,618.4000,618.7000,618.0000,618.7000,69
2025-01-07 19:36:00,618.3500,618.6300,618.2800,618.3500,27
2025-01-07 19:37:00,618.3500,618.7000,618.3500,618.7000,12
2025-01-07 19:38:00,618.5000,618.5000,618.2800,618.2800,12
2025-01-07 19:39:00,618.3500,618.7000,618.3500,618.3500,19
2025-01-07 19:40:00,618.2550,618.2800,618.2550,618.2550,6
2025-01-07 19:41:00,618.0101,618.4900,618.0101,618.2550,9
2025-01-07 19:42:00,618.4900,618.4900,618.1500,618.3250,33
2025-01-07 19:43:00,618.4900,618.5000,618.2000,618.5000,15
2025-01-07 19:44:00,618.3250,618.4800,618.2214,618.3250,49
2025-01-07 19:45:00,618.4000,618.5000,618.2365,618.4000,355
2025-01-07 19:46:00,618.4900,618.5400,618.1500,618.4250,351
2025-01-07 19:47:00,618.4500,618.4500,618.3000,618.4500,55
2025-01-07 19:48:00,618.3000,618.4400,618.2200,618.2200,86
2025-01-07 19:49:00,618.3000,618.4500,618.2700,618.4000,44
2025-01-07 19:50:00,618.3900,618.4000,618.2750,618.4000,308
2025-01-07 19:51:00,618.1500,618.4500,618.1500,618.1844,226
2025-01-07 19:52:00,618.4400,618.4500,618.4000,618.4400,71
2025-01-07 19:53:00,618.4000,618.4500,618.3000,618.4500,75
2025-01-07 19:54:00,618.4500,618.4500,618.1600,618.3000,7
2025-01-07 19:55:00,618.2400,618.4500,618.2400,618.3680,199
2025-01-07 19:56:00,618.3050,618.4500,618.1601,618.3000,25
2025-01-07 19:57:00,618.3000,618.5000,618.3000,618.4300,820
2025-01-07 19:58:00,618.4300,618.5000,618.1600,618.1600,471
2025-01-07 19:59:00,618.3484,618.7000,618.3484,618.4400,306
2025-01-08 04:00:00,618.7000,618.7000,617.8000,618.0100,222
2025-01-08 04:01:00,618.4300,618.4300,618.0100,618.0100,117
2025-01-08 04:02:00,618.2900,618.3000,618.1600,618.1600,25
2025-01-08 04:03:00,618.2000,618.2100,617.9800,618.2100,90
2025-01-08 04:04:00,618.1000,618.5900,618.0900,618.5900,285
2025-01-08 04:05:00,618.5100,618.7800,618.4700,618.7800,101
2025-01-08 04:06:00,618.7800,619.2300,618.7800,619.0500,80
2025-01-08 04:07:00,619.0200,619.2300,619.0200,619.0500,38
2025-01-08 04:08:00,619.0500,619.2900,619.0500,619.2900,49
2025-01-08 04:09:00,619.3300,619.7900,619.3300,619.7400,755
2025-01-08 04:10:00,619.7500,619.8900,619.2700,619.7300,435
2025-01-08 04:11:00,619.4200,619.7300,619.4200,619.5400,142
2025-01-08 04:12:00,619.5200,619.7000,618.8900,618.8900,146
2025-01-08 04:13:00,619.3500,619.3600,619.2000,619.3600,25
2025-01-08 04:14:00,618.9200,618.9200,618.9200,618.9200,1
2025-01-08 04:15:00,619.3000,619.3000,618.8900,619.3000,37
2025-01-08 04:16:00,618.7400,619.2000,618.7400,619.2000,80
2025-01-08 04:17:00,619.0800,619.0800,619.0800,619.0800,6
2025-01-08 04:18:00,619.5000,619.5000,619.5000,619.5000,4
2025-01-08 04:19:00,619.5000,619.5000,619.5000,619.5000,4
2025-01-08 04:20:00,619.4900,619.5000,619.4900,619.5000,25
2025-01-08 04:21:00,619.1100,619.4800,619.1100,619.1500,18
2025-01-08 04:22:00,619.4900,619.5400,619.4200,619.5000,331
2025-01-08 04:23:00,619.2300,619.7800,619.2300,619.6900,244
2025-01-08 04:24:00,619.3900,619.3900,619.3800,619.3800,25
2025-01-08 04:25:00,619.5300,619.5300,619.1400,619.1400,61
2025-01-08 04:26:00,619.1400,619.3800,619.1400,619.3800,4
2025-01-08 04:27:00,619.4800,619.4800,619.4800,619.4800,9
2025-01-08 04:28:00,619.1900,619.4100,619.1900,619.4100,15
2025-01-08 04:29:00,619.3800,619.3800,619.3800,619.3800,3
2025-01-08 04:30:00,619.3700,619.3700,619.1500,619.1500,109
2025-01-08 04:31:00,619.1000,619.2000,619.1000,619.2000,54
2025-01-08 04:32:00,619.2200,619.3400,619.2200,619.3400,6
2025-01-08 04:33:00,619.1500,619.1500,618.9700,619.1300,309
2025-01-08 04:34:00,619.0100,619.0100,619.0000,619.0000,14
2025-01-08 04:35:00,619.1500,619.5000,619.0700,619.3400,715
2025-01-08 04:36:00,619.1000,619.1000,619.1000,619.1000,6
2025-01-08 04:37:00,619.3600,619.3900,619.3400,619.3400,337
2025-01-08 04:38:00,619.3400,619.5000,619.1300,619.3100,192
2025-01-08 04:39:00,619.2900,619.2900,619.0000,619.0000,23
2025-01-08 04:40:00,619.2900,619.2900,619.1400,619.1400,7
2025-01-08 04:41:00,619.2000,619.2500,619.1400,619.1400,18
2025-01-08 04:42:00,619.0800,619.3400,619.0800,619.3400,12
2025-01-08 04:44:00,619.2600,619.2600,619.2000,619.2000,6
2025-01-08 04:45:00,619.2000,619.3400,619.0200,619.0200,170
2025-01-08 04:46:00,619.3700,619.3700,618.9800,619.0000,26
2025-01-08 04:47:00,618.9800,619.3000,618.6900,618.7700,111
2025-01-08 04:48:00,618.8000,619.1800,618.8000,618.8200,122
2025-01-08 04:50:00,618.9500,618.9500,618.8600,618.8600,16
2025-01-08 04:51:00,618.8000,619.0700,618.6400,619.0700,70
2025-01-08 04:52:00,618.9800,619.0000,618.8500,618.8500,25
2025-01-08 04:53:00,618.9000,619.2300,618.9000,619.2300,11
2025-01-08 04:54:00,618.9200,618.9200,618.7500,618.8900,110
2025-01-08 04:55:00,618.8000,618.8500,618.8000,618.8100,106
2025-01-08 04:56:00,618.7200,619.0300,618.7200,618.7300,107
2025-01-08 04:57:00,618.7700,619.0300,618.7300,618.7700,65
2025-01-08 04:58:00,618.7900,618.7900,618.7900,618.7900,1
2025-01-08 05:00:00,618.8700,618.8700,618.7700,618.7700,123
2025-01-08 05:01:00,618.7700,618.8000,618.5400,618.5400,370
2025-01-08 05:03:00,618.5800,618.5800,618.5500,618.5500,11
2025-01-08 05:04:00,618.5500,618.7400,618.5500,618.7400,2
2025-01-08 05:05:00,618.6000,618.6200,618.5100,618.5100,22
2025-01-08 05:06:00,618.5800,618.7700,618.3800,618.3800,132
2025-01-08 05:08:00,618.5000,618.5000,618.5000,618.5000,20
2025-01-08 05:09:00,618.6000,618.6000,618.5500,618.5500,4
2025-01-08 05:10:00,618.4000,618.4000,618.4000,618.4000,27
2025-01-08 05:11:00,618.7000,618.7000,618.7000,618.7000,1
2025-01-08 05:12:00,618.5500,618.5500,618.5500,618.5500,54
2025-01-08 05:13:00,618.5200,618.7700,618.3900,618.7700,144
2025-01-08 05:14:00,618.7700,618.7700,618.7700,618.7700,4
2025-01-08 05:15:00,618.6100,618.7700,618.6100,618.7700,8
2025-01-08 05:16:00,618.5300,618.7700,618.5300,618.7700,10
2025-01-08 05:17:00,618.5400,618.5400,618.5400,618.5400,5
2025-01-08 05:18:00,618.7700,618.7700,618.7700,618.7700,4
2025-01-08 05:19:00,618.7300,618.8500,618.7300,618.7700,74
2025-01-08 05:20:00,618.7500,618.9700,618.7500,618.9700,130
2025-01-08 05:21:00,618.7700,618.9900,618.7700,618.9900,43
2025-01-08 05:22:00,618.9900,618.9900,618.7700,618.7700,21
2025-01-08 05:23:00,618.7700,618.7700,618.7700,618.7700,20
2025-01-08 05:24:00,618.7700,618.9100,618.7700,618.9100,63
2025-01-08 05:25:00,618.9800,619.0000,618.9700,619.0000,60
2025-01-08 05:26:00,619.0000,619.2500,618.8500,619.2500,393
2025-01-08 05:27:00,619.3900,619.5700,619.2900,619.5700,211
2025-01-08 05:28:00,619.4900,619.4900,619.4900,619.4900,108
2025-01-08 05:29:00,619.2900,619.2900,619.2900,619.2900,1
2025-01-08 05:30:00,619.4300,619.4300,619.4300,619.4300,11
2025-01-08 05:31:00,619.3900,619.5700,619.3900,619.4000,98
2025-01-08 05:32:00,619.2700,619.3700,619.2000,619.3700,4
2025-01-08 05:34:00,619.3700,619.3700,619.3700,619.3700,1
2025-01-08 05:36:00,619.1700,619.1700,619.1700,619.1700,7
2025-01-08 05:37:00,619.4000,619.4000,619.4000,619.4000,50
2025-01-08 05:39:00,619.4000,619.4000,619.1600,619.1600,2
2025-01-08 05:40:00,619.3500,619.5700,619.3500,619.5700,21
2025-01-08 05:41:00,619.3400,619.5600,619.3400,619.5600,17
2025-01-08 05:42:00,619.1700,619.2200,619.1700,619.2200,38
2025-01-08 05:43:00,619.2800,619.2800,619.2800,619.2800,3
2025-01-08 05:45:00,619.5800,619.6800,619.5200,619.6800,485
2025-01-08 05:46:00,619.7700,619.7700,619.7700,619.7700,27
2025-01-08 05:47:00,619.7700,619.9000,619.7700,619.7700,190
2025-01-08 05:48:00,619.7900,619.9200,619.7700,619.9000,161
2025-01-08 05:49:00,620.0000,620.0700,619.9900,620.0700,66
2025-01-08 05:50:00,620.0000,620.4500,619.9400,620.4500,416
2025-01-08 05:51:00,620.1600,620.4400,620.1600,620.4400,12
2025-01-08 05:52:00,620.4400,620.4400,620.1700,620.1700,40
2025-01-08 05:53:00,620.4400,620.4400,620.4400,620.4400,1
2025-01-08 05:54:00,620.4400,620.4500,620.4400,620.4500,2
2025-01-08 05:55:00,620.3400,620.3400,620.2800,620.2800,28
2025-01-08 05:56:00,620.4400,620.4400,620.2300,620.2300,221
2025-01-08 05:59:00,620.3400,620.3800,620.3400,620.3800,11
2025-01-08 06:00:00,620.3800,620.3800,620.3800,620.3800,2
2025-01-08 06:01:00,620.2600,620.2600,620.2600,620.2600,4
2025-01-08 06:02:00,620.4000,620.4000,620.1000,620.1400,128
2025-01-08 06:03:00,620.2100,620.2100,620.2100,620.2100,4
2025-01-08 06:04:00,620.2000,620.2000,620.2000,620.2000,1
2025-01-08 06:05:00,620.0800,620.2100,620.0800,620.2100,16
2025-01-08 06:06:00,620.2100,620.2200,620.2100,620.2200,35
2025-01-08 06:07:00,620.2200,620.2200,620.1500,620.1500,60
2025-01-08 06:08:00,620.0600,620.0600,620.0600,620.0600,1
2025-01-08 06:09:00,620.0600,620.2200,620.0600,620.2200,2
2025-01-08 06:10:00,620.3600,620.3600,620.3300,620.3600,5
2025-01-08 06:11:00,620.3600,620.3600,620.3200,620.3200,7
2025-01-08 06:12:00,620.0500,620.1900,619.7900,620.1900,47
2025-01-08 06:13:00,620.1900,620.1900,619.8700,619.8700,51
2025-01-08 06:14:00,620.1200,620.1200,620.1200,620.1200,1
2025-01-08 06:15:00,620.4000,620.4000,619.7600,619.7600,316
2025-01-08 06:16:00,619.7100,619.9700,619.7100,619.7200,46
2025-01-08 06:17:00,619.7000,619.9200,619.6800,619.6800,122
2025-01-08 06:18:00,619.6500,619.9300,619.6500,619.9300,58
2025-01-08 06:19:00,619.6500,619.6500,619.6500,619.6500,1
2025-01-08 06:20:00,619.6500,619.6500,619.2100,619.2100,586
2025-01-08 06:21:00,619.0300,619.3900,619.0300,619.3900,6
2025-01-08 06:23:00,619.0300,619.2700,619.0000,619.0300,40
2025-01-08 06:24:00,619.3200,619.3200,619.3200,619.3200,6
2025-01-08 06:25:00,619.2300,619.2600,619.2300,619.2600,15
2025-01-08 06:26:00,619.0300,619.0300,617.9500,617.9500,1308
2025-01-08 06:27:00,618.0000,618.4100,617.8000,618.4100,131
2025-01-08 06:28:00,618.3400,618.3400,617.8900,617.9100,170
2025-01-08 06:29:00,618.4800,618.4900,618.1600,618.1600,126
2025-01-08 06:31:00,618.3100,618.3100,617.7000,617.7000,544
2025-01-08 06:32:00,617.8500,617.8500,616.7300,616.7300,614
2025-01-08 06:33:00,617.0000,617.5800,616.4000,617.5800,248
2025-01-08 06:34:00,616.9500,616.9500,616.2300,616.3000,454
2025-01-08 06:35:00,616.4200,616.6200,616.4200,616.5200,122
2025-01-08 06:36:00,616.6200,616.9600,616.5600,616.9600,57
2025-01-08 06:37:00,616.8900,617.6000,616.8900,617.3400,102
2025-01-08 06:38:00,617.3400,617.3700,616.9200,617.2300,25
2025-01-08 06:39:00,617.0500,617.0500,616.5200,616.7200,178
2025-01-08 06:40:00,616.4800,616.8400,616.1900,616.2400,96
2025-01-08 06:41:00,616.1700,616.2400,615.5100,615.5100,138
2025-01-08 06:42:00,615.6300,615.9100,615.0200,615.0200,352
2025-01-08 06:43:00,615.0200,615.6700,615.0000,615.6700,370
2025-01-08 06:44:00,615.2500,615.6700,615.2500,615.4000,119
2025-01-08 06:45:00,615.4200,616.4400,615.4100,615.6100,762
2025-01-08 06:46:00,615.7200,616.2700,615.7200,616.1500,152
2025-01-08 06:47:00,615.7800,616.2200,615.7500,616.2200,207
2025-01-08 06:48:00,616.0900,616.4500,615.9300,616.4500,96
2025-01-08 06:49:00,616.4600,616.7700,616.4600,616.5100,163
2025-01-08 06:50:00,616.5000,616.5000,616.2000,616.2000,25
2025-01-08 06:51:00,616.2900,616.7400,616.2900,616.5000,392
2025-01-08 06:52:00,616.5200,616.8800,616.2200,616.2200,171
2025-01-08 06:53:00,616.4500,616.9000,616.3900,616.4300,138
2025-01-08 06:54:00,616.4500,616.5700,616.4500,616.4900,27
2025-01-08 06:55:00,616.5200,616.5200,615.3500,615.3500,1439
2025-01-08 06:56:00,615.4000,616.2400,615.2000,616.2000,2351
2025-01-08 06:57:00,615.8500,615.8500,615.8500,615.8500,1
2025-01-08 06:58:00,616.2000,616.4000,615.6200,616.0600,511
2025-01-08 06:59:00,616.0600,616.3900,616.0600,616.3900,3
2025-01-08 07:00:00,616.3800,616.6000,615.6500,616.1500,929
2025-01-08 07:01:00,616.1200,616.1200,615.5500,615.5500,196
2025-01-08 07:02:00,615.6200,615.6200,615.0500,615.2100,1271
2025-01-08 07:03:00,615.1000,615.1000,614.4000,614.6900,761
2025-01-08 07:04:00,614.7700,615.3500,614.7000,615.3500,308
2025-01-08 07:05:00,615.0500,615.3400,614.8700,615.3400,63
2025-01-08 07:06:00,615.1500,615.5200,615.1500,615.3200,254
2025-01-08 07:07:00,615.4900,615.5000,615.1800,615.2200,178
2025-01-08 07:08:00,615.4000,615.7700,615.3500,615.7500,518
2025-01-08 07:09:00,615.7600,616.1900,615.5500,615.5500,210
2025-01-08 07:10:00,615.6700,616.4800,615.6700,616.4800,273
2025-01-08 07:11:00,616.2300,616.4300,616.1200,616.1200,137
2025-01-08 07:12:00,616.2300,616.2300,616.0300,616.1200,27
2025-01-08 07:13:00,616.0700,616.3200,616.0300,616.3200,77
2025-01-08 07:14:00,616.2700,616.5000,616.0000,616.3200,171
2025-01-08 07:15:00,616.3800,616.3800,615.9600,615.9900,529
2025-01-08 07:16:00,615.9800,615.9800,615.6700,615.7000,2250
2025-01-08 07:17:00,615.8400,615.9300,615.5500,615.9300,173
2025-01-08 07:18:00,615.6200,615.9700,615.4000,615.4000,1619
2025-01-08 07:19:00,615.5000,615.5000,615.0400,615.0800,681
2025-01-08 07:20:00,615.3100,615.3100,614.5500,614.8800,878
2025-01-08 07:21:00,614.8300,615.0200,614.8300,614.9800,834
2025-01-08 07:22:00,615.0000,615.0000,614.0100,614.2200,1366
2025-01-08 07:23:00,614.2300,614.4600,614.0400,614.3000,354
2025-01-08 07:24:00,614.0800,614.1400,613.4100,613.4100,1222
2025-01-08 07:25:00,613.5800,613.5800,612.3900,612.3900,694
2025-01-08 07:26:00,612.4800,613.4900,612.4500,613.2800,510
2025-01-08 07:27:00,613.2800,613.7300,613.1100,613.2900,452
2025-01-08 07:28:00,613.1700,613.5500,613.0500,613.4500,122
2025-01-08 07:29:00,613.0500,613.3000,612.9100,612.9100,670
2025-01-08 07:30:00,612.8300,612.8300,611.5000,612.0300,4478
2025-01-08 07:31:00,612.3100,612.7200,611.9500,612.5200,1034
2025-01-08 07:32:00,612.5200,612.6200,612.4300,612.5700,700
2025-01-08 07:33:00,612.5600,612.7300,612.3600,612.4900,305
2025-01-08 07:34:00,612.4900,612.5600,612.2600,612.5600,1539
2025-01-08 07:35:00,612.8300,613.9100,612.7500,613.9100,1333
2025-01-08 07:36:00,613.6700,613.7900,613.2300,613.2300,335
2025-01-08 07:37:00,613.4200,614.0000,613.2600,613.6800,1359
2025-01-08 07:38:00,613.9700,614.5000,613.8600,614.5000,3169
2025-01-08 07:39:00,614.3500,614.4900,614.1900,614.4600,253
2025-01-08 07:40:00,614.4200,614.4200,614.0400,614.3000,203
2025-01-08 07:41:00,614.2900,614.3000,613.9700,614.2600,992
2025-01-08 07:42:00,614.0200,614.7000,614.0200,614.3100,411
2025-01-08 07:43:00,614.6500,614.6500,614.2000,614.2000,153
2025-01-08 07:44:00,614.1600,614.9000,614.1600,614.8700,103
2025-01-08 07:45:00,614.6300,614.9400,614.5000,614.5000,259
2025-01-08 07:46:00,614.5400,614.5400,613.9800,614.0000,726
2025-01-08 07:47:00,614.1100,614.3000,613.9900,614.0000,271
2025-01-08 07:48:00,614.5000,614.8400,614.0900,614.5200,266
2025-01-08 07:49:00,614.5200,614.6800,614.2200,614.2200,56
2025-01-08 07:50:00,614.1200,614.3000,613.8200,613.9900,1068
2025-01-08 07:51:00,613.9800,614.3000,613.9400,613.9500,683
2025-01-08 07:52:00,614.0100,614.4600,613.9500,614.2300,676
2025-01-08 07:53:00,614.5000,614.5000,614.0600,614.0600,14
2025-01-08 07:54:00,614.1000,614.5000,614.0500,614.5000,53
2025-01-08 07:55:00,614.2500,614.2500,614.0100,614.2500,144
2025-01-08 07:56:00,614.0900,614.4300,614.0200,614.4300,62
2025-01-08 07:57:00,614.0700,614.4900,614.0700,614.2600,28
2025-01-08 07:58:00,614.2600,614.2600,614.0300,614.1000,23
2025-01-08 07:59:00,614.2200,614.5000,614.2200,614.3500,52
2025-01-08 08:00:00,618.3847,620.5000,611.5000,615.4300,34236
2025-01-08 08:01:00,619.3125,620.4988,611.9450,616.7900,1369
2025-01-08 08:02:00,612.0560,617.8900,612.0560,617.8900,1220
2025-01-08 08:03:00,616.2900,617.8900,616.0000,616.4000,507
2025-01-08 08:04:00,616.2400,616.9900,615.0500,616.1300,2639
2025-01-08 08:05:00,617.8900,617.8900,615.5800,616.3795,277
2025-01-08 08:06:00,616.4600,616.4600,615.0500,615.6100,289
2025-01-08 08:07:00,615.6100,615.8398,615.0500,615.0910,151
2025-01-08 08:08:00,615.0600,615.8300,615.0500,615.4446,1155
2025-01-08 08:09:00,615.8000,616.1677,615.1100,615.6100,1128
2025-01-08 08:10:00,615.6100,615.9400,615.1000,615.9400,765
2025-01-08 08:11:00,616.0000,616.4795,615.7305,616.2100,346
2025-01-08 08:12:00,616.4920,616.4920,616.1750,616.3700,158
2025-01-08 08:13:00,616.1350,616.3700,615.7400,615.7400,271
2025-01-08 08:14:00,615.9800,616.3700,615.6000,615.7600,114
2025-01-08 08:15:00,615.9800,616.9000,615.9800,616.8500,1175
2025-01-08 08:16:00,616.3400,616.9000,616.3300,616.6400,256
2025-01-08 08:17:00,616.5200,616.9000,616.2400,616.3500,247
2025-01-08 08:18:00,616.3500,616.8600,615.6500,616.0000,329
2025-01-08 08:19:00,616.7500,616.7500,615.8500,616.4870,218
2025-01-08 08:20:00,615.9200,616.3500,615.6600,616.1850,197
2025-01-08 08:21:00,616.1900,616.6000,616.0000,616.0000,484
2025-01-08 08:22:00,616.0000,616.5820,615.9574,616.1900,377
2025-01-08 08:23:00,616.5999,616.6000,616.2200,616.3150,834
2025-01-08 08:24:00,616.3100,617.9700,616.0300,617.7900,2773
2025-01-08 08:25:00,617.5000,618.0000,617.3700,617.4900,333
2025-01-08 08:26:00,617.2450,618.0000,617.0000,618.0000,3962
2025-01-08 08:27:00,618.0000,619.9740,618.0000,619.7000,2341
2025-01-08 08:28:00,619.9500,619.9900,618.5700,618.9699,998
2025-01-08 08:29:00,618.6800,619.0000,617.0000,617.5000,972
2025-01-08 08:30:00,618.3200,619.0000,618.0000,618.8000,610
2025-01-08 08:31:00,619.0000,619.9800,618.6150,619.9800,1479
2025-01-08 08:32:00,619.8900,619.9800,618.6700,618.9900,1682
2025-01-08 08:33:00,619.4556,619.4556,617.9900,618.2300,1787
2025-01-08 08:34:00,618.2300,618.7600,617.0000,617.5450,1298
2025-01-08 08:35:00,617.1057,617.9700,617.0900,617.2600,853
2025-01-08 08:36:00,617.2469,618.4200,617.1000,617.8000,399
2025-01-08 08:37:00,618.0000,618.0199,617.2117,617.4400,252
2025-01-08 08:38:00,617.4600,618.0043,617.0100,617.2000,831
2025-01-08 08:39:00,617.1300,617.7100,617.0000,617.2000,793
2025-01-08 08:40:00,617.5100,617.9560,617.0000,617.7162,253
2025-01-08 08:41:00,617.1500,617.4000,616.8000,617.2700,603
2025-01-08 08:42:00,617.3200,617.7000,616.8000,617.3500,252
2025-01-08 08:43:00,617.3500,618.0000,617.0000,617.5200,511
2025-01-08 08:44:00,617.5100,617.8150,617.3600,617.3800,989
2025-01-08 08:45:00,617.3900,617.7068,616.8000,616.8000,224
2025-01-08 08:46:00,617.4000,617.5400,617.1450,617.2550,284
2025-01-08 08:47:00,617.0800,617.6300,616.8100,617.5200,1891
2025-01-08 08:48:00,617.2500,617.2500,616.8000,617.0000,189
2025-01-08 08:49:00,617.4695,617.4695,616.8000,616.8000,107
2025-01-08 08:50:00,617.2400,617.6000,616.8000,617.4900,326
2025-01-08 08:51:00,617.2950,617.7000,617.2550,617.3500,95
2025-01-08 08:52:00,617.4900,617.6900,617.2000,617.3700,194
2025-01-08 08:53:00,617.2000,617.4600,616.8000,617.0900,142
2025-01-08 08:54:00,617.1800,618.0200,616.8000,617.8900,1540
2025-01-08 08:55:00,617.8550,619.1802,617.7660,619.0400,2524
2025-01-08 08:56:00,618.6000,619.0473,618.0200,618.9200,1362
2025-01-08 08:57:00,618.5500,618.9800,618.0200,618.5000,383
2025-01-08 08:58:00,618.4100,618.8000,618.4100,618.8000,231
2025-01-08 08:59:00,618.4750,619.0700,618.1805,618.9800,1378
2025-01-08 09:00:00,618.9300,619.1900,618.7000,619.0300,978
2025-01-08 09:01:00,618.9800,619.2100,618.9800,619.0000,765
2025-01-08 09:02:00,618.8500,619.2200,618.1000,618.5650,1545
2025-01-08 09:03:00,618.7400,618.7900,618.0200,618.0200,653
2025-01-08 09:04:00,618.3000,618.7200,618.1100,618.7200,327
2025-01-08 09:05:00,618.5250,618.5250,618.1900,618.4050,132
2025-01-08 09:06:00,618.6100,618.6100,618.0000,618.0000,1670
2025-01-08 09:07:00,617.9600,618.3200,617.3200,618.3183,793
2025-01-08 09:08:00,618.3182,618.3200,617.8600,618.1800,283
2025-01-08 09:09:00,618.0200,618.2883,617.8600,618.0000,661
2025-01-08 09:10:00,618.1999,618.2000,617.8600,618.0300,58
2025-01-08 09:11:00,617.8611,618.3200,617.8611,618.1900,821
2025-01-08 09:12:00,618.4800,618.9200,618.2600,618.3950,20
2025-01-08 09:13:00,618.4900,619.0000,618.0200,618.0200,205
2025-01-08 09:14:00,617.8900,618.1800,617.5000,617.6900,820
2025-01-08 09:15:00,617.6900,617.9800,616.8300,617.2500,327
2025-01-08 09:16:00,617.0700,617.2500,617.0700,617.0701,132
2025-01-08 09:17:00,617.2900,617.3900,617.0700,617.2300,141
2025-01-08 09:18:00,617.3900,617.6200,617.0700,617.3500,643
2025-01-08 09:19:00,617.5400,617.7630,617.0700,617.3000,77
2025-01-08 09:20:00,617.3200,617.5350,617.2700,617.5000,125
2025-01-08 09:21:00,617.4700,617.5000,617.0700,617.0700,641
2025-01-08 09:22:00,617.0700,617.3400,617.0700,617.2150,1198
2025-01-08 09:23:00,617.2150,617.3600,617.0800,617.3600,454
2025-01-08 09:24:00,617.3300,617.7200,617.2150,617.3400,466
2025-01-08 09:25:00,617.2100,617.4899,616.1100,617.4899,1850
2025-01-08 09:26:00,616.2500,617.4800,615.5100,615.8500,1986
2025-01-08 09:27:00,615.8400,616.0040,613.0000,614.5000,5003
2025-01-08 09:28:00,613.1300,613.1300,612.0000,613.0600,5634
2025-01-08 09:29:00,613.1300,613.2800,612.1410,613.0200,2928
2025-01-08 09:30:00,613.3950,613.8925,608.0000,608.0400,342536
2025-01-08 09:31:00,607.7900,610.4800,602.7900,610.4800,253294
2025-01-08 09:32:00,610.8499,612.2300,609.2778,611.6650,83826
2025-01-08 09:33:00,611.6650,612.4200,610.2400,610.2950,52903
2025-01-08 09:34:00,610.2850,612.7299,610.2500,612.3350,34718
2025-01-08 09:35:00,612.4650,614.1100,611.9200,613.3100,61472
2025-01-08 09:36:00,613.4600,613.5700,612.0100,612.8900,31022
2025-01-08 09:37:00,612.2600,613.8800,612.0601,612.5700,42877
2025-01-08 09:38:00,612.7200,613.9000,612.5450,613.9000,26580
2025-01-08 09:39:00,613.7750,614.6499,611.9453,612.2900,61877
2025-01-08 09:40:00,612.1400,614.6000,611.9600,613.8300,32855
2025-01-08 09:41:00,613.8660,615.6100,613.8660,614.9000,65096
2025-01-08 09:42:00,615.2900,615.9700,615.0000,615.3250,32519
2025-01-08 09:43:00,615.3250,615.3350,613.6369,614.7800,26073
2025-01-08 09:44:00,614.9500,615.9800,614.5600,615.2400,19027
2025-01-08 09:45:00,615.0750,616.1100,615.0750,615.4150,26561
2025-01-08 09:46:00,615.4900,615.4900,613.4000,613.6700,27961
2025-01-08 09:47:00,613.7100,614.6000,613.0005,613.7400,31572
2025-01-08 09:48:00,613.7400,613.8800,613.0600,613.5650,20078
2025-01-08 09:49:00,613.5650,614.6899,612.8400,614.0400,49298
2025-01-08 09:50:00,613.8000,614.6900,613.3500,614.0750,30884
2025-01-08 09:51:00,614.2500,614.7800,614.0100,614.7700,22249
2025-01-08 09:52:00,614.6500,614.7300,611.2700,611.4650,56615
2025-01-08 09:53:00,611.5675,611.6700,609.5000,610.0600,62438
2025-01-08 09:54:00,610.1744,612.4200,609.8200,612.3600,34537
2025-01-08 09:55:00,612.2900,613.1400,611.9650,612.7600,24205
2025-01-08 09:56:00,612.8100,614.2600,612.2100,614.0000,39210
2025-01-08 09:57:00,613.6400,613.7678,613.2150,613.2200,15065
2025-01-08 09:58:00,613.4631,613.5800,612.6800,613.4800,15802
2025-01-08 09:59:00,613.3850,614.1799,613.1100,613.8400,37778
2025-01-08 10:00:00,613.6600,615.2900,613.1750,615.0550,38753
2025-01-08 10:01:00,615.0200,615.5400,614.6700,614.8100,22191
2025-01-08 10:02:00,614.9300,616.0000,614.8801,615.8176,28157
2025-01-08 10:03:00,615.7006,616.4397,614.8700,615.4400,62147
2025-01-08 10:04:00,615.3550,616.1900,615.1700,615.3400,27141
2025-01-08 10:05:00,615.6400,615.9600,614.8900,615.2950,23382
2025-01-08 10:06:00,615.3525,615.6250,614.8600,615.5000,12527
2025-01-08 10:07:00,615.7973,615.7973,614.2301,615.0900,18472
2025-01-08 10:08:00,615.1600,615.1600,613.9701,614.3850,11570
2025-01-08 10:09:00,614.4200,615.5100,614.4100,615.2200,20091
2025-01-08 10:10:00,615.3200,615.9600,612.7001,612.7001,44001
2025-01-08 10:11:00,612.9900,613.5580,612.3000,612.4650,18644
2025-01-08 10:12:00,612.2000,613.1700,611.8000,612.9364,20025
2025-01-08 10:13:00,612.8850,612.8950,611.0481,611.3500,27252
2025-01-08 10:14:00,611.3400,611.6000,610.4900,610.4900,29172
2025-01-08 10:15:00,610.7100,611.3500,610.4000,610.8700,19006
2025-01-08 10:16:00,610.8600,611.7700,610.4900,611.7100,20299
2025-01-08 10:17:00,611.4900,612.2000,611.2400,612.2000,24789
2025-01-08 10:18:00,612.4100,613.0800,611.9600,612.2800,17520
2025-01-08 10:19:00,612.2500,612.5000,611.6300,612.4500,19128
2025-01-08 10:20:00,612.4300,612.6000,611.0101,611.1900,18507
2025-01-08 10:21:00,611.3800,611.4167,610.6120,610.8400,30000
2025-01-08 10:22:00,610.7000,610.8345,609.2000,610.0000,36443
2025-01-08 10:23:00,610.3000,611.5500,610.2350,611.4000,21281
2025-01-08 10:24:00,611.5600,612.4451,611.0700,612.1400,18129
2025-01-08 10:25:00,612.2900,612.6000,611.7200,611.9700,17793
2025-01-08 10:26:00,611.7300,612.3000,611.5229,612.0800,20887
2025-01-08 10:27:00,612.0800,612.2100,610.0100,611.5000,33416
2025-01-08 10:28:00,611.2550,611.9388,611.0100,611.8000,43249
2025-01-08 10:29:00,611.6500,612.1800,610.4400,611.3550,83494
2025-01-08 10:30:00,611.3500,611.9300,611.0900,611.7600,20774
2025-01-08 10:31:00,611.8500,612.0400,611.0000,611.1950,45067
2025-01-08 10:32:00,611.3700,611.7000,610.3000,610.3000,32996
2025-01-08 10:33:00,610.6000,611.6700,610.6000,610.9900,12978
2025-01-08 10:34:00,611.1950,611.6200,610.5650,611.4400,20179
2025-01-08 10:35:00,611.6050,613.0000,611.3900,612.0300,28558
2025-01-08 10:36:00,612.2100,613.1000,612.0300,612.9400,73084
2025-01-08 10:37:00,612.9400,613.5100,612.0300,612.8700,29762
2025-01-08 10:38:00,612.6700,612.9740,611.6000,611.6000,15097
2025-01-08 10:39:00,612.0300,612.0847,610.8600,610.8600,13345
2025-01-08 10:40:00,611.0600,611.4000,610.4200,610.9900,17992
2025-01-08 10:41:00,610.9600,611.7900,610.7400,611.3786,11689
2025-01-08 10:42:00,611.1900,611.6800,610.5100,610.7050,9787
2025-01-08 10:43:00,610.5600,611.1100,609.6700,609.9300,34041
2025-01-08 10:44:00,609.7200,609.9500,609.0200,609.3200,37523
2025-01-08 10:45:00,609.8300,610.2000,609.2900,609.4000,36120
2025-01-08 10:46:00,609.4500,609.6640,608.7100,608.7200,32076
2025-01-08 10:47:00,608.6000,608.9950,607.6000,607.7000,40292
2025-01-08 10:48:00,608.1749,608.6000,607.6000,608.2500,19595
2025-01-08 10:49:00,608.0700,608.5164,607.7000,608.3656,26503
2025-01-08 10:50:00,608.4600,609.3985,607.9700,609.0800,14340
2025-01-08 10:51:00,609.0300,609.9313,609.0300,609.4800,22933
2025-01-08 10:52:00,609.7100,609.9000,609.1400,609.5500,20096
2025-01-08 10:53:00,609.7400,609.9200,607.5100,607.5100,57511
2025-01-08 10:54:00,607.4900,609.2000,607.2000,608.6000,22610
2025-01-08 10:55:00,608.8900,609.3763,608.0600,608.6800,21990
2025-01-08 10:56:00,608.5500,609.0710,608.5500,608.9450,7667
2025-01-08 10:57:00,609.0000,609.5000,608.9000,609.4050,7322
2025-01-08 10:58:00,609.4050,609.7499,609.3100,609.7499,11831
2025-01-08 10:59:00,609.7499,610.2100,609.4874,609.7537,12497
2025-01-08 11:00:00,609.6100,609.6400,608.5400,608.6768,20872
2025-01-08 11:01:00,608.5900,609.0100,608.5100,608.7900,6103
2025-01-08 11:02:00,608.4800,608.7900,607.8300,608.0900,10276
2025-01-08 11:03:00,607.9950,608.5199,607.9000,608.1400,18844
2025-01-08 11:04:00,608.1500,608.1850,607.4950,607.4950,11857
2025-01-08 11:05:00,607.4900,607.8200,607.4700,607.5000,8518
2025-01-08 11:06:00,607.5250,607.6100,606.7800,606.8900,25992
2025-01-08 11:07:00,606.9500,607.2100,606.3000,606.5400,18657
2025-01-08 11:08:00,606.7100,607.9000,606.5900,607.7000,15490
2025-01-08 11:09:00,607.7889,608.1900,607.1715,607.5700,13302
2025-01-08 11:10:00,607.6799,608.6800,607.5450,608.4900,12873
2025-01-08 11:11:00,608.3224,608.6100,607.3100,607.5000,14202
2025-01-08 11:12:00,607.6637,608.0000,607.4100,607.8500,10898
2025-01-08 11:13:00,607.6400,608.0400,607.4500,607.6200,12563
2025-01-08 11:14:00,607.5200,607.8400,607.1800,607.6950,12093
2025-01-08 11:15:00,607.6750,607.9100,607.3900,607.7250,15484
2025-01-08 11:16:00,607.8994,608.2716,607.4200,608.1550,19272
2025-01-08 11:17:00,608.1900,609.1400,608.1000,609.0099,27380
2025-01-08 11:18:00,608.6600,609.0120,608.6600,608.7100,6998
2025-01-08 11:19:00,608.7000,609.0699,608.6100,608.9500,7853
2025-01-08 11:20:00,609.0800,609.9759,609.0800,609.6605,14929
2025-01-08 11:21:00,609.7800,609.9899,609.1900,609.3050,14823
2025-01-08 11:22:00,609.5000,609.7600,609.2400,609.2950,14312
2025-01-08 11:23:00,609.5400,610.7700,609.5400,610.5000,18978
2025-01-08 11:24:00,610.4400,610.8500,610.0000,610.3000,15719
2025-01-08 11:25:00,610.4100,610.6000,609.7100,609.7600,10579
2025-01-08 11:26:00,609.8850,609.9699,609.5700,609.9500,6286
2025-01-08 11:27:00,609.7500,609.8700,609.3600,609.8700,6150
2025-01-08 11:28:00,609.8774,609.9200,609.6750,609.9200,4630
2025-01-08 11:29:00,609.7600,609.8100,609.4500,609.5000,9175
2025-01-08 11:30:00,609.5900,610.7500,609.5900,610.5509,16761
2025-01-08 11:31:00,610.7700,610.7700,610.2001,610.4050,14346
2025-01-08 11:32:00,610.3900,610.7200,610.0800,610.7200,11612
2025-01-08 11:33:00,610.6600,610.9624,610.5400,610.8800,9324
2025-01-08 11:34:00,610.9900,611.3700,610.7500,611.0400,10128
2025-01-08 11:35:00,611.1100,611.3199,610.9000,610.9000,12695
2025-01-08 11:36:00,610.8800,611.9300,610.7201,611.5100,14760
2025-01-08 11:37:00,611.5700,612.0000,611.5700,611.6600,14863
2025-01-08 11:38:00,611.8400,611.8885,611.5800,611.7100,9270
2025-01-08 11:39:00,611.6000,611.7700,611.2700,611.7250,8646
2025-01-08 11:40:00,611.7900,612.3265,611.5600,612.2300,18018
2025-01-08 11:41:00,612.2300,612.7300,611.9400,612.6000,17111
2025-01-08 11:42:00,612.6000,613.1000,612.5900,613.1000,19613
2025-01-08 11:43:00,612.9800,613.1200,612.0300,612.2044,23753
2025-01-08 11:44:00,611.9424,612.8800,611.9424,612.7650,10106
2025-01-08 11:45:00,612.9500,613.1347,612.5800,612.7900,12605
2025-01-08 11:46:00,612.7200,612.8999,612.4450,612.5800,8810
2025-01-08 11:47:00,612.7400,612.7600,612.0000,612.4550,19018
2025-01-08 11:48:00,612.3200,612.3200,612.0000,612.1250,7452
2025-01-08 11:49:00,612.1225,612.1900,611.8400,612.0800,28332
2025-01-08 11:50:00,611.9700,612.0000,611.7100,611.8900,9479
2025-01-08 11:51:00,611.8800,612.2800,611.5300,612.0800,8654
2025-01-08 11:52:00,612.2100,612.4500,612.0100,612.4300,10484
2025-01-08 11:53:00,612.4550,612.5700,612.2600,612.4300,7180
2025-01-08 11:54:00,612.3800,612.3800,611.9165,612.1450,7485
2025-01-08 11:55:00,612.1875,612.2500,611.9100,611.9900,15517
2025-01-08 11:56:00,611.9100,612.2600,611.3507,612.1300,13355
2025-01-08 11:57:00,612.0900,612.2340,611.9200,611.9200,7314
2025-01-08 11:58:00,611.7800,612.2000,611.7550,612.0749,7928
2025-01-08 11:59:00,612.0450,612.0450,611.5650,611.6350,5960
2025-01-08 12:00:00,611.6150,611.8400,611.1300,611.8000,19591
2025-01-08 12:01:00,611.8380,611.8599,611.5100,611.6800,8925
2025-01-08 12:02:00,611.6300,611.8000,610.5500,610.6850,16214
2025-01-08 12:03:00,610.8100,610.8950,610.2101,610.3500,8531
2025-01-08 12:04:00,610.2500,610.5600,610.0600,610.1750,18122
2025-01-08 12:05:00,610.2272,610.4000,609.8006,610.2335,13566
2025-01-08 12:06:00,609.9200,610.2200,609.8500,610.1950,9771
2025-01-08 12:07:00,610.3100,610.5700,609.8408,610.3600,24454
2025-01-08 12:08:00,610.3700,610.6400,610.2900,610.4100,22484
2025-01-08 12:09:00,610.4100,611.2700,610.3100,611.2700,12621
2025-01-08 12:10:00,611.1200,611.3300,610.6000,610.8300,15692
2025-01-08 12:11:00,610.6650,610.6650,610.2100,610.2600,5567
2025-01-08 12:12:00,610.1600,610.4000,609.5200,609.5200,14269
2025-01-08 12:13:00,609.5150,609.7600,609.5150,609.6600,11825
2025-01-08 12:14:00,609.6600,609.7229,608.7000,609.3800,32203
2025-01-08 12:15:00,609.6000,610.1600,609.5100,610.0700,10964
2025-01-08 12:16:00,609.9750,610.2000,609.7800,609.9450,14652
2025-01-08 12:17:00,609.7965,610.0050,609.4300,609.6900,8781
2025-01-08 12:18:00,609.5600,610.2142,609.5600,610.0950,13530
2025-01-08 12:19:00,610.0600,610.0600,609.5545,609.7300,11101
2025-01-08 12:20:00,609.7700,610.1800,609.5995,609.7540,11033
2025-01-08 12:21:00,609.8350,609.9400,609.1001,609.1200,12877
2025-01-08 12:22:00,609.2800,609.6000,608.6100,608.6100,15666
2025-01-08 12:23:00,608.6100,608.7200,607.6401,607.7700,19709
2025-01-08 12:24:00,607.5100,608.1900,607.5100,607.8900,12113
2025-01-08 12:25:00,607.9100,608.4100,607.8200,608.1500,12334
2025-01-08 12:26:00,608.2700,608.3100,607.9200,607.9200,23507
2025-01-08 12:27:00,608.1400,608.3400,607.4410,607.5400,22962
2025-01-08 12:28:00,607.5500,607.7800,606.4400,606.4400,10968
2025-01-08 12:29:00,606.5050,606.5050,605.8200,606.1850,27521
2025-01-08 12:30:00,606.2150,606.3204,605.4000,605.5650,23194
2025-01-08 12:31:00,605.5200,606.3800,605.2100,605.8900,28622
2025-01-08 12:32:00,605.9100,606.7264,605.7008,606.3050,19392
2025-01-08 12:33:00,606.3600,606.6000,606.2000,606.5773,12766
2025-01-08 12:34:00,606.5827,606.7450,606.1200,606.3800,9772
2025-01-08 12:35:00,606.4300,606.9200,606.4300,606.6400,7736
2025-01-08 12:36:00,606.6432,606.7700,606.5500,606.7700,8226
2025-01-08 12:37:00,607.0000,607.2736,606.6088,606.8400,8831
2025-01-08 12:38:00,607.4000,607.4000,606.7800,606.9701,4757
2025-01-08 12:39:00,606.9000,607.0000,606.6600,606.6900,9554
2025-01-08 12:40:00,606.6600,607.5973,606.5300,607.5973,8028
2025-01-08 12:41:00,607.5400,607.9900,607.4800,607.7100,8666
2025-01-08 12:42:00,607.7600,607.9500,607.5000,607.8530,5169
2025-01-08 12:43:00,607.5400,608.1700,607.5400,607.7450,12390
2025-01-08 12:44:00,607.7601,608.3364,607.7601,608.1800,9173
2025-01-08 12:45:00,608.2324,608.3400,607.8000,608.2200,10836
2025-01-08 12:46:00,608.1150,608.8388,608.0000,608.6000,13268
2025-01-08 12:47:00,608.6400,608.6400,607.9500,607.9500,14627
2025-01-08 12:48:00,607.8000,608.2300,607.6600,607.9100,10481
2025-01-08 12:49:00,607.7550,607.9100,607.2801,607.5860,6649
2025-01-08 12:50:00,607.6100,608.0400,607.5725,607.7100,11615
2025-01-08 12:51:00,607.5000,608.0700,607.5000,608.0600,6060
2025-01-08 12:52:00,608.2400,609.2000,608.2400,608.6000,21417
2025-01-08 12:53:00,608.7000,609.1900,608.3800,608.8900,24807
2025-01-08 12:54:00,608.9900,609.2823,608.6400,608.8000,13582
2025-01-08 12:55:00,608.7280,608.9600,608.4200,608.5965,12508
2025-01-08 12:56:00,608.7725,609.3600,608.7725,609.1200,9461
2025-01-08 12:57:00,609.0800,609.3700,608.7400,609.0200,10378
2025-01-08 12:58:00,608.9600,609.8000,608.9600,609.8000,14308
2025-01-08 12:59:00,609.6100,609.7399,609.3700,609.5100,10032
2025-01-08 13:00:00,609.4900,610.8350,609.3100,610.3400,16252
2025-01-08 13:01:00,610.6700,610.6800,610.0800,610.0850,9371
2025-01-08 13:02:00,610.0850,611.5300,610.0300,610.7401,26655
2025-01-08 13:03:00,610.9450,611.0000,610.5601,610.7000,12613
2025-01-08 13:04:00,610.8400,611.4060,610.7700,611.3400,15741
2025-01-08 13:05:00,611.2900,611.2900,610.7600,610.8750,7009
2025-01-08 13:06:00,610.9900,611.9100,610.9900,611.8800,25819
2025-01-08 13:07:00,611.9000,611.9300,610.7300,610.7300,19430
2025-01-08 13:08:00,610.9550,611.7199,610.9550,611.5060,21173
2025-01-08 13:09:00,611.6100,611.7700,611.3100,611.6100,12000
2025-01-08 13:10:00,611.7400,611.8000,611.4400,611.7000,12975
2025-01-08 13:11:00,611.7000,611.9500,611.1600,611.7900,28087
2025-01-08 13:12:00,612.0000,612.4300,611.7500,612.0900,32669
2025-01-08 13:13:00,612.2300,612.3800,612.0900,612.2045,11240
2025-01-08 13:14:00,612.2500,612.3200,611.8060,611.9100,8707
2025-01-08 13:15:00,612.0200,612.5000,612.0200,612.3900,13851
2025-01-08 13:16:00,612.3900,613.1170,612.3000,612.5870,21072
2025-01-08 13:17:00,612.7000,613.1600,612.5000,612.6900,15418
2025-01-08 13:18:00,612.6550,613.0000,612.6550,612.9100,8395
2025-01-08 13:19:00,612.9050,613.0700,612.5000,612.5800,18631
2025-01-08 13:20:00,613.0100,613.0300,612.6100,612.7950,6813
2025-01-08 13:21:00,612.8475,612.9230,612.3900,612.6600,6997
2025-01-08 13:22:00,612.6000,612.7200,612.2400,612.5200,12351
2025-01-08 13:23:00,612.6200,612.9100,612.6200,612.9100,5889
2025-01-08 13:24:00,613.0000,613.1800,612.8500,613.1200,9220
2025-01-08 13:25:00,613.0200,613.3542,613.0200,613.2200,19139
2025-01-08 13:26:00,613.2530,613.4100,613.0901,613.2301,7087
2025-01-08 13:27:00,613.4100,613.4100,612.7900,613.1150,11728
2025-01-08 13:28:00,613.3900,613.8583,613.2600,613.3700,17241
2025-01-08 13:29:00,613.3000,613.3000,612.6859,612.8317,7187
2025-01-08 13:30:00,612.6000,612.7826,612.1101,612.5600,10985
2025-01-08 13:31:00,612.5600,612.5600,612.2300,612.4400,8009
2025-01-08 13:32:00,612.4300,612.6859,612.4300,612.6400,4140
2025-01-08 13:33:00,612.6800,612.7200,612.0001,612.2300,7094
2025-01-08 13:34:00,612.3900,612.5100,612.1350,612.1350,6967
2025-01-08 13:35:00,612.0101,612.4786,612.0101,612.4786,5975
2025-01-08 13:36:00,612.4684,612.8400,612.4684,612.5800,11474
2025-01-08 13:37:00,612.7912,612.7912,612.2500,612.4000,8853
2025-01-08 13:38:00,612.4100,612.8500,612.4100,612.7450,9757
2025-01-08 13:39:00,612.8027,612.8587,612.4304,612.5250,8273
2025-01-08 13:40:00,612.5250,612.6299,612.2200,612.3100,23677
2025-01-08 13:41:00,612.3100,612.3100,612.0300,612.2299,25063
2025-01-08 13:42:00,612.1050,612.2350,611.5200,611.6400,7481
2025-01-08 13:43:00,611.5800,611.7700,611.5800,611.7050,8967
2025-01-08 13:44:00,611.7300,612.1400,611.7300,612.1400,6197
2025-01-08 13:45:00,612.0500,612.1024,611.6650,611.8250,5380
2025-01-08 13:46:00,611.8300,611.8700,611.7000,611.7800,4394
2025-01-08 13:47:00,611.7800,611.8800,611.2300,611.2300,14436
2025-01-08 13:48:00,611.0900,612.0450,611.0900,611.8612,11405
2025-01-08 13:49:00,612.0250,612.2400,611.7500,611.7500,16043
2025-01-08 13:50:00,611.9000,612.1700,611.7500,611.7700,12360
2025-01-08 13:51:00,611.8500,611.8800,611.7300,611.8100,41553
2025-01-08 13:52:00,611.8100,611.8800,610.7000,610.7100,17694
2025-01-08 13:53:00,610.7000,610.7000,609.6500,609.8499,19122
2025-01-08 13:54:00,609.6650,609.8000,609.5100,609.6750,13269
2025-01-08 13:55:00,609.7000,610.3106,609.4700,610.0000,13132
2025-01-08 13:56:00,610.0000,610.3700,609.6239,610.3700,14082
2025-01-08 13:57:00,610.3650,610.9272,610.2600,610.6200,7026
2025-01-08 13:58:00,610.4980,610.8880,610.4600,610.7800,6748
2025-01-08 13:59:00,610.7250,611.3700,610.6950,611.2200,9421
2025-01-08 14:00:00,611.3200,611.3200,610.5927,610.9200,6950
2025-01-08 14:01:00,610.7200,610.9200,610.5200,610.8250,5756
2025-01-08 14:02:00,610.8300,610.8700,610.2500,610.4850,7784
2025-01-08 14:03:00,610.4900,611.0400,610.3200,610.6171,5193
2025-01-08 14:04:00,610.5500,610.9791,610.4500,610.9000,6286
2025-01-08 14:05:00,610.9100,611.8926,610.9100,611.4800,10540
2025-01-08 14:06:00,611.6700,612.2745,611.5800,612.1400,14193
2025-01-08 14:07:00,611.9550,612.5100,611.7000,612.1850,13742
2025-01-08 14:08:00,612.1900,613.0000,612.1100,612.6100,27160
2025-01-08 14:09:00,612.6300,613.1663,612.3300,613.1400,26438
2025-01-08 14:10:00,612.9900,613.3000,612.7550,612.7550,9842
2025-01-08 14:11:00,612.9500,612.9600,612.2200,612.2200,8748
2025-01-08 14:12:00,612.2400,612.5400,611.5000,611.8500,12452
2025-01-08 14:13:00,611.8400,612.0200,611.5300,611.7400,8932
2025-01-08 14:14:00,611.7500,611.9100,611.2750,611.4500,7551
2025-01-08 14:15:00,611.4200,611.8500,611.4200,611.7300,9623
2025-01-08 14:16:00,611.9200,612.2400,611.5500,612.0450,13962
2025-01-08 14:17:00,612.1600,612.2800,611.9200,612.0425,5169
2025-01-08 14:18:00,612.1500,612.8565,612.1300,612.8565,9887
2025-01-08 14:19:00,612.8360,612.9950,612.4200,612.5888,21377
2025-01-08 14:20:00,612.3700,612.5200,612.1300,612.4500,13483
2025-01-08 14:21:00,612.3800,612.7500,612.3300,612.4400,6492
2025-01-08 14:22:00,612.2800,612.4950,612.2000,612.4950,6672
2025-01-08 14:23:00,612.5600,613.1600,612.5600,613.1600,7672
2025-01-08 14:24:00,612.9946,613.7087,612.9300,613.3300,17455
2025-01-08 14:25:00,613.0000,613.3100,612.9100,612.9200,11115
2025-01-08 14:26:00,613.2100,613.5900,613.0800,613.4986,8909
2025-01-08 14:27:00,613.4850,614.9900,613.4850,614.7474,40019
2025-01-08 14:28:00,614.7050,615.1000,614.5700,614.7400,18200
2025-01-08 14:29:00,614.5900,614.7200,614.3700,614.5600,9321
2025-01-08 14:30:00,614.4100,614.4100,612.9600,613.2620,13989
2025-01-08 14:31:00,613.3439,613.3600,612.8140,613.0500,11092
2025-01-08 14:32:00,612.8500,613.0600,612.8500,612.9993,5114
2025-01-08 14:33:00,612.8000,613.2299,612.4800,612.9800,15613
2025-01-08 14:34:00,613.0800,613.1000,612.3210,612.5824,6482
2025-01-08 14:35:00,612.5800,612.9880,612.5800,612.9350,6102
2025-01-08 14:36:00,613.0300,613.0300,611.8300,611.8300,11123
2025-01-08 14:37:00,611.9350,612.7900,611.8301,612.7500,11713
2025-01-08 14:38:00,612.4600,612.4600,612.0600,612.0600,6116
2025-01-08 14:39:00,612.1900,612.1900,611.6500,611.6950,11292
2025-01-08 14:40:00,611.6900,611.8200,611.3530,611.5873,9260
2025-01-08 14:41:00,611.2600,611.3604,610.8450,611.2585,7264
2025-01-08 14:42:00,611.5200,611.5900,610.6100,610.6100,7073
2025-01-08 14:43:00,610.6600,610.8800,610.6600,610.8800,4288
2025-01-08 14:44:00,610.9100,611.1099,610.9000,611.0800,5154
2025-01-08 14:45:00,610.9750,611.1900,610.8300,611.1900,9632
2025-01-08 14:46:00,611.0816,611.7900,610.9133,611.0500,8247
2025-01-08 14:47:00,611.1650,611.4000,610.9100,610.9100,5541
2025-01-08 14:48:00,610.7662,611.0100,610.5800,611.0016,4807
2025-01-08 14:49:00,610.8600,611.1000,610.7200,611.0400,14264
2025-01-08 14:50:00,611.1900,611.5289,611.0600,611.2500,8317
2025-01-08 14:51:00,611.2500,611.4700,611.0600,611.0600,6714
2025-01-08 14:52:00,611.3600,611.4000,610.7000,610.8503,8690
2025-01-08 14:53:00,610.7000,610.8165,610.4200,610.6800,14125
2025-01-08 14:54:00,610.7600,610.7600,610.1800,610.2800,5957
2025-01-08 14:55:00,610.4500,610.5800,610.1200,610.5108,8461
2025-01-08 14:56:00,610.6000,611.1200,610.4400,611.0300,11736
2025-01-08 14:57:00,611.1900,611.5000,611.1450,611.5000,9774
2025-01-08 14:58:00,611.5000,611.5000,611.0300,611.2300,18166
2025-01-08 14:59:00,611.2150,611.3499,610.9700,611.2100,13546
2025-01-08 15:00:00,611.3350,611.4877,611.1200,611.2950,8855
2025-01-08 15:01:00,611.3433,611.5000,611.1350,611.3200,7359
2025-01-08 15:02:00,611.3200,611.4000,610.9750,611.0576,15815
2025-01-08 15:03:00,611.0950,611.7300,611.0100,611.5150,11756
2025-01-08 15:04:00,611.4900,611.7100,611.4000,611.7100,7702
2025-01-08 15:05:00,611.7100,611.7500,611.3388,611.4000,9203
2025-01-08 15:06:00,611.4000,611.4000,610.9800,611.1500,10719
2025-01-08 15:07:00,611.1500,611.1999,610.9600,610.9600,11511
2025-01-08 15:08:00,610.9600,611.1900,610.9100,611.0100,7804
2025-01-08 15:09:00,611.1600,611.1650,610.5800,610.8100,9587
2025-01-08 15:10:00,610.5910,611.1800,610.5910,610.8100,10154
2025-01-08 15:11:00,610.7450,610.9100,610.4269,610.5750,6215
2025-01-08 15:12:00,610.7360,610.7360,610.0800,610.1300,10428
2025-01-08 15:13:00,610.0000,610.2900,609.8300,609.8800,14948
2025-01-08 15:14:00,610.0300,610.0300,609.7410,609.7950,5872
2025-01-08 15:15:00,609.8000,611.1399,609.8000,610.6600,33056
2025-01-08 15:16:00,610.7000,611.1543,610.7000,610.8600,9873
2025-01-08 15:17:00,610.7200,610.7200,610.3400,610.4900,4459
2025-01-08 15:18:00,610.3900,611.0750,610.3900,611.0750,11395
2025-01-08 15:19:00,610.9500,611.4400,610.9400,611.2000,12623
2025-01-08 15:20:00,611.2580,611.4600,611.2000,611.2731,7225
2025-01-08 15:21:00,611.1809,611.3128,611.0750,611.1750,5383
2025-01-08 15:22:00,611.1750,611.1750,610.8700,610.9300,7757
2025-01-08 15:23:00,611.0300,611.7500,610.9800,611.4400,9467
2025-01-08 15:24:00,611.4790,611.4790,611.2600,611.3450,7775
2025-01-08 15:25:00,611.4300,611.6599,610.7500,610.7500,10729
2025-01-08 15:26:00,610.7900,610.9100,610.5800,610.7400,6450
2025-01-08 15:27:00,610.7400,610.9599,610.2935,610.4350,10710
2025-01-08 15:28:00,610.4350,610.7700,610.2800,610.5150,12239
2025-01-08 15:29:00,610.4800,610.5048,610.2200,610.4002,20558
2025-01-08 15:30:00,610.3400,610.5400,610.2600,610.3050,18127
2025-01-08 15:31:00,610.2800,610.3700,610.1100,610.2000,10447
2025-01-08 15:32:00,610.2100,610.3400,610.2000,610.2200,4069
2025-01-08 15:33:00,610.1550,610.3700,609.6800,610.2550,22588
2025-01-08 15:34:00,610.2600,610.2600,609.6650,609.6650,9425
2025-01-08 15:35:00,609.6900,610.0099,609.3100,609.8960,13309
2025-01-08 15:36:00,609.9150,610.0100,609.6200,609.8150,13784
2025-01-08 15:37:00,609.8100,609.8150,609.2700,609.5299,9658
2025-01-08 15:38:00,609.4100,609.4100,608.5200,608.6000,30846
2025-01-08 15:39:00,608.6150,608.7900,608.3000,608.3700,18106
2025-01-08 15:40:00,608.4000,609.0842,608.3000,608.8100,20321
2025-01-08 15:41:00,608.9500,609.1000,608.6300,608.8600,10984
2025-01-08 15:42:00,608.8100,609.0000,608.7400,608.8200,8289
2025-01-08 15:43:00,608.8200,609.0900,608.5400,609.0550,18285
2025-01-08 15:44:00,609.1200,609.8900,608.9501,609.7100,14788
2025-01-08 15:45:00,609.7100,609.9555,609.4200,609.4550,16690
2025-01-08 15:46:00,609.6700,609.7400,609.0900,609.3050,10737
2025-01-08 15:47:00,609.1900,609.3700,608.7500,609.3300,17665
2025-01-08 15:48:00,609.2100,609.2673,609.0567,609.1350,16517
2025-01-08 15:49:00,609.1700,609.2700,608.9800,609.0500,19197
2025-01-08 15:50:00,609.0000,609.4800,609.0000,609.1900,25672
2025-01-08 15:51:00,609.2955,609.4400,608.9300,609.2900,38459
2025-01-08 15:52:00,609.3946,609.5800,609.0800,609.1800,43807
2025-01-08 15:53:00,609.1800,609.3400,608.6500,608.9250,35138
2025-01-08 15:54:00,608.9800,610.8000,608.9800,609.5900,42308
2025-01-08 15:55:00,609.3950,611.2700,609.3950,610.9400,118686
2025-01-08 15:56:00,610.9100,610.9600,610.2001,610.2600,62297
2025-01-08 15:57:00,610.3050,610.5900,609.6400,610.5600,78112
2025-01-08 15:58:00,610.5500,610.8700,610.4100,610.7700,81753
2025-01-08 15:59:00,610.6600,610.8600,610.1700,610.8600,195640
2025-01-08 16:00:00,610.8600,611.1700,610.5500,610.9000,2904949
2025-01-08 16:01:00,610.9900,611.1700,610.7200,611.1700,19194
2025-01-08 16:02:00,611.1800,611.6000,610.7200,611.0000,23877
2025-01-08 16:03:00,611.1150,611.4999,610.7200,610.7200,5762
2025-01-08 16:04:00,610.7200,610.9700,610.4000,610.7200,600
2025-01-08 16:05:00,610.7200,634.6000,610.3600,610.3600,856
2025-01-08 16:06:00,610.3500,610.7100,610.0000,610.4000,26
2025-01-08 16:07:00,610.7200,610.7200,610.0000,610.1600,98952
2025-01-08 16:08:00,610.0000,610.1600,609.5850,609.5850,423
2025-01-08 16:09:00,610.1600,610.1600,609.5850,610.1600,84
2025-01-08 16:10:00,609.7600,610.2200,609.0000,610.2200,215
2025-01-08 16:11:00,610.2200,610.7200,609.7545,610.2200,1898
2025-01-08 16:12:00,610.0000,610.2200,609.9000,610.2150,106
2025-01-08 16:13:00,610.2150,610.7000,609.7500,609.9900,125
2025-01-08 16:14:00,609.9450,610.2100,609.2100,610.2100,109
2025-01-08 16:15:00,610.7200,610.7200,609.2200,609.7200,54
2025-01-08 16:16:00,610.7200,610.7200,609.2790,609.7200,63
2025-01-08 16:17:00,609.7200,610.2100,609.7200,610.2100,45
2025-01-08 16:18:00,610.0000,610.7200,609.2300,609.7200,70481
2025-01-08 16:19:00,609.7200,610.1100,609.7200,610.1100,9
2025-01-08 16:20:00,610.7200,610.7200,609.5001,610.1800,5338
2025-01-08 16:21:00,609.8450,610.1800,609.8400,609.8400,8
2025-01-08 16:22:00,609.8400,610.1800,609.5000,609.9000,82
2025-01-08 16:23:00,610.1800,610.1900,609.8750,609.8750,34
2025-01-08 16:24:00,609.8750,609.9000,609.8750,609.9000,3
2025-01-08 16:25:00,610.1800,610.7200,609.5600,610.1800,1481
2025-01-08 16:26:00,610.1899,610.1900,609.5600,609.8750,928
2025-01-08 16:27:00,609.8750,610.1900,609.8750,609.8800,55
2025-01-08 16:28:00,609.5900,610.1800,609.5900,610.1800,117
2025-01-08 16:29:00,609.7200,610.1900,609.7200,610.0800,164
2025-01-08 16:30:00,609.9000,610.1800,609.6700,610.0800,898
2025-01-08 16:31:00,610.1800,610.1800,609.7500,609.8950,10
2025-01-08 16:32:00,610.7200,610.7200,609.7600,609.8900,100
2025-01-08 16:33:00,610.1900,610.1900,609.6001,610.1800,100
2025-01-08 16:34:00,610.0800,610.7200,609.5600,609.7500,496
2025-01-08 16:35:00,609.8750,609.8750,608.0000,608.7350,1441
2025-01-08 16:36:00,609.1600,610.1700,608.9100,609.1200,235
2025-01-08 16:37:00,609.5500,610.7200,607.6100,607.6100,1227
2025-01-08 16:38:00,610.7200,610.7200,608.8800,609.2100,4664
2025-01-08 16:39:00,609.8600,609.8600,607.6100,608.8800,156
2025-01-08 16:40:00,607.6100,610.1700,607.6100,608.9100,186
2025-01-08 16:41:00,608.8050,608.9000,608.8050,608.8050,6
2025-01-08 16:42:00,608.8050,610.7200,608.7238,608.8050,20
2025-01-08 16:43:00,608.9000,608.9000,607.6100,608.8050,25
2025-01-08 16:44:00,608.9900,609.4300,607.6000,609.0000,139
2025-01-08 16:45:00,609.4300,609.4300,608.8750,608.8850,26
2025-01-08 16:46:00,608.8850,609.4300,608.8850,609.0000,14
2025-01-08 16:47:00,610.0000,610.0000,609.0000,609.4200,174
2025-01-08 16:48:00,608.9500,609.4300,608.0001,609.1900,19
2025-01-08 16:49:00,609.4300,610.0000,608.0100,609.4300,182
2025-01-08 16:50:00,608.7950,609.4700,608.0100,609.1900,257
2025-01-08 16:51:00,609.4200,609.7900,609.1000,609.4300,79
2025-01-08 16:52:00,609.4450,610.0000,609.4300,609.5500,221
2025-01-08 16:53:00,609.5500,610.0000,609.1000,609.7400,79
2025-01-08 16:54:00,609.4450,609.7300,609.1900,609.7300,8
2025-01-08 16:55:00,609.5000,609.7400,609.4450,609.7400,9
2025-01-08 16:56:00,609.4450,609.7000,609.1000,609.5550,43
2025-01-08 16:57:00,609.5000,609.7400,609.1000,609.5000,9
2025-01-08 16:58:00,610.0000,610.0000,609.4600,609.5800,125
2025-01-08 16:59:00,609.5600,609.6400,609.1800,609.4100,116
2025-01-08 17:00:00,609.3450,609.9500,609.1900,609.1900,132
2025-01-08 17:01:00,609.2400,610.0000,609.1800,610.0000,100
2025-01-08 17:02:00,609.5900,609.5900,609.2000,609.2005,73
2025-01-08 17:03:00,609.1800,609.7000,609.1800,609.5900,7
2025-01-08 17:04:00,609.5900,610.0000,609.5900,609.5900,114
2025-01-08 17:05:00,609.6800,609.6800,609.2400,609.2400,62
2025-01-08 17:06:00,609.5500,609.5850,609.5500,609.5850,4
2025-01-08 17:07:00,609.5500,609.9600,609.5500,609.7400,9
2025-01-08 17:08:00,609.9800,610.7200,609.3200,609.5000,376386
2025-01-08 17:09:00,609.5000,609.5800,609.1800,609.5800,22
2025-01-08 17:10:00,609.4500,610.7200,609.3200,610.7200,1446
2025-01-08 17:11:00,609.3800,609.5788,609.1900,609.5788,10
2025-01-08 17:12:00,609.2500,609.4100,609.2500,609.3800,42
2025-01-08 17:13:00,609.5000,609.5000,608.9900,609.3700,238
2025-01-08 17:14:00,608.9900,609.5788,608.9850,608.9850,93
2025-01-08 17:15:00,608.9850,638.9264,608.4000,608.4000,135
2025-01-08 17:16:00,608.4000,638.9264,608.4000,608.9850,65
2025-01-08 17:17:00,608.9850,609.2500,608.9850,609.2000,17
2025-01-08 17:18:00,609.5700,609.5700,609.2000,609.2000,9
2025-01-08 17:19:00,609.2850,638.9264,608.9850,609.0000,184
2025-01-08 17:20:00,608.9850,609.5700,608.9850,609.5700,3
2025-01-08 17:21:00,609.3200,638.9264,609.1800,609.4900,162
2025-01-08 17:22:00,609.2000,638.9264,609.0000,609.9700,283
2025-01-08 17:23:00,609.2900,638.9264,609.2900,609.5500,45
2025-01-08 17:24:00,609.5600,609.9700,609.2000,609.2000,43
2025-01-08 17:25:00,609.5600,638.9264,609.2300,609.5500,159
2025-01-08 17:26:00,609.9700,638.9264,609.2300,609.9400,127
2025-01-08 17:27:00,609.5000,609.5450,609.2400,609.5000,55
2025-01-08 17:28:00,638.9264,638.9264,609.5000,609.5500,151
2025-01-08 17:29:00,609.5450,609.5450,609.2000,609.2200,381
2025-01-08 17:30:00,609.5450,609.5450,609.5450,609.5450,3
2025-01-08 17:31:00,609.2200,609.5450,609.2000,609.2000,112
2025-01-08 17:32:00,609.5450,609.9400,609.3100,609.5300,266
2025-01-08 17:33:00,609.9400,609.9400,609.2300,609.5450,90
2025-01-08 17:34:00,609.5450,609.9400,609.2000,609.2000,46
2025-01-08 17:35:00,609.2000,609.5450,609.2000,609.5450,5
2025-01-08 17:36:00,609.5000,609.5000,609.1697,609.1697,6
2025-01-08 17:37:00,609.5450,609.7000,609.1500,609.1501,839
2025-01-08 17:38:00,609.4700,609.5800,609.4600,609.4700,81
2025-01-08 17:39:00,609.5000,609.5000,609.4700,609.4700,102
2025-01-08 17:40:00,609.7000,609.9400,609.1500,609.5000,125
2025-01-08 17:41:00,609.4750,609.5000,609.0000,609.5000,26
2025-01-08 17:42:00,609.4750,609.6800,609.4750,609.5000,4
2025-01-08 17:43:00,609.9500,609.9500,609.5000,609.5000,25
2025-01-08 17:44:00,609.5000,609.9500,609.5000,609.5000,56
2025-01-08 17:45:00,609.5100,609.9500,609.5000,609.9500,7
2025-01-08 17:46:00,609.9500,609.9500,609.0500,609.5000,5
2025-01-08 17:47:00,609.4750,609.9500,609.4750,609.5000,7
2025-01-08 17:48:00,609.5000,609.6900,609.5000,609.5000,19
2025-01-08 17:49:00,609.5000,609.9500,609.5000,609.9500,32
2025-01-08 17:50:00,609.5400,609.5500,609.5000,609.5400,12
2025-01-08 17:51:00,609.5000,609.6600,609.5000,609.5000,24
2025-01-08 17:52:00,609.5000,609.5000,609.5000,609.5000,5
2025-01-08 17:53:00,609.5000,609.9500,609.5000,609.5500,168
2025-01-08 17:54:00,609.5000,609.9500,609.5000,609.8600,26
2025-01-08 17:55:00,609.5000,609.5000,609.5000,609.5000,1
2025-01-08 17:56:00,609.9500,609.9500,609.0500,609.0500,13
2025-01-08 17:57:00,609.5000,609.7200,609.5000,609.6900,6
2025-01-08 17:58:00,609.0500,609.7200,609.0500,609.7200,3
2025-01-08 17:59:00,609.7200,609.9300,609.7200,609.9300,50
2025-01-08 18:00:00,609.7500,609.7500,609.6000,609.7500,36
2025-01-08 18:01:00,609.4850,609.9200,609.4850,609.4850,19
2025-01-08 18:02:00,609.4850,609.4850,609.4850,609.4850,3
2025-01-08 18:03:00,609.6300,609.9199,609.4850,609.9199,10
2025-01-08 18:04:00,609.4850,609.9200,609.4850,609.9200,6
2025-01-08 18:05:00,609.5650,609.5650,609.5650,609.5650,5
2025-01-08 18:06:00,609.7000,609.7000,609.5650,609.5650,54
2025-01-08 18:07:00,609.5650,609.7100,609.5650,609.6400,32
2025-01-08 18:08:00,609.7100,609.7100,609.7000,609.7000,7
2025-01-08 18:09:00,609.7750,609.9200,609.6301,609.9200,72
2025-01-08 18:10:00,609.7750,609.9200,609.6600,609.7750,7
2025-01-08 18:11:00,609.6600,609.7900,609.6600,609.7900,14
2025-01-08 18:12:00,609.7900,609.9500,609.6500,609.7900,14
2025-01-08 18:13:00,609.7800,609.7900,609.7800,609.7900,4
2025-01-08 18:14:00,609.7800,609.9500,609.7800,609.9500,3
2025-01-08 18:15:00,609.8400,609.9900,609.7800,609.9900,1145
2025-01-08 18:16:00,609.9900,609.9900,609.9000,609.9900,505
2025-01-08 18:17:00,609.9900,609.9900,609.8601,609.9100,37
2025-01-08 18:18:00,609.9100,609.9100,609.6300,609.6300,574
2025-01-08 18:19:00,609.8100,609.8900,609.7000,609.7500,22
2025-01-08 18:20:00,609.8100,609.8100,609.7000,609.7000,6
2025-01-08 18:21:00,609.8100,609.8100,609.6300,609.8100,205
2025-01-08 18:22:00,609.9900,609.9900,609.6300,609.8100,32
2025-01-08 18:23:00,609.8100,609.8100,609.6390,609.6390,2
2025-01-08 18:24:00,610.7200,610.7200,609.6600,609.6600,3457
2025-01-08 18:25:00,609.8100,609.9899,609.8100,609.9600,22
2025-01-08 18:26:00,609.8100,609.8100,609.8100,609.8100,4
2025-01-08 18:27:00,609.9900,609.9900,609.6300,609.9900,35
2025-01-08 18:28:00,609.8100,609.9900,609.8000,609.8100,211
2025-01-08 18:29:00,609.9300,609.9300,609.8100,609.8100,2
2025-01-08 18:30:00,609.8100,609.9000,609.7500,609.8300,15
2025-01-08 18:31:00,609.9900,609.9900,609.6300,609.6300,99
2025-01-08 18:32:00,609.8100,609.9888,609.6300,609.9800,9
2025-01-08 18:33:00,609.9800,609.9800,609.8100,609.8100,18
2025-01-08 18:34:00,609.8100,609.8300,609.8100,609.8300,6
2025-01-08 18:35:00,609.9050,609.9899,609.9050,609.9800,12
2025-01-08 18:36:00,609.9050,609.9900,609.8200,609.8200,303
2025-01-08 18:37:00,609.9400,609.9900,609.9050,609.9862,59
2025-01-08 18:38:00,609.8219,609.9900,609.8219,609.9900,523
2025-01-08 18:39:00,609.9900,609.9900,609.9050,609.9900,76
2025-01-08 18:40:00,609.9900,610.5000,609.9050,610.5000,1068
2025-01-08 18:41:00,610.1600,610.5000,609.8200,609.9700,57
2025-01-08 18:42:00,609.8200,610.1700,609.8200,610.1600,84
2025-01-08 18:43:00,610.1600,610.4888,609.6400,610.0650,634
2025-01-08 18:44:00,610.4900,610.4900,610.0100,610.0100,27
2025-01-08 18:45:00,610.0650,610.4900,610.0650,610.3024,455
2025-01-08 18:46:00,610.0600,610.1900,610.0100,610.0600,296
2025-01-08 18:47:00,610.2900,610.4800,610.0000,610.0000,226
2025-01-08 18:48:00,610.4800,610.4800,609.6300,610.0000,78
2025-01-08 18:49:00,609.9550,610.0000,609.9000,609.9550,26
2025-01-08 18:50:00,609.9550,609.9550,609.9500,609.9500,7
2025-01-08 18:51:00,610.2800,610.2800,609.9550,609.9550,392
2025-01-08 18:52:00,610.0150,610.2500,610.0150,610.0150,4
2025-01-08 18:53:00,609.7500,610.3900,609.7500,610.3900,14
2025-01-08 18:54:00,609.9000,610.3875,609.9000,610.1500,43
2025-01-08 18:55:00,610.0000,610.2500,609.9900,610.2500,58
2025-01-08 18:56:00,609.6500,610.1800,609.6500,610.0000,38
2025-01-08 18:57:00,610.0150,610.4000,610.0150,610.0750,37
2025-01-08 18:58:00,610.2500,610.3000,609.7500,610.0750,8
2025-01-08 18:59:00,610.0700,610.3000,610.0700,610.3000,3
2025-01-08 19:00:00,610.0000,610.3000,610.0000,610.0750,161
2025-01-08 19:01:00,610.0700,610.0900,610.0000,610.0000,220
2025-01-08 19:02:00,610.0000,610.1450,609.9000,610.1450,292
2025-01-08 19:03:00,610.1450,610.2800,610.0200,610.0200,12
2025-01-08 19:04:00,610.0200,610.0200,610.0200,610.0200,6
2025-01-08 19:05:00,610.2900,610.2900,610.2888,610.2888,2
2025-01-08 19:06:00,609.7500,609.7512,609.7500,609.7512,2
2025-01-08 19:07:00,610.2899,610.2899,610.0200,610.0200,361
2025-01-08 19:08:00,610.0100,610.0900,610.0100,610.0200,15
2025-01-08 19:09:00,610.1000,610.1000,610.0000,610.0200,110
2025-01-08 19:10:00,610.0200,610.2900,609.9900,610.2900,139
2025-01-08 19:11:00,610.2900,610.2900,610.0000,610.0200,12
2025-01-08 19:12:00,609.8400,609.8400,609.7000,609.7000,320
2025-01-08 19:13:00,610.2900,610.2900,609.8950,609.8950,4
2025-01-08 19:14:00,610.0000,610.0200,609.9400,609.9500,56
2025-01-08 19:15:00,609.9500,610.0000,609.9500,610.0000,261
2025-01-08 19:16:00,609.8950,610.0000,609.8950,610.0000,9
2025-01-08 19:17:00,609.8950,609.8950,609.8950,609.8950,2
2025-01-08 19:18:00,610.2888,610.2888,609.5001,609.5001,3
2025-01-08 19:19:00,609.9100,609.9100,609.6900,609.8000,38
2025-01-08 19:20:00,609.8000,610.1000,609.8000,610.1000,34
2025-01-08 19:21:00,609.8000,610.1000,609.7000,609.8000,21
2025-01-08 19:22:00,609.8000,610.0000,609.5000,609.8000,69
2025-01-08 19:23:00,610.0999,610.0999,609.8000,609.8000,16
2025-01-08 19:24:00,610.1000,610.1000,609.7300,609.7300,9
2025-01-08 19:25:00,609.5000,609.8000,609.5000,609.6500,45
2025-01-08 19:26:00,609.7950,609.9500,609.7950,609.7950,9
2025-01-08 19:27:00,609.8000,609.8200,609.7000,609.7950,40
2025-01-08 19:28:00,609.8900,609.8900,609.6400,609.6400,133
2025-01-08 19:29:00,609.7000,610.0900,609.5000,609.6400,93
2025-01-08 19:30:00,609.6400,609.7950,609.6300,609.7400,35
2025-01-08 19:31:00,609.9680,609.9700,609.6300,609.7350,8
2025-01-08 19:32:00,609.7350,609.9500,609.5000,609.5300,121
2025-01-08 19:33:00,609.4200,609.9700,609.1100,609.6100,283
2025-01-08 19:34:00,609.8500,609.9800,609.1100,609.1100,37
2025-01-08 19:35:00,609.9800,609.9800,609.3900,609.6050,75
2025-01-08 19:36:00,609.1100,609.6000,609.1100,609.6000,254
2025-01-08 19:37:00,609.3550,609.5999,609.3550,609.3550,13
2025-01-08 19:38:00,609.2200,609.6000,609.1100,609.6000,494
2025-01-08 19:39:00,609.5600,609.6000,609.1100,609.2200,62
2025-01-08 19:40:00,609.5000,609.5000,609.2000,609.5000,10
2025-01-08 19:41:00,609.5000,609.6000,609.1500,609.6000,175
2025-01-08 19:42:00,609.5900,609.5900,609.3750,609.3750,18
2025-01-08 19:43:00,609.6000,609.6000,609.1500,609.5000,102
2025-01-08 19:44:00,609.3750,609.6000,609.3200,609.3200,37
2025-01-08 19:45:00,609.1612,609.6000,608.5050,608.5050,1424
2025-01-08 19:46:00,608.8000,609.0000,608.0100,608.0100,67
2025-01-08 19:47:00,608.5050,608.9950,608.5050,608.8000,47
2025-01-08 19:48:00,608.5000,608.9600,608.5000,608.6600,35
2025-01-08 19:49:00,608.5000,608.5000,608.0000,608.5000,7
2025-01-08 19:50:00,608.7500,608.9950,608.5000,608.5250,128
2025-01-08 19:51:00,608.5050,608.9900,608.0100,608.5050,80
2025-01-08 19:52:00,609.0000,609.0000,608.5500,608.9988,31
2025-01-08 19:53:00,609.0000,609.0000,608.2000,608.6500,79
2025-01-08 19:54:00,608.7200,608.8900,608.5000,608.5000,316
2025-01-08 19:55:00,608.9000,608.9900,608.5001,608.7500,36
2025-01-08 19:56:00,608.7500,609.0000,608.7500,608.9900,46
2025-01-08 19:57:00,608.7500,609.0000,608.6001,608.9900,190
2025-01-08 19:58:00,608.8800,609.0000,608.7000,609.0000,329
2025-01-08 19:59:00,609.0000,609.0000,608.6300,609.0000,36
2025-01-10 04:00:00,608.5800,610.7200,607.8800,608.2700,710
2025-01-10 04:01:00,608.0100,608.2700,607.4300,607.5000,534
2025-01-10 04:02:00,607.9700,607.9700,607.0100,607.5900,189
2025-01-10 04:03:00,607.4700,607.5500,607.0000,607.3400,220
2025-01-10 04:04:00,607.3400,607.3400,606.3500,606.3500,92
2025-01-10 04:05:00,606.3400,606.5500,605.2900,605.2900,627
2025-01-10 04:06:00,605.7700,605.9700,605.2800,605.9000,207
2025-01-10 04:07:00,605.3200,606.5400,605.2500,606.0300,320
2025-01-10 04:08:00,606.1400,606.5000,605.9500,606.5000,25
2025-01-10 04:09:00,606.5000,606.5400,606.0100,606.0100,143
2025-01-10 04:10:00,606.4200,606.4200,606.3000,606.3100,5
2025-01-10 04:11:00,606.2100,606.4100,605.9900,606.1400,303
2025-01-10 04:12:00,606.5000,606.8800,606.0300,606.8500,753
2025-01-10 04:13:00,606.8500,607.4200,606.8500,607.3600,174
2025-01-10 04:14:00,607.3600,607.4200,607.0200,607.4200,27
2025-01-10 04:15:00,607.5800,607.9000,607.5800,607.5800,203
2025-01-10 04:16:00,607.7600,607.7800,607.1400,607.1400,49
2025-01-10 04:17:00,607.7800,607.7800,607.0700,607.0700,13
2025-01-10 04:18:00,607.2900,607.3600,607.2900,607.3100,6
2025-01-10 04:20:00,607.6700,607.6700,607.2100,607.2100,16
2025-01-10 04:22:00,607.2100,607.2100,607.1600,607.1600,170
2025-01-10 04:23:00,607.4500,607.4500,607.3100,607.3100,357
2025-01-10 04:24:00,607.2000,607.2000,607.1800,607.1800,40
2025-01-10 04:25:00,607.1400,607.1700,606.7100,606.7100,605
2025-01-10 04:26:00,606.7200,606.9700,606.7100,606.9700,688
2025-01-10 04:27:00,606.8500,606.9200,606.8500,606.9200,7
2025-01-10 04:28:00,606.9000,606.9000,606.8500,606.8500,200
2025-01-10 04:29:00,606.8000,606.8000,606.7100,606.7100,27
2025-01-10 04:30:00,606.7300,606.8600,606.7100,606.8600,353
2025-01-10 04:31:00,606.9400,606.9400,606.8500,606.8500,61
2025-01-10 04:32:00,606.8700,606.8700,606.8700,606.8700,20
2025-01-10 04:33:00,606.8000,606.8000,606.8000,606.8000,4
2025-01-10 04:34:00,606.8700,606.8700,606.7200,606.7200,40
2025-01-10 04:35:00,606.7800,606.7800,606.7800,606.7800,1
2025-01-10 04:36:00,606.7700,606.7700,606.7100,606.7500,351
2025-01-10 04:37:00,606.7100,606.8800,606.7100,606.8800,711
2025-01-10 04:39:00,606.7900,606.9400,606.7900,606.8300,16
2025-01-10 04:40:00,606.8300,607.0000,606.7500,606.9900,396
2025-01-10 04:41:00,607.0000,607.0000,606.9800,606.9800,342
2025-01-10 04:42:00,606.9800,606.9800,606.7700,606.7700,126
2025-01-10 04:43:00,606.7900,607.1900,606.7700,607.1900,514
2025-01-10 04:44:00,606.7700,606.8900,606.7100,606.8900,172
2025-01-10 04:45:00,606.7100,606.7100,606.5900,606.6500,263
2025-01-10 04:49:00,606.8000,606.8000,606.8000,606.8000,3
2025-01-10 04:52:00,606.6900,606.8000,606.6900,606.8000,46
2025-01-10 04:53:00,606.8000,606.8000,606.8000,606.8000,5
2025-01-10 04:54:00,606.6600,606.6600,606.6600,606.6600,1
2025-01-10 04:55:00,606.6700,606.7600,606.6700,606.7600,13
2025-01-10 04:56:00,606.6500,606.6800,606.5600,606.5600,43
2025-01-10 04:57:00,606.7800,606.7800,606.6600,606.6600,6
2025-01-10 04:58:00,606.7600,606.7600,606.6900,606.6900,9
2025-01-10 04:59:00,606.7000,606.7000,606.6000,606.6800,68
2025-01-10 05:00:00,606.6900,606.8100,606.6800,606.8100,540
2025-01-10 05:01:00,606.8100,606.9500,606.7700,606.8100,165
2025-01-10 05:02:00,606.9000,606.9000,606.6800,606.6800,125
2025-01-10 05:03:00,606.9000,606.9000,606.6800,606.6800,51
2025-01-10 05:04:00,606.7000,606.8800,606.6900,606.6900,39
2025-01-10 05:05:00,606.9200,606.9900,606.9200,606.9900,66
2025-01-10 05:06:00,606.9100,607.0000,606.9100,607.0000,148
2025-01-10 05:08:00,606.9500,606.9500,606.9500,606.9500,50
2025-01-10 05:09:00,606.9500,606.9500,606.9500,606.9500,10
2025-01-10 05:10:00,606.9300,606.9900,606.9300,606.9900,84
2025-01-10 05:14:00,606.6600,606.6600,606.6600,606.6600,1
2025-01-10 05:16:00,606.7200,606.9900,606.7200,606.9900,3
2025-01-10 05:19:00,606.9900,607.0000,606.8400,606.8400,75
2025-01-10 05:20:00,607.0000,607.0000,606.9100,606.9100,33
2025-01-10 05:21:00,606.7300,607.0000,606.7300,607.0000,6
2025-01-10 05:22:00,606.8000,606.8000,606.7800,606.7800,77
2025-01-10 05:23:00,606.7100,607.0000,606.7100,606.9900,92
2025-01-10 05:24:00,606.9900,606.9900,606.9900,606.9900,9
2025-01-10 05:25:00,606.9900,607.0000,606.9900,607.0000,264
2025-01-10 05:26:00,607.0000,607.0000,607.0000,607.0000,2
2025-01-10 05:27:00,606.9100,607.0000,606.8700,607.0000,26
2025-01-10 05:28:00,607.0000,607.0000,607.0000,607.0000,40
2025-01-10 05:30:00,607.1700,607.2000,607.1700,607.2000,192
2025-01-10 05:31:00,607.2000,607.2000,607.2000,607.2000,1
2025-01-10 05:32:00,607.2000,607.2100,607.2000,607.2100,5
2025-01-10 05:33:00,607.0400,607.2000,607.0400,607.2000,108
2025-01-10 05:34:00,607.3700,607.4400,607.2700,607.2700,69
2025-01-10 05:35:00,607.2800,607.3200,607.2400,607.3200,46
2025-01-10 05:36:00,607.3300,607.3300,607.0800,607.0800,350
2025-01-10 05:37:00,607.2200,607.5600,607.2200,607.5600,417
2025-01-10 05:38:00,607.5100,607.7800,607.5100,607.5200,472
2025-01-10 05:39:00,607.9000,608.5100,607.9000,608.5100,377
2025-01-10 05:40:00,608.4900,608.6300,608.4900,608.6300,150
2025-01-10 05:41:00,608.6300,608.6300,608.6300,608.6300,1
2025-01-10 05:42:00,608.6300,608.6300,608.5100,608.5100,128
2025-01-10 05:43:00,608.3900,608.4000,608.3400,608.4000,27
2025-01-10 05:44:00,608.3900,608.4000,608.3900,608.4000,22
2025-01-10 05:45:00,608.3700,608.4000,608.3600,608.3600,24
2025-01-10 05:46:00,608.3600,608.4400,608.3600,608.4400,7
2025-01-10 05:47:00,608.1400,608.1700,608.1400,608.1700,10
2025-01-10 05:48:00,608.3600,608.3600,608.3600,608.3600,1
2025-01-10 05:49:00,608.2600,608.2600,608.0200,608.0600,89
2025-01-10 05:50:00,608.0700,608.0700,608.0700,608.0700,10
2025-01-10 05:51:00,608.0700,608.0700,608.0700,608.0700,10
2025-01-10 05:52:00,608.3600,608.3600,608.3600,608.3600,1
2025-01-10 05:53:00,608.3600,608.3600,608.3600,608.3600,1
2025-01-10 05:54:00,608.3600,608.3600,608.0300,608.0300,28
2025-01-10 05:55:00,608.3900,608.3900,608.2600,608.3500,153
2025-01-10 05:57:00,608.2000,608.3500,608.0500,608.2000,31
2025-01-10 05:58:00,608.3300,608.3300,608.3300,608.3300,9
2025-01-10 05:59:00,608.2800,608.3100,608.2800,608.3100,4
2025-01-10 06:00:00,608.2800,608.2800,608.2800,608.2800,1
2025-01-10 06:01:00,608.3400,608.3400,608.3400,608.3400,40
2025-01-10 06:02:00,608.2800,608.3100,608.2800,608.3100,2
2025-01-10 06:04:00,608.3300,608.3400,608.3300,608.3400,70
2025-01-10 06:05:00,608.3900,608.3900,608.2100,608.2100,4
2025-01-10 06:06:00,608.3600,608.4900,608.3300,608.4800,277
2025-01-10 06:07:00,608.4900,608.6100,608.4900,608.6100,220
2025-01-10 06:08:00,608.5200,608.6300,608.4700,608.4700,65
2025-01-10 06:09:00,608.5100,608.5100,608.5100,608.5100,8
2025-01-10 06:10:00,608.6300,609.0100,608.6300,609.0100,388
2025-01-10 06:11:00,608.8400,608.8400,608.8400,608.8400,1
2025-01-10 06:13:00,609.2300,609.5500,609.2200,609.4300,145
2025-01-10 06:14:00,609.3200,609.5400,609.3200,609.4300,101
2025-01-10 06:15:00,609.4700,609.4700,608.8400,608.8400,10
2025-01-10 06:16:00,609.3800,609.3800,608.8800,608.8800,2
2025-01-10 06:17:00,608.9100,608.9100,608.9100,608.9100,7
2025-01-10 06:19:00,609.3800,609.3800,608.8500,608.8500,23
2025-01-10 06:20:00,608.9400,609.3000,608.9400,609.2800,23
2025-01-10 06:21:00,608.8500,608.8500,608.8500,608.8500,2
2025-01-10 06:22:00,608.8600,608.9900,608.8200,608.9900,16
2025-01-10 06:23:00,608.8400,608.8400,608.7800,608.7800,219
2025-01-10 06:24:00,608.9200,608.9800,608.7900,608.7900,29
2025-01-10 06:26:00,608.7700,608.7700,608.4200,608.4200,64
2025-01-10 06:27:00,608.5500,608.5500,608.5500,608.5500,1
2025-01-10 06:28:00,608.4900,608.4900,608.4900,608.4900,12
2025-01-10 06:29:00,608.8000,608.8000,608.8000,608.8000,1
2025-01-10 06:30:00,608.8700,608.8700,608.8700,608.8700,5
2025-01-10 06:31:00,608.9800,609.2200,608.8400,608.8500,412
2025-01-10 06:33:00,608.5600,608.6100,608.4900,608.5000,249
2025-01-10 06:34:00,608.4200,608.4200,608.3600,608.3600,139
2025-01-10 06:35:00,608.4100,608.5600,608.4100,608.5600,142
2025-01-10 06:39:00,608.5300,608.5300,608.5300,608.5300,80
2025-01-10 06:40:00,608.5400,608.7400,608.5400,608.7400,48
2025-01-10 06:42:00,608.6000,608.6500,608.6000,608.6500,26
2025-01-10 06:43:00,608.3500,608.3500,608.3500,608.3500,4
2025-01-10 06:44:00,608.3600,608.3600,608.3500,608.3500,37
2025-01-10 06:45:00,608.7100,608.7700,608.7100,608.7600,5
2025-01-10 06:47:00,608.6300,608.6400,608.5100,608.6400,35
2025-01-10 06:48:00,608.6100,608.6100,608.4900,608.4900,138
2025-01-10 06:50:00,608.5100,608.5600,608.5100,608.5600,28
2025-01-10 06:51:00,608.6000,608.6000,608.3100,608.3400,69
2025-01-10 06:52:00,608.2800,608.2800,608.1000,608.1800,31
2025-01-10 06:53:00,608.4400,608.4400,608.4400,608.4400,10
2025-01-10 06:54:00,608.3900,608.5500,608.3900,608.5300,66
2025-01-10 06:56:00,608.6500,608.6500,608.6500,608.6500,1
2025-01-10 06:57:00,608.6600,608.6600,608.6400,608.6400,2
2025-01-10 06:58:00,608.2400,608.5900,608.2400,608.5500,13
2025-01-10 06:59:00,608.7900,608.8000,608.4000,608.5300,241
2025-01-10 07:00:00,608.5300,608.8000,608.5000,608.8000,483
2025-01-10 07:01:00,608.5400,608.5400,608.5300,608.5300,132
2025-01-10 07:02:00,608.5300,608.5300,608.1200,608.1500,403
2025-01-10 07:03:00,608.1100,608.1100,608.1100,608.1100,1
2025-01-10 07:04:00,608.3000,608.3000,608.1500,608.1500,76
2025-01-10 07:05:00,608.0700,608.0700,607.1200,607.1200,1491
2025-01-10 07:06:00,607.4900,607.4900,607.2900,607.3200,266
2025-01-10 07:07:00,607.3000,607.3000,607.2000,607.2000,13
2025-01-10 07:08:00,607.4500,607.4500,607.4500,607.4500,16
2025-01-10 07:09:00,607.2100,607.2100,607.1700,607.1700,27
2025-01-10 07:10:00,607.4900,607.5700,607.4400,607.4500,30
2025-01-10 07:11:00,607.6300,607.6300,607.2300,607.2300,130
2025-01-10 07:12:00,607.2300,607.7300,607.0000,607.0200,1651
2025-01-10 07:13:00,607.3700,607.4800,607.0100,607.4800,206
2025-01-10 07:15:00,607.5700,607.7800,607.5100,607.7800,111
2025-01-10 07:16:00,607.6200,607.6500,607.6200,607.6500,4
2025-01-10 07:17:00,607.6900,607.7000,607.6900,607.7000,54
2025-01-10 07:19:00,607.8600,607.9800,607.8600,607.9800,231
2025-01-10 07:20:00,607.8900,607.9800,607.7300,607.9800,26
2025-01-10 07:22:00,608.0000,608.0000,608.0000,608.0000,5
2025-01-10 07:23:00,608.1000,608.2100,607.9200,608.0600,146
2025-01-10 07:24:00,608.0000,608.1500,608.0000,608.1400,43
2025-01-10 07:25:00,608.2500,608.3300,608.2500,608.2800,13
2025-01-10 07:26:00,608.2400,608.3800,608.2400,608.3800,21
2025-01-10 07:27:00,608.4000,608.4000,608.3000,608.3000,7
2025-01-10 07:28:00,608.2200,608.2200,608.0000,608.0000,129
2025-01-10 07:29:00,608.1100,608.1400,607.6500,607.6700,164
2025-01-10 07:30:00,607.8000,607.9300,607.7300,607.9300,37
2025-01-10 07:31:00,607.7400,607.7400,607.7300,607.7300,40
2025-01-10 07:32:00,607.7300,607.7300,607.5100,607.5100,270
2025-01-10 07:33:00,607.7500,607.9000,607.7500,607.9000,214
2025-01-10 07:34:00,607.9000,608.2500,607.9000,607.9200,433
2025-01-10 07:35:00,607.9400,607.9400,607.9400,607.9400,1
2025-01-10 07:36:00,608.3700,608.4200,608.2100,608.4200,124
2025-01-10 07:37:00,608.4300,608.5500,608.2800,608.2800,106
2025-01-10 07:38:00,608.3500,608.4000,608.3400,608.4000,25
2025-01-10 07:39:00,608.4700,608.9500,608.4700,608.9500,419
2025-01-10 07:40:00,608.6500,608.7200,608.6500,608.7200,26
2025-01-10 07:41:00,608.6500,608.7000,608.4700,608.4700,110
2025-01-10 07:42:00,608.8900,608.8900,608.8900,608.8900,1
2025-01-10 07:44:00,608.8700,608.8900,608.6500,608.7800,431
2025-01-10 07:45:00,608.4700,608.4700,608.3900,608.3900,33
2025-01-10 07:46:00,608.4900,608.4900,608.2800,608.4900,17
2025-01-10 07:47:00,608.2800,608.3500,608.1200,608.1200,52
2025-01-10 07:48:00,608.2800,608.4900,608.2800,608.4900,51
2025-01-10 07:49:00,608.4900,608.7600,608.4000,608.7600,61
2025-01-10 07:50:00,608.4000,608.4000,608.4000,608.4000,2
2025-01-10 07:53:00,608.6700,608.7500,608.3100,608.3300,225
2025-01-10 07:54:00,608.7000,608.7400,608.4000,608.7400,28
2025-01-10 07:55:00,608.4000,608.7100,608.4000,608.7100,2
2025-01-10 07:56:00,608.7000,608.7000,608.7000,608.7000,25
2025-01-10 07:57:00,608.7000,608.7100,608.7000,608.7100,12
2025-01-10 07:58:00,608.5300,608.7400,608.5300,608.7400,3
2025-01-10 07:59:00,608.7100,608.7100,608.3300,608.5100,202
2025-01-10 08:00:00,608.7900,610.7200,605.8775,608.8000,6937
2025-01-10 08:01:00,608.9988,610.7200,607.1750,608.5000,447
2025-01-10 08:02:00,608.6800,610.7200,608.5000,608.5000,408
2025-01-10 08:03:00,608.7000,610.7200,608.5500,610.7200,50
2025-01-10 08:04:00,608.7000,610.7200,608.3100,608.5500,10
2025-01-10 08:05:00,608.8000,608.8000,608.3250,608.3250,380
2025-01-10 08:06:00,608.8000,608.8000,608.3000,608.7700,66
2025-01-10 08:07:00,608.5400,608.7900,608.3805,608.5900,221
2025-01-10 08:08:00,608.5500,608.5828,608.3000,608.3500,160
2025-01-10 08:09:00,608.4600,608.5900,608.3820,608.4600,45
2025-01-10 08:10:00,608.4450,608.5900,608.3097,608.5900,121
2025-01-10 08:11:00,608.3100,608.5800,608.3000,608.5000,359
2025-01-10 08:12:00,608.4650,608.5700,608.0800,608.3500,1476
2025-01-10 08:13:00,608.3800,608.5900,608.1560,608.5750,842
2025-01-10 08:14:00,608.5750,608.5750,608.3500,608.5750,6
2025-01-10 08:15:00,608.5750,608.8000,608.3575,608.5750,62
2025-01-10 08:16:00,608.5750,608.5750,607.7700,607.7700,1264
2025-01-10 08:17:00,607.8000,608.5700,607.7900,608.1700,15
2025-01-10 08:18:00,608.0100,608.3900,607.7700,608.1850,167
2025-01-10 08:19:00,608.1900,608.3600,607.7700,608.1850,135
2025-01-10 08:20:00,608.2200,608.3600,608.1800,608.1800,115
2025-01-10 08:21:00,608.5000,608.5000,608.0000,608.4525,35
2025-01-10 08:22:00,608.1350,608.5000,607.7700,607.9950,20
2025-01-10 08:23:00,607.7701,607.8800,607.7700,607.7703,1204
2025-01-10 08:24:00,607.9000,607.9943,607.7700,607.9900,640
2025-01-10 08:25:00,607.9000,608.2100,607.7700,607.9950,440
2025-01-10 08:26:00,608.0000,608.6600,607.8300,608.6500,143
2025-01-10 08:27:00,607.8300,608.5200,607.8300,608.4900,150
2025-01-10 08:28:00,608.3500,608.4900,607.8000,608.0100,243
2025-01-10 08:29:00,608.1500,608.4900,607.8000,608.1350,30
2025-01-10 08:30:00,608.0500,608.5000,602.0000,605.7700,11722
2025-01-10 08:31:00,603.7000,605.7700,603.2000,604.7200,1219
2025-01-10 08:32:00,604.7000,605.0000,603.5000,604.0077,1441
2025-01-10 08:33:00,604.0000,604.5100,602.5000,603.2900,3716
2025-01-10 08:34:00,603.0000,603.6600,601.5000,601.5000,4568
2025-01-10 08:35:00,602.2900,604.0000,601.5000,602.7800,3388
2025-01-10 08:36:00,603.7000,604.9653,603.2000,603.8400,4700
2025-01-10 08:37:00,604.3900,604.9800,603.5200,603.7800,3745
2025-01-10 08:38:00,603.7150,604.9800,603.2100,604.6100,1107
2025-01-10 08:39:00,604.5000,605.9500,604.0950,605.4000,1973
2025-01-10 08:40:00,605.0000,605.7400,604.7300,605.1000,2077
2025-01-10 08:41:00,604.7000,605.4703,604.0400,604.2450,1826
2025-01-10 08:42:00,604.5850,604.8000,604.0000,604.0200,2490
