Datetime,Open,High,Low,Close,Volume
2025-01-02 04:00:00,256.5800,256.9900,255.1700,256.5700,1133
2025-01-02 04:01:00,256.6300,256.7300,256.3100,256.6500,227
2025-01-02 04:02:00,256.4100,256.4500,256.0000,256.0700,1269
2025-01-02 04:03:00,256.0100,256.3900,255.6000,256.2000,9567
2025-01-02 04:04:00,256.2000,256.6800,256.2000,256.5800,612
2025-01-02 04:05:00,256.5800,256.9300,256.5800,256.9300,1278
2025-01-02 04:06:00,256.7600,257.2900,256.7600,256.9800,1325
2025-01-02 04:07:00,256.9700,257.2600,256.8300,256.8300,2331
2025-01-02 04:08:00,256.9700,257.1900,256.9000,256.9000,370
2025-01-02 04:09:00,256.9200,256.9200,256.7700,256.8600,286
2025-01-02 04:10:00,256.8600,257.0600,256.8300,256.8300,712
2025-01-02 04:11:00,256.8300,257.2300,256.8300,257.2300,624
2025-01-02 04:12:00,257.3000,257.4800,257.2100,257.4700,114
2025-01-02 04:13:00,257.3200,257.4400,257.3200,257.4400,28
2025-01-02 04:14:00,257.4000,258.0000,257.1700,257.5800,2271
2025-01-02 04:15:00,257.6900,257.8000,257.4900,257.8000,417
2025-01-02 04:16:00,257.5800,258.0900,257.5800,257.9800,939
2025-01-02 04:17:00,258.1400,258.3000,258.0000,258.0000,346
2025-01-02 04:18:00,258.0000,258.6100,257.8800,258.4700,1367
2025-01-02 04:19:00,258.6100,258.7400,258.3100,258.3100,1688
2025-01-02 04:20:00,258.4300,258.5200,258.3000,258.3000,2188
2025-01-02 04:21:00,258.5400,258.5500,258.1200,258.2900,513
2025-01-02 04:22:00,258.3300,258.4500,257.9000,258.1000,2440
2025-01-02 04:23:00,258.1000,258.4800,258.0000,258.4800,406
2025-01-02 04:24:00,258.4900,258.5000,258.3600,258.3600,41
2025-01-02 04:25:00,258.3400,258.3600,258.2800,258.3600,3
2025-01-02 04:26:00,258.2100,258.3600,258.2100,258.3000,252
2025-01-02 04:27:00,258.2400,258.3100,258.0100,258.0100,1099
2025-01-02 04:28:00,258.1000,258.2000,258.0800,258.0900,544
2025-01-02 04:29:00,258.0900,258.3000,258.0900,258.3000,842
2025-01-02 04:30:00,258.2000,258.4300,258.2000,258.4000,96
2025-01-02 04:31:00,258.3500,258.3500,258.3500,258.3500,217
2025-01-02 04:32:00,258.4800,258.4900,258.3800,258.4200,13
2025-01-02 04:33:00,258.4900,258.6200,258.4900,258.6000,45
2025-01-02 04:34:00,258.6600,259.0800,258.5700,259.0800,2479
2025-01-02 04:35:00,259.1100,259.1400,258.9700,259.1100,631
2025-01-02 04:36:00,259.2200,259.4300,258.5100,259.2900,4436
2025-01-02 04:37:00,259.3800,259.4300,259.2300,259.2300,736
2025-01-02 04:38:00,259.2400,259.3000,259.1500,259.1500,752
2025-01-02 04:39:00,259.1100,259.1100,258.6700,258.9600,228
2025-01-02 04:40:00,258.7800,259.0000,258.7800,258.7900,183
2025-01-02 04:41:00,258.9000,258.9000,258.8000,258.8800,255
2025-01-02 04:42:00,258.9000,259.2700,258.9000,259.2700,383
2025-01-02 04:43:00,259.2700,259.3600,259.1800,259.3600,311
2025-01-02 04:44:00,259.1100,259.2700,258.8400,258.9000,597
2025-01-02 04:45:00,258.9800,259.0800,258.9000,258.9000,33
2025-01-02 04:46:00,259.0700,259.0800,258.8300,258.9200,489
2025-01-02 04:47:00,258.9000,258.9000,258.5600,258.5600,509
2025-01-02 04:48:00,258.5700,258.8400,258.5700,258.8200,237
2025-01-02 04:49:00,258.8000,259.0000,258.8000,259.0000,1161
2025-01-02 04:50:00,259.0300,259.4800,258.7100,259.1700,3668
2025-01-02 04:51:00,259.1700,259.2100,259.1700,259.2000,154
2025-01-02 04:52:00,259.2100,259.2400,258.9000,258.9000,507
2025-01-02 04:53:00,259.0900,259.2900,258.9800,259.1100,449
2025-01-02 04:54:00,259.1300,259.1300,259.0900,259.0900,53
2025-01-02 04:55:00,259.1300,259.3400,259.0900,259.3400,95
2025-01-02 04:56:00,259.2700,259.9300,259.1700,259.7900,1171
2025-01-02 04:57:00,259.9000,259.9700,259.8100,259.8100,708
2025-01-02 04:58:00,259.8500,259.8500,259.6000,259.8200,946
2025-01-02 04:59:00,259.8000,260.0000,259.7800,260.0000,2884
2025-01-02 05:00:00,259.9800,260.0000,259.9800,260.0000,14
2025-01-02 05:01:00,259.9700,260.0000,259.7500,259.9100,427
2025-01-02 05:02:00,259.8500,259.9100,259.6000,259.7000,1622
2025-01-02 05:03:00,259.6500,259.8100,259.5400,259.7000,1198
2025-01-02 05:04:00,259.7000,259.7000,259.5200,259.5800,1002
2025-01-02 05:05:00,259.6200,259.8500,259.3000,259.6800,660
2025-01-02 05:06:00,259.5000,259.5000,259.1400,259.4000,887
2025-01-02 05:07:00,259.3500,259.3500,259.0200,259.0200,239
2025-01-02 05:08:00,259.2400,259.2800,259.0600,259.2100,193
2025-01-02 05:09:00,259.2100,259.7200,259.2100,259.7200,463
2025-01-02 05:10:00,259.7200,259.8800,259.7200,259.8400,122
2025-01-02 05:11:00,259.7700,259.7700,259.7700,259.7700,63
2025-01-02 05:12:00,259.6300,259.8100,259.5700,259.7800,1357
2025-01-02 05:13:00,259.6800,259.6800,259.3000,259.3000,780
2025-01-02 05:14:00,259.2200,259.3600,259.1400,259.3600,420
2025-01-02 05:15:00,259.3200,259.6100,259.3200,259.6100,74
2025-01-02 05:16:00,259.3200,259.3200,259.2000,259.2200,334
2025-01-02 05:17:00,259.2200,259.3800,259.2000,259.3300,608
2025-01-02 05:18:00,259.4000,259.4000,259.3500,259.3500,25
2025-01-02 05:19:00,259.6500,259.7000,259.6500,259.7000,43
2025-01-02 05:20:00,259.5500,259.7000,259.4100,259.6200,635
2025-01-02 05:21:00,259.4900,259.6700,259.4900,259.6400,91
2025-01-02 05:22:00,259.6500,259.8000,259.5900,259.6900,153
2025-01-02 05:23:00,259.6900,259.6900,259.5500,259.5500,760
2025-01-02 05:24:00,259.5500,259.5900,259.3400,259.4700,1239
2025-01-02 05:25:00,259.5000,259.6300,259.4000,259.6200,186
2025-01-02 05:26:00,259.6300,259.8100,259.5600,259.5700,723
2025-01-02 05:27:00,259.5800,259.6800,259.5000,259.6800,219
2025-01-02 05:28:00,259.6200,259.8000,259.5000,259.6200,567
2025-01-02 05:29:00,259.5800,259.6300,259.3900,259.6300,600
2025-01-02 05:30:00,259.7500,259.7500,259.4400,259.5500,58
2025-01-02 05:31:00,259.5300,259.7100,259.4100,259.4200,1952
2025-01-02 05:32:00,259.6100,259.6100,259.3300,259.3300,65
2025-01-02 05:33:00,259.4800,259.6500,259.3900,259.6500,140
2025-01-02 05:34:00,259.6300,259.7900,259.6300,259.7900,335
2025-01-02 05:35:00,259.7000,259.7900,259.6300,259.7900,73
2025-01-02 05:36:00,259.7300,259.8000,259.6100,259.6100,405
2025-01-02 05:37:00,259.5000,259.9300,259.4100,259.8700,1316
2025-01-02 05:38:00,259.6900,259.8500,259.5900,259.8500,306
2025-01-02 05:39:00,259.7800,259.8500,259.6700,259.6700,98
2025-01-02 05:40:00,259.8300,259.8300,258.8800,259.0000,5656
2025-01-02 05:41:00,258.8800,259.2600,258.8400,259.2600,898
2025-01-02 05:42:00,259.1600,259.1600,259.1600,259.1600,1
2025-01-02 05:43:00,258.9900,258.9900,258.6800,258.7700,344
2025-01-02 05:44:00,258.8000,259.0600,258.7900,259.0600,123
2025-01-02 05:45:00,259.0400,259.0400,259.0400,259.0400,2
2025-01-02 05:46:00,259.3900,259.3900,259.3000,259.3000,37
2025-01-02 05:47:00,259.2900,259.2900,259.2900,259.2900,3
2025-01-02 05:48:00,259.2900,259.3000,259.1600,259.2200,1147
2025-01-02 05:49:00,259.2800,259.2800,259.0600,259.1000,499
2025-01-02 05:50:00,259.2000,259.2000,259.0600,259.0600,34
2025-01-02 05:51:00,259.2600,259.2600,259.0000,259.0000,1087
2025-01-02 05:52:00,259.1000,259.2300,258.8300,259.2300,710
2025-01-02 05:53:00,258.9500,258.9900,258.7000,258.7000,294
2025-01-02 05:54:00,258.9300,259.3000,258.9300,259.0200,980
2025-01-02 05:55:00,259.3700,259.3700,259.3700,259.3700,4
2025-01-02 05:56:00,259.3300,259.3700,259.0000,259.3000,688
2025-01-02 05:57:00,259.3000,259.4000,259.2600,259.4000,73
2025-01-02 05:58:00,259.3000,259.3700,259.3000,259.3000,55
2025-01-02 05:59:00,259.4900,259.4900,259.3000,259.3200,377
2025-01-02 06:00:00,259.4000,259.5400,259.4000,259.5000,341
2025-01-02 06:01:00,259.2000,259.2000,258.9300,259.0000,440
2025-01-02 06:02:00,258.8200,259.0300,258.8200,259.0300,119
2025-01-02 06:03:00,259.0000,259.0000,259.0000,259.0000,2
2025-01-02 06:04:00,259.0500,259.0500,258.9500,258.9500,11
2025-01-02 06:05:00,259.0100,259.1700,259.0100,259.1700,13
2025-01-02 06:06:00,259.1700,259.1700,259.0600,259.1000,6
2025-01-02 06:07:00,259.2500,259.6000,259.2500,259.4700,1144
2025-01-02 06:08:00,259.5000,259.8500,259.5000,259.8200,1110
2025-01-02 06:09:00,259.8200,259.8500,259.8200,259.8300,136
2025-01-02 06:10:00,259.8000,259.8500,259.7300,259.7300,145
2025-01-02 06:11:00,259.7300,259.8500,259.7200,259.8500,279
2025-01-02 06:12:00,259.8300,259.8300,259.8300,259.8300,71
2025-01-02 06:13:00,259.8000,259.8000,259.4000,259.4900,496
2025-01-02 06:14:00,259.4000,259.5000,259.3900,259.4700,933
2025-01-02 06:15:00,259.4700,259.6600,259.3900,259.5000,580
2025-01-02 06:16:00,259.5000,259.5000,259.5000,259.5000,5
2025-01-02 06:17:00,259.5000,259.5000,259.5000,259.5000,15
2025-01-02 06:18:00,259.3800,259.3800,259.3700,259.3800,36
2025-01-02 06:19:00,259.3800,259.3800,259.1700,259.1700,62
2025-01-02 06:20:00,259.3500,259.3500,259.3500,259.3500,30
2025-01-02 06:21:00,259.2400,259.2900,258.9900,259.1500,1108
2025-01-02 06:22:00,259.1500,259.2200,258.6500,259.2200,3520
2025-01-02 06:23:00,259.2100,259.2100,258.9100,259.0000,205
2025-01-02 06:24:00,258.9400,258.9400,258.9400,258.9400,11
2025-01-02 06:25:00,258.7700,258.7900,258.4600,258.4600,232
2025-01-02 06:26:00,258.5000,258.7100,258.1600,258.1900,4189
2025-01-02 06:27:00,258.1800,258.1900,258.0700,258.1900,291
2025-01-02 06:28:00,258.0600,258.7400,258.0600,258.6200,3481
2025-01-02 06:29:00,258.6500,258.6500,258.2000,258.6000,123
2025-01-02 06:30:00,258.5000,258.7200,258.3000,258.3000,368
2025-01-02 06:31:00,258.4500,258.6000,258.4500,258.4800,537
2025-01-02 06:32:00,258.4900,258.6900,258.0900,258.6600,216
2025-01-02 06:33:00,258.3500,258.5200,258.1500,258.3000,84
2025-01-02 06:34:00,258.3100,258.3100,258.0400,258.1900,552
2025-01-02 06:35:00,258.0500,258.4400,258.0000,258.4400,303
2025-01-02 06:36:00,258.4000,258.4000,258.4000,258.4000,2
2025-01-02 06:37:00,258.0400,258.4700,258.0400,258.3000,286
2025-01-02 06:38:00,258.4700,258.6200,258.4700,258.6200,504
2025-01-02 06:39:00,258.7900,258.9500,258.6700,258.7900,896
2025-01-02 06:40:00,258.8000,259.3800,258.8000,259.1100,1749
2025-01-02 06:41:00,259.1000,259.1100,259.0000,259.0000,56
2025-01-02 06:42:00,259.0900,259.1300,258.5600,258.9700,5788
2025-01-02 06:43:00,259.1100,259.2000,259.0000,259.0100,141
2025-01-02 06:44:00,258.9900,259.2200,258.9900,259.2200,176
2025-01-02 06:45:00,259.2100,259.2300,259.0700,259.2200,126
2025-01-02 06:46:00,259.1500,259.4000,259.1400,259.4000,548
2025-01-02 06:47:00,259.4900,259.4900,259.4900,259.4900,3
2025-01-02 06:48:00,259.4500,259.5000,259.3800,259.4900,445
2025-01-02 06:49:00,259.4900,259.5000,259.2500,259.4900,1265
2025-01-02 06:50:00,259.3000,259.4600,259.3000,259.4100,674
2025-01-02 06:51:00,259.4100,259.4800,259.3500,259.4000,4067
2025-01-02 06:52:00,259.4000,259.4100,259.0000,259.3100,3786
2025-01-02 06:53:00,258.9900,259.0600,258.8600,258.8600,610
2025-01-02 06:54:00,258.9100,259.2900,258.9100,259.2700,11
2025-01-02 06:55:00,259.3000,259.3000,259.3000,259.3000,500
2025-01-02 06:56:00,259.4000,259.4900,259.1000,259.4900,151
2025-01-02 06:57:00,259.5000,259.5100,259.3900,259.3900,630
2025-01-02 06:58:00,259.4700,259.4700,259.1300,259.1300,2
2025-01-02 06:59:00,259.2500,259.5000,259.2500,259.4600,1232
2025-01-02 07:00:00,259.3300,259.4800,258.5000,258.6100,12199
2025-01-02 07:01:00,258.6100,259.0000,258.5700,258.7900,3985
2025-01-02 07:02:00,258.5200,258.6100,257.9500,258.1800,2968
2025-01-02 07:03:00,258.1400,258.1800,257.9000,258.0500,2793
2025-01-02 07:04:00,258.0100,258.1900,258.0000,258.0200,1108
2025-01-02 07:05:00,258.0200,258.3000,258.0000,258.3000,1688
2025-01-02 07:06:00,258.2200,258.2600,258.1000,258.1900,696
2025-01-02 07:07:00,258.2400,258.3000,258.1000,258.1500,1070
2025-01-02 07:08:00,258.1000,258.1000,257.9100,257.9900,453
2025-01-02 07:09:00,257.9300,258.3400,257.9300,258.3100,1797
2025-01-02 07:10:00,258.3100,258.3100,257.9150,257.9150,1389
2025-01-02 07:11:00,258.0000,258.1900,257.8400,257.8800,415
2025-01-02 07:12:00,257.7900,258.8500,257.7700,258.8500,1528
2025-01-02 07:13:00,258.6000,258.6300,258.4600,258.6200,800
2025-01-02 07:14:00,258.3200,258.6000,258.2600,258.4600,1336
2025-01-02 07:15:00,258.5000,258.5000,258.5000,258.5000,13
2025-01-02 07:16:00,258.5000,258.9200,258.0500,258.2900,1678
2025-01-02 07:17:00,258.3100,258.3400,258.2900,258.2900,81
2025-01-02 07:18:00,258.3100,258.5100,258.1900,258.4600,1268
2025-01-02 07:19:00,258.4600,258.8900,258.4600,258.8900,227
2025-01-02 07:20:00,258.7500,258.8100,258.3000,258.4000,1043
2025-01-02 07:21:00,258.5000,258.6700,258.0000,258.1800,2136
2025-01-02 07:22:00,258.0000,258.2600,258.0000,258.2600,3243
2025-01-02 07:23:00,258.0200,258.0900,257.6100,257.7800,2503
2025-01-02 07:24:00,257.8300,257.9600,257.5800,257.9600,233
2025-01-02 07:25:00,257.8800,257.9800,257.8700,257.8900,76
2025-01-02 07:26:00,257.8900,257.9900,257.8900,257.9900,52
2025-01-02 07:27:00,257.9000,258.0500,257.9000,258.0000,847
2025-01-02 07:28:00,258.0000,258.4900,257.9700,258.4900,295
2025-01-02 07:29:00,258.3500,258.3500,258.2700,258.2900,738
2025-01-02 07:30:00,258.3700,258.4200,258.0000,258.0000,823
2025-01-02 07:31:00,258.0500,258.1400,257.7500,257.9290,1297
2025-01-02 07:32:00,257.9400,257.9400,257.5500,257.8700,144
2025-01-02 07:33:00,257.7100,257.8700,257.6900,257.6900,481
2025-01-02 07:34:00,257.7110,257.9800,257.7110,257.9800,312
2025-01-02 07:35:00,257.9800,258.1000,257.9200,258.0000,1054
2025-01-02 07:36:00,258.0300,258.0400,258.0000,258.0300,211
2025-01-02 07:37:00,258.1100,258.1100,257.8400,257.9300,249
2025-01-02 07:38:00,258.0000,258.0100,257.8300,257.9600,655
2025-01-02 07:39:00,257.9800,258.0600,257.9300,257.9700,279
2025-01-02 07:40:00,257.9900,258.2400,257.9900,258.2300,613
2025-01-02 07:41:00,258.0000,258.0000,257.6900,257.8200,740
2025-01-02 07:42:00,257.8100,257.8100,257.5800,257.7800,209
2025-01-02 07:43:00,257.7000,257.7900,257.3900,257.5000,456
2025-01-02 07:44:00,257.4500,257.4500,257.3500,257.3500,21
2025-01-02 07:45:00,257.3900,257.6000,257.3200,257.3200,152
2025-01-02 07:46:00,257.3400,257.5300,257.2400,257.5000,551
2025-01-02 07:47:00,257.4500,257.6200,257.3000,257.5200,1300
2025-01-02 07:48:00,257.5000,257.6500,257.2400,257.5500,309
2025-01-02 07:49:00,257.2000,257.5400,257.2000,257.4700,52
2025-01-02 07:50:00,257.5300,257.5300,257.2000,257.2210,63
2025-01-02 07:51:00,257.2800,257.3800,257.1400,257.3300,291
2025-01-02 07:52:00,257.0500,257.3300,257.0200,257.2700,334
2025-01-02 07:53:00,257.2800,257.4000,257.2300,257.4000,52
2025-01-02 07:54:00,257.3000,257.5300,257.3000,257.5300,588
2025-01-02 07:55:00,257.4700,257.5000,257.3500,257.5000,147
2025-01-02 07:56:00,257.6700,257.6700,257.5100,257.6000,271
2025-01-02 07:57:00,257.5500,257.8900,257.5500,257.8900,482
2025-01-02 07:58:00,257.8100,257.9900,257.7000,257.8500,311
2025-01-02 07:59:00,257.8500,257.9900,257.8500,257.8600,138
2025-01-02 08:00:00,258.5000,260.0000,248.3000,259.0000,32250
2025-01-02 08:01:00,259.7166,259.7166,254.4000,258.0000,1086
2025-01-02 08:02:00,257.7500,258.2000,248.3000,257.9900,892
2025-01-02 08:03:00,258.1200,258.2600,257.7000,258.2000,1839
2025-01-02 08:04:00,258.3000,258.3000,258.0000,258.3000,231
2025-01-02 08:05:00,258.1200,258.4900,258.1000,258.1000,4731
2025-01-02 08:06:00,258.3800,258.4400,258.2750,258.2800,760
2025-01-02 08:07:00,258.4200,258.4900,258.2800,258.2800,302
2025-01-02 08:08:00,258.3600,258.4100,257.8000,258.3099,1357
2025-01-02 08:09:00,258.3000,258.3600,258.0000,258.3400,1143
2025-01-02 08:10:00,258.3100,258.3500,258.0000,258.0000,413
2025-01-02 08:11:00,258.3100,258.3100,258.0000,258.3000,668
2025-01-02 08:12:00,258.3100,258.3700,258.0000,258.2000,2478
2025-01-02 08:13:00,258.3090,258.3800,257.9000,257.9700,2662
2025-01-02 08:14:00,258.0000,258.1300,257.5231,257.6100,1394
2025-01-02 08:15:00,257.7200,257.7700,257.1000,257.6500,511
2025-01-02 08:16:00,257.7000,258.0000,257.5600,258.0000,513
2025-01-02 08:17:00,257.9900,257.9900,257.5000,257.5000,634
2025-01-02 08:18:00,257.9553,257.9553,257.5300,257.7000,137
2025-01-02 08:19:00,257.8300,257.8300,256.7000,257.5800,2390
2025-01-02 08:20:00,257.2000,257.5000,257.2000,257.4200,607
2025-01-02 08:21:00,257.4000,257.6500,257.3500,257.5000,294
2025-01-02 08:22:00,257.5500,257.9100,257.3233,257.7700,1960
2025-01-02 08:23:00,258.0000,258.0000,257.2200,257.3100,389
2025-01-02 08:24:00,257.4100,257.7800,257.0000,257.4000,303
2025-01-02 08:25:00,257.7300,257.8000,257.3300,257.7200,148
2025-01-02 08:26:00,257.7500,257.9100,257.5200,257.5200,75
2025-01-02 08:27:00,257.7550,257.9900,257.7550,257.9700,229
2025-01-02 08:28:00,258.0000,258.0000,257.6300,258.0000,515
2025-01-02 08:29:00,258.0000,258.0000,257.4950,257.7500,153
2025-01-02 08:30:00,257.7500,257.9400,257.3727,257.7300,252
2025-01-02 08:31:00,257.9900,258.0000,257.6400,257.9800,4584
2025-01-02 08:32:00,257.7100,258.2000,257.7100,258.1100,1721
2025-01-02 08:33:00,258.1100,258.2000,257.5700,258.0000,382
2025-01-02 08:34:00,258.1100,258.2000,257.5000,257.8667,100
2025-01-02 08:35:00,258.1700,258.1900,257.8000,258.1900,732
2025-01-02 08:36:00,257.9500,258.1700,257.8000,257.8900,751
2025-01-02 08:37:00,257.8900,258.0000,257.8900,257.9000,25
2025-01-02 08:38:00,258.0000,258.0400,257.8000,257.8800,2762
2025-01-02 08:39:00,257.8000,258.1400,257.8000,257.9000,559
2025-01-02 08:40:00,258.0000,258.1200,257.8000,258.0900,904
2025-01-02 08:41:00,258.1100,258.4000,257.8600,258.3100,3519
2025-01-02 08:42:00,258.3100,258.6400,258.1800,258.6000,5125
2025-01-02 08:43:00,258.6900,258.7000,258.1901,258.1901,1041
2025-01-02 08:44:00,258.7000,259.0000,258.5400,258.7000,814
2025-01-02 08:45:00,258.6000,258.7400,258.1400,258.1400,783
2025-01-02 08:46:00,258.4100,258.4700,257.8700,258.4700,3735
2025-01-02 08:47:00,258.0700,258.4700,257.3000,257.3100,1096
2025-01-02 08:48:00,257.3200,257.8100,257.1600,257.3000,894
2025-01-02 08:49:00,257.3000,257.9000,257.2000,257.8000,645
2025-01-02 08:50:00,257.7500,257.8400,257.4307,257.8000,1061
2025-01-02 08:51:00,257.8400,257.8400,257.1100,257.4000,659
2025-01-02 08:52:00,257.4000,257.8500,257.3000,257.4000,314
2025-01-02 08:53:00,257.6300,257.8500,257.2000,257.8500,454
2025-01-02 08:54:00,257.5000,257.5000,256.9900,257.1500,2546
2025-01-02 08:55:00,257.1100,257.5000,256.8000,257.4300,361
2025-01-02 08:56:00,257.1500,257.1900,256.9600,256.9600,734
2025-01-02 08:57:00,257.0600,257.5000,256.9500,257.5000,133
2025-01-02 08:58:00,257.4200,257.5800,257.0000,257.3400,1186
2025-01-02 08:59:00,257.3700,257.6900,257.2500,257.4500,611
2025-01-02 09:00:00,257.6000,257.6000,254.7000,255.4700,25281
2025-01-02 09:01:00,255.8300,256.0900,255.2200,255.3500,2388
2025-01-02 09:02:00,255.3800,256.0000,254.7200,255.6400,2277
2025-01-02 09:03:00,255.4250,255.8500,254.9980,255.2500,2672
2025-01-02 09:04:00,255.2500,255.9900,254.8700,254.8900,5647
2025-01-02 09:05:00,255.7450,255.7450,254.8100,255.3400,4530
2025-01-02 09:06:00,255.2800,255.8100,254.7600,255.6800,1964
2025-01-02 09:07:00,255.6900,256.0000,254.7500,255.0800,7187
2025-01-02 09:08:00,255.0400,255.2000,254.7500,254.9750,1179
2025-01-02 09:09:00,255.0000,255.8000,255.0000,255.5000,2304
2025-01-02 09:10:00,255.6000,256.3000,255.3600,256.3000,826
2025-01-02 09:11:00,256.3000,256.3000,255.0000,255.0000,578
2025-01-02 09:12:00,255.6100,255.6100,255.0100,255.1100,1953
2025-01-02 09:13:00,255.0000,255.2300,254.4200,255.0000,1139
2025-01-02 09:14:00,254.5000,255.0000,254.5000,254.6500,1683
2025-01-02 09:15:00,254.6500,255.6600,254.5205,255.0100,1792
2025-01-02 09:16:00,255.0000,255.5000,254.3565,254.5000,704
2025-01-02 09:17:00,254.7350,255.3000,254.5100,255.1800,435
2025-01-02 09:18:00,255.1900,255.1900,254.3500,254.5000,1546
2025-01-02 09:19:00,254.8300,254.8300,254.3500,254.6600,795
2025-01-02 09:20:00,254.3600,254.8700,253.8000,254.1600,4708
2025-01-02 09:21:00,254.2700,254.4300,253.8300,254.4000,685
2025-01-02 09:22:00,254.2900,254.3000,253.2000,254.0100,4650
2025-01-02 09:23:00,254.2000,254.7800,254.0388,254.2900,2347
2025-01-02 09:24:00,254.4200,254.9900,254.2801,254.5000,1133
2025-01-02 09:25:00,255.2000,255.7000,254.4900,255.5400,3004
2025-01-02 09:26:00,255.6300,255.7000,255.0600,255.3600,1238
2025-01-02 09:27:00,255.3800,256.9713,255.0600,256.1000,1881
2025-01-02 09:28:00,256.0900,256.9400,255.7000,256.0000,1491
2025-01-02 09:29:00,256.3700,256.9300,256.0000,256.4500,510
2025-01-02 09:30:00,256.4800,257.6200,254.4000,255.3201,130068
2025-01-02 09:31:00,255.6100,257.1400,254.5400,257.1400,44773
2025-01-02 09:32:00,256.9250,257.2945,255.2600,255.2900,34969
2025-01-02 09:33:00,255.5650,255.5650,253.5600,254.0100,63393
2025-01-02 09:34:00,253.9700,254.7900,252.5400,252.7900,42616
2025-01-02 09:35:00,252.7100,253.2077,252.0000,252.3350,57593
2025-01-02 09:36:00,252.3300,252.4900,251.2900,251.8206,30722
2025-01-02 09:37:00,251.7425,252.1500,251.0000,251.8900,28791
2025-01-02 09:38:00,252.0100,253.4600,251.3700,253.0000,52679
2025-01-02 09:39:00,252.9300,253.9999,252.4000,253.3700,33419
2025-01-02 09:40:00,253.4000,255.1400,252.8600,254.8050,35072
2025-01-02 09:41:00,255.1200,255.3200,254.5425,254.8300,36900
2025-01-02 09:42:00,255.0000,256.3800,254.7000,256.1683,43274
2025-01-02 09:43:00,255.9900,257.0000,255.9900,256.1650,35164
2025-01-02 09:44:00,256.2600,257.3200,255.8801,257.2600,41569
2025-01-02 09:45:00,257.3600,258.1700,256.8900,258.0960,42237
2025-01-02 09:46:00,258.1000,259.2700,257.7101,258.3159,38605
2025-01-02 09:47:00,258.5500,258.5600,257.5000,258.0200,38638
2025-01-02 09:48:00,258.0700,258.2645,257.5200,258.2645,22352
2025-01-02 09:49:00,258.3000,259.0900,257.7900,259.0000,29070
2025-01-02 09:50:00,259.0150,259.5000,258.3656,258.3656,34932
2025-01-02 09:51:00,258.2300,259.5000,258.1950,259.4200,14869
2025-01-02 09:52:00,259.5500,260.0500,259.4600,259.9900,51916
2025-01-02 09:53:00,259.9570,260.5399,259.7800,260.2600,42629
2025-01-02 09:54:00,260.3000,261.0000,260.0236,260.9800,40868
2025-01-02 09:55:00,260.9800,261.2100,260.3053,260.8105,55745
2025-01-02 09:56:00,260.9050,261.1750,260.3200,260.8600,31098
2025-01-02 09:57:00,260.9600,261.5300,260.8475,261.1300,39867
2025-01-02 09:58:00,261.0900,261.1800,260.3800,261.0000,30349
2025-01-02 09:59:00,260.9871,261.6100,260.9300,261.6100,29215
2025-01-02 10:00:00,261.6100,261.8268,260.6000,261.5000,38672
2025-01-02 10:01:00,261.3700,262.3000,261.2239,262.2700,42094
2025-01-02 10:02:00,262.3000,262.3100,260.4000,260.6600,26961
2025-01-02 10:03:00,260.4900,261.3300,259.5900,259.8450,38974
2025-01-02 10:04:00,259.9300,261.1300,259.9300,261.1300,28017
2025-01-02 10:05:00,261.2434,261.6199,260.6114,260.6114,30857
2025-01-02 10:06:00,260.5939,261.8999,260.4350,260.4350,24094
2025-01-02 10:07:00,260.4400,260.8600,259.4000,259.5000,26320
2025-01-02 10:08:00,259.4700,260.1100,259.3700,259.8100,26157
2025-01-02 10:09:00,260.0200,260.6200,259.5800,260.2900,21186
2025-01-02 10:10:00,260.0700,260.2600,259.2100,260.0000,27979
2025-01-02 10:11:00,259.6420,261.0000,259.6420,260.0500,32035
2025-01-02 10:12:00,260.1050,260.2050,259.0885,259.4400,18227
2025-01-02 10:13:00,259.1700,259.8500,259.0800,259.7908,18957
2025-01-02 10:14:00,259.7600,260.1100,259.3400,259.3400,16011
2025-01-02 10:15:00,259.3600,259.8999,259.1700,259.7810,17657
2025-01-02 10:16:00,259.8100,260.4000,259.6300,260.0800,15356
2025-01-02 10:17:00,260.3700,261.0000,258.3200,258.4807,44257
2025-01-02 10:18:00,258.5000,258.8500,258.0100,258.4618,18629
2025-01-02 10:19:00,258.0501,258.7800,257.1800,257.3400,22832
2025-01-02 10:20:00,257.4400,257.5800,255.9900,256.2100,34084
2025-01-02 10:21:00,256.3000,256.4300,255.6564,255.9638,23912
2025-01-02 10:22:00,256.1698,256.8799,255.3000,255.8500,24132
2025-01-02 10:23:00,255.5000,256.4500,255.3600,256.2900,11008
2025-01-02 10:24:00,256.2700,256.9900,255.8300,256.0600,13503
2025-01-02 10:25:00,256.0325,257.3000,255.8400,257.1725,17867
2025-01-02 10:26:00,257.3300,258.1100,257.1700,257.7050,16490
2025-01-02 10:27:00,258.0000,258.0000,257.2029,257.3301,10500
2025-01-02 10:28:00,257.7000,257.7376,256.3319,256.7000,14481
2025-01-02 10:29:00,256.6150,257.0000,256.6150,256.8800,18735
2025-01-02 10:30:00,256.6500,256.9900,255.6601,255.9450,20440
2025-01-02 10:31:00,255.9200,255.9200,254.4565,254.8000,43374
2025-01-02 10:32:00,254.9852,255.6747,254.7375,255.5900,13598
2025-01-02 10:33:00,255.7000,255.8700,255.2000,255.3078,32368
2025-01-02 10:34:00,255.4000,256.5186,255.2700,255.6250,13254
2025-01-02 10:35:00,255.4200,255.4200,254.2000,254.8600,19136
2025-01-02 10:36:00,254.9200,255.3502,254.5520,255.0583,5775
2025-01-02 10:37:00,255.1682,255.9999,254.3600,254.8000,13681
2025-01-02 10:38:00,254.7300,254.7515,253.9000,254.3000,15559
2025-01-02 10:39:00,254.1450,254.4200,253.5100,253.7700,22380
2025-01-02 10:40:00,253.7650,254.9400,253.5700,254.1900,13629
2025-01-02 10:41:00,254.1600,254.1600,253.4600,253.5600,14175
2025-01-02 10:42:00,253.4000,254.0000,253.3000,253.9800,8607
2025-01-02 10:43:00,253.9650,253.9800,253.3700,253.3700,11096
2025-01-02 10:44:00,253.2955,254.3300,253.2500,254.2100,8570
2025-01-02 10:45:00,253.9700,254.5000,253.5100,254.1600,10723
2025-01-02 10:46:00,254.2400,254.3300,253.3000,253.4700,7452
2025-01-02 10:47:00,253.1400,253.8200,253.1400,253.6500,11289
2025-01-02 10:48:00,253.6900,254.5850,253.5600,254.5850,5752
2025-01-02 10:49:00,254.6600,255.7672,254.6600,255.5300,18320
2025-01-02 10:50:00,255.3600,255.3600,254.5246,254.6200,9699
2025-01-02 10:51:00,254.8200,255.3700,254.8000,255.2400,10803
2025-01-02 10:52:00,255.1750,255.6600,254.9000,254.9000,17823
2025-01-02 10:53:00,254.8400,254.9300,253.4400,254.8100,15408
2025-01-02 10:54:00,254.8000,255.6499,254.8000,255.5000,5373
2025-01-02 10:55:00,255.3900,255.6400,254.7500,255.0500,6693
2025-01-02 10:56:00,254.8988,255.1600,254.7300,255.0850,10018
2025-01-02 10:57:00,254.9300,255.0450,254.5101,254.6650,7950
2025-01-02 10:58:00,254.8200,255.0100,254.2838,254.4800,12616
2025-01-02 10:59:00,254.3100,254.3100,253.8600,254.2100,7291
2025-01-02 11:00:00,254.1600,254.6200,253.9700,254.1300,5003
2025-01-02 11:01:00,254.1300,254.9299,254.1300,254.7650,3188
2025-01-02 11:02:00,254.8900,254.8900,253.5185,253.5185,7018
2025-01-02 11:03:00,253.6800,253.6800,253.2317,253.5000,8778
2025-01-02 11:04:00,253.5000,253.5000,252.6039,253.1700,26750
2025-01-02 11:05:00,253.1700,254.1500,253.1700,254.1400,9747
2025-01-02 11:06:00,254.1650,255.5650,254.1200,255.2941,13121
2025-01-02 11:07:00,255.0800,255.4339,254.7800,255.1653,9666
2025-01-02 11:08:00,255.4300,255.8500,255.2400,255.2400,14690
2025-01-02 11:09:00,255.3100,255.6900,255.2350,255.6000,5085
2025-01-02 11:10:00,255.4000,255.4000,254.4238,255.0100,7372
2025-01-02 11:11:00,255.1900,255.7100,254.8601,255.7100,5576
2025-01-02 11:12:00,255.3400,255.6200,254.6480,254.6480,6706
2025-01-02 11:13:00,254.7600,255.3600,254.6200,255.3000,4348
2025-01-02 11:14:00,255.1000,256.1500,255.1000,255.8377,13498
2025-01-02 11:15:00,255.8627,255.9500,255.3700,255.8300,8227
2025-01-02 11:16:00,255.8232,256.5300,255.7600,256.3000,19250
2025-01-02 11:17:00,256.3243,256.7100,256.0000,256.5000,16463
2025-01-02 11:18:00,256.5900,256.6700,256.1858,256.4500,12877
2025-01-02 11:19:00,256.6000,256.7550,256.1400,256.5400,10237
2025-01-02 11:20:00,256.8500,256.9700,255.9500,255.9500,9319
2025-01-02 11:21:00,255.9500,256.2200,255.6875,256.0000,3944
2025-01-02 11:22:00,255.7000,256.0200,255.5425,255.5500,10143
2025-01-02 11:23:00,256.0199,256.5900,255.6199,256.5800,9935
2025-01-02 11:24:00,256.6800,257.7850,256.5100,257.7850,13496
2025-01-02 11:25:00,257.6900,258.0000,257.5100,257.7150,10995
2025-01-02 11:26:00,257.7500,258.3750,257.2556,258.3750,20746
2025-01-02 11:27:00,258.4300,258.6800,258.0900,258.1900,15651
2025-01-02 11:28:00,258.1033,258.3800,258.0100,258.3400,10490
2025-01-02 11:29:00,258.2650,258.5900,258.0900,258.5700,15343
2025-01-02 11:30:00,258.3513,258.7200,258.1564,258.1564,20321
2025-01-02 11:31:00,258.2100,258.3900,257.6800,258.3300,17250
2025-01-02 11:32:00,258.5300,258.7000,258.1800,258.5000,7266
2025-01-02 11:33:00,258.6300,258.9900,258.2050,258.7343,16521
2025-01-02 11:34:00,258.8500,259.6700,258.7800,259.6700,21670
2025-01-02 11:35:00,259.6500,259.8900,259.5500,259.7900,15244
2025-01-02 11:36:00,259.9000,259.9816,259.6900,259.7700,10960
2025-01-02 11:37:00,259.7700,259.9100,259.5800,259.6400,10913
2025-01-02 11:38:00,259.8600,259.8600,259.2600,259.6200,15611
2025-01-02 11:39:00,259.5200,260.1400,259.5200,259.5900,19066
2025-01-02 11:40:00,259.5600,260.1600,259.4301,259.8088,12700
2025-01-02 11:41:00,259.8800,259.9170,259.5000,259.5000,9137
2025-01-02 11:42:00,259.5000,259.6500,259.1100,259.4500,14805
2025-01-02 11:43:00,259.2900,259.2900,258.6900,259.2600,17076
2025-01-02 11:44:00,259.2800,259.4600,259.0045,259.2000,12386
2025-01-02 11:45:00,259.3300,259.8200,258.9857,259.8200,23088
2025-01-02 11:46:00,259.6500,259.8799,259.5000,259.7594,8492
2025-01-02 11:47:00,259.8300,259.9566,259.6100,259.9566,7707
2025-01-02 11:48:00,259.7850,260.8000,259.7017,260.8000,32444
2025-01-02 11:49:00,260.7900,260.9800,260.5850,260.9100,18633
2025-01-02 11:50:00,260.7100,260.9200,260.0618,260.2850,13381
2025-01-02 11:51:00,260.2800,260.4333,260.0500,260.2329,5321
2025-01-02 11:52:00,260.4050,260.4050,259.5115,259.6500,9859
2025-01-02 11:53:00,259.7100,259.7900,259.5258,259.6600,4076
2025-01-02 11:54:00,259.5697,259.7700,258.7400,259.3400,15352
2025-01-02 11:55:00,259.3550,259.5400,259.1800,259.3400,6595
2025-01-02 11:56:00,259.4183,259.6200,259.2882,259.5118,5426
2025-01-02 11:57:00,259.3600,259.6500,259.0333,259.5023,7373
2025-01-02 11:58:00,259.3985,259.7100,259.3985,259.5100,8476
2025-01-02 11:59:00,259.6374,259.9300,259.3900,259.5900,8163
2025-01-02 12:00:00,259.6700,259.6700,258.9500,259.1500,10179
2025-01-02 12:01:00,258.9900,259.6700,258.8700,259.3750,6501
2025-01-02 12:02:00,259.7036,259.7500,258.7300,259.2300,5562
2025-01-02 12:03:00,258.9800,259.5600,258.9800,259.4897,7407
2025-01-02 12:04:00,259.4300,259.8000,259.2320,259.7500,6410
2025-01-02 12:05:00,259.5000,259.6900,259.0001,259.3059,4920
2025-01-02 12:06:00,259.3200,259.4300,258.9700,258.9700,6472
2025-01-02 12:07:00,258.8850,258.8850,258.6000,258.8500,4922
2025-01-02 12:08:00,258.8275,259.3800,258.6042,259.3800,7746
2025-01-02 12:09:00,259.2000,259.7399,259.2000,259.2842,7370
2025-01-02 12:10:00,259.4900,259.7500,259.4300,259.6000,9712
2025-01-02 12:11:00,259.7400,259.7400,259.3290,259.4850,5190
2025-01-02 12:12:00,259.6900,260.3914,259.5700,260.3914,10387
2025-01-02 12:13:00,260.2400,261.3200,260.2400,261.2000,30124
2025-01-02 12:14:00,261.1200,261.2500,260.8500,261.0700,14352
2025-01-02 12:15:00,260.8100,261.1319,260.6500,261.0300,7700
2025-01-02 12:16:00,260.9898,261.1600,260.6200,260.6200,8391
2025-01-02 12:17:00,260.4500,260.6925,260.3800,260.5300,6121
2025-01-02 12:18:00,260.6000,260.7899,260.4940,260.6600,10774
2025-01-02 12:19:00,260.5200,261.1700,260.5200,261.1300,16333
2025-01-02 12:20:00,261.0300,261.0777,260.3200,260.3200,9458
2025-01-02 12:21:00,260.2900,260.9000,259.8500,260.8000,10932
2025-01-02 12:22:00,260.7300,260.7900,260.3700,260.4180,5802
2025-01-02 12:23:00,260.5800,260.6245,259.8600,260.0500,6015
2025-01-02 12:24:00,260.1250,260.1250,259.5017,259.6400,7373
2025-01-02 12:25:00,259.5600,259.7011,259.3400,259.5600,8066
2025-01-02 12:26:00,259.7175,259.7175,259.0100,259.0869,8411
2025-01-02 12:27:00,259.3300,259.3300,257.9618,257.9618,12175
2025-01-02 12:28:00,258.1100,258.1500,257.7500,257.7500,8528
2025-01-02 12:29:00,257.7900,257.7900,256.7000,256.8550,18719
2025-01-02 12:30:00,256.7000,257.1067,256.1000,256.7200,34601
2025-01-02 12:31:00,256.8055,257.0500,256.3800,256.8896,16854
2025-01-02 12:32:00,256.7000,256.8250,256.0800,256.1800,8846
2025-01-02 12:33:00,256.2900,256.3700,255.6100,255.9500,25370
2025-01-02 12:34:00,255.9600,255.9700,255.1000,255.1917,16011
2025-01-02 12:35:00,255.2450,255.5100,254.8600,255.5100,20973
2025-01-02 12:36:00,255.2200,255.4300,254.8200,254.8489,8787
2025-01-02 12:37:00,254.7910,254.7910,254.1700,254.1700,10508
2025-01-02 12:38:00,254.3500,254.5600,253.8040,254.3100,29961
2025-01-02 12:39:00,254.5250,254.7499,254.0600,254.7100,11818
2025-01-02 12:40:00,254.4226,254.5600,254.0000,254.0800,20971
2025-01-02 12:41:00,254.1700,255.2700,254.1000,254.9500,21499
2025-01-02 12:42:00,255.0800,255.0800,254.0150,254.0600,11210
2025-01-02 12:43:00,254.2600,254.9800,254.2550,254.8100,7639
2025-01-02 12:44:00,254.9700,255.1600,254.4600,254.6700,15995
2025-01-02 12:45:00,254.6459,254.7700,254.5585,254.6550,3881
2025-01-02 12:46:00,254.6850,254.7314,254.1120,254.3300,6841
2025-01-02 12:47:00,254.2700,254.2700,253.7300,253.8500,9013
2025-01-02 12:48:00,253.8500,253.9800,253.2260,253.8400,13945
2025-01-02 12:49:00,253.9400,254.0500,253.2000,253.2000,11204
2025-01-02 12:50:00,253.0300,253.9900,252.8200,253.9900,10162
2025-01-02 12:51:00,253.8269,254.9000,253.7000,254.8650,12908
2025-01-02 12:52:00,254.8800,255.1224,254.7300,254.9100,5976
2025-01-02 12:53:00,254.9400,255.1800,254.8200,255.1000,6757
2025-01-02 12:54:00,254.9800,255.0300,254.5000,254.5000,8686
2025-01-02 12:55:00,254.5500,254.8895,254.2413,254.3600,9494
2025-01-02 12:56:00,254.5114,254.6000,254.2500,254.5225,3876
2025-01-02 12:57:00,254.5700,254.7411,254.0600,254.2226,6837
2025-01-02 12:58:00,254.6342,254.8999,254.4200,254.4200,3807
2025-01-02 12:59:00,254.6300,254.9500,254.5300,254.7699,5438
2025-01-02 13:00:00,254.5684,254.9199,254.3700,254.6050,18671
2025-01-02 13:01:00,254.1950,254.5100,253.9029,254.5100,5807
2025-01-02 13:02:00,254.2000,254.5014,253.6066,253.7800,10302
2025-01-02 13:03:00,253.8700,253.9250,253.0978,253.0978,6545
2025-01-02 13:04:00,253.1100,253.1350,252.7200,252.9350,7899
2025-01-02 13:05:00,252.9350,253.5900,252.6800,253.4702,16028
2025-01-02 13:06:00,253.4500,254.1752,253.4500,254.0350,10535
2025-01-02 13:07:00,253.8901,255.1574,253.8901,255.1300,9071
2025-01-02 13:08:00,255.4499,255.4800,255.1328,255.3150,7263
2025-01-02 13:09:00,255.4900,256.4899,255.4700,255.9160,14330
2025-01-02 13:10:00,255.9000,256.2430,255.1100,255.1100,6801
2025-01-02 13:11:00,255.5300,255.5500,254.7900,254.9000,7033
2025-01-02 13:12:00,254.4335,254.6900,254.0000,254.4900,5652
2025-01-02 13:13:00,254.3100,254.6800,254.2300,254.5600,6846
2025-01-02 13:14:00,254.3232,254.6200,254.3200,254.4783,3965
2025-01-02 13:15:00,254.5400,254.5400,253.3600,254.0204,9564
2025-01-02 13:16:00,253.8200,254.5699,253.8200,254.0600,3634
2025-01-02 13:17:00,254.3700,254.4900,254.0900,254.0900,3049
2025-01-02 13:18:00,254.3300,254.8929,254.3300,254.8929,4127
2025-01-02 13:19:00,254.5800,254.7451,254.5738,254.7451,1597
2025-01-02 13:20:00,254.7900,255.5850,254.7900,255.2575,4224
2025-01-02 13:21:00,255.1300,255.3106,254.5200,254.5706,3948
2025-01-02 13:22:00,254.8000,255.2652,254.8000,255.1500,5388
2025-01-02 13:23:00,255.4900,255.6600,255.0900,255.0900,3378
2025-01-02 13:24:00,255.0200,255.4300,254.8712,254.8712,3255
2025-01-02 13:25:00,254.9632,254.9632,254.5500,254.8100,2794
2025-01-02 13:26:00,254.8600,255.0400,254.2493,254.2493,5531
2025-01-02 13:27:00,254.2100,255.2400,254.2100,255.0600,4796
2025-01-02 13:28:00,255.1135,255.2900,254.9100,254.9500,3705
2025-01-02 13:29:00,255.0899,255.5700,254.8400,255.5000,4137
2025-01-02 13:30:00,255.5000,255.5000,254.2150,254.4285,4520
2025-01-02 13:31:00,254.1203,254.2800,253.4100,253.4685,7879
2025-01-02 13:32:00,253.5300,253.7800,253.4000,253.5900,6116
2025-01-02 13:33:00,253.5200,253.7712,253.3700,253.7550,5718
2025-01-02 13:34:00,253.7150,253.7150,253.0700,253.0700,8330
2025-01-02 13:35:00,253.2600,253.7554,253.1400,253.6700,4850
2025-01-02 13:36:00,253.6544,254.8200,253.6525,254.7596,10223
2025-01-02 13:37:00,254.9000,255.2006,254.8100,255.0231,10367
2025-01-02 13:38:00,255.0350,255.1980,254.3100,254.3678,6467
2025-01-02 13:39:00,254.3500,254.7563,254.3500,254.6150,1640
2025-01-02 13:40:00,254.4400,254.4400,254.0500,254.1300,4684
2025-01-02 13:41:00,254.0676,254.3800,254.0200,254.3800,3783
2025-01-02 13:42:00,254.3850,254.3850,253.9365,253.9365,2052
2025-01-02 13:43:00,254.1150,254.6350,254.0000,254.4100,10260
2025-01-02 13:44:00,254.3201,254.7800,254.3201,254.7250,7356
2025-01-02 13:45:00,254.6640,254.8600,254.5700,254.7275,6152
2025-01-02 13:46:00,254.8500,255.1199,254.6000,254.8500,6454
2025-01-02 13:47:00,254.8500,254.8500,254.4800,254.5000,6273
2025-01-02 13:48:00,254.5900,254.6700,253.7100,253.7250,9931
2025-01-02 13:49:00,253.7100,253.7400,253.3186,253.5900,9279
2025-01-02 13:50:00,253.6700,253.6960,253.2800,253.5200,6902
2025-01-02 13:51:00,253.6100,253.8500,253.4000,253.4000,5081
2025-01-02 13:52:00,253.4800,253.7400,253.3100,253.3400,4859
2025-01-02 13:53:00,253.4647,253.6600,253.1100,253.4600,6839
2025-01-02 13:54:00,253.3200,253.5245,253.0401,253.2800,9595
2025-01-02 13:55:00,253.6100,253.8300,253.4400,253.6900,15351
2025-01-02 13:56:00,253.8400,254.2300,253.7925,254.1350,10246
2025-01-02 13:57:00,254.1350,254.6299,254.0800,254.2400,10952
2025-01-02 13:58:00,254.3700,254.5450,254.2700,254.5450,4406
2025-01-02 13:59:00,254.5950,254.7600,254.4000,254.4800,6861
2025-01-02 14:00:00,254.6000,254.6000,254.0938,254.1500,6293
2025-01-02 14:01:00,254.2300,254.5873,254.2300,254.3550,5841
2025-01-02 14:02:00,254.2300,254.6462,253.9361,254.6462,10373
2025-01-02 14:03:00,254.5400,255.2200,254.5400,255.0562,9912
2025-01-02 14:04:00,254.9226,255.3900,254.9000,255.3100,8940
2025-01-02 14:05:00,255.2500,255.3800,254.9200,255.2100,8155
2025-01-02 14:06:00,255.0900,255.9000,255.0600,255.8500,11928
2025-01-02 14:07:00,255.7600,255.7800,255.0596,255.0596,8315
2025-01-02 14:08:00,255.3900,255.4400,255.1000,255.3148,3875
2025-01-02 14:09:00,255.1000,255.4900,254.8553,255.4900,7316
2025-01-02 14:10:00,255.3800,255.4547,255.2000,255.4547,1565
2025-01-02 14:11:00,255.4400,255.6299,255.1760,255.2100,3591
2025-01-02 14:12:00,255.2250,255.3700,255.1310,255.1310,2536
2025-01-02 14:13:00,255.2650,255.2650,254.7266,254.7266,5295
2025-01-02 14:14:00,254.9900,255.1700,254.9300,255.0300,2047
2025-01-02 14:15:00,255.0100,255.1900,254.7500,254.7500,4889
2025-01-02 14:16:00,254.8000,254.8900,254.5392,254.5500,6454
2025-01-02 14:17:00,254.9000,255.2413,254.6400,255.2150,6472
2025-01-02 14:18:00,255.2300,255.5800,255.2200,255.4000,9472
2025-01-02 14:19:00,255.4664,255.4664,254.9400,255.3300,6222
2025-01-02 14:20:00,255.4200,255.4200,255.1500,255.3000,7917
2025-01-02 14:21:00,255.3700,255.6500,255.2600,255.3200,10520
2025-01-02 14:22:00,255.5100,255.8400,255.3100,255.8350,5329
2025-01-02 14:23:00,255.9600,256.2600,255.7900,255.9400,12023
2025-01-02 14:24:00,255.8800,256.4500,255.8200,256.4500,8972
2025-01-02 14:25:00,256.4500,256.5499,256.0842,256.1300,6885
2025-01-02 14:26:00,256.1500,256.2800,256.0200,256.2800,4214
2025-01-02 14:27:00,256.4635,256.6700,256.2742,256.4300,5599
2025-01-02 14:28:00,256.4200,256.6800,256.2937,256.3629,3885
2025-01-02 14:29:00,256.3000,256.3000,256.0200,256.2000,7422
2025-01-02 14:30:00,256.0200,256.0200,255.3600,255.4400,10232
2025-01-02 14:31:00,255.4200,255.9129,255.4200,255.5900,2362
2025-01-02 14:32:00,255.5800,256.0900,255.5000,256.0900,4694
2025-01-02 14:33:00,256.2164,256.2164,255.7150,255.7150,2116
2025-01-02 14:34:00,255.8100,255.8800,255.5148,255.5711,4728
2025-01-02 14:35:00,255.6200,255.6200,255.2300,255.4360,3118
2025-01-02 14:36:00,255.4200,255.7900,255.2600,255.4700,4888
2025-01-02 14:37:00,255.3000,255.9200,255.3000,255.6300,3750
2025-01-02 14:38:00,255.9800,256.2952,255.9800,256.0000,4463
2025-01-02 14:39:00,256.2700,256.2700,256.0100,256.1050,3556
2025-01-02 14:40:00,255.8750,256.1400,255.8750,255.9600,2971
2025-01-02 14:41:00,256.1245,256.1245,255.8982,255.8982,1908
2025-01-02 14:42:00,256.1900,256.5500,256.0522,256.4600,5377
2025-01-02 14:43:00,256.3300,256.8300,256.1600,256.2250,3212
2025-01-02 14:44:00,256.2100,256.3600,256.0800,256.3600,3309
2025-01-02 14:45:00,256.4400,256.6300,256.2900,256.3200,2944
2025-01-02 14:46:00,256.2117,256.2117,255.7387,255.7700,6660
2025-01-02 14:47:00,255.9000,256.4700,255.8500,256.0000,15225
2025-01-02 14:48:00,256.1500,257.2500,256.1500,257.1150,10389
2025-01-02 14:49:00,257.0841,257.2375,256.8600,256.8600,6526
2025-01-02 14:50:00,256.9000,256.9900,256.5344,256.7500,2232
2025-01-02 14:51:00,257.1500,257.5900,257.1500,257.5900,4148
2025-01-02 14:52:00,257.5300,257.6600,257.2601,257.5423,8451
2025-01-02 14:53:00,257.6550,257.6550,257.0500,257.2400,6327
2025-01-02 14:54:00,257.1600,257.5800,257.1600,257.5100,4980
2025-01-02 14:55:00,257.3700,257.6300,257.3700,257.4950,3152
2025-01-02 14:56:00,257.5150,257.5150,257.1400,257.2200,9339
2025-01-02 14:57:00,257.1400,257.1400,256.4825,256.4825,9803
2025-01-02 14:58:00,256.5200,256.7000,256.3655,256.4950,3822
2025-01-02 14:59:00,256.3300,256.3300,255.7985,255.8650,4679
2025-01-02 15:00:00,255.9900,256.6500,255.9300,256.5000,6390
2025-01-02 15:01:00,256.5075,256.6800,256.3500,256.6800,2139
2025-01-02 15:02:00,256.6700,256.8850,256.5800,256.5900,4258
2025-01-02 15:03:00,256.8300,257.1800,256.8300,257.0900,3690
2025-01-02 15:04:00,257.2335,257.2950,256.9800,257.2300,8908
2025-01-02 15:05:00,257.3355,257.3355,256.7300,256.8500,6036
2025-01-02 15:06:00,256.7600,257.0900,256.7100,256.7100,4443
2025-01-02 15:07:00,256.7300,256.8800,256.5295,256.8800,7844
2025-01-02 15:08:00,256.6600,256.9150,256.5800,256.9150,7922
2025-01-02 15:09:00,256.9050,257.0550,256.7000,256.7900,3426
2025-01-02 15:10:00,256.7700,257.3646,256.7700,257.3400,3896
2025-01-02 15:11:00,257.0729,257.4300,256.9100,257.4300,8717
2025-01-02 15:12:00,257.3100,257.8900,257.2200,257.8900,5567
2025-01-02 15:13:00,257.7400,258.1399,257.7000,257.8100,6353
2025-01-02 15:14:00,257.8100,258.1137,257.6800,258.0100,9654
2025-01-02 15:15:00,257.9200,257.9200,257.3750,257.6100,8153
2025-01-02 15:16:00,257.6993,257.6993,257.4500,257.4591,1677
2025-01-02 15:17:00,257.5800,257.8800,257.5750,257.7300,3993
2025-01-02 15:18:00,257.8350,258.0800,257.7300,258.0100,10617
2025-01-02 15:19:00,258.0000,258.0000,257.8700,257.9700,1796
2025-01-02 15:20:00,258.0900,258.1500,257.8300,257.9800,7834
2025-01-02 15:21:00,258.2685,258.5000,258.0400,258.3001,6368
2025-01-02 15:22:00,258.2400,258.7500,258.2400,258.4395,6098
2025-01-02 15:23:00,258.5800,258.6600,258.4200,258.4500,4254
2025-01-02 15:24:00,258.5700,258.8700,258.5500,258.7650,7797
2025-01-02 15:25:00,258.7050,258.7050,258.2200,258.3450,8597
2025-01-02 15:26:00,258.5000,258.7200,258.3000,258.5050,6558
2025-01-02 15:27:00,258.5500,258.8800,258.5500,258.8800,6739
2025-01-02 15:28:00,258.7400,259.0800,258.7400,258.8750,8182
2025-01-02 15:29:00,258.8000,258.9679,258.5300,258.5400,11490
2025-01-02 15:30:00,258.5400,258.6700,257.7700,257.8282,18297
2025-01-02 15:31:00,257.8500,259.0800,257.8500,259.0800,15526
2025-01-02 15:32:00,259.1000,259.1639,258.3300,258.7050,6599
2025-01-02 15:33:00,258.5444,258.8999,258.3200,258.7150,10120
2025-01-02 15:34:00,258.5800,258.6800,258.3400,258.5200,6419
2025-01-02 15:35:00,258.2900,258.3000,257.6388,257.8900,12548
2025-01-02 15:36:00,258.0100,258.1100,257.5500,257.8600,8774
2025-01-02 15:37:00,257.9400,258.0027,257.5667,258.0000,6869
2025-01-02 15:38:00,257.9325,258.0980,257.6900,257.9550,5566
2025-01-02 15:39:00,257.7700,257.8900,257.5557,257.7981,5940
2025-01-02 15:40:00,257.9400,258.2700,257.9400,258.2700,13501
2025-01-02 15:41:00,258.2700,258.4800,258.2200,258.4000,8296
2025-01-02 15:42:00,258.5500,258.5500,258.0800,258.0900,11846
2025-01-02 15:43:00,258.1100,258.2200,257.5050,257.7649,11272
2025-01-02 15:44:00,257.7900,257.9400,257.5000,257.6050,8591
2025-01-02 15:45:00,257.4400,257.6500,257.3700,257.5900,11099
2025-01-02 15:46:00,257.7500,258.0900,257.6300,257.7300,13919
2025-01-02 15:47:00,257.6700,257.8300,257.5300,257.8300,11851
2025-01-02 15:48:00,257.8900,258.0700,257.7796,257.7796,9897
2025-01-02 15:49:00,257.9400,258.2000,257.9400,258.1700,8549
2025-01-02 15:50:00,258.2800,258.8400,258.2343,258.7500,22353
2025-01-02 15:51:00,258.6000,258.8700,258.4900,258.4900,13164
2025-01-02 15:52:00,258.2700,258.5000,258.0000,258.4800,18823
2025-01-02 15:53:00,258.3801,258.8699,258.3801,258.8500,13930
2025-01-02 15:54:00,258.8200,258.8600,258.3500,258.3500,23927
2025-01-02 15:55:00,258.1900,258.1900,257.2100,257.6500,54030
2025-01-02 15:56:00,257.5950,257.5950,256.9500,257.0250,36761
2025-01-02 15:57:00,257.0300,257.1100,256.8700,256.8700,31324
2025-01-02 15:58:00,256.9100,256.9900,256.7000,256.8200,40800
2025-01-02 15:59:00,256.8550,257.2600,256.8400,257.2600,79426
2025-01-02 16:00:00,257.2600,258.4000,257.0555,257.5600,951705
2025-01-02 16:01:00,257.4500,258.3800,257.4500,257.6800,144
2025-01-02 16:02:00,258.0000,258.9800,257.5100,257.7300,25
2025-01-02 16:03:00,258.0000,258.0000,257.5000,257.8200,24
2025-01-02 16:04:00,257.4900,258.7999,256.6000,256.8800,2878
2025-01-02 16:05:00,257.2100,257.2100,256.0700,256.0700,304
2025-01-02 16:06:00,257.0000,258.0000,256.0500,256.8500,1550
2025-01-02 16:07:00,256.1400,257.2100,256.1200,256.1200,1856
2025-01-02 16:08:00,257.0000,257.0000,255.4200,255.6000,5258
2025-01-02 16:09:00,255.4200,255.4200,253.3700,254.0100,11665
2025-01-02 16:10:00,254.4900,255.0100,254.2100,254.8000,280
2025-01-02 16:11:00,254.9500,255.1400,254.2101,254.5000,3555
2025-01-02 16:12:00,255.6900,256.8400,255.6900,255.9500,5
2025-01-02 16:13:00,255.9100,256.1300,255.0357,255.7900,72
2025-01-02 16:14:00,255.5500,255.7900,255.4200,255.4200,38
2025-01-02 16:15:00,255.9100,257.2100,255.5000,255.6100,203
2025-01-02 16:16:00,255.4700,256.1400,255.4700,255.5000,172
2025-01-02 16:17:00,255.7100,256.1500,255.6100,256.1500,876
2025-01-02 16:18:00,256.0900,256.1400,255.8900,256.1400,146
2025-01-02 16:19:00,256.0900,256.1400,255.8500,256.0000,387
2025-01-02 16:20:00,256.0000,256.1300,255.6800,256.1300,104
2025-01-02 16:21:00,255.9400,256.1400,255.5930,255.5930,121
2025-01-02 16:22:00,255.7900,256.1500,255.6800,255.7300,343
2025-01-02 16:23:00,256.0000,256.1000,255.6200,256.1000,96
2025-01-02 16:24:00,255.8000,256.0800,255.7700,255.7700,31
2025-01-02 16:25:00,256.0000,256.0000,255.4800,255.5000,1501
2025-01-02 16:26:00,255.5700,255.6000,255.5000,255.5200,315
2025-01-02 16:27:00,255.5000,255.9900,255.5000,255.9900,343
2025-01-02 16:28:00,255.9000,255.9000,255.6900,255.6900,102
2025-01-02 16:29:00,255.6800,255.9400,255.6800,255.6900,116
2025-01-02 16:30:00,255.9400,255.9900,255.7000,255.7000,104
2025-01-02 16:31:00,255.7500,255.8800,255.6000,255.8800,291
2025-01-02 16:32:00,256.0000,256.0000,255.8500,255.8500,6
2025-01-02 16:33:00,255.9800,255.9900,255.8500,255.9900,70
2025-01-02 16:34:00,255.8700,255.9999,255.8700,255.9999,31
2025-01-02 16:35:00,255.9900,255.9900,255.8300,255.8300,10
2025-01-02 16:36:00,256.0000,256.0000,255.7920,255.8500,28
2025-01-02 16:37:00,255.8300,256.0000,255.8300,256.0000,38
2025-01-02 16:38:00,255.9900,256.0000,255.9900,256.0000,507
2025-01-02 16:39:00,256.0000,256.0100,255.6709,256.0000,762
2025-01-02 16:40:00,255.9900,256.3000,255.8400,256.3000,1395
2025-01-02 16:41:00,256.0200,256.0200,256.0200,256.0200,1
2025-01-02 16:42:00,256.0200,256.0200,256.0000,256.0000,125
2025-01-02 16:43:00,256.3600,256.3600,256.0001,256.0001,41
2025-01-02 16:44:00,256.4600,257.3900,256.4600,257.3900,4979
2025-01-02 16:45:00,257.3500,259.6300,257.1600,259.2000,11992
2025-01-02 16:46:00,259.1000,259.9000,258.9000,258.9000,2624
2025-01-02 16:47:00,258.9800,259.4900,258.6300,258.9000,1153
2025-01-02 16:48:00,258.3500,259.2400,257.7300,257.7300,54
2025-01-02 16:49:00,258.3500,259.2400,257.8500,259.0000,74
2025-01-02 16:50:00,258.7300,258.7300,258.7300,258.7300,5
2025-01-02 16:51:00,258.9000,258.9000,257.9900,257.9900,168
2025-01-02 16:52:00,259.1900,259.1988,258.0500,258.6600,669
2025-01-02 16:53:00,258.6600,258.7600,258.0800,258.7600,98
2025-01-02 16:54:00,258.6600,258.6600,258.0000,258.1000,718
2025-01-02 16:55:00,258.9000,258.9000,258.1100,258.1100,66
2025-01-02 16:56:00,258.3000,259.1700,258.0100,258.1400,120
2025-01-02 16:57:00,258.1400,258.1600,257.6400,257.6400,816
2025-01-02 16:58:00,257.6300,257.7900,257.6300,257.7900,1431
2025-01-02 16:59:00,257.7900,259.0000,257.7900,258.9900,399
2025-01-02 17:00:00,257.8900,258.5700,257.6300,257.6300,34
2025-01-02 17:01:00,257.9800,259.9600,257.9800,259.8900,4906
2025-01-02 17:02:00,259.9400,261.1000,259.6100,261.0000,7537
2025-01-02 17:03:00,261.0000,261.1000,258.9100,260.0200,4061
2025-01-02 17:04:00,261.3000,261.3000,259.2100,260.0000,212
2025-01-02 17:05:00,259.9000,260.0000,259.4300,259.7700,147
2025-01-02 17:06:00,260.0000,260.8000,259.3300,260.8000,5686
2025-01-02 17:07:00,260.8800,261.8600,259.5800,260.2700,13578
2025-01-02 17:08:00,260.1500,260.3000,259.8600,259.8600,12
2025-01-02 17:09:00,260.0200,260.0200,259.7200,259.8000,1864
2025-01-02 17:10:00,259.5400,260.3900,259.0500,260.3900,81
2025-01-02 17:11:00,259.3000,259.9900,258.7500,258.7500,246
2025-01-02 17:12:00,259.3200,259.3200,259.0500,259.0500,200
2025-01-02 17:13:00,259.9600,259.9600,259.9600,259.9600,5
2025-01-02 17:14:00,259.5000,259.7700,259.3000,259.7200,3869
2025-01-02 17:15:00,259.2500,260.0000,259.2500,260.0000,38
2025-01-02 17:16:00,259.7200,259.7200,259.2500,259.2500,52
2025-01-02 17:17:00,259.3500,259.8640,259.0600,259.1500,186
2025-01-02 17:18:00,259.9000,259.9000,259.1500,259.1500,222
2025-01-02 17:19:00,259.9000,259.9000,259.0500,259.1600,22
2025-01-02 17:20:00,259.8900,259.8900,259.0500,259.1100,505
2025-01-02 17:21:00,259.0600,259.4000,259.0000,259.0000,369
2025-01-02 17:22:00,259.0100,259.0500,259.0100,259.0500,312
2025-01-02 17:23:00,259.3000,259.3000,259.0000,259.0000,1413
2025-01-02 17:24:00,258.8700,258.8800,258.8700,258.8800,26
2025-01-02 17:25:00,259.0200,259.3800,258.6600,259.0500,86
2025-01-02 17:26:00,259.0700,259.1000,258.8000,259.1000,763
2025-01-02 17:27:00,259.2000,259.4400,259.1800,259.1800,201
2025-01-02 17:28:00,259.2000,259.4000,259.2000,259.2000,409
2025-01-02 17:29:00,259.4000,259.4400,259.4000,259.4400,42
2025-01-02 17:30:00,259.4000,259.8200,259.3800,259.4100,1082
2025-01-02 17:31:00,259.2000,259.2000,259.1000,259.1000,30
2025-01-02 17:32:00,259.4000,259.5000,259.4000,259.5000,2
2025-01-02 17:33:00,259.7900,259.8000,258.7000,258.7000,95
2025-01-02 17:34:00,259.5000,259.5000,258.6545,259.5000,15
2025-01-02 17:35:00,259.8900,259.8900,259.8900,259.8900,1
2025-01-02 17:36:00,259.1100,259.1100,259.1100,259.1100,1
2025-01-02 17:37:00,258.6320,259.1100,258.6320,259.1100,8
2025-01-02 17:38:00,259.4900,259.4900,259.4900,259.4900,1
2025-01-02 17:40:00,259.1500,259.5000,259.1500,259.5000,10
2025-01-02 17:41:00,259.5000,259.5000,259.4900,259.4900,12
2025-01-02 17:42:00,259.4900,259.5000,259.1100,259.4875,152
2025-01-02 17:43:00,259.5000,259.5000,259.4800,259.4800,8
2025-01-02 17:44:00,259.5000,259.5000,259.5000,259.5000,13
2025-01-02 17:45:00,259.0760,259.4700,259.0760,259.4700,68
2025-01-02 17:46:00,259.4700,259.9900,259.4700,259.5100,209
2025-01-02 17:48:00,259.5000,260.0000,259.5000,259.7500,45
2025-01-02 17:50:00,259.5100,260.0000,259.5100,259.7700,26
2025-01-02 17:51:00,259.8000,259.8000,259.5100,259.8000,51
2025-01-02 17:52:00,259.6500,259.9900,259.5100,259.7500,62
2025-01-02 17:53:00,260.0000,260.0000,259.9000,259.9000,8
2025-01-02 17:54:00,259.9000,259.9500,259.2800,259.9330,324
2025-01-02 17:55:00,259.3300,259.7800,259.2501,259.7800,200
2025-01-02 17:56:00,259.2500,259.6000,259.2500,259.5900,23
2025-01-02 17:57:00,259.2500,259.6000,259.2500,259.2501,211
2025-01-02 17:58:00,259.2500,259.2500,258.6600,259.0100,472
2025-01-02 17:59:00,259.0100,259.0100,258.6500,259.0100,339
2025-01-02 18:00:00,259.0100,259.1900,259.0100,259.1900,211
2025-01-02 18:01:00,259.6300,259.6300,259.0101,259.0101,50
2025-01-02 18:02:00,259.0101,259.0101,259.0101,259.0101,1
2025-01-02 18:03:00,259.6000,259.6000,258.7400,259.0000,937
2025-01-02 18:04:00,258.9000,259.1899,258.9000,258.9000,53
2025-01-02 18:05:00,258.9000,258.9000,258.9000,258.9000,18
2025-01-02 18:06:00,258.8900,258.8900,258.8900,258.8900,1
2025-01-02 18:07:00,258.9000,259.1800,258.8500,258.8500,52
2025-01-02 18:08:00,258.7400,259.0000,258.7400,258.7400,98
2025-01-02 18:09:00,258.8900,258.8900,258.8900,258.8900,1
2025-01-02 18:10:00,259.1800,259.1800,259.1800,259.1800,2
2025-01-02 18:11:00,258.7400,258.7400,258.7400,258.7400,3
2025-01-02 18:12:00,258.7029,258.8900,258.7029,258.8900,13
2025-01-02 18:14:00,258.8400,258.8400,258.8400,258.8400,22
2025-01-02 18:15:00,259.0000,259.0000,258.5000,258.5000,939
2025-01-02 18:16:00,258.5000,258.9500,258.5000,258.9500,39
2025-01-02 18:17:00,258.8000,258.8000,258.6900,258.6900,101
2025-01-02 18:18:00,258.4500,258.4500,258.4500,258.4500,3
2025-01-02 18:19:00,258.4395,258.4395,258.4395,258.4395,40
2025-01-02 18:20:00,258.6800,258.6800,258.6800,258.6800,10
2025-01-02 18:21:00,258.6500,258.6600,258.5900,258.6000,222
2025-01-02 18:22:00,258.4500,258.6190,258.4000,258.6190,6
2025-01-02 18:23:00,258.6400,258.6700,258.6400,258.6700,39
2025-01-02 18:24:00,258.6700,258.6700,258.6700,258.6700,5
2025-01-02 18:25:00,258.3501,258.3501,258.3501,258.3501,30
2025-01-02 18:26:00,258.3500,258.4200,258.3000,258.3200,562
2025-01-02 18:27:00,258.3200,258.5400,258.3000,258.3100,228
2025-01-02 18:28:00,258.3400,258.5300,258.3200,258.5300,301
2025-01-02 18:29:00,258.3900,258.3900,258.3900,258.3900,12
2025-01-02 18:30:00,258.4100,258.6000,258.3700,258.3800,171
2025-01-02 18:31:00,258.4000,258.6500,258.3800,258.6500,172
2025-01-02 18:32:00,258.5300,258.5300,258.5200,258.5300,11
2025-01-02 18:33:00,258.4000,258.6700,258.4000,258.6700,24
2025-01-02 18:34:00,258.5200,258.5200,258.5000,258.5000,51
2025-01-02 18:37:00,258.5300,258.5300,258.3200,258.3200,655
2025-01-02 18:38:00,258.3800,258.6700,258.3800,258.6700,11
2025-01-02 18:39:00,258.3200,258.5100,258.3200,258.5100,133
2025-01-02 18:40:00,258.3500,258.6600,258.3500,258.6600,26
2025-01-02 18:41:00,258.4000,258.4000,258.3200,258.3200,100
2025-01-02 18:42:00,258.6400,258.6400,258.6400,258.6400,2
2025-01-02 18:43:00,258.5100,258.5100,258.3500,258.3700,104
2025-01-02 18:44:00,258.5100,258.5100,258.3000,258.3000,430
2025-01-02 18:45:00,258.3100,258.3100,258.3000,258.3000,253
2025-01-02 18:46:00,258.3000,258.3072,258.3000,258.3000,305
2025-01-02 18:47:00,258.5000,258.5000,258.3200,258.3200,5
2025-01-02 18:48:00,258.3000,258.5900,258.3000,258.3500,16
2025-01-02 18:49:00,258.4100,258.6000,258.3600,258.4000,294
2025-01-02 18:50:00,258.6000,258.6000,258.4000,258.4000,22
2025-01-02 18:51:00,258.5800,258.5800,258.4100,258.4100,9
2025-01-02 18:53:00,258.6000,258.6000,258.4200,258.4800,29
2025-01-02 18:54:00,258.5890,258.6600,258.4600,258.4600,312
2025-01-02 18:55:00,258.6000,258.6000,258.5000,258.6000,226
2025-01-02 18:56:00,258.6000,258.6000,258.6000,258.6000,31
2025-01-02 18:57:00,258.6000,258.6000,258.6000,258.6000,15
2025-01-02 18:58:00,258.5300,258.6500,258.5100,258.6500,118
2025-01-02 18:59:00,258.6600,258.6700,258.4100,258.6700,1413
2025-01-02 19:00:00,259.0000,259.0000,258.7000,258.7000,46
2025-01-02 19:01:00,258.8600,258.8600,258.8600,258.8600,10
2025-01-02 19:02:00,258.8600,258.9989,258.8600,258.9800,105
2025-01-02 19:03:00,258.9800,258.9800,258.9800,258.9800,3
2025-01-02 19:04:00,259.0000,259.0000,259.0000,259.0000,2
2025-01-02 19:05:00,258.9800,258.9800,258.9800,258.9800,6
2025-01-02 19:06:00,258.8600,258.9800,258.8600,258.9800,3
2025-01-02 19:08:00,258.9800,259.5000,258.8600,259.1800,1286
2025-01-02 19:09:00,259.5000,259.5000,259.4900,259.4900,7
2025-01-02 19:10:00,259.4900,259.4900,259.4900,259.4900,18
2025-01-02 19:11:00,258.9100,258.9100,258.9100,258.9100,5
2025-01-02 19:12:00,259.3300,259.3300,259.0100,259.0100,70
2025-01-02 19:13:00,259.3300,259.3300,259.3300,259.3300,1
2025-01-02 19:14:00,259.3000,259.3000,259.0100,259.0100,421
2025-01-02 19:15:00,259.3300,259.3399,259.3300,259.3399,32
2025-01-02 19:16:00,259.0000,259.0900,258.8400,259.0900,25
2025-01-02 19:17:00,258.9000,259.0800,258.8600,259.0800,12
2025-01-02 19:18:00,259.0800,259.2000,259.0800,259.1800,125
2025-01-02 19:19:00,258.8700,259.2900,258.8700,259.2000,23
2025-01-02 19:20:00,259.0300,259.0300,258.8900,258.8900,5
2025-01-02 19:21:00,259.2000,259.2700,259.1500,259.1500,3
2025-01-02 19:22:00,258.9800,259.0200,258.9100,259.0200,119
2025-01-02 19:23:00,259.1000,259.1000,258.8900,258.8900,104
2025-01-02 19:24:00,259.2000,259.2000,258.8800,258.8800,11
2025-01-02 19:25:00,259.2000,259.2000,259.0400,259.0500,35
2025-01-02 19:26:00,259.0500,259.2000,259.0500,259.2000,43
2025-01-02 19:27:00,259.0500,259.2100,259.0500,259.2100,30
2025-01-02 19:28:00,259.2700,259.2800,259.2700,259.2800,50
2025-01-02 19:29:00,259.2800,259.2800,259.2800,259.2800,1
2025-01-02 19:30:00,259.2800,259.5000,259.2800,259.5000,39
2025-01-02 19:31:00,259.3400,259.3400,259.3400,259.3400,98
2025-01-02 19:33:00,259.4400,259.4400,259.4400,259.4400,11
2025-01-02 19:34:00,259.3300,259.3300,259.3300,259.3300,58
2025-01-02 19:35:00,259.4000,259.5000,259.4000,259.4400,33
2025-01-02 19:36:00,259.3200,259.4900,259.2500,259.4900,533
2025-01-02 19:37:00,259.2500,259.3000,259.2200,259.2200,25
2025-01-02 19:38:00,259.4900,259.5000,259.4900,259.5000,80
2025-01-02 19:39:00,259.3400,259.4900,259.0000,259.4900,621
2025-01-02 19:40:00,259.4600,259.4900,259.3000,259.4900,532
2025-01-02 19:41:00,259.2560,259.4900,259.2560,259.4900,16
2025-01-02 19:42:00,259.4900,259.5000,259.3500,259.3500,21
2025-01-02 19:43:00,259.2750,259.5200,259.2750,259.5000,773
2025-01-02 19:44:00,259.5000,259.5000,259.3000,259.3000,38
2025-01-02 19:45:00,259.3000,259.4500,259.3000,259.3500,707
2025-01-02 19:46:00,259.3000,259.3000,259.2500,259.2500,35
2025-01-02 19:47:00,259.2501,259.6700,259.2501,259.4000,146
2025-01-02 19:48:00,259.4000,259.5000,259.3000,259.5000,11
2025-01-02 19:49:00,259.3000,259.4000,259.2500,259.2500,225
2025-01-02 19:50:00,259.2500,259.2500,259.2500,259.2500,150
2025-01-02 19:51:00,259.2600,259.4000,259.2000,259.4000,146
2025-01-02 19:52:00,259.1000,259.1000,259.1000,259.1000,21
2025-01-02 19:53:00,259.0600,259.2000,259.0600,259.2000,676
2025-01-02 19:54:00,259.1000,259.2000,259.0437,259.1900,17
2025-01-02 19:55:00,259.0600,259.4000,259.0300,259.1000,67
2025-01-02 19:56:00,259.0900,259.1000,259.0100,259.0100,33
2025-01-02 19:57:00,259.2000,259.2000,259.0600,259.0600,114
2025-01-02 19:58:00,259.2900,259.3900,258.8000,258.8000,80
2025-01-02 19:59:00,259.1300,259.4000,259.0100,259.0100,365
2025-01-03 04:00:00,257.2700,258.1200,255.7800,256.7000,370
2025-01-03 04:01:00,256.4700,256.9300,256.4700,256.9000,639
2025-01-03 04:02:00,257.0000,257.7900,256.7700,257.7900,1638
2025-01-03 04:03:00,257.1000,257.5900,257.1000,257.5900,13
2025-01-03 04:04:00,257.3200,257.5900,257.3100,257.5400,272
2025-01-03 04:05:00,257.5200,257.5200,256.9900,256.9900,448
2025-01-03 04:06:00,257.2100,257.2100,257.1100,257.2100,858
2025-01-03 04:07:00,257.2100,257.2500,257.2100,257.2500,130
2025-01-03 04:08:00,257.2100,257.4900,257.0400,257.3500,232
2025-01-03 04:09:00,257.5000,257.5500,257.4800,257.5500,194
2025-01-03 04:10:00,257.4800,257.5600,257.3000,257.3000,213
2025-01-03 04:11:00,257.6200,257.6200,257.5900,257.5900,70
2025-01-03 04:12:00,257.5700,257.5700,257.3600,257.3600,16
2025-01-03 04:13:00,257.5600,257.5800,257.4100,257.4100,41
2025-01-03 04:14:00,257.5700,257.6000,257.2900,257.2900,533
2025-01-03 04:15:00,257.5600,257.6000,257.5100,257.6000,71
2025-01-03 04:16:00,257.5100,257.6100,257.3600,257.4200,342
2025-01-03 04:17:00,257.6600,257.9500,257.6600,257.9000,350
2025-01-03 04:18:00,257.8000,257.9000,257.8000,257.9000,22
2025-01-03 04:19:00,257.9800,258.2500,257.9800,258.0900,757
2025-01-03 04:20:00,258.1300,258.6100,258.1300,258.6000,87
2025-01-03 04:21:00,258.1200,258.6000,258.1200,258.5000,32
2025-01-03 04:22:00,258.5000,258.6800,258.4800,258.4800,23
2025-01-03 04:23:00,258.4300,258.4300,258.4300,258.4300,20
2025-01-03 04:24:00,258.5000,258.7600,258.3700,258.7600,290
2025-01-03 04:25:00,258.5800,258.8000,258.5800,258.8000,126
2025-01-03 04:26:00,258.8100,258.8300,258.7900,258.7900,96
2025-01-03 04:27:00,258.7900,258.7900,258.6100,258.6100,121
2025-01-03 04:29:00,258.8600,258.9300,258.7900,258.8600,91
2025-01-03 04:30:00,258.6800,258.6800,258.4300,258.4300,34
2025-01-03 04:31:00,258.8300,258.8500,258.4500,258.8300,9
2025-01-03 04:32:00,258.8400,258.8400,258.7700,258.7900,10
2025-01-03 04:33:00,258.8000,258.8000,258.8000,258.8000,2
2025-01-03 04:34:00,258.7700,258.7900,258.6400,258.6400,75
2025-01-03 04:35:00,258.7900,258.8000,258.7900,258.8000,12
2025-01-03 04:37:00,258.5400,258.7700,258.4800,258.7700,81
2025-01-03 04:38:00,258.7800,258.7900,258.7800,258.7900,68
2025-01-03 04:39:00,258.7900,258.7900,258.7900,258.7900,25
2025-01-03 04:40:00,258.7800,258.8200,258.7800,258.7900,637
2025-01-03 04:42:00,258.7600,258.7700,258.7600,258.7700,100
2025-01-03 04:43:00,258.7900,258.9000,258.6700,258.8700,342
2025-01-03 04:44:00,258.7200,258.7800,258.7200,258.7800,82
2025-01-03 04:45:00,258.6900,258.6900,258.6900,258.6900,5
2025-01-03 04:46:00,258.6500,258.6500,258.6000,258.6000,241
2025-01-03 04:47:00,258.6500,258.6500,258.6500,258.6500,15
2025-01-03 04:48:00,258.6000,258.6000,258.2500,258.4000,273
2025-01-03 04:50:00,258.3000,258.4900,258.3000,258.4300,115
2025-01-03 04:51:00,258.5500,258.5500,258.5400,258.5400,41
2025-01-03 04:52:00,258.5700,258.5700,258.5700,258.5700,4
2025-01-03 04:53:00,258.5500,258.5700,258.5500,258.5700,4
2025-01-03 04:55:00,258.5600,258.5700,258.2000,258.3000,766
2025-01-03 04:56:00,258.2900,258.2900,258.0900,258.0900,150
2025-01-03 04:57:00,258.1000,258.1000,258.1000,258.1000,1
2025-01-03 04:58:00,258.2800,258.2800,258.2800,258.2800,37
2025-01-03 05:00:00,258.2600,258.2600,257.9500,257.9500,976
2025-01-03 05:01:00,257.9500,257.9500,257.8000,257.8900,570
2025-01-03 05:02:00,257.8000,257.8300,257.8000,257.8300,114
2025-01-03 05:03:00,258.1100,258.1400,258.0100,258.1400,13
2025-01-03 05:04:00,258.0100,258.1800,258.0100,258.1400,13
2025-01-03 05:06:00,258.1400,258.1400,258.0900,258.0900,35
2025-01-03 05:07:00,258.1300,258.1500,258.0900,258.1500,110
2025-01-03 05:08:00,257.9800,258.0700,257.9700,258.0700,150
2025-01-03 05:11:00,258.0700,258.0700,258.0700,258.0700,16
2025-01-03 05:12:00,258.2400,258.2400,258.0600,258.0600,171
2025-01-03 05:13:00,258.0600,258.0600,258.0600,258.0600,2
2025-01-03 05:15:00,258.3500,258.4300,258.3000,258.4300,146
2025-01-03 05:16:00,258.3000,258.4400,258.1800,258.4400,148
2025-01-03 05:17:00,258.4400,258.4400,258.3500,258.3500,22
2025-01-03 05:18:00,258.3300,258.3300,258.0700,258.0700,26
2025-01-03 05:19:00,258.3300,258.3300,258.3300,258.3300,23
2025-01-03 05:20:00,258.3200,258.3500,258.3000,258.3200,128
2025-01-03 05:22:00,258.1100,258.1100,258.0500,258.1000,296
2025-01-03 05:23:00,258.1500,258.1700,258.1300,258.1300,59
2025-01-03 05:24:00,257.9500,258.1800,257.9500,258.1200,249
2025-01-03 05:25:00,258.2200,258.2200,258.2200,258.2200,24
2025-01-03 05:26:00,258.0200,258.0200,258.0000,258.0200,55
2025-01-03 05:27:00,258.1100,258.1100,258.1100,258.1100,100
2025-01-03 05:28:00,258.1800,258.1800,258.1800,258.1800,38
2025-01-03 05:29:00,258.1100,258.2000,258.1000,258.1900,128
2025-01-03 05:30:00,258.1900,258.2000,258.1900,258.2000,20
2025-01-03 05:32:00,258.1100,258.2000,258.1100,258.2000,8
2025-01-03 05:33:00,258.1500,258.2000,258.1500,258.2000,19
2025-01-03 05:34:00,258.2000,258.2000,258.2000,258.2000,165
2025-01-03 05:35:00,258.1200,258.1200,258.0100,258.0100,87
2025-01-03 05:37:00,258.0100,258.2200,258.0100,258.1000,190
2025-01-03 05:38:00,258.2200,258.2200,258.0000,258.0000,62
2025-01-03 05:39:00,258.0100,258.1500,258.0100,258.1000,79
2025-01-03 05:40:00,258.2300,258.2300,258.0400,258.0400,126
2025-01-03 05:41:00,258.2000,258.2000,258.1000,258.1000,5
2025-01-03 05:42:00,258.1600,258.1900,258.0700,258.0700,94
2025-01-03 05:43:00,258.1000,258.1000,258.0000,258.0900,75
2025-01-03 05:45:00,258.0400,258.1000,258.0400,258.1000,113
2025-01-03 05:46:00,258.0400,258.1000,258.0400,258.1000,49
2025-01-03 05:47:00,258.0300,258.1300,258.0300,258.1300,24
2025-01-03 05:48:00,258.1000,258.1000,257.9900,257.9900,14
2025-01-03 05:49:00,258.0000,258.0000,258.0000,258.0000,3
2025-01-03 05:50:00,258.0800,258.0800,257.6500,257.7400,438
2025-01-03 05:51:00,257.8500,257.8500,257.6000,257.6200,291
2025-01-03 05:52:00,257.5800,257.5800,257.3400,257.4200,332
2025-01-03 05:53:00,257.4200,257.4200,257.0300,257.0400,550
2025-01-03 05:54:00,257.2800,257.4200,257.1900,257.1900,622
2025-01-03 05:55:00,257.2300,257.2300,257.2300,257.2300,2
2025-01-03 05:57:00,257.3300,257.5700,257.3300,257.5700,93
2025-01-03 05:58:00,257.5100,257.5100,257.5100,257.5100,65
2025-01-03 05:59:00,257.5200,257.6000,257.5100,257.5100,78
2025-01-03 06:00:00,257.5000,257.6500,257.5000,257.6500,90
2025-01-03 06:01:00,257.6500,257.8900,257.6500,257.8900,731
2025-01-03 06:02:00,257.9900,258.2100,257.7600,258.2100,463
2025-01-03 06:03:00,258.0200,258.1300,258.0200,258.1300,129
2025-01-03 06:04:00,258.1300,258.1300,257.8800,257.8800,66
2025-01-03 06:05:00,258.1600,258.1700,258.1300,258.1700,47
2025-01-03 06:06:00,258.1500,258.2200,258.0400,258.0400,124
2025-01-03 06:07:00,257.7800,258.0400,257.7800,257.7800,35
2025-01-03 06:08:00,257.8100,257.9800,257.7900,257.9800,73
2025-01-03 06:10:00,257.8100,257.8100,257.7900,257.7900,31
2025-01-03 06:11:00,257.9800,257.9800,257.9800,257.9800,1
2025-01-03 06:12:00,258.1100,258.1100,257.8300,257.8300,35
2025-01-03 06:14:00,257.9000,257.9000,257.9000,257.9000,80
2025-01-03 06:15:00,257.9000,258.0000,257.9000,257.9500,101
2025-01-03 06:16:00,258.0500,258.0500,257.9000,257.9000,30
2025-01-03 06:19:00,257.9000,257.9000,257.9000,257.9000,1
2025-01-03 06:20:00,257.9600,257.9600,257.9600,257.9600,20
2025-01-03 06:21:00,257.9100,257.9100,257.9100,257.9100,60
2025-01-03 06:22:00,258.1300,258.1300,258.1300,258.1300,34
2025-01-03 06:23:00,258.1300,258.1300,258.0000,258.0000,41
2025-01-03 06:24:00,258.2400,258.7100,258.1300,258.7100,418
2025-01-03 06:25:00,258.6700,258.7900,258.4200,258.4200,445
2025-01-03 06:26:00,258.4200,258.5300,258.4200,258.5300,12
2025-01-03 06:27:00,258.5900,258.5900,258.5000,258.5300,75
2025-01-03 06:28:00,258.4400,258.5300,258.4400,258.5300,51
2025-01-03 06:29:00,258.5300,258.7800,258.4200,258.5500,130
2025-01-03 06:30:00,258.5500,258.5500,258.5500,258.5500,9
2025-01-03 06:31:00,258.5900,258.8000,258.5900,258.8000,1578
2025-01-03 06:32:00,258.8000,258.8500,258.7800,258.7800,505
2025-01-03 06:33:00,258.8000,258.8000,258.6900,258.7200,159
2025-01-03 06:34:00,258.8000,258.8200,258.8000,258.8200,85
2025-01-03 06:38:00,258.8500,258.8500,258.8500,258.8500,69
2025-01-03 06:39:00,258.7900,258.8800,258.7900,258.8800,104
2025-01-03 06:40:00,258.8000,258.8000,258.7500,258.8000,22
2025-01-03 06:41:00,258.8600,258.8600,258.8000,258.8000,31
2025-01-03 06:42:00,258.7900,258.8000,258.5600,258.5600,440
2025-01-03 06:43:00,258.6600,258.6700,258.6600,258.6700,27
2025-01-03 06:44:00,258.6900,258.7600,258.6800,258.6800,171
2025-01-03 06:45:00,258.6900,258.7900,258.6900,258.7900,21
2025-01-03 06:46:00,258.6300,258.7900,258.6300,258.7900,89
2025-01-03 06:47:00,258.7900,258.8000,258.7900,258.7900,33
2025-01-03 06:48:00,258.7900,258.8000,258.7900,258.8000,32
2025-01-03 06:49:00,258.8600,258.8900,258.8500,258.8800,201
2025-01-03 06:50:00,258.7900,258.7900,258.6900,258.6900,42
2025-01-03 06:51:00,258.8100,258.8800,258.8100,258.8800,76
2025-01-03 06:52:00,258.9200,259.0200,258.8500,258.8500,220
2025-01-03 06:53:00,259.0600,259.4300,259.0600,259.4300,106
2025-01-03 06:54:00,259.2000,259.2100,259.2000,259.2000,15
2025-01-03 06:55:00,259.2600,259.2600,259.2600,259.2600,2
2025-01-03 06:56:00,259.1800,259.1800,259.1500,259.1500,26
2025-01-03 06:57:00,259.1500,259.1500,258.6700,259.1500,11
2025-01-03 06:58:00,259.0900,259.0900,259.0900,259.0900,2
2025-01-03 06:59:00,259.0700,259.0700,258.8900,258.8900,80
2025-01-03 07:00:00,259.0200,259.1600,258.7300,258.7300,1490
2025-01-03 07:01:00,258.7000,258.7300,258.6700,258.6700,176
2025-01-03 07:02:00,258.6200,258.6200,258.5800,258.5800,38
2025-01-03 07:03:00,258.5800,258.7900,258.5700,258.7900,453
2025-01-03 07:04:00,258.7900,258.9000,258.7900,258.8300,359
2025-01-03 07:05:00,258.6300,258.6300,258.4200,258.4200,34
2025-01-03 07:06:00,258.6300,258.6400,258.3600,258.5700,1288
2025-01-03 07:07:00,258.5000,258.5200,258.3500,258.3500,88
2025-01-03 07:08:00,258.6000,258.7500,258.4800,258.7500,502
2025-01-03 07:09:00,258.5300,258.6600,258.4300,258.6600,274
2025-01-03 07:10:00,258.5200,258.6600,258.5200,258.6600,6
2025-01-03 07:11:00,258.5600,258.7500,258.5400,258.7500,227
2025-01-03 07:12:00,258.7500,258.8400,258.7500,258.8400,95
2025-01-03 07:13:00,258.7900,258.7900,258.7900,258.7900,2
2025-01-03 07:14:00,258.9300,258.9400,258.6700,258.6700,81
2025-01-03 07:15:00,258.8000,258.8000,258.7600,258.7600,52
2025-01-03 07:16:00,258.7600,258.7600,258.5000,258.5000,219
2025-01-03 07:17:00,258.7800,258.7800,258.4900,258.4900,110
2025-01-03 07:18:00,258.5000,258.7600,258.4900,258.5200,117
2025-01-03 07:20:00,258.4300,258.5200,258.3800,258.5200,49
2025-01-03 07:21:00,258.5200,258.5410,258.5200,258.5410,117
2025-01-03 07:22:00,258.5500,258.5500,258.5500,258.5500,22
2025-01-03 07:23:00,258.7600,258.7600,258.7000,258.7000,35
2025-01-03 07:24:00,258.6000,258.6000,258.6000,258.6000,16
2025-01-03 07:25:00,258.6000,258.6500,258.5600,258.6500,29
2025-01-03 07:26:00,258.6900,258.6900,258.6900,258.6900,8
2025-01-03 07:27:00,258.6500,258.9400,258.6500,258.9400,803
2025-01-03 07:28:00,258.9300,258.9500,258.9300,258.9500,260
2025-01-03 07:29:00,258.9900,259.0700,258.9500,259.0700,84
2025-01-03 07:30:00,258.7900,259.0000,258.7900,258.9500,187
2025-01-03 07:31:00,258.9500,258.9500,258.9500,258.9500,16
2025-01-03 07:33:00,258.9100,258.9100,258.9100,258.9100,20
2025-01-03 07:34:00,258.8500,258.8500,258.8500,258.8500,30
2025-01-03 07:35:00,258.8700,258.8700,258.8000,258.8000,60
2025-01-03 07:36:00,258.8000,258.8000,258.7800,258.7900,152
2025-01-03 07:37:00,258.8000,258.8100,258.7900,258.7900,18
2025-01-03 07:38:00,258.9200,258.9400,258.9200,258.9400,8
2025-01-03 07:39:00,258.8000,258.9100,258.8000,258.8900,16
2025-01-03 07:40:00,258.8800,258.9000,258.8800,258.9000,21
2025-01-03 07:41:00,258.8800,258.8800,258.6200,258.7600,91
2025-01-03 07:42:00,258.8300,258.8300,258.5800,258.5800,330
2025-01-03 07:43:00,258.5800,258.6000,258.4400,258.4400,366
2025-01-03 07:44:00,258.4300,258.4300,258.4300,258.4300,1
2025-01-03 07:45:00,258.5200,258.6800,258.5200,258.6800,406
2025-01-03 07:46:00,258.6800,258.6800,258.6300,258.6800,253
2025-01-03 07:47:00,258.5200,258.5200,258.3500,258.5000,169
2025-01-03 07:48:00,258.3800,258.3800,258.3800,258.3800,1
2025-01-03 07:49:00,258.4900,258.5200,258.3600,258.5200,506
2025-01-03 07:50:00,258.5300,258.8500,258.5300,258.8500,218
2025-01-03 07:51:00,258.7100,258.8900,258.7100,258.8800,761
2025-01-03 07:52:00,258.8000,258.9000,258.8000,258.8800,320
2025-01-03 07:53:00,258.8800,258.8800,258.8800,258.8800,1
2025-01-03 07:54:00,258.8600,258.8900,258.7900,258.8900,158
2025-01-03 07:55:00,258.9800,258.9800,258.9000,258.9100,58
2025-01-03 07:56:00,258.8800,258.9400,258.8800,258.9400,20
2025-01-03 07:57:00,259.0000,259.1000,259.0000,259.1000,522
2025-01-03 07:58:00,259.0500,259.0900,259.0500,259.0900,101
2025-01-03 07:59:00,258.9900,258.9900,258.9900,258.9900,150
2025-01-03 08:00:00,258.7900,259.5000,256.2100,258.5200,11455
2025-01-03 08:01:00,258.6600,259.2000,258.3275,258.9400,107
2025-01-03 08:02:00,258.9900,258.9900,258.5300,258.7700,602
2025-01-03 08:03:00,258.5500,258.9500,258.5300,258.7400,1246
2025-01-03 08:04:00,258.9100,259.3100,258.8000,259.0300,974
2025-01-03 08:05:00,258.8600,259.0100,258.7500,258.8900,490
2025-01-03 08:06:00,259.0200,259.2900,259.0200,259.0500,141
2025-01-03 08:07:00,259.0200,259.3300,258.9600,259.3300,130
2025-01-03 08:08:00,259.3800,259.4200,259.1900,259.3800,666
2025-01-03 08:09:00,259.3800,259.3800,259.0600,259.0600,122
2025-01-03 08:10:00,259.0500,259.3800,259.0000,259.3800,96
2025-01-03 08:11:00,259.2200,259.3800,259.1000,259.3300,94
2025-01-03 08:12:00,259.2100,259.3800,259.1100,259.1100,299
2025-01-03 08:13:00,259.2200,259.2200,259.0600,259.0700,680
2025-01-03 08:14:00,259.0700,259.3400,259.0700,259.1500,501
2025-01-03 08:15:00,259.0800,259.1900,258.5700,258.8000,1812
2025-01-03 08:16:00,258.5900,258.7800,258.5500,258.5700,36
2025-01-03 08:17:00,258.5600,259.0400,258.4500,258.9300,1471
2025-01-03 08:18:00,259.0700,259.0700,258.6150,258.9000,6
2025-01-03 08:19:00,258.8285,258.9300,258.7000,258.7000,41
2025-01-03 08:20:00,258.6200,259.0700,258.5900,259.0700,265
2025-01-03 08:21:00,258.8600,259.0700,258.7650,258.8000,111
2025-01-03 08:22:00,258.7100,259.0700,258.6400,259.0700,551
2025-01-03 08:23:00,259.0600,259.0700,258.9400,259.0600,571
2025-01-03 08:24:00,258.8500,259.0200,258.8500,259.0200,110
2025-01-03 08:25:00,259.0600,259.0700,258.8400,258.8500,329
2025-01-03 08:26:00,259.3700,259.3700,258.9950,259.1900,204
2025-01-03 08:27:00,259.0000,259.0400,258.9600,259.0101,93
2025-01-03 08:28:00,259.0100,259.3400,258.9300,258.9500,297
2025-01-03 08:29:00,258.9600,258.9600,258.9600,258.9600,15
2025-01-03 08:30:00,259.0000,259.1900,258.9000,258.9100,67
2025-01-03 08:31:00,259.0250,259.1600,259.0250,259.1600,24
2025-01-03 08:32:00,259.1600,259.1600,259.0000,259.0000,14
2025-01-03 08:33:00,259.0000,259.3008,258.9000,259.3008,115
2025-01-03 08:34:00,259.2400,259.2400,259.0000,259.0900,162
2025-01-03 08:35:00,259.3400,259.3400,259.0100,259.0100,62
2025-01-03 08:36:00,259.2400,259.3300,259.0700,259.3000,449
2025-01-03 08:37:00,259.2800,259.2817,259.0000,259.2000,340
2025-01-03 08:38:00,259.2000,259.3400,258.9000,259.0200,228
2025-01-03 08:39:00,259.1400,259.1400,259.0000,259.0000,11
2025-01-03 08:40:00,259.0500,259.1500,258.9000,258.9300,9
2025-01-03 08:41:00,259.1200,259.1400,258.8800,259.0500,209
2025-01-03 08:42:00,259.1200,259.3100,259.1200,259.1400,283
2025-01-03 08:43:00,259.3500,259.4800,259.0700,259.0700,1258
2025-01-03 08:44:00,259.1500,259.5000,258.8603,259.3000,170
2025-01-03 08:45:00,259.2500,259.4900,259.2500,259.2500,28
2025-01-03 08:46:00,259.4400,259.5000,259.1400,259.2700,253
2025-01-03 08:47:00,259.4800,259.5000,259.0100,259.4400,103
2025-01-03 08:48:00,259.0000,259.4500,259.0000,259.4500,34
2025-01-03 08:49:00,259.4800,259.4800,259.0500,259.1200,265
2025-01-03 08:50:00,259.4900,259.4900,259.0700,259.2300,350
2025-01-03 08:51:00,259.0700,259.1900,258.9100,259.1100,414
2025-01-03 08:52:00,259.2600,259.3000,259.1000,259.2500,235
2025-01-03 08:53:00,258.9300,259.4500,258.9300,259.4500,891
2025-01-03 08:54:00,259.1600,259.4500,259.1600,259.4000,186
2025-01-03 08:55:00,259.1200,259.1200,259.1200,259.1200,37
2025-01-03 08:56:00,259.4000,259.4000,258.9000,259.0000,199
2025-01-03 08:57:00,258.9000,259.1200,258.8600,259.1200,186
2025-01-03 08:58:00,259.0000,259.0000,258.8800,259.0000,953
2025-01-03 08:59:00,259.0000,259.0000,258.8800,259.0000,456
2025-01-03 09:00:00,258.9700,259.1200,258.8600,259.0100,224
2025-01-03 09:01:00,259.1600,259.3900,259.0600,259.2100,432
2025-01-03 09:02:00,259.2500,259.2500,259.2500,259.2500,5
2025-01-03 09:03:00,259.1900,259.4600,259.1000,259.4600,48
2025-01-03 09:04:00,259.4600,259.4600,259.1500,259.2900,57
2025-01-03 09:05:00,259.2900,259.4300,259.0000,259.2900,542
2025-01-03 09:06:00,259.4800,259.5000,259.2501,259.5000,2695
2025-01-03 09:07:00,259.5000,259.5000,259.3100,259.4800,71
2025-01-03 09:08:00,259.5000,259.8900,259.2600,259.7800,4446
2025-01-03 09:09:00,259.3500,259.9995,259.3500,259.9400,1362
2025-01-03 09:10:00,259.9400,260.2100,259.5500,260.0000,1297
2025-01-03 09:11:00,260.0900,260.5000,259.6175,259.6175,903
2025-01-03 09:12:00,260.0500,260.3000,259.7600,260.0000,410
2025-01-03 09:13:00,259.7600,260.0500,259.7600,260.0500,929
2025-01-03 09:14:00,260.0000,260.3000,259.9000,260.0000,652
2025-01-03 09:15:00,260.0500,260.3000,259.9100,260.1400,254
2025-01-03 09:16:00,260.1100,260.3000,260.0200,260.2695,281
2025-01-03 09:17:00,260.1500,260.3000,259.9000,260.1300,1250
2025-01-03 09:18:00,260.2300,260.2900,259.8600,260.2900,236
2025-01-03 09:19:00,260.3000,260.7300,260.2100,260.5500,1362
2025-01-03 09:20:00,260.5000,260.9500,260.3900,260.4000,552
2025-01-03 09:21:00,260.2300,260.9000,260.2300,260.3101,414
2025-01-03 09:22:00,260.5900,260.9800,257.2500,260.9000,1226
2025-01-03 09:23:00,260.9780,261.7000,260.7000,261.7000,1463
2025-01-03 09:24:00,261.0200,261.6900,260.7800,261.3900,1258
2025-01-03 09:25:00,260.9800,261.6900,260.0800,261.4000,946
2025-01-03 09:26:00,261.0000,261.4900,260.2600,260.5000,797
2025-01-03 09:27:00,260.7400,261.4800,260.2000,260.3100,1332
2025-01-03 09:28:00,260.2500,260.2500,259.2800,259.5000,5591
2025-01-03 09:29:00,259.5200,259.8000,259.2000,259.6800,356
2025-01-03 09:30:00,259.8900,261.3345,258.5900,260.5700,115102
2025-01-03 09:31:00,260.4000,262.2000,260.4000,261.5000,49785
2025-01-03 09:32:00,261.0300,262.7100,260.0000,261.9200,36621
2025-01-03 09:33:00,262.5000,263.2750,262.1380,262.5300,29588
2025-01-03 09:34:00,262.2650,262.2650,261.0300,261.3600,23331
2025-01-03 09:35:00,261.3100,261.6500,259.7800,261.0100,33318
2025-01-03 09:36:00,261.0000,261.0000,259.4500,259.8000,29235
2025-01-03 09:37:00,259.6301,260.8000,259.6301,260.7050,31619
2025-01-03 09:38:00,260.8800,262.2500,260.8500,262.2500,22105
2025-01-03 09:39:00,262.0237,263.8500,261.9467,263.4600,51109
2025-01-03 09:40:00,263.3600,263.5199,261.5952,261.9600,28276
2025-01-03 09:41:00,262.2000,263.0600,262.1299,262.9850,14327
2025-01-03 09:42:00,262.8900,263.3300,262.4200,263.3300,14443
2025-01-03 09:43:00,263.1594,263.1594,261.9301,262.2700,16827
2025-01-03 09:44:00,262.3800,263.1899,262.2000,263.1500,20052
2025-01-03 09:45:00,262.8400,263.0000,261.1800,261.4500,23064
2025-01-03 09:46:00,261.5100,262.4000,261.5100,262.0700,15003
2025-01-03 09:47:00,262.1700,262.1900,260.1900,260.2000,22849
2025-01-03 09:48:00,260.4600,260.9769,259.2600,260.1694,30760
2025-01-03 09:49:00,259.9700,260.7600,259.9700,260.5800,16307
2025-01-03 09:50:00,260.8500,261.7443,260.6900,261.3612,18997
2025-01-03 09:51:00,261.2700,261.3699,259.0335,259.2310,29885
2025-01-03 09:52:00,259.6700,260.3309,259.4400,259.8600,15222
2025-01-03 09:53:00,259.7700,260.3500,259.5400,260.2000,13983
2025-01-03 09:54:00,260.0201,260.2354,259.5000,260.0006,8311
2025-01-03 09:55:00,260.1000,260.8495,259.9200,260.6500,9326
2025-01-03 09:56:00,260.5100,261.3600,260.1950,261.0100,13224
2025-01-03 09:57:00,261.1800,261.3900,260.7881,261.1200,7142
2025-01-03 09:58:00,261.0507,262.0700,260.9300,262.0700,13682
2025-01-03 09:59:00,262.2000,262.3600,261.7800,262.2050,14108
2025-01-03 10:00:00,262.4100,262.4123,260.7000,261.1400,13476
2025-01-03 10:01:00,260.7650,261.0300,259.7300,260.1500,13267
2025-01-03 10:02:00,260.4899,261.5400,260.0601,261.1048,22748
2025-01-03 10:03:00,261.1700,261.6900,260.9800,261.0264,5900
2025-01-03 10:04:00,261.7500,262.5300,261.6900,262.5300,13325
2025-01-03 10:05:00,262.3600,263.3100,262.1500,263.3060,27724
2025-01-03 10:06:00,263.1000,263.2900,262.2400,262.3750,17626
2025-01-03 10:07:00,262.3100,262.6700,261.6600,262.4100,14132
2025-01-03 10:08:00,262.5000,263.0000,262.0607,263.0000,13112
2025-01-03 10:09:00,262.8150,263.0000,262.4000,262.8365,11889
2025-01-03 10:10:00,262.8600,263.2950,262.7600,262.8600,18954
2025-01-03 10:11:00,262.8279,263.0000,261.8650,262.0100,27536
2025-01-03 10:12:00,261.9500,262.4000,261.1596,261.6500,21825
2025-01-03 10:13:00,261.8850,261.8850,261.4000,261.7446,5856
2025-01-03 10:14:00,261.6170,261.8800,261.3000,261.4540,7773
2025-01-03 10:15:00,261.5000,261.8978,261.0000,261.0000,11580
2025-01-03 10:16:00,261.0550,261.8900,260.7500,260.9800,11409
2025-01-03 10:17:00,260.9500,261.1200,260.0600,260.0700,28706
2025-01-03 10:18:00,260.0768,260.8700,259.8423,260.6800,21669
2025-01-03 10:19:00,260.8400,261.1230,260.5700,260.6900,10592
2025-01-03 10:20:00,261.0200,261.1300,259.3200,259.3900,23276
2025-01-03 10:21:00,259.3093,259.6500,259.1100,259.4500,11938
2025-01-03 10:22:00,259.7200,260.6990,259.6800,260.6990,9091
2025-01-03 10:23:00,260.8000,261.4900,260.6100,261.4400,10803
2025-01-03 10:24:00,261.5000,263.0000,261.4700,262.9525,16072
2025-01-03 10:25:00,262.8955,263.2400,262.4400,262.8300,18507
2025-01-03 10:26:00,263.0600,263.1500,262.5100,262.7900,11943
2025-01-03 10:27:00,263.0000,263.7700,262.9100,263.4700,31069
2025-01-03 10:28:00,263.5025,264.6500,263.3950,264.6300,39658
2025-01-03 10:29:00,264.6553,265.1384,264.6553,264.9700,27344
2025-01-03 10:30:00,264.9700,265.1000,263.9250,265.0000,38220
2025-01-03 10:31:00,264.9900,265.0000,264.3941,264.5700,13408
2025-01-03 10:32:00,264.7500,264.8700,264.2001,264.6050,10185
2025-01-03 10:33:00,264.5885,265.0748,264.5720,264.9600,16247
2025-01-03 10:34:00,264.9186,265.5600,264.5700,265.3700,24093
2025-01-03 10:35:00,265.4550,265.7700,264.7700,265.6300,18814
2025-01-03 10:36:00,265.5900,266.2500,265.2100,266.0000,27811
2025-01-03 10:37:00,266.1500,266.2500,265.7100,265.9350,25857
2025-01-03 10:38:00,265.8800,266.0499,265.4500,266.0499,18374
2025-01-03 10:39:00,265.9599,266.1300,265.5000,266.1300,18961
2025-01-03 10:40:00,265.9400,265.9400,265.3000,265.6750,11896
2025-01-03 10:41:00,265.7800,266.2500,265.7422,266.2300,17053
2025-01-03 10:42:00,266.2500,266.6600,266.2500,266.4200,19819
2025-01-03 10:43:00,266.4800,266.4800,266.0780,266.4100,6198
2025-01-03 10:44:00,266.4200,266.5200,265.7700,265.9900,14849
2025-01-03 10:45:00,265.8464,266.2000,265.7400,266.0800,8636
2025-01-03 10:46:00,266.0400,266.2000,265.3700,265.4950,14370
2025-01-03 10:47:00,265.3700,265.5000,265.0800,265.3327,12602
2025-01-03 10:48:00,265.1300,265.5100,264.7700,265.4000,16110
2025-01-03 10:49:00,265.2882,265.5000,264.7738,264.9902,9646
2025-01-03 10:50:00,264.9475,265.0700,264.2700,264.5970,9376
2025-01-03 10:51:00,264.8014,264.8014,264.3400,264.3400,9963
2025-01-03 10:52:00,264.3850,265.3851,264.3850,264.9950,8766
2025-01-03 10:53:00,265.0000,265.2000,264.8450,264.9000,5113
2025-01-03 10:54:00,265.2650,265.2650,264.9300,265.1000,4171
2025-01-03 10:55:00,265.1800,265.5000,264.8200,264.9600,7595
2025-01-03 10:56:00,265.1311,266.1095,265.1311,266.0500,11777
2025-01-03 10:57:00,266.0550,266.1500,265.6662,265.9400,10832
2025-01-03 10:58:00,265.9280,265.9280,265.4100,265.7500,5093
2025-01-03 10:59:00,265.8899,265.9400,265.5100,265.7000,11070
2025-01-03 11:00:00,265.7900,266.1000,265.3845,266.0300,12354
2025-01-03 11:01:00,266.1100,266.4500,265.9800,266.2850,12906
2025-01-03 11:02:00,266.1700,266.1700,265.6572,265.9750,11228
2025-01-03 11:03:00,266.0900,266.5775,266.0101,266.4300,14717
2025-01-03 11:04:00,266.5600,266.7900,266.5000,266.7000,19964
2025-01-03 11:05:00,266.7200,266.7800,266.0000,266.0750,11908
2025-01-03 11:06:00,266.0200,266.0200,265.3850,265.4900,13112
2025-01-03 11:07:00,265.6400,265.7100,265.1600,265.4100,14784
2025-01-03 11:08:00,265.5000,265.7899,265.2000,265.5812,14179
2025-01-03 11:09:00,265.6400,266.1100,265.5700,265.6261,7228
2025-01-03 11:10:00,265.6800,266.0400,265.0900,265.2900,9487
2025-01-03 11:11:00,265.4000,265.6900,264.8647,264.8675,13700
2025-01-03 11:12:00,264.8900,265.6400,264.8900,265.4300,9014
2025-01-03 11:13:00,265.2500,265.8100,265.2500,265.5200,7586
2025-01-03 11:14:00,265.6500,266.6000,265.6400,266.5900,11505
2025-01-03 11:15:00,266.5732,266.9000,266.4600,266.8900,15620
2025-01-03 11:16:00,266.9000,267.6400,266.8700,267.5500,40381
2025-01-03 11:17:00,267.6500,268.0000,267.1500,267.3900,26377
2025-01-03 11:18:00,267.3800,267.6550,267.0000,267.3000,13191
2025-01-03 11:19:00,267.5000,267.8700,267.3701,267.7399,8685
2025-01-03 11:20:00,267.7164,267.9700,267.2500,267.3800,16677
2025-01-03 11:21:00,267.2900,267.7800,267.2200,267.7400,13307
2025-01-03 11:22:00,267.7600,268.1200,267.6200,268.1000,21031
2025-01-03 11:23:00,268.0198,268.7796,267.9200,268.6300,19935
2025-01-03 11:24:00,268.7400,269.4600,268.5900,269.4600,33196
2025-01-03 11:25:00,269.3000,269.4000,268.3801,268.6841,32176
2025-01-03 11:26:00,268.8400,268.8600,268.3800,268.7200,16530
2025-01-03 11:27:00,268.6800,268.6800,267.6600,267.7850,16484
2025-01-03 11:28:00,267.7800,267.9100,267.4000,267.5200,18242
2025-01-03 11:29:00,267.5800,267.7650,267.1800,267.4800,13142
2025-01-03 11:30:00,267.4750,267.7200,267.2800,267.7100,12074
2025-01-03 11:31:00,267.6810,267.9100,267.4400,267.4700,13832
2025-01-03 11:32:00,267.7101,267.7500,267.3000,267.6000,8091
2025-01-03 11:33:00,267.5757,267.7500,267.3600,267.7500,9950
2025-01-03 11:34:00,267.7500,268.0000,267.6401,267.7900,20161
2025-01-03 11:35:00,267.7900,267.8100,267.3620,267.6777,10842
2025-01-03 11:36:00,267.5800,268.1100,267.4750,267.4750,8796
2025-01-03 11:37:00,267.5900,267.6100,266.8900,267.0058,11610
2025-01-03 11:38:00,266.9550,267.3650,266.8800,267.3320,11832
2025-01-03 11:39:00,267.3100,267.9000,267.2164,267.7223,8800
2025-01-03 11:40:00,267.9500,267.9500,267.4300,267.4300,8944
2025-01-03 11:41:00,267.5300,267.5300,266.9648,267.1125,20948
2025-01-03 11:42:00,267.0400,267.6500,267.0400,267.1732,10821
2025-01-03 11:43:00,267.3100,267.4400,267.2400,267.4400,3360
2025-01-03 11:44:00,267.4621,267.7000,267.4621,267.7000,6242
2025-01-03 11:45:00,267.6801,267.8000,267.5100,267.8000,6281
2025-01-03 11:46:00,267.7100,267.8000,267.3800,267.4712,6937
2025-01-03 11:47:00,267.3450,267.3900,267.0100,267.0500,6571
2025-01-03 11:48:00,266.9100,267.3799,266.9100,267.0656,5330
2025-01-03 11:49:00,267.3700,267.9499,267.3700,267.9499,7415
2025-01-03 11:50:00,267.9500,268.0000,267.7476,267.7476,6392
2025-01-03 11:51:00,267.8400,268.2200,267.7200,267.9400,13036
2025-01-03 11:52:00,267.8200,267.8800,267.4700,267.5600,7564
2025-01-03 11:53:00,267.4500,267.7950,267.3106,267.7950,8804
2025-01-03 11:54:00,267.7200,267.9600,267.3200,267.6200,13260
2025-01-03 11:55:00,267.6300,267.9185,267.6000,267.7657,10232
2025-01-03 11:56:00,267.5600,267.9400,267.4550,267.9400,5689
2025-01-03 11:57:00,267.9799,267.9799,267.6800,267.9100,7726
2025-01-03 11:58:00,267.8100,267.8129,267.6200,267.7600,5962
2025-01-03 11:59:00,267.9500,268.0000,267.6700,267.8799,13922
2025-01-03 12:00:00,267.8700,268.4700,267.8600,268.1450,11097
2025-01-03 12:01:00,268.0000,268.3600,267.9400,268.1764,5317
2025-01-03 12:02:00,268.4700,268.5300,268.2100,268.2300,7081
2025-01-03 12:03:00,268.4900,268.7168,268.4359,268.7168,8677
2025-01-03 12:04:00,268.6400,268.9400,268.4996,268.9400,5867
2025-01-03 12:05:00,268.9100,268.9700,268.4700,268.5000,32207
2025-01-03 12:06:00,268.5500,268.9400,268.5500,268.9400,4551
2025-01-03 12:07:00,268.6925,268.9100,268.6000,268.6600,5599
2025-01-03 12:08:00,268.5700,268.8000,268.4720,268.4720,10678
2025-01-03 12:09:00,268.5800,268.5800,268.4100,268.4100,4480
2025-01-03 12:10:00,268.0000,268.1700,267.6778,268.0960,6563
2025-01-03 12:11:00,267.8892,268.0800,267.8400,268.0700,2872
2025-01-03 12:12:00,267.8400,267.9600,267.6102,267.6102,4864
2025-01-03 12:13:00,267.8700,267.8892,267.6100,267.7750,4279
2025-01-03 12:14:00,267.7750,267.9900,267.6500,267.6600,7238
2025-01-03 12:15:00,267.5400,268.5200,267.4200,268.4400,21033
2025-01-03 12:16:00,268.5600,268.5600,268.3300,268.3300,9138
2025-01-03 12:17:00,268.4000,268.4574,268.0000,268.0000,2622
2025-01-03 12:18:00,268.1499,268.3499,268.0250,268.2400,4112
2025-01-03 12:19:00,268.5300,268.7773,268.1710,268.1710,9757
2025-01-03 12:20:00,268.2270,268.7000,268.0612,268.1600,13894
2025-01-03 12:21:00,268.1400,268.8000,267.8500,268.6458,7886
2025-01-03 12:22:00,268.6250,269.0200,268.5000,268.8400,11764
2025-01-03 12:23:00,269.0000,269.4000,268.9101,269.3100,13055
2025-01-03 12:24:00,269.4499,269.5700,269.4250,269.5000,10935
2025-01-03 12:25:00,269.5150,269.7900,269.4500,269.6300,26747
2025-01-03 12:26:00,269.7100,270.3600,269.7100,270.1474,48728
2025-01-03 12:27:00,270.3300,270.3867,269.3000,269.4200,20114
2025-01-03 12:28:00,269.4205,269.5900,268.8500,268.8600,10790
2025-01-03 12:29:00,268.7300,269.1400,268.5300,268.6900,11741
2025-01-03 12:30:00,268.7300,269.3700,268.7300,269.2550,6764
2025-01-03 12:31:00,269.4100,269.6500,269.4000,269.5001,9723
2025-01-03 12:32:00,269.7200,269.9100,269.5000,269.5000,7610
2025-01-03 12:33:00,269.5199,269.9360,269.2800,269.9360,8617
2025-01-03 12:34:00,269.9900,270.0000,269.6500,269.6500,12524
2025-01-03 12:35:00,269.6000,269.9800,269.5200,269.5900,4169
2025-01-03 12:36:00,269.4900,269.7000,269.3049,269.6240,3679
2025-01-03 12:37:00,269.4400,269.6297,269.1200,269.4600,12795
2025-01-03 12:38:00,269.2800,269.5100,269.2800,269.4000,4111
2025-01-03 12:39:00,269.3600,269.8700,269.3600,269.6815,4495
2025-01-03 12:40:00,269.6900,269.7000,269.4300,269.6669,5592
2025-01-03 12:41:00,269.6300,269.6300,269.1300,269.3299,6210
2025-01-03 12:42:00,269.1600,269.1731,268.9060,269.0200,7644
2025-01-03 12:43:00,269.0263,269.2900,268.8000,268.8000,3824
2025-01-03 12:44:00,268.8657,269.1100,268.8000,269.1100,5726
2025-01-03 12:45:00,269.2100,269.2100,269.0100,269.1800,1944
2025-01-03 12:46:00,269.1500,269.1500,268.5400,268.5900,4745
2025-01-03 12:47:00,268.7500,269.0800,268.7350,268.7350,5986
2025-01-03 12:48:00,269.3100,269.5800,269.3100,269.3300,13588
2025-01-03 12:49:00,269.2500,269.5399,269.1402,269.1402,17758
2025-01-03 12:50:00,269.1500,269.5094,269.1500,269.3650,4695
2025-01-03 12:51:00,269.2150,269.4000,269.1000,269.2475,4863
2025-01-03 12:52:00,269.1700,269.1700,268.5200,268.5200,14843
2025-01-03 12:53:00,268.3300,268.3300,268.0701,268.2100,7033
2025-01-03 12:54:00,268.1950,268.1950,268.0300,268.0300,14802
2025-01-03 12:55:00,268.0000,268.2700,267.8800,268.0550,8408
2025-01-03 12:56:00,267.9250,267.9799,267.6500,267.7750,3674
2025-01-03 12:57:00,267.7100,267.8600,267.6000,267.8600,5570
2025-01-03 12:58:00,267.9600,268.0200,267.8581,268.0200,2887
2025-01-03 12:59:00,267.9350,268.1251,267.7000,267.8350,7431
2025-01-03 13:00:00,267.7100,268.2300,267.7100,268.0375,6103
2025-01-03 13:01:00,268.0414,268.1638,267.7500,267.7500,5068
2025-01-03 13:02:00,268.0300,268.4500,267.9316,268.4400,12292
2025-01-03 13:03:00,268.3300,268.6300,268.3300,268.6300,5316
2025-01-03 13:04:00,268.6300,268.9444,268.5100,268.7000,8294
2025-01-03 13:05:00,268.7000,268.8200,268.6900,268.8100,4182
2025-01-03 13:06:00,268.7131,268.7699,268.6000,268.6000,2773
2025-01-03 13:07:00,268.7302,268.8800,268.3100,268.4225,22887
2025-01-03 13:08:00,268.5400,268.5400,267.7239,267.7239,5245
2025-01-03 13:09:00,267.8200,268.0600,267.7408,267.7408,4401
2025-01-03 13:10:00,267.7400,268.2040,267.7400,268.0900,7281
2025-01-03 13:11:00,268.1601,268.4000,268.1100,268.2600,10342
2025-01-03 13:12:00,268.3700,269.0100,268.3700,268.8625,20625
2025-01-03 13:13:00,268.8650,269.2492,268.8650,269.0944,6206
2025-01-03 13:14:00,269.1500,269.6600,269.1000,269.5150,17010
2025-01-03 13:15:00,269.4550,269.5900,269.1400,269.5800,27778
2025-01-03 13:16:00,269.3500,269.6800,269.2900,269.4600,10729
2025-01-03 13:17:00,269.4650,269.4700,268.7650,268.7650,17238
2025-01-03 13:18:00,268.7350,268.8100,268.4300,268.6000,8141
2025-01-03 13:19:00,268.5030,268.8850,268.5030,268.8500,3022
2025-01-03 13:20:00,268.9600,269.0000,268.5000,268.6307,16378
2025-01-03 13:21:00,268.6800,268.6800,268.4500,268.4500,3775
2025-01-03 13:22:00,268.5500,268.6000,268.4300,268.5200,2645
2025-01-03 13:23:00,268.5250,268.5592,268.5200,268.5200,1863
2025-01-03 13:24:00,268.5200,268.7690,268.4200,268.4811,7500
2025-01-03 13:25:00,268.6000,268.9799,268.6000,268.7500,3590
2025-01-03 13:26:00,268.8968,268.8968,268.8000,268.8884,1267
2025-01-03 13:27:00,268.8272,269.0000,268.8272,268.9200,8479
2025-01-03 13:28:00,268.8700,269.0000,268.8400,268.9200,12513
2025-01-03 13:29:00,268.8700,269.5100,268.8550,269.3950,22821
2025-01-03 13:30:00,269.2800,269.2800,268.9350,268.9600,6034
2025-01-03 13:31:00,268.8601,269.1899,268.7500,268.8400,6886
2025-01-03 13:32:00,268.8550,268.9981,268.5900,268.8704,18506
2025-01-03 13:33:00,268.8600,268.8600,268.4400,268.6050,4871
2025-01-03 13:34:00,268.7300,268.7300,268.4000,268.6900,7105
2025-01-03 13:35:00,268.7700,268.7700,267.9331,268.2900,52374
2025-01-03 13:36:00,268.3000,268.4900,268.3000,268.4000,8494
2025-01-03 13:37:00,268.1700,268.5369,268.1700,268.3000,3621
2025-01-03 13:38:00,268.5600,268.8091,268.5600,268.8000,2534
2025-01-03 13:39:00,268.9063,269.0000,268.7800,269.0000,3258
2025-01-03 13:40:00,269.0250,269.1322,268.8500,269.0200,5037
2025-01-03 13:41:00,268.9550,269.0476,268.8405,269.0476,3818
2025-01-03 13:42:00,268.8300,269.2900,268.8300,269.1717,7391
2025-01-03 13:43:00,269.1900,269.2700,269.0300,269.1842,3538
2025-01-03 13:44:00,269.2780,269.2780,269.0200,269.1600,6385
2025-01-03 13:45:00,269.1800,269.3700,269.0100,269.2850,5460
2025-01-03 13:46:00,269.3800,269.4700,269.2528,269.2846,6069
2025-01-03 13:47:00,269.3520,269.5758,269.3520,269.4400,3777
2025-01-03 13:48:00,269.4700,269.7800,269.4604,269.7459,5938
2025-01-03 13:49:00,269.7599,269.9300,269.5601,269.6400,11530
2025-01-03 13:50:00,269.6100,269.6225,269.4800,269.4800,7809
2025-01-03 13:51:00,269.6600,269.9300,268.6400,268.8000,15292
2025-01-03 13:52:00,268.7300,268.8400,268.4380,268.5800,12992
2025-01-03 13:53:00,268.6375,268.9399,268.6375,268.8200,3631
2025-01-03 13:54:00,268.8200,269.0000,268.8000,268.9100,7170
2025-01-03 13:55:00,268.9985,269.0000,268.7000,268.7000,11364
2025-01-03 13:56:00,268.8400,269.0000,268.7700,268.8700,5914
2025-01-03 13:57:00,268.8800,269.0000,268.8800,269.0000,12349
2025-01-03 13:58:00,268.9450,269.3600,268.9200,269.0900,32565
2025-01-03 13:59:00,269.2150,269.5000,268.8200,269.1700,15543
2025-01-03 14:00:00,269.0700,269.5000,268.9300,269.3514,5294
2025-01-03 14:01:00,269.4754,269.4754,269.2700,269.4000,4876
2025-01-03 14:02:00,269.2004,269.4600,269.1074,269.1074,5396
2025-01-03 14:03:00,269.0500,269.2300,268.9500,269.2300,4259
2025-01-03 14:04:00,269.4800,270.1100,269.4600,270.0415,25726
2025-01-03 14:05:00,270.0700,270.2100,269.8950,270.2100,11097
2025-01-03 14:06:00,270.2000,270.3300,270.1050,270.2200,11256
2025-01-03 14:07:00,270.1900,270.2781,269.8900,269.8900,6968
2025-01-03 14:08:00,269.9800,270.2200,269.9300,270.0885,9817
2025-01-03 14:09:00,270.0800,270.1200,269.9200,269.9500,8465
2025-01-03 14:10:00,269.9300,270.0200,269.8500,270.0200,9537
2025-01-03 14:11:00,269.8900,270.1243,269.8400,269.8600,5382
2025-01-03 14:12:00,269.8654,270.2500,269.6820,270.1680,10507
2025-01-03 14:13:00,270.1291,270.4200,270.1290,270.3250,9740
2025-01-03 14:14:00,270.4100,270.7620,270.3450,270.5550,14584
2025-01-03 14:15:00,270.5850,270.6700,270.0713,270.3217,12754
2025-01-03 14:16:00,270.2540,270.6000,270.2540,270.5100,5262
2025-01-03 14:17:00,270.5889,270.5889,270.1500,270.1500,6614
2025-01-03 14:18:00,270.2650,270.3500,270.1001,270.3350,8987
2025-01-03 14:19:00,270.2650,270.7400,270.2650,270.4544,13147
2025-01-03 14:20:00,270.5800,270.7000,270.2800,270.3750,7816
2025-01-03 14:21:00,270.4900,270.5100,270.3000,270.3800,8249
2025-01-03 14:22:00,270.3800,270.4705,270.3400,270.3800,4213
2025-01-03 14:23:00,270.2800,270.4043,270.1100,270.1100,5548
2025-01-03 14:24:00,270.1100,270.1700,269.8000,270.0200,10716
2025-01-03 14:25:00,270.0200,270.1400,269.7100,269.7100,6699
2025-01-03 14:26:00,269.8800,269.9000,269.2900,269.9000,23868
2025-01-03 14:27:00,269.8750,269.9490,269.7450,269.7450,6067
2025-01-03 14:28:00,269.8700,269.9500,269.4419,269.4800,5140
2025-01-03 14:29:00,269.5350,269.6300,269.4550,269.5225,5847
2025-01-03 14:30:00,269.5072,270.0000,269.5072,269.9526,6701
2025-01-03 14:31:00,269.9750,270.0000,269.6498,269.6498,5999
2025-01-03 14:32:00,269.6450,269.8000,269.5000,269.7300,7582
2025-01-03 14:33:00,269.6150,269.7299,269.5000,269.7050,5730
2025-01-03 14:34:00,269.8200,269.8500,269.4750,269.4750,5255
2025-01-03 14:35:00,269.4300,269.6883,269.4200,269.6883,3330
2025-01-03 14:36:00,269.6000,269.7000,269.2201,269.2600,9788
2025-01-03 14:37:00,269.4300,269.6500,269.3950,269.5500,4285
2025-01-03 14:38:00,269.4850,269.8900,269.4850,269.8400,4769
2025-01-03 14:39:00,269.8300,270.0000,269.8300,269.8950,8356
2025-01-03 14:40:00,269.8000,269.9300,269.7400,269.8550,8081
2025-01-03 14:41:00,269.8650,269.9200,269.7300,269.7750,4474
2025-01-03 14:42:00,269.7900,270.0400,269.7000,270.0400,5512
2025-01-03 14:43:00,269.9650,269.9650,269.6300,269.7000,4586
2025-01-03 14:44:00,269.7000,269.8400,269.6200,269.6930,5437
2025-01-03 14:45:00,269.7825,269.7875,269.5600,269.6800,8866
2025-01-03 14:46:00,269.5000,269.9100,269.4817,269.9100,4110
2025-01-03 14:47:00,269.9150,269.9150,269.4500,269.5900,10910
2025-01-03 14:48:00,269.6700,270.0100,269.6700,269.9700,4519
2025-01-03 14:49:00,270.0312,270.1000,269.7035,269.7600,11504
2025-01-03 14:50:00,269.6100,269.8200,269.6100,269.7100,2394
2025-01-03 14:51:00,269.8300,269.9000,269.5900,269.5900,6512
2025-01-03 14:52:00,269.5900,269.7500,269.5800,269.7500,3107
2025-01-03 14:53:00,269.7500,269.8960,269.4300,269.8189,6366
2025-01-03 14:54:00,269.7500,270.0000,269.7250,269.8500,9633
2025-01-03 14:55:00,269.9400,270.1000,269.7250,269.9000,13002
2025-01-03 14:56:00,269.9700,270.1200,269.9400,270.0800,4916
2025-01-03 14:57:00,270.2094,270.3195,270.1050,270.1600,11543
2025-01-03 14:58:00,270.2899,270.2899,270.1275,270.1850,4536
2025-01-03 14:59:00,270.1850,270.3100,270.0900,270.0900,6583
2025-01-03 15:00:00,270.0200,270.1100,269.6800,269.8126,9104
2025-01-03 15:01:00,269.9335,269.9600,269.3365,269.3500,9993
2025-01-03 15:02:00,269.3900,269.5000,268.8911,269.0000,15919
2025-01-03 15:03:00,269.0000,269.0050,268.4300,268.6400,10799
2025-01-03 15:04:00,268.8100,268.8650,268.3000,268.3000,6569
2025-01-03 15:05:00,268.3800,268.4015,268.1500,268.2400,9922
2025-01-03 15:06:00,268.3300,268.4800,268.2400,268.4800,7870
2025-01-03 15:07:00,268.4999,269.0000,268.4400,268.9000,7524
2025-01-03 15:08:00,268.9100,269.0965,268.8800,268.8900,5712
2025-01-03 15:09:00,268.9700,269.4999,268.8506,269.3720,7418
2025-01-03 15:10:00,269.2700,269.6616,269.2500,269.3400,6743
2025-01-03 15:11:00,269.3400,269.6149,269.3400,269.3600,5085
2025-01-03 15:12:00,269.4400,269.6865,269.2800,269.6865,8375
2025-01-03 15:13:00,269.7150,270.0000,269.7150,269.9150,8466
2025-01-03 15:14:00,269.9050,270.1800,269.8300,270.1800,4802
2025-01-03 15:15:00,270.0800,270.3400,270.0600,270.2750,12347
2025-01-03 15:16:00,270.2750,270.3400,270.0900,270.1900,15059
2025-01-03 15:17:00,270.1152,270.2650,270.0400,270.2199,8071
2025-01-03 15:18:00,270.2100,270.2200,269.8400,270.0900,13619
2025-01-03 15:19:00,270.1100,270.3800,270.0150,270.3300,13205
2025-01-03 15:20:00,270.3000,270.3000,270.0800,270.2599,3551
2025-01-03 15:21:00,270.0200,270.1799,269.9200,269.9900,6221
2025-01-03 15:22:00,270.0800,270.2100,269.9700,270.1900,12074
2025-01-03 15:23:00,270.2350,270.2900,270.0450,270.1500,9689
2025-01-03 15:24:00,270.2400,270.3300,270.0912,270.2550,6518
2025-01-03 15:25:00,270.2550,270.3900,270.1400,270.3150,8354
2025-01-03 15:26:00,270.3200,270.4300,270.1800,270.2300,8207
2025-01-03 15:27:00,270.3200,270.5100,270.2600,270.4300,14815
2025-01-03 15:28:00,270.3500,270.4700,270.2500,270.4100,6963
2025-01-03 15:29:00,270.3700,270.4000,270.1025,270.1550,11539
2025-01-03 15:30:00,270.0200,270.0800,269.6400,269.7150,24219
2025-01-03 15:31:00,269.6300,270.0900,269.6300,269.8750,8797
2025-01-03 15:32:00,269.7600,269.9900,269.6500,269.9600,15832
2025-01-03 15:33:00,269.8900,270.1800,269.8300,270.1700,6666
2025-01-03 15:34:00,270.2400,270.7199,270.1300,270.5750,19169
2025-01-03 15:35:00,270.6453,270.7364,270.4719,270.6950,10463
2025-01-03 15:36:00,270.6700,270.6900,270.4763,270.6550,10480
2025-01-03 15:37:00,270.6550,270.9200,270.6200,270.8000,18812
2025-01-03 15:38:00,270.8800,270.9706,270.6314,270.6350,20070
2025-01-03 15:39:00,270.6500,270.6550,270.3300,270.3300,9308
2025-01-03 15:40:00,270.3100,270.3400,269.9400,269.9900,18570
2025-01-03 15:41:00,269.9650,270.3200,269.9350,270.3000,16230
2025-01-03 15:42:00,270.4000,270.4900,270.2333,270.3000,10611
2025-01-03 15:43:00,270.2300,270.2800,270.0000,270.1300,15377
2025-01-03 15:44:00,270.2300,270.2400,270.0300,270.0500,9499
2025-01-03 15:45:00,270.0200,270.1400,269.7800,269.7800,30300
2025-01-03 15:46:00,269.8075,270.1300,269.7200,270.0300,27068
2025-01-03 15:47:00,269.9700,270.1600,269.8400,270.0300,22899
2025-01-03 15:48:00,270.0000,270.0758,269.8700,269.9500,7205
2025-01-03 15:49:00,269.8800,269.9500,269.6500,269.7975,15327
2025-01-03 15:50:00,269.9000,270.3450,269.7100,269.7800,25547
2025-01-03 15:51:00,269.7600,270.2400,269.7600,270.2400,25485
2025-01-03 15:52:00,270.2350,270.7600,270.2350,270.6100,17981
2025-01-03 15:53:00,270.6500,271.5000,270.6150,271.1000,62995
2025-01-03 15:54:00,271.1000,271.5900,270.8450,271.3500,49740
2025-01-03 15:55:00,271.4500,271.4500,270.2700,270.7300,47372
2025-01-03 15:56:00,270.8000,270.8900,270.5400,270.7782,38684
2025-01-03 15:57:00,270.8200,270.9400,270.2700,270.6200,52224
2025-01-03 15:58:00,270.6300,270.7000,270.4500,270.4500,45125
2025-01-03 15:59:00,270.5100,270.7750,270.4050,270.5800,58093
2025-01-03 16:00:00,270.6500,270.6500,270.3100,270.6500,1290970
2025-01-03 16:01:00,270.4600,270.4700,270.0550,270.0550,748
2025-01-03 16:02:00,270.1100,270.3500,270.0440,270.1800,725
2025-01-03 16:03:00,270.3300,270.3500,270.0000,270.2900,2239
2025-01-03 16:04:00,270.0100,270.3200,270.0001,270.3200,228
2025-01-03 16:05:00,270.3200,270.6500,270.2000,270.2700,5316
2025-01-03 16:06:00,270.2500,270.6500,270.2000,270.5500,8330
2025-01-03 16:07:00,270.5500,270.5500,270.2100,270.5500,1579
2025-01-03 16:08:00,270.4000,270.5500,270.1900,270.5500,377
2025-01-03 16:09:00,270.2300,270.6400,270.2200,270.2700,138
2025-01-03 16:10:00,270.3600,270.4600,270.0900,270.0900,1017
2025-01-03 16:11:00,270.0000,270.4800,270.0000,270.4800,104
2025-01-03 16:12:00,270.3800,270.5400,270.0400,270.1100,576
2025-01-03 16:13:00,270.5000,270.5000,270.0000,270.0001,676
2025-01-03 16:14:00,270.5000,270.5000,270.0000,270.5000,523
2025-01-03 16:15:00,270.1100,270.6500,270.1100,270.3000,116
2025-01-03 16:16:00,270.2400,270.5390,270.2000,270.5390,522
2025-01-03 16:17:00,270.4300,270.5488,270.3425,270.3425,153
2025-01-03 16:18:00,270.5000,270.5500,270.3800,270.4000,153
2025-01-03 16:19:00,270.4000,270.5500,270.4000,270.5500,100
2025-01-03 16:20:00,270.4000,270.5500,270.4000,270.4011,488
2025-01-03 16:21:00,270.5090,270.5090,270.4000,270.4300,622
2025-01-03 16:22:00,270.4300,270.5000,270.0600,270.0600,294
2025-01-03 16:23:00,270.5000,270.5500,270.1200,270.5500,277
2025-01-03 16:24:00,270.5500,270.5500,270.3000,270.3000,101
2025-01-03 16:25:00,270.5500,270.5500,270.3500,270.3500,20
2025-01-03 16:26:00,270.3000,270.4000,270.3000,270.4000,13
2025-01-03 16:27:00,270.5500,270.5500,270.0400,270.0400,51
2025-01-03 16:28:00,270.6400,270.6400,270.4000,270.6255,37
2025-01-03 16:29:00,270.1000,270.4000,270.1000,270.4000,31
2025-01-03 16:30:00,270.4000,270.4000,270.3900,270.4000,836
2025-01-03 16:31:00,270.3900,270.5500,270.1300,270.1300,31
2025-01-03 16:32:00,270.4000,270.6600,270.1101,270.4037,644
2025-01-03 16:33:00,271.0000,271.0000,271.0000,271.0000,1
2025-01-03 16:34:00,270.7500,271.0000,270.5900,270.5901,10356
2025-01-03 16:35:00,270.5900,270.7640,270.5900,270.5900,257
2025-01-03 16:36:00,270.7500,270.7500,270.5900,270.5900,38
2025-01-03 16:37:00,270.7500,270.7500,270.5000,270.5000,19
2025-01-03 16:38:00,270.5500,270.5500,270.5500,270.5500,1
2025-01-03 16:39:00,270.6400,270.9999,270.6400,270.8500,465
2025-01-03 16:40:00,270.7000,271.0000,270.7000,271.0000,6
2025-01-03 16:41:00,271.0000,271.0000,270.1400,270.6400,252
2025-01-03 16:42:00,270.6500,270.6500,270.1307,270.6400,533
2025-01-03 16:43:00,270.9800,271.0200,270.4000,271.0000,2027
2025-01-03 16:44:00,271.0000,271.1500,270.7400,271.1500,1102
2025-01-03 16:45:00,270.8500,271.1000,270.8500,271.1000,37
2025-01-03 16:46:00,271.0200,271.1000,270.9000,270.9000,929
2025-01-03 16:47:00,271.1000,271.1000,270.6001,270.6001,1174
2025-01-03 16:48:00,270.6010,271.1000,270.6010,271.1000,148
2025-01-03 16:49:00,270.8200,270.8200,270.1600,270.5200,1380
2025-01-03 16:50:00,270.5500,270.7700,270.1200,270.3100,227
2025-01-03 16:51:00,270.6500,270.7700,270.6500,270.7400,13
2025-01-03 16:52:00,270.7400,270.9000,270.3300,270.3300,400
2025-01-03 16:53:00,271.1952,271.1952,270.6800,270.9100,447
2025-01-03 16:54:00,270.7500,271.3900,270.4100,270.7500,278
2025-01-03 16:55:00,270.7600,271.0000,270.6900,271.0000,516
2025-01-03 16:56:00,270.6100,270.6100,270.6100,270.6100,2
2025-01-03 16:57:00,271.1000,271.1000,271.1000,271.1000,4
2025-01-03 16:58:00,271.1000,271.1788,270.8000,270.8000,83
2025-01-03 16:59:00,270.8200,271.3900,270.8200,271.1999,42
2025-01-03 17:00:00,270.9700,271.1500,270.9700,271.1500,240
2025-01-03 17:01:00,271.0000,271.0000,271.0000,271.0000,20
2025-01-03 17:02:00,270.7000,271.0000,270.7000,270.7000,28
2025-01-03 17:03:00,270.8800,271.1500,270.8600,271.0000,2377
2025-01-03 17:04:00,271.0000,271.3900,271.0000,271.2500,108
2025-01-03 17:05:00,271.1800,271.1800,271.1000,271.1000,21
2025-01-03 17:06:00,271.1000,271.1345,270.8200,271.0400,182
2025-01-03 17:07:00,271.1022,271.1022,270.9000,270.9000,16
2025-01-03 17:08:00,271.0400,271.1000,270.9500,271.1000,388
2025-01-03 17:09:00,270.9500,270.9500,270.8600,270.8600,97
2025-01-03 17:10:00,270.9400,271.1800,270.9400,271.1800,1105
2025-01-03 17:11:00,271.1550,271.1600,271.0000,271.0200,228
2025-01-03 17:12:00,271.1800,271.1800,271.0000,271.0500,229
2025-01-03 17:13:00,270.9900,271.0000,270.8500,271.0000,226
2025-01-03 17:14:00,271.1000,271.1000,270.9800,271.0500,255
2025-01-03 17:15:00,271.1000,271.1000,270.8500,270.8500,274
2025-01-03 17:16:00,270.8500,271.0200,270.8500,271.0200,3
2025-01-03 17:17:00,271.1000,271.1000,271.1000,271.1000,80
2025-01-03 17:18:00,271.1000,271.1000,270.9000,271.1000,72
2025-01-03 17:19:00,271.1000,271.1000,271.0000,271.0000,181
2025-01-03 17:20:00,271.1000,271.1000,270.7000,271.1000,89
2025-01-03 17:21:00,271.1000,271.1000,271.1000,271.1000,5
2025-01-03 17:22:00,271.0000,271.0000,270.9800,271.0000,27
2025-01-03 17:23:00,271.1000,271.1000,271.1000,271.1000,1
2025-01-03 17:24:00,270.7000,270.7000,270.7000,270.7000,20
2025-01-03 17:25:00,270.9900,271.1000,270.9900,271.1000,45
2025-01-03 17:26:00,270.9200,271.1000,270.9200,270.9800,12
2025-01-03 17:27:00,270.9800,271.0900,270.9800,271.0900,16
2025-01-03 17:28:00,271.1000,271.1000,271.0000,271.0000,8
2025-01-03 17:29:00,271.0500,271.2500,271.0001,271.2300,1636
2025-01-03 17:30:00,271.2300,271.3500,271.2300,271.3500,72
2025-01-03 17:31:00,271.3400,271.3500,271.2400,271.3500,1524
2025-01-03 17:32:00,271.3000,271.3100,271.2300,271.2300,180
2025-01-03 17:33:00,271.2300,271.3400,271.2300,271.3100,82
2025-01-03 17:34:00,271.3500,271.3900,271.1012,271.3100,29
2025-01-03 17:35:00,271.2500,271.2500,271.1000,271.1000,124
2025-01-03 17:36:00,271.3900,271.3900,271.3900,271.3900,1
2025-01-03 17:37:00,271.1000,271.1700,271.1000,271.1600,101
2025-01-03 17:38:00,271.1000,271.1500,271.1000,271.1100,79
2025-01-03 17:39:00,271.1000,271.1000,271.1000,271.1000,7
2025-01-03 17:40:00,271.1100,271.2800,271.1100,271.2800,14
2025-01-03 17:41:00,271.1100,271.3900,271.1100,271.3500,126
2025-01-03 17:42:00,271.1000,271.1000,271.1000,271.1000,20
2025-01-03 17:43:00,271.2000,271.3800,271.0000,271.1100,145
2025-01-03 17:44:00,271.3400,271.3500,271.1500,271.3500,67
2025-01-03 17:45:00,271.3500,271.3700,271.2500,271.3500,37
2025-01-03 17:46:00,271.3600,271.3900,271.2500,271.2500,113
2025-01-03 17:47:00,271.3700,271.3700,271.3700,271.3700,5
2025-01-03 17:48:00,271.2800,271.2800,271.2500,271.2500,76
2025-01-03 17:49:00,271.2500,271.3800,271.1700,271.1700,19
2025-01-03 17:50:00,271.3900,271.3900,271.0000,271.3000,464
2025-01-03 17:51:00,271.3000,271.3900,271.0097,271.3900,443
2025-01-03 17:52:00,271.3900,271.3900,271.2700,271.2700,49
2025-01-03 17:53:00,271.3900,271.3900,271.3900,271.3900,1
2025-01-03 17:54:00,271.3900,271.3900,271.3900,271.3900,157
2025-01-03 17:55:00,271.2800,271.7900,271.2800,271.7900,134
2025-01-03 17:56:00,271.5100,271.8000,271.4800,271.8000,12
2025-01-03 17:57:00,271.4900,271.6329,271.3900,271.3900,219
2025-01-03 17:58:00,271.4000,271.6000,271.4000,271.6000,66
2025-01-03 17:59:00,271.5900,271.5900,271.5000,271.5000,28
2025-01-03 18:00:00,271.5400,271.6000,271.5000,271.5000,150
2025-01-03 18:01:00,271.5000,271.5000,271.3900,271.3900,20
2025-01-03 18:02:00,271.6000,271.6000,271.3900,271.3900,94
2025-01-03 18:03:00,271.3900,271.7000,271.3900,271.5900,21
2025-01-03 18:04:00,271.4000,271.7000,271.4000,271.7000,98
2025-01-03 18:05:00,271.3900,271.6000,271.3900,271.3900,1395
2025-01-03 18:06:00,271.3900,271.5000,271.3900,271.5000,11
2025-01-03 18:07:00,271.6000,271.6000,271.3900,271.3900,126
2025-01-03 18:09:00,271.6900,271.6900,271.3800,271.3800,144
2025-01-03 18:11:00,271.5000,271.5000,271.5000,271.5000,5
2025-01-03 18:12:00,271.5000,271.5000,271.5000,271.5000,3
2025-01-03 18:13:00,271.4900,271.5000,271.3800,271.3800,19
2025-01-03 18:15:00,271.4900,271.4900,271.4900,271.4900,100
2025-01-03 18:16:00,271.4900,271.7000,271.4900,271.7000,17
2025-01-03 18:17:00,271.4000,271.4000,271.1000,271.2000,181
2025-01-03 18:18:00,271.1500,271.4000,271.0345,271.4000,247
2025-01-03 18:19:00,271.4000,271.4000,271.0000,271.0000,110
2025-01-03 18:20:00,271.0500,271.4000,271.0000,271.0000,20
2025-01-03 18:21:00,271.3120,271.4000,271.1600,271.3700,375
2025-01-03 18:22:00,271.3760,271.3760,271.0000,271.0000,111
2025-01-03 18:23:00,271.2000,271.2000,271.2000,271.2000,17
2025-01-03 18:24:00,271.1900,271.3000,271.0000,271.0000,51
2025-01-03 18:25:00,271.3600,271.4000,271.0000,271.2000,168
2025-01-03 18:26:00,271.4000,271.4000,271.0000,271.0000,71
2025-01-03 18:27:00,271.1900,271.2000,271.0000,271.0000,3
2025-01-03 18:28:00,271.0700,271.3900,271.0000,271.0800,191
2025-01-03 18:29:00,271.0000,271.0700,271.0000,271.0000,24
2025-01-03 18:30:00,271.0000,271.0700,271.0000,271.0700,138
2025-01-03 18:31:00,271.0700,271.0800,271.0100,271.0800,90
2025-01-03 18:32:00,271.0100,271.0100,271.0100,271.0100,245
2025-01-03 18:33:00,271.0100,271.3660,271.0100,271.3660,339
2025-01-03 18:34:00,271.3000,271.3000,271.3000,271.3000,1
2025-01-03 18:35:00,271.0500,271.3060,271.0500,271.3060,40
2025-01-03 18:36:00,271.3000,271.3900,271.3000,271.3900,100
2025-01-03 18:37:00,271.4000,271.4000,271.3100,271.3100,97
2025-01-03 18:38:00,271.3900,271.3900,271.0100,271.0100,53
2025-01-03 18:39:00,271.1600,271.1600,271.1600,271.1600,1
2025-01-03 18:40:00,271.3900,271.3900,271.3900,271.3900,1
2025-01-03 18:41:00,271.3900,271.3900,271.3900,271.3900,11
2025-01-03 18:42:00,271.2200,271.3900,271.2200,271.3900,114
2025-01-03 18:43:00,271.3900,271.4000,271.0100,271.3900,98
2025-01-03 18:44:00,271.3900,271.4000,271.3900,271.3900,32
2025-01-03 18:45:00,271.3900,271.4000,271.3900,271.3900,111
2025-01-03 18:46:00,271.3900,271.3900,271.0200,271.1200,135
2025-01-03 18:47:00,271.3800,271.3800,271.0500,271.3700,58
2025-01-03 18:48:00,271.1400,271.3700,271.1400,271.3600,12
2025-01-03 18:49:00,271.3700,271.3700,271.0101,271.1300,30
2025-01-03 18:50:00,271.2000,271.2000,271.0500,271.2000,185
2025-01-03 18:51:00,271.1900,271.2000,271.0100,271.1700,139
2025-01-03 18:52:00,271.0600,271.1800,271.0100,271.1800,1321
2025-01-03 18:53:00,271.1300,271.1700,271.1300,271.1700,21
2025-01-03 18:54:00,271.1600,271.3700,271.0000,271.1600,1054
2025-01-03 18:55:00,271.3700,271.3700,271.0000,271.0100,40
2025-01-03 18:56:00,271.3600,271.3600,271.0000,271.3600,92
2025-01-03 18:57:00,271.3600,271.3600,271.1700,271.3500,1336
2025-01-03 18:58:00,271.0600,271.0600,271.0500,271.0500,12
2025-01-03 18:59:00,271.1100,271.2100,271.1000,271.2100,6
2025-01-03 19:00:00,271.3000,271.3700,271.2000,271.3000,239
2025-01-03 19:01:00,271.3000,271.3000,271.0000,271.0000,109
2025-01-03 19:02:00,271.1300,271.3700,271.0000,271.3700,592
2025-01-03 19:03:00,271.3500,271.3700,271.2800,271.3200,81
2025-01-03 19:04:00,271.3500,271.3500,271.0500,271.0500,8
2025-01-03 19:05:00,271.0100,271.0100,271.0100,271.0100,21
2025-01-03 19:06:00,271.3400,271.3500,271.1000,271.3500,78
2025-01-03 19:07:00,271.3300,271.3300,271.3300,271.3300,50
2025-01-03 19:08:00,271.2800,271.2800,271.2800,271.2800,8
2025-01-03 19:09:00,271.3300,271.3400,271.0100,271.3400,784
2025-01-03 19:10:00,271.0600,271.2800,271.0100,271.2800,305
2025-01-03 19:11:00,271.1700,271.1700,271.0000,271.0000,470
2025-01-03 19:12:00,271.2800,271.3400,271.0000,271.0300,291
2025-01-03 19:13:00,271.2500,271.2500,271.2500,271.2500,12
2025-01-03 19:14:00,271.0600,271.3000,271.0200,271.3000,50
2025-01-03 19:15:00,271.3300,271.3300,271.1900,271.1900,101
2025-01-03 19:16:00,271.0000,271.3000,271.0000,271.2300,41
2025-01-03 19:17:00,271.3300,271.3300,271.3300,271.3300,100
2025-01-03 19:18:00,271.2000,271.2300,271.0200,271.0200,9
2025-01-03 19:20:00,271.2300,271.3000,271.2000,271.2500,20
2025-01-03 19:21:00,271.2000,271.2500,271.0600,271.0600,97
2025-01-03 19:22:00,271.3000,271.3000,271.1300,271.3000,53
2025-01-03 19:23:00,271.1900,271.1900,271.1900,271.1900,10
2025-01-03 19:24:00,271.2200,271.2200,271.0500,271.0500,137
2025-01-03 19:25:00,271.0600,271.1100,271.0600,271.0600,19
2025-01-03 19:26:00,271.1800,271.1800,271.0200,271.0200,62
2025-01-03 19:27:00,271.1999,271.2000,271.0600,271.1800,189
2025-01-03 19:28:00,271.1000,271.1800,271.1000,271.1800,126
2025-01-03 19:30:00,271.1600,271.2000,271.1600,271.2000,50
2025-01-03 19:31:00,271.2000,271.2000,271.1800,271.1800,191
2025-01-03 19:32:00,271.2000,271.2000,271.1900,271.1900,79
2025-01-03 19:33:00,271.2100,271.3300,271.0200,271.3300,328
2025-01-03 19:35:00,271.0800,271.1700,271.0600,271.0600,500
2025-01-03 19:36:00,271.0600,271.0600,271.0600,271.0600,1
2025-01-03 19:37:00,271.2000,271.3100,271.1500,271.3100,55
2025-01-03 19:38:00,271.1001,271.3100,271.1001,271.2000,147
2025-01-03 19:39:00,271.1200,271.1991,271.1000,271.1000,256
2025-01-03 19:40:00,271.1000,271.1900,271.0000,271.0300,684
2025-01-03 19:41:00,271.0300,271.1000,271.0300,271.1000,94
2025-01-03 19:42:00,271.1000,271.2000,271.1000,271.2000,329
2025-01-03 19:43:00,271.2500,271.2500,271.1500,271.2500,45
2025-01-03 19:44:00,271.2500,271.3300,271.2500,271.2500,779
2025-01-03 19:45:00,271.2500,271.2500,271.1500,271.1500,105
2025-01-03 19:46:00,271.1600,271.3025,271.1500,271.1500,124
2025-01-03 19:47:00,271.1500,271.1500,271.1500,271.1500,225
2025-01-03 19:48:00,271.3025,271.3300,271.1500,271.3300,159
2025-01-03 19:49:00,271.1501,271.3700,271.1501,271.3700,1152
2025-01-03 19:50:00,271.3400,271.3400,271.1500,271.1500,4
2025-01-03 19:51:00,271.1500,271.2100,271.1500,271.2000,762
2025-01-03 19:52:00,271.2000,271.3700,271.2000,271.3500,35
2025-01-03 19:53:00,271.3700,271.3700,271.1500,271.1500,166
2025-01-03 19:54:00,271.3700,271.3700,271.3700,271.3700,77
2025-01-03 19:55:00,271.3700,271.3700,271.3700,271.3700,150
2025-01-03 19:56:00,271.1700,271.3400,271.1700,271.1700,33
2025-01-03 19:57:00,271.3300,271.3700,271.2000,271.3300,323
2025-01-03 19:58:00,271.2100,271.3500,271.1600,271.2000,612
2025-01-03 19:59:00,271.2200,271.3700,271.2100,271.3000,857
2025-01-06 04:00:00,278.5000,280.0000,276.6700,278.3000,1372
2025-01-06 04:01:00,278.2400,278.3700,278.0300,278.0700,1750
2025-01-06 04:02:00,278.1400,278.2200,277.6200,277.9500,1440
2025-01-06 04:03:00,277.9500,278.4000,277.6300,278.2200,2823
2025-01-06 04:04:00,278.2000,278.2300,277.6900,278.0000,1126
2025-01-06 04:05:00,278.0000,278.0000,277.3100,277.3600,782
2025-01-06 04:06:00,277.2300,277.3100,276.8100,277.2600,2129
2025-01-06 04:07:00,277.2900,277.7900,277.1200,277.7400,345
2025-01-06 04:08:00,277.7400,278.2900,277.4800,278.1400,3849
2025-01-06 04:09:00,278.2100,278.2100,277.6600,277.6600,2597
2025-01-06 04:10:00,277.8500,278.5500,277.8500,278.5000,817
2025-01-06 04:11:00,278.5500,278.8300,278.5500,278.8300,340
2025-01-06 04:12:00,278.8200,278.8200,278.6500,278.7000,178
2025-01-06 04:13:00,278.6000,278.6000,278.3600,278.5000,417
2025-01-06 04:14:00,278.5000,278.5500,278.3200,278.3200,87
2025-01-06 04:15:00,278.4000,278.4000,278.2600,278.3100,225
2025-01-06 04:16:00,278.2000,278.4400,278.2000,278.3000,324
2025-01-06 04:17:00,278.3700,278.5800,278.1800,278.4100,576
2025-01-06 04:18:00,278.3700,278.4300,278.1200,278.2000,344
2025-01-06 04:19:00,278.4000,278.4800,278.2700,278.4800,178
2025-01-06 04:20:00,278.4800,278.5200,278.2700,278.5200,159
2025-01-06 04:21:00,278.3100,278.4300,278.0300,278.0700,2849
2025-01-06 04:22:00,278.1300,278.4000,278.0000,278.3300,847
2025-01-06 04:23:00,278.3000,278.4600,278.0200,278.3600,580
2025-01-06 04:24:00,278.3600,278.4600,278.1400,278.4600,62
2025-01-06 04:25:00,278.3900,278.3900,278.1000,278.1000,42
2025-01-06 04:26:00,278.2600,278.3000,278.0500,278.3000,303
2025-01-06 04:27:00,278.2400,278.2400,277.6400,277.8000,1274
2025-01-06 04:28:00,277.8700,277.8700,277.3500,277.3500,685
2025-01-06 04:29:00,277.3200,277.5800,277.3200,277.5600,598
2025-01-06 04:30:00,277.5000,277.5300,277.3600,277.3900,1586
2025-01-06 04:31:00,277.3900,277.4000,277.2100,277.2400,1030
2025-01-06 04:32:00,277.2400,277.4000,277.2300,277.3900,599
2025-01-06 04:33:00,277.4000,277.4000,277.2400,277.3100,334
2025-01-06 04:34:00,277.3800,277.4000,277.3500,277.3800,71
2025-01-06 04:35:00,277.3800,277.5700,277.3800,277.4500,1635
2025-01-06 04:36:00,277.3700,277.3800,277.1000,277.1900,784
2025-01-06 04:37:00,277.1700,277.3100,277.0900,277.3100,173
2025-01-06 04:38:00,277.1600,277.4000,277.1600,277.4000,48
2025-01-06 04:39:00,277.3500,277.3500,276.8700,277.2400,607
2025-01-06 04:40:00,277.3000,277.3000,277.0000,277.0400,409
2025-01-06 04:41:00,277.3000,277.3500,277.2200,277.2200,188
2025-01-06 04:42:00,277.0700,277.1300,277.0000,277.1300,635
2025-01-06 04:43:00,277.1400,277.2200,277.0900,277.1000,481
2025-01-06 04:44:00,277.0400,277.1800,277.0000,277.0000,1064
2025-01-06 04:45:00,277.0000,277.2300,277.0000,277.2300,352
2025-01-06 04:46:00,277.2700,277.2700,277.1000,277.1200,903
2025-01-06 04:47:00,277.1600,277.1600,277.1200,277.1600,417
2025-01-06 04:48:00,277.1600,277.2900,277.1600,277.2600,215
2025-01-06 04:49:00,277.2500,277.3200,277.2500,277.3200,440
2025-01-06 04:50:00,277.2700,277.2700,277.2700,277.2700,4
2025-01-06 04:51:00,277.2400,277.3200,277.0000,277.0500,1060
2025-01-06 04:52:00,277.0800,277.1900,276.8200,276.9100,365
2025-01-06 04:53:00,276.9200,277.0900,276.9000,277.0300,132
2025-01-06 04:54:00,276.9700,277.0900,276.9200,276.9400,307
2025-01-06 04:55:00,276.9300,276.9600,276.8600,276.8600,287
2025-01-06 04:56:00,276.8600,276.8600,275.8900,276.1300,8379
2025-01-06 04:57:00,276.1900,276.2300,276.0500,276.0500,292
2025-01-06 04:58:00,276.0000,276.6900,276.0000,276.6900,1302
2025-01-06 04:59:00,276.6100,276.6100,276.5200,276.5400,485
2025-01-06 05:00:00,276.5500,276.5500,276.5500,276.5500,1
2025-01-06 05:01:00,276.8000,276.9000,276.6000,276.7800,174
2025-01-06 05:02:00,276.7000,276.7000,276.2000,276.3100,410
2025-01-06 05:03:00,276.3200,276.5300,275.8700,275.8700,651
2025-01-06 05:04:00,275.9000,276.1200,275.8000,276.1200,200
2025-01-06 05:05:00,276.1600,276.1900,275.8500,275.8600,135
2025-01-06 05:06:00,275.9600,276.0400,275.8000,275.8200,1133
2025-01-06 05:07:00,276.0400,276.0600,275.8000,276.0000,301
2025-01-06 05:08:00,276.0600,276.1200,276.0000,276.0000,120
2025-01-06 05:09:00,276.1500,276.2500,276.0000,276.1300,40
2025-01-06 05:10:00,276.0000,276.3000,276.0000,276.3000,106
2025-01-06 05:11:00,276.3900,276.5900,276.3100,276.3100,544
2025-01-06 05:12:00,276.3100,276.7400,276.3100,276.4000,19
2025-01-06 05:13:00,276.5400,276.5400,276.2000,276.2000,420
2025-01-06 05:14:00,276.4000,276.5900,276.1300,276.1300,62
2025-01-06 05:15:00,276.6600,276.6600,276.0700,276.0700,594
2025-01-06 05:16:00,276.1500,276.8200,276.1500,276.8200,17
2025-01-06 05:17:00,276.8000,276.8000,276.8000,276.8000,14
2025-01-06 05:18:00,276.8000,276.8000,275.8300,275.9900,3661
2025-01-06 05:19:00,275.8900,276.0000,275.8900,276.0000,257
2025-01-06 05:20:00,275.9800,276.0000,275.7200,275.9100,966
2025-01-06 05:21:00,275.8000,275.8000,275.7900,275.7900,7
2025-01-06 05:22:00,275.8000,275.9000,275.7200,275.7200,167
2025-01-06 05:23:00,275.8200,275.8800,275.7200,275.8300,80
2025-01-06 05:24:00,275.8000,275.9900,275.8000,275.8800,134
2025-01-06 05:25:00,275.9600,275.9700,275.9000,275.9000,161
2025-01-06 05:26:00,275.8800,275.8800,275.5500,275.8300,538
2025-01-06 05:27:00,275.8400,275.8800,275.6000,275.8800,119
2025-01-06 05:28:00,275.8400,275.9100,275.7700,275.8400,77
2025-01-06 05:29:00,275.9800,276.2100,275.9300,275.9300,551
2025-01-06 05:30:00,275.8600,276.1300,275.6000,276.0000,440
2025-01-06 05:31:00,276.2400,276.3100,276.0000,276.2000,52
2025-01-06 05:32:00,276.0000,276.1900,276.0000,276.1000,45
2025-01-06 05:33:00,276.0000,276.2500,276.0000,276.1100,215
2025-01-06 05:34:00,276.1400,276.1400,275.8000,275.8000,18
2025-01-06 05:35:00,275.8800,275.9300,275.6100,275.6100,161
2025-01-06 05:36:00,275.6000,275.7100,275.5500,275.6100,321
2025-01-06 05:37:00,275.7100,276.0300,275.6400,276.0300,449
2025-01-06 05:38:00,276.0300,276.2400,275.9200,276.1900,46
2025-01-06 05:39:00,275.8600,275.9600,275.6800,275.9600,112
2025-01-06 05:40:00,275.9000,276.1500,275.9000,276.1500,90
2025-01-06 05:41:00,276.1500,276.1900,275.8000,276.1500,43
2025-01-06 05:42:00,276.0000,276.1500,276.0000,276.1500,422
2025-01-06 05:43:00,276.1500,276.1500,275.7100,275.9000,284
2025-01-06 05:44:00,275.7100,275.7900,275.6600,275.7600,1078
2025-01-06 05:45:00,275.6500,275.6800,275.6000,275.6100,294
2025-01-06 05:46:00,275.6100,275.9000,275.6100,275.9000,153
2025-01-06 05:47:00,275.9200,275.9200,275.6800,275.8100,221
2025-01-06 05:48:00,276.0500,276.0500,275.9200,275.9200,48
2025-01-06 05:49:00,275.9900,275.9900,275.9900,275.9900,25
2025-01-06 05:50:00,275.9600,275.9800,275.7100,275.9300,8
2025-01-06 05:51:00,275.8600,275.9800,275.8600,275.9800,62
2025-01-06 05:52:00,275.8700,275.8700,275.8400,275.8700,78
2025-01-06 05:53:00,275.9600,276.0200,275.8500,275.9900,54
2025-01-06 05:54:00,276.0000,276.2300,276.0000,276.1900,228
2025-01-06 05:55:00,276.1300,276.1300,276.1300,276.1300,26
2025-01-06 05:56:00,276.1500,276.2500,276.0000,276.1000,359
2025-01-06 05:57:00,276.1900,276.1900,275.7100,275.9900,2222
2025-01-06 05:58:00,275.7100,275.9900,275.6900,275.7600,359
2025-01-06 05:59:00,276.0000,276.0900,275.9100,276.0900,349
2025-01-06 06:00:00,276.0900,276.1000,275.9900,276.1000,610
2025-01-06 06:01:00,276.1900,276.1900,276.0000,276.0000,512
2025-01-06 06:02:00,276.0000,276.0000,275.3100,275.5300,981
2025-01-06 06:03:00,275.6100,275.6800,275.6100,275.6800,1805
2025-01-06 06:04:00,275.6900,275.6900,275.6900,275.6900,27
2025-01-06 06:05:00,276.0900,276.3000,275.8500,276.3000,551
2025-01-06 06:06:00,276.2800,276.6200,276.2000,276.5000,293
2025-01-06 06:07:00,276.5100,276.5100,276.4800,276.4800,332
2025-01-06 06:08:00,276.6900,276.6900,276.1200,276.2000,220
2025-01-06 06:09:00,276.4900,276.6400,276.4700,276.5000,256
2025-01-06 06:10:00,276.2200,276.6400,276.2200,276.5000,66
2025-01-06 06:11:00,276.5200,276.8900,276.5200,276.7100,316
2025-01-06 06:12:00,276.7400,276.7700,276.5000,276.6200,1225
2025-01-06 06:13:00,276.7500,276.8800,276.7500,276.8800,2
2025-01-06 06:14:00,276.8900,276.8900,276.8800,276.8900,518
2025-01-06 06:15:00,276.9000,277.1400,276.8800,277.1100,140
2025-01-06 06:16:00,277.3100,277.6500,277.3100,277.6500,558
2025-01-06 06:17:00,277.5400,277.5600,277.1300,277.1300,1867
2025-01-06 06:18:00,277.1300,277.5000,277.0800,277.3900,1487
2025-01-06 06:19:00,277.3500,277.5000,277.3300,277.3300,138
2025-01-06 06:20:00,277.5000,277.5000,277.1700,277.1900,814
2025-01-06 06:21:00,277.2500,277.2800,277.1200,277.2800,74
2025-01-06 06:22:00,277.3200,277.5000,277.3200,277.3900,1632
2025-01-06 06:23:00,277.5100,277.6100,277.5100,277.5500,411
2025-01-06 06:24:00,277.5800,277.8500,277.5800,277.8500,365
2025-01-06 06:25:00,277.8500,277.9000,277.7100,277.8500,319
2025-01-06 06:26:00,277.9000,278.1100,277.9000,278.0000,1817
2025-01-06 06:27:00,277.8200,278.1800,277.7300,277.9500,867
2025-01-06 06:28:00,277.8300,277.8300,277.8300,277.8300,10
2025-01-06 06:29:00,277.9000,277.9800,277.7400,277.9800,67
2025-01-06 06:30:00,277.9600,278.0700,277.9300,277.9700,151
2025-01-06 06:31:00,278.0600,278.1800,278.0600,278.1300,140
2025-01-06 06:32:00,278.1700,278.1700,277.9000,277.9500,166
2025-01-06 06:33:00,277.9500,277.9500,277.8200,277.9500,46
2025-01-06 06:34:00,277.9000,277.9100,277.6900,277.7900,537
2025-01-06 06:35:00,277.9100,277.9100,277.6600,277.9000,239
2025-01-06 06:36:00,277.8200,278.0000,277.8100,278.0000,99
2025-01-06 06:37:00,278.1900,278.1900,277.9500,278.0000,105
2025-01-06 06:38:00,278.1800,278.2000,278.0900,278.0900,980
2025-01-06 06:39:00,278.1000,278.1900,278.0500,278.0600,450
2025-01-06 06:40:00,278.0500,278.1500,278.0500,278.1000,378
2025-01-06 06:41:00,278.1000,278.2000,277.7400,277.7500,943
2025-01-06 06:42:00,277.7500,278.1500,277.7500,278.1000,219
2025-01-06 06:43:00,278.1400,278.2400,278.0100,278.0900,157
2025-01-06 06:44:00,278.2300,278.2300,278.1100,278.1100,129
2025-01-06 06:45:00,278.2400,278.2400,278.2000,278.2000,100
2025-01-06 06:46:00,278.1100,278.1100,277.8800,277.9100,1334
2025-01-06 06:47:00,277.9900,278.0100,277.8600,277.8600,80
2025-01-06 06:48:00,277.9800,277.9800,277.8600,277.9200,23
2025-01-06 06:49:00,277.9700,277.9700,277.7600,277.7600,16
2025-01-06 06:50:00,277.9600,277.9600,277.8200,277.8200,29
2025-01-06 06:51:00,277.7300,277.7400,277.5200,277.5200,116
2025-01-06 06:52:00,277.8900,278.1100,277.8900,278.1100,774
2025-01-06 06:53:00,278.1100,278.1100,277.7900,278.0000,208
2025-01-06 06:54:00,278.0800,278.5000,278.0000,278.1800,1192
2025-01-06 06:55:00,278.3100,278.3100,278.2200,278.2200,29
2025-01-06 06:56:00,278.2200,278.4500,278.2200,278.4500,23
2025-01-06 06:57:00,278.4500,278.4500,278.4000,278.4500,334
2025-01-06 06:58:00,278.4000,278.4000,278.2000,278.2000,822
2025-01-06 06:59:00,278.3700,278.5000,278.2500,278.4000,134
2025-01-06 07:00:00,278.3500,278.6000,277.9500,278.5700,2465
2025-01-06 07:01:00,278.5400,278.9600,278.5000,278.7500,1053
2025-01-06 07:02:00,278.7600,278.9900,278.7600,278.9000,111
2025-01-06 07:03:00,278.9500,278.9500,278.3700,278.7900,1511
2025-01-06 07:04:00,278.7900,278.9600,278.6000,278.9500,513
2025-01-06 07:05:00,278.7600,278.9500,278.1900,278.2900,2721
2025-01-06 07:06:00,278.2900,278.6600,278.2400,278.6500,1318
2025-01-06 07:07:00,278.5000,278.5000,278.4600,278.4600,85
2025-01-06 07:08:00,278.3000,278.4700,278.2500,278.4500,335
2025-01-06 07:09:00,278.4600,278.4700,278.0000,278.2000,1313
2025-01-06 07:10:00,278.2000,278.4300,278.0900,278.4300,324
2025-01-06 07:11:00,278.4800,278.4800,278.0400,278.4600,94
2025-01-06 07:12:00,278.5000,278.6000,278.4300,278.5600,1376
2025-01-06 07:13:00,278.6200,278.6600,278.4000,278.5900,376
2025-01-06 07:14:00,278.6800,278.9300,278.6800,278.9300,142
2025-01-06 07:15:00,278.9400,279.3600,278.8900,279.3600,2437
2025-01-06 07:16:00,279.1100,279.4900,279.0800,279.2400,2132
2025-01-06 07:17:00,279.1900,279.2500,279.0100,279.2500,1073
2025-01-06 07:18:00,279.4300,279.4300,279.1500,279.3000,477
2025-01-06 07:19:00,279.3000,279.3000,279.1200,279.2000,257
2025-01-06 07:20:00,279.2400,279.5100,279.2400,279.4700,499
2025-01-06 07:21:00,279.5000,279.6000,279.4100,279.4800,1852
2025-01-06 07:22:00,279.4900,279.7800,279.4900,279.7800,934
2025-01-06 07:23:00,279.7800,279.9900,279.7400,279.9000,2500
2025-01-06 07:24:00,279.9800,280.3200,279.9000,280.3000,5088
2025-01-06 07:25:00,280.4090,280.4100,280.0900,280.2300,693
2025-01-06 07:26:00,280.0000,280.3400,280.0000,280.1100,1877
2025-01-06 07:27:00,280.1400,280.1400,279.8700,279.8800,1343
2025-01-06 07:28:00,279.8800,280.1300,279.7100,280.1300,306
2025-01-06 07:29:00,280.1100,280.1300,279.9100,280.0000,788
2025-01-06 07:30:00,280.0000,280.1300,280.0000,280.1200,183
2025-01-06 07:31:00,280.1300,280.1300,279.8700,280.1300,3320
2025-01-06 07:32:00,280.0300,280.0300,279.9500,280.0000,507
2025-01-06 07:33:00,280.0800,280.3100,279.9500,280.1200,6956
2025-01-06 07:34:00,280.0700,280.2400,280.0000,280.2300,1747
2025-01-06 07:35:00,280.1000,280.2800,280.1000,280.2600,170
2025-01-06 07:36:00,280.3000,280.3100,280.1000,280.1500,678
2025-01-06 07:37:00,280.3700,280.3700,280.2100,280.2100,1941
2025-01-06 07:38:00,280.2300,280.2300,280.0200,280.0400,480
2025-01-06 07:39:00,280.1700,280.3200,280.0800,280.2400,1317
2025-01-06 07:40:00,280.1100,280.3500,280.0700,280.2300,1761
2025-01-06 07:41:00,280.3500,280.3900,280.2300,280.3900,625
2025-01-06 07:42:00,280.3500,280.3600,280.1300,280.2000,168
2025-01-06 07:43:00,280.2800,280.3900,280.0900,280.3900,244
2025-01-06 07:44:00,280.2400,280.3900,280.2000,280.3200,328
2025-01-06 07:45:00,280.3900,280.4200,280.1700,280.1900,1648
2025-01-06 07:46:00,280.1900,280.3000,280.1900,280.2100,183
2025-01-06 07:47:00,280.2100,280.6000,280.1600,280.5400,2498
2025-01-06 07:48:00,280.5000,280.6900,280.2100,280.5500,2308
2025-01-06 07:49:00,280.5200,280.5200,280.3000,280.3000,1490
2025-01-06 07:50:00,280.4400,280.5900,280.3500,280.5500,1526
2025-01-06 07:51:00,280.4600,280.4600,280.3000,280.3000,1047
2025-01-06 07:52:00,280.3000,280.4000,279.6200,279.6300,5787
2025-01-06 07:53:00,279.5400,279.5600,279.1100,279.5100,1378
2025-01-06 07:54:00,279.4000,279.6000,279.3500,279.4300,731
2025-01-06 07:55:00,279.4600,279.4600,279.1000,279.1000,718
2025-01-06 07:56:00,279.1000,279.3600,278.7700,278.8300,917
2025-01-06 07:57:00,278.8400,279.4800,278.8400,279.1600,339
2025-01-06 07:58:00,279.2200,279.2800,279.1500,279.1600,801
2025-01-06 07:59:00,279.2700,279.5000,279.1600,279.2700,869
2025-01-06 08:00:00,279.4400,281.9000,275.6500,276.2470,60352
2025-01-06 08:01:00,276.8200,281.2900,275.6012,278.7500,3183
2025-01-06 08:02:00,278.8900,279.4600,278.2000,279.2000,2616
2025-01-06 08:03:00,279.3300,279.3300,279.0100,279.2500,360
2025-01-06 08:04:00,279.2000,279.4897,279.0100,279.3450,844
2025-01-06 08:05:00,279.3000,279.4900,279.2300,279.3000,1018
2025-01-06 08:06:00,279.1750,279.3970,279.0000,279.0000,641
2025-01-06 08:07:00,279.0000,279.2500,278.9200,279.1550,679
2025-01-06 08:08:00,279.2500,279.3300,279.1100,279.3300,2948
2025-01-06 08:09:00,279.3300,279.4400,279.1505,279.3200,3026
2025-01-06 08:10:00,279.2400,279.2999,279.1600,279.2800,333
2025-01-06 08:11:00,279.1600,279.3700,279.0000,279.0000,761
2025-01-06 08:12:00,279.2000,279.2000,278.5000,278.7250,1453
2025-01-06 08:13:00,278.7300,278.7500,278.4900,278.5000,2329
2025-01-06 08:14:00,278.6000,278.7500,278.4900,278.5200,2177
2025-01-06 08:15:00,278.4800,278.6939,278.1100,278.1100,3170
2025-01-06 08:16:00,278.1400,278.7000,277.9500,278.1000,2006
2025-01-06 08:17:00,277.9700,278.7000,277.8600,277.9500,1079
2025-01-06 08:18:00,278.4500,278.6800,278.0100,278.2000,1810
2025-01-06 08:19:00,278.4300,278.6400,278.3000,278.6400,109
2025-01-06 08:20:00,278.5000,278.6400,278.2549,278.6000,228
2025-01-06 08:21:00,278.3400,278.6400,278.3400,278.5350,289
2025-01-06 08:22:00,278.5700,278.9300,278.5350,278.9300,2271
2025-01-06 08:23:00,278.9400,279.0100,278.7500,279.0000,1473
2025-01-06 08:24:00,279.0000,279.2000,279.0000,279.2000,451
2025-01-06 08:25:00,279.2000,279.4000,279.0100,279.4000,773
2025-01-06 08:26:00,279.4320,279.4320,279.2000,279.3900,744
2025-01-06 08:27:00,279.4000,279.5000,279.1700,279.1700,677
2025-01-06 08:28:00,279.2000,279.4508,279.1100,279.1100,330
2025-01-06 08:29:00,279.2000,279.4500,279.2000,279.3000,170
2025-01-06 08:30:00,279.2000,279.4500,279.2000,279.3400,622
2025-01-06 08:31:00,279.2000,279.4400,278.9600,279.1500,2238
2025-01-06 08:32:00,279.2200,279.3200,278.7200,279.0000,1085
2025-01-06 08:33:00,279.1400,279.4400,279.0000,279.2300,1831
2025-01-06 08:34:00,279.1000,279.3000,279.0000,279.1400,269
2025-01-06 08:35:00,279.1400,279.3000,279.1000,279.3000,504
2025-01-06 08:36:00,279.2100,279.4500,279.1300,279.4300,571
2025-01-06 08:37:00,279.4000,279.4500,279.2600,279.3000,1080
2025-01-06 08:38:00,279.3000,279.4500,279.1000,279.2200,435
2025-01-06 08:39:00,279.4083,279.4300,279.1000,279.1000,186
2025-01-06 08:40:00,279.3100,279.4500,279.0900,279.3000,163
2025-01-06 08:41:00,279.1022,279.4490,279.1000,279.1000,854
2025-01-06 08:42:00,279.2100,279.3300,278.8800,279.2500,2116
2025-01-06 08:43:00,279.1000,279.3964,279.1000,279.2000,178
2025-01-06 08:44:00,279.3100,279.3100,278.9600,279.1700,1659
2025-01-06 08:45:00,279.2500,279.3300,279.0300,279.1700,158
2025-01-06 08:46:00,279.1300,279.3584,279.0000,279.1500,1072
2025-01-06 08:47:00,279.0000,279.4500,278.9400,279.3600,139
2025-01-06 08:48:00,279.3900,279.5000,279.3900,279.5000,2412
2025-01-06 08:49:00,279.5000,279.5000,279.0700,279.2000,884
2025-01-06 08:50:00,279.4400,279.4900,278.7295,279.1800,279
2025-01-06 08:51:00,279.1100,279.5000,279.1000,279.4950,1197
2025-01-06 08:52:00,279.5000,279.7300,279.3950,279.5755,3159
2025-01-06 08:53:00,279.7500,279.7900,279.5800,279.6200,1334
2025-01-06 08:54:00,279.5800,279.8000,279.5800,279.6300,510
2025-01-06 08:55:00,279.7600,279.7600,279.5600,279.7400,313
2025-01-06 08:56:00,279.6300,279.9900,279.3900,279.6850,294
2025-01-06 08:57:00,279.6400,280.0000,279.3800,279.7000,133
2025-01-06 08:58:00,279.7000,279.8000,279.2000,279.5100,631
2025-01-06 08:59:00,279.7900,279.7900,279.2000,279.4100,944
2025-01-06 09:00:00,279.4400,279.7900,279.1201,279.5300,362
2025-01-06 09:01:00,279.4600,279.5000,279.2000,279.4400,668
2025-01-06 09:02:00,279.4300,279.7900,279.1100,279.5000,1533
2025-01-06 09:03:00,279.5000,279.6400,279.2800,279.4800,218
2025-01-06 09:04:00,279.2800,279.4500,279.0001,279.0600,1042
2025-01-06 09:05:00,279.0000,279.1900,278.6500,279.0000,1626
2025-01-06 09:06:00,278.8360,279.2000,278.4500,278.6700,1578
2025-01-06 09:07:00,278.6700,279.0000,278.3100,279.0000,1871
2025-01-06 09:08:00,279.0000,279.2000,278.3100,278.8100,299
2025-01-06 09:09:00,278.8100,278.8100,278.3100,278.7000,549
2025-01-06 09:10:00,278.7100,278.7500,278.3600,278.3600,562
2025-01-06 09:11:00,278.5300,278.7500,278.3500,278.7500,786
2025-01-06 09:12:00,278.7500,279.0000,278.6300,278.6300,833
2025-01-06 09:13:00,278.6100,278.9900,278.1700,278.1700,2532
2025-01-06 09:14:00,278.4000,278.6000,278.0500,278.0500,1443
2025-01-06 09:15:00,278.1570,278.5100,276.1500,276.1500,7887
2025-01-06 09:16:00,276.4700,276.8600,275.2700,275.8000,5197
2025-01-06 09:17:00,276.2000,276.8000,275.8300,276.3600,1423
2025-01-06 09:18:00,276.2800,276.2800,274.5300,274.9400,8953
2025-01-06 09:19:00,275.0100,276.8000,274.8500,275.8800,2135
2025-01-06 09:20:00,275.7000,276.5000,275.5249,275.8700,1739
2025-01-06 09:21:00,276.4000,276.5400,275.5500,275.9600,1371
2025-01-06 09:22:00,276.5000,276.7884,275.9800,276.2400,1554
2025-01-06 09:23:00,276.4700,277.3600,276.4700,276.4800,854
2025-01-06 09:24:00,276.7300,277.0000,276.1000,277.0000,2005
2025-01-06 09:25:00,276.7000,279.5100,276.2500,278.7250,16045
2025-01-06 09:26:00,278.6900,279.5500,278.4500,279.1300,5785
2025-01-06 09:27:00,279.4900,280.2100,278.8000,280.0761,13705
2025-01-06 09:28:00,279.5800,280.1004,279.5800,279.7000,2511
2025-01-06 09:29:00,279.6000,279.7900,279.0400,279.0600,727
2025-01-06 09:30:00,279.0700,279.7200,275.1300,276.2700,251219
2025-01-06 09:31:00,275.8850,276.2500,273.6866,273.8350,74731
2025-01-06 09:32:00,274.0450,275.1499,272.7300,272.8206,76518
2025-01-06 09:33:00,273.0800,274.4296,272.7400,273.6400,38138
2025-01-06 09:34:00,273.7900,274.5299,273.1346,273.6100,39810
2025-01-06 09:35:00,273.6100,274.7700,272.9271,272.9271,51020
2025-01-06 09:36:00,272.8800,273.4700,272.1200,272.8040,78561
2025-01-06 09:37:00,272.5000,273.8100,271.7500,273.3300,55322
2025-01-06 09:38:00,273.5500,275.1945,273.1500,274.2350,55888
2025-01-06 09:39:00,274.0000,274.8300,273.7000,273.9000,48713
2025-01-06 09:40:00,274.0900,275.9500,273.9650,275.5800,75644
2025-01-06 09:41:00,275.5800,276.6400,275.3628,276.6400,52852
2025-01-06 09:42:00,276.7200,277.6300,276.5100,277.0900,31117
2025-01-06 09:43:00,277.0000,278.4900,276.6800,276.8500,65549
2025-01-06 09:44:00,276.6130,276.9100,275.5000,276.0400,39330
2025-01-06 09:45:00,276.2800,278.3000,276.0900,278.3000,48731
2025-01-06 09:46:00,278.4000,279.8100,278.2300,279.7130,87285
2025-01-06 09:47:00,279.5850,280.2800,279.4000,279.9900,96154
2025-01-06 09:48:00,280.0550,282.0000,279.4700,281.7500,79662
2025-01-06 09:49:00,281.7700,282.4700,281.5400,282.1227,71386
2025-01-06 09:50:00,282.0400,282.5650,280.8551,281.2775,54909
2025-01-06 09:51:00,281.5500,283.2800,281.4100,282.9300,105471
2025-01-06 09:52:00,282.8400,283.5500,282.0000,282.9750,68250
2025-01-06 09:53:00,282.9750,284.8000,282.7501,284.2200,122265
2025-01-06 09:54:00,284.2250,285.0800,283.8007,284.8150,75442
2025-01-06 09:55:00,284.8600,286.3500,284.8600,286.0900,83685
2025-01-06 09:56:00,285.8900,286.0000,284.8100,285.6400,53700
2025-01-06 09:57:00,285.6400,286.8400,285.1455,285.3150,64896
2025-01-06 09:58:00,285.4799,285.8100,285.2701,285.6350,32330
2025-01-06 09:59:00,285.6235,285.8500,283.9500,284.6500,49499
2025-01-06 10:00:00,284.4523,286.1500,284.4523,285.1609,49636
2025-01-06 10:01:00,284.8500,285.0000,283.3345,284.8351,44492
2025-01-06 10:02:00,284.9900,285.7600,284.2500,285.7000,40729
2025-01-06 10:03:00,285.5400,287.8499,285.4500,287.6800,96300
2025-01-06 10:04:00,287.7525,287.9700,286.4850,287.0900,56936
2025-01-06 10:05:00,287.5100,287.6900,285.7713,286.4300,39114
2025-01-06 10:06:00,286.6200,287.6100,286.5700,287.1500,32030
2025-01-06 10:07:00,287.0001,287.4898,286.3300,287.0700,36931
2025-01-06 10:08:00,287.3500,287.7100,286.7700,286.9600,35027
2025-01-06 10:09:00,287.1400,287.5478,286.5100,287.4900,35470
2025-01-06 10:10:00,287.4900,287.8400,285.4789,286.4780,54689
2025-01-06 10:11:00,286.3468,287.4800,285.9900,286.7650,42969
2025-01-06 10:12:00,286.7700,287.8899,286.2000,287.3700,26100
2025-01-06 10:13:00,287.3300,287.8000,287.1200,287.6666,49746
2025-01-06 10:14:00,287.6550,288.2000,287.1200,287.6500,39453
2025-01-06 10:15:00,287.6400,288.2100,287.6129,287.9700,38783
2025-01-06 10:16:00,288.0200,288.2300,287.0500,288.0500,70239
2025-01-06 10:17:00,288.2300,289.3900,288.1500,289.0330,72476
2025-01-06 10:18:00,289.2000,290.3600,289.0267,289.2500,88908
2025-01-06 10:19:00,289.6100,290.2400,289.0526,290.2400,57736
2025-01-06 10:20:00,290.1100,290.3799,289.4300,290.1300,47222
2025-01-06 10:21:00,290.2400,290.2400,289.2101,289.8950,56464
2025-01-06 10:22:00,289.9400,290.3200,289.5018,289.9500,39162
2025-01-06 10:23:00,290.0983,290.3800,289.6880,289.6880,32698
2025-01-06 10:24:00,289.7400,290.6800,289.4220,290.6012,27840
2025-01-06 10:25:00,290.5900,291.3300,290.5000,291.3100,49986
2025-01-06 10:26:00,291.3100,293.6000,291.2750,292.8800,163047
2025-01-06 10:27:00,293.0000,293.0800,291.9200,292.4000,44703
2025-01-06 10:28:00,292.3500,293.0100,292.2000,292.5107,69555
2025-01-06 10:29:00,292.4200,292.8225,291.6801,291.7100,34041
2025-01-06 10:30:00,292.0100,292.1600,291.2500,291.9400,36615
2025-01-06 10:31:00,291.9000,292.3478,290.6430,291.7800,34054
2025-01-06 10:32:00,291.5251,292.0000,291.4300,291.9300,16431
2025-01-06 10:33:00,291.9900,292.2800,291.5900,291.8403,47780
2025-01-06 10:34:00,292.0400,292.3100,291.0298,291.9000,26839
2025-01-06 10:35:00,291.8300,291.8700,291.1200,291.6404,17554
2025-01-06 10:36:00,291.7200,292.7876,291.3100,291.6974,44588
2025-01-06 10:37:00,291.7300,292.5000,291.5000,292.5000,38769
2025-01-06 10:38:00,292.4217,292.5700,291.1801,291.7500,19254
2025-01-06 10:39:00,291.7500,291.8200,289.9000,290.2600,49439
2025-01-06 10:40:00,290.1900,290.8000,290.0900,290.5100,27732
2025-01-06 10:41:00,290.3000,291.2237,289.8600,291.1450,26242
2025-01-06 10:42:00,290.9500,292.1440,290.9500,292.1440,26509
2025-01-06 10:43:00,292.2300,292.4700,291.7137,291.8000,46541
2025-01-06 10:44:00,291.8000,292.3700,291.5300,291.9863,34585
2025-01-06 10:45:00,292.0000,292.2000,291.5900,291.7300,24579
2025-01-06 10:46:00,291.8400,292.0400,290.5810,291.1000,18647
2025-01-06 10:47:00,291.0000,291.0250,290.2700,290.5000,12033
2025-01-06 10:48:00,290.6400,290.8899,290.1847,290.2700,11865
2025-01-06 10:49:00,290.3000,291.0100,289.8413,290.9300,24667
2025-01-06 10:50:00,290.8850,291.6474,290.0300,290.2500,61294
2025-01-06 10:51:00,290.1700,290.8929,290.0000,290.5000,29947
2025-01-06 10:52:00,290.7400,291.8299,290.7400,291.8299,19955
2025-01-06 10:53:00,291.5400,292.2500,291.1701,292.0700,31402
2025-01-06 10:54:00,292.1000,292.1200,291.4400,291.4400,11101
2025-01-06 10:55:00,291.4400,291.6200,290.3831,290.9300,13699
2025-01-06 10:56:00,291.0000,291.4200,290.5000,290.5900,10256
2025-01-06 10:57:00,290.5750,290.6000,290.0000,290.0700,11761
2025-01-06 10:58:00,289.9551,291.1150,289.9551,290.7600,18999
2025-01-06 10:59:00,290.7838,290.7838,290.1400,290.4900,8064
2025-01-06 11:00:00,290.4400,290.8100,290.1300,290.3760,13554
2025-01-06 11:01:00,290.2000,290.9652,289.8905,290.8550,21303
2025-01-06 11:02:00,290.9000,291.0300,290.1800,290.4550,14484
2025-01-06 11:03:00,290.1800,290.9800,289.8001,290.0300,37223
2025-01-06 11:04:00,290.0300,290.2200,289.4400,289.4900,33861
2025-01-06 11:05:00,289.4981,290.0000,289.3962,289.6300,15489
2025-01-06 11:06:00,289.6950,290.5499,289.6000,289.7800,39714
2025-01-06 11:07:00,289.7950,290.6818,289.6900,290.6818,22811
2025-01-06 11:08:00,290.6900,290.9000,290.0800,290.8200,14889
2025-01-06 11:09:00,290.6700,291.1280,290.3700,291.1280,15440
2025-01-06 11:10:00,290.7900,291.1100,289.8500,290.0691,74596
2025-01-06 11:11:00,290.0650,290.6900,290.0000,290.6800,14385
2025-01-06 11:12:00,290.5300,290.7100,289.6000,290.1450,13669
2025-01-06 11:13:00,290.2900,290.5000,289.8800,290.5000,9996
2025-01-06 11:14:00,290.3500,290.3500,289.5600,289.7650,21081
2025-01-06 11:15:00,289.5300,289.6400,288.8200,289.5300,35746
2025-01-06 11:16:00,289.4824,289.5300,288.2900,288.5300,16153
2025-01-06 11:17:00,288.4000,288.4000,287.6000,287.6600,36935
2025-01-06 11:18:00,287.7740,287.8736,287.2200,287.6600,20006
2025-01-06 11:19:00,287.8000,289.1243,287.8000,288.9434,20561
2025-01-06 11:20:00,288.7971,289.6299,288.6000,289.4400,19666
2025-01-06 11:21:00,289.4200,289.4200,289.1300,289.2465,7485
2025-01-06 11:22:00,289.1900,289.3675,289.0200,289.0720,10001
2025-01-06 11:23:00,289.0500,289.6400,288.8100,289.3600,16779
2025-01-06 11:24:00,289.4500,289.9400,289.3025,289.8900,12089
2025-01-06 11:25:00,289.8900,290.3900,289.4700,289.9450,28847
2025-01-06 11:26:00,289.9425,290.2300,289.5200,289.7500,17999
2025-01-06 11:27:00,289.8500,290.1000,289.2100,289.4000,13797
2025-01-06 11:28:00,289.3700,289.6500,289.3200,289.5800,7036
2025-01-06 11:29:00,289.5800,290.2200,289.4300,290.0000,41314
2025-01-06 11:30:00,289.9000,291.3200,289.9000,291.1908,31455
2025-01-06 11:31:00,291.0100,291.3700,289.9000,290.6450,26908
2025-01-06 11:32:00,290.4800,291.0100,290.4400,290.9400,9357
2025-01-06 11:33:00,291.0000,291.6584,290.6400,291.5400,13020
2025-01-06 11:34:00,291.3000,291.4300,290.3300,291.2650,12361
2025-01-06 11:35:00,291.1780,291.4500,290.6200,290.6200,21700
2025-01-06 11:36:00,290.7400,290.7400,289.5600,290.3100,24048
2025-01-06 11:37:00,290.0700,290.1200,289.5100,289.7700,22783
2025-01-06 11:38:00,289.8700,289.8700,289.1501,289.3250,12901
2025-01-06 11:39:00,289.2000,289.2000,288.3800,288.7000,23762
2025-01-06 11:40:00,288.7000,288.7800,288.2300,288.4671,33642
2025-01-06 11:41:00,288.3700,288.9899,288.1200,288.8250,14804
2025-01-06 11:42:00,288.9900,289.3000,288.1500,288.1600,21421
2025-01-06 11:43:00,288.1200,288.4400,287.6310,288.2736,16516
2025-01-06 11:44:00,288.1500,288.4190,287.6000,288.1929,8462
2025-01-06 11:45:00,288.0900,288.1000,287.6400,287.6800,9932
2025-01-06 11:46:00,287.8300,287.8300,287.0000,287.0100,20150
2025-01-06 11:47:00,287.1175,287.1175,286.5000,286.6000,14559
2025-01-06 11:48:00,286.6500,286.7300,285.9100,286.2900,35427
2025-01-06 11:49:00,286.2200,286.6002,285.9000,286.4350,20455
2025-01-06 11:50:00,286.2800,286.9930,286.0200,286.7350,17297
2025-01-06 11:51:00,286.8600,288.4800,286.8050,288.4669,23238
2025-01-06 11:52:00,288.3500,288.4593,288.0000,288.1500,17413
2025-01-06 11:53:00,288.0000,288.7199,287.3600,287.8600,18794
2025-01-06 11:54:00,288.5691,288.8200,288.3400,288.5100,11456
2025-01-06 11:55:00,288.5000,289.0500,288.0219,289.0500,10075
2025-01-06 11:56:00,288.9861,289.4050,288.7600,289.0000,15361
2025-01-06 11:57:00,289.0000,289.2400,288.7800,288.9200,11279
2025-01-06 11:58:00,288.8450,288.8975,288.2900,288.3200,9455
2025-01-06 11:59:00,288.3360,289.1125,288.3200,288.4650,9022
2025-01-06 12:00:00,288.4500,288.5000,286.8000,287.2600,23005
2025-01-06 12:01:00,287.2315,288.5099,287.2021,288.0000,10251
2025-01-06 12:02:00,288.2600,288.5000,288.0000,288.4500,11531
2025-01-06 12:03:00,288.5800,288.9020,288.1900,288.8400,8748
2025-01-06 12:04:00,288.8400,289.3950,288.2400,288.4100,13020
2025-01-06 12:05:00,288.2341,288.6200,287.7600,287.9400,8439
2025-01-06 12:06:00,287.8575,288.2527,287.6000,287.7550,8042
2025-01-06 12:07:00,287.9000,288.0100,287.5975,287.7400,5644
2025-01-06 12:08:00,288.0483,288.5000,287.7801,288.4400,19579
2025-01-06 12:09:00,288.8400,289.3500,288.6800,288.6800,9010
2025-01-06 12:10:00,288.6800,288.7300,288.2000,288.2000,6865
2025-01-06 12:11:00,288.5600,288.6000,288.2300,288.2700,3657
2025-01-06 12:12:00,288.1000,288.2800,287.5274,287.8200,7134
2025-01-06 12:13:00,287.9661,288.3000,287.6800,288.2736,6481
2025-01-06 12:14:00,288.4000,288.5950,287.2301,287.7200,14138
2025-01-06 12:15:00,287.8400,287.9300,287.0000,287.1680,7903
2025-01-06 12:16:00,287.0500,287.9266,286.9300,287.7200,9562
2025-01-06 12:17:00,287.9800,288.0175,287.5100,287.5100,8820
2025-01-06 12:18:00,287.5100,287.7800,287.1800,287.7800,9008
2025-01-06 12:19:00,287.7550,287.7550,286.5700,287.4300,12064
2025-01-06 12:20:00,287.5100,287.8999,286.9800,287.0501,9850
2025-01-06 12:21:00,287.2200,287.8250,287.1601,287.8173,4547
2025-01-06 12:22:00,288.0000,288.1450,287.4073,287.6301,11343
2025-01-06 12:23:00,287.7700,287.9999,287.2686,287.4650,7387
2025-01-06 12:24:00,287.6900,287.8900,287.1129,287.5000,7591
2025-01-06 12:25:00,287.1300,287.7900,287.0000,287.4900,11188
2025-01-06 12:26:00,287.6900,288.0000,287.5000,287.7525,10496
2025-01-06 12:27:00,287.5000,288.0000,287.2100,287.8994,8402
2025-01-06 12:28:00,287.9636,288.4000,287.7500,288.3650,15917
2025-01-06 12:29:00,288.1500,288.8100,287.6400,288.4200,7540
2025-01-06 12:30:00,288.3800,288.7700,287.6500,287.6500,12071
2025-01-06 12:31:00,287.9100,287.9100,287.3807,287.7500,8819
2025-01-06 12:32:00,287.6300,287.8400,287.3700,287.5000,10099
2025-01-06 12:33:00,287.7500,288.8500,287.7500,288.7550,28127
2025-01-06 12:34:00,288.6200,289.1500,288.4200,288.4200,22153
2025-01-06 12:35:00,288.4200,288.8874,287.2600,287.3833,38154
2025-01-06 12:36:00,287.2700,287.4100,286.6501,286.7601,25273
2025-01-06 12:37:00,286.9999,287.4399,286.9700,287.4399,8898
2025-01-06 12:38:00,287.3400,287.6200,287.2550,287.6200,6804
2025-01-06 12:39:00,287.7400,288.0600,287.0700,287.3100,6327
2025-01-06 12:40:00,287.3895,287.3895,286.2200,286.4400,11982
2025-01-06 12:41:00,286.6600,286.7100,285.1700,285.3200,21404
2025-01-06 12:42:00,285.2600,285.6199,284.7900,284.8925,27890
2025-01-06 12:43:00,284.8100,285.7600,284.8100,285.7600,15712
2025-01-06 12:44:00,285.8500,286.4100,285.8500,286.1401,10772
2025-01-06 12:45:00,286.2960,286.2960,285.3900,285.6598,9570
2025-01-06 12:46:00,285.9301,286.8800,285.9301,286.8000,12092
2025-01-06 12:47:00,286.9100,287.1000,286.3700,287.0921,17326
2025-01-06 12:48:00,287.1800,287.1800,286.1200,286.4400,9849
2025-01-06 12:49:00,286.4400,286.8000,286.3614,286.7500,7742
2025-01-06 12:50:00,286.7400,286.7500,286.0100,286.4250,14032
2025-01-06 12:51:00,286.3450,287.3713,286.3450,286.8400,8146
2025-01-06 12:52:00,286.7600,287.3900,286.4250,287.1000,15617
2025-01-06 12:53:00,287.4163,287.5700,287.0490,287.5700,14249
2025-01-06 12:54:00,287.3884,288.5672,287.3884,288.1200,20015
2025-01-06 12:55:00,287.9201,288.0600,287.4100,287.8300,5513
2025-01-06 12:56:00,287.7650,288.2200,287.5900,287.7100,5722
2025-01-06 12:57:00,287.6785,288.5000,287.6785,288.3400,9817
2025-01-06 12:58:00,288.5200,288.5500,288.0700,288.0700,6916
2025-01-06 12:59:00,288.1300,288.8200,288.1300,288.6800,11315
2025-01-06 13:00:00,288.9000,289.1700,288.6200,288.6257,13823
2025-01-06 13:01:00,288.7900,288.8700,288.0300,288.1000,9200
2025-01-06 13:02:00,288.0000,289.3199,287.6717,289.1100,14958
2025-01-06 13:03:00,289.1000,289.9000,288.9400,289.4900,11990
2025-01-06 13:04:00,289.6650,290.2500,289.6650,290.2500,15982
2025-01-06 13:05:00,290.2500,290.2550,289.7700,289.8100,27840
2025-01-06 13:06:00,290.0200,290.4190,289.6300,289.6300,23531
2025-01-06 13:07:00,289.6200,289.7100,289.4500,289.5750,6797
2025-01-06 13:08:00,289.6900,289.7000,289.0100,289.6000,9067
2025-01-06 13:09:00,289.4100,289.7500,289.1400,289.6300,9595
2025-01-06 13:10:00,289.5000,289.6900,289.0200,289.6200,5603
2025-01-06 13:11:00,289.6200,289.8999,289.5000,289.7697,9952
2025-01-06 13:12:00,289.7736,289.8000,288.8000,289.1700,8124
2025-01-06 13:13:00,289.5100,289.8000,289.3800,289.8000,6700
2025-01-06 13:14:00,289.6900,289.9500,289.5900,289.7900,8698
2025-01-06 13:15:00,289.8900,290.1300,289.4218,289.9550,10464
2025-01-06 13:16:00,289.9325,290.1700,289.7500,289.9600,8299
2025-01-06 13:17:00,289.9200,290.0000,289.6000,290.0000,7407
2025-01-06 13:18:00,289.8750,290.2200,289.5520,289.8038,8589
2025-01-06 13:19:00,289.8000,290.2799,289.6800,290.0000,27171
2025-01-06 13:20:00,290.0000,290.2900,289.9500,289.9500,10056
2025-01-06 13:21:00,290.0500,290.5000,289.8200,290.3303,10440
2025-01-06 13:22:00,290.4999,291.3000,290.3900,291.3000,12299
2025-01-06 13:23:00,291.0200,291.3000,290.9700,291.1600,14781
2025-01-06 13:24:00,291.2600,291.9400,291.1900,291.3900,22753
2025-01-06 13:25:00,291.3500,291.5900,290.7800,291.4600,14584
2025-01-06 13:26:00,291.1400,291.3611,290.9185,290.9185,4359
2025-01-06 13:27:00,290.9300,291.5000,290.9300,291.2700,4636
2025-01-06 13:28:00,291.2200,291.5199,290.9200,291.1300,7940
2025-01-06 13:29:00,291.1900,291.8100,291.1275,291.8100,7243
2025-01-06 13:30:00,291.8100,291.9100,291.5800,291.7300,12068
2025-01-06 13:31:00,291.5800,292.2499,291.5800,291.8250,27421
2025-01-06 13:32:00,291.6500,291.7000,291.0700,291.1600,5970
2025-01-06 13:33:00,291.2800,291.8600,290.8800,291.5400,14695
2025-01-06 13:34:00,291.5000,291.6800,291.1000,291.1000,5982
2025-01-06 13:35:00,291.3200,291.9800,291.2100,291.7400,19889
2025-01-06 13:36:00,291.7600,291.9600,291.5038,291.8000,7560
2025-01-06 13:37:00,291.9500,291.9600,291.6693,291.6693,13218
2025-01-06 13:38:00,291.8050,292.2100,291.5100,292.1300,16464
2025-01-06 13:39:00,292.2000,292.3600,292.0300,292.3600,12446
2025-01-06 13:40:00,292.2000,292.5000,292.0500,292.1700,19436
2025-01-06 13:41:00,292.0724,292.2200,291.8806,292.0200,10343
2025-01-06 13:42:00,291.8800,292.0300,291.2932,291.9750,13609
2025-01-06 13:43:00,291.9651,292.4300,291.8900,292.2300,9673
2025-01-06 13:44:00,292.1850,292.4122,291.7100,291.7100,7726
2025-01-06 13:45:00,291.9300,292.1250,290.1337,290.6100,12360
2025-01-06 13:46:00,290.6200,291.2699,290.5500,291.0900,11454
2025-01-06 13:47:00,291.0900,291.4050,290.7142,291.2600,11993
2025-01-06 13:48:00,291.4200,291.7500,291.1900,291.1900,6660
2025-01-06 13:49:00,291.0100,291.2337,290.5734,290.5734,6239
2025-01-06 13:50:00,290.5500,290.8700,290.3600,290.5200,9546
2025-01-06 13:51:00,290.3700,291.0000,290.1700,291.0000,12952
2025-01-06 13:52:00,291.2132,291.6399,290.8900,291.4050,14848
2025-01-06 13:53:00,291.5300,291.8000,291.4400,291.4400,9903
2025-01-06 13:54:00,291.2400,291.3550,291.0000,291.1000,3804
2025-01-06 13:55:00,291.0701,291.5700,291.0701,291.1779,6586
2025-01-06 13:56:00,291.5400,291.8200,291.3773,291.5300,7078
2025-01-06 13:57:00,291.5000,291.7950,291.4100,291.4920,12097
2025-01-06 13:58:00,291.3400,291.7200,291.1669,291.5950,4110
2025-01-06 13:59:00,291.5600,291.8100,290.9601,291.0900,7742
2025-01-06 14:00:00,291.2700,291.4700,290.0800,290.2600,14814
2025-01-06 14:01:00,290.3300,290.5000,289.2000,289.2568,16664
2025-01-06 14:02:00,289.3700,289.9400,289.3000,289.4300,17597
2025-01-06 14:03:00,289.4200,289.5400,289.0448,289.4050,7537
2025-01-06 14:04:00,289.4800,289.6500,288.5400,288.7300,26059
2025-01-06 14:05:00,288.9000,290.0000,288.7911,289.6761,23656
2025-01-06 14:06:00,289.6600,289.6662,288.9300,289.2500,8221
2025-01-06 14:07:00,289.4100,290.1650,289.3300,290.1650,12269
2025-01-06 14:08:00,290.1300,290.4150,290.0100,290.4150,6512
2025-01-06 14:09:00,290.2300,290.8900,290.2300,290.8900,8354
2025-01-06 14:10:00,290.6600,290.8800,290.5138,290.8000,10207
2025-01-06 14:11:00,290.9400,291.3000,290.8903,291.1000,16120
2025-01-06 14:12:00,290.9600,291.5500,290.8801,291.5500,6495
2025-01-06 14:13:00,291.5100,291.5100,290.7550,291.3500,14947
2025-01-06 14:14:00,291.3000,291.6000,291.2959,291.5300,9170
2025-01-06 14:15:00,291.5000,291.8300,291.4235,291.7400,10485
2025-01-06 14:16:00,291.6933,292.1550,291.6933,291.9030,20803
2025-01-06 14:17:00,292.1500,292.5000,292.0700,292.4000,18799
2025-01-06 14:18:00,292.5000,292.5400,292.2500,292.3900,12117
2025-01-06 14:19:00,292.3800,292.3950,292.0000,292.1292,12136
2025-01-06 14:20:00,292.3800,292.4400,291.8400,291.9550,10174
2025-01-06 14:21:00,291.8200,292.1700,291.7500,291.9000,7838
2025-01-06 14:22:00,291.9600,292.5000,291.9100,292.2765,11463
2025-01-06 14:23:00,292.4550,292.9900,292.4000,292.9100,24830
2025-01-06 14:24:00,292.9900,293.3300,292.7000,292.7000,37761
2025-01-06 14:25:00,292.7700,292.8500,292.1201,292.4700,6884
2025-01-06 14:26:00,292.3760,292.7500,292.0701,292.2700,9779
2025-01-06 14:27:00,292.4000,292.8300,292.4000,292.8300,3773
2025-01-06 14:28:00,292.8300,292.9400,292.5700,292.6700,11531
2025-01-06 14:29:00,292.5000,292.5000,291.7500,292.0000,26484
2025-01-06 14:30:00,291.9100,292.4100,291.3400,292.4100,20510
2025-01-06 14:31:00,292.4400,292.4803,291.5600,291.6100,5281
2025-01-06 14:32:00,291.9600,292.4500,291.4100,291.4275,11285
2025-01-06 14:33:00,291.5055,291.8094,291.2992,291.5034,5344
2025-01-06 14:34:00,291.5250,291.9300,291.3900,291.6000,8255
2025-01-06 14:35:00,291.6800,292.1700,291.3700,291.5700,10881
2025-01-06 14:36:00,291.5700,291.5700,290.6800,291.4100,9722
2025-01-06 14:37:00,291.2500,291.4300,290.8600,290.9650,8034
2025-01-06 14:38:00,290.8170,291.6900,290.8170,291.6650,6179
2025-01-06 14:39:00,291.8600,291.8600,291.1300,291.4100,5952
2025-01-06 14:40:00,291.5500,291.7216,291.4100,291.5200,8320
2025-01-06 14:41:00,291.3200,291.5100,291.1300,291.3400,11954
2025-01-06 14:42:00,291.3500,291.4016,290.8700,290.9150,11450
2025-01-06 14:43:00,290.9150,291.0800,290.6100,290.9100,16544
2025-01-06 14:44:00,291.1300,291.4790,291.0450,291.1600,9192
2025-01-06 14:45:00,291.3500,292.0000,291.1600,291.2500,17343
2025-01-06 14:46:00,291.3500,291.8100,291.3100,291.8100,6756
2025-01-06 14:47:00,291.9400,292.1106,291.5400,291.8700,5973
2025-01-06 14:48:00,291.9000,292.1200,291.6300,291.7200,9922
2025-01-06 14:49:00,291.8499,291.8499,290.9400,290.9500,8326
2025-01-06 14:50:00,291.1200,291.1620,290.9700,291.1361,4326
2025-01-06 14:51:00,291.0600,291.4295,290.9400,290.9400,5264
2025-01-06 14:52:00,291.2500,291.3900,290.8200,290.9100,5832
2025-01-06 14:53:00,290.8339,291.5600,290.7991,291.5600,8922
2025-01-06 14:54:00,291.5055,292.0100,291.3701,291.9750,12349
2025-01-06 14:55:00,291.7900,292.0300,291.6800,291.9200,7670
2025-01-06 14:56:00,291.8100,292.0500,291.7900,291.9700,7819
2025-01-06 14:57:00,291.8800,291.8800,290.7200,290.8800,9213
2025-01-06 14:58:00,290.9088,291.2700,290.8200,290.8200,9498
2025-01-06 14:59:00,291.0100,291.6000,290.4400,290.4850,9842
2025-01-06 15:00:00,290.3300,290.4029,289.0000,289.0000,34964
2025-01-06 15:01:00,289.0200,289.7100,289.0050,289.2450,12949
2025-01-06 15:02:00,289.3950,289.3975,288.7500,289.0300,10972
2025-01-06 15:03:00,289.1000,289.5000,288.7500,289.4250,12992
2025-01-06 15:04:00,289.5700,289.7000,289.1100,289.2650,11081
2025-01-06 15:05:00,289.3084,289.4100,289.0125,289.1992,13392
2025-01-06 15:06:00,289.0700,290.0000,288.9701,289.7999,12379
2025-01-06 15:07:00,289.4101,289.9085,289.1700,289.6400,6539
2025-01-06 15:08:00,289.4300,290.1300,289.3700,290.1300,14174
2025-01-06 15:09:00,290.2250,290.8100,289.9500,290.2000,14733
2025-01-06 15:10:00,290.1800,290.3800,289.9900,290.1892,7443
2025-01-06 15:11:00,289.9900,290.6300,289.9900,290.3200,9946
2025-01-06 15:12:00,290.3200,290.5950,289.9100,290.4500,10895
2025-01-06 15:13:00,290.5233,291.2100,290.5233,290.8300,17549
2025-01-06 15:14:00,290.8300,291.0600,290.6900,291.0000,3962
2025-01-06 15:15:00,291.0700,291.1200,290.7000,291.0000,7173
2025-01-06 15:16:00,291.2000,291.2100,290.9000,290.9500,6502
2025-01-06 15:17:00,290.9400,291.4300,290.8000,291.2700,10459
2025-01-06 15:18:00,291.1400,291.1400,290.6900,291.0000,6620
2025-01-06 15:19:00,290.9050,291.3000,290.7900,291.1650,9132
2025-01-06 15:20:00,291.0300,291.2400,290.9600,291.1000,6301
2025-01-06 15:21:00,291.2000,291.4200,291.0690,291.3100,7104
2025-01-06 15:22:00,291.3800,291.7100,291.2000,291.7100,12648
2025-01-06 15:23:00,291.7500,292.1000,291.6300,291.9700,15504
2025-01-06 15:24:00,292.1700,292.7700,292.0600,292.7700,14094
2025-01-06 15:25:00,292.4900,292.6700,291.9400,292.2650,8156
2025-01-06 15:26:00,292.3700,292.7400,292.2194,292.7400,11014
2025-01-06 15:27:00,292.6663,292.7577,292.3000,292.4000,15846
2025-01-06 15:28:00,292.3000,292.4760,291.9010,291.9010,12498
2025-01-06 15:29:00,291.9450,292.0100,291.7650,291.7800,14782
2025-01-06 15:30:00,291.9400,292.0000,291.4550,291.7600,16893
2025-01-06 15:31:00,291.6000,291.6100,291.3500,291.4300,9613
2025-01-06 15:32:00,291.5000,291.6900,291.3300,291.4650,6763
2025-01-06 15:33:00,291.4650,291.8000,291.3100,291.6900,15790
2025-01-06 15:34:00,291.7600,292.2700,291.5400,292.0850,11473
2025-01-06 15:35:00,292.0850,292.7600,291.8300,292.2300,28375
2025-01-06 15:36:00,292.2400,292.5000,292.1742,292.5000,18989
2025-01-06 15:37:00,292.3400,292.4400,291.8250,291.8250,9812
2025-01-06 15:38:00,291.9500,292.0300,291.6400,291.6500,11494
2025-01-06 15:39:00,291.6100,291.9900,291.2400,291.3498,17377
2025-01-06 15:40:00,291.2713,291.5700,290.7900,291.5200,16064
2025-01-06 15:41:00,291.3900,291.6700,291.2000,291.2600,12688
2025-01-06 15:42:00,291.1900,291.2125,290.3050,290.9444,15875
2025-01-06 15:43:00,290.9600,291.0441,290.6601,290.6601,9662
2025-01-06 15:44:00,290.7900,290.8799,290.4000,290.8282,10285
2025-01-06 15:45:00,290.8800,290.9750,290.4594,290.5250,26006
2025-01-06 15:46:00,290.5250,290.6200,289.7800,289.7800,21771
2025-01-06 15:47:00,289.8057,289.8057,288.7500,288.9100,26340
2025-01-06 15:48:00,288.9100,289.0400,288.4300,288.6700,18375
2025-01-06 15:49:00,288.7900,288.8400,287.6700,287.7650,27432
2025-01-06 15:50:00,287.9100,289.4100,287.4901,289.3700,38784
2025-01-06 15:51:00,289.3300,289.7200,289.1340,289.4800,34609
2025-01-06 15:52:00,289.4900,289.5150,289.0000,289.0700,31157
2025-01-06 15:53:00,289.2500,289.7900,289.0000,289.7900,38561
2025-01-06 15:54:00,289.7900,290.6300,289.3800,290.5300,23739
2025-01-06 15:55:00,290.5800,290.5800,287.7400,287.9600,91749
2025-01-06 15:56:00,287.9700,288.6148,287.8600,288.2750,60012
2025-01-06 15:57:00,288.2200,288.2200,287.6100,287.6101,68940
2025-01-06 15:58:00,287.6200,287.8600,287.5101,287.8600,75806
2025-01-06 15:59:00,287.8500,288.0900,287.5300,287.8500,158300
2025-01-06 16:00:00,287.8500,287.8800,284.6000,286.7500,2317418
2025-01-06 16:01:00,286.4900,286.9000,285.0000,285.9900,12100
2025-01-06 16:02:00,286.4000,287.0000,286.0300,286.5000,2558
2025-01-06 16:03:00,286.9800,288.0000,286.5000,287.1000,433
2025-01-06 16:04:00,287.1000,287.7600,286.7000,287.4600,10165
2025-01-06 16:05:00,287.7000,287.8000,287.0000,287.0000,228
2025-01-06 16:06:00,287.2600,287.8100,287.1300,287.1300,307
2025-01-06 16:07:00,287.0000,287.7900,287.0000,287.2000,112
2025-01-06 16:08:00,287.2500,287.3000,287.1900,287.1900,415
2025-01-06 16:09:00,287.2000,287.8188,287.0500,287.0500,399
2025-01-06 16:10:00,287.1700,287.8000,287.0001,287.5000,2977
2025-01-06 16:11:00,287.3900,287.4500,287.0200,287.4500,155
2025-01-06 16:12:00,287.4500,287.6600,287.0200,287.5000,691
2025-01-06 16:13:00,287.4600,287.4600,287.0200,287.3300,576
2025-01-06 16:14:00,287.2100,287.3300,286.7900,286.8800,2068
2025-01-06 16:15:00,286.9500,287.7600,286.9500,287.0900,72
2025-01-06 16:16:00,286.9000,287.7900,286.9000,287.7900,44
2025-01-06 16:17:00,287.1300,287.2000,287.0000,287.0000,16
2025-01-06 16:18:00,287.0900,287.2999,287.0000,287.0000,356
2025-01-06 16:19:00,287.2000,287.3000,287.0900,287.2800,462
2025-01-06 16:20:00,287.7600,287.7600,287.0100,287.3900,335
2025-01-06 16:21:00,287.3500,287.6000,287.2500,287.2500,51
2025-01-06 16:22:00,287.5800,287.5800,287.0000,287.1100,126
2025-01-06 16:23:00,287.2700,287.3900,287.1000,287.1000,562
2025-01-06 16:24:00,287.1700,287.1900,287.1700,287.1900,79
2025-01-06 16:25:00,287.1100,287.1900,287.1000,287.1900,610
2025-01-06 16:26:00,287.3000,287.5000,287.1900,287.2002,1015
2025-01-06 16:27:00,287.5000,287.7600,287.0000,287.1700,37167
2025-01-06 16:28:00,287.5000,287.5000,287.0373,287.2000,336
2025-01-06 16:29:00,287.3600,287.5500,287.2800,287.5500,15
2025-01-06 16:30:00,287.5000,287.5152,287.2800,287.2800,170
2025-01-06 16:31:00,287.3400,287.5500,287.2500,287.2500,46
2025-01-06 16:32:00,287.2100,287.3400,287.0700,287.2900,1253
2025-01-06 16:33:00,287.3500,287.3500,287.2700,287.2700,15
2025-01-06 16:34:00,287.2900,287.2900,287.2900,287.2900,20
2025-01-06 16:35:00,287.1700,287.4800,286.8200,287.0800,1434
2025-01-06 16:36:00,286.9700,287.4156,286.6500,286.7500,1099
2025-01-06 16:37:00,286.6700,287.7600,286.5000,286.6300,16297
2025-01-06 16:38:00,286.5000,286.5900,286.1800,286.1829,1365
2025-01-06 16:39:00,286.2500,286.2500,286.2500,286.2500,100
2025-01-06 16:40:00,286.3800,286.5000,286.2500,286.5000,19
2025-01-06 16:41:00,286.3400,286.5000,286.1900,286.5000,566
2025-01-06 16:42:00,287.0000,287.0000,286.1900,286.5000,120
2025-01-06 16:43:00,286.5100,286.7000,286.2700,286.5000,542
2025-01-06 16:44:00,286.7500,286.7500,286.5000,286.5000,62
2025-01-06 16:45:00,286.7000,286.7500,286.1901,286.3500,576
2025-01-06 16:46:00,286.7500,286.7500,286.5000,286.5000,71
2025-01-06 16:47:00,286.4800,286.6500,286.4800,286.6500,51
2025-01-06 16:48:00,286.5800,286.9400,286.5800,286.9200,436
2025-01-06 16:49:00,286.9200,287.0600,286.5000,286.9800,193
2025-01-06 16:50:00,287.2800,287.2800,286.6200,286.9500,393
2025-01-06 16:51:00,286.9900,287.2900,286.5200,287.2900,550
2025-01-06 16:52:00,287.1500,287.3000,286.9000,286.9000,18
2025-01-06 16:53:00,286.8000,287.2800,286.8000,286.9500,42
2025-01-06 16:54:00,287.1800,287.1800,286.4300,286.9500,41
2025-01-06 16:55:00,286.9500,287.2900,286.6100,286.8200,963
2025-01-06 16:56:00,287.2800,287.2800,286.4300,286.9500,27
2025-01-06 16:57:00,287.2600,287.2600,286.5000,286.7800,72
2025-01-06 16:58:00,286.5000,286.8400,286.5000,286.5200,183
2025-01-06 16:59:00,286.5100,286.8000,286.5100,286.8000,8
2025-01-06 17:00:00,286.5100,287.1900,286.4500,287.0000,134
2025-01-06 17:01:00,286.9800,287.2090,286.4300,286.4300,33
2025-01-06 17:02:00,286.7800,286.7800,286.4300,286.4300,28
2025-01-06 17:03:00,286.7600,287.2700,286.4300,286.5300,1054
2025-01-06 17:04:00,286.5500,287.0000,286.4400,286.4400,54
2025-01-06 17:05:00,286.7800,286.9000,286.5004,286.5004,31
2025-01-06 17:06:00,286.5000,286.5000,286.5000,286.5000,79
2025-01-06 17:07:00,286.8700,286.9000,286.8700,286.9000,7
2025-01-06 17:08:00,286.8700,287.1200,286.8700,287.1200,4496
2025-01-06 17:09:00,287.0000,287.1000,286.8500,286.8900,60
2025-01-06 17:10:00,287.0900,287.1500,286.5200,286.5200,338
2025-01-06 17:12:00,287.1300,287.1400,286.9800,286.9800,173
2025-01-06 17:13:00,286.9000,286.9000,286.7400,286.7400,20
2025-01-06 17:14:00,287.0000,287.0000,286.6000,286.6000,35
2025-01-06 17:15:00,286.9900,286.9900,286.7500,286.9900,12
2025-01-06 17:16:00,286.9900,286.9900,286.9900,286.9900,24
2025-01-06 17:17:00,286.9900,286.9900,286.6344,286.6344,68
2025-01-06 17:18:00,286.9900,287.3000,286.9800,286.9800,1021
2025-01-06 17:19:00,287.0100,287.2899,286.8000,287.1800,201
2025-01-06 17:20:00,287.0300,287.3000,286.6403,286.9000,1117
2025-01-06 17:21:00,286.6300,287.2257,286.6300,286.7100,155
2025-01-06 17:22:00,287.2400,287.2400,286.9500,286.9500,122
2025-01-06 17:23:00,286.9500,287.1999,286.9400,287.1999,176
2025-01-06 17:24:00,286.9800,287.3000,286.7200,287.3000,1224
2025-01-06 17:25:00,287.4900,287.4900,287.1100,287.1100,6
2025-01-06 17:26:00,287.1100,287.1100,287.0000,287.0900,50
2025-01-06 17:27:00,287.0100,287.0600,287.0000,287.0000,66
2025-01-06 17:28:00,287.3000,287.3000,286.8100,286.8100,127
2025-01-06 17:29:00,287.1000,287.2000,287.1000,287.2000,21
2025-01-06 17:30:00,287.1988,287.2000,287.0000,287.0000,21
2025-01-06 17:31:00,287.0000,287.0000,287.0000,287.0000,233
2025-01-06 17:32:00,287.2000,287.2500,286.7100,287.2500,229
2025-01-06 17:34:00,286.7906,287.2500,286.7906,287.2500,154
2025-01-06 17:35:00,287.0800,287.3000,286.9000,287.2500,17
2025-01-06 17:36:00,286.6500,287.2200,286.6500,287.2200,53
2025-01-06 17:37:00,287.2000,287.4999,275.7500,275.7500,162
2025-01-06 17:38:00,286.6700,287.4000,286.6700,287.2500,145
2025-01-06 17:39:00,287.0500,287.0500,286.6905,286.6905,3
2025-01-06 17:40:00,287.0500,287.5000,287.0500,287.5000,44
2025-01-06 17:41:00,287.0700,287.2500,286.6400,287.2500,13
2025-01-06 17:42:00,287.2500,287.2500,287.1900,287.2500,34
2025-01-06 17:43:00,287.5000,287.5000,287.0500,287.1000,204
2025-01-06 17:44:00,287.0500,287.1000,287.0000,287.1000,66
2025-01-06 17:45:00,287.1000,287.1000,287.1000,287.1000,8
2025-01-06 17:46:00,287.2500,287.4480,287.2500,287.2500,319
2025-01-06 17:47:00,287.2500,287.5000,287.1000,287.3800,213
2025-01-06 17:48:00,287.2500,287.2500,287.2500,287.2500,50
2025-01-06 17:49:00,287.5000,287.5000,287.2100,287.3800,312
2025-01-06 17:50:00,287.3100,287.3100,287.2500,287.2500,100
2025-01-06 17:51:00,287.4900,287.5000,287.3000,287.3000,77
2025-01-06 17:52:00,287.5000,287.5000,287.3000,287.3000,6
2025-01-06 17:53:00,287.3000,287.5000,287.3000,287.3500,238
2025-01-06 17:54:00,287.3500,287.4880,287.3000,287.4880,156
2025-01-06 17:55:00,287.1000,287.5000,286.7000,287.5000,63
2025-01-06 17:56:00,287.4900,287.4900,287.2100,287.4800,212
2025-01-06 17:57:00,287.4999,287.4999,286.9248,287.4900,350
2025-01-06 17:58:00,287.4900,287.5000,287.2800,287.3500,281
2025-01-06 17:59:00,287.3000,287.4800,287.3000,287.4800,257
2025-01-06 18:00:00,287.3400,287.7100,287.3400,287.4800,982
2025-01-06 18:01:00,287.4800,287.4800,287.4800,287.4800,26
2025-01-06 18:02:00,287.8300,287.8300,287.8300,287.8300,5
2025-01-06 18:03:00,287.5000,287.8300,287.4100,287.4100,60
2025-01-06 18:04:00,287.5900,287.6100,287.5900,287.6100,30
2025-01-06 18:05:00,287.5800,287.6000,287.0000,287.6000,174
2025-01-06 18:06:00,287.4900,287.4900,287.0000,287.3900,36
2025-01-06 18:07:00,287.5900,287.6100,287.4900,287.4900,244
2025-01-06 18:08:00,287.6100,287.8300,287.4900,287.8200,290
2025-01-06 18:09:00,287.8000,287.8300,287.5500,287.7600,996
2025-01-06 18:10:00,287.0201,287.7400,287.0200,287.0200,480
2025-01-06 18:11:00,287.6100,287.8300,287.6100,287.8300,10
2025-01-06 18:12:00,287.7590,287.7590,287.5000,287.5000,37
2025-01-06 18:13:00,287.6500,287.7500,287.6500,287.7500,15
2025-01-06 18:14:00,287.0000,287.6300,287.0000,287.6300,227
2025-01-06 18:15:00,287.6300,287.8300,287.2500,287.2500,109
2025-01-06 18:16:00,287.5200,287.8300,287.3000,287.7000,81
2025-01-06 18:17:00,287.7000,287.8300,287.0000,287.0000,222
2025-01-06 18:18:00,287.7400,287.8300,287.4150,287.6500,1315
2025-01-06 18:19:00,287.7000,287.7900,287.0000,287.7600,308
2025-01-06 18:20:00,287.7000,287.8299,287.7000,287.7000,369
2025-01-06 18:21:00,287.7000,287.8300,287.6252,287.7000,257
2025-01-06 18:22:00,287.7000,287.8000,287.6800,287.8000,179
2025-01-06 18:23:00,287.7400,287.8200,287.6400,287.6400,38
2025-01-06 18:24:00,287.8100,287.8200,287.1000,287.1000,509
2025-01-06 18:25:00,287.7000,287.8200,287.4100,287.8200,469
2025-01-06 18:26:00,287.8300,287.8300,287.8200,287.8200,15
2025-01-06 18:27:00,287.7000,287.7500,287.4900,287.5000,388
2025-01-06 18:28:00,287.4650,287.7500,287.3600,287.7500,44
2025-01-06 18:29:00,287.7500,287.8300,287.3600,287.7500,112
2025-01-06 18:30:00,287.7500,287.8300,287.5300,287.8286,970
2025-01-06 18:31:00,287.8200,287.8300,287.7500,287.7900,178
2025-01-06 18:32:00,287.4400,287.4400,287.4300,287.4300,65
2025-01-06 18:33:00,287.5100,288.0000,287.5100,287.7600,1257
2025-01-06 18:34:00,287.7500,287.7500,287.7500,287.7500,253
2025-01-06 18:35:00,287.8500,288.6700,287.7700,288.0000,1215
2025-01-06 18:36:00,288.0100,288.4400,288.0000,288.1100,16
2025-01-06 18:37:00,288.1100,288.1100,288.0100,288.0100,57
2025-01-06 18:38:00,289.3200,289.3200,288.0000,288.5000,8
2025-01-06 18:39:00,288.5000,288.6000,288.5000,288.5000,144
2025-01-06 18:40:00,288.0000,289.0000,288.0000,288.2300,566
2025-01-06 18:41:00,288.3700,289.0000,288.3600,289.0000,57
2025-01-06 18:42:00,288.3800,289.0000,288.3800,288.3800,331
2025-01-06 18:43:00,288.3800,288.7000,288.3800,288.5000,406
2025-01-06 18:44:00,288.5000,288.5200,288.5000,288.5200,15
2025-01-06 18:45:00,288.5000,288.6000,288.4100,288.6000,27
2025-01-06 18:46:00,288.5000,288.6000,288.2500,288.2500,158
2025-01-06 18:47:00,288.6000,289.0000,288.6000,288.6000,65
2025-01-06 18:48:00,288.3000,288.5900,288.3000,288.5900,6
2025-01-06 18:49:00,288.6000,289.0000,288.5900,288.6300,132
2025-01-06 18:50:00,288.3100,288.5000,288.2500,288.5000,86
2025-01-06 18:52:00,288.5000,288.8700,288.5000,288.5000,201
2025-01-06 18:54:00,288.5000,288.8500,288.5000,288.8500,62
2025-01-06 18:55:00,288.7600,288.7600,288.0000,288.0000,75
2025-01-06 18:56:00,288.4900,288.5000,288.0000,288.5000,72
2025-01-06 18:57:00,288.2600,289.0000,288.1000,288.2600,220
2025-01-06 18:58:00,288.7900,288.7900,288.2600,288.2600,13
2025-01-06 18:59:00,288.2600,288.7999,288.2500,288.5000,67
2025-01-06 19:00:00,288.2600,288.2600,288.2600,288.2600,15
2025-01-06 19:01:00,288.3200,288.6100,288.3200,288.6100,21
2025-01-06 19:02:00,288.2500,288.7900,288.2500,288.5100,32
2025-01-06 19:03:00,288.3000,288.3000,288.2601,288.2775,170
2025-01-06 19:04:00,288.2800,288.2800,288.2800,288.2800,1
2025-01-06 19:05:00,288.7100,288.7800,288.5100,288.5500,518
2025-01-06 19:06:00,288.3500,288.3500,288.3500,288.3500,15
2025-01-06 19:07:00,288.2700,288.7500,288.2700,288.7500,236
2025-01-06 19:08:00,288.6000,288.6999,288.5000,288.5000,27
2025-01-06 19:09:00,288.5500,288.5500,288.4300,288.4300,392
2025-01-06 19:10:00,288.5500,288.5500,288.5500,288.5500,137
2025-01-06 19:11:00,288.5700,288.5700,288.5000,288.5500,11
2025-01-06 19:12:00,288.7100,288.7100,288.5800,288.7000,473
2025-01-06 19:13:00,288.7000,288.8000,288.7000,288.7900,596
2025-01-06 19:14:00,288.5700,288.5700,288.5700,288.5700,25
2025-01-06 19:15:00,288.7900,288.7900,288.6300,288.6500,52
2025-01-06 19:16:00,288.7984,288.7984,288.6500,288.7700,86
2025-01-06 19:17:00,288.6000,288.6500,288.6000,288.6500,317
2025-01-06 19:18:00,288.7900,288.8000,288.7000,288.7000,184
2025-01-06 19:19:00,288.6200,288.7800,288.5700,288.5700,80
2025-01-06 19:20:00,288.8000,288.8000,288.8000,288.8000,6
2025-01-06 19:21:00,288.6000,288.6000,288.4000,288.4000,195
2025-01-06 19:22:00,288.5000,288.7000,288.5000,288.7000,101
2025-01-06 19:24:00,288.5100,288.5100,288.5100,288.5100,3
2025-01-06 19:25:00,288.5100,288.8000,288.2600,288.8000,98
2025-01-06 19:26:00,288.8000,288.8000,288.5100,288.5100,108
2025-01-06 19:27:00,288.7000,288.8000,288.7000,288.8000,2
2025-01-06 19:28:00,288.6900,288.8000,288.6900,288.8000,177
2025-01-06 19:29:00,288.7000,289.0000,288.7000,289.0000,608
2025-01-06 19:30:00,288.9800,289.3200,288.9800,289.3200,933
2025-01-06 19:31:00,289.8000,289.8000,289.1500,289.3200,462
2025-01-06 19:32:00,289.8000,289.8000,288.8000,288.8000,411
2025-01-06 19:33:00,289.4400,289.4400,288.8000,289.2000,27
2025-01-06 19:34:00,288.9800,289.4400,288.9800,289.0400,19
2025-01-06 19:35:00,289.8000,289.8000,289.4400,289.7000,94
2025-01-06 19:36:00,289.4800,289.8000,289.4700,289.4700,17
2025-01-06 19:37:00,289.4700,289.7970,289.1000,289.1000,56
2025-01-06 19:38:00,289.5900,289.5900,289.0000,289.0300,467
2025-01-06 19:39:00,289.0000,289.3000,289.0000,289.0000,538
2025-01-06 19:40:00,289.0100,289.3200,288.8300,288.8300,438
2025-01-06 19:41:00,288.8700,289.5020,288.8700,289.5000,59
2025-01-06 19:42:00,289.4800,289.5000,288.8800,288.8800,22
2025-01-06 19:43:00,289.0200,289.4900,288.8000,288.8800,690
2025-01-06 19:44:00,288.8800,289.4900,288.8700,289.4900,528
2025-01-06 19:45:00,288.8700,288.8800,288.7317,288.8800,218
2025-01-06 19:46:00,288.7429,289.3066,288.7429,288.8380,242
2025-01-06 19:47:00,288.6000,289.0000,288.6000,289.0000,126
2025-01-06 19:48:00,288.9600,288.9600,288.6300,288.6300,168
2025-01-06 19:49:00,288.6500,289.0040,288.6500,289.0000,579
2025-01-06 19:50:00,288.5000,289.1999,288.5000,288.7000,565
2025-01-06 19:51:00,289.1900,289.2000,288.5000,289.1900,298
2025-01-06 19:53:00,288.5000,289.1935,288.5000,289.1935,309
2025-01-06 19:54:00,288.7000,289.0000,288.6000,289.0000,161
2025-01-06 19:55:00,289.0000,289.0000,289.0000,289.0000,95
2025-01-06 19:56:00,288.7000,289.0000,288.7000,288.7000,202
2025-01-06 19:57:00,288.9800,288.9800,288.5812,288.6000,113
2025-01-06 19:58:00,288.9000,289.0000,288.7000,288.8100,201
2025-01-06 19:59:00,288.8100,288.8100,288.2601,288.8100,99
2025-01-07 04:00:00,287.2600,287.9700,285.5500,286.8500,985
2025-01-07 04:01:00,286.6300,287.2500,286.2200,287.0900,526
2025-01-07 04:02:00,287.4300,287.7200,286.8300,286.8700,245
2025-01-07 04:03:00,287.4400,287.4400,286.7900,286.9100,155
2025-01-07 04:04:00,287.0300,287.6000,286.3000,286.7700,1347
2025-01-07 04:05:00,286.7800,287.0600,286.2300,286.8500,833
2025-01-07 04:06:00,286.5300,286.8000,286.3100,286.8000,461
2025-01-07 04:07:00,286.8700,286.8700,286.5100,286.5100,230
2025-01-07 04:08:00,286.4100,286.4100,286.2100,286.3200,124
2025-01-07 04:09:00,286.3200,286.5700,286.3000,286.5700,617
2025-01-07 04:10:00,286.5800,287.0900,286.5000,286.6600,373
2025-01-07 04:11:00,287.0000,287.0000,286.6600,286.9700,17
2025-01-07 04:12:00,286.8500,286.8800,286.0000,286.2300,620
2025-01-07 04:13:00,286.1000,286.2300,286.0700,286.2300,194
2025-01-07 04:14:00,286.2300,286.5900,286.2300,286.3900,468
2025-01-07 04:15:00,285.9100,286.3400,285.8000,285.8000,418
2025-01-07 04:16:00,286.0900,286.2800,285.8500,286.1900,467
2025-01-07 04:17:00,286.2500,286.3600,286.0600,286.3600,161
2025-01-07 04:18:00,286.3600,286.3600,285.9100,286.2300,123
2025-01-07 04:19:00,286.2700,286.3800,285.9700,285.9700,179
2025-01-07 04:20:00,285.9400,286.3000,285.8500,286.3000,389
2025-01-07 04:21:00,286.0000,286.3800,286.0000,286.3800,347
2025-01-07 04:22:00,286.3800,286.5400,286.3800,286.5400,183
2025-01-07 04:23:00,286.3800,286.5500,286.3800,286.3900,52
2025-01-07 04:24:00,286.3600,286.3600,285.8100,286.0900,369
2025-01-07 04:25:00,286.0700,286.1500,286.0000,286.1500,207
2025-01-07 04:26:00,286.2200,286.2200,285.7900,285.9500,255
2025-01-07 04:27:00,286.0300,286.1900,285.9500,285.9500,782
2025-01-07 04:28:00,286.0300,286.1900,286.0300,286.1900,86
2025-01-07 04:29:00,286.2200,286.2200,286.0300,286.0500,83
2025-01-07 04:30:00,286.1900,286.1900,285.9100,286.0000,95
2025-01-07 04:31:00,286.0000,286.0200,285.8900,285.9000,123
2025-01-07 04:32:00,285.8800,286.0100,285.6600,285.6600,4915
2025-01-07 04:33:00,285.6600,285.7600,285.6100,285.6100,66
2025-01-07 04:34:00,285.8500,285.9300,285.7300,285.8700,468
2025-01-07 04:35:00,285.9600,286.0300,285.8800,285.9900,2629
2025-01-07 04:36:00,285.9900,285.9900,285.8000,285.8100,154
2025-01-07 04:37:00,285.8000,286.1400,285.7900,285.9900,466
2025-01-07 04:38:00,286.1300,286.1600,286.1000,286.1000,5
2025-01-07 04:39:00,286.0600,286.0800,285.8100,286.0800,269
2025-01-07 04:40:00,286.1200,286.1200,286.1000,286.1000,39
2025-01-07 04:41:00,286.1000,286.1000,286.1000,286.1000,80
2025-01-07 04:42:00,286.1000,286.1000,285.5900,285.6000,271
2025-01-07 04:43:00,285.7000,285.7300,285.5300,285.7300,59
2025-01-07 04:44:00,285.5000,285.5000,285.1200,285.1900,1532
2025-01-07 04:45:00,285.1500,285.4900,285.1500,285.2000,251
2025-01-07 04:46:00,285.1300,285.3200,284.9000,284.9000,3293
2025-01-07 04:47:00,284.9000,284.9700,284.8800,284.9700,85
2025-01-07 04:48:00,284.8400,285.0200,284.8400,285.0200,460
2025-01-07 04:49:00,284.9700,285.3600,284.9700,285.3600,474
2025-01-07 04:50:00,285.2900,285.5900,285.2800,285.5900,212
2025-01-07 04:51:00,285.4000,285.4000,285.0700,285.1300,263
2025-01-07 04:52:00,285.4000,285.5900,285.4000,285.5900,137
2025-01-07 04:54:00,285.5300,285.6500,285.4900,285.6100,394
2025-01-07 04:55:00,285.6300,285.7300,285.6300,285.6400,39
2025-01-07 04:56:00,285.6400,285.7400,285.6400,285.7400,51
2025-01-07 04:57:00,285.6000,285.7900,285.4200,285.4600,78
2025-01-07 04:58:00,285.7100,286.0300,285.7100,286.0300,86
2025-01-07 04:59:00,286.0300,286.0300,285.6600,285.6600,208
2025-01-07 05:00:00,285.8600,285.8700,285.5900,285.8700,104
2025-01-07 05:01:00,285.9200,285.9200,285.4300,285.8700,91
2025-01-07 05:02:00,285.8700,285.8700,285.8700,285.8700,1
2025-01-07 05:03:00,285.5300,285.5300,285.5300,285.5300,4
2025-01-07 05:04:00,285.8500,285.8500,285.5000,285.5000,1017
2025-01-07 05:05:00,285.4100,285.5000,285.4100,285.4100,145
2025-01-07 05:06:00,285.4500,285.4500,285.0900,285.0900,3478
2025-01-07 05:07:00,285.0300,285.2700,285.0300,285.1500,67
2025-01-07 05:08:00,285.1500,285.4000,285.1500,285.4000,265
2025-01-07 05:09:00,285.2000,285.2000,285.2000,285.2000,298
2025-01-07 05:10:00,285.1500,285.2000,285.1500,285.2000,896
2025-01-07 05:11:00,285.2000,285.2400,284.9200,284.9900,1399
2025-01-07 05:12:00,285.0000,285.0000,284.9600,285.0000,656
2025-01-07 05:13:00,285.0000,285.2000,284.9500,285.1200,3012
2025-01-07 05:14:00,285.0300,285.0300,285.0000,285.0000,539
2025-01-07 05:15:00,285.1700,285.2600,284.9600,285.0500,154
2025-01-07 05:16:00,285.4000,285.4000,285.0800,285.1300,124
2025-01-07 05:17:00,285.1100,285.1900,285.0100,285.0100,82
2025-01-07 05:18:00,285.2000,285.8100,285.2000,285.8100,918
2025-01-07 05:19:00,285.8200,285.8200,285.6800,285.6800,31
2025-01-07 05:20:00,285.7500,285.7500,285.3600,285.5000,515
2025-01-07 05:21:00,285.6900,285.6900,285.6800,285.6800,58
2025-01-07 05:22:00,285.6800,285.7900,285.3600,285.3600,217
2025-01-07 05:23:00,285.6500,285.6600,285.3900,285.6600,69
2025-01-07 05:24:00,285.7000,285.7000,285.4600,285.6600,273
2025-01-07 05:26:00,285.5900,285.5900,285.5900,285.5900,44
2025-01-07 05:27:00,285.5300,285.5300,285.4000,285.4000,19
2025-01-07 05:28:00,285.5300,285.5300,285.3900,285.3900,74
2025-01-07 05:29:00,285.4600,285.5000,285.3600,285.3600,402
2025-01-07 05:30:00,285.4800,285.4800,285.4800,285.4800,61
2025-01-07 05:31:00,285.5600,285.6000,285.5600,285.6000,28
2025-01-07 05:32:00,285.6000,285.6000,285.4400,285.5400,177
2025-01-07 05:33:00,285.4400,285.5700,285.4400,285.5700,8
2025-01-07 05:34:00,285.5800,285.5800,285.5800,285.5800,17
2025-01-07 05:35:00,285.5300,285.5900,285.4500,285.5900,266
2025-01-07 05:36:00,285.4800,285.4800,285.4800,285.4800,6
2025-01-07 05:37:00,285.6000,285.6000,285.5800,285.5800,44
2025-01-07 05:38:00,285.5600,285.5600,285.5600,285.5600,55
2025-01-07 05:39:00,285.5100,285.6200,285.5100,285.6200,276
2025-01-07 05:40:00,285.5500,285.6200,285.5200,285.6200,85
2025-01-07 05:41:00,285.6900,285.6900,285.6000,285.6000,85
2025-01-07 05:42:00,285.6900,285.6900,285.6000,285.6000,20
2025-01-07 05:43:00,285.6500,285.6700,285.6500,285.6500,52
2025-01-07 05:44:00,285.6700,285.7200,285.6600,285.7200,260
2025-01-07 05:45:00,285.7200,285.7200,285.7200,285.7200,104
2025-01-07 05:46:00,285.7200,285.7200,285.5300,285.5300,2
2025-01-07 05:47:00,285.5200,285.6000,285.5200,285.6000,16
2025-01-07 05:48:00,285.5300,285.6400,285.5200,285.6400,87
2025-01-07 05:49:00,285.6400,285.7500,285.6200,285.6200,1196
2025-01-07 05:50:00,285.8300,285.9000,285.8300,285.9000,25
2025-01-07 05:51:00,285.7400,285.7400,285.5400,285.5400,97
2025-01-07 05:52:00,285.6900,285.6900,285.6900,285.6900,5
2025-01-07 05:53:00,285.6600,285.6600,285.5100,285.5100,204
2025-01-07 05:54:00,285.5000,285.6800,285.5000,285.6800,384
2025-01-07 05:55:00,285.5400,285.5900,285.5400,285.5500,86
2025-01-07 05:56:00,285.7200,285.7300,285.6000,285.6000,305
2025-01-07 05:57:00,285.7200,285.7200,285.6000,285.6900,120
2025-01-07 05:58:00,285.7100,285.7100,285.5500,285.5700,898
2025-01-07 06:00:00,285.6400,285.8400,285.5100,285.7200,2447
2025-01-07 06:01:00,285.7000,285.8200,285.6500,285.6500,269
2025-01-07 06:02:00,285.8400,285.8400,285.4400,285.5000,1605
2025-01-07 06:03:00,285.5200,285.5400,285.3700,285.4600,549
2025-01-07 06:04:00,285.4500,285.7000,285.3600,285.3700,717
2025-01-07 06:05:00,285.3600,285.6800,285.3600,285.5000,950
2025-01-07 06:06:00,285.6300,285.6800,285.6300,285.6800,150
2025-01-07 06:07:00,285.6300,285.7100,285.5300,285.5300,81
2025-01-07 06:08:00,285.5300,285.7000,285.5000,285.5400,318
2025-01-07 06:09:00,285.5300,285.5300,285.5000,285.5000,893
2025-01-07 06:10:00,285.5000,285.5600,285.5000,285.5000,304
2025-01-07 06:11:00,285.6000,285.6000,285.5000,285.5000,110
2025-01-07 06:12:00,285.5300,285.5300,285.5200,285.5300,243
2025-01-07 06:13:00,285.5900,285.6800,285.3800,285.3800,784
2025-01-07 06:14:00,285.3800,285.7200,285.3800,285.7200,15
2025-01-07 06:15:00,285.7400,285.7400,285.1300,285.3500,1451
2025-01-07 06:16:00,285.1100,285.3500,285.1100,285.3000,23
2025-01-07 06:17:00,285.5000,285.5000,285.2800,285.3000,148
2025-01-07 06:18:00,285.4200,285.4200,285.1400,285.1400,136
2025-01-07 06:19:00,285.2700,285.3200,285.2700,285.3200,4
2025-01-07 06:20:00,285.1100,285.2400,285.1100,285.2400,79
2025-01-07 06:21:00,285.1900,285.1900,285.0000,285.0900,733
2025-01-07 06:22:00,285.0200,285.1000,285.0000,285.0900,827
2025-01-07 06:23:00,285.0000,285.0000,285.0000,285.0000,11
2025-01-07 06:24:00,285.0400,285.1300,285.0400,285.1300,36
2025-01-07 06:25:00,285.0400,285.1100,285.0400,285.1100,88
2025-01-07 06:26:00,285.1200,285.1200,284.8000,284.9100,510
2025-01-07 06:27:00,284.9100,284.9200,284.9000,284.9000,97
2025-01-07 06:28:00,284.9400,285.0900,284.9400,285.0900,106
2025-01-07 06:29:00,284.9400,284.9700,284.9400,284.9700,24
2025-01-07 06:30:00,284.9400,284.9500,284.9400,284.9500,13
2025-01-07 06:31:00,284.9400,284.9400,284.4900,284.4900,1294
2025-01-07 06:32:00,284.4700,284.4700,284.2500,284.2500,1580
2025-01-07 06:33:00,284.2800,284.3500,284.0800,284.2300,172
2025-01-07 06:34:00,284.3500,284.5200,283.7600,283.7600,926
2025-01-07 06:35:00,283.8700,283.9300,283.7700,283.8100,176
2025-01-07 06:36:00,283.8000,283.8100,283.5500,283.8100,404
2025-01-07 06:37:00,283.5700,283.7100,283.3700,283.4700,1269
2025-01-07 06:38:00,283.3200,283.6100,282.8700,282.9300,2495
2025-01-07 06:39:00,282.9400,282.9400,282.5000,282.6700,615
2025-01-07 06:40:00,282.6000,282.6000,281.3000,281.5100,2955
2025-01-07 06:41:00,281.5600,282.2600,281.5300,282.2400,1259
2025-01-07 06:42:00,282.0100,282.2600,281.7000,282.2600,882
2025-01-07 06:43:00,282.2600,282.5000,281.9700,282.4300,1016
2025-01-07 06:44:00,282.2600,282.5100,282.0600,282.4000,474
2025-01-07 06:45:00,282.3000,282.3000,281.7000,281.8000,2624
2025-01-07 06:46:00,281.8400,281.8400,281.3100,281.4000,710
2025-01-07 06:47:00,281.4000,281.5200,281.0000,281.1100,1273
2025-01-07 06:48:00,281.1100,281.7600,281.0400,281.7600,3244
2025-01-07 06:49:00,281.8900,282.0000,281.6600,281.7000,774
2025-01-07 06:50:00,282.1200,282.2600,281.6700,282.0200,202
2025-01-07 06:51:00,282.1000,282.7000,282.0200,282.6900,495
2025-01-07 06:52:00,282.8800,283.4900,282.6900,283.0000,1545
2025-01-07 06:53:00,283.2100,283.2100,282.5300,282.7700,49
2025-01-07 06:54:00,282.5000,282.7400,282.3700,282.4900,616
2025-01-07 06:55:00,282.4900,282.5400,282.1100,282.1800,341
2025-01-07 06:56:00,282.0700,282.5800,282.0200,282.5500,1167
2025-01-07 06:57:00,282.5500,282.7500,282.2400,282.2400,466
2025-01-07 06:58:00,282.6100,282.6700,282.1200,282.4300,1010
2025-01-07 06:59:00,282.6700,283.0100,282.3000,282.5700,2260
2025-01-07 07:00:00,283.1300,283.5200,282.5600,282.9900,2637
2025-01-07 07:01:00,282.7500,283.2800,282.7500,283.2800,471
2025-01-07 07:02:00,283.3700,283.5400,283.1000,283.3900,174
2025-01-07 07:03:00,283.4700,283.5000,283.1300,283.2500,722
2025-01-07 07:04:00,283.2300,283.5500,283.1100,283.1100,618
2025-01-07 07:05:00,283.0500,283.1200,282.9000,282.9500,1588
2025-01-07 07:06:00,283.0000,283.0900,283.0000,283.0900,183
2025-01-07 07:07:00,283.0900,283.0900,283.0900,283.0900,16
2025-01-07 07:08:00,283.3000,283.3100,283.0800,283.1900,1019
2025-01-07 07:09:00,283.0900,283.3000,283.0900,283.3000,330
2025-01-07 07:10:00,283.1100,283.3500,283.0900,283.2500,173
2025-01-07 07:11:00,283.3000,283.3500,283.1600,283.3000,356
2025-01-07 07:12:00,283.3000,283.3300,283.1000,283.1000,1183
2025-01-07 07:13:00,283.1000,283.1100,282.5600,282.8000,2320
2025-01-07 07:14:00,282.8000,282.9600,282.8000,282.8300,149
2025-01-07 07:15:00,282.7000,283.0000,282.7000,283.0000,176
2025-01-07 07:16:00,283.0100,283.1900,283.0100,283.1900,106
2025-01-07 07:17:00,283.3100,283.3100,283.0000,283.0000,483
2025-01-07 07:18:00,283.1900,283.1900,283.0300,283.1600,129
2025-01-07 07:19:00,283.1900,283.1900,282.7900,282.8000,885
2025-01-07 07:20:00,283.0000,283.0000,282.8700,282.8700,53
2025-01-07 07:21:00,282.8800,283.2000,282.8000,283.2000,1062
2025-01-07 07:22:00,283.2000,283.3400,283.2000,283.2000,251
2025-01-07 07:23:00,283.2400,283.3000,283.1100,283.2500,1036
2025-01-07 07:24:00,283.1600,283.3300,283.1600,283.2000,729
2025-01-07 07:25:00,283.2000,283.2800,283.1000,283.2800,439
2025-01-07 07:26:00,283.2600,283.4000,283.2600,283.3200,329
2025-01-07 07:27:00,283.4000,283.5400,283.3500,283.5000,762
2025-01-07 07:28:00,283.3500,283.4000,283.1000,283.2300,1508
2025-01-07 07:29:00,283.0400,283.1400,283.0000,283.0100,310
2025-01-07 07:30:00,283.0900,283.1900,283.0300,283.1200,1154
2025-01-07 07:31:00,283.2300,283.3900,283.1300,283.2400,217
2025-01-07 07:32:00,283.3500,283.3700,283.1500,283.3100,179
2025-01-07 07:33:00,283.2500,283.5300,283.0900,283.5100,890
2025-01-07 07:34:00,283.6000,283.8400,283.6000,283.6900,1128
2025-01-07 07:35:00,283.8100,284.0000,283.7200,284.0000,348
2025-01-07 07:36:00,283.8100,283.8400,283.5400,283.6800,257
2025-01-07 07:37:00,283.6200,283.8400,283.4900,283.5100,867
2025-01-07 07:38:00,283.9200,283.9200,283.9200,283.9200,1
2025-01-07 07:39:00,283.5100,284.0000,283.5100,283.5500,684
2025-01-07 07:40:00,283.7700,283.8400,283.7700,283.8300,323
2025-01-07 07:41:00,283.8900,284.5000,283.8800,284.3700,1348
2025-01-07 07:42:00,284.3000,284.6800,284.2500,284.2500,1067
2025-01-07 07:43:00,284.2500,284.3100,284.2500,284.3000,63
2025-01-07 07:44:00,284.3000,284.6400,284.3000,284.4800,809
2025-01-07 07:45:00,284.3100,284.6100,284.3100,284.6100,19
2025-01-07 07:46:00,284.5100,284.5100,284.4400,284.4400,47
2025-01-07 07:47:00,284.4400,284.4400,284.0000,284.1000,1356
2025-01-07 07:48:00,284.0600,284.4200,284.0600,284.2500,176
2025-01-07 07:49:00,284.2500,284.3700,284.1300,284.1300,70
2025-01-07 07:50:00,284.3200,284.3200,284.1000,284.1000,743
2025-01-07 07:51:00,284.2100,284.2500,284.1400,284.2200,635
2025-01-07 07:52:00,284.2200,284.6400,284.2200,284.4000,887
2025-01-07 07:53:00,284.5000,284.9400,284.5000,284.6800,593
2025-01-07 07:54:00,284.5500,284.5500,284.3500,284.3500,925
2025-01-07 07:55:00,284.5100,284.5900,284.2500,284.3700,216
2025-01-07 07:56:00,284.2500,284.3200,283.8400,283.9700,411
2025-01-07 07:57:00,283.7500,283.7500,283.7500,283.7500,31
2025-01-07 07:59:00,283.6000,283.6000,283.2000,283.4000,1279
2025-01-07 08:00:00,288.0672,288.0672,281.3000,283.4500,111039
2025-01-07 08:01:00,283.2040,286.8200,281.9965,283.7821,933
2025-01-07 08:02:00,284.4200,284.4200,283.2600,283.8600,869
2025-01-07 08:03:00,283.6000,284.0000,283.5400,284.0000,219
2025-01-07 08:04:00,283.6250,284.0000,283.6250,283.8700,172
2025-01-07 08:05:00,283.7500,283.9500,283.7500,283.8700,73
2025-01-07 08:06:00,283.8700,284.0500,283.7500,284.0400,972
2025-01-07 08:07:00,284.2788,284.2900,283.8000,284.0000,203
2025-01-07 08:08:00,284.0000,284.0000,283.4000,283.6500,456
2025-01-07 08:09:00,283.5500,283.6400,283.5400,283.5400,189
2025-01-07 08:10:00,283.5400,283.6200,283.2000,283.5600,126
2025-01-07 08:11:00,283.6800,283.8600,283.6400,283.6900,872
2025-01-07 08:12:00,283.8300,284.0100,283.6767,284.0000,335
2025-01-07 08:13:00,284.3597,284.4000,284.0200,284.1500,108
2025-01-07 08:14:00,284.3500,284.5700,284.1000,284.5700,2345
2025-01-07 08:15:00,284.2400,284.2700,284.1501,284.2500,180
2025-01-07 08:16:00,284.3200,284.3200,284.0000,284.0000,220
2025-01-07 08:17:00,284.1500,284.1500,283.6900,284.0700,857
2025-01-07 08:18:00,284.0200,284.1500,283.6800,283.6800,257
2025-01-07 08:19:00,283.9300,284.4600,283.9300,284.3700,468
2025-01-07 08:20:00,284.3200,284.4600,284.2300,284.2800,397
2025-01-07 08:21:00,284.3200,284.4000,284.0000,284.0500,254
2025-01-07 08:22:00,284.3200,284.3200,284.0000,284.0400,179
2025-01-07 08:23:00,284.0600,284.2500,283.9100,284.2500,59
2025-01-07 08:24:00,284.4000,284.4200,284.0600,284.3000,1608
2025-01-07 08:25:00,284.4400,284.8800,284.1870,284.6500,912
2025-01-07 08:26:00,284.5000,284.9500,284.5000,284.8500,2752
2025-01-07 08:27:00,284.8800,285.5000,284.5300,284.8600,2537
2025-01-07 08:28:00,284.5100,284.8000,284.5000,284.6000,110
2025-01-07 08:29:00,284.8000,284.9300,284.7500,284.7500,561
2025-01-07 08:30:00,284.7500,284.8500,284.2200,284.2500,816
2025-01-07 08:31:00,284.3200,284.8200,284.3000,284.8200,99
2025-01-07 08:32:00,284.8200,284.8200,284.0500,284.0500,167
2025-01-07 08:33:00,284.2300,284.5000,284.0044,284.5000,636
2025-01-07 08:34:00,284.5000,284.7700,284.5000,284.5000,8
2025-01-07 08:35:00,284.0500,284.4400,283.6000,283.6000,1763
2025-01-07 08:36:00,284.0000,284.5700,283.9600,284.0200,665
2025-01-07 08:37:00,284.7900,284.7900,283.7500,284.2000,1368
2025-01-07 08:38:00,284.4700,284.7900,283.7500,283.8200,1550
2025-01-07 08:39:00,284.2000,284.5000,283.7500,283.8200,107
2025-01-07 08:40:00,283.7500,284.3400,283.7500,283.7500,1037
2025-01-07 08:41:00,283.7600,284.0000,283.6000,283.6000,881
2025-01-07 08:42:00,283.6000,283.7500,283.6000,283.6500,638
2025-01-07 08:43:00,283.6600,284.1400,283.6600,284.1400,43
2025-01-07 08:44:00,283.9600,283.9600,283.6500,283.9300,1339
2025-01-07 08:45:00,283.9300,284.0000,283.8500,284.0000,332
2025-01-07 08:46:00,284.1800,284.1800,283.7900,284.1500,524
2025-01-07 08:47:00,284.0000,284.3400,284.0000,284.0000,133
2025-01-07 08:48:00,284.3242,284.3400,284.1500,284.3200,138
2025-01-07 08:49:00,284.3200,284.3200,283.8700,284.3000,33
2025-01-07 08:50:00,284.3400,284.3400,284.0000,284.1700,282
2025-01-07 08:51:00,284.1000,284.3398,283.6500,284.3398,9486
2025-01-07 08:52:00,283.6801,284.2400,283.6800,284.2400,139
2025-01-07 08:53:00,283.9500,284.2000,283.6800,283.8800,88
2025-01-07 08:54:00,284.2000,284.2000,283.7000,283.7000,118
2025-01-07 08:55:00,283.6500,283.7000,283.3800,283.5000,1195
2025-01-07 08:56:00,283.5000,283.7400,283.5000,283.6500,98
2025-01-07 08:57:00,283.6200,283.7800,283.3100,283.6400,136
2025-01-07 08:58:00,283.6000,283.6100,283.5100,283.5800,149
2025-01-07 08:59:00,283.5800,284.0100,283.5240,284.0100,308
2025-01-07 09:00:00,283.5800,284.0000,283.5800,283.6000,160
2025-01-07 09:01:00,283.6100,284.3300,283.6100,284.0800,1455
2025-01-07 09:02:00,284.2000,284.2900,284.0000,284.1300,977
2025-01-07 09:03:00,284.1600,284.3379,283.8100,283.8600,1201
2025-01-07 09:04:00,284.0000,284.3000,283.6400,283.9900,435
2025-01-07 09:05:00,284.0000,284.1900,283.6800,284.0000,312
2025-01-07 09:06:00,284.0000,284.0800,283.8000,283.9500,55
2025-01-07 09:07:00,283.8300,283.8800,283.7100,283.7100,171
2025-01-07 09:08:00,283.7100,284.0000,283.5000,283.5908,315
2025-01-07 09:09:00,283.9800,284.0000,283.6100,283.7500,451
2025-01-07 09:10:00,283.8300,284.0000,283.7500,283.7500,136
2025-01-07 09:11:00,283.9700,283.9900,283.5200,283.5600,1053
2025-01-07 09:12:00,283.9300,283.9400,283.5500,283.7300,329
2025-01-07 09:13:00,283.5500,283.6300,283.2600,283.3700,852
2025-01-07 09:14:00,283.2700,283.4900,283.2000,283.3000,1307
2025-01-07 09:15:00,283.5100,283.7500,283.3000,283.3497,496
2025-01-07 09:16:00,283.7500,284.0692,283.5200,283.5200,344
2025-01-07 09:17:00,283.9330,284.1800,283.5800,284.1800,17
2025-01-07 09:18:00,284.2000,284.2000,283.5000,283.5000,539
2025-01-07 09:19:00,283.9900,283.9900,283.3300,283.8633,297
2025-01-07 09:20:00,283.5000,283.8173,283.3900,283.7100,814
2025-01-07 09:21:00,283.3400,283.9000,279.5350,283.4100,688
2025-01-07 09:22:00,283.6500,284.3300,283.5300,284.3300,1372
2025-01-07 09:23:00,284.0000,284.3300,283.7200,284.0800,1007
2025-01-07 09:24:00,284.3000,284.3400,283.3000,284.3400,275
2025-01-07 09:25:00,284.3400,285.5000,284.1000,285.2400,6793
2025-01-07 09:26:00,285.2500,285.4100,278.1567,284.9000,1753
2025-01-07 09:27:00,285.3990,287.0000,285.0000,286.8800,9507
2025-01-07 09:28:00,286.6000,286.8900,285.1100,286.5900,5313
2025-01-07 09:29:00,286.5000,287.0000,286.5000,287.0000,3491
2025-01-07 09:30:00,286.7400,286.8250,284.8600,285.7312,116644
2025-01-07 09:31:00,284.8000,285.8700,284.1700,285.3600,30505
2025-01-07 09:32:00,285.4700,287.5800,285.4350,287.2920,77739
2025-01-07 09:33:00,287.5300,287.5800,286.2600,286.2600,22847
2025-01-07 09:34:00,286.4700,286.6834,284.7000,285.1000,30213
2025-01-07 09:35:00,285.3500,285.3500,283.9000,283.9900,42267
2025-01-07 09:36:00,284.2300,285.0000,283.1400,283.2550,37724
2025-01-07 09:37:00,283.2300,283.2300,282.3300,282.7521,39242
2025-01-07 09:38:00,283.1880,284.2989,283.0100,283.5044,23568
2025-01-07 09:39:00,283.7797,284.7100,283.0252,283.4700,27939
2025-01-07 09:40:00,283.8100,284.6800,283.5300,284.5000,23754
2025-01-07 09:41:00,284.2600,284.8650,284.0000,284.5000,16926
2025-01-07 09:42:00,284.8432,285.2859,284.1000,284.4400,20271
2025-01-07 09:43:00,284.2700,285.7900,284.2700,285.5525,20571
2025-01-07 09:44:00,285.6999,286.4777,285.4994,285.9500,26451
2025-01-07 09:45:00,286.0300,286.5076,285.7800,286.1550,72696
2025-01-07 09:46:00,286.1500,286.1500,284.1701,284.8500,23979
2025-01-07 09:47:00,284.8500,284.8500,284.1200,284.3000,11731
2025-01-07 09:48:00,284.4550,285.2100,284.4550,284.7800,8593
2025-01-07 09:49:00,284.8075,285.2600,283.8801,284.1822,35713
2025-01-07 09:50:00,284.2000,284.3500,283.0900,283.3000,22728
2025-01-07 09:51:00,283.0700,284.0300,282.8600,282.9300,20386
2025-01-07 09:52:00,283.0500,283.9800,283.0300,283.9400,18983
2025-01-07 09:53:00,283.9300,284.6197,283.0000,283.0900,32620
2025-01-07 09:54:00,283.2400,283.7700,282.9400,283.5800,12054
2025-01-07 09:55:00,283.4400,283.7239,283.2101,283.4550,14076
2025-01-07 09:56:00,283.3200,283.4900,281.0000,281.0000,65917
2025-01-07 09:57:00,281.1500,281.3918,280.1300,280.5000,45798
2025-01-07 09:58:00,280.5650,280.8500,279.5200,279.7991,48575
2025-01-07 09:59:00,279.6900,279.8700,278.5000,278.7400,42360
2025-01-07 10:00:00,278.5100,279.0000,276.0000,276.0200,86790
2025-01-07 10:01:00,276.1700,276.3500,273.9900,274.3100,103178
2025-01-07 10:02:00,274.3400,275.9700,273.9500,275.2000,64487
2025-01-07 10:03:00,275.5000,275.5000,273.3000,274.4000,73251
2025-01-07 10:04:00,274.4300,274.5700,273.0000,273.3400,110151
2025-01-07 10:05:00,273.3000,275.5700,272.6000,275.1050,74336
2025-01-07 10:06:00,275.1600,275.3152,274.3500,275.1400,39408
2025-01-07 10:07:00,275.2600,275.3600,272.9200,273.1680,57679
2025-01-07 10:08:00,273.3600,274.2600,272.6850,273.6300,41719
2025-01-07 10:09:00,273.8700,273.8800,272.3600,272.6100,61366
2025-01-07 10:10:00,272.8000,273.2786,271.5600,272.4900,47448
2025-01-07 10:11:00,272.6000,274.0000,271.8401,272.6707,21102
2025-01-07 10:12:00,272.9850,274.3199,272.5220,274.0900,33608
2025-01-07 10:13:00,274.0900,274.2600,273.1100,273.2550,44644
2025-01-07 10:14:00,273.2384,273.3645,272.5400,272.9100,31103
2025-01-07 10:15:00,272.8000,273.5000,272.2800,272.7400,24606
2025-01-07 10:16:00,273.1900,273.6900,272.4106,272.6800,28604
2025-01-07 10:17:00,272.8000,273.3000,271.6000,271.7400,33037
2025-01-07 10:18:00,271.8800,272.5500,271.6000,272.2075,27765
2025-01-07 10:19:00,272.4200,273.5349,272.3000,273.4000,21899
2025-01-07 10:20:00,273.4100,274.2000,272.7100,273.3350,23806
2025-01-07 10:21:00,273.5352,274.3500,273.1200,274.0500,39048
2025-01-07 10:22:00,273.8495,274.3800,273.0600,273.4600,20447
2025-01-07 10:23:00,273.6500,274.1700,273.2350,273.7400,23672
2025-01-07 10:24:00,273.5100,273.9700,273.3200,273.7000,22508
2025-01-07 10:25:00,274.0000,275.3000,274.0000,274.9850,30943
2025-01-07 10:26:00,275.1700,275.9100,274.7788,275.7700,27210
2025-01-07 10:27:00,275.8000,276.3600,275.7100,275.9800,32191
2025-01-07 10:28:00,275.9000,275.9000,274.4200,274.9400,34101
2025-01-07 10:29:00,275.1100,275.1644,273.5000,273.9500,25229
2025-01-07 10:30:00,273.7350,274.2000,272.3300,272.3300,40402
2025-01-07 10:31:00,272.5024,272.6800,271.6300,271.7500,37236
2025-01-07 10:32:00,271.7800,272.0300,270.4137,270.6800,58448
2025-01-07 10:33:00,270.7400,271.1700,270.1200,270.5400,37832
2025-01-07 10:34:00,270.3750,270.6800,269.2516,269.7100,71817
2025-01-07 10:35:00,269.9600,270.3350,268.5000,269.0800,63673
2025-01-07 10:36:00,269.1399,269.4700,268.5000,269.2900,39048
2025-01-07 10:37:00,269.1750,269.9200,267.4800,268.2850,89750
2025-01-07 10:38:00,268.4700,268.7600,267.0300,267.3000,67543
2025-01-07 10:39:00,267.2700,267.4700,266.1300,266.4400,53730
2025-01-07 10:40:00,266.6200,267.9595,266.6200,267.3264,27330
2025-01-07 10:41:00,267.4600,268.7600,267.1600,268.4000,27113
2025-01-07 10:42:00,268.3750,268.4200,267.0000,267.0100,36690
2025-01-07 10:43:00,267.0400,268.1301,266.4200,266.7700,35770
2025-01-07 10:44:00,266.7929,267.2900,266.6000,267.1100,36682
2025-01-07 10:45:00,266.9700,267.0599,266.0200,266.7600,45268
2025-01-07 10:46:00,266.8200,267.2500,266.2261,267.0800,40203
2025-01-07 10:47:00,266.9100,267.1400,265.5200,265.6300,44182
2025-01-07 10:48:00,265.6000,266.9760,265.3800,266.6000,37606
2025-01-07 10:49:00,266.7800,267.6700,266.7100,267.6600,17006
2025-01-07 10:50:00,267.6700,268.5000,267.1100,267.8900,33279
2025-01-07 10:51:00,268.0499,268.8300,267.6600,268.6900,39144
2025-01-07 10:52:00,268.7200,269.9800,268.5700,269.6650,99079
2025-01-07 10:53:00,269.8000,270.0500,269.4300,269.7171,36993
2025-01-07 10:54:00,269.5100,270.7500,269.4700,270.4700,49057
2025-01-07 10:55:00,270.4500,270.8200,270.1046,270.3600,24425
2025-01-07 10:56:00,270.4600,271.1500,270.3400,270.7900,22861
2025-01-07 10:57:00,270.5000,271.1000,270.5000,270.7800,14775
2025-01-07 10:58:00,270.7900,271.5600,270.4700,271.5500,34690
2025-01-07 10:59:00,271.2250,271.8900,271.1500,271.4447,14608
2025-01-07 11:00:00,271.2900,271.6600,270.8070,271.1100,31503
2025-01-07 11:01:00,271.0900,271.3600,270.6519,270.8000,27144
2025-01-07 11:02:00,271.0600,271.2500,270.3400,270.4222,20325
2025-01-07 11:03:00,270.5000,271.3900,270.5000,270.8950,16094
2025-01-07 11:04:00,270.9400,271.4600,270.9300,271.1913,22197
2025-01-07 11:05:00,271.0900,271.0900,270.0000,270.2948,25117
2025-01-07 11:06:00,270.2900,271.2400,270.1500,270.9476,11778
2025-01-07 11:07:00,270.8100,270.9905,270.0800,270.1900,10990
2025-01-07 11:08:00,270.2400,271.7100,270.2350,271.3000,25182
2025-01-07 11:09:00,271.6041,271.9700,271.1850,271.5575,16939
2025-01-07 11:10:00,271.6500,271.8000,271.1200,271.5800,10591
2025-01-07 11:11:00,271.2800,271.3599,269.8900,270.1400,17041
2025-01-07 11:12:00,270.1900,270.4922,269.8000,270.0800,11360
2025-01-07 11:13:00,270.0400,270.5700,269.7500,270.5700,22797
2025-01-07 11:14:00,270.5800,271.6300,270.5050,271.0600,21079
2025-01-07 11:15:00,271.3543,271.3543,270.5000,271.0000,14844
2025-01-07 11:16:00,270.9200,271.3799,270.8600,270.9800,13660
2025-01-07 11:17:00,270.8400,270.8999,270.3200,270.5000,15327
2025-01-07 11:18:00,270.5960,270.7400,270.2500,270.4350,12037
2025-01-07 11:19:00,270.4600,271.0500,270.4250,270.6650,17330
2025-01-07 11:20:00,270.5600,271.6600,270.5600,271.6600,25575
2025-01-07 11:21:00,271.5850,271.8150,271.2800,271.8100,18472
2025-01-07 11:22:00,271.8100,272.1530,271.3500,271.5800,26316
2025-01-07 11:23:00,271.5000,271.6700,271.1900,271.5000,14435
2025-01-07 11:24:00,271.6200,272.9000,271.6200,272.6800,20557
2025-01-07 11:25:00,272.5154,273.2600,272.5154,272.9200,13334
2025-01-07 11:26:00,272.7670,273.5000,272.6501,272.6501,32793
2025-01-07 11:27:00,272.6500,272.8599,272.0600,272.3250,8891
2025-01-07 11:28:00,272.3900,273.1700,272.3900,272.8200,14059
2025-01-07 11:29:00,272.9100,272.9100,272.0700,272.2666,9772
2025-01-07 11:30:00,272.3407,272.3800,271.0900,271.0900,20143
2025-01-07 11:31:00,271.3696,271.5321,270.2800,271.3750,27825
2025-01-07 11:32:00,271.4000,272.5100,271.4000,272.4350,21502
2025-01-07 11:33:00,272.4350,272.7600,271.8600,272.6600,10393
2025-01-07 11:34:00,272.6767,272.7400,272.1200,272.3600,18807
2025-01-07 11:35:00,272.3100,272.3700,270.8850,271.0819,20480
2025-01-07 11:36:00,271.1200,271.2200,270.6550,271.2200,21075
2025-01-07 11:37:00,271.2450,272.2599,271.2425,272.0500,8091
2025-01-07 11:38:00,272.0300,272.6206,272.0300,272.6206,9925
2025-01-07 11:39:00,272.3600,273.6800,272.0300,273.4675,21293
2025-01-07 11:40:00,273.5200,273.9600,273.1500,273.9600,16320
2025-01-07 11:41:00,273.6000,273.9900,273.0000,273.0000,38099
2025-01-07 11:42:00,273.0000,273.1200,272.4850,273.1200,9322
2025-01-07 11:43:00,273.2600,273.5900,272.5501,273.0199,12480
2025-01-07 11:44:00,272.7450,272.9399,272.1600,272.7500,9570
2025-01-07 11:45:00,272.4161,272.7400,272.1700,272.4000,5720
2025-01-07 11:46:00,272.3550,272.6960,272.2550,272.3800,5232
2025-01-07 11:47:00,272.3400,272.7400,272.2168,272.7400,8746
2025-01-07 11:48:00,272.6700,272.8500,272.3100,272.6040,11502
2025-01-07 11:49:00,272.3700,272.5000,272.0700,272.2400,13800
2025-01-07 11:50:00,272.0300,272.1400,271.0100,271.8064,16494
2025-01-07 11:51:00,271.4500,271.6195,270.6700,270.6700,12855
2025-01-07 11:52:00,270.5900,270.8400,270.1600,270.4000,12626
2025-01-07 11:53:00,270.3650,270.4700,269.9100,270.0200,19891
2025-01-07 11:54:00,270.1400,270.1400,269.7500,269.8100,10797
2025-01-07 11:55:00,269.9500,270.0731,269.7600,269.9350,12805
2025-01-07 11:56:00,269.8200,270.2298,269.6100,269.7426,10695
2025-01-07 11:57:00,269.9900,270.2900,269.1600,269.7600,27791
2025-01-07 11:58:00,269.6000,269.8100,269.0000,269.2450,17100
2025-01-07 11:59:00,269.1100,269.2500,268.7533,268.8450,7007
2025-01-07 12:00:00,268.8200,269.1200,268.1800,268.3450,25201
2025-01-07 12:01:00,268.3300,268.4900,267.9500,268.0200,33184
2025-01-07 12:02:00,268.0250,268.3100,267.4500,267.5700,27969
2025-01-07 12:03:00,267.5500,267.6700,267.2001,267.5264,14134
2025-01-07 12:04:00,267.4300,267.8800,266.9500,267.3900,26396
2025-01-07 12:05:00,267.3900,267.7999,266.8886,267.0200,13575
2025-01-07 12:06:00,267.0000,267.1100,266.0200,266.0701,31648
2025-01-07 12:07:00,266.2300,267.0859,266.2250,266.3800,13159
2025-01-07 12:08:00,266.5800,266.7000,266.4100,266.6700,9855
2025-01-07 12:09:00,266.6500,267.4999,266.6500,267.1700,22815
2025-01-07 12:10:00,267.1900,267.1900,266.2800,266.7200,18618
2025-01-07 12:11:00,266.7800,267.7469,266.7800,267.6450,10268
2025-01-07 12:12:00,267.6876,268.3499,267.5000,268.2000,10455
2025-01-07 12:13:00,268.2400,268.5500,267.7300,267.7300,19575
2025-01-07 12:14:00,267.6500,267.8500,267.4900,267.6500,8896
2025-01-07 12:15:00,267.5000,267.7527,267.2501,267.3690,7106
2025-01-07 12:16:00,267.3750,267.3750,266.9200,267.1250,11391
2025-01-07 12:17:00,267.1200,267.4393,266.9854,267.2100,5936
2025-01-07 12:18:00,267.2150,267.4800,267.0700,267.3300,7485
2025-01-07 12:19:00,267.4800,268.1433,267.4450,267.8000,13392
2025-01-07 12:20:00,267.6650,267.7799,267.2500,267.3760,4944
2025-01-07 12:21:00,267.2300,267.6506,267.1400,267.3850,13122
2025-01-07 12:22:00,267.4950,267.5100,266.6700,266.6700,17150
2025-01-07 12:23:00,266.6093,266.7700,266.0016,266.2600,25908
2025-01-07 12:24:00,266.2783,266.4700,265.9000,266.4450,21748
2025-01-07 12:25:00,266.6300,266.9300,266.4800,266.8000,5392
2025-01-07 12:26:00,266.8000,266.9299,266.3300,266.6350,10450
2025-01-07 12:27:00,266.5923,266.9800,266.4100,266.9350,9013
2025-01-07 12:28:00,267.0600,267.0700,266.2100,266.3650,12004
2025-01-07 12:29:00,266.5300,266.9650,266.5300,266.8100,2738
2025-01-07 12:30:00,266.8200,267.1500,266.5050,266.8000,7643
2025-01-07 12:31:00,266.8000,266.8932,266.3700,266.3700,7521
2025-01-07 12:32:00,266.4300,267.1600,266.4300,266.7500,6752
2025-01-07 12:33:00,266.7737,267.3400,266.5700,267.3187,8285
2025-01-07 12:34:00,267.3700,267.4000,266.8400,267.0800,11379
2025-01-07 12:35:00,267.0000,267.0000,266.1100,266.3500,13176
2025-01-07 12:36:00,266.3600,266.3700,265.9364,266.1100,13456
2025-01-07 12:37:00,266.1400,266.1800,265.5500,265.6700,21553
2025-01-07 12:38:00,265.5600,265.6450,265.0100,265.5775,30368
2025-01-07 12:39:00,265.5200,266.2695,265.5200,266.2695,13392
2025-01-07 12:40:00,266.2400,267.2000,266.1700,267.1200,34299
2025-01-07 12:41:00,267.0450,267.2100,266.7000,266.7400,13874
2025-01-07 12:42:00,266.6100,266.6300,266.3000,266.6300,12330
2025-01-07 12:43:00,266.6000,266.6000,266.3200,266.3200,3768
2025-01-07 12:44:00,266.4500,266.6016,266.1820,266.3950,3608
2025-01-07 12:45:00,266.3900,266.4600,265.8001,266.2200,15858
2025-01-07 12:46:00,266.2800,266.4700,265.1960,265.3300,12411
2025-01-07 12:47:00,265.3100,265.9700,265.0800,265.5600,9204
2025-01-07 12:48:00,265.5700,265.9700,265.4200,265.9700,9887
2025-01-07 12:49:00,266.0800,266.4700,265.8800,266.0300,8488
2025-01-07 12:50:00,266.3000,266.3600,265.8400,266.2000,10537
2025-01-07 12:51:00,266.3899,266.3899,265.8700,265.8850,9032
2025-01-07 12:52:00,265.9150,266.1000,265.4300,265.7850,13623
2025-01-07 12:53:00,265.7200,265.9500,265.6500,265.7600,4662
2025-01-07 12:54:00,265.9800,266.6200,265.9800,266.5000,11925
2025-01-07 12:55:00,266.5663,266.9723,266.3900,266.8760,99706
2025-01-07 12:56:00,266.7700,267.1953,266.7700,266.9100,16386
2025-01-07 12:57:00,266.8000,266.9150,266.6200,266.6200,13635
2025-01-07 12:58:00,266.6100,267.0900,266.5423,267.0900,6226
2025-01-07 12:59:00,267.0100,267.1400,266.9200,267.1400,4919
2025-01-07 13:00:00,266.9100,267.9015,266.9100,267.7385,27774
2025-01-07 13:01:00,267.8100,268.1400,267.6000,267.6000,14002
2025-01-07 13:02:00,267.4750,267.8500,267.3000,267.3000,9188
2025-01-07 13:03:00,267.4300,267.6900,267.2200,267.5400,9528
2025-01-07 13:04:00,267.6210,267.8000,267.5400,267.7800,10050
2025-01-07 13:05:00,267.6400,267.9800,267.3790,267.3800,13484
2025-01-07 13:06:00,267.5600,267.7000,267.4047,267.6648,54941
2025-01-07 13:07:00,267.7000,268.3700,267.5200,268.3700,42449
2025-01-07 13:08:00,268.3600,268.7400,268.3600,268.5850,18099
2025-01-07 13:09:00,268.7000,268.9753,268.5800,268.9713,14895
2025-01-07 13:10:00,268.9050,269.0500,268.3000,269.0000,38939
2025-01-07 13:11:00,268.9400,269.0000,268.7276,268.8000,10319
2025-01-07 13:12:00,268.8400,269.0000,268.5100,268.7450,5237
2025-01-07 13:13:00,268.6100,268.9900,268.6100,268.9000,5311
2025-01-07 13:14:00,268.8000,269.1700,268.7500,269.0227,18770
2025-01-07 13:15:00,269.1650,269.1650,268.8300,269.0000,22044
2025-01-07 13:16:00,269.0050,269.2500,268.7372,269.2500,26446
2025-01-07 13:17:00,269.1500,269.3800,269.0000,269.2700,20125
2025-01-07 13:18:00,269.3710,269.4999,269.2750,269.4862,4707
2025-01-07 13:19:00,269.4300,269.5400,269.1200,269.3000,13265
2025-01-07 13:20:00,269.2300,269.3900,269.0900,269.3900,5107
2025-01-07 13:21:00,269.2300,269.2300,268.5500,268.6500,9015
2025-01-07 13:22:00,268.6900,272.6500,268.6900,269.9200,110987
2025-01-07 13:23:00,270.0400,271.9999,269.7924,270.2700,95932
2025-01-07 13:24:00,270.6300,270.7200,269.7269,270.2050,25507
2025-01-07 13:25:00,270.3100,270.6800,269.8500,270.4750,35165
2025-01-07 13:26:00,270.6399,270.7499,270.1207,270.2900,10743
2025-01-07 13:27:00,270.0400,270.0990,269.8083,269.9400,8201
2025-01-07 13:28:00,269.9000,270.1200,269.5500,270.1000,27569
2025-01-07 13:29:00,270.1760,270.1818,269.9000,270.0500,23763
2025-01-07 13:30:00,270.0000,270.2000,269.0900,269.7300,68980
2025-01-07 13:31:00,269.4750,269.7300,268.4500,269.0400,40392
2025-01-07 13:32:00,269.0400,269.2000,268.8300,268.9600,7390
2025-01-07 13:33:00,268.9600,269.7500,268.9400,269.2950,5077
2025-01-07 13:34:00,269.3400,269.7399,269.1400,269.1400,5776
2025-01-07 13:35:00,269.5400,269.5461,268.6639,268.9900,21811
2025-01-07 13:36:00,269.0800,269.5700,268.8050,269.0000,26245
2025-01-07 13:37:00,269.0300,269.1050,268.6001,268.8500,24665
2025-01-07 13:38:00,268.8000,269.2500,268.4500,269.0000,24968
2025-01-07 13:39:00,268.9676,269.2500,268.9200,269.1250,14609
2025-01-07 13:40:00,269.2500,269.5299,269.0400,269.1400,7782
2025-01-07 13:41:00,269.1000,269.1700,268.6426,268.6426,13213
2025-01-07 13:42:00,268.6900,269.1300,268.6900,269.0850,5699
2025-01-07 13:43:00,269.2900,269.3050,269.0800,269.0800,3706
2025-01-07 13:44:00,269.0600,269.4333,268.6500,269.2899,5825
2025-01-07 13:45:00,269.2900,269.3315,268.9400,269.0900,3734
2025-01-07 13:46:00,268.7700,269.1300,268.6700,268.8250,5455
2025-01-07 13:47:00,268.7100,268.7700,268.5000,268.6200,6208
2025-01-07 13:48:00,268.5100,268.5100,267.7500,267.9000,53965
2025-01-07 13:49:00,267.8200,267.9000,267.5200,267.6700,11752
2025-01-07 13:50:00,267.6550,267.8500,267.5000,267.5800,7192
2025-01-07 13:51:00,267.6085,267.8700,267.5100,267.7950,8596
2025-01-07 13:52:00,267.8950,268.0000,267.4500,268.0000,10537
2025-01-07 13:53:00,268.1200,268.1200,267.6797,267.9300,5533
2025-01-07 13:54:00,267.6700,267.6700,267.3000,267.4250,8287
2025-01-07 13:55:00,267.4150,267.5400,267.1300,267.3061,11852
2025-01-07 13:56:00,267.2600,267.2600,266.9108,266.9600,7752
2025-01-07 13:57:00,267.1100,267.2200,266.8002,267.0200,8776
2025-01-07 13:58:00,267.1600,267.1600,266.7900,266.7900,7271
2025-01-07 13:59:00,266.7500,267.0900,266.7500,266.9230,6468
2025-01-07 14:00:00,266.8500,267.0500,266.7500,267.0500,11582
2025-01-07 14:01:00,266.9950,267.3100,266.8800,267.2679,9278
2025-01-07 14:02:00,267.2500,267.3800,267.0500,267.2500,5269
2025-01-07 14:03:00,267.1100,267.1600,266.8500,266.8700,8826
2025-01-07 14:04:00,266.7600,266.8395,266.6494,266.8395,10028
2025-01-07 14:05:00,266.7000,266.9000,266.5400,266.8100,13396
2025-01-07 14:06:00,266.8100,267.1900,266.8100,267.0925,10221
2025-01-07 14:07:00,267.1900,267.3460,266.7350,266.7350,9800
2025-01-07 14:08:00,266.7248,266.7600,266.5817,266.7450,6299
2025-01-07 14:09:00,266.8400,267.0000,266.6800,266.7150,14671
2025-01-07 14:10:00,266.8200,267.0450,266.6900,266.8733,10692
2025-01-07 14:11:00,266.8500,267.4510,266.7758,267.2300,21685
2025-01-07 14:12:00,267.1000,267.4600,266.7900,266.8000,10096
2025-01-07 14:13:00,266.8900,267.2400,266.7848,267.1600,7637
2025-01-07 14:14:00,267.3200,267.4115,267.0500,267.2650,10661
2025-01-07 14:15:00,267.2650,267.2650,266.6173,266.8000,11387
2025-01-07 14:16:00,266.6400,266.6400,266.2250,266.2250,14299
2025-01-07 14:17:00,266.2600,266.2600,265.6600,265.6600,20046
2025-01-07 14:18:00,265.7350,265.9200,265.6401,265.8450,11081
2025-01-07 14:19:00,265.7600,265.8300,265.5800,265.8200,12548
2025-01-07 14:20:00,265.7900,265.8400,265.3000,265.3000,8186
2025-01-07 14:21:00,265.4308,265.4308,265.0500,265.1100,17986
2025-01-07 14:22:00,265.1000,265.1700,264.1800,264.7500,105330
2025-01-07 14:23:00,264.8000,264.9127,264.4092,264.4092,24028
2025-01-07 14:24:00,264.4700,264.4700,263.9031,264.0000,24442
2025-01-07 14:25:00,264.0900,264.1500,263.8800,263.8800,20487
2025-01-07 14:26:00,263.9100,264.1000,263.6300,263.6300,13751
2025-01-07 14:27:00,263.6400,264.1100,263.5500,263.8900,15470
2025-01-07 14:28:00,263.8600,264.2260,263.8000,264.2050,7662
2025-01-07 14:29:00,264.2500,264.2500,263.8000,263.8550,19140
2025-01-07 14:30:00,263.7500,263.8200,263.2500,263.2600,30542
2025-01-07 14:31:00,263.3400,263.5100,263.2500,263.4300,31972
2025-01-07 14:32:00,263.4300,263.5700,263.2100,263.2800,10036
2025-01-07 14:33:00,263.3600,263.5000,263.2000,263.4400,9645
2025-01-07 14:34:00,263.5100,263.8200,263.4600,263.6100,21816
2025-01-07 14:35:00,263.6100,263.8700,263.4500,263.8000,12371
2025-01-07 14:36:00,263.9300,264.0799,263.6700,263.7000,14417
2025-01-07 14:37:00,263.7700,264.0600,263.5700,263.7050,18376
2025-01-07 14:38:00,263.6900,263.8500,263.4200,263.4800,9395
2025-01-07 14:39:00,263.4500,263.6950,263.4000,263.4600,9143
2025-01-07 14:40:00,263.4700,263.5650,263.1100,263.3200,14270
2025-01-07 14:41:00,263.3050,263.4999,263.0800,263.3050,15135
2025-01-07 14:42:00,263.3200,263.3200,262.3500,262.8150,44076
2025-01-07 14:43:00,262.6500,263.4461,262.6500,263.2048,22252
2025-01-07 14:44:00,263.4800,263.8100,263.3000,263.5900,21497
2025-01-07 14:45:00,263.5700,264.4300,263.5700,264.2724,20102
2025-01-07 14:46:00,264.2500,264.2699,263.7808,263.9000,12035
2025-01-07 14:47:00,263.9200,264.1200,263.2100,263.2100,8920
2025-01-07 14:48:00,263.3450,263.4500,263.1900,263.1987,7041
2025-01-07 14:49:00,263.2600,263.6450,263.2100,263.5169,9171
2025-01-07 14:50:00,263.6000,264.3400,263.4900,264.2600,13210
2025-01-07 14:51:00,264.1600,264.3699,263.7700,263.8200,9226
2025-01-07 14:52:00,263.8200,264.0000,263.5400,263.7541,7400
2025-01-07 14:53:00,263.6550,263.9300,263.5300,263.7000,7530
2025-01-07 14:54:00,263.6400,264.0200,263.6000,263.9150,9051
2025-01-07 14:55:00,263.9200,264.6400,263.8100,264.6400,23708
2025-01-07 14:56:00,264.4700,264.5650,264.1800,264.3650,12680
2025-01-07 14:57:00,264.4700,264.5900,264.0001,264.0001,19668
2025-01-07 14:58:00,264.0100,264.1303,263.8000,263.9700,15239
2025-01-07 14:59:00,264.0450,264.1500,263.8200,264.1500,9475
2025-01-07 15:00:00,264.0500,264.2900,263.8000,263.9220,11264
2025-01-07 15:01:00,263.8200,263.8525,263.2800,263.5850,15097
2025-01-07 15:02:00,263.5000,263.6700,263.1700,263.2000,18490
2025-01-07 15:03:00,263.1700,263.3700,262.6500,262.9000,30385
2025-01-07 15:04:00,262.9900,263.6700,262.8501,263.4392,19833
2025-01-07 15:05:00,263.3200,263.4800,262.3400,262.8000,19558
2025-01-07 15:06:00,262.9000,263.6699,262.7201,263.4775,26484
2025-01-07 15:07:00,263.3500,263.3500,262.1000,262.4800,26948
2025-01-07 15:08:00,262.5000,262.7800,262.2400,262.6800,14753
2025-01-07 15:09:00,262.7000,262.7850,261.8300,262.1800,33662
2025-01-07 15:10:00,262.0500,262.0500,261.6301,261.6400,21814
2025-01-07 15:11:00,261.6505,261.7200,261.1400,261.7199,26853
2025-01-07 15:12:00,261.5600,261.5760,261.2301,261.4800,15706
2025-01-07 15:13:00,261.4950,261.4950,261.2000,261.3950,13682
2025-01-07 15:14:00,261.4800,261.7200,261.3100,261.3600,31319
2025-01-07 15:15:00,261.4300,261.6984,260.8100,261.2100,23859
2025-01-07 15:16:00,261.1500,261.3600,260.6000,260.6500,30962
2025-01-07 15:17:00,260.7625,261.2100,260.7200,261.0300,37459
2025-01-07 15:18:00,261.1700,261.2000,260.8300,261.0000,29277
2025-01-07 15:19:00,261.0700,261.3200,260.9600,261.0500,12361
2025-01-07 15:20:00,261.0500,261.0550,260.6000,260.8399,16413
2025-01-07 15:21:00,260.7050,261.0700,260.4300,260.9500,12128
2025-01-07 15:22:00,260.7600,260.7600,260.2400,260.4350,18414
2025-01-07 15:23:00,260.5000,261.1599,260.4400,261.1599,11935
2025-01-07 15:24:00,261.0050,261.7100,260.9100,261.6050,19411
2025-01-07 15:25:00,261.6400,262.2500,261.5500,262.2300,28191
2025-01-07 15:26:00,262.1674,262.4900,262.1200,262.4900,16609
2025-01-07 15:27:00,262.3100,262.7400,261.9400,262.6500,48937
2025-01-07 15:28:00,262.7400,262.9300,262.2200,262.4352,31993
2025-01-07 15:29:00,262.5600,262.5900,261.8301,262.0650,21969
2025-01-07 15:30:00,262.1300,262.5363,261.8500,261.8900,19134
2025-01-07 15:31:00,261.8700,261.8800,261.5900,261.6800,16559
2025-01-07 15:32:00,261.7800,261.7800,261.2200,261.6800,18382
2025-01-07 15:33:00,261.5000,261.8600,261.4050,261.4050,15939
2025-01-07 15:34:00,261.3400,261.6100,261.1000,261.2000,12487
2025-01-07 15:35:00,261.3050,261.3100,260.3100,260.3300,32077
2025-01-07 15:36:00,260.3850,260.7600,260.3200,260.6580,34851
2025-01-07 15:37:00,260.6700,261.0000,260.5500,260.9200,18792
2025-01-07 15:38:00,260.8500,261.3350,260.8500,261.3350,17125
2025-01-07 15:39:00,261.3200,262.2900,261.1900,262.2000,24613
2025-01-07 15:40:00,262.2000,263.0714,262.0100,262.9350,18617
2025-01-07 15:41:00,262.8700,262.9350,262.4370,262.6400,16965
2025-01-07 15:42:00,262.5400,262.7600,262.0959,262.5250,18080
2025-01-07 15:43:00,262.4100,262.7600,262.3200,262.3350,27277
2025-01-07 15:44:00,262.2900,262.7500,261.7100,261.7100,55084
2025-01-07 15:45:00,261.7850,262.2900,261.6250,261.8900,29669
2025-01-07 15:46:00,261.8900,262.5800,261.7300,262.0800,25307
2025-01-07 15:47:00,261.9038,262.5950,261.9038,262.5950,18251
2025-01-07 15:48:00,262.5800,262.9985,262.5300,262.9985,15317
2025-01-07 15:49:00,263.0000,263.3300,262.9000,263.2800,22406
2025-01-07 15:50:00,262.9600,263.4000,262.6700,263.3000,49964
2025-01-07 15:51:00,263.2800,263.2950,262.0900,262.1300,34352
2025-01-07 15:52:00,262.0150,262.1879,261.7000,261.8800,37474
2025-01-07 15:53:00,261.8700,262.4300,261.8550,262.4172,30614
2025-01-07 15:54:00,262.4000,262.7200,262.0000,262.1900,36256
2025-01-07 15:55:00,262.1600,264.2600,262.1600,263.9100,109086
2025-01-07 15:56:00,263.9700,264.3147,263.8900,264.2700,94327
2025-01-07 15:57:00,264.2900,264.8600,264.0000,264.0750,93142
2025-01-07 15:58:00,264.1300,264.4400,264.0200,264.3100,92214
2025-01-07 15:59:00,264.3100,264.5000,264.0100,264.4600,190305
2025-01-07 16:00:00,264.4600,265.0000,263.6000,264.7400,3148790
2025-01-07 16:01:00,264.4900,265.7200,264.2100,265.5800,5631
2025-01-07 16:02:00,265.6100,266.4000,264.5918,265.9900,4929
2025-01-07 16:03:00,265.9600,266.0000,264.5100,265.1400,1977
2025-01-07 16:04:00,265.5000,265.5000,264.5271,265.0100,1610
2025-01-07 16:05:00,265.1500,266.2000,264.3300,265.9400,13099
2025-01-07 16:06:00,265.8000,265.8500,265.5000,265.8500,1906
2025-01-07 16:07:00,265.8500,266.0000,264.3300,264.3300,935
2025-01-07 16:08:00,265.5800,266.1500,264.3300,265.9986,1210
2025-01-07 16:09:00,265.9989,265.9993,265.0000,265.5999,2469
2025-01-07 16:10:00,265.4000,266.3800,265.1500,265.8800,3130
2025-01-07 16:11:00,265.8800,266.0000,265.3800,266.0000,691
2025-01-07 16:12:00,265.3900,266.0000,265.3700,265.9400,680
2025-01-07 16:13:00,265.8900,266.0000,265.3700,266.0000,644
2025-01-07 16:14:00,265.9900,266.2000,265.4600,266.1800,1720
2025-01-07 16:15:00,266.1300,266.4000,264.3300,266.4000,1597
2025-01-07 16:16:00,266.3900,266.5000,266.0200,266.2200,994
2025-01-07 16:17:00,266.4000,266.6000,266.2200,266.5900,702
2025-01-07 16:18:00,266.5900,266.5900,266.1000,266.3000,1515
2025-01-07 16:19:00,266.2800,266.5000,266.2000,266.4000,363
2025-01-07 16:20:00,266.3900,266.4000,266.1000,266.2000,753
2025-01-07 16:21:00,266.2000,266.3600,265.8500,265.8500,2804
2025-01-07 16:22:00,266.1111,266.3700,265.8500,266.2499,792
2025-01-07 16:23:00,266.0000,266.0000,265.8500,265.8500,401
2025-01-07 16:24:00,266.2200,266.2200,265.5500,265.9000,306
2025-01-07 16:25:00,265.9000,266.0000,265.8000,266.0000,120
2025-01-07 16:26:00,266.0000,266.2500,266.0000,266.2500,723
2025-01-07 16:27:00,266.3100,266.4000,266.2500,266.2501,143
2025-01-07 16:28:00,266.3900,266.4000,266.2500,266.2800,1289
2025-01-07 16:29:00,266.3000,266.3900,266.0063,266.3900,594
2025-01-07 16:30:00,266.2900,266.2900,266.0400,266.0700,116
2025-01-07 16:31:00,266.2500,266.3100,266.0000,266.0000,341
2025-01-07 16:32:00,266.3000,266.4000,266.2300,266.3200,204
2025-01-07 16:33:00,266.3600,266.4000,266.0000,266.1900,680
2025-01-07 16:34:00,266.1200,266.3000,266.0710,266.0710,262
2025-01-07 16:35:00,266.3300,266.6000,266.3300,266.5700,1960
2025-01-07 16:36:00,266.3000,266.5000,266.2000,266.3800,242
2025-01-07 16:37:00,266.2400,266.3000,265.8300,265.8300,1599
2025-01-07 16:38:00,265.8300,266.0000,265.2600,265.5700,1174
2025-01-07 16:39:00,265.5000,266.0000,265.4900,265.6500,1458
2025-01-07 16:40:00,265.8400,265.8400,265.4400,265.5000,942
2025-01-07 16:41:00,265.9899,265.9899,265.2200,265.4000,318
2025-01-07 16:42:00,265.3995,265.4100,265.1300,265.1300,1458
2025-01-07 16:43:00,265.9700,265.9700,265.1800,265.3800,843
2025-01-07 16:44:00,265.4000,266.0000,265.3500,265.9100,618
2025-01-07 16:45:00,265.8000,266.5800,265.2800,266.1900,126
2025-01-07 16:46:00,265.6800,266.3900,265.5000,266.3900,278
2025-01-07 16:47:00,265.9800,266.0000,265.5000,265.6900,174
2025-01-07 16:48:00,265.7700,266.2800,265.4190,266.2800,1266
2025-01-07 16:49:00,265.7300,266.0000,265.6000,265.9900,282
2025-01-07 16:50:00,265.8600,266.2178,265.8600,265.8600,100
2025-01-07 16:51:00,265.6900,266.0000,265.5000,265.9700,589
2025-01-07 16:52:00,266.0000,266.0000,265.5000,265.9900,157
2025-01-07 16:53:00,265.9800,266.0000,265.8000,266.0000,80
2025-01-07 16:54:00,266.0000,266.0000,265.8500,266.0000,112
2025-01-07 16:55:00,265.9000,266.0000,265.5000,265.5500,975
2025-01-07 16:56:00,265.5000,265.5900,265.4300,265.5900,460
2025-01-07 16:57:00,265.5600,265.9900,264.3300,265.9900,9277
2025-01-07 16:58:00,265.6500,265.9900,265.6500,265.9800,36
2025-01-07 16:59:00,265.2100,265.9500,265.2100,265.5000,480
2025-01-07 17:00:00,265.5000,265.8400,265.3800,265.6000,209
2025-01-07 17:01:00,265.6000,265.8400,265.4000,265.6000,59
2025-01-07 17:02:00,265.5000,265.6700,265.5000,265.5000,201
2025-01-07 17:03:00,265.5000,265.6500,265.0000,265.6500,641
2025-01-07 17:04:00,265.7500,265.8400,265.7300,265.8400,1639
2025-01-07 17:05:00,265.8400,265.9000,265.8000,265.9000,176
2025-01-07 17:06:00,265.9900,265.9900,265.8000,265.9900,774
2025-01-07 17:08:00,265.9800,265.9899,265.9800,265.9800,215
2025-01-07 17:09:00,265.9700,265.9900,265.6000,265.9200,416
2025-01-07 17:10:00,265.9900,265.9900,265.2100,265.9899,207
2025-01-07 17:11:00,265.2100,266.0000,265.2100,265.9900,480
2025-01-07 17:12:00,265.9900,266.0000,265.0600,266.0000,216
2025-01-07 17:13:00,266.0000,266.0000,265.7500,265.7500,105
2025-01-07 17:14:00,265.9600,265.9600,265.5000,265.9500,91
2025-01-07 17:15:00,266.0000,266.0000,265.5000,265.7500,6618
2025-01-07 17:16:00,265.7700,265.9999,265.7700,265.9999,172
2025-01-07 17:17:00,266.0000,266.0000,265.7800,265.9300,61
2025-01-07 17:18:00,265.9900,265.9900,265.9900,265.9900,5
2025-01-07 17:19:00,265.8900,265.9900,265.8500,265.9900,42
2025-01-07 17:20:00,265.8500,265.8500,265.7800,265.8500,219
2025-01-07 17:21:00,265.8500,265.8500,265.1600,265.1600,13
2025-01-07 17:22:00,265.8500,266.0900,265.4000,266.0900,992
2025-01-07 17:23:00,266.1500,266.3450,266.1500,266.3450,92
2025-01-07 17:24:00,266.3000,266.3450,266.0000,266.2000,73
2025-01-07 17:25:00,266.2000,266.2000,266.0300,266.1800,54
2025-01-07 17:26:00,266.2000,266.2000,265.8500,265.8500,599
2025-01-07 17:27:00,265.8600,266.3100,265.8600,266.3100,366
2025-01-07 17:28:00,266.1999,266.2000,266.1999,266.2000,300
2025-01-07 17:29:00,266.2000,266.4900,266.2000,266.4900,340
2025-01-07 17:30:00,265.6200,266.3900,265.6200,266.3900,452
2025-01-07 17:31:00,266.3900,266.3900,266.0100,266.0100,94
2025-01-07 17:32:00,266.3900,266.6100,266.0100,266.6100,22
2025-01-07 17:33:00,265.6000,266.3900,265.6000,266.3900,20
2025-01-07 17:34:00,266.3900,266.5000,266.0100,266.1000,1069
2025-01-07 17:35:00,266.1000,266.2800,266.1000,266.2800,238
2025-01-07 17:36:00,266.2800,266.7700,266.2800,266.3100,73
2025-01-07 17:37:00,266.3000,266.7700,266.3000,266.4900,71
2025-01-07 17:38:00,266.7700,266.7700,266.2000,266.4900,168
2025-01-07 17:39:00,266.5000,266.5000,266.5000,266.5000,40
2025-01-07 17:40:00,266.3200,266.4400,264.3300,264.3300,400
2025-01-07 17:41:00,266.1900,266.7000,266.1900,266.2000,78
2025-01-07 17:42:00,266.7000,266.7000,266.0100,266.7000,66
2025-01-07 17:43:00,266.5000,266.7000,266.1400,266.5003,55
2025-01-07 17:44:00,266.7000,266.7000,266.4400,266.5000,25
2025-01-07 17:45:00,266.7000,266.7000,266.2812,266.4000,32
2025-01-07 17:46:00,266.5000,266.5000,266.4000,266.4000,3
2025-01-07 17:47:00,266.5000,266.6000,266.2800,266.4500,290
2025-01-07 17:48:00,266.4000,266.4000,266.2800,266.2800,120
2025-01-07 17:49:00,266.4000,266.4000,266.1700,266.1700,84
2025-01-07 17:50:00,266.2000,266.6800,266.1200,266.4000,821
2025-01-07 17:51:00,266.3300,266.4900,266.1500,266.1500,72
2025-01-07 17:52:00,266.2000,266.5000,266.2000,266.5000,50
2025-01-07 17:53:00,266.2500,266.4000,266.2000,266.2500,189
2025-01-07 17:54:00,266.2500,266.4000,266.2500,266.4000,37
2025-01-07 17:55:00,266.3500,266.5000,265.9076,266.4916,391
2025-01-07 17:56:00,266.4000,266.4000,266.2000,266.4000,76
2025-01-07 17:57:00,266.1900,266.4000,266.1800,266.1800,88
2025-01-07 17:58:00,266.3300,266.3300,266.1750,266.2200,70
2025-01-07 17:59:00,266.4500,266.4500,266.4400,266.4400,53
2025-01-07 18:00:00,266.4200,266.4200,266.2200,266.2200,100
2025-01-07 18:01:00,266.2200,266.3100,266.2000,266.3100,95
2025-01-07 18:02:00,266.2900,266.4400,266.1600,266.4400,166
2025-01-07 18:03:00,266.4500,266.4500,266.0412,266.0412,24
2025-01-07 18:04:00,266.1600,266.1700,266.0300,266.0300,20
2025-01-07 18:05:00,266.4500,266.4500,266.1700,266.4460,237
2025-01-07 18:06:00,266.4400,266.4400,266.0000,266.4400,122
2025-01-07 18:07:00,266.0200,266.3900,266.0200,266.1900,12
2025-01-07 18:08:00,265.7500,266.1000,265.7500,265.7500,317
2025-01-07 18:09:00,266.0000,266.0000,265.7518,265.7518,155
2025-01-07 18:10:00,266.0000,266.4500,265.8000,266.4500,909
2025-01-07 18:11:00,266.1000,266.1000,265.7572,265.7572,141
2025-01-07 18:12:00,265.7500,266.2000,265.7500,266.2000,1202
2025-01-07 18:13:00,266.2000,266.2000,266.0000,266.1900,14
2025-01-07 18:14:00,266.0000,266.3500,266.0000,266.2000,107
2025-01-07 18:15:00,266.0000,266.2000,266.0000,266.0700,67
2025-01-07 18:16:00,266.3988,266.4000,266.0700,266.2000,74
2025-01-07 18:17:00,266.1000,266.4500,266.0000,266.4500,82
2025-01-07 18:18:00,266.0300,266.3000,266.0000,266.0000,62
2025-01-07 18:19:00,266.4000,266.4000,266.0100,266.1900,40
2025-01-07 18:20:00,266.0093,266.4000,266.0070,266.0093,228
2025-01-07 18:21:00,266.1900,266.2000,266.0400,266.0400,26
2025-01-07 18:22:00,266.3000,266.3000,266.2000,266.2000,12
2025-01-07 18:23:00,266.2000,266.3800,265.7500,266.0000,240
2025-01-07 18:24:00,266.3000,266.3000,266.2900,266.2900,37
2025-01-07 18:25:00,266.3900,266.3900,266.0000,266.0001,35
2025-01-07 18:26:00,266.3500,266.3800,266.0000,266.3800,216
2025-01-07 18:27:00,266.3000,266.3000,266.0100,266.0100,22
2025-01-07 18:28:00,266.3800,266.3800,265.9400,266.0100,679
2025-01-07 18:29:00,266.1900,266.1900,266.1900,266.1900,1
2025-01-07 18:30:00,266.0000,266.0300,266.0000,266.0000,126
2025-01-07 18:31:00,266.0000,266.3900,265.8000,266.3900,314
2025-01-07 18:32:00,266.2200,266.2200,265.7400,266.0000,558
2025-01-07 18:33:00,266.0000,266.3500,265.2596,265.7000,332
2025-01-07 18:34:00,266.3348,266.3348,265.7000,265.7000,201
2025-01-07 18:35:00,265.7000,265.9900,265.7000,265.9900,41
2025-01-07 18:36:00,265.7000,266.3500,265.7000,266.3500,51
2025-01-07 18:37:00,266.1760,266.3500,266.1467,266.1467,68
2025-01-07 18:38:00,265.8500,266.3500,265.6594,265.6750,185
2025-01-07 18:39:00,266.2200,266.3500,265.9800,266.0000,177
2025-01-07 18:40:00,265.0101,266.3000,265.0101,266.3000,2
2025-01-07 18:41:00,266.1000,266.3000,266.0000,266.2999,720
2025-01-07 18:42:00,266.0000,266.3000,265.9500,266.2900,762
2025-01-07 18:43:00,265.3000,266.1800,265.3000,265.7400,1282
2025-01-07 18:44:00,265.7500,266.1400,265.0100,265.8100,401
2025-01-07 18:45:00,265.8500,266.1899,265.8100,265.8300,272
2025-01-07 18:46:00,265.8300,266.0000,265.6800,266.0000,440
2025-01-07 18:47:00,266.0000,266.0000,265.6900,265.6900,34
2025-01-07 18:48:00,265.8890,265.8890,265.5700,265.8300,302
2025-01-07 18:49:00,265.7000,265.8300,265.0001,265.5000,34
2025-01-07 18:50:00,265.6900,265.8140,265.6000,265.7000,114
2025-01-07 18:51:00,265.6000,265.9999,265.3825,265.7000,468
2025-01-07 18:52:00,265.7000,266.0000,265.5100,265.5100,1005
2025-01-07 18:53:00,265.4000,266.0000,265.0500,266.0000,2093
2025-01-07 18:54:00,265.6200,266.0000,265.6200,266.0000,19
2025-01-07 18:55:00,265.6300,266.1800,265.6300,266.1800,12
2025-01-07 18:56:00,265.8300,266.0099,265.5100,266.0099,917
2025-01-07 18:57:00,265.6200,265.6200,265.6200,265.6200,20
2025-01-07 18:58:00,265.6800,266.3500,265.5100,265.6800,80
2025-01-07 18:59:00,265.8960,265.9830,265.6400,265.9830,18
2025-01-07 19:00:00,265.6800,266.0000,265.5000,265.5000,714
2025-01-07 19:01:00,265.6100,266.0000,265.0000,266.0000,911
2025-01-07 19:02:00,265.5000,266.0000,265.5000,266.0000,51
2025-01-07 19:03:00,265.5000,266.0000,265.5000,266.0000,56
2025-01-07 19:04:00,265.5400,265.6558,265.5400,265.6558,38
2025-01-07 19:05:00,265.5000,266.0000,265.5000,265.6500,64
2025-01-07 19:06:00,265.6400,265.7500,265.5000,265.6500,158
2025-01-07 19:07:00,265.6500,265.6500,265.5500,265.5500,19
2025-01-07 19:08:00,265.5500,265.8300,265.5500,265.8000,78
2025-01-07 19:09:00,266.2000,266.2000,265.6200,265.6200,215
2025-01-07 19:10:00,265.8500,265.8500,265.8000,265.8000,122
2025-01-07 19:11:00,265.8000,266.2000,265.8000,266.2000,611
2025-01-07 19:12:00,265.8000,266.1500,265.8000,266.1500,25
2025-01-07 19:13:00,266.2000,266.2000,265.7500,265.9000,238
2025-01-07 19:14:00,266.0000,266.2000,265.9800,266.2000,86
2025-01-07 19:15:00,266.1000,266.1200,266.1000,266.1200,57
2025-01-07 19:16:00,266.1200,266.2000,265.9000,266.2000,33
2025-01-07 19:17:00,266.1800,266.2000,266.0100,266.2000,421
2025-01-07 19:18:00,266.1900,266.1999,266.0500,266.0600,63
2025-01-07 19:19:00,266.0800,266.1999,266.0500,266.0800,391
2025-01-07 19:20:00,266.1900,266.2000,266.0000,266.2000,211
2025-01-07 19:21:00,266.1800,266.1900,266.1000,266.1500,293
2025-01-07 19:22:00,266.1500,266.1900,266.0000,266.1800,259
2025-01-07 19:23:00,266.1900,266.1900,266.1700,266.1800,600
2025-01-07 19:24:00,266.1999,266.2000,266.0000,266.0300,114
2025-01-07 19:25:00,266.0100,266.1999,266.0000,266.0000,380
2025-01-07 19:26:00,266.1900,266.1900,266.0000,266.0000,55
2025-01-07 19:27:00,266.1000,266.1900,266.0000,266.1900,34
2025-01-07 19:28:00,266.0000,266.1300,266.0000,266.1300,35
2025-01-07 19:29:00,266.2000,266.2000,266.0000,266.0000,104
2025-01-07 19:30:00,266.2000,266.2000,266.1000,266.1000,304
2025-01-07 19:31:00,266.1900,266.2000,266.0900,266.1000,673
2025-01-07 19:32:00,266.1100,266.2000,266.1100,266.1200,27
2025-01-07 19:33:00,266.2000,266.2000,266.2000,266.2000,310
2025-01-07 19:34:00,266.2000,266.2000,266.1000,266.1000,1003
2025-01-07 19:35:00,266.1500,266.3200,266.1500,266.3200,104
2025-01-07 19:36:00,266.3500,266.3650,266.3300,266.3650,95
2025-01-07 19:37:00,266.3100,266.3100,266.1500,266.1500,116
2025-01-07 19:38:00,266.2000,266.3300,266.2000,266.3300,22
2025-01-07 19:39:00,266.3300,266.3800,266.0938,266.2000,87
2025-01-07 19:40:00,266.2000,266.2000,266.2000,266.2000,1
2025-01-07 19:41:00,266.3300,266.3799,266.1933,266.3500,241
2025-01-07 19:42:00,266.3500,266.3600,266.3500,266.3600,18
2025-01-07 19:43:00,266.3745,266.3900,266.3600,266.3900,485
2025-01-07 19:44:00,266.3800,266.4500,266.3800,266.4500,402
2025-01-07 19:45:00,266.3000,266.4500,266.1500,266.3500,879
2025-01-07 19:46:00,266.4000,266.4300,266.2000,266.4300,337
2025-01-07 19:47:00,266.4100,266.4500,266.2500,266.2500,86
2025-01-07 19:48:00,266.4500,266.4500,266.3040,266.3600,110
2025-01-07 19:49:00,266.3700,266.3700,266.3000,266.3000,268
2025-01-07 19:50:00,266.3200,266.4500,266.2500,266.4400,139
2025-01-07 19:51:00,266.4400,266.4500,266.4300,266.4500,377
2025-01-07 19:52:00,266.4500,266.4500,266.4400,266.4500,29
2025-01-07 19:53:00,266.4500,266.4500,266.4400,266.4400,363
2025-01-07 19:54:00,266.4500,266.4500,266.4100,266.4500,146
2025-01-07 19:55:00,266.4500,266.5000,266.4000,266.5000,1221
2025-01-07 19:56:00,266.4992,266.5000,266.4500,266.4700,182
2025-01-07 19:57:00,266.4500,266.4700,265.9000,266.0000,1464
2025-01-07 19:58:00,265.9800,266.0000,265.8900,265.8900,436
2025-01-07 19:59:00,265.8900,265.9900,265.5200,265.9900,550
2025-01-08 04:00:00,261.7200,264.2200,261.7200,262.3400,2478
2025-01-08 04:01:00,263.0200,263.3300,262.5000,263.1000,713
2025-01-08 04:02:00,263.1000,263.3200,262.5600,262.8900,925
2025-01-08 04:03:00,262.8900,263.2300,262.8500,263.0500,406
2025-01-08 04:04:00,263.4000,263.5500,263.0700,263.1100,237
2025-01-08 04:05:00,263.3000,263.4900,263.0300,263.4900,323
2025-01-08 04:06:00,263.5600,263.5800,263.4000,263.5800,53
2025-01-08 04:07:00,263.5200,263.9800,263.5200,263.8800,450
2025-01-08 04:08:00,263.9100,264.2600,263.9100,264.1500,433
2025-01-08 04:09:00,263.9800,264.3300,263.8600,264.0800,850
2025-01-08 04:10:00,264.3200,265.3100,264.2700,264.4200,1890
2025-01-08 04:11:00,264.4200,264.6800,264.4000,264.4800,100
2025-01-08 04:12:00,264.4200,264.9100,264.4200,264.8000,434
2025-01-08 04:13:00,264.5200,264.6000,264.2500,264.6000,126
2025-01-08 04:14:00,264.4300,264.7900,264.4300,264.5800,641
2025-01-08 04:15:00,264.6700,265.0000,264.5900,264.8100,1173
2025-01-08 04:16:00,264.8200,265.0300,264.6100,264.9900,498
2025-01-08 04:17:00,264.9800,265.4100,264.8600,265.2100,843
2025-01-08 04:18:00,264.6600,264.8700,264.6600,264.8700,6
2025-01-08 04:19:00,264.6300,265.0000,264.5000,265.0000,537
2025-01-08 04:20:00,265.0000,265.0000,264.9700,264.9700,38
2025-01-08 04:21:00,264.9700,265.2000,264.3200,264.7900,1724
2025-01-08 04:22:00,264.8800,265.0300,264.6000,265.0300,196
2025-01-08 04:23:00,264.9500,264.9500,264.8500,264.8500,71
2025-01-08 04:24:00,264.8500,264.8500,264.8500,264.8500,7
2025-01-08 04:26:00,265.1800,265.3900,265.1800,265.3300,78
2025-01-08 04:27:00,264.9000,265.3200,264.9000,265.0300,188
2025-01-08 04:28:00,265.0300,265.0300,264.6000,264.8400,422
2025-01-08 04:29:00,264.7000,264.8800,264.4100,264.8700,118
2025-01-08 04:30:00,264.4100,264.8700,264.4100,264.5000,847
2025-01-08 04:31:00,264.9100,264.9400,264.3300,264.7500,1343
2025-01-08 04:32:00,264.2900,264.7000,264.2400,264.2400,337
2025-01-08 04:33:00,264.4100,264.9500,264.2400,264.8500,380
2025-01-08 04:34:00,264.7500,264.7500,264.4100,264.4100,94
2025-01-08 04:35:00,264.4100,265.2800,264.4100,265.2800,5411
2025-01-08 04:36:00,264.8200,264.8200,264.7600,264.7600,100
2025-01-08 04:37:00,265.0000,265.0800,264.4700,265.0500,493
2025-01-08 04:39:00,264.8900,264.9000,264.8900,264.9000,32
2025-01-08 04:40:00,264.9000,264.9000,264.4600,264.9000,484
2025-01-08 04:41:00,264.9000,264.9000,264.4100,264.4100,301
2025-01-08 04:42:00,264.8700,264.8700,264.8700,264.8700,22
2025-01-08 04:43:00,264.5000,264.5100,264.4900,264.5100,74
2025-01-08 04:44:00,264.6900,264.6900,264.4900,264.6300,154
2025-01-08 04:45:00,264.4900,264.6800,264.4900,264.6800,92
2025-01-08 04:46:00,264.6800,264.7500,264.6800,264.7300,52
2025-01-08 04:47:00,264.7300,264.7300,264.5900,264.6500,67
2025-01-08 04:48:00,264.4900,264.6600,264.4900,264.4900,122
2025-01-08 04:49:00,264.4900,264.6200,264.4300,264.6200,125
2025-01-08 04:51:00,264.4900,264.5500,264.4400,264.5000,538
2025-01-08 04:52:00,264.5500,264.5800,264.3800,264.4000,154
2025-01-08 04:53:00,264.4300,264.8900,264.0300,264.1500,4283
2025-01-08 04:54:00,264.1300,264.1500,263.7700,263.8000,2461
2025-01-08 04:55:00,263.9200,263.9400,263.5300,263.5300,1200
2025-01-08 04:56:00,263.5300,263.7000,263.4000,263.4000,317
2025-01-08 04:57:00,263.4200,263.4400,263.2000,263.2900,176
2025-01-08 04:58:00,263.2300,263.4500,263.2300,263.3500,75
2025-01-08 04:59:00,263.3500,263.3500,263.2800,263.3500,57
2025-01-08 05:00:00,263.3000,263.8600,263.3000,263.7000,707
2025-01-08 05:01:00,263.7400,263.9500,263.6100,263.6100,984
2025-01-08 05:02:00,263.9700,264.1000,263.7600,264.1000,377
2025-01-08 05:03:00,264.2400,264.2400,264.2000,264.2000,54
2025-01-08 05:04:00,264.2400,264.2400,264.0300,264.2000,20
2025-01-08 05:05:00,264.2300,264.8200,264.2300,264.8000,659
2025-01-08 05:06:00,264.8000,265.0000,264.7600,264.8000,208
2025-01-08 05:07:00,265.0000,265.1200,264.8300,264.8500,413
2025-01-08 05:08:00,264.8400,264.9600,264.8400,264.8500,46
2025-01-08 05:09:00,264.5400,264.9500,264.4200,264.4200,32
2025-01-08 05:10:00,264.6500,264.6500,264.4200,264.4200,16
2025-01-08 05:11:00,264.4300,264.6300,264.3600,264.3600,182
2025-01-08 05:12:00,264.3800,264.3800,263.9900,264.2800,300
2025-01-08 05:13:00,264.3100,264.6600,264.2800,264.4200,218
2025-01-08 05:14:00,264.3500,264.3500,264.2200,264.3500,27
2025-01-08 05:15:00,264.4900,264.5800,264.4700,264.4700,100
2025-01-08 05:16:00,264.5000,264.5000,264.2200,264.2200,612
2025-01-08 05:17:00,264.2200,264.4200,264.2200,264.3500,92
2025-01-08 05:18:00,264.4200,264.7400,264.4000,264.5900,365
2025-01-08 05:19:00,264.6100,264.6100,264.2000,264.3400,48
2025-01-08 05:20:00,264.5300,264.5700,264.3200,264.3300,72
2025-01-08 05:21:00,264.3200,264.3200,264.3200,264.3200,1
2025-01-08 05:22:00,264.6800,264.7500,264.6600,264.7500,52
2025-01-08 05:23:00,264.4200,264.7900,264.4200,264.6900,231
2025-01-08 05:24:00,264.5100,264.7900,264.5000,264.5100,289
2025-01-08 05:25:00,264.5300,264.9800,264.5300,264.9800,120
2025-01-08 05:26:00,264.9000,265.0000,264.9000,265.0000,5
2025-01-08 05:27:00,264.9900,265.0200,264.9900,265.0200,63
2025-01-08 05:28:00,264.9200,264.9200,264.9200,264.9200,1
2025-01-08 05:29:00,264.9100,264.9800,264.9100,264.9600,347
2025-01-08 05:30:00,264.9500,265.2000,264.9500,265.2000,701
2025-01-08 05:31:00,265.2000,265.3000,265.2000,265.2600,34
2025-01-08 05:32:00,265.0700,265.0700,264.9800,264.9800,85
2025-01-08 05:33:00,264.9500,265.3800,264.9500,265.3800,118
2025-01-08 05:35:00,264.9800,265.1100,264.9800,265.1100,28
2025-01-08 05:36:00,265.0100,265.0100,265.0100,265.0100,4
2025-01-08 05:38:00,265.2100,265.3000,265.2100,265.3000,415
2025-01-08 05:39:00,265.2100,265.2600,265.2100,265.2600,42
2025-01-08 05:40:00,265.2100,265.3000,265.2100,265.3000,6
2025-01-08 05:41:00,265.3300,265.5100,265.3000,265.5000,51
2025-01-08 05:42:00,265.4900,265.4900,265.4900,265.4900,26
2025-01-08 05:43:00,265.4800,265.4800,265.4500,265.4500,70
2025-01-08 05:44:00,265.4500,265.4900,265.2700,265.2900,594
2025-01-08 05:45:00,265.4100,265.4100,265.2600,265.3500,123
2025-01-08 05:46:00,265.2600,265.2600,265.1000,265.1000,36
2025-01-08 05:47:00,265.2600,265.4500,265.1300,265.4200,694
2025-01-08 05:48:00,265.2300,265.4200,265.1600,265.4200,183
2025-01-08 05:49:00,265.3000,265.5300,265.3000,265.4300,368
2025-01-08 05:50:00,265.4000,265.4600,265.3600,265.4600,139
2025-01-08 05:51:00,265.5700,265.6900,265.5200,265.6200,119
2025-01-08 05:52:00,265.5800,265.6900,265.5000,265.5000,54
2025-01-08 05:53:00,265.5000,265.5800,265.4600,265.5800,80
2025-01-08 05:54:00,265.5500,265.5500,265.5400,265.5400,3
2025-01-08 05:55:00,265.5600,265.5600,265.5000,265.5000,676
2025-01-08 05:56:00,265.5400,265.7000,265.5400,265.7000,78
2025-01-08 05:57:00,265.6900,265.6900,265.5000,265.5000,1186
2025-01-08 05:58:00,265.7000,265.7200,265.7000,265.7200,165
2025-01-08 05:59:00,265.7800,265.8100,265.7800,265.8100,87
2025-01-08 06:00:00,265.8100,265.9800,265.8100,265.9600,490
2025-01-08 06:01:00,265.9200,265.9200,265.5000,265.6300,1022
2025-01-08 06:02:00,265.8000,265.9100,265.5600,265.5600,340
2025-01-08 06:03:00,265.8400,265.8800,265.5700,265.5700,131
2025-01-08 06:04:00,265.9600,266.0000,265.9600,265.9700,118
2025-01-08 06:05:00,265.9400,265.9600,265.6800,265.8100,524
2025-01-08 06:06:00,265.8300,265.8800,265.5200,265.7500,62
2025-01-08 06:07:00,265.5000,265.6800,265.2700,265.6700,1001
2025-01-08 06:08:00,265.6200,265.6200,265.5700,265.5700,58
2025-01-08 06:09:00,265.3300,265.6800,265.3300,265.6100,257
2025-01-08 06:10:00,265.5700,265.5900,265.5000,265.5900,66
2025-01-08 06:11:00,265.5000,265.6000,265.3300,265.5400,354
2025-01-08 06:12:00,265.4700,265.5100,265.3200,265.4500,44
2025-01-08 06:13:00,265.4400,265.4400,265.0800,265.1400,834
2025-01-08 06:14:00,265.3000,265.4400,265.0200,265.3300,186
2025-01-08 06:15:00,265.3800,265.5000,264.9500,265.3200,232
2025-01-08 06:16:00,265.2400,265.2400,265.2400,265.2400,1
2025-01-08 06:17:00,265.2500,265.3800,265.0100,265.3800,255
2025-01-08 06:18:00,265.1500,265.3700,265.1500,265.2000,148
2025-01-08 06:19:00,265.1500,265.2600,265.0000,265.2300,479
2025-01-08 06:20:00,265.1400,265.1900,265.1400,265.1900,26
2025-01-08 06:21:00,264.8700,265.1000,264.8500,265.1000,213
2025-01-08 06:22:00,265.1800,265.1800,264.8500,264.8500,382
2025-01-08 06:23:00,264.9800,264.9900,264.9800,264.9900,49
2025-01-08 06:24:00,264.9600,265.2500,264.3700,264.7800,2185
2025-01-08 06:25:00,264.6700,264.6700,264.3600,264.3600,60
2025-01-08 06:26:00,264.6400,264.6400,264.6300,264.6300,106
2025-01-08 06:27:00,264.6300,264.8500,264.6300,264.8500,188
2025-01-08 06:28:00,264.4700,264.5100,264.2100,264.3700,705
2025-01-08 06:29:00,264.3700,264.6100,264.1200,264.3700,205
2025-01-08 06:30:00,264.6100,264.7200,264.3700,264.5800,46
2025-01-08 06:31:00,264.5500,264.6100,263.5000,263.8100,2036
2025-01-08 06:32:00,263.7000,264.1400,263.7000,264.1400,169
2025-01-08 06:33:00,263.6600,263.6700,262.3200,263.1400,2473
2025-01-08 06:34:00,263.1100,263.1100,262.4900,262.6100,238
2025-01-08 06:35:00,262.9700,263.2000,262.4000,262.8400,3379
2025-01-08 06:36:00,262.6500,263.0600,262.5600,262.7800,403
2025-01-08 06:37:00,262.5000,262.5900,262.0100,262.2900,1059
2025-01-08 06:38:00,262.1200,262.5300,261.7000,261.8500,2515
2025-01-08 06:39:00,262.2000,262.5300,262.0000,262.0600,1171
2025-01-08 06:40:00,261.7300,262.1400,261.5000,261.5000,1267
2025-01-08 06:41:00,261.7000,262.0800,261.5200,262.0100,985
2025-01-08 06:42:00,262.0100,262.2300,261.8000,262.0000,2829
2025-01-08 06:43:00,262.0000,262.2900,261.8100,261.8200,2936
2025-01-08 06:44:00,261.9600,262.1900,261.7600,262.0000,1170
2025-01-08 06:45:00,262.0000,262.3700,261.8200,262.1300,856
2025-01-08 06:46:00,262.3000,262.3300,261.8400,262.2300,1195
2025-01-08 06:47:00,262.0000,262.3800,261.9400,262.0000,267
2025-01-08 06:48:00,262.0000,262.1500,262.0000,262.0000,2354
2025-01-08 06:49:00,262.0000,262.4100,261.8500,261.8500,1253
2025-01-08 06:50:00,262.0000,262.0000,261.8000,262.0000,1428
2025-01-08 06:51:00,262.0000,262.5700,261.9800,261.9800,2535
2025-01-08 06:52:00,261.9800,262.2000,261.8100,262.0000,1170
2025-01-08 06:53:00,262.0000,262.4000,261.8000,261.8000,368
2025-01-08 06:54:00,261.8000,262.1000,261.8000,261.9100,39
2025-01-08 06:55:00,261.9100,262.0000,261.8000,261.8000,95
2025-01-08 06:56:00,261.9400,262.0000,261.8000,262.0000,570
2025-01-08 06:57:00,262.0000,262.1200,262.0000,262.0000,420
2025-01-08 06:58:00,262.0000,262.3900,261.9000,261.9500,1215
2025-01-08 06:59:00,261.9000,262.0000,261.8000,261.8600,1404
2025-01-08 07:00:00,261.9000,262.1100,261.8600,261.9500,3927
2025-01-08 07:01:00,261.8800,262.0000,261.5000,261.5000,1104
2025-01-08 07:02:00,261.3000,261.6200,261.1300,261.5000,1036
2025-01-08 07:03:00,261.3200,261.3600,260.5500,260.8900,1123
2025-01-08 07:04:00,260.9100,260.9200,260.4200,260.7200,2295
2025-01-08 07:05:00,260.7800,260.8700,260.4300,260.8000,453
2025-01-08 07:06:00,260.7800,260.9900,260.7000,260.9200,951
2025-01-08 07:07:00,260.7500,261.1900,260.6100,261.0000,637
2025-01-08 07:08:00,261.1400,261.6200,261.0100,261.6200,120
2025-01-08 07:09:00,261.7000,261.9700,261.1300,261.4200,241
2025-01-08 07:10:00,261.0600,261.7000,261.0000,261.7000,584
2025-01-08 07:11:00,261.5000,261.5000,261.4000,261.4000,274
2025-01-08 07:12:00,261.4000,261.4000,260.7000,260.7000,2596
2025-01-08 07:13:00,261.0700,261.2600,260.7100,260.7600,1995
2025-01-08 07:14:00,260.8900,261.1000,260.8200,261.1000,490
2025-01-08 07:15:00,261.1600,261.1600,260.5200,260.5200,962
2025-01-08 07:16:00,260.8100,260.8500,260.4600,260.4600,388
2025-01-08 07:17:00,260.6500,260.8500,260.4000,260.6900,526
2025-01-08 07:18:00,260.6400,260.8400,260.4000,260.5900,1093
2025-01-08 07:19:00,260.4000,260.7000,260.2000,260.4500,2332
2025-01-08 07:20:00,260.7000,260.7600,259.5000,259.7500,6272
2025-01-08 07:21:00,259.6900,260.8100,259.5200,260.3500,3025
2025-01-08 07:22:00,260.1100,260.3700,260.0700,260.3700,206
2025-01-08 07:23:00,260.4400,260.4400,260.0100,260.3900,225
2025-01-08 07:24:00,260.3900,260.4900,260.2600,260.2600,157
2025-01-08 07:25:00,260.2800,260.2800,259.4500,259.5000,2126
2025-01-08 07:26:00,259.6500,259.9700,259.4000,259.6800,1301
2025-01-08 07:27:00,260.0000,260.5200,259.9900,260.0400,691
2025-01-08 07:28:00,260.4700,260.4700,259.5500,259.9800,4236
2025-01-08 07:29:00,259.6500,259.6500,259.2500,259.2500,1140
2025-01-08 07:30:00,259.4100,259.4100,258.3300,258.4900,3455
2025-01-08 07:31:00,258.7700,258.8300,258.2400,258.2400,1644
2025-01-08 07:32:00,258.3000,258.3600,257.5000,257.5500,2763
2025-01-08 07:33:00,257.8300,257.9400,257.4700,257.8900,3589
2025-01-08 07:34:00,257.9100,258.2000,256.9800,257.6900,16688
2025-01-08 07:35:00,258.0000,258.9700,257.8700,258.9700,1960
2025-01-08 07:36:00,258.3800,258.9200,258.3800,258.7700,1218
2025-01-08 07:37:00,258.6700,259.6300,258.6700,259.6300,3182
2025-01-08 07:38:00,259.5800,260.6900,259.5800,260.6900,533
2025-01-08 07:39:00,260.4000,260.4700,260.0000,260.0000,782
2025-01-08 07:40:00,260.0000,260.5700,259.9500,260.3600,216
2025-01-08 07:41:00,260.0000,260.0000,259.2100,259.4000,2462
2025-01-08 07:42:00,259.6500,259.7300,259.2700,259.5300,184
2025-01-08 07:43:00,259.5500,260.0000,259.5500,259.8500,262
2025-01-08 07:44:00,259.8500,259.8500,259.6000,259.8100,268
2025-01-08 07:45:00,259.8500,260.5300,259.8000,260.0000,572
2025-01-08 07:46:00,259.8000,259.8000,259.1600,259.4600,2060
2025-01-08 07:47:00,259.3200,259.3200,258.8000,259.0000,480
2025-01-08 07:48:00,259.0000,259.1100,258.6000,258.7100,838
2025-01-08 07:49:00,258.8300,258.8600,258.5500,258.8100,222
2025-01-08 07:50:00,258.9700,258.9700,258.0000,258.0000,1834
2025-01-08 07:51:00,258.1600,258.3500,258.0400,258.0400,1118
2025-01-08 07:52:00,258.0400,258.4700,258.0400,258.2500,1188
2025-01-08 07:53:00,258.3100,258.4200,258.1100,258.1100,270
2025-01-08 07:54:00,258.0800,258.0800,257.3700,257.5000,1742
2025-01-08 07:55:00,257.5000,257.6700,257.2900,257.3000,1876
2025-01-08 07:56:00,257.4700,257.4700,256.8200,257.1700,1795
2025-01-08 07:57:00,257.1700,257.5200,256.9900,257.5000,3459
2025-01-08 07:58:00,257.4500,258.0000,257.4500,257.7300,1506
2025-01-08 07:59:00,257.4100,257.9400,257.3100,257.8600,272
2025-01-08 08:00:00,263.6012,265.7500,256.7900,264.9228,46395
2025-01-08 08:01:00,258.3800,265.9300,258.0200,260.2999,4678
2025-01-08 08:02:00,260.3000,260.7600,256.8531,259.9900,2987
2025-01-08 08:03:00,259.6500,260.7500,259.3000,260.7500,2788
2025-01-08 08:04:00,260.3700,260.9000,260.0000,260.5900,3035
2025-01-08 08:05:00,260.5500,260.5500,258.0000,258.5000,1869
2025-01-08 08:06:00,259.0600,260.6000,258.8600,260.0000,3857
2025-01-08 08:07:00,260.2000,260.2117,259.4400,259.9900,306
2025-01-08 08:08:00,260.0000,260.5900,259.1000,259.7500,1843
2025-01-08 08:09:00,259.7000,259.8500,259.1000,259.2500,1616
2025-01-08 08:10:00,259.9400,260.0000,259.3500,259.9200,249
2025-01-08 08:11:00,259.9200,260.5800,259.9200,260.0000,1513
2025-01-08 08:12:00,260.0900,260.5900,259.9000,259.9000,1349
2025-01-08 08:13:00,260.4000,260.6000,260.2000,260.6000,1794
2025-01-08 08:14:00,260.5000,260.6000,260.2100,260.5000,2245
2025-01-08 08:15:00,260.4900,260.5900,260.1100,260.1100,8430
2025-01-08 08:16:00,260.1100,260.9376,260.1100,260.8100,801
2025-01-08 08:17:00,260.8400,260.9000,260.2500,260.9000,491
2025-01-08 08:18:00,260.6100,260.6100,259.9000,260.1000,2450
2025-01-08 08:19:00,260.1000,260.5000,259.7700,260.2500,840
2025-01-08 08:20:00,259.7700,260.9900,259.5235,260.9700,1058
2025-01-08 08:21:00,260.8300,260.9600,260.5000,260.7390,1245
2025-01-08 08:22:00,260.3100,260.8400,260.3100,260.5200,681
2025-01-08 08:23:00,260.7800,261.3300,260.3272,261.0300,1877
2025-01-08 08:24:00,260.8900,261.8000,260.8000,261.5000,778
2025-01-08 08:25:00,261.5000,261.8000,261.0400,261.3000,732
2025-01-08 08:26:00,261.1900,261.7845,260.9300,261.5600,2473
2025-01-08 08:27:00,261.4600,261.8000,261.2539,261.7900,1259
2025-01-08 08:28:00,261.7000,262.0000,261.6400,262.0000,527
2025-01-08 08:29:00,261.9200,262.0000,261.1800,261.9700,1602
2025-01-08 08:30:00,261.5000,262.0000,261.1800,262.0000,2377
2025-01-08 08:31:00,261.5300,262.2000,261.2000,261.7600,2889
2025-01-08 08:32:00,261.4900,262.2000,261.3200,261.7600,4539
2025-01-08 08:33:00,261.8000,262.1600,260.1200,260.1200,2838
2025-01-08 08:34:00,260.4200,260.7600,259.6000,259.9100,1765
2025-01-08 08:35:00,259.8600,261.0900,259.8000,260.7400,1604
2025-01-08 08:36:00,260.4068,261.7000,260.4068,261.7000,228
2025-01-08 08:37:00,260.8700,261.8598,260.8700,261.8598,510
2025-01-08 08:38:00,261.5400,261.5400,260.6400,261.2100,119
2025-01-08 08:39:00,261.0150,261.4800,260.4900,260.4900,140
2025-01-08 08:40:00,261.7600,261.7600,260.4312,261.0900,178
2025-01-08 08:41:00,261.0900,261.4000,260.4001,261.0000,208
2025-01-08 08:42:00,260.6500,261.3700,260.4400,260.4800,462
2025-01-08 08:43:00,260.4800,261.2100,260.4595,261.2100,267
2025-01-08 08:44:00,261.1400,261.2100,260.5300,260.5300,166
2025-01-08 08:45:00,260.9900,261.2500,260.4700,261.0400,292
2025-01-08 08:46:00,260.9000,260.9000,260.5300,260.9000,564
2025-01-08 08:47:00,261.0600,261.1200,260.4946,261.0000,226
2025-01-08 08:48:00,261.1200,261.1200,260.0000,260.3300,673
2025-01-08 08:49:00,260.2100,260.7600,260.1800,260.1800,731
2025-01-08 08:50:00,260.5000,260.8000,260.1922,260.1922,96
2025-01-08 08:51:00,260.3000,260.7900,260.3000,260.7900,22
2025-01-08 08:52:00,260.6100,260.7900,260.3200,260.7900,606
2025-01-08 08:53:00,260.5800,260.7875,260.2500,260.3000,169
2025-01-08 08:54:00,260.3000,260.8000,260.1175,260.8000,206
2025-01-08 08:55:00,260.8000,261.2400,260.6800,261.2400,1268
2025-01-08 08:56:00,260.9100,261.2400,260.9100,261.2400,163
2025-01-08 08:57:00,261.2400,261.6100,260.9200,261.0000,317
2025-01-08 08:58:00,261.2500,261.4600,261.2000,261.2850,584
2025-01-08 08:59:00,261.2800,261.7000,261.0834,261.0834,1002
2025-01-08 09:00:00,261.6999,261.7000,261.2400,261.5800,946
2025-01-08 09:01:00,261.5000,261.8400,261.5000,261.7200,479
2025-01-08 09:02:00,261.5400,261.8584,261.1500,261.1500,830
2025-01-08 09:03:00,261.5000,261.6600,260.8000,261.2000,304
2025-01-08 09:04:00,261.4900,261.6900,261.1900,261.5600,267
2025-01-08 09:05:00,261.5400,261.5600,261.4200,261.5600,68
2025-01-08 09:06:00,261.8700,261.8700,261.0000,261.8483,79
2025-01-08 09:07:00,261.9052,261.9100,261.0200,261.9000,96
2025-01-08 09:08:00,261.5600,262.0000,260.9165,261.3000,1537
2025-01-08 09:09:00,261.5600,261.8160,261.0002,261.1100,391
2025-01-08 09:10:00,261.3000,261.6500,261.0025,261.0100,449
2025-01-08 09:11:00,261.0700,261.6400,261.0100,261.0100,317
2025-01-08 09:12:00,261.1300,261.6299,260.6000,261.0450,692
2025-01-08 09:13:00,261.0400,261.6700,261.0300,261.6700,1219
2025-01-08 09:14:00,261.6600,261.6900,261.2100,261.4100,537
2025-01-08 09:15:00,261.3300,261.8000,260.9000,261.3200,1506
2025-01-08 09:16:00,261.0600,261.5800,261.0600,261.2300,154
2025-01-08 09:17:00,261.1700,261.5000,261.0125,261.3500,273
2025-01-08 09:18:00,261.0100,261.5000,261.0100,261.5000,6
2025-01-08 09:19:00,261.1600,261.4900,261.0000,261.2100,1074
2025-01-08 09:20:00,261.2400,261.3600,260.7000,260.8000,910
2025-01-08 09:21:00,261.5000,261.5000,260.9000,261.2000,422
2025-01-08 09:22:00,261.1900,261.5000,261.0000,261.5000,575
2025-01-08 09:23:00,261.1000,261.5000,261.0000,261.4000,2471
2025-01-08 09:24:00,261.3000,261.3600,260.5445,261.0200,249
2025-01-08 09:25:00,261.5000,262.0000,261.0000,261.7000,1496
2025-01-08 09:26:00,261.5900,261.6500,261.3100,261.6500,60
2025-01-08 09:27:00,261.2101,263.8600,261.2101,263.5000,8517
2025-01-08 09:28:00,263.5700,264.2899,263.5700,263.6200,12732
2025-01-08 09:29:00,263.9400,264.3000,263.5700,263.9400,6012
2025-01-08 09:30:00,263.8800,264.3000,261.0200,263.0800,108327
2025-01-08 09:31:00,262.9550,264.0100,262.0800,264.0100,27946
2025-01-08 09:32:00,263.9300,264.6500,263.1400,264.0700,38141
2025-01-08 09:33:00,264.3000,265.3400,263.6800,265.2200,41456
2025-01-08 09:34:00,265.3600,267.0000,264.9500,266.7650,36179
2025-01-08 09:35:00,266.8100,267.0000,265.6100,266.0000,40516
2025-01-08 09:36:00,265.7750,266.5000,264.2800,265.4950,47848
2025-01-08 09:37:00,265.4339,266.0000,264.6200,264.9600,27861
2025-01-08 09:38:00,264.7500,265.8999,263.1708,264.3600,59084
2025-01-08 09:39:00,264.1300,264.5700,262.6500,262.7681,16293
2025-01-08 09:40:00,262.5900,262.6500,261.7600,261.9000,28491
2025-01-08 09:41:00,262.0100,263.3400,261.7100,263.3021,14131
2025-01-08 09:42:00,263.1000,265.0096,263.1000,264.3650,31659
2025-01-08 09:43:00,264.3700,265.1080,263.2520,264.9100,16500
2025-01-08 09:44:00,264.9100,266.2800,264.5000,266.0100,19635
2025-01-08 09:45:00,265.6600,266.2500,263.5700,263.5700,20462
2025-01-08 09:46:00,264.1400,264.6100,262.5000,262.9590,20471
2025-01-08 09:47:00,262.8700,263.3200,262.0000,263.3200,12491
2025-01-08 09:48:00,263.3350,263.6050,262.1000,262.1000,8808
2025-01-08 09:49:00,262.5700,263.3900,262.1300,262.9800,17860
2025-01-08 09:50:00,262.6100,263.0200,262.2300,262.4850,14571
2025-01-08 09:51:00,262.7741,262.8400,261.2100,262.5450,43890
2025-01-08 09:52:00,262.5328,262.5328,259.8100,260.1000,36466
2025-01-08 09:53:00,260.1000,260.4900,259.3820,259.9000,22712
2025-01-08 09:54:00,259.5390,260.8900,259.2600,260.4400,28312
2025-01-08 09:55:00,260.4400,261.8300,260.2400,261.8300,15880
2025-01-08 09:56:00,261.6800,262.3252,261.0000,261.7700,12160
2025-01-08 09:57:00,261.9000,261.9000,260.7200,260.7200,13590
2025-01-08 09:58:00,260.8800,261.3950,260.0000,261.3800,30261
2025-01-08 09:59:00,261.1588,262.3999,260.8450,261.8900,13706
2025-01-08 10:00:00,261.7700,262.7200,261.0320,262.5600,21238
2025-01-08 10:01:00,262.2460,263.1100,262.0690,263.1093,31296
2025-01-08 10:02:00,263.1700,263.6600,262.5150,263.0001,24228
2025-01-08 10:03:00,263.4000,265.1800,263.4000,264.9725,31608
2025-01-08 10:04:00,264.8344,265.1400,264.4300,264.7093,19632
2025-01-08 10:05:00,264.7740,264.7740,263.4200,263.7600,13939
2025-01-08 10:06:00,264.0000,264.9000,263.6300,264.2900,27677
2025-01-08 10:07:00,264.6600,264.7900,263.5475,264.0875,17242
2025-01-08 10:08:00,264.1370,264.1370,262.8375,263.8900,20245
2025-01-08 10:09:00,263.8950,264.2099,263.0170,263.0170,8542
2025-01-08 10:10:00,263.0350,263.5400,261.0000,261.3350,22213
2025-01-08 10:11:00,261.3100,261.9999,260.6600,261.0850,24655
2025-01-08 10:12:00,261.2200,261.2200,260.2200,260.4600,10687
2025-01-08 10:13:00,260.5261,260.6000,258.7479,259.0350,42886
2025-01-08 10:14:00,258.8900,259.2900,258.5000,258.5100,17603
2025-01-08 10:15:00,258.5500,258.9630,258.1100,258.5300,20640
2025-01-08 10:16:00,258.5177,258.6881,257.6017,258.1900,35941
2025-01-08 10:17:00,257.9749,258.8387,257.8200,258.5700,23073
2025-01-08 10:18:00,258.6600,259.1300,258.5400,259.0700,24034
2025-01-08 10:19:00,259.0700,259.3000,258.4200,258.4200,13653
2025-01-08 10:20:00,258.4200,258.4700,256.4600,256.4600,40795
2025-01-08 10:21:00,256.8400,257.6900,256.5700,256.7600,21627
2025-01-08 10:22:00,256.6800,256.9200,255.5000,255.7900,30608
2025-01-08 10:23:00,255.6450,256.8680,255.5000,256.2362,44955
2025-01-08 10:24:00,256.1500,257.9076,256.1500,257.4800,17900
2025-01-08 10:25:00,257.7400,258.1400,257.0001,257.6759,22156
2025-01-08 10:26:00,257.3600,258.4457,257.0400,258.4457,10830
2025-01-08 10:27:00,258.5684,258.5684,257.4500,257.8500,14105
2025-01-08 10:28:00,258.0000,258.0850,257.1901,257.3500,9666
2025-01-08 10:29:00,257.2400,258.0430,257.2400,257.7500,12730
2025-01-08 10:30:00,258.0000,258.0500,257.3500,257.4600,9947
2025-01-08 10:31:00,257.7500,257.9100,257.0200,257.4000,7761
2025-01-08 10:32:00,257.3950,258.0000,256.8525,257.0000,21441
2025-01-08 10:33:00,257.1500,257.6300,257.1500,257.2100,8407
2025-01-08 10:34:00,257.5970,257.7600,256.9625,257.4800,7789
2025-01-08 10:35:00,257.5600,258.8999,257.5600,258.6066,23487
2025-01-08 10:36:00,258.2207,258.7500,258.2207,258.7500,6423
2025-01-08 10:37:00,258.9900,259.0799,258.2400,258.7900,16678
2025-01-08 10:38:00,258.7100,259.1000,258.0000,258.1800,17952
2025-01-08 10:39:00,258.1450,258.4567,257.6700,257.9563,17726
2025-01-08 10:40:00,257.7100,258.1466,257.2800,258.1466,10656
2025-01-08 10:41:00,258.1678,258.7883,257.7500,258.7100,7202
2025-01-08 10:42:00,258.6200,258.9700,257.8200,258.5000,15670
2025-01-08 10:43:00,258.4100,258.8668,257.8100,257.9250,11923
2025-01-08 10:44:00,257.9300,258.1900,257.8100,258.0900,7239
2025-01-08 10:45:00,258.3000,258.7100,257.9656,257.9656,7888
2025-01-08 10:46:00,258.0800,258.5746,258.0800,258.3500,7188
2025-01-08 10:47:00,258.2000,258.2000,257.1000,258.1200,17100
2025-01-08 10:48:00,257.8020,258.5340,257.7000,258.3930,7215
2025-01-08 10:49:00,258.5000,258.6499,258.2200,258.2200,6715
2025-01-08 10:50:00,258.4600,259.2700,258.4600,259.2700,6432
2025-01-08 10:51:00,259.3000,259.7300,258.6500,259.7200,11131
2025-01-08 10:52:00,259.8001,260.7590,259.5100,260.7590,12551
2025-01-08 10:53:00,260.5400,260.5500,259.5900,259.5900,11071
2025-01-08 10:54:00,259.8100,260.4000,259.3600,260.3684,9491
2025-01-08 10:55:00,260.3500,260.6880,259.9797,260.0700,7804
2025-01-08 10:56:00,260.1400,260.4100,260.0000,260.0800,13994
2025-01-08 10:57:00,260.0500,260.9300,259.9700,260.8500,15084
2025-01-08 10:58:00,260.8000,260.9050,260.1500,260.4000,9862
2025-01-08 10:59:00,260.4200,260.8100,260.4200,260.7599,6996
2025-01-08 11:00:00,260.7300,260.8000,259.6601,259.6601,10085
2025-01-08 11:01:00,259.6700,259.8500,259.0100,259.2650,5632
2025-01-08 11:02:00,259.2600,259.4200,258.6600,258.6800,8954
2025-01-08 11:03:00,258.6900,258.9300,258.1100,258.3700,21052
2025-01-08 11:04:00,258.3400,258.4400,257.5700,257.8500,31475
2025-01-08 11:05:00,257.6400,258.2850,257.6200,257.9150,13486
2025-01-08 11:06:00,257.9900,258.0400,257.3500,257.4300,18727
2025-01-08 11:07:00,257.4800,257.9760,257.2850,257.4300,13119
2025-01-08 11:08:00,257.4200,258.9700,257.3900,258.8200,28245
2025-01-08 11:09:00,258.9699,259.3800,258.9699,259.3300,6254
2025-01-08 11:10:00,259.1633,259.6500,259.1633,259.1700,5800
2025-01-08 11:11:00,259.3400,259.4100,258.6500,258.6500,10131
2025-01-08 11:12:00,258.3650,258.6000,258.3650,258.5900,1586
2025-01-08 11:13:00,258.3300,259.1400,258.3100,258.9094,16230
2025-01-08 11:14:00,258.9150,258.9150,258.5200,258.5200,2195
2025-01-08 11:15:00,258.7900,258.9070,258.0000,258.3500,8250
2025-01-08 11:16:00,258.4620,258.6484,257.8500,258.5699,5636
2025-01-08 11:17:00,258.5700,258.6100,258.2450,258.2450,2942
2025-01-08 11:18:00,258.1675,258.7200,258.1675,258.6100,14044
2025-01-08 11:19:00,258.6900,259.0716,258.5600,259.0716,6056
2025-01-08 11:20:00,259.2800,259.9650,259.1800,259.9006,9526
2025-01-08 11:21:00,260.0000,260.1841,259.4600,259.6241,8196
2025-01-08 11:22:00,259.7250,259.8022,259.3200,259.4343,5283
2025-01-08 11:23:00,259.6500,260.2100,259.6500,260.1050,4350
2025-01-08 11:24:00,260.1050,260.4100,260.0000,260.2250,17497
2025-01-08 11:25:00,260.4050,260.5194,260.0400,260.5194,5200
2025-01-08 11:26:00,260.2300,260.2300,259.4600,259.7080,8633
2025-01-08 11:27:00,259.4400,259.4400,259.1132,259.2660,5032
2025-01-08 11:28:00,259.0600,259.3100,258.8300,259.3100,4337
2025-01-08 11:29:00,259.0000,259.2900,258.8300,259.1550,3401
2025-01-08 11:30:00,259.1700,259.8699,259.1700,259.7900,11961
2025-01-08 11:31:00,259.5000,259.5600,259.3300,259.5550,2103
2025-01-08 11:32:00,259.6200,260.0000,259.6200,260.0000,4377
2025-01-08 11:33:00,259.9400,260.0000,259.4900,259.7800,4324
2025-01-08 11:34:00,259.7900,260.0700,259.7700,259.8100,4069
2025-01-08 11:35:00,259.8050,260.0700,259.1800,259.3000,10665
2025-01-08 11:36:00,259.3000,260.0600,259.1700,259.8900,4504
2025-01-08 11:37:00,259.8900,260.8000,259.8750,260.4450,10025
2025-01-08 11:38:00,260.2800,260.9700,260.2800,260.7000,36944
2025-01-08 11:39:00,260.5400,261.3599,260.2700,261.3599,44572
2025-01-08 11:40:00,261.0000,261.3200,260.4000,261.0300,9675
2025-01-08 11:41:00,260.8400,261.1200,260.5100,261.1200,4662
2025-01-08 11:42:00,261.0900,261.4000,261.0900,261.4000,8094
2025-01-08 11:43:00,261.4900,261.6118,260.2950,260.2950,19903
2025-01-08 11:44:00,260.2000,261.1499,260.0500,261.1499,11824
2025-01-08 11:45:00,260.6600,260.7500,260.4450,260.4450,7029
2025-01-08 11:46:00,260.3600,260.4000,260.0500,260.3878,3566
2025-01-08 11:47:00,260.4000,260.5000,260.2300,260.4800,3104
2025-01-08 11:48:00,260.2400,260.5900,260.1500,260.5279,8337
2025-01-08 11:49:00,260.5050,260.6200,260.1700,260.3000,4915
2025-01-08 11:50:00,260.3800,260.3800,259.7900,260.0400,22511
2025-01-08 11:51:00,259.9400,260.6155,259.9400,260.1400,7681
2025-01-08 11:52:00,260.1200,260.1200,259.5701,260.0500,5383
2025-01-08 11:53:00,259.8100,260.0900,259.8100,260.0000,1836
2025-01-08 11:54:00,260.0100,260.0450,259.7000,260.0450,4430
2025-01-08 11:55:00,260.0000,260.0800,259.6000,259.8200,6808
2025-01-08 11:56:00,259.8200,259.9100,259.4100,259.7800,6287
2025-01-08 11:57:00,259.6550,259.7790,259.4500,259.6300,2769
2025-01-08 11:58:00,259.6300,259.8100,259.6300,259.7500,2398
2025-01-08 11:59:00,259.7930,259.8200,259.5197,259.5197,2976
2025-01-08 12:00:00,259.4900,259.7900,259.4400,259.5800,3478
2025-01-08 12:01:00,259.5100,259.7400,259.5000,259.7064,2761
2025-01-08 12:02:00,259.6800,260.0000,259.1100,259.1900,10187
2025-01-08 12:03:00,259.1600,259.2500,258.6200,258.6400,9271
2025-01-08 12:04:00,259.1100,259.1100,258.5500,258.6550,4568
2025-01-08 12:05:00,258.5000,258.6200,258.4400,258.5900,8865
2025-01-08 12:06:00,258.4500,258.6900,258.0901,258.2691,12361
2025-01-08 12:07:00,258.4500,258.6200,257.9800,257.9800,8359
2025-01-08 12:08:00,258.1225,258.2100,257.6500,257.7981,3934
2025-01-08 12:09:00,257.6000,257.9699,257.4400,257.7205,13007
2025-01-08 12:10:00,257.9600,258.3048,257.5500,257.6200,7350
2025-01-08 12:11:00,257.7000,257.7000,257.3000,257.4200,10124
2025-01-08 12:12:00,257.4350,257.7724,257.3050,257.4000,9072
2025-01-08 12:13:00,257.4550,257.4550,257.0800,257.2000,6346
2025-01-08 12:14:00,257.2200,257.2200,256.2900,256.5700,32906
2025-01-08 12:15:00,256.5000,257.1600,256.3300,256.7600,17352
2025-01-08 12:16:00,256.5500,257.0600,256.4601,256.4601,6666
2025-01-08 12:17:00,256.6400,256.6400,255.9000,256.0200,18946
2025-01-08 12:18:00,256.0150,256.5532,256.0150,256.4000,7354
2025-01-08 12:19:00,256.2400,256.5900,256.1000,256.1000,10480
2025-01-08 12:20:00,256.2400,256.3208,256.0000,256.0300,12826
2025-01-08 12:21:00,256.1000,256.1116,255.1100,255.4700,14362
2025-01-08 12:22:00,255.3750,255.7899,254.8800,255.0200,42110
2025-01-08 12:23:00,255.0150,255.2100,254.2800,254.4700,31876
2025-01-08 12:24:00,254.2700,254.6300,254.1750,254.2126,23434
2025-01-08 12:25:00,254.3800,255.0831,254.2600,254.2700,14256
2025-01-08 12:26:00,254.3750,254.6800,254.1200,254.5900,8655
2025-01-08 12:27:00,254.6000,254.7642,253.3000,253.4600,22546
2025-01-08 12:28:00,253.4325,254.0000,253.1800,253.6700,23735
2025-01-08 12:29:00,253.6354,253.6600,253.0500,253.5450,13934
2025-01-08 12:30:00,253.4400,253.7000,253.1100,253.1100,7299
2025-01-08 12:31:00,253.3300,253.9800,252.9900,253.9723,22065
2025-01-08 12:32:00,254.0000,255.0000,253.8960,254.8800,22824
2025-01-08 12:33:00,255.0200,255.2500,254.7900,255.0700,15627
2025-01-08 12:34:00,255.0700,255.1200,254.4550,254.8500,9629
2025-01-08 12:35:00,255.0200,255.4567,254.8500,254.8500,15061
2025-01-08 12:36:00,254.7700,255.1000,254.4800,255.0400,10285
2025-01-08 12:37:00,255.0900,255.3000,254.6400,255.3000,6496
2025-01-08 12:38:00,255.3900,255.6770,255.0800,255.2200,12465
2025-01-08 12:39:00,255.1600,255.4899,254.8500,254.8600,23753
2025-01-08 12:40:00,254.8100,255.4899,254.6800,255.3500,16080
2025-01-08 12:41:00,255.4600,255.8900,255.0101,255.6868,8103
2025-01-08 12:42:00,255.8000,256.3346,255.6800,256.3346,13587
2025-01-08 12:43:00,256.1400,256.3000,255.9400,256.0352,8678
2025-01-08 12:44:00,256.0000,256.1032,255.7500,255.8800,14567
2025-01-08 12:45:00,255.7600,256.2864,255.7600,256.2300,3947
2025-01-08 12:46:00,256.0000,256.7800,256.0000,256.1579,13350
2025-01-08 12:47:00,256.1200,256.1200,255.0000,255.0000,19418
2025-01-08 12:48:00,254.9000,255.3600,254.8500,254.8500,8879
2025-01-08 12:49:00,255.0500,255.3200,254.8500,255.0400,26419
2025-01-08 12:50:00,255.1386,255.6900,255.1200,255.4640,8963
2025-01-08 12:51:00,255.6121,255.7447,255.3700,255.7100,6981
2025-01-08 12:52:00,255.8100,256.5367,255.6900,256.5300,8804
2025-01-08 12:53:00,256.5900,256.5950,256.2300,256.4100,3202
2025-01-08 12:54:00,256.4500,256.7187,256.3300,256.5000,5614
2025-01-08 12:55:00,256.5300,256.7000,256.5200,256.7000,2306
2025-01-08 12:56:00,256.7500,256.8900,256.5300,256.8500,6367
2025-01-08 12:57:00,256.8410,257.1247,256.8410,257.1100,4669
2025-01-08 12:58:00,257.0000,257.5000,257.0000,257.5000,10860
2025-01-08 12:59:00,257.5090,257.7300,257.2900,257.3500,5096
2025-01-08 13:00:00,257.3500,258.5800,257.3500,258.4975,27346
2025-01-08 13:01:00,258.5000,258.5600,258.1568,258.2300,17710
2025-01-08 13:02:00,258.1300,259.6000,258.1300,259.0650,24537
2025-01-08 13:03:00,258.9600,259.3400,258.8000,259.1550,11735
2025-01-08 13:04:00,259.1750,259.8700,259.0620,259.5300,6461
2025-01-08 13:05:00,259.4300,259.7744,259.2700,259.2700,6739
2025-01-08 13:06:00,259.5000,260.8000,259.5000,260.7700,15872
2025-01-08 13:07:00,260.7900,260.8000,260.2500,260.6000,6516
2025-01-08 13:08:00,260.6000,260.8366,259.7500,259.7976,8344
2025-01-08 13:09:00,259.9800,260.3376,259.9800,260.1000,6141
2025-01-08 13:10:00,259.9500,260.6600,259.9500,260.6600,11093
2025-01-08 13:11:00,260.8000,261.2000,260.4300,261.1200,10671
2025-01-08 13:12:00,261.0500,261.2500,260.5700,260.9800,23544
2025-01-08 13:13:00,261.0700,261.1999,260.7400,260.8200,8290
2025-01-08 13:14:00,260.9700,260.9700,260.2500,260.5957,11694
2025-01-08 13:15:00,260.6000,261.1000,260.5600,260.7400,6772
2025-01-08 13:16:00,260.7800,261.3452,260.7400,261.3452,7052
2025-01-08 13:17:00,261.1300,261.4000,261.0001,261.2800,4182
2025-01-08 13:18:00,261.0400,261.6200,261.0400,261.6200,5562
2025-01-08 13:19:00,261.7000,262.0000,261.6300,261.9450,12201
2025-01-08 13:20:00,261.9500,262.0000,261.6500,262.0000,7152
2025-01-08 13:21:00,261.9900,262.0480,261.2800,261.3100,6804
2025-01-08 13:22:00,261.2800,261.5405,260.8900,261.2301,8782
2025-01-08 13:23:00,261.2200,261.4800,261.0500,261.3900,10323
2025-01-08 13:24:00,261.4900,262.3978,261.3750,262.3300,16161
2025-01-08 13:25:00,262.4012,262.8900,262.2600,262.8500,12484
2025-01-08 13:26:00,262.9732,263.0800,262.7500,263.0650,19384
2025-01-08 13:27:00,262.9400,263.1796,262.5100,262.9900,11535
2025-01-08 13:28:00,263.1900,263.5000,263.1300,263.2300,13048
2025-01-08 13:29:00,263.1400,263.1999,262.7600,262.7950,13702
2025-01-08 13:30:00,262.7900,262.7900,261.9900,262.1000,14960
2025-01-08 13:31:00,262.1800,262.1800,261.4600,261.5900,9401
2025-01-08 13:32:00,261.4000,261.4000,260.7800,261.0100,12878
2025-01-08 13:33:00,260.9875,260.9875,260.3117,260.7100,6565
2025-01-08 13:34:00,260.6400,260.7600,260.4500,260.5000,5277
2025-01-08 13:35:00,260.6100,260.7500,260.3786,260.7100,3648
2025-01-08 13:36:00,260.7900,261.7000,260.7600,261.7000,10217
2025-01-08 13:37:00,261.4600,261.4600,261.0000,261.0000,2150
2025-01-08 13:38:00,261.2100,262.0000,261.0000,261.9810,10894
2025-01-08 13:39:00,261.8250,262.0000,261.2531,261.2531,9326
2025-01-08 13:40:00,261.3100,261.3100,260.9300,261.1350,4304
2025-01-08 13:41:00,261.0446,261.0446,260.5400,260.9400,5561
2025-01-08 13:42:00,261.0000,261.0100,260.5000,260.5500,3098
2025-01-08 13:43:00,260.5700,260.5900,260.3700,260.3799,2163
2025-01-08 13:44:00,260.4550,261.0100,260.4550,260.7550,13554
2025-01-08 13:45:00,260.5900,260.6916,260.1000,260.2800,7299
2025-01-08 13:46:00,260.3400,260.3400,260.1000,260.2680,4120
2025-01-08 13:47:00,260.1900,260.2800,259.9600,260.0000,4860
2025-01-08 13:48:00,260.0040,260.6100,259.9160,260.6100,6476
2025-01-08 13:49:00,260.4630,261.2800,260.4630,260.6300,6111
2025-01-08 13:50:00,261.0000,261.0600,260.5400,260.5400,2617
2025-01-08 13:51:00,260.7800,260.7800,260.4300,260.5600,4102
2025-01-08 13:52:00,260.6900,260.6900,259.7720,259.8900,6631
2025-01-08 13:53:00,259.8000,259.8000,258.6300,259.2000,14500
2025-01-08 13:54:00,259.1150,259.1150,258.6000,258.9000,8355
2025-01-08 13:55:00,258.8300,259.4421,258.8300,259.4421,3491
2025-01-08 13:56:00,259.1200,259.8600,259.1200,259.8500,6755
2025-01-08 13:57:00,259.8300,260.4300,259.7100,260.2900,8012
2025-01-08 13:58:00,260.2700,260.3900,260.0200,260.1000,11957
2025-01-08 13:59:00,260.4000,260.8900,260.4000,260.6900,3949
2025-01-08 14:00:00,260.4900,260.7923,260.2100,260.7923,2050
2025-01-08 14:01:00,260.4800,260.8699,260.4800,260.5350,3210
2025-01-08 14:02:00,260.2900,260.3000,259.8181,260.1750,6856
2025-01-08 14:03:00,259.9201,260.4300,259.9201,260.1500,3478
2025-01-08 14:04:00,260.2450,260.8800,260.2450,260.7500,5571
2025-01-08 14:05:00,260.9800,261.6100,260.8900,261.0500,9919
2025-01-08 14:06:00,261.0229,261.8000,260.8700,261.3500,8316
2025-01-08 14:07:00,261.4600,262.1600,261.4600,262.1000,25772
2025-01-08 14:08:00,262.0305,262.9600,262.0000,262.5815,5238
2025-01-08 14:09:00,262.5400,263.4100,262.4121,263.1551,11143
2025-01-08 14:10:00,263.0000,263.0439,262.6072,262.6072,4913
2025-01-08 14:11:00,263.0000,263.0000,262.0333,262.0333,7224
2025-01-08 14:12:00,262.0000,262.0100,261.2500,261.3450,11443
2025-01-08 14:13:00,261.3400,261.7100,261.2568,261.4400,5049
2025-01-08 14:14:00,261.4400,261.6750,260.7800,260.9250,4494
2025-01-08 14:15:00,260.9300,261.5000,260.8700,261.2100,8664
2025-01-08 14:16:00,261.4600,261.7100,261.0250,261.1550,5125
2025-01-08 14:17:00,261.4300,261.4800,261.1600,261.1600,1475
2025-01-08 14:18:00,261.1600,261.7500,261.1600,261.7500,6209
2025-01-08 14:19:00,261.7450,261.9465,261.7450,261.7850,2309
2025-01-08 14:20:00,261.9000,262.0800,261.7850,262.0800,3812
2025-01-08 14:21:00,261.9550,261.9900,261.6500,261.6500,3217
2025-01-08 14:22:00,261.7300,261.7400,261.5500,261.7100,1679
2025-01-08 14:23:00,261.9000,262.2400,261.8500,261.8500,3220
2025-01-08 14:24:00,262.0600,262.6240,261.9078,261.9200,4606
2025-01-08 14:25:00,261.8136,261.9416,261.7000,261.8600,2209
2025-01-08 14:26:00,261.9200,262.1200,261.8400,262.0000,2883
2025-01-08 14:27:00,261.9850,262.8000,261.9100,262.8000,6722
2025-01-08 14:28:00,262.7800,262.9500,262.7000,262.8250,7464
2025-01-08 14:29:00,262.8250,262.8250,262.5400,262.7200,11132
2025-01-08 14:30:00,262.6600,262.6650,261.5529,261.7050,10016
2025-01-08 14:31:00,261.5300,261.5300,260.9001,261.2375,6838
2025-01-08 14:32:00,261.3700,261.3700,260.9010,261.0700,3556
2025-01-08 14:33:00,260.9400,261.4200,260.8300,261.4100,6981
2025-01-08 14:34:00,261.4200,261.4300,260.8800,261.0200,3776
2025-01-08 14:35:00,261.0000,261.1700,260.9900,261.0600,3129
2025-01-08 14:36:00,261.1300,261.1300,260.5955,260.5955,3438
2025-01-08 14:37:00,260.6900,261.2100,260.6900,261.0000,7316
2025-01-08 14:38:00,261.1093,261.1093,260.8700,260.8700,2082
2025-01-08 14:39:00,260.6800,260.7615,260.2701,260.2701,4594
2025-01-08 14:40:00,260.2800,260.7000,260.2000,260.4250,8266
2025-01-08 14:41:00,260.0421,260.7400,260.0000,260.7400,10588
2025-01-08 14:42:00,260.8000,260.8850,260.1900,260.1900,2894
2025-01-08 14:43:00,260.2650,260.5100,260.0400,260.3500,5504
2025-01-08 14:44:00,260.4850,260.6050,260.4850,260.5850,1624
2025-01-08 14:45:00,260.6200,260.9100,260.6200,260.9100,1527
2025-01-08 14:46:00,260.9600,261.2800,260.7200,260.7501,4246
2025-01-08 14:47:00,261.0000,261.3300,260.7823,260.7823,3432
2025-01-08 14:48:00,260.7500,261.1800,260.7500,261.0000,3136
2025-01-08 14:49:00,261.0100,261.2000,261.0100,261.1600,3181
2025-01-08 14:50:00,261.1600,261.3400,261.0163,261.1700,6095
2025-01-08 14:51:00,261.1488,261.4000,260.9300,261.3950,4303
2025-01-08 14:52:00,261.1800,261.1800,260.6524,260.6524,3920
2025-01-08 14:53:00,260.7600,261.0100,260.4900,261.0100,6431
2025-01-08 14:54:00,261.0100,261.0100,260.6240,260.6240,2911
2025-01-08 14:55:00,260.7300,261.0000,260.5600,261.0000,6193
2025-01-08 14:56:00,260.9642,260.9850,260.5600,260.9850,6609
2025-01-08 14:57:00,261.2000,261.4972,260.9100,261.3950,3660
2025-01-08 14:58:00,261.1900,261.1900,260.7400,261.0600,3375
2025-01-08 14:59:00,260.9900,261.0000,260.5300,260.7900,3393
2025-01-08 15:00:00,260.7950,260.8800,260.5800,260.8800,4140
2025-01-08 15:01:00,260.7500,260.8000,260.4800,260.7700,6908
2025-01-08 15:02:00,260.6200,260.9200,260.4100,260.6000,16221
2025-01-08 15:03:00,260.4300,260.7900,260.3000,260.7300,6490
2025-01-08 15:04:00,260.6600,261.1070,260.6600,260.9150,5125
2025-01-08 15:05:00,260.9350,261.0690,260.6500,260.6500,3598
2025-01-08 15:06:00,260.5750,260.5750,260.0000,260.0000,5661
2025-01-08 15:07:00,260.1377,260.2900,259.7700,260.1354,10638
2025-01-08 15:08:00,260.2150,260.2150,259.8301,259.8301,3341
2025-01-08 15:09:00,259.9000,259.9100,259.5200,259.8500,23716
2025-01-08 15:10:00,259.9200,260.2952,259.9050,259.9100,16066
2025-01-08 15:11:00,259.8400,259.8849,259.5400,259.5600,23840
2025-01-08 15:12:00,259.5200,259.5200,258.9500,258.9500,8343
2025-01-08 15:13:00,258.9300,259.0200,258.5700,258.5700,8057
2025-01-08 15:14:00,258.6200,258.8400,258.6200,258.7450,12056
2025-01-08 15:15:00,258.8200,259.4050,258.6950,259.2600,12855
2025-01-08 15:16:00,259.3595,259.6900,259.1400,259.3870,5979
2025-01-08 15:17:00,259.4000,259.4000,258.9200,259.0700,3601
2025-01-08 15:18:00,259.0700,259.5650,258.9100,259.5650,7887
2025-01-08 15:19:00,259.4890,259.7600,259.4700,259.7600,5049
2025-01-08 15:20:00,259.7600,259.9999,259.5900,259.7200,10959
2025-01-08 15:21:00,259.6100,259.6900,259.4500,259.5950,5523
2025-01-08 15:22:00,259.4500,259.6446,259.1152,259.1600,6179
2025-01-08 15:23:00,259.2600,259.5300,259.2000,259.3050,6953
2025-01-08 15:24:00,259.1700,259.2200,258.8800,259.0800,10695
2025-01-08 15:25:00,259.1400,259.2800,258.7400,258.9400,10017
2025-01-08 15:26:00,258.9400,259.1850,258.9300,259.1850,8086
2025-01-08 15:27:00,259.2000,259.2000,258.7700,259.0100,6897
2025-01-08 15:28:00,259.1600,259.9899,259.1462,259.7900,8418
2025-01-08 15:29:00,259.5000,259.6700,259.3000,259.3000,5167
2025-01-08 15:30:00,259.4400,260.0000,259.4400,259.9500,3613
2025-01-08 15:31:00,259.9000,260.1899,259.9000,260.0150,3842
2025-01-08 15:32:00,259.8600,260.0150,259.6100,259.6100,5754
2025-01-08 15:33:00,259.6100,259.7900,259.3300,259.6500,6766
2025-01-08 15:34:00,259.6450,259.8750,259.6450,259.8200,3993
2025-01-08 15:35:00,259.6700,259.8100,259.2600,259.6486,8684
2025-01-08 15:36:00,259.4800,259.6250,259.2650,259.6250,4500
2025-01-08 15:37:00,259.6250,259.7900,259.3756,259.5800,5706
2025-01-08 15:38:00,259.3500,259.3500,258.9000,259.1000,5901
2025-01-08 15:39:00,259.2200,259.2200,258.5800,258.6948,9102
2025-01-08 15:40:00,258.6350,259.2300,258.5000,259.2100,8427
2025-01-08 15:41:00,259.4300,259.6250,259.1600,259.5600,7714
2025-01-08 15:42:00,259.6081,260.1000,259.5400,260.1000,12449
2025-01-08 15:43:00,260.1100,260.6695,259.9400,260.5700,39940
2025-01-08 15:44:00,260.4900,260.7200,260.4900,260.7000,15323
2025-01-08 15:45:00,260.6800,260.8300,260.5300,260.7700,12281
2025-01-08 15:46:00,260.7300,260.9200,260.3700,260.6600,25810
2025-01-08 15:47:00,260.6450,260.7900,260.2560,260.5407,31971
2025-01-08 15:48:00,260.3200,260.5700,260.1900,260.5700,9079
2025-01-08 15:49:00,260.5700,260.5900,260.3100,260.4000,10950
2025-01-08 15:50:00,260.4000,260.6500,260.0100,260.5050,17721
2025-01-08 15:51:00,260.3335,260.6800,260.3335,260.4500,20310
2025-01-08 15:52:00,260.5000,260.5000,260.0901,260.1380,18404
2025-01-08 15:53:00,260.1400,260.4300,260.0100,260.3200,19785
2025-01-08 15:54:00,260.3300,260.6650,260.1600,260.4000,19933
2025-01-08 15:55:00,260.2100,260.3500,259.6300,260.2000,49833
2025-01-08 15:56:00,260.0973,260.6400,260.0800,260.4200,27698
2025-01-08 15:57:00,260.4200,260.4800,259.9405,259.9700,43875
2025-01-08 15:58:00,259.9700,260.1000,259.7800,260.0400,47672
2025-01-08 15:59:00,260.0300,260.1900,259.9100,260.0100,95841
2025-01-08 16:00:00,260.0100,260.4800,259.6000,260.4800,939111
2025-01-08 16:01:00,260.0100,260.8500,260.0100,260.4800,27967
2025-01-08 16:02:00,260.4800,261.1600,259.8500,259.8700,2450
2025-01-08 16:03:00,260.6800,260.9883,260.1900,260.3200,334
2025-01-08 16:04:00,260.5000,261.1900,260.4800,260.5000,47
2025-01-08 16:05:00,260.4700,260.4700,260.0100,260.3300,136
2025-01-08 16:06:00,260.2000,260.3300,259.9500,259.9500,194
2025-01-08 16:07:00,260.0100,260.2000,259.8100,260.0600,1802
2025-01-08 16:08:00,259.8500,260.2700,259.6119,259.8700,234
2025-01-08 16:09:00,259.9999,260.4000,259.6000,259.7980,443
2025-01-08 16:10:00,259.8001,260.3800,259.8001,260.0000,158
2025-01-08 16:11:00,260.2700,260.3999,260.0400,260.3999,84
2025-01-08 16:12:00,260.0000,260.2000,260.0000,260.0000,19
2025-01-08 16:14:00,260.2500,260.2500,260.2400,260.2400,31
2025-01-08 16:15:00,260.0100,260.3700,260.0000,260.0000,540
2025-01-08 16:16:00,260.0000,260.0000,259.7000,259.9900,284
2025-01-08 16:17:00,259.8100,260.0100,259.8000,259.8000,186
2025-01-08 16:18:00,260.1000,260.1000,259.8000,259.8000,269
2025-01-08 16:19:00,259.8100,260.0300,259.8100,260.0200,824
2025-01-08 16:20:00,260.1600,260.2000,260.0300,260.0300,155
2025-01-08 16:21:00,260.0300,260.9900,260.0200,260.9900,425
2025-01-08 16:22:00,260.2200,260.4000,260.0300,260.3800,173
2025-01-08 16:23:00,260.3800,260.5450,260.3800,260.3800,241
2025-01-08 16:24:00,260.3400,260.3400,260.3400,260.3400,8
2025-01-08 16:25:00,259.6500,260.2500,259.6500,260.2200,76
2025-01-08 16:26:00,260.2500,260.2500,259.6100,260.0000,612
2025-01-08 16:27:00,260.0000,260.0500,259.8000,259.8000,683
2025-01-08 16:28:00,259.8100,259.9700,259.7000,259.7000,141
2025-01-08 16:29:00,259.8000,260.3482,259.6820,259.6900,1568
2025-01-08 16:30:00,259.6900,260.4000,259.6200,260.0100,1787
2025-01-08 16:31:00,259.8700,260.0900,259.6500,259.6900,1776
2025-01-08 16:32:00,259.5600,259.6500,259.5200,259.6400,1159
2025-01-08 16:33:00,259.8000,260.2000,259.5000,260.0000,1713
2025-01-08 16:34:00,259.7500,260.0000,259.5100,259.5200,700
2025-01-08 16:35:00,259.5200,260.0000,259.4200,259.8000,196
2025-01-08 16:36:00,259.4500,259.8000,259.4500,259.8000,400
2025-01-08 16:37:00,259.8000,260.0000,259.4500,260.0000,435
2025-01-08 16:38:00,259.7000,259.9900,259.3500,259.9900,1135
2025-01-08 16:40:00,259.8900,259.8900,259.8900,259.8900,3
2025-01-08 16:41:00,259.8900,259.8900,259.8900,259.8900,52
2025-01-08 16:43:00,259.7200,259.9100,259.5600,259.5600,111
2025-01-08 16:44:00,259.9280,259.9280,259.5300,259.5300,134
2025-01-08 16:45:00,260.0100,260.0100,259.3300,259.3300,7394
2025-01-08 16:46:00,259.3000,259.6500,259.3000,259.3000,664
2025-01-08 16:47:00,259.5000,260.2000,259.3200,259.3200,135
2025-01-08 16:48:00,259.3200,259.6700,259.3200,259.6700,13
2025-01-08 16:49:00,259.7832,259.7832,259.1500,259.6400,340
2025-01-08 16:50:00,259.6900,260.0000,259.6500,260.0000,10
2025-01-08 16:51:00,259.6300,259.6300,259.6000,259.6000,2
2025-01-08 16:53:00,259.5200,260.0000,259.5200,259.6900,596
2025-01-08 16:55:00,259.9100,260.0000,259.7700,259.8800,197
2025-01-08 16:56:00,259.8200,259.9100,259.8200,259.9000,7
2025-01-08 16:57:00,259.7500,260.0000,259.7500,259.8700,651
2025-01-08 16:58:00,259.9999,260.0000,259.9000,260.0000,373
2025-01-08 16:59:00,260.4871,260.4871,260.3950,260.3950,104
2025-01-08 17:01:00,260.3700,260.4100,260.2500,260.2500,325
2025-01-08 17:02:00,260.4200,260.4200,260.0012,260.2500,114
2025-01-08 17:03:00,260.3700,260.7900,260.3500,260.7900,22
2025-01-08 17:04:00,260.7888,260.7888,260.7888,260.7888,1
2025-01-08 17:05:00,260.3900,260.3900,260.3900,260.3900,5
2025-01-08 17:06:00,260.7900,260.7900,260.2000,260.4000,81
2025-01-08 17:07:00,260.4000,260.7900,260.4000,260.7900,138
2025-01-08 17:08:00,260.7900,260.7900,260.7900,260.7900,4
2025-01-08 17:09:00,260.7900,260.7900,260.7300,260.7300,9
2025-01-08 17:10:00,260.2500,260.9900,260.2500,260.9900,637
2025-01-08 17:11:00,260.5000,260.5500,260.5000,260.5500,220
2025-01-08 17:12:00,260.9700,260.9750,260.1100,260.1100,13
2025-01-08 17:13:00,260.4900,260.7900,260.4400,260.7900,105
2025-01-08 17:15:00,260.6000,260.6000,260.3100,260.3100,10
2025-01-08 17:16:00,260.9899,260.9900,260.8000,260.9900,20
2025-01-08 17:17:00,260.1100,260.1100,260.1100,260.1100,2
2025-01-08 17:18:00,260.6700,260.9899,260.2200,260.2200,201
2025-01-08 17:19:00,260.2200,260.9900,260.2200,260.5500,284
2025-01-08 17:20:00,260.7900,260.8000,260.7300,260.7700,408
2025-01-08 17:21:00,260.5100,260.5500,260.5100,260.5500,20
2025-01-08 17:22:00,260.5500,260.9900,260.1540,260.5500,115
2025-01-08 17:23:00,260.6500,260.9800,260.6500,260.9800,210
2025-01-08 17:24:00,260.9700,260.9700,260.9300,260.9700,34
2025-01-08 17:25:00,260.2100,260.9700,260.2100,260.9700,32
2025-01-08 17:26:00,260.7900,260.9900,260.5500,260.9700,1767
2025-01-08 17:27:00,260.4700,260.9900,260.4700,260.9900,74
2025-01-08 17:28:00,260.9900,260.9900,260.9700,260.9700,11
2025-01-08 17:29:00,260.5000,260.5000,260.5000,260.5000,15
2025-01-08 17:30:00,260.9700,260.9700,260.1300,260.9200,28
2025-01-08 17:31:00,260.1300,260.8800,260.1300,260.8800,19
2025-01-08 17:32:00,260.9900,261.0000,260.9000,260.9000,117
2025-01-08 17:33:00,260.8800,260.8800,260.6600,260.8000,34
2025-01-08 17:34:00,260.5000,260.7500,260.5000,260.7500,247
2025-01-08 17:35:00,261.0000,261.2900,260.8800,260.9000,372
2025-01-08 17:36:00,260.9400,260.9700,260.9400,260.9700,115
2025-01-08 17:37:00,260.9700,261.2900,260.5200,261.2900,410
2025-01-08 17:38:00,260.8000,260.8000,260.8000,260.8000,2
2025-01-08 17:39:00,260.9700,261.1500,260.9700,261.0000,40
2025-01-08 17:40:00,261.0000,261.3200,261.0000,261.1400,307
2025-01-08 17:41:00,262.0000,262.0000,262.0000,262.0000,1
2025-01-08 17:42:00,260.5200,261.5800,260.5100,261.5800,139
2025-01-08 17:43:00,261.5800,261.5800,260.9900,261.5788,23
2025-01-08 17:44:00,261.0300,261.0300,261.0300,261.0300,1
2025-01-08 17:45:00,261.0300,261.5800,261.0300,261.5800,80
2025-01-08 17:46:00,261.5500,261.5500,261.5000,261.5000,2
2025-01-08 17:47:00,261.5800,261.5800,261.5700,261.5700,2
2025-01-08 17:48:00,261.5700,261.5800,261.5600,261.5600,61
2025-01-08 17:49:00,261.5700,261.5700,261.1650,261.3000,65
2025-01-08 17:50:00,261.3299,261.3299,261.3299,261.3299,6
2025-01-08 17:51:00,261.3200,261.3300,261.3000,261.3300,74
2025-01-08 17:52:00,261.3200,261.3200,261.2900,261.2900,359
2025-01-08 17:53:00,261.3000,261.3000,261.0100,261.2200,303
2025-01-08 17:54:00,261.2200,261.2300,261.0000,261.2199,1120
2025-01-08 17:55:00,261.2200,261.3400,261.2199,261.3400,431
2025-01-08 17:56:00,261.3300,261.3800,261.0000,261.0000,120
2025-01-08 17:57:00,261.3800,261.3800,261.0000,261.3300,78
2025-01-08 17:58:00,261.0000,261.5000,261.0000,261.5000,101
2025-01-08 17:59:00,261.5600,261.6100,261.3400,261.5700,231
2025-01-08 18:00:00,261.8100,261.8100,261.0100,261.0100,130
2025-01-08 18:01:00,261.0500,261.1900,260.9800,261.1900,1838
2025-01-08 18:02:00,261.1900,261.9999,260.7700,261.9999,193
2025-01-08 18:03:00,261.4800,261.8100,261.4800,261.8100,190
2025-01-08 18:05:00,261.5000,261.7000,261.5000,261.7000,2
2025-01-08 18:06:00,261.6800,261.6800,261.5000,261.5000,5
2025-01-08 18:07:00,261.6800,261.6800,261.6700,261.6700,15
2025-01-08 18:08:00,261.6000,261.6800,261.6000,261.6800,21
2025-01-08 18:10:00,261.0400,261.0400,261.0400,261.0400,2
2025-01-08 18:11:00,261.4500,261.5000,260.5000,260.5000,230
2025-01-08 18:12:00,261.0800,261.6000,260.5500,261.6000,529
2025-01-08 18:13:00,261.6000,261.9000,261.6000,261.9000,83
2025-01-08 18:14:00,261.2000,261.4700,261.2000,261.4700,30
2025-01-08 18:16:00,261.4700,261.4700,261.2000,261.4000,111
2025-01-08 18:17:00,261.9000,261.9000,261.4000,261.4000,101
2025-01-08 18:19:00,261.3600,261.3600,261.3600,261.3600,10
2025-01-08 18:20:00,261.4000,261.4000,261.0000,261.4000,19
2025-01-08 18:21:00,261.3200,261.4000,261.0000,261.4000,152
2025-01-08 18:22:00,261.1001,261.1001,261.0900,261.0900,106
2025-01-08 18:23:00,261.0000,261.0000,261.0000,261.0000,43
2025-01-08 18:24:00,261.0000,261.0000,260.8500,260.8500,34
2025-01-08 18:25:00,260.8500,260.9500,260.8500,260.9000,101
2025-01-08 18:26:00,260.8000,260.9200,260.8000,260.9001,68
2025-01-08 18:27:00,261.8000,261.8000,261.8000,261.8000,1
2025-01-08 18:28:00,261.4000,261.4000,261.4000,261.4000,100
2025-01-08 18:29:00,261.7000,261.7000,261.7000,261.7000,50
2025-01-08 18:31:00,261.0100,261.0100,261.0100,261.0100,340
2025-01-08 18:32:00,261.0800,261.0800,261.0800,261.0800,4
2025-01-08 18:33:00,261.0900,261.0900,260.9200,260.9200,200
2025-01-08 18:34:00,261.0000,261.0000,260.9900,260.9900,3
2025-01-08 18:35:00,260.9000,260.9000,260.7200,260.7200,102
2025-01-08 18:36:00,261.0000,261.0000,261.0000,261.0000,9
2025-01-08 18:39:00,261.0000,261.5000,260.5000,261.5000,149
2025-01-08 18:40:00,261.5000,261.5000,260.5000,260.5000,165
2025-01-08 18:41:00,261.2700,261.2700,261.2700,261.2700,37
2025-01-08 18:42:00,261.3000,261.3000,261.3000,261.3000,2
2025-01-08 18:43:00,261.0000,261.0300,261.0000,261.0300,40
2025-01-08 18:45:00,260.9100,261.1000,260.9100,260.9700,329
2025-01-08 18:46:00,260.5000,261.0000,260.5000,261.0000,965
2025-01-08 18:47:00,261.0000,261.2400,261.0000,261.2400,27
2025-01-08 18:48:00,261.0000,261.1700,260.9700,261.1700,12
2025-01-08 18:50:00,260.6900,260.6900,260.6900,260.6900,1
2025-01-08 18:51:00,260.9699,260.9700,260.9600,260.9600,25
2025-01-08 18:52:00,260.6167,260.9600,260.5960,260.9400,93
2025-01-08 18:53:00,260.7800,260.7800,260.7800,260.7800,7
2025-01-08 18:55:00,260.8600,260.8600,260.8500,260.8500,135
2025-01-08 18:57:00,260.8700,260.8700,260.8700,260.8700,1
2025-01-08 18:58:00,260.8600,260.8600,260.8600,260.8600,53
2025-01-08 18:59:00,260.8499,260.8500,260.6750,260.8500,8
2025-01-08 19:01:00,260.8400,260.8400,260.7000,260.7000,60
2025-01-08 19:02:00,260.7300,260.8400,260.5500,260.5500,356
2025-01-08 19:03:00,260.5500,260.5500,260.5500,260.5500,66
2025-01-08 19:04:00,260.6000,260.6000,260.5500,260.5500,111
2025-01-08 19:05:00,260.7000,260.7000,260.7000,260.7000,20
2025-01-08 19:06:00,260.6700,260.8388,260.6700,260.8388,216
2025-01-08 19:07:00,260.8400,260.8400,260.8400,260.8400,5
2025-01-08 19:09:00,260.7500,260.7500,260.5500,260.5500,1000
2025-01-08 19:10:00,260.8300,260.8399,260.8100,260.8300,228
2025-01-08 19:11:00,260.8300,260.8400,260.8000,260.8000,71
2025-01-08 19:12:00,260.7000,260.7900,260.7000,260.7900,4
2025-01-08 19:13:00,260.6500,260.6500,260.5600,260.5600,18
2025-01-08 19:14:00,260.7999,260.7999,260.7900,260.7900,11
2025-01-08 19:16:00,260.5501,260.7500,260.5501,260.7500,26
2025-01-08 19:17:00,260.5500,260.8000,260.5500,260.5600,106
2025-01-08 19:18:00,260.7900,260.8000,260.7900,260.8000,100
2025-01-08 19:19:00,260.5700,260.5700,260.5700,260.5700,9
2025-01-08 19:20:00,260.5600,260.5600,260.5600,260.5600,8
2025-01-08 19:22:00,260.5600,260.6000,260.5600,260.6000,28
2025-01-08 19:23:00,260.7900,260.8000,260.6000,260.8000,49
2025-01-08 19:24:00,260.6750,260.6750,260.6750,260.6750,100
2025-01-08 19:25:00,260.8000,260.8000,260.7200,260.7200,12
2025-01-08 19:26:00,260.6000,260.6000,260.6000,260.6000,6
2025-01-08 19:27:00,260.6000,260.7100,260.5800,260.7100,104
2025-01-08 19:28:00,260.5800,260.6700,260.5600,260.5600,129
2025-01-08 19:29:00,260.5600,260.6000,260.5600,260.6000,35
2025-01-08 19:30:00,260.6000,260.6000,260.6000,260.6000,6
2025-01-08 19:31:00,260.5600,260.5600,260.5500,260.5500,100
2025-01-08 19:32:00,260.5001,260.5600,260.5001,260.5600,12
2025-01-08 19:33:00,260.8000,260.8000,260.5500,260.6600,81
2025-01-08 19:34:00,260.6600,260.8000,260.5100,260.5500,446
2025-01-08 19:35:00,260.6000,260.6000,260.5500,260.5500,25
2025-01-08 19:36:00,260.6000,260.6000,260.5500,260.5500,120
2025-01-08 19:37:00,260.5100,260.5500,260.5000,260.5500,36
2025-01-08 19:38:00,260.5000,260.5100,260.4700,260.4700,898
2025-01-08 19:39:00,260.5000,260.5500,260.5000,260.5500,136
2025-01-08 19:40:00,260.5000,260.5000,260.2520,260.2520,69
2025-01-08 19:41:00,260.5000,260.7500,260.5000,260.5100,100
2025-01-08 19:42:00,260.5500,260.5500,260.5000,260.5500,22
2025-01-08 19:43:00,260.7400,260.7400,260.7400,260.7400,3
2025-01-08 19:44:00,260.7499,260.7499,260.7499,260.7499,1
2025-01-08 19:45:00,260.5000,260.7300,260.5000,260.7300,32
2025-01-08 19:46:00,260.5600,260.5600,260.5600,260.5600,1
2025-01-08 19:47:00,260.7300,261.0000,260.7300,261.0000,2746
2025-01-08 19:48:00,260.9600,260.9600,260.8700,260.8700,29
2025-01-08 19:49:00,260.8700,260.8700,260.8700,260.8700,20
2025-01-08 19:50:00,261.1500,261.4500,260.8700,261.4500,26
2025-01-08 19:52:00,261.0000,261.9500,261.0000,261.9500,15
2025-01-08 19:53:00,260.9900,261.4500,260.5000,260.5001,54
2025-01-08 19:54:00,261.4500,261.4500,261.0000,261.0000,7
2025-01-08 19:55:00,261.0000,261.4500,261.0000,261.4500,25
2025-01-08 19:56:00,261.9500,261.9500,260.9900,261.0000,168
2025-01-08 19:57:00,261.3800,261.4800,261.0000,261.3500,294
2025-01-08 19:58:00,261.3600,261.3600,260.5100,260.5100,701
2025-01-08 19:59:00,260.5001,261.9500,260.5000,261.4500,506
2025-01-10 04:00:00,261.3000,261.8100,258.2100,261.5000,4330
2025-01-10 04:01:00,261.2500,261.4500,260.8600,260.8600,398
2025-01-10 04:02:00,260.9600,261.4400,260.9600,261.0000,398
2025-01-10 04:03:00,261.0500,261.8900,260.6800,261.7300,1045
2025-01-10 04:04:00,261.5200,261.6400,261.2000,261.4500,357
2025-01-10 04:05:00,261.5400,261.6500,261.3500,261.5700,352
2025-01-10 04:06:00,261.5100,261.8400,261.4800,261.6900,477
2025-01-10 04:07:00,261.6900,261.8500,261.6900,261.8000,148
2025-01-10 04:08:00,261.7800,261.7800,261.0500,261.1800,2530
2025-01-10 04:09:00,261.1700,261.3600,261.0400,261.2000,1175
2025-01-10 04:10:00,261.2000,261.2500,260.8000,260.8000,521
2025-01-10 04:11:00,260.7400,261.4300,260.7400,261.3600,932
2025-01-10 04:12:00,261.3900,261.3900,261.0000,261.2700,170
2025-01-10 04:13:00,261.1000,261.4800,261.1000,261.2800,330
2025-01-10 04:14:00,261.3900,261.6000,261.2500,261.3900,192
2025-01-10 04:15:00,261.3400,261.6400,261.3300,261.6400,257
2025-01-10 04:16:00,261.5600,261.6400,261.3300,261.6300,37
2025-01-10 04:17:00,261.6400,261.8000,261.4600,261.8000,216
2025-01-10 04:18:00,261.6600,261.6600,261.4800,261.5700,304
2025-01-10 04:19:00,261.5000,261.5500,261.4100,261.5300,179
2025-01-10 04:20:00,261.4800,261.4800,261.4000,261.4100,57
2025-01-10 04:21:00,261.4400,261.5600,261.4400,261.5300,451
2025-01-10 04:23:00,261.5600,261.7300,261.5400,261.7300,255
2025-01-10 04:24:00,261.6600,261.9000,261.6600,261.7700,41
2025-01-10 04:25:00,261.7300,261.8500,261.7300,261.8500,48
2025-01-10 04:26:00,261.8400,262.0000,261.8100,261.9800,874
2025-01-10 04:27:00,262.0300,262.2100,261.8300,261.8300,161
2025-01-10 04:28:00,261.7800,262.0200,261.7800,261.7800,10
2025-01-10 04:29:00,262.0000,262.0000,261.9000,261.9000,15
2025-01-10 04:30:00,262.1100,262.3700,262.1100,262.2700,570
2025-01-10 04:31:00,262.3500,262.8900,262.3500,262.8900,218
2025-01-10 04:32:00,262.8900,263.4200,262.8900,263.2100,1414
2025-01-10 04:33:00,263.2200,263.2200,263.0000,263.0000,100
2025-01-10 04:34:00,263.1200,263.4100,263.1200,263.4100,540
2025-01-10 04:35:00,263.2800,263.6200,263.2300,263.5900,500
2025-01-10 04:36:00,263.5400,263.5700,263.1700,263.3500,133
2025-01-10 04:37:00,263.1700,263.3400,263.1700,263.2100,112
2025-01-10 04:38:00,263.2400,263.3500,263.1100,263.3100,520
2025-01-10 04:39:00,263.3400,263.3400,263.1000,263.2200,396
2025-01-10 04:40:00,263.1900,263.2700,262.7100,262.7100,1024
2025-01-10 04:41:00,262.7900,263.1500,262.7900,262.9300,127
2025-01-10 04:42:00,263.1500,263.1900,262.7300,263.1800,132
2025-01-10 04:43:00,263.1400,263.1400,262.6500,262.6500,7
2025-01-10 04:44:00,262.6500,263.1300,262.5000,262.6000,546
2025-01-10 04:45:00,262.5300,263.0100,262.1500,263.0100,446
2025-01-10 04:46:00,262.8700,262.8700,262.8700,262.8700,574
2025-01-10 04:47:00,262.6200,262.6200,262.6200,262.6200,3
2025-01-10 04:48:00,262.6000,262.6700,262.4100,262.4100,821
2025-01-10 04:49:00,262.3500,262.6700,262.3500,262.6700,77
2025-01-10 04:50:00,262.2500,262.6500,262.2100,262.4200,413
2025-01-10 04:51:00,262.6700,262.6700,262.1300,262.5200,662
2025-01-10 04:52:00,262.2200,262.2500,262.1400,262.1400,266
2025-01-10 04:53:00,262.1400,262.1400,262.1400,262.1400,11
2025-01-10 04:54:00,262.3700,262.5300,262.2900,262.5300,60
2025-01-10 04:55:00,262.4000,262.4900,262.4000,262.4900,67
2025-01-10 04:56:00,262.4700,262.4700,262.1600,262.3500,44
2025-01-10 04:57:00,262.2800,262.2800,262.2800,262.2800,23
2025-01-10 05:00:00,262.4500,262.4800,262.3900,262.3900,159
2025-01-10 05:01:00,262.3900,262.3900,262.3800,262.3800,2
2025-01-10 05:02:00,262.4000,262.4700,262.4000,262.4000,70
2025-01-10 05:03:00,262.4900,262.6300,262.4900,262.5000,319
2025-01-10 05:04:00,262.5000,262.5300,262.4100,262.5300,52
2025-01-10 05:05:00,262.5300,262.6500,262.4000,262.6500,128
2025-01-10 05:06:00,262.3500,262.5100,262.2200,262.2800,51
2025-01-10 05:07:00,262.5100,262.5100,262.2400,262.2900,44
2025-01-10 05:08:00,262.4000,262.4000,262.1800,262.1800,20
2025-01-10 05:09:00,262.2100,262.2100,262.2100,262.2100,10
2025-01-10 05:10:00,262.4700,262.4700,262.4700,262.4700,5
2025-01-10 05:11:00,262.4600,262.4900,262.2800,262.4900,290
2025-01-10 05:12:00,262.6100,262.6100,262.6100,262.6100,3
2025-01-10 05:13:00,262.5900,262.5900,262.2700,262.5900,101
2025-01-10 05:14:00,262.5900,262.5900,262.5900,262.5900,20
2025-01-10 05:15:00,262.5800,262.7100,262.4600,262.4600,118
2025-01-10 05:16:00,262.4600,262.4600,262.1800,262.1800,2
2025-01-10 05:17:00,262.4600,262.4600,262.4600,262.4600,11
2025-01-10 05:18:00,262.4600,262.4600,262.4200,262.4400,12
2025-01-10 05:19:00,262.3700,262.4100,262.3700,262.4100,118
2025-01-10 05:20:00,262.3700,262.3700,262.2100,262.2100,51
2025-01-10 05:21:00,262.3700,262.4000,262.2100,262.3200,93
2025-01-10 05:22:00,262.3200,262.3400,262.2000,262.3400,68
2025-01-10 05:23:00,262.3400,262.3400,261.9100,261.9600,740
2025-01-10 05:24:00,262.0800,262.0800,262.0600,262.0800,113
2025-01-10 05:25:00,262.0800,262.2300,262.0400,262.0400,300
2025-01-10 05:26:00,262.0100,262.2200,262.0100,262.0400,49
2025-01-10 05:27:00,261.9000,261.9000,261.9000,261.9000,10
2025-01-10 05:28:00,262.0300,262.1700,262.0200,262.1700,77
2025-01-10 05:29:00,262.1700,262.1700,262.1700,262.1700,46
2025-01-10 05:30:00,262.2300,262.2400,261.9800,262.1400,177
2025-01-10 05:32:00,262.1400,262.1400,262.0400,262.1400,37
2025-01-10 05:33:00,262.1400,262.2500,262.0300,262.0300,35
2025-01-10 05:34:00,262.0100,262.0700,261.8400,261.8400,7
2025-01-10 05:35:00,262.2000,262.2000,262.2000,262.2000,16
2025-01-10 05:36:00,262.0900,262.0900,262.0900,262.0900,10
2025-01-10 05:37:00,262.1400,262.3100,262.0600,262.0600,211
2025-01-10 05:39:00,262.3100,262.3100,262.2700,262.2700,2
2025-01-10 05:40:00,262.4000,262.4000,262.0200,262.0200,34
2025-01-10 05:41:00,262.0200,262.0200,262.0200,262.0200,245
2025-01-10 05:42:00,262.3000,262.3800,262.3000,262.3700,101
2025-01-10 05:43:00,262.4500,262.4800,262.1600,262.1800,440
2025-01-10 05:44:00,262.2500,262.2500,262.2100,262.2100,53
2025-01-10 05:45:00,262.6700,262.6700,262.6700,262.6700,8
2025-01-10 05:47:00,262.6400,262.6400,262.4800,262.4800,107
2025-01-10 05:48:00,262.5000,262.5000,262.5000,262.5000,5
2025-01-10 05:49:00,262.7200,262.7200,262.5400,262.5400,8
2025-01-10 05:50:00,262.6400,262.7200,262.6400,262.7200,51
2025-01-10 05:52:00,262.7200,262.7700,262.7200,262.7700,13
2025-01-10 05:54:00,262.4900,262.4900,262.1600,262.3500,200
2025-01-10 05:56:00,262.6100,262.9500,262.4600,262.4600,704
2025-01-10 05:57:00,262.9100,262.9400,262.9100,262.9400,190
2025-01-10 05:58:00,262.9600,263.1000,262.9600,263.1000,189
2025-01-10 05:59:00,263.0200,263.2400,263.0200,263.2300,417
2025-01-10 06:00:00,263.2000,263.2700,263.1700,263.2000,220
2025-01-10 06:01:00,263.2100,263.2100,263.1500,263.2100,318
2025-01-10 06:02:00,263.1500,263.2600,263.1500,263.2600,120
2025-01-10 06:03:00,263.0300,263.1300,263.0000,263.1300,197
2025-01-10 06:04:00,263.0700,263.2900,263.0700,263.2900,11
2025-01-10 06:05:00,263.1900,263.3000,263.1900,263.3000,6
2025-01-10 06:07:00,263.3000,263.3000,263.0900,263.3000,36
2025-01-10 06:08:00,263.2900,263.3000,263.2900,263.2900,255
2025-01-10 06:09:00,263.2900,263.2900,263.2500,263.2500,132
2025-01-10 06:10:00,263.3000,263.3600,263.3000,263.3100,254
2025-01-10 06:11:00,263.2200,263.3500,263.2000,263.2600,253
2025-01-10 06:12:00,263.2000,263.2200,263.0700,263.2200,293
2025-01-10 06:13:00,263.1500,263.3000,263.1500,263.3000,11
2025-01-10 06:14:00,263.3100,263.3100,263.0600,263.0600,3
2025-01-10 06:15:00,263.0700,263.2100,263.0700,263.2100,53
2025-01-10 06:16:00,263.3200,263.3200,263.0600,263.0600,108
2025-01-10 06:17:00,263.2800,263.2800,263.0600,263.0600,6
2025-01-10 06:18:00,263.2300,263.2300,263.2000,263.2100,56
2025-01-10 06:19:00,263.2000,263.2000,263.2000,263.2000,20
2025-01-10 06:20:00,263.2100,263.2100,262.7000,262.7000,423
2025-01-10 06:21:00,262.8600,262.8600,262.7100,262.8100,56
2025-01-10 06:23:00,262.7400,262.7400,262.5900,262.6300,178
2025-01-10 06:24:00,262.5600,262.8400,262.5600,262.8400,12
2025-01-10 06:26:00,262.5900,262.7000,262.1000,262.5600,117
2025-01-10 06:27:00,262.6400,262.7400,262.1000,262.3300,886
2025-01-10 06:28:00,262.3900,262.3900,262.3600,262.3600,24
2025-01-10 06:29:00,262.0600,262.3400,262.0600,262.3400,3
2025-01-10 06:30:00,262.0500,262.0500,262.0500,262.0500,1
2025-01-10 06:31:00,262.0500,262.0600,261.7800,261.9000,682
2025-01-10 06:32:00,261.9900,261.9900,261.9400,261.9400,11
2025-01-10 06:33:00,262.0300,262.0300,261.7300,261.8300,43
2025-01-10 06:34:00,261.7000,261.7000,261.3100,261.3100,352
2025-01-10 06:35:00,261.4700,261.6900,261.4700,261.6900,133
2025-01-10 06:36:00,261.3000,261.6200,261.3000,261.6200,78
2025-01-10 06:37:00,261.6500,261.6600,261.4100,261.6600,119
2025-01-10 06:38:00,261.4000,261.5000,261.2000,261.5000,1698
2025-01-10 06:39:00,261.2300,261.2300,261.2300,261.2300,1
2025-01-10 06:40:00,261.5400,261.6300,261.2500,261.6300,177
2025-01-10 06:41:00,261.6700,261.6700,261.4500,261.6000,18
2025-01-10 06:42:00,261.6600,262.0700,261.6000,261.8000,1287
2025-01-10 06:43:00,261.9500,261.9600,261.7900,261.9200,174
2025-01-10 06:44:00,261.9700,262.0200,261.7100,261.7100,100
2025-01-10 06:45:00,261.9600,261.9600,261.9600,261.9600,10
2025-01-10 06:47:00,261.9800,262.1100,261.9800,262.1000,186
2025-01-10 06:48:00,262.2600,262.2600,262.2600,262.2600,40
2025-01-10 06:49:00,262.0300,262.3500,262.0300,262.3500,107
2025-01-10 06:50:00,262.1600,262.1600,261.9600,261.9600,20
2025-01-10 06:52:00,262.0400,262.0400,261.9100,261.9700,540
2025-01-10 06:53:00,261.7100,261.8500,261.7100,261.8500,37
2025-01-10 06:54:00,261.7500,261.7500,261.6600,261.6600,102
2025-01-10 06:55:00,261.7300,261.7300,261.7300,261.7300,50
2025-01-10 06:56:00,261.9100,261.9600,261.6700,261.9600,35
2025-01-10 06:57:00,262.0000,262.0000,262.0000,262.0000,13
2025-01-10 06:58:00,262.0000,262.0200,261.8400,262.0200,216
2025-01-10 06:59:00,262.0300,262.2300,262.0300,262.2300,60
2025-01-10 07:00:00,261.9000,262.2400,261.7300,261.7500,895
2025-01-10 07:01:00,261.7900,261.8000,260.7300,261.3700,2816
2025-01-10 07:02:00,261.3900,261.4900,260.8800,261.0500,474
2025-01-10 07:03:00,261.0700,261.3300,261.0600,261.3300,77
2025-01-10 07:04:00,261.2900,261.2900,261.0700,261.1100,347
2025-01-10 07:05:00,261.0500,261.0500,260.5500,260.6400,732
2025-01-10 07:06:00,260.7900,260.8200,260.6600,260.6600,258
2025-01-10 07:07:00,260.6200,260.6200,260.3600,260.5200,765
2025-01-10 07:08:00,260.3000,260.3500,259.4000,259.4000,2509
2025-01-10 07:09:00,259.5400,259.8600,259.2800,259.7800,298
2025-01-10 07:10:00,259.7400,259.7400,259.1500,259.3100,233
2025-01-10 07:11:00,259.5800,259.6500,259.4600,259.6100,484
2025-01-10 07:12:00,259.5000,259.5000,258.6300,258.9800,1264
2025-01-10 07:13:00,259.0000,259.8000,259.0000,259.8000,965
2025-01-10 07:14:00,259.3300,259.6500,259.1600,259.3400,152
2025-01-10 07:15:00,259.6400,260.3500,259.6400,260.3300,887
2025-01-10 07:16:00,260.3500,260.4100,259.9500,259.9500,111
2025-01-10 07:17:00,259.9900,260.0000,259.9900,260.0000,19
2025-01-10 07:18:00,260.0000,260.4400,260.0000,260.4400,737
2025-01-10 07:19:00,260.2700,260.2700,260.0000,260.0000,1006
2025-01-10 07:20:00,260.1600,260.1600,260.0200,260.0200,175
2025-01-10 07:21:00,260.1600,260.4100,260.1600,260.4100,180
2025-01-10 07:22:00,260.1200,260.1300,259.3600,259.6700,734
2025-01-10 07:23:00,259.6700,259.6700,259.6600,259.6600,554
2025-01-10 07:24:00,259.5500,260.0400,259.5500,259.9900,324
2025-01-10 07:25:00,260.0000,260.1200,260.0000,260.1200,13
2025-01-10 07:26:00,260.1100,260.4600,260.0000,260.4600,203
2025-01-10 07:27:00,260.0600,260.5900,260.0600,260.5300,74
2025-01-10 07:28:00,260.1500,260.2000,259.8300,260.0000,995
2025-01-10 07:29:00,259.7500,259.8300,259.7500,259.8300,6
2025-01-10 07:30:00,259.9000,259.9000,259.9000,259.9000,32
2025-01-10 07:31:00,259.9400,259.9400,259.9000,259.9000,47
2025-01-10 07:32:00,259.9000,260.0000,259.8700,260.0000,98
2025-01-10 07:33:00,260.0000,260.1700,260.0000,260.1700,202
2025-01-10 07:34:00,260.0000,260.0000,260.0000,260.0000,35
2025-01-10 07:35:00,260.1500,260.1500,259.8600,259.8600,195
2025-01-10 07:36:00,260.0000,260.2000,259.9000,260.0400,116
2025-01-10 07:37:00,260.0900,260.0900,260.0900,260.0900,44
2025-01-10 07:38:00,260.0300,260.2000,260.0100,260.0400,113
2025-01-10 07:39:00,260.1000,260.4700,260.0000,260.4200,849
2025-01-10 07:40:00,260.4000,260.7100,260.4000,260.7100,418
2025-01-10 07:41:00,260.6700,260.6700,260.5500,260.5500,749
2025-01-10 07:43:00,260.6200,260.6200,260.3500,260.6000,436
2025-01-10 07:44:00,260.5000,260.7000,260.5000,260.5000,83
2025-01-10 07:45:00,260.4600,260.5000,259.9000,259.9400,2013
2025-01-10 07:46:00,260.2500,260.4000,260.2500,260.4000,1000
2025-01-10 07:47:00,260.5000,260.5000,260.5000,260.5000,1
2025-01-10 07:48:00,260.4100,260.5000,260.3100,260.5000,430
2025-01-10 07:49:00,260.5200,260.6400,260.4600,260.6400,86
2025-01-10 07:50:00,260.6400,260.6400,260.6400,260.6400,1
2025-01-10 07:51:00,260.7500,260.8300,260.3600,260.3600,27
2025-01-10 07:52:00,260.5200,260.5200,260.5200,260.5200,2
2025-01-10 07:53:00,260.4200,260.5400,260.3100,260.3100,27
2025-01-10 07:55:00,260.7600,260.9400,260.7600,260.9400,100
2025-01-10 07:56:00,260.9300,260.9600,260.9300,260.9600,40
2025-01-10 07:57:00,260.9000,260.9800,260.5600,260.9400,591
2025-01-10 07:58:00,260.9900,260.9900,260.7700,260.7700,175
2025-01-10 07:59:00,260.8800,260.8800,260.8800,260.8800,1
2025-01-10 08:00:00,261.3000,263.5000,258.3000,262.7100,25192
2025-01-10 08:01:00,262.3900,262.4166,259.2400,260.6600,1200
2025-01-10 08:02:00,260.8600,261.0000,259.3800,260.9000,7279
2025-01-10 08:03:00,260.9500,261.0700,260.8600,260.9400,1088
2025-01-10 08:04:00,261.0000,261.2505,260.8900,261.0300,969
2025-01-10 08:05:00,261.1600,261.2700,261.0001,261.1500,764
2025-01-10 08:06:00,261.1600,261.5000,261.0000,261.5000,935
2025-01-10 08:07:00,261.6000,261.8799,261.3700,261.3700,253
2025-01-10 08:08:00,261.6000,261.6000,261.0000,261.0000,404
2025-01-10 08:09:00,261.1900,261.3100,261.0000,261.3100,12
2025-01-10 08:10:00,261.1950,261.3100,260.6100,260.7800,2296
2025-01-10 08:11:00,260.8300,260.9200,260.6500,260.8300,206
2025-01-10 08:12:00,260.8400,261.1000,260.6600,260.6600,140
2025-01-10 08:13:00,260.8500,261.0600,260.6600,260.7300,677
2025-01-10 08:14:00,260.9400,260.9800,260.7800,260.9600,58
2025-01-10 08:15:00,260.9600,260.9925,260.7000,260.7000,1011
2025-01-10 08:16:00,260.7100,260.9900,260.4000,260.9900,2377
2025-01-10 08:17:00,260.3900,260.5600,260.3700,260.3700,208
2025-01-10 08:18:00,260.4100,260.9400,260.4100,260.8800,977
2025-01-10 08:19:00,260.6500,260.9737,260.4300,260.4300,335
2025-01-10 08:20:00,260.9394,261.0000,260.8800,260.8800,111
2025-01-10 08:21:00,260.7500,260.7800,260.2300,260.5000,296
2025-01-10 08:22:00,260.5000,260.8200,260.1395,260.7000,258
2025-01-10 08:23:00,260.8000,260.9000,260.2600,260.5800,191
2025-01-10 08:24:00,260.7700,261.2000,260.5001,261.1000,1357
2025-01-10 08:25:00,261.1000,261.4400,261.0000,261.2100,189
2025-01-10 08:26:00,261.2100,261.4878,260.9172,261.4878,360
2025-01-10 08:27:00,261.0700,261.4900,261.0500,261.0800,708
2025-01-10 08:28:00,260.9512,261.3495,260.9512,261.0100,1089
2025-01-10 08:29:00,261.0700,261.4800,261.0000,261.2500,268
2025-01-10 08:30:00,261.0000,261.0100,253.0000,253.0101,19419
2025-01-10 08:31:00,253.0100,256.3400,253.0100,255.0000,5415
2025-01-10 08:32:00,255.0200,257.0700,254.1600,255.6000,1721
2025-01-10 08:33:00,255.0000,256.0000,253.1800,253.1800,9353
2025-01-10 08:34:00,254.0000,254.3800,251.6000,252.5750,17094
2025-01-10 08:35:00,253.1800,254.5000,252.0000,254.4900,9449
2025-01-10 08:36:00,254.4500,254.9899,253.2000,254.4000,8202
2025-01-10 08:37:00,254.4000,254.4000,253.0000,253.2500,6522
2025-01-10 08:38:00,253.4600,254.4000,252.6800,254.1900,4894
2025-01-10 08:39:00,254.3500,254.9900,253.6400,254.3700,8151
2025-01-10 08:40:00,254.9263,254.9263,253.0000,254.3700,9960
2025-01-10 08:41:00,254.7500,254.9000,253.7900,254.8000,2850
2025-01-10 08:42:00,254.7000,254.8000,253.9900,254.4700,4885
2025-01-10 08:43:00,254.5988,255.3400,254.2100,254.7000,3860
2025-01-10 08:44:00,254.7000,255.5000,254.7000,255.2600,1977
2025-01-10 08:45:00,255.1000,256.0000,254.9100,256.0000,2165
2025-01-10 08:46:00,255.8800,256.5000,255.7500,256.2700,6256
2025-01-10 08:47:00,256.2600,256.4900,254.9000,254.9700,2537
2025-01-10 08:48:00,254.9900,255.0400,254.2000,254.2100,5167
2025-01-10 08:49:00,254.6900,254.7078,253.2300,254.1800,2925
2025-01-10 08:50:00,253.5700,254.1560,253.2200,253.9800,1937
2025-01-10 08:51:00,253.6900,253.7000,252.7000,252.7000,1922
2025-01-10 08:52:00,252.6600,253.3600,252.2600,253.2500,4446
2025-01-10 08:53:00,253.2100,254.7500,253.1100,254.6000,2507
