Datetime,Open,High,Low,Close,Volume
2025-01-02 04:00:00,132.9500,135.9500,132.9500,134.8000,228375
2025-01-02 04:01:00,134.7700,135.1000,134.7500,134.9900,30918
2025-01-02 04:02:00,135.0000,135.3800,134.9300,135.2400,32664
2025-01-02 04:03:00,135.2000,135.3500,134.8700,135.1900,40304
2025-01-02 04:04:00,135.1300,135.2900,135.0600,135.1900,9569
2025-01-02 04:05:00,135.1800,135.3500,135.0400,135.3300,17951
2025-01-02 04:06:00,135.3500,135.5800,135.3100,135.4300,35530
2025-01-02 04:07:00,135.4200,135.4200,135.2500,135.4100,10983
2025-01-02 04:08:00,135.4100,135.5200,135.3800,135.4800,14909
2025-01-02 04:09:00,135.4900,135.5000,135.4200,135.4200,11084
2025-01-02 04:10:00,135.4300,135.5000,135.3800,135.4900,10603
2025-01-02 04:11:00,135.4800,135.5100,135.4200,135.4800,12190
2025-01-02 04:12:00,135.5000,135.7500,135.4900,135.6900,22136
2025-01-02 04:13:00,135.6700,135.8100,135.5800,135.7000,18553
2025-01-02 04:14:00,135.7000,135.7600,135.6400,135.7400,9380
2025-01-02 04:15:00,135.7400,135.7500,135.6000,135.6700,12840
2025-01-02 04:16:00,135.7000,135.7500,135.6600,135.7300,2522
2025-01-02 04:17:00,135.7300,135.9400,135.7300,135.8900,23090
2025-01-02 04:18:00,135.8900,135.8900,135.6300,135.6600,13924
2025-01-02 04:19:00,135.6700,135.6700,135.4200,135.5400,18221
2025-01-02 04:20:00,135.5700,135.6700,135.5400,135.5800,8742
2025-01-02 04:21:00,135.5600,135.5800,135.4200,135.4300,4775
2025-01-02 04:22:00,135.4300,135.4700,135.3400,135.4500,12754
2025-01-02 04:23:00,135.4600,135.5300,135.4500,135.5200,8739
2025-01-02 04:24:00,135.5200,135.5400,135.4500,135.4900,5226
2025-01-02 04:25:00,135.4900,135.5000,135.4000,135.4100,2827
2025-01-02 04:26:00,135.4100,135.4700,135.3800,135.4300,8139
2025-01-02 04:27:00,135.4400,135.4700,135.3600,135.4400,11708
2025-01-02 04:28:00,135.4500,135.5600,135.4500,135.5100,8917
2025-01-02 04:29:00,135.5100,135.7000,135.5000,135.6900,9141
2025-01-02 04:30:00,135.6700,135.6900,135.5800,135.6200,3839
2025-01-02 04:31:00,135.6200,135.6200,135.5500,135.5500,2628
2025-01-02 04:32:00,135.5700,135.7200,135.5700,135.6200,4332
2025-01-02 04:33:00,135.6300,135.6400,135.5500,135.5900,3239
2025-01-02 04:34:00,135.5900,135.6100,135.5400,135.6100,2812
2025-01-02 04:35:00,135.6300,135.7200,135.6300,135.6900,4481
2025-01-02 04:36:00,135.6800,135.6800,135.5500,135.5900,2321
2025-01-02 04:37:00,135.5500,135.5900,135.5500,135.5500,2559
2025-01-02 04:38:00,135.5700,135.6600,135.4500,135.5000,11099
2025-01-02 04:39:00,135.4800,135.5300,135.4100,135.5200,5071
2025-01-02 04:40:00,135.5100,135.5300,135.4700,135.4900,4888
2025-01-02 04:41:00,135.5300,135.6800,135.5300,135.6400,7298
2025-01-02 04:42:00,135.6300,135.7400,135.6300,135.7000,3629
2025-01-02 04:43:00,135.7100,135.8000,135.6600,135.7900,5108
2025-01-02 04:44:00,135.7900,135.8400,135.7000,135.7300,12128
2025-01-02 04:45:00,135.7200,135.7900,135.7200,135.7900,3097
2025-01-02 04:46:00,135.7600,135.7800,135.7200,135.7500,5793
2025-01-02 04:47:00,135.7300,135.8300,135.6800,135.8200,4341
2025-01-02 04:48:00,135.8300,135.8500,135.7100,135.7800,3329
2025-01-02 04:49:00,135.7700,135.7900,135.7500,135.7800,441
2025-01-02 04:50:00,135.7900,135.8000,135.7400,135.7800,1678
2025-01-02 04:51:00,135.7500,135.7700,135.6600,135.7100,1677
2025-01-02 04:52:00,135.7000,135.7900,135.6900,135.7000,3315
2025-01-02 04:53:00,135.7200,135.7200,135.6700,135.7000,1172
2025-01-02 04:54:00,135.6600,135.7000,135.6100,135.6900,3375
2025-01-02 04:55:00,135.6700,135.8000,135.6600,135.7700,5532
2025-01-02 04:56:00,135.7800,135.8000,135.7300,135.7900,9231
2025-01-02 04:57:00,135.7900,135.8500,135.7800,135.8100,4207
2025-01-02 04:58:00,135.8100,135.8500,135.8000,135.8500,671
2025-01-02 04:59:00,135.8500,135.9700,135.8500,135.9500,17238
2025-01-02 05:00:00,135.9600,136.1100,135.9600,136.0700,22680
2025-01-02 05:01:00,136.0700,136.0700,135.9000,135.9400,6957
2025-01-02 05:02:00,135.9500,136.0200,135.8800,135.9500,2217
2025-01-02 05:03:00,135.9500,135.9800,135.9200,135.9400,1041
2025-01-02 05:04:00,135.9400,135.9400,135.8100,135.9000,3012
2025-01-02 05:05:00,135.9000,135.9300,135.8300,135.8300,3015
2025-01-02 05:06:00,135.8500,135.8500,135.7500,135.8200,8860
2025-01-02 05:07:00,135.8300,135.8500,135.7200,135.8100,1576
2025-01-02 05:08:00,135.8200,135.8800,135.8200,135.8500,979
2025-01-02 05:09:00,135.8500,135.9100,135.8200,135.9100,1036
2025-01-02 05:10:00,135.9000,135.9200,135.8500,135.9000,2743
2025-01-02 05:11:00,135.8800,135.9400,135.8400,135.8800,9704
2025-01-02 05:12:00,135.8700,135.8800,135.6900,135.7500,9116
2025-01-02 05:13:00,135.7200,135.7400,135.6000,135.6700,9452
2025-01-02 05:14:00,135.7000,135.7200,135.6500,135.7000,1598
2025-01-02 05:15:00,135.7100,135.7900,135.6900,135.7600,4307
2025-01-02 05:16:00,135.7600,135.7900,135.7200,135.7900,1360
2025-01-02 05:17:00,135.7800,135.8800,135.7400,135.8700,1821
2025-01-02 05:18:00,135.8700,135.8800,135.8300,135.8300,517
2025-01-02 05:19:00,135.8200,135.8500,135.6100,135.7700,6948
2025-01-02 05:20:00,135.7700,135.7900,135.7300,135.7600,1383
2025-01-02 05:21:00,135.7600,135.7800,135.7400,135.7400,307
2025-01-02 05:22:00,135.7700,135.8500,135.7100,135.7400,3875
2025-01-02 05:23:00,135.7500,135.7800,135.7200,135.7500,1641
2025-01-02 05:24:00,135.7600,135.7700,135.6700,135.7600,1809
2025-01-02 05:25:00,135.7900,135.8200,135.7600,135.8000,925
2025-01-02 05:26:00,135.7700,135.8800,135.7500,135.8800,1825
2025-01-02 05:27:00,135.8400,135.8500,135.7700,135.8200,2499
2025-01-02 05:28:00,135.8200,135.8500,135.8000,135.8200,730
2025-01-02 05:29:00,135.8100,135.8100,135.7900,135.8100,5694
2025-01-02 05:30:00,135.8000,135.8000,135.7100,135.7900,6940
2025-01-02 05:31:00,135.7900,135.8000,135.7400,135.7400,876
2025-01-02 05:32:00,135.7500,135.7800,135.7200,135.7700,3173
2025-01-02 05:33:00,135.7800,135.7800,135.7400,135.7700,1215
2025-01-02 05:34:00,135.7600,135.8500,135.7500,135.8400,2278
2025-01-02 05:35:00,135.8400,135.9300,135.8000,135.8800,4518
2025-01-02 05:36:00,135.9000,135.9700,135.9000,135.9600,7270
2025-01-02 05:37:00,135.9500,135.9800,135.9200,135.9800,3388
2025-01-02 05:38:00,135.9700,135.9900,135.9400,135.9700,1100
2025-01-02 05:39:00,135.9700,135.9700,135.9000,135.9500,934
2025-01-02 05:40:00,135.9200,135.9300,135.8000,135.8700,2480
2025-01-02 05:41:00,135.8400,135.8800,135.8400,135.8500,936
2025-01-02 05:42:00,135.8500,135.8700,135.8300,135.8600,1498
2025-01-02 05:43:00,135.8700,135.8700,135.8000,135.8000,1578
2025-01-02 05:44:00,135.8400,135.8700,135.8300,135.8600,1337
2025-01-02 05:45:00,135.8600,135.9200,135.8600,135.9100,2135
2025-01-02 05:46:00,135.9300,135.9500,135.9000,135.9200,2794
2025-01-02 05:47:00,135.9000,135.9200,135.9000,135.9100,266
2025-01-02 05:48:00,135.9100,135.9400,135.8800,135.9100,4141
2025-01-02 05:49:00,135.9100,135.9700,135.8800,135.8900,2712
2025-01-02 05:50:00,135.9000,135.9400,135.8600,135.8700,1457
2025-01-02 05:51:00,135.8600,135.9400,135.6300,135.7700,10589
2025-01-02 05:52:00,135.8000,135.8000,135.6800,135.7600,3846
2025-01-02 05:53:00,135.7400,135.8300,135.7100,135.8000,1212
2025-01-02 05:54:00,135.7800,135.9200,135.7800,135.8600,4138
2025-01-02 05:55:00,135.8600,135.9200,135.8600,135.9200,1020
2025-01-02 05:56:00,135.9000,135.9200,135.8700,135.8900,2163
2025-01-02 05:57:00,135.8800,135.9000,135.8600,135.8900,1078
2025-01-02 05:58:00,135.9000,135.9600,135.9000,135.9000,2439
2025-01-02 05:59:00,135.9100,136.0000,135.8600,135.9900,7367
2025-01-02 06:00:00,135.9900,136.0000,135.8000,135.8600,7591
2025-01-02 06:01:00,135.8600,135.8700,135.8400,135.8500,2228
2025-01-02 06:02:00,135.8200,135.8900,135.8100,135.8700,4248
2025-01-02 06:03:00,135.8300,135.8700,135.7600,135.8000,1956
2025-01-02 06:04:00,135.7800,135.8000,135.7500,135.7700,4276
2025-01-02 06:05:00,135.7700,135.7800,135.6900,135.7300,2657
2025-01-02 06:06:00,135.7300,135.7600,135.7200,135.7500,756
2025-01-02 06:07:00,135.7500,135.7500,135.6500,135.7200,1817
2025-01-02 06:08:00,135.6900,135.7600,135.6900,135.7500,1901
2025-01-02 06:09:00,135.7500,135.7500,135.7000,135.7500,745
2025-01-02 06:10:00,135.7300,135.8000,135.7300,135.7900,445
2025-01-02 06:11:00,135.8000,135.8000,135.7600,135.8000,586
2025-01-02 06:12:00,135.7900,135.8400,135.7800,135.8000,269
2025-01-02 06:13:00,135.8200,135.8700,135.8000,135.8700,4549
2025-01-02 06:14:00,135.8700,135.9400,135.8400,135.8500,3660
2025-01-02 06:15:00,135.8600,135.9200,135.8600,135.9100,3289
2025-01-02 06:16:00,135.9100,136.0100,135.8900,136.0000,7498
2025-01-02 06:17:00,136.0000,136.0100,135.9700,135.9900,1061
2025-01-02 06:18:00,135.9800,136.0000,135.9400,135.9700,1162
2025-01-02 06:19:00,135.9700,136.0000,135.9600,135.9700,4108
2025-01-02 06:20:00,135.9500,135.9800,135.8800,135.9000,1882
2025-01-02 06:21:00,135.8800,135.9000,135.8600,135.8800,1949
2025-01-02 06:22:00,135.8800,135.9200,135.8800,135.9000,511
2025-01-02 06:23:00,135.8900,135.9200,135.8800,135.9100,844
2025-01-02 06:24:00,135.8800,135.9400,135.8800,135.9400,1925
2025-01-02 06:25:00,135.9300,135.9900,135.9100,135.9300,3130
2025-01-02 06:26:00,135.9400,135.9600,135.9100,135.9500,1771
2025-01-02 06:27:00,135.9600,136.0000,135.9600,135.9800,3110
2025-01-02 06:28:00,135.9800,136.0000,135.9600,135.9800,1665
2025-01-02 06:29:00,135.9900,136.0000,135.9500,136.0000,2702
2025-01-02 06:30:00,135.9900,136.0500,135.9300,135.9500,23760
2025-01-02 06:31:00,135.9400,135.9700,135.8600,135.8700,2570
2025-01-02 06:32:00,135.9100,135.9500,135.8700,135.9200,1387
2025-01-02 06:33:00,135.9000,135.9200,135.8100,135.8100,1165
2025-01-02 06:34:00,135.8200,135.8900,135.8200,135.8900,1726
2025-01-02 06:35:00,135.8800,136.0000,135.8600,136.0000,3435
2025-01-02 06:36:00,136.0000,136.1500,136.0000,136.1200,12789
2025-01-02 06:37:00,136.1300,136.1400,136.1000,136.1200,4744
2025-01-02 06:38:00,136.1200,136.2500,136.1200,136.2000,8585
2025-01-02 06:39:00,136.2000,136.2400,136.1300,136.1600,8417
2025-01-02 06:40:00,136.1700,136.2300,136.1400,136.2300,3230
2025-01-02 06:41:00,136.2300,136.3800,136.1600,136.3600,13614
2025-01-02 06:42:00,136.3700,136.4900,136.1900,136.4900,51419
2025-01-02 06:43:00,136.4600,136.5700,136.4000,136.5400,15280
2025-01-02 06:44:00,136.5600,136.6000,136.4500,136.4800,34771
2025-01-02 06:45:00,136.4800,136.6800,136.4600,136.6500,19374
2025-01-02 06:46:00,136.6500,136.7500,136.5700,136.7000,18397
2025-01-02 06:47:00,136.7000,136.7400,136.6600,136.7000,30390
2025-01-02 06:48:00,136.6800,136.7000,136.5800,136.6600,8027
2025-01-02 06:49:00,136.6900,136.7000,136.6600,136.6900,3710
2025-01-02 06:50:00,136.6800,136.7000,136.5700,136.6000,15891
2025-01-02 06:51:00,136.6000,136.6400,136.5700,136.6400,5153
2025-01-02 06:52:00,136.6300,136.6500,136.5900,136.6500,5734
2025-01-02 06:53:00,136.6400,136.6400,136.5300,136.5300,4051
2025-01-02 06:54:00,136.5500,136.5800,136.5200,136.5800,12790
2025-01-02 06:55:00,136.5600,136.6300,136.5600,136.6300,5071
2025-01-02 06:56:00,136.6400,136.7600,136.6300,136.7600,6059
2025-01-02 06:57:00,136.7600,136.8500,136.6200,136.6200,20566
2025-01-02 06:58:00,136.6600,136.7100,136.6200,136.6600,4163
2025-01-02 06:59:00,136.6700,136.7100,136.6500,136.6600,10233
2025-01-02 07:00:00,136.6600,136.6800,136.3200,136.3700,76796
2025-01-02 07:01:00,136.4000,136.6000,136.3100,136.5500,38395
2025-01-02 07:02:00,136.5300,136.6100,136.5000,136.6100,31281
2025-01-02 07:03:00,136.6200,136.6400,136.5200,136.5900,24754
2025-01-02 07:04:00,136.5900,136.5900,136.4000,136.4500,22532
2025-01-02 07:05:00,136.4500,136.6000,136.4400,136.5900,19503
2025-01-02 07:06:00,136.6000,136.6900,136.5500,136.6200,20156
2025-01-02 07:07:00,136.5800,136.5900,136.4600,136.5000,4072
2025-01-02 07:08:00,136.5300,136.6100,136.4500,136.6100,12101
2025-01-02 07:09:00,136.5900,136.7200,136.5900,136.6700,16985
2025-01-02 07:10:00,136.6600,136.7000,136.6300,136.6300,9585
2025-01-02 07:11:00,136.6500,136.6500,136.4800,136.5300,6840
2025-01-02 07:12:00,136.5000,136.6200,136.4800,136.6200,7086
2025-01-02 07:13:00,136.6290,136.6400,136.5400,136.6400,4477
2025-01-02 07:14:00,136.6300,136.6400,136.5600,136.6300,6628
2025-01-02 07:15:00,136.6200,136.6700,136.5400,136.5400,7449
2025-01-02 07:16:00,136.5600,136.6300,136.5300,136.5700,10437
2025-01-02 07:17:00,136.5900,136.6300,136.5700,136.6300,8130
2025-01-02 07:18:00,136.6300,136.6700,136.6100,136.6300,4577
2025-01-02 07:19:00,136.6200,136.6300,136.5500,136.5500,9033
2025-01-02 07:20:00,136.5700,136.6300,136.5700,136.6200,6574
2025-01-02 07:21:00,136.6200,136.6400,136.5800,136.6000,6992
2025-01-02 07:22:00,136.5900,136.6100,136.5500,136.5500,1907
2025-01-02 07:23:00,136.5500,136.5900,136.5200,136.5500,3154
2025-01-02 07:24:00,136.5500,136.5800,136.5400,136.5700,2062
2025-01-02 07:25:00,136.5600,136.6000,136.5400,136.5600,8749
2025-01-02 07:26:00,136.5600,136.6000,136.5500,136.5800,3046
2025-01-02 07:27:00,136.5900,136.5900,136.5010,136.5500,10386
2025-01-02 07:28:00,136.5400,136.5900,136.5200,136.5900,7616
2025-01-02 07:29:00,136.5800,136.6100,136.5500,136.6100,6236
2025-01-02 07:30:00,136.6100,136.6300,136.3200,136.5000,44741
2025-01-02 07:31:00,136.5000,136.5000,136.4200,136.4600,5987
2025-01-02 07:32:00,136.4700,136.5700,136.4500,136.5400,6948
2025-01-02 07:33:00,136.5400,136.5400,136.4500,136.4800,7477
2025-01-02 07:34:00,136.4700,136.5400,136.4700,136.5000,7543
2025-01-02 07:35:00,136.4600,136.5500,136.4500,136.5300,13505
2025-01-02 07:36:00,136.5300,136.5600,136.5000,136.5600,7567
2025-01-02 07:37:00,136.5600,136.5800,136.5300,136.5500,3973
2025-01-02 07:38:00,136.5500,136.6000,136.5400,136.5600,8716
2025-01-02 07:39:00,136.5700,136.6500,136.5500,136.6400,24072
2025-01-02 07:40:00,136.6400,136.7000,136.6000,136.6800,9030
2025-01-02 07:41:00,136.6900,136.7000,136.5300,136.5300,20051
2025-01-02 07:42:00,136.6000,136.6000,136.5200,136.5400,5913
2025-01-02 07:43:00,136.5300,136.5600,136.4600,136.5000,14052
2025-01-02 07:44:00,136.5000,136.5500,136.5000,136.5300,4364
2025-01-02 07:45:00,136.5300,136.5500,136.4300,136.4500,2592
2025-01-02 07:46:00,136.4500,136.4700,136.3400,136.3500,7924
2025-01-02 07:47:00,136.3800,136.4500,136.3500,136.4000,7638
2025-01-02 07:48:00,136.4400,136.5500,136.4300,136.5300,8617
2025-01-02 07:49:00,136.5100,136.5500,136.5000,136.5100,5208
2025-01-02 07:50:00,136.5400,136.5500,136.4800,136.5100,17823
2025-01-02 07:51:00,136.5000,136.5000,136.3100,136.3100,34636
2025-01-02 07:52:00,136.3200,136.3800,136.2100,136.3100,28213
2025-01-02 07:53:00,136.3000,136.4900,136.3000,136.4700,17402
2025-01-02 07:54:00,136.4800,136.4900,136.4100,136.4800,5889
2025-01-02 07:55:00,136.4500,136.4500,136.4000,136.4200,6146
2025-01-02 07:56:00,136.4400,136.5000,136.4000,136.4600,7376
2025-01-02 07:57:00,136.4700,136.4800,136.4600,136.4600,643
2025-01-02 07:58:00,136.4800,136.4900,136.4700,136.4800,2044
2025-01-02 07:59:00,136.4800,136.5900,136.4600,136.5400,45297
2025-01-02 08:00:00,136.5200,136.8100,133.0412,135.7476,1097721
2025-01-02 08:01:00,135.7264,136.8264,135.5700,136.5266,18173
2025-01-02 08:02:00,136.5600,136.5600,134.2900,136.4700,14381
2025-01-02 08:03:00,136.4600,136.5400,136.4300,136.5300,11121
2025-01-02 08:04:00,136.5057,136.5800,136.5000,136.5500,15233
2025-01-02 08:05:00,136.5401,136.5867,134.2900,136.5600,11841
2025-01-02 08:06:00,136.5800,136.6000,136.5400,136.5500,10737
2025-01-02 08:07:00,136.5599,136.6000,136.4300,136.4300,29765
2025-01-02 08:08:00,136.4600,136.4900,136.4300,136.4650,15875
2025-01-02 08:09:00,136.4500,136.5500,136.4500,136.4987,6913
2025-01-02 08:10:00,136.4700,136.5000,136.4300,136.4300,14035
2025-01-02 08:11:00,136.4311,136.4900,136.4300,136.4476,5419
2025-01-02 08:12:00,136.4500,136.4700,136.2800,136.3700,23218
2025-01-02 08:13:00,136.3892,136.4700,136.3600,136.4700,3872
2025-01-02 08:14:00,136.4500,136.4700,136.4200,136.4201,8019
2025-01-02 08:15:00,136.4200,136.5800,136.4200,136.4699,37993
2025-01-02 08:16:00,136.4650,136.4698,136.3800,136.4200,22838
2025-01-02 08:17:00,136.4199,136.4200,136.2300,136.2800,15054
2025-01-02 08:18:00,136.2500,136.4200,136.2500,136.4000,9550
2025-01-02 08:19:00,136.4100,136.4400,136.2000,136.2900,55103
2025-01-02 08:20:00,136.2900,136.2900,136.1110,136.2000,30250
2025-01-02 08:21:00,136.2000,136.3500,136.1700,136.2600,17877
2025-01-02 08:22:00,136.2500,136.3000,136.1500,136.2700,30254
2025-01-02 08:23:00,136.2900,136.2900,134.2900,136.1800,8879
2025-01-02 08:24:00,136.1900,136.2592,136.1100,136.2000,20404
2025-01-02 08:25:00,136.1600,136.2000,134.2900,136.0800,11950
2025-01-02 08:26:00,136.0700,136.0993,136.0600,136.0601,8135
2025-01-02 08:27:00,136.0700,136.1100,136.0600,136.1000,15518
2025-01-02 08:28:00,136.1000,136.1700,136.0600,136.1700,17963
2025-01-02 08:29:00,136.1700,136.1800,136.0600,136.0600,20491
2025-01-02 08:30:00,136.1100,136.1100,135.8200,135.9750,60667
2025-01-02 08:31:00,135.9600,136.0000,135.3900,135.8797,137108
2025-01-02 08:32:00,135.8700,136.0200,135.7800,136.0100,33895
2025-01-02 08:33:00,136.0100,136.0285,135.9200,135.9303,30365
2025-01-02 08:34:00,135.9500,136.0400,135.9100,136.0300,17448
2025-01-02 08:35:00,136.0100,136.0300,135.9500,135.9800,22314
2025-01-02 08:36:00,135.9800,136.0200,135.9500,135.9800,30839
2025-01-02 08:37:00,135.9899,136.0300,135.9800,136.0300,35128
2025-01-02 08:38:00,136.0300,136.3000,136.0000,136.3000,303490
2025-01-02 08:39:00,136.3000,136.4300,136.3000,136.3524,48720
2025-01-02 08:40:00,136.3600,136.4500,136.3500,136.4250,49565
2025-01-02 08:41:00,136.4200,136.4900,136.4100,136.4200,43238
2025-01-02 08:42:00,136.4200,136.4900,136.4000,136.4900,38288
2025-01-02 08:43:00,136.4800,136.4900,136.3700,136.4500,23481
2025-01-02 08:44:00,136.4600,136.4900,136.4300,136.4500,24000
2025-01-02 08:45:00,136.4500,136.4500,136.3000,136.3400,18966
2025-01-02 08:46:00,136.3500,136.3800,136.1400,136.2500,42954
2025-01-02 08:47:00,136.2900,136.3900,136.2500,136.3700,31258
2025-01-02 08:48:00,136.3700,136.4800,136.3400,136.3540,21208
2025-01-02 08:49:00,136.3200,136.3600,136.2600,136.3500,17034
2025-01-02 08:50:00,136.3500,136.3600,136.2100,136.2100,16739
2025-01-02 08:51:00,136.2600,136.2600,136.1100,136.1900,24899
2025-01-02 08:52:00,136.2200,136.2570,136.1500,136.1648,18468
2025-01-02 08:53:00,136.2000,136.3400,136.1900,136.3000,15277
2025-01-02 08:54:00,136.2800,136.3500,136.2000,136.3050,17612
2025-01-02 08:55:00,136.3100,136.3100,136.1976,136.2800,11728
2025-01-02 08:56:00,136.2900,136.3000,136.1100,136.1400,13068
2025-01-02 08:57:00,136.1497,136.1900,136.1100,136.1299,43205
2025-01-02 08:58:00,136.1300,136.2300,136.1200,136.1600,10680
2025-01-02 08:59:00,136.2050,136.2880,136.1400,136.2300,11654
2025-01-02 09:00:00,136.2500,136.3400,136.0300,136.1100,33972
2025-01-02 09:01:00,136.1300,136.1350,135.9000,135.9500,58276
2025-01-02 09:02:00,135.9003,136.0000,135.8500,135.9000,37503
2025-01-02 09:03:00,135.9900,136.0000,135.8000,135.9493,39432
2025-01-02 09:04:00,135.9300,136.0000,135.8800,135.9509,38508
2025-01-02 09:05:00,135.9999,136.0000,135.8400,135.9200,37750
2025-01-02 09:06:00,135.9150,136.1300,135.8800,135.9800,52537
2025-01-02 09:07:00,135.9752,136.0100,135.8500,135.9150,44137
2025-01-02 09:08:00,135.9200,135.9400,135.8500,135.8800,33410
2025-01-02 09:09:00,135.8700,136.0000,135.8600,135.9500,31133
2025-01-02 09:10:00,135.9600,135.9700,135.9100,135.9400,18962
2025-01-02 09:11:00,135.9336,135.9900,135.8600,135.8600,23870
2025-01-02 09:12:00,135.8700,135.8900,135.7600,135.7800,57910
2025-01-02 09:13:00,135.7899,135.8800,135.7000,135.8600,37603
2025-01-02 09:14:00,135.8306,135.9800,135.8000,135.9700,44970
2025-01-02 09:15:00,135.9700,137.9400,135.9600,136.1264,58757
2025-01-02 09:16:00,136.1100,138.0350,135.8000,135.8700,48978
2025-01-02 09:17:00,135.8700,143.2400,134.3800,135.7500,32222
2025-01-02 09:18:00,135.7400,135.8700,135.7100,135.7999,24891
2025-01-02 09:19:00,135.7800,135.7900,135.6800,135.7000,22056
2025-01-02 09:20:00,135.6800,135.8000,135.6400,135.8000,32084
2025-01-02 09:21:00,135.8000,135.8400,135.6800,135.7400,23279
2025-01-02 09:22:00,135.7300,135.7400,135.6300,135.7100,25281
2025-01-02 09:23:00,135.7000,135.7800,135.7000,135.7100,28018
2025-01-02 09:24:00,135.7200,135.7200,135.6100,135.6300,38354
2025-01-02 09:25:00,135.6100,135.8000,135.5500,135.6600,53839
2025-01-02 09:26:00,135.6900,135.7000,135.5500,135.5600,25412
2025-01-02 09:27:00,135.6300,136.0400,135.6100,135.9200,46602
2025-01-02 09:28:00,135.8500,136.0600,135.8500,135.9624,42113
2025-01-02 09:29:00,135.9776,136.0100,134.2900,135.9900,52033
2025-01-02 09:30:00,136.0000,136.4000,135.6700,136.3850,2933283
2025-01-02 09:31:00,136.3800,137.6799,136.3800,137.5500,2182690
2025-01-02 09:32:00,137.5500,137.8800,137.2500,137.4000,1613781
2025-01-02 09:33:00,137.4200,137.7394,136.7000,136.7378,1242879
2025-01-02 09:34:00,136.7200,137.3900,136.5000,136.5600,1117755
2025-01-02 09:35:00,136.5600,136.6400,136.1500,136.1900,981458
2025-01-02 09:36:00,136.1878,136.5000,135.7350,135.7500,1045021
2025-01-02 09:37:00,135.7300,136.2500,135.4600,135.9959,1040445
2025-01-02 09:38:00,135.9900,136.1899,135.2300,135.2700,1311703
2025-01-02 09:39:00,135.2800,135.4114,134.8500,134.8800,1149349
2025-01-02 09:40:00,134.8900,135.2800,134.7850,135.1100,812086
2025-01-02 09:41:00,135.1171,135.4601,134.9800,135.0900,747021
2025-01-02 09:42:00,135.1100,135.1840,134.6500,135.0599,840012
2025-01-02 09:43:00,135.0400,135.3400,134.6300,134.6820,748243
2025-01-02 09:44:00,134.7000,135.0800,134.6300,134.9900,561010
2025-01-02 09:45:00,134.9800,135.3900,134.8600,135.1500,683847
2025-01-02 09:46:00,135.1500,135.5599,135.0700,135.4700,750265
2025-01-02 09:47:00,135.4700,135.6700,135.4200,135.4941,624632
2025-01-02 09:48:00,135.5164,135.8600,135.4700,135.7300,738268
2025-01-02 09:49:00,135.7200,136.2400,135.6000,136.1800,925197
2025-01-02 09:50:00,136.1800,136.4800,136.0690,136.0690,1093096
2025-01-02 09:51:00,136.0700,136.5420,136.0100,136.5130,907765
2025-01-02 09:52:00,136.4900,136.6200,136.2700,136.5800,703765
2025-01-02 09:53:00,136.6000,137.0399,136.5600,136.9515,967820
2025-01-02 09:54:00,136.9600,137.1600,136.9000,137.0200,671824
2025-01-02 09:55:00,137.0200,137.4400,136.9000,137.2880,1050205
2025-01-02 09:56:00,137.2800,137.5250,137.1500,137.2442,1030180
2025-01-02 09:57:00,137.2685,137.4715,137.1200,137.2400,664179
2025-01-02 09:58:00,137.2456,137.3800,137.1200,137.1700,596987
2025-01-02 09:59:00,137.1750,137.3300,136.9700,137.2700,823118
2025-01-02 10:00:00,137.2850,137.6900,137.0300,137.3203,1259301
2025-01-02 10:01:00,137.3200,137.6200,137.2500,137.5300,657867
2025-01-02 10:02:00,137.5500,137.6400,137.3150,137.3311,545578
2025-01-02 10:03:00,137.3300,137.6900,137.3000,137.5300,545397
2025-01-02 10:04:00,137.5385,137.9600,137.5000,137.9201,1032792
2025-01-02 10:05:00,137.9300,138.2300,137.9200,138.0300,1493850
2025-01-02 10:06:00,138.0130,138.3700,137.9400,137.9800,960373
2025-01-02 10:07:00,137.9600,138.0900,137.8100,138.0200,699511
2025-01-02 10:08:00,138.0299,138.0900,137.8100,137.9950,443198
2025-01-02 10:09:00,137.9900,138.0600,137.8100,137.8256,389435
2025-01-02 10:10:00,137.8100,137.9000,137.5900,137.8810,590242
2025-01-02 10:11:00,137.8800,138.1000,137.8400,137.9200,491544
2025-01-02 10:12:00,137.9400,138.1100,137.8700,138.0035,504178
2025-01-02 10:13:00,137.9900,138.1900,137.8700,138.1500,573588
2025-01-02 10:14:00,138.1500,138.1800,137.8100,137.8300,539553
2025-01-02 10:15:00,137.8300,137.9900,137.5900,137.6950,543334
2025-01-02 10:16:00,137.6950,138.0800,137.6700,137.9000,858411
2025-01-02 10:17:00,137.9200,137.9299,137.5700,137.7000,430873
2025-01-02 10:18:00,137.7050,137.8150,137.5200,137.7601,424506
2025-01-02 10:19:00,137.7650,137.8800,137.3500,137.3800,747188
2025-01-02 10:20:00,137.4000,137.4700,137.1000,137.2100,742719
2025-01-02 10:21:00,137.2140,137.2500,136.8000,136.9900,842880
2025-01-02 10:22:00,136.9800,137.1550,136.7900,136.8700,586519
2025-01-02 10:23:00,136.8500,136.8600,136.6000,136.8200,1168775
2025-01-02 10:24:00,136.8100,136.9900,136.7000,136.8000,476461
2025-01-02 10:25:00,136.8000,137.1800,136.7550,137.1500,689645
2025-01-02 10:26:00,137.1508,137.4700,137.0200,137.3950,544507
2025-01-02 10:27:00,137.4000,137.4600,136.9801,137.0900,662426
2025-01-02 10:28:00,137.0850,137.0899,136.6800,136.6960,636581
2025-01-02 10:29:00,136.6900,137.0200,136.6761,136.9800,336590
2025-01-02 10:30:00,136.9700,137.1300,136.7100,136.7100,432175
2025-01-02 10:31:00,136.7200,136.7500,136.4100,136.5297,771185
2025-01-02 10:32:00,136.5300,136.8800,136.5200,136.8500,428940
2025-01-02 10:33:00,136.8400,137.0000,136.7400,136.8000,383764
2025-01-02 10:34:00,136.8099,137.2000,136.7500,136.9500,475092
2025-01-02 10:35:00,136.9600,136.9800,136.6600,136.8501,441504
2025-01-02 10:36:00,136.8700,137.1500,136.8000,137.1216,426113
2025-01-02 10:37:00,137.1100,137.4000,137.0100,137.1800,607725
2025-01-02 10:38:00,137.1701,137.2110,136.9260,137.1020,467370
2025-01-02 10:39:00,137.1060,137.1600,136.8700,136.9500,373537
2025-01-02 10:40:00,136.9450,137.2100,136.9450,137.0860,313920
2025-01-02 10:41:00,137.0900,137.1800,136.6304,136.6905,423172
2025-01-02 10:42:00,136.7000,136.7600,136.5000,136.7003,450028
2025-01-02 10:43:00,136.7100,136.7100,136.4600,136.6700,351744
2025-01-02 10:44:00,136.6500,136.8299,136.4980,136.7720,307453
2025-01-02 10:45:00,136.7700,136.8900,136.5600,136.8300,317923
2025-01-02 10:46:00,136.8200,136.9199,136.5600,136.5600,309831
2025-01-02 10:47:00,136.5600,136.6800,136.4800,136.5700,307884
2025-01-02 10:48:00,136.5800,137.0400,136.5429,137.0300,477377
2025-01-02 10:49:00,137.0300,137.3677,136.9001,137.3500,525660
2025-01-02 10:50:00,137.3400,137.3472,137.1700,137.3472,323559
2025-01-02 10:51:00,137.3200,137.7000,137.2800,137.6700,635368
2025-01-02 10:52:00,137.6700,137.8800,137.5800,137.6300,467229
2025-01-02 10:53:00,137.6200,137.6499,137.1600,137.4600,578938
2025-01-02 10:54:00,137.4799,137.7245,137.4100,137.6600,308928
2025-01-02 10:55:00,137.6700,137.7099,137.4802,137.6000,261171
2025-01-02 10:56:00,137.5900,137.7300,137.5300,137.6400,277078
2025-01-02 10:57:00,137.6200,137.6900,137.4500,137.5100,215252
2025-01-02 10:58:00,137.5000,137.5946,137.3100,137.4100,317349
2025-01-02 10:59:00,137.4100,137.4500,137.1500,137.3750,367928
2025-01-02 11:00:00,137.3800,137.5200,137.2500,137.4800,265442
2025-01-02 11:01:00,137.4500,137.5700,137.3300,137.5254,195587
2025-01-02 11:02:00,137.5200,137.6500,137.0800,137.1100,435118
2025-01-02 11:03:00,137.1200,137.2000,136.9000,136.9527,430071
2025-01-02 11:04:00,136.9800,137.0300,136.6400,136.7700,395788
2025-01-02 11:05:00,136.7900,136.9100,136.7200,136.8300,284812
2025-01-02 11:06:00,136.8400,137.0500,136.7400,136.9792,286238
2025-01-02 11:07:00,136.9600,137.0200,136.7100,136.8832,266935
2025-01-02 11:08:00,136.9300,137.0050,136.7800,136.8200,262345
2025-01-02 11:09:00,136.8000,137.0200,136.7806,136.9646,242233
2025-01-02 11:10:00,136.9600,136.9699,136.6700,136.8750,343981
2025-01-02 11:11:00,136.8750,137.2200,136.8300,137.1850,274772
2025-01-02 11:12:00,137.2000,137.2700,137.0000,137.0400,385118
2025-01-02 11:13:00,137.0600,137.2200,136.9750,137.1710,247318
2025-01-02 11:14:00,137.1633,137.5300,137.1301,137.4200,422403
2025-01-02 11:15:00,137.4210,137.4300,137.1200,137.1900,263777
2025-01-02 11:16:00,137.1701,137.3700,137.0600,137.2499,253627
2025-01-02 11:17:00,137.2406,137.2999,137.1144,137.1950,143244
2025-01-02 11:18:00,137.1800,137.3500,137.1200,137.3400,236269
2025-01-02 11:19:00,137.3326,137.5800,137.2200,137.5344,370802
2025-01-02 11:20:00,137.5300,137.6000,137.2700,137.2900,339171
2025-01-02 11:21:00,137.3500,137.3900,137.2400,137.3500,178580
2025-01-02 11:22:00,137.3493,137.4800,137.2700,137.3300,230047
2025-01-02 11:23:00,137.3250,137.6900,137.3000,137.6600,393396
2025-01-02 11:24:00,137.6500,137.9500,137.6500,137.8800,604491
2025-01-02 11:25:00,137.8700,137.9000,137.7200,137.7800,328650
2025-01-02 11:26:00,137.7700,137.9800,137.6800,137.9800,428682
2025-01-02 11:27:00,137.9700,138.0700,137.8200,137.8700,825847
2025-01-02 11:28:00,137.8700,138.0200,137.8400,138.0200,383857
2025-01-02 11:29:00,138.0215,138.0400,137.8800,137.9213,321313
2025-01-02 11:30:00,137.9200,138.0400,137.8200,137.9000,400996
2025-01-02 11:31:00,137.9002,137.9199,137.6700,137.8400,330224
2025-01-02 11:32:00,137.8300,137.9600,137.7600,137.9600,247394
2025-01-02 11:33:00,137.9400,138.1300,137.8050,138.1200,443445
2025-01-02 11:34:00,138.1240,138.1900,137.9700,138.1050,507753
2025-01-02 11:35:00,138.1100,138.1700,138.0200,138.1326,463666
2025-01-02 11:36:00,138.1483,138.2200,138.0201,138.1150,489955
2025-01-02 11:37:00,138.1100,138.1100,137.8200,137.9100,497892
2025-01-02 11:38:00,137.9100,137.9500,137.8100,137.8450,250257
2025-01-02 11:39:00,137.8420,138.0500,137.8200,137.8900,349658
2025-01-02 11:40:00,137.8800,138.1100,137.8400,137.9902,298777
2025-01-02 11:41:00,138.0200,138.0500,137.8300,137.9400,221720
2025-01-02 11:42:00,137.9399,138.0000,137.7900,137.8900,250508
2025-01-02 11:43:00,137.8900,137.8900,137.6900,137.8400,281625
2025-01-02 11:44:00,137.8300,137.9100,137.7700,137.8800,252613
2025-01-02 11:45:00,137.8750,137.9700,137.8200,137.9500,170982
2025-01-02 11:46:00,137.9400,138.0899,137.9100,138.0200,289626
2025-01-02 11:47:00,138.0200,138.1800,137.9950,138.1601,309970
2025-01-02 11:48:00,138.1800,138.4800,138.1500,138.4650,793962
2025-01-02 11:49:00,138.4650,138.6100,138.4500,138.5800,761850
2025-01-02 11:50:00,138.5800,138.6050,138.4500,138.5750,522505
2025-01-02 11:51:00,138.5750,138.7300,138.5332,138.7240,446719
2025-01-02 11:52:00,138.7291,138.7400,138.4100,138.4600,436235
2025-01-02 11:53:00,138.4500,138.5900,138.3400,138.5500,419226
2025-01-02 11:54:00,138.5400,138.5400,138.1279,138.2801,439618
2025-01-02 11:55:00,138.3000,138.5000,138.2500,138.4300,359008
2025-01-02 11:56:00,138.4350,138.5000,138.4000,138.4501,268052
2025-01-02 11:57:00,138.4500,138.5268,138.3800,138.5000,292862
2025-01-02 11:58:00,138.5000,138.7900,138.4300,138.7800,559757
2025-01-02 11:59:00,138.7800,138.8000,138.6500,138.6700,359697
2025-01-02 12:00:00,138.6700,138.7700,138.5900,138.6150,360977
2025-01-02 12:01:00,138.6150,138.7400,138.5407,138.6933,296047
2025-01-02 12:02:00,138.7000,138.7800,138.3801,138.5500,397198
2025-01-02 12:03:00,138.5350,138.7799,138.4700,138.7700,445250
2025-01-02 12:04:00,138.7700,138.8550,138.6400,138.8500,363116
2025-01-02 12:05:00,138.8500,138.8700,138.7600,138.7600,362105
2025-01-02 12:06:00,138.7610,138.8690,138.4700,138.5250,534402
2025-01-02 12:07:00,138.5300,138.5800,138.3300,138.4046,420266
2025-01-02 12:08:00,138.4000,138.4300,138.1900,138.4300,368906
2025-01-02 12:09:00,138.4300,138.5000,138.3900,138.3986,223413
2025-01-02 12:10:00,138.3900,138.6300,138.3700,138.6299,265663
2025-01-02 12:11:00,138.6300,138.6900,138.4310,138.4650,315792
2025-01-02 12:12:00,138.4650,138.6500,138.4500,138.6393,219805
2025-01-02 12:13:00,138.6400,138.8700,138.6300,138.8280,510295
2025-01-02 12:14:00,138.8200,138.8450,138.6300,138.6971,423030
2025-01-02 12:15:00,138.6900,138.8400,138.6201,138.8150,336105
2025-01-02 12:16:00,138.8100,138.8800,138.4800,138.5400,460409
2025-01-02 12:17:00,138.5200,138.6749,138.4500,138.4800,321626
2025-01-02 12:18:00,138.4800,138.5500,138.3800,138.4000,275979
2025-01-02 12:19:00,138.3950,138.4778,138.3000,138.4200,200266
2025-01-02 12:20:00,138.4400,138.4599,138.1114,138.1190,334104
2025-01-02 12:21:00,138.1200,138.3100,137.9900,138.2800,391072
2025-01-02 12:22:00,138.2700,138.3100,138.1246,138.2000,170587
2025-01-02 12:23:00,138.2100,138.2200,137.9600,138.0100,279732
2025-01-02 12:24:00,138.0024,138.0197,137.8550,137.9500,369766
2025-01-02 12:25:00,137.9550,137.9550,137.7700,137.8600,306378
2025-01-02 12:26:00,137.8899,137.9000,137.6600,137.6750,348235
2025-01-02 12:27:00,137.6900,137.6900,137.3400,137.4200,888621
2025-01-02 12:28:00,137.4460,137.4856,137.2900,137.3600,394308
2025-01-02 12:29:00,137.3500,137.3600,136.9115,137.0100,696354
2025-01-02 12:30:00,137.0100,137.0100,136.7300,136.8500,712509
2025-01-02 12:31:00,136.8600,136.9500,136.6100,136.8900,582113
2025-01-02 12:32:00,136.8800,136.9500,136.7100,136.7473,336799
2025-01-02 12:33:00,136.7300,136.7499,136.5100,136.5700,515655
2025-01-02 12:34:00,136.5600,136.6500,136.4317,136.6000,608372
2025-01-02 12:35:00,136.6000,136.7300,136.4100,136.5894,425101
2025-01-02 12:36:00,136.5800,136.6179,136.3100,136.4000,510497
2025-01-02 12:37:00,136.4000,136.4150,136.0200,136.0808,720382
2025-01-02 12:38:00,136.0600,136.1400,135.8300,136.0100,911522
2025-01-02 12:39:00,136.0200,136.1800,135.9500,136.0200,521759
2025-01-02 12:40:00,136.0480,136.0600,135.8300,135.9600,484270
2025-01-02 12:41:00,135.9700,136.3300,135.9400,136.1600,616297
2025-01-02 12:42:00,136.1770,136.1780,135.8400,135.9155,547274
2025-01-02 12:43:00,135.9000,136.2000,135.9000,136.1500,313983
2025-01-02 12:44:00,136.1492,136.2000,135.9301,136.0401,375191
2025-01-02 12:45:00,136.0600,136.1400,135.9800,136.0524,328053
2025-01-02 12:46:00,136.0400,136.0600,135.7709,135.7709,516895
2025-01-02 12:47:00,135.7700,135.8000,135.5700,135.7500,618739
2025-01-02 12:48:00,135.7500,135.7746,135.4900,135.5900,475312
2025-01-02 12:49:00,135.5850,135.6400,135.3300,135.3400,428991
2025-01-02 12:50:00,135.3300,135.7300,135.1600,135.7000,635553
2025-01-02 12:51:00,135.6960,135.9200,135.5400,135.9100,530536
2025-01-02 12:52:00,135.9200,136.1200,135.8834,135.9900,591847
2025-01-02 12:53:00,135.9789,136.0500,135.8600,136.0500,273302
2025-01-02 12:54:00,136.0300,136.1300,135.8900,135.9600,363236
2025-01-02 12:55:00,135.9568,136.1008,135.8900,135.9000,217124
2025-01-02 12:56:00,135.9100,136.2200,135.8901,136.2099,283389
2025-01-02 12:57:00,136.2100,136.2400,136.0300,136.1200,332315
2025-01-02 12:58:00,136.1100,136.2200,136.0600,136.1500,1095091
2025-01-02 12:59:00,136.2000,136.3300,136.0700,136.1900,397026
2025-01-02 13:00:00,136.2100,136.2200,135.8600,135.9350,353292
2025-01-02 13:01:00,135.9310,135.9690,135.6300,135.6700,435643
2025-01-02 13:02:00,135.6800,135.7800,135.4800,135.5300,477965
2025-01-02 13:03:00,135.5346,135.6700,135.4500,135.4900,277354
2025-01-02 13:04:00,135.4800,135.5200,135.2601,135.3900,439120
2025-01-02 13:05:00,135.4000,135.6700,135.3300,135.5800,412342
2025-01-02 13:06:00,135.5900,135.7550,135.5803,135.6800,289141
2025-01-02 13:07:00,135.6900,136.0000,135.6601,135.9900,301795
2025-01-02 13:08:00,135.9800,136.1500,135.9601,136.1201,331209
2025-01-02 13:09:00,136.1250,136.3900,136.0900,136.2131,502477
2025-01-02 13:10:00,136.2100,136.2100,135.8800,135.9401,340224
2025-01-02 13:11:00,135.9100,136.1600,135.8400,135.9100,296642
2025-01-02 13:12:00,135.8901,135.9391,135.7500,135.9200,203351
2025-01-02 13:13:00,135.9200,135.9300,135.7400,135.7750,167367
2025-01-02 13:14:00,135.7701,135.8900,135.7300,135.8100,157978
2025-01-02 13:15:00,135.8150,135.8700,135.5300,135.7072,299022
2025-01-02 13:16:00,135.7000,135.8800,135.6400,135.8500,226962
2025-01-02 13:17:00,135.8400,135.9862,135.8000,135.8218,209128
2025-01-02 13:18:00,135.8200,136.1600,135.8100,136.1500,269179
2025-01-02 13:19:00,136.1500,136.1500,136.0600,136.0700,193410
2025-01-02 13:20:00,136.0601,136.4200,136.0601,136.3020,472058
2025-01-02 13:21:00,136.3099,136.3400,135.9600,136.0812,285131
2025-01-02 13:22:00,136.0929,136.2698,136.0000,136.2400,169612
2025-01-02 13:23:00,136.2300,136.3950,136.2008,136.2550,233224
2025-01-02 13:24:00,136.2501,136.3165,136.1524,136.2300,166244
2025-01-02 13:25:00,136.2200,136.2450,136.0800,136.1700,189658
2025-01-02 13:26:00,136.1793,136.2300,135.9125,135.9670,220373
2025-01-02 13:27:00,135.9799,136.2100,135.9000,136.1200,182279
2025-01-02 13:28:00,136.1200,136.1900,136.0529,136.0900,189567
2025-01-02 13:29:00,136.0800,136.3800,136.0792,136.3699,234895
2025-01-02 13:30:00,136.3600,136.3600,135.9600,135.9700,249816
2025-01-02 13:31:00,135.9500,135.9800,135.6800,135.7000,337946
2025-01-02 13:32:00,135.7100,135.8000,135.6370,135.7036,244408
2025-01-02 13:33:00,135.7037,135.9000,135.6610,135.8510,331310
2025-01-02 13:34:00,135.8500,135.8700,135.7013,135.7250,169062
2025-01-02 13:35:00,135.7300,135.9100,135.6900,135.8666,232784
2025-01-02 13:36:00,135.8500,136.1400,135.8030,136.0300,320963
2025-01-02 13:37:00,136.0800,136.1300,136.0300,136.0500,192152
2025-01-02 13:38:00,136.0700,136.1000,135.7900,135.8150,214473
2025-01-02 13:39:00,135.8154,135.8700,135.7700,135.8200,157490
2025-01-02 13:40:00,135.8100,135.8100,135.6500,135.6900,197681
2025-01-02 13:41:00,135.6800,135.8600,135.6300,135.8100,185426
2025-01-02 13:42:00,135.8100,135.8399,135.7200,135.7850,119968
2025-01-02 13:43:00,135.7908,136.1700,135.7611,136.0700,321255
2025-01-02 13:44:00,136.0500,136.3600,136.0500,136.3446,487696
2025-01-02 13:45:00,136.3400,136.3500,136.1400,136.2200,233946
2025-01-02 13:46:00,136.2300,136.3100,136.1503,136.2100,157839
2025-01-02 13:47:00,136.2107,136.2900,136.1300,136.1800,158311
2025-01-02 13:48:00,136.1900,136.2200,135.8300,135.8401,279633
2025-01-02 13:49:00,135.8500,135.9700,135.8200,135.9624,174896
2025-01-02 13:50:00,135.9500,136.0200,135.7300,135.7701,229225
2025-01-02 13:51:00,135.7800,135.8799,135.7392,135.7800,168213
2025-01-02 13:52:00,135.7600,135.8600,135.5800,135.6831,263342
2025-01-02 13:53:00,135.6800,135.8400,135.6500,135.7500,260079
2025-01-02 13:54:00,135.7460,135.7600,135.5300,135.6650,274996
2025-01-02 13:55:00,135.6700,135.8900,135.6602,135.8897,264423
2025-01-02 13:56:00,135.8900,136.0100,135.7800,135.8600,275208
2025-01-02 13:57:00,135.8500,136.0500,135.8300,135.9436,192485
2025-01-02 13:58:00,135.9500,136.1100,135.9500,136.0300,257992
2025-01-02 13:59:00,136.0250,136.1699,136.0200,136.1100,209183
2025-01-02 14:00:00,136.0900,136.1800,136.0213,136.1300,188358
2025-01-02 14:01:00,136.1200,136.1800,136.0000,136.0000,191760
2025-01-02 14:02:00,135.9900,136.0850,135.9300,136.0850,151578
2025-01-02 14:03:00,136.1000,136.3300,136.1000,136.2050,312504
2025-01-02 14:04:00,136.2100,136.4900,136.2100,136.4500,402430
2025-01-02 14:05:00,136.4450,136.4900,136.3700,136.3900,288077
2025-01-02 14:06:00,136.3900,136.7000,136.3302,136.6200,514952
2025-01-02 14:07:00,136.6100,136.6800,136.4200,136.4524,253726
2025-01-02 14:08:00,136.4700,136.5299,136.4100,136.4300,151221
2025-01-02 14:09:00,136.4301,136.5599,136.3200,136.5140,277095
2025-01-02 14:10:00,136.5200,136.6200,136.4300,136.5462,184004
2025-01-02 14:11:00,136.5401,136.6700,136.5400,136.5800,204858
2025-01-02 14:12:00,136.5850,136.6899,136.5400,136.6550,252389
2025-01-02 14:13:00,136.6500,136.6900,136.5400,136.6400,260648
2025-01-02 14:14:00,136.6509,136.7399,136.5800,136.6250,220258
2025-01-02 14:15:00,136.6200,136.7600,136.6000,136.6700,199877
2025-01-02 14:16:00,136.6600,136.7600,136.5300,136.5791,225856
2025-01-02 14:17:00,136.5850,136.8400,136.5700,136.8016,364794
2025-01-02 14:18:00,136.8000,136.9500,136.7500,136.9100,460631
2025-01-02 14:19:00,136.9100,136.9399,136.8009,136.8600,224104
2025-01-02 14:20:00,136.8550,136.9000,136.7800,136.8200,173572
2025-01-02 14:21:00,136.8200,136.9300,136.7800,136.8800,201105
2025-01-02 14:22:00,136.9000,136.9900,136.8190,136.9900,295285
2025-01-02 14:23:00,136.9854,137.1200,136.9799,136.9900,406053
2025-01-02 14:24:00,136.9800,137.1500,136.9100,137.1200,213680
2025-01-02 14:25:00,137.1200,137.2500,137.0700,137.1247,435667
2025-01-02 14:26:00,137.1201,137.2900,137.0300,137.2600,266947
2025-01-02 14:27:00,137.2646,137.3500,137.2113,137.2700,346381
2025-01-02 14:28:00,137.2712,137.3600,137.2500,137.3200,207950
2025-01-02 14:29:00,137.3200,137.3200,137.2050,137.3022,267789
2025-01-02 14:30:00,137.2900,137.3000,136.9800,137.1500,442576
2025-01-02 14:31:00,137.1600,137.2200,137.0800,137.1700,270490
2025-01-02 14:32:00,137.1700,137.3100,137.0900,137.2590,274752
2025-01-02 14:33:00,137.2500,137.2580,137.0600,137.0901,218033
2025-01-02 14:34:00,137.0800,137.1191,136.9500,136.9950,230372
2025-01-02 14:35:00,136.9901,137.0100,136.7200,136.7300,439987
2025-01-02 14:36:00,136.7300,136.8700,136.7200,136.8000,230092
2025-01-02 14:37:00,136.8100,136.9950,136.7600,136.9600,223042
2025-01-02 14:38:00,136.9600,137.0201,136.9100,136.9900,178514
2025-01-02 14:39:00,136.9872,137.0400,136.9100,136.9100,187612
2025-01-02 14:40:00,136.9000,137.1100,136.8650,137.0710,227324
2025-01-02 14:41:00,137.0700,137.1150,136.9000,136.9500,238794
2025-01-02 14:42:00,136.9410,137.0500,136.9000,137.0250,138277
2025-01-02 14:43:00,137.0200,137.1300,136.9200,136.9310,171395
2025-01-02 14:44:00,136.9235,136.9700,136.8850,136.9196,93288
2025-01-02 14:45:00,136.9300,136.9750,136.8900,136.9400,103274
2025-01-02 14:46:00,136.9100,136.9350,136.6500,136.6900,351196
2025-01-02 14:47:00,136.6900,137.1800,136.6600,137.1700,576858
2025-01-02 14:48:00,137.1701,137.6100,137.1100,137.6100,511875
2025-01-02 14:49:00,137.6009,137.6700,137.4399,137.4900,342522
2025-01-02 14:50:00,137.5000,137.5650,137.4000,137.4560,351046
2025-01-02 14:51:00,137.4300,137.5500,137.3700,137.5200,271443
2025-01-02 14:52:00,137.5384,137.7200,137.5000,137.6142,459628
2025-01-02 14:53:00,137.6138,137.6300,137.3600,137.4400,269537
2025-01-02 14:54:00,137.4300,137.5450,137.4100,137.5100,157818
2025-01-02 14:55:00,137.5000,137.5100,137.3700,137.4210,192112
2025-01-02 14:56:00,137.4250,137.4500,137.2300,137.3705,267309
2025-01-02 14:57:00,137.3200,137.3200,137.1104,137.1700,293033
2025-01-02 14:58:00,137.1800,137.2800,137.1300,137.2200,190699
2025-01-02 14:59:00,137.2200,137.2424,136.8600,136.9150,352823
2025-01-02 15:00:00,136.9150,137.1600,136.8800,137.0900,251547
2025-01-02 15:01:00,137.1000,137.1700,136.9637,136.9700,180434
2025-01-02 15:02:00,136.9900,137.2000,136.9800,137.1750,180866
2025-01-02 15:03:00,137.1700,137.3750,137.1699,137.3200,246367
2025-01-02 15:04:00,137.3200,137.5500,137.2500,137.5000,302969
2025-01-02 15:05:00,137.5000,137.5000,137.3300,137.3400,195275
2025-01-02 15:06:00,137.3300,137.5200,137.3200,137.4301,173853
2025-01-02 15:07:00,137.4600,137.4800,137.3400,137.4300,146159
2025-01-02 15:08:00,137.4308,137.6000,137.3725,137.5750,295306
2025-01-02 15:09:00,137.5700,137.5900,137.4700,137.4950,213603
2025-01-02 15:10:00,137.5050,137.6400,137.4632,137.5962,173809
2025-01-02 15:11:00,137.5950,137.6700,137.4900,137.6550,246008
2025-01-02 15:12:00,137.6591,137.9200,137.6200,137.9200,526668
2025-01-02 15:13:00,137.9200,137.9900,137.8402,137.9600,326303
2025-01-02 15:14:00,137.9400,137.9430,137.6801,137.8235,747946
2025-01-02 15:15:00,137.8300,137.8300,137.5500,137.6499,298986
2025-01-02 15:16:00,137.6400,137.6799,137.5100,137.5700,223160
2025-01-02 15:17:00,137.5700,137.6700,137.5200,137.6400,207144
2025-01-02 15:18:00,137.6300,137.7100,137.5800,137.6200,210739
2025-01-02 15:19:00,137.6189,137.7300,137.6000,137.7228,153086
2025-01-02 15:20:00,137.7350,137.7670,137.5800,137.5900,203137
2025-01-02 15:21:00,137.5800,137.7900,137.5100,137.6700,275643
2025-01-02 15:22:00,137.6800,137.9550,137.6650,137.8900,278558
2025-01-02 15:23:00,137.8899,137.9600,137.8300,137.9400,237708
2025-01-02 15:24:00,137.9400,137.9700,137.8700,137.9500,250310
2025-01-02 15:25:00,137.9500,137.9600,137.8500,137.8584,216244
2025-01-02 15:26:00,137.8583,137.9690,137.8546,137.9000,379727
2025-01-02 15:27:00,137.9000,138.0400,137.8900,137.9500,631211
2025-01-02 15:28:00,137.9501,138.0300,137.9200,137.9510,211792
2025-01-02 15:29:00,137.9500,138.0000,137.9000,137.9200,225479
2025-01-02 15:30:00,137.9300,138.0000,137.7350,137.7850,377817
2025-01-02 15:31:00,137.7800,138.1400,137.7200,138.0903,516682
2025-01-02 15:32:00,138.0900,138.1800,137.9170,138.0890,450537
2025-01-02 15:33:00,138.0800,138.1200,137.9100,138.0100,286816
2025-01-02 15:34:00,138.0199,138.0199,137.6800,137.7501,460088
2025-01-02 15:35:00,137.7599,137.7750,137.5678,137.5750,308637
2025-01-02 15:36:00,137.5700,137.6300,137.4800,137.5400,361958
2025-01-02 15:37:00,137.5500,137.5900,137.3100,137.5125,424998
2025-01-02 15:38:00,137.5100,137.5700,137.4300,137.5500,173961
2025-01-02 15:39:00,137.5400,137.5400,137.3600,137.4550,236789
2025-01-02 15:40:00,137.4700,137.6700,137.4700,137.5900,302094
2025-01-02 15:41:00,137.5800,137.6199,137.4201,137.6100,302346
2025-01-02 15:42:00,137.6200,137.7000,137.5300,137.6400,248125
2025-01-02 15:43:00,137.6400,137.6800,137.5100,137.5808,189046
2025-01-02 15:44:00,137.6000,137.7179,137.4910,137.5592,308196
2025-01-02 15:45:00,137.5800,137.7900,137.5200,137.7800,311550
2025-01-02 15:46:00,137.7750,138.0800,137.7700,137.9100,593601
2025-01-02 15:47:00,137.9000,138.0500,137.7900,138.0489,292717
2025-01-02 15:48:00,138.0400,138.0900,137.9000,137.9800,296826
2025-01-02 15:49:00,137.9800,138.0900,137.9500,138.0640,408779
2025-01-02 15:50:00,138.0600,138.4700,138.0600,138.2660,937679
2025-01-02 15:51:00,138.2700,138.3600,138.1100,138.1300,454164
2025-01-02 15:52:00,138.1300,138.3800,138.0600,138.3800,446236
2025-01-02 15:53:00,138.3700,138.5100,138.3550,138.4400,715536
2025-01-02 15:54:00,138.4600,138.6260,138.3550,138.3950,675434
2025-01-02 15:55:00,138.4000,138.4200,137.9500,138.2700,1088269
2025-01-02 15:56:00,138.2700,138.3400,138.0800,138.0950,482861
2025-01-02 15:57:00,138.0901,138.2300,138.0850,138.1999,408671
2025-01-02 15:58:00,138.1900,138.3000,138.1442,138.2400,796647
2025-01-02 15:59:00,138.2400,138.4900,138.1400,138.2800,2026504
2025-01-02 16:00:00,138.2800,138.3800,138.1550,138.2250,29799422
2025-01-02 16:01:00,138.2400,138.3400,138.1534,138.3100,197212
2025-01-02 16:02:00,138.3400,138.3800,138.2500,138.3111,1241012
2025-01-02 16:03:00,138.3101,138.3500,138.3100,138.3100,19677
2025-01-02 16:04:00,138.3400,138.4000,136.0690,138.3600,30785
2025-01-02 16:05:00,138.3600,138.3900,138.3100,138.3300,42235
2025-01-02 16:06:00,138.3300,138.3600,138.3100,138.3300,16166
2025-01-02 16:07:00,138.3100,138.3100,138.1000,138.1300,45501
2025-01-02 16:08:00,138.1300,138.3100,138.0200,138.1100,60928
2025-01-02 16:09:00,138.1200,138.2800,138.1100,138.1300,10114
2025-01-02 16:10:00,138.1300,138.1800,138.1000,138.1500,5162
2025-01-02 16:11:00,138.1200,138.3100,138.1200,138.2100,200340
2025-01-02 16:12:00,138.2100,138.2500,138.0320,138.2000,11893
2025-01-02 16:13:00,138.2100,138.2200,138.2000,138.2100,5594
2025-01-02 16:14:00,138.2000,138.2900,138.1800,138.2803,16710
2025-01-02 16:15:00,138.2800,138.3400,138.2500,138.3250,12444
2025-01-02 16:16:00,138.3109,138.4700,138.3100,138.4600,30767
2025-01-02 16:17:00,138.4700,138.5000,138.4130,138.4500,24908
2025-01-02 16:18:00,138.4300,138.5900,138.4000,138.5400,40593
2025-01-02 16:19:00,138.5100,138.6000,138.5000,138.5800,19142
2025-01-02 16:20:00,138.5500,138.5700,138.3300,138.3900,15598
2025-01-02 16:21:00,138.4400,138.4400,138.3300,138.3900,7196
2025-01-02 16:22:00,138.3700,138.4000,138.3300,138.3600,19991
2025-01-02 16:23:00,138.3600,138.4000,138.3373,138.4000,11250
2025-01-02 16:24:00,138.3600,138.4500,138.3600,138.4250,10533
2025-01-02 16:25:00,138.4300,138.4500,138.3300,138.3600,18760
2025-01-02 16:26:00,138.3400,138.6100,138.3200,138.4900,30016
2025-01-02 16:27:00,138.5000,138.5000,138.4000,138.4300,6766
2025-01-02 16:28:00,138.4300,138.6294,138.3400,138.5950,26250
2025-01-02 16:29:00,138.6000,138.6600,138.5500,138.6600,17392
2025-01-02 16:30:00,138.6600,138.7000,138.6100,138.6400,15737
2025-01-02 16:31:00,138.6450,138.7400,138.6200,138.7200,28356
2025-01-02 16:32:00,138.7100,138.7500,138.6600,138.6900,13791
2025-01-02 16:33:00,138.6899,138.6900,138.5600,138.6000,8617
2025-01-02 16:34:00,138.5700,138.6500,138.5600,138.6300,7593
2025-01-02 16:35:00,138.6150,138.6500,138.5500,138.6200,16209
2025-01-02 16:36:00,138.6400,138.6400,138.5800,138.6000,3778
2025-01-02 16:37:00,138.5800,138.6200,138.5600,138.5800,6805
2025-01-02 16:38:00,138.5800,138.6000,138.5400,138.5993,9706
2025-01-02 16:39:00,138.5850,138.6000,138.5500,138.5700,6090
2025-01-02 16:40:00,138.5700,138.5900,138.5500,138.5650,4945
2025-01-02 16:41:00,138.5501,138.5800,138.5500,138.5600,9397
2025-01-02 16:42:00,138.5500,138.5600,138.3600,138.4106,67011
2025-01-02 16:43:00,138.4100,138.4800,138.3600,138.4400,9437
2025-01-02 16:44:00,138.4600,138.4800,138.3600,138.4606,15441
2025-01-02 16:45:00,138.4700,138.4800,138.4400,138.4400,5128
2025-01-02 16:46:00,138.4587,138.4600,138.3700,138.4000,3718
2025-01-02 16:47:00,138.4200,138.4500,138.3800,138.4499,9926
2025-01-02 16:48:00,138.4500,138.4500,138.4100,138.4400,5625
2025-01-02 16:49:00,138.4497,138.4500,138.3100,138.4350,158676
2025-01-02 16:50:00,138.4500,138.4500,138.4200,138.4200,3741
2025-01-02 16:51:00,138.4200,138.4400,138.4000,138.4203,3731
2025-01-02 16:52:00,138.4200,138.4282,138.3100,138.3850,10342
2025-01-02 16:53:00,138.3800,138.4200,138.3700,138.4000,4525
2025-01-02 16:54:00,138.3800,138.4200,138.3800,138.4000,4429
2025-01-02 16:55:00,138.3800,138.4118,138.2400,138.2900,53387
2025-01-02 16:56:00,138.2900,138.3600,138.2500,138.3000,6826
2025-01-02 16:57:00,138.3000,138.3300,138.2600,138.3182,3668
2025-01-02 16:58:00,138.2950,138.3805,138.2700,138.3600,6304
2025-01-02 16:59:00,138.4000,138.4000,138.3000,138.3000,7330
2025-01-02 17:00:00,138.3500,138.4000,138.3000,138.3250,2758
2025-01-02 17:01:00,138.3400,138.3600,138.2800,138.3100,5969
2025-01-02 17:02:00,138.3000,138.3500,138.2800,138.2900,1469
2025-01-02 17:03:00,138.2900,138.3400,138.2600,138.3000,4541
2025-01-02 17:04:00,138.2900,138.3500,138.2700,138.3250,2438066
2025-01-02 17:05:00,138.3299,138.3400,138.2800,138.2801,10335
2025-01-02 17:06:00,138.3000,138.3000,138.2400,138.2800,7626
2025-01-02 17:07:00,138.2994,138.3000,138.2600,138.2600,3764
2025-01-02 17:08:00,138.2650,138.2800,138.2500,138.2700,13114
2025-01-02 17:09:00,138.2600,138.2800,138.2400,138.2800,6732
2025-01-02 17:10:00,138.2600,138.2900,138.2400,138.2400,1549
2025-01-02 17:11:00,138.2800,138.2800,138.2000,138.2350,8905
2025-01-02 17:12:00,138.2500,138.3100,138.2300,138.2900,6138
2025-01-02 17:13:00,138.2700,138.3100,138.2400,138.2900,3915
2025-01-02 17:14:00,138.2800,138.3300,138.2500,138.3200,2987
2025-01-02 17:15:00,138.3200,138.3500,138.3100,138.3500,12910
2025-01-02 17:16:00,138.3500,138.3800,138.3300,138.3800,5389
2025-01-02 17:17:00,138.3700,138.3800,138.3100,138.3100,8332
2025-01-02 17:18:00,138.3050,138.3100,138.3000,138.3000,5070
2025-01-02 17:19:00,138.3001,138.3050,138.2300,138.2450,17019
2025-01-02 17:20:00,138.2500,138.2500,138.2400,138.2401,10809
2025-01-02 17:21:00,138.2500,138.2650,138.2100,138.2400,14459
2025-01-02 17:22:00,138.2398,145.5905,129.5820,138.2700,7395
2025-01-02 17:23:00,138.2700,138.3000,138.2100,138.2500,1488
2025-01-02 17:24:00,138.2500,138.2800,138.1600,138.1600,27342
2025-01-02 17:25:00,138.1600,138.2000,138.1500,138.1706,1774
2025-01-02 17:26:00,138.1702,138.1900,134.0171,138.1500,5677
2025-01-02 17:27:00,138.1401,138.1700,138.1100,138.1501,6379
2025-01-02 17:28:00,138.1300,138.1900,138.1000,138.1200,7824
2025-01-02 17:29:00,138.1200,138.1700,138.1100,138.1350,3340
2025-01-02 17:30:00,138.1400,138.1500,138.1100,138.1100,2715
2025-01-02 17:31:00,138.1150,138.1700,138.1100,138.1200,5073
2025-01-02 17:32:00,138.1204,138.3100,129.5820,138.1600,2170366
2025-01-02 17:33:00,138.1600,138.1600,138.1200,138.1301,865
2025-01-02 17:34:00,138.1400,145.5905,138.1200,138.1700,7479
2025-01-02 17:35:00,138.1600,138.1900,138.1200,138.1500,2301
2025-01-02 17:36:00,138.1700,138.1900,138.1300,138.1750,1860
2025-01-02 17:37:00,138.1900,138.2500,138.1200,138.2100,6803
2025-01-02 17:38:00,138.2100,138.2850,138.2100,138.2800,4801
2025-01-02 17:39:00,138.2800,147.5161,138.2300,138.2605,2670
2025-01-02 17:40:00,138.2800,147.5161,129.2819,138.2300,19212
2025-01-02 17:41:00,138.2788,138.2800,129.5107,138.2300,1606
2025-01-02 17:42:00,138.2691,138.3100,138.2100,138.2200,13052
2025-01-02 17:43:00,138.2300,138.3200,138.2100,138.3200,838
2025-01-02 17:44:00,138.2500,138.3500,138.2300,138.2600,1594
2025-01-02 17:45:00,138.2850,138.3200,138.2500,138.3185,1849
2025-01-02 17:46:00,138.3000,138.3200,138.2500,138.2693,3019
2025-01-02 17:47:00,138.2698,138.2700,138.2400,138.2450,1689
2025-01-02 17:48:00,138.2497,138.3500,138.2400,138.2795,1478
2025-01-02 17:49:00,138.3200,138.3500,138.2500,138.3300,7419
2025-01-02 17:50:00,138.3300,138.3600,138.3000,138.3497,3940
2025-01-02 17:51:00,138.3250,138.3293,138.2300,138.3000,17104
2025-01-02 17:52:00,138.2800,138.3000,138.2500,138.2519,6317
2025-01-02 17:53:00,138.2501,138.3100,138.2500,138.3000,3712
2025-01-02 17:54:00,138.2800,138.3000,138.2500,138.2700,907
2025-01-02 17:55:00,138.2900,138.2900,138.2500,138.2700,1173
2025-01-02 17:56:00,138.2700,138.2700,138.2100,138.2400,1193
2025-01-02 17:57:00,138.2400,138.3000,138.1800,138.2513,9477
2025-01-02 17:58:00,138.2500,138.3500,138.2500,138.3500,7969
2025-01-02 17:59:00,138.3300,138.3500,138.3300,138.3300,2329
2025-01-02 18:00:00,138.3400,138.3500,138.3300,138.3400,2339
2025-01-02 18:01:00,138.3300,138.3900,138.3300,138.3850,20167
2025-01-02 18:02:00,138.3800,138.4000,138.3000,138.3500,11754
2025-01-02 18:03:00,138.3500,138.3500,138.2300,138.2990,3372
2025-01-02 18:04:00,138.2700,138.3000,138.2500,138.2600,5741
2025-01-02 18:05:00,138.2700,138.2700,138.1700,138.2200,7692
2025-01-02 18:06:00,138.2200,138.2400,138.1700,138.2100,4944
2025-01-02 18:07:00,138.1900,138.2200,138.1700,138.1998,2219
2025-01-02 18:08:00,138.1700,138.2000,138.1700,138.1850,2389
2025-01-02 18:09:00,138.1733,138.3500,138.1733,138.3300,16076
2025-01-02 18:10:00,138.3100,138.3500,138.1900,138.3199,12821
2025-01-02 18:11:00,138.3100,138.3200,138.2500,138.2800,8436
2025-01-02 18:12:00,138.2500,138.3500,138.2500,138.3100,16562
2025-01-02 18:13:00,138.3100,138.3500,138.2525,138.3000,5279
2025-01-02 18:14:00,138.3000,138.3200,138.2500,138.3200,8201
2025-01-02 18:15:00,138.3000,138.3400,138.2900,138.2900,1329
2025-01-02 18:16:00,138.2900,138.3300,138.2800,138.2900,3800
2025-01-02 18:17:00,138.2990,138.3300,138.2900,138.3000,2308
2025-01-02 18:18:00,138.2950,138.3300,138.2900,138.3000,5040
2025-01-02 18:19:00,138.3000,138.3300,138.2800,138.3000,2660
2025-01-02 18:20:00,138.2901,138.3100,138.2800,138.3100,1582
2025-01-02 18:21:00,138.3100,138.3200,138.2512,138.2900,1648
2025-01-02 18:22:00,138.2990,138.3000,138.2600,138.2600,1059
2025-01-02 18:23:00,138.2600,138.2800,138.2500,138.2500,1522
2025-01-02 18:24:00,138.2600,138.2600,138.2500,138.2500,1947
2025-01-02 18:25:00,138.2600,138.2600,138.2000,138.2500,3386
2025-01-02 18:26:00,138.2001,138.2500,138.1300,138.1400,5908
2025-01-02 18:27:00,138.1600,138.2500,138.1300,138.1401,4152
2025-01-02 18:28:00,138.1600,138.2000,138.1306,138.1901,6240
2025-01-02 18:29:00,138.2000,138.2400,138.1300,138.2250,10735
2025-01-02 18:30:00,138.2100,138.2600,138.2100,138.2250,11549
2025-01-02 18:31:00,138.2400,138.2400,138.1300,138.1300,5540
2025-01-02 18:32:00,138.1850,138.2000,138.1300,138.1896,1288
2025-01-02 18:33:00,138.1710,138.2200,138.1300,138.2200,12574
2025-01-02 18:34:00,138.2200,138.2400,138.1500,138.1800,3107
2025-01-02 18:35:00,138.2033,138.2100,138.1500,138.1700,846
2025-01-02 18:36:00,138.1800,138.2000,138.1700,138.1800,1627
2025-01-02 18:37:00,138.1800,138.2000,138.1300,138.1300,4554
2025-01-02 18:38:00,138.1400,138.1500,138.1000,138.1500,10080
2025-01-02 18:39:00,138.1000,138.1700,138.1000,138.1501,7242
2025-01-02 18:40:00,138.1700,138.1700,138.1500,138.1600,2701
2025-01-02 18:41:00,138.1500,138.1700,138.1300,138.1400,2176
2025-01-02 18:42:00,138.1400,138.1500,138.1100,138.1300,4615
2025-01-02 18:43:00,138.1200,138.1300,138.1100,138.1250,1463
2025-01-02 18:44:00,138.1250,138.1400,138.1000,138.1300,5275
2025-01-02 18:45:00,138.1200,138.1200,138.1000,138.1200,1023
2025-01-02 18:46:00,138.1000,138.1300,138.1000,138.1100,11132
2025-01-02 18:47:00,138.1150,138.1200,138.1000,138.1100,1233
2025-01-02 18:48:00,138.1000,138.1100,138.0509,138.0700,10545
2025-01-02 18:49:00,138.0600,138.1000,138.0200,138.0300,9129
2025-01-02 18:50:00,138.0500,138.0500,137.8131,137.9000,49773
2025-01-02 18:51:00,137.9000,137.9400,137.8000,137.8500,20625
2025-01-02 18:52:00,137.8490,137.9000,137.8000,137.8900,3261
2025-01-02 18:53:00,137.8500,137.8900,137.8201,137.8800,4369
2025-01-02 18:54:00,137.8800,137.9000,137.8500,137.8900,5635
2025-01-02 18:55:00,137.8995,137.9400,137.8600,137.9100,8151
2025-01-02 18:56:00,137.9015,137.9400,137.9000,137.9100,1494
2025-01-02 18:57:00,137.9001,137.9400,137.9000,137.9001,7294
2025-01-02 18:58:00,137.9400,137.9400,137.9000,137.9000,2678
2025-01-02 18:59:00,137.9200,137.9400,137.9000,137.9016,1623
2025-01-02 19:00:00,137.9000,137.9200,137.9000,137.9200,2029
2025-01-02 19:01:00,137.9100,137.9300,137.8800,137.9000,8036
2025-01-02 19:02:00,137.9200,137.9400,137.9200,137.9300,6588
2025-01-02 19:03:00,137.9350,137.9700,137.9300,137.9500,2412
2025-01-02 19:04:00,137.9600,137.9700,137.9400,137.9500,4850
2025-01-02 19:05:00,137.9700,137.9800,137.9400,137.9700,14609
2025-01-02 19:06:00,137.9600,137.9800,137.9600,137.9750,23505
2025-01-02 19:07:00,137.9800,137.9800,137.9700,137.9750,8513
2025-01-02 19:08:00,137.9800,138.0700,137.9700,138.0600,66188
2025-01-02 19:09:00,138.0000,138.0900,138.0000,138.0300,8199
2025-01-02 19:10:00,138.0600,138.3100,138.0500,138.0850,40367
2025-01-02 19:11:00,138.0800,138.0898,138.0600,138.0600,7369
2025-01-02 19:12:00,138.0500,138.0800,138.0000,138.0500,5839
2025-01-02 19:13:00,138.0400,138.0500,138.0200,138.0500,4641
2025-01-02 19:14:00,138.0400,138.1000,138.0300,138.0700,11011
2025-01-02 19:15:00,138.0500,138.0900,138.0400,138.0650,447
2025-01-02 19:16:00,138.0700,138.1000,138.0650,138.0900,3801
2025-01-02 19:17:00,138.0900,138.1000,138.0600,138.1000,4157
2025-01-02 19:18:00,138.0700,138.1000,138.0700,138.0800,3312
2025-01-02 19:19:00,138.0900,138.1000,138.0700,138.0700,3342
2025-01-02 19:20:00,138.0850,138.0900,138.0400,138.0700,4812
2025-01-02 19:21:00,138.0699,138.0699,137.9800,138.0050,3907
2025-01-02 19:22:00,137.9808,138.0500,137.9800,138.0200,901
2025-01-02 19:23:00,138.0192,138.0400,138.0000,138.0250,3794
2025-01-02 19:24:00,138.0000,138.0900,138.0000,138.0300,707
2025-01-02 19:25:00,138.0500,138.1000,138.0100,138.0800,5056
2025-01-02 19:26:00,138.0899,138.1000,138.0800,138.1000,6795
2025-01-02 19:27:00,138.0950,138.1800,138.0950,138.1600,9043
2025-01-02 19:28:00,138.1700,138.2900,138.1601,138.2500,10852
2025-01-02 19:29:00,138.2600,138.2900,138.1900,138.2400,6665
2025-01-02 19:30:00,138.2000,138.4500,138.2000,138.4000,36992
2025-01-02 19:31:00,138.4000,138.4400,138.3500,138.4000,3128
2025-01-02 19:32:00,138.4300,138.4300,138.3700,138.3950,1878
2025-01-02 19:33:00,138.4000,138.4400,138.3800,138.4100,4316
2025-01-02 19:34:00,138.4100,138.4400,138.3800,138.4392,2388
2025-01-02 19:35:00,138.4400,138.4400,138.3900,138.4370,2043
2025-01-02 19:36:00,138.4100,138.4400,138.4000,138.4114,3331
2025-01-02 19:37:00,138.4100,138.4400,138.4000,138.4100,2779
2025-01-02 19:38:00,138.4100,138.4200,138.4000,138.4100,6929
2025-01-02 19:39:00,138.4100,138.4400,138.4000,138.4201,5588
2025-01-02 19:40:00,138.4300,138.4800,138.4300,138.4700,6859
2025-01-02 19:41:00,138.4700,138.4900,138.4500,138.4700,4047
2025-01-02 19:42:00,138.4799,138.4800,138.4500,138.4604,5224
2025-01-02 19:43:00,138.4700,138.4800,138.4200,138.4300,8056
2025-01-02 19:44:00,138.4300,138.4600,138.4200,138.4600,15989
2025-01-02 19:45:00,138.4600,138.4700,138.4400,138.4500,6042
2025-01-02 19:46:00,138.4600,138.4900,138.4500,138.4900,2795
2025-01-02 19:47:00,138.4900,138.5336,138.4700,138.5200,17753
2025-01-02 19:48:00,138.5300,138.5300,138.4900,138.5199,6420
2025-01-02 19:49:00,138.5100,138.5200,138.4300,138.4300,25540
2025-01-02 19:50:00,138.4350,138.4600,138.4100,138.4300,1480
2025-01-02 19:51:00,138.4210,138.4300,138.4000,138.4100,4261
2025-01-02 19:52:00,138.4000,138.4800,138.4000,138.4800,9469
2025-01-02 19:53:00,138.4500,138.4788,138.4400,138.4600,3788
2025-01-02 19:54:00,138.4699,138.4800,138.4312,138.4400,3093
2025-01-02 19:55:00,138.4400,138.4500,138.4000,138.4400,2603
2025-01-02 19:56:00,138.4200,138.4500,138.4200,138.4400,3058
2025-01-02 19:57:00,138.4400,138.4507,138.4200,138.4507,12898
2025-01-02 19:58:00,138.4500,138.4900,138.3500,138.3693,7093
2025-01-02 19:59:00,138.3600,138.4600,138.3600,138.4250,17340
2025-01-03 04:00:00,138.5000,138.9500,138.3400,138.5700,20911
2025-01-03 04:01:00,138.5700,138.7000,138.5000,138.6100,6629
2025-01-03 04:02:00,138.6200,138.7000,138.6100,138.6600,9656
2025-01-03 04:03:00,138.6600,138.6800,138.6100,138.6500,4800
2025-01-03 04:04:00,138.6500,138.8000,138.6500,138.7500,9582
2025-01-03 04:05:00,138.7800,138.8700,138.7500,138.8400,9616
2025-01-03 04:06:00,138.8400,138.9600,138.8400,138.9000,15427
2025-01-03 04:07:00,138.8800,138.9000,138.7800,138.8000,6115
2025-01-03 04:08:00,138.7900,138.8500,138.7800,138.8300,2771
2025-01-03 04:09:00,138.8400,138.9000,138.8400,138.8700,8222
2025-01-03 04:10:00,138.8700,138.9500,138.8600,138.9500,8808
2025-01-03 04:11:00,138.9400,138.9400,138.8400,138.8400,6374
2025-01-03 04:12:00,138.8500,138.8700,138.7800,138.8200,8252
2025-01-03 04:13:00,138.8400,138.8400,138.7700,138.7700,4708
2025-01-03 04:14:00,138.7800,138.8600,138.7700,138.8100,4901
2025-01-03 04:15:00,138.8500,138.9300,138.8400,138.9300,6656
2025-01-03 04:16:00,138.9300,138.9800,138.9200,138.9800,6108
2025-01-03 04:17:00,138.9700,139.0600,138.9500,139.0600,26912
2025-01-03 04:18:00,139.0600,139.1900,139.0500,139.1300,12788
2025-01-03 04:19:00,139.1400,139.1500,138.9600,139.0500,11736
2025-01-03 04:20:00,139.0500,139.0900,139.0100,139.0600,6356
2025-01-03 04:21:00,139.0600,139.1600,139.0100,139.1600,11104
2025-01-03 04:22:00,139.1600,139.1700,139.1300,139.1500,4162
2025-01-03 04:23:00,139.1400,139.1500,139.0600,139.0800,4908
2025-01-03 04:24:00,139.0700,139.0700,139.0200,139.0700,3332
2025-01-03 04:25:00,139.0400,139.0500,138.9800,139.0500,6975
2025-01-03 04:26:00,139.0400,139.1000,139.0400,139.0700,7343
2025-01-03 04:27:00,139.0900,139.0900,139.0000,139.0200,1905
2025-01-03 04:28:00,139.0100,139.0600,138.9800,138.9900,5618
2025-01-03 04:29:00,139.0000,139.0000,138.9500,138.9800,2664
2025-01-03 04:30:00,138.9900,139.0500,138.9700,139.0000,5071
2025-01-03 04:31:00,139.0000,139.0000,138.9700,138.9800,1827
2025-01-03 04:32:00,138.9800,139.0100,138.9800,138.9800,3893
2025-01-03 04:33:00,138.9900,139.0000,138.9100,138.9200,8453
2025-01-03 04:34:00,138.9300,139.0100,138.9200,139.0000,3807
2025-01-03 04:35:00,139.0100,139.1000,138.9900,139.0900,6893
2025-01-03 04:36:00,139.0700,139.1500,139.0600,139.1000,4842
2025-01-03 04:37:00,139.1400,139.2000,139.1400,139.2000,5918
2025-01-03 04:38:00,139.1800,139.1900,139.1000,139.1100,3940
2025-01-03 04:39:00,139.1200,139.1300,139.1000,139.1100,1525
2025-01-03 04:40:00,139.1300,139.1900,139.1300,139.1800,2528
2025-01-03 04:41:00,139.1800,139.2200,139.1600,139.2100,2840
2025-01-03 04:42:00,139.2100,139.3500,139.2100,139.3000,7884
2025-01-03 04:43:00,139.2900,139.3300,139.2700,139.3200,5938
2025-01-03 04:44:00,139.3200,139.3600,139.2700,139.3300,6060
2025-01-03 04:45:00,139.3300,139.3300,139.2300,139.2300,4836
2025-01-03 04:46:00,139.2400,139.3000,139.2300,139.3000,2134
2025-01-03 04:47:00,139.3000,139.3100,139.2300,139.2400,4318
2025-01-03 04:48:00,139.2400,139.3000,139.1400,139.2700,14910
2025-01-03 04:49:00,139.3100,139.3100,139.2600,139.2600,6235
2025-01-03 04:50:00,139.2600,139.2600,139.2100,139.2200,3215
2025-01-03 04:51:00,139.2200,139.2600,139.2100,139.2400,2830
2025-01-03 04:52:00,139.2400,139.2600,139.2300,139.2600,5450
2025-01-03 04:53:00,139.2700,139.2800,139.2400,139.2600,4723
2025-01-03 04:54:00,139.2600,139.3000,139.2500,139.2800,2811
2025-01-03 04:55:00,139.2800,139.2900,139.2700,139.2700,1729
2025-01-03 04:56:00,139.2800,139.3500,139.2600,139.3000,4815
2025-01-03 04:57:00,139.3000,139.3000,139.2100,139.2400,6938
2025-01-03 04:58:00,139.2200,139.2600,139.2000,139.2500,4247
2025-01-03 04:59:00,139.2700,139.2700,139.1800,139.2200,4156
2025-01-03 05:00:00,139.2200,139.2300,139.1700,139.1900,4530
2025-01-03 05:01:00,139.1900,139.2300,139.0700,139.1700,7340
2025-01-03 05:02:00,139.1600,139.1700,139.0000,139.0700,10211
2025-01-03 05:03:00,139.0600,139.0700,139.0100,139.0200,2602
2025-01-03 05:04:00,139.0600,139.1000,139.0400,139.0800,1277
2025-01-03 05:05:00,139.1000,139.1900,139.0800,139.1400,2007
2025-01-03 05:06:00,139.1400,139.2000,139.1300,139.2000,1468
2025-01-03 05:07:00,139.2000,139.2000,139.1500,139.1800,2151
2025-01-03 05:08:00,139.1800,139.2200,139.1800,139.2000,2068
2025-01-03 05:09:00,139.1900,139.3000,139.1900,139.2800,7561
2025-01-03 05:10:00,139.2700,139.3000,139.2600,139.2600,576
2025-01-03 05:11:00,139.2600,139.2900,139.2600,139.2600,1471
2025-01-03 05:12:00,139.2500,139.2700,139.2200,139.2400,2591
2025-01-03 05:13:00,139.2300,139.2300,139.2000,139.2000,1777
2025-01-03 05:14:00,139.2000,139.2700,139.1700,139.2700,6977
2025-01-03 05:15:00,139.2700,139.2900,139.2300,139.2800,7225
2025-01-03 05:16:00,139.2900,139.3200,139.2800,139.2900,4899
2025-01-03 05:17:00,139.2900,139.2900,139.2100,139.2300,2385
2025-01-03 05:18:00,139.2300,139.2600,139.2200,139.2500,1550
2025-01-03 05:19:00,139.2600,139.2600,139.2400,139.2400,818
2025-01-03 05:20:00,139.2200,139.2500,139.1800,139.1900,2797
2025-01-03 05:21:00,139.1900,139.2000,139.1500,139.1600,5044
2025-01-03 05:22:00,139.1400,139.1500,139.0900,139.0900,4942
2025-01-03 05:23:00,139.0900,139.1300,139.0800,139.1200,3555
2025-01-03 05:24:00,139.1200,139.1600,139.0900,139.1400,3680
2025-01-03 05:25:00,139.1500,139.1700,139.1300,139.1500,1610
2025-01-03 05:26:00,139.1500,139.1500,139.0400,139.0400,2940
2025-01-03 05:27:00,139.0600,139.1300,139.0600,139.1000,1912
2025-01-03 05:28:00,139.1000,139.1800,139.0900,139.1800,1501
2025-01-03 05:29:00,139.1800,139.2000,139.1600,139.1600,1347
2025-01-03 05:30:00,139.1600,139.1600,139.1300,139.1600,1809
2025-01-03 05:31:00,139.1600,139.2000,139.1400,139.2000,3504
2025-01-03 05:32:00,139.2000,139.2100,139.1700,139.1700,1384
2025-01-03 05:33:00,139.2000,139.2000,139.1500,139.1700,3287
2025-01-03 05:34:00,139.1700,139.3300,139.1700,139.3000,16033
2025-01-03 05:35:00,139.2800,139.3000,139.2400,139.2800,2930
2025-01-03 05:36:00,139.2800,139.3100,139.2600,139.2900,3891
2025-01-03 05:37:00,139.2700,139.3000,139.2700,139.2700,209
2025-01-03 05:38:00,139.2700,139.2800,139.2600,139.2600,343
2025-01-03 05:39:00,139.2700,139.3000,139.2600,139.3000,2469
2025-01-03 05:40:00,139.3000,139.3100,139.2700,139.2700,2067
2025-01-03 05:41:00,139.2700,139.3300,139.2700,139.3200,1976
2025-01-03 05:42:00,139.3200,139.3300,139.2900,139.3100,1619
2025-01-03 05:43:00,139.2900,139.3100,139.2800,139.2900,3511
2025-01-03 05:44:00,139.2900,139.3100,139.2800,139.3100,398
2025-01-03 05:45:00,139.3000,139.3100,139.2900,139.3100,1871
2025-01-03 05:46:00,139.3000,139.3100,139.2800,139.2900,1656
2025-01-03 05:47:00,139.2900,139.3000,139.2500,139.2500,3018
2025-01-03 05:48:00,139.2500,139.2600,139.2300,139.2400,2995
2025-01-03 05:49:00,139.2500,139.2600,139.2400,139.2400,895
2025-01-03 05:50:00,139.2600,139.2600,139.1700,139.1800,3201
2025-01-03 05:51:00,139.1800,139.2000,139.1500,139.1500,9935
2025-01-03 05:52:00,139.1500,139.1800,139.1200,139.1500,14470
2025-01-03 05:53:00,139.1600,139.1600,139.1000,139.1300,4314
2025-01-03 05:54:00,139.1300,139.1500,139.1000,139.1000,3933
2025-01-03 05:55:00,139.1200,139.1400,139.0900,139.0900,1570
2025-01-03 05:56:00,139.0900,139.1500,139.0900,139.1500,2280
2025-01-03 05:57:00,139.1500,139.1700,139.1500,139.1700,2963
2025-01-03 05:58:00,139.1700,139.1800,139.1600,139.1800,594
2025-01-03 05:59:00,139.1800,139.1900,139.1700,139.1900,1522
2025-01-03 06:00:00,139.1800,139.2000,139.1400,139.1500,2919
2025-01-03 06:01:00,139.1600,139.1700,139.1400,139.1600,2224
2025-01-03 06:02:00,139.1600,139.1700,139.1000,139.1100,1918
2025-01-03 06:03:00,139.1100,139.1400,139.1000,139.1100,3196
2025-01-03 06:04:00,139.1300,139.1800,139.1200,139.1600,2426
2025-01-03 06:05:00,139.1600,139.1600,139.1300,139.1600,1293
2025-01-03 06:06:00,139.1600,139.1900,139.1500,139.1500,1213
2025-01-03 06:07:00,139.1500,139.1700,139.1000,139.1200,6660
2025-01-03 06:08:00,139.1000,139.1200,139.0600,139.0700,2801
2025-01-03 06:09:00,139.0700,139.1000,139.0500,139.0700,3098
2025-01-03 06:10:00,139.0500,139.1300,139.0500,139.1300,1274
2025-01-03 06:11:00,139.1100,139.1300,139.1000,139.1100,2139
2025-01-03 06:12:00,139.1200,139.1200,139.0700,139.0800,2147
2025-01-03 06:13:00,139.0900,139.1200,139.0500,139.0700,2808
2025-01-03 06:14:00,139.0800,139.0900,139.0400,139.0500,4138
2025-01-03 06:15:00,139.0700,139.1000,139.0400,139.0800,3595
2025-01-03 06:16:00,139.0800,139.1300,139.0500,139.1100,1832
2025-01-03 06:17:00,139.1000,139.1100,139.0800,139.0900,324
2025-01-03 06:18:00,139.1000,139.1200,139.0800,139.1200,1460
2025-01-03 06:19:00,139.1000,139.1300,139.1000,139.1200,2395
2025-01-03 06:20:00,139.1300,139.1300,139.1000,139.1100,2703
2025-01-03 06:21:00,139.1100,139.1500,139.1000,139.1200,1171
2025-01-03 06:22:00,139.1200,139.1400,139.1100,139.1400,3149
2025-01-03 06:23:00,139.1300,139.1400,139.1200,139.1400,658
2025-01-03 06:24:00,139.1400,139.1900,139.1400,139.1900,4259
2025-01-03 06:25:00,139.2000,139.2000,139.1800,139.1900,960
2025-01-03 06:26:00,139.1800,139.2200,139.1700,139.2200,3584
2025-01-03 06:27:00,139.2100,139.2800,139.2100,139.2700,4276
2025-01-03 06:28:00,139.2600,139.3500,139.2600,139.3300,10176
2025-01-03 06:29:00,139.3300,139.3400,139.2800,139.3000,8871
2025-01-03 06:30:00,139.3000,139.3100,139.2800,139.3100,1719
2025-01-03 06:31:00,139.2900,139.3300,139.2500,139.3200,1826
2025-01-03 06:32:00,139.3100,139.3500,139.3100,139.3500,2502
2025-01-03 06:33:00,139.3400,139.3700,139.3200,139.3600,2425
2025-01-03 06:34:00,139.3600,139.3600,139.3200,139.3200,802
2025-01-03 06:35:00,139.3200,139.4600,139.3200,139.4500,9565
2025-01-03 06:36:00,139.4500,139.5400,139.4500,139.5300,34715
2025-01-03 06:37:00,139.5100,139.5700,139.5100,139.5200,13074
2025-01-03 06:38:00,139.5100,139.5300,139.4800,139.4800,6692
2025-01-03 06:39:00,139.4800,139.4800,139.4500,139.4600,3580
2025-01-03 06:40:00,139.4600,139.4800,139.3900,139.4100,16210
2025-01-03 06:41:00,139.4100,139.4300,139.4000,139.4000,1608
2025-01-03 06:42:00,139.4000,139.4500,139.4000,139.4400,4076
2025-01-03 06:43:00,139.4500,139.4500,139.4100,139.4100,1090
2025-01-03 06:44:00,139.4300,139.4600,139.4100,139.4100,1935
2025-01-03 06:45:00,139.4200,139.4400,139.4200,139.4300,431
2025-01-03 06:46:00,139.4300,139.4400,139.4100,139.4100,4145
2025-01-03 06:47:00,139.4200,139.4200,139.3900,139.4000,2414
2025-01-03 06:48:00,139.4000,139.4000,139.3500,139.3500,5230
2025-01-03 06:49:00,139.3800,139.3800,139.3000,139.3200,4403
2025-01-03 06:50:00,139.3000,139.3100,139.2700,139.3000,4858
2025-01-03 06:51:00,139.3000,139.3700,139.2900,139.3400,5636
2025-01-03 06:52:00,139.3700,139.4500,139.3700,139.4400,8547
2025-01-03 06:53:00,139.4500,139.4500,139.4100,139.4100,2477
2025-01-03 06:54:00,139.4100,139.4200,139.4000,139.4100,4009
2025-01-03 06:55:00,139.4000,139.4100,139.3400,139.3400,3768
2025-01-03 06:56:00,139.3400,139.3400,139.2500,139.2700,4080
2025-01-03 06:57:00,139.2900,139.4200,139.2900,139.3600,14196
2025-01-03 06:58:00,139.3500,139.3900,139.3100,139.3500,3265
2025-01-03 06:59:00,139.3500,139.3700,139.3400,139.3600,3434
2025-01-03 07:00:00,139.3400,139.3700,139.0500,139.0700,73383
2025-01-03 07:01:00,139.0500,139.1500,139.0400,139.1400,16973
2025-01-03 07:02:00,139.1500,139.1700,139.0600,139.0600,8606
2025-01-03 07:03:00,139.0500,139.1100,138.9400,139.0500,31413
2025-01-03 07:04:00,139.0000,139.0100,138.9400,138.9600,17462
2025-01-03 07:05:00,138.9800,138.9800,138.8000,138.8700,22264
2025-01-03 07:06:00,138.8500,138.9100,138.8500,138.8600,12079
2025-01-03 07:07:00,138.8700,138.9100,138.8400,138.9100,35497
2025-01-03 07:08:00,138.9100,139.0000,138.9000,138.9000,13069
2025-01-03 07:09:00,138.9000,138.9100,138.8500,138.9000,8045
2025-01-03 07:10:00,138.8800,138.9100,138.8500,138.9100,9772
2025-01-03 07:11:00,138.9100,138.9700,138.9100,138.9500,6057
2025-01-03 07:12:00,138.9500,138.9900,138.9400,138.9800,11550
2025-01-03 07:13:00,138.9710,138.9710,138.9300,138.9400,9330
2025-01-03 07:14:00,138.9500,138.9800,138.9400,138.9700,3075
2025-01-03 07:15:00,138.9600,138.9600,138.8500,138.8700,10646
2025-01-03 07:16:00,138.8600,138.8900,138.8400,138.8400,12041
2025-01-03 07:17:00,138.8700,138.9100,138.7200,138.7200,16470
2025-01-03 07:18:00,138.7100,138.7500,138.6000,138.6800,22273
2025-01-03 07:19:00,138.6600,138.6800,138.5000,138.5000,16824
2025-01-03 07:20:00,138.5100,138.6900,138.5100,138.6700,14913
2025-01-03 07:21:00,138.6800,138.7800,138.6400,138.7800,12448
2025-01-03 07:22:00,138.7700,138.8000,138.7200,138.7800,17348
2025-01-03 07:23:00,138.7800,138.8400,138.7600,138.8400,8712
2025-01-03 07:24:00,138.8200,138.8900,138.8000,138.8800,6054
2025-01-03 07:25:00,138.8800,138.9000,138.8500,138.8600,9761
2025-01-03 07:26:00,138.8700,138.8700,138.8600,138.8600,3683
2025-01-03 07:27:00,138.8700,138.9400,138.8500,138.9200,9795
2025-01-03 07:28:00,138.9200,138.9200,138.8500,138.8800,2837
2025-01-03 07:29:00,138.8800,138.9800,138.8700,138.9500,11483
2025-01-03 07:30:00,138.9500,138.9700,138.9300,138.9600,2881
2025-01-03 07:31:00,138.9500,138.9500,138.9000,138.9500,7567
2025-01-03 07:32:00,138.9500,138.9500,138.8700,138.8700,2214
2025-01-03 07:33:00,138.8800,138.9000,138.7800,138.8000,7947
2025-01-03 07:34:00,138.7800,138.8000,138.7700,138.7900,4076
2025-01-03 07:35:00,138.8200,138.8300,138.7700,138.8200,3967
2025-01-03 07:36:00,138.8200,138.8500,138.7800,138.8000,4950
2025-01-03 07:37:00,138.8000,138.8900,138.7700,138.8400,10641
2025-01-03 07:38:00,138.8500,138.8900,138.8500,138.8900,5929
2025-01-03 07:39:00,138.8800,138.9100,138.8700,138.8900,12162
2025-01-03 07:40:00,138.9100,138.9100,138.8800,138.8900,2246
2025-01-03 07:41:00,138.9000,138.9000,138.8200,138.8600,5127
2025-01-03 07:42:00,138.8300,138.8700,138.8200,138.8300,834
2025-01-03 07:43:00,138.8300,138.8300,138.7800,138.8000,3935
2025-01-03 07:44:00,138.8000,138.8000,138.7400,138.7700,6460
2025-01-03 07:45:00,138.7700,138.8200,138.7700,138.8200,3169
2025-01-03 07:46:00,138.8100,138.8700,138.8100,138.8700,4187
2025-01-03 07:47:00,138.8800,138.9500,138.8800,138.9400,3161
2025-01-03 07:48:00,138.9400,139.0700,138.9400,139.0700,19353
2025-01-03 07:49:00,139.0600,139.0700,138.9900,139.0400,9352
2025-01-03 07:50:00,139.0300,139.0600,138.9600,139.0600,6067
2025-01-03 07:51:00,139.0800,139.0900,139.0400,139.0700,4233
2025-01-03 07:52:00,139.0900,139.0900,139.0300,139.0300,2613
2025-01-03 07:53:00,139.0400,139.0800,139.0300,139.0600,4570
2025-01-03 07:54:00,139.0600,139.0800,139.0500,139.0800,2785
2025-01-03 07:55:00,139.0800,139.1300,139.0800,139.1200,14053
2025-01-03 07:56:00,139.1100,139.1500,139.1100,139.1300,3581
2025-01-03 07:57:00,139.1400,139.2400,139.1200,139.2300,27833
2025-01-03 07:58:00,139.2300,139.2700,139.2000,139.2700,20299
2025-01-03 07:59:00,139.2600,139.2900,139.2400,139.2900,7401
2025-01-03 08:00:00,139.2800,139.5652,138.3100,138.9624,611774
2025-01-03 08:01:00,138.9052,139.3450,138.3400,139.2300,53618
2025-01-03 08:02:00,139.0303,139.2500,138.3100,139.2200,18017
2025-01-03 08:03:00,139.2200,139.3800,139.2000,139.3200,26196
2025-01-03 08:04:00,139.3396,139.3600,139.2801,139.3300,24718
2025-01-03 08:05:00,139.3200,139.4600,138.3100,139.4500,60896
2025-01-03 08:06:00,139.4400,139.4500,139.4100,139.4200,29863
2025-01-03 08:07:00,139.4300,139.4800,139.4100,139.4700,17669
2025-01-03 08:08:00,139.4600,139.5700,139.4600,139.5500,56337
2025-01-03 08:09:00,139.5500,139.5692,139.5000,139.5200,18946
2025-01-03 08:10:00,139.5100,139.5200,139.4900,139.5100,34314
2025-01-03 08:11:00,139.5100,139.5700,139.5000,139.5450,30756
2025-01-03 08:12:00,139.5500,139.5600,139.4500,139.4500,49356
2025-01-03 08:13:00,139.4500,139.5000,139.2100,139.4000,39067
2025-01-03 08:14:00,139.4000,139.4200,139.3200,139.3576,11067
2025-01-03 08:15:00,139.3600,139.4700,139.3400,139.4098,14159
2025-01-03 08:16:00,139.4100,139.4500,139.3700,139.4000,9057
2025-01-03 08:17:00,139.4064,139.4064,139.2500,139.2800,17260
2025-01-03 08:18:00,139.2800,139.3700,139.2500,139.3600,17811
2025-01-03 08:19:00,139.3600,139.3700,139.3200,139.3524,7755
2025-01-03 08:20:00,139.3600,139.4400,139.3500,139.3750,6412
2025-01-03 08:21:00,139.3788,139.3876,139.3200,139.3700,14516
2025-01-03 08:22:00,139.3500,139.3900,139.3500,139.3700,6042
2025-01-03 08:23:00,139.3700,139.4000,139.3500,139.3800,6352
2025-01-03 08:24:00,139.3800,139.4400,139.3600,139.4300,17475
2025-01-03 08:25:00,139.4297,139.4400,139.3500,139.4100,23012
2025-01-03 08:26:00,139.4000,139.4200,139.3700,139.4000,7256
2025-01-03 08:27:00,139.4000,139.4100,139.3900,139.4100,11709
2025-01-03 08:28:00,139.4100,139.4200,139.3700,139.4200,7953
2025-01-03 08:29:00,139.4200,139.4200,139.3800,139.3900,9860
2025-01-03 08:30:00,139.3900,139.4000,139.3236,139.3900,10168
2025-01-03 08:31:00,139.3800,139.4600,138.3100,139.4500,1761663
2025-01-03 08:32:00,139.4500,139.5500,139.4400,139.5500,30137
2025-01-03 08:33:00,139.5700,139.5700,139.5000,139.5250,19267
2025-01-03 08:34:00,139.5400,139.6200,139.5000,139.6100,30099
2025-01-03 08:35:00,139.6100,139.7500,139.6100,139.7200,40133
2025-01-03 08:36:00,139.7352,139.7400,139.5900,139.6300,29866
2025-01-03 08:37:00,139.6300,139.6600,139.5700,139.6000,27103
2025-01-03 08:38:00,139.5800,139.5800,139.5000,139.5100,19977
2025-01-03 08:39:00,139.5100,139.5400,139.4402,139.5200,24502
2025-01-03 08:40:00,139.5300,139.5700,139.4200,139.4300,23100
2025-01-03 08:41:00,139.4300,139.5000,139.4000,139.4740,17493
2025-01-03 08:42:00,139.4600,139.5400,139.4300,139.5299,15100
2025-01-03 08:43:00,139.5100,139.5300,139.4400,139.4864,12306
2025-01-03 08:44:00,139.4900,139.4900,138.3100,139.4600,7942
2025-01-03 08:45:00,139.4400,139.4600,139.2500,139.2500,31175
2025-01-03 08:46:00,139.2800,139.4000,139.2800,139.4000,17343
2025-01-03 08:47:00,139.3900,139.3900,139.2400,139.3200,18754
2025-01-03 08:48:00,139.3148,139.3900,139.3100,139.3500,19379
2025-01-03 08:49:00,139.3600,139.4200,139.3400,139.3900,13858
2025-01-03 08:50:00,139.4000,139.4000,139.3100,139.3200,7091
2025-01-03 08:51:00,139.3100,139.3786,139.3000,139.3050,21781
2025-01-03 08:52:00,139.3000,139.3800,139.1700,139.2410,31161
2025-01-03 08:53:00,139.2600,139.3300,139.2200,139.2800,27825
2025-01-03 08:54:00,139.2560,139.3400,139.2560,139.2800,18074
2025-01-03 08:55:00,139.2800,139.3200,139.2400,139.3093,15209
2025-01-03 08:56:00,139.3100,139.3500,138.3100,139.2200,387883
2025-01-03 08:57:00,139.2150,139.2900,139.2000,139.2500,19013
2025-01-03 08:58:00,139.2600,139.2900,139.2100,139.2501,15359
2025-01-03 08:59:00,139.2700,139.3600,139.2600,139.3450,11879
2025-01-03 09:00:00,139.3600,139.3900,139.3400,139.3900,29750
2025-01-03 09:01:00,139.3900,139.3900,139.3200,139.3200,19220
2025-01-03 09:02:00,139.3376,139.3700,139.2800,139.3600,17725
2025-01-03 09:03:00,139.3600,139.4200,139.3500,139.4000,23749
2025-01-03 09:04:00,139.4000,139.4200,139.3350,139.3500,8537
2025-01-03 09:05:00,139.3450,139.3500,139.3000,139.3200,18942
2025-01-03 09:06:00,139.3200,139.4600,139.3000,139.4200,18917
2025-01-03 09:07:00,139.4300,139.5000,139.3800,139.4700,29611
2025-01-03 09:08:00,139.4600,139.5300,139.4300,139.4600,26028
2025-01-03 09:09:00,139.4700,139.4900,139.4200,139.4300,10034
2025-01-03 09:10:00,139.4500,139.4800,139.4300,139.4776,16088
2025-01-03 09:11:00,139.4200,139.4300,139.3300,139.3500,12217
2025-01-03 09:12:00,139.3599,139.5290,139.3500,139.5000,29085
2025-01-03 09:13:00,139.5200,139.7000,139.5000,139.5300,56267
2025-01-03 09:14:00,139.5300,139.6000,139.5000,139.6000,13727
2025-01-03 09:15:00,139.5900,139.6000,139.5400,139.5900,17346
2025-01-03 09:16:00,139.5900,139.7300,139.5900,139.6600,49265
2025-01-03 09:17:00,139.6900,139.7000,139.5800,139.6200,22407
2025-01-03 09:18:00,139.6100,139.7600,139.5200,139.6976,43134
2025-01-03 09:19:00,139.6824,139.7900,139.6500,139.7200,54923
2025-01-03 09:20:00,139.7160,139.8500,139.7100,139.7500,72483
2025-01-03 09:21:00,139.7500,139.7900,135.5150,139.7300,30351
2025-01-03 09:22:00,139.7400,139.7500,139.6000,139.6150,42272
2025-01-03 09:23:00,139.6000,139.6700,139.6000,139.6000,36062
2025-01-03 09:24:00,139.6000,139.6200,139.6000,139.6200,12706
2025-01-03 09:25:00,139.6200,140.0000,139.6200,139.9900,179735
2025-01-03 09:26:00,139.9700,140.1500,139.6100,139.9700,247220
2025-01-03 09:27:00,139.9600,140.2300,139.8100,140.0400,202842
2025-01-03 09:28:00,140.0200,140.1090,139.9500,140.0100,42066
2025-01-03 09:29:00,140.0100,140.0900,139.9300,140.0176,49063
2025-01-03 09:30:00,140.0100,140.5000,139.7300,140.4299,4130743
2025-01-03 09:31:00,140.4180,141.4300,140.2524,141.1320,2512497
2025-01-03 09:32:00,141.1150,141.5800,141.0000,141.4001,1671139
2025-01-03 09:33:00,141.3800,141.6500,141.1600,141.5500,1556804
2025-01-03 09:34:00,141.5100,141.5700,140.9801,141.0700,1306356
2025-01-03 09:35:00,141.0692,141.4600,141.0100,141.1381,1083851
2025-01-03 09:36:00,141.1375,141.2300,140.9200,141.1500,1066017
2025-01-03 09:37:00,141.1489,141.8100,141.1230,141.6400,1846899
2025-01-03 09:38:00,141.6200,141.8900,141.5600,141.7100,1291171
2025-01-03 09:39:00,141.7050,142.2400,141.6100,142.1350,2799211
2025-01-03 09:40:00,142.1300,142.2500,142.0100,142.1501,1476453
2025-01-03 09:41:00,142.1501,142.3000,142.0200,142.2700,1296251
2025-01-03 09:42:00,142.2793,142.4700,142.1800,142.4500,1328528
2025-01-03 09:43:00,142.4500,142.7400,142.4200,142.5710,1581737
2025-01-03 09:44:00,142.5700,142.9200,142.4300,142.7775,1613182
2025-01-03 09:45:00,142.7600,143.1550,142.7600,143.1497,2358219
2025-01-03 09:46:00,143.1540,143.2500,142.9300,143.1700,1618274
2025-01-03 09:47:00,143.1602,143.1687,142.5500,142.6400,1563718
2025-01-03 09:48:00,142.6400,142.7799,140.0000,142.5500,1400914
2025-01-03 09:49:00,142.5600,142.8800,142.4700,142.7892,1073940
2025-01-03 09:50:00,142.7900,143.3600,142.7900,143.2992,1816639
2025-01-03 09:51:00,143.2900,143.2900,142.5200,142.5240,1313373
2025-01-03 09:52:00,142.5407,143.0000,142.5401,142.8800,869330
2025-01-03 09:53:00,142.8900,143.3000,142.8800,143.1750,1020880
2025-01-03 09:54:00,143.1600,143.2300,142.9600,143.0900,740451
2025-01-03 09:55:00,143.0800,143.6000,143.0700,143.5500,1620837
2025-01-03 09:56:00,143.5540,143.8425,143.4500,143.7200,1368302
2025-01-03 09:57:00,143.7300,143.8300,143.5000,143.7302,1039641
2025-01-03 09:58:00,143.7310,143.9400,143.4400,143.9192,1078709
2025-01-03 09:59:00,143.9300,143.9700,143.8100,143.9300,851286
2025-01-03 10:00:00,143.9300,143.9800,143.4800,143.5100,984815
2025-01-03 10:01:00,143.5100,143.6800,143.2020,143.3048,1001185
2025-01-03 10:02:00,143.3300,143.6900,143.3050,143.5621,832841
2025-01-03 10:03:00,143.5600,143.9000,143.5200,143.7600,1059897
2025-01-03 10:04:00,143.7500,143.9500,143.7200,143.9400,792737
2025-01-03 10:05:00,143.9350,144.2199,143.8700,143.9850,2212751
2025-01-03 10:06:00,143.9899,144.0300,143.5900,143.7420,999766
2025-01-03 10:07:00,143.7466,143.8000,143.3930,143.7450,868599
2025-01-03 10:08:00,143.7599,144.0300,143.5000,143.9901,986290
2025-01-03 10:09:00,143.9900,144.0600,143.7400,143.8300,764930
2025-01-03 10:10:00,143.8400,144.0200,143.8001,143.8400,520558
2025-01-03 10:11:00,143.8400,143.9999,143.6800,143.7110,690369
2025-01-03 10:12:00,143.7100,143.7100,143.2600,143.5211,1124680
2025-01-03 10:13:00,143.5208,143.5580,143.3200,143.4600,732845
2025-01-03 10:14:00,143.4600,143.6700,143.3700,143.5400,643922
2025-01-03 10:15:00,143.5400,143.7000,143.4100,143.6200,587290
2025-01-03 10:16:00,143.6200,143.9800,143.4641,143.6000,924012
2025-01-03 10:17:00,143.5801,143.6200,143.1400,143.3100,1076532
2025-01-03 10:18:00,143.3100,143.3800,143.1800,143.2700,1010266
2025-01-03 10:19:00,143.2550,143.5900,143.2300,143.4530,637409
2025-01-03 10:20:00,143.4500,143.5300,143.1200,143.1500,659224
2025-01-03 10:21:00,143.1500,143.1599,142.6900,142.6900,1715985
2025-01-03 10:22:00,142.7000,142.8800,142.5100,142.8380,1478031
2025-01-03 10:23:00,142.8100,143.0600,142.8001,142.9100,628813
2025-01-03 10:24:00,142.9150,143.1300,142.9008,143.0099,670694
2025-01-03 10:25:00,143.0200,143.1500,142.9200,143.0700,624351
2025-01-03 10:26:00,143.0920,143.3799,142.9800,143.3300,607635
2025-01-03 10:27:00,143.3100,143.3700,142.9810,143.0900,633353
2025-01-03 10:28:00,143.0900,143.2200,143.0100,143.1600,405696
2025-01-03 10:29:00,143.1700,143.2600,143.1100,143.1200,342988
2025-01-03 10:30:00,143.1200,143.1300,142.7600,142.9800,633027
2025-01-03 10:31:00,142.9800,143.0099,142.7600,142.8750,418497
2025-01-03 10:32:00,142.8500,143.0200,142.8500,142.9276,380230
2025-01-03 10:33:00,142.9291,143.2500,142.9240,143.2200,515637
2025-01-03 10:34:00,143.2100,143.2700,143.0000,143.1600,582277
2025-01-03 10:35:00,143.1250,143.2700,142.9400,143.2300,471371
2025-01-03 10:36:00,143.2360,143.5200,143.0600,143.4500,1078677
2025-01-03 10:37:00,143.4500,143.5400,143.1100,143.2500,631142
2025-01-03 10:38:00,143.2500,143.2900,142.9800,143.1900,463191
2025-01-03 10:39:00,143.1950,143.2300,142.9600,143.1100,391345
2025-01-03 10:40:00,143.1200,143.2093,142.9700,143.0150,463924
2025-01-03 10:41:00,143.0300,143.2300,143.0101,143.1591,323264
2025-01-03 10:42:00,143.1550,143.4800,143.1500,143.4599,479801
2025-01-03 10:43:00,143.4600,143.5081,143.3303,143.5000,475511
2025-01-03 10:44:00,143.5009,143.7200,143.3250,143.3250,884301
2025-01-03 10:45:00,143.3250,143.5546,143.3200,143.5500,377486
2025-01-03 10:46:00,143.5100,143.5600,143.2600,143.3300,411363
2025-01-03 10:47:00,143.3300,143.3400,143.0500,143.1600,445610
2025-01-03 10:48:00,143.1687,143.2200,143.0000,143.1701,459785
2025-01-03 10:49:00,143.1700,143.2808,143.1000,143.2260,282974
2025-01-03 10:50:00,143.2200,143.3099,143.0401,143.1227,317981
2025-01-03 10:51:00,143.1299,143.2591,143.0900,143.1274,461059
2025-01-03 10:52:00,143.1300,143.4000,143.1200,143.1800,413467
2025-01-03 10:53:00,143.1728,143.1750,143.0300,143.0862,573356
2025-01-03 10:54:00,143.0750,143.0912,142.8300,142.9200,637129
2025-01-03 10:55:00,142.9184,142.9730,142.8350,142.9500,321264
2025-01-03 10:56:00,142.9450,143.0900,142.9000,143.0690,506559
2025-01-03 10:57:00,143.0600,143.1200,142.9567,142.9850,591600
2025-01-03 10:58:00,142.9801,143.2700,142.9801,143.2400,410955
2025-01-03 10:59:00,143.2400,143.3300,143.0000,143.2000,560890
2025-01-03 11:00:00,143.2100,143.2800,143.0900,143.1800,312472
2025-01-03 11:01:00,143.1800,143.2800,143.0750,143.1301,528735
2025-01-03 11:02:00,143.1300,143.4000,143.0300,143.3940,388163
2025-01-03 11:03:00,143.3981,143.6400,143.3750,143.4850,808456
2025-01-03 11:04:00,143.4854,143.5900,143.1500,143.4360,531534
2025-01-03 11:05:00,143.4400,143.4500,143.2450,143.2600,334724
2025-01-03 11:06:00,143.2650,143.2650,143.0000,143.0901,484685
2025-01-03 11:07:00,143.1100,143.1616,143.0000,143.0050,670420
2025-01-03 11:08:00,143.0184,143.0986,142.8300,142.9174,495451
2025-01-03 11:09:00,142.9200,142.9600,142.8400,142.8789,335281
2025-01-03 11:10:00,142.8800,142.9700,142.7529,142.8400,661126
2025-01-03 11:11:00,142.8300,142.9600,142.8160,142.9500,274531
2025-01-03 11:12:00,142.9500,142.9950,142.8600,142.8601,264129
2025-01-03 11:13:00,142.8700,142.8900,142.7600,142.8201,336614
2025-01-03 11:14:00,142.8298,143.0800,142.8298,142.9750,460051
2025-01-03 11:15:00,142.9700,142.9900,142.8535,142.9780,244867
2025-01-03 11:16:00,142.9800,143.1800,142.9700,143.1500,361453
2025-01-03 11:17:00,143.1500,143.1600,142.9595,143.0200,361618
2025-01-03 11:18:00,143.0100,143.0275,142.8800,142.9350,260199
2025-01-03 11:19:00,142.9350,143.1100,142.9320,143.1000,213907
2025-01-03 11:20:00,143.0900,143.1888,143.0546,143.1250,317061
2025-01-03 11:21:00,143.1200,143.3450,143.1000,143.3420,749802
2025-01-03 11:22:00,143.3500,143.4600,143.2500,143.2600,906704
2025-01-03 11:23:00,143.2699,143.2699,143.0800,143.2450,290100
2025-01-03 11:24:00,143.2400,143.2900,143.1700,143.2754,259940
2025-01-03 11:25:00,143.2700,143.3800,143.2300,143.3750,262330
2025-01-03 11:26:00,143.3800,143.4300,143.2900,143.2900,323697
2025-01-03 11:27:00,143.2950,143.4400,143.2400,143.4300,332051
2025-01-03 11:28:00,143.4280,143.4800,143.3800,143.4000,327148
2025-01-03 11:29:00,143.4100,143.4800,143.3900,143.4729,256365
2025-01-03 11:30:00,143.4700,143.5150,143.4100,143.4700,521155
2025-01-03 11:31:00,143.4501,143.5400,143.1801,143.2600,459528
2025-01-03 11:32:00,143.2600,143.3999,143.2300,143.3899,233388
2025-01-03 11:33:00,143.3760,143.5100,143.3760,143.4300,331235
2025-01-03 11:34:00,143.4304,143.4900,143.3500,143.4899,219040
2025-01-03 11:35:00,143.4811,143.5100,143.3400,143.4653,288222
2025-01-03 11:36:00,143.4500,143.6500,143.4400,143.6400,426236
2025-01-03 11:37:00,143.6400,143.7400,143.6200,143.6750,380974
2025-01-03 11:38:00,143.6750,143.7300,143.6200,143.6700,268102
2025-01-03 11:39:00,143.6600,143.7200,143.5700,143.6840,258932
2025-01-03 11:40:00,143.6900,143.8088,143.6600,143.7000,428761
2025-01-03 11:41:00,143.7004,143.7900,143.6800,143.7200,262254
2025-01-03 11:42:00,143.7299,143.8000,143.6500,143.7400,323564
2025-01-03 11:43:00,143.7370,143.8500,143.7250,143.8150,421900
2025-01-03 11:44:00,143.8154,143.8900,143.7550,143.7950,365199
2025-01-03 11:45:00,143.7800,143.8684,143.6800,143.8601,327702
2025-01-03 11:46:00,143.8700,143.9850,143.8550,143.9799,435661
2025-01-03 11:47:00,143.9800,144.0000,143.8950,143.9301,484767
2025-01-03 11:48:00,143.9300,143.9900,143.8900,143.9742,223783
2025-01-03 11:49:00,143.9750,144.0000,143.8600,143.9000,448092
2025-01-03 11:50:00,143.9050,143.9400,143.7900,143.9354,344490
2025-01-03 11:51:00,143.9300,143.9900,143.8303,143.8797,274943
2025-01-03 11:52:00,143.8792,143.9400,143.8000,143.9200,250736
2025-01-03 11:53:00,143.9200,143.9500,143.8700,143.9322,233329
2025-01-03 11:54:00,143.9446,144.0100,143.9000,143.9350,1153651
2025-01-03 11:55:00,143.9350,144.0000,143.8500,143.9101,261420
2025-01-03 11:56:00,143.8900,143.9399,143.8300,143.9076,214868
2025-01-03 11:57:00,143.9058,143.9300,143.7900,143.8600,250230
2025-01-03 11:58:00,143.8503,143.9800,143.8100,143.9800,208658
2025-01-03 11:59:00,143.9700,144.0100,143.8120,143.8700,492339
2025-01-03 12:00:00,143.8712,144.0200,143.8712,143.9546,291803
2025-01-03 12:01:00,143.9699,144.0600,143.9300,144.0450,349641
2025-01-03 12:02:00,144.0500,144.0700,143.9400,144.0000,270213
2025-01-03 12:03:00,144.0000,144.1300,144.0000,144.0620,415778
2025-01-03 12:04:00,144.0700,144.1100,144.0100,144.0200,300524
2025-01-03 12:05:00,144.0187,144.0600,143.9000,143.9100,266304
2025-01-03 12:06:00,143.9000,144.0000,143.9000,143.9850,285072
2025-01-03 12:07:00,143.9850,144.0100,143.9000,143.9050,206514
2025-01-03 12:08:00,143.9050,143.9100,143.7400,143.8140,382014
2025-01-03 12:09:00,143.8100,143.8300,143.7100,143.7999,390380
2025-01-03 12:10:00,143.7900,143.9300,143.7600,143.9199,259889
2025-01-03 12:11:00,143.9100,143.9300,143.8300,143.9081,173953
2025-01-03 12:12:00,143.9000,143.9200,143.7650,143.7750,208333
2025-01-03 12:13:00,143.7800,143.8440,143.7500,143.7590,680754
2025-01-03 12:14:00,143.7540,143.8300,143.7100,143.7200,285958
2025-01-03 12:15:00,143.7300,143.8950,143.7100,143.8800,338750
2025-01-03 12:16:00,143.8741,143.9600,143.8741,143.9250,218178
2025-01-03 12:17:00,143.9200,143.9200,143.8700,143.8957,219986
2025-01-03 12:18:00,143.8854,143.9200,143.8450,143.9100,145508
2025-01-03 12:19:00,143.9200,143.9250,143.7500,143.7791,220228
2025-01-03 12:20:00,143.7800,143.8500,143.7700,143.7846,240715
2025-01-03 12:21:00,143.7850,143.8100,143.6200,143.7700,342252
2025-01-03 12:22:00,143.7700,143.8000,143.7100,143.7901,201266
2025-01-03 12:23:00,143.7970,143.8300,143.7500,143.8200,206162
2025-01-03 12:24:00,143.8200,143.8600,143.7800,143.8585,149462
2025-01-03 12:25:00,143.8500,143.9700,143.8500,143.9658,260268
2025-01-03 12:26:00,143.9684,144.0000,143.8800,143.9100,299454
2025-01-03 12:27:00,143.9140,143.9550,143.8400,143.8400,189818
2025-01-03 12:28:00,143.8500,143.8600,143.6800,143.7501,284774
2025-01-03 12:29:00,143.7500,143.7850,143.6500,143.6803,209247
2025-01-03 12:30:00,143.6900,143.8000,143.6900,143.7490,175024
2025-01-03 12:31:00,143.7500,143.7957,143.7200,143.7376,141202
2025-01-03 12:32:00,143.7400,143.7800,143.6400,143.6450,522176
2025-01-03 12:33:00,143.6500,143.8000,143.6400,143.7700,239000
2025-01-03 12:34:00,143.7800,143.8000,143.7200,143.7500,177799
2025-01-03 12:35:00,143.7550,143.8500,143.7000,143.8092,230659
2025-01-03 12:36:00,143.8001,143.8400,143.2600,143.8000,147366
2025-01-03 12:37:00,143.8100,143.8600,143.7580,143.8522,185189
2025-01-03 12:38:00,143.8573,143.8900,143.8100,143.8360,251263
2025-01-03 12:39:00,143.8300,143.9300,143.8200,143.9194,193356
2025-01-03 12:40:00,143.9113,144.0100,143.9000,143.9950,936155
2025-01-03 12:41:00,143.9901,144.0100,143.9200,143.9910,223710
2025-01-03 12:42:00,144.0000,144.1000,144.0000,144.0900,294027
2025-01-03 12:43:00,144.0850,144.1000,143.9900,144.0600,259693
2025-01-03 12:44:00,144.0680,144.1500,144.0500,144.1500,303953
2025-01-03 12:45:00,144.1500,144.1800,144.1100,144.1600,335005
2025-01-03 12:46:00,144.1580,144.1900,144.0900,144.1450,255591
2025-01-03 12:47:00,144.1435,144.1700,144.0900,144.1400,198747
2025-01-03 12:48:00,144.1500,144.2100,144.0976,144.1700,377453
2025-01-03 12:49:00,144.1900,144.3500,144.1700,144.3411,650626
2025-01-03 12:50:00,144.3410,144.4400,144.3300,144.3801,485793
2025-01-03 12:51:00,144.3900,144.4800,144.3800,144.4604,356415
2025-01-03 12:52:00,144.4700,144.4900,144.4300,144.4900,315728
2025-01-03 12:53:00,144.4850,144.6584,144.4500,144.6250,1088969
2025-01-03 12:54:00,144.6300,144.6700,144.5400,144.5900,518788
2025-01-03 12:55:00,144.5850,144.6700,144.5500,144.6500,428517
2025-01-03 12:56:00,144.6450,144.6500,144.4800,144.4900,410735
2025-01-03 12:57:00,144.4900,144.5700,144.4300,144.5531,321648
2025-01-03 12:58:00,144.5700,144.6150,144.4800,144.5962,420869
2025-01-03 12:59:00,144.5900,144.6864,144.5550,144.6276,359447
2025-01-03 13:00:00,144.6200,144.6800,144.5850,144.6090,349820
2025-01-03 13:01:00,144.6000,144.6200,144.3000,144.3450,467374
2025-01-03 13:02:00,144.3450,144.4800,144.3302,144.4400,315654
2025-01-03 13:03:00,144.4300,144.4900,144.3550,144.3650,312435
2025-01-03 13:04:00,144.3650,144.4600,144.3500,144.4200,185286
2025-01-03 13:05:00,144.4200,144.5300,144.3700,144.5250,299514
2025-01-03 13:06:00,144.5300,144.5900,144.4600,144.5300,244091
2025-01-03 13:07:00,144.5300,144.6400,144.5200,144.5950,313737
2025-01-03 13:08:00,144.6000,144.6200,144.5600,144.6200,224312
2025-01-03 13:09:00,144.6150,144.7000,144.6100,144.6960,392191
2025-01-03 13:10:00,144.7000,144.7050,144.6601,144.6850,241098
2025-01-03 13:11:00,144.6850,144.7400,144.5550,144.5604,405747
2025-01-03 13:12:00,144.5650,144.6000,144.4800,144.4800,332895
2025-01-03 13:13:00,144.4880,144.6100,144.4610,144.6050,237701
2025-01-03 13:14:00,144.6000,144.6400,144.5600,144.6269,229457
2025-01-03 13:15:00,144.6200,144.6200,144.4300,144.4500,291505
2025-01-03 13:16:00,144.4400,144.4850,144.3200,144.3359,306153
2025-01-03 13:17:00,144.3201,144.3700,144.1600,144.1999,461147
2025-01-03 13:18:00,144.1900,144.2300,144.1301,144.1900,356343
2025-01-03 13:19:00,144.1977,144.3000,144.1829,144.2587,279539
2025-01-03 13:20:00,144.2522,144.4000,144.2150,144.3586,339971
2025-01-03 13:21:00,144.3550,144.4000,144.2500,144.2850,278074
2025-01-03 13:22:00,144.2900,144.2900,144.1600,144.2087,284842
2025-01-03 13:23:00,144.2065,144.2100,144.1200,144.1800,557973
2025-01-03 13:24:00,144.1887,144.2200,144.1300,144.2054,196599
2025-01-03 13:25:00,144.2100,144.3100,144.1800,144.3100,246962
2025-01-03 13:26:00,144.3050,144.3700,144.2500,144.3200,249507
2025-01-03 13:27:00,144.3120,144.3900,144.2700,144.3644,234052
2025-01-03 13:28:00,144.3601,144.4400,144.3600,144.4300,238701
2025-01-03 13:29:00,144.4300,144.5200,144.3900,144.4953,651487
2025-01-03 13:30:00,144.5000,144.5571,144.4400,144.5511,294580
2025-01-03 13:31:00,144.5500,144.6550,144.5230,144.6400,309992
2025-01-03 13:32:00,144.6400,144.6800,144.5400,144.6000,314348
2025-01-03 13:33:00,144.6000,144.6200,144.4975,144.5601,268796
2025-01-03 13:34:00,144.5700,144.7000,144.5300,144.6954,338631
2025-01-03 13:35:00,144.7000,144.8500,144.6900,144.8483,523547
2025-01-03 13:36:00,144.8500,144.8600,144.8000,144.8460,390603
2025-01-03 13:37:00,144.8450,144.9000,144.8000,144.8119,411402
2025-01-03 13:38:00,144.8150,144.8380,144.7000,144.7247,271687
2025-01-03 13:39:00,144.7300,144.8300,144.7100,144.7692,287871
2025-01-03 13:40:00,144.7600,144.8500,144.7500,144.8088,242103
2025-01-03 13:41:00,144.8095,144.8700,144.8000,144.8550,166874
2025-01-03 13:42:00,144.8588,144.8800,144.7400,144.7440,238064
2025-01-03 13:43:00,144.7420,144.7850,144.6200,144.6300,373639
2025-01-03 13:44:00,144.6350,144.7000,144.5800,144.6640,257177
2025-01-03 13:45:00,144.6700,144.6999,144.6300,144.6501,174767
2025-01-03 13:46:00,144.6550,144.7000,144.6400,144.6474,155981
2025-01-03 13:47:00,144.6400,144.6450,144.4600,144.4899,314943
2025-01-03 13:48:00,144.4850,144.5000,144.4100,144.4450,275316
2025-01-03 13:49:00,144.4450,144.4500,144.3500,144.3650,240558
2025-01-03 13:50:00,144.3700,144.3789,144.1600,144.1700,549720
2025-01-03 13:51:00,144.1700,144.2300,144.1450,144.1650,323893
2025-01-03 13:52:00,144.1650,144.1900,144.1101,144.1750,315348
2025-01-03 13:53:00,144.1746,144.2800,144.1700,144.2487,286243
2025-01-03 13:54:00,144.2500,144.4900,144.2400,144.4900,286273
2025-01-03 13:55:00,144.4900,144.4900,144.3400,144.4100,301946
2025-01-03 13:56:00,144.4050,144.4099,144.3200,144.3454,175399
2025-01-03 13:57:00,144.3450,144.3600,144.2700,144.3399,287996
2025-01-03 13:58:00,144.3344,144.3400,144.2200,144.2450,294450
2025-01-03 13:59:00,144.2400,144.2862,143.9200,144.0685,705788
2025-01-03 14:00:00,144.0700,144.0900,143.8200,144.0600,542097
2025-01-03 14:01:00,144.0600,144.1400,144.0100,144.0500,299284
2025-01-03 14:02:00,144.0600,144.1800,144.0550,144.1109,255877
2025-01-03 14:03:00,144.1200,144.1499,144.0600,144.0700,213413
2025-01-03 14:04:00,144.0650,144.1400,144.0300,144.1350,224228
2025-01-03 14:05:00,144.1350,144.6000,144.0700,144.4650,977934
2025-01-03 14:06:00,144.4620,144.6000,144.4100,144.5103,576412
2025-01-03 14:07:00,144.5200,144.5200,144.3100,144.4800,352645
2025-01-03 14:08:00,144.4700,144.5100,144.4500,144.4810,251793
2025-01-03 14:09:00,144.4900,144.5800,144.3800,144.4564,575837
2025-01-03 14:10:00,144.4600,144.5800,144.3200,144.5457,342774
2025-01-03 14:11:00,144.5360,144.5800,144.4000,144.4250,231162
2025-01-03 14:12:00,144.4300,144.5452,144.3700,144.5050,240184
2025-01-03 14:13:00,144.5001,144.7200,144.4900,144.7072,597683
2025-01-03 14:14:00,144.7100,144.7199,144.4600,144.5391,339765
2025-01-03 14:15:00,144.5400,144.5500,144.3800,144.4850,265366
2025-01-03 14:16:00,144.4872,144.4900,144.3500,144.3900,232586
2025-01-03 14:17:00,144.3900,144.4900,144.3300,144.4302,229459
2025-01-03 14:18:00,144.4400,144.4600,144.2301,144.2560,336896
2025-01-03 14:19:00,144.2546,144.3500,144.2200,144.3450,262986
2025-01-03 14:20:00,144.3450,144.4385,144.3100,144.3136,234532
2025-01-03 14:21:00,144.3200,144.3900,144.3000,144.3250,178884
2025-01-03 14:22:00,144.3450,144.3699,144.2300,144.2900,208785
2025-01-03 14:23:00,144.2900,144.3400,144.2500,144.2750,219610
2025-01-03 14:24:00,144.2800,144.2880,144.1300,144.1650,335273
2025-01-03 14:25:00,144.1500,144.1850,144.0300,144.1750,406975
2025-01-03 14:26:00,144.1750,144.2300,144.1200,144.2260,204832
2025-01-03 14:27:00,144.2300,144.8715,144.2000,144.3000,203746
2025-01-03 14:28:00,144.2950,144.3650,144.2500,144.2850,592122
2025-01-03 14:29:00,144.2900,144.4100,144.2801,144.3710,207557
2025-01-03 14:30:00,144.3700,144.3700,144.2000,144.2000,222018
2025-01-03 14:31:00,144.2000,144.2100,144.1000,144.1701,424628
2025-01-03 14:32:00,144.1750,144.1994,144.1208,144.1502,320009
2025-01-03 14:33:00,144.1500,144.2000,144.0800,144.2000,305261
2025-01-03 14:34:00,144.2000,144.2300,144.1500,144.1635,202722
2025-01-03 14:35:00,144.1650,144.2100,144.1500,144.1650,193136
2025-01-03 14:36:00,144.1650,144.2571,144.1550,144.2050,180225
2025-01-03 14:37:00,144.2150,144.4000,144.2100,144.3988,311744
2025-01-03 14:38:00,144.3950,144.5188,144.3801,144.5050,490216
2025-01-03 14:39:00,144.5050,144.5500,144.4900,144.5399,218687
2025-01-03 14:40:00,144.5200,144.5300,144.3600,144.3714,306884
2025-01-03 14:41:00,144.3800,144.4800,144.3600,144.4650,194912
2025-01-03 14:42:00,144.4536,144.4800,144.4250,144.4350,192251
2025-01-03 14:43:00,144.4300,144.4500,144.3301,144.3763,161070
2025-01-03 14:44:00,144.3800,144.3992,144.2550,144.2550,188350
2025-01-03 14:45:00,144.2500,144.2700,144.1201,144.2600,297895
2025-01-03 14:46:00,144.2670,144.3700,144.2500,144.3600,221294
2025-01-03 14:47:00,144.3550,144.3550,144.2220,144.2920,167200
2025-01-03 14:48:00,144.2950,144.3300,144.2700,144.3160,122570
2025-01-03 14:49:00,144.3150,144.3800,144.2900,144.3700,180331
2025-01-03 14:50:00,144.3700,144.4400,144.3400,144.4100,257162
2025-01-03 14:51:00,144.4033,144.4400,144.3075,144.3100,274880
2025-01-03 14:52:00,144.3101,144.3200,144.2100,144.2400,216333
2025-01-03 14:53:00,144.2450,144.2900,144.1600,144.2700,295103
2025-01-03 14:54:00,144.2708,144.3599,144.2600,144.3455,177240
2025-01-03 14:55:00,144.3600,144.3900,144.2800,144.2800,215632
2025-01-03 14:56:00,144.2814,144.3900,144.2650,144.3700,460275
2025-01-03 14:57:00,144.3700,144.4300,144.3601,144.4100,194404
2025-01-03 14:58:00,144.4100,144.4500,144.3600,144.4450,269366
2025-01-03 14:59:00,144.4500,144.4900,144.4000,144.4199,234892
2025-01-03 15:00:00,144.4100,144.4100,144.1650,144.2610,636218
2025-01-03 15:01:00,144.2600,144.2798,144.1600,144.1690,228339
2025-01-03 15:02:00,144.1700,144.3300,144.1600,144.2650,264306
2025-01-03 15:03:00,144.2700,144.3100,144.2000,144.2000,186242
2025-01-03 15:04:00,144.2000,144.2500,144.1700,144.1800,177538
2025-01-03 15:05:00,144.1800,144.1850,144.0400,144.0640,349919
2025-01-03 15:06:00,144.0650,144.2500,144.0625,144.2457,304793
2025-01-03 15:07:00,144.2499,144.3400,144.2400,144.3254,370399
2025-01-03 15:08:00,144.3300,144.3700,144.2900,144.3700,291716
2025-01-03 15:09:00,144.3700,144.4000,144.2601,144.2850,258837
2025-01-03 15:10:00,144.2800,144.3400,144.2600,144.2609,190235
2025-01-03 15:11:00,144.2600,144.2800,144.0700,144.0899,320044
2025-01-03 15:12:00,144.0810,144.1300,144.0550,144.0900,285822
2025-01-03 15:13:00,144.0900,144.1650,144.0700,144.1550,175343
2025-01-03 15:14:00,144.1600,144.3400,144.1592,144.3300,288865
2025-01-03 15:15:00,144.3250,144.3300,144.2200,144.2600,223967
2025-01-03 15:16:00,144.2700,144.2800,144.1600,144.1806,204606
2025-01-03 15:17:00,144.1850,144.3166,144.1700,144.3166,178392
2025-01-03 15:18:00,144.3154,144.5000,144.2900,144.4800,837618
2025-01-03 15:19:00,144.4854,144.4854,144.3500,144.3550,277444
2025-01-03 15:20:00,144.3550,144.3600,144.1100,144.2399,374628
2025-01-03 15:21:00,144.2350,144.2350,144.1500,144.2100,183081
2025-01-03 15:22:00,144.2032,144.3400,144.2000,144.3350,271255
2025-01-03 15:23:00,144.3300,144.3784,144.2601,144.2701,230059
2025-01-03 15:24:00,144.2700,144.2957,144.1400,144.2400,280707
2025-01-03 15:25:00,144.2400,144.3000,144.2300,144.2900,191669
2025-01-03 15:26:00,144.2900,144.2900,144.1800,144.2100,245347
2025-01-03 15:27:00,144.2100,144.2500,144.2000,144.2500,215395
2025-01-03 15:28:00,144.2400,144.3000,144.1900,144.2800,213450
2025-01-03 15:29:00,144.2711,144.3400,144.2600,144.3200,258464
2025-01-03 15:30:00,144.3000,144.3050,144.1100,144.1545,713015
2025-01-03 15:31:00,144.1540,144.2400,144.1100,144.1550,280767
2025-01-03 15:32:00,144.1581,144.2700,144.0600,144.1500,658726
2025-01-03 15:33:00,144.1420,144.1600,144.0800,144.1090,216962
2025-01-03 15:34:00,144.1060,144.1700,144.0600,144.1450,281246
2025-01-03 15:35:00,144.1400,144.1700,144.0700,144.1650,222897
2025-01-03 15:36:00,144.1650,144.3200,144.1100,144.3000,368975
2025-01-03 15:37:00,144.3100,144.4000,144.2700,144.3500,658830
2025-01-03 15:38:00,144.3500,144.5000,144.3500,144.4600,403754
2025-01-03 15:39:00,144.4574,144.4800,144.4100,144.4501,236469
2025-01-03 15:40:00,144.4500,144.4580,144.2800,144.3701,319240
2025-01-03 15:41:00,144.3700,144.4500,144.2800,144.4150,299268
2025-01-03 15:42:00,144.4104,144.4381,144.3500,144.3748,346214
2025-01-03 15:43:00,144.3740,144.4050,144.2912,144.3453,255811
2025-01-03 15:44:00,144.3450,144.4100,144.3400,144.3800,272451
2025-01-03 15:45:00,144.3700,144.5300,144.3531,144.5250,555223
2025-01-03 15:46:00,144.5120,144.7200,144.5120,144.5700,679419
2025-01-03 15:47:00,144.5650,144.6000,144.3700,144.3800,406768
2025-01-03 15:48:00,144.3701,144.4800,144.3600,144.4284,365900
2025-01-03 15:49:00,144.4210,144.4300,144.3500,144.3584,338695
2025-01-03 15:50:00,144.3650,144.3700,144.1300,144.2500,756743
2025-01-03 15:51:00,144.2500,144.2800,144.1200,144.2700,808045
2025-01-03 15:52:00,144.2700,144.3900,144.2500,144.3700,473983
2025-01-03 15:53:00,144.3600,144.4600,144.3400,144.3518,499324
2025-01-03 15:54:00,144.3500,144.7000,144.3400,144.5000,1262831
2025-01-03 15:55:00,144.4950,144.5100,143.8000,144.3250,1331990
2025-01-03 15:56:00,144.3300,144.4690,144.3100,144.4118,675184
2025-01-03 15:57:00,144.4200,144.5000,144.3892,144.4400,752134
2025-01-03 15:58:00,144.4400,144.4900,144.3500,144.4660,1126664
2025-01-03 15:59:00,144.4500,144.5900,144.4000,144.5900,2234797
2025-01-03 16:00:00,144.5900,144.8500,144.4600,144.5100,32599326
2025-01-03 16:01:00,144.5300,144.6100,144.4700,144.5099,627179
2025-01-03 16:02:00,144.5000,144.5100,144.2800,144.3500,57589
2025-01-03 16:03:00,144.2800,144.8500,144.2800,144.4400,22483
2025-01-03 16:04:00,144.4495,144.5100,144.3800,144.4500,25609
2025-01-03 16:05:00,144.4500,144.4700,144.4000,144.4100,2292760
2025-01-03 16:06:00,144.4300,144.5000,144.4100,144.4800,34430
2025-01-03 16:07:00,144.4800,144.5500,143.6677,144.5400,89952
2025-01-03 16:08:00,144.5000,144.5900,144.4800,144.5500,15248
2025-01-03 16:09:00,144.6000,144.6000,144.4700,144.5900,108390
2025-01-03 16:10:00,144.5600,144.6100,144.5500,144.5580,22345
2025-01-03 16:11:00,144.5500,144.5900,144.4700,144.5700,21108
2025-01-03 16:12:00,144.5800,144.5800,144.5500,144.5500,6705
2025-01-03 16:13:00,144.5500,144.5700,144.4700,144.5100,285191
2025-01-03 16:14:00,144.5200,144.6100,144.5200,144.6100,25936
2025-01-03 16:15:00,144.4700,144.8500,144.4700,144.5900,19999
2025-01-03 16:16:00,144.5800,144.6000,144.5500,144.5600,19256
2025-01-03 16:17:00,144.5900,144.5900,144.5000,144.5600,26427
2025-01-03 16:18:00,144.5500,144.5900,144.5100,144.5600,12745
2025-01-03 16:19:00,144.5200,144.6400,144.5200,144.5893,15630
2025-01-03 16:20:00,144.4700,144.5900,144.4700,144.5400,17954
2025-01-03 16:21:00,144.5400,144.5500,144.5000,144.5195,9802
2025-01-03 16:22:00,144.5157,144.5200,144.5000,144.5101,8523
2025-01-03 16:23:00,144.5100,144.5200,144.4700,144.4700,11654
2025-01-03 16:24:00,144.4700,144.5100,144.4200,144.5100,11499
2025-01-03 16:25:00,144.5000,144.5100,144.4800,144.5000,15090
2025-01-03 16:26:00,144.5099,144.5100,144.4700,144.4800,9011
2025-01-03 16:27:00,144.4700,144.4900,144.4400,144.4895,28834
2025-01-03 16:28:00,144.4900,144.5200,144.4500,144.4700,12795
2025-01-03 16:29:00,144.4800,144.4900,144.4100,144.4350,14234
2025-01-03 16:30:00,144.4300,144.4500,144.3900,144.4195,25961
2025-01-03 16:31:00,144.4100,144.4700,144.3900,144.4450,20656
2025-01-03 16:32:00,144.4200,144.4800,144.4100,144.4400,6602
2025-01-03 16:33:00,144.4200,144.4400,144.4100,144.4200,9514
2025-01-03 16:34:00,144.4105,144.4500,144.4100,144.4300,4551
2025-01-03 16:35:00,144.4500,144.4700,144.4100,144.4300,9893
2025-01-03 16:36:00,144.4200,144.6000,144.4000,144.5000,41043
2025-01-03 16:37:00,144.4500,144.5000,144.4100,144.4800,4674
2025-01-03 16:38:00,144.4600,144.5000,144.4500,144.4750,2048019
2025-01-03 16:39:00,144.5000,144.5000,144.4500,144.5000,13226
2025-01-03 16:40:00,144.4900,144.5000,144.4600,144.4800,4797
2025-01-03 16:41:00,144.4900,144.5000,144.4600,144.5000,2424
2025-01-03 16:42:00,144.5000,144.5000,144.4700,144.4993,9498
2025-01-03 16:43:00,144.4900,144.5800,144.4800,144.5699,18446
2025-01-03 16:44:00,144.5699,144.5900,144.4700,144.5900,3389657
2025-01-03 16:45:00,144.5700,144.5900,144.4700,144.5350,14641
2025-01-03 16:46:00,144.5500,144.5800,144.5100,144.5450,3559
2025-01-03 16:47:00,144.5800,144.6000,144.5100,144.5800,6414
2025-01-03 16:48:00,144.5563,144.5800,144.5500,144.5700,7184
2025-01-03 16:49:00,144.5700,144.6100,144.5700,144.5700,9290
2025-01-03 16:50:00,144.5798,144.6300,144.5500,144.6300,17657
2025-01-03 16:51:00,144.6300,144.7000,144.6100,144.6350,29204
2025-01-03 16:52:00,144.6300,144.6800,144.4700,144.6600,1473279
2025-01-03 16:53:00,144.6410,144.6800,144.4700,144.6600,23978
2025-01-03 16:54:00,144.6600,144.6700,144.5800,144.6000,10636
2025-01-03 16:55:00,144.6000,144.6200,135.0093,144.5508,8418
2025-01-03 16:56:00,144.5700,144.6200,135.0093,144.5900,7600
2025-01-03 16:57:00,144.5900,144.6200,144.5500,144.5500,14217
2025-01-03 16:58:00,144.5700,144.5800,144.5000,144.5500,20518
2025-01-03 16:59:00,144.5500,144.5800,144.5500,144.5600,12732
2025-01-03 17:00:00,144.5699,144.5700,144.5500,144.5700,4605
2025-01-03 17:01:00,144.5650,144.5700,144.5600,144.5650,3107
2025-01-03 17:02:00,144.5600,144.5700,144.5600,144.5600,3922
2025-01-03 17:03:00,144.5600,144.5700,144.5500,144.5698,5683
2025-01-03 17:04:00,144.5600,144.5800,144.5500,144.5700,5756
2025-01-03 17:05:00,144.5700,144.6000,144.4700,144.6000,7709
2025-01-03 17:06:00,144.5900,144.6000,144.5700,144.5900,5494
2025-01-03 17:07:00,144.5800,144.6000,144.4700,144.5700,13181
2025-01-03 17:08:00,144.5700,144.5800,144.5500,144.5650,9646
2025-01-03 17:09:00,144.5650,144.5700,144.5000,144.5300,4599
2025-01-03 17:10:00,144.5000,144.5600,144.5000,144.5350,1432
2025-01-03 17:11:00,144.5388,144.5500,144.5100,144.5300,3792
2025-01-03 17:12:00,144.5300,144.5400,144.5100,144.5200,2816
2025-01-03 17:13:00,144.5299,144.5500,144.5100,144.5165,7276
2025-01-03 17:14:00,144.5200,144.5400,144.5100,144.5200,2190
2025-01-03 17:15:00,144.5200,144.5400,144.5000,144.5000,18747
2025-01-03 17:16:00,144.5000,144.5288,144.5000,144.5100,2819
2025-01-03 17:17:00,144.5300,144.5500,144.5100,144.5400,9409
2025-01-03 17:18:00,144.5450,144.5500,144.5400,144.5450,1825
2025-01-03 17:19:00,144.5400,144.5500,144.5400,144.5400,6963
2025-01-03 17:20:00,144.5400,144.5500,144.5400,144.5450,2310
2025-01-03 17:21:00,144.5400,144.5600,144.5400,144.5496,8558
2025-01-03 17:22:00,144.5400,144.5500,144.5400,144.5500,6464
2025-01-03 17:23:00,144.5500,144.6000,144.5400,144.5700,6650
2025-01-03 17:24:00,144.5700,144.6000,144.5700,144.6000,9181
2025-01-03 17:25:00,144.6000,144.6300,144.5700,144.6000,12348
2025-01-03 17:26:00,144.6100,144.6300,144.6000,144.6300,4901
2025-01-03 17:27:00,144.6300,144.6400,144.6000,144.6400,12640
2025-01-03 17:28:00,144.6400,144.6600,144.6100,144.6400,13697
2025-01-03 17:29:00,144.6450,144.6800,144.6000,144.6200,7689
2025-01-03 17:30:00,144.6500,144.6700,144.6200,144.6597,7080
2025-01-03 17:31:00,144.6550,144.6900,144.6500,144.6850,9812
2025-01-03 17:32:00,144.6993,144.6993,144.6400,144.6500,3924
2025-01-03 17:33:00,144.6700,144.6700,144.6400,144.6550,4051
2025-01-03 17:34:00,144.6400,144.6900,144.6300,144.6500,8807
2025-01-03 17:35:00,144.6400,144.6600,144.6300,144.6500,3597
2025-01-03 17:36:00,144.6500,144.6500,144.6300,144.6400,1403
2025-01-03 17:37:00,144.6300,144.6600,144.6300,144.6400,5571
2025-01-03 17:38:00,144.6400,144.6500,144.6300,144.6400,2409
2025-01-03 17:39:00,144.6300,144.6600,144.6300,144.6500,4169
2025-01-03 17:40:00,144.6500,144.7400,144.6400,144.7100,34105
2025-01-03 17:41:00,144.7400,144.7400,144.6800,144.7200,4859
2025-01-03 17:42:00,144.7300,144.7500,144.7100,144.7397,8369
2025-01-03 17:43:00,144.7400,144.7400,144.7200,144.7300,5737
2025-01-03 17:44:00,144.7300,144.7400,144.7100,144.7100,8434
2025-01-03 17:45:00,144.7200,144.7300,144.7000,144.7200,1752
2025-01-03 17:46:00,144.7200,144.7500,144.7200,144.7300,5571
2025-01-03 17:47:00,144.7400,144.7500,144.7300,144.7400,7546
2025-01-03 17:48:00,144.7399,144.7400,144.7200,144.7400,1561
2025-01-03 17:49:00,144.7200,144.7500,144.7200,144.7500,26997
2025-01-03 17:50:00,144.7400,144.7800,144.7400,144.7600,13763
2025-01-03 17:51:00,144.7600,144.8185,144.7600,144.8000,32109
2025-01-03 17:52:00,144.7700,144.8200,144.7500,144.7890,2817
2025-01-03 17:53:00,144.7700,144.7900,144.7500,144.7600,3222
2025-01-03 17:54:00,144.7550,144.7900,144.7400,144.7600,3561
2025-01-03 17:55:00,144.7693,144.7696,144.7200,144.7300,2419
2025-01-03 17:56:00,144.7400,144.7700,144.7100,144.7600,5353
2025-01-03 17:57:00,144.7600,144.8000,144.7600,144.7950,5530
2025-01-03 17:58:00,144.8000,144.8300,144.7900,144.8100,7232
2025-01-03 17:59:00,144.8008,144.8300,144.7900,144.8000,5726
2025-01-03 18:00:00,144.8200,144.8400,144.8000,144.8300,7533
2025-01-03 18:01:00,144.8399,144.8400,144.8200,144.8300,2941
2025-01-03 18:02:00,144.8400,144.8400,144.8200,144.8200,2600
2025-01-03 18:03:00,144.8200,144.8700,144.8100,144.8500,20344
2025-01-03 18:04:00,144.8700,144.8700,144.8000,144.8099,8793
2025-01-03 18:05:00,144.8099,144.8600,144.8000,144.8550,6171
2025-01-03 18:06:00,144.8600,144.8900,144.8300,144.8300,16592
2025-01-03 18:07:00,144.8200,144.8700,144.8200,144.8500,5427
2025-01-03 18:08:00,144.8500,144.9500,144.8400,144.8700,18876
2025-01-03 18:09:00,144.8700,144.8800,144.8400,144.8400,3208
2025-01-03 18:10:00,144.8400,144.8500,144.8400,144.8500,6681
2025-01-03 18:11:00,144.8400,144.8500,144.7900,144.8000,9205
2025-01-03 18:12:00,144.7900,144.8500,144.7900,144.8400,5775
2025-01-03 18:13:00,144.8500,144.9000,144.8200,144.8500,12264
2025-01-03 18:14:00,144.8700,144.9000,144.8500,144.8950,10225
2025-01-03 18:15:00,144.8900,144.9400,144.8700,144.8700,33651
2025-01-03 18:16:00,144.9000,144.9100,144.8600,144.8700,2732
2025-01-03 18:17:00,144.8800,144.9300,144.8700,144.9000,2246
2025-01-03 18:18:00,144.9300,144.9400,144.9000,144.9300,6281
2025-01-03 18:19:00,144.9400,144.9500,144.9000,144.9400,9495
2025-01-03 18:20:00,144.9400,144.9600,144.9300,144.9600,11489
2025-01-03 18:21:00,144.9500,144.9700,144.9000,144.9200,11844
2025-01-03 18:22:00,144.9250,144.9500,144.9000,144.9200,2665
2025-01-03 18:23:00,144.9100,144.9200,144.8800,144.8999,10169
2025-01-03 18:24:00,144.8950,144.9000,144.8800,144.8900,3363
2025-01-03 18:25:00,144.9000,144.9000,144.8800,144.8900,2653
2025-01-03 18:26:00,144.9000,144.9500,144.8800,144.9400,10417
2025-01-03 18:27:00,144.9400,144.9500,144.9000,144.9200,5555
2025-01-03 18:28:00,144.9300,144.9600,144.9000,144.9500,7500
2025-01-03 18:29:00,144.9600,144.9700,144.9100,144.9400,14008
2025-01-03 18:30:00,144.9500,144.9700,144.9200,144.9500,6223
2025-01-03 18:31:00,144.9400,144.9500,144.9200,144.9300,12620
2025-01-03 18:32:00,144.9300,144.9400,144.9200,144.9300,6161
2025-01-03 18:33:00,144.9200,144.9400,144.9200,144.9300,5563
2025-01-03 18:34:00,144.9400,144.9400,144.9200,144.9298,4878
2025-01-03 18:35:00,144.9250,144.9400,144.9200,144.9200,6087
2025-01-03 18:36:00,144.9298,144.9300,144.9000,144.9300,5645
2025-01-03 18:37:00,144.9300,145.0000,144.8812,144.9000,18846
2025-01-03 18:38:00,144.9000,144.9300,144.8900,144.9200,2032
2025-01-03 18:39:00,144.9200,144.9300,144.9100,144.9200,1736
2025-01-03 18:40:00,144.9201,144.9400,144.9000,144.9250,4560
2025-01-03 18:41:00,144.9200,144.9300,144.9150,144.9300,4902
2025-01-03 18:42:00,144.9300,144.9400,144.9100,144.9300,1726
2025-01-03 18:43:00,144.9250,144.9400,144.9100,144.9100,4461
2025-01-03 18:44:00,144.9200,144.9300,144.9200,144.9200,4655
2025-01-03 18:45:00,144.9300,144.9300,144.9100,144.9300,6581
2025-01-03 18:46:00,144.9300,144.9400,144.9100,144.9350,6028
2025-01-03 18:47:00,144.9350,144.9400,144.9000,144.9200,4354
2025-01-03 18:48:00,144.9100,144.9400,144.9100,144.9300,7229
2025-01-03 18:49:00,144.9200,144.9400,144.9000,144.9050,1847
2025-01-03 18:50:00,144.9050,144.9200,144.9000,144.9000,3850
2025-01-03 18:51:00,144.9000,144.9200,144.9000,144.9001,9288
2025-01-03 18:52:00,144.9200,144.9300,144.9000,144.9200,1567
2025-01-03 18:53:00,144.9000,144.9200,144.8800,144.8900,10625
2025-01-03 18:54:00,144.8900,144.9000,144.8800,144.8900,4777
2025-01-03 18:55:00,144.8800,144.9000,144.8800,144.9000,6613
2025-01-03 18:56:00,144.8800,144.9400,144.8800,144.9000,4277
2025-01-03 18:57:00,144.9000,144.9300,144.8800,144.9000,4715
2025-01-03 18:58:00,144.9100,144.9200,144.8800,144.9000,2478
2025-01-03 18:59:00,144.9000,144.9200,144.8800,144.9100,5882
2025-01-03 19:00:00,144.9000,144.9400,144.8900,144.9000,7312
2025-01-03 19:01:00,144.9300,144.9300,144.9100,144.9200,12462
2025-01-03 19:02:00,144.9200,144.9500,144.9000,144.9000,8806
2025-01-03 19:03:00,144.9000,144.9300,144.9000,144.9150,2163
2025-01-03 19:04:00,144.9200,144.9200,144.9000,144.9050,4773
2025-01-03 19:05:00,144.9000,144.9500,144.9000,144.9400,5101
2025-01-03 19:06:00,144.9400,144.9500,144.9200,144.9200,5597
2025-01-03 19:07:00,144.9300,144.9500,144.9200,144.9300,9080
2025-01-03 19:08:00,144.9400,144.9400,144.9200,144.9200,6330
2025-01-03 19:09:00,144.9200,144.9400,144.9100,144.9250,2598
2025-01-03 19:10:00,144.9200,144.9400,144.9100,144.9200,1083
2025-01-03 19:11:00,144.9250,144.9400,144.9100,144.9298,3088
2025-01-03 19:12:00,144.9200,144.9500,144.9000,144.9200,3869
2025-01-03 19:13:00,144.9300,144.9400,144.9000,144.9200,1077
2025-01-03 19:14:00,144.9100,144.9400,144.9100,144.9400,1967
2025-01-03 19:15:00,144.9300,144.9400,144.9200,144.9300,1104
2025-01-03 19:16:00,144.9300,144.9300,144.9000,144.9200,5436
2025-01-03 19:17:00,144.9200,144.9300,144.9000,144.9300,4752
2025-01-03 19:18:00,144.9100,144.9300,144.9000,144.9299,2343
2025-01-03 19:19:00,144.9200,144.9300,144.9000,144.9100,3117
2025-01-03 19:20:00,144.9000,144.9300,144.9000,144.9200,1769
2025-01-03 19:21:00,144.9298,144.9300,144.9200,144.9300,3274
2025-01-03 19:22:00,144.9300,144.9300,144.9200,144.9300,4251
2025-01-03 19:23:00,144.9300,144.9300,144.9200,144.9200,1524
2025-01-03 19:24:00,144.9200,144.9300,144.9200,144.9250,3938
2025-01-03 19:25:00,144.9200,144.9300,144.9200,144.9250,1713
2025-01-03 19:26:00,144.9300,144.9300,144.9200,144.9300,20511
2025-01-03 19:27:00,144.9201,144.9300,144.9200,144.9297,6938
2025-01-03 19:28:00,144.9203,144.9300,144.9200,144.9299,2245
2025-01-03 19:29:00,144.9200,144.9400,144.9200,144.9399,6566
2025-01-03 19:30:00,144.9300,144.9600,144.9300,144.9500,16609
2025-01-03 19:31:00,144.9500,144.9700,144.9400,144.9400,7237
2025-01-03 19:32:00,144.9500,144.9500,144.9400,144.9499,6368
2025-01-03 19:33:00,144.9500,144.9600,144.9400,144.9600,3284
2025-01-03 19:34:00,144.9500,144.9800,144.9500,144.9797,12523
2025-01-03 19:35:00,144.9797,144.9800,144.9600,144.9800,7895
2025-01-03 19:36:00,144.9700,144.9800,144.9600,144.9600,6554
2025-01-03 19:37:00,144.9600,144.9700,144.9500,144.9700,10714
2025-01-03 19:38:00,144.9700,144.9800,144.9600,144.9750,3673
2025-01-03 19:39:00,144.9700,144.9800,144.9700,144.9750,6011
2025-01-03 19:40:00,144.9800,144.9800,144.9650,144.9700,7463
2025-01-03 19:41:00,144.9700,144.9900,144.9600,144.9800,10945
2025-01-03 19:42:00,144.9800,144.9900,144.9800,144.9800,3733
2025-01-03 19:43:00,144.9900,144.9900,144.9800,144.9900,10615
2025-01-03 19:44:00,144.9900,144.9900,144.9800,144.9900,3708
2025-01-03 19:45:00,144.9850,144.9900,144.9700,144.9900,13709
2025-01-03 19:46:00,144.9800,144.9900,144.9700,144.9700,11673
2025-01-03 19:47:00,144.9900,144.9900,144.9714,144.9800,5177
2025-01-03 19:48:00,144.9800,144.9900,144.9700,144.9800,6962
2025-01-03 19:49:00,144.9900,145.0000,144.9800,144.9950,18888
2025-01-03 19:50:00,144.9900,145.0000,144.9700,144.9700,4393
2025-01-03 19:51:00,144.9800,144.9900,144.9700,144.9700,6189
2025-01-03 19:52:00,144.9800,145.0000,144.9800,145.0000,14974
2025-01-03 19:53:00,145.0000,145.0000,144.9900,144.9999,7090
2025-01-03 19:54:00,144.9950,145.0000,144.9900,144.9900,22365
2025-01-03 19:55:00,145.0000,145.0000,144.9400,144.9400,17341
2025-01-03 19:56:00,144.9400,144.9500,144.8600,144.8800,25004
2025-01-03 19:57:00,144.8800,144.9800,144.8800,144.9701,7405
2025-01-03 19:58:00,144.9700,145.0000,144.9300,144.9800,14062
2025-01-03 19:59:00,144.9650,145.0000,144.9400,144.9900,35061
2025-01-06 04:00:00,146.0000,146.8800,144.8700,146.2500,125521
2025-01-06 04:01:00,146.2100,146.3300,146.1800,146.2500,58070
2025-01-06 04:02:00,146.2500,146.3300,146.0500,146.1600,60834
2025-01-06 04:03:00,146.1400,146.1900,146.1000,146.1500,16786
2025-01-06 04:04:00,146.1600,146.2200,146.1300,146.2000,11507
2025-01-06 04:05:00,146.2000,146.2000,146.1200,146.1600,16354
2025-01-06 04:06:00,146.1600,146.2000,146.1400,146.1700,12238
2025-01-06 04:07:00,146.1600,146.2800,146.1600,146.2500,16365
2025-01-06 04:08:00,146.2500,146.3700,146.2300,146.3400,16731
2025-01-06 04:09:00,146.3400,146.3500,146.2400,146.2900,25322
2025-01-06 04:10:00,146.2900,146.4200,146.2800,146.4000,21363
2025-01-06 04:11:00,146.4000,146.4900,146.3800,146.4800,30536
2025-01-06 04:12:00,146.4800,146.6600,146.4500,146.6400,50138
2025-01-06 04:13:00,146.6500,146.9300,146.6200,146.9000,84096
2025-01-06 04:14:00,146.9300,146.9800,146.8000,146.8800,47525
2025-01-06 04:15:00,146.8800,146.9400,146.8500,146.8800,33010
2025-01-06 04:16:00,146.9000,146.9900,146.8700,146.9900,24962
2025-01-06 04:17:00,146.9900,147.0600,146.8400,146.8400,84211
2025-01-06 04:18:00,146.8300,146.8700,146.8000,146.8600,16177
2025-01-06 04:19:00,146.8600,146.8900,146.8400,146.8600,12764
2025-01-06 04:20:00,146.8600,147.1400,146.8100,146.9600,25499
2025-01-06 04:21:00,146.9800,147.0000,146.9000,146.9800,22648
2025-01-06 04:22:00,146.9700,147.0600,146.9500,147.0600,26950
2025-01-06 04:23:00,147.0500,147.1700,147.0400,147.1400,35945
2025-01-06 04:24:00,147.1400,147.2900,147.1200,147.2700,28909
2025-01-06 04:25:00,147.2600,147.3000,147.1900,147.1900,58258
2025-01-06 04:26:00,147.2200,147.2400,147.1500,147.2000,18611
2025-01-06 04:27:00,147.2300,147.2400,147.1600,147.1900,23882
2025-01-06 04:28:00,147.1900,147.3000,147.1200,147.1500,35390
2025-01-06 04:29:00,147.1600,147.2300,147.1100,147.2100,12632
2025-01-06 04:30:00,147.2300,147.2800,147.1600,147.1700,20878
2025-01-06 04:31:00,147.1700,147.2000,147.1500,147.1700,20987
2025-01-06 04:32:00,147.1700,147.3900,147.1700,147.3700,40718
2025-01-06 04:33:00,147.3700,147.4400,147.3500,147.3600,18667
2025-01-06 04:34:00,147.3500,147.4000,147.2700,147.3800,15557
2025-01-06 04:35:00,147.3900,147.4100,147.2200,147.2800,21389
2025-01-06 04:36:00,147.2900,147.3300,147.1600,147.1800,16504
2025-01-06 04:37:00,147.1800,147.2000,147.1600,147.1600,15419
2025-01-06 04:38:00,147.1600,147.2000,147.1600,147.1700,9773
2025-01-06 04:39:00,147.1600,147.1700,147.0400,147.0700,20169
2025-01-06 04:40:00,147.0800,147.2000,147.0000,147.0200,27933
2025-01-06 04:41:00,147.0300,147.1000,147.0200,147.1000,9425
2025-01-06 04:42:00,147.0900,147.2000,147.0900,147.2000,9367
2025-01-06 04:43:00,147.2000,147.2900,147.1800,147.2800,8546
2025-01-06 04:44:00,147.2900,147.2900,147.2000,147.2600,18726
2025-01-06 04:45:00,147.2500,147.2900,147.2000,147.2400,13081
2025-01-06 04:46:00,147.2400,147.2800,147.2300,147.2600,10577
2025-01-06 04:47:00,147.2600,147.2800,147.2400,147.2600,7365
2025-01-06 04:48:00,147.2500,147.2900,147.1700,147.2200,9886
2025-01-06 04:49:00,147.2100,147.3400,147.2100,147.3400,10426
2025-01-06 04:50:00,147.3000,147.3200,147.2400,147.3000,18527
2025-01-06 04:51:00,147.3200,147.3800,147.3000,147.3800,10515
2025-01-06 04:52:00,147.3700,147.4300,147.3500,147.4200,21379
2025-01-06 04:53:00,147.4200,147.6000,147.4000,147.5600,68459
2025-01-06 04:54:00,147.5600,147.6600,147.5600,147.6100,27255
2025-01-06 04:55:00,147.6100,147.6900,147.6100,147.6200,48163
2025-01-06 04:56:00,147.6500,147.6500,147.3500,147.3700,50089
2025-01-06 04:57:00,147.3700,147.4700,147.3600,147.4300,13986
2025-01-06 04:58:00,147.4400,147.5000,147.4100,147.4700,20659
2025-01-06 04:59:00,147.4800,147.5400,147.4000,147.5400,20546
2025-01-06 05:00:00,147.5300,147.6200,147.5000,147.5100,20269
2025-01-06 05:01:00,147.5000,147.5100,147.3700,147.3700,20713
2025-01-06 05:02:00,147.3600,147.3800,147.2700,147.2900,11032
2025-01-06 05:03:00,147.3000,147.3700,147.2900,147.3500,4334
2025-01-06 05:04:00,147.3600,147.4700,147.2700,147.3100,12930
2025-01-06 05:05:00,147.2800,147.3500,147.2700,147.3500,4597
2025-01-06 05:06:00,147.3500,147.3500,147.2800,147.3100,5574
2025-01-06 05:07:00,147.3200,147.3600,147.3100,147.3500,12352
2025-01-06 05:08:00,147.3500,147.3600,147.2700,147.3000,7744
2025-01-06 05:09:00,147.3000,147.3300,147.2700,147.2700,5095
2025-01-06 05:10:00,147.2800,147.3500,147.2700,147.3300,15999
2025-01-06 05:11:00,147.3400,147.4500,147.3200,147.4300,9424
2025-01-06 05:12:00,147.4000,147.4400,147.3500,147.3800,8943
2025-01-06 05:13:00,147.3700,147.3700,147.3400,147.3500,4150
2025-01-06 05:14:00,147.3500,147.4500,147.3400,147.4100,10841
2025-01-06 05:15:00,147.4300,147.4300,147.3300,147.4000,13022
2025-01-06 05:16:00,147.4000,147.4300,147.3700,147.3800,5892
2025-01-06 05:17:00,147.3800,147.4000,147.3500,147.3800,7246
2025-01-06 05:18:00,147.3800,147.3800,147.3600,147.3800,5192
2025-01-06 05:19:00,147.3700,147.3800,147.3300,147.3700,10263
2025-01-06 05:20:00,147.3600,147.4100,147.3200,147.3300,15587
2025-01-06 05:21:00,147.3300,147.3700,147.3300,147.3600,3643
2025-01-06 05:22:00,147.3600,147.3900,147.3300,147.3400,4604
2025-01-06 05:23:00,147.3400,147.3500,147.2200,147.2500,19278
2025-01-06 05:24:00,147.2700,147.3000,147.2400,147.2500,11183
2025-01-06 05:25:00,147.2600,147.2600,147.2100,147.2400,2253
2025-01-06 05:26:00,147.2400,147.2400,147.1200,147.1500,9314
2025-01-06 05:27:00,147.1500,147.1500,147.0800,147.1200,6425
2025-01-06 05:28:00,147.1200,147.2000,147.1200,147.1400,10082
2025-01-06 05:29:00,147.1600,147.1800,147.1000,147.1100,10304
2025-01-06 05:30:00,147.1000,147.1000,147.0400,147.0500,7168
2025-01-06 05:31:00,147.0500,147.0500,146.9800,147.0000,36211
2025-01-06 05:32:00,146.9900,147.0800,146.9800,147.0500,8607
2025-01-06 05:33:00,147.0600,147.0800,147.0400,147.0700,7329
2025-01-06 05:34:00,147.0600,147.1000,147.0500,147.0800,6326
2025-01-06 05:35:00,147.0800,147.2100,147.0800,147.2100,10263
2025-01-06 05:36:00,147.2100,147.2500,147.1800,147.2500,10263
2025-01-06 05:37:00,147.2300,147.3700,147.2300,147.3200,19598
2025-01-06 05:38:00,147.3200,147.3200,147.2600,147.2700,5987
2025-01-06 05:39:00,147.2700,147.2700,147.2200,147.2200,7870
2025-01-06 05:40:00,147.2300,147.3700,147.2200,147.3300,15827
2025-01-06 05:41:00,147.3300,147.3700,147.3000,147.3500,10941
2025-01-06 05:42:00,147.3500,147.3600,147.3000,147.3100,8731
2025-01-06 05:43:00,147.3100,147.3300,147.2600,147.2600,4375
2025-01-06 05:44:00,147.3000,147.3100,147.2000,147.2400,7020
2025-01-06 05:45:00,147.2300,147.2500,147.1800,147.2200,9925
2025-01-06 05:46:00,147.2100,147.2500,147.1800,147.2200,2200
2025-01-06 05:47:00,147.2300,147.2400,147.2000,147.2000,5501
2025-01-06 05:48:00,147.2000,147.2500,147.1900,147.2500,5276
2025-01-06 05:49:00,147.2400,147.2600,147.2000,147.2400,2224
2025-01-06 05:50:00,147.2400,147.2500,147.1800,147.2100,2546
2025-01-06 05:51:00,147.2200,147.2300,147.1600,147.1700,5294
2025-01-06 05:52:00,147.1500,147.1900,147.1100,147.1700,6798
2025-01-06 05:53:00,147.1700,147.2000,147.1600,147.1900,6785
2025-01-06 05:54:00,147.2000,147.2000,147.1400,147.1500,3615
2025-01-06 05:55:00,147.1500,147.2000,147.1300,147.1700,8288
2025-01-06 05:56:00,147.1700,147.1900,147.1100,147.1100,8113
2025-01-06 05:57:00,147.1300,147.1500,147.1100,147.1200,9812
2025-01-06 05:58:00,147.1300,147.1300,147.1100,147.1300,4509
2025-01-06 05:59:00,147.1300,147.1900,147.1200,147.1700,8412
2025-01-06 06:00:00,147.1800,147.2000,147.0300,147.2000,16005
2025-01-06 06:01:00,147.2000,147.2900,147.1900,147.2800,9673
2025-01-06 06:02:00,147.2600,147.2600,147.1000,147.1800,28477
2025-01-06 06:03:00,147.1500,147.2800,147.1400,147.2800,15680
2025-01-06 06:04:00,147.2800,147.4700,147.2800,147.4400,22685
2025-01-06 06:05:00,147.4400,147.4700,147.4000,147.4600,14854
2025-01-06 06:06:00,147.4600,147.4600,147.4200,147.4500,8739
2025-01-06 06:07:00,147.4500,147.4900,147.4300,147.4400,6931
2025-01-06 06:08:00,147.4300,147.4900,147.4100,147.4400,14800
2025-01-06 06:09:00,147.4500,147.5000,147.4400,147.4900,15629
2025-01-06 06:10:00,147.4800,147.5600,147.4700,147.5600,23556
2025-01-06 06:11:00,147.5600,147.5700,147.4800,147.5300,8031
2025-01-06 06:12:00,147.5200,147.5900,147.5000,147.5500,13777
2025-01-06 06:13:00,147.5300,147.6000,147.5300,147.5900,17163
2025-01-06 06:14:00,147.5800,147.6400,147.5800,147.6200,22049
2025-01-06 06:15:00,147.6200,147.6500,147.5900,147.6500,9643
2025-01-06 06:16:00,147.6500,147.6500,147.4800,147.5000,20033
2025-01-06 06:17:00,147.5000,147.5500,147.4800,147.5200,7231
2025-01-06 06:18:00,147.5000,147.5500,147.4800,147.5000,10012
2025-01-06 06:19:00,147.5000,147.5000,147.4200,147.4600,11227
2025-01-06 06:20:00,147.4600,147.4700,147.4200,147.4600,6164
2025-01-06 06:21:00,147.4600,147.4700,147.3900,147.3900,10039
2025-01-06 06:22:00,147.4000,147.4800,147.3900,147.4700,7212
2025-01-06 06:23:00,147.4700,147.4900,147.4400,147.4500,6938
2025-01-06 06:24:00,147.4800,147.4800,147.4200,147.4800,6348
2025-01-06 06:25:00,147.4800,147.5700,147.4600,147.5100,14940
2025-01-06 06:26:00,147.5400,147.7700,147.5400,147.7700,23148
2025-01-06 06:27:00,147.7600,147.8500,147.7000,147.7200,16421
2025-01-06 06:28:00,147.7500,147.7600,147.5900,147.6500,10154
2025-01-06 06:29:00,147.6500,147.6500,147.5600,147.5800,7648
2025-01-06 06:30:00,147.5700,147.5900,147.4300,147.4500,16898
2025-01-06 06:31:00,147.4700,147.5300,147.4400,147.5100,12577
2025-01-06 06:32:00,147.5100,147.5300,147.4400,147.4500,11822
2025-01-06 06:33:00,147.4700,147.5300,147.4600,147.5000,9296
2025-01-06 06:34:00,147.5100,147.5300,147.4000,147.4500,15521
2025-01-06 06:35:00,147.4600,147.4600,147.3700,147.4000,8656
2025-01-06 06:36:00,147.3900,147.4800,147.3900,147.4800,6370
2025-01-06 06:37:00,147.4800,147.5700,147.4800,147.5300,7304
2025-01-06 06:38:00,147.5300,147.5900,147.5000,147.5900,12722
2025-01-06 06:39:00,147.5800,147.5900,147.5600,147.5800,2465
2025-01-06 06:40:00,147.5800,147.5800,147.5000,147.5100,16647
2025-01-06 06:41:00,147.5100,147.5400,147.4900,147.5100,23660
2025-01-06 06:42:00,147.5100,147.5100,147.4400,147.4500,14753
2025-01-06 06:43:00,147.4400,147.4500,147.4000,147.4100,6278
2025-01-06 06:44:00,147.4000,147.4500,147.4000,147.4300,7096
2025-01-06 06:45:00,147.4200,147.4500,147.4100,147.4200,8000
2025-01-06 06:46:00,147.4300,147.4700,147.4300,147.4700,4139
2025-01-06 06:47:00,147.4700,147.5000,147.4600,147.5000,6260
2025-01-06 06:48:00,147.4900,147.5300,147.4400,147.4700,12015
2025-01-06 06:49:00,147.4600,147.4900,147.4200,147.4500,8403
2025-01-06 06:50:00,147.4700,147.4700,147.4000,147.4200,11673
2025-01-06 06:51:00,147.4200,147.4200,147.4000,147.4100,6448
2025-01-06 06:52:00,147.4100,147.4500,147.3900,147.4300,9325
2025-01-06 06:53:00,147.4300,147.4400,147.3900,147.4300,6323
2025-01-06 06:54:00,147.4300,147.4300,147.3700,147.3700,16479
2025-01-06 06:55:00,147.3900,147.4600,147.2100,147.3200,36845
2025-01-06 06:56:00,147.3300,147.4000,147.3100,147.3900,3725
2025-01-06 06:57:00,147.3800,147.4100,147.3300,147.3600,8675
2025-01-06 06:58:00,147.3600,147.3600,147.3100,147.3500,8558
2025-01-06 06:59:00,147.3300,147.3600,147.2600,147.3400,7683
2025-01-06 07:00:00,147.3200,147.5900,147.0200,147.5600,313105
2025-01-06 07:01:00,147.5700,147.7700,147.5600,147.6800,56665
2025-01-06 07:02:00,147.6800,147.7700,147.6700,147.7500,31551
2025-01-06 07:03:00,147.7600,147.8400,147.7200,147.8000,55163
2025-01-06 07:04:00,147.7900,147.7900,147.7100,147.7700,30571
2025-01-06 07:05:00,147.7700,147.8500,147.7600,147.8400,55970
2025-01-06 07:06:00,147.8500,147.9800,147.8400,147.9800,65675
2025-01-06 07:07:00,147.9900,148.1300,147.9600,148.0900,200163
2025-01-06 07:08:00,148.0900,148.1000,147.9800,148.0000,66004
2025-01-06 07:09:00,147.9800,148.1100,147.9800,148.1100,39688
2025-01-06 07:10:00,148.1000,148.1200,148.0000,148.0400,24473
2025-01-06 07:11:00,148.0400,148.0700,148.0000,148.0500,31091
2025-01-06 07:12:00,148.0500,148.1000,148.0400,148.0800,26790
2025-01-06 07:13:00,148.0900,148.1800,148.0800,148.1400,41746
2025-01-06 07:14:00,148.1300,148.2900,148.1300,148.2700,51287
2025-01-06 07:15:00,148.2700,148.4400,148.2700,148.4000,64562
2025-01-06 07:16:00,148.3900,148.4500,148.3700,148.3900,52562
2025-01-06 07:17:00,148.4100,148.4500,148.3900,148.4400,29990
2025-01-06 07:18:00,148.4400,148.4400,148.2600,148.3000,48264
2025-01-06 07:19:00,148.3100,148.4400,148.2900,148.4200,19258
2025-01-06 07:20:00,148.4300,148.4500,148.3600,148.4100,28921
2025-01-06 07:21:00,148.4300,148.4400,148.4100,148.4300,20047
2025-01-06 07:22:00,148.4300,148.4900,148.3600,148.4800,32604
2025-01-06 07:23:00,148.4900,148.4900,148.4400,148.4500,24796
2025-01-06 07:24:00,148.4500,148.7400,148.4400,148.7100,111213
2025-01-06 07:25:00,148.7100,148.7100,148.5200,148.6200,33655
2025-01-06 07:26:00,148.6200,148.7000,148.6100,148.6800,19035
2025-01-06 07:27:00,148.6700,148.7100,148.6100,148.6300,37724
2025-01-06 07:28:00,148.6200,148.6700,148.5000,148.5400,56122
2025-01-06 07:29:00,148.5500,148.5500,148.2500,148.3100,135632
2025-01-06 07:30:00,148.3200,148.5500,148.3000,148.5300,49102
2025-01-06 07:31:00,148.5100,148.5300,148.4700,148.4800,8862
2025-01-06 07:32:00,148.4800,148.4900,148.3000,148.3500,24184
2025-01-06 07:33:00,148.3500,148.4000,148.3000,148.3500,13581
2025-01-06 07:34:00,148.3600,148.3600,148.0710,148.1000,36474
2025-01-06 07:35:00,148.1100,148.1400,148.0000,148.0200,46699
2025-01-06 07:36:00,148.0100,148.1200,147.9900,148.1100,26456
2025-01-06 07:37:00,148.1100,148.3000,148.1100,148.2900,11344
2025-01-06 07:38:00,148.2900,148.2900,148.1600,148.2100,19499
2025-01-06 07:39:00,148.2100,148.2600,148.1900,148.2000,7700
2025-01-06 07:40:00,148.1900,148.2300,148.1400,148.2200,14756
2025-01-06 07:41:00,148.2300,148.2700,148.1900,148.2400,21992
2025-01-06 07:42:00,148.2400,148.2500,148.1900,148.2200,12855
2025-01-06 07:43:00,148.2200,148.2400,148.1600,148.2100,35546
2025-01-06 07:44:00,148.2100,148.2100,148.1500,148.1800,14437
2025-01-06 07:45:00,148.1700,148.2900,148.1510,148.2700,17920
2025-01-06 07:46:00,148.2610,148.3800,148.2600,148.3800,18857
2025-01-06 07:47:00,148.3800,148.4700,148.3800,148.4500,16347
2025-01-06 07:48:00,148.4500,148.4500,148.4000,148.4200,19667
2025-01-06 07:49:00,148.4000,148.4600,148.4000,148.4400,13472
2025-01-06 07:50:00,148.4400,148.4700,148.4400,148.4600,9676
2025-01-06 07:51:00,148.4600,148.4800,148.4400,148.4800,20957
2025-01-06 07:52:00,148.4800,148.5000,148.4300,148.4300,12305
2025-01-06 07:53:00,148.4400,148.4400,148.2500,148.2800,22994
2025-01-06 07:54:00,148.2700,148.2900,148.2100,148.2800,21843
2025-01-06 07:55:00,148.2800,148.2800,148.2200,148.2700,10180
2025-01-06 07:56:00,148.2800,148.2800,148.2000,148.2300,7184
2025-01-06 07:57:00,148.2300,148.2800,148.2200,148.2700,10334
2025-01-06 07:58:00,148.2600,148.2800,148.2500,148.2700,11110
2025-01-06 07:59:00,148.2600,148.2700,148.2000,148.2500,13205
2025-01-06 08:00:00,145.9135,148.7400,144.4700,147.3864,1516565
2025-01-06 08:01:00,147.3888,148.7200,145.8300,148.2612,78759
2025-01-06 08:02:00,148.3597,148.4297,145.8100,148.1403,29244
2025-01-06 08:03:00,148.1500,148.2500,148.1500,148.2200,22789
2025-01-06 08:04:00,148.2200,148.2800,148.2000,148.2700,29975
2025-01-06 08:05:00,148.2700,148.2800,144.4700,148.2203,32799
2025-01-06 08:06:00,148.2250,148.2800,148.1700,148.2500,26479
2025-01-06 08:07:00,148.2600,148.3000,148.2500,148.2700,31560
2025-01-06 08:08:00,148.2700,148.2900,148.1300,148.2000,24011
2025-01-06 08:09:00,148.1800,148.2000,148.0100,148.0700,38825
2025-01-06 08:10:00,148.0600,148.1000,148.0100,148.0900,36036
2025-01-06 08:11:00,148.0900,148.1800,148.0600,148.1764,28935
2025-01-06 08:12:00,148.1600,148.3100,148.1600,148.2400,59599
2025-01-06 08:13:00,148.2396,148.2600,148.1600,148.2100,14938
2025-01-06 08:14:00,148.2096,148.2100,148.1100,148.1300,18945
2025-01-06 08:15:00,148.1300,148.1800,148.1200,148.1300,21659
2025-01-06 08:16:00,148.1300,148.1800,148.1000,148.1500,20159
2025-01-06 08:17:00,148.1800,148.2100,148.1400,148.2000,17346
2025-01-06 08:18:00,148.2006,148.2400,148.1900,148.2300,13188
2025-01-06 08:19:00,148.2400,148.2500,148.1910,148.2300,22337
2025-01-06 08:20:00,148.2300,148.2400,148.1400,148.1500,37448
2025-01-06 08:21:00,148.1500,148.1700,148.1000,148.1350,33305
2025-01-06 08:22:00,148.1398,148.1500,148.0200,148.0400,34854
2025-01-06 08:23:00,148.0900,148.1600,148.0400,148.1600,16494
2025-01-06 08:24:00,148.1600,148.1800,148.1000,148.1000,25837
2025-01-06 08:25:00,148.1100,148.1496,148.0900,148.1400,33670
2025-01-06 08:26:00,148.1300,148.2295,148.1200,148.2200,31302
2025-01-06 08:27:00,148.2200,148.4200,148.2000,148.4100,63487
2025-01-06 08:28:00,148.4200,148.4700,148.3800,148.4650,48740
2025-01-06 08:29:00,148.4600,148.5600,148.4450,148.4450,88329
2025-01-06 08:30:00,148.4501,148.4900,148.3800,148.4000,45297
2025-01-06 08:31:00,148.3992,148.4000,148.2700,148.3200,35963
2025-01-06 08:32:00,148.3100,148.3800,148.3100,148.3712,33380
2025-01-06 08:33:00,148.3800,148.5400,148.3700,148.5200,39244
2025-01-06 08:34:00,148.5200,148.5300,144.4700,148.4100,39678
2025-01-06 08:35:00,148.4200,148.4800,148.4000,148.4610,22387
2025-01-06 08:36:00,148.4700,148.5200,148.4500,148.5001,29864
2025-01-06 08:37:00,148.5000,148.5100,148.4200,148.4301,43961
2025-01-06 08:38:00,148.4300,148.5000,136.5500,148.4600,26855
2025-01-06 08:39:00,148.4500,148.4600,148.3000,148.3500,44196
2025-01-06 08:40:00,148.3403,148.3500,148.2500,148.2600,47017
2025-01-06 08:41:00,148.2700,148.2800,148.1100,148.1200,50037
2025-01-06 08:42:00,148.1200,148.1700,144.4700,148.0300,202604
2025-01-06 08:43:00,148.0500,148.0900,148.0200,148.0500,31362
2025-01-06 08:44:00,148.0600,148.1700,148.0600,148.1600,27925
2025-01-06 08:45:00,148.1700,148.3300,148.1501,148.2001,40849
2025-01-06 08:46:00,148.2100,148.2300,148.1200,148.1800,33933
2025-01-06 08:47:00,148.1800,148.2700,148.1800,148.2000,23888
2025-01-06 08:48:00,148.2000,148.2800,148.1803,148.2200,43505
2025-01-06 08:49:00,148.2250,148.2550,148.1200,148.1300,30990
2025-01-06 08:50:00,148.1300,148.1700,148.1100,148.1250,21014
2025-01-06 08:51:00,148.1400,148.2900,148.1104,148.2400,60355
2025-01-06 08:52:00,148.2401,148.3500,148.2000,148.3000,28502
2025-01-06 08:53:00,148.3390,148.3900,148.2600,148.3700,34133
2025-01-06 08:54:00,148.3800,148.3900,148.3202,148.3500,16227
2025-01-06 08:55:00,148.3700,148.4100,148.3500,148.3750,44984
2025-01-06 08:56:00,148.3800,148.5200,148.3600,148.5100,73039
2025-01-06 08:57:00,148.5200,148.6400,148.5100,148.6300,104565
2025-01-06 08:58:00,148.6300,148.6600,148.4300,148.4901,63672
2025-01-06 08:59:00,148.5000,148.6000,148.4100,148.5900,59052
2025-01-06 09:00:00,148.5800,148.6100,148.5000,148.5700,32962
2025-01-06 09:01:00,148.5800,148.6300,148.5000,148.6100,30568
2025-01-06 09:02:00,148.5800,148.6500,148.5800,148.6200,27697
2025-01-06 09:03:00,148.6200,148.6500,148.5000,148.5500,31645
2025-01-06 09:04:00,148.5300,148.5599,148.2600,148.3200,61301
2025-01-06 09:05:00,148.3000,148.3200,148.2200,148.3000,42331
2025-01-06 09:06:00,148.3100,148.5000,148.3000,148.4800,43399
2025-01-06 09:07:00,148.5000,148.5000,148.3501,148.4400,60220
2025-01-06 09:08:00,148.4200,148.5000,148.4100,148.4800,30947
2025-01-06 09:09:00,148.4700,148.6000,148.4700,148.5650,43458
2025-01-06 09:10:00,148.5700,148.6200,148.5401,148.5500,41082
2025-01-06 09:11:00,148.5488,148.6500,148.5400,148.6100,42997
2025-01-06 09:12:00,148.6000,148.6400,148.4700,148.4900,74876
2025-01-06 09:13:00,148.4700,148.5000,148.4100,148.4800,30686
2025-01-06 09:14:00,148.4700,148.5000,148.4100,148.5000,30218
2025-01-06 09:15:00,148.4800,148.5000,148.0100,148.0400,223486
2025-01-06 09:16:00,148.0300,148.2952,147.8500,148.0600,293702
2025-01-06 09:17:00,148.0990,148.3000,147.9500,148.2300,72542
2025-01-06 09:18:00,148.2800,148.2952,147.9500,147.9500,125350
2025-01-06 09:19:00,147.9997,148.1200,147.9500,147.9700,59630
2025-01-06 09:20:00,147.9600,148.2000,147.9000,148.1900,88061
2025-01-06 09:21:00,148.1648,148.4000,148.1648,148.3100,100288
2025-01-06 09:22:00,148.2950,148.3900,148.2500,148.3200,71602
2025-01-06 09:23:00,148.2800,148.3500,148.2000,148.2500,42596
2025-01-06 09:24:00,148.2507,148.2600,148.1000,148.2148,36583
2025-01-06 09:25:00,148.2200,148.3600,147.9100,148.2700,183170
2025-01-06 09:26:00,148.2700,148.3400,148.2200,148.2800,80473
2025-01-06 09:27:00,148.2900,148.6000,148.2400,148.5800,160654
2025-01-06 09:28:00,148.5800,148.6800,148.5200,148.6300,103532
2025-01-06 09:29:00,148.6400,148.7600,148.5900,148.5900,114744
2025-01-06 09:30:00,148.5900,148.8400,147.8201,148.5601,7518907
2025-01-06 09:31:00,148.5600,148.7900,148.1000,148.4744,2016601
2025-01-06 09:32:00,148.4600,149.2899,148.2400,148.7718,3095778
2025-01-06 09:33:00,148.7800,149.3500,148.6000,149.3000,1694840
2025-01-06 09:34:00,149.3150,149.4000,148.2500,149.0200,2846986
2025-01-06 09:35:00,149.0000,149.2944,148.9100,148.9200,1446232
2025-01-06 09:36:00,148.9300,149.6000,148.9250,149.5150,1849670
2025-01-06 09:37:00,149.5200,149.5450,148.9700,149.0038,1128066
2025-01-06 09:38:00,149.0050,149.1750,148.8200,149.0300,1059778
2025-01-06 09:39:00,149.0400,149.4689,149.0000,149.4050,1178511
2025-01-06 09:40:00,149.4050,149.7500,149.4000,149.7031,1538288
2025-01-06 09:41:00,149.7023,149.7200,149.3800,149.5200,894477
2025-01-06 09:42:00,149.5200,149.5700,149.2100,149.4290,841682
2025-01-06 09:43:00,149.4200,149.5616,149.1000,149.2350,994647
2025-01-06 09:44:00,149.2339,149.4179,148.6900,148.9800,1277478
2025-01-06 09:45:00,149.0100,149.4400,148.9800,149.3270,955542
2025-01-06 09:46:00,149.3418,149.6900,149.3201,149.5750,1441901
2025-01-06 09:47:00,149.5610,149.7300,149.3500,149.6800,922368
2025-01-06 09:48:00,149.6738,149.9350,149.5900,149.9300,1564853
2025-01-06 09:49:00,149.9300,150.2700,149.8201,150.2620,5234097
2025-01-06 09:50:00,150.2600,150.3300,149.4600,149.5242,1993817
2025-01-06 09:51:00,149.5300,149.9300,149.4100,149.7700,1320844
2025-01-06 09:52:00,149.7600,149.8100,149.4800,149.6750,806346
2025-01-06 09:53:00,149.6800,150.1000,149.6400,149.7300,1321103
2025-01-06 09:54:00,149.7045,150.0400,149.5800,149.6483,1075775
2025-01-06 09:55:00,149.6600,149.8800,149.2800,149.4701,1417418
2025-01-06 09:56:00,149.4701,149.5500,149.0900,149.0900,1013882
2025-01-06 09:57:00,149.0901,149.4500,149.0100,149.1800,1175656
2025-01-06 09:58:00,149.1700,149.4800,149.1500,149.4200,460872
2025-01-06 09:59:00,149.4430,149.8800,149.2400,149.8600,1166391
2025-01-06 10:00:00,149.8513,150.3900,149.8300,150.0180,2126719
2025-01-06 10:01:00,150.0000,150.1100,149.8200,149.9800,883652
2025-01-06 10:02:00,150.0000,150.1500,149.7600,149.9700,855930
2025-01-06 10:03:00,149.9500,150.0800,149.7500,149.8000,664354
2025-01-06 10:04:00,149.8069,149.9900,149.6600,149.9878,593660
2025-01-06 10:05:00,149.9900,150.1000,149.8900,149.9500,735663
2025-01-06 10:06:00,149.9591,150.2700,149.9500,150.1644,874760
2025-01-06 10:07:00,150.1822,150.3900,149.9600,150.2900,1090326
2025-01-06 10:08:00,150.3099,150.6100,150.3000,150.5300,1494127
2025-01-06 10:09:00,150.5250,150.7000,150.5000,150.6499,780307
2025-01-06 10:10:00,150.6400,150.7700,150.1200,150.3600,1306816
2025-01-06 10:11:00,150.3510,150.7700,150.1200,150.7200,783878
2025-01-06 10:12:00,150.7100,150.9900,150.6400,150.9600,1227983
2025-01-06 10:13:00,150.9600,151.1500,150.8580,150.9800,1660948
2025-01-06 10:14:00,150.9750,151.2300,148.6299,151.2135,957405
2025-01-06 10:15:00,151.2200,151.3500,148.5400,151.1214,1384091
2025-01-06 10:16:00,151.1101,151.1999,150.9501,151.0628,890205
2025-01-06 10:17:00,151.0590,151.2500,148.5801,151.2400,815036
2025-01-06 10:18:00,151.2400,151.4000,151.1800,151.2000,898680
2025-01-06 10:19:00,151.2050,151.3200,151.0400,151.1699,759676
2025-01-06 10:20:00,151.1600,151.1900,150.8400,151.0550,856328
2025-01-06 10:21:00,151.0550,151.1100,150.8500,150.9000,604668
2025-01-06 10:22:00,150.9200,151.1000,150.8600,151.0400,590076
2025-01-06 10:23:00,151.0400,151.1898,150.9700,151.1600,742977
2025-01-06 10:24:00,151.1543,151.2490,151.0700,151.1500,619780
2025-01-06 10:25:00,151.1600,151.4700,151.1350,151.4600,1032597
2025-01-06 10:26:00,151.4600,151.7000,151.4300,151.7000,1184874
2025-01-06 10:27:00,151.6950,151.7000,151.5000,151.6020,674319
2025-01-06 10:28:00,151.6100,151.6650,151.3800,151.6091,804132
2025-01-06 10:29:00,151.6060,151.6400,151.4700,151.5312,457071
2025-01-06 10:30:00,151.5400,151.5500,151.2700,151.5400,713204
2025-01-06 10:31:00,151.5400,151.6168,151.3300,151.4175,554596
2025-01-06 10:32:00,151.4240,151.5099,151.3700,151.4800,407876
2025-01-06 10:33:00,151.4900,151.5180,151.3700,151.4400,433517
2025-01-06 10:34:00,151.4500,151.5400,151.1950,151.2700,824538
2025-01-06 10:35:00,151.2700,151.3220,151.1300,151.2900,621849
2025-01-06 10:36:00,151.2836,151.3700,151.2200,151.3245,382690
2025-01-06 10:37:00,151.3300,151.3797,151.1600,151.3600,429508
2025-01-06 10:38:00,151.3600,151.3900,151.2475,151.3410,430893
2025-01-06 10:39:00,151.3400,151.5000,151.2600,151.3732,733182
2025-01-06 10:40:00,151.3800,151.5300,151.2850,151.3150,491420
2025-01-06 10:41:00,151.3470,151.4398,151.2501,151.4000,386168
2025-01-06 10:42:00,151.4001,151.4500,151.1200,151.2900,514128
2025-01-06 10:43:00,151.2900,151.3600,151.2000,151.2699,556011
2025-01-06 10:44:00,151.2700,151.4400,151.2500,151.3800,441416
2025-01-06 10:45:00,151.3600,151.6000,151.3600,151.4700,932084
2025-01-06 10:46:00,151.4600,151.6099,151.2950,151.5749,696015
2025-01-06 10:47:00,151.5650,151.5728,151.3500,151.4100,430073
2025-01-06 10:48:00,151.4135,151.6000,151.3300,151.3560,518222
2025-01-06 10:49:00,151.3600,151.4000,151.1400,151.1650,568817
2025-01-06 10:50:00,151.1800,151.3100,151.0500,151.2712,703439
2025-01-06 10:51:00,151.2800,151.6900,151.2500,151.6650,944441
2025-01-06 10:52:00,151.6650,151.9700,151.5900,151.9089,1492262
2025-01-06 10:53:00,151.9000,151.9900,151.8600,151.9500,668463
2025-01-06 10:54:00,151.9521,151.9900,151.9200,151.9700,609763
2025-01-06 10:55:00,151.9700,151.9900,151.8100,151.8600,663670
2025-01-06 10:56:00,151.8700,151.9600,151.7900,151.8140,543372
2025-01-06 10:57:00,151.8200,151.8900,151.7200,151.8340,575946
2025-01-06 10:58:00,151.8340,151.8400,151.6700,151.6988,472251
2025-01-06 10:59:00,151.6900,151.6900,151.5190,151.5500,464570
2025-01-06 11:00:00,151.5700,151.6800,151.5300,151.6100,397097
2025-01-06 11:01:00,151.6039,151.7400,151.5300,151.6750,422960
2025-01-06 11:02:00,151.6736,151.7700,151.6000,151.7600,353818
2025-01-06 11:03:00,151.7500,151.8700,151.6700,151.8200,516336
2025-01-06 11:04:00,151.8300,151.9000,151.6600,151.7000,500589
2025-01-06 11:05:00,151.7050,151.8700,151.6800,151.8467,406641
2025-01-06 11:06:00,151.8400,151.8950,151.8300,151.8800,319308
2025-01-06 11:07:00,151.8900,151.9200,151.7000,151.7700,442514
2025-01-06 11:08:00,151.7750,151.8799,151.6750,151.8418,384201
2025-01-06 11:09:00,151.8350,151.8700,151.7800,151.8460,305928
2025-01-06 11:10:00,151.8400,151.9900,151.8100,151.9800,522336
2025-01-06 11:11:00,151.9701,151.9900,151.9100,151.9682,436737
2025-01-06 11:12:00,151.9650,151.9900,151.9300,151.9800,454201
2025-01-06 11:13:00,151.9783,152.0000,151.9000,151.9601,594912
2025-01-06 11:14:00,151.9650,152.0000,151.9300,151.9600,412973
2025-01-06 11:15:00,151.9600,152.1560,151.8700,152.0800,2345383
2025-01-06 11:16:00,152.0785,152.1100,151.9300,151.9650,593730
2025-01-06 11:17:00,151.9601,151.9700,151.7200,151.7583,654917
2025-01-06 11:18:00,151.7500,151.8700,151.6750,151.7800,388978
2025-01-06 11:19:00,151.7800,151.9099,151.7600,151.8100,329314
2025-01-06 11:20:00,151.8100,151.8900,151.7230,151.8300,319710
2025-01-06 11:21:00,151.8100,151.8200,151.6850,151.6900,346942
2025-01-06 11:22:00,151.6900,151.8800,151.6850,151.8295,376590
2025-01-06 11:23:00,151.8500,151.8800,151.5300,151.5488,402180
2025-01-06 11:24:00,151.5500,151.5500,151.1900,151.2088,855654
2025-01-06 11:25:00,151.2001,151.4100,151.0350,151.3601,903112
2025-01-06 11:26:00,151.3606,151.4200,151.2400,151.3700,507304
2025-01-06 11:27:00,151.3900,151.6559,151.3700,151.6424,481816
2025-01-06 11:28:00,151.6400,151.7700,151.6200,151.7700,443865
2025-01-06 11:29:00,151.7600,151.8900,151.7600,151.8888,533913
2025-01-06 11:30:00,151.8800,151.8856,151.7300,151.7624,385587
2025-01-06 11:31:00,151.7750,151.9186,151.6900,151.8550,363881
2025-01-06 11:32:00,151.8500,151.9000,151.7275,151.7450,300439
2025-01-06 11:33:00,151.7400,151.8500,151.6500,151.8360,387501
2025-01-06 11:34:00,151.8350,151.9100,151.7800,151.8200,330005
2025-01-06 11:35:00,151.8100,151.8300,151.7200,151.7500,254001
2025-01-06 11:36:00,151.7400,151.8099,151.6700,151.7700,216564
2025-01-06 11:37:00,151.7624,151.8100,151.6200,151.7400,293321
2025-01-06 11:38:00,151.7350,151.8100,151.7000,151.7600,267135
2025-01-06 11:39:00,151.7550,151.7700,151.6700,151.7438,233392
2025-01-06 11:40:00,151.7400,151.8000,151.7000,151.7600,222441
2025-01-06 11:41:00,151.7600,151.8850,151.6400,151.8850,432190
2025-01-06 11:42:00,151.8800,151.9100,151.6950,151.7187,359162
2025-01-06 11:43:00,151.7100,151.7500,151.6500,151.7500,338871
2025-01-06 11:44:00,151.7450,151.8300,151.7100,151.7799,232692
2025-01-06 11:45:00,151.7800,151.8000,151.5686,151.6401,346653
2025-01-06 11:46:00,151.6500,151.7900,151.6000,151.6750,295276
2025-01-06 11:47:00,151.6900,151.6900,151.4100,151.5000,430820
2025-01-06 11:48:00,151.5038,151.5300,151.3850,151.4679,2074979
2025-01-06 11:49:00,151.4650,151.4800,151.3450,151.3950,306007
2025-01-06 11:50:00,151.3950,151.5400,151.3650,151.3899,332410
2025-01-06 11:51:00,151.3850,151.5000,151.3700,151.4750,224539
2025-01-06 11:52:00,151.4700,151.4800,151.4100,151.4600,163942
2025-01-06 11:53:00,151.4500,151.4900,151.4050,151.4550,187119
2025-01-06 11:54:00,151.4550,151.5750,151.4500,151.5151,277808
2025-01-06 11:55:00,151.5200,151.5400,151.2900,151.2910,367511
2025-01-06 11:56:00,151.2950,151.3100,151.1800,151.2500,426444
2025-01-06 11:57:00,151.2600,151.2900,151.1700,151.1700,266068
2025-01-06 11:58:00,151.1859,151.2800,151.1650,151.2800,238774
2025-01-06 11:59:00,151.2800,151.3200,151.0400,151.0950,511257
2025-01-06 12:00:00,151.1000,151.1050,150.8900,150.9200,1001540
2025-01-06 12:01:00,150.9300,151.0400,150.9250,150.9600,524243
2025-01-06 12:02:00,150.9600,151.0300,150.9400,151.0200,398173
2025-01-06 12:03:00,151.0300,151.0800,150.9050,150.9300,420540
2025-01-06 12:04:00,150.9500,151.0900,150.9300,151.0830,345741
2025-01-06 12:05:00,151.0900,151.1400,150.9300,151.0000,543783
2025-01-06 12:06:00,151.0100,151.2500,150.9500,151.2491,422186
2025-01-06 12:07:00,151.2500,151.3800,151.2400,151.3590,393839
2025-01-06 12:08:00,151.3550,151.5000,151.3500,151.4700,433347
2025-01-06 12:09:00,151.4603,151.5700,151.3990,151.4200,518703
2025-01-06 12:10:00,151.4270,151.4291,151.2600,151.2750,332346
2025-01-06 12:11:00,151.2750,151.2900,151.1000,151.1650,343373
2025-01-06 12:12:00,151.1700,151.2500,151.1600,151.2450,220420
2025-01-06 12:13:00,151.2440,151.3200,151.2000,151.3170,184549
2025-01-06 12:14:00,151.3050,151.3700,151.1300,151.1494,287025
2025-01-06 12:15:00,151.1450,151.1563,150.9700,151.0200,430566
2025-01-06 12:16:00,151.0200,151.1900,151.0000,151.1588,305795
2025-01-06 12:17:00,151.1600,151.2100,151.1289,151.1550,205881
2025-01-06 12:18:00,151.1550,151.2100,151.0400,151.0700,235769
2025-01-06 12:19:00,151.0700,151.1000,150.9100,150.9498,428160
2025-01-06 12:20:00,150.9400,151.0600,150.9250,150.9650,293904
2025-01-06 12:21:00,150.9600,151.1700,150.9200,151.1400,408415
2025-01-06 12:22:00,151.1350,151.1500,150.9900,151.0550,225131
2025-01-06 12:23:00,151.0513,151.1000,150.9901,151.0800,220712
2025-01-06 12:24:00,151.0800,151.0969,150.9900,151.0150,214041
2025-01-06 12:25:00,151.0150,151.2100,150.9900,151.1950,310188
2025-01-06 12:26:00,151.2000,151.2691,151.1100,151.2500,297700
2025-01-06 12:27:00,151.2401,151.3100,151.2001,151.2265,294714
2025-01-06 12:28:00,151.2100,151.3000,151.0907,151.2100,272762
2025-01-06 12:29:00,151.2200,151.3700,151.2000,151.3097,264430
2025-01-06 12:30:00,151.3019,151.4200,151.1700,151.2450,572865
2025-01-06 12:31:00,151.2484,151.3400,151.2150,151.2200,203868
2025-01-06 12:32:00,151.2201,151.2999,151.1200,151.2140,262523
2025-01-06 12:33:00,151.2180,151.4501,151.1900,151.4501,404894
2025-01-06 12:34:00,151.4500,151.5100,151.3700,151.3710,419750
2025-01-06 12:35:00,151.3900,151.4600,151.3225,151.3425,274337
2025-01-06 12:36:00,151.3350,151.4200,151.2700,151.3001,232259
2025-01-06 12:37:00,151.3038,151.3300,151.2200,151.2500,165807
2025-01-06 12:38:00,151.2500,151.3500,151.2450,151.2900,208446
2025-01-06 12:39:00,151.2800,151.3000,150.9700,151.0000,686303
2025-01-06 12:40:00,150.9800,151.0499,150.9501,150.9950,406687
2025-01-06 12:41:00,150.9950,151.0400,150.9301,151.0000,261587
2025-01-06 12:42:00,151.0000,151.1398,150.9250,150.9750,408578
2025-01-06 12:43:00,150.9790,151.1000,150.9450,151.0750,238164
2025-01-06 12:44:00,151.0750,151.1500,151.0600,151.0950,213850
2025-01-06 12:45:00,151.0900,151.1700,150.9600,151.1683,260980
2025-01-06 12:46:00,151.1600,151.2400,151.1000,151.2300,238484
2025-01-06 12:47:00,151.2300,151.3900,151.2218,151.3600,250839
2025-01-06 12:48:00,151.3600,151.3800,151.3000,151.3200,199391
2025-01-06 12:49:00,151.3300,151.4200,151.3100,151.4000,227056
2025-01-06 12:50:00,151.4000,151.4388,151.3100,151.3700,243333
2025-01-06 12:51:00,151.3700,151.3800,151.2200,151.3000,244602
2025-01-06 12:52:00,151.3076,151.3400,151.1900,151.2900,177705
2025-01-06 12:53:00,151.2901,151.4100,151.2600,151.3500,313610
2025-01-06 12:54:00,151.3499,151.5600,151.3438,151.5100,440447
2025-01-06 12:55:00,151.5000,151.5252,151.3500,151.3900,243663
2025-01-06 12:56:00,151.3880,151.4582,151.3100,151.4100,167920
2025-01-06 12:57:00,151.4100,151.5250,151.4001,151.4900,223903
2025-01-06 12:58:00,151.4900,151.5500,151.4800,151.4814,262481
2025-01-06 12:59:00,151.4921,151.5200,151.4400,151.4650,181600
2025-01-06 13:00:00,151.4650,151.4700,151.2800,151.3250,277531
2025-01-06 13:01:00,151.3200,151.3400,151.0100,151.0460,540013
2025-01-06 13:02:00,151.0500,151.2659,150.9200,151.1716,420030
2025-01-06 13:03:00,151.1800,151.2800,151.1400,151.1992,264062
2025-01-06 13:04:00,151.1900,151.2840,151.1200,151.1619,204934
2025-01-06 13:05:00,151.1600,151.3499,151.1200,151.3001,349955
2025-01-06 13:06:00,151.3090,151.7600,151.2900,151.7550,967524
2025-01-06 13:07:00,151.7550,151.8500,151.4600,151.8192,760882
2025-01-06 13:08:00,151.8182,151.8200,151.5800,151.6000,447634
2025-01-06 13:09:00,151.5990,151.7200,151.5700,151.6700,319079
2025-01-06 13:10:00,151.6600,151.6700,151.5500,151.6600,250657
2025-01-06 13:11:00,151.6550,151.6700,151.5100,151.6101,307638
2025-01-06 13:12:00,151.6100,151.6500,151.2600,151.2950,549392
2025-01-06 13:13:00,151.2912,151.3700,151.2500,151.3401,261309
2025-01-06 13:14:00,151.3500,151.4000,151.2700,151.3400,217030
2025-01-06 13:15:00,151.3201,151.3600,151.2000,151.3100,243460
2025-01-06 13:16:00,151.3100,151.3900,150.8600,150.8600,623652
2025-01-06 13:17:00,150.8600,151.1500,150.8100,151.1350,582714
2025-01-06 13:18:00,151.1350,151.2950,151.1350,151.2750,311792
2025-01-06 13:19:00,151.2850,151.3500,151.2150,151.3363,246599
2025-01-06 13:20:00,151.3350,151.5000,151.3100,151.4450,387171
2025-01-06 13:21:00,151.4500,151.5399,151.3300,151.5000,282122
2025-01-06 13:22:00,151.5000,151.7650,151.5000,151.7125,382927
2025-01-06 13:23:00,151.7000,151.7700,151.6850,151.7100,330094
2025-01-06 13:24:00,151.7099,151.7099,151.5600,151.6200,237074
2025-01-06 13:25:00,151.6100,151.6900,151.6000,151.6700,187411
2025-01-06 13:26:00,151.6690,151.7277,151.6100,151.6600,231670
2025-01-06 13:27:00,151.6523,151.7200,151.6400,151.6840,191648
2025-01-06 13:28:00,151.6822,151.7000,151.5500,151.5900,179911
2025-01-06 13:29:00,151.5975,151.6799,151.5500,151.6799,130637
2025-01-06 13:30:00,151.6688,151.7050,151.5898,151.6100,309287
2025-01-06 13:31:00,151.6100,151.8400,151.6000,151.7450,490758
2025-01-06 13:32:00,151.7500,151.7800,151.6100,151.7100,279355
2025-01-06 13:33:00,151.7100,151.7500,151.6000,151.6500,281318
2025-01-06 13:34:00,151.6500,151.6500,151.5250,151.5550,187132
2025-01-06 13:35:00,151.5550,151.5600,151.4700,151.5550,217207
2025-01-06 13:36:00,151.5550,151.6300,151.5000,151.5501,217038
2025-01-06 13:37:00,151.5401,151.5600,151.4200,151.4700,198771
2025-01-06 13:38:00,151.4627,151.5042,151.3900,151.4950,294082
2025-01-06 13:39:00,151.4950,151.6000,151.4300,151.5999,203027
2025-01-06 13:40:00,151.5880,151.6890,151.5700,151.6750,220200
2025-01-06 13:41:00,151.6700,151.6800,151.4300,151.4500,221826
2025-01-06 13:42:00,151.4400,151.4500,151.2800,151.4000,425470
2025-01-06 13:43:00,151.3950,151.4650,151.3900,151.4300,185612
2025-01-06 13:44:00,151.4200,151.5100,151.3000,151.3300,206937
2025-01-06 13:45:00,151.3300,151.3950,150.9327,151.0400,769576
2025-01-06 13:46:00,151.0400,151.2000,150.9500,151.1850,425885
2025-01-06 13:47:00,151.1900,151.2100,150.9500,151.0688,339597
2025-01-06 13:48:00,151.0650,151.2300,151.0600,151.1250,247041
2025-01-06 13:49:00,151.1200,151.1300,150.8800,150.8950,423651
2025-01-06 13:50:00,150.8900,151.0100,150.8500,150.9100,306745
2025-01-06 13:51:00,150.9050,151.1700,150.8600,151.0800,378248
2025-01-06 13:52:00,151.0810,151.0900,150.9500,151.0351,345083
2025-01-06 13:53:00,151.0450,151.2000,151.0416,151.0800,299446
2025-01-06 13:54:00,151.0800,151.1400,151.0500,151.0900,209004
2025-01-06 13:55:00,151.0895,151.1690,150.9600,151.0000,373571
2025-01-06 13:56:00,151.0100,151.1200,151.0000,151.0600,189150
2025-01-06 13:57:00,151.0700,151.0900,150.9350,150.9350,251719
2025-01-06 13:58:00,150.9300,150.9300,150.7400,150.7478,588721
2025-01-06 13:59:00,150.7499,150.7800,150.4501,150.5200,739827
2025-01-06 14:00:00,150.5200,150.6300,150.3700,150.4500,595522
2025-01-06 14:01:00,150.4400,150.5300,150.3600,150.3750,525207
2025-01-06 14:02:00,150.3750,150.6400,150.3750,150.4850,626271
2025-01-06 14:03:00,150.4800,150.5500,150.4600,150.4850,287129
2025-01-06 14:04:00,150.4880,150.5582,150.4000,150.5000,466957
2025-01-06 14:05:00,150.5000,150.8300,150.5000,150.7900,732294
2025-01-06 14:06:00,150.8000,150.8000,150.4500,150.5150,413064
2025-01-06 14:07:00,150.5000,150.6328,150.5000,150.5768,258312
2025-01-06 14:08:00,150.5781,150.6600,150.4701,150.4850,294424
2025-01-06 14:09:00,150.4850,150.5000,150.1000,150.1004,677253
2025-01-06 14:10:00,150.1100,150.1286,149.6600,149.8100,1491820
2025-01-06 14:11:00,149.7990,149.9100,149.7200,149.8388,509308
2025-01-06 14:12:00,149.8300,150.0800,149.8072,150.0600,498496
2025-01-06 14:13:00,150.0650,150.0650,149.8800,149.9550,407798
2025-01-06 14:14:00,149.9500,150.1100,149.8719,150.0628,382070
2025-01-06 14:15:00,150.0601,150.0700,149.7500,149.8100,432837
2025-01-06 14:16:00,149.8100,149.9800,149.7500,149.8650,325137
2025-01-06 14:17:00,149.8700,149.9350,149.6700,149.6830,432569
2025-01-06 14:18:00,149.6950,149.8999,149.6940,149.8800,281920
2025-01-06 14:19:00,149.8850,149.9000,149.7300,149.7500,206118
2025-01-06 14:20:00,149.7400,149.9000,149.7400,149.8050,264354
2025-01-06 14:21:00,149.8150,149.9400,149.8150,149.8950,253755
2025-01-06 14:22:00,149.8900,150.2200,149.8900,150.1400,558221
2025-01-06 14:23:00,150.1500,150.3150,150.1410,150.2500,530074
2025-01-06 14:24:00,150.2500,150.4900,150.2400,150.4000,427380
2025-01-06 14:25:00,150.4000,150.4100,150.2010,150.3600,289739
2025-01-06 14:26:00,150.3522,150.4500,150.2600,150.2700,272841
2025-01-06 14:27:00,150.2701,151.5100,150.2600,150.3800,402422
2025-01-06 14:28:00,150.3900,150.4099,150.3200,150.3950,231678
2025-01-06 14:29:00,150.3950,150.3950,150.2500,150.2950,213533
2025-01-06 14:30:00,150.3000,150.3100,150.1200,150.2490,303756
2025-01-06 14:31:00,150.2500,150.2600,150.1600,150.1700,179712
2025-01-06 14:32:00,150.1600,150.2500,150.1000,150.1100,269411
2025-01-06 14:33:00,150.1000,150.1989,150.0700,150.1200,192200
2025-01-06 14:34:00,150.1300,150.3000,150.1000,150.2901,229601
2025-01-06 14:35:00,150.2950,150.3600,150.1800,150.1801,257256
2025-01-06 14:36:00,150.1800,150.3200,150.0900,150.3090,335344
2025-01-06 14:37:00,150.3099,150.3700,150.2109,150.2575,187532
2025-01-06 14:38:00,150.2567,150.2605,150.1600,150.2300,147976
2025-01-06 14:39:00,150.2340,150.2500,150.1500,150.2299,175116
2025-01-06 14:40:00,150.2200,150.3500,150.2100,150.2900,217438
2025-01-06 14:41:00,150.2800,150.4000,150.2438,150.3300,271261
2025-01-06 14:42:00,150.3300,150.4300,150.2900,150.3300,224819
2025-01-06 14:43:00,150.3300,150.3600,150.2100,150.3000,201907
2025-01-06 14:44:00,150.3100,150.4900,150.3100,150.4550,299131
2025-01-06 14:45:00,150.4550,150.5904,150.3800,150.4088,473538
2025-01-06 14:46:00,150.4091,150.4300,150.3600,150.4200,179486
2025-01-06 14:47:00,150.4139,150.5200,150.3950,150.4416,206776
2025-01-06 14:48:00,150.4400,150.5600,150.3900,150.5350,252844
2025-01-06 14:49:00,150.5300,150.6200,150.4750,150.5000,293825
2025-01-06 14:50:00,150.5050,150.5490,150.4000,150.4200,187107
2025-01-06 14:51:00,150.4150,150.4964,150.3600,150.4001,204137
2025-01-06 14:52:00,150.4100,150.4700,150.2601,150.3550,261809
2025-01-06 14:53:00,150.3588,150.4600,150.3200,150.4100,169851
2025-01-06 14:54:00,150.4100,150.4350,150.3500,150.3799,196988
2025-01-06 14:55:00,150.3750,150.4550,150.3300,150.4299,219239
2025-01-06 14:56:00,150.4300,150.4500,150.3500,150.3600,155228
2025-01-06 14:57:00,150.3612,150.3650,149.9200,149.9600,653293
2025-01-06 14:58:00,149.9691,150.0300,149.8700,149.9000,298039
2025-01-06 14:59:00,149.9050,150.0300,149.7200,149.7500,358225
2025-01-06 15:00:00,149.7400,149.7650,149.5000,149.5650,674955
2025-01-06 15:01:00,149.5700,149.7300,149.3700,149.4195,590743
2025-01-06 15:02:00,149.4191,149.7000,149.3750,149.6600,488901
2025-01-06 15:03:00,149.6600,149.9387,149.6000,149.9280,490309
2025-01-06 15:04:00,149.9250,150.0376,149.8600,149.9300,445942
2025-01-06 15:05:00,149.9400,150.0350,149.8838,149.9410,253773
2025-01-06 15:06:00,149.9450,150.2200,149.9450,150.1501,485468
2025-01-06 15:07:00,150.1600,150.3500,150.1100,150.2300,419307
2025-01-06 15:08:00,150.2400,150.2400,150.0350,150.1040,285252
2025-01-06 15:09:00,150.1200,150.2381,150.1050,150.1300,236404
2025-01-06 15:10:00,150.1409,150.4900,150.0000,150.1078,320021
2025-01-06 15:11:00,150.1098,150.2300,150.0980,150.1900,260630
2025-01-06 15:12:00,150.1900,150.2197,150.0300,150.1945,294835
2025-01-06 15:13:00,150.2000,150.4200,150.1900,150.3900,552218
2025-01-06 15:14:00,150.4090,150.4250,150.2100,150.2400,242022
2025-01-06 15:15:00,150.2400,150.2500,150.0800,150.1185,276398
2025-01-06 15:16:00,150.1150,150.1800,150.0600,150.0600,331247
2025-01-06 15:17:00,150.0600,150.1800,149.9650,150.1600,361610
2025-01-06 15:18:00,150.1539,150.2399,150.0900,150.1100,281407
2025-01-06 15:19:00,150.1200,150.2300,150.0600,150.1705,411085
2025-01-06 15:20:00,150.1750,150.2200,150.1000,150.1600,221216
2025-01-06 15:21:00,150.1500,150.3600,150.1500,150.3400,350514
2025-01-06 15:22:00,150.3400,150.4400,150.2900,150.3892,327890
2025-01-06 15:23:00,150.3850,150.4200,150.3000,150.3500,312913
2025-01-06 15:24:00,150.3550,150.5500,150.3415,150.5000,501900
2025-01-06 15:25:00,150.4900,150.4990,150.3700,150.4500,268706
2025-01-06 15:26:00,150.4400,150.4500,150.3200,150.3920,289948
2025-01-06 15:27:00,150.3999,150.5000,150.3600,150.4200,390757
2025-01-06 15:28:00,150.4150,150.5300,150.3600,150.5025,368852
2025-01-06 15:29:00,150.4900,150.5400,150.4500,150.5250,301219
2025-01-06 15:30:00,150.5200,150.8300,150.5000,150.8050,713969
2025-01-06 15:31:00,150.8060,150.8250,150.4700,150.4990,592852
2025-01-06 15:32:00,150.4900,150.5200,150.4600,150.4822,304102
2025-01-06 15:33:00,150.4825,150.5200,150.4400,150.4550,373356
2025-01-06 15:34:00,150.4600,150.4600,150.3105,150.4095,393502
2025-01-06 15:35:00,150.4000,150.4800,150.3400,150.4000,442054
2025-01-06 15:36:00,150.3900,150.4200,150.3100,150.4150,289079
2025-01-06 15:37:00,150.4150,150.4399,150.2500,150.2600,407476
2025-01-06 15:38:00,150.2600,150.2900,150.0400,150.0500,485440
2025-01-06 15:39:00,150.0600,150.1800,149.9200,149.9600,474988
2025-01-06 15:40:00,149.9600,150.1600,149.9400,150.1400,390436
2025-01-06 15:41:00,150.1468,150.2900,150.1250,150.1800,340614
2025-01-06 15:42:00,150.1750,150.1750,149.8900,149.9800,489453
2025-01-06 15:43:00,149.9800,150.0400,149.8900,149.9300,395613
2025-01-06 15:44:00,149.9250,151.0850,149.7400,149.7800,499629
2025-01-06 15:45:00,149.7900,149.8399,149.5700,149.7299,597761
2025-01-06 15:46:00,149.7200,149.7400,149.4600,149.4828,596803
2025-01-06 15:47:00,149.4750,149.4850,148.7600,148.9457,1891775
2025-01-06 15:48:00,148.9400,149.0600,148.9000,148.9150,829712
2025-01-06 15:49:00,148.9112,148.9188,148.2800,148.3103,1297266
2025-01-06 15:50:00,148.3100,149.2888,148.2550,149.2888,1521902
2025-01-06 15:51:00,149.2888,149.4500,149.2501,149.4300,902579
2025-01-06 15:52:00,149.4250,149.6100,149.3100,149.5100,877041
2025-01-06 15:53:00,149.5200,149.5900,149.3200,149.5250,682713
2025-01-06 15:54:00,149.5300,149.7000,149.4700,149.6300,2438902
2025-01-06 15:55:00,149.6200,149.6400,149.2100,149.2900,1054475
2025-01-06 15:56:00,149.2900,149.4200,149.1500,149.3500,929633
2025-01-06 15:57:00,149.3550,149.3700,148.9000,149.0550,1131090
2025-01-06 15:58:00,149.0600,149.2200,148.9300,149.1668,1146520
2025-01-06 15:59:00,149.1600,151.3650,149.1305,149.5101,2582306
2025-01-06 16:00:00,149.5101,149.5700,149.2500,149.3400,48943981
2025-01-06 16:01:00,149.3500,149.4700,149.3200,149.4300,117734
2025-01-06 16:02:00,149.4300,149.8000,149.3000,149.3101,1317444
2025-01-06 16:03:00,149.3100,149.5500,149.3100,149.5000,276085
2025-01-06 16:04:00,149.5369,149.5500,149.4300,149.4800,65005
2025-01-06 16:05:00,149.4988,149.5000,149.4100,149.4300,29282
2025-01-06 16:06:00,149.4300,149.5500,149.4200,149.4699,94628
2025-01-06 16:07:00,149.4600,149.5000,149.4300,149.4300,37735
2025-01-06 16:08:00,149.4301,149.4700,149.4000,149.4300,31057
2025-01-06 16:09:00,149.4450,149.5000,149.4300,149.5000,17151
2025-01-06 16:10:00,149.4800,149.5100,149.4300,149.4900,30996
2025-01-06 16:11:00,149.4900,149.5800,149.4800,149.5507,33968
2025-01-06 16:12:00,149.5800,149.6300,149.5500,149.6200,39304
2025-01-06 16:13:00,149.6100,149.6500,149.6000,149.6400,31086
2025-01-06 16:14:00,149.6300,149.7400,149.6300,149.7200,40321
2025-01-06 16:15:00,149.7400,149.7900,149.4300,149.7600,49704
2025-01-06 16:16:00,149.7500,149.8000,149.3000,149.8000,58396
2025-01-06 16:17:00,149.8050,149.8500,149.8000,149.8500,25139
2025-01-06 16:18:00,149.8500,149.8800,149.4300,149.8300,30152
2025-01-06 16:19:00,149.8201,149.8700,149.8000,149.8600,36246
2025-01-06 16:20:00,149.8603,149.8800,149.4300,149.7300,99259
2025-01-06 16:21:00,149.7700,149.7900,149.7300,149.7700,11104
2025-01-06 16:22:00,149.7700,149.7900,149.4300,149.7899,45427
2025-01-06 16:23:00,149.7700,149.8300,149.7500,149.7694,20061
2025-01-06 16:24:00,149.7700,149.7900,149.7500,149.7600,17350
2025-01-06 16:25:00,149.7800,149.7900,149.7000,149.7800,18296
2025-01-06 16:26:00,149.7600,149.8300,149.7500,149.8100,11581
2025-01-06 16:27:00,149.8200,149.8300,149.7450,149.7900,14570
2025-01-06 16:28:00,149.7881,149.7900,149.6500,149.7000,31185
2025-01-06 16:29:00,149.6997,149.7000,149.6100,149.6900,8589
2025-01-06 16:30:00,149.6900,149.7400,149.6500,149.7300,20300
2025-01-06 16:31:00,149.7300,149.7500,149.6900,149.7000,11300
2025-01-06 16:32:00,149.7000,149.7500,149.7000,149.7500,7185
2025-01-06 16:33:00,149.7300,149.7500,149.6500,149.6800,14722
2025-01-06 16:34:00,149.6900,149.7500,149.4000,149.7500,9242
2025-01-06 16:35:00,149.7500,149.7500,149.7100,149.7200,3577
2025-01-06 16:36:00,149.7300,149.7500,149.4300,149.7401,5598
2025-01-06 16:37:00,149.7400,149.8000,149.7400,149.7500,20910
2025-01-06 16:38:00,149.7500,149.7800,149.7100,149.7200,11258
2025-01-06 16:39:00,149.7200,149.7600,149.7100,149.7600,14366
2025-01-06 16:40:00,149.7500,149.7700,149.4300,149.7600,14876
2025-01-06 16:41:00,149.7600,149.7900,149.7500,149.7800,3606
2025-01-06 16:42:00,149.7650,149.8300,149.7500,149.8200,17384
2025-01-06 16:43:00,149.8150,149.8500,149.7000,149.8490,19351
2025-01-06 16:44:00,149.8400,149.8500,149.4300,149.8100,61032
2025-01-06 16:45:00,149.8200,149.8500,149.8000,149.8100,6386
2025-01-06 16:46:00,149.8194,149.8800,149.2000,149.8650,4490
2025-01-06 16:47:00,149.8800,149.9200,149.8300,149.9000,11314
2025-01-06 16:48:00,149.9180,149.9200,149.8500,149.9000,13671
2025-01-06 16:49:00,149.9000,149.9200,149.8100,149.8550,10034
2025-01-06 16:50:00,149.8550,149.8900,149.8200,149.8600,2872
2025-01-06 16:51:00,149.8598,149.8600,149.8300,149.8450,4870
2025-01-06 16:52:00,149.8450,149.8600,149.8100,149.8100,8579
2025-01-06 16:53:00,149.8300,149.8400,149.8100,149.8350,10264
2025-01-06 16:54:00,149.8400,159.6832,149.7700,149.7950,28030
2025-01-06 16:55:00,149.8200,149.8200,140.7600,149.7500,44004
2025-01-06 16:56:00,149.7500,149.7600,143.8339,149.6481,19478
2025-01-06 16:57:00,149.6300,149.7000,149.5900,149.6250,11087
2025-01-06 16:58:00,149.6100,159.6832,143.0403,149.6300,16691
2025-01-06 16:59:00,149.5115,149.6300,143.0403,149.4615,33971
2025-01-06 17:00:00,149.5000,151.7816,149.4300,149.5900,10400
2025-01-06 17:01:00,149.6000,149.6200,149.5500,149.5800,7229
2025-01-06 17:02:00,149.5700,149.6000,149.5000,149.5300,12649
2025-01-06 17:03:00,149.5008,149.5300,149.4200,149.4300,36543
2025-01-06 17:04:00,149.4300,149.4300,149.3700,149.4000,34719
2025-01-06 17:05:00,149.4084,149.4300,149.3700,149.4002,11032
2025-01-06 17:06:00,149.4006,156.1674,149.4000,149.4200,7172
2025-01-06 17:07:00,149.4200,149.4300,149.4000,149.4100,29433
2025-01-06 17:08:00,149.4200,149.4200,147.8330,149.3100,22714
2025-01-06 17:09:00,149.3000,151.7606,140.7600,149.3800,11668
2025-01-06 17:10:00,149.3500,149.4100,144.6079,149.3901,11505
2025-01-06 17:11:00,149.3900,156.1674,149.3800,149.4299,24792
2025-01-06 17:12:00,149.4200,151.7816,149.4000,149.4000,17626
2025-01-06 17:13:00,149.4200,149.4200,149.3500,149.4100,13187
2025-01-06 17:14:00,149.4101,149.4400,149.3500,149.3998,11410
2025-01-06 17:15:00,149.3900,149.4000,149.3300,149.3800,7506
2025-01-06 17:16:00,149.3797,149.4500,149.3700,149.4400,12137
2025-01-06 17:17:00,149.4500,149.4500,149.4000,149.4400,13280
2025-01-06 17:18:00,149.4400,149.5700,149.4300,149.5550,14005
2025-01-06 17:19:00,149.5696,149.5800,149.5500,149.5600,8331
2025-01-06 17:20:00,149.5800,149.6200,149.2200,149.6100,16872
2025-01-06 17:21:00,149.6050,149.7600,149.5900,149.7500,21346
2025-01-06 17:22:00,149.7400,149.7900,149.6800,149.6800,18348
2025-01-06 17:23:00,149.7100,149.7800,149.6800,149.7800,8581
2025-01-06 17:24:00,149.7800,149.8000,149.7500,149.7900,20055
2025-01-06 17:25:00,149.7900,149.8000,149.7500,149.7700,15396
2025-01-06 17:26:00,149.7900,149.8000,149.7700,149.7710,9248
2025-01-06 17:27:00,149.7800,149.7900,149.7700,149.7800,3995
2025-01-06 17:28:00,149.7800,149.8000,149.7700,149.8000,6186
2025-01-06 17:29:00,149.7800,149.8000,149.7700,149.7800,5766
2025-01-06 17:30:00,149.7850,149.8500,149.7500,149.8000,14648
2025-01-06 17:31:00,149.8100,149.8800,149.8100,149.8800,8365
2025-01-06 17:32:00,149.8750,149.9400,149.8600,149.9250,11801
2025-01-06 17:33:00,149.9100,149.9900,149.9100,149.9800,18483
2025-01-06 17:34:00,149.9800,149.9900,149.9100,149.9300,9777
2025-01-06 17:35:00,149.9300,150.1400,149.9100,150.1400,91784
2025-01-06 17:36:00,150.1300,150.2200,150.0900,150.1500,75555
2025-01-06 17:37:00,150.1300,150.3400,150.1200,150.2950,51378
2025-01-06 17:38:00,150.3100,150.3300,150.1900,150.2000,35164
2025-01-06 17:39:00,150.2400,150.3200,150.1500,150.1700,28553
2025-01-06 17:40:00,150.2000,150.2300,149.4300,150.1500,54861
2025-01-06 17:41:00,150.1500,150.2200,150.1500,150.1982,8677
2025-01-06 17:42:00,150.1999,150.4300,150.1999,150.3300,87111
2025-01-06 17:43:00,150.3100,150.3890,150.3000,150.3500,18491
2025-01-06 17:44:00,150.3513,150.4500,150.3400,150.4200,23882
2025-01-06 17:45:00,150.4000,150.4200,150.3500,150.3597,13166
2025-01-06 17:46:00,150.3600,150.3600,149.2900,150.3000,19031
2025-01-06 17:47:00,150.3000,150.3300,150.2600,150.3300,9153
2025-01-06 17:48:00,150.3100,150.3200,150.2300,150.2500,9096
2025-01-06 17:49:00,150.2491,150.3000,149.4400,150.2500,11474
2025-01-06 17:50:00,150.2500,150.2800,150.2000,150.2000,17661
2025-01-06 17:51:00,150.2300,150.3000,150.2000,150.2400,9938
2025-01-06 17:52:00,150.2400,150.2800,150.2000,150.2300,8929
2025-01-06 17:53:00,150.2500,150.2500,150.1800,150.1900,18066
2025-01-06 17:54:00,150.2300,150.2800,150.1900,150.2750,10249
2025-01-06 17:55:00,150.2797,150.2800,150.2400,150.2500,7892
2025-01-06 17:56:00,150.2500,150.4100,150.2400,150.3100,33868
2025-01-06 17:57:00,150.3200,150.3800,150.0000,150.2700,15340
2025-01-06 17:58:00,150.2691,150.2800,150.0200,150.1900,24379
2025-01-06 17:59:00,150.1300,150.1800,150.0100,150.1000,28957
2025-01-06 18:00:00,150.0500,150.2000,150.0500,150.2000,10251
2025-01-06 18:01:00,150.2000,150.2700,150.1900,150.2700,11151
2025-01-06 18:02:00,150.2700,150.3500,150.2600,150.3350,18516
2025-01-06 18:03:00,150.3200,150.3700,150.1100,150.2800,27151
2025-01-06 18:04:00,150.2800,150.3400,150.1900,150.2500,4320
2025-01-06 18:05:00,150.2250,150.3200,150.2000,150.2800,13515
2025-01-06 18:06:00,150.2700,150.3000,150.2400,150.2600,4355
2025-01-06 18:07:00,150.2500,150.3300,150.2500,150.3000,12144
2025-01-06 18:08:00,150.3000,150.3500,150.2502,150.2750,13844
2025-01-06 18:09:00,150.3000,150.3200,150.2500,150.3200,4426
2025-01-06 18:10:00,150.3000,150.3200,150.2600,150.2900,3207
2025-01-06 18:11:00,150.2900,150.3200,150.2900,150.3150,6858
2025-01-06 18:12:00,150.3100,150.3300,150.2500,150.3000,8431
2025-01-06 18:13:00,150.3150,150.3300,150.2500,150.2750,13179
2025-01-06 18:14:00,150.2800,150.3000,150.2500,150.2750,5107
2025-01-06 18:15:00,150.2700,150.3000,150.1200,150.1900,16009
2025-01-06 18:16:00,150.1900,150.2300,150.1300,150.1800,5808
2025-01-06 18:17:00,150.1800,150.2300,150.1800,150.2100,4273
2025-01-06 18:18:00,150.2004,150.2300,150.0500,150.2000,24311
2025-01-06 18:19:00,150.2000,150.2100,150.1100,150.2000,7311
2025-01-06 18:20:00,150.1800,150.2000,150.1500,150.1850,8056
2025-01-06 18:21:00,150.2000,150.2000,150.1100,150.1500,4000
2025-01-06 18:22:00,150.1900,150.2300,150.1100,150.2150,6335
2025-01-06 18:23:00,150.2250,150.2300,150.1900,150.2200,3269
2025-01-06 18:24:00,150.2200,150.2400,150.1100,150.2300,12737
2025-01-06 18:25:00,150.2000,150.2400,150.1300,150.2400,9032
2025-01-06 18:26:00,150.2399,150.2399,150.1200,150.1972,6990
2025-01-06 18:27:00,150.1700,150.2300,150.0500,150.1700,11428
2025-01-06 18:28:00,150.2100,150.2400,150.1500,150.1950,6131
2025-01-06 18:29:00,150.2000,150.2100,150.1500,150.2001,6694
2025-01-06 18:30:00,150.2000,150.2100,150.1000,150.1600,9955
2025-01-06 18:31:00,150.1900,150.2000,150.1500,150.2000,5720
2025-01-06 18:32:00,150.2000,150.2000,150.1500,150.1500,2560
2025-01-06 18:33:00,150.1600,150.2300,150.1500,150.2000,9316
2025-01-06 18:34:00,150.2000,150.2500,150.2000,150.2308,5631
2025-01-06 18:35:00,150.2300,150.2900,150.2300,150.2800,7433
2025-01-06 18:36:00,150.2800,150.2900,150.2500,150.2800,10697
2025-01-06 18:37:00,150.2800,150.2900,150.2300,150.2300,22723
2025-01-06 18:38:00,150.2450,150.2671,150.2300,150.2400,3559
2025-01-06 18:39:00,150.2400,150.2492,150.1200,150.1203,20844
2025-01-06 18:40:00,150.1225,150.2500,150.1225,150.1600,22964
2025-01-06 18:41:00,150.2081,150.2081,150.1600,150.1805,4902
2025-01-06 18:42:00,150.1800,150.2000,150.1600,150.1700,7740
2025-01-06 18:43:00,150.1900,150.2100,150.1600,150.1750,6044
2025-01-06 18:44:00,150.1900,150.2700,150.1400,150.2200,10349
2025-01-06 18:45:00,150.2500,150.2500,150.1600,150.1800,2710
2025-01-06 18:46:00,150.1800,150.2300,150.1600,150.2300,2432
2025-01-06 18:47:00,150.1900,150.2400,150.1800,150.2398,7802
2025-01-06 18:48:00,150.2400,150.2400,150.2000,150.2300,3527
2025-01-06 18:49:00,150.2200,150.3400,150.2200,150.2500,30720
2025-01-06 18:50:00,150.2950,150.3400,150.2500,150.3300,29574
2025-01-06 18:51:00,150.3300,150.3900,150.3100,150.3404,28117
2025-01-06 18:52:00,150.3403,150.3800,150.3300,150.3700,13592
2025-01-06 18:53:00,150.3309,150.3700,150.3000,150.3500,10741
2025-01-06 18:54:00,150.3600,150.3700,150.2300,150.2500,18561
2025-01-06 18:55:00,150.2900,150.3000,150.2301,150.2600,5061
2025-01-06 18:56:00,150.2800,150.2900,150.2600,150.2800,1386
2025-01-06 18:57:00,150.2700,150.2800,150.2500,150.2500,8611
2025-01-06 18:58:00,150.2600,150.3200,150.2500,150.3200,13423
2025-01-06 18:59:00,150.2900,150.3350,150.2000,150.2800,12478
2025-01-06 19:00:00,150.3100,150.3100,150.2300,150.3000,4777
2025-01-06 19:01:00,150.2900,150.3200,150.2800,150.3200,3019
2025-01-06 19:02:00,150.3200,150.3200,150.2800,150.3200,7887
2025-01-06 19:03:00,150.3100,150.3200,150.2400,150.2700,10586
2025-01-06 19:04:00,150.2600,150.2900,150.2400,150.2650,4963
2025-01-06 19:05:00,150.2400,150.2900,150.2000,150.2300,6743
2025-01-06 19:06:00,150.2300,150.2700,150.2200,150.2550,5318
2025-01-06 19:07:00,150.2400,150.2700,150.2300,150.2500,3829
2025-01-06 19:08:00,150.2500,150.2700,150.2500,150.2601,4074
2025-01-06 19:09:00,150.2500,150.2700,150.2500,150.2700,4309
2025-01-06 19:10:00,150.2600,150.3200,150.2599,150.3192,16215
2025-01-06 19:11:00,150.3100,150.3500,150.2900,150.3500,20489
2025-01-06 19:12:00,150.3500,150.3600,150.3200,150.3550,5947
2025-01-06 19:13:00,150.3550,150.3600,150.3100,150.3501,6886
2025-01-06 19:14:00,150.3600,150.3600,150.3300,150.3400,4686
2025-01-06 19:15:00,150.3400,150.3400,150.3200,150.3300,6534
2025-01-06 19:16:00,150.3300,150.3300,150.3200,150.3200,6854
2025-01-06 19:17:00,150.3300,150.3500,150.3200,150.3350,7667
2025-01-06 19:18:00,150.3301,150.3600,150.3300,150.3501,4305
2025-01-06 19:19:00,150.3599,150.3700,150.3400,150.3500,4613
2025-01-06 19:20:00,150.3600,150.3800,150.3300,150.3600,17044
2025-01-06 19:21:00,150.3600,150.3800,150.3300,150.3650,8190
2025-01-06 19:22:00,150.3650,150.3800,150.3600,150.3798,9110
2025-01-06 19:23:00,150.3700,150.3800,150.3700,150.3800,8793
2025-01-06 19:24:00,150.3750,150.3900,150.3750,150.3899,3812
2025-01-06 19:25:00,150.3800,150.4200,150.3800,150.4100,13600
2025-01-06 19:26:00,150.4100,150.4400,150.4000,150.4400,5806
2025-01-06 19:27:00,150.4397,150.4800,150.4300,150.4749,9942
2025-01-06 19:28:00,150.4700,150.4800,150.4400,150.4400,28241
2025-01-06 19:29:00,150.4400,150.4500,150.3800,150.4200,26565
2025-01-06 19:30:00,150.4000,150.4300,150.4000,150.4200,3850
2025-01-06 19:31:00,150.4200,150.4500,150.4100,150.4500,10255
2025-01-06 19:32:00,150.4500,150.4600,150.4300,150.4600,3238
2025-01-06 19:33:00,150.4600,150.4800,150.4400,150.4700,7533
2025-01-06 19:34:00,150.4600,150.4700,150.4400,150.4500,6840
2025-01-06 19:35:00,150.4500,150.4600,150.4200,150.4500,10458
2025-01-06 19:36:00,150.4200,150.4700,150.4200,150.4700,5740
2025-01-06 19:37:00,150.4500,150.4600,150.4200,150.4400,4798
2025-01-06 19:38:00,150.4400,150.4500,150.4200,150.4300,6556
2025-01-06 19:39:00,150.4250,150.4400,150.4100,150.4300,6087
2025-01-06 19:40:00,150.4200,150.4400,150.4000,150.4300,6877
2025-01-06 19:41:00,150.4200,150.4300,150.4100,150.4300,8272
2025-01-06 19:42:00,150.4300,150.4300,150.4100,150.4150,6751
2025-01-06 19:43:00,150.4200,150.4200,150.3650,150.3650,17585
2025-01-06 19:44:00,150.3700,150.3800,150.3300,150.3306,16565
2025-01-06 19:45:00,150.3500,150.3600,150.3300,150.3500,9988
2025-01-06 19:46:00,150.3450,150.3600,150.3100,150.3600,14306
2025-01-06 19:47:00,150.3500,150.3700,150.3100,150.3700,11338
2025-01-06 19:48:00,150.3500,150.3700,150.3200,150.3400,15940
2025-01-06 19:49:00,150.3400,150.3500,150.3000,150.3200,23899
2025-01-06 19:50:00,150.3200,150.3400,150.3100,150.3291,10361
2025-01-06 19:51:00,150.3100,150.3300,150.3000,150.3200,12579
2025-01-06 19:52:00,150.3300,150.3300,150.3000,150.3099,14007
2025-01-06 19:53:00,150.3000,150.3300,150.3000,150.3202,24057
2025-01-06 19:54:00,150.3210,150.3300,150.3000,150.3000,15298
2025-01-06 19:55:00,150.3000,150.3100,150.1500,150.1600,29429
2025-01-06 19:56:00,150.1600,150.3000,150.1500,150.2150,12987
2025-01-06 19:57:00,150.2500,150.2900,150.2000,150.2900,16364
2025-01-06 19:58:00,150.2701,150.3300,150.2600,150.2999,21833
2025-01-06 19:59:00,150.3000,150.3500,150.2600,150.3000,27840
2025-01-07 04:00:00,150.4700,151.3200,146.4500,150.3600,43254
2025-01-07 04:01:00,150.4100,150.5000,150.3500,150.4100,47890
2025-01-07 04:02:00,150.4100,150.5500,150.3900,150.4800,34210
2025-01-07 04:03:00,150.5000,150.8800,150.4900,150.8300,68502
2025-01-07 04:04:00,150.8400,150.8400,150.6500,150.7300,40845
2025-01-07 04:05:00,150.7400,150.8500,150.7100,150.7700,32210
2025-01-07 04:06:00,150.7700,150.7700,150.6100,150.7500,22101
2025-01-07 04:07:00,150.7400,150.7800,150.3000,150.4800,57227
2025-01-07 04:08:00,150.5000,150.8300,150.4800,150.8100,26233
2025-01-07 04:09:00,150.8100,151.2800,150.8100,151.1900,58818
2025-01-07 04:10:00,151.1900,151.3100,151.1500,151.1500,34470
2025-01-07 04:11:00,151.1700,151.4500,151.1500,151.4400,31544
2025-01-07 04:12:00,151.4200,151.5400,151.4000,151.5200,45236
2025-01-07 04:13:00,151.5300,151.5400,151.2500,151.3500,35263
2025-01-07 04:14:00,151.3500,151.4900,151.3200,151.4900,12171
2025-01-07 04:15:00,151.4900,151.5000,151.3200,151.3800,19327
2025-01-07 04:16:00,151.3900,151.3900,151.2100,151.2400,11456
2025-01-07 04:17:00,151.2200,151.2300,151.0000,151.0700,17902
2025-01-07 04:18:00,151.0700,151.0700,150.8600,151.0000,24234
2025-01-07 04:19:00,151.0000,151.1800,150.9900,151.1600,16554
2025-01-07 04:20:00,151.1800,151.2200,151.0700,151.1400,17180
2025-01-07 04:21:00,151.1500,151.3700,151.1300,151.3400,9340
2025-01-07 04:22:00,151.3300,151.3600,151.2800,151.3200,4374
2025-01-07 04:23:00,151.3400,151.4400,151.3100,151.4300,15356
2025-01-07 04:24:00,151.4100,151.4500,151.3600,151.4000,13845
2025-01-07 04:25:00,151.3800,151.4300,151.3600,151.4000,9098
2025-01-07 04:26:00,151.4100,151.4600,151.3800,151.4400,16416
2025-01-07 04:27:00,151.4300,151.5000,151.3300,151.4900,15603
2025-01-07 04:28:00,151.4900,151.5500,151.3800,151.5400,15612
2025-01-07 04:29:00,151.5300,151.6900,151.5200,151.6800,47690
2025-01-07 04:30:00,151.6800,151.7800,151.6100,151.7800,25762
2025-01-07 04:31:00,151.7700,151.7900,151.7300,151.7500,11875
2025-01-07 04:32:00,151.7500,151.7800,151.5300,151.5300,18406
2025-01-07 04:33:00,151.5500,151.7500,151.5300,151.7400,14207
2025-01-07 04:34:00,151.7500,151.7900,151.7300,151.7800,10342
2025-01-07 04:35:00,151.7800,151.8900,151.7700,151.8900,34094
2025-01-07 04:36:00,151.8900,151.9600,151.8400,151.9600,34951
2025-01-07 04:37:00,151.9300,151.9700,151.9100,151.9500,18206
2025-01-07 04:38:00,151.9500,152.0000,151.9500,152.0000,58466
2025-01-07 04:39:00,151.9900,152.1100,151.9600,152.0900,47544
2025-01-07 04:40:00,152.1000,152.1300,151.8800,151.9000,61919
2025-01-07 04:41:00,151.9000,152.0400,151.8800,151.9700,28093
2025-01-07 04:42:00,151.9700,151.9800,151.6500,151.8900,23726
2025-01-07 04:43:00,151.8800,152.1000,151.8300,151.8400,16490
2025-01-07 04:44:00,151.8300,151.9000,151.7600,151.8000,10050
2025-01-07 04:45:00,151.7900,151.7900,151.5600,151.5800,19114
2025-01-07 04:46:00,151.5900,151.6500,151.5300,151.6400,26762
2025-01-07 04:47:00,151.6100,151.6400,151.4000,151.5600,29290
2025-01-07 04:48:00,151.5200,151.5700,151.3100,151.5000,21856
2025-01-07 04:49:00,151.5000,151.6000,151.4500,151.5500,11682
2025-01-07 04:50:00,151.5800,151.8500,151.5800,151.7400,16985
2025-01-07 04:51:00,151.7000,151.7100,151.4000,151.5000,22280
2025-01-07 04:52:00,151.5000,151.6000,151.4500,151.5700,16558
2025-01-07 04:53:00,151.5700,151.7100,151.5600,151.6800,5065
2025-01-07 04:54:00,151.6900,151.8200,151.6000,151.6700,11727
2025-01-07 04:55:00,151.6800,151.7700,151.6800,151.7200,7007
2025-01-07 04:56:00,151.7000,151.7500,151.6400,151.6900,7917
2025-01-07 04:57:00,151.6800,151.6900,151.5500,151.5800,11583
2025-01-07 04:58:00,151.5500,151.5500,151.4000,151.4900,19213
2025-01-07 04:59:00,151.4900,151.5500,151.4600,151.5100,8754
2025-01-07 05:00:00,151.4800,151.5100,151.3100,151.3500,14607
2025-01-07 05:01:00,151.3200,151.4400,151.3000,151.4400,12735
2025-01-07 05:02:00,151.4100,151.4700,151.3600,151.4100,15963
2025-01-07 05:03:00,151.4300,151.4700,151.3800,151.4300,9199
2025-01-07 05:04:00,151.4500,151.5800,151.4500,151.5600,13959
2025-01-07 05:05:00,151.5700,151.7000,151.5700,151.6300,18870
2025-01-07 05:06:00,151.6600,151.6700,151.5900,151.6000,9285
2025-01-07 05:07:00,151.6100,151.6900,151.6100,151.6900,7985
2025-01-07 05:08:00,151.6800,151.6900,151.6600,151.6600,6443
2025-01-07 05:09:00,151.6700,151.6800,151.6200,151.6600,4333
2025-01-07 05:10:00,151.6500,151.6900,151.6500,151.6800,8333
2025-01-07 05:11:00,151.6800,151.6900,151.6700,151.6800,6338
2025-01-07 05:12:00,151.6800,151.6900,151.6600,151.6800,7090
2025-01-07 05:13:00,151.6800,151.7000,151.6600,151.6700,4414
2025-01-07 05:14:00,151.6800,151.6800,151.5600,151.5600,16734
2025-01-07 05:15:00,151.5600,151.5900,151.4800,151.5900,10684
2025-01-07 05:16:00,151.5700,151.6000,151.5600,151.5700,4397
2025-01-07 05:17:00,151.5800,151.5800,151.4400,151.5200,18925
2025-01-07 05:18:00,151.5200,151.5500,151.5000,151.5200,7695
2025-01-07 05:19:00,151.5300,151.5900,151.5100,151.5800,4174
2025-01-07 05:20:00,151.5800,151.6900,151.5700,151.6700,7356
2025-01-07 05:21:00,151.6700,151.7000,151.6500,151.6800,10429
2025-01-07 05:22:00,151.7000,151.7000,151.6500,151.6800,7500
2025-01-07 05:23:00,151.6600,151.7000,151.6400,151.6900,7540
2025-01-07 05:24:00,151.6900,151.7000,151.6200,151.6400,8492
2025-01-07 05:25:00,151.6300,151.6600,151.4500,151.6400,24124
2025-01-07 05:26:00,151.6000,151.6800,151.6000,151.6100,4910
2025-01-07 05:27:00,151.6000,151.6700,151.5400,151.6600,5388
2025-01-07 05:28:00,151.6600,151.6900,151.6500,151.6800,7852
2025-01-07 05:29:00,151.6800,151.6900,151.6500,151.6800,5214
2025-01-07 05:30:00,151.6800,151.6900,151.6500,151.6700,6548
2025-01-07 05:31:00,151.6600,151.7000,151.6500,151.7000,6601
2025-01-07 05:32:00,151.6900,151.9000,151.6900,151.8900,20824
2025-01-07 05:33:00,151.8700,151.9000,151.8100,151.9000,13615
2025-01-07 05:34:00,151.8900,151.9000,151.8300,151.8700,10693
2025-01-07 05:35:00,151.8800,151.8800,151.8300,151.8800,9431
2025-01-07 05:36:00,151.8700,151.9000,151.8300,151.8700,6634
2025-01-07 05:37:00,151.8700,151.8700,151.7100,151.7400,12918
2025-01-07 05:38:00,151.7400,151.8600,151.7200,151.8500,5987
2025-01-07 05:39:00,151.8500,151.9000,151.8500,151.8800,5553
2025-01-07 05:40:00,151.8800,151.8800,151.8300,151.8600,7559
2025-01-07 05:41:00,151.8500,151.8600,151.8300,151.8300,5504
2025-01-07 05:42:00,151.8400,151.9100,151.8400,151.9100,7811
2025-01-07 05:43:00,151.9100,151.9400,151.9100,151.9400,10275
2025-01-07 05:44:00,151.9400,151.9400,151.8800,151.9200,12515
2025-01-07 05:45:00,151.9000,151.9300,151.8900,151.9000,5055
2025-01-07 05:46:00,151.9000,151.9400,151.8300,151.8500,7894
2025-01-07 05:47:00,151.8400,151.8900,151.8300,151.8900,3855
2025-01-07 05:48:00,151.8900,151.9200,151.8600,151.8700,9937
2025-01-07 05:49:00,151.8800,151.9400,151.8700,151.9400,2657
2025-01-07 05:50:00,151.9300,152.0000,151.9300,151.9900,26042
2025-01-07 05:51:00,151.9900,151.9900,151.9500,151.9800,12694
2025-01-07 05:52:00,151.9800,151.9900,151.9700,151.9900,8552
2025-01-07 05:53:00,151.9900,152.1100,151.9900,152.1100,57749
2025-01-07 05:54:00,152.1100,152.2000,152.0900,152.1900,30426
2025-01-07 05:55:00,152.2000,152.2400,152.1800,152.2000,15398
2025-01-07 05:56:00,152.2100,152.2900,152.1900,152.2900,22519
2025-01-07 05:57:00,152.2800,152.2900,152.2300,152.2600,16411
2025-01-07 05:58:00,152.2600,152.2600,152.1800,152.2200,18159
2025-01-07 05:59:00,152.2200,152.2700,152.1900,152.2400,17705
2025-01-07 06:00:00,152.2600,152.2700,152.2300,152.2700,5245
2025-01-07 06:01:00,152.2700,152.2700,152.1200,152.1500,12951
2025-01-07 06:02:00,152.1600,152.1700,151.9700,151.9700,19549
2025-01-07 06:03:00,151.9600,152.1600,151.9500,152.1100,16945
2025-01-07 06:04:00,152.1200,152.2200,152.1100,152.1900,9207
2025-01-07 06:05:00,152.1800,152.2200,152.1400,152.2100,11977
2025-01-07 06:06:00,152.2000,152.2700,152.2000,152.2500,10950
2025-01-07 06:07:00,152.2600,152.2700,152.1200,152.1800,16955
2025-01-07 06:08:00,152.1900,152.2600,152.1800,152.1800,10391
2025-01-07 06:09:00,152.1900,152.2000,152.1500,152.2000,10173
2025-01-07 06:10:00,152.2000,152.2500,152.1500,152.2500,7814
2025-01-07 06:11:00,152.2500,152.2900,152.2100,152.2900,16966
2025-01-07 06:12:00,152.2900,152.2900,152.2200,152.2400,14294
2025-01-07 06:13:00,152.2400,152.2500,152.2000,152.2400,13186
2025-01-07 06:14:00,152.2300,152.2500,152.1500,152.1600,9146
2025-01-07 06:15:00,152.1600,152.2100,152.0200,152.0500,18536
2025-01-07 06:16:00,152.0500,152.1500,152.0400,152.1000,15481
2025-01-07 06:17:00,152.1000,152.2000,152.1000,152.1900,8264
2025-01-07 06:18:00,152.1900,152.2500,152.1800,152.2400,11077
2025-01-07 06:19:00,152.2500,152.3000,152.2100,152.2100,11460
2025-01-07 06:20:00,152.2000,152.2300,152.1700,152.1900,11107
2025-01-07 06:21:00,152.1900,152.2000,152.0900,152.1500,16908
2025-01-07 06:22:00,152.1500,152.2200,152.1300,152.1900,5023
2025-01-07 06:23:00,152.1800,152.2300,152.1800,152.2300,4575
2025-01-07 06:24:00,152.2100,152.2600,152.2100,152.2600,4175
2025-01-07 06:25:00,152.2600,152.2900,152.2500,152.2700,10025
2025-01-07 06:26:00,152.2800,152.2900,152.2600,152.2800,12708
2025-01-07 06:27:00,152.2900,152.2900,152.2300,152.2700,9588
2025-01-07 06:28:00,152.2700,152.2900,152.2600,152.2900,9292
2025-01-07 06:29:00,152.2900,152.4400,152.2800,152.4400,50966
2025-01-07 06:30:00,152.4400,152.4400,152.3200,152.4100,21152
2025-01-07 06:31:00,152.4000,152.4300,152.2400,152.2700,20198
2025-01-07 06:32:00,152.2700,152.3100,152.2400,152.2700,22978
2025-01-07 06:33:00,152.2800,152.3200,152.2500,152.3200,13777
2025-01-07 06:34:00,152.3300,152.3600,152.2600,152.3300,20687
2025-01-07 06:35:00,152.3200,152.3600,152.2700,152.3000,12376
2025-01-07 06:36:00,152.3000,152.3600,152.2000,152.3300,29361
2025-01-07 06:37:00,152.3300,152.4000,152.3000,152.3700,10675
2025-01-07 06:38:00,152.3800,152.4400,152.3800,152.4400,10104
2025-01-07 06:39:00,152.4400,152.4400,152.3300,152.4000,22446
2025-01-07 06:40:00,152.4000,152.4000,152.3100,152.3700,18935
2025-01-07 06:41:00,152.3800,152.4000,152.3400,152.4000,11034
2025-01-07 06:42:00,152.4000,152.4400,152.3900,152.4200,9564
2025-01-07 06:43:00,152.4200,152.4900,152.4200,152.4600,14499
2025-01-07 06:44:00,152.4600,152.4800,152.4300,152.4800,7234
2025-01-07 06:45:00,152.4700,152.4900,152.4000,152.4200,26664
2025-01-07 06:46:00,152.4200,152.5700,152.4100,152.5400,56584
2025-01-07 06:47:00,152.5300,152.5500,152.4400,152.4900,19992
2025-01-07 06:48:00,152.4900,152.5200,152.4500,152.4800,18190
2025-01-07 06:49:00,152.4900,152.5300,152.4000,152.4300,14270
2025-01-07 06:50:00,152.4300,152.4600,152.4000,152.4300,10873
2025-01-07 06:51:00,152.4300,152.5000,152.4300,152.4900,12244
2025-01-07 06:52:00,152.4800,152.5200,152.4700,152.4800,9832
2025-01-07 06:53:00,152.4800,152.4800,152.3100,152.3300,14996
2025-01-07 06:54:00,152.3100,152.3200,152.1400,152.1600,25930
2025-01-07 06:55:00,152.1500,152.2100,152.1000,152.1800,29202
2025-01-07 06:56:00,152.1800,152.3000,152.0500,152.0700,41981
2025-01-07 06:57:00,152.0800,152.1900,152.0600,152.1200,58914
2025-01-07 06:58:00,152.1400,152.2900,152.1400,152.2200,17592
2025-01-07 06:59:00,152.2400,152.4100,152.2000,152.4000,49319
2025-01-07 07:00:00,152.3900,152.5000,152.1300,152.1800,192208
2025-01-07 07:01:00,152.1800,152.2000,152.0600,152.1500,51667
2025-01-07 07:02:00,152.1700,152.3000,152.1000,152.2300,39638
2025-01-07 07:03:00,152.2300,152.4500,152.1900,152.4300,26811
2025-01-07 07:04:00,152.4000,152.7800,152.4000,152.6600,114988
2025-01-07 07:05:00,152.7000,152.8500,152.6600,152.8200,45875
2025-01-07 07:06:00,152.8200,153.0000,152.8200,152.9900,95994
2025-01-07 07:07:00,152.9700,152.9900,152.8500,152.8600,42271
2025-01-07 07:08:00,152.8600,152.9500,152.8500,152.9300,38203
2025-01-07 07:09:00,152.9500,152.9900,152.9400,152.9700,50049
2025-01-07 07:10:00,152.9700,153.2400,152.9700,153.2300,213758
2025-01-07 07:11:00,153.2400,153.3200,153.1100,153.1500,63661
2025-01-07 07:12:00,153.1400,153.2500,153.1000,153.2300,29930
2025-01-07 07:13:00,153.2500,153.3000,153.1700,153.2600,57826
2025-01-07 07:14:00,153.2600,153.3800,153.2200,153.2500,62350
2025-01-07 07:15:00,153.2500,153.2600,153.1200,153.2400,27097
2025-01-07 07:16:00,153.2400,153.3300,153.2400,153.3200,24418
2025-01-07 07:17:00,153.3200,153.4500,153.3100,153.4500,46413
2025-01-07 07:18:00,153.4500,153.6200,153.4000,153.6000,97832
2025-01-07 07:19:00,153.6200,153.6600,153.5600,153.5700,49986
2025-01-07 07:20:00,153.5800,153.6500,153.5300,153.5600,50583
2025-01-07 07:21:00,153.5600,153.5600,153.2500,153.3100,41468
2025-01-07 07:22:00,153.3100,153.3600,153.2700,153.3000,36391
2025-01-07 07:23:00,153.3000,153.3200,153.2300,153.2400,52327
2025-01-07 07:24:00,153.2400,153.2600,153.0000,153.0100,78506
2025-01-07 07:25:00,153.0200,153.0600,152.8800,153.0100,72180
2025-01-07 07:26:00,153.0000,153.1500,152.9900,153.0500,43699
2025-01-07 07:27:00,153.0500,153.0600,152.8200,152.9300,62603
2025-01-07 07:28:00,152.9400,152.9500,152.8000,152.8300,39832
2025-01-07 07:29:00,152.8300,153.0000,152.8100,153.0000,31617
2025-01-07 07:30:00,153.0000,153.1600,152.9600,153.1400,27815
2025-01-07 07:31:00,153.1600,153.2000,153.1100,153.1900,24639
2025-01-07 07:32:00,153.1800,153.2900,153.1800,153.2900,23632
2025-01-07 07:33:00,153.2900,153.3300,153.1800,153.2000,38287
2025-01-07 07:34:00,153.2000,153.3300,153.2000,153.3200,29690
2025-01-07 07:35:00,153.3100,153.4000,153.3100,153.3900,34482
2025-01-07 07:36:00,153.3900,153.3900,153.2500,153.2600,31791
2025-01-07 07:37:00,153.2800,153.3100,153.2300,153.2300,14570
2025-01-07 07:38:00,153.2300,153.2500,153.1600,153.1900,25958
2025-01-07 07:39:00,153.1800,153.2700,153.1500,153.2500,36342
2025-01-07 07:40:00,153.2700,153.3100,153.2300,153.2700,26871
2025-01-07 07:41:00,153.2800,153.3200,153.2600,153.3000,30694
2025-01-07 07:42:00,153.2900,153.3100,153.2300,153.2800,23007
2025-01-07 07:43:00,153.2900,153.3700,153.2800,153.3300,20544
2025-01-07 07:44:00,153.3300,153.3300,153.2300,153.2500,28914
2025-01-07 07:45:00,153.2500,153.2500,153.2100,153.2400,23960
2025-01-07 07:46:00,153.2400,153.2500,153.1500,153.1700,36323
2025-01-07 07:47:00,153.1600,153.2400,153.1000,153.2000,35891
2025-01-07 07:48:00,153.2000,153.2800,153.0900,153.1000,64273
2025-01-07 07:49:00,153.1000,153.2000,153.0000,153.1800,22800
2025-01-07 07:50:00,153.1800,153.2000,153.0300,153.1900,31071
2025-01-07 07:51:00,153.1800,153.2300,153.1800,153.1900,18676
2025-01-07 07:52:00,153.2000,153.2100,153.1500,153.1700,23075
2025-01-07 07:53:00,153.1500,153.2000,153.1200,153.1800,15828
2025-01-07 07:54:00,153.1600,153.2000,153.1200,153.1500,15697
2025-01-07 07:55:00,153.1300,153.1400,153.0200,153.0200,20421
2025-01-07 07:56:00,153.0200,153.1000,152.9800,153.1000,40826
2025-01-07 07:57:00,153.1000,153.1500,153.0700,153.0700,17395
2025-01-07 07:58:00,153.0700,153.1300,153.0300,153.1300,10411
2025-01-07 07:59:00,153.1300,153.1600,153.0600,153.1000,24518
2025-01-07 08:00:00,153.1000,153.6600,143.5999,151.9124,3074251
2025-01-07 08:01:00,151.9352,153.6500,148.1200,153.2736,47920
2025-01-07 08:02:00,153.0895,153.2912,149.4300,153.0000,36092
2025-01-07 08:03:00,152.9900,153.0200,149.4300,152.8900,53950
2025-01-07 08:04:00,152.9000,152.9000,149.4300,152.8000,65799
2025-01-07 08:05:00,152.8000,153.0564,149.4300,152.7399,59339
2025-01-07 08:06:00,152.7400,152.7600,149.4300,152.7000,84115
2025-01-07 08:07:00,152.7300,152.7300,152.6700,152.7099,82066
2025-01-07 08:08:00,152.6824,152.7300,152.6500,152.7100,59110
2025-01-07 08:09:00,152.7100,152.7300,152.6551,152.6900,38244
2025-01-07 08:10:00,152.6900,152.7200,152.6500,152.6900,38242
2025-01-07 08:11:00,152.6900,152.7600,152.6700,152.6900,82730
2025-01-07 08:12:00,152.6800,152.8900,152.6600,152.8800,85007
2025-01-07 08:13:00,152.8800,152.9500,152.8300,152.8801,58397
2025-01-07 08:14:00,152.9000,152.9100,152.6952,152.8100,66784
2025-01-07 08:15:00,152.8100,152.8100,152.7000,152.7900,72787
2025-01-07 08:16:00,152.7900,152.8000,152.7200,152.7700,27902
2025-01-07 08:17:00,152.7600,152.8000,152.7600,152.8000,44198
2025-01-07 08:18:00,152.7950,152.8000,152.7800,152.7900,18004
2025-01-07 08:19:00,152.8000,152.8000,152.7400,152.7588,40648
2025-01-07 08:20:00,152.7600,152.7900,152.6800,152.7100,48528
2025-01-07 08:21:00,152.7000,152.7400,152.5400,152.5900,105384
2025-01-07 08:22:00,152.5603,152.7000,152.5400,152.5500,48944
2025-01-07 08:23:00,152.5500,152.5900,152.5000,152.5200,70060
2025-01-07 08:24:00,152.5100,152.6000,152.4500,152.5801,96498
2025-01-07 08:25:00,152.5900,152.6000,152.3800,152.4000,78514
2025-01-07 08:26:00,152.4050,152.4600,152.3200,152.3400,71526
2025-01-07 08:27:00,152.3500,152.7800,152.2300,152.7700,276844
2025-01-07 08:28:00,152.7500,152.9500,152.6600,152.8800,133225
2025-01-07 08:29:00,152.8900,152.9000,152.7200,152.7800,34225
2025-01-07 08:30:00,152.7800,152.9100,152.7500,152.8600,72426
2025-01-07 08:31:00,152.7600,152.8800,152.7500,152.8503,31515
2025-01-07 08:32:00,152.8800,152.9000,152.6660,152.7100,74556
2025-01-07 08:33:00,152.7300,152.8300,152.7115,152.7952,22994
2025-01-07 08:34:00,152.7900,152.8800,152.7500,152.8700,26995
2025-01-07 08:35:00,152.8700,152.8800,152.8200,152.8800,39118
2025-01-07 08:36:00,152.8797,152.8800,152.7300,152.7500,55007
2025-01-07 08:37:00,152.7500,152.8000,152.6300,152.6450,38568
2025-01-07 08:38:00,152.6450,152.6800,152.5600,152.5900,39947
2025-01-07 08:39:00,152.5900,152.5900,152.3800,152.5100,64794
2025-01-07 08:40:00,152.5399,152.6700,152.5000,152.5800,28950
2025-01-07 08:41:00,152.5700,152.6000,152.5400,152.5600,21550
2025-01-07 08:42:00,152.5600,152.5600,152.4500,152.5300,40984
2025-01-07 08:43:00,152.5000,152.5700,152.5000,152.5400,23149
2025-01-07 08:44:00,152.5400,152.7000,152.5400,152.6700,33417
2025-01-07 08:45:00,152.6700,152.7400,152.6500,152.7400,26335
2025-01-07 08:46:00,152.7300,152.7700,152.5500,152.7600,36721
2025-01-07 08:47:00,152.7600,152.7700,152.7100,152.7600,27118
2025-01-07 08:48:00,152.7500,152.7700,152.7300,152.7699,22239
2025-01-07 08:49:00,152.7700,152.9400,152.7000,152.8200,83068
2025-01-07 08:50:00,152.8200,152.8500,152.7700,152.8304,20447
2025-01-07 08:51:00,152.8500,152.8700,152.8000,152.8500,27002
2025-01-07 08:52:00,152.8400,152.8500,152.7301,152.8500,22892
2025-01-07 08:53:00,152.8500,152.9600,152.7900,152.9501,34596
2025-01-07 08:54:00,152.9500,152.9800,152.9300,152.9700,41750
2025-01-07 08:55:00,152.9599,152.9800,152.8400,152.9400,22588
2025-01-07 08:56:00,152.9400,152.9700,152.9000,152.9600,25324
2025-01-07 08:57:00,152.9600,152.9600,152.7900,152.9400,24286
2025-01-07 08:58:00,152.9400,152.9400,152.8800,152.9100,22588
2025-01-07 08:59:00,152.9200,152.9800,152.8600,152.9799,34524
2025-01-07 09:00:00,152.9700,153.0000,152.9500,152.9700,64231
2025-01-07 09:01:00,152.9800,153.2000,152.9300,153.1600,146110
2025-01-07 09:02:00,153.1650,153.2700,153.1500,153.2700,103249
2025-01-07 09:03:00,153.2699,153.3500,153.1900,153.3305,164681
2025-01-07 09:04:00,153.3500,153.4300,153.3000,153.4100,116420
2025-01-07 09:05:00,153.4200,153.5000,153.3400,153.3500,180873
2025-01-07 09:06:00,153.3500,153.3900,153.2800,153.3500,78961
2025-01-07 09:07:00,153.3500,153.4500,153.3400,153.4000,59051
2025-01-07 09:08:00,153.4100,153.5000,153.3700,153.5000,97495
2025-01-07 09:09:00,153.5000,153.5000,153.3500,153.4202,111833
2025-01-07 09:10:00,153.4300,153.4700,153.3600,153.4000,41976
2025-01-07 09:11:00,153.3900,153.4900,153.3900,153.4600,79754
2025-01-07 09:12:00,153.4400,153.6000,153.4400,153.5700,107309
2025-01-07 09:13:00,153.5900,153.7400,153.5800,153.6800,132328
2025-01-07 09:14:00,153.6800,153.7000,153.4500,153.4800,92017
2025-01-07 09:15:00,153.4600,153.4900,153.1400,153.2199,132735
2025-01-07 09:16:00,153.2100,153.3000,153.1100,153.2800,84040
2025-01-07 09:17:00,153.3000,153.4900,153.2700,153.4300,38667
2025-01-07 09:18:00,153.4000,153.4500,153.2200,153.2500,117112
2025-01-07 09:19:00,153.2500,153.2700,153.0400,153.1700,114996
2025-01-07 09:20:00,153.1800,153.3000,148.4150,153.2000,37663
2025-01-07 09:21:00,153.2200,153.3000,148.5300,153.2400,33893
2025-01-07 09:22:00,153.2500,153.2900,153.2300,153.2800,36705
2025-01-07 09:23:00,153.2750,153.4277,153.2700,153.4000,46795
2025-01-07 09:24:00,153.4200,153.4500,153.3500,153.3900,64701
2025-01-07 09:25:00,153.3800,153.4400,149.4300,153.3200,119899
2025-01-07 09:26:00,153.3200,153.3500,153.2131,153.2700,63803
2025-01-07 09:27:00,153.2400,153.4000,153.2000,153.2500,76358
2025-01-07 09:28:00,153.2100,153.2600,153.1100,153.1400,61429
2025-01-07 09:29:00,153.1300,153.1700,153.0000,153.0300,87921
2025-01-07 09:30:00,153.0300,153.1300,152.1801,152.1950,6185017
2025-01-07 09:31:00,152.2000,152.3600,151.4700,151.8600,2921923
2025-01-07 09:32:00,151.8580,152.2500,151.1900,151.5400,2237163
2025-01-07 09:33:00,151.5400,151.7699,150.7200,150.7301,1880202
2025-01-07 09:34:00,150.7400,151.3000,150.4100,150.4650,1843976
2025-01-07 09:35:00,150.4750,150.8900,149.8800,149.9699,2466779
2025-01-07 09:36:00,149.9800,150.4100,149.4300,149.6340,2398593
2025-01-07 09:37:00,149.6148,150.4900,149.4500,150.3852,2296980
2025-01-07 09:38:00,150.4299,150.5499,149.8600,149.8800,1727384
2025-01-07 09:39:00,149.8800,149.8910,148.7200,148.8500,2358891
2025-01-07 09:40:00,148.8500,149.3500,148.8000,149.2599,1769311
2025-01-07 09:41:00,149.2500,149.7200,148.9400,149.6999,1585325
2025-01-07 09:42:00,149.6920,149.9400,149.3800,149.7011,1439353
2025-01-07 09:43:00,149.7050,150.0400,149.6500,149.9550,1565956
2025-01-07 09:44:00,149.9600,150.4700,149.8900,150.4370,1642823
2025-01-07 09:45:00,150.4300,150.5000,150.0701,150.1980,1105819
2025-01-07 09:46:00,150.2420,150.2420,149.7100,149.8600,1170207
2025-01-07 09:47:00,149.8476,150.0000,149.4700,149.6001,980454
2025-01-07 09:48:00,149.6088,150.0220,149.4700,149.4900,956672
2025-01-07 09:49:00,149.4900,149.6800,149.1600,149.2200,1129970
2025-01-07 09:50:00,149.2499,149.4199,149.0300,149.0500,1113359
2025-01-07 09:51:00,149.0550,149.8100,149.0550,149.6101,1226074
2025-01-07 09:52:00,149.6134,149.8900,149.3900,149.8700,871177
2025-01-07 09:53:00,149.8534,149.8900,148.9100,148.9500,1455236
2025-01-07 09:54:00,148.9500,148.9700,148.3000,148.4232,2140288
2025-01-07 09:55:00,148.4400,148.7800,148.4000,148.7150,1129847
2025-01-07 09:56:00,148.7200,148.7200,146.8900,146.9400,3445209
2025-01-07 09:57:00,146.9200,147.3400,146.3100,146.8105,3601681
2025-01-07 09:58:00,146.8300,147.0994,145.5900,145.9300,3009378
2025-01-07 09:59:00,145.9300,146.5000,145.7900,146.2600,1490897
2025-01-07 10:00:00,146.2300,146.4800,145.6600,145.6806,1743423
2025-01-07 10:01:00,145.7200,145.9700,145.2000,145.4800,2232627
2025-01-07 10:02:00,145.4800,145.8500,144.6500,145.7700,2894509
2025-01-07 10:03:00,145.7400,146.2200,145.6500,146.1900,1395384
2025-01-07 10:04:00,146.1900,146.2000,145.5400,145.6300,1370107
2025-01-07 10:05:00,145.6300,146.4600,145.6150,146.4200,1486262
2025-01-07 10:06:00,146.4200,146.4900,145.8200,146.1881,1346808
2025-01-07 10:07:00,146.1900,146.4800,145.6000,145.7600,1228189
2025-01-07 10:08:00,145.7600,146.2300,145.5200,146.0816,986267
2025-01-07 10:09:00,146.0900,146.1900,145.2400,145.5050,1333604
2025-01-07 10:10:00,145.5050,145.7200,145.1200,145.4050,1218394
2025-01-07 10:11:00,145.4050,145.7200,145.3000,145.4400,1379442
2025-01-07 10:12:00,145.4343,146.2800,145.4343,146.1800,1425189
2025-01-07 10:13:00,146.1650,146.2400,145.6400,145.6899,1008917
2025-01-07 10:14:00,145.6700,145.7599,145.3800,145.5000,1141009
2025-01-07 10:15:00,145.4800,145.6800,145.1100,145.5000,1431504
2025-01-07 10:16:00,145.5100,145.8700,145.0600,145.2450,1269683
2025-01-07 10:17:00,145.2342,145.4300,144.5400,144.5600,1940843
2025-01-07 10:18:00,144.5600,145.0599,144.4400,144.5207,1479854
2025-01-07 10:19:00,144.5200,144.9600,144.5200,144.7400,1142377
2025-01-07 10:20:00,144.7300,145.2000,144.6700,144.8950,1158140
2025-01-07 10:21:00,144.8900,145.5500,144.8100,144.9850,1460758
2025-01-07 10:22:00,144.9800,145.1900,144.7900,144.9939,970029
2025-01-07 10:23:00,144.9836,145.4099,144.9801,145.1250,1027780
2025-01-07 10:24:00,145.1250,145.3300,145.0192,145.0800,779881
2025-01-07 10:25:00,145.0850,145.4500,144.8600,144.9400,1185005
2025-01-07 10:26:00,144.9300,145.2000,144.7700,145.0000,1055262
2025-01-07 10:27:00,145.0200,145.1099,144.3000,144.4850,1624854
2025-01-07 10:28:00,144.4850,144.5050,143.7300,144.0550,2494639
2025-01-07 10:29:00,144.0400,144.1300,143.5300,143.6500,1566634
2025-01-07 10:30:00,143.6500,143.8500,142.8600,142.9900,2376393
2025-01-07 10:31:00,143.0000,143.1300,142.6300,142.7200,1938431
2025-01-07 10:32:00,142.7118,142.9900,142.1800,142.5301,2240780
2025-01-07 10:33:00,142.5599,142.7700,142.3400,142.6864,1168847
2025-01-07 10:34:00,142.6800,142.7700,142.2000,142.6446,1406683
2025-01-07 10:35:00,142.6400,142.9300,142.0100,142.0800,1524888
2025-01-07 10:36:00,142.0700,142.1800,141.6200,141.9000,2412334
2025-01-07 10:37:00,141.9100,142.5700,141.8500,142.2800,1520197
2025-01-07 10:38:00,142.2800,142.3810,141.3500,141.6100,2145987
2025-01-07 10:39:00,141.6150,141.8200,141.0300,141.1701,1909354
2025-01-07 10:40:00,141.1900,141.7200,141.1700,141.3200,1656813
2025-01-07 10:41:00,141.3400,141.4300,140.7700,141.0100,2212132
2025-01-07 10:42:00,141.0100,141.0700,140.4400,140.8000,2203247
2025-01-07 10:43:00,140.8100,141.4585,140.7200,141.2800,1737298
2025-01-07 10:44:00,141.2750,141.5800,141.0000,141.4101,1395022
2025-01-07 10:45:00,141.3900,141.4900,141.0000,141.4800,1369737
2025-01-07 10:46:00,141.4900,141.5000,140.9000,141.2800,1320385
2025-01-07 10:47:00,141.2890,141.4000,140.4500,141.2500,1785756
2025-01-07 10:48:00,141.2350,141.4300,141.0000,141.1900,1176615
2025-01-07 10:49:00,141.2000,141.7500,141.0400,141.6550,1390109
2025-01-07 10:50:00,141.6400,141.8400,140.9900,141.6700,1475593
2025-01-07 10:51:00,141.6596,141.9400,141.4100,141.8250,1482820
2025-01-07 10:52:00,141.8000,142.1700,141.6600,142.1700,1753357
2025-01-07 10:53:00,142.1500,142.2200,141.8500,141.8700,1494022
2025-01-07 10:54:00,141.8639,142.3700,141.6600,142.2250,1507317
2025-01-07 10:55:00,142.2399,142.7300,142.2225,142.6100,1862374
2025-01-07 10:56:00,142.6002,142.8200,142.0500,142.2899,1641834
2025-01-07 10:57:00,142.2800,142.5900,142.1000,142.3550,1168207
2025-01-07 10:58:00,142.3600,142.5500,142.3100,142.4800,1100625
2025-01-07 10:59:00,142.5000,142.8300,142.3900,142.6950,1509515
2025-01-07 11:00:00,142.7112,142.8600,142.4800,142.5000,1300487
2025-01-07 11:01:00,142.5000,142.5200,141.7000,141.7800,1920689
2025-01-07 11:02:00,141.7800,142.1900,141.7300,141.8702,1017268
2025-01-07 11:03:00,141.8900,142.0700,141.5400,141.8550,1077573
2025-01-07 11:04:00,141.8685,142.0800,141.7800,141.8650,724196
2025-01-07 11:05:00,141.9000,141.9000,141.3800,141.4000,1388636
2025-01-07 11:06:00,141.4200,141.7700,141.3600,141.5000,921232
2025-01-07 11:07:00,141.4910,141.7500,141.3100,141.4500,878528
2025-01-07 11:08:00,141.4600,142.0900,141.4300,142.0200,949998
2025-01-07 11:09:00,142.0100,142.2200,141.8700,142.0600,921719
2025-01-07 11:10:00,142.0600,142.3060,141.9800,142.1700,846347
2025-01-07 11:11:00,142.1500,142.2500,141.6000,141.7111,866364
2025-01-07 11:12:00,141.7200,141.7600,141.3100,141.3701,1022943
2025-01-07 11:13:00,141.3800,141.5600,141.2101,141.3500,723041
2025-01-07 11:14:00,141.3800,141.6500,141.1000,141.1249,1042920
2025-01-07 11:15:00,141.1400,141.3000,141.0000,141.1300,1204367
2025-01-07 11:16:00,141.1300,141.5600,141.0900,141.3900,1030428
2025-01-07 11:17:00,141.3900,141.7400,141.3400,141.6750,750101
2025-01-07 11:18:00,141.6750,141.7300,141.5000,141.6600,665823
2025-01-07 11:19:00,141.6600,141.9124,141.6462,141.7600,838532
2025-01-07 11:20:00,141.7650,141.9000,141.5700,141.7900,729098
2025-01-07 11:21:00,141.7850,141.9000,141.5650,141.8700,696401
2025-01-07 11:22:00,141.8750,142.2200,141.8600,141.8900,1101972
2025-01-07 11:23:00,141.8800,142.1100,141.7500,141.9000,882879
2025-01-07 11:24:00,141.8615,142.6400,141.8615,142.6100,1053660
2025-01-07 11:25:00,142.6123,142.7500,142.5000,142.5900,1110082
2025-01-07 11:26:00,142.5900,142.8800,142.3600,142.4470,1355836
2025-01-07 11:27:00,142.4300,142.5900,142.3000,142.3600,831109
2025-01-07 11:28:00,142.3700,142.8500,142.3500,142.8100,1046284
2025-01-07 11:29:00,142.8000,142.8300,142.3500,142.7667,1112265
2025-01-07 11:30:00,142.7600,142.8300,142.4000,142.4100,974583
2025-01-07 11:31:00,142.4040,142.5400,141.9001,142.1999,1268756
2025-01-07 11:32:00,142.1900,142.7200,142.1700,142.6480,705642
2025-01-07 11:33:00,142.6500,142.8400,142.6230,142.7200,739483
2025-01-07 11:34:00,142.7200,142.8000,142.5300,142.5700,921984
2025-01-07 11:35:00,142.5800,142.6400,142.3200,142.4766,630440
2025-01-07 11:36:00,142.5000,142.5600,142.0000,142.4200,856767
2025-01-07 11:37:00,142.4500,142.7100,142.3999,142.5500,579769
2025-01-07 11:38:00,142.5400,142.7600,142.4695,142.5910,501218
2025-01-07 11:39:00,142.5900,142.9300,142.4428,142.9122,844601
2025-01-07 11:40:00,142.9058,143.1100,142.8600,143.0400,1222970
2025-01-07 11:41:00,143.0332,143.0500,142.5300,142.6400,817632
2025-01-07 11:42:00,142.6490,142.6800,142.4600,142.6300,551082
2025-01-07 11:43:00,142.6400,142.6880,142.2100,142.2400,710666
2025-01-07 11:44:00,142.2500,142.3950,141.8400,142.1099,1081816
2025-01-07 11:45:00,142.0930,142.4900,142.0900,142.3900,548274
2025-01-07 11:46:00,142.3868,142.5500,142.3100,142.3700,390000
2025-01-07 11:47:00,142.3697,142.5900,142.2750,142.5600,426514
2025-01-07 11:48:00,142.5600,142.6200,142.1900,142.2400,519376
2025-01-07 11:49:00,142.2300,142.3800,141.9500,142.0600,641707
2025-01-07 11:50:00,142.0720,142.1200,141.8000,141.9300,699911
2025-01-07 11:51:00,141.9200,142.1200,141.8400,141.9631,550786
2025-01-07 11:52:00,141.9500,142.0700,141.8955,142.0500,344906
2025-01-07 11:53:00,142.0497,142.1600,141.9300,142.0000,404924
2025-01-07 11:54:00,142.0000,142.0650,141.8500,141.9500,395235
2025-01-07 11:55:00,141.9600,142.1800,141.8836,141.9089,426492
2025-01-07 11:56:00,141.9000,141.9964,141.7200,141.8939,660506
2025-01-07 11:57:00,141.8956,141.9890,141.7600,141.8010,389773
2025-01-07 11:58:00,141.8000,141.8600,141.5600,141.6000,601651
2025-01-07 11:59:00,141.6100,141.7399,141.5550,141.6750,391329
2025-01-07 12:00:00,141.6800,142.0200,141.6750,141.7200,598333
2025-01-07 12:01:00,141.7300,141.7580,141.5800,141.6423,392051
2025-01-07 12:02:00,141.6433,141.6800,141.3900,141.4599,785929
2025-01-07 12:03:00,141.4600,141.6000,141.4000,141.5201,347804
2025-01-07 12:04:00,141.5200,141.5400,141.3901,141.5200,383415
2025-01-07 12:05:00,141.5299,141.7200,141.5030,141.6150,438640
2025-01-07 12:06:00,141.6050,141.6300,141.3600,141.3700,460601
2025-01-07 12:07:00,141.3750,141.5800,141.3400,141.4300,433286
2025-01-07 12:08:00,141.4400,141.6300,141.3900,141.5500,417301
2025-01-07 12:09:00,141.5480,141.7250,141.5100,141.6650,379479
2025-01-07 12:10:00,141.6600,141.6600,141.3729,141.5600,388840
2025-01-07 12:11:00,141.5600,141.6900,141.4600,141.6300,377594
2025-01-07 12:12:00,141.6400,141.8600,141.5900,141.7900,515010
2025-01-07 12:13:00,141.7800,141.8800,141.7500,141.7700,418087
2025-01-07 12:14:00,141.7900,141.9400,141.7200,141.8700,477598
2025-01-07 12:15:00,141.8300,141.8799,141.6300,141.6600,548197
2025-01-07 12:16:00,141.6600,141.6900,141.5400,141.6300,467928
2025-01-07 12:17:00,141.6399,141.7400,141.4849,141.5700,387148
2025-01-07 12:18:00,141.5900,141.6900,141.5100,141.5999,308394
2025-01-07 12:19:00,141.5900,141.8500,141.5700,141.6710,370123
2025-01-07 12:20:00,141.6900,141.7400,141.6200,141.7200,252422
2025-01-07 12:21:00,141.7200,141.8900,141.7000,141.8150,297595
2025-01-07 12:22:00,141.8200,141.8300,141.5300,141.5400,333053
2025-01-07 12:23:00,141.5500,141.5700,141.3700,141.4401,496419
2025-01-07 12:24:00,141.4500,141.4900,141.1200,141.1200,655397
2025-01-07 12:25:00,141.1200,141.2500,141.1200,141.2000,446200
2025-01-07 12:26:00,141.1800,141.3800,141.1500,141.3300,362946
2025-01-07 12:27:00,141.3300,141.4200,141.2610,141.3749,287119
2025-01-07 12:28:00,141.3800,141.4100,141.1200,141.2000,383789
2025-01-07 12:29:00,141.2018,141.5200,141.1600,141.4290,373778
2025-01-07 12:30:00,141.4300,141.6200,141.3100,141.5600,376966
2025-01-07 12:31:00,141.5600,141.6900,141.5500,141.6300,355100
2025-01-07 12:32:00,141.6200,141.8000,141.5810,141.7400,385144
2025-01-07 12:33:00,141.7500,142.1300,141.7300,142.1000,526878
2025-01-07 12:34:00,142.0850,142.0900,141.9000,141.9650,472713
2025-01-07 12:35:00,141.9600,141.9799,141.7600,141.8650,351156
2025-01-07 12:36:00,141.8750,142.0500,141.8400,142.0400,371944
2025-01-07 12:37:00,142.0300,142.0700,141.8500,141.8700,318596
2025-01-07 12:38:00,141.8900,141.9500,141.7500,141.9240,293064
2025-01-07 12:39:00,141.9200,142.1000,141.8800,141.9690,371619
2025-01-07 12:40:00,141.9500,142.0200,141.9000,141.9700,242886
2025-01-07 12:41:00,141.9650,142.0500,141.8450,141.9050,306159
2025-01-07 12:42:00,141.8900,141.8900,141.6500,141.8200,312828
2025-01-07 12:43:00,141.8100,141.8700,141.7601,141.8399,276660
2025-01-07 12:44:00,141.8400,141.8899,141.7100,141.8701,245839
2025-01-07 12:45:00,141.8797,141.8999,141.5800,141.6100,424167
2025-01-07 12:46:00,141.6100,141.6900,141.3200,141.3800,522302
2025-01-07 12:47:00,141.3800,141.5399,141.3300,141.5370,358379
2025-01-07 12:48:00,141.5310,141.6600,141.4800,141.6000,298601
2025-01-07 12:49:00,141.6000,141.6800,141.5500,141.6700,232903
2025-01-07 12:50:00,141.6700,141.8400,141.6600,141.7800,328610
2025-01-07 12:51:00,141.7701,141.8274,141.5800,141.6620,251457
2025-01-07 12:52:00,141.6700,141.7500,141.5800,141.7399,202943
2025-01-07 12:53:00,141.7300,141.8500,141.6690,141.8320,173916
2025-01-07 12:54:00,141.8201,142.0800,141.8000,142.0500,429062
2025-01-07 12:55:00,142.0400,142.0600,141.9316,141.9400,278732
2025-01-07 12:56:00,141.9400,142.1200,141.9200,142.0950,346832
2025-01-07 12:57:00,142.1000,142.1200,141.9900,142.0100,284589
2025-01-07 12:58:00,142.0100,142.0900,141.9676,142.0600,219709
2025-01-07 12:59:00,142.0700,142.3000,142.0620,142.2700,451076
2025-01-07 13:00:00,142.2602,142.3000,142.1000,142.1790,376506
2025-01-07 13:01:00,142.1800,142.2800,142.0900,142.1399,307550
2025-01-07 13:02:00,142.1350,142.3300,142.1101,142.2100,288919
2025-01-07 13:03:00,142.2200,142.3900,142.1550,142.3835,274604
2025-01-07 13:04:00,142.3801,142.5500,142.3401,142.5400,474059
2025-01-07 13:05:00,142.5450,142.6000,142.4500,142.4976,449071
2025-01-07 13:06:00,142.4971,142.6100,142.4700,142.6050,371419
2025-01-07 13:07:00,142.6000,142.6250,142.4300,142.5299,350026
2025-01-07 13:08:00,142.5299,142.6400,142.5100,142.5903,312594
2025-01-07 13:09:00,142.5900,142.7299,142.5900,142.7100,432619
2025-01-07 13:10:00,142.6800,142.8600,142.6402,142.8300,525949
2025-01-07 13:11:00,142.8400,142.8474,142.7300,142.7950,339342
2025-01-07 13:12:00,142.8000,142.9900,142.7700,142.9800,492563
2025-01-07 13:13:00,142.9750,143.1200,142.9700,143.0850,724076
2025-01-07 13:14:00,143.0899,143.2500,143.0400,143.2370,565542
2025-01-07 13:15:00,143.2387,143.2500,142.8600,142.9820,708037
2025-01-07 13:16:00,142.9900,143.1000,142.7800,142.8800,494483
2025-01-07 13:17:00,142.8800,143.1000,142.8780,142.9900,409834
2025-01-07 13:18:00,142.9900,143.0800,142.9632,143.0350,335892
2025-01-07 13:19:00,143.0300,143.2500,143.0200,143.2300,552103
2025-01-07 13:20:00,143.2150,143.2900,143.0471,143.0550,611821
2025-01-07 13:21:00,143.0550,143.1600,142.9718,143.1500,457516
2025-01-07 13:22:00,143.1500,143.1500,142.9100,143.0000,342847
2025-01-07 13:23:00,143.0050,143.0700,142.9800,142.9901,246808
2025-01-07 13:24:00,143.0000,143.0500,142.8900,143.0200,615734
2025-01-07 13:25:00,143.0284,143.1400,142.9300,143.1368,304809
2025-01-07 13:26:00,143.1300,143.4500,143.0701,143.4450,685278
2025-01-07 13:27:00,143.4400,143.4400,143.2800,143.2940,371212
2025-01-07 13:28:00,143.2900,143.3300,143.1300,143.1650,324430
2025-01-07 13:29:00,143.1600,143.2000,143.0700,143.1150,273022
2025-01-07 13:30:00,143.1100,143.1700,142.7800,142.8000,436417
2025-01-07 13:31:00,142.8000,142.8700,142.6800,142.7800,502250
2025-01-07 13:32:00,142.7900,142.8900,142.7600,142.7981,248152
2025-01-07 13:33:00,142.8000,142.8700,142.7125,142.8100,303501
2025-01-07 13:34:00,142.8000,142.9000,142.7400,142.8299,232712
2025-01-07 13:35:00,142.8110,142.8600,142.5800,142.6100,284959
2025-01-07 13:36:00,142.6127,142.7900,142.6100,142.6200,283457
2025-01-07 13:37:00,142.6100,142.6100,142.3400,142.3700,543530
2025-01-07 13:38:00,142.3650,142.4450,142.3000,142.3917,284412
2025-01-07 13:39:00,142.4000,142.5100,142.3900,142.4900,280805
2025-01-07 13:40:00,142.4900,142.5200,142.2600,142.3350,305975
2025-01-07 13:41:00,142.3400,142.3850,142.2300,142.3179,228769
2025-01-07 13:42:00,142.3150,142.3400,142.2600,142.3300,206093
2025-01-07 13:43:00,142.3300,142.3700,142.2900,142.3400,185501
2025-01-07 13:44:00,142.3301,142.3400,142.1400,142.2600,401550
2025-01-07 13:45:00,142.2600,142.3300,142.1800,142.2899,289044
2025-01-07 13:46:00,142.2900,142.3300,142.1901,142.2600,245215
2025-01-07 13:47:00,142.2650,142.4200,142.2200,142.3650,438326
2025-01-07 13:48:00,142.3720,142.3950,142.1400,142.1600,338517
2025-01-07 13:49:00,142.1500,142.1500,142.0100,142.0100,343517
2025-01-07 13:50:00,142.0100,142.1300,141.9700,142.0550,523435
2025-01-07 13:51:00,142.0600,142.1000,142.0200,142.0700,220590
2025-01-07 13:52:00,142.0800,142.1200,141.9100,142.0900,365289
2025-01-07 13:53:00,142.0970,142.2300,142.0200,142.1700,391248
2025-01-07 13:54:00,142.1800,142.1900,142.0531,142.1550,175640
2025-01-07 13:55:00,142.1515,142.1584,142.0500,142.0990,150854
2025-01-07 13:56:00,142.0950,142.1000,141.9340,141.9540,270790
2025-01-07 13:57:00,141.9600,142.0550,141.9301,142.0301,189010
2025-01-07 13:58:00,142.0400,142.0700,141.9800,142.0212,183240
2025-01-07 13:59:00,142.0200,142.0580,141.9701,142.0399,162320
2025-01-07 14:00:00,142.0350,142.2300,142.0046,142.2300,251915
2025-01-07 14:01:00,142.2210,142.3900,142.1400,142.3400,439609
2025-01-07 14:02:00,142.3401,142.4800,142.2800,142.4168,358551
2025-01-07 14:03:00,142.4299,142.5100,142.3900,142.4350,329788
2025-01-07 14:04:00,142.4212,143.1655,142.3500,142.4000,219088
2025-01-07 14:05:00,142.3950,142.4600,142.2900,142.4600,282766
2025-01-07 14:06:00,142.4600,142.5300,142.4100,142.4700,312567
2025-01-07 14:07:00,142.4800,142.5300,142.2700,142.2800,286743
2025-01-07 14:08:00,142.2706,142.4700,142.1800,142.3910,291945
2025-01-07 14:09:00,142.4090,142.4300,142.2500,142.2800,206450
2025-01-07 14:10:00,142.2750,142.2800,142.0600,142.0950,354102
2025-01-07 14:11:00,142.0950,142.2300,142.0600,142.1500,302722
2025-01-07 14:12:00,142.1600,142.2800,142.0100,142.0200,405598
2025-01-07 14:13:00,142.0250,142.1300,142.0100,142.1200,198590
2025-01-07 14:14:00,142.1200,142.1399,142.0000,142.0400,251592
2025-01-07 14:15:00,142.0400,142.0490,141.7900,141.8100,627225
2025-01-07 14:16:00,141.8050,141.8800,141.7500,141.8400,327039
2025-01-07 14:17:00,141.8500,141.8600,141.7600,141.8100,241110
2025-01-07 14:18:00,141.8100,141.9300,141.7650,141.9100,380163
2025-01-07 14:19:00,141.9190,141.9200,141.7915,141.8900,239651
2025-01-07 14:20:00,141.8800,141.8900,141.7100,141.7710,291231
2025-01-07 14:21:00,141.7716,141.7750,141.6814,141.7200,230718
2025-01-07 14:22:00,141.7100,141.7200,141.6000,141.6123,292565
2025-01-07 14:23:00,141.6150,141.6500,141.5300,141.6200,383712
2025-01-07 14:24:00,141.6295,141.6450,141.4900,141.6072,502766
2025-01-07 14:25:00,141.6100,141.6700,141.5300,141.5500,330566
2025-01-07 14:26:00,141.5500,141.6200,141.4500,141.4560,381184
2025-01-07 14:27:00,141.4500,141.6200,141.4000,141.5600,366851
2025-01-07 14:28:00,141.5500,141.6900,141.5400,141.6400,264044
2025-01-07 14:29:00,141.6322,141.7200,141.5800,141.6401,238886
2025-01-07 14:30:00,141.6400,141.6600,141.4300,141.4300,414976
2025-01-07 14:31:00,141.4500,141.5400,141.3800,141.3900,337940
2025-01-07 14:32:00,141.3950,141.5600,141.3450,141.5290,401008
2025-01-07 14:33:00,141.5231,141.5620,141.4700,141.4900,202500
2025-01-07 14:34:00,141.4900,141.5000,141.3400,141.4200,227138
2025-01-07 14:35:00,141.4250,141.5300,141.3500,141.3660,228736
2025-01-07 14:36:00,141.3690,141.4700,141.3600,141.4299,203158
2025-01-07 14:37:00,141.4140,141.4200,141.1700,141.1800,511707
2025-01-07 14:38:00,141.1900,141.3200,141.1900,141.2145,288212
2025-01-07 14:39:00,141.2198,141.3000,141.1800,141.2691,294463
2025-01-07 14:40:00,141.2600,141.3400,141.1000,141.1900,387269
2025-01-07 14:41:00,141.1916,141.2200,141.0942,141.1100,379520
2025-01-07 14:42:00,141.1299,141.2100,141.0800,141.1600,324881
2025-01-07 14:43:00,141.1600,141.3500,141.1100,141.3499,313508
2025-01-07 14:44:00,141.3400,141.5422,141.3400,141.4701,476498
2025-01-07 14:45:00,141.4750,141.6000,141.4300,141.5000,331738
2025-01-07 14:46:00,141.4900,141.5500,141.3987,141.5200,307848
2025-01-07 14:47:00,141.5200,141.5500,141.4000,141.4200,240344
2025-01-07 14:48:00,141.4200,141.4200,141.3000,141.3600,251723
2025-01-07 14:49:00,141.3650,141.3700,141.2300,141.2750,292592
2025-01-07 14:50:00,141.2800,141.5300,141.2721,141.4313,333184
2025-01-07 14:51:00,141.4300,141.4500,141.2800,141.3612,292919
2025-01-07 14:52:00,141.3600,141.4200,141.2600,141.3276,204970
2025-01-07 14:53:00,141.3400,141.3700,141.2670,141.3380,173654
2025-01-07 14:54:00,141.3300,141.4000,141.3000,141.3300,214698
2025-01-07 14:55:00,141.3400,141.4500,141.3050,141.4180,296255
2025-01-07 14:56:00,141.4100,141.4100,141.2600,141.2900,305837
2025-01-07 14:57:00,141.2850,141.3200,141.1500,141.2400,447760
2025-01-07 14:58:00,141.2387,141.2400,141.1600,141.1950,228162
2025-01-07 14:59:00,141.2050,141.2700,141.1800,141.2500,246779
2025-01-07 15:00:00,141.2600,141.4100,141.1700,141.1800,372438
2025-01-07 15:01:00,141.1800,141.2500,141.1200,141.1600,394919
2025-01-07 15:02:00,141.1600,141.3000,141.1500,141.2400,261365
2025-01-07 15:03:00,141.2400,141.4500,141.1100,141.4100,519005
2025-01-07 15:04:00,141.4000,141.5600,141.3900,141.4913,454874
2025-01-07 15:05:00,141.4900,141.4900,141.2101,141.2900,341206
2025-01-07 15:06:00,141.2900,141.5800,141.2600,141.5200,353478
2025-01-07 15:07:00,141.5100,141.5100,141.2000,141.3199,403023
2025-01-07 15:08:00,141.3100,141.3200,141.1200,141.1350,338586
2025-01-07 15:09:00,141.1400,141.1900,141.0000,141.0620,865995
2025-01-07 15:10:00,141.0690,141.2100,141.0300,141.0699,458501
2025-01-07 15:11:00,141.0601,141.1050,140.9000,140.9600,1515966
2025-01-07 15:12:00,140.9650,141.0300,140.7800,140.9850,794806
2025-01-07 15:13:00,140.9899,141.0000,140.8500,140.8720,444925
2025-01-07 15:14:00,140.8700,141.0100,140.8600,140.9300,370643
2025-01-07 15:15:00,140.9400,141.0200,140.8000,140.9700,436517
2025-01-07 15:16:00,140.9750,141.1200,140.9000,140.9300,484165
2025-01-07 15:17:00,140.9200,140.9910,140.8300,140.8900,302494
2025-01-07 15:18:00,140.9000,140.9100,140.7100,140.7150,514698
2025-01-07 15:19:00,140.7100,140.8400,140.6700,140.7350,509133
2025-01-07 15:20:00,140.7300,140.7500,140.5300,140.6400,627746
2025-01-07 15:21:00,140.6300,140.6699,140.5100,140.5800,438129
2025-01-07 15:22:00,140.5750,140.5900,140.4400,140.5000,1001433
2025-01-07 15:23:00,140.5000,140.6400,140.5000,140.6150,426483
2025-01-07 15:24:00,140.6110,140.6282,140.5300,140.5620,356733
2025-01-07 15:25:00,140.5750,140.8900,140.5750,140.8800,667416
2025-01-07 15:26:00,140.8700,140.9000,140.7100,140.7100,360519
2025-01-07 15:27:00,140.7100,140.8400,140.5700,140.7500,551269
2025-01-07 15:28:00,140.7600,140.8500,140.5700,140.6100,662906
2025-01-07 15:29:00,140.6100,140.6400,140.4800,140.6000,501339
2025-01-07 15:30:00,140.6100,140.8000,140.5800,140.6100,361146
2025-01-07 15:31:00,140.6200,140.6700,140.5200,140.6000,402576
2025-01-07 15:32:00,140.6000,140.6097,140.4700,140.5050,428761
2025-01-07 15:33:00,140.5000,140.6500,140.4700,140.4700,426348
2025-01-07 15:34:00,140.4700,140.4899,140.1300,140.1700,1044174
2025-01-07 15:35:00,140.1700,140.2900,140.0400,140.0500,760576
2025-01-07 15:36:00,140.0500,140.1800,140.0100,140.0800,683545
2025-01-07 15:37:00,140.0608,140.2500,140.0300,140.2210,612405
2025-01-07 15:38:00,140.2212,140.4800,140.1200,140.4199,687843
2025-01-07 15:39:00,140.4200,140.6800,140.3700,140.6700,746198
2025-01-07 15:40:00,140.6600,140.9300,140.6450,140.7328,856057
2025-01-07 15:41:00,140.7300,140.8700,140.6300,140.8600,568321
2025-01-07 15:42:00,140.8400,141.3000,140.8300,141.1799,1031370
2025-01-07 15:43:00,141.1800,141.2270,140.9300,141.1120,784686
2025-01-07 15:44:00,141.1000,141.1100,140.6450,140.6750,712714
2025-01-07 15:45:00,140.6700,143.0509,140.6000,140.6018,608350
2025-01-07 15:46:00,140.6020,140.8900,140.5900,140.7200,640863
2025-01-07 15:47:00,140.7200,140.8150,140.6401,140.7600,521581
2025-01-07 15:48:00,140.7500,140.8500,140.6800,140.8400,471813
2025-01-07 15:49:00,140.8167,141.0900,140.8167,140.8602,831915
2025-01-07 15:50:00,140.8500,140.9700,140.6700,140.8268,769916
2025-01-07 15:51:00,140.8200,140.8200,140.2700,140.2700,1161764
2025-01-07 15:52:00,140.2700,140.3150,140.1300,140.2100,922056
2025-01-07 15:53:00,140.2100,140.4000,140.0600,140.3700,872277
2025-01-07 15:54:00,140.3900,140.4100,140.0677,140.1550,1041877
2025-01-07 15:55:00,140.1500,140.6800,140.1300,140.3600,1351672
2025-01-07 15:56:00,140.3600,140.4700,140.2500,140.3119,841301
2025-01-07 15:57:00,140.3101,140.5600,140.3050,140.4886,1130780
2025-01-07 15:58:00,140.4900,140.4900,140.2400,140.3350,1218245
2025-01-07 15:59:00,140.3400,140.4400,140.1100,140.1200,2918885
2025-01-07 16:00:00,140.1200,140.4000,140.1100,140.3100,43920856
2025-01-07 16:01:00,140.3300,140.3400,140.1400,140.2800,104633
2025-01-07 16:02:00,140.2789,140.2800,140.1400,140.2498,59148
2025-01-07 16:03:00,140.2500,140.4000,140.1400,140.3800,156710
2025-01-07 16:04:00,140.3500,140.4100,140.1400,140.3484,1621933
2025-01-07 16:05:00,140.3400,141.2533,140.0100,140.1200,225678
2025-01-07 16:06:00,140.1400,140.2800,140.1000,140.2600,51026
2025-01-07 16:07:00,140.2800,140.2900,140.1400,140.2900,94943
2025-01-07 16:08:00,140.2900,140.4000,140.2900,140.3699,43796
2025-01-07 16:09:00,140.3698,140.4700,140.3500,140.4150,53062
2025-01-07 16:10:00,140.4200,140.5500,140.4100,140.5500,55124
2025-01-07 16:11:00,140.5499,140.6300,140.1400,140.6100,93470
2025-01-07 16:12:00,140.6200,140.8500,140.6000,140.8000,86406
2025-01-07 16:13:00,140.7800,140.8000,140.5900,140.6691,58181
2025-01-07 16:14:00,140.6600,140.7000,140.6100,140.7000,38177
2025-01-07 16:15:00,140.7000,140.7000,140.1400,140.5500,38866
2025-01-07 16:16:00,140.6000,140.9200,140.5500,140.6501,24346
2025-01-07 16:17:00,140.6700,140.9200,140.6500,140.7700,43890
2025-01-07 16:18:00,140.7800,140.8500,140.7500,140.8400,41708
2025-01-07 16:19:00,140.8500,140.8500,140.7900,140.8500,56846
2025-01-07 16:20:00,140.8250,140.8250,140.1400,140.7188,49493
2025-01-07 16:21:00,140.6400,142.1539,140.6200,140.7400,55185
2025-01-07 16:22:00,140.7400,140.7500,140.6300,140.6850,25631
2025-01-07 16:23:00,140.6900,140.7300,140.6500,140.7050,22076
2025-01-07 16:24:00,140.7000,140.7500,140.6700,140.7200,24682
2025-01-07 16:25:00,140.7300,140.7500,140.6950,140.6950,20969
2025-01-07 16:26:00,140.7300,142.1600,140.1400,140.7300,17715
2025-01-07 16:27:00,140.7250,140.7500,140.6500,140.6700,17178
2025-01-07 16:28:00,140.1400,140.6800,140.1400,140.6300,29816
2025-01-07 16:29:00,140.6400,140.6600,140.1400,140.6100,159588
2025-01-07 16:30:00,140.6150,140.6300,140.5600,140.5900,26629
2025-01-07 16:31:00,140.5900,140.6300,140.5700,140.6299,23541
2025-01-07 16:32:00,140.6300,140.6300,140.6000,140.6200,36076
2025-01-07 16:33:00,140.6293,140.6300,140.5800,140.6050,12742
2025-01-07 16:34:00,140.5809,140.7500,140.5809,140.7400,16128
2025-01-07 16:35:00,140.7100,140.8000,140.7000,140.7600,37184
2025-01-07 16:36:00,140.7300,140.8400,140.7000,140.8300,17450
2025-01-07 16:37:00,140.8300,140.8500,140.7500,140.7900,33099
2025-01-07 16:38:00,140.7900,140.8200,140.1400,140.8200,810765
2025-01-07 16:39:00,140.8200,140.9100,140.7900,140.9000,25998
2025-01-07 16:40:00,140.9000,140.9000,140.8400,140.8700,20452
2025-01-07 16:41:00,140.8700,140.9100,140.1400,140.8250,83905
2025-01-07 16:42:00,140.8500,140.8900,140.8100,140.8400,44002
2025-01-07 16:43:00,140.8400,140.9600,140.8200,140.9200,24724
2025-01-07 16:44:00,140.9300,140.9700,140.8800,140.9300,18453
2025-01-07 16:45:00,140.9200,140.9700,140.8900,140.9600,11092
2025-01-07 16:46:00,140.9500,141.1700,140.9400,141.1000,65144
2025-01-07 16:47:00,141.0600,141.1100,141.0200,141.0300,23310
2025-01-07 16:48:00,141.0500,141.1400,141.0001,141.1200,37159
2025-01-07 16:49:00,141.1200,141.2200,141.1000,141.2200,68808
2025-01-07 16:50:00,141.2002,141.2500,141.2000,141.2400,41589
2025-01-07 16:51:00,141.2300,141.3300,141.2000,141.3300,57487
2025-01-07 16:52:00,141.3200,141.3900,141.3000,141.3100,82652
2025-01-07 16:53:00,141.3000,142.6300,141.3000,141.3650,45401
2025-01-07 16:54:00,141.3800,141.3800,141.1700,141.2500,34143
2025-01-07 16:55:00,141.2000,141.2500,141.0600,141.0600,24564
2025-01-07 16:56:00,141.0996,141.2200,141.0700,141.2100,29345
2025-01-07 16:57:00,141.2200,141.2900,141.2000,141.2700,22334
2025-01-07 16:58:00,141.2600,141.3100,141.2400,141.3000,24706
2025-01-07 16:59:00,141.2850,141.3900,140.1400,141.3700,32182
2025-01-07 17:00:00,141.3800,141.5700,141.3600,141.5500,88390
2025-01-07 17:01:00,141.5500,141.5800,141.5100,141.5200,27865
2025-01-07 17:02:00,141.5200,141.5500,141.5000,141.5000,41049
2025-01-07 17:03:00,141.5002,141.5300,141.5000,141.5050,20716
2025-01-07 17:04:00,141.5099,141.5300,141.3500,141.4000,30851
2025-01-07 17:05:00,141.4000,141.4900,141.3800,141.4800,13272
2025-01-07 17:06:00,141.4700,141.5000,141.4500,141.4997,23142
2025-01-07 17:07:00,141.4900,141.5000,141.3800,141.4250,24439
2025-01-07 17:08:00,141.4500,141.4500,141.2100,141.3900,45593
2025-01-07 17:09:00,141.3600,141.4400,141.2700,141.4387,10828
2025-01-07 17:10:00,141.4001,141.4400,141.2200,141.2600,24538
2025-01-07 17:11:00,141.2900,143.1914,141.2000,141.2500,15570
2025-01-07 17:12:00,141.2400,143.1914,141.2300,141.3150,20022
2025-01-07 17:13:00,141.3150,144.9087,136.7456,141.3350,11761
2025-01-07 17:14:00,141.3300,141.3500,141.2500,141.2800,17518
2025-01-07 17:15:00,141.2800,141.3000,141.2500,141.2800,14785
2025-01-07 17:16:00,141.3000,141.3300,141.2600,141.3300,7756
2025-01-07 17:17:00,141.3100,141.3500,141.2926,141.3350,9154
2025-01-07 17:18:00,141.3202,141.3900,141.3000,141.3500,9404
2025-01-07 17:19:00,141.3500,141.3600,141.2100,141.3000,15629
2025-01-07 17:20:00,141.3000,141.3000,141.2000,141.2200,14372
2025-01-07 17:21:00,141.2300,141.2500,141.1200,141.1700,22723
2025-01-07 17:22:00,141.1499,141.1900,141.0900,141.0902,18974
2025-01-07 17:23:00,141.1000,141.1600,141.0900,141.1000,15608
2025-01-07 17:24:00,141.1000,141.2000,141.1000,141.2000,17426
2025-01-07 17:25:00,141.1700,141.2200,141.1300,141.1800,9416
2025-01-07 17:26:00,141.1900,141.2500,141.1700,141.2200,6336
2025-01-07 17:27:00,141.2498,142.5400,141.2100,141.2500,11446
2025-01-07 17:28:00,141.2500,141.2700,141.2300,141.2500,4873
2025-01-07 17:29:00,141.2500,141.2700,141.2400,141.2550,9594
2025-01-07 17:30:00,141.2600,141.3100,141.2300,141.2500,16805
2025-01-07 17:31:00,141.2495,142.3400,141.2300,141.2700,21112
2025-01-07 17:32:00,141.2700,141.3100,141.2500,141.3100,19287
2025-01-07 17:33:00,141.3100,141.3500,141.2600,141.3500,32124
2025-01-07 17:34:00,141.3500,141.3500,141.2600,141.2800,5943
2025-01-07 17:35:00,141.2700,141.3200,141.2700,141.3150,5337
2025-01-07 17:36:00,141.3198,141.3200,141.2700,141.3100,13153
2025-01-07 17:37:00,141.3100,141.3300,141.3000,141.3300,14647
2025-01-07 17:38:00,141.3200,141.3500,141.3000,141.3500,16531
2025-01-07 17:39:00,141.3500,141.3500,141.3100,141.3200,5699
2025-01-07 17:40:00,141.3193,141.3500,141.3000,141.3200,3647
2025-01-07 17:41:00,141.3200,141.3300,141.3100,141.3300,7002
2025-01-07 17:42:00,141.3300,141.3300,141.3000,141.3100,9887
2025-01-07 17:43:00,141.3200,141.3200,141.2800,141.3000,8543
2025-01-07 17:44:00,141.2800,141.3000,141.2300,141.2800,11965
2025-01-07 17:45:00,141.2600,141.2800,141.2300,141.2600,8672
2025-01-07 17:46:00,141.2600,141.3000,141.2400,141.3000,3693
2025-01-07 17:47:00,141.2900,141.3000,141.2700,141.2900,2781
2025-01-07 17:48:00,141.2900,141.3000,141.2800,141.2800,3048
2025-01-07 17:49:00,141.2900,141.3000,141.2300,141.2800,12048
2025-01-07 17:50:00,141.2795,141.3100,141.2200,141.2600,19419
2025-01-07 17:51:00,141.2400,141.2895,141.2000,141.2250,11602
2025-01-07 17:52:00,141.2400,141.2500,141.2000,141.2500,7770
2025-01-07 17:53:00,141.2500,141.2800,141.2100,141.2600,6679
2025-01-07 17:54:00,141.2600,141.2600,141.1900,141.2050,13560
2025-01-07 17:55:00,141.2100,141.2200,141.1700,141.2000,10909
2025-01-07 17:56:00,141.1800,141.2000,141.1700,141.1900,3809
2025-01-07 17:57:00,141.1900,141.2300,141.1700,141.2000,7546
2025-01-07 17:58:00,141.2000,141.2200,141.1800,141.2000,4589
2025-01-07 17:59:00,141.2000,141.2400,141.1800,141.2200,6685
2025-01-07 18:00:00,141.2100,141.2200,141.1500,141.2000,13050
2025-01-07 18:01:00,141.2000,141.2800,141.1500,141.2500,10049
2025-01-07 18:02:00,141.2350,141.2800,141.1200,141.1796,16974
2025-01-07 18:03:00,141.1500,141.2000,141.1100,141.1800,7386
2025-01-07 18:04:00,141.1800,141.2400,141.1500,141.1800,5018
2025-01-07 18:05:00,141.2200,141.2400,141.1500,141.1800,2426
2025-01-07 18:06:00,141.1800,141.2000,141.1000,141.1011,10766
2025-01-07 18:07:00,141.1500,141.2200,141.1000,141.1200,14464
2025-01-07 18:08:00,141.1500,141.1900,141.1000,141.1500,9228
2025-01-07 18:09:00,141.1400,141.1500,141.0000,141.0400,40366
2025-01-07 18:10:00,141.0500,141.1000,141.0300,141.0700,13600
2025-01-07 18:11:00,141.0800,141.1005,141.0500,141.1005,17669
2025-01-07 18:12:00,141.1200,141.2000,141.0600,141.1750,11227
2025-01-07 18:13:00,141.2000,141.2200,141.1316,141.1800,13224
2025-01-07 18:14:00,141.1550,141.1800,141.1200,141.1600,6311
2025-01-07 18:15:00,141.1500,141.1800,141.0800,141.1000,11883
2025-01-07 18:16:00,141.1000,141.1200,141.0800,141.1000,5398
2025-01-07 18:17:00,141.0998,141.1500,141.0900,141.1300,11564
2025-01-07 18:18:00,141.1400,141.1400,141.1200,141.1200,6628
2025-01-07 18:19:00,141.1292,141.1300,141.1000,141.1200,6776
2025-01-07 18:20:00,141.1300,141.1300,141.1000,141.1193,8075
2025-01-07 18:21:00,141.1200,141.1200,141.1000,141.1100,2537
2025-01-07 18:22:00,141.1000,141.1200,141.0700,141.0700,6569
2025-01-07 18:23:00,141.0850,141.1000,141.0500,141.0800,6079
2025-01-07 18:24:00,141.0700,141.1100,141.0200,141.0800,20069
2025-01-07 18:25:00,141.1000,141.1100,141.0300,141.1000,10879
2025-01-07 18:26:00,141.1050,141.1100,141.0300,141.0600,11132
2025-01-07 18:27:00,141.0898,141.1000,141.0800,141.0991,21237
2025-01-07 18:28:00,141.0900,141.1000,141.0400,141.0600,7660
2025-01-07 18:29:00,141.0600,141.0800,141.0300,141.0600,3746
2025-01-07 18:30:00,141.0600,141.0700,141.0400,141.0700,4106
2025-01-07 18:31:00,141.0500,141.0700,141.0300,141.0600,3834
2025-01-07 18:32:00,141.0600,141.0850,141.0500,141.0850,9888
2025-01-07 18:33:00,141.0800,141.1200,141.0600,141.0600,11413
2025-01-07 18:34:00,141.0700,141.1200,141.0600,141.1200,10451
2025-01-07 18:35:00,141.1200,141.2500,141.1000,141.2500,16285
2025-01-07 18:36:00,141.2499,141.2800,141.1900,141.2500,23777
2025-01-07 18:37:00,141.2500,141.3000,141.2300,141.2900,17406
2025-01-07 18:38:00,141.3000,141.3800,141.2900,141.3550,18397
2025-01-07 18:39:00,141.3400,141.3800,141.3000,141.3492,9589
2025-01-07 18:40:00,141.3400,141.3700,141.3250,141.3500,8165
2025-01-07 18:41:00,141.3500,141.4500,141.3400,141.4500,21465
2025-01-07 18:42:00,141.4500,141.4500,141.3900,141.4300,16396
2025-01-07 18:43:00,141.4500,141.4600,141.4100,141.4350,19292
2025-01-07 18:44:00,141.4490,141.4800,141.4300,141.4600,21068
2025-01-07 18:45:00,141.4700,141.4700,141.4100,141.4300,12278
2025-01-07 18:46:00,141.4200,141.4800,141.4102,141.4550,8117
2025-01-07 18:47:00,141.4500,141.4700,141.4300,141.4400,3127
2025-01-07 18:48:00,141.4300,141.4500,141.4000,141.4300,9950
2025-01-07 18:49:00,141.4300,141.4300,141.3300,141.3700,8454
2025-01-07 18:50:00,141.3400,141.4000,141.3200,141.3800,4897
2025-01-07 18:51:00,141.3800,141.4200,141.3391,141.3800,8643
2025-01-07 18:52:00,141.4199,141.4300,141.3414,141.4001,6989
2025-01-07 18:53:00,141.4090,141.4250,141.3900,141.4090,6434
2025-01-07 18:54:00,141.4181,141.4200,141.3600,141.3800,3720
2025-01-07 18:55:00,141.3800,141.4200,141.3600,141.3799,3077
2025-01-07 18:56:00,141.3700,141.4200,141.3700,141.4200,5006
2025-01-07 18:57:00,141.4200,141.4500,141.3900,141.4500,16761
2025-01-07 18:58:00,141.4400,141.5000,141.4400,141.4999,28407
2025-01-07 18:59:00,141.4999,141.4999,141.4500,141.4750,11570
2025-01-07 19:00:00,141.4900,141.4900,141.4000,141.4100,5475
2025-01-07 19:01:00,141.4100,141.4500,141.3600,141.4300,7559
2025-01-07 19:02:00,141.4300,141.5293,141.4054,141.5200,32690
2025-01-07 19:03:00,141.5100,141.5800,141.5000,141.5800,20995
2025-01-07 19:04:00,141.5600,141.6600,141.5500,141.6399,27319
2025-01-07 19:05:00,141.6400,141.6500,141.5700,141.6100,19908
2025-01-07 19:06:00,141.6100,141.6400,141.5700,141.6290,7909
2025-01-07 19:07:00,141.6200,141.6300,141.5500,141.5794,8615
2025-01-07 19:08:00,141.5800,141.5800,141.5000,141.5400,9300
2025-01-07 19:09:00,141.5400,141.5800,141.5170,141.5400,6643
2025-01-07 19:10:00,141.5400,141.5800,141.5300,141.5793,7057
2025-01-07 19:11:00,141.5300,141.6200,141.5300,141.5900,9849
2025-01-07 19:12:00,141.5803,141.6200,141.5600,141.5900,5219
2025-01-07 19:13:00,141.5900,141.6000,141.5050,141.5100,14755
2025-01-07 19:14:00,141.5250,141.5500,141.5000,141.5500,5151
2025-01-07 19:15:00,141.5500,141.6000,141.5100,141.5800,7496
2025-01-07 19:16:00,141.5600,141.6000,141.5200,141.5800,7228
2025-01-07 19:17:00,141.6050,141.6200,141.5800,141.6199,4729
2025-01-07 19:18:00,141.6200,141.6700,141.6101,141.6690,21061
2025-01-07 19:19:00,141.6650,141.6900,141.6500,141.6700,20311
2025-01-07 19:20:00,141.6509,141.6700,141.5800,141.6500,6689
2025-01-07 19:21:00,141.6700,141.6700,141.5800,141.5800,14419
2025-01-07 19:22:00,141.5800,141.6400,141.5500,141.6300,13499
2025-01-07 19:23:00,141.6300,141.6400,141.5600,141.6100,8936
2025-01-07 19:24:00,141.6000,141.6300,141.5900,141.6199,7100
2025-01-07 19:25:00,141.6200,141.6300,141.5800,141.6002,6042
2025-01-07 19:26:00,141.6100,141.6400,141.6000,141.6200,7255
2025-01-07 19:27:00,141.6200,141.6400,141.6000,141.6100,6909
2025-01-07 19:28:00,141.6000,141.6400,141.6000,141.6200,9328
2025-01-07 19:29:00,141.6100,141.6300,141.6100,141.6150,8724
2025-01-07 19:30:00,141.6190,141.6400,141.6000,141.6100,9604
2025-01-07 19:31:00,141.6000,141.6100,141.5700,141.5900,14433
2025-01-07 19:32:00,141.5893,141.6000,141.5500,141.5650,27508
2025-01-07 19:33:00,141.5800,141.6000,141.5500,141.5500,10744
2025-01-07 19:34:00,141.5800,141.6000,141.5500,141.5800,3864
2025-01-07 19:35:00,141.5795,141.5900,141.5200,141.5500,8683
2025-01-07 19:36:00,141.5500,141.5500,141.5200,141.5300,10650
2025-01-07 19:37:00,141.5500,141.5500,141.4600,141.4800,19500
2025-01-07 19:38:00,141.4800,141.5000,141.4300,141.4750,14940
2025-01-07 19:39:00,141.4600,141.4900,141.4600,141.4850,3941
2025-01-07 19:40:00,141.4897,141.5400,141.4600,141.5400,18449
2025-01-07 19:41:00,141.5300,141.5500,141.5300,141.5400,6521
2025-01-07 19:42:00,141.5496,141.5500,141.5300,141.5400,2937
2025-01-07 19:43:00,141.5400,141.5800,141.5300,141.5500,8851
2025-01-07 19:44:00,141.5800,141.6000,141.5500,141.5900,4996
2025-01-07 19:45:00,141.5800,141.6000,141.5500,141.5500,9599
2025-01-07 19:46:00,141.5700,141.5900,141.5500,141.5800,6177
2025-01-07 19:47:00,141.5800,141.6000,141.5500,141.5600,16048
2025-01-07 19:48:00,141.5800,141.6300,141.5500,141.5750,8644
2025-01-07 19:49:00,141.5899,141.6700,141.5601,141.6690,12828
2025-01-07 19:50:00,141.6700,141.6700,141.6300,141.6500,14389
2025-01-07 19:51:00,141.6400,141.6600,141.6000,141.6150,18326
2025-01-07 19:52:00,141.6300,141.6400,141.6000,141.6200,13182
2025-01-07 19:53:00,141.6100,141.6200,141.5900,141.6200,20324
2025-01-07 19:54:00,141.6200,141.6200,141.5800,141.5900,12498
2025-01-07 19:55:00,141.5900,141.6000,141.5700,141.6000,22001
2025-01-07 19:56:00,141.6000,141.6000,141.5500,141.5700,21799
2025-01-07 19:57:00,141.5700,141.5800,141.5100,141.5600,15687
2025-01-07 19:58:00,141.5600,141.6000,141.5500,141.5900,21596
2025-01-07 19:59:00,141.5650,141.6000,141.5500,141.5999,31015
2025-01-08 04:00:00,142.2500,142.6500,141.7500,142.5400,34949
2025-01-08 04:01:00,142.5500,142.6600,142.5000,142.5900,26386
2025-01-08 04:02:00,142.6000,142.7700,142.5800,142.7500,29592
2025-01-08 04:03:00,142.7400,142.7700,142.5800,142.6800,35937
2025-01-08 04:04:00,142.7000,142.8000,142.2400,142.3800,86669
2025-01-08 04:05:00,142.3300,142.3900,142.0000,142.2000,78861
2025-01-08 04:06:00,142.2300,142.3900,142.2000,142.3900,8921
2025-01-08 04:07:00,142.3700,142.4100,142.3100,142.4100,11376
2025-01-08 04:08:00,142.4000,142.4400,142.3700,142.4100,17078
2025-01-08 04:09:00,142.4100,142.5600,142.3500,142.5500,30032
2025-01-08 04:10:00,142.5400,142.6800,142.5300,142.6800,15496
2025-01-08 04:11:00,142.6500,142.7400,142.6400,142.6700,15738
2025-01-08 04:12:00,142.6700,142.7400,142.6300,142.7000,22968
2025-01-08 04:13:00,142.7100,142.7100,142.5000,142.6100,22484
2025-01-08 04:14:00,142.6100,142.7000,142.5600,142.7000,6472
2025-01-08 04:15:00,142.6900,142.7000,142.6400,142.6500,6477
2025-01-08 04:16:00,142.6700,142.6700,142.5600,142.6000,13030
2025-01-08 04:17:00,142.6000,142.6600,142.5800,142.6600,9800
2025-01-08 04:18:00,142.6600,142.6900,142.5100,142.5600,16568
2025-01-08 04:19:00,142.5400,142.5700,142.3900,142.4200,25628
2025-01-08 04:20:00,142.4200,142.4500,142.3000,142.4000,15414
2025-01-08 04:21:00,142.3800,142.4900,142.3600,142.4900,8155
2025-01-08 04:22:00,142.4900,142.4900,142.3800,142.4000,6923
2025-01-08 04:23:00,142.4000,142.4400,142.3500,142.3600,11140
2025-01-08 04:24:00,142.3600,142.4300,142.3600,142.3900,6104
2025-01-08 04:25:00,142.3900,142.5100,142.3800,142.5100,8694
2025-01-08 04:26:00,142.5100,142.6000,142.5100,142.5700,6098
2025-01-08 04:27:00,142.5600,142.5800,142.5100,142.5200,5141
2025-01-08 04:28:00,142.5600,142.5900,142.4700,142.5900,5985
2025-01-08 04:29:00,142.5800,142.7000,142.5800,142.6600,12493
2025-01-08 04:30:00,142.7000,142.7500,142.6500,142.6700,12116
2025-01-08 04:31:00,142.7200,142.7500,142.7000,142.7200,4539
2025-01-08 04:32:00,142.7300,142.7400,142.5900,142.6200,11006
2025-01-08 04:33:00,142.5900,142.6400,142.5800,142.6400,7553
2025-01-08 04:34:00,142.6200,142.6300,142.5400,142.5800,6135
2025-01-08 04:35:00,142.5800,142.6300,142.4900,142.4900,13421
2025-01-08 04:36:00,142.4900,142.5000,142.3200,142.4400,19237
2025-01-08 04:37:00,142.4400,142.4800,142.4200,142.4500,3490
2025-01-08 04:38:00,142.4800,142.5000,142.3000,142.3800,8760
2025-01-08 04:39:00,142.3600,142.4100,142.2000,142.3300,27377
2025-01-08 04:40:00,142.3100,142.3700,142.2900,142.3300,6381
2025-01-08 04:41:00,142.3500,142.5000,142.3100,142.4800,8662
2025-01-08 04:42:00,142.4900,142.5000,142.4500,142.4700,6050
2025-01-08 04:43:00,142.5000,142.5900,142.5000,142.5300,9257
2025-01-08 04:44:00,142.5500,142.5900,142.4800,142.5800,17303
2025-01-08 04:45:00,142.5800,142.6000,142.5300,142.5300,3927
2025-01-08 04:46:00,142.5600,142.6000,142.4500,142.4800,8841
2025-01-08 04:47:00,142.4600,142.5400,142.4500,142.5100,2773
2025-01-08 04:48:00,142.5000,142.5200,142.4000,142.5100,7448
2025-01-08 04:49:00,142.5100,142.5800,142.4800,142.5500,2414
2025-01-08 04:50:00,142.5800,142.6000,142.5400,142.5900,6723
2025-01-08 04:51:00,142.5900,142.6000,142.5400,142.5800,6776
2025-01-08 04:52:00,142.5700,142.5900,142.5400,142.5700,5494
2025-01-08 04:53:00,142.5600,142.5900,142.5500,142.5800,5699
2025-01-08 04:54:00,142.5900,142.6000,142.5500,142.5700,19500
2025-01-08 04:55:00,142.5600,142.6000,142.5400,142.5800,2594
2025-01-08 04:56:00,142.5700,142.6000,142.5500,142.5600,8668
2025-01-08 04:57:00,142.5600,142.5900,142.5400,142.5600,3310
2025-01-08 04:58:00,142.5600,142.6100,142.5600,142.5900,10900
2025-01-08 04:59:00,142.5900,142.6500,142.5700,142.6400,5628
2025-01-08 05:00:00,142.6500,142.6900,142.6300,142.6400,10335
2025-01-08 05:01:00,142.6500,142.7000,142.6100,142.6600,6942
2025-01-08 05:02:00,142.6700,142.7000,142.5800,142.6000,13059
2025-01-08 05:03:00,142.6000,142.6600,142.6000,142.6600,5610
2025-01-08 05:04:00,142.6400,142.6600,142.5900,142.6200,3563
2025-01-08 05:05:00,142.6000,142.6200,142.5700,142.5900,7392
2025-01-08 05:06:00,142.5900,142.6000,142.5600,142.6000,3363
2025-01-08 05:07:00,142.6000,142.6000,142.5700,142.6000,7001
2025-01-08 05:08:00,142.6000,142.6300,142.5700,142.6200,5950
2025-01-08 05:09:00,142.6100,142.6700,142.6000,142.6300,4786
2025-01-08 05:10:00,142.6300,142.6300,142.5800,142.6100,4399
2025-01-08 05:11:00,142.6200,142.6500,142.6000,142.6500,4805
2025-01-08 05:12:00,142.6400,142.7500,142.6400,142.7000,16295
2025-01-08 05:13:00,142.6900,142.7200,142.6800,142.7000,7035
2025-01-08 05:14:00,142.7000,142.7700,142.6800,142.7100,9060
2025-01-08 05:15:00,142.7300,142.7400,142.7000,142.7300,9898
2025-01-08 05:16:00,142.7200,142.7400,142.7000,142.7200,1867
2025-01-08 05:17:00,142.7200,142.7400,142.7100,142.7200,3556
2025-01-08 05:18:00,142.7200,142.7400,142.6700,142.7000,7188
2025-01-08 05:19:00,142.6800,142.7200,142.6500,142.7000,3320
2025-01-08 05:20:00,142.6800,142.7000,142.6700,142.6800,1522
2025-01-08 05:21:00,142.6800,142.6800,142.5600,142.5600,12423
2025-01-08 05:22:00,142.5600,142.6400,142.5600,142.6400,8774
2025-01-08 05:23:00,142.6600,142.7000,142.6200,142.6900,5396
2025-01-08 05:24:00,142.7000,142.7400,142.6800,142.7300,3392
2025-01-08 05:25:00,142.7200,142.7400,142.7100,142.7400,7365
2025-01-08 05:26:00,142.7400,142.7400,142.6900,142.7100,9992
2025-01-08 05:27:00,142.7100,142.7200,142.7000,142.7000,3643
2025-01-08 05:28:00,142.7000,142.7200,142.6600,142.7200,9550
2025-01-08 05:29:00,142.7200,142.7300,142.7200,142.7300,3114
2025-01-08 05:30:00,142.7300,142.7400,142.7000,142.7100,1884
2025-01-08 05:31:00,142.7100,142.7800,142.7100,142.7700,19650
2025-01-08 05:32:00,142.7500,142.7500,142.5600,142.5900,23120
2025-01-08 05:33:00,142.6300,142.6500,142.5600,142.5800,8001
2025-01-08 05:34:00,142.5800,142.6100,142.5000,142.5500,8465
2025-01-08 05:35:00,142.5100,142.6400,142.5000,142.5400,15441
2025-01-08 05:36:00,142.5400,142.6200,142.5000,142.5400,6136
2025-01-08 05:37:00,142.5400,142.6000,142.5300,142.6000,4059
2025-01-08 05:38:00,142.5800,142.6200,142.5800,142.6200,2348
2025-01-08 05:39:00,142.6200,142.6400,142.6000,142.6100,6402
2025-01-08 05:40:00,142.6200,142.6600,142.6100,142.6300,3786
2025-01-08 05:41:00,142.6300,142.6400,142.6000,142.6300,3989
2025-01-08 05:42:00,142.6400,142.6800,142.6400,142.6800,2521
2025-01-08 05:43:00,142.6800,142.6800,142.6500,142.6600,4099
2025-01-08 05:44:00,142.6700,142.6800,142.6500,142.6800,3243
2025-01-08 05:45:00,142.6800,142.6800,142.6300,142.6500,1893
2025-01-08 05:46:00,142.6500,142.6900,142.6400,142.6900,2059
2025-01-08 05:47:00,142.6800,142.8200,142.6700,142.7500,16421
2025-01-08 05:48:00,142.7500,142.7800,142.7100,142.7500,6354
2025-01-08 05:49:00,142.7700,142.7700,142.6700,142.6800,4109
2025-01-08 05:50:00,142.6700,142.7000,142.6600,142.6900,2754
2025-01-08 05:51:00,142.7000,142.7000,142.6600,142.7000,1506
2025-01-08 05:52:00,142.7000,142.7400,142.6800,142.7200,4188
2025-01-08 05:53:00,142.7300,142.7400,142.7000,142.7300,5360
2025-01-08 05:54:00,142.7300,142.7400,142.7000,142.7200,5439
2025-01-08 05:55:00,142.7300,142.7400,142.6700,142.7000,6001
2025-01-08 05:56:00,142.7000,142.7500,142.6800,142.7100,3707
2025-01-08 05:57:00,142.7200,142.7400,142.7100,142.7200,5512
2025-01-08 05:58:00,142.7400,142.7400,142.7000,142.7400,4362
2025-01-08 05:59:00,142.7300,142.7500,142.7000,142.7200,5734
2025-01-08 06:00:00,142.7300,142.7500,142.6900,142.7200,4423
2025-01-08 06:01:00,142.7100,142.7400,142.6900,142.7400,6547
2025-01-08 06:02:00,142.7400,142.7500,142.7200,142.7300,3656
2025-01-08 06:03:00,142.7400,142.7500,142.7200,142.7300,1652
2025-01-08 06:04:00,142.7300,142.7400,142.6600,142.7000,6473
2025-01-08 06:05:00,142.6900,142.6900,142.5800,142.5900,9055
2025-01-08 06:06:00,142.6000,142.6000,142.4300,142.5600,15498
2025-01-08 06:07:00,142.5300,142.5600,142.4100,142.4400,8294
2025-01-08 06:08:00,142.4400,142.5400,142.3200,142.5100,24458
2025-01-08 06:09:00,142.5200,142.5600,142.5000,142.5500,9451
2025-01-08 06:10:00,142.5400,142.5600,142.5000,142.5500,6982
2025-01-08 06:11:00,142.5600,142.6100,142.5400,142.5700,10123
2025-01-08 06:12:00,142.5800,142.6400,142.5800,142.6000,5469
2025-01-08 06:13:00,142.5900,142.5900,142.4300,142.4400,15740
2025-01-08 06:14:00,142.4800,142.4900,142.3700,142.4100,11537
2025-01-08 06:15:00,142.4300,142.4300,142.2500,142.2600,24784
2025-01-08 06:16:00,142.2700,142.3000,142.2400,142.2800,10161
2025-01-08 06:17:00,142.2800,142.3500,142.2700,142.3400,4345
2025-01-08 06:18:00,142.3400,142.3500,142.3000,142.3000,11563
2025-01-08 06:19:00,142.3200,142.3500,142.2800,142.3300,8814
2025-01-08 06:20:00,142.3100,142.3500,142.2700,142.3100,7687
2025-01-08 06:21:00,142.3200,142.3800,142.2900,142.3400,3930
2025-01-08 06:22:00,142.3500,142.4000,142.3200,142.4000,4595
2025-01-08 06:23:00,142.3700,142.3800,142.2700,142.3100,4116
2025-01-08 06:24:00,142.3100,142.3100,142.2500,142.2600,5926
2025-01-08 06:25:00,142.2600,142.2800,142.1800,142.2100,11037
2025-01-08 06:26:00,142.2100,142.2300,142.0300,142.0500,20137
2025-01-08 06:27:00,142.0400,142.0800,141.9500,142.0000,50675
2025-01-08 06:28:00,142.0000,142.0200,141.8000,141.8200,31104
2025-01-08 06:29:00,141.8200,141.9700,141.8000,141.8400,30610
2025-01-08 06:30:00,141.8500,141.9000,141.8000,141.8000,28286
2025-01-08 06:31:00,141.8100,141.8300,141.4100,141.4700,61969
2025-01-08 06:32:00,141.4700,141.6700,141.2600,141.3400,79354
2025-01-08 06:33:00,141.3400,141.5500,141.0300,141.5000,57222
2025-01-08 06:34:00,141.4800,141.7000,141.4000,141.6100,18200
2025-01-08 06:35:00,141.5900,142.0900,141.5800,141.8800,24295
2025-01-08 06:36:00,141.8300,141.8600,141.3200,141.3600,32264
2025-01-08 06:37:00,141.4200,141.7600,141.4100,141.4600,41051
2025-01-08 06:38:00,141.4600,141.4900,141.3000,141.4900,18759
2025-01-08 06:39:00,141.5000,141.5200,141.1100,141.1800,21907
2025-01-08 06:40:00,141.1100,141.3800,141.1000,141.2100,32801
2025-01-08 06:41:00,141.2200,141.2500,141.0100,141.0200,31761
2025-01-08 06:42:00,141.0600,141.4100,141.0200,141.1700,43940
2025-01-08 06:43:00,141.2800,141.3900,141.1900,141.2700,9217
2025-01-08 06:44:00,141.2600,141.3700,141.2100,141.2800,18992
2025-01-08 06:45:00,141.3200,141.5100,141.2500,141.4800,26391
2025-01-08 06:46:00,141.5000,141.5300,141.3700,141.4000,23542
2025-01-08 06:47:00,141.3700,141.3900,141.2200,141.2400,17489
2025-01-08 06:48:00,141.2600,141.4800,141.1800,141.4800,41657
2025-01-08 06:49:00,141.4700,141.6550,141.4600,141.5800,21132
2025-01-08 06:50:00,141.5900,141.7000,141.5500,141.6800,16622
2025-01-08 06:51:00,141.6900,141.7900,141.6400,141.7200,15357
2025-01-08 06:52:00,141.7000,141.8400,141.6800,141.7400,29488
2025-01-08 06:53:00,141.7500,141.7600,141.6700,141.6700,17609
2025-01-08 06:54:00,141.6700,141.8000,141.4900,141.6500,31361
2025-01-08 06:55:00,141.6500,141.7500,141.6100,141.7000,8644
2025-01-08 06:56:00,141.7000,141.8400,141.6700,141.8400,6509
2025-01-08 06:57:00,141.8300,141.8300,141.7200,141.7500,3100
2025-01-08 06:58:00,141.7800,141.8500,141.7300,141.7700,5309
2025-01-08 06:59:00,141.7700,141.8100,141.6600,141.7000,11442
2025-01-08 07:00:00,141.7100,141.9300,141.5500,141.5900,94392
2025-01-08 07:01:00,141.6000,141.6100,141.4000,141.4500,55430
2025-01-08 07:02:00,141.4600,141.5800,141.4000,141.4700,46242
2025-01-08 07:03:00,141.4700,141.4700,141.2600,141.2900,40910
2025-01-08 07:04:00,141.2600,141.3300,141.1400,141.1500,31863
2025-01-08 07:05:00,141.1400,141.1700,140.9500,141.1600,92594
2025-01-08 07:06:00,141.1400,141.4600,141.1200,141.3400,22960
2025-01-08 07:07:00,141.3300,141.3300,141.1200,141.1700,9016
2025-01-08 07:08:00,141.2000,141.4800,141.2000,141.4100,15151
2025-01-08 07:09:00,141.4100,141.4700,141.3200,141.3200,11065
2025-01-08 07:10:00,141.3400,141.6200,141.2900,141.5700,31937
2025-01-08 07:11:00,141.5400,141.5400,141.2700,141.3300,12802
2025-01-08 07:12:00,141.3000,141.3000,141.0300,141.0500,24595
2025-01-08 07:13:00,141.0500,141.1500,141.0000,141.0700,30299
2025-01-08 07:14:00,141.0500,141.1100,140.8500,140.8800,26042
2025-01-08 07:15:00,140.8800,140.9000,140.5200,140.5700,42411
2025-01-08 07:16:00,140.5600,140.6600,140.5100,140.6300,41299
2025-01-08 07:17:00,140.6200,140.7000,140.5800,140.7000,30127
2025-01-08 07:18:00,140.7100,140.7800,140.5100,140.5100,25873
2025-01-08 07:19:00,140.5200,140.5600,140.3100,140.3100,65344
2025-01-08 07:20:00,140.3100,140.3500,140.1000,140.1400,80742
2025-01-08 07:21:00,140.1100,140.5500,140.1100,140.3900,74787
2025-01-08 07:22:00,140.3900,140.3900,140.1300,140.1600,53422
2025-01-08 07:23:00,140.1500,140.4200,140.0000,140.3900,113482
2025-01-08 07:24:00,140.3700,140.4100,140.2700,140.2800,23981
2025-01-08 07:25:00,140.2700,140.3200,140.1000,140.1900,60195
2025-01-08 07:26:00,140.1600,140.5300,140.1200,140.3700,52318
2025-01-08 07:27:00,140.3500,140.5400,140.3000,140.4500,27519
2025-01-08 07:28:00,140.4500,140.5000,140.4000,140.4200,24025
2025-01-08 07:29:00,140.4300,140.4600,140.3300,140.3800,28388
2025-01-08 07:30:00,140.4000,140.4800,140.3000,140.3700,22147
2025-01-08 07:31:00,140.4000,140.4600,140.1600,140.1700,21118
2025-01-08 07:32:00,140.1600,140.3000,140.1600,140.2690,26121
2025-01-08 07:33:00,140.2400,140.3100,140.1500,140.1600,39266
2025-01-08 07:34:00,140.1700,140.3700,140.1500,140.3000,76024
2025-01-08 07:35:00,140.3100,140.8000,140.3000,140.6000,69999
2025-01-08 07:36:00,140.6200,140.7700,140.5000,140.7700,26495
2025-01-08 07:37:00,140.7600,140.9900,140.6900,140.9900,68629
2025-01-08 07:38:00,140.9500,141.2800,140.9500,141.2100,69536
2025-01-08 07:39:00,141.2200,141.3400,141.0100,141.0200,59221
2025-01-08 07:40:00,141.0200,141.0400,140.8300,140.9500,27333
2025-01-08 07:41:00,140.9400,140.9900,140.8500,140.9300,28457
2025-01-08 07:42:00,140.9300,141.1800,140.8900,141.1500,23281
2025-01-08 07:43:00,141.1700,141.2000,141.0300,141.1400,32979
2025-01-08 07:44:00,141.1500,141.2000,141.1100,141.1100,21632
2025-01-08 07:45:00,141.1100,141.1900,141.0300,141.0300,13424
2025-01-08 07:46:00,141.0300,141.0400,140.7500,140.7500,23096
2025-01-08 07:47:00,140.7600,140.9100,140.6600,140.8600,14721
2025-01-08 07:48:00,140.8800,140.9400,140.7700,140.7700,18645
2025-01-08 07:49:00,140.7900,140.8100,140.6800,140.7000,16377
2025-01-08 07:50:00,140.7000,140.7800,140.5800,140.6800,19814
2025-01-08 07:51:00,140.6900,140.8400,140.6600,140.7900,15146
2025-01-08 07:52:00,140.7900,140.8600,140.7400,140.7900,11134
2025-01-08 07:53:00,140.7800,140.8200,140.6600,140.7400,14907
2025-01-08 07:54:00,140.7500,140.7600,140.6800,140.7300,4308
2025-01-08 07:55:00,140.7200,140.7600,140.6500,140.6700,6143
2025-01-08 07:56:00,140.6600,140.6800,140.5200,140.5500,19473
2025-01-08 07:57:00,140.5300,140.6500,140.4600,140.4600,42766
2025-01-08 07:58:00,140.4600,140.6400,140.4600,140.5900,10533
2025-01-08 07:59:00,140.6100,140.6390,140.5000,140.5800,28151
2025-01-08 08:00:00,140.5500,142.7785,140.0000,142.6300,1444123
2025-01-08 08:01:00,142.6400,142.7764,140.0536,140.4900,231935
2025-01-08 08:02:00,140.2403,141.9600,140.1400,141.5600,85100
2025-01-08 08:03:00,141.5211,141.9000,140.1400,141.8650,118153
2025-01-08 08:04:00,141.8800,141.9200,141.5800,141.6000,58888
2025-01-08 08:05:00,141.6100,141.7000,140.0000,141.4000,116539
2025-01-08 08:06:00,141.4000,141.4700,141.1700,141.1700,39957
2025-01-08 08:07:00,141.2288,141.3900,141.0804,141.3550,51158
2025-01-08 08:08:00,141.3500,141.3900,141.1500,141.2000,26353
2025-01-08 08:09:00,141.2300,141.5000,141.2300,141.4900,42050
2025-01-08 08:10:00,141.4700,141.4900,141.3409,141.4100,25967
2025-01-08 08:11:00,141.4500,141.4598,141.2800,141.3072,27646
2025-01-08 08:12:00,141.3400,141.4000,141.2500,141.4000,13958
2025-01-08 08:13:00,141.3900,141.5000,141.3600,141.5000,32296
2025-01-08 08:14:00,141.4900,141.5000,141.4700,141.4900,25800
2025-01-08 08:15:00,141.4800,141.8000,141.4600,141.6900,54815
2025-01-08 08:16:00,141.7200,141.8500,141.7000,141.8000,45462
2025-01-08 08:17:00,141.8200,141.8200,141.6000,141.6300,40041
2025-01-08 08:18:00,141.6500,141.7400,141.4500,141.7100,60184
2025-01-08 08:19:00,141.7300,141.7500,141.4000,141.7000,48409
2025-01-08 08:20:00,141.7000,141.8800,141.6900,141.8000,60284
2025-01-08 08:21:00,141.8000,141.8600,141.7100,141.8600,27350
2025-01-08 08:22:00,141.8552,141.8600,141.7700,141.8500,40518
2025-01-08 08:23:00,141.8500,141.9000,141.7900,141.8400,40069
2025-01-08 08:24:00,141.8500,141.9900,141.8000,141.9400,83085
2025-01-08 08:25:00,141.9800,141.9900,141.8900,141.9400,55521
2025-01-08 08:26:00,141.9200,141.9900,141.8915,141.9500,36956
2025-01-08 08:27:00,141.9400,142.0200,141.9100,141.9600,63402
2025-01-08 08:28:00,141.9800,141.9900,141.9000,141.9400,39281
2025-01-08 08:29:00,141.9400,141.9800,141.7000,141.8200,45503
2025-01-08 08:30:00,141.7000,141.9700,141.6100,141.8523,72329
2025-01-08 08:31:00,141.8400,141.9900,141.7800,141.9800,58060
2025-01-08 08:32:00,141.9800,142.2300,141.9707,142.0300,173387
2025-01-08 08:33:00,142.0000,142.0900,141.6100,141.7800,94367
2025-01-08 08:34:00,141.7700,141.8000,141.2100,141.2517,146418
2025-01-08 08:35:00,141.3200,141.6400,141.2500,141.5110,40999
2025-01-08 08:36:00,141.5400,141.7600,141.5283,141.7499,50579
2025-01-08 08:37:00,141.7500,141.8000,141.6000,141.6900,32672
2025-01-08 08:38:00,141.6850,141.6850,141.5000,141.5200,29393
2025-01-08 08:39:00,141.5292,141.6700,141.4195,141.5960,29921
2025-01-08 08:40:00,141.5500,141.6200,141.3300,141.4600,36218
2025-01-08 08:41:00,141.4897,141.5200,141.3300,141.3800,21778
2025-01-08 08:42:00,141.3500,141.6300,141.3500,141.5200,24097
2025-01-08 08:43:00,141.5600,141.6800,141.5450,141.6399,26722
2025-01-08 08:44:00,141.6300,141.6700,141.1900,141.4801,37942
2025-01-08 08:45:00,141.5100,141.6500,141.4650,141.6400,18968
2025-01-08 08:46:00,141.6200,141.8100,141.6200,141.7100,32382
2025-01-08 08:47:00,141.7240,141.7352,141.6200,141.7200,18575
2025-01-08 08:48:00,141.7200,141.8400,141.6500,141.6800,28185
2025-01-08 08:49:00,141.6776,141.7900,141.2500,141.7398,26330
2025-01-08 08:50:00,141.7000,141.8500,141.7000,141.8500,23398
2025-01-08 08:51:00,141.8500,141.8952,141.8000,141.8250,23466
2025-01-08 08:52:00,141.8400,141.8800,141.6100,141.7500,37292
2025-01-08 08:53:00,141.7400,141.7500,141.5600,141.6000,26792
2025-01-08 08:54:00,141.5952,141.8700,141.5610,141.8700,26433
2025-01-08 08:55:00,141.8101,141.9800,141.8100,141.9400,31168
2025-01-08 08:56:00,141.9200,142.0000,141.8700,142.0000,42571
2025-01-08 08:57:00,141.9900,142.1000,141.9800,142.0900,57627
2025-01-08 08:58:00,142.0850,142.1900,142.0700,142.1700,76605
2025-01-08 08:59:00,142.1900,142.3100,142.1001,142.1500,124382
2025-01-08 09:00:00,142.1528,142.3000,142.1000,142.2300,56714
2025-01-08 09:01:00,142.1900,142.3900,142.1700,142.3900,52772
2025-01-08 09:02:00,142.3900,142.3900,142.2000,142.2700,59559
2025-01-08 09:03:00,142.2600,142.3900,142.2100,142.3792,60432
2025-01-08 09:04:00,142.3800,142.4000,142.2060,142.2101,79029
2025-01-08 09:05:00,142.2440,142.2600,142.0000,142.1400,143119
2025-01-08 09:06:00,142.1400,142.1999,141.8000,141.8400,57762
2025-01-08 09:07:00,141.8400,142.0000,141.8400,142.0000,54267
2025-01-08 09:08:00,141.9700,142.1100,141.9500,142.0800,63729
2025-01-08 09:09:00,142.0700,142.1000,141.9500,142.0200,28994
2025-01-08 09:10:00,142.0000,142.0900,141.9709,142.0250,38612
2025-01-08 09:11:00,142.0001,142.0500,141.9300,141.9900,34949
2025-01-08 09:12:00,141.9893,141.9900,141.8000,141.8800,42765
2025-01-08 09:13:00,141.8800,141.9900,141.8800,141.9300,28923
2025-01-08 09:14:00,141.9500,141.9600,141.7000,141.7300,43855
2025-01-08 09:15:00,141.7300,141.7300,141.5600,141.6300,83466
2025-01-08 09:16:00,141.6400,141.7100,141.6000,141.6700,32449
2025-01-08 09:17:00,141.6650,141.7300,141.6300,141.7150,23104
2025-01-08 09:18:00,141.7200,141.8300,141.7000,141.8191,21174
2025-01-08 09:19:00,141.8100,141.8300,141.7500,141.7988,32146
2025-01-08 09:20:00,141.7800,141.8400,141.5900,141.8000,24037
2025-01-08 09:21:00,141.8100,141.8224,141.5100,141.6400,40511
2025-01-08 09:22:00,141.6200,141.6700,141.5500,141.5600,30778
2025-01-08 09:23:00,141.5600,141.6400,141.5100,141.5400,54840
2025-01-08 09:24:00,141.5400,141.5500,141.3600,141.3600,60707
2025-01-08 09:25:00,141.4000,142.2000,141.4000,142.2000,180303
2025-01-08 09:26:00,142.2100,142.2400,142.1300,142.2000,139666
2025-01-08 09:27:00,142.2000,142.6400,142.1800,142.4000,168492
2025-01-08 09:28:00,142.5200,142.6900,142.3300,142.5900,135884
2025-01-08 09:29:00,142.5900,142.7000,142.5300,142.5900,102859
2025-01-08 09:30:00,142.5800,142.7000,141.5500,141.8400,4368750
2025-01-08 09:31:00,141.8400,143.2400,141.4900,143.1700,2037226
2025-01-08 09:32:00,143.1700,143.2400,142.0300,142.4550,1713096
2025-01-08 09:33:00,142.4750,142.8800,141.6600,141.7680,1300982
2025-01-08 09:34:00,141.7800,142.6800,141.7100,142.4900,1169595
2025-01-08 09:35:00,142.5000,143.0000,142.0401,142.1400,1411399
2025-01-08 09:36:00,142.1400,142.4000,141.9200,142.3000,1085721
2025-01-08 09:37:00,142.3000,142.4400,141.8700,142.0104,1013650
2025-01-08 09:38:00,142.0167,142.2500,141.2800,141.5200,1208748
2025-01-08 09:39:00,141.5114,141.6600,140.8900,140.9400,1585608
2025-01-08 09:40:00,140.9800,141.1900,140.5800,140.8900,1445681
2025-01-08 09:41:00,140.9000,141.6400,140.7900,141.5140,1002614
2025-01-08 09:42:00,141.5100,142.0399,141.3800,141.8100,1306398
2025-01-08 09:43:00,141.8100,142.3800,141.7600,142.3753,955800
2025-01-08 09:44:00,142.3770,142.8656,142.3500,142.7150,1422475
2025-01-08 09:45:00,142.7300,142.7900,142.4000,142.4500,849364
2025-01-08 09:46:00,142.4590,142.6500,141.9200,142.0140,1066167
2025-01-08 09:47:00,142.0001,142.5800,141.7500,142.5350,979339
2025-01-08 09:48:00,142.5202,142.7000,142.1573,142.2400,666995
2025-01-08 09:49:00,142.2450,142.9700,142.2300,142.9700,1180713
2025-01-08 09:50:00,142.9700,143.3100,142.8600,143.2000,1910175
2025-01-08 09:51:00,143.2100,143.2499,142.7200,143.1300,1091784
2025-01-08 09:52:00,143.1300,143.1500,142.5216,142.5650,851016
2025-01-08 09:53:00,142.5650,142.5900,142.2200,142.3117,871528
2025-01-08 09:54:00,142.3300,142.9100,142.2700,142.7800,847051
2025-01-08 09:55:00,142.7850,142.9499,142.6100,142.8100,563323
2025-01-08 09:56:00,142.8000,143.0300,142.4200,142.9100,749170
2025-01-08 09:57:00,142.9000,142.9200,142.4700,142.6100,454552
2025-01-08 09:58:00,142.6100,142.8999,142.3600,142.8250,618146
2025-01-08 09:59:00,142.8312,143.1900,142.8000,143.0780,853816
2025-01-08 10:00:00,143.0700,143.4000,142.8800,143.3400,1241774
2025-01-08 10:01:00,143.3420,143.6100,143.2400,143.4850,1349926
2025-01-08 10:02:00,143.4900,143.8300,143.3600,143.8100,1127633
2025-01-08 10:03:00,143.8200,143.9500,143.7501,143.8600,1083191
2025-01-08 10:04:00,143.8500,143.9400,143.2800,143.3224,1015458
2025-01-08 10:05:00,143.3200,143.4201,142.9563,143.2660,928748
2025-01-08 10:06:00,143.2800,143.3687,142.6700,142.8380,1095981
2025-01-08 10:07:00,142.8260,142.9199,142.4900,142.7229,922976
2025-01-08 10:08:00,142.7290,142.7500,142.1000,142.3299,903429
2025-01-08 10:09:00,142.3101,142.3900,141.9300,141.9500,959201
2025-01-08 10:10:00,141.9427,142.1400,141.2199,141.3300,1351237
2025-01-08 10:11:00,141.3500,141.5399,141.0701,141.1600,909740
2025-01-08 10:12:00,141.1700,141.2700,140.8000,141.0581,1201616
2025-01-08 10:13:00,141.0600,141.0900,140.3100,140.3700,1318029
2025-01-08 10:14:00,140.3799,140.4500,139.6000,139.8100,2846885
2025-01-08 10:15:00,139.8000,140.0900,139.4300,139.9200,1974980
2025-01-08 10:16:00,139.9250,140.2400,139.7400,140.0774,1142546
2025-01-08 10:17:00,140.0900,140.2200,139.8100,139.9500,817752
2025-01-08 10:18:00,139.9812,140.5450,139.9600,140.5063,1264004
2025-01-08 10:19:00,140.5434,140.9300,140.4800,140.9070,1120768
2025-01-08 10:20:00,140.9100,140.9900,140.3700,140.3700,928246
2025-01-08 10:21:00,140.3900,140.8400,140.3900,140.4800,516413
2025-01-08 10:22:00,140.4900,140.5000,139.9000,140.1300,969613
2025-01-08 10:23:00,140.1350,140.5900,139.9601,140.5720,706972
2025-01-08 10:24:00,140.5600,141.0400,140.4700,140.9100,1024212
2025-01-08 10:25:00,140.9050,141.1800,140.8932,140.9401,784406
2025-01-08 10:26:00,140.9400,140.9900,140.6500,140.9850,582661
2025-01-08 10:27:00,140.9850,141.0400,140.6400,140.7380,472371
2025-01-08 10:28:00,140.7500,140.8000,140.4000,140.4900,502055
2025-01-08 10:29:00,140.4900,140.6500,140.4000,140.5900,367789
2025-01-08 10:30:00,140.5800,140.8000,140.5300,140.7000,353736
2025-01-08 10:31:00,140.6948,140.8500,140.2400,140.3100,666195
2025-01-08 10:32:00,140.3110,140.5700,140.3000,140.4200,417323
2025-01-08 10:33:00,140.4200,141.0300,140.4200,140.9100,624709
2025-01-08 10:34:00,140.9200,140.9400,140.6900,140.7800,345334
2025-01-08 10:35:00,140.7898,141.2400,140.7600,140.9060,748812
2025-01-08 10:36:00,140.8800,141.2500,140.8500,141.2319,473345
2025-01-08 10:37:00,141.2380,141.4900,141.1200,141.4577,665254
2025-01-08 10:38:00,141.4401,141.5000,141.1500,141.1720,446115
2025-01-08 10:39:00,141.1748,141.2800,140.6800,140.7700,550046
2025-01-08 10:40:00,140.7800,140.9528,140.4600,140.9400,651992
2025-01-08 10:41:00,140.9500,140.9900,140.7000,140.9300,423803
2025-01-08 10:42:00,140.9200,141.1000,140.6700,140.7300,408087
2025-01-08 10:43:00,140.7350,140.8800,140.4800,140.5800,460846
2025-01-08 10:44:00,140.5900,140.7400,140.4601,140.5900,337671
2025-01-08 10:45:00,140.5800,140.8600,140.5501,140.5700,404188
2025-01-08 10:46:00,140.5700,140.7699,140.5300,140.6700,318646
2025-01-08 10:47:00,140.6900,140.7298,140.3300,140.4500,580387
2025-01-08 10:48:00,140.4520,140.5400,140.3700,140.5100,261825
2025-01-08 10:49:00,140.5000,140.5800,140.3800,140.5200,333477
2025-01-08 10:50:00,140.5400,140.8300,140.5400,140.7600,458891
2025-01-08 10:51:00,140.7600,140.8700,140.6900,140.8000,263903
2025-01-08 10:52:00,140.7850,140.9699,140.5900,140.9499,416629
2025-01-08 10:53:00,140.9476,141.0200,140.2900,140.3200,922728
2025-01-08 10:54:00,140.3300,140.5090,140.2100,140.3150,489503
2025-01-08 10:55:00,140.3100,140.5200,140.0000,140.2400,723453
2025-01-08 10:56:00,140.2460,140.5500,137.5600,140.1500,718700
2025-01-08 10:57:00,140.1550,140.5900,140.0900,140.4000,417326
2025-01-08 10:58:00,140.4000,140.6100,140.3800,140.4348,389424
2025-01-08 10:59:00,140.4300,140.5900,140.4150,140.5400,228487
2025-01-08 11:00:00,140.5400,140.5900,140.2000,140.2625,357637
2025-01-08 11:01:00,140.2700,140.3820,139.9800,140.0500,855319
2025-01-08 11:02:00,140.0300,140.2108,139.8400,139.8900,738369
2025-01-08 11:03:00,139.8600,140.0400,139.8500,140.0070,485191
2025-01-08 11:04:00,140.0200,140.1700,139.9400,139.9900,457474
2025-01-08 11:05:00,140.0200,140.1300,139.8300,139.9300,375693
2025-01-08 11:06:00,139.9300,139.9699,139.4300,139.5125,995430
2025-01-08 11:07:00,139.5299,139.8200,139.4912,139.8160,496004
2025-01-08 11:08:00,139.8100,140.1300,139.6700,139.9600,610008
2025-01-08 11:09:00,139.9700,140.0300,139.8000,139.9300,342694
2025-01-08 11:10:00,139.9400,140.4100,139.9400,140.3600,1078118
2025-01-08 11:11:00,140.3676,140.4216,140.1300,140.1534,375749
2025-01-08 11:12:00,140.1550,140.3450,140.0600,140.3139,274612
2025-01-08 11:13:00,140.3100,140.5900,140.2660,140.3300,489551
2025-01-08 11:14:00,140.3450,140.4199,140.2600,140.3400,298308
2025-01-08 11:15:00,140.3476,140.4000,140.1400,140.2300,300129
2025-01-08 11:16:00,140.2500,140.4800,140.1500,140.4029,308243
2025-01-08 11:17:00,140.4000,140.5100,140.3350,140.4350,290821
2025-01-08 11:18:00,140.4200,140.4800,140.3300,140.4500,179729
2025-01-08 11:19:00,140.4450,140.4710,140.3499,140.4000,224330
2025-01-08 11:20:00,140.4000,140.7700,140.4000,140.7400,620415
2025-01-08 11:21:00,140.7400,140.9000,140.6701,140.7000,468716
2025-01-08 11:22:00,140.7100,140.7700,140.5500,140.6000,315683
2025-01-08 11:23:00,140.6100,140.8399,140.6100,140.7900,354459
2025-01-08 11:24:00,140.7800,140.9200,140.5900,140.6900,392010
2025-01-08 11:25:00,140.6900,140.7300,140.4100,140.5060,296147
2025-01-08 11:26:00,140.5100,140.5886,140.3500,140.4000,259803
2025-01-08 11:27:00,140.4000,140.4000,140.1734,140.2650,332311
2025-01-08 11:28:00,140.2603,140.2603,140.0900,140.1410,247003
2025-01-08 11:29:00,140.1500,140.2100,140.0100,140.0310,317540
2025-01-08 11:30:00,140.0400,140.3500,140.0300,140.3000,349258
2025-01-08 11:31:00,140.3000,140.3150,140.1500,140.1900,248321
2025-01-08 11:32:00,140.1900,140.3600,140.1700,140.2867,316483
2025-01-08 11:33:00,140.2900,140.3800,140.2000,140.3324,269232
2025-01-08 11:34:00,140.3340,140.4400,140.1700,140.1900,350259
2025-01-08 11:35:00,140.2000,140.3800,140.1700,140.2800,288939
2025-01-08 11:36:00,140.2700,140.5100,140.2200,140.4500,352977
2025-01-08 11:37:00,140.4450,140.7700,140.4450,140.6900,427972
2025-01-08 11:38:00,140.6950,140.8000,140.6100,140.6700,319466
2025-01-08 11:39:00,140.6700,140.6700,140.4500,140.5800,346976
2025-01-08 11:40:00,140.5850,140.6300,140.3300,140.4800,282432
2025-01-08 11:41:00,140.4740,140.5000,140.3300,140.4500,233160
2025-01-08 11:42:00,140.4500,140.7884,140.4500,140.7520,348591
2025-01-08 11:43:00,140.7600,140.7900,140.4600,140.5000,373254
2025-01-08 11:44:00,140.5020,140.7400,140.4301,140.6800,238564
2025-01-08 11:45:00,140.6800,140.7400,140.5700,140.6476,239739
2025-01-08 11:46:00,140.6400,140.6700,140.5300,140.6600,235840
2025-01-08 11:47:00,140.6660,140.8500,140.5800,140.7000,399602
2025-01-08 11:48:00,140.6950,140.6950,140.5100,140.5200,187962
2025-01-08 11:49:00,140.5300,140.5600,140.3400,140.3850,321480
2025-01-08 11:50:00,140.3900,140.4900,140.3000,140.3671,290673
2025-01-08 11:51:00,140.3680,140.4700,140.2700,140.4490,301970
2025-01-08 11:52:00,140.4500,140.4710,140.3200,140.3723,212202
2025-01-08 11:53:00,140.3899,140.4800,140.2800,140.4132,214384
2025-01-08 11:54:00,140.4100,140.4252,140.3200,140.3650,167526
2025-01-08 11:55:00,140.3600,140.3900,140.2700,140.2900,279509
2025-01-08 11:56:00,140.2820,140.2900,140.1200,140.2552,396467
2025-01-08 11:57:00,140.2510,140.2800,140.1600,140.2400,193591
2025-01-08 11:58:00,140.2300,140.4500,140.2300,140.3812,209991
2025-01-08 11:59:00,140.3850,140.4400,140.3400,140.3850,157411
2025-01-08 12:00:00,140.3900,140.4000,140.2411,140.2600,175751
2025-01-08 12:01:00,140.2600,140.3900,140.2400,140.3600,146367
2025-01-08 12:02:00,140.3500,140.4200,140.0400,140.0700,356075
2025-01-08 12:03:00,140.0700,140.1199,140.0100,140.0300,299286
2025-01-08 12:04:00,140.0300,140.1800,139.9600,139.9810,518325
2025-01-08 12:05:00,139.9900,140.0499,139.8900,139.9650,313159
2025-01-08 12:06:00,139.9600,140.1000,139.8600,139.9665,316941
2025-01-08 12:07:00,139.9800,140.0252,139.7900,139.8250,438461
2025-01-08 12:08:00,139.8300,139.8800,139.6400,139.6800,372617
2025-01-08 12:09:00,139.6900,139.9399,139.6700,139.9201,404819
2025-01-08 12:10:00,139.9240,139.9599,139.7532,139.8450,273890
2025-01-08 12:11:00,139.8401,139.9270,139.7500,139.8350,253413
2025-01-08 12:12:00,139.8300,139.9650,139.7900,139.8200,300900
2025-01-08 12:13:00,139.8100,139.9100,139.8000,139.8900,229970
2025-01-08 12:14:00,139.9000,139.9300,139.7301,139.7800,264089
2025-01-08 12:15:00,139.7800,139.9350,139.7800,139.8201,208973
2025-01-08 12:16:00,139.8350,139.8998,139.6000,139.6500,291614
2025-01-08 12:17:00,139.6600,139.7499,139.4900,139.5200,533495
2025-01-08 12:18:00,139.5100,139.5299,139.3500,139.4481,581674
2025-01-08 12:19:00,139.4500,139.6200,139.3700,139.5400,336388
2025-01-08 12:20:00,139.5500,139.7200,139.5500,139.6600,254314
2025-01-08 12:21:00,139.6699,139.7400,139.5000,139.5500,352733
2025-01-08 12:22:00,139.5450,139.7199,139.5000,139.5400,343805
2025-01-08 12:23:00,139.5300,139.5800,139.0700,139.1419,672463
2025-01-08 12:24:00,139.1600,139.2400,139.0100,139.0701,492410
2025-01-08 12:25:00,139.0800,139.1500,138.8500,138.9400,1082893
2025-01-08 12:26:00,138.9350,138.9900,138.8700,138.9200,423831
2025-01-08 12:27:00,138.9156,138.9800,138.5700,138.6412,654158
2025-01-08 12:28:00,138.6500,138.6950,138.3700,138.3800,804459
2025-01-08 12:29:00,138.3800,138.4599,138.0300,138.1298,977546
2025-01-08 12:30:00,138.1300,138.3800,138.0200,138.0671,746099
2025-01-08 12:31:00,138.0709,138.2150,137.8900,138.1901,1449036
2025-01-08 12:32:00,138.1901,138.5850,138.1700,138.5200,683381
2025-01-08 12:33:00,138.5299,138.6800,138.5000,138.6674,420198
2025-01-08 12:34:00,138.6700,138.7000,138.5000,138.6350,488223
2025-01-08 12:35:00,138.6400,138.8200,138.6309,138.7800,438560
2025-01-08 12:36:00,138.7850,138.8500,138.6600,138.7800,353543
2025-01-08 12:37:00,138.7799,138.9400,138.6900,138.9100,360312
2025-01-08 12:38:00,138.9400,139.0280,138.8301,138.8400,388758
2025-01-08 12:39:00,138.8500,138.8599,138.5800,138.6676,390874
2025-01-08 12:40:00,138.6700,138.9380,138.6600,138.8900,305436
2025-01-08 12:41:00,138.9000,138.9900,138.8400,138.9860,362287
2025-01-08 12:42:00,138.9900,139.1000,138.9300,138.9450,366980
2025-01-08 12:43:00,138.9410,139.1100,138.9300,139.0999,341149
2025-01-08 12:44:00,139.0976,139.1200,138.9880,139.0600,279652
2025-01-08 12:45:00,139.0600,139.1700,138.9700,139.0400,298422
2025-01-08 12:46:00,139.0400,139.1900,138.9700,139.1450,445574
2025-01-08 12:47:00,139.1400,139.1427,138.8300,138.8500,312696
2025-01-08 12:48:00,138.8400,139.0500,138.7800,138.9913,334506
2025-01-08 12:49:00,138.9950,139.0999,138.9300,139.0100,234440
2025-01-08 12:50:00,139.0100,139.2000,138.9900,139.0690,323766
2025-01-08 12:51:00,139.0600,139.1088,139.0000,139.0830,208796
2025-01-08 12:52:00,139.1100,139.4199,139.0954,139.3824,448972
2025-01-08 12:53:00,139.3702,139.4000,139.2100,139.3624,300235
2025-01-08 12:54:00,139.3760,139.4500,139.3200,139.3400,242463
2025-01-08 12:55:00,139.3300,139.3800,139.1500,139.2440,261146
2025-01-08 12:56:00,139.2400,139.4300,139.2300,139.3500,237731
2025-01-08 12:57:00,139.3600,139.5400,139.3400,139.4925,357122
2025-01-08 12:58:00,139.4850,139.5900,139.4700,139.5700,288841
2025-01-08 12:59:00,139.5700,139.5750,139.4000,139.4300,279862
2025-01-08 13:00:00,139.4400,139.6800,139.4000,139.5450,384111
2025-01-08 13:01:00,139.5500,139.6199,139.4900,139.5263,233226
2025-01-08 13:02:00,139.5400,139.9600,139.5300,139.8600,630777
2025-01-08 13:03:00,139.8500,139.9200,139.7800,139.8200,292799
2025-01-08 13:04:00,139.8100,139.9900,139.8100,139.8700,309989
2025-01-08 13:05:00,139.8650,139.9200,139.6580,139.7500,258332
2025-01-08 13:06:00,139.7600,139.9800,139.7518,139.9200,336870
2025-01-08 13:07:00,139.9280,139.9280,139.7001,139.7784,300472
2025-01-08 13:08:00,139.7700,139.9500,139.7500,139.8450,298392
2025-01-08 13:09:00,139.8400,139.9600,139.8300,139.8890,216078
2025-01-08 13:10:00,139.8876,140.0698,139.8600,140.0300,392099
2025-01-08 13:11:00,140.0340,140.3200,140.0300,140.3100,637012
2025-01-08 13:12:00,140.3100,140.4200,140.2100,140.3464,529007
2025-01-08 13:13:00,140.3400,140.4000,140.2000,140.2814,373760
2025-01-08 13:14:00,140.2899,140.3600,140.1800,140.2800,241247
2025-01-08 13:15:00,140.2800,140.3700,140.2570,140.2992,330145
2025-01-08 13:16:00,140.2808,140.5000,140.2800,140.4701,498396
2025-01-08 13:17:00,140.4900,140.5150,140.3924,140.4200,354222
2025-01-08 13:18:00,140.4200,140.4800,140.4100,140.4300,213185
2025-01-08 13:19:00,140.4310,140.4899,140.3600,140.4100,296778
2025-01-08 13:20:00,140.4100,140.4200,140.1600,140.3000,350653
2025-01-08 13:21:00,140.3000,140.3500,140.1300,140.2300,257625
2025-01-08 13:22:00,140.2300,140.2400,140.0800,140.2150,329494
2025-01-08 13:23:00,140.2100,140.3300,140.1900,140.2900,301782
2025-01-08 13:24:00,140.2900,140.5000,140.2900,140.4710,316413
2025-01-08 13:25:00,140.4750,140.6600,140.4600,140.6595,481388
2025-01-08 13:26:00,140.6510,140.7800,140.5900,140.7571,488565
2025-01-08 13:27:00,140.7526,140.7699,140.5721,140.6472,367464
2025-01-08 13:28:00,140.6400,140.8500,140.6400,140.7800,565931
2025-01-08 13:29:00,140.7600,140.7800,140.6000,140.6200,319545
2025-01-08 13:30:00,140.6200,140.6200,140.3800,140.5000,442758
2025-01-08 13:31:00,140.5197,140.7500,140.4391,140.7160,358117
2025-01-08 13:32:00,140.7135,140.7200,140.5700,140.6400,168431
2025-01-08 13:33:00,140.6390,140.6800,140.3700,140.4100,379255
2025-01-08 13:34:00,140.4100,140.4770,140.3101,140.3800,332905
2025-01-08 13:35:00,140.3900,140.5295,140.3800,140.4033,231381
2025-01-08 13:36:00,140.4000,140.6000,140.4000,140.5550,289837
2025-01-08 13:37:00,140.5700,140.6299,140.4700,140.5500,215321
2025-01-08 13:38:00,140.5500,140.6300,140.4900,140.5960,206592
2025-01-08 13:39:00,140.5900,140.6750,140.5400,140.5700,265398
2025-01-08 13:40:00,140.5718,140.5718,140.3700,140.4050,265238
2025-01-08 13:41:00,140.4050,140.4050,140.2500,140.3800,407928
2025-01-08 13:42:00,140.3850,140.4799,140.1600,140.2401,346951
2025-01-08 13:43:00,140.2460,140.3100,140.1600,140.1700,247389
2025-01-08 13:44:00,140.1700,140.4100,140.1700,140.3600,287604
2025-01-08 13:45:00,140.3600,140.3859,140.2250,140.2500,216534
2025-01-08 13:46:00,140.2469,140.3200,140.2200,140.3150,204162
2025-01-08 13:47:00,140.3100,140.3100,140.0700,140.1021,337594
2025-01-08 13:48:00,140.1100,140.2000,140.0639,140.1989,290069
2025-01-08 13:49:00,140.2000,140.3550,140.1900,140.2000,342621
2025-01-08 13:50:00,140.2001,140.3297,140.1401,140.2000,221736
2025-01-08 13:51:00,140.2000,140.2110,140.0400,140.0524,223636
2025-01-08 13:52:00,140.0610,140.1050,139.9110,139.9800,482214
2025-01-08 13:53:00,139.9900,139.9900,139.6600,139.8000,437082
2025-01-08 13:54:00,139.8020,139.8300,139.6600,139.8276,432942
2025-01-08 13:55:00,139.8220,139.9500,139.8100,139.9100,346662
2025-01-08 13:56:00,139.9100,140.0000,139.8200,139.9400,385658
2025-01-08 13:57:00,139.9300,140.0800,139.8300,140.0000,307197
2025-01-08 13:58:00,140.0000,140.0500,139.9302,139.9800,185086
2025-01-08 13:59:00,139.9700,140.1000,139.9400,140.0250,222162
2025-01-08 14:00:00,140.0300,140.1000,139.7400,139.9024,351562
2025-01-08 14:01:00,139.8950,139.9680,139.7600,139.8100,253512
2025-01-08 14:02:00,139.8100,139.8431,139.5600,139.7599,373932
2025-01-08 14:03:00,139.7600,139.9710,139.7100,139.9000,251331
2025-01-08 14:04:00,139.8900,140.2000,139.8800,140.1000,445654
2025-01-08 14:05:00,140.1050,140.3600,140.0900,140.3280,502768
2025-01-08 14:06:00,140.3200,140.4300,140.1300,140.3350,432109
2025-01-08 14:07:00,140.3300,140.5000,140.2545,140.4400,337265
2025-01-08 14:08:00,140.4200,140.6700,140.4200,140.6200,577690
2025-01-08 14:09:00,140.6300,141.0000,140.5400,140.9800,833154
2025-01-08 14:10:00,140.9700,141.0200,140.7601,140.8500,842770
2025-01-08 14:11:00,140.8400,140.8800,140.2900,140.3599,507906
2025-01-08 14:12:00,140.3400,140.3860,139.9900,140.0401,689185
2025-01-08 14:13:00,140.0494,140.1400,139.8400,139.9720,548441
2025-01-08 14:14:00,139.9700,140.0593,139.8500,139.9690,349238
2025-01-08 14:15:00,139.9800,140.3000,139.9700,140.2100,567253
2025-01-08 14:16:00,140.2200,140.4000,140.0500,140.3000,443768
2025-01-08 14:17:00,140.2850,140.3800,140.1900,140.3410,286820
2025-01-08 14:18:00,140.3700,140.4600,140.3663,140.4300,385592
2025-01-08 14:19:00,140.4400,140.4600,140.2800,140.4150,239184
2025-01-08 14:20:00,140.4050,140.4600,140.2801,140.4400,262317
2025-01-08 14:21:00,140.4400,140.6000,140.3500,140.4824,403605
2025-01-08 14:22:00,140.4834,140.4834,140.3500,140.4700,245823
2025-01-08 14:23:00,140.4625,140.6300,140.4500,140.5400,413668
2025-01-08 14:24:00,140.5400,140.6900,140.5300,140.6000,393271
2025-01-08 14:25:00,140.6000,140.6600,140.4200,140.4600,302633
2025-01-08 14:26:00,140.4300,140.6200,140.4300,140.5400,212083
2025-01-08 14:27:00,140.5300,140.8500,140.4800,140.7700,525691
2025-01-08 14:28:00,140.7700,140.8700,140.7100,140.8100,432461
2025-01-08 14:29:00,140.8050,140.8050,140.6218,140.7100,292239
2025-01-08 14:30:00,140.7000,140.7100,140.4200,140.5100,478068
2025-01-08 14:31:00,140.5100,140.5200,140.2700,140.3850,282879
2025-01-08 14:32:00,140.3900,140.4500,140.3000,140.4300,326249
2025-01-08 14:33:00,140.4300,140.5500,140.2700,140.5500,261200
2025-01-08 14:34:00,140.5300,140.5399,140.3501,140.3990,175576
2025-01-08 14:35:00,140.4000,140.5100,140.3978,140.4910,239131
2025-01-08 14:36:00,140.4900,140.5300,140.1500,140.1700,334161
2025-01-08 14:37:00,140.1800,140.4300,140.1660,140.3400,282227
2025-01-08 14:38:00,140.3300,140.3400,140.2000,140.2050,272387
2025-01-08 14:39:00,140.2100,140.2500,140.0300,140.0400,482872
2025-01-08 14:40:00,140.0600,140.2100,140.0000,140.0600,351972
2025-01-08 14:41:00,140.0700,140.1800,139.9600,140.1400,447418
2025-01-08 14:42:00,140.1500,140.2150,139.8800,139.9500,440757
2025-01-08 14:43:00,139.9800,140.1200,139.8900,140.1050,372457
2025-01-08 14:44:00,140.1200,140.1700,140.0400,140.1100,251087
2025-01-08 14:45:00,140.1000,140.3500,140.0418,140.2946,375277
2025-01-08 14:46:00,140.3020,140.4099,140.1926,140.3150,257814
2025-01-08 14:47:00,140.3099,140.3500,140.0623,140.0899,331105
2025-01-08 14:48:00,140.0800,140.1598,139.9900,140.1334,201651
2025-01-08 14:49:00,140.1200,140.2100,140.1000,140.1701,148108
2025-01-08 14:50:00,140.1795,140.3000,140.1300,140.1600,191971
2025-01-08 14:51:00,140.1750,140.2700,140.0700,140.1976,189272
2025-01-08 14:52:00,140.2100,140.2800,140.0400,140.0900,196174
2025-01-08 14:53:00,140.0900,140.1000,139.9300,140.0698,274783
2025-01-08 14:54:00,140.0600,140.0800,139.9400,139.9900,211533
2025-01-08 14:55:00,140.0000,140.1000,139.9200,140.0750,245615
2025-01-08 14:56:00,140.0800,140.2300,140.0300,140.2250,258372
2025-01-08 14:57:00,140.2200,140.2900,140.1300,140.2410,361958
2025-01-08 14:58:00,140.2500,140.2500,140.0600,140.1700,188204
2025-01-08 14:59:00,140.1726,140.1900,140.0300,140.1400,199396
2025-01-08 15:00:00,140.1400,140.3000,140.0800,140.2650,188381
2025-01-08 15:01:00,140.2700,140.2876,140.1812,140.2320,172812
2025-01-08 15:02:00,140.2200,140.3000,140.1211,140.1500,176438
2025-01-08 15:03:00,140.1500,140.3000,140.0800,140.2300,199137
2025-01-08 15:04:00,140.2300,140.2800,140.2100,140.2331,115738
2025-01-08 15:05:00,140.2300,140.2500,140.0700,140.0750,142416
2025-01-08 15:06:00,140.0700,140.1030,139.9800,140.0500,242634
2025-01-08 15:07:00,140.0600,140.0600,139.9100,139.9600,280337
2025-01-08 15:08:00,139.9500,140.0400,139.9229,140.0256,251988
2025-01-08 15:09:00,140.0200,140.0400,139.8800,140.0000,312161
2025-01-08 15:10:00,139.9900,140.1599,139.9900,140.0400,329471
2025-01-08 15:11:00,140.0200,140.0400,139.8700,139.9150,210669
2025-01-08 15:12:00,139.9109,139.9500,139.7400,139.8350,383309
2025-01-08 15:13:00,139.8300,139.8900,139.7500,139.7900,256662
2025-01-08 15:14:00,139.7900,139.8700,139.7001,139.7600,272213
2025-01-08 15:15:00,139.7700,140.0200,139.7600,139.9850,337549
2025-01-08 15:16:00,139.9900,140.0750,139.9700,140.0100,354843
2025-01-08 15:17:00,140.0200,140.0500,139.9101,139.9499,181765
2025-01-08 15:18:00,139.9400,140.0800,139.8600,140.0350,270704
2025-01-08 15:19:00,140.0300,140.0500,139.9500,139.9700,266295
2025-01-08 15:20:00,139.9681,140.0395,139.9600,139.9700,230264
2025-01-08 15:21:00,139.9750,140.0300,139.9300,140.0055,176218
2025-01-08 15:22:00,140.0011,140.0050,139.8800,139.9150,190164
2025-01-08 15:23:00,139.9150,140.1600,139.9150,140.1000,366677
2025-01-08 15:24:00,140.1000,140.1350,140.0300,140.0850,210063
2025-01-08 15:25:00,140.0850,140.1500,139.9400,139.9500,257868
2025-01-08 15:26:00,139.9500,140.0400,139.9100,140.0350,163696
2025-01-08 15:27:00,140.0300,140.0800,139.9800,140.0200,195846
2025-01-08 15:28:00,140.0100,140.1000,140.0100,140.0600,191486
2025-01-08 15:29:00,140.0650,140.0950,139.9700,139.9989,198749
2025-01-08 15:30:00,139.9800,140.0500,139.9550,139.9900,167197
2025-01-08 15:31:00,139.9900,140.0450,139.9600,140.0175,177034
2025-01-08 15:32:00,140.0200,140.0500,139.9700,139.9800,170649
2025-01-08 15:33:00,139.9850,139.9850,139.8525,139.9050,272911
2025-01-08 15:34:00,139.9000,139.9150,139.8012,139.8250,242898
2025-01-08 15:35:00,139.8250,139.9900,139.7950,139.9600,358500
2025-01-08 15:36:00,139.9700,140.3600,139.9300,139.9700,193831
2025-01-08 15:37:00,139.9800,140.0600,139.9110,139.9700,301838
2025-01-08 15:38:00,139.9600,139.9699,139.8416,139.8600,202421
2025-01-08 15:39:00,139.8700,139.8900,139.7800,139.8500,254089
2025-01-08 15:40:00,139.8500,140.0000,139.8100,139.9916,321711
2025-01-08 15:41:00,140.0000,140.0501,139.9000,139.9000,255376
2025-01-08 15:42:00,139.9000,139.9600,139.8500,139.8900,178067
2025-01-08 15:43:00,139.8900,140.0300,139.8700,140.0210,240200
2025-01-08 15:44:00,140.0300,140.0500,139.9800,139.9900,275467
2025-01-08 15:45:00,139.9900,140.1400,139.9400,140.1276,403421
2025-01-08 15:46:00,140.1300,140.1799,140.0300,140.0650,282920
2025-01-08 15:47:00,140.0700,140.1200,139.9300,140.0200,389358
2025-01-08 15:48:00,140.0200,140.0240,139.9300,139.9700,205705
2025-01-08 15:49:00,139.9700,140.0600,139.9500,139.9699,240283
2025-01-08 15:50:00,139.9700,140.2900,139.9600,139.9700,837632
2025-01-08 15:51:00,139.9900,140.0100,139.8100,139.8800,501645
2025-01-08 15:52:00,139.8630,140.0400,139.8500,139.9600,396626
2025-01-08 15:53:00,139.9700,140.0000,139.9000,139.9900,294537
2025-01-08 15:54:00,139.9900,140.1100,139.9200,140.0429,742140
2025-01-08 15:55:00,140.0400,140.2300,140.0000,140.1400,776515
2025-01-08 15:56:00,140.1400,140.1650,139.9900,140.0650,573071
2025-01-08 15:57:00,140.0600,140.1250,139.9500,140.1250,597449
2025-01-08 15:58:00,140.1300,140.2350,140.0700,140.1050,884394
2025-01-08 15:59:00,140.1050,140.1900,139.9600,140.0600,2111441
2025-01-08 16:00:00,140.0600,140.2500,140.0300,140.2200,27338746
2025-01-08 16:01:00,140.2200,140.2500,140.1100,140.1850,183410
2025-01-08 16:02:00,140.1100,140.6421,140.1100,140.1550,2515463
2025-01-08 16:03:00,140.1100,140.1600,140.1100,140.1100,20528
2025-01-08 16:04:00,140.1400,140.1400,140.0600,140.0800,9891
2025-01-08 16:05:00,140.0900,149.7200,140.0300,140.0400,19062
2025-01-08 16:06:00,140.0500,140.1304,139.9600,139.9800,51589
2025-01-08 16:07:00,139.9800,140.1100,139.9000,139.9300,37512
2025-01-08 16:08:00,139.9300,140.0000,139.9100,140.0000,8011
2025-01-08 16:09:00,139.9800,140.0500,139.9600,139.9997,10798
2025-01-08 16:10:00,140.0000,140.0500,139.9800,140.0100,6554
2025-01-08 16:11:00,140.0000,140.1100,139.9400,140.0300,97076
2025-01-08 16:12:00,140.0011,140.0500,139.9600,140.0194,6972
2025-01-08 16:13:00,140.0000,140.0400,139.9300,139.9300,9795
2025-01-08 16:14:00,139.9495,139.9500,139.9200,139.9500,5475
2025-01-08 16:15:00,139.9500,140.3045,139.9300,140.0000,11087
2025-01-08 16:16:00,139.9700,140.1100,139.9400,139.9900,12964
2025-01-08 16:17:00,139.9950,140.1100,139.9900,140.0800,19319
2025-01-08 16:18:00,140.0800,140.1900,140.0605,140.1900,818973
2025-01-08 16:19:00,140.1400,140.1800,140.1100,140.1400,5700
2025-01-08 16:20:00,140.1400,140.1600,140.0200,140.1000,15457
2025-01-08 16:21:00,140.1100,140.1700,140.1000,140.1600,14749
2025-01-08 16:22:00,140.1500,140.2400,140.1300,140.2100,15230
2025-01-08 16:23:00,140.2200,140.2400,140.1100,140.1700,12342
2025-01-08 16:24:00,140.1500,140.2300,140.0900,140.1200,17084
2025-01-08 16:25:00,140.0850,140.1400,140.0400,140.1300,24383
2025-01-08 16:26:00,140.1400,140.1500,140.0700,140.1472,6136
2025-01-08 16:27:00,140.1500,140.2000,140.1000,140.1400,3317
2025-01-08 16:28:00,140.1400,140.1900,140.1100,140.1400,21941
2025-01-08 16:29:00,140.1213,140.1800,140.1100,140.1400,2148
2025-01-08 16:30:00,140.1400,140.1800,140.1001,140.1100,6006
2025-01-08 16:31:00,140.1100,140.1500,140.0900,140.1000,4563
2025-01-08 16:32:00,140.0900,140.1400,140.0900,140.1200,5252
2025-01-08 16:33:00,140.1200,140.1400,140.0600,140.0601,6466
2025-01-08 16:34:00,140.0800,140.1400,138.5000,140.0966,165278
2025-01-08 16:35:00,139.8900,140.1000,138.0100,138.9900,264915
2025-01-08 16:36:00,138.9000,139.4600,138.5000,139.1300,125174
2025-01-08 16:37:00,138.9005,139.1900,138.4900,138.6440,134706
2025-01-08 16:38:00,138.7394,138.7500,137.7000,137.9800,287882
2025-01-08 16:39:00,137.9550,138.4800,137.8000,138.3800,99832
2025-01-08 16:40:00,138.4300,138.4700,137.5901,137.9800,225919
2025-01-08 16:41:00,137.9600,138.2400,137.9000,138.2300,165084
2025-01-08 16:42:00,138.2291,140.1100,138.0600,138.0800,487839
2025-01-08 16:43:00,138.0999,138.7500,138.0300,138.6900,222848
2025-01-08 16:44:00,138.6897,138.6900,138.2300,138.3000,99809
2025-01-08 16:45:00,138.3350,138.4000,138.0400,138.1500,37196
2025-01-08 16:46:00,138.1900,138.2800,137.9700,138.1550,92876
2025-01-08 16:47:00,138.1550,138.3400,138.1300,138.3300,33473
2025-01-08 16:48:00,138.3150,138.4000,138.2300,138.2900,54360
2025-01-08 16:49:00,138.3000,140.1100,138.2700,138.5900,69520
2025-01-08 16:50:00,138.5400,138.5700,138.3300,138.5500,45054
2025-01-08 16:51:00,138.5800,138.6000,138.4700,138.5000,42520
2025-01-08 16:52:00,138.5300,138.5800,138.3600,138.5350,42201
2025-01-08 16:53:00,138.5300,138.7500,138.5110,138.7150,43012
2025-01-08 16:54:00,138.7000,138.7500,138.6000,138.7299,44724
2025-01-08 16:55:00,138.7150,138.7400,138.6500,138.6950,29997
2025-01-08 16:56:00,138.6900,138.7500,138.6600,138.7400,34246
2025-01-08 16:57:00,138.7200,138.7500,138.6900,138.6900,34875
2025-01-08 16:58:00,138.6900,138.7500,138.5700,138.6500,14940
2025-01-08 16:59:00,138.6400,138.7000,138.5600,138.6900,32906
2025-01-08 17:00:00,138.7000,138.7000,138.6100,138.6500,13016
2025-01-08 17:01:00,138.6400,138.6900,138.6200,138.6500,11115
2025-01-08 17:02:00,138.6650,138.6800,138.5501,138.6499,22936
2025-01-08 17:03:00,138.6300,138.6500,138.5700,138.6000,11006
2025-01-08 17:04:00,138.5997,138.6400,138.5700,138.6000,25510
2025-01-08 17:05:00,138.6000,138.6200,138.5800,138.5900,25480
2025-01-08 17:06:00,138.5813,138.7000,138.5813,138.6699,22314
2025-01-08 17:07:00,138.6600,138.7500,138.6600,138.6950,23750
2025-01-08 17:08:00,138.7000,140.1100,138.6500,138.6700,1985383
2025-01-08 17:09:00,138.6600,138.7300,138.6000,138.7100,13368
2025-01-08 17:10:00,138.7100,138.7400,138.6600,138.7400,9236
2025-01-08 17:11:00,138.7400,138.7500,138.7000,138.7350,25583
2025-01-08 17:12:00,138.7496,138.7500,138.7000,138.7100,4805
2025-01-08 17:13:00,138.7200,138.7500,138.7000,138.7490,8192
2025-01-08 17:14:00,138.7492,138.9500,138.7202,138.9400,29622
2025-01-08 17:15:00,138.9400,139.1600,137.7489,139.1400,53091
2025-01-08 17:16:00,139.1500,139.1600,138.9400,138.9500,43496
2025-01-08 17:17:00,138.9999,139.0000,138.7600,138.8000,42750
2025-01-08 17:18:00,138.7900,148.1469,138.6600,138.6900,35989
2025-01-08 17:19:00,138.6608,138.8000,138.6500,138.7800,36857
2025-01-08 17:20:00,138.7892,138.8400,138.7200,138.7700,10788
2025-01-08 17:21:00,138.7500,148.4262,138.7100,138.7700,10523
2025-01-08 17:22:00,138.7900,148.1469,138.7000,148.1469,14702
2025-01-08 17:23:00,138.7491,148.3188,138.7200,138.8100,21998
2025-01-08 17:24:00,138.8000,138.8500,137.7489,138.7900,11922
2025-01-08 17:25:00,138.7900,138.8400,138.7200,138.7599,13684
2025-01-08 17:26:00,138.7600,138.7600,138.6500,138.7200,30202
2025-01-08 17:27:00,138.7100,148.3188,138.5800,138.6500,37577
2025-01-08 17:28:00,138.6400,138.6600,133.7914,138.6000,16692
2025-01-08 17:29:00,138.5900,138.6400,138.5000,138.6400,46770
2025-01-08 17:30:00,138.6000,138.6500,138.5500,138.6300,15493
2025-01-08 17:31:00,138.6492,138.6500,138.5600,138.6000,11507
2025-01-08 17:32:00,138.5900,138.7800,138.5800,138.6400,25331
2025-01-08 17:33:00,138.6400,138.7800,138.6400,138.7400,12047
2025-01-08 17:34:00,138.7500,138.7500,138.6800,138.7200,24893
2025-01-08 17:35:00,138.7400,138.7400,138.7000,138.7300,8531
2025-01-08 17:36:00,138.7300,138.7500,138.7100,138.7400,20076
2025-01-08 17:37:00,138.7400,138.8000,138.7100,138.7898,19420
2025-01-08 17:38:00,138.7800,138.9000,138.7700,138.8350,30041
2025-01-08 17:39:00,138.8500,138.8800,138.7700,138.8500,26904
2025-01-08 17:40:00,138.8500,138.8700,138.8100,138.8400,6755
2025-01-08 17:41:00,138.8500,138.9100,138.8300,138.9000,10482
2025-01-08 17:42:00,138.9000,138.9800,138.8900,138.9800,21271
2025-01-08 17:43:00,138.9200,138.9900,138.9100,138.9800,9201
2025-01-08 17:44:00,138.9700,139.0100,138.8800,138.9200,18387
2025-01-08 17:45:00,138.9282,138.9900,138.8800,138.9700,8679
2025-01-08 17:46:00,138.9900,139.1000,138.9300,138.9900,17114
2025-01-08 17:47:00,138.9891,138.9900,138.9000,138.9500,8697
2025-01-08 17:48:00,138.9600,138.9800,138.8300,138.8982,22229
2025-01-08 17:49:00,138.9000,138.9000,138.8400,138.8500,7771
2025-01-08 17:50:00,138.8600,138.9000,138.8200,138.8700,6934
2025-01-08 17:51:00,138.8800,138.8800,138.8000,138.8500,15112
2025-01-08 17:52:00,138.8500,138.9000,138.8092,138.8600,12285
2025-01-08 17:53:00,138.8600,138.9000,138.8000,138.8550,11465
2025-01-08 17:54:00,138.8600,138.9000,138.8100,138.8802,12246
2025-01-08 17:55:00,138.9000,138.9800,138.8300,138.9501,17585
2025-01-08 17:56:00,138.9500,138.9900,138.9100,138.9500,15903
2025-01-08 17:57:00,138.9500,138.9500,138.8700,138.9189,5409
2025-01-08 17:58:00,138.9000,138.9100,138.8500,138.9100,4671
2025-01-08 17:59:00,138.9100,138.9500,138.8800,138.9100,6502
2025-01-08 18:00:00,138.9400,138.9400,138.8900,138.9200,7585
2025-01-08 18:01:00,138.9400,138.9800,138.9200,138.9800,5479
2025-01-08 18:02:00,138.9799,139.0000,138.9600,138.9700,24565
2025-01-08 18:03:00,139.0000,139.0000,138.9400,138.9600,10077
2025-01-08 18:04:00,138.9700,138.9900,138.9501,138.9645,8143
2025-01-08 18:05:00,138.9900,139.0500,138.9750,139.0300,8695
2025-01-08 18:06:00,139.0250,139.0500,138.9950,139.0300,7064
2025-01-08 18:07:00,139.0200,139.0300,139.0000,139.0100,6017
2025-01-08 18:08:00,139.0100,139.0600,139.0000,139.0600,6465
2025-01-08 18:09:00,139.0550,139.1500,139.0500,139.1400,10687
2025-01-08 18:10:00,139.1400,139.1600,139.0500,139.1000,10832
2025-01-08 18:11:00,139.0900,139.1400,139.0300,139.0999,8304
2025-01-08 18:12:00,139.0900,139.1000,139.0300,139.0550,9192
2025-01-08 18:13:00,139.0550,139.0600,138.9000,138.9500,38151
2025-01-08 18:14:00,138.9400,138.9400,138.8000,138.8500,17992
2025-01-08 18:15:00,138.8498,138.8900,138.8100,138.8201,6678
2025-01-08 18:16:00,138.8218,138.8900,138.8000,138.8600,8534
2025-01-08 18:17:00,138.8550,138.8900,138.8200,138.8700,4292
2025-01-08 18:18:00,138.8700,138.9000,138.8700,138.8900,6515
2025-01-08 18:19:00,138.9000,138.9500,138.8800,138.9000,4055
2025-01-08 18:20:00,138.9100,138.9200,138.8149,138.8900,8569
2025-01-08 18:21:00,138.8886,138.9000,138.8300,138.9000,2421
2025-01-08 18:22:00,138.8950,138.9100,138.8101,138.8800,3728
2025-01-08 18:23:00,138.8500,138.8800,138.8000,138.8498,9514
2025-01-08 18:24:00,138.8450,140.1100,138.8300,138.8450,29980
2025-01-08 18:25:00,138.8400,138.8499,138.8000,138.8000,7684
2025-01-08 18:26:00,138.8100,138.9000,138.7600,138.8500,13620
2025-01-08 18:27:00,138.8300,138.8800,138.8000,138.8600,4347
2025-01-08 18:28:00,138.8400,138.8600,138.7700,138.8000,8663
2025-01-08 18:29:00,138.7900,138.8300,138.7500,138.8020,7585
2025-01-08 18:30:00,138.8292,138.8300,138.6600,138.8000,14656
2025-01-08 18:31:00,138.7750,138.8200,138.7300,138.7486,3785
2025-01-08 18:32:00,138.7300,138.7900,138.7000,138.7700,23313
2025-01-08 18:33:00,138.7600,138.7600,138.6800,138.6900,11409
2025-01-08 18:34:00,138.6900,138.7000,138.6600,138.6800,3908
2025-01-08 18:35:00,138.6800,138.8300,138.6700,138.8200,10316
2025-01-08 18:36:00,138.7700,138.7800,138.5900,138.6900,27859
2025-01-08 18:37:00,138.6800,138.7000,138.6500,138.7000,8196
2025-01-08 18:38:00,138.7000,138.7000,138.6800,138.7000,8104
2025-01-08 18:39:00,138.6900,138.7000,138.6900,138.7000,5527
2025-01-08 18:40:00,138.6901,138.7000,138.6900,138.7000,5585
2025-01-08 18:41:00,138.6950,138.7000,138.6900,138.7000,7383
2025-01-08 18:42:00,138.7000,138.7000,138.6700,138.7000,4205
2025-01-08 18:43:00,138.6897,138.7000,138.6600,138.6650,6636
2025-01-08 18:44:00,138.6699,138.6700,138.5000,138.5500,28312
2025-01-08 18:45:00,138.5800,138.5800,138.5100,138.5300,6252
2025-01-08 18:46:00,138.5200,138.5800,138.5100,138.5600,7926
2025-01-08 18:47:00,138.5800,138.6500,138.5500,138.6499,8663
2025-01-08 18:48:00,138.6500,138.6500,138.5000,138.5800,8730
2025-01-08 18:49:00,138.5787,138.5800,138.5100,138.5250,5362
2025-01-08 18:50:00,138.5100,138.5600,138.5100,138.5300,14781
2025-01-08 18:51:00,138.5300,138.5600,138.5100,138.5400,12536
2025-01-08 18:52:00,138.5400,138.5600,138.5100,138.5550,15252
2025-01-08 18:53:00,138.5500,138.5600,138.5100,138.5400,10544
2025-01-08 18:54:00,138.5309,138.5500,138.5200,138.5300,5719
2025-01-08 18:55:00,138.5326,138.5500,138.5000,138.5097,7830
2025-01-08 18:56:00,138.5100,138.5300,138.5000,138.5000,15058
2025-01-08 18:57:00,138.5200,138.5400,138.5000,138.5400,8924
2025-01-08 18:58:00,138.5200,138.5500,138.5000,138.5000,18884
2025-01-08 18:59:00,138.5100,138.5100,138.3600,138.3600,35463
2025-01-08 19:00:00,138.3891,138.4200,138.3600,138.3750,19679
2025-01-08 19:01:00,138.3900,138.3900,138.3000,138.3001,20902
2025-01-08 19:02:00,138.3400,138.3400,138.3000,138.3197,5595
2025-01-08 19:03:00,138.3100,138.4000,138.3000,138.4000,23971
2025-01-08 19:04:00,138.4000,138.4200,138.3500,138.4099,6678
2025-01-08 19:05:00,138.4100,138.4700,138.4000,138.4300,8103
2025-01-08 19:06:00,138.4150,138.4300,138.3500,138.4000,6277
2025-01-08 19:07:00,138.4300,138.5000,138.4031,138.4607,9540
2025-01-08 19:08:00,138.4998,138.5500,138.4700,138.5250,19336
2025-01-08 19:09:00,138.5200,138.5500,138.4804,138.5400,10830
2025-01-08 19:10:00,138.5400,138.5500,138.5000,138.5400,5784
2025-01-08 19:11:00,138.5399,138.5500,138.5100,138.5200,16006
2025-01-08 19:12:00,138.5291,138.5300,138.4400,138.4500,10758
2025-01-08 19:13:00,138.4700,138.5200,138.4500,138.4900,5698
2025-01-08 19:14:00,138.5000,138.5200,138.4600,138.4800,4433
2025-01-08 19:15:00,138.4800,138.5000,138.4600,138.4650,3444
2025-01-08 19:16:00,138.4600,138.4799,138.3800,138.4000,12094
2025-01-08 19:17:00,138.4000,138.4600,138.3900,138.4301,4956
2025-01-08 19:18:00,138.4700,138.4700,138.4300,138.4600,3524
2025-01-08 19:19:00,138.4500,138.4600,138.3600,138.4299,6105
2025-01-08 19:20:00,138.4150,138.4800,138.3900,138.4800,16170
2025-01-08 19:21:00,138.4800,138.5200,138.4500,138.4895,9671
2025-01-08 19:22:00,138.4800,138.4900,138.4500,138.4600,12729
2025-01-08 19:23:00,138.4600,138.5000,138.4600,138.4900,7113
2025-01-08 19:24:00,138.4900,138.5000,138.4700,138.4897,4498
2025-01-08 19:25:00,138.4899,138.5200,138.4700,138.5000,4794
2025-01-08 19:26:00,138.4999,138.6400,138.4900,138.6100,15545
2025-01-08 19:27:00,138.6200,138.6200,138.5112,138.6000,6851
2025-01-08 19:28:00,138.6000,138.6000,138.5500,138.5700,5925
2025-01-08 19:29:00,138.5799,138.6200,138.5600,138.5900,8276
2025-01-08 19:30:00,138.5898,138.6000,138.5700,138.5800,3536
2025-01-08 19:31:00,138.5800,138.6100,138.5700,138.5950,8773
2025-01-08 19:32:00,138.5900,138.6000,138.5700,138.5702,5410
2025-01-08 19:33:00,138.5800,138.6400,138.5701,138.6201,8676
2025-01-08 19:34:00,138.6300,138.7000,138.6200,138.7000,9555
2025-01-08 19:35:00,138.6900,138.7000,138.6700,138.6800,5985
2025-01-08 19:36:00,138.6850,138.6900,138.6200,138.6500,6799
2025-01-08 19:37:00,138.6350,138.6699,138.6000,138.6300,12434
2025-01-08 19:38:00,138.6000,138.6300,138.5000,138.5100,29434
2025-01-08 19:39:00,138.5396,138.5400,138.5000,138.5100,10248
2025-01-08 19:40:00,138.5000,138.5700,138.5000,138.5192,7576
2025-01-08 19:41:00,138.5100,138.5300,138.5100,138.5250,4710
2025-01-08 19:42:00,138.5300,138.6100,138.5200,138.5750,12516
2025-01-08 19:43:00,138.5900,138.6400,138.5600,138.6150,7506
2025-01-08 19:44:00,138.6199,138.6500,138.5700,138.6500,9464
2025-01-08 19:45:00,138.6000,138.6500,138.6000,138.6500,6014
2025-01-08 19:46:00,138.6500,138.6500,138.6000,138.6499,8219
2025-01-08 19:47:00,138.6400,138.6800,138.6025,138.6800,19030
2025-01-08 19:48:00,138.6794,138.6800,138.6500,138.6800,4600
2025-01-08 19:49:00,138.6700,138.6800,138.6300,138.6400,11068
2025-01-08 19:50:00,138.6500,138.6500,138.5612,138.5900,17291
2025-01-08 19:51:00,138.5899,138.6000,138.5500,138.5601,8581
2025-01-08 19:52:00,138.5700,138.6200,138.5600,138.6000,10608
2025-01-08 19:53:00,138.6000,138.6300,138.5600,138.5750,10693
2025-01-08 19:54:00,138.5700,138.6500,138.5700,138.6340,15991
2025-01-08 19:55:00,138.6400,138.6500,138.5900,138.5900,19253
2025-01-08 19:56:00,138.6000,138.6300,138.5700,138.6150,16779
2025-01-08 19:57:00,138.6200,138.6500,138.6000,138.6199,23967
2025-01-08 19:58:00,138.6200,138.6400,138.5900,138.5901,23811
2025-01-08 19:59:00,138.5902,138.6000,138.5400,138.5400,28217
2025-01-10 04:00:00,139.0000,139.5000,137.3100,138.8500,89724
2025-01-10 04:01:00,138.7800,138.8900,138.6400,138.6700,23473
2025-01-10 04:02:00,138.6900,138.7000,138.5800,138.6700,28151
2025-01-10 04:03:00,138.6800,138.7000,138.2500,138.2500,41950
2025-01-10 04:04:00,138.2400,138.4900,138.1000,138.2800,40237
2025-01-10 04:05:00,138.2500,138.3200,138.0300,138.0900,27559
2025-01-10 04:06:00,138.1200,138.2400,138.0800,138.2400,20609
2025-01-10 04:07:00,138.2400,138.4800,138.2200,138.4600,17788
2025-01-10 04:08:00,138.4400,138.5000,138.3400,138.3900,15207
2025-01-10 04:09:00,138.3900,138.4800,138.3800,138.4700,3955
2025-01-10 04:10:00,138.4600,138.4600,138.2000,138.2100,11792
2025-01-10 04:11:00,138.2300,138.3000,138.1700,138.2600,6703
2025-01-10 04:12:00,138.2800,138.6200,138.2800,138.6200,17335
2025-01-10 04:13:00,138.6300,138.7300,138.5900,138.6100,12003
2025-01-10 04:14:00,138.6100,138.8500,138.5900,138.8000,11417
2025-01-10 04:15:00,138.8300,138.9800,138.7600,138.8000,17145
2025-01-10 04:16:00,138.8000,138.8800,138.6100,138.7400,28629
2025-01-10 04:17:00,138.7800,138.7800,138.6000,138.6500,8900
2025-01-10 04:18:00,138.6300,138.6600,138.5200,138.5900,10433
2025-01-10 04:19:00,138.5900,138.6400,138.5600,138.5800,7591
2025-01-10 04:20:00,138.6100,138.6100,138.4500,138.4700,7481
2025-01-10 04:21:00,138.4600,138.5000,138.4200,138.4600,4915
2025-01-10 04:22:00,138.4600,138.4900,138.4300,138.4900,8869
2025-01-10 04:23:00,138.4700,138.5900,138.4500,138.5200,9652
2025-01-10 04:24:00,138.5200,138.5500,138.4200,138.4500,7827
2025-01-10 04:25:00,138.4600,138.4600,138.3000,138.3200,13536
2025-01-10 04:26:00,138.3200,138.3200,138.2000,138.2000,8737
2025-01-10 04:27:00,138.2000,138.3200,138.1500,138.2900,8547
2025-01-10 04:28:00,138.2900,138.3200,138.2400,138.2500,2833
2025-01-10 04:29:00,138.2700,138.2700,138.2000,138.2500,4479
2025-01-10 04:30:00,138.2500,138.3200,138.1500,138.3200,9186
2025-01-10 04:31:00,138.3200,138.3900,138.2800,138.3600,10196
2025-01-10 04:32:00,138.3600,138.4800,138.3100,138.4700,32027
2025-01-10 04:33:00,138.4500,138.5000,138.4200,138.4800,2707
2025-01-10 04:34:00,138.4800,138.5000,138.4000,138.4200,3079
2025-01-10 04:35:00,138.4400,138.5800,138.4100,138.5700,8136
2025-01-10 04:36:00,138.5700,138.6000,138.5500,138.5800,7230
2025-01-10 04:37:00,138.5500,138.5700,138.5200,138.5400,2023
2025-01-10 04:38:00,138.5400,138.5400,138.5200,138.5200,2828
2025-01-10 04:39:00,138.5100,138.5300,138.4600,138.4900,5586
2025-01-10 04:40:00,138.5000,138.5100,138.4700,138.5000,2314
2025-01-10 04:41:00,138.5100,138.5800,138.5000,138.5500,3121
2025-01-10 04:42:00,138.5800,138.6200,138.5700,138.5700,3931
2025-01-10 04:43:00,138.5700,138.5800,138.4400,138.4800,4936
2025-01-10 04:44:00,138.4600,138.4800,138.2800,138.2800,10478
2025-01-10 04:45:00,138.2800,138.2800,138.2000,138.2000,11777
2025-01-10 04:46:00,138.2200,138.2200,138.1700,138.1900,9735
2025-01-10 04:47:00,138.2000,138.2100,138.0800,138.1500,13866
2025-01-10 04:48:00,138.1500,138.2500,138.1400,138.2200,6860
2025-01-10 04:49:00,138.2300,138.3800,138.2200,138.3500,4771
2025-01-10 04:50:00,138.3700,138.3700,138.2800,138.3300,2540
2025-01-10 04:51:00,138.3400,138.3500,138.3100,138.3300,2494
2025-01-10 04:52:00,138.3300,138.3300,138.3000,138.3300,3534
2025-01-10 04:53:00,138.3100,138.3300,138.2400,138.2600,3736
2025-01-10 04:54:00,138.2600,138.2800,138.2400,138.2500,1329
2025-01-10 04:55:00,138.2700,138.3300,138.2600,138.3000,3562
2025-01-10 04:56:00,138.3200,138.3200,138.2400,138.2600,3148
2025-01-10 04:57:00,138.2600,138.2900,138.2300,138.2400,3413
2025-01-10 04:58:00,138.2800,138.2900,138.2000,138.2400,5591
2025-01-10 04:59:00,138.2300,138.2300,138.1500,138.1600,4511
2025-01-10 05:00:00,138.1500,138.2000,138.1000,138.1400,9422
2025-01-10 05:01:00,138.1500,138.2400,138.1000,138.2200,8764
2025-01-10 05:02:00,138.2200,138.3000,138.1700,138.1900,5011
2025-01-10 05:03:00,138.1900,138.3000,138.1500,138.2200,10426
2025-01-10 05:04:00,138.2100,138.2100,138.1700,138.1700,2406
2025-01-10 05:05:00,138.1800,138.1900,138.1600,138.1800,961
2025-01-10 05:06:00,138.1800,138.1900,138.1100,138.1300,4008
2025-01-10 05:07:00,138.1200,138.1300,137.9200,137.9500,33683
2025-01-10 05:08:00,137.9600,138.0400,137.9000,138.0000,7543
2025-01-10 05:09:00,138.0000,138.0900,137.9100,138.0900,13377
2025-01-10 05:10:00,138.1000,138.1100,138.0400,138.0600,5231
2025-01-10 05:11:00,138.0700,138.2200,138.0600,138.2000,6741
2025-01-10 05:12:00,138.2000,138.2700,138.1100,138.2700,10023
2025-01-10 05:13:00,138.2600,138.3400,138.2200,138.3400,10391
2025-01-10 05:14:00,138.3200,138.3500,138.2800,138.3300,2949
2025-01-10 05:15:00,138.3300,138.3800,138.3300,138.3500,3844
2025-01-10 05:16:00,138.3500,138.3500,138.2100,138.2700,5120
2025-01-10 05:17:00,138.2700,138.2800,138.2300,138.2800,2018
2025-01-10 05:18:00,138.2800,138.3000,138.2800,138.2800,670
2025-01-10 05:19:00,138.2900,138.3700,138.2700,138.3600,1892
2025-01-10 05:20:00,138.3500,138.3600,138.1800,138.2900,6682
2025-01-10 05:21:00,138.2900,138.3100,138.2700,138.2900,2084
2025-01-10 05:22:00,138.2800,138.3900,138.2700,138.3900,5478
2025-01-10 05:23:00,138.3800,138.3800,138.1100,138.2800,10914
2025-01-10 05:24:00,138.2300,138.4400,138.2300,138.4300,5253
2025-01-10 05:25:00,138.4300,138.4800,138.4300,138.4700,6503
2025-01-10 05:26:00,138.4700,138.5600,138.4600,138.5400,5343
2025-01-10 05:27:00,138.5300,138.5900,138.5100,138.5400,4909
2025-01-10 05:28:00,138.5600,138.5700,138.4600,138.5100,8094
2025-01-10 05:29:00,138.4900,138.5000,138.4600,138.5000,1340
2025-01-10 05:30:00,138.4900,138.6100,138.4900,138.6000,4926
2025-01-10 05:31:00,138.6000,138.6000,138.5100,138.5500,3817
2025-01-10 05:32:00,138.5500,138.5500,138.5100,138.5500,1506
2025-01-10 05:33:00,138.5300,138.5500,138.4800,138.5100,4501
2025-01-10 05:34:00,138.5200,138.5200,138.4500,138.5000,3410
2025-01-10 05:35:00,138.5000,138.6000,138.5000,138.5800,2542
2025-01-10 05:36:00,138.5800,138.6000,138.5600,138.5700,1074
2025-01-10 05:37:00,138.5800,138.6800,138.5700,138.6800,5714
2025-01-10 05:38:00,138.6900,138.7000,138.6400,138.7000,6581
2025-01-10 05:39:00,138.7000,138.7800,138.6800,138.7800,4535
2025-01-10 05:40:00,138.7600,139.1000,138.7600,138.9800,31102
2025-01-10 05:41:00,138.9700,139.1200,138.9100,139.1200,15610
2025-01-10 05:42:00,139.1000,139.1200,138.9700,138.9900,43535
2025-01-10 05:43:00,139.0000,139.1000,138.9200,139.0700,11292
2025-01-10 05:44:00,139.0500,139.1200,139.0500,139.0900,14465
2025-01-10 05:45:00,139.1100,139.1800,139.0900,139.1300,6158
2025-01-10 05:46:00,139.1100,139.1300,139.0300,139.0800,6125
2025-01-10 05:47:00,139.1100,139.1400,139.0800,139.0800,4431
2025-01-10 05:48:00,139.0900,139.1000,139.0400,139.0600,3281
2025-01-10 05:49:00,139.0800,139.0800,139.0200,139.0400,3673
2025-01-10 05:50:00,139.0300,139.0300,138.9000,138.9700,4996
2025-01-10 05:51:00,138.9700,138.9700,138.9300,138.9600,5455
2025-01-10 05:52:00,138.9600,139.0400,138.9500,139.0100,6644
2025-01-10 05:53:00,139.0200,139.0600,139.0100,139.0400,759
2025-01-10 05:54:00,139.0500,139.0500,138.9900,138.9900,3786
2025-01-10 05:55:00,138.9700,139.0000,138.9500,138.9800,2762
2025-01-10 05:56:00,138.9800,138.9800,138.9400,138.9500,723
2025-01-10 05:57:00,138.9500,138.9800,138.9100,138.9500,2366
2025-01-10 05:58:00,138.9400,138.9500,138.8600,138.8800,14091
2025-01-10 05:59:00,138.9000,138.9400,138.3000,138.7900,175542
2025-01-10 06:00:00,138.7600,138.8300,138.3000,138.7900,45530
2025-01-10 06:01:00,138.7800,138.8800,138.7000,138.7500,12535
2025-01-10 06:02:00,138.7300,138.8000,138.7300,138.7700,1728
2025-01-10 06:03:00,138.7700,138.8000,138.7500,138.7800,2729
2025-01-10 06:04:00,138.8200,138.9500,138.8100,138.9000,9906
2025-01-10 06:05:00,138.9100,138.9500,138.8600,138.8600,3471
2025-01-10 06:06:00,138.8800,139.0600,138.8800,139.0000,11191
2025-01-10 06:07:00,139.0000,139.1000,139.0000,139.1000,9361
2025-01-10 06:08:00,139.1000,139.1000,139.0300,139.0700,5347
2025-01-10 06:09:00,139.0800,139.2200,139.0800,139.2100,6443
2025-01-10 06:10:00,139.2200,139.4300,139.2100,139.4000,14717
2025-01-10 06:11:00,139.4200,139.5200,139.4000,139.4300,19929
2025-01-10 06:12:00,139.4300,139.4400,139.3200,139.3400,3322
2025-01-10 06:13:00,139.3500,139.5300,139.3200,139.5200,8494
2025-01-10 06:14:00,139.5200,139.6000,139.4300,139.4500,9052
2025-01-10 06:15:00,139.4500,139.4500,139.3600,139.4400,6832
2025-01-10 06:16:00,139.4300,139.4400,139.2800,139.2800,8429
2025-01-10 06:17:00,139.3000,139.4000,139.3000,139.3900,5103
2025-01-10 06:18:00,139.3900,139.4700,139.3800,139.4100,6684
2025-01-10 06:19:00,139.4200,139.4300,139.3300,139.3400,3100
2025-01-10 06:20:00,139.3500,139.3800,139.2800,139.3200,3749
2025-01-10 06:21:00,139.3000,139.3300,139.2600,139.2900,3568
2025-01-10 06:22:00,139.2800,139.2800,139.1600,139.2200,4635
2025-01-10 06:23:00,139.2000,139.3000,139.1900,139.3000,7997
2025-01-10 06:24:00,139.2800,139.3000,139.2300,139.2500,7246
2025-01-10 06:25:00,139.2700,139.4000,139.2300,139.3600,19545
2025-01-10 06:26:00,139.3500,139.3700,138.9300,139.0500,44246
2025-01-10 06:27:00,139.0400,139.1500,139.0200,139.0900,4205
2025-01-10 06:28:00,139.1200,139.2000,139.0900,139.1900,14714
2025-01-10 06:29:00,139.1800,139.2900,139.1600,139.2900,1313
2025-01-10 06:30:00,139.2600,139.5000,139.1400,139.1800,27850
2025-01-10 06:31:00,139.1900,139.2400,139.0700,139.1300,4477
2025-01-10 06:32:00,139.1300,139.1300,139.0200,139.1300,2793
2025-01-10 06:33:00,139.1300,139.1400,139.0100,139.1100,3051
2025-01-10 06:34:00,139.1400,139.1400,139.0500,139.0900,2779
2025-01-10 06:35:00,139.1100,139.1400,139.0300,139.1000,2352
2025-01-10 06:36:00,139.1400,139.1700,139.1000,139.1700,2070
2025-01-10 06:37:00,139.1700,139.1700,139.1000,139.1200,3949
2025-01-10 06:38:00,139.1000,139.1300,139.1000,139.1000,1364
2025-01-10 06:39:00,139.1000,139.2000,139.1000,139.1800,2752
2025-01-10 06:40:00,139.2000,139.2000,139.1500,139.1800,961
2025-01-10 06:41:00,139.1800,139.2000,139.1200,139.2000,1881
2025-01-10 06:42:00,139.1800,139.3800,139.1800,139.3400,8427
2025-01-10 06:43:00,139.3000,139.3700,139.2500,139.2700,3193
2025-01-10 06:44:00,139.2600,139.3900,139.2100,139.3100,6259
2025-01-10 06:45:00,139.3400,139.3500,139.2200,139.3000,6951
2025-01-10 06:46:00,139.3000,139.3300,139.2900,139.3100,4335
2025-01-10 06:47:00,139.3000,139.3400,139.2900,139.3000,2213
2025-01-10 06:48:00,139.3000,139.3000,139.1800,139.2700,4624
2025-01-10 06:49:00,139.3000,139.3200,139.2400,139.3200,3804
2025-01-10 06:50:00,139.3200,139.3300,139.3000,139.3200,1579
2025-01-10 06:51:00,139.3200,139.3300,139.2400,139.2400,5531
2025-01-10 06:52:00,139.2600,139.2700,139.2200,139.2200,1456
2025-01-10 06:53:00,139.2200,139.2200,139.1200,139.1500,7376
2025-01-10 06:54:00,139.1500,139.2000,139.1300,139.1300,4832
2025-01-10 06:55:00,139.1200,139.2200,139.1200,139.2200,3049
2025-01-10 06:56:00,139.2200,139.2500,139.1800,139.2400,6248
2025-01-10 06:57:00,139.1900,139.2400,139.1200,139.1800,3191
2025-01-10 06:58:00,139.1700,139.1800,139.1400,139.1500,1972
2025-01-10 06:59:00,139.1600,139.1700,139.0600,139.0700,2674
2025-01-10 07:00:00,139.0500,139.1100,138.8000,138.8200,50362
2025-01-10 07:01:00,138.8000,138.8200,138.6300,138.6700,51035
2025-01-10 07:02:00,138.6600,138.6800,138.4300,138.4500,114533
2025-01-10 07:03:00,138.4400,138.5800,138.2400,138.2400,88598
2025-01-10 07:04:00,138.2600,138.2700,137.9800,138.1200,130948
2025-01-10 07:05:00,138.1000,138.1400,137.5000,137.7800,130228
2025-01-10 07:06:00,137.7600,137.8400,137.5000,137.8400,86845
2025-01-10 07:07:00,137.8600,137.9800,137.8000,137.8900,35123
2025-01-10 07:08:00,137.9000,137.9300,137.8000,137.8400,31104
2025-01-10 07:09:00,137.8500,137.9900,137.7900,137.9500,23612
2025-01-10 07:10:00,137.9500,138.2000,137.9300,138.1600,146287
2025-01-10 07:11:00,138.1600,138.2300,138.0200,138.0500,19211
2025-01-10 07:12:00,138.0300,138.0700,137.7200,137.7900,54530
2025-01-10 07:13:00,137.8000,137.9800,137.7800,137.9400,17843
2025-01-10 07:14:00,137.9300,137.9700,137.8200,137.9500,13582
2025-01-10 07:15:00,137.9500,138.1000,137.9500,138.0900,15364
2025-01-10 07:16:00,138.0900,138.1000,137.9100,137.9500,11428
2025-01-10 07:17:00,137.9400,138.1390,137.9400,138.1000,11678
2025-01-10 07:18:00,138.1300,138.1800,138.0500,138.1700,13871
2025-01-10 07:19:00,138.1600,138.1900,138.0400,138.1000,7209
