Datetime,Open,High,Low,Close,Volume
2025-01-02 04:00:00,30.6800,31.0000,30.6800,30.7900,1020
2025-01-02 04:01:00,30.8500,30.9100,30.8500,30.9100,285
2025-01-02 04:02:00,30.8500,30.8900,30.8000,30.8000,1549
2025-01-02 04:03:00,30.8500,30.9000,30.7700,30.8800,1021
2025-01-02 04:04:00,30.8600,30.8800,30.7600,30.8200,4789
2025-01-02 04:05:00,30.7800,30.8600,30.7800,30.8600,14546
2025-01-02 04:06:00,30.8400,30.8400,30.7800,30.8100,541
2025-01-02 04:07:00,30.8900,30.9800,30.8900,30.9000,2086
2025-01-02 04:08:00,30.9500,30.9500,30.8200,30.8200,148
2025-01-02 04:09:00,30.8200,30.8700,30.8100,30.8700,102
2025-01-02 04:10:00,30.8000,30.9700,30.7800,30.8800,2419
2025-01-02 04:11:00,30.9500,30.9900,30.9400,30.9400,1789
2025-01-02 04:12:00,30.9900,31.0000,30.9900,31.0000,70
2025-01-02 04:13:00,31.0000,31.0000,30.9700,30.9700,415
2025-01-02 04:14:00,30.9600,31.0500,30.9600,30.9900,1575
2025-01-02 04:15:00,31.0000,31.0400,30.9200,31.0000,8085
2025-01-02 04:16:00,30.9900,30.9900,30.9400,30.9400,463
2025-01-02 04:17:00,30.9700,30.9800,30.9400,30.9400,884
2025-01-02 04:18:00,30.9800,30.9900,30.9700,30.9800,169
2025-01-02 04:20:00,30.9500,30.9500,30.9500,30.9500,1
2025-01-02 04:21:00,30.9500,30.9500,30.9000,30.9300,202
2025-01-02 04:22:00,30.9100,30.9300,30.9100,30.9200,195
2025-01-02 04:23:00,30.9300,30.9300,30.9300,30.9300,115
2025-01-02 04:24:00,30.9200,30.9200,30.9000,30.9000,20
2025-01-02 04:25:00,30.9000,30.9000,30.8600,30.8900,1263
2025-01-02 04:26:00,30.8300,30.8600,30.8300,30.8300,203
2025-01-02 04:27:00,30.8600,30.8600,30.8500,30.8600,169
2025-01-02 04:28:00,30.8500,30.8600,30.8500,30.8600,30
2025-01-02 04:29:00,30.8600,30.8600,30.8200,30.8300,1134
2025-01-02 04:30:00,30.8100,30.8300,30.8000,30.8000,520
2025-01-02 04:31:00,30.8000,30.8200,30.8000,30.8000,3133
2025-01-02 04:32:00,30.8100,30.8600,30.8100,30.8600,3176
2025-01-02 04:33:00,30.8300,30.8400,30.8300,30.8400,172
2025-01-02 04:35:00,30.8600,30.8700,30.8600,30.8700,643
2025-01-02 04:36:00,30.8700,30.8700,30.8600,30.8600,363
2025-01-02 04:37:00,30.8400,30.8900,30.8400,30.8800,157
2025-01-02 04:38:00,30.8800,30.8800,30.8300,30.8400,268
2025-01-02 04:39:00,30.8400,30.8500,30.8400,30.8500,101
2025-01-02 04:40:00,30.8400,30.8400,30.8300,30.8300,157
2025-01-02 04:41:00,30.8300,30.8400,30.8300,30.8400,2094
2025-01-02 04:42:00,30.8600,30.8900,30.8600,30.8900,583
2025-01-02 04:43:00,30.8900,30.8900,30.8900,30.8900,150
2025-01-02 04:44:00,30.9000,30.9400,30.9000,30.9400,382
2025-01-02 04:45:00,30.9000,30.9000,30.9000,30.9000,302
2025-01-02 04:46:00,30.9000,30.9300,30.9000,30.9300,1000
2025-01-02 04:47:00,30.9100,30.9100,30.9100,30.9100,50
2025-01-02 04:48:00,30.9100,30.9100,30.8800,30.9000,263
2025-01-02 04:49:00,30.9000,30.9000,30.8800,30.8900,225
2025-01-02 04:50:00,30.8900,30.8900,30.8900,30.8900,126
2025-01-02 04:51:00,30.8900,30.8900,30.8600,30.8600,446
2025-01-02 04:52:00,30.8800,30.8900,30.8800,30.8900,37
2025-01-02 04:53:00,30.8800,30.8800,30.8400,30.8500,921
2025-01-02 04:54:00,30.8500,30.8500,30.8500,30.8500,6
2025-01-02 04:55:00,30.8500,30.8500,30.8500,30.8500,9
2025-01-02 04:57:00,30.8500,30.8500,30.8300,30.8300,3
2025-01-02 04:58:00,30.8300,30.8500,30.8300,30.8500,4797
2025-01-02 04:59:00,30.8500,30.8700,30.8500,30.8600,829
2025-01-02 05:00:00,30.9000,30.9200,30.8900,30.9200,346
2025-01-02 05:01:00,30.9200,30.9200,30.9100,30.9100,645
2025-01-02 05:02:00,30.9200,30.9400,30.9100,30.9400,1435
2025-01-02 05:03:00,30.9200,30.9200,30.9200,30.9200,83
2025-01-02 05:04:00,30.9200,30.9200,30.9200,30.9200,150
2025-01-02 05:05:00,30.9200,30.9200,30.9200,30.9200,5
2025-01-02 05:06:00,30.9200,30.9200,30.8800,30.8900,1956
2025-01-02 05:07:00,30.8500,30.8500,30.8500,30.8500,5
2025-01-02 05:08:00,30.8700,30.8900,30.8700,30.8900,1025
2025-01-02 05:09:00,30.8600,30.8800,30.8500,30.8800,1100
2025-01-02 05:10:00,30.8800,30.9300,30.8800,30.9300,1960
2025-01-02 05:11:00,30.9300,30.9300,30.8900,30.8900,300
2025-01-02 05:13:00,30.9400,30.9400,30.9400,30.9400,5
2025-01-02 05:14:00,30.9400,30.9400,30.9100,30.9200,173
2025-01-02 05:16:00,30.8800,30.8800,30.8800,30.8800,105
2025-01-02 05:17:00,30.9000,30.9000,30.8900,30.8900,928
2025-01-02 05:18:00,30.9100,30.9100,30.9100,30.9100,150
2025-01-02 05:19:00,30.9200,31.0000,30.9200,30.9900,3157
2025-01-02 05:20:00,30.9600,30.9800,30.9600,30.9800,140
2025-01-02 05:21:00,30.9500,30.9800,30.9500,30.9700,1739
2025-01-02 05:22:00,30.9700,30.9900,30.9700,30.9900,351
2025-01-02 05:23:00,30.9900,30.9900,30.9900,30.9900,459
2025-01-02 05:24:00,30.9900,30.9900,30.9400,30.9400,20
2025-01-02 05:25:00,30.9900,30.9900,30.9900,30.9900,100
2025-01-02 05:26:00,30.9900,30.9900,30.9500,30.9500,416
2025-01-02 05:28:00,30.9900,31.0500,30.9900,31.0000,2850
2025-01-02 05:29:00,31.0000,31.0000,31.0000,31.0000,1
2025-01-02 05:30:00,31.0200,31.0200,31.0200,31.0200,25
2025-01-02 05:31:00,31.0200,31.0200,31.0200,31.0200,11
2025-01-02 05:32:00,31.0200,31.0200,31.0200,31.0200,1
2025-01-02 05:33:00,31.0200,31.0400,31.0200,31.0200,607
2025-01-02 05:34:00,31.0400,31.0400,31.0300,31.0300,1401
2025-01-02 05:35:00,31.0400,31.1200,31.0400,31.1000,4377
2025-01-02 05:36:00,31.1100,31.1100,31.1000,31.1000,135
2025-01-02 05:37:00,31.1200,31.1200,31.1100,31.1100,701
2025-01-02 05:38:00,31.1100,31.1100,31.0800,31.0800,1444
2025-01-02 05:39:00,31.0800,31.0800,30.9500,30.9500,11897
2025-01-02 05:40:00,30.9500,31.0200,30.9300,31.0200,9938
2025-01-02 05:41:00,31.0200,31.0200,30.8800,30.9000,12268
2025-01-02 05:42:00,30.9900,30.9900,30.9500,30.9500,106
2025-01-02 05:44:00,30.9600,30.9600,30.9600,30.9600,50
2025-01-02 05:45:00,30.9900,30.9900,30.9700,30.9700,300
2025-01-02 05:46:00,30.9100,30.9100,30.9100,30.9100,10
2025-01-02 05:48:00,30.9100,30.9100,30.8800,30.8800,2284
2025-01-02 05:49:00,30.9600,30.9600,30.9000,30.9000,34
2025-01-02 05:50:00,30.9700,30.9700,30.9700,30.9700,45
2025-01-02 05:51:00,30.9000,30.9000,30.9000,30.9000,120
2025-01-02 05:52:00,30.9000,30.9800,30.9000,30.9700,8994
2025-01-02 05:53:00,30.9700,30.9800,30.9700,30.9700,686
2025-01-02 05:54:00,30.9700,30.9700,30.9500,30.9500,101
2025-01-02 05:55:00,30.9500,30.9500,30.9500,30.9500,1
2025-01-02 05:56:00,30.9700,30.9700,30.9700,30.9700,40
2025-01-02 05:57:00,30.9700,31.0400,30.9700,31.0000,2053
2025-01-02 05:58:00,31.0000,31.0000,31.0000,31.0000,12
2025-01-02 05:59:00,30.9600,31.0000,30.9600,31.0000,124
2025-01-02 06:00:00,30.9900,30.9900,30.9000,30.9000,1583
2025-01-02 06:01:00,30.9700,30.9800,30.9600,30.9800,630
2025-01-02 06:02:00,30.9800,30.9800,30.9800,30.9800,100
2025-01-02 06:04:00,30.9300,30.9700,30.9300,30.9700,228
2025-01-02 06:05:00,30.9300,30.9300,30.9300,30.9300,110
2025-01-02 06:06:00,30.9300,30.9600,30.9100,30.9600,84
2025-01-02 06:07:00,30.9300,30.9800,30.9300,30.9800,7
2025-01-02 06:08:00,30.9700,30.9800,30.9700,30.9800,2
2025-01-02 06:09:00,30.9300,30.9800,30.9300,30.9700,25
2025-01-02 06:10:00,30.9400,30.9400,30.9300,30.9300,68
2025-01-02 06:11:00,30.9300,30.9300,30.9300,30.9300,32
2025-01-02 06:12:00,30.9400,30.9400,30.9400,30.9400,10
2025-01-02 06:14:00,30.9400,30.9400,30.9400,30.9400,2
2025-01-02 06:17:00,30.9700,31.0000,30.9700,31.0000,225
2025-01-02 06:18:00,31.0000,31.0000,30.9800,30.9900,202
2025-01-02 06:19:00,30.9800,30.9800,30.9400,30.9400,301
2025-01-02 06:20:00,30.9700,30.9700,30.9700,30.9700,30
2025-01-02 06:21:00,30.9600,30.9600,30.9600,30.9600,2
2025-01-02 06:22:00,30.9700,30.9700,30.9200,30.9400,383
2025-01-02 06:23:00,30.9200,30.9200,30.9200,30.9200,17
2025-01-02 06:24:00,30.9300,30.9300,30.9300,30.9300,1
2025-01-02 06:26:00,30.9200,30.9300,30.9200,30.9300,441
2025-01-02 06:28:00,30.9400,30.9500,30.9400,30.9500,844
2025-01-02 06:30:00,30.9400,30.9400,30.8700,30.8900,1765
2025-01-02 06:31:00,30.8900,30.9000,30.8700,30.8800,1116
2025-01-02 06:33:00,30.9200,30.9200,30.8900,30.8900,22
2025-01-02 06:34:00,30.8900,30.8900,30.8900,30.8900,627
2025-01-02 06:35:00,30.8900,30.8900,30.8000,30.8300,3058
2025-01-02 06:36:00,30.8600,30.8600,30.8600,30.8600,16
2025-01-02 06:37:00,30.8300,30.8700,30.8200,30.8600,3997
2025-01-02 06:38:00,30.8500,30.8600,30.8500,30.8600,393
2025-01-02 06:39:00,30.8500,30.8500,30.8500,30.8500,250
2025-01-02 06:40:00,30.8400,30.8600,30.8400,30.8500,566
2025-01-02 06:41:00,30.8500,30.8700,30.8400,30.8600,9398
2025-01-02 06:42:00,30.8500,30.8500,30.5500,30.6900,15661
2025-01-02 06:43:00,30.7000,30.7400,30.7000,30.7000,3404
2025-01-02 06:44:00,30.7300,30.8000,30.7300,30.7900,3009
2025-01-02 06:45:00,30.7700,30.7700,30.6900,30.7200,4541
2025-01-02 06:47:00,30.7900,30.8000,30.7900,30.8000,500
2025-01-02 06:48:00,30.7900,30.8100,30.7800,30.7900,1114
2025-01-02 06:49:00,30.8000,30.8000,30.7900,30.7900,219
2025-01-02 06:50:00,30.8100,30.8100,30.7700,30.7700,457
2025-01-02 06:51:00,30.7600,30.7700,30.7400,30.7400,853
2025-01-02 06:52:00,30.7800,30.8100,30.7600,30.7600,1056
2025-01-02 06:53:00,30.7900,30.7900,30.7600,30.7600,40
2025-01-02 06:54:00,30.7900,30.7900,30.7500,30.7800,320
2025-01-02 06:55:00,30.7900,30.7900,30.7900,30.7900,17
2025-01-02 06:56:00,30.7800,30.7900,30.7800,30.7900,1000
2025-01-02 06:57:00,30.7600,30.7600,30.7500,30.7500,1002
2025-01-02 06:58:00,30.7500,30.7600,30.7500,30.7600,401
2025-01-02 06:59:00,30.7500,30.8600,30.7500,30.8100,1285
2025-01-02 07:00:00,30.7800,30.8600,30.7800,30.8000,5311
2025-01-02 07:01:00,30.8200,30.8500,30.8200,30.8500,3931
2025-01-02 07:02:00,30.8400,30.8500,30.8100,30.8200,289
2025-01-02 07:03:00,30.8300,30.9300,30.8300,30.9000,28834
2025-01-02 07:04:00,30.9100,30.9100,30.8600,30.8700,1524
2025-01-02 07:05:00,30.8500,30.8500,30.8500,30.8500,50
2025-01-02 07:06:00,30.8600,30.8600,30.8500,30.8600,563
2025-01-02 07:07:00,30.8600,30.8600,30.8500,30.8600,545
2025-01-02 07:08:00,30.8500,30.8500,30.8500,30.8500,536
2025-01-02 07:09:00,30.8600,30.8600,30.8600,30.8600,915
2025-01-02 07:10:00,30.8600,30.8900,30.8600,30.8900,915
2025-01-02 07:11:00,30.8800,30.8800,30.8400,30.8400,566
2025-01-02 07:12:00,30.8700,30.8700,30.8400,30.8400,66
2025-01-02 07:13:00,30.8600,30.8600,30.8200,30.8300,1800
2025-01-02 07:14:00,30.8600,30.8700,30.8400,30.8700,330
2025-01-02 07:15:00,30.8800,30.8900,30.8800,30.8800,16
2025-01-02 07:16:00,30.8900,30.8900,30.8900,30.8900,56
2025-01-02 07:17:00,30.8900,30.9100,30.8900,30.9000,3412
2025-01-02 07:18:00,30.9400,30.9500,30.9000,30.9500,755
2025-01-02 07:19:00,30.9400,30.9400,30.9100,30.9400,209
2025-01-02 07:20:00,30.9400,30.9400,30.9000,30.9400,330
2025-01-02 07:21:00,30.9500,30.9500,30.9400,30.9500,637
2025-01-02 07:22:00,30.9300,30.9400,30.9300,30.9400,218
2025-01-02 07:23:00,30.9400,30.9400,30.9000,30.9000,1763
2025-01-02 07:24:00,30.8500,30.9000,30.8500,30.9000,121
2025-01-02 07:25:00,30.8600,30.8800,30.8500,30.8500,1352
2025-01-02 07:26:00,30.8400,30.8700,30.8400,30.8400,81
2025-01-02 07:27:00,30.8700,30.8800,30.8500,30.8800,4228
2025-01-02 07:28:00,30.8800,30.9200,30.8800,30.9200,565
2025-01-02 07:29:00,30.8500,30.8900,30.8500,30.8900,17
2025-01-02 07:30:00,30.9000,30.9200,30.9000,30.9000,99
2025-01-02 07:31:00,30.9200,30.9300,30.9000,30.9000,4425
2025-01-02 07:32:00,30.9300,30.9400,30.9000,30.9200,968
2025-01-02 07:33:00,30.9300,30.9300,30.9000,30.9000,182
2025-01-02 07:34:00,30.9300,30.9300,30.8900,30.8900,1623
2025-01-02 07:35:00,30.8700,30.8900,30.8700,30.8900,565
2025-01-02 07:36:00,30.8600,30.9400,30.8600,30.9400,1131
2025-01-02 07:37:00,30.9200,30.9200,30.9200,30.9200,158
2025-01-02 07:38:00,30.9200,30.9200,30.9100,30.9200,318
2025-01-02 07:39:00,30.9100,30.9100,30.9000,30.9000,355
2025-01-02 07:40:00,30.9200,30.9400,30.9200,30.9300,877
2025-01-02 07:41:00,30.9300,30.9300,30.8700,30.8700,4240
2025-01-02 07:42:00,30.8700,30.8700,30.8200,30.8200,4299
2025-01-02 07:43:00,30.8400,30.8400,30.8100,30.8100,321
2025-01-02 07:44:00,30.8200,30.8200,30.8000,30.8100,2183
2025-01-02 07:46:00,30.8200,30.8200,30.7300,30.7300,11712
2025-01-02 07:47:00,30.7500,30.8100,30.7500,30.8000,963
2025-01-02 07:49:00,30.8100,30.8100,30.8000,30.8000,14
2025-01-02 07:50:00,30.7700,30.7800,30.7500,30.7600,9240
2025-01-02 07:51:00,30.8000,30.8000,30.8000,30.8000,31
2025-01-02 07:52:00,30.7800,30.7800,30.7800,30.7800,90
2025-01-02 07:53:00,30.7700,30.7800,30.7700,30.7800,401
2025-01-02 07:54:00,30.8300,30.8500,30.8300,30.8500,241
2025-01-02 07:55:00,30.8500,30.8500,30.8500,30.8500,100
2025-01-02 07:57:00,30.8400,30.8500,30.8400,30.8500,256
2025-01-02 07:58:00,30.8500,30.8500,30.8500,30.8500,6
2025-01-02 07:59:00,30.8500,30.8700,30.8500,30.8600,1123
2025-01-02 08:00:00,30.8500,31.0500,30.5900,30.8612,128119
2025-01-02 08:01:00,30.9476,30.9476,30.6800,30.8018,2278
2025-01-02 08:02:00,30.9000,30.9000,30.8000,30.8999,2771
2025-01-02 08:03:00,30.8950,30.8999,30.8000,30.8400,2003
2025-01-02 08:04:00,30.8499,30.8500,30.8004,30.8400,3476
2025-01-02 08:05:00,30.8500,30.8500,30.8008,30.8200,135
2025-01-02 08:06:00,30.8200,30.8999,30.8000,30.8800,15366
2025-01-02 08:07:00,30.8000,30.9000,30.8000,30.8300,326
2025-01-02 08:08:00,30.8100,30.8500,30.8100,30.8100,991
2025-01-02 08:09:00,30.8100,30.8300,30.7500,30.7975,4351
2025-01-02 08:10:00,30.7504,30.8000,30.7504,30.7800,3683
2025-01-02 08:11:00,30.7501,30.8300,30.7501,30.7800,5958
2025-01-02 08:12:00,30.8400,30.8400,30.7900,30.8000,124
2025-01-02 08:13:00,30.7618,30.8000,30.7618,30.8000,1605
2025-01-02 08:14:00,30.8000,30.8000,30.7705,30.7800,482
2025-01-02 08:15:00,30.8000,30.8000,30.7719,30.8000,827
2025-01-02 08:17:00,30.7800,30.7992,30.7400,30.7600,2628
2025-01-02 08:18:00,30.7600,30.8000,30.7300,30.8000,622
2025-01-02 08:19:00,30.8000,30.8000,30.7300,30.7300,395
2025-01-02 08:20:00,30.7800,30.7800,30.7540,30.7800,128
2025-01-02 08:21:00,30.7999,30.8000,30.7500,30.7999,1541
2025-01-02 08:22:00,30.7800,30.8000,30.7701,30.7800,1054
2025-01-02 08:23:00,30.7800,30.8000,30.7800,30.7800,631
2025-01-02 08:24:00,30.7995,30.7995,30.7700,30.7700,687
2025-01-02 08:25:00,30.8000,30.8000,30.7100,30.7700,5768
2025-01-02 08:26:00,30.7600,30.8000,30.7500,30.8000,3344
2025-01-02 08:27:00,30.7600,30.8000,30.7501,30.8000,6410
2025-01-02 08:28:00,30.7511,30.8000,30.7500,30.8000,930
2025-01-02 08:29:00,30.7700,30.7900,30.7512,30.7600,1020
2025-01-02 08:30:00,30.8000,30.8000,30.7500,30.7500,7
2025-01-02 08:31:00,30.7940,30.7940,30.7500,30.7900,831
2025-01-02 08:32:00,30.7900,30.8000,30.7700,30.7900,547
2025-01-02 08:33:00,30.7999,30.8300,30.7800,30.8000,8742
2025-01-02 08:34:00,30.8500,30.9200,30.8000,30.9000,4436
2025-01-02 08:35:00,30.9000,30.9300,30.8160,30.9100,1114
2025-01-02 08:36:00,30.8101,30.9400,30.8101,30.9400,1780
2025-01-02 08:37:00,30.8105,30.9000,30.8105,30.8300,641
2025-01-02 08:38:00,30.8700,30.9400,30.8314,30.9399,5832
2025-01-02 08:39:00,30.9200,30.9500,30.8900,30.9100,2947
2025-01-02 08:40:00,30.8900,30.9000,30.8300,30.8309,1645
2025-01-02 08:41:00,30.8400,30.8700,30.8400,30.8700,703
2025-01-02 08:42:00,30.8800,30.9400,30.8700,30.9393,6838
2025-01-02 08:43:00,30.9200,30.9500,30.8501,30.9200,2213
2025-01-02 08:44:00,30.9200,30.9800,30.9200,30.9800,3954
2025-01-02 08:45:00,30.9900,31.0000,30.9600,30.9600,3409
2025-01-02 08:46:00,30.9900,30.9900,30.9000,30.9000,3432
2025-01-02 08:47:00,30.9600,30.9600,30.8300,30.9100,187
2025-01-02 08:48:00,30.9200,30.9200,30.8300,30.9200,96
2025-01-02 08:49:00,30.9195,30.9200,30.8900,30.9100,1238
2025-01-02 08:50:00,30.9193,30.9200,30.8800,30.8900,821
2025-01-02 08:51:00,30.4800,30.9200,30.4800,30.9000,5714
2025-01-02 08:52:00,30.8996,30.9000,30.8400,30.8900,2356
2025-01-02 08:53:00,30.8900,30.8900,30.8407,30.8407,482
2025-01-02 08:54:00,30.8886,30.8886,30.8886,30.8886,400
2025-01-02 08:55:00,30.8800,30.8900,30.8700,30.8700,677
2025-01-02 08:56:00,30.8799,30.8900,30.8400,30.8900,1393
2025-01-02 08:57:00,30.8900,30.9100,30.8706,30.8900,1567
2025-01-02 08:58:00,30.8900,30.9000,30.8800,30.9000,1697
2025-01-02 08:59:00,30.8800,30.8985,30.8800,30.8900,503
2025-01-02 09:00:00,30.9000,30.9000,30.8300,30.8500,3795
2025-01-02 09:01:00,30.8100,30.8500,30.7600,30.7700,3535
2025-01-02 09:02:00,30.7800,30.8000,30.7000,30.7000,6348
2025-01-02 09:03:00,30.7500,30.7500,30.7000,30.7200,9186
2025-01-02 09:04:00,30.7200,30.7200,30.6600,30.6800,7001
2025-01-02 09:05:00,30.6800,30.7500,30.6604,30.7300,8507
2025-01-02 09:06:00,30.7008,30.7800,30.7000,30.7800,1915
2025-01-02 09:07:00,30.7800,30.8000,30.7400,30.8000,3936
2025-01-02 09:08:00,30.8899,30.8899,30.7809,30.8200,4227
2025-01-02 09:09:00,30.8898,30.9000,30.6800,30.8700,20054
2025-01-02 09:10:00,30.9000,30.9000,30.6900,30.7500,3469
2025-01-02 09:11:00,30.7000,30.9000,30.6940,30.8000,1606
2025-01-02 09:12:00,30.8000,30.8400,30.8000,30.8100,1528
2025-01-02 09:13:00,30.8000,30.8400,30.6900,30.8399,5345
2025-01-02 09:14:00,30.7202,30.7900,30.7202,30.7500,246
2025-01-02 09:15:00,30.8300,30.8500,30.7200,30.7200,240
2025-01-02 09:16:00,30.9000,30.9000,30.7700,30.9000,4172
2025-01-02 09:17:00,30.8910,30.9000,30.8900,30.9000,1470
2025-01-02 09:18:00,30.8200,30.9000,30.8200,30.9000,367
2025-01-02 09:19:00,30.8200,30.9000,30.8000,30.8300,632
2025-01-02 09:20:00,30.8500,30.8967,30.8100,30.8100,291
2025-01-02 09:21:00,30.8700,30.8700,30.8400,30.8600,6417
2025-01-02 09:22:00,30.8200,30.8600,30.8100,30.8200,526
2025-01-02 09:23:00,30.8200,30.8500,30.8000,30.8100,2563
2025-01-02 09:24:00,30.8060,30.9000,30.7400,30.9000,5263
2025-01-02 09:25:00,30.8200,30.9000,30.6800,30.9000,6910
2025-01-02 09:26:00,30.7719,30.9000,30.7700,30.8900,2048
2025-01-02 09:27:00,30.8000,30.9700,30.7600,30.9000,18048
2025-01-02 09:28:00,30.8980,30.9600,30.7900,30.9000,3364
2025-01-02 09:29:00,30.8400,30.9700,30.8100,30.9700,3727
2025-01-02 09:30:00,30.9700,31.3000,30.8800,31.3000,491059
2025-01-02 09:31:00,31.3000,31.3900,31.0500,31.2350,309412
2025-01-02 09:32:00,31.2700,31.3500,31.1500,31.2600,181689
2025-01-02 09:33:00,31.2165,31.2500,31.0200,31.0700,95441
2025-01-02 09:34:00,31.0537,31.2200,30.9000,30.9200,163949
2025-01-02 09:35:00,30.9201,30.9600,30.6300,30.6450,188297
2025-01-02 09:36:00,30.6337,30.7900,30.6200,30.6750,140969
2025-01-02 09:37:00,30.6750,30.7100,30.5400,30.5600,104043
2025-01-02 09:38:00,30.5400,30.7500,30.5148,30.6900,132859
2025-01-02 09:39:00,30.6707,30.7200,30.6200,30.6500,65468
2025-01-02 09:40:00,30.6300,30.7200,30.5700,30.7198,75950
2025-01-02 09:41:00,30.7200,30.8000,30.7020,30.7700,115361
2025-01-02 09:42:00,30.7700,30.8800,30.7200,30.8095,153114
2025-01-02 09:43:00,30.7900,30.8678,30.7900,30.8092,118003
2025-01-02 09:44:00,30.8000,31.0200,30.8000,31.0200,110456
2025-01-02 09:45:00,31.0100,31.0478,30.9600,30.9800,88248
2025-01-02 09:46:00,30.9720,31.0900,30.9600,31.0300,104768
2025-01-02 09:47:00,31.0400,31.0800,30.9800,31.0300,81796
2025-01-02 09:48:00,31.0300,31.0600,30.9100,30.9620,92705
2025-01-02 09:49:00,30.9524,31.0000,30.8500,30.9800,65800
2025-01-02 09:50:00,30.9900,31.0700,30.9752,30.9830,109329
2025-01-02 09:51:00,30.9700,30.9900,30.9300,30.9400,52596
2025-01-02 09:52:00,30.9500,30.9800,30.8600,30.8631,42840
2025-01-02 09:53:00,30.8600,30.9250,30.8600,30.9100,70905
2025-01-02 09:54:00,30.9050,30.9600,30.8300,30.9500,82253
2025-01-02 09:55:00,30.9400,30.9650,30.9000,30.9000,50330
2025-01-02 09:56:00,30.8950,30.9700,30.8800,30.8900,68633
2025-01-02 09:57:00,30.8900,30.9600,30.8300,30.8438,51976
2025-01-02 09:58:00,30.8500,30.9200,30.7500,30.8500,236728
2025-01-02 09:59:00,30.8400,30.9500,30.8200,30.9200,68253
2025-01-02 10:00:00,30.9200,30.9900,30.8900,30.9200,71290
2025-01-02 10:01:00,30.9250,30.9700,30.8400,30.9676,44797
2025-01-02 10:02:00,30.9699,31.0500,30.9570,31.0400,123919
2025-01-02 10:03:00,31.0400,31.1500,31.0350,31.0490,129033
2025-01-02 10:04:00,31.0446,31.1400,31.0401,31.1400,74607
2025-01-02 10:05:00,31.1400,31.2500,31.1200,31.1950,225661
2025-01-02 10:06:00,31.2000,31.2400,31.0300,31.0503,160677
2025-01-02 10:07:00,31.0526,31.1400,30.9399,30.9700,109166
2025-01-02 10:08:00,30.9700,31.0900,30.9200,31.0897,46988
2025-01-02 10:09:00,31.0800,31.1950,31.0200,31.1900,71972
2025-01-02 10:10:00,31.2000,31.2000,31.0600,31.0928,111081
2025-01-02 10:11:00,31.0900,31.1900,31.0200,31.1900,78368
2025-01-02 10:12:00,31.1900,31.2500,31.1300,31.2400,122534
2025-01-02 10:13:00,31.2400,31.2500,31.1260,31.1808,116991
2025-01-02 10:14:00,31.1700,31.1900,31.1500,31.1600,54022
2025-01-02 10:15:00,31.1600,31.1800,31.1000,31.1700,57968
2025-01-02 10:16:00,31.1700,31.2600,31.1700,31.2600,76387
2025-01-02 10:17:00,31.2500,31.2570,31.1300,31.1300,87097
2025-01-02 10:18:00,31.1400,31.1600,31.0700,31.1276,77968
2025-01-02 10:19:00,31.1200,31.1200,31.0200,31.0300,91238
2025-01-02 10:20:00,31.0308,31.1000,30.9300,30.9500,109419
2025-01-02 10:21:00,30.9500,30.9600,30.8700,30.8900,112273
2025-01-02 10:22:00,30.8801,30.9200,30.8000,30.8299,89998
2025-01-02 10:23:00,30.8300,30.8300,30.7400,30.7900,73405
2025-01-02 10:24:00,30.7817,30.8300,30.7401,30.8048,83924
2025-01-02 10:25:00,30.8040,30.9400,30.7900,30.9150,52525
2025-01-02 10:26:00,30.9100,30.9708,30.8800,30.9045,61996
2025-01-02 10:27:00,30.9100,30.9300,30.8500,30.8700,44942
2025-01-02 10:28:00,30.8700,30.8750,30.7500,30.7650,53043
2025-01-02 10:29:00,30.7600,30.8400,30.7400,30.8400,61858
2025-01-02 10:30:00,30.8300,30.8900,30.8200,30.8200,29229
2025-01-02 10:31:00,30.8101,30.8101,30.6600,30.6860,76278
2025-01-02 10:32:00,30.6700,30.7900,30.6700,30.7800,42693
2025-01-02 10:33:00,30.7720,30.8000,30.7321,30.7321,55467
2025-01-02 10:34:00,30.7400,30.8125,30.7200,30.7450,57588
2025-01-02 10:35:00,30.7500,30.7500,30.6284,30.7000,67196
2025-01-02 10:36:00,30.7000,30.7600,30.6916,30.7100,33777
2025-01-02 10:37:00,30.7300,30.8100,30.7285,30.7600,55506
2025-01-02 10:38:00,30.7700,30.7800,30.7200,30.7350,26591
2025-01-02 10:39:00,30.7300,30.7300,30.6200,30.6300,49403
2025-01-02 10:40:00,30.6300,30.6900,30.6200,30.6400,50301
2025-01-02 10:41:00,30.6441,30.7300,30.6000,30.7100,62010
2025-01-02 10:42:00,30.7100,30.7500,30.6800,30.7200,35976
2025-01-02 10:43:00,30.7100,30.7300,30.6400,30.6600,36238
2025-01-02 10:44:00,30.6301,30.7400,30.6300,30.7200,51636
2025-01-02 10:45:00,30.7200,30.7700,30.6701,30.7500,39298
2025-01-02 10:46:00,30.7500,30.7900,30.7350,30.7516,61570
2025-01-02 10:47:00,30.7500,30.7850,30.7300,30.7701,83425
2025-01-02 10:48:00,30.7799,30.8450,30.7799,30.8400,65292
2025-01-02 10:49:00,30.8300,30.9300,30.8205,30.9300,41692
2025-01-02 10:50:00,30.9290,30.9400,30.8800,30.9400,44063
2025-01-02 10:51:00,30.9201,30.9500,30.9000,30.9100,44099
2025-01-02 10:52:00,30.9100,30.9400,30.8900,30.9050,21218
2025-01-02 10:53:00,30.8900,30.9000,30.7700,30.8284,71839
2025-01-02 10:54:00,30.8300,30.9100,30.8147,30.9011,26988
2025-01-02 10:55:00,30.9100,30.9200,30.8410,30.8588,28941
2025-01-02 10:56:00,30.8500,30.8500,30.8200,30.8300,24766
2025-01-02 10:57:00,30.8300,30.8400,30.8100,30.8300,21539
2025-01-02 10:58:00,30.8300,30.8300,30.7800,30.7900,20272
2025-01-02 10:59:00,30.7800,30.7812,30.7500,30.7746,33734
2025-01-02 11:00:00,30.7700,30.7800,30.7050,30.7550,38477
2025-01-02 11:01:00,30.7550,30.7700,30.7100,30.7700,22049
2025-01-02 11:02:00,30.7700,30.7900,30.6800,30.7062,38061
2025-01-02 11:03:00,30.6950,30.7300,30.6600,30.6650,38011
2025-01-02 11:04:00,30.6650,30.6800,30.6100,30.6508,58818
2025-01-02 11:05:00,30.6599,30.7000,30.6500,30.7000,22837
2025-01-02 11:06:00,30.7000,30.7498,30.6800,30.7400,26579
2025-01-02 11:07:00,30.7500,30.7600,30.7057,30.7400,19844
2025-01-02 11:08:00,30.7500,30.8000,30.7500,30.7500,39941
2025-01-02 11:09:00,30.7585,30.7600,30.7200,30.7242,37532
2025-01-02 11:10:00,30.7300,30.7413,30.6801,30.7100,33312
2025-01-02 11:11:00,30.7199,30.7408,30.6900,30.7400,25053
2025-01-02 11:12:00,30.7400,30.7400,30.6600,30.6700,13783
2025-01-02 11:13:00,30.6700,30.6871,30.6550,30.6800,18847
2025-01-02 11:14:00,30.6858,30.7400,30.6858,30.7200,30391
2025-01-02 11:15:00,30.7100,30.7299,30.6800,30.7000,16980
2025-01-02 11:16:00,30.6800,30.7400,30.6600,30.7270,66112
2025-01-02 11:17:00,30.7300,30.7465,30.6800,30.7465,33392
2025-01-02 11:18:00,30.7300,30.7400,30.6900,30.7099,30498
2025-01-02 11:19:00,30.7100,30.7250,30.6750,30.7200,23693
2025-01-02 11:20:00,30.7200,30.7700,30.6792,30.6870,74916
2025-01-02 11:21:00,30.6800,30.6900,30.6400,30.6800,34091
2025-01-02 11:22:00,30.6800,30.7400,30.6700,30.7100,30788
2025-01-02 11:23:00,30.7200,30.7500,30.6900,30.7500,29575
2025-01-02 11:24:00,30.7500,30.8600,30.7500,30.8553,69812
2025-01-02 11:25:00,30.8450,30.8499,30.7800,30.7884,38185
2025-01-02 11:26:00,30.7800,30.7900,30.7300,30.7900,25725
2025-01-02 11:27:00,30.7900,30.7900,30.7500,30.7700,28892
2025-01-02 11:28:00,30.7700,30.7800,30.7500,30.7800,17485
2025-01-02 11:29:00,30.7600,30.7600,30.7300,30.7400,17621
2025-01-02 11:30:00,30.7389,30.7400,30.6800,30.6800,39029
2025-01-02 11:31:00,30.6885,30.6885,30.6100,30.6390,45784
2025-01-02 11:32:00,30.6289,30.6400,30.5600,30.5800,56542
2025-01-02 11:33:00,30.5800,30.5900,30.5100,30.5700,121625
2025-01-02 11:34:00,30.5700,30.6200,30.5500,30.6140,45618
2025-01-02 11:35:00,30.6000,30.6700,30.5950,30.6540,42112
2025-01-02 11:36:00,30.6500,30.6500,30.6000,30.6400,45272
2025-01-02 11:37:00,30.6200,30.6299,30.5700,30.6200,61662
2025-01-02 11:38:00,30.6092,30.6200,30.5800,30.5816,24620
2025-01-02 11:39:00,30.5900,30.6700,30.5800,30.6000,49111
2025-01-02 11:40:00,30.6000,30.6900,30.5800,30.6850,37114
2025-01-02 11:41:00,30.6810,30.7253,30.6800,30.7038,41341
2025-01-02 11:42:00,30.7000,30.7350,30.6900,30.7350,44016
2025-01-02 11:43:00,30.7350,30.7350,30.6700,30.6761,30883
2025-01-02 11:44:00,30.6784,30.6900,30.6500,30.6870,30225
2025-01-02 11:45:00,30.6750,30.7000,30.6601,30.6950,17857
2025-01-02 11:46:00,30.6900,30.7176,30.6613,30.7100,39406
2025-01-02 11:47:00,30.7100,30.7100,30.6640,30.7000,17688
2025-01-02 11:48:00,30.6901,30.7380,30.6700,30.7300,27254
2025-01-02 11:49:00,30.7400,30.7700,30.7400,30.7580,17412
2025-01-02 11:50:00,30.7595,30.7620,30.7300,30.7600,22406
2025-01-02 11:51:00,30.7500,30.8100,30.7500,30.7900,34210
2025-01-02 11:52:00,30.7801,30.8150,30.7600,30.7611,48864
2025-01-02 11:53:00,30.7711,30.7800,30.7300,30.7600,33411
2025-01-02 11:54:00,30.7600,30.7650,30.6600,30.6746,38074
2025-01-02 11:55:00,30.6700,30.7100,30.6700,30.7100,16715
2025-01-02 11:56:00,30.6847,30.7192,30.6847,30.7112,10766
2025-01-02 11:57:00,30.7100,30.7100,30.6700,30.6808,31346
2025-01-02 11:58:00,30.6786,30.6900,30.6500,30.6701,26979
2025-01-02 11:59:00,30.6700,30.6700,30.6300,30.6400,19774
2025-01-02 12:00:00,30.6400,30.6495,30.6000,30.6100,34849
2025-01-02 12:01:00,30.6000,30.6508,30.5900,30.6300,27749
2025-01-02 12:02:00,30.6467,30.6467,30.5850,30.6200,31343
2025-01-02 12:03:00,30.6208,30.6800,30.6160,30.6800,20034
2025-01-02 12:04:00,30.6999,30.7150,30.6750,30.7100,22480
2025-01-02 12:05:00,30.7200,30.7200,30.6802,30.7050,6292
2025-01-02 12:06:00,30.7100,30.7150,30.6300,30.6400,23199
2025-01-02 12:07:00,30.6300,30.6408,30.6000,30.6300,15690
2025-01-02 12:08:00,30.6250,30.6250,30.5800,30.6000,44778
2025-01-02 12:09:00,30.6092,30.6100,30.5800,30.6100,19161
2025-01-02 12:10:00,30.6000,30.6400,30.6000,30.6400,28063
2025-01-02 12:11:00,30.6400,30.6800,30.6400,30.6750,15124
2025-01-02 12:12:00,30.6750,30.7250,30.6710,30.7200,19570
2025-01-02 12:13:00,30.7297,30.7900,30.7192,30.7700,152258
2025-01-02 12:14:00,30.7600,30.7700,30.7250,30.7500,57773
2025-01-02 12:15:00,30.7500,30.7608,30.7200,30.7600,25844
2025-01-02 12:16:00,30.7600,30.7600,30.7100,30.7200,19564
2025-01-02 12:17:00,30.7100,30.7200,30.6700,30.6859,19723
2025-01-02 12:18:00,30.6900,30.7100,30.6700,30.6816,12298
2025-01-02 12:19:00,30.6700,30.6900,30.6331,30.6900,24304
2025-01-02 12:20:00,30.6900,30.6900,30.6100,30.6400,29882
2025-01-02 12:21:00,30.6500,30.6900,30.6000,30.6850,42886
2025-01-02 12:22:00,30.6900,30.6960,30.6400,30.6500,47392
2025-01-02 12:23:00,30.6400,30.6450,30.5900,30.6002,25836
2025-01-02 12:24:00,30.6100,30.6100,30.5600,30.5752,40051
2025-01-02 12:25:00,30.5760,30.5760,30.5100,30.5400,64839
2025-01-02 12:26:00,30.5250,30.5300,30.4200,30.4200,304204
2025-01-02 12:27:00,30.4209,30.4300,30.3800,30.4100,64811
2025-01-02 12:28:00,30.4020,30.4227,30.3700,30.4000,43579
2025-01-02 12:29:00,30.3855,30.3908,30.2705,30.2900,82401
2025-01-02 12:30:00,30.2800,30.2900,30.2000,30.2500,147297
2025-01-02 12:31:00,30.2600,30.2900,30.2100,30.2800,59622
2025-01-02 12:32:00,30.2900,30.3224,30.2600,30.2900,63571
2025-01-02 12:33:00,30.2700,30.3000,30.2302,30.2700,47711
2025-01-02 12:34:00,30.2775,30.2800,30.1692,30.1900,87825
2025-01-02 12:35:00,30.1900,30.2400,30.1884,30.2300,47519
2025-01-02 12:36:00,30.2200,30.2300,30.1900,30.2200,44003
2025-01-02 12:37:00,30.2000,30.2060,30.1300,30.1400,71598
2025-01-02 12:38:00,30.1500,30.1700,30.1100,30.1650,54109
2025-01-02 12:39:00,30.1650,30.1900,30.1401,30.1476,29233
2025-01-02 12:40:00,30.1500,30.1600,30.1201,30.1500,32310
2025-01-02 12:41:00,30.1550,30.2500,30.1550,30.2200,45806
2025-01-02 12:42:00,30.2100,30.2200,30.1540,30.1800,24377
2025-01-02 12:43:00,30.1900,30.2299,30.1800,30.2101,26331
2025-01-02 12:44:00,30.2200,30.2300,30.1500,30.1700,31892
2025-01-02 12:45:00,30.1800,30.2000,30.1600,30.1900,19006
2025-01-02 12:46:00,30.1900,30.2100,30.1600,30.1699,20599
2025-01-02 12:47:00,30.1600,30.1700,30.1200,30.1680,42474
2025-01-02 12:48:00,30.1528,30.1589,30.1120,30.1229,19733
2025-01-02 12:49:00,30.1200,30.1286,30.0300,30.0600,226569
2025-01-02 12:50:00,30.0400,30.1100,30.0100,30.1100,65433
2025-01-02 12:51:00,30.1200,30.2050,30.1100,30.1950,34379
2025-01-02 12:52:00,30.2000,30.2197,30.1800,30.2000,53390
2025-01-02 12:53:00,30.1900,30.2000,30.1700,30.1800,25683
2025-01-02 12:54:00,30.1900,30.2100,30.1700,30.1700,38037
2025-01-02 12:55:00,30.1800,30.2250,30.1700,30.2000,37431
2025-01-02 12:56:00,30.2000,30.2800,30.2000,30.2790,44278
2025-01-02 12:57:00,30.2800,30.2900,30.2300,30.2700,24833
2025-01-02 12:58:00,30.2500,30.2900,30.2500,30.2700,23433
2025-01-02 12:59:00,30.2692,30.3190,30.2450,30.2900,62950
2025-01-02 13:00:00,30.2800,30.2800,30.2400,30.2400,24967
2025-01-02 13:01:00,30.2500,30.2690,30.1900,30.1900,39464
2025-01-02 13:02:00,30.1801,30.2200,30.1700,30.1825,44301
2025-01-02 13:03:00,30.1800,30.1820,30.1200,30.1300,21548
2025-01-02 13:04:00,30.1200,30.1200,30.0500,30.0700,32610
2025-01-02 13:05:00,30.0624,30.1300,30.0400,30.1200,37375
2025-01-02 13:06:00,30.1150,30.1600,30.1150,30.1400,34077
2025-01-02 13:07:00,30.1499,30.1900,30.1300,30.1731,14356
2025-01-02 13:08:00,30.1900,30.2100,30.1800,30.1800,16642
2025-01-02 13:09:00,30.1900,30.2000,30.1500,30.1800,24281
2025-01-02 13:10:00,30.1700,30.1700,30.1000,30.1300,24023
2025-01-02 13:11:00,30.1200,30.1500,30.1000,30.1200,19232
2025-01-02 13:12:00,30.1250,30.1500,30.0950,30.1500,43331
2025-01-02 13:13:00,30.1500,30.1700,30.1400,30.1500,21768
2025-01-02 13:14:00,30.1500,30.1700,30.1200,30.1200,16979
2025-01-02 13:15:00,30.1250,30.1381,30.0500,30.0971,28349
2025-01-02 13:16:00,30.1100,30.1400,30.1048,30.1400,31531
2025-01-02 13:17:00,30.1400,30.1524,30.1136,30.1136,14756
2025-01-02 13:18:00,30.1208,30.1700,30.1132,30.1450,18391
2025-01-02 13:19:00,30.1450,30.1450,30.1100,30.1400,11547
2025-01-02 13:20:00,30.1400,30.1691,30.1400,30.1500,10390
2025-01-02 13:21:00,30.1450,30.1600,30.0800,30.1100,22145
2025-01-02 13:22:00,30.1100,30.1180,30.0800,30.1050,24294
2025-01-02 13:23:00,30.1000,30.1400,30.0800,30.0800,15792
2025-01-02 13:24:00,30.0850,30.1100,30.0600,30.1100,35138
2025-01-02 13:25:00,30.1200,30.1300,30.1000,30.1129,15553
2025-01-02 13:26:00,30.1200,30.1300,30.0950,30.1100,31917
2025-01-02 13:27:00,30.1100,30.1500,30.1000,30.1400,14151
2025-01-02 13:28:00,30.1359,30.1400,30.0900,30.1040,31929
2025-01-02 13:29:00,30.1050,30.1446,30.0800,30.1300,31396
2025-01-02 13:30:00,30.1200,30.1200,30.0400,30.0450,18245
2025-01-02 13:31:00,30.0500,30.0500,29.9500,29.9699,482831
2025-01-02 13:32:00,29.9601,29.9800,29.9450,29.9800,43993
2025-01-02 13:33:00,29.9762,29.9762,29.9300,29.9443,46068
2025-01-02 13:34:00,29.9590,29.9800,29.9000,29.9300,78145
2025-01-02 13:35:00,29.9400,29.9500,29.9000,29.9100,133746
2025-01-02 13:36:00,29.9200,30.0100,29.9200,30.0050,95547
2025-01-02 13:37:00,30.0100,30.0400,29.9916,30.0000,39455
2025-01-02 13:38:00,30.0070,30.0200,29.9800,30.0000,27740
2025-01-02 13:39:00,30.0050,30.0300,29.9700,29.9750,61261
2025-01-02 13:40:00,29.9700,29.9767,29.9200,29.9400,63110
2025-01-02 13:41:00,29.9300,29.9700,29.9200,29.9500,31339
2025-01-02 13:42:00,29.9500,29.9600,29.9498,29.9600,25879
2025-01-02 13:43:00,29.9500,30.0400,29.9400,30.0200,64521
2025-01-02 13:44:00,30.0200,30.1000,30.0200,30.0700,109045
2025-01-02 13:45:00,30.0794,30.0800,30.0512,30.0600,22675
2025-01-02 13:46:00,30.0600,30.0900,30.0517,30.0600,20266
2025-01-02 13:47:00,30.0510,30.0599,29.9500,29.9600,106984
2025-01-02 13:48:00,29.9793,30.0150,29.9600,29.9600,61040
2025-01-02 13:49:00,29.9587,29.9600,29.9200,29.9500,25819
2025-01-02 13:50:00,29.9500,29.9700,29.9300,29.9450,39980
2025-01-02 13:51:00,29.9500,29.9700,29.9200,29.9700,47499
2025-01-02 13:52:00,29.9400,29.9564,29.9201,29.9400,20746
2025-01-02 13:53:00,29.9350,29.9800,29.9300,29.9400,37695
2025-01-02 13:54:00,29.9497,29.9500,29.9200,29.9499,85219
2025-01-02 13:55:00,29.9500,29.9898,29.9400,29.9500,30072
2025-01-02 13:56:00,29.9700,30.0108,29.9700,30.0100,33895
2025-01-02 13:57:00,30.0050,30.0450,29.9899,29.9950,34604
2025-01-02 13:58:00,29.9911,30.0350,29.9911,30.0199,51010
2025-01-02 13:59:00,30.0150,30.0500,30.0138,30.0300,27015
2025-01-02 14:00:00,30.0400,30.0420,30.0000,30.0150,46179
2025-01-02 14:01:00,30.0300,30.0400,30.0000,30.0000,29363
2025-01-02 14:02:00,29.9900,30.0160,29.9800,30.0160,23685
2025-01-02 14:03:00,30.0200,30.0500,30.0000,30.0100,75886
2025-01-02 14:04:00,30.0107,30.0900,30.0000,30.0800,23293
2025-01-02 14:05:00,30.0800,30.0800,30.0400,30.0424,38531
2025-01-02 14:06:00,30.0428,30.1100,30.0423,30.0800,25579
2025-01-02 14:07:00,30.0800,30.0800,30.0200,30.0300,28915
2025-01-02 14:08:00,30.0300,30.0400,30.0212,30.0400,18882
2025-01-02 14:09:00,30.0400,30.0400,29.9800,30.0143,33016
2025-01-02 14:10:00,30.0166,30.0297,29.9921,30.0250,15563
2025-01-02 14:11:00,30.0101,30.0400,30.0100,30.0200,20577
2025-01-02 14:12:00,30.0200,30.0800,30.0130,30.0371,67676
2025-01-02 14:13:00,30.0300,30.0354,30.0000,30.0200,29970
2025-01-02 14:14:00,30.0200,30.0400,30.0100,30.0220,11888
2025-01-02 14:15:00,30.0300,30.0475,29.9800,29.9850,29584
2025-01-02 14:16:00,29.9850,30.0100,29.9800,29.9833,13273
2025-01-02 14:17:00,29.9816,30.0450,29.9816,30.0300,33499
2025-01-02 14:18:00,30.0300,30.0700,30.0300,30.0300,21957
2025-01-02 14:19:00,30.0300,30.0399,29.9800,30.0000,46262
2025-01-02 14:20:00,30.0100,30.0200,29.9650,30.0000,36938
2025-01-02 14:21:00,29.9969,30.0200,29.9969,30.0100,12429
2025-01-02 14:22:00,30.0200,30.1000,30.0150,30.1000,29458
2025-01-02 14:23:00,30.1000,30.1200,30.0800,30.0846,32036
2025-01-02 14:24:00,30.0800,30.1000,30.0500,30.0900,24832
2025-01-02 14:25:00,30.0900,30.1000,30.0700,30.0855,14504
2025-01-02 14:26:00,30.0700,30.0800,30.0500,30.0800,20807
2025-01-02 14:27:00,30.0800,30.1108,30.0700,30.1100,33302
2025-01-02 14:28:00,30.1100,30.1297,30.1000,30.1254,22946
2025-01-02 14:29:00,30.1200,30.1200,30.0850,30.1200,24273
2025-01-02 14:30:00,30.1200,30.1400,30.0700,30.1300,73959
2025-01-02 14:31:00,30.1200,30.1400,30.0800,30.1138,60230
2025-01-02 14:32:00,30.1150,30.1250,30.0800,30.1200,24688
2025-01-02 14:33:00,30.1300,30.1400,30.1022,30.1150,22412
2025-01-02 14:34:00,30.1197,30.1650,30.1028,30.1400,55130
2025-01-02 14:35:00,30.1540,30.1540,30.0700,30.0800,36862
2025-01-02 14:36:00,30.0769,30.1500,30.0700,30.1400,23868
2025-01-02 14:37:00,30.1400,30.1654,30.1300,30.1500,23684
2025-01-02 14:38:00,30.1408,30.1600,30.1401,30.1600,12410
2025-01-02 14:39:00,30.1592,30.1700,30.1300,30.1300,24201
2025-01-02 14:40:00,30.1284,30.1350,30.1008,30.1300,21771
2025-01-02 14:41:00,30.1350,30.1400,30.1114,30.1350,22957
2025-01-02 14:42:00,30.1350,30.1354,30.1155,30.1250,17475
2025-01-02 14:43:00,30.1246,30.1500,30.0900,30.0950,33653
2025-01-02 14:44:00,30.1000,30.1000,30.0750,30.0800,10264
2025-01-02 14:45:00,30.0800,30.1163,30.0800,30.1100,15611
2025-01-02 14:46:00,30.1100,30.1108,30.0450,30.0450,29200
2025-01-02 14:47:00,30.0600,30.1080,30.0500,30.0900,30822
2025-01-02 14:48:00,30.0900,30.1800,30.0830,30.1780,81395
2025-01-02 14:49:00,30.1800,30.2200,30.1521,30.2062,34583
2025-01-02 14:50:00,30.2100,30.2200,30.1600,30.2000,54193
2025-01-02 14:51:00,30.2070,30.2400,30.2003,30.2350,22931
2025-01-02 14:52:00,30.2354,30.3100,30.2300,30.3000,69764
2025-01-02 14:53:00,30.3099,30.3100,30.1800,30.1900,151138
2025-01-02 14:54:00,30.1800,30.2000,30.1700,30.1700,35807
2025-01-02 14:55:00,30.1700,30.2200,30.1700,30.1800,39992
2025-01-02 14:56:00,30.1800,30.1900,30.1400,30.1500,55885
2025-01-02 14:57:00,30.1500,30.1500,30.0900,30.0900,50580
2025-01-02 14:58:00,30.0950,30.1010,30.0900,30.1000,14162
2025-01-02 14:59:00,30.0908,30.0908,30.0300,30.0400,35559
2025-01-02 15:00:00,30.0450,30.3100,30.0450,30.0862,37357
2025-01-02 15:01:00,30.0900,30.1100,30.0801,30.0950,20010
2025-01-02 15:02:00,30.0950,30.1400,30.0900,30.1400,27627
2025-01-02 15:03:00,30.1400,30.1786,30.1300,30.1300,31073
2025-01-02 15:04:00,30.1340,30.2008,30.1300,30.1914,20767
2025-01-02 15:05:00,30.2000,30.2000,30.1275,30.1500,28622
2025-01-02 15:06:00,30.1420,30.1725,30.0900,30.0900,60623
2025-01-02 15:07:00,30.1008,30.1300,30.1000,30.1260,27939
2025-01-02 15:08:00,30.1300,30.1850,30.1263,30.1700,45953
2025-01-02 15:09:00,30.1700,30.1750,30.1400,30.1450,19040
2025-01-02 15:10:00,30.1400,30.3100,30.1400,30.1799,23783
2025-01-02 15:11:00,30.1799,30.1799,30.1400,30.1760,24689
2025-01-02 15:12:00,30.1762,30.2400,30.1716,30.2400,46940
2025-01-02 15:13:00,30.2500,30.2600,30.2100,30.2250,42467
2025-01-02 15:14:00,30.2200,30.2300,30.1900,30.2200,33734
2025-01-02 15:15:00,30.2200,30.2200,30.1600,30.1899,39486
2025-01-02 15:16:00,30.1801,30.1832,30.1400,30.1654,21236
2025-01-02 15:17:00,30.1700,30.1900,30.1600,30.1702,45428
2025-01-02 15:18:00,30.1606,30.1900,30.1600,30.1850,24099
2025-01-02 15:19:00,30.1803,30.2400,30.1800,30.2400,37408
2025-01-02 15:20:00,30.2500,30.2600,30.2100,30.2350,36620
2025-01-02 15:21:00,30.2350,30.2600,30.2200,30.2438,28219
2025-01-02 15:22:00,30.2412,30.2700,30.2200,30.2450,28590
2025-01-02 15:23:00,30.2450,30.2950,30.2400,30.2846,42274
2025-01-02 15:24:00,30.2850,30.3000,30.2700,30.2800,28173
2025-01-02 15:25:00,30.2803,30.3100,30.2700,30.2886,45131
2025-01-02 15:26:00,30.2899,30.3000,30.2800,30.2900,23086
2025-01-02 15:27:00,30.2900,30.3200,30.2860,30.2910,26952
2025-01-02 15:28:00,30.2900,30.3200,30.2800,30.3050,48993
2025-01-02 15:29:00,30.3050,30.3300,30.3010,30.3112,23735
2025-01-02 15:30:00,30.3200,30.3550,30.3000,30.3100,81296
2025-01-02 15:31:00,30.3140,30.4100,30.3100,30.3900,53491
2025-01-02 15:32:00,30.3801,30.3987,30.3550,30.3750,30151
2025-01-02 15:33:00,30.3772,30.3900,30.3650,30.3800,55280
2025-01-02 15:34:00,30.3700,30.3800,30.3100,30.3299,40240
2025-01-02 15:35:00,30.3300,30.3400,30.2700,30.2750,52234
2025-01-02 15:36:00,30.2750,30.2962,30.2700,30.2900,33142
2025-01-02 15:37:00,30.3000,30.3032,30.2600,30.2850,32729
2025-01-02 15:38:00,30.2800,30.2901,30.2700,30.2900,16838
2025-01-02 15:39:00,30.2700,30.2800,30.2350,30.2700,35198
2025-01-02 15:40:00,30.2625,30.2800,30.2400,30.2450,26615
2025-01-02 15:41:00,30.2500,30.2900,30.2500,30.2800,29836
2025-01-02 15:42:00,30.2900,30.2950,30.2600,30.2700,22365
2025-01-02 15:43:00,30.2800,30.2888,30.2450,30.2608,44256
2025-01-02 15:44:00,30.2600,30.3000,30.2500,30.2700,43436
2025-01-02 15:45:00,30.2750,30.2888,30.2300,30.2565,48297
2025-01-02 15:46:00,30.2500,30.2900,30.2500,30.2722,33214
2025-01-02 15:47:00,30.2852,30.2950,30.2700,30.2850,41736
2025-01-02 15:48:00,30.2900,30.3000,30.2500,30.2600,44527
2025-01-02 15:49:00,30.2600,30.2745,30.2450,30.2745,32477
2025-01-02 15:50:00,30.2800,30.2800,30.1900,30.2000,124164
2025-01-02 15:51:00,30.2050,30.2750,30.2000,30.2100,71341
2025-01-02 15:52:00,30.2100,30.2100,30.1700,30.1850,132736
2025-01-02 15:53:00,30.1750,30.2000,30.1700,30.1800,74662
2025-01-02 15:54:00,30.1797,30.1890,30.1200,30.1250,91195
2025-01-02 15:55:00,30.1300,30.1300,29.9650,30.0700,644470
2025-01-02 15:56:00,30.0650,30.0700,30.0000,30.0000,126909
2025-01-02 15:57:00,30.0060,30.0500,30.0000,30.0150,175028
2025-01-02 15:58:00,30.0150,30.0500,30.0000,30.0150,170896
2025-01-02 15:59:00,30.0100,30.0900,29.9900,30.0800,547365
2025-01-02 16:00:00,30.0800,30.1500,29.9900,30.1000,2981305
2025-01-02 16:01:00,30.1000,30.1400,30.0500,30.1300,371
2025-01-02 16:02:00,29.9700,30.1200,29.9700,30.1200,154
2025-01-02 16:03:00,30.1000,30.1000,30.0800,30.0897,986
2025-01-02 16:04:00,30.0889,30.0889,30.0500,30.0500,1496
2025-01-02 16:05:00,30.0500,30.0500,29.9993,30.0000,4216
2025-01-02 16:06:00,29.9900,30.4595,29.9700,29.9798,11483
2025-01-02 16:07:00,29.9800,30.0000,29.9700,30.0000,6737
2025-01-02 16:08:00,30.0000,30.0500,29.9600,29.9700,75005
2025-01-02 16:09:00,29.9700,30.0000,29.9500,29.9800,2643
2025-01-02 16:10:00,29.9700,30.0000,29.9600,30.0000,1580
2025-01-02 16:11:00,30.0000,30.0000,29.9700,29.9986,506
2025-01-02 16:12:00,29.9700,30.0000,29.9600,29.9800,595
2025-01-02 16:13:00,29.9900,29.9900,29.9700,29.9701,797
2025-01-02 16:14:00,29.9700,29.9700,29.9200,29.9392,7174
2025-01-02 16:15:00,29.9300,29.9700,29.9300,29.9300,3190
2025-01-02 16:16:00,29.9300,29.9900,29.9299,29.9505,2002
2025-01-02 16:17:00,29.9900,29.9900,29.9700,29.9731,657
2025-01-02 16:18:00,29.9900,29.9900,29.9700,29.9700,697
2025-01-02 16:19:00,29.9500,30.0000,29.9500,30.0000,2775
2025-01-02 16:20:00,30.0500,30.0500,29.9800,29.9800,5915
2025-01-02 16:21:00,30.0000,30.0000,29.9800,30.0000,454
2025-01-02 16:22:00,30.0000,30.1500,29.9995,30.1500,19229
2025-01-02 16:23:00,30.0701,30.1500,30.0000,30.1500,362
2025-01-02 16:24:00,30.1100,30.1300,30.0000,30.0900,102
2025-01-02 16:25:00,30.0600,30.0600,30.0500,30.0596,220
2025-01-02 16:26:00,30.0500,30.0600,30.0400,30.0600,607
2025-01-02 16:27:00,30.0600,30.0600,30.0300,30.0300,1226
2025-01-02 16:28:00,30.0400,30.0500,30.0300,30.0500,1105
2025-01-02 16:29:00,30.0500,30.0500,30.0500,30.0500,98
2025-01-02 16:30:00,30.0800,30.0800,30.0501,30.0600,2124
2025-01-02 16:31:00,30.0600,30.0800,30.0600,30.0799,319
2025-01-02 16:32:00,30.0800,30.0800,30.0699,30.0699,50
2025-01-02 16:33:00,30.0600,30.0799,30.0600,30.0700,1050
2025-01-02 16:34:00,30.0800,30.0800,30.0507,30.0800,2937
2025-01-02 16:35:00,30.0797,30.0800,30.0500,30.0500,20125
2025-01-02 16:36:00,30.0500,30.0800,30.0304,30.0800,1420
2025-01-02 16:37:00,30.0800,30.0800,30.0300,30.0500,371
2025-01-02 16:38:00,30.0500,30.0693,30.0500,30.0500,363
2025-01-02 16:39:00,30.0500,30.0800,30.0300,30.0301,2378
2025-01-02 16:40:00,30.0500,30.0800,30.0500,30.0800,195
2025-01-02 16:41:00,30.0600,30.0600,30.0300,30.0500,480
2025-01-02 16:42:00,30.0305,30.0600,30.0300,30.0500,927
2025-01-02 16:43:00,30.0300,30.0500,30.0300,30.0500,64
2025-01-02 16:44:00,30.0700,30.0700,30.0300,30.0500,449
2025-01-02 16:45:00,30.0400,30.0400,30.0300,30.0300,578
2025-01-02 16:46:00,30.0495,30.0499,30.0301,30.0400,855
2025-01-02 16:47:00,30.0301,30.0400,30.0100,30.0400,1266
2025-01-02 16:48:00,30.0400,30.0500,30.0397,30.0500,189
2025-01-02 16:49:00,30.0399,30.0399,30.0200,30.0200,2513
2025-01-02 16:50:00,30.0200,30.0500,30.0100,30.0112,788
2025-01-02 16:51:00,30.0109,30.0499,30.0109,30.0207,586
2025-01-02 16:52:00,30.0400,30.0500,30.0300,30.0300,934
2025-01-02 16:53:00,30.0500,30.0500,30.0500,30.0500,15
2025-01-02 16:54:00,30.0300,30.0500,30.0300,30.0494,463
2025-01-02 16:55:00,30.0303,30.0303,30.0303,30.0303,30
2025-01-02 16:56:00,30.0400,30.0400,30.0301,30.0303,692
2025-01-02 16:57:00,30.0400,30.0400,30.0300,30.0300,704
2025-01-02 16:58:00,30.0400,30.0400,30.0301,30.0400,632
2025-01-02 16:59:00,30.0300,30.0400,30.0300,30.0400,652
2025-01-02 17:00:00,30.0500,30.0500,30.0301,30.0301,93
2025-01-02 17:01:00,30.0400,30.0500,30.0300,30.0300,693
2025-01-02 17:02:00,30.0400,30.0400,30.0302,30.0302,49
2025-01-02 17:03:00,30.0303,30.0500,30.0300,30.0400,634
2025-01-02 17:04:00,30.0400,30.0500,30.0300,30.0301,45131
2025-01-02 17:05:00,30.0400,30.0500,30.0302,30.0302,184
2025-01-02 17:06:00,30.0301,30.0400,30.0300,30.0301,258
2025-01-02 17:07:00,30.0304,30.0400,30.0201,30.0204,763
2025-01-02 17:08:00,30.0200,30.0200,30.0000,30.0000,1955
2025-01-02 17:09:00,30.0100,30.0100,29.9800,29.9800,2104
2025-01-02 17:10:00,30.0000,30.0099,29.9900,30.0000,1656
2025-01-02 17:11:00,30.0000,30.0000,29.9900,29.9901,282
2025-01-02 17:12:00,29.9900,30.0200,29.9900,29.9907,101
2025-01-02 17:13:00,29.9900,30.0200,29.9900,30.0100,397
2025-01-02 17:14:00,30.0100,30.0400,29.9900,30.0400,1135
2025-01-02 17:15:00,30.0300,30.0500,30.0300,30.0500,30942
2025-01-02 17:16:00,30.0498,30.0498,30.0300,30.0400,621
2025-01-02 17:17:00,30.0400,30.0500,30.0400,30.0400,33
2025-01-02 17:18:00,30.0500,30.0500,30.0500,30.0500,60
2025-01-02 17:19:00,30.0497,30.0600,30.0497,30.0600,135
2025-01-02 17:20:00,30.0600,30.0699,30.0600,30.0699,103
2025-01-02 17:21:00,30.0600,30.0800,30.0600,30.0700,916
2025-01-02 17:22:00,30.0800,30.0800,30.0500,30.0500,389
2025-01-02 17:23:00,30.0575,30.0800,30.0575,30.0800,713
2025-01-02 17:24:00,30.0700,30.0792,30.0601,30.0792,250
2025-01-02 17:25:00,30.0800,30.0800,30.0796,30.0796,202
2025-01-02 17:26:00,30.0800,30.0800,30.0600,30.0800,72
2025-01-02 17:27:00,30.0800,30.0800,30.0794,30.0800,116
2025-01-02 17:28:00,30.0600,30.0800,30.0600,30.0799,122
2025-01-02 17:29:00,30.0800,30.0800,30.0600,30.0700,37
2025-01-02 17:30:00,30.0800,30.0800,30.0600,30.0600,166
2025-01-02 17:31:00,30.0799,30.0799,30.0700,30.0700,11
2025-01-02 17:32:00,30.0800,30.0808,30.0800,30.0800,542
2025-01-02 17:33:00,30.0800,30.0800,30.0700,30.0700,313
2025-01-02 17:34:00,30.1000,30.1000,30.0991,30.0991,301
2025-01-02 17:35:00,30.1000,30.1300,30.0700,30.1300,5552
2025-01-02 17:36:00,30.1200,30.1500,30.1200,30.1498,3642
2025-01-02 17:37:00,30.1400,30.1400,30.1400,30.1400,10
2025-01-02 17:38:00,30.1100,30.1500,30.0997,30.1000,46
2025-01-02 17:39:00,30.1000,31.1959,30.0900,30.1000,373
2025-01-02 17:40:00,30.1200,30.1500,30.1200,30.1500,281
2025-01-02 17:41:00,30.1500,30.1500,30.0900,30.0903,449
2025-01-02 17:42:00,30.1500,30.1500,30.0900,30.1493,28
2025-01-02 17:43:00,30.1000,30.1000,30.1000,30.1000,50
2025-01-02 17:44:00,30.1487,30.1487,30.0900,30.0999,2542
2025-01-02 17:45:00,30.1400,30.1400,30.0900,30.1289,2603
2025-01-02 17:46:00,30.1300,30.1300,30.0900,30.0900,271
2025-01-02 17:47:00,30.1097,30.1102,30.1001,30.1102,340
2025-01-02 17:48:00,30.1200,30.1200,30.1000,30.1000,1910
2025-01-02 17:49:00,30.1100,30.1100,30.1095,30.1100,205
2025-01-02 17:50:00,30.1100,30.1100,30.1096,30.1096,10
2025-01-02 17:51:00,30.1100,30.1100,30.0700,30.0700,33270
2025-01-02 17:52:00,30.1100,30.1100,30.0544,30.0600,137
2025-01-02 17:53:00,30.0700,30.1000,30.0600,30.1000,275
2025-01-02 17:54:00,30.1100,30.1500,30.0900,30.1500,8778
2025-01-02 17:55:00,30.1500,30.1500,30.1500,30.1500,9
2025-01-02 17:56:00,30.2000,30.2000,30.1100,30.1100,734
2025-01-02 17:57:00,30.2000,30.2000,30.1900,30.2000,1517
2025-01-02 17:58:00,30.1200,30.2000,30.1200,30.2000,1010
2025-01-02 17:59:00,30.2000,30.2000,30.1986,30.1986,345
2025-01-02 18:00:00,30.2000,30.2000,30.1099,30.1099,623
2025-01-02 18:01:00,30.1100,30.1100,30.0900,30.1100,728
2025-01-02 18:02:00,30.1000,30.1100,30.1000,30.1099,60
2025-01-02 18:03:00,30.1100,30.1100,30.1100,30.1100,102
2025-01-02 18:04:00,30.1088,30.1100,30.1088,30.1100,201
2025-01-02 18:05:00,30.1100,30.1100,30.0600,30.1100,39
2025-01-02 18:06:00,30.1100,30.1100,30.1000,30.1000,145
2025-01-02 18:07:00,30.0600,30.1000,30.0600,30.0600,187
2025-01-02 18:08:00,30.1000,30.1000,30.0500,30.0500,21
2025-01-02 18:09:00,30.0996,30.1000,30.0600,30.1000,93
2025-01-02 18:10:00,30.1000,30.1000,30.0600,30.0604,384
2025-01-02 18:11:00,30.0800,30.0800,30.0500,30.0500,1088
2025-01-02 18:12:00,30.0800,30.0800,30.0700,30.0700,104
2025-01-02 18:14:00,30.0700,30.0700,30.0700,30.0700,100
2025-01-02 18:15:00,30.0699,30.0700,30.0699,30.0700,4
2025-01-02 18:16:00,30.0700,30.0700,30.0500,30.0500,487
2025-01-02 18:17:00,30.0700,30.0700,30.0600,30.0600,235
2025-01-02 18:18:00,30.0699,30.0699,30.0600,30.0698,605
2025-01-02 18:19:00,30.0699,30.0700,30.0600,30.0700,204
2025-01-02 18:20:00,30.0700,30.0700,30.0600,30.0600,38
2025-01-02 18:21:00,30.0699,30.0699,30.0699,30.0699,10
2025-01-02 18:22:00,30.0600,30.0700,30.0400,30.0400,4557
2025-01-02 18:23:00,30.0400,30.0700,30.0200,30.0400,302
2025-01-02 18:24:00,30.0500,30.0600,30.0202,30.0204,390
2025-01-02 18:25:00,30.0500,30.0500,30.0200,30.0200,119
2025-01-02 18:26:00,30.0500,30.0500,30.0200,30.0200,292
2025-01-02 18:27:00,30.0200,30.0700,30.0200,30.0700,114
2025-01-02 18:28:00,30.0700,30.0700,30.0200,30.0700,167
2025-01-02 18:29:00,30.0300,30.0500,30.0300,30.0500,17
2025-01-02 18:30:00,30.0200,30.0500,30.0200,30.0500,3
2025-01-02 18:32:00,30.0400,30.0700,30.0400,30.0700,56
2025-01-02 18:33:00,30.0700,30.0700,30.0200,30.0201,122
2025-01-02 18:34:00,30.0201,30.0700,30.0200,30.0700,400
2025-01-02 18:35:00,30.0500,30.0500,30.0300,30.0300,26
2025-01-02 18:36:00,30.0400,30.0400,30.0400,30.0400,16
2025-01-02 18:37:00,30.0400,30.0700,30.0400,30.0600,15
2025-01-02 18:38:00,30.0404,30.0404,30.0404,30.0404,125
2025-01-02 18:39:00,30.0693,30.0697,30.0404,30.0404,536
2025-01-02 18:40:00,30.0700,30.0700,30.0600,30.0700,102
2025-01-02 18:41:00,30.0600,30.0700,30.0000,30.0000,3956
2025-01-02 18:42:00,30.0500,30.0800,30.0500,30.0800,201
2025-01-02 18:43:00,30.0400,30.0600,30.0400,30.0500,38
2025-01-02 18:44:00,30.0500,30.0800,30.0400,30.0800,216
2025-01-02 18:45:00,30.0800,30.0800,30.0799,30.0800,535
2025-01-02 18:46:00,30.0799,30.0800,30.0799,30.0800,52
2025-01-02 18:47:00,30.0800,30.1000,30.0800,30.1000,2444
2025-01-02 18:48:00,30.0900,30.1000,30.0700,30.1000,605
2025-01-02 18:49:00,30.1000,30.1000,30.0700,30.0700,381
2025-01-02 18:50:00,30.0640,30.0900,30.0640,30.0900,10
2025-01-02 18:51:00,30.0800,30.0800,30.0800,30.0800,5
2025-01-02 18:52:00,30.0700,30.1000,30.0497,30.0497,1621
2025-01-02 18:53:00,30.0400,30.0500,30.0400,30.0500,181
2025-01-02 18:54:00,30.1000,30.1000,30.0900,30.0900,1002
2025-01-02 18:56:00,30.0500,30.0500,30.0300,30.0300,158
2025-01-02 18:57:00,30.0400,30.0900,30.0400,30.0500,92
2025-01-02 18:58:00,30.0850,30.0850,30.0500,30.0500,17
2025-01-02 18:59:00,30.0700,30.0900,30.0600,30.0900,152
2025-01-02 19:01:00,30.0800,30.0899,30.0500,30.0899,561
2025-01-02 19:02:00,30.0300,30.0300,30.0300,30.0300,2
2025-01-02 19:03:00,30.0900,30.0900,30.0900,30.0900,2000
2025-01-02 19:04:00,30.0500,30.0500,30.0500,30.0500,25
2025-01-02 19:05:00,30.0900,30.0900,30.0300,30.0300,1691
2025-01-02 19:06:00,30.0900,30.0900,30.0900,30.0900,1
2025-01-02 19:07:00,30.0900,30.0900,30.0400,30.0400,155
2025-01-02 19:08:00,30.0400,30.0700,30.0300,30.0700,828
2025-01-02 19:09:00,30.0700,30.0700,30.0500,30.0599,1821
2025-01-02 19:10:00,30.0300,30.0600,30.0300,30.0300,380
2025-01-02 19:11:00,30.0500,30.0500,30.0311,30.0311,205
2025-01-02 19:12:00,30.0500,30.0600,30.0300,30.0310,955
2025-01-02 19:13:00,30.0400,30.0886,30.0310,30.0886,7
2025-01-02 19:14:00,30.0300,30.0900,30.0300,30.0900,150
2025-01-02 19:15:00,30.0697,30.0800,30.0600,30.0800,338
2025-01-02 19:16:00,30.0800,30.0800,30.0300,30.0800,220
2025-01-02 19:17:00,30.0800,30.0800,30.0800,30.0800,2
2025-01-02 19:18:00,30.0800,30.0800,30.0300,30.0400,855
2025-01-02 19:19:00,30.0400,30.0800,30.0398,30.0800,4085
2025-01-02 19:20:00,30.0404,30.0800,30.0404,30.0800,265
2025-01-02 19:21:00,30.0700,30.0700,30.0700,30.0700,2
2025-01-02 19:22:00,30.0800,30.0800,30.0800,30.0800,3
2025-01-02 19:23:00,30.0800,30.1000,30.0400,30.0600,903
2025-01-02 19:24:00,30.1000,30.1000,30.0700,30.0700,105
2025-01-02 19:25:00,30.1000,30.1000,30.0881,30.0881,4
2025-01-02 19:26:00,30.0900,30.0900,30.0500,30.0700,260
2025-01-02 19:27:00,30.1000,30.1000,30.0700,30.1000,2262
2025-01-02 19:28:00,30.1000,30.1000,30.0700,30.0700,252
2025-01-02 19:29:00,30.0600,30.1000,30.0600,30.0900,205
2025-01-02 19:30:00,30.0600,30.0800,30.0600,30.0800,981
2025-01-02 19:31:00,30.0600,30.0803,30.0500,30.0803,715
2025-01-02 19:32:00,30.0801,30.0803,30.0800,30.0800,213
2025-01-02 19:33:00,30.0900,30.0900,30.0800,30.0900,3604
2025-01-02 19:34:00,30.0800,30.0800,30.0800,30.0800,52
2025-01-02 19:36:00,30.1500,30.1500,30.0900,30.0900,22
2025-01-02 19:37:00,30.0900,30.1200,30.0800,30.0800,715
2025-01-02 19:38:00,30.1000,30.1600,30.1000,30.1200,230
2025-01-02 19:39:00,30.1600,30.1600,30.1400,30.1400,6
2025-01-02 19:40:00,30.1400,30.1600,30.1000,30.1600,2041
2025-01-02 19:41:00,30.1700,30.1900,30.1600,30.1900,1035
2025-01-02 19:42:00,30.1400,30.1400,30.1000,30.1000,1114
2025-01-02 19:43:00,30.0800,30.1900,30.0800,30.1900,233
2025-01-02 19:44:00,30.1800,30.1900,30.0820,30.0900,317
2025-01-02 19:45:00,30.0900,30.1900,30.0900,30.1000,663
2025-01-02 19:46:00,30.1500,30.1900,30.0900,30.0900,686
2025-01-02 19:47:00,30.1700,30.1700,30.1700,30.1700,15
2025-01-02 19:48:00,30.1400,30.1500,30.1100,30.1500,155
2025-01-02 19:49:00,30.1500,30.1500,30.1300,30.1300,62
2025-01-02 19:50:00,30.1500,30.1700,30.1300,30.1700,221
2025-01-02 19:51:00,30.1498,30.1498,30.1300,30.1300,394
2025-01-02 19:52:00,30.1300,30.1400,30.0900,30.1389,420
2025-01-02 19:53:00,30.1400,30.1400,30.1000,30.1299,526
2025-01-02 19:54:00,30.1001,30.1400,30.1001,30.1299,1735
2025-01-02 19:55:00,30.1300,30.1400,30.1200,30.1400,1676
2025-01-02 19:56:00,30.1500,30.1890,30.1400,30.1890,1365
2025-01-02 19:57:00,30.1800,30.2000,30.1706,30.2000,2108
2025-01-02 19:58:00,30.1900,30.1900,30.1600,30.1782,1439
2025-01-02 19:59:00,30.1403,30.2000,30.1400,30.2000,1901
2025-01-03 04:00:00,30.2500,30.4000,30.1400,30.1900,1466
2025-01-03 04:01:00,30.1400,30.2700,30.0800,30.2000,3275
2025-01-03 04:02:00,30.2300,30.2300,30.2300,30.2300,2
2025-01-03 04:03:00,30.1800,30.2200,30.1700,30.2200,25
2025-01-03 04:04:00,30.1500,30.1500,30.1500,30.1500,168
2025-01-03 04:05:00,30.1500,30.2400,30.1500,30.2400,39
2025-01-03 04:06:00,30.2300,30.2300,30.2300,30.2300,11
2025-01-03 04:08:00,30.2200,30.2500,30.2100,30.2100,1202
2025-01-03 04:09:00,30.2500,30.2500,30.2500,30.2500,262
2025-01-03 04:10:00,30.2800,30.2800,30.2300,30.2300,11
2025-01-03 04:11:00,30.2400,30.2600,30.2400,30.2600,3
2025-01-03 04:12:00,30.2300,30.2500,30.2300,30.2500,5
2025-01-03 04:13:00,30.2400,30.2400,30.2400,30.2400,5
2025-01-03 04:14:00,30.2600,30.2600,30.2500,30.2500,324
2025-01-03 04:15:00,30.2400,30.2800,30.2400,30.2800,148
2025-01-03 04:16:00,30.2400,30.2600,30.2400,30.2600,376
2025-01-03 04:17:00,30.2600,30.3300,30.2600,30.3300,790
2025-01-03 04:18:00,30.3300,30.3300,30.3000,30.3000,1301
2025-01-03 04:20:00,30.3200,30.3200,30.3100,30.3100,187
2025-01-03 04:21:00,30.3100,30.3100,30.3100,30.3100,208
2025-01-03 04:23:00,30.3300,30.3300,30.3300,30.3300,39
2025-01-03 04:25:00,30.3400,30.3700,30.3300,30.3700,1637
2025-01-03 04:27:00,30.3600,30.3600,30.3600,30.3600,26
2025-01-03 04:28:00,30.3600,30.3600,30.3600,30.3600,74
2025-01-03 04:29:00,30.3600,30.3600,30.3600,30.3600,113
2025-01-03 04:30:00,30.3500,30.3500,30.2600,30.2700,1357
2025-01-03 04:31:00,30.3100,30.3100,30.2600,30.2600,505
2025-01-03 04:32:00,30.2500,30.2900,30.2500,30.2900,155
2025-01-03 04:33:00,30.2600,30.2900,30.2600,30.2900,51
2025-01-03 04:34:00,30.2500,30.2500,30.2500,30.2500,50
2025-01-03 04:35:00,30.2800,30.2800,30.2800,30.2800,38
2025-01-03 04:36:00,30.2600,30.3400,30.2500,30.3400,1803
2025-01-03 04:40:00,30.3000,30.3000,30.2900,30.2900,25
2025-01-03 04:41:00,30.2800,30.3400,30.2800,30.3400,17
2025-01-03 04:42:00,30.2900,30.2900,30.2600,30.2600,800
2025-01-03 04:43:00,30.2900,30.2900,30.2800,30.2800,293
2025-01-03 04:44:00,30.2600,30.2900,30.2600,30.2900,95
2025-01-03 04:45:00,30.2900,30.3000,30.2500,30.2500,689
2025-01-03 04:46:00,30.2700,30.3000,30.2700,30.3000,322
2025-01-03 04:47:00,30.3300,30.3300,30.3300,30.3300,5
2025-01-03 04:48:00,30.3000,30.3100,30.2800,30.3100,4798
2025-01-03 04:49:00,30.3400,30.3500,30.3400,30.3500,10
2025-01-03 04:53:00,30.3400,30.3500,30.3400,30.3500,3
2025-01-03 04:54:00,30.3200,30.3200,30.2600,30.2700,852
2025-01-03 04:55:00,30.3100,30.3400,30.3100,30.3200,613
2025-01-03 04:56:00,30.3400,30.3400,30.2700,30.2700,1231
2025-01-03 04:58:00,30.2700,30.2700,30.2700,30.2700,20
2025-01-03 05:00:00,30.2700,30.3000,30.2600,30.3000,532
2025-01-03 05:03:00,30.3100,30.3100,30.3100,30.3100,2
2025-01-03 05:04:00,30.3100,30.3100,30.2800,30.2800,19
2025-01-03 05:06:00,30.3000,30.3300,30.3000,30.3300,152
2025-01-03 05:08:00,30.3300,30.3300,30.3000,30.3000,259
2025-01-03 05:09:00,30.3200,30.3200,30.3200,30.3200,10
2025-01-03 05:10:00,30.3200,30.3200,30.3200,30.3200,197
2025-01-03 05:11:00,30.3300,30.3300,30.3300,30.3300,1
2025-01-03 05:12:00,30.2800,30.3000,30.2800,30.3000,12
2025-01-03 05:13:00,30.2900,30.3100,30.2800,30.3100,676
2025-01-03 05:14:00,30.2700,30.2800,30.2700,30.2700,400
2025-01-03 05:16:00,30.3100,30.3100,30.2900,30.2900,41
2025-01-03 05:17:00,30.2800,30.2800,30.2800,30.2800,17
2025-01-03 05:19:00,30.3100,30.3600,30.3100,30.3600,3523
2025-01-03 05:20:00,30.3600,30.3600,30.3200,30.3200,6
2025-01-03 05:21:00,30.3400,30.3400,30.2900,30.3000,4189
2025-01-03 05:22:00,30.3000,30.3200,30.3000,30.3100,1019
2025-01-03 05:23:00,30.3000,30.3000,30.2900,30.2900,300
2025-01-03 05:24:00,30.3000,30.3100,30.3000,30.3100,52
2025-01-03 05:25:00,30.3000,30.3100,30.3000,30.3000,360
2025-01-03 05:26:00,30.3200,30.3200,30.3200,30.3200,38
2025-01-03 05:27:00,30.3100,30.3200,30.2800,30.3200,988
2025-01-03 05:29:00,30.3000,30.3000,30.3000,30.3000,600
2025-01-03 05:30:00,30.3100,30.3100,30.3100,30.3100,20
2025-01-03 05:31:00,30.3100,30.3200,30.3100,30.3200,91
2025-01-03 05:32:00,30.3200,30.3300,30.3200,30.3200,157
2025-01-03 05:33:00,30.3000,30.3200,30.3000,30.3000,771
2025-01-03 05:34:00,30.3200,30.3200,30.3200,30.3200,100
2025-01-03 05:36:00,30.3000,30.3100,30.3000,30.3100,45
2025-01-03 05:38:00,30.2900,30.2900,30.2800,30.2800,6
2025-01-03 05:41:00,30.3300,30.3300,30.3300,30.3300,100
2025-01-03 05:44:00,30.3300,30.3300,30.3300,30.3300,100
2025-01-03 05:46:00,30.3100,30.3300,30.3000,30.3300,53
2025-01-03 05:47:00,30.3200,30.3300,30.3200,30.3300,1200
2025-01-03 05:48:00,30.3100,30.3300,30.3000,30.3000,502
2025-01-03 05:49:00,30.3000,30.3400,30.3000,30.3400,105
2025-01-03 05:51:00,30.3200,30.3200,30.3200,30.3200,50
2025-01-03 05:53:00,30.3200,30.3300,30.3200,30.3300,51
2025-01-03 05:54:00,30.3300,30.3300,30.3300,30.3300,3
2025-01-03 05:55:00,30.3200,30.3300,30.3200,30.3300,138
2025-01-03 05:56:00,30.3400,30.3500,30.3400,30.3500,1215
2025-01-03 06:00:00,30.3400,30.3400,30.3400,30.3400,16
2025-01-03 06:01:00,30.3400,30.3400,30.3400,30.3400,75
2025-01-03 06:03:00,30.3100,30.3300,30.3100,30.3300,15
2025-01-03 06:04:00,30.3300,30.3300,30.3300,30.3300,3
2025-01-03 06:05:00,30.3400,30.3400,30.3400,30.3400,7
2025-01-03 06:06:00,30.3400,30.3400,30.3300,30.3300,13
2025-01-03 06:07:00,30.3000,30.3100,30.2600,30.3000,2205
2025-01-03 06:09:00,30.2800,30.2800,30.2800,30.2800,84
2025-01-03 06:11:00,30.2900,30.2900,30.2900,30.2900,20
2025-01-03 06:12:00,30.2900,30.2900,30.2900,30.2900,19
2025-01-03 06:14:00,30.2900,30.2900,30.2900,30.2900,7
2025-01-03 06:15:00,30.2900,30.2900,30.2900,30.2900,105
2025-01-03 06:16:00,30.2900,30.2900,30.2200,30.2400,2333
2025-01-03 06:18:00,30.2400,30.2400,30.2400,30.2400,27
2025-01-03 06:20:00,30.2500,30.2500,30.2000,30.2200,761
2025-01-03 06:21:00,30.2000,30.2000,30.2000,30.2000,2
2025-01-03 06:23:00,30.2000,30.2000,30.2000,30.2000,52
2025-01-03 06:24:00,30.1900,30.1900,30.1900,30.1900,88
2025-01-03 06:25:00,30.2000,30.2000,30.1800,30.1800,63
2025-01-03 06:26:00,30.2200,30.2200,30.2200,30.2200,200
2025-01-03 06:27:00,30.1900,30.2400,30.1900,30.2000,608
2025-01-03 06:28:00,30.1900,30.2000,30.1900,30.2000,88
2025-01-03 06:29:00,30.2000,30.2000,30.2000,30.2000,2
2025-01-03 06:31:00,30.1700,30.1700,30.1700,30.1700,100
2025-01-03 06:32:00,30.1700,30.1700,30.1700,30.1700,5
2025-01-03 06:33:00,30.1700,30.2000,30.1500,30.1900,1602
2025-01-03 06:34:00,30.2000,30.2000,30.2000,30.2000,100
2025-01-03 06:36:00,30.2000,30.2000,30.2000,30.2000,11
2025-01-03 06:37:00,30.1900,30.1900,30.1900,30.1900,241
2025-01-03 06:39:00,30.1800,30.1900,30.1800,30.1900,1341
2025-01-03 06:40:00,30.2000,30.2000,30.1900,30.1900,75
2025-01-03 06:41:00,30.1900,30.1900,30.1900,30.1900,15
2025-01-03 06:42:00,30.2300,30.2300,30.2300,30.2300,1
2025-01-03 06:43:00,30.2400,30.2400,30.1900,30.1900,25
2025-01-03 06:44:00,30.1900,30.2300,30.1900,30.2300,114
2025-01-03 06:45:00,30.1900,30.1900,30.1900,30.1900,5
2025-01-03 06:46:00,30.2300,30.2400,30.2300,30.2400,107
2025-01-03 06:48:00,30.2100,30.2100,30.2100,30.2100,1053
2025-01-03 06:49:00,30.2100,30.2100,30.2100,30.2100,486
2025-01-03 06:50:00,30.2100,30.2100,30.1800,30.1800,512
2025-01-03 06:51:00,30.2200,30.2200,30.1800,30.1800,28
2025-01-03 06:52:00,30.2200,30.2400,30.2200,30.2400,980
2025-01-03 06:55:00,30.2300,30.2300,30.2300,30.2300,23
2025-01-03 06:56:00,30.2300,30.2300,30.2300,30.2300,300
2025-01-03 06:57:00,30.2300,30.2300,30.2300,30.2300,451
2025-01-03 06:58:00,30.2300,30.2300,30.2300,30.2300,361
2025-01-03 06:59:00,30.2300,30.2300,30.2300,30.2300,2
2025-01-03 07:00:00,30.2100,30.2300,30.2100,30.2300,910
2025-01-03 07:01:00,30.2300,30.2300,30.2200,30.2300,71
2025-01-03 07:02:00,30.2300,30.2400,30.2300,30.2400,1509
2025-01-03 07:03:00,30.2300,30.2400,30.2200,30.2200,33
2025-01-03 07:04:00,30.2400,30.2400,30.2400,30.2400,10
2025-01-03 07:05:00,30.2200,30.2200,30.2000,30.2000,1689
2025-01-03 07:06:00,30.2200,30.2300,30.2100,30.2100,707
2025-01-03 07:07:00,30.2000,30.2200,30.2000,30.2200,11
2025-01-03 07:08:00,30.2000,30.2000,30.1800,30.1800,552
2025-01-03 07:10:00,30.1900,30.2100,30.1900,30.2100,302
2025-01-03 07:12:00,30.1900,30.2200,30.1900,30.2100,362
2025-01-03 07:13:00,30.2100,30.2100,30.2100,30.2100,1
2025-01-03 07:14:00,30.2200,30.2200,30.2200,30.2200,463
2025-01-03 07:16:00,30.2200,30.2200,30.2000,30.2000,643
2025-01-03 07:17:00,30.2200,30.2300,30.1800,30.1800,1718
2025-01-03 07:18:00,30.1900,30.1900,30.1900,30.1900,119
2025-01-03 07:19:00,30.1800,30.1900,30.1800,30.1900,273
2025-01-03 07:20:00,30.1900,30.1900,30.1900,30.1900,46
2025-01-03 07:21:00,30.1900,30.1900,30.1900,30.1900,3
2025-01-03 07:22:00,30.1710,30.1710,30.1710,30.1710,30
2025-01-03 07:23:00,30.1800,30.1800,30.1800,30.1800,1
2025-01-03 07:25:00,30.1900,30.1900,30.1900,30.1900,350
2025-01-03 07:27:00,30.1900,30.1900,30.1800,30.1800,807
2025-01-03 07:28:00,30.1700,30.1700,30.1400,30.1400,1010
2025-01-03 07:29:00,30.1500,30.1700,30.1400,30.1600,229
2025-01-03 07:30:00,30.1400,30.1500,30.1300,30.1500,820
2025-01-03 07:32:00,30.1500,30.1500,30.1500,30.1500,1
2025-01-03 07:33:00,30.1500,30.1500,30.1500,30.1500,10
2025-01-03 07:35:00,30.1500,30.1500,30.1210,30.1210,486
2025-01-03 07:36:00,30.1300,30.1300,30.1300,30.1300,100
2025-01-03 07:37:00,30.1400,30.1500,30.1400,30.1400,381
2025-01-03 07:38:00,30.1400,30.1400,30.1200,30.1200,1257
2025-01-03 07:39:00,30.1200,30.1300,30.1200,30.1300,109
2025-01-03 07:40:00,30.1200,30.1300,30.1200,30.1300,1336
2025-01-03 07:41:00,30.1200,30.1200,30.1200,30.1200,30
2025-01-03 07:43:00,30.1200,30.1200,30.1000,30.1200,1967
2025-01-03 07:44:00,30.1100,30.1100,30.1100,30.1100,142
2025-01-03 07:45:00,30.1000,30.1000,30.0800,30.0800,2990
2025-01-03 07:46:00,30.1000,30.1000,30.0900,30.0900,200
2025-01-03 07:47:00,30.1100,30.1200,30.1000,30.1000,1935
2025-01-03 07:48:00,30.1100,30.1100,30.1100,30.1100,1
2025-01-03 07:50:00,30.1400,30.1400,30.1400,30.1400,100
2025-01-03 07:51:00,30.1500,30.1500,30.1200,30.1200,505
2025-01-03 07:52:00,30.1300,30.1600,30.1300,30.1600,2
2025-01-03 07:56:00,30.1500,30.1500,30.1500,30.1500,10
2025-01-03 07:57:00,30.1500,30.1500,30.1500,30.1500,5
2025-01-03 07:58:00,30.1600,30.1900,30.1600,30.1900,1614
2025-01-03 07:59:00,30.1900,30.1900,30.1900,30.1900,33
2025-01-03 08:00:00,30.2000,30.4300,30.0700,30.2048,55592
2025-01-03 08:01:00,30.3400,30.3400,30.1188,30.1500,1344
2025-01-03 08:02:00,30.1600,30.1900,30.1100,30.1900,3484
2025-01-03 08:03:00,30.1970,30.1997,30.1800,30.1900,1472
2025-01-03 08:04:00,30.2000,30.2000,30.1700,30.1800,4376
2025-01-03 08:05:00,30.1900,30.2447,30.1800,30.1900,756
2025-01-03 08:06:00,30.2100,30.2500,30.2000,30.2500,5789
2025-01-03 08:07:00,30.2250,30.2700,30.2100,30.2700,2220
2025-01-03 08:08:00,30.2800,30.3100,30.2500,30.2700,3985
2025-01-03 08:09:00,30.2500,30.2700,30.2200,30.2200,193
2025-01-03 08:10:00,30.2400,30.2700,30.1900,30.2000,2649
2025-01-03 08:11:00,30.2000,30.2000,30.1500,30.1500,178
2025-01-03 08:12:00,30.1800,30.2000,30.1516,30.2000,461
2025-01-03 08:13:00,30.2000,30.2000,30.1400,30.1800,3543
2025-01-03 08:14:00,30.1700,30.1700,30.0000,30.0200,24860
2025-01-03 08:15:00,30.0000,30.0900,29.9800,30.0000,40757
2025-01-03 08:16:00,29.9700,30.0700,29.9600,30.0200,45793
2025-01-03 08:17:00,30.0400,30.1700,30.0100,30.0600,11119
2025-01-03 08:18:00,30.0500,30.0700,30.0100,30.0200,1344
2025-01-03 08:19:00,30.0300,30.0600,30.0100,30.0600,6204
2025-01-03 08:20:00,30.0597,30.0600,29.9500,29.9800,9094
2025-01-03 08:21:00,29.9600,30.0500,29.9532,30.0100,10805
2025-01-03 08:22:00,30.0000,30.0500,29.9800,30.0460,2915
2025-01-03 08:23:00,30.0007,30.0500,30.0007,30.0500,711
2025-01-03 08:24:00,30.0500,30.0600,30.0400,30.0500,2669
2025-01-03 08:25:00,30.0700,30.0700,30.0300,30.0300,1649
2025-01-03 08:26:00,30.0692,30.0700,30.0400,30.0700,2784
2025-01-03 08:27:00,30.0500,30.0700,30.0400,30.0600,286
2025-01-03 08:28:00,30.0600,30.0600,30.0100,30.0600,583
2025-01-03 08:29:00,30.0600,30.0600,30.0600,30.0600,502
2025-01-03 08:30:00,30.0600,30.0800,30.0500,30.0800,933
2025-01-03 08:31:00,30.0800,30.1000,30.0500,30.0997,5225
2025-01-03 08:32:00,30.0999,30.1000,30.0500,30.1000,2269
2025-01-03 08:33:00,30.1000,30.1000,30.0808,30.0808,457
2025-01-03 08:34:00,30.0999,30.1000,30.0500,30.1000,2828
2025-01-03 08:35:00,30.1000,30.2100,30.0500,30.2100,2289
2025-01-03 08:36:00,30.1800,30.2400,30.1000,30.1500,333
2025-01-03 08:37:00,30.1700,30.2200,30.1112,30.2100,650
2025-01-03 08:38:00,30.1500,30.2100,30.1300,30.1500,889
2025-01-03 08:39:00,30.1600,30.2100,30.1100,30.1200,2203
2025-01-03 08:40:00,30.1300,30.1990,30.0900,30.0900,2754
2025-01-03 08:41:00,30.0990,30.1500,30.0800,30.1500,1809
2025-01-03 08:42:00,30.1200,30.1500,30.0800,30.1500,83
2025-01-03 08:43:00,30.1365,30.1365,30.1200,30.1200,209
2025-01-03 08:44:00,30.1200,30.1500,30.1000,30.1100,228
2025-01-03 08:45:00,30.1492,30.1500,30.1000,30.1200,57
2025-01-03 08:46:00,30.0800,30.1500,30.0800,30.0900,215
2025-01-03 08:47:00,30.1391,30.1400,30.1300,30.1300,116
2025-01-03 08:48:00,30.1300,30.1400,30.0800,30.1300,129
2025-01-03 08:49:00,30.0800,30.1200,30.0800,30.0800,85
2025-01-03 08:50:00,30.1400,30.1400,30.1200,30.1300,458
2025-01-03 08:51:00,30.1300,30.1400,30.0800,30.1000,1125
2025-01-03 08:52:00,30.1400,30.1400,30.1000,30.1100,3259
2025-01-03 08:53:00,30.0838,30.1400,30.0838,30.1300,670
2025-01-03 08:54:00,30.1400,30.1400,30.1100,30.1100,251
2025-01-03 08:55:00,30.1392,30.1400,30.0900,30.1000,3190
2025-01-03 08:56:00,30.1000,30.1100,30.1000,30.1100,69
2025-01-03 08:57:00,30.0800,30.1000,30.0800,30.0900,630
2025-01-03 08:58:00,30.0900,30.1087,30.0400,30.1087,6730
2025-01-03 08:59:00,30.0800,30.1000,30.0600,30.0600,751
2025-01-03 09:00:00,30.0800,30.1000,30.0800,30.1000,39
2025-01-03 09:01:00,30.0900,30.1200,30.0300,30.0300,2190
2025-01-03 09:02:00,30.1200,30.1300,30.0800,30.1200,1919
2025-01-03 09:03:00,30.1300,30.1400,30.1100,30.1100,1736
2025-01-03 09:04:00,30.1000,30.1300,30.1000,30.1100,1438
2025-01-03 09:05:00,30.1101,30.1500,30.1101,30.1400,674
2025-01-03 09:06:00,30.1498,30.1800,30.1400,30.1799,2384
2025-01-03 09:07:00,30.1800,30.1800,30.1448,30.1800,873
2025-01-03 09:08:00,30.1800,30.2000,30.1800,30.2000,1734
2025-01-03 09:09:00,30.1999,30.2100,30.1900,30.2001,2619
2025-01-03 09:10:00,30.2098,30.2500,30.2000,30.2400,5884
2025-01-03 09:11:00,30.2300,30.2500,30.2300,30.2500,2456
2025-01-03 09:12:00,30.2500,30.2500,30.2200,30.2200,1936
2025-01-03 09:13:00,30.2500,30.2500,30.1800,30.2383,6114
2025-01-03 09:14:00,30.2400,30.2400,30.2000,30.2000,145
2025-01-03 09:15:00,30.2001,30.2001,30.1700,30.2000,3396
2025-01-03 09:16:00,30.1993,30.2228,30.1700,30.2200,4518
2025-01-03 09:17:00,30.2100,30.2300,30.2100,30.2300,2871
2025-01-03 09:18:00,30.2200,30.2400,30.2001,30.2299,5030
2025-01-03 09:19:00,30.2300,30.2300,30.2100,30.2300,1551
2025-01-03 09:20:00,30.2300,30.2700,30.2005,30.2100,5863
2025-01-03 09:21:00,30.2292,30.2300,30.2101,30.2101,155
2025-01-03 09:22:00,30.2300,30.9650,30.2200,30.2200,2791
2025-01-03 09:23:00,30.2107,30.2300,30.2100,30.2300,2532
2025-01-03 09:24:00,30.2100,30.2600,30.2100,30.2500,405
2025-01-03 09:25:00,30.2600,30.2800,30.2300,30.2400,2275
2025-01-03 09:26:00,30.2100,30.3000,30.2100,30.2800,2402
2025-01-03 09:27:00,30.3000,30.4200,30.2800,30.3500,17028
2025-01-03 09:28:00,30.4400,30.5000,30.1900,30.4330,49287
2025-01-03 09:29:00,30.4493,30.4500,30.3115,30.4300,13019
2025-01-03 09:30:00,30.4100,30.4400,30.2400,30.3700,352842
2025-01-03 09:31:00,30.3400,30.5100,30.2600,30.4000,144201
2025-01-03 09:32:00,30.4000,30.4411,30.1300,30.2101,128269
2025-01-03 09:33:00,30.2400,30.3144,30.1572,30.2300,60896
2025-01-03 09:34:00,30.2500,30.3700,30.2000,30.3400,95204
2025-01-03 09:35:00,30.3900,30.5500,30.3301,30.5481,172988
2025-01-03 09:36:00,30.5474,30.5800,30.2100,30.3450,130625
2025-01-03 09:37:00,30.3696,30.5692,30.3500,30.4330,93969
2025-01-03 09:38:00,30.4300,30.4798,30.4000,30.4700,36649
2025-01-03 09:39:00,30.4700,30.7200,30.4100,30.6000,371505
2025-01-03 09:40:00,30.5800,30.6300,30.5150,30.5500,89362
2025-01-03 09:41:00,30.5700,30.6950,30.5500,30.6700,132761
2025-01-03 09:42:00,30.6800,30.8450,30.6300,30.8272,355303
2025-01-03 09:43:00,30.8300,30.8500,30.7600,30.8100,156081
2025-01-03 09:44:00,30.8156,30.8700,30.7500,30.8700,211007
2025-01-03 09:45:00,30.8750,30.9050,30.8035,30.9000,126386
2025-01-03 09:46:00,30.9100,31.0600,30.9035,31.0250,296413
2025-01-03 09:47:00,31.0167,31.0300,30.8800,30.9000,148584
2025-01-03 09:48:00,30.8980,30.9600,30.7250,30.8100,135767
2025-01-03 09:49:00,30.8146,30.8500,30.6200,30.6820,120891
2025-01-03 09:50:00,30.6800,30.7400,30.6200,30.6611,95661
2025-01-03 09:51:00,30.6437,30.6699,30.3900,30.4246,171560
2025-01-03 09:52:00,30.4300,30.5100,30.4200,30.4800,127298
2025-01-03 09:53:00,30.4700,30.6800,30.4700,30.6400,93940
2025-01-03 09:54:00,30.6500,30.6700,30.5500,30.5618,63092
2025-01-03 09:55:00,30.5700,30.5895,30.4800,30.5700,69281
2025-01-03 09:56:00,30.5601,30.5650,30.4800,30.5400,62849
2025-01-03 09:57:00,30.5420,30.5450,30.4750,30.4850,49519
2025-01-03 09:58:00,30.4700,30.4750,30.3900,30.4100,84738
2025-01-03 09:59:00,30.4300,30.5612,30.4300,30.5350,91282
2025-01-03 10:00:00,30.5200,30.5650,30.4500,30.4771,51194
2025-01-03 10:01:00,30.4800,30.5100,30.3850,30.4192,58725
2025-01-03 10:02:00,30.4200,30.5000,30.4000,30.4900,106995
2025-01-03 10:03:00,30.4600,30.6000,30.4600,30.5700,98632
2025-01-03 10:04:00,30.5700,30.6900,30.5620,30.6700,69384
2025-01-03 10:05:00,30.6809,30.7690,30.6200,30.6200,80911
2025-01-03 10:06:00,30.6200,30.6600,30.4700,30.4965,79545
2025-01-03 10:07:00,30.4900,30.5199,30.4390,30.4800,61065
2025-01-03 10:08:00,30.4890,30.5200,30.4400,30.4500,92161
2025-01-03 10:09:00,30.4500,30.5200,30.4334,30.4900,53754
2025-01-03 10:10:00,30.4950,30.5000,30.4600,30.4723,61257
2025-01-03 10:11:00,30.4800,30.5000,30.4200,30.4300,49061
2025-01-03 10:12:00,30.4200,30.4400,30.3400,30.3880,136883
2025-01-03 10:13:00,30.3800,30.3800,30.3400,30.3500,87559
2025-01-03 10:14:00,30.3450,30.3700,30.3150,30.3600,37488
2025-01-03 10:15:00,30.3650,30.3701,30.2850,30.2900,114877
2025-01-03 10:16:00,30.2850,30.3488,30.2850,30.3200,98500
2025-01-03 10:17:00,30.3200,30.3350,30.2450,30.2685,80439
2025-01-03 10:18:00,30.2600,30.3300,30.2500,30.2800,74411
2025-01-03 10:19:00,30.2900,30.3300,30.2000,30.2100,113944
2025-01-03 10:20:00,30.2200,30.2600,30.1900,30.1900,104804
2025-01-03 10:21:00,30.2050,30.2050,30.1300,30.1500,73961
2025-01-03 10:22:00,30.1499,30.2500,30.1287,30.2350,36854
2025-01-03 10:23:00,30.2400,30.3000,30.2399,30.2800,66387
2025-01-03 10:24:00,30.2726,30.4350,30.2726,30.3900,81169
2025-01-03 10:25:00,30.4000,30.5300,30.4000,30.5080,117936
2025-01-03 10:26:00,30.5013,30.5300,30.4315,30.5258,42277
2025-01-03 10:27:00,30.5200,30.6300,30.5200,30.6000,115260
2025-01-03 10:28:00,30.6046,30.7200,30.6046,30.7200,106970
2025-01-03 10:29:00,30.7228,30.8000,30.7024,30.7500,127789
2025-01-03 10:30:00,30.7620,30.7700,30.6300,30.6501,75686
2025-01-03 10:31:00,30.6700,30.7111,30.6700,30.6900,40629
2025-01-03 10:32:00,30.6950,30.7100,30.6400,30.6700,54310
2025-01-03 10:33:00,30.6600,30.7500,30.6600,30.7500,86261
2025-01-03 10:34:00,30.7500,30.8200,30.7400,30.8050,53745
2025-01-03 10:35:00,30.8060,30.8500,30.7650,30.8400,30052
2025-01-03 10:36:00,30.8450,31.0700,30.8399,31.0100,397442
2025-01-03 10:37:00,31.0200,31.1400,31.0000,31.0899,185252
2025-01-03 10:38:00,31.0792,31.1700,31.0600,31.1200,100878
2025-01-03 10:39:00,31.1150,31.1700,31.1000,31.1500,127520
2025-01-03 10:40:00,31.1599,31.2190,31.1249,31.1252,104541
2025-01-03 10:41:00,31.1292,31.1400,31.0800,31.1200,82585
2025-01-03 10:42:00,31.1201,31.1800,31.1201,31.1698,61255
2025-01-03 10:43:00,31.1650,31.2400,31.1500,31.2350,84310
2025-01-03 10:44:00,31.2362,31.3284,31.2000,31.2300,177480
2025-01-03 10:45:00,31.2300,31.2500,31.1900,31.2214,67559
2025-01-03 10:46:00,31.2300,31.2800,31.0892,31.1000,186032
2025-01-03 10:47:00,31.0900,31.1100,30.9700,30.9900,92777
2025-01-03 10:48:00,30.9920,31.0200,30.9600,31.0153,90531
2025-01-03 10:49:00,31.0200,31.0300,30.9400,31.0200,74250
2025-01-03 10:50:00,31.0220,31.2500,31.0176,31.2489,97527
2025-01-03 10:51:00,31.2450,31.3800,31.2330,31.3499,137127
2025-01-03 10:52:00,31.3500,31.4400,31.3400,31.4176,152688
2025-01-03 10:53:00,31.4200,31.5200,31.3800,31.5000,326121
2025-01-03 10:54:00,31.5050,31.5100,31.4100,31.4200,99156
2025-01-03 10:55:00,31.4163,31.6500,31.4034,31.6499,249765
2025-01-03 10:56:00,31.6500,31.7300,31.6400,31.7200,322889
2025-01-03 10:57:00,31.7112,31.8900,31.6941,31.8139,362061
2025-01-03 10:58:00,31.8200,32.0100,31.7900,32.0050,640898
2025-01-03 10:59:00,32.0000,32.0900,31.9300,31.9400,266900
2025-01-03 11:00:00,31.9450,31.9488,31.6650,31.7350,319822
2025-01-03 11:01:00,31.7346,31.9400,31.7300,31.8463,161856
2025-01-03 11:02:00,31.8392,31.8872,31.7600,31.8588,110601
2025-01-03 11:03:00,31.8600,31.9900,31.8529,31.8800,107074
2025-01-03 11:04:00,31.8789,31.9300,31.7900,31.8300,163653
2025-01-03 11:05:00,31.8100,31.8100,31.7300,31.7601,122169
2025-01-03 11:06:00,31.7600,31.7900,31.6600,31.6703,92187
2025-01-03 11:07:00,31.6750,31.6900,31.5950,31.6400,75006
2025-01-03 11:08:00,31.6500,31.8600,31.6480,31.7700,105976
2025-01-03 11:09:00,31.7800,31.7800,31.6100,31.6250,87460
2025-01-03 11:10:00,31.6291,31.7500,31.6246,31.6599,60919
2025-01-03 11:11:00,31.6500,31.6600,31.5250,31.5424,70992
2025-01-03 11:12:00,31.5500,31.6300,31.5300,31.6106,81665
2025-01-03 11:13:00,31.6024,31.7496,31.6024,31.7200,62646
2025-01-03 11:14:00,31.7220,31.7300,31.5800,31.5976,75293
2025-01-03 11:15:00,31.5900,31.6250,31.5300,31.5600,39218
2025-01-03 11:16:00,31.5800,31.6300,31.5301,31.5490,55712
2025-01-03 11:17:00,31.5600,31.5600,31.4700,31.5000,103116
2025-01-03 11:18:00,31.5200,31.6100,31.4800,31.6050,79823
2025-01-03 11:19:00,31.6200,31.7000,31.6073,31.6350,98957
2025-01-03 11:20:00,31.6408,31.6682,31.5650,31.5650,72471
2025-01-03 11:21:00,31.5686,31.5899,31.5200,31.5600,35083
2025-01-03 11:22:00,31.5700,31.6776,31.5600,31.6300,108288
2025-01-03 11:23:00,31.6399,31.6500,31.5427,31.5900,66480
2025-01-03 11:24:00,31.5900,31.7400,31.5700,31.7400,106141
2025-01-03 11:25:00,31.7200,31.7860,31.6900,31.7199,76567
2025-01-03 11:26:00,31.7150,31.7150,31.5800,31.6200,75152
2025-01-03 11:27:00,31.6159,31.6700,31.6050,31.6600,36851
2025-01-03 11:28:00,31.6610,31.7785,31.6500,31.7040,60546
2025-01-03 11:29:00,31.7026,31.7380,31.6800,31.7200,57939
2025-01-03 11:30:00,31.7200,31.8200,31.6950,31.8182,116642
2025-01-03 11:31:00,31.8199,31.8399,31.7300,31.7320,66399
2025-01-03 11:32:00,31.7420,31.8150,31.7100,31.8000,32279
2025-01-03 11:33:00,31.8100,31.8550,31.8001,31.8400,51930
2025-01-03 11:34:00,31.8373,31.8580,31.8000,31.8200,30099
2025-01-03 11:35:00,31.8200,31.8297,31.7900,31.8297,44051
2025-01-03 11:36:00,31.8100,31.8199,31.7400,31.7400,50191
2025-01-03 11:37:00,31.7500,31.8300,31.7424,31.7950,49821
2025-01-03 11:38:00,31.8000,31.9000,31.8000,31.8350,42454
2025-01-03 11:39:00,31.8350,31.8700,31.8100,31.8700,45918
2025-01-03 11:40:00,31.8700,31.8999,31.8200,31.8200,36347
2025-01-03 11:41:00,31.8300,31.9000,31.8150,31.8800,68568
2025-01-03 11:42:00,31.8846,32.0000,31.8846,31.9900,135126
2025-01-03 11:43:00,31.9850,32.0400,31.9600,31.9900,165190
2025-01-03 11:44:00,31.9967,31.9967,31.8800,31.9200,82190
2025-01-03 11:45:00,31.9300,31.9500,31.8836,31.9500,49888
2025-01-03 11:46:00,31.9384,31.9400,31.8900,31.9182,51573
2025-01-03 11:47:00,31.9100,31.9600,31.8952,31.9450,44537
2025-01-03 11:48:00,31.9400,31.9900,31.9400,31.9500,33967
2025-01-03 11:49:00,31.9402,31.9600,31.8950,31.8987,30161
2025-01-03 11:50:00,31.8901,31.9800,31.8800,31.9700,34965
2025-01-03 11:51:00,31.9786,31.9850,31.9400,31.9550,36185
2025-01-03 11:52:00,31.9600,31.9800,31.9099,31.9500,49209
2025-01-03 11:53:00,31.9483,31.9900,31.9300,31.9688,67948
2025-01-03 11:54:00,31.9601,32.0399,31.9409,32.0250,84778
2025-01-03 11:55:00,32.0201,32.0201,31.9500,31.9550,57283
2025-01-03 11:56:00,31.9500,31.9500,31.8500,31.8700,75986
2025-01-03 11:57:00,31.8844,31.9000,31.8000,31.8050,51353
2025-01-03 11:58:00,31.8000,31.8600,31.7800,31.8171,77754
2025-01-03 11:59:00,31.8040,31.8400,31.7700,31.7750,47123
2025-01-03 12:00:00,31.7800,31.8099,31.7500,31.7785,67706
2025-01-03 12:01:00,31.7700,31.8400,31.7650,31.8400,31884
2025-01-03 12:02:00,31.8284,31.8600,31.8000,31.8400,55257
2025-01-03 12:03:00,31.8450,31.9000,31.8300,31.8615,59401
2025-01-03 12:04:00,31.8635,31.8900,31.8200,31.8354,27466
2025-01-03 12:05:00,31.8390,31.8600,31.7616,31.7616,37643
2025-01-03 12:06:00,31.7700,31.7971,31.7200,31.7800,40181
2025-01-03 12:07:00,31.7700,31.8100,31.7600,31.8100,49545
2025-01-03 12:08:00,31.8050,31.8300,31.8000,31.8050,40987
2025-01-03 12:09:00,31.8086,31.8200,31.7650,31.7800,27536
2025-01-03 12:10:00,31.7700,31.8099,31.7700,31.7900,30925
2025-01-03 12:11:00,31.7847,31.7880,31.7199,31.7199,45612
2025-01-03 12:12:00,31.7272,31.7600,31.7101,31.7380,30657
2025-01-03 12:13:00,31.7300,31.7400,31.6900,31.7040,66216
2025-01-03 12:14:00,31.7074,31.7692,31.7008,31.7200,16380
2025-01-03 12:15:00,31.7300,31.8600,31.7000,31.8331,60164
2025-01-03 12:16:00,31.8500,31.8799,31.8340,31.8500,35467
2025-01-03 12:17:00,31.8461,31.8500,31.7900,31.8000,19538
2025-01-03 12:18:00,31.7910,31.8499,31.7800,31.8100,27261
2025-01-03 12:19:00,31.8111,31.8500,31.8050,31.8074,12659
2025-01-03 12:20:00,31.8150,31.8500,31.8150,31.8500,15548
2025-01-03 12:21:00,31.8500,31.8500,31.7808,31.8000,21484
2025-01-03 12:22:00,31.8099,31.8380,31.7935,31.8300,12995
2025-01-03 12:23:00,31.8300,31.8509,31.8200,31.8509,7534
2025-01-03 12:24:00,31.8503,31.8900,31.8500,31.8586,25297
2025-01-03 12:25:00,31.8600,31.9200,31.8600,31.9000,76397
2025-01-03 12:26:00,31.8940,31.8950,31.8500,31.8780,30310
2025-01-03 12:27:00,31.8692,31.8800,31.8220,31.8220,21679
2025-01-03 12:28:00,31.8400,31.8500,31.7900,31.8200,28753
2025-01-03 12:29:00,31.8300,31.8500,31.8100,31.8200,15715
2025-01-03 12:30:00,31.8199,31.8400,31.8050,31.8300,16021
2025-01-03 12:31:00,31.8313,31.8700,31.8150,31.8451,31330
2025-01-03 12:32:00,31.8400,31.8400,31.7801,31.7801,33627
2025-01-03 12:33:00,31.7835,31.8300,31.7700,31.8011,34969
2025-01-03 12:34:00,31.8072,31.8391,31.7900,31.8087,26861
2025-01-03 12:35:00,31.8000,31.8212,31.7900,31.8200,13179
2025-01-03 12:36:00,31.8100,31.8200,31.7600,31.7900,72686
2025-01-03 12:37:00,31.7940,31.8099,31.7801,31.7900,22027
2025-01-03 12:38:00,31.7800,31.8400,31.7746,31.8399,42952
2025-01-03 12:39:00,31.8400,31.8786,31.8235,31.8470,27206
2025-01-03 12:40:00,31.8498,31.9000,31.8100,31.8622,95252
2025-01-03 12:41:00,31.8800,31.9200,31.8700,31.9100,27325
2025-01-03 12:42:00,31.9200,31.9700,31.9061,31.9589,55451
2025-01-03 12:43:00,31.9600,31.9800,31.9300,31.9301,31033
2025-01-03 12:44:00,31.9325,31.9800,31.9200,31.9600,46774
2025-01-03 12:45:00,31.9620,31.9800,31.8800,31.9200,27539
2025-01-03 12:46:00,31.9300,31.9300,31.8400,31.8900,23016
2025-01-03 12:47:00,31.8700,31.8900,31.8200,31.8491,31585
2025-01-03 12:48:00,31.8400,31.8700,31.8130,31.8700,27822
2025-01-03 12:49:00,31.8700,31.9000,31.8600,31.8800,23260
2025-01-03 12:50:00,31.8750,31.9199,31.8701,31.8900,17234
2025-01-03 12:51:00,31.8889,31.9000,31.8700,31.8701,15063
2025-01-03 12:52:00,31.8701,31.8900,31.8500,31.8590,18191
2025-01-03 12:53:00,31.8500,31.8500,31.8000,31.8500,22231
2025-01-03 12:54:00,31.8528,31.8600,31.8100,31.8152,15034
2025-01-03 12:55:00,31.8200,31.8500,31.8100,31.8378,17101
2025-01-03 12:56:00,31.8350,31.8900,31.8290,31.8677,28812
2025-01-03 12:57:00,31.8608,31.8800,31.8500,31.8720,15433
2025-01-03 12:58:00,31.8800,31.8900,31.8500,31.8550,11674
2025-01-03 12:59:00,31.8550,31.9100,31.8550,31.9100,17626
2025-01-03 13:00:00,31.9160,31.9800,31.9160,31.9300,25863
2025-01-03 13:01:00,31.9400,31.9500,31.9100,31.9100,16816
2025-01-03 13:02:00,31.9192,31.9799,31.9100,31.9774,18436
2025-01-03 13:03:00,31.9700,32.0050,31.9600,31.9800,100396
2025-01-03 13:04:00,31.9980,32.0000,31.9800,32.0000,26580
2025-01-03 13:05:00,31.9900,32.0500,31.9700,32.0450,97764
2025-01-03 13:06:00,32.0400,32.0500,32.0000,32.0000,42666
2025-01-03 13:07:00,32.0100,32.0400,31.9700,32.0200,65138
2025-01-03 13:08:00,32.0150,32.0222,31.9900,32.0210,32773
2025-01-03 13:09:00,32.0300,32.0600,32.0200,32.0400,49843
2025-01-03 13:10:00,32.0400,32.0500,32.0130,32.0400,30723
2025-01-03 13:11:00,32.0450,32.0700,32.0403,32.0500,48842
2025-01-03 13:12:00,32.0454,32.0454,32.0200,32.0200,22418
2025-01-03 13:13:00,32.0300,32.0410,32.0200,32.0350,25411
2025-01-03 13:14:00,32.0399,32.0900,32.0324,32.0810,31927
2025-01-03 13:15:00,32.0802,32.1200,32.0800,32.1038,84229
2025-01-03 13:16:00,32.1000,32.1900,32.0950,32.1800,82171
2025-01-03 13:17:00,32.1800,32.1900,32.1700,32.1900,43378
2025-01-03 13:18:00,32.1950,32.2050,32.1300,32.1744,83794
2025-01-03 13:19:00,32.1800,32.2300,32.1800,32.2235,44352
2025-01-03 13:20:00,32.2300,32.2500,32.2250,32.2500,65193
2025-01-03 13:21:00,32.2400,32.2400,32.1700,32.1800,61412
2025-01-03 13:22:00,32.1900,32.1965,32.1600,32.1650,35055
2025-01-03 13:23:00,32.1650,32.2000,32.1600,32.1650,20965
2025-01-03 13:24:00,32.1650,32.1800,32.1600,32.1650,27871
2025-01-03 13:25:00,32.1850,32.2000,32.1600,32.1982,32175
2025-01-03 13:26:00,32.2000,32.2400,32.2000,32.2150,55943
2025-01-03 13:27:00,32.2150,32.2500,32.2150,32.2200,54870
2025-01-03 13:28:00,32.2400,32.3000,32.2200,32.2712,95998
2025-01-03 13:29:00,32.2799,32.3250,32.2600,32.3100,60017
2025-01-03 13:30:00,32.3050,32.3050,32.2550,32.2550,38671
2025-01-03 13:31:00,32.2510,32.2987,32.2501,32.2700,41983
2025-01-03 13:32:00,32.2699,32.2800,32.2550,32.2650,33387
2025-01-03 13:33:00,32.2610,32.2800,32.2400,32.2800,46848
2025-01-03 13:34:00,32.2700,32.2800,32.1850,32.1946,40482
2025-01-03 13:35:00,32.1946,32.2000,32.1612,32.1900,33588
2025-01-03 13:36:00,32.1994,32.2242,32.1830,32.2140,21759
2025-01-03 13:37:00,32.2112,32.2400,32.1800,32.2323,27736
2025-01-03 13:38:00,32.2400,32.2899,32.2350,32.2899,27462
2025-01-03 13:39:00,32.2900,32.3400,32.2900,32.3300,47875
2025-01-03 13:40:00,32.3385,32.3800,32.3300,32.3800,68500
2025-01-03 13:41:00,32.3900,32.4400,32.3815,32.4122,66889
2025-01-03 13:42:00,32.4146,32.4200,32.3800,32.3850,46733
2025-01-03 13:43:00,32.3850,32.4800,32.3850,32.4783,57627
2025-01-03 13:44:00,32.4700,32.4950,32.4400,32.4613,103591
2025-01-03 13:45:00,32.4690,32.4750,32.4014,32.4050,52101
2025-01-03 13:46:00,32.4028,32.4028,32.3600,32.3650,36828
2025-01-03 13:47:00,32.3688,32.3900,32.3000,32.3200,47681
2025-01-03 13:48:00,32.3204,32.3400,32.3050,32.3264,29362
2025-01-03 13:49:00,32.3199,32.3354,32.3000,32.3138,30162
2025-01-03 13:50:00,32.3100,32.4150,32.3050,32.3850,55621
2025-01-03 13:51:00,32.3821,32.4099,32.3650,32.4099,39029
2025-01-03 13:52:00,32.4050,32.4300,32.3912,32.4054,27905
2025-01-03 13:53:00,32.4100,32.4800,32.4100,32.4599,49956
2025-01-03 13:54:00,32.4550,32.4800,32.4400,32.4750,33843
2025-01-03 13:55:00,32.4800,32.4800,32.4450,32.4700,46633
2025-01-03 13:56:00,32.4701,32.5000,32.4700,32.4800,74987
2025-01-03 13:57:00,32.4807,32.4900,32.4600,32.4650,35517
2025-01-03 13:58:00,32.4650,32.4800,32.4300,32.4750,50511
2025-01-03 13:59:00,32.4780,32.5150,32.4000,32.4500,135433
2025-01-03 14:00:00,32.4500,32.4600,32.4200,32.4600,57382
2025-01-03 14:01:00,32.4687,32.5000,32.4246,32.4400,45534
2025-01-03 14:02:00,32.4307,32.4900,32.4307,32.4712,31461
2025-01-03 14:03:00,32.4800,32.5700,32.4450,32.5200,96645
2025-01-03 14:04:00,32.5250,32.5600,32.5203,32.5546,63436
2025-01-03 14:05:00,32.5500,32.6600,32.4900,32.6046,319462
2025-01-03 14:06:00,32.6050,32.6600,32.5950,32.6550,55289
2025-01-03 14:07:00,32.6590,32.6799,32.5600,32.5724,89073
2025-01-03 14:08:00,32.5812,32.5812,32.4800,32.4900,62645
2025-01-03 14:09:00,32.4900,32.5138,32.4500,32.5050,54625
2025-01-03 14:10:00,32.5050,32.6500,32.5030,32.6400,65365
2025-01-03 14:11:00,32.6350,32.6400,32.5500,32.6250,72369
2025-01-03 14:12:00,32.6250,32.6320,32.5826,32.5826,38413
2025-01-03 14:13:00,32.5912,32.6600,32.5850,32.6450,34340
2025-01-03 14:14:00,32.6450,32.6500,32.6100,32.6400,72966
2025-01-03 14:15:00,32.6446,32.6500,32.6200,32.6500,72729
2025-01-03 14:16:00,32.6488,32.6500,32.6000,32.6101,47934
2025-01-03 14:17:00,32.6100,32.6100,32.5100,32.5600,80045
2025-01-03 14:18:00,32.5600,32.5880,32.5250,32.5400,37055
2025-01-03 14:19:00,32.5400,32.6400,32.5400,32.6000,26559
2025-01-03 14:20:00,32.5903,32.6300,32.5750,32.5899,30708
2025-01-03 14:21:00,32.5800,32.5987,32.5610,32.5700,19438
2025-01-03 14:22:00,32.5700,32.5799,32.4601,32.4700,64985
2025-01-03 14:23:00,32.4690,32.5153,32.4600,32.4700,52773
2025-01-03 14:24:00,32.4611,32.4700,32.4101,32.4500,38939
2025-01-03 14:25:00,32.4412,32.4450,32.4000,32.4170,47131
2025-01-03 14:26:00,32.4150,32.4200,32.3600,32.4000,39325
2025-01-03 14:27:00,32.3800,32.4100,32.3700,32.3720,41895
2025-01-03 14:28:00,32.3850,32.4200,32.3700,32.4100,96848
2025-01-03 14:29:00,32.4110,32.4300,32.3500,32.3600,45758
2025-01-03 14:30:00,32.3622,32.3900,32.3400,32.3890,50241
2025-01-03 14:31:00,32.3700,32.3799,32.3300,32.3350,54005
2025-01-03 14:32:00,32.3350,32.4200,32.3301,32.4100,71641
2025-01-03 14:33:00,32.4100,32.4300,32.4038,32.4038,39105
2025-01-03 14:34:00,32.4200,32.4350,32.3950,32.4000,63912
2025-01-03 14:35:00,32.4000,32.4000,32.3300,32.3401,43485
2025-01-03 14:36:00,32.3440,32.3700,32.3100,32.3700,39514
2025-01-03 14:37:00,32.3650,32.3862,32.3450,32.3650,28953
2025-01-03 14:38:00,32.3600,32.4300,32.3500,32.4286,36151
2025-01-03 14:39:00,32.4250,32.4300,32.3950,32.4300,82930
2025-01-03 14:40:00,32.4250,32.4350,32.3850,32.4242,75087
2025-01-03 14:41:00,32.4250,32.4300,32.3901,32.3910,17751
2025-01-03 14:42:00,32.3950,32.4350,32.3800,32.4250,63919
2025-01-03 14:43:00,32.4250,32.4300,32.3950,32.4187,34815
2025-01-03 14:44:00,32.4100,32.4100,32.3700,32.3946,35382
2025-01-03 14:45:00,32.3950,32.4000,32.3400,32.4000,54808
2025-01-03 14:46:00,32.4089,32.4300,32.4012,32.4100,20729
2025-01-03 14:47:00,32.4100,32.4100,32.3800,32.3950,23492
2025-01-03 14:48:00,32.3920,32.3950,32.3400,32.3700,16776
2025-01-03 14:49:00,32.3650,32.3900,32.3600,32.3600,27483
2025-01-03 14:50:00,32.3650,32.3983,32.3650,32.3850,19054
2025-01-03 14:51:00,32.3850,32.4300,32.3801,32.3946,32549
2025-01-03 14:52:00,32.3950,32.4100,32.3700,32.4100,16142
2025-01-03 14:53:00,32.4002,32.4100,32.3500,32.3560,27652
2025-01-03 14:54:00,32.3554,32.4300,32.3554,32.4200,41590
2025-01-03 14:55:00,32.4250,32.4250,32.3720,32.3750,19178
2025-01-03 14:56:00,32.3700,32.4000,32.3689,32.3800,38321
2025-01-03 14:57:00,32.3708,32.3900,32.3700,32.3787,20905
2025-01-03 14:58:00,32.3780,32.4200,32.3750,32.3815,47620
2025-01-03 14:59:00,32.3900,32.4010,32.3647,32.3647,22923
2025-01-03 15:00:00,32.3600,32.3713,32.3200,32.3700,31104
2025-01-03 15:01:00,32.3750,32.3812,32.3300,32.3354,31967
2025-01-03 15:02:00,32.3400,32.3900,32.3201,32.3754,52489
2025-01-03 15:03:00,32.3748,32.3850,32.3617,32.3700,32841
2025-01-03 15:04:00,32.3743,32.3788,32.3200,32.3300,27578
2025-01-03 15:05:00,32.3400,32.3500,32.3150,32.3350,33756
2025-01-03 15:06:00,32.3400,32.3700,32.3300,32.3350,72420
2025-01-03 15:07:00,32.3354,32.3500,32.3200,32.3462,19977
2025-01-03 15:08:00,32.3450,32.4100,32.3400,32.3900,75969
2025-01-03 15:09:00,32.3987,32.4500,32.3900,32.4450,51311
2025-01-03 15:10:00,32.4450,32.4900,32.4400,32.4750,64276
2025-01-03 15:11:00,32.4800,32.5100,32.4800,32.5050,53286
2025-01-03 15:12:00,32.5000,32.6000,32.5000,32.6000,50424
2025-01-03 15:13:00,32.6000,32.6199,32.5550,32.6050,68021
2025-01-03 15:14:00,32.6050,32.6400,32.6050,32.6280,44651
2025-01-03 15:15:00,32.6200,32.6200,32.5600,32.5850,66632
2025-01-03 15:16:00,32.5810,32.6300,32.5700,32.6250,45259
2025-01-03 15:17:00,32.6203,32.7100,32.6203,32.7050,135303
2025-01-03 15:18:00,32.7050,32.7988,32.7000,32.7900,112034
2025-01-03 15:19:00,32.7898,32.8150,32.7500,32.8050,91843
2025-01-03 15:20:00,32.8050,32.8350,32.7700,32.8050,90391
2025-01-03 15:21:00,32.8100,32.8600,32.7850,32.8550,85460
2025-01-03 15:22:00,32.8520,32.8960,32.8350,32.8550,97621
2025-01-03 15:23:00,32.8600,32.8700,32.7900,32.8650,114765
2025-01-03 15:24:00,32.8650,32.9099,32.8501,32.8950,99808
2025-01-03 15:25:00,32.8990,32.9700,32.8800,32.9599,113113
2025-01-03 15:26:00,32.9600,32.9700,32.9200,32.9400,67503
2025-01-03 15:27:00,32.9320,32.9500,32.9000,32.9500,106843
2025-01-03 15:28:00,32.9400,32.9400,32.8900,32.9050,69007
2025-01-03 15:29:00,32.9000,32.9400,32.8600,32.9292,73063
2025-01-03 15:30:00,32.9200,32.9400,32.8622,32.8950,106961
2025-01-03 15:31:00,32.8950,32.9400,32.8800,32.9300,107656
2025-01-03 15:32:00,32.9300,33.0385,32.9300,33.0350,214170
2025-01-03 15:33:00,33.0350,33.1100,33.0150,33.0950,149819
2025-01-03 15:34:00,33.0986,33.1000,32.9900,33.0600,131204
2025-01-03 15:35:00,33.0550,33.0799,33.0300,33.0746,103038
2025-01-03 15:36:00,33.0700,33.1200,33.0600,33.1199,117622
2025-01-03 15:37:00,33.1100,33.1300,33.0250,33.1100,130868
2025-01-03 15:38:00,33.1169,33.1300,33.0500,33.0900,94766
2025-01-03 15:39:00,33.0850,33.1100,33.0600,33.1100,80391
2025-01-03 15:40:00,33.1100,33.1799,33.0900,33.1550,133730
2025-01-03 15:41:00,33.1500,33.2300,33.1327,33.2214,139943
2025-01-03 15:42:00,33.2214,33.2900,33.1950,33.2550,110558
2025-01-03 15:43:00,33.2580,33.2598,33.1000,33.1100,135053
2025-01-03 15:44:00,33.1100,33.1550,33.0730,33.1350,104123
2025-01-03 15:45:00,33.1380,33.2200,33.1208,33.1600,141089
2025-01-03 15:46:00,33.1550,33.2100,33.1500,33.1950,73185
2025-01-03 15:47:00,33.1950,33.2000,33.1500,33.1950,95448
2025-01-03 15:48:00,33.1950,33.1950,33.0707,33.1150,128654
2025-01-03 15:49:00,33.1150,33.1650,33.0607,33.1589,90209
2025-01-03 15:50:00,33.1500,33.2000,33.1450,33.1750,118303
2025-01-03 15:51:00,33.1750,33.2900,33.1650,33.2560,205052
2025-01-03 15:52:00,33.2550,33.3200,33.2500,33.3115,164561
2025-01-03 15:53:00,33.3150,33.3254,33.2000,33.2350,138610
2025-01-03 15:54:00,33.2350,33.2900,33.2100,33.2650,152855
2025-01-03 15:55:00,33.2650,33.3700,33.2100,33.3700,239305
2025-01-03 15:56:00,33.3650,33.4300,33.3400,33.4200,260132
2025-01-03 15:57:00,33.4238,33.4500,33.3600,33.3750,222043
2025-01-03 15:58:00,33.3800,33.3880,33.3400,33.3501,230690
2025-01-03 15:59:00,33.3550,33.3800,33.3200,33.3200,295413
2025-01-03 16:00:00,33.3200,33.4100,33.3000,33.3100,3934379
2025-01-03 16:01:00,33.3000,33.3300,33.2200,33.2400,5975
2025-01-03 16:02:00,33.2400,33.3000,33.2000,33.2694,6111
2025-01-03 16:03:00,33.2682,33.3000,33.2300,33.3000,8866
2025-01-03 16:04:00,33.2400,33.3000,33.2400,33.2800,4356
2025-01-03 16:05:00,33.2400,33.3300,33.2100,33.2100,10681
2025-01-03 16:06:00,33.2900,33.3300,33.2200,33.2307,204405
2025-01-03 16:07:00,33.2400,33.2600,33.2100,33.2201,1688
2025-01-03 16:08:00,33.2200,33.2699,33.2200,33.2300,4455
2025-01-03 16:09:00,33.2200,33.3300,33.1800,33.2200,13183
2025-01-03 16:10:00,33.1400,33.2200,33.1400,33.1508,5065
2025-01-03 16:11:00,33.1500,33.2200,33.1500,33.2000,6274
2025-01-03 16:12:00,33.2000,33.3300,33.1500,33.1500,149748
2025-01-03 16:13:00,33.1610,33.2000,33.1400,33.1532,4572
2025-01-03 16:14:00,33.1700,33.2000,33.1500,33.1700,3174
2025-01-03 16:15:00,33.1500,33.1900,33.1000,33.1300,7426
2025-01-03 16:16:00,33.1400,33.1900,33.1000,33.1900,876
2025-01-03 16:17:00,33.1900,33.2700,33.1100,33.2700,8383
2025-01-03 16:18:00,33.1100,33.2000,33.1100,33.1200,1255
2025-01-03 16:19:00,33.1981,33.2100,33.1600,33.1700,1092
2025-01-03 16:20:00,33.2000,33.2200,33.1700,33.1701,1609
2025-01-03 16:21:00,33.1700,33.1800,33.1300,33.1699,2107
2025-01-03 16:22:00,33.1684,33.1700,33.1358,33.1500,2094
2025-01-03 16:23:00,33.1300,33.1691,33.1300,33.1500,610
2025-01-03 16:24:00,33.1699,33.1700,33.1300,33.1636,631
2025-01-03 16:25:00,33.1500,33.1700,33.1300,33.1300,1493
2025-01-03 16:26:00,33.1500,33.1900,33.1500,33.1900,2386
2025-01-03 16:27:00,33.1401,33.1900,33.1400,33.1400,1281
2025-01-03 16:28:00,33.1500,33.1700,33.1300,33.1300,3375
2025-01-03 16:29:00,33.1400,33.1700,33.1300,33.1300,3507
2025-01-03 16:30:00,33.1401,33.1700,33.1400,33.1403,5213
2025-01-03 16:31:00,33.1700,33.1700,33.1500,33.1509,260
2025-01-03 16:32:00,33.1600,33.1700,33.1500,33.1700,1875
2025-01-03 16:33:00,33.1400,33.1989,33.1400,33.1700,1740
2025-01-03 16:34:00,33.1400,33.1700,33.1314,33.1400,2106
2025-01-03 16:35:00,33.1400,33.3300,33.1400,33.1800,1217
2025-01-03 16:36:00,33.1900,33.2300,33.1801,33.2100,3361
2025-01-03 16:37:00,33.2299,33.2300,33.2000,33.2299,1419
2025-01-03 16:38:00,33.2200,33.2500,33.2000,33.2200,1637
2025-01-03 16:39:00,33.2200,33.2397,33.2000,33.2397,816
2025-01-03 16:40:00,33.2000,33.2300,33.2000,33.2000,8775
2025-01-03 16:41:00,33.2008,33.2200,33.2000,33.2000,734
2025-01-03 16:42:00,33.2100,33.2200,33.2000,33.2000,714
2025-01-03 16:43:00,33.2009,33.2200,33.2000,33.2200,309
2025-01-03 16:44:00,33.2199,33.3300,33.2000,33.2200,224266
2025-01-03 16:45:00,33.2195,33.2700,33.2000,33.2100,11283
2025-01-03 16:46:00,33.2116,33.2700,33.2100,33.2100,461
2025-01-03 16:47:00,33.2500,33.2600,33.2103,33.2110,478
2025-01-03 16:48:00,33.2700,33.2700,33.2200,33.2200,58
2025-01-03 16:49:00,33.2200,33.2200,33.2100,33.2200,431
2025-01-03 16:50:00,33.2200,33.2500,33.2100,33.2300,994
2025-01-03 16:51:00,33.2500,33.2600,33.2100,33.2307,3604
2025-01-03 16:52:00,33.2600,33.2700,33.2300,33.2500,2328
2025-01-03 16:53:00,33.2500,33.3000,33.2300,33.2700,416
2025-01-03 16:54:00,33.2600,33.3000,33.2300,33.2300,1119
2025-01-03 16:55:00,33.2300,33.2500,33.2300,33.2400,1135
2025-01-03 16:56:00,33.2319,33.2400,33.2300,33.2300,2264
2025-01-03 16:57:00,33.2300,33.2400,33.2300,33.2300,84
2025-01-03 16:58:00,33.2300,33.2300,33.2300,33.2300,200
2025-01-03 16:59:00,33.2300,33.3000,33.2300,33.2400,2552
2025-01-03 17:00:00,33.2400,33.3000,33.2400,33.2400,1088
2025-01-03 17:01:00,33.2600,33.3400,33.2500,33.3400,4896
2025-01-03 17:02:00,33.3500,33.3500,33.3300,33.3500,8017
2025-01-03 17:03:00,33.3300,33.3500,33.3000,33.3300,2215
2025-01-03 17:04:00,33.3500,33.3500,33.2800,33.3000,6409
2025-01-03 17:05:00,33.2900,33.3500,33.2400,33.2700,577
2025-01-03 17:06:00,33.3400,33.3500,33.2800,33.3400,549
2025-01-03 17:07:00,33.3500,33.3500,33.3200,33.3200,1091
2025-01-03 17:08:00,33.3500,33.3900,33.3000,33.3000,484
2025-01-03 17:09:00,33.3400,33.3400,33.3305,33.3400,51
2025-01-03 17:10:00,33.3400,33.3500,33.3300,33.3300,366
2025-01-03 17:11:00,33.3299,33.3300,33.2500,33.3299,71
2025-01-03 17:12:00,33.3283,33.3300,33.2600,33.3100,7384
2025-01-03 17:13:00,33.3100,33.3300,33.2800,33.3200,201
2025-01-03 17:14:00,33.3000,33.3200,33.2800,33.3000,2470
2025-01-03 17:15:00,33.2800,33.3000,33.2800,33.2998,976
2025-01-03 17:16:00,33.2800,33.3000,33.2800,33.2800,729
2025-01-03 17:17:00,33.2800,33.3000,33.2800,33.2800,1309
2025-01-03 17:18:00,33.2800,33.3200,33.2800,33.3200,2413
2025-01-03 17:19:00,33.3200,33.3200,33.2800,33.2800,76
2025-01-03 17:20:00,33.3000,33.3200,33.3000,33.3200,672
2025-01-03 17:21:00,33.3500,33.3500,33.3200,33.3200,74
2025-01-03 17:22:00,33.3400,33.3500,33.3200,33.3300,434
2025-01-03 17:23:00,33.3200,33.3400,33.3100,33.3400,105
2025-01-03 17:24:00,33.3467,33.3500,33.3100,33.3400,452
2025-01-03 17:25:00,33.3399,33.3400,33.3100,33.3400,5527
2025-01-03 17:26:00,33.3300,33.3500,33.3100,33.3500,1186
2025-01-03 17:27:00,33.3500,33.4000,33.3133,33.4000,5994
2025-01-03 17:28:00,33.3700,33.4000,33.3200,33.4000,2581
2025-01-03 17:29:00,33.3999,33.4000,33.3100,33.4000,180
2025-01-03 17:30:00,33.3900,33.4000,33.3101,33.3992,2352
2025-01-03 17:31:00,33.3800,33.4000,33.3200,33.4000,85
2025-01-03 17:32:00,33.3900,33.3900,33.3100,33.3200,972
2025-01-03 17:33:00,33.3200,33.3900,33.3200,33.3697,305
2025-01-03 17:34:00,33.3699,33.4000,33.3200,33.4000,691
2025-01-03 17:35:00,33.4000,33.4000,33.3300,33.3601,24
2025-01-03 17:36:00,33.3700,33.3900,33.3100,33.3200,564
2025-01-03 17:37:00,33.3500,33.4000,33.3400,33.4000,1478
2025-01-03 17:38:00,33.4000,33.4000,33.3100,33.3200,328
2025-01-03 17:39:00,33.3100,33.3300,33.3100,33.3100,535
2025-01-03 17:40:00,33.3301,33.4000,33.3100,33.3200,2302
2025-01-03 17:41:00,33.3100,33.3500,33.3100,33.3500,603
2025-01-03 17:42:00,33.3700,33.3700,33.3500,33.3500,116
2025-01-03 17:43:00,33.4000,33.4000,33.3100,33.3300,313
2025-01-03 17:44:00,33.3500,33.3500,33.3499,33.3500,201
2025-01-03 17:45:00,33.3500,33.4000,33.3500,33.4000,272
2025-01-03 17:46:00,33.3900,33.4000,33.3500,33.3800,953
2025-01-03 17:47:00,33.3500,33.3500,33.3483,33.3500,250
2025-01-03 17:48:00,33.3500,33.3701,33.3100,33.3701,3827
2025-01-03 17:49:00,33.3787,33.3800,33.3100,33.3200,432
2025-01-03 17:50:00,33.3300,33.3744,33.3100,33.3100,502
2025-01-03 17:51:00,33.3800,33.3800,33.3100,33.3500,278
2025-01-03 17:52:00,33.3100,33.3800,33.3100,33.3796,703
2025-01-03 17:53:00,33.3750,33.3800,33.3102,33.3500,2608
2025-01-03 17:54:00,33.3500,33.3800,33.3500,33.3500,296
2025-01-03 17:55:00,33.3800,33.3800,33.3501,33.3800,659
2025-01-03 17:56:00,33.3800,33.3800,33.3500,33.3799,760
2025-01-03 17:57:00,33.3800,33.3800,33.3500,33.3800,1075
2025-01-03 17:58:00,33.3793,33.3999,33.3793,33.3999,3806
2025-01-03 17:59:00,33.3900,33.4100,33.3600,33.4092,7344
2025-01-03 18:00:00,33.4087,33.4300,33.3600,33.4000,1426
2025-01-03 18:01:00,33.3801,33.3999,33.3600,33.3800,320
2025-01-03 18:02:00,33.3700,33.3800,33.3500,33.3500,1055
2025-01-03 18:03:00,33.3500,33.4000,33.3500,33.3982,881
2025-01-03 18:04:00,33.3500,33.3500,33.3500,33.3500,16
2025-01-03 18:05:00,33.4000,33.4000,33.3600,33.4000,353
2025-01-03 18:06:00,33.4000,33.4000,33.3500,33.3600,1326
2025-01-03 18:07:00,33.3800,33.4100,33.3700,33.4100,606
2025-01-03 18:08:00,33.4100,33.4300,33.3600,33.4100,1534
2025-01-03 18:09:00,33.3800,33.4300,33.3706,33.3706,538
2025-01-03 18:10:00,33.4000,33.4300,33.3600,33.4000,2236
2025-01-03 18:11:00,33.4200,33.4200,33.4000,33.4100,187
2025-01-03 18:12:00,33.4100,33.4300,33.4100,33.4300,1482
2025-01-03 18:13:00,33.4300,33.4300,33.4200,33.4300,1259
2025-01-03 18:14:00,33.4300,33.4500,33.4200,33.4391,4597
2025-01-03 18:15:00,33.4396,33.4400,33.4200,33.4400,701
2025-01-03 18:16:00,33.4500,33.4500,33.4400,33.4400,1799
2025-01-03 18:17:00,33.4497,33.4500,33.4400,33.4500,312
2025-01-03 18:18:00,33.4500,33.4800,33.4400,33.4500,5018
2025-01-03 18:19:00,33.4800,33.5900,33.4400,33.5600,8894
2025-01-03 18:20:00,33.5200,33.6100,33.5200,33.5900,7570
2025-01-03 18:21:00,33.5700,33.6300,33.5400,33.6300,7386
2025-01-03 18:22:00,33.6300,33.6500,33.5000,33.6500,13622
2025-01-03 18:23:00,33.6500,33.6500,33.5500,33.6500,5817
2025-01-03 18:24:00,33.6300,33.6800,33.5500,33.6800,5914
2025-01-03 18:25:00,33.6800,33.7000,33.6300,33.6600,6846
2025-01-03 18:26:00,33.6500,33.6900,33.6300,33.6500,510
2025-01-03 18:27:00,33.6500,33.7500,33.6400,33.7400,3811
2025-01-03 18:28:00,33.7000,33.8200,33.7000,33.7998,9436
2025-01-03 18:29:00,33.8000,33.8400,33.7700,33.7700,2434
2025-01-03 18:30:00,33.7801,33.8200,33.7700,33.7700,5170
2025-01-03 18:31:00,33.8200,33.8400,33.7700,33.8400,2017
2025-01-03 18:32:00,33.7926,33.8400,33.7926,33.8399,1564
2025-01-03 18:33:00,33.8400,33.8900,33.8100,33.8600,8403
2025-01-03 18:34:00,33.8800,33.9300,33.8600,33.8800,2098
2025-01-03 18:35:00,33.9000,33.9798,33.8800,33.9600,5540
2025-01-03 18:36:00,33.9600,34.0000,33.9507,34.0000,10168
2025-01-03 18:37:00,34.0000,34.3500,33.9800,34.1600,24440
2025-01-03 18:38:00,34.1800,34.5000,34.1600,34.4200,17221
2025-01-03 18:39:00,34.4700,34.4700,34.0200,34.3800,15998
2025-01-03 18:40:00,34.3800,34.4200,34.1100,34.3000,7491
2025-01-03 18:41:00,34.3000,34.4300,34.1588,34.3300,11662
2025-01-03 18:42:00,34.2500,34.3300,34.2000,34.2599,7343
2025-01-03 18:43:00,34.3200,34.3200,34.2000,34.2499,1438
2025-01-03 18:44:00,34.2500,34.4000,34.2100,34.4000,7777
2025-01-03 18:45:00,34.4000,34.4400,34.3301,34.4000,5492
2025-01-03 18:46:00,34.4100,34.4700,34.3500,34.4101,9923
2025-01-03 18:47:00,34.4400,34.4400,34.3000,34.3000,3719
2025-01-03 18:48:00,34.3000,34.4400,34.1200,34.4200,14542
2025-01-03 18:49:00,34.3981,34.4000,34.2700,34.3300,1311
2025-01-03 18:50:00,34.3000,34.3300,34.2000,34.3000,2056
2025-01-03 18:51:00,34.2500,34.3000,34.1000,34.2200,3724
2025-01-03 18:52:00,34.1000,34.2200,34.1000,34.1200,4575
2025-01-03 18:53:00,34.1600,34.2000,34.1200,34.1200,4088
2025-01-03 18:54:00,34.1500,34.1900,34.1000,34.1000,4632
2025-01-03 18:55:00,34.0900,34.1500,34.0501,34.0601,2581
2025-01-03 18:56:00,34.0900,34.0900,33.9200,33.9200,12614
2025-01-03 18:57:00,33.9200,33.9700,33.8000,33.8100,10789
2025-01-03 18:58:00,33.9700,33.9700,33.8301,33.9300,1781
2025-01-03 18:59:00,33.9400,33.9800,33.9000,33.9797,3944
2025-01-03 19:00:00,33.9700,33.9900,33.8700,33.9300,2534
2025-01-03 19:01:00,33.9200,34.0000,33.8700,34.0000,1390
2025-01-03 19:02:00,33.9700,34.0000,33.9000,33.9800,461
2025-01-03 19:03:00,33.9800,34.0300,33.9100,34.0000,4288
2025-01-03 19:04:00,34.0000,34.1000,33.9997,34.0200,5311
2025-01-03 19:05:00,34.0000,34.1000,34.0000,34.0500,3476
2025-01-03 19:06:00,34.0100,34.0500,33.9800,34.0500,2282
2025-01-03 19:07:00,34.0000,34.0500,33.9600,34.0100,4102
2025-01-03 19:08:00,34.0500,34.0500,34.0000,34.0000,3972
2025-01-03 19:09:00,34.0000,34.0500,33.9600,34.0494,2021
2025-01-03 19:10:00,34.0300,34.0300,33.9400,33.9500,280
2025-01-03 19:11:00,34.0000,34.0900,34.0000,34.0460,7461
2025-01-03 19:12:00,34.0000,34.0900,34.0000,34.0500,5628
2025-01-03 19:13:00,34.0000,34.0500,33.9000,33.9482,7943
2025-01-03 19:14:00,33.9000,33.9500,33.8714,33.8714,9068
2025-01-03 19:15:00,33.9000,33.9200,33.8900,33.9000,1890
2025-01-03 19:16:00,33.9000,33.9200,33.8700,33.8800,991
2025-01-03 19:17:00,33.9195,34.0000,33.8800,34.0000,1632
2025-01-03 19:18:00,34.0000,34.0500,33.9800,33.9800,5469
2025-01-03 19:19:00,33.9500,33.9500,33.8600,33.8600,1453
2025-01-03 19:20:00,33.8800,33.9900,33.8799,33.9900,6320
2025-01-03 19:21:00,33.9900,34.0100,33.9400,33.9900,3116
2025-01-03 19:22:00,33.9701,34.0200,33.9530,33.9700,4181
2025-01-03 19:23:00,34.0000,34.0200,34.0000,34.0000,1990
2025-01-03 19:24:00,34.0000,34.0200,33.9999,34.0200,2128
2025-01-03 19:25:00,34.0196,34.0200,34.0000,34.0200,6221
2025-01-03 19:26:00,34.0000,34.0200,34.0000,34.0199,1458
2025-01-03 19:27:00,34.0200,34.0500,34.0000,34.0500,2060
2025-01-03 19:28:00,34.0001,34.0500,34.0000,34.0499,1464
2025-01-03 19:29:00,34.0000,34.0501,34.0000,34.0501,3356
2025-01-03 19:30:00,34.0500,34.0701,34.0500,34.0600,3140
2025-01-03 19:31:00,34.0500,34.0800,34.0000,34.0001,3846
2025-01-03 19:32:00,33.9700,33.9800,33.8700,33.8700,3349
2025-01-03 19:33:00,33.8700,34.0500,33.8700,33.9000,3887
2025-01-03 19:34:00,33.9000,33.9000,33.8200,33.8300,5700
2025-01-03 19:35:00,33.8700,33.8700,33.8100,33.8700,2184
2025-01-03 19:36:00,33.8700,33.8700,33.8400,33.8700,544
2025-01-03 19:37:00,33.8700,33.8700,33.8400,33.8500,4847
2025-01-03 19:38:00,33.8900,33.9597,33.8000,33.9597,3272
2025-01-03 19:39:00,33.8500,33.9300,33.8300,33.8900,3353
2025-01-03 19:40:00,33.8800,33.9000,33.8000,33.9000,551
2025-01-03 19:41:00,33.8000,33.9001,33.8000,33.9000,3724
2025-01-03 19:42:00,33.8600,33.9000,33.8000,33.8900,2504
2025-01-03 19:43:00,33.8400,34.0000,33.8100,34.0000,6221
2025-01-03 19:44:00,34.0000,34.0000,33.8200,33.8200,123
2025-01-03 19:45:00,33.9790,33.9900,33.8300,33.9000,1187
2025-01-03 19:46:00,33.8100,33.9900,33.8100,33.8900,336
2025-01-03 19:47:00,33.9900,33.9900,33.8100,33.9000,503
2025-01-03 19:48:00,33.9000,33.9500,33.8217,33.8400,3488
2025-01-03 19:49:00,33.8400,33.9100,33.8400,33.9000,1857
2025-01-03 19:50:00,33.9000,33.9000,33.8500,33.8500,2186
2025-01-03 19:51:00,33.8900,33.8900,33.8500,33.8900,1162
2025-01-03 19:52:00,33.8900,33.9000,33.8800,33.8900,760
2025-01-03 19:53:00,33.8700,33.8800,33.8600,33.8800,733
2025-01-03 19:54:00,33.8800,33.9000,33.8800,33.9000,6185
2025-01-03 19:55:00,33.9000,33.9300,33.8400,33.8800,3239
2025-01-03 19:56:00,33.8500,33.8500,33.8100,33.8100,2939
2025-01-03 19:57:00,33.8100,33.8299,33.7100,33.7200,5027
2025-01-03 19:58:00,33.8000,33.8000,33.6999,33.7000,3580
2025-01-03 19:59:00,33.7000,33.7200,33.6100,33.6497,5879
2025-01-06 04:00:00,33.9200,34.1200,33.8200,34.0000,9544
2025-01-06 04:01:00,34.0600,34.0700,33.8900,34.0100,5155
2025-01-06 04:02:00,34.0200,34.0900,34.0100,34.0100,3832
2025-01-06 04:03:00,34.0500,34.0900,34.0100,34.0100,2725
2025-01-06 04:04:00,34.0300,34.0300,33.9800,34.0200,893
2025-01-06 04:05:00,34.0300,34.0500,34.0000,34.0000,3266
2025-01-06 04:06:00,34.0000,34.0000,33.9800,33.9800,1343
2025-01-06 04:07:00,33.9700,33.9700,33.9100,33.9100,248
2025-01-06 04:08:00,33.9600,33.9600,33.9200,33.9600,627
2025-01-06 04:09:00,33.9800,34.0000,33.9200,33.9500,1325
2025-01-06 04:10:00,33.9200,33.9400,33.8800,33.8800,326
2025-01-06 04:11:00,33.9000,33.9000,33.8400,33.8800,1197
2025-01-06 04:12:00,33.8800,33.8900,33.8500,33.8500,1872
2025-01-06 04:13:00,33.8500,33.8700,33.8500,33.8700,605
2025-01-06 04:14:00,33.8400,33.8500,33.8300,33.8300,245
2025-01-06 04:15:00,33.8300,33.8500,33.8200,33.8500,27
2025-01-06 04:16:00,33.8500,33.8900,33.8500,33.8900,1073
2025-01-06 04:17:00,33.8900,33.8900,33.8500,33.8800,2619
2025-01-06 04:18:00,33.8900,33.9000,33.8700,33.8700,1230
2025-01-06 04:19:00,33.9000,33.9500,33.9000,33.9500,584
2025-01-06 04:20:00,33.9200,33.9500,33.9000,33.9400,625
2025-01-06 04:21:00,33.9500,34.0300,33.9400,33.9800,3331
2025-01-06 04:22:00,33.9900,33.9900,33.9600,33.9700,445
2025-01-06 04:23:00,33.9900,33.9900,33.9900,33.9900,310
2025-01-06 04:24:00,33.9900,34.0000,33.9900,33.9900,676
2025-01-06 04:25:00,34.0000,34.0300,33.9800,34.0000,3986
2025-01-06 04:26:00,33.9900,34.0200,33.9600,33.9700,2849
2025-01-06 04:27:00,33.9900,34.0000,33.9600,34.0000,296
2025-01-06 04:28:00,33.9700,33.9800,33.8500,33.8900,4434
2025-01-06 04:29:00,33.8900,33.9500,33.8900,33.9500,4471
2025-01-06 04:30:00,33.9100,33.9500,33.9000,33.9000,87
2025-01-06 04:31:00,33.9500,33.9600,33.9200,33.9200,770
2025-01-06 04:32:00,33.9500,34.0000,33.9500,33.9900,3453
2025-01-06 04:33:00,34.0000,34.0300,34.0000,34.0100,610
2025-01-06 04:34:00,34.0300,34.0700,34.0300,34.0700,2325
2025-01-06 04:35:00,34.0700,34.0800,34.0500,34.0800,2857
2025-01-06 04:36:00,34.0800,34.0800,34.0400,34.0500,400
2025-01-06 04:37:00,34.0500,34.0500,34.0400,34.0400,501
2025-01-06 04:38:00,34.0700,34.1700,34.0300,34.1700,6943
2025-01-06 04:39:00,34.1300,34.2000,34.1200,34.2000,3618
2025-01-06 04:40:00,34.2000,34.2000,34.1500,34.1700,497
2025-01-06 04:41:00,34.1700,34.2300,34.1700,34.2300,1298
2025-01-06 04:42:00,34.2300,34.2400,34.1800,34.2200,3998
2025-01-06 04:43:00,34.2400,34.2500,34.1700,34.1700,2914
2025-01-06 04:44:00,34.1600,34.2000,34.1200,34.1400,1293
2025-01-06 04:45:00,34.1400,34.2000,34.1200,34.1200,265
2025-01-06 04:46:00,34.1800,34.1800,34.1300,34.1400,1079
2025-01-06 04:47:00,34.1300,34.1300,34.0900,34.1100,1461
2025-01-06 04:48:00,34.1100,34.1200,34.1000,34.1100,348
2025-01-06 04:49:00,34.1200,34.2100,34.1100,34.2100,2456
2025-01-06 04:50:00,34.1700,34.2000,34.1600,34.1600,807
2025-01-06 04:51:00,34.1700,34.1700,34.1600,34.1700,66
2025-01-06 04:52:00,34.1500,34.1900,34.1500,34.1500,2483
2025-01-06 04:53:00,34.1400,34.1800,34.1200,34.1500,433
2025-01-06 04:54:00,34.1500,34.1900,34.1500,34.1900,199
2025-01-06 04:55:00,34.1800,34.2000,34.1600,34.1900,892
2025-01-06 04:56:00,34.1900,34.1900,34.1900,34.1900,526
2025-01-06 04:57:00,34.2000,34.2400,34.1800,34.2400,1098
2025-01-06 04:58:00,34.2200,34.2600,34.1900,34.2400,3972
2025-01-06 04:59:00,34.2600,34.2600,34.2400,34.2600,777
2025-01-06 05:00:00,34.2500,34.2500,34.2400,34.2400,1278
2025-01-06 05:01:00,34.2200,34.2400,34.1900,34.2400,2011
2025-01-06 05:02:00,34.2500,34.2500,34.2300,34.2300,258
2025-01-06 05:03:00,34.2200,34.2300,34.2100,34.2100,359
2025-01-06 05:04:00,34.2100,34.2300,34.2000,34.2300,149
2025-01-06 05:05:00,34.2100,34.2300,34.2000,34.2000,872
2025-01-06 05:06:00,34.2000,34.2200,34.1800,34.1800,4228
2025-01-06 05:07:00,34.1900,34.2300,34.1900,34.2200,3652
2025-01-06 05:08:00,34.2100,34.2700,34.1800,34.2300,7003
2025-01-06 05:09:00,34.2000,34.2600,34.2000,34.2600,1103
2025-01-06 05:10:00,34.2300,34.2600,34.1900,34.2600,1173
2025-01-06 05:11:00,34.2000,34.2000,34.2000,34.2000,1
2025-01-06 05:12:00,34.2500,34.2700,34.2500,34.2600,193
2025-01-06 05:13:00,34.2100,34.3100,34.2100,34.3100,4394
2025-01-06 05:14:00,34.3000,34.3500,34.2900,34.3000,5451
2025-01-06 05:15:00,34.3000,34.3000,34.2600,34.2600,588
2025-01-06 05:16:00,34.2800,34.3400,34.2700,34.3300,1320
2025-01-06 05:17:00,34.2900,34.3100,34.2900,34.2900,535
2025-01-06 05:18:00,34.2800,34.2900,34.2600,34.2900,417
2025-01-06 05:19:00,34.2900,34.2900,34.2100,34.2500,2658
2025-01-06 05:20:00,34.2800,34.2800,34.2700,34.2800,1509
2025-01-06 05:21:00,34.2800,34.2800,34.2600,34.2600,2174
2025-01-06 05:22:00,34.2800,34.2800,34.2500,34.2500,522
2025-01-06 05:23:00,34.2400,34.2400,34.2400,34.2400,304
2025-01-06 05:24:00,34.2400,34.2500,34.2400,34.2500,740
2025-01-06 05:25:00,34.2400,34.2800,34.2400,34.2800,588
2025-01-06 05:26:00,34.2700,34.2700,34.2500,34.2600,1744
2025-01-06 05:27:00,34.2600,34.2600,34.1900,34.2400,785
2025-01-06 05:28:00,34.2400,34.2600,34.2200,34.2400,508
2025-01-06 05:30:00,34.2400,34.2600,34.2100,34.2100,537
2025-01-06 05:31:00,34.2400,34.2400,34.1800,34.2000,2362
2025-01-06 05:32:00,34.2400,34.2400,34.2000,34.2000,726
2025-01-06 05:33:00,34.2000,34.2000,34.2000,34.2000,188
2025-01-06 05:34:00,34.1900,34.2000,34.1700,34.1700,1967
2025-01-06 05:35:00,34.1600,34.1800,34.1600,34.1600,69
2025-01-06 05:36:00,34.1600,34.1600,34.1300,34.1400,1882
2025-01-06 05:37:00,34.1300,34.1300,34.0300,34.0500,20506
2025-01-06 05:38:00,34.0700,34.0800,34.0700,34.0800,770
2025-01-06 05:39:00,34.0800,34.1000,34.0800,34.1000,23
2025-01-06 05:40:00,34.1400,34.1500,34.1200,34.1500,521
2025-01-06 05:41:00,34.1500,34.1500,34.1200,34.1200,366
2025-01-06 05:42:00,34.1100,34.1200,34.1000,34.1200,864
2025-01-06 05:43:00,34.1200,34.1200,34.0800,34.0800,2635
2025-01-06 05:44:00,34.1000,34.1200,34.0500,34.0500,2156
2025-01-06 05:45:00,34.0500,34.0800,34.0300,34.0800,871
2025-01-06 05:46:00,34.0700,34.1900,34.0600,34.1300,6612
2025-01-06 05:47:00,34.1200,34.2000,34.1100,34.1100,1468
2025-01-06 05:48:00,34.1800,34.1900,34.1800,34.1800,32
2025-01-06 05:49:00,34.1900,34.1900,34.1700,34.1900,65
2025-01-06 05:50:00,34.1900,34.2000,34.1800,34.1800,200
2025-01-06 05:51:00,34.1700,34.1900,34.1700,34.1800,1408
2025-01-06 05:52:00,34.1800,34.1800,34.1800,34.1800,222
2025-01-06 05:53:00,34.1800,34.1800,34.1800,34.1800,22
2025-01-06 05:54:00,34.1800,34.1800,34.1800,34.1800,314
2025-01-06 05:55:00,34.1700,34.1800,34.1600,34.1800,274
2025-01-06 05:56:00,34.1800,34.1800,34.1600,34.1600,126
2025-01-06 05:58:00,34.1900,34.1900,34.1900,34.1900,1
2025-01-06 05:59:00,34.1800,34.2000,34.1700,34.2000,1506
2025-01-06 06:00:00,34.2000,34.2100,34.1800,34.2100,1085
2025-01-06 06:01:00,34.1900,34.1900,34.1600,34.1700,820
2025-01-06 06:02:00,34.1700,34.1700,34.1000,34.1700,2569
2025-01-06 06:03:00,34.1700,34.1800,34.1700,34.1700,667
2025-01-06 06:04:00,34.1700,34.1700,34.1100,34.1700,20
2025-01-06 06:05:00,34.1500,34.2000,34.0700,34.1700,2656
2025-01-06 06:06:00,34.1700,34.2500,34.1700,34.2000,1022
2025-01-06 06:07:00,34.1700,34.2400,34.1700,34.2100,189
2025-01-06 06:08:00,34.2300,34.2300,34.2000,34.2100,507
2025-01-06 06:09:00,34.2000,34.2000,34.2000,34.2000,402
2025-01-06 06:10:00,34.1900,34.1900,34.1900,34.1900,1
2025-01-06 06:11:00,34.1900,34.1900,34.1700,34.1700,13
2025-01-06 06:12:00,34.1700,34.1900,34.1500,34.1900,564
2025-01-06 06:13:00,34.1900,34.1900,34.1900,34.1900,40
2025-01-06 06:14:00,34.1900,34.2000,34.1900,34.2000,75
2025-01-06 06:15:00,34.2000,34.2400,34.1900,34.2300,1217
2025-01-06 06:16:00,34.2400,34.2500,34.2400,34.2500,446
2025-01-06 06:17:00,34.2400,34.2400,34.2400,34.2400,217
2025-01-06 06:18:00,34.2400,34.2600,34.2400,34.2400,340
2025-01-06 06:19:00,34.2600,34.2600,34.2000,34.2300,280
2025-01-06 06:20:00,34.2100,34.2200,34.1900,34.2200,1309
2025-01-06 06:21:00,34.2100,34.2200,34.2100,34.2200,220
2025-01-06 06:22:00,34.2200,34.2300,34.2200,34.2300,8
2025-01-06 06:23:00,34.2400,34.2800,34.2400,34.2700,1363
2025-01-06 06:24:00,34.2600,34.2600,34.2500,34.2600,416
2025-01-06 06:25:00,34.2600,34.2900,34.2500,34.2900,3027
2025-01-06 06:26:00,34.2900,34.2900,34.2500,34.2500,1203
2025-01-06 06:27:00,34.2500,34.3000,34.2500,34.3000,1427
2025-01-06 06:28:00,34.2900,34.3000,34.2300,34.2500,5213
2025-01-06 06:29:00,34.3000,34.3800,34.3000,34.3600,7682
2025-01-06 06:30:00,34.3500,34.3800,34.3500,34.3800,2670
2025-01-06 06:31:00,34.3700,34.3700,34.3200,34.3200,4560
2025-01-06 06:32:00,34.3500,34.3700,34.3200,34.3700,221
2025-01-06 06:33:00,34.3300,34.3600,34.3100,34.3100,1801
2025-01-06 06:34:00,34.3400,34.3500,34.2200,34.2200,12753
2025-01-06 06:35:00,34.2200,34.2600,34.2000,34.2400,22130
2025-01-06 06:36:00,34.2600,34.3000,34.2400,34.2600,19209
2025-01-06 06:37:00,34.2900,34.2900,34.2500,34.2600,484
2025-01-06 06:38:00,34.2600,34.3000,34.2600,34.3000,1171
2025-01-06 06:39:00,34.3000,34.3400,34.3000,34.3000,1975
2025-01-06 06:40:00,34.2900,34.3300,34.2900,34.3300,562
2025-01-06 06:41:00,34.3300,34.3300,34.3000,34.3000,252
2025-01-06 06:42:00,34.3000,34.3100,34.3000,34.3100,1430
2025-01-06 06:43:00,34.3000,34.3100,34.2600,34.2600,374
2025-01-06 06:44:00,34.2700,34.2700,34.2600,34.2600,200
2025-01-06 06:45:00,34.2800,34.2800,34.2400,34.2500,492
2025-01-06 06:46:00,34.2800,34.2900,34.2500,34.2900,204
2025-01-06 06:47:00,34.2900,34.3100,34.2900,34.3100,2599
2025-01-06 06:48:00,34.3100,34.3100,34.3000,34.3000,73
2025-01-06 06:49:00,34.3100,34.3400,34.3100,34.3300,1048
2025-01-06 06:50:00,34.3400,34.3400,34.3100,34.3300,281
2025-01-06 06:51:00,34.3100,34.3200,34.3000,34.3100,855
2025-01-06 06:52:00,34.3100,34.3200,34.3000,34.3200,498
2025-01-06 06:53:00,34.3100,34.3200,34.3100,34.3200,141
2025-01-06 06:54:00,34.3200,34.3300,34.3100,34.3200,1215
2025-01-06 06:55:00,34.3300,34.3500,34.3200,34.3400,2798
2025-01-06 06:56:00,34.3400,34.3500,34.3200,34.3300,772
2025-01-06 06:57:00,34.3400,34.3600,34.3400,34.3600,254
2025-01-06 06:58:00,34.3700,34.3800,34.3600,34.3700,182
2025-01-06 06:59:00,34.3700,34.4000,34.3600,34.4000,4228
2025-01-06 07:00:00,34.3700,34.4000,34.3500,34.3900,8809
2025-01-06 07:01:00,34.3800,34.4100,34.3700,34.4100,5474
2025-01-06 07:02:00,34.4000,34.4400,34.4000,34.4300,3522
2025-01-06 07:03:00,34.4300,34.7000,34.4000,34.7000,25324
2025-01-06 07:04:00,34.7000,34.7100,34.6200,34.6600,17195
2025-01-06 07:05:00,34.6600,34.6900,34.6100,34.6100,5776
2025-01-06 07:06:00,34.6400,34.8000,34.6400,34.7800,17661
2025-01-06 07:07:00,34.7500,34.8000,34.7500,34.7600,7186
2025-01-06 07:08:00,34.7500,34.8200,34.7500,34.7900,5397
2025-01-06 07:09:00,34.7900,34.8000,34.7100,34.7300,5848
2025-01-06 07:10:00,34.7100,34.7500,34.6600,34.7300,6528
2025-01-06 07:11:00,34.7500,34.8000,34.7300,34.8000,4671
2025-01-06 07:12:00,34.7900,34.9600,34.7900,34.9200,14877
2025-01-06 07:13:00,34.8600,34.8900,34.7300,34.7700,8855
2025-01-06 07:14:00,34.7700,34.8500,34.7700,34.8300,4025
2025-01-06 07:15:00,34.8300,34.8400,34.7700,34.8100,6962
2025-01-06 07:16:00,34.8100,34.9000,34.8000,34.8600,6906
2025-01-06 07:17:00,34.8500,34.9500,34.8400,34.9300,2817
2025-01-06 07:18:00,34.9000,34.9200,34.8900,34.9000,2003
2025-01-06 07:19:00,34.9100,34.9200,34.8500,34.8900,9976
2025-01-06 07:20:00,34.9000,34.9400,34.8800,34.9100,2755
2025-01-06 07:21:00,34.9300,34.9500,34.8900,34.9500,7287
2025-01-06 07:22:00,34.9600,35.0500,34.9500,35.0400,53064
2025-01-06 07:23:00,35.0400,35.2600,35.0400,35.2200,32770
2025-01-06 07:24:00,35.1800,35.2000,35.0600,35.1900,10291
2025-01-06 07:25:00,35.1900,35.2400,35.1400,35.1400,8877
2025-01-06 07:26:00,35.1700,35.2800,35.1400,35.2800,11569
2025-01-06 07:27:00,35.2800,35.3200,35.2000,35.2300,13694
2025-01-06 07:28:00,35.2400,35.3400,35.2300,35.3400,11680
2025-01-06 07:29:00,35.3200,35.3900,35.2700,35.3700,24534
2025-01-06 07:30:00,35.3700,35.3800,35.2900,35.3300,4899
2025-01-06 07:31:00,35.3000,35.3000,35.1200,35.1400,20705
2025-01-06 07:32:00,35.1600,35.2200,35.1400,35.1700,16171
2025-01-06 07:33:00,35.1600,35.1900,35.1400,35.1510,11148
2025-01-06 07:34:00,35.1700,35.1700,35.0300,35.0500,15250
2025-01-06 07:35:00,35.0300,35.0600,35.0100,35.0100,4605
2025-01-06 07:36:00,35.0000,35.0500,35.0000,35.0100,13495
2025-01-06 07:37:00,35.0200,35.2400,35.0200,35.1500,24101
2025-01-06 07:38:00,35.2200,35.2390,35.1500,35.1800,1329
2025-01-06 07:39:00,35.1700,35.1900,35.1300,35.1600,4271
2025-01-06 07:40:00,35.1500,35.1900,35.1200,35.1500,7826
2025-01-06 07:41:00,35.1700,35.1700,35.1400,35.1400,564
2025-01-06 07:42:00,35.1500,35.2000,35.1500,35.1800,5450
2025-01-06 07:43:00,35.1600,35.2100,35.1500,35.2000,4459
2025-01-06 07:44:00,35.2000,35.2100,35.0000,35.0500,56118
2025-01-06 07:45:00,35.0900,35.1100,35.0400,35.0900,3222
2025-01-06 07:46:00,35.0800,35.1300,35.0800,35.1300,9411
2025-01-06 07:47:00,35.1500,35.1500,35.1200,35.1400,229
2025-01-06 07:48:00,35.1500,35.1600,35.0900,35.0900,2644
2025-01-06 07:49:00,35.0900,35.1200,35.0600,35.0900,2595
2025-01-06 07:50:00,35.1000,35.1000,35.0800,35.0800,5
2025-01-06 07:51:00,35.0800,35.1000,35.0500,35.1000,2644
2025-01-06 07:52:00,35.1000,35.1000,35.0700,35.0800,438
2025-01-06 07:53:00,35.0800,35.1200,35.0800,35.1200,9343
2025-01-06 07:54:00,35.1200,35.1700,35.1000,35.1100,5024
2025-01-06 07:55:00,35.1100,35.1400,35.0900,35.1000,5278
2025-01-06 07:56:00,35.0900,35.0900,35.0500,35.0500,2703
2025-01-06 07:57:00,35.0700,35.1800,35.0700,35.0900,5138
2025-01-06 07:58:00,35.0900,35.1000,35.0500,35.0600,2782
2025-01-06 07:59:00,35.0500,35.0600,35.0100,35.0600,5393
2025-01-06 08:00:00,34.4000,35.3800,33.7000,35.0900,428425
2025-01-06 08:01:00,35.0701,35.3240,33.7500,34.9500,37110
2025-01-06 08:02:00,35.3797,35.3797,33.8000,34.9200,17077
2025-01-06 08:03:00,34.9200,34.9400,34.8000,34.8400,17949
2025-01-06 08:04:00,34.8215,34.9100,34.8000,34.8600,12924
2025-01-06 08:05:00,34.9000,34.9500,34.8300,34.9500,12696
2025-01-06 08:06:00,34.9300,34.9800,34.9200,34.9411,6560
2025-01-06 08:07:00,34.9999,34.9999,34.9000,34.9100,8148
2025-01-06 08:08:00,34.9763,34.9763,34.8700,34.9000,3515
2025-01-06 08:09:00,34.9002,34.9300,34.8900,34.9101,7683
2025-01-06 08:10:00,34.9200,34.9300,34.9000,34.9100,5461
2025-01-06 08:11:00,34.9300,34.9896,34.8900,34.9300,9191
2025-01-06 08:12:00,34.9900,34.9900,34.9000,34.9300,5348
2025-01-06 08:13:00,34.9100,34.9300,34.8700,34.9000,9722
2025-01-06 08:14:00,34.9000,34.9284,34.8500,34.8701,4899
2025-01-06 08:15:00,34.9000,34.9200,34.8700,34.9000,4509
2025-01-06 08:16:00,34.8800,34.9500,34.8700,34.9000,8443
2025-01-06 08:17:00,34.9200,34.9400,34.8700,34.8700,5374
2025-01-06 08:18:00,34.8700,35.0000,34.8500,34.9999,25980
2025-01-06 08:19:00,34.9400,35.0000,34.9300,34.9597,2334
2025-01-06 08:20:00,34.9600,34.9900,34.9400,34.9600,3379
2025-01-06 08:21:00,34.9900,34.9900,34.9400,34.9800,8822
2025-01-06 08:22:00,34.9606,34.9852,34.8100,34.8100,31188
2025-01-06 08:23:00,34.9200,34.9500,34.8200,34.8701,4756
2025-01-06 08:24:00,34.8800,34.9500,34.8700,34.8800,11146
2025-01-06 08:25:00,34.8899,34.8900,34.8400,34.8700,10866
2025-01-06 08:26:00,34.8800,34.9500,34.8500,34.9000,3389
2025-01-06 08:27:00,34.9040,34.9500,34.9000,34.9000,4399
2025-01-06 08:28:00,34.9000,34.9500,34.8500,34.8500,3820
2025-01-06 08:29:00,34.9500,34.9500,34.8600,34.9400,5197
2025-01-06 08:30:00,34.9500,34.9800,34.9400,34.9700,11484
2025-01-06 08:31:00,34.9800,34.9800,34.9000,34.9000,12100
2025-01-06 08:32:00,34.8900,34.9500,34.8800,34.8910,814
2025-01-06 08:33:00,34.9300,34.9500,34.8900,34.9300,2613
2025-01-06 08:34:00,34.9300,34.9500,34.8900,34.9100,8605
2025-01-06 08:35:00,34.9100,34.9500,34.9000,34.9204,3496
2025-01-06 08:36:00,34.9200,34.9500,34.9200,34.9500,5113
2025-01-06 08:37:00,34.9500,34.9800,34.9400,34.9799,14992
2025-01-06 08:38:00,34.9700,34.9800,34.9400,34.9700,6305
2025-01-06 08:39:00,34.9700,34.9800,34.9200,34.9600,3159
2025-01-06 08:40:00,34.9800,34.9800,34.9308,34.9500,3794
2025-01-06 08:41:00,34.9800,34.9800,34.9500,34.9700,3319
2025-01-06 08:42:00,34.9700,34.9800,34.9300,34.9300,7658
2025-01-06 08:43:00,34.9400,34.9800,34.9200,34.9200,9448
2025-01-06 08:44:00,34.9100,34.9600,34.8600,34.9200,8007
2025-01-06 08:45:00,34.8700,34.9600,34.8700,34.9300,2711
2025-01-06 08:46:00,34.9300,34.9300,34.8600,34.8607,8135
2025-01-06 08:47:00,34.9000,34.9600,34.8902,34.9500,6560
2025-01-06 08:48:00,34.9100,34.9800,34.9000,34.9200,1732
2025-01-06 08:49:00,34.9400,34.9800,34.9400,34.9800,5277
2025-01-06 08:50:00,34.9800,34.9800,34.9600,34.9800,8078
2025-01-06 08:51:00,34.9700,35.1200,34.9700,35.0300,28036
2025-01-06 08:52:00,35.0432,35.1000,35.0300,35.0500,8742
2025-01-06 08:53:00,35.0500,35.1000,35.0315,35.1000,7072
2025-01-06 08:54:00,35.0900,35.1400,35.0600,35.1200,15943
2025-01-06 08:55:00,35.1300,35.2200,35.1000,35.2200,19712
2025-01-06 08:56:00,35.1800,35.2200,35.1500,35.1900,36846
2025-01-06 08:57:00,35.1900,35.1900,35.1000,35.1020,6145
2025-01-06 08:58:00,35.1440,35.1800,35.1100,35.1700,6683
2025-01-06 08:59:00,35.1800,35.2600,35.1500,35.2600,14680
2025-01-06 09:00:00,35.2500,35.2700,35.1300,35.1300,13932
2025-01-06 09:01:00,35.1500,35.2200,35.1000,35.1900,4753
2025-01-06 09:02:00,35.2000,35.2000,35.1100,35.1100,8848
2025-01-06 09:03:00,35.1681,35.1700,35.1000,35.1500,2319
2025-01-06 09:04:00,35.1600,35.1700,35.1000,35.1000,3009
2025-01-06 09:05:00,35.1000,35.1500,35.0300,35.0600,23816
2025-01-06 09:06:00,35.1109,35.1500,35.0600,35.0800,5887
2025-01-06 09:07:00,35.1000,35.2200,35.0600,35.1600,27869
2025-01-06 09:08:00,35.1500,35.2500,35.1400,35.1900,3684
2025-01-06 09:09:00,35.1900,35.2500,35.1400,35.1700,8572
2025-01-06 09:10:00,35.2300,35.2600,35.1700,35.2600,6675
2025-01-06 09:11:00,35.2500,35.3900,35.2500,35.2619,17092
2025-01-06 09:12:00,35.3100,35.3500,35.2300,35.2400,7105
2025-01-06 09:13:00,35.2600,35.2900,35.2000,35.2200,17517
2025-01-06 09:14:00,35.2500,35.2500,35.1500,35.1997,5842
2025-01-06 09:15:00,35.1900,35.2500,34.9300,35.1100,83769
2025-01-06 09:16:00,35.1000,35.1833,34.9400,35.0200,30900
2025-01-06 09:17:00,35.0700,35.1997,34.9917,35.1201,8848
2025-01-06 09:18:00,35.1200,35.1200,34.9200,34.9500,11486
2025-01-06 09:19:00,34.9300,35.0000,34.8600,34.9200,16786
2025-01-06 09:20:00,34.8800,35.0499,34.8200,34.9900,36344
2025-01-06 09:21:00,34.9911,35.0999,34.8600,35.0200,8626
2025-01-06 09:22:00,35.0200,35.0500,34.8800,35.0000,5851
2025-01-06 09:23:00,35.0000,35.0300,34.9300,35.0000,19233
2025-01-06 09:24:00,34.9900,34.9996,34.9100,34.9103,16603
2025-01-06 09:25:00,34.9800,35.1600,34.9450,35.1000,22302
2025-01-06 09:26:00,35.0840,35.1500,35.0300,35.1100,12244
2025-01-06 09:27:00,35.1100,35.1500,34.9400,34.9600,29376
2025-01-06 09:28:00,35.0200,35.0700,34.9300,35.0300,7050
2025-01-06 09:29:00,35.0200,35.1000,34.9500,34.9800,9700
2025-01-06 09:30:00,34.9500,35.3900,34.9200,35.2800,1596445
2025-01-06 09:31:00,35.3000,35.8400,35.1200,35.6800,698620
2025-01-06 09:32:00,35.6800,35.9400,35.6800,35.8200,569807
2025-01-06 09:33:00,35.8100,36.2000,35.7600,36.0908,774898
2025-01-06 09:34:00,36.0900,36.5699,36.0700,36.5399,695035
2025-01-06 09:35:00,36.5200,36.7550,36.4300,36.6600,727856
2025-01-06 09:36:00,36.6420,37.3600,36.6400,37.2340,1082162
2025-01-06 09:37:00,37.2300,37.2399,36.7300,37.0850,959025
2025-01-06 09:38:00,37.0800,37.7700,37.0301,37.7200,820368
2025-01-06 09:39:00,37.7400,38.0800,37.5300,38.0162,1202470
2025-01-06 09:40:00,38.0100,38.4800,38.0100,38.2800,962723
2025-01-06 09:41:00,38.2550,38.4800,38.1100,38.4300,921948
2025-01-06 09:42:00,38.4200,38.5000,38.2100,38.2800,622010
2025-01-06 09:43:00,38.3050,38.3400,37.3800,37.3962,1375089
2025-01-06 09:44:00,37.4150,38.0400,37.3900,37.8000,566776
2025-01-06 09:45:00,37.7900,38.2800,37.7900,38.1400,703314
2025-01-06 09:46:00,38.1400,38.1900,37.8300,38.1900,508758
2025-01-06 09:47:00,38.2000,38.2500,37.9200,38.1150,506765
2025-01-06 09:48:00,38.1100,38.2800,37.9400,38.0000,529306
2025-01-06 09:49:00,38.0000,38.4400,37.7500,38.3900,547670
2025-01-06 09:50:00,38.4000,38.4500,37.8900,38.0399,466293
2025-01-06 09:51:00,38.0250,38.0500,37.7604,37.7750,321917
2025-01-06 09:52:00,37.7900,37.8800,37.6100,37.8150,426139
2025-01-06 09:53:00,37.8036,38.0000,37.7700,37.8413,413947
2025-01-06 09:54:00,37.8290,37.9500,37.7800,37.8646,193409
2025-01-06 09:55:00,37.8550,37.8700,37.5800,37.5999,326633
2025-01-06 09:56:00,37.5800,37.7900,37.5450,37.7500,243855
2025-01-06 09:57:00,37.7250,37.7500,37.4500,37.4500,257641
2025-01-06 09:58:00,37.4500,37.5000,37.2400,37.4250,386477
2025-01-06 09:59:00,37.4500,37.4700,37.3000,37.3900,185852
2025-01-06 10:00:00,37.3900,37.7099,37.1500,37.6500,388575
2025-01-06 10:01:00,37.6464,37.6464,37.3200,37.4974,178593
2025-01-06 10:02:00,37.5000,37.5300,37.3100,37.3300,177378
2025-01-06 10:03:00,37.3600,37.4800,37.3153,37.3680,107366
2025-01-06 10:04:00,37.3600,37.3680,37.0200,37.0600,437066
2025-01-06 10:05:00,37.0600,37.1000,36.7900,36.9200,459613
2025-01-06 10:06:00,36.9200,37.1000,36.9100,36.9900,247703
2025-01-06 10:07:00,36.9824,37.0900,36.9200,37.0900,194870
2025-01-06 10:08:00,37.0900,37.1900,37.0300,37.1184,242790
2025-01-06 10:09:00,37.1000,37.1400,36.9500,37.0000,132252
2025-01-06 10:10:00,37.0100,37.0800,36.8100,36.8600,225871
2025-01-06 10:11:00,36.8650,36.9900,36.7500,36.9800,279442
2025-01-06 10:12:00,36.9600,36.9800,36.7400,36.8400,177446
2025-01-06 10:13:00,36.8350,36.8500,36.6500,36.7300,221027
2025-01-06 10:14:00,36.7200,36.8500,36.6600,36.7700,224071
2025-01-06 10:15:00,36.7700,36.9200,36.6900,36.7900,228581
2025-01-06 10:16:00,36.8000,36.8200,36.5200,36.6000,234639
2025-01-06 10:17:00,36.6031,36.6350,36.4800,36.4900,209361
2025-01-06 10:18:00,36.4950,36.6900,36.4900,36.6350,166687
2025-01-06 10:19:00,36.6500,36.8000,36.5500,36.5843,185317
2025-01-06 10:20:00,36.5950,36.7600,36.5400,36.7484,156000
2025-01-06 10:21:00,36.7400,36.9200,36.7100,36.8750,229068
2025-01-06 10:22:00,36.8800,37.0000,36.8300,36.8499,327934
2025-01-06 10:23:00,36.8450,37.1000,36.8450,37.0183,242265
2025-01-06 10:24:00,37.0100,37.1200,36.7700,36.8000,261292
2025-01-06 10:25:00,36.7801,37.0499,36.7800,37.0200,180622
2025-01-06 10:26:00,37.0200,37.1500,37.0178,37.0400,211665
2025-01-06 10:27:00,37.0581,37.2400,37.0100,37.1500,256531
2025-01-06 10:28:00,37.1600,37.2300,37.0800,37.0914,161566
2025-01-06 10:29:00,37.1100,37.2300,37.0900,37.2099,156864
2025-01-06 10:30:00,37.2199,37.2500,37.1500,37.1900,223231
2025-01-06 10:31:00,37.1900,37.1900,36.9500,36.9700,208001
2025-01-06 10:32:00,36.9600,37.1100,36.9300,37.1100,123813
2025-01-06 10:33:00,37.1000,37.1700,37.0676,37.1700,96281
2025-01-06 10:34:00,37.1600,37.1750,37.0800,37.1190,80715
2025-01-06 10:35:00,37.1127,37.1900,36.9800,37.1200,127483
2025-01-06 10:36:00,37.1272,37.2010,37.1000,37.1700,93454
2025-01-06 10:37:00,37.1550,37.2400,37.1200,37.1900,184465
2025-01-06 10:38:00,37.2000,37.2400,37.0650,37.0762,155276
2025-01-06 10:39:00,37.0800,37.2000,37.0200,37.0500,87818
2025-01-06 10:40:00,37.0501,37.1900,37.0501,37.1789,80363
2025-01-06 10:41:00,37.1700,37.1700,37.0100,37.0300,130656
2025-01-06 10:42:00,37.0200,37.0200,36.8300,36.9100,223946
2025-01-06 10:43:00,36.9108,37.0500,36.8600,37.0300,142846
2025-01-06 10:44:00,37.0300,37.1500,37.0200,37.1200,158541
2025-01-06 10:45:00,37.1200,37.1600,36.9200,36.9300,180596
2025-01-06 10:46:00,36.9400,36.9400,36.8100,36.8600,117259
2025-01-06 10:47:00,36.8300,36.8330,36.7000,36.7350,144454
2025-01-06 10:48:00,36.7350,36.8000,36.6300,36.6400,155577
2025-01-06 10:49:00,36.6400,36.6700,36.5800,36.6400,101520
2025-01-06 10:50:00,36.6352,36.6500,36.4600,36.5400,189153
2025-01-06 10:51:00,36.5400,36.7000,36.5200,36.6800,141048
2025-01-06 10:52:00,36.6899,36.7200,36.6500,36.6700,90507
2025-01-06 10:53:00,36.6500,36.7090,36.6124,36.6140,64078
2025-01-06 10:54:00,36.6227,36.6700,36.5800,36.6100,97508
2025-01-06 10:55:00,36.6000,36.6000,36.5000,36.5199,103705
2025-01-06 10:56:00,36.5043,36.5200,36.4100,36.4101,149068
2025-01-06 10:57:00,36.4000,36.4300,36.3100,36.3500,128664
2025-01-06 10:58:00,36.3413,36.4600,36.3200,36.4342,96647
2025-01-06 10:59:00,36.4200,36.4999,36.4001,36.4792,75031
2025-01-06 11:00:00,36.4800,36.6073,36.4300,36.5764,173754
2025-01-06 11:01:00,36.5600,36.6000,36.5400,36.5960,64130
2025-01-06 11:02:00,36.6000,36.6300,36.5700,36.5900,57882
2025-01-06 11:03:00,36.5800,36.6160,36.4600,36.6000,241630
2025-01-06 11:04:00,36.6000,36.6400,36.5700,36.6100,65938
2025-01-06 11:05:00,36.6100,36.6400,36.5100,36.5700,48584
2025-01-06 11:06:00,36.5900,36.7000,36.5900,36.6900,110632
2025-01-06 11:07:00,36.6900,36.8000,36.6800,36.7700,78541
2025-01-06 11:08:00,36.7700,36.7800,36.5700,36.5978,71264
2025-01-06 11:09:00,36.5741,36.6800,36.5741,36.6600,48918
2025-01-06 11:10:00,36.6500,36.6900,36.5800,36.6680,72398
2025-01-06 11:11:00,36.6600,36.6602,36.5600,36.6476,48410
2025-01-06 11:12:00,36.6301,36.8300,36.5800,36.6750,132382
2025-01-06 11:13:00,36.6600,36.6800,36.5700,36.6800,198922
2025-01-06 11:14:00,36.6608,36.7200,36.6100,36.6380,90037
2025-01-06 11:15:00,36.6200,36.6200,36.5100,36.5100,83029
2025-01-06 11:16:00,36.5100,36.5500,36.4510,36.4910,207326
2025-01-06 11:17:00,36.4800,36.5200,36.4100,36.4800,149009
2025-01-06 11:18:00,36.4900,36.4900,36.4100,36.4120,55438
2025-01-06 11:19:00,36.4199,36.5800,36.4198,36.5700,61677
2025-01-06 11:20:00,36.5800,36.6900,36.5600,36.6900,56935
2025-01-06 11:21:00,36.6999,36.8300,36.6800,36.8000,118720
2025-01-06 11:22:00,36.8100,36.8300,36.7500,36.7898,76625
2025-01-06 11:23:00,36.7836,36.7976,36.7200,36.7200,47539
2025-01-06 11:24:00,36.7100,36.7600,36.6600,36.6900,64097
2025-01-06 11:25:00,36.6850,36.7200,36.6100,36.6900,71383
2025-01-06 11:26:00,36.6821,36.8250,36.6100,36.6800,97473
2025-01-06 11:27:00,36.6999,36.8000,36.6800,36.7750,107975
2025-01-06 11:28:00,36.7738,36.7900,36.6600,36.7180,83758
2025-01-06 11:29:00,36.7100,36.8500,36.7000,36.8124,63606
2025-01-06 11:30:00,36.8200,36.8600,36.7701,36.8600,40521
2025-01-06 11:31:00,36.8421,36.8541,36.7600,36.8300,46681
2025-01-06 11:32:00,36.8216,36.9300,36.8000,36.8200,73025
2025-01-06 11:33:00,36.8200,36.8250,36.7400,36.8102,67979
2025-01-06 11:34:00,36.8117,36.8298,36.6900,36.6900,90380
2025-01-06 11:35:00,36.6900,36.7800,36.6800,36.7400,50721
2025-01-06 11:36:00,36.7500,36.7500,36.7100,36.7500,36917
2025-01-06 11:37:00,36.7600,36.8220,36.7200,36.7300,49173
2025-01-06 11:38:00,36.7300,36.7700,36.7100,36.7126,25191
2025-01-06 11:39:00,36.7100,36.7100,36.6200,36.6700,51506
2025-01-06 11:40:00,36.6601,36.7200,36.6400,36.6790,52904
2025-01-06 11:41:00,36.6800,36.8200,36.6500,36.8200,63116
2025-01-06 11:42:00,36.8001,36.8600,36.7800,36.8100,74931
2025-01-06 11:43:00,36.8200,36.8400,36.7300,36.8100,58025
2025-01-06 11:44:00,36.8100,36.8400,36.7800,36.8274,45475
2025-01-06 11:45:00,36.8300,36.8600,36.7421,36.8000,73156
2025-01-06 11:46:00,36.8612,36.8800,36.8200,36.8300,77655
2025-01-06 11:47:00,36.8300,36.8496,36.7600,36.8420,46670
2025-01-06 11:48:00,36.8350,36.8500,36.7501,36.7800,28831
2025-01-06 11:49:00,36.7750,36.8200,36.7400,36.8114,42045
2025-01-06 11:50:00,36.8129,36.9000,36.8100,36.8800,106378
2025-01-06 11:51:00,36.8776,36.9248,36.8500,36.9201,61562
2025-01-06 11:52:00,36.9250,36.9550,36.8800,36.9500,71022
2025-01-06 11:53:00,36.9301,36.9600,36.9200,36.9400,81423
2025-01-06 11:54:00,36.9328,37.0400,36.9150,37.0198,132814
2025-01-06 11:55:00,37.0199,37.0200,36.8401,36.8700,94619
2025-01-06 11:56:00,36.8776,36.9200,36.8100,36.8270,69361
2025-01-06 11:57:00,36.8400,36.8800,36.8201,36.8600,37267
2025-01-06 11:58:00,36.8616,36.9400,36.8501,36.9400,43275
2025-01-06 11:59:00,36.9300,36.9790,36.8800,36.9399,47473
2025-01-06 12:00:00,36.9300,36.9300,36.7500,36.7800,63756
2025-01-06 12:01:00,36.7800,36.7800,36.6700,36.7050,75422
2025-01-06 12:02:00,36.7100,36.7988,36.6600,36.7817,43708
2025-01-06 12:03:00,36.7800,36.8300,36.7500,36.8200,54587
2025-01-06 12:04:00,36.8250,36.8600,36.8200,36.8460,29917
2025-01-06 12:05:00,36.8500,36.8500,36.6800,36.6850,35236
2025-01-06 12:06:00,36.6850,36.7800,36.6850,36.7600,34639
2025-01-06 12:07:00,36.7800,36.8700,36.7680,36.8452,30220
2025-01-06 12:08:00,36.8500,36.8800,36.8400,36.8500,37168
2025-01-06 12:09:00,36.8500,36.9200,36.8466,36.8780,44740
2025-01-06 12:10:00,36.8600,36.8800,36.8000,36.8225,32990
2025-01-06 12:11:00,36.8300,36.8400,36.8000,36.8100,58701
2025-01-06 12:12:00,36.8200,36.8300,36.7900,36.8100,43614
2025-01-06 12:13:00,36.8100,36.8800,36.7500,36.8750,37917
2025-01-06 12:14:00,36.8800,36.9000,36.8000,36.8100,38307
2025-01-06 12:15:00,36.8088,36.8200,36.7600,36.8100,47249
2025-01-06 12:16:00,36.8000,36.8700,36.7900,36.8300,34433
2025-01-06 12:17:00,36.8370,36.9500,36.8350,36.8950,116034
2025-01-06 12:18:00,36.8950,36.9600,36.8700,36.8800,40475
2025-01-06 12:19:00,36.8900,36.9500,36.7500,36.8390,89199
2025-01-06 12:20:00,36.8320,36.8800,36.8000,36.8300,31383
2025-01-06 12:21:00,36.8274,36.8300,36.7000,36.7650,43012
2025-01-06 12:22:00,36.7662,36.8000,36.7090,36.7100,65296
2025-01-06 12:23:00,36.7200,36.7292,36.6800,36.6900,36932
2025-01-06 12:24:00,36.7000,36.7200,36.5500,36.5600,136296
2025-01-06 12:25:00,36.5600,36.5700,36.5100,36.5317,89391
2025-01-06 12:26:00,36.5321,36.6000,36.5100,36.5969,53759
2025-01-06 12:27:00,36.5975,36.5975,36.5100,36.5500,50698
2025-01-06 12:28:00,36.5300,36.5800,36.5300,36.5700,33754
2025-01-06 12:29:00,36.5700,36.6100,36.5500,36.6000,58458
2025-01-06 12:30:00,36.5900,36.5900,36.5100,36.5374,41717
2025-01-06 12:31:00,36.5499,36.5500,36.4600,36.4900,79938
2025-01-06 12:32:00,36.4900,36.5700,36.4623,36.5500,47534
2025-01-06 12:33:00,36.5500,36.6199,36.5200,36.6199,62601
2025-01-06 12:34:00,36.6150,36.7000,36.6100,36.6810,87385
2025-01-06 12:35:00,36.6899,36.7498,36.6800,36.6900,45476
2025-01-06 12:36:00,36.6800,36.6800,36.6000,36.6200,32248
2025-01-06 12:37:00,36.6300,36.6900,36.6000,36.6300,47090
2025-01-06 12:38:00,36.6200,36.6500,36.6200,36.6201,17899
2025-01-06 12:39:00,36.6400,36.6500,36.4800,36.4800,56804
2025-01-06 12:40:00,36.4900,36.5400,36.4900,36.5101,41932
2025-01-06 12:41:00,36.5248,36.5248,36.4100,36.4150,111135
2025-01-06 12:42:00,36.4150,36.4700,36.3700,36.3722,219876
2025-01-06 12:43:00,36.3800,36.4100,36.3500,36.3900,32192
2025-01-06 12:44:00,36.3913,36.4400,36.3900,36.4180,43043
2025-01-06 12:45:00,36.4179,36.4179,36.3100,36.3600,63725
2025-01-06 12:46:00,36.3501,36.4900,36.3500,36.4650,53779
2025-01-06 12:47:00,36.4700,36.4899,36.4100,36.4720,44981
2025-01-06 12:48:00,36.4800,36.4900,36.3500,36.4000,42229
2025-01-06 12:49:00,36.4000,36.4400,36.3900,36.4400,22400
2025-01-06 12:50:00,36.4410,36.4600,36.4300,36.4450,22937
2025-01-06 12:51:00,36.4600,36.5380,36.4550,36.5358,64720
2025-01-06 12:52:00,36.5300,36.6150,36.5100,36.5450,91375
2025-01-06 12:53:00,36.5440,36.5900,36.5001,36.5001,51672
2025-01-06 12:54:00,36.5100,36.6000,36.5100,36.5500,33207
2025-01-06 12:55:00,36.5500,36.5900,36.5200,36.5400,28413
2025-01-06 12:56:00,36.5300,36.5750,36.5227,36.5609,22087
2025-01-06 12:57:00,36.5700,36.6300,36.5700,36.6150,33265
2025-01-06 12:58:00,36.6150,36.6800,36.6050,36.6300,88677
2025-01-06 12:59:00,36.6376,36.6500,36.6100,36.6400,33626
2025-01-06 13:00:00,36.6300,36.6590,36.6100,36.6100,15036
2025-01-06 13:01:00,36.6100,36.6300,36.4800,36.5000,63830
2025-01-06 13:02:00,36.5095,36.5250,36.4500,36.5100,41642
2025-01-06 13:03:00,36.5001,36.5079,36.4000,36.4000,35205
2025-01-06 13:04:00,36.4100,36.5050,36.3700,36.4850,54496
2025-01-06 13:05:00,36.4820,36.5279,36.4500,36.5250,27595
2025-01-06 13:06:00,36.5300,36.5900,36.5001,36.5400,37512
2025-01-06 13:07:00,36.5500,36.5500,36.5100,36.5400,22327
2025-01-06 13:08:00,36.5400,36.6100,36.5400,36.5500,49575
2025-01-06 13:09:00,36.5500,36.7100,36.5035,36.5111,27122
2025-01-06 13:10:00,36.5150,36.5500,36.5000,36.5450,24496
2025-01-06 13:11:00,36.5401,36.5650,36.5350,36.5500,41602
2025-01-06 13:12:00,36.5550,36.5700,36.5000,36.5300,40494
2025-01-06 13:13:00,36.5376,36.5900,36.5200,36.5800,22138
2025-01-06 13:14:00,36.5750,36.6600,36.5700,36.6000,36792
2025-01-06 13:15:00,36.6050,36.6199,36.5400,36.5800,27594
2025-01-06 13:16:00,36.5700,36.6600,36.5500,36.5900,49160
2025-01-06 13:17:00,36.5800,36.6300,36.5600,36.6000,51015
2025-01-06 13:18:00,36.5900,36.6154,36.5800,36.6016,25414
2025-01-06 13:19:00,36.6000,36.6000,36.5000,36.5620,61109
2025-01-06 13:20:00,36.5520,36.6850,36.5500,36.6300,36050
2025-01-06 13:21:00,36.6300,36.6500,36.6100,36.6300,16747
2025-01-06 13:22:00,36.6400,36.7600,36.6400,36.7150,62723
2025-01-06 13:23:00,36.7100,36.8200,36.7037,36.7700,51348
2025-01-06 13:24:00,36.7601,36.8099,36.7500,36.7700,35708
2025-01-06 13:25:00,36.7700,36.8489,36.7700,36.8400,64663
2025-01-06 13:26:00,36.8400,36.8599,36.8200,36.8378,50654
2025-01-06 13:27:00,36.8400,36.8800,36.7800,36.8729,68913
2025-01-06 13:28:00,36.8700,36.8750,36.8200,36.8700,52376
2025-01-06 13:29:00,36.8690,36.9600,36.8600,36.9400,57212
2025-01-06 13:30:00,36.9317,37.0100,36.9200,36.9970,121340
2025-01-06 13:31:00,36.9900,37.0300,36.9600,36.9710,78846
2025-01-06 13:32:00,36.9800,37.0000,36.9299,37.0000,63886
2025-01-06 13:33:00,36.9900,37.0299,36.9500,37.0100,72633
2025-01-06 13:34:00,37.0100,37.0700,36.9900,37.0650,80624
2025-01-06 13:35:00,37.0700,37.1300,37.0500,37.0600,138838
2025-01-06 13:36:00,37.0550,37.0600,36.9100,36.9200,82353
2025-01-06 13:37:00,36.9219,36.9700,36.8000,36.8300,102276
2025-01-06 13:38:00,36.8400,36.8600,36.8100,36.8500,56896
2025-01-06 13:39:00,36.8500,36.9200,36.8100,36.9200,56908
2025-01-06 13:40:00,36.9200,37.0500,36.9118,37.0450,87263
2025-01-06 13:41:00,37.0500,37.0600,36.9300,37.0100,63859
2025-01-06 13:42:00,37.0000,37.0100,36.9400,36.9800,34574
2025-01-06 13:43:00,36.9800,37.0300,36.9500,37.0070,65437
2025-01-06 13:44:00,37.0100,37.0400,36.9700,36.9900,40726
2025-01-06 13:45:00,36.9900,37.0200,36.8400,36.8800,85326
2025-01-06 13:46:00,36.8601,36.9750,36.8300,36.9400,55574
2025-01-06 13:47:00,36.9400,36.9650,36.8680,36.9100,46172
2025-01-06 13:48:00,36.9200,36.9300,36.8700,36.8765,33821
2025-01-06 13:49:00,36.8700,36.8700,36.8100,36.8378,31883
2025-01-06 13:50:00,36.8400,36.8600,36.8100,36.8425,29771
2025-01-06 13:51:00,36.8300,36.8800,36.7700,36.8500,109805
2025-01-06 13:52:00,36.8500,36.8700,36.8201,36.8350,36408
2025-01-06 13:53:00,36.8350,36.8700,36.8000,36.8016,32160
2025-01-06 13:54:00,36.8020,36.8200,36.7700,36.8000,44078
2025-01-06 13:55:00,36.7987,36.8156,36.7801,36.7900,21164
2025-01-06 13:56:00,36.8000,36.8200,36.7700,36.7750,25573
2025-01-06 13:57:00,36.7750,36.7800,36.7000,36.7000,67689
2025-01-06 13:58:00,36.7100,36.7400,36.6800,36.7200,51467
2025-01-06 13:59:00,36.7100,36.7100,36.6100,36.6300,41573
2025-01-06 14:00:00,36.6260,36.6788,36.5400,36.5600,65583
2025-01-06 14:01:00,36.5500,36.5900,36.4350,36.4510,91098
2025-01-06 14:02:00,36.4550,36.5200,36.4400,36.4400,60812
2025-01-06 14:03:00,36.4450,36.5099,36.4200,36.4900,53524
2025-01-06 14:04:00,36.4800,36.4900,36.4000,36.4100,41840
2025-01-06 14:05:00,36.4110,36.4800,36.4031,36.4700,44926
2025-01-06 14:06:00,36.4600,36.4700,36.3900,36.4000,44308
2025-01-06 14:07:00,36.4000,36.4500,36.3900,36.4300,46599
2025-01-06 14:08:00,36.4300,36.4300,36.3600,36.4099,44072
2025-01-06 14:09:00,36.4099,36.4100,36.3400,36.3538,38496
2025-01-06 14:10:00,36.3500,36.3800,36.2300,36.2600,290052
2025-01-06 14:11:00,36.2650,36.2867,36.1600,36.1800,284902
2025-01-06 14:12:00,36.1790,36.1800,36.1120,36.1600,112591
2025-01-06 14:13:00,36.1599,36.1600,36.0500,36.0875,246636
2025-01-06 14:14:00,36.0800,36.1000,36.0500,36.0886,169489
2025-01-06 14:15:00,36.0800,36.0800,36.0000,36.0300,150606
2025-01-06 14:16:00,36.0250,36.1400,36.0100,36.0400,246512
2025-01-06 14:17:00,36.0500,36.1450,36.0400,36.1300,60766
2025-01-06 14:18:00,36.1200,36.1400,36.1000,36.1200,59725
2025-01-06 14:19:00,36.1200,36.1271,36.0700,36.0850,80924
2025-01-06 14:20:00,36.0900,36.1400,36.0829,36.1100,106391
2025-01-06 14:21:00,36.1063,36.1764,35.9500,35.9750,459061
2025-01-06 14:22:00,35.9700,36.0000,35.8500,35.9600,174110
2025-01-06 14:23:00,35.9450,36.0300,35.9300,36.0102,79643
2025-01-06 14:24:00,36.0250,36.0388,35.9500,35.9800,42963
2025-01-06 14:25:00,35.9700,35.9900,35.9499,35.9499,43906
2025-01-06 14:26:00,35.9500,35.9550,35.8600,35.9200,50570
2025-01-06 14:27:00,35.9100,35.9999,35.9100,35.9850,46046
2025-01-06 14:28:00,35.9850,36.0000,35.9500,35.9900,44084
2025-01-06 14:29:00,36.0000,36.0050,35.9690,36.0050,36525
2025-01-06 14:30:00,36.0100,36.0600,35.9700,36.0300,37061
2025-01-06 14:31:00,36.0399,36.1300,36.0300,36.1100,60471
2025-01-06 14:32:00,36.1200,36.1800,36.1000,36.1550,85574
2025-01-06 14:33:00,36.1550,36.1600,36.1210,36.1300,24153
2025-01-06 14:34:00,36.1300,36.1700,36.0900,36.0908,48212
2025-01-06 14:35:00,36.1013,36.1650,36.0800,36.0900,86202
2025-01-06 14:36:00,36.0900,36.1412,36.0250,36.1300,45842
2025-01-06 14:37:00,36.1399,36.1399,36.0000,36.0650,82618
2025-01-06 14:38:00,36.0700,36.1600,36.0400,36.1600,57003
2025-01-06 14:39:00,36.1624,36.1799,36.0900,36.1180,27038
2025-01-06 14:40:00,36.1100,36.1690,36.0917,36.1500,21391
2025-01-06 14:41:00,36.1500,36.1850,36.1402,36.1640,21149
2025-01-06 14:42:00,36.1700,36.1988,36.1200,36.1500,39736
2025-01-06 14:43:00,36.1400,36.1450,36.0500,36.0800,68190
2025-01-06 14:44:00,36.0800,36.1000,36.0400,36.0800,22554
2025-01-06 14:45:00,36.0800,36.1900,36.0720,36.1400,48666
2025-01-06 14:46:00,36.1300,36.2000,36.1200,36.1900,31584
2025-01-06 14:47:00,36.1724,36.2199,36.1650,36.2110,53482
2025-01-06 14:48:00,36.2196,36.2650,36.2196,36.2400,63489
2025-01-06 14:49:00,36.2300,36.2800,36.1900,36.1901,52313
2025-01-06 14:50:00,36.1900,36.1900,36.0600,36.0800,46954
2025-01-06 14:51:00,36.0895,36.1300,36.0895,36.1200,31381
2025-01-06 14:52:00,36.1100,36.1599,36.0700,36.1185,33066
2025-01-06 14:53:00,36.1102,36.1800,36.1100,36.1500,23365
2025-01-06 14:54:00,36.1600,36.2600,36.1600,36.2590,106804
2025-01-06 14:55:00,36.2500,36.2600,36.2002,36.2200,26882
2025-01-06 14:56:00,36.2100,36.2224,36.1450,36.1450,23207
2025-01-06 14:57:00,36.1360,36.1700,36.1000,36.1150,38515
2025-01-06 14:58:00,36.1150,36.1299,36.0319,36.0600,60195
2025-01-06 14:59:00,36.0700,36.1200,36.0400,36.0400,35956
2025-01-06 15:00:00,36.0300,36.0510,36.0000,36.0350,59215
2025-01-06 15:01:00,36.0400,36.0800,35.9700,35.9900,66858
2025-01-06 15:02:00,35.9850,36.0700,35.9800,36.0440,41567
2025-01-06 15:03:00,36.0300,36.1300,36.0000,36.1300,45971
2025-01-06 15:04:00,36.1499,36.1499,36.0701,36.0980,36150
2025-01-06 15:05:00,36.1000,36.1159,36.0200,36.0300,59216
2025-01-06 15:06:00,36.0100,36.0500,35.9900,36.0100,74295
2025-01-06 15:07:00,36.0200,36.0700,36.0100,36.0184,34786
2025-01-06 15:08:00,36.0200,36.0650,35.9700,36.0600,55095
2025-01-06 15:09:00,36.0600,36.1100,36.0500,36.1023,39705
2025-01-06 15:10:00,36.1000,36.1000,35.9800,35.9900,30582
2025-01-06 15:11:00,35.9735,36.0078,35.9500,35.9600,70802
2025-01-06 15:12:00,35.9600,35.9950,35.9600,35.9615,46536
2025-01-06 15:13:00,35.9700,36.0600,35.9700,36.0000,43651
2025-01-06 15:14:00,35.9950,36.0000,35.9750,35.9800,35732
2025-01-06 15:15:00,35.9800,36.0099,35.9700,35.9901,27943
2025-01-06 15:16:00,35.9900,36.0300,35.9600,35.9600,38650
2025-01-06 15:17:00,35.9500,35.9900,35.9400,35.9800,53084
2025-01-06 15:18:00,35.9740,35.9900,35.9500,35.9600,23761
2025-01-06 15:19:00,35.9600,36.0100,35.9500,35.9800,44528
2025-01-06 15:20:00,35.9800,36.0100,35.9700,35.9900,28255
2025-01-06 15:21:00,35.9979,35.9979,35.9200,35.9300,67372
2025-01-06 15:22:00,35.9350,35.9500,35.9125,35.9390,43583
2025-01-06 15:23:00,35.9384,36.0498,35.9384,36.0300,69523
2025-01-06 15:24:00,36.0400,36.0800,36.0000,36.0200,52204
2025-01-06 15:25:00,36.0137,36.0800,35.9909,36.0600,41534
2025-01-06 15:26:00,36.0500,36.1400,36.0499,36.1300,42353
2025-01-06 15:27:00,36.1300,36.2000,36.1200,36.1900,85206
2025-01-06 15:28:00,36.1900,36.2500,36.1528,36.2400,99549
2025-01-06 15:29:00,36.2300,36.3400,36.2300,36.3250,79092
2025-01-06 15:30:00,36.3200,36.3800,36.2700,36.3501,173894
2025-01-06 15:31:00,36.3600,36.3600,36.2200,36.2300,92947
2025-01-06 15:32:00,36.2300,36.3000,36.1988,36.2100,59288
2025-01-06 15:33:00,36.2010,36.2010,36.1100,36.1300,42099
2025-01-06 15:34:00,36.1300,36.1600,36.1011,36.1011,39231
2025-01-06 15:35:00,36.1090,36.1800,36.1090,36.1500,45102
2025-01-06 15:36:00,36.1550,36.1999,36.1500,36.1600,28627
2025-01-06 15:37:00,36.1550,36.2322,36.1501,36.2000,39959
2025-01-06 15:38:00,36.2090,36.2400,36.1700,36.1700,54883
2025-01-06 15:39:00,36.1800,36.2350,36.1800,36.2000,42224
2025-01-06 15:40:00,36.1907,36.1950,36.1250,36.1840,37885
2025-01-06 15:41:00,36.1700,36.1800,36.1250,36.1400,37291
2025-01-06 15:42:00,36.1300,36.1350,36.1000,36.1100,55158
2025-01-06 15:43:00,36.1050,36.1300,36.0800,36.0950,70448
2025-01-06 15:44:00,36.1000,36.1150,36.0600,36.0950,52906
2025-01-06 15:45:00,36.0950,36.1350,36.0800,36.1350,50641
2025-01-06 15:46:00,36.1300,36.2350,36.1300,36.2150,136637
2025-01-06 15:47:00,36.2100,36.2500,36.1600,36.2450,74165
2025-01-06 15:48:00,36.2400,36.2450,36.1900,36.2100,38113
2025-01-06 15:49:00,36.2050,36.3300,36.1800,36.3200,186189
2025-01-06 15:50:00,36.3100,36.5392,36.3100,36.5100,189738
2025-01-06 15:51:00,36.5100,36.5700,36.4500,36.5650,119653
2025-01-06 15:52:00,36.5600,36.5600,36.4500,36.4899,110761
2025-01-06 15:53:00,36.4900,36.6400,36.4850,36.6300,136188
2025-01-06 15:54:00,36.6400,36.6660,36.5301,36.6400,180478
2025-01-06 15:55:00,36.6500,36.6800,36.5902,36.6300,193367
2025-01-06 15:56:00,36.6300,36.6700,36.5513,36.5900,206485
2025-01-06 15:57:00,36.5901,36.6150,36.4800,36.4800,272597
2025-01-06 15:58:00,36.4800,36.5050,36.4400,36.4650,176429
2025-01-06 15:59:00,36.4650,36.4900,36.4400,36.4800,303023
2025-01-06 16:00:00,36.4600,36.4800,36.3100,36.4100,4658386
2025-01-06 16:01:00,36.3600,36.4800,36.3600,36.4600,4259
2025-01-06 16:02:00,36.4300,36.6600,36.4207,36.5400,5853
2025-01-06 16:03:00,36.6489,36.6500,36.4500,36.5100,4593
2025-01-06 16:04:00,36.5900,36.6200,36.5000,36.5200,2045
2025-01-06 16:05:00,36.5999,36.6200,36.4500,36.6200,2666
2025-01-06 16:06:00,36.6000,36.6200,36.5300,36.5986,2650
2025-01-06 16:07:00,36.5600,36.6200,36.5500,36.6100,5477
2025-01-06 16:08:00,36.6000,36.6500,36.5200,36.6300,3007
2025-01-06 16:09:00,36.6500,36.6800,36.6400,36.6800,3804
2025-01-06 16:10:00,36.6800,36.7000,36.6700,36.6900,2695
2025-01-06 16:11:00,36.6900,36.8302,36.6900,36.8302,11392
2025-01-06 16:12:00,36.8309,36.8500,36.7100,36.7501,2560
2025-01-06 16:13:00,36.7989,36.8000,36.7608,36.7608,1299
2025-01-06 16:14:00,36.8000,36.8000,34.9500,36.7900,9487
2025-01-06 16:15:00,36.7700,36.7700,36.4500,36.7600,115230
2025-01-06 16:16:00,36.7700,36.7900,36.7300,36.7700,4350
2025-01-06 16:17:00,36.7900,36.8000,36.7700,36.7999,3748
2025-01-06 16:18:00,36.8000,36.8200,36.4500,36.8200,4272
2025-01-06 16:19:00,36.7900,36.8007,36.7500,36.8000,2221
2025-01-06 16:20:00,36.7500,36.8200,36.4500,36.7800,18706
2025-01-06 16:21:00,36.7800,36.8000,36.7500,36.8000,1782
2025-01-06 16:22:00,36.7800,36.7982,36.7500,36.7500,1837
2025-01-06 16:23:00,36.7500,36.7581,36.7000,36.7010,5309
2025-01-06 16:24:00,36.7489,36.7489,36.6800,36.6982,3411
2025-01-06 16:25:00,36.6900,36.7483,36.6000,36.6000,816
2025-01-06 16:26:00,36.6500,36.7600,36.6500,36.7600,1472
2025-01-06 16:27:00,36.6600,36.7685,36.6228,36.6228,1745
2025-01-06 16:28:00,36.6996,36.7300,36.6100,36.7280,1997
2025-01-06 16:29:00,36.6600,36.7500,36.6200,36.6200,1377
2025-01-06 16:30:00,36.7000,36.7500,36.6301,36.7000,1774
2025-01-06 16:31:00,36.7000,36.7500,36.7000,36.7000,3996
2025-01-06 16:32:00,36.7501,36.7700,36.6900,36.7700,1177
2025-01-06 16:33:00,36.7020,36.7700,36.7000,36.7200,905
2025-01-06 16:34:00,36.7000,36.7300,36.6903,36.7100,529
2025-01-06 16:35:00,36.7200,36.7200,36.6900,36.7000,1182
2025-01-06 16:36:00,36.4500,36.7400,36.4500,36.7400,879
2025-01-06 16:37:00,36.7000,36.7400,36.7000,36.7000,55
2025-01-06 16:38:00,36.7400,36.7500,36.7000,36.7000,602
2025-01-06 16:39:00,36.7000,36.7500,36.7000,36.7500,602
2025-01-06 16:40:00,36.7100,36.7500,36.7100,36.7200,262
2025-01-06 16:41:00,36.7101,36.7300,36.4500,36.7100,42193
2025-01-06 16:42:00,36.7100,36.7200,36.7000,36.7001,3412
2025-01-06 16:43:00,36.7288,36.7300,36.7200,36.7300,452
2025-01-06 16:44:00,36.7200,36.7200,36.7001,36.7005,1182
2025-01-06 16:45:00,36.7200,36.7600,36.7200,36.7600,756
2025-01-06 16:46:00,36.7300,36.7600,36.7300,36.7500,886
2025-01-06 16:47:00,36.7493,36.7500,36.7200,36.7200,1671
2025-01-06 16:48:00,36.7000,36.7500,36.7000,36.7500,2554
2025-01-06 16:49:00,36.7100,36.7600,36.7000,36.7001,801
2025-01-06 16:50:00,36.7000,36.7540,36.7000,36.7200,2505
2025-01-06 16:51:00,36.7564,36.7564,36.7200,36.7300,922
2025-01-06 16:53:00,36.7300,36.7399,36.6900,36.6900,707
2025-01-06 16:54:00,36.7000,36.7000,36.6891,36.6900,972
2025-01-06 16:55:00,36.6800,36.6885,36.6800,36.6800,21
2025-01-06 16:56:00,36.6800,36.6900,36.6500,36.6500,626
2025-01-06 16:57:00,36.6800,36.6900,36.6100,36.6100,124
2025-01-06 16:58:00,36.6100,36.6887,36.6100,36.6100,964
2025-01-06 16:59:00,36.6500,36.6900,36.6217,36.6500,797
2025-01-06 17:00:00,36.6900,36.7000,36.6417,36.6800,610
2025-01-06 17:01:00,36.7000,36.7000,36.6200,36.6600,6052
2025-01-06 17:02:00,36.6200,36.6900,36.6200,36.6200,150
2025-01-06 17:03:00,36.6212,36.6212,36.6000,36.6000,753
2025-01-06 17:04:00,36.6000,36.6200,36.5500,36.6000,5571
2025-01-06 17:05:00,36.5985,36.5985,36.5100,36.5100,61
2025-01-06 17:06:00,36.6000,36.6000,36.5985,36.6000,65
2025-01-06 17:07:00,36.5500,36.6000,36.5100,36.6000,1165
2025-01-06 17:08:00,36.6000,36.6000,36.5300,36.5300,57
2025-01-06 17:09:00,36.5999,36.5999,36.5899,36.5899,379
2025-01-06 17:10:00,36.5899,36.6000,36.3900,36.6000,9644
2025-01-06 17:11:00,36.6000,36.6000,36.4500,36.5500,1156
2025-01-06 17:12:00,36.4701,36.5500,36.4600,36.5000,1224
2025-01-06 17:13:00,36.5500,36.5999,36.5100,36.5300,567
2025-01-06 17:14:00,36.5300,36.5990,36.4600,36.5990,1168
2025-01-06 17:15:00,36.5900,36.6000,36.4500,36.5008,188
2025-01-06 17:16:00,36.4500,36.5989,36.4500,36.4550,34
2025-01-06 17:17:00,36.6000,36.6000,36.4500,36.5999,2619
2025-01-06 17:18:00,36.4500,36.5967,36.4500,36.5900,459
2025-01-06 17:19:00,36.5000,36.5900,36.4700,36.5889,573
2025-01-06 17:20:00,36.5899,36.5900,36.5500,36.5900,2165
2025-01-06 17:21:00,36.5500,36.6000,36.5400,36.5400,704
2025-01-06 17:22:00,36.5300,36.5400,36.5300,36.5400,122
2025-01-06 17:23:00,36.5100,36.6000,36.4501,36.4501,3057
2025-01-06 17:24:00,36.5958,36.6000,36.4538,36.6000,741
2025-01-06 17:25:00,36.5996,36.5996,36.4500,36.4500,67
2025-01-06 17:26:00,36.4500,36.6000,36.4500,36.6000,406
2025-01-06 17:27:00,36.5500,38.4500,36.5400,36.5490,1500
2025-01-06 17:28:00,36.5488,36.5496,36.5101,36.5496,1571
2025-01-06 17:29:00,36.5483,36.5496,36.5100,36.5485,1383
2025-01-06 17:30:00,36.5500,36.5500,36.5100,36.5500,174
2025-01-06 17:31:00,36.5600,36.6000,36.5109,36.5400,314
2025-01-06 17:32:00,36.5400,36.5800,36.5100,36.5800,122
2025-01-06 17:33:00,36.5500,36.5800,36.5100,36.5100,3446
2025-01-06 17:34:00,36.5000,36.5700,36.4503,36.4503,2290
2025-01-06 17:35:00,36.5600,36.5700,36.5000,36.5300,1050
2025-01-06 17:36:00,36.5000,36.5001,36.5000,36.5001,255
2025-01-06 17:37:00,36.5200,36.5500,36.5000,36.5300,11247
2025-01-06 17:38:00,36.5100,36.5500,36.5100,36.5300,550
2025-01-06 17:39:00,36.5491,36.5500,36.5000,36.5500,707
2025-01-06 17:40:00,36.5500,36.5500,36.5000,36.5500,1438
2025-01-06 17:41:00,36.5500,36.5700,36.5500,36.5700,141
2025-01-06 17:42:00,36.5700,36.5700,36.5500,36.5600,185
2025-01-06 17:43:00,36.5700,36.6000,36.5500,36.5981,16332
2025-01-06 17:44:00,36.5600,36.6300,36.5500,36.5800,1383
2025-01-06 17:45:00,36.5800,36.6700,36.5800,36.6700,1230
2025-01-06 17:46:00,36.6300,36.6900,36.6300,36.6600,5060
2025-01-06 17:47:00,36.6900,36.6900,36.6300,36.6600,154
2025-01-06 17:48:00,36.6900,36.6900,36.6600,36.6600,1360
2025-01-06 17:49:00,36.6800,36.6900,36.6300,36.6300,18
2025-01-06 17:50:00,36.6400,36.6788,36.6400,36.6700,565
2025-01-06 17:51:00,36.6300,36.6800,36.6300,36.6700,33
2025-01-06 17:52:00,36.6391,36.6800,36.6391,36.6800,492
2025-01-06 17:53:00,36.6800,36.6800,36.6600,36.6600,337
2025-01-06 17:54:00,36.6800,36.6800,36.4500,36.5700,34059
2025-01-06 17:55:00,36.6600,36.6799,36.5700,36.6799,1020
2025-01-06 17:56:00,36.6600,36.6900,36.6600,36.6600,516
2025-01-06 17:57:00,36.6900,36.6900,36.6800,36.6900,570
2025-01-06 17:58:00,36.6500,36.6500,36.6000,36.6500,24
2025-01-06 17:59:00,36.6500,36.6900,36.6062,36.6499,2823
2025-01-06 18:00:00,36.6000,36.6500,36.6000,36.6499,107
2025-01-06 18:01:00,36.6500,36.6897,36.6499,36.6800,1696
2025-01-06 18:02:00,36.6600,36.6800,36.6500,36.6800,601
2025-01-06 18:03:00,36.6800,36.6800,36.5800,36.6500,994
2025-01-06 18:04:00,36.6100,36.6400,36.5800,36.6400,969
2025-01-06 18:05:00,36.6293,36.6400,36.5700,36.6000,101
2025-01-06 18:06:00,36.6500,36.6800,36.6000,36.6799,579
2025-01-06 18:07:00,36.6600,36.6800,36.6600,36.6800,232
2025-01-06 18:08:00,36.6800,36.6800,36.6501,36.6800,797
2025-01-06 18:09:00,36.6500,36.6800,36.6500,36.6799,260
2025-01-06 18:10:00,36.6796,36.6796,36.6796,36.6796,9
2025-01-06 18:11:00,36.6799,36.6800,36.6500,36.6600,587
2025-01-06 18:12:00,36.6800,36.6800,36.6600,36.6600,174
2025-01-06 18:13:00,36.6792,36.6800,36.6600,36.6600,400
2025-01-06 18:14:00,36.6600,36.6600,36.6600,36.6600,54
2025-01-06 18:15:00,36.6600,36.6600,36.6500,36.6600,249
2025-01-06 18:16:00,36.6599,36.6600,36.6500,36.6600,375
2025-01-06 18:17:00,36.6500,36.6600,36.6000,36.6000,892
2025-01-06 18:18:00,36.6500,36.6600,36.6300,36.6300,1015
2025-01-06 18:19:00,36.6060,36.6600,36.6015,36.6600,125
2025-01-06 18:20:00,36.6600,36.6600,36.6492,36.6492,75
2025-01-06 18:21:00,36.6499,36.6500,36.6000,36.6500,550
2025-01-06 18:22:00,36.6300,36.6300,36.6300,36.6300,297
2025-01-06 18:23:00,36.6500,36.6500,36.6000,36.6489,340
2025-01-06 18:24:00,36.6000,36.6597,36.6000,36.6500,520
2025-01-06 18:25:00,36.6599,36.6599,36.6599,36.6599,15
2025-01-06 18:26:00,36.6600,36.6600,36.6200,36.6200,618
2025-01-06 18:27:00,36.6100,36.6600,36.6100,36.6595,1258
2025-01-06 18:28:00,36.6600,36.6600,36.6103,36.6600,801
2025-01-06 18:29:00,36.6700,36.6795,36.6599,36.6795,543
2025-01-06 18:30:00,36.6800,36.6800,36.6108,36.6800,1402
2025-01-06 18:31:00,36.6700,36.6700,36.6500,36.6500,301
2025-01-06 18:32:00,36.6100,36.6900,36.6100,36.6900,3184
2025-01-06 18:33:00,36.6893,36.6893,36.6118,36.6500,3829
2025-01-06 18:34:00,36.6300,36.6799,36.6300,36.6799,515
2025-01-06 18:35:00,36.6200,36.6900,36.6100,36.6789,5126
2025-01-06 18:36:00,36.6000,36.6800,36.6000,36.6700,272
2025-01-06 18:37:00,36.6600,36.6800,36.6000,36.6800,740
2025-01-06 18:38:00,36.6788,36.6800,36.6700,36.6700,316
2025-01-06 18:39:00,36.6600,36.6700,36.6500,36.6500,1235
2025-01-06 18:40:00,36.6500,36.6700,36.6200,36.6700,803
2025-01-06 18:41:00,36.6688,36.6800,36.6200,36.6400,4589
2025-01-06 18:42:00,36.6500,36.7000,36.6500,36.6900,2642
2025-01-06 18:43:00,36.6900,36.7000,36.6900,36.7000,1340
2025-01-06 18:44:00,36.7000,36.7000,36.6900,36.6999,1250
2025-01-06 18:45:00,36.7000,36.7000,36.6900,36.7000,1006
2025-01-06 18:46:00,36.7000,36.7000,36.6700,36.6700,6916
2025-01-06 18:47:00,36.7000,36.7000,36.6200,36.6200,177
2025-01-06 18:48:00,36.6400,36.6800,36.6203,36.6500,360
2025-01-06 18:49:00,36.6207,36.6500,36.6200,36.6200,3504
2025-01-06 18:50:00,36.6200,36.6700,36.6200,36.6700,626
2025-01-06 18:51:00,36.6500,36.6700,36.6101,36.6101,833
2025-01-06 18:52:00,36.6700,36.6700,36.6118,36.6699,543
2025-01-06 18:53:00,36.6700,36.6900,36.6128,36.6700,537
2025-01-06 18:54:00,36.6900,36.6900,36.6400,36.6700,947
2025-01-06 18:55:00,36.6887,36.6899,36.6500,36.6500,8
2025-01-06 18:56:00,36.6400,36.6900,36.6400,36.6890,30
2025-01-06 18:57:00,36.6400,36.6900,36.6400,36.6600,1016
2025-01-06 18:58:00,36.6800,36.6800,36.6400,36.6600,379
2025-01-06 18:59:00,36.6600,36.6600,36.6500,36.6600,122
2025-01-06 19:00:00,36.6600,36.6600,36.6500,36.6600,1353
2025-01-06 19:01:00,36.7000,36.7000,36.6900,36.6999,1046
2025-01-06 19:02:00,36.6900,36.7000,36.6900,36.7000,1682
2025-01-06 19:03:00,36.6800,36.7000,36.6700,36.7000,3477
2025-01-06 19:04:00,36.7000,36.7000,36.6700,36.6900,6892
2025-01-06 19:05:00,36.6900,36.7000,36.6900,36.6999,383
2025-01-06 19:06:00,36.7000,36.7000,36.6525,36.6600,1988
2025-01-06 19:07:00,36.6900,36.7000,36.6600,36.7000,339
2025-01-06 19:08:00,36.6900,36.7000,36.6400,36.6600,833
2025-01-06 19:09:00,36.6900,36.7000,36.6900,36.6990,505
2025-01-06 19:10:00,36.6508,36.7000,36.6508,36.7000,1340
2025-01-06 19:11:00,36.6500,36.6900,36.6500,36.6900,13
2025-01-06 19:12:00,36.7000,36.7000,36.6600,36.7000,903
2025-01-06 19:13:00,36.7000,36.7000,36.6601,36.6605,468
2025-01-06 19:14:00,36.6800,36.7000,36.6600,36.7000,1738
2025-01-06 19:15:00,36.6987,36.7000,36.6700,36.7000,255
2025-01-06 19:16:00,36.6900,36.7000,36.6800,36.7000,1181
2025-01-06 19:17:00,36.6800,36.7000,36.6603,36.7000,673
2025-01-06 19:18:00,36.6800,36.7000,36.6705,36.6800,1591
2025-01-06 19:19:00,36.6700,36.6990,36.6700,36.6900,1018
2025-01-06 19:20:00,36.7000,36.7000,36.6800,36.7000,921
2025-01-06 19:21:00,36.6900,36.6900,36.6800,36.6900,285
2025-01-06 19:22:00,36.7000,36.7000,36.6900,36.6900,643
2025-01-06 19:23:00,36.6800,36.6800,36.6100,36.6700,465
2025-01-06 19:24:00,36.6689,36.6698,36.6200,36.6500,581
2025-01-06 19:25:00,36.6100,36.6700,36.6100,36.6685,5838
2025-01-06 19:26:00,36.6460,36.6600,36.6200,36.6500,246
2025-01-06 19:27:00,36.6600,36.6600,36.6400,36.6500,1089
2025-01-06 19:28:00,36.6300,36.6400,36.6100,36.6200,3759
2025-01-06 19:29:00,36.6200,36.6200,36.6103,36.6103,972
2025-01-06 19:30:00,36.6200,36.6200,36.6000,36.6000,1628
2025-01-06 19:31:00,36.6000,36.6000,36.5700,36.5700,1318
2025-01-06 19:32:00,36.5992,36.6000,36.5992,36.5999,700
2025-01-06 19:33:00,36.5720,36.5800,36.5720,36.5800,39
2025-01-06 19:34:00,36.5900,36.6100,36.5900,36.6100,2152
2025-01-06 19:35:00,36.6092,36.6100,36.5300,36.5300,1783
2025-01-06 19:36:00,36.5500,36.6100,36.5500,36.5800,728
2025-01-06 19:37:00,36.5900,36.5900,36.5600,36.5900,537
2025-01-06 19:38:00,36.5700,36.6000,36.5700,36.6000,515
2025-01-06 19:39:00,36.6001,36.6100,36.6000,36.6097,2427
2025-01-06 19:40:00,36.6100,36.6500,36.6002,36.6015,13249
2025-01-06 19:41:00,36.6300,36.6400,36.6000,36.6400,211
2025-01-06 19:42:00,36.6000,36.6000,36.6000,36.6000,8
2025-01-06 19:43:00,36.6016,36.6409,36.6001,36.6400,21
2025-01-06 19:44:00,36.6102,36.6600,36.6100,36.6600,1834
2025-01-06 19:45:00,36.6693,36.6800,36.5900,36.6800,1768
2025-01-06 19:46:00,36.6800,36.6900,36.6500,36.6900,617
2025-01-06 19:47:00,36.7000,36.7000,36.6900,36.7000,1557
2025-01-06 19:48:00,36.7000,36.7000,36.6500,36.7000,9005
2025-01-06 19:49:00,36.6600,36.7000,36.6600,36.7000,919
2025-01-06 19:50:00,36.6800,36.6994,36.6800,36.6994,27
2025-01-06 19:51:00,36.7000,36.7000,36.6900,36.6900,176
2025-01-06 19:52:00,36.6900,36.7000,36.6800,36.6999,404
2025-01-06 19:53:00,36.6901,36.7200,36.6900,36.7200,5644
2025-01-06 19:54:00,36.7299,36.7500,36.7000,36.7500,1862
2025-01-06 19:55:00,36.7496,36.8000,36.7300,36.7990,10961
2025-01-06 19:56:00,36.7700,36.7800,36.7000,36.7500,6100
2025-01-06 19:57:00,36.7500,36.8000,36.7000,36.7000,4685
2025-01-06 19:58:00,36.7900,36.7900,36.7101,36.7900,2604
2025-01-06 19:59:00,36.7300,36.8000,36.7000,36.8000,6402
2025-01-07 04:00:00,36.8000,36.8700,36.5500,36.8100,3747
2025-01-07 04:01:00,36.7400,36.8000,36.6400,36.7500,1312
2025-01-07 04:02:00,36.7000,36.7900,36.6900,36.7500,3671
2025-01-07 04:03:00,36.7600,36.7900,36.7400,36.7500,607
2025-01-07 04:04:00,36.7200,36.7200,36.6600,36.6800,1323
2025-01-07 04:05:00,36.7000,36.7400,36.6900,36.7200,225
2025-01-07 04:06:00,36.6900,36.7200,36.6600,36.6900,1669
2025-01-07 04:07:00,36.6800,36.6800,36.6500,36.6500,785
2025-01-07 04:08:00,36.6400,36.6700,36.6200,36.6200,71
2025-01-07 04:09:00,36.6100,36.7000,36.6100,36.6900,673
2025-01-07 04:10:00,36.6700,36.7300,36.6700,36.7100,206
2025-01-07 04:11:00,36.7100,36.7800,36.7100,36.7800,688
2025-01-07 04:12:00,36.7800,36.8300,36.7500,36.8000,2235
2025-01-07 04:13:00,36.8000,36.8200,36.7800,36.8000,2142
2025-01-07 04:14:00,36.8000,36.8000,36.7500,36.7700,1041
2025-01-07 04:15:00,36.7600,36.7800,36.7300,36.7500,1664
2025-01-07 04:16:00,36.7500,36.7500,36.7300,36.7500,154
2025-01-07 04:17:00,36.7400,36.7400,36.7100,36.7200,3109
2025-01-07 04:18:00,36.7200,36.7500,36.7000,36.7000,929
2025-01-07 04:19:00,36.6900,36.7100,36.6800,36.7000,3191
2025-01-07 04:20:00,36.7300,36.7300,36.6800,36.7000,1044
2025-01-07 04:21:00,36.7000,36.7200,36.7000,36.7200,421
2025-01-07 04:22:00,36.7000,36.7300,36.6800,36.7000,15
2025-01-07 04:23:00,36.7200,36.7300,36.7200,36.7300,34
2025-01-07 04:24:00,36.7200,36.7300,36.7200,36.7300,1599
2025-01-07 04:25:00,36.7300,36.7300,36.5200,36.5400,7501
2025-01-07 04:26:00,36.5500,36.5500,36.4600,36.4600,8489
2025-01-07 04:27:00,36.4600,36.5300,36.4100,36.5200,4247
2025-01-07 04:28:00,36.5200,36.5600,36.5100,36.5400,1005
2025-01-07 04:29:00,36.5200,36.6500,36.5200,36.6400,1100
2025-01-07 04:30:00,36.6200,36.6400,36.4900,36.4900,1746
2025-01-07 04:31:00,36.5500,36.5700,36.4900,36.5400,298
2025-01-07 04:32:00,36.5400,36.5400,36.4900,36.5200,205
2025-01-07 04:33:00,36.4900,36.5200,36.4900,36.5200,359
2025-01-07 04:34:00,36.5800,36.5800,36.5200,36.5800,1152
2025-01-07 04:35:00,36.5800,36.6100,36.5400,36.6100,1424
2025-01-07 04:36:00,36.5800,36.6000,36.5800,36.6000,19
2025-01-07 04:37:00,36.6200,36.6700,36.6200,36.6300,12338
2025-01-07 04:38:00,36.6200,36.6400,36.6200,36.6300,253
2025-01-07 04:39:00,36.6300,36.6500,36.6000,36.6300,1186
2025-01-07 04:40:00,36.6400,36.6400,36.6300,36.6400,150
2025-01-07 04:41:00,36.6400,36.6400,36.6300,36.6300,4
2025-01-07 04:42:00,36.6300,36.6400,36.6000,36.6300,1134
2025-01-07 04:43:00,36.6400,36.6400,36.5900,36.5900,312
2025-01-07 04:44:00,36.6300,36.6300,36.6300,36.6300,228
2025-01-07 04:45:00,36.5900,36.6200,36.5700,36.5700,1209
2025-01-07 04:46:00,36.5500,36.6300,36.5500,36.6300,192
2025-01-07 04:47:00,36.5300,36.5300,36.5100,36.5100,1020
2025-01-07 04:48:00,36.5100,36.5200,36.5100,36.5200,422
2025-01-07 04:49:00,36.5200,36.5300,36.5100,36.5100,345
2025-01-07 04:50:00,36.5500,36.5500,36.5500,36.5500,8
2025-01-07 04:51:00,36.5300,36.6300,36.5300,36.6300,2899
2025-01-07 04:52:00,36.6200,36.6400,36.5700,36.6200,867
2025-01-07 04:53:00,36.6000,36.6200,36.6000,36.6200,106
2025-01-07 04:54:00,36.6200,36.6200,36.6200,36.6200,16
2025-01-07 04:55:00,36.6100,36.6200,36.5800,36.5800,265
2025-01-07 04:56:00,36.5700,36.5800,36.5700,36.5700,111
2025-01-07 04:57:00,36.6000,36.6100,36.6000,36.6000,48
2025-01-07 04:58:00,36.6000,36.6000,36.5100,36.5600,3650
2025-01-07 04:59:00,36.5900,36.6100,36.5600,36.6000,768
2025-01-07 05:00:00,36.6000,36.6100,36.5600,36.6000,171
2025-01-07 05:01:00,36.6200,36.6200,36.6000,36.6000,21
2025-01-07 05:02:00,36.6000,36.6200,36.5800,36.5800,280
2025-01-07 05:03:00,36.6200,36.6200,36.5800,36.6000,146
2025-01-07 05:04:00,36.6000,36.6100,36.5700,36.5900,483
2025-01-07 05:05:00,36.6000,36.7900,36.6000,36.7400,7892
2025-01-07 05:06:00,36.7400,36.7700,36.7000,36.7700,230
2025-01-07 05:07:00,36.7300,36.7600,36.7100,36.7500,256
2025-01-07 05:08:00,36.7100,36.7500,36.7100,36.7300,460
2025-01-07 05:09:00,36.7100,36.7200,36.7000,36.7200,251
2025-01-07 05:10:00,36.7000,36.7000,36.7000,36.7000,132
2025-01-07 05:11:00,36.6900,36.7000,36.6900,36.7000,410
2025-01-07 05:12:00,36.6500,36.6900,36.6500,36.6900,47
2025-01-07 05:13:00,36.7000,36.7100,36.7000,36.7100,2581
2025-01-07 05:14:00,36.7100,36.7100,36.7000,36.7100,361
2025-01-07 05:15:00,36.6900,36.6900,36.6600,36.6600,56
2025-01-07 05:16:00,36.7000,36.7000,36.7000,36.7000,1
2025-01-07 05:17:00,36.7000,36.7100,36.6900,36.7000,772
2025-01-07 05:19:00,36.6800,36.7000,36.6800,36.7000,159
2025-01-07 05:20:00,36.7100,36.7400,36.7000,36.7300,1391
2025-01-07 05:21:00,36.7400,36.7700,36.7000,36.7700,644
2025-01-07 05:22:00,36.7700,36.7900,36.7700,36.7900,100
2025-01-07 05:23:00,36.7900,36.8000,36.7600,36.7900,2030
2025-01-07 05:24:00,36.7900,36.8100,36.7900,36.8000,857
2025-01-07 05:25:00,36.8400,36.9100,36.7500,36.8400,14544
2025-01-07 05:26:00,36.8600,36.8700,36.7400,36.8300,909
2025-01-07 05:27:00,36.8800,36.8900,36.8100,36.8900,247
2025-01-07 05:28:00,36.8300,36.8700,36.8100,36.8100,364
2025-01-07 05:29:00,36.8100,36.8900,36.8100,36.8400,2448
2025-01-07 05:30:00,36.8400,36.8500,36.8100,36.8500,276
2025-01-07 05:31:00,36.8400,36.8400,36.8400,36.8400,1
2025-01-07 05:32:00,36.8800,36.8800,36.8600,36.8800,185
2025-01-07 05:33:00,36.8800,36.8900,36.8800,36.8900,25
2025-01-07 05:34:00,36.8800,36.9000,36.8800,36.9000,793
2025-01-07 05:35:00,36.9000,36.9000,36.9000,36.9000,52
2025-01-07 05:36:00,36.8900,36.9000,36.8900,36.9000,299
2025-01-07 05:37:00,36.8800,36.8800,36.7400,36.7400,29669
2025-01-07 05:38:00,36.8000,36.8100,36.7400,36.8100,1167
2025-01-07 05:39:00,36.7900,36.7900,36.7100,36.7600,104
2025-01-07 05:40:00,36.7100,36.7900,36.7000,36.7000,974
2025-01-07 05:41:00,36.7100,36.7900,36.7100,36.7800,140
2025-01-07 05:42:00,36.7800,36.7800,36.7800,36.7800,149
2025-01-07 05:43:00,36.7800,36.7800,36.7800,36.7800,10
2025-01-07 05:44:00,36.7800,36.7800,36.7700,36.7800,84
2025-01-07 05:45:00,36.7600,36.7600,36.7200,36.7200,12
2025-01-07 05:46:00,36.7100,36.7500,36.6500,36.6500,2043
2025-01-07 05:47:00,36.7200,36.7200,36.7200,36.7200,200
2025-01-07 05:48:00,36.7100,36.7100,36.6400,36.7000,119
2025-01-07 05:50:00,36.7000,36.7000,36.6900,36.6900,200
2025-01-07 05:51:00,36.6900,36.6900,36.6900,36.6900,121
2025-01-07 05:52:00,36.6900,36.6900,36.5700,36.5800,1501
2025-01-07 05:53:00,36.6000,36.6200,36.6000,36.6200,271
2025-01-07 05:54:00,36.6500,36.6700,36.6400,36.6700,956
2025-01-07 05:55:00,36.6700,36.6700,36.6600,36.6700,178
2025-01-07 05:56:00,36.6600,36.6600,36.6600,36.6600,50
2025-01-07 05:57:00,36.6400,36.6600,36.6200,36.6600,689
2025-01-07 05:58:00,36.6700,36.6700,36.6600,36.6600,22
2025-01-07 05:59:00,36.6400,36.6600,36.5600,36.6000,4024
2025-01-07 06:00:00,36.6000,36.6300,36.5700,36.6100,1090
2025-01-07 06:01:00,36.6000,36.6800,36.6000,36.6700,1580
2025-01-07 06:02:00,36.6700,36.6700,36.6600,36.6600,4
2025-01-07 06:03:00,36.6500,36.7700,36.6500,36.7200,8528
2025-01-07 06:04:00,36.7300,36.7300,36.6500,36.6900,583
2025-01-07 06:05:00,36.6900,36.7100,36.6800,36.6800,700
2025-01-07 06:06:00,36.6900,36.7000,36.6900,36.7000,1196
2025-01-07 06:07:00,36.6900,36.6900,36.6600,36.6700,200
2025-01-07 06:08:00,36.6900,36.6900,36.6400,36.6400,2343
2025-01-07 06:09:00,36.6600,36.6600,36.6000,36.6100,2197
2025-01-07 06:10:00,36.6100,36.6200,36.6100,36.6200,182
2025-01-07 06:11:00,36.6700,36.6700,36.6300,36.6600,130
2025-01-07 06:12:00,36.6300,36.6400,36.6000,36.6400,1774
2025-01-07 06:13:00,36.6300,36.6400,36.5200,36.5200,3160
2025-01-07 06:14:00,36.5200,36.6100,36.4500,36.5000,15813
2025-01-07 06:15:00,36.5000,36.5400,36.3100,36.3100,6340
2025-01-07 06:16:00,36.3600,36.4600,36.2800,36.4100,12857
2025-01-07 06:17:00,36.4100,36.4100,36.3600,36.4100,1261
2025-01-07 06:18:00,36.3600,36.4100,36.3400,36.3600,296
2025-01-07 06:19:00,36.4100,36.4100,36.4100,36.4100,93
2025-01-07 06:20:00,36.4100,36.5000,36.4100,36.4100,9867
2025-01-07 06:21:00,36.4700,36.5200,36.4700,36.5200,150
2025-01-07 06:22:00,36.5200,36.5200,36.5200,36.5200,1
2025-01-07 06:23:00,36.5600,36.5600,36.5500,36.5500,63
2025-01-07 06:24:00,36.5500,36.5500,36.5500,36.5500,300
2025-01-07 06:25:00,36.5600,36.5900,36.5200,36.5900,1418
2025-01-07 06:26:00,36.5900,36.5900,36.5200,36.5800,351
2025-01-07 06:27:00,36.5900,36.5900,36.5300,36.5300,130
2025-01-07 06:28:00,36.5300,36.6000,36.5300,36.5800,365
2025-01-07 06:29:00,36.5500,36.5500,36.5500,36.5500,40
2025-01-07 06:30:00,36.6100,36.6200,36.5600,36.5600,362
2025-01-07 06:31:00,36.5500,36.5800,36.5200,36.5800,512
2025-01-07 06:32:00,36.6000,36.6100,36.5300,36.5500,207
2025-01-07 06:33:00,36.5700,36.6100,36.5700,36.6000,29
2025-01-07 06:34:00,36.5300,36.6100,36.5100,36.5100,128
2025-01-07 06:35:00,36.5900,36.5900,36.5100,36.5100,1308
2025-01-07 06:36:00,36.5100,36.5100,36.4100,36.4600,3666
2025-01-07 06:37:00,36.4600,36.5200,36.4600,36.5100,380
2025-01-07 06:38:00,36.5000,36.5400,36.5000,36.5400,501
2025-01-07 06:39:00,36.4900,36.5500,36.4900,36.5400,519
2025-01-07 06:40:00,36.5400,36.5400,36.5400,36.5400,1
2025-01-07 06:41:00,36.5400,36.5400,36.5000,36.5000,24
2025-01-07 06:42:00,36.5400,36.5600,36.5200,36.5600,325
2025-01-07 06:43:00,36.5500,36.5500,36.5500,36.5500,9
2025-01-07 06:44:00,36.5500,36.5500,36.5200,36.5200,46
2025-01-07 06:45:00,36.5300,36.5300,36.4900,36.5200,518
2025-01-07 06:46:00,36.5100,36.5100,36.4600,36.4600,3375
2025-01-07 06:47:00,36.4900,36.4900,36.4000,36.4200,4615
2025-01-07 06:48:00,36.4100,36.4300,36.2300,36.3100,31093
2025-01-07 06:49:00,36.2800,36.3900,36.2800,36.3300,13560
2025-01-07 06:50:00,36.3500,36.3700,36.2600,36.2700,2006
2025-01-07 06:51:00,36.3400,36.4100,36.2500,36.2900,7556
2025-01-07 06:52:00,36.3300,36.3500,36.3000,36.3500,1026
2025-01-07 06:53:00,36.3500,36.4100,36.3000,36.3100,2246
2025-01-07 06:54:00,36.3400,36.3600,36.3300,36.3600,47
2025-01-07 06:55:00,36.3500,36.3500,36.2700,36.3000,513
2025-01-07 06:56:00,36.3100,36.3200,36.2800,36.3100,147
2025-01-07 06:57:00,36.3500,36.3500,36.3100,36.3500,65
2025-01-07 06:58:00,36.3200,36.3200,36.3000,36.3100,718
2025-01-07 06:59:00,36.3500,36.4500,36.3400,36.4100,3440
2025-01-07 07:00:00,36.4300,36.5800,36.4300,36.5000,12230
2025-01-07 07:01:00,36.5200,36.5600,36.5000,36.5100,1717
2025-01-07 07:02:00,36.5300,36.5400,36.5300,36.5400,828
2025-01-07 07:03:00,36.5400,36.5400,36.5200,36.5400,654
2025-01-07 07:04:00,36.5300,36.5900,36.5300,36.5900,1854
2025-01-07 07:05:00,36.5800,36.6100,36.5800,36.6100,290
2025-01-07 07:06:00,36.5900,36.6200,36.5500,36.5500,1926
2025-01-07 07:07:00,36.5700,36.6000,36.5100,36.5100,4325
2025-01-07 07:08:00,36.5400,36.5500,36.5100,36.5100,1039
2025-01-07 07:09:00,36.5200,36.5800,36.5100,36.5500,2617
2025-01-07 07:10:00,36.5500,36.6900,36.5500,36.6500,7963
2025-01-07 07:11:00,36.6700,36.6800,36.6300,36.6500,2080
2025-01-07 07:12:00,36.6400,36.6500,36.5600,36.5900,1169
2025-01-07 07:13:00,36.5900,36.6200,36.5600,36.5600,2420
2025-01-07 07:14:00,36.5600,36.6000,36.5600,36.5700,293
2025-01-07 07:15:00,36.5700,36.6100,36.5700,36.6100,1463
2025-01-07 07:16:00,36.6000,36.6000,36.5800,36.5800,6
2025-01-07 07:17:00,36.6100,36.6500,36.5800,36.6500,3340
2025-01-07 07:18:00,36.6400,36.6700,36.6400,36.6500,1842
2025-01-07 07:19:00,36.6600,36.6600,36.5900,36.5900,2500
2025-01-07 07:20:00,36.6100,36.6300,36.6000,36.6100,2128
2025-01-07 07:21:00,36.6000,36.6100,36.5000,36.5000,20024
2025-01-07 07:22:00,36.5600,36.5800,36.5300,36.5800,1963
2025-01-07 07:23:00,36.5700,36.5700,36.5700,36.5700,1
2025-01-07 07:24:00,36.5300,36.5400,36.5000,36.5300,733
2025-01-07 07:25:00,36.5300,36.5300,36.4900,36.4900,723
2025-01-07 07:26:00,36.4900,36.4900,36.4500,36.4800,3012
2025-01-07 07:27:00,36.4900,36.5000,36.4000,36.5000,2033
2025-01-07 07:28:00,36.5000,36.5000,36.4900,36.5000,405
2025-01-07 07:29:00,36.5100,36.5100,36.5000,36.5000,302
2025-01-07 07:30:00,36.5100,36.5100,36.4700,36.5000,3870
2025-01-07 07:31:00,36.4900,36.5300,36.4700,36.5200,3879
2025-01-07 07:32:00,36.5300,36.5500,36.5200,36.5500,5651
2025-01-07 07:33:00,36.5400,36.5400,36.4100,36.4700,4665
2025-01-07 07:34:00,36.4800,36.4800,36.3800,36.3900,10394
2025-01-07 07:35:00,36.3800,36.4400,36.3800,36.4300,655
2025-01-07 07:36:00,36.4800,36.4800,36.4400,36.4400,58
2025-01-07 07:37:00,36.4400,36.4400,36.4300,36.4400,489
2025-01-07 07:38:00,36.4400,36.4400,36.3700,36.4000,8640
2025-01-07 07:39:00,36.4000,36.4000,36.3500,36.3500,9007
2025-01-07 07:40:00,36.3600,36.3600,36.2300,36.2500,7257
2025-01-07 07:41:00,36.2400,36.4300,36.2200,36.4300,34554
2025-01-07 07:42:00,36.4000,36.4000,36.3700,36.3700,9012
2025-01-07 07:43:00,36.3700,36.4100,36.3700,36.4100,1512
2025-01-07 07:44:00,36.4000,36.4500,36.3700,36.4500,1444
2025-01-07 07:45:00,36.4400,36.4500,36.3900,36.4000,3251
2025-01-07 07:46:00,36.3800,36.3800,36.3800,36.3800,1
2025-01-07 07:47:00,36.3800,36.3900,36.3800,36.3900,1005
2025-01-07 07:48:00,36.4000,36.4300,36.4000,36.4300,223
2025-01-07 07:49:00,36.4400,36.4400,36.4400,36.4400,66
2025-01-07 07:50:00,36.4100,36.4200,36.4100,36.4100,393
2025-01-07 07:51:00,36.4500,36.4600,36.4500,36.4500,525
2025-01-07 07:52:00,36.4500,36.4800,36.4500,36.4500,41
2025-01-07 07:53:00,36.4500,36.4500,36.4200,36.4200,545
2025-01-07 07:54:00,36.4600,36.4600,36.4400,36.4500,199
2025-01-07 07:55:00,36.4500,36.4900,36.4500,36.4900,2588
2025-01-07 07:56:00,36.4800,36.4800,36.4500,36.4500,1369
2025-01-07 07:57:00,36.4300,36.4500,36.4100,36.4300,703
2025-01-07 07:58:00,36.4300,36.4300,36.3900,36.4000,1970
2025-01-07 07:59:00,36.3900,36.4300,36.3200,36.3700,9312
2025-01-07 08:00:00,36.5300,36.9400,35.8500,36.4300,123462
2025-01-07 08:01:00,36.4500,36.6569,35.8700,36.4500,4516
2025-01-07 08:02:00,36.4003,36.4497,36.3817,36.4000,1090
2025-01-07 08:03:00,36.4000,36.4200,36.3600,36.3600,1224
2025-01-07 08:04:00,36.3800,36.3900,36.3600,36.3600,4759
2025-01-07 08:05:00,36.4000,36.4000,36.3700,36.3800,6306
2025-01-07 08:06:00,36.4000,36.4000,36.3700,36.3900,317
2025-01-07 08:07:00,36.3800,36.4000,36.2400,36.2983,13556
2025-01-07 08:08:00,36.2500,36.3000,36.1800,36.2001,11562
2025-01-07 08:09:00,36.2013,36.2898,36.1800,36.2500,25186
2025-01-07 08:10:00,36.2000,36.2900,36.1940,36.1999,10081
2025-01-07 08:11:00,36.1800,36.3400,36.1500,36.3000,18430
2025-01-07 08:12:00,36.3100,36.4400,36.3100,36.4100,16023
2025-01-07 08:13:00,36.4000,36.4500,36.3900,36.3900,1348
2025-01-07 08:14:00,36.3900,36.4500,36.3900,36.4500,2038
2025-01-07 08:15:00,36.4000,36.4391,36.4000,36.4200,7443
2025-01-07 08:16:00,36.4391,36.4400,36.4100,36.4300,2463
2025-01-07 08:17:00,36.4300,36.4400,36.3900,36.3900,3160
2025-01-07 08:18:00,36.3900,36.4200,36.3900,36.4200,157
2025-01-07 08:19:00,36.4000,36.4500,36.4000,36.4400,422
2025-01-07 08:20:00,36.4400,36.4400,36.3816,36.3816,5246
2025-01-07 08:21:00,36.3910,36.4500,36.3910,36.4000,655
2025-01-07 08:22:00,36.4400,36.4500,36.4000,36.4400,1104
2025-01-07 08:23:00,36.4400,36.4400,36.3900,36.4000,2254
2025-01-07 08:24:00,36.4000,36.4400,36.4000,36.4300,464
2025-01-07 08:25:00,36.4300,36.4300,36.4006,36.4100,197
2025-01-07 08:26:00,36.4001,36.4500,36.4000,36.4000,6286
2025-01-07 08:27:00,36.4016,36.4499,36.4000,36.4200,992
2025-01-07 08:28:00,36.4000,36.5000,36.4000,36.4800,11086
2025-01-07 08:29:00,36.4900,36.4900,36.4700,36.4900,2829
2025-01-07 08:30:00,36.4800,36.4900,36.4600,36.4900,3648
2025-01-07 08:31:00,36.4800,36.5100,36.4600,36.5100,8641
2025-01-07 08:32:00,36.5000,36.5500,36.5000,36.5200,4953
2025-01-07 08:33:00,36.5300,36.5900,36.5300,36.5400,5722
2025-01-07 08:34:00,36.5400,36.5900,36.5400,36.5800,8033
2025-01-07 08:35:00,36.5800,36.5900,36.5700,36.5700,3185
2025-01-07 08:36:00,36.5900,36.6400,36.5700,36.6400,7715
2025-01-07 08:37:00,36.6300,36.6900,36.6200,36.6800,2738
2025-01-07 08:38:00,36.6600,36.6800,36.5000,36.5800,8903
2025-01-07 08:39:00,36.6000,36.6400,36.5000,36.6400,5437
2025-01-07 08:40:00,36.6100,36.6575,36.5100,36.6575,712
2025-01-07 08:41:00,36.6800,36.6800,36.6100,36.6500,926
2025-01-07 08:42:00,36.6100,36.6800,36.6100,36.6740,5876
2025-01-07 08:43:00,36.6800,36.6800,36.5600,36.6200,13334
2025-01-07 08:44:00,36.6000,36.6800,36.6000,36.6800,471
2025-01-07 08:45:00,36.6200,36.6800,36.6100,36.6800,8181
2025-01-07 08:46:00,36.6800,36.6900,36.6700,36.6800,9129
2025-01-07 08:47:00,36.6900,36.6900,36.6400,36.6800,18811
2025-01-07 08:48:00,36.6410,36.6900,36.6400,36.6900,3478
2025-01-07 08:49:00,36.6400,36.6799,36.6400,36.6400,9752
2025-01-07 08:50:00,36.6400,36.6700,36.5504,36.5700,12238
2025-01-07 08:51:00,36.5900,36.6600,36.5200,36.5601,1445
2025-01-07 08:52:00,36.6497,36.6500,36.5700,36.5983,11442
2025-01-07 08:53:00,36.6000,36.6000,36.5703,36.5801,2816
2025-01-07 08:54:00,36.5800,36.6500,36.5600,36.5700,1238
2025-01-07 08:55:00,36.5701,36.6000,36.5100,36.6000,2153
2025-01-07 08:56:00,36.5900,36.6000,36.5100,36.6000,1376
2025-01-07 08:57:00,36.6000,36.6000,36.5200,36.5200,635
2025-01-07 08:58:00,36.5900,36.6500,36.5300,36.6500,5716
2025-01-07 08:59:00,36.6500,36.6900,36.6200,36.6593,1927
2025-01-07 09:00:00,36.6600,36.6900,36.6000,36.6000,3730
2025-01-07 09:01:00,36.6899,36.7700,36.6800,36.7700,14148
2025-01-07 09:02:00,36.7700,36.7800,36.7200,36.7500,13026
2025-01-07 09:03:00,36.7800,36.7800,36.7100,36.7460,2625
2025-01-07 09:04:00,36.7500,36.8000,36.7460,36.7794,7637
2025-01-07 09:05:00,36.7794,36.7800,36.6800,36.7500,5823
2025-01-07 09:06:00,36.7500,36.7500,36.6300,36.6900,4746
2025-01-07 09:07:00,36.7000,36.7200,36.6400,36.6900,3604
2025-01-07 09:08:00,36.6900,36.7200,36.6600,36.6900,8378
2025-01-07 09:09:00,36.6600,36.7800,36.6600,36.7800,7627
2025-01-07 09:10:00,36.8000,36.8000,36.6800,36.7783,3492
2025-01-07 09:11:00,36.7800,36.8000,36.7500,36.7800,4952
2025-01-07 09:12:00,36.8500,36.8800,36.7509,36.8000,20484
2025-01-07 09:13:00,36.8000,36.8200,36.7500,36.7700,13499
2025-01-07 09:14:00,36.7700,36.7800,36.7600,36.7610,6216
2025-01-07 09:15:00,36.7700,36.8800,36.7600,36.8500,5345
2025-01-07 09:16:00,36.7700,36.8500,36.7400,36.7800,4957
2025-01-07 09:17:00,36.7800,36.7900,36.7008,36.7500,7549
2025-01-07 09:18:00,36.7700,36.7700,36.7000,36.7000,2645
2025-01-07 09:19:00,36.7700,36.7700,36.7100,36.7600,4563
2025-01-07 09:20:00,37.3400,37.3400,36.7000,36.7300,7140
2025-01-07 09:21:00,36.7500,36.8000,36.6700,36.7000,11256
2025-01-07 09:22:00,36.7000,36.7900,36.7000,36.7800,1183
2025-01-07 09:23:00,36.7800,36.8000,36.7800,36.7900,859
2025-01-07 09:24:00,36.7900,36.7900,36.7500,36.7700,3123
2025-01-07 09:25:00,36.7800,36.9900,36.7200,36.7215,22113
2025-01-07 09:26:00,36.7700,36.8300,36.6000,36.7500,42943
2025-01-07 09:27:00,36.6200,36.7790,36.3100,36.6400,33525
2025-01-07 09:28:00,36.6300,36.6300,36.1200,36.1900,47763
2025-01-07 09:29:00,36.1900,36.3000,36.1100,36.2400,24240
2025-01-07 09:30:00,36.3400,36.3500,35.4400,35.5900,976928
2025-01-07 09:31:00,35.6250,36.5500,35.5501,36.4300,258448
2025-01-07 09:32:00,36.4100,36.4192,36.0100,36.1841,265184
2025-01-07 09:33:00,36.1900,36.3800,35.9950,36.1072,202312
2025-01-07 09:34:00,36.1400,36.2105,35.8700,35.8700,171022
2025-01-07 09:35:00,35.8600,35.9000,35.6600,35.7486,209635
2025-01-07 09:36:00,35.7400,35.8000,35.1700,35.2100,406840
2025-01-07 09:37:00,35.2100,35.3200,35.0300,35.0950,485221
2025-01-07 09:38:00,35.0950,35.1000,34.7819,35.0400,625097
2025-01-07 09:39:00,35.0400,35.2000,35.0000,35.1320,305368
2025-01-07 09:40:00,35.1500,35.2500,34.9000,35.1550,234072
2025-01-07 09:41:00,35.1741,35.1750,34.9800,35.1301,214535
2025-01-07 09:42:00,35.1500,35.4600,35.0700,35.3650,259874
2025-01-07 09:43:00,35.3900,35.5300,35.3000,35.4850,152463
2025-01-07 09:44:00,35.4850,35.6200,35.4500,35.5300,169402
2025-01-07 09:45:00,35.5500,35.6700,35.5100,35.6579,204920
2025-01-07 09:46:00,35.6500,35.7500,35.6200,35.7200,233233
2025-01-07 09:47:00,35.7100,35.8600,35.6300,35.8200,179758
2025-01-07 09:48:00,35.8300,36.0800,35.8000,36.0600,274578
2025-01-07 09:49:00,36.0600,36.1000,35.8900,35.9300,180993
2025-01-07 09:50:00,35.9161,36.0900,35.8400,36.0550,167846
2025-01-07 09:51:00,36.0600,36.1180,35.9600,36.0582,100766
2025-01-07 09:52:00,36.0600,36.1500,36.0425,36.1250,78854
2025-01-07 09:53:00,36.1200,36.1300,35.8741,35.9000,121089
2025-01-07 09:54:00,35.8755,36.0700,35.8500,35.9903,88850
2025-01-07 09:55:00,35.9800,36.0500,35.9180,35.9352,91144
2025-01-07 09:56:00,35.9300,35.9443,35.7700,35.7800,153232
2025-01-07 09:57:00,35.7900,35.8300,35.6600,35.6913,158022
2025-01-07 09:58:00,35.6921,35.7800,35.4800,35.6500,160694
2025-01-07 09:59:00,35.6425,35.7600,35.6000,35.6999,226793
2025-01-07 10:00:00,35.6500,35.6625,35.3500,35.3650,131759
2025-01-07 10:01:00,35.3650,35.4500,35.2300,35.3150,136537
2025-01-07 10:02:00,35.3150,35.5050,35.1800,35.4800,169970
2025-01-07 10:03:00,35.4900,35.6000,35.4600,35.5900,91325
2025-01-07 10:04:00,35.6000,35.7200,35.4400,35.6100,265579
2025-01-07 10:05:00,35.6050,35.8999,35.5800,35.8650,93505
2025-01-07 10:06:00,35.8600,35.8766,35.6101,35.6350,108114
2025-01-07 10:07:00,35.6300,35.6750,35.3000,35.3000,130499
2025-01-07 10:08:00,35.3300,35.4100,35.2500,35.3299,129385
2025-01-07 10:09:00,35.3296,35.4500,35.0450,35.0550,152667
2025-01-07 10:10:00,35.0400,35.1500,34.9200,34.9900,276661
2025-01-07 10:11:00,35.0000,35.1500,34.9500,35.1400,206362
2025-01-07 10:12:00,35.1456,35.1980,35.0304,35.1250,95576
2025-01-07 10:13:00,35.1150,35.2150,35.0300,35.0387,103109
2025-01-07 10:14:00,35.0335,35.2317,35.0335,35.1700,103078
2025-01-07 10:15:00,35.1600,35.1700,34.9700,35.0100,121198
2025-01-07 10:16:00,35.0100,35.0603,34.8100,34.9000,173115
2025-01-07 10:17:00,34.9100,35.0000,34.8024,34.8077,130317
2025-01-07 10:18:00,34.8100,34.8375,34.6000,34.6372,380517
2025-01-07 10:19:00,34.6300,34.9400,34.6201,34.9100,235088
2025-01-07 10:20:00,34.9000,34.9700,34.8200,34.9500,95963
2025-01-07 10:21:00,34.9450,35.1800,34.9115,35.1535,120082
2025-01-07 10:22:00,35.1700,35.2300,35.0900,35.1876,150591
2025-01-07 10:23:00,35.1800,35.2800,35.1500,35.2150,102049
2025-01-07 10:24:00,35.2200,35.2720,35.1300,35.1940,174750
2025-01-07 10:25:00,35.1950,35.2700,35.1200,35.1534,147536
2025-01-07 10:26:00,35.1500,35.3000,35.1500,35.2900,100641
2025-01-07 10:27:00,35.2900,35.3100,35.1850,35.2500,125041
2025-01-07 10:28:00,35.2400,35.2400,35.0700,35.1750,69208
2025-01-07 10:29:00,35.1750,35.2100,35.0200,35.0900,85906
2025-01-07 10:30:00,35.0750,35.2000,35.0270,35.0700,87653
2025-01-07 10:31:00,35.0800,35.0800,34.9000,34.9200,109946
2025-01-07 10:32:00,34.9200,35.0592,34.8500,34.9150,114298
2025-01-07 10:33:00,34.9200,34.9225,34.8200,34.8950,105891
2025-01-07 10:34:00,34.9000,34.9400,34.8500,34.9100,60602
2025-01-07 10:35:00,34.9200,35.0150,34.8800,34.8900,75960
2025-01-07 10:36:00,34.8965,34.9500,34.8200,34.8600,60144
2025-01-07 10:37:00,34.8550,34.9600,34.7500,34.7752,153630
2025-01-07 10:38:00,34.7699,34.7699,34.6000,34.6420,143410
2025-01-07 10:39:00,34.6450,34.6500,34.5100,34.5724,129159
2025-01-07 10:40:00,34.5800,34.6000,34.4000,34.4100,328946
2025-01-07 10:41:00,34.4050,34.7300,34.4000,34.7200,121340
2025-01-07 10:42:00,34.7200,34.8400,34.7100,34.8300,97012
2025-01-07 10:43:00,34.8200,34.8400,34.6850,34.7799,107604
2025-01-07 10:44:00,34.7650,34.8750,34.7450,34.8450,79958
2025-01-07 10:45:00,34.8450,34.8500,34.7000,34.7481,42700
2025-01-07 10:46:00,34.7418,34.8300,34.7018,34.7950,48798
2025-01-07 10:47:00,34.7800,34.8900,34.7100,34.8200,87143
2025-01-07 10:48:00,34.8200,34.9000,34.8130,34.8800,43098
2025-01-07 10:49:00,34.8800,34.9774,34.8702,34.9400,70138
2025-01-07 10:50:00,34.9420,34.9650,34.8800,34.9150,65687
2025-01-07 10:51:00,34.9000,34.9700,34.8850,34.9500,55480
2025-01-07 10:52:00,34.9481,35.0800,34.9481,35.0700,56602
2025-01-07 10:53:00,35.0600,35.2200,35.0500,35.2000,105693
2025-01-07 10:54:00,35.1950,35.3000,35.1900,35.2300,96228
2025-01-07 10:55:00,35.2489,35.3100,35.2400,35.3052,86653
2025-01-07 10:56:00,35.3172,35.3850,35.2700,35.3800,101285
2025-01-07 10:57:00,35.3800,35.5200,35.3600,35.5086,124012
2025-01-07 10:58:00,35.5140,35.5976,35.4700,35.5670,70842
2025-01-07 10:59:00,35.5700,35.6700,35.5663,35.6700,73188
2025-01-07 11:00:00,35.6600,35.7200,35.6120,35.7000,83207
2025-01-07 11:01:00,35.7000,35.7600,35.6600,35.6926,136246
2025-01-07 11:02:00,35.6991,35.7200,35.6201,35.7100,89518
2025-01-07 11:03:00,35.7200,35.7750,35.6500,35.7600,105356
2025-01-07 11:04:00,35.7500,35.8100,35.7199,35.7199,82118
2025-01-07 11:05:00,35.7299,35.7299,35.5000,35.5500,142525
2025-01-07 11:06:00,35.5536,35.7500,35.5200,35.7300,71243
2025-01-07 11:07:00,35.7020,35.7100,35.5600,35.6250,47822
2025-01-07 11:08:00,35.6150,35.7500,35.6058,35.7500,46486
2025-01-07 11:09:00,35.7400,35.7900,35.7136,35.7700,47683
2025-01-07 11:10:00,35.7700,35.7900,35.7200,35.7600,39164
2025-01-07 11:11:00,35.7600,35.7900,35.6800,35.6950,37199
2025-01-07 11:12:00,35.6900,35.7729,35.6600,35.7700,36856
2025-01-07 11:13:00,35.7800,35.8100,35.7300,35.8000,22643
2025-01-07 11:14:00,35.7999,35.9354,35.7900,35.9060,136061
2025-01-07 11:15:00,35.9076,35.9200,35.7900,35.8700,47880
2025-01-07 11:16:00,35.8727,36.1200,35.8600,36.1000,298649
2025-01-07 11:17:00,36.1000,36.1000,35.9800,36.0300,74918
2025-01-07 11:18:00,36.0400,36.0400,35.7200,35.7500,131640
2025-01-07 11:19:00,35.7500,35.9300,35.7500,35.9192,63594
2025-01-07 11:20:00,35.9100,36.0000,35.9000,36.0000,56710
2025-01-07 11:21:00,36.0000,36.0300,35.9274,35.9850,78371
2025-01-07 11:22:00,36.0100,36.0200,35.8100,35.8120,51122
2025-01-07 11:23:00,35.8220,35.8500,35.7800,35.8300,54059
2025-01-07 11:24:00,35.8300,35.9882,35.8300,35.9800,63051
2025-01-07 11:25:00,35.9800,36.1100,35.9600,36.0650,112062
2025-01-07 11:26:00,36.0500,36.1400,36.0200,36.0950,133264
2025-01-07 11:27:00,36.0950,36.1500,36.0100,36.1300,92944
2025-01-07 11:28:00,36.1291,36.2300,36.1291,36.2076,81414
2025-01-07 11:29:00,36.2164,36.2400,36.1900,36.2400,57413
2025-01-07 11:30:00,36.2300,36.2400,36.0900,36.0900,82722
2025-01-07 11:31:00,36.1000,36.2000,36.0500,36.1580,71971
2025-01-07 11:32:00,36.1500,36.2361,36.1315,36.2350,44427
2025-01-07 11:33:00,36.2360,36.2450,36.1400,36.1484,48243
2025-01-07 11:34:00,36.1500,36.2000,36.1470,36.1700,60990
2025-01-07 11:35:00,36.1700,36.1700,36.1101,36.1420,73514
2025-01-07 11:36:00,36.1450,36.1550,36.0500,36.1200,81829
2025-01-07 11:37:00,36.1200,36.1700,36.1100,36.1400,81643
2025-01-07 11:38:00,36.1301,36.1550,36.0700,36.0700,41167
2025-01-07 11:39:00,36.0750,36.1700,36.0742,36.1600,67050
2025-01-07 11:40:00,36.1700,36.2000,36.0500,36.1802,70282
2025-01-07 11:41:00,36.1900,36.2385,36.1400,36.2300,47183
2025-01-07 11:42:00,36.2200,36.2500,36.1750,36.2400,56496
2025-01-07 11:43:00,36.2400,36.2682,36.1100,36.1200,67085
2025-01-07 11:44:00,36.1200,36.1800,36.0401,36.0500,68846
2025-01-07 11:45:00,36.0456,36.1500,36.0401,36.1400,56538
2025-01-07 11:46:00,36.1350,36.1600,36.0800,36.1550,42161
2025-01-07 11:47:00,36.1500,36.1500,36.1020,36.1020,14421
2025-01-07 11:48:00,36.1050,36.1550,35.8800,35.8800,91214
2025-01-07 11:49:00,35.8788,35.8820,35.7264,35.7400,70404
2025-01-07 11:50:00,35.7320,35.7400,35.6200,35.6800,64195
2025-01-07 11:51:00,35.6600,35.6795,35.5800,35.6000,49837
2025-01-07 11:52:00,35.5800,35.6500,35.5600,35.6250,57260
2025-01-07 11:53:00,35.6300,35.7200,35.6300,35.6500,59216
2025-01-07 11:54:00,35.6550,35.6650,35.6100,35.6500,28952
2025-01-07 11:55:00,35.6600,35.7598,35.6600,35.7570,35119
2025-01-07 11:56:00,35.7400,35.7999,35.7400,35.7500,28982
2025-01-07 11:57:00,35.7400,35.7821,35.7000,35.7350,21901
2025-01-07 11:58:00,35.7350,35.7350,35.5800,35.5800,57618
2025-01-07 11:59:00,35.5900,35.6000,35.5503,35.5700,27022
2025-01-07 12:00:00,35.5760,35.7200,35.5760,35.6600,51303
2025-01-07 12:01:00,35.6650,35.7100,35.6621,35.6999,24355
2025-01-07 12:02:00,35.7000,35.7295,35.5624,35.5800,37398
2025-01-07 12:03:00,35.6020,35.6700,35.6000,35.6450,20297
2025-01-07 12:04:00,35.6300,35.6350,35.5900,35.6100,21828
2025-01-07 12:05:00,35.6100,35.6900,35.6000,35.6500,29992
2025-01-07 12:06:00,35.6500,35.6550,35.5100,35.5150,36650
2025-01-07 12:07:00,35.5150,35.5700,35.5150,35.5700,17526
2025-01-07 12:08:00,35.5525,35.6000,35.5100,35.6000,28132
2025-01-07 12:09:00,35.5800,35.6400,35.5500,35.6300,21767
2025-01-07 12:10:00,35.6300,35.6401,35.5180,35.5600,18898
2025-01-07 12:11:00,35.5500,35.6550,35.5500,35.5700,77668
2025-01-07 12:12:00,35.5700,35.6500,35.5600,35.6500,16253
2025-01-07 12:13:00,35.6420,35.6500,35.4600,35.4800,121780
2025-01-07 12:14:00,35.4800,35.5800,35.4300,35.5800,37263
2025-01-07 12:15:00,35.5700,35.6100,35.5300,35.5480,28797
2025-01-07 12:16:00,35.5580,35.5826,35.5350,35.5600,13574
2025-01-07 12:17:00,35.5600,35.5625,35.5000,35.5300,25152
2025-01-07 12:18:00,35.5300,35.5900,35.5200,35.5400,15309
2025-01-07 12:19:00,35.5599,35.6600,35.5450,35.6400,28461
2025-01-07 12:20:00,35.6399,35.6399,35.5200,35.5600,43046
2025-01-07 12:21:00,35.5501,35.6100,35.5501,35.5800,18658
2025-01-07 12:22:00,35.5831,35.5900,35.5000,35.5100,34054
2025-01-07 12:23:00,35.5100,35.5100,35.4400,35.4750,39065
2025-01-07 12:24:00,35.4800,35.5100,35.4640,35.4640,34505
2025-01-07 12:25:00,35.4800,35.5000,35.4300,35.4335,23220
2025-01-07 12:26:00,35.4300,35.4300,35.3400,35.4300,54535
2025-01-07 12:27:00,35.4300,35.5156,35.4300,35.4648,24944
2025-01-07 12:28:00,35.4600,35.4892,35.3700,35.3700,29215
2025-01-07 12:29:00,35.3780,35.4600,35.3780,35.4300,35940
2025-01-07 12:30:00,35.4200,35.4200,35.3600,35.3650,20988
2025-01-07 12:31:00,35.3700,35.3900,35.3500,35.3800,31612
2025-01-07 12:32:00,35.3850,35.4000,35.3500,35.3900,34620
2025-01-07 12:33:00,35.3824,35.4000,35.3106,35.3800,38497
2025-01-07 12:34:00,35.3850,35.4110,35.3600,35.3900,31066
2025-01-07 12:35:00,35.3997,35.4000,35.3200,35.3600,18901
2025-01-07 12:36:00,35.3600,35.4400,35.3524,35.4400,18967
2025-01-07 12:37:00,35.4400,35.5000,35.3900,35.4300,25140
2025-01-07 12:38:00,35.4000,35.4100,35.3300,35.3501,32359
2025-01-07 12:39:00,35.3700,35.4000,35.3600,35.3917,17183
2025-01-07 12:40:00,35.4000,35.4000,35.3580,35.3850,10717
2025-01-07 12:41:00,35.4000,35.4200,35.3400,35.3450,12904
2025-01-07 12:42:00,35.3450,35.3696,35.3200,35.3600,13455
2025-01-07 12:43:00,35.3550,35.3600,35.3300,35.3478,10567
2025-01-07 12:44:00,35.3500,35.4400,35.3480,35.4250,18353
2025-01-07 12:45:00,35.4100,35.4150,35.3450,35.3900,13712
2025-01-07 12:46:00,35.3850,35.4200,35.3300,35.3400,18289
2025-01-07 12:47:00,35.3400,35.4176,35.3400,35.3900,13602
2025-01-07 12:48:00,35.3900,35.4200,35.3700,35.4023,9300
2025-01-07 12:49:00,35.4100,35.4586,35.4001,35.4300,20161
2025-01-07 12:50:00,35.4400,35.4700,35.4200,35.4300,24930
2025-01-07 12:51:00,35.4384,35.4500,35.3400,35.3500,37653
2025-01-07 12:52:00,35.3409,35.4200,35.3409,35.4150,19631
2025-01-07 12:53:00,35.4150,35.4700,35.3800,35.4200,14768
2025-01-07 12:54:00,35.4600,35.5100,35.4600,35.5100,25186
2025-01-07 12:55:00,35.5038,35.5200,35.4700,35.4900,30031
2025-01-07 12:56:00,35.4900,35.5200,35.4600,35.5000,29917
2025-01-07 12:57:00,35.4801,35.5000,35.4600,35.4960,1126818
2025-01-07 12:58:00,35.4976,35.5268,35.4542,35.4800,40729
2025-01-07 12:59:00,35.4800,35.4800,35.4200,35.4700,20516
2025-01-07 13:00:00,35.4600,35.5100,35.4600,35.5099,14377
2025-01-07 13:01:00,35.5000,35.5471,35.5000,35.5300,13003
2025-01-07 13:02:00,35.5200,35.5700,35.4700,35.4800,47189
2025-01-07 13:03:00,35.4700,35.5200,35.4600,35.4900,22050
2025-01-07 13:04:00,35.5000,35.5100,35.4620,35.4800,14607
2025-01-07 13:05:00,35.4800,35.4800,35.4300,35.4300,17171
2025-01-07 13:06:00,35.4250,35.4634,35.4100,35.4634,9936
2025-01-07 13:07:00,35.4600,35.4900,35.4431,35.4700,13873
2025-01-07 13:08:00,35.4842,35.5300,35.4600,35.5100,16910
2025-01-07 13:09:00,35.5200,35.5400,35.4800,35.4800,26531
2025-01-07 13:10:00,35.4700,35.5400,35.4700,35.5200,24653
2025-01-07 13:11:00,35.5200,35.6000,35.4950,35.5600,43015
2025-01-07 13:12:00,35.5600,35.5899,35.5200,35.5850,20987
2025-01-07 13:13:00,35.5900,35.6101,35.5700,35.5700,31153
2025-01-07 13:14:00,35.5800,35.6150,35.5700,35.5800,36028
2025-01-07 13:15:00,35.5800,35.6200,35.5600,35.6000,19617
2025-01-07 13:16:00,35.6099,35.6200,35.5984,35.6050,13297
2025-01-07 13:17:00,35.6100,35.6700,35.6000,35.6000,30497
2025-01-07 13:18:00,35.6000,35.6100,35.5450,35.5600,22963
2025-01-07 13:19:00,35.5600,35.5800,35.5500,35.5500,16471
2025-01-07 13:20:00,35.5600,35.5800,35.5000,35.5000,73750
2025-01-07 13:21:00,35.5210,35.5210,35.4500,35.4800,40700
2025-01-07 13:22:00,35.4800,35.5200,35.4700,35.4971,15200
2025-01-07 13:23:00,35.4900,35.5000,35.4440,35.4710,28415
2025-01-07 13:24:00,35.4800,35.4800,35.4200,35.4600,31189
2025-01-07 13:25:00,35.4500,35.5000,35.4500,35.5000,14022
2025-01-07 13:26:00,35.4900,35.5050,35.4800,35.5000,12869
2025-01-07 13:27:00,35.5000,35.5000,35.4300,35.4500,19989
2025-01-07 13:28:00,35.4500,35.4700,35.4300,35.4700,14902
2025-01-07 13:29:00,35.4600,35.4600,35.3800,35.3850,52801
2025-01-07 13:30:00,35.3800,35.3950,35.3250,35.3250,43968
2025-01-07 13:31:00,35.3201,35.3240,35.2700,35.2900,52865
2025-01-07 13:32:00,35.2800,35.3100,35.2511,35.2800,25687
2025-01-07 13:33:00,35.2800,35.3894,35.2700,35.3800,39857
2025-01-07 13:34:00,35.3900,35.4100,35.3800,35.3820,15213
2025-01-07 13:35:00,35.3820,35.4100,35.3500,35.3690,48510
2025-01-07 13:36:00,35.3700,35.4000,35.3200,35.3200,13278
2025-01-07 13:37:00,35.3250,35.3510,35.2910,35.3000,13343
2025-01-07 13:38:00,35.2900,35.3000,35.2700,35.2962,32780
2025-01-07 13:39:00,35.2900,35.3600,35.2900,35.3450,33268
2025-01-07 13:40:00,35.3500,35.3600,35.3000,35.3600,25861
2025-01-07 13:41:00,35.3600,35.3600,35.2922,35.2927,14914
2025-01-07 13:42:00,35.3000,35.3200,35.2900,35.3000,12192
2025-01-07 13:43:00,35.3100,35.3199,35.2800,35.2800,11856
2025-01-07 13:44:00,35.2800,35.3300,35.2200,35.3300,34127
2025-01-07 13:45:00,35.3300,35.3500,35.3100,35.3500,11191
2025-01-07 13:46:00,35.3300,35.3300,35.2300,35.2500,30315
2025-01-07 13:47:00,35.2500,35.3400,35.2400,35.3326,13355
2025-01-07 13:48:00,35.3300,35.3381,35.3040,35.3200,11737
2025-01-07 13:49:00,35.3000,35.3000,35.2503,35.2503,4448
2025-01-07 13:50:00,35.2600,35.2700,35.2101,35.2536,24581
2025-01-07 13:51:00,35.2500,35.2500,35.1700,35.2000,31417
2025-01-07 13:52:00,35.1900,35.2300,35.1900,35.2300,16822
2025-01-07 13:53:00,35.2300,35.2300,35.1400,35.1800,42256
2025-01-07 13:54:00,35.1792,35.1800,35.1000,35.1400,39116
2025-01-07 13:55:00,35.1500,35.1600,35.1300,35.1400,23073
2025-01-07 13:56:00,35.1500,35.1550,35.1000,35.1000,18249
2025-01-07 13:57:00,35.1150,35.1560,35.1000,35.1150,37538
2025-01-07 13:58:00,35.1100,35.1300,35.0700,35.1300,66084
2025-01-07 13:59:00,35.1300,35.1300,35.1000,35.1150,11598
2025-01-07 14:00:00,35.1100,35.1100,35.0700,35.0900,39791
2025-01-07 14:01:00,35.0876,35.1084,35.0700,35.0900,21509
2025-01-07 14:02:00,35.0850,35.1150,35.0700,35.1090,14827
2025-01-07 14:03:00,35.1100,35.1200,35.0000,35.0100,57081
2025-01-07 14:04:00,35.0100,35.0200,34.8800,34.9300,211983
2025-01-07 14:05:00,34.9350,35.0200,34.9300,35.0050,53352
2025-01-07 14:06:00,35.0100,35.1600,35.0100,35.1590,41352
2025-01-07 14:07:00,35.1600,35.1978,35.1400,35.1773,34961
2025-01-07 14:08:00,35.1700,35.1700,35.1000,35.1500,35202
2025-01-07 14:09:00,35.1650,35.2400,35.1650,35.2300,18779
2025-01-07 14:10:00,35.2000,35.3200,35.2000,35.3000,45163
2025-01-07 14:11:00,35.3300,35.3580,35.0600,35.1950,201011
2025-01-07 14:12:00,35.1901,35.2200,35.1500,35.2000,45212
2025-01-07 14:13:00,35.1976,35.2400,35.1865,35.2359,24590
2025-01-07 14:14:00,35.2100,35.2100,35.1400,35.1450,17002
2025-01-07 14:15:00,35.1450,35.1600,35.1150,35.1500,28115
2025-01-07 14:16:00,35.1538,35.1538,35.0500,35.0700,35784
2025-01-07 14:17:00,35.0700,35.1200,35.0700,35.1000,12223
2025-01-07 14:18:00,35.1200,35.1200,35.0800,35.1000,29421
2025-01-07 14:19:00,35.1016,35.1400,35.0924,35.1200,10783
2025-01-07 14:20:00,35.1100,35.1299,35.0650,35.0650,12603
2025-01-07 14:21:00,35.0650,35.0700,35.0000,35.0100,21275
2025-01-07 14:22:00,35.0300,35.0450,34.9900,35.0284,42527
2025-01-07 14:23:00,35.0150,35.0299,34.9700,34.9920,16582
2025-01-07 14:24:00,34.9900,35.0000,34.9600,34.9800,33467
2025-01-07 14:25:00,35.0000,35.0750,34.9998,35.0690,19561
2025-01-07 14:26:00,35.0750,35.0750,35.0100,35.0173,14748
2025-01-07 14:27:00,35.0100,35.0350,34.9800,35.0200,16397
2025-01-07 14:28:00,35.0290,35.0800,35.0200,35.0600,18374
2025-01-07 14:29:00,35.0699,35.0700,34.9800,35.0150,21346
2025-01-07 14:30:00,34.9900,35.0500,34.9860,35.0500,37666
2025-01-07 14:31:00,35.0400,35.0550,35.0300,35.0300,12379
2025-01-07 14:32:00,35.0350,35.0400,35.0100,35.0150,7586
2025-01-07 14:33:00,35.0193,35.0250,35.0001,35.0069,8468
2025-01-07 14:34:00,35.0050,35.0400,34.9850,35.0400,36282
2025-01-07 14:35:00,35.0450,35.1000,35.0000,35.0000,26746
2025-01-07 14:36:00,35.0000,35.0400,34.9802,35.0250,25728
2025-01-07 14:37:00,35.0250,35.0250,34.9600,34.9698,11732
2025-01-07 14:38:00,34.9650,34.9700,34.9400,34.9600,12937
2025-01-07 14:39:00,34.9500,34.9800,34.9200,34.9800,41358
2025-01-07 14:40:00,34.9800,35.0100,34.9500,34.9500,33167
2025-01-07 14:41:00,34.9600,34.9750,34.9350,34.9350,14750
2025-01-07 14:42:00,34.9300,34.9364,34.8600,34.8680,32723
2025-01-07 14:43:00,34.8700,35.0300,34.8600,35.0150,83606
2025-01-07 14:44:00,35.0200,35.0200,34.9400,34.9571,46978
2025-01-07 14:45:00,34.9569,34.9800,34.9300,34.9700,21286
2025-01-07 14:46:00,34.9700,35.0100,34.9301,34.9400,42320
2025-01-07 14:47:00,34.9500,34.9873,34.9400,34.9479,23979
2025-01-07 14:48:00,34.9400,34.9499,34.8700,34.8700,27886
2025-01-07 14:49:00,34.8750,34.9250,34.8700,34.8869,38159
2025-01-07 14:50:00,34.8900,34.9350,34.8500,34.8685,34526
2025-01-07 14:51:00,34.8600,34.8900,34.8567,34.8750,15981
2025-01-07 14:52:00,34.8700,34.9150,34.8700,34.9150,20653
2025-01-07 14:53:00,34.9200,34.9285,34.8700,34.8900,17541
2025-01-07 14:54:00,34.8820,34.9000,34.8600,34.8992,20935
2025-01-07 14:55:00,34.9000,34.9300,34.8500,34.8608,32361
2025-01-07 14:56:00,34.8600,34.8800,34.8500,34.8625,17055
2025-01-07 14:57:00,34.8675,34.8700,34.8300,34.8326,21254
2025-01-07 14:58:00,34.8350,34.8399,34.8100,34.8100,21567
2025-01-07 14:59:00,34.8100,34.8350,34.7900,34.7900,44557
2025-01-07 15:00:00,34.7800,34.8400,34.7800,34.8002,30753
2025-01-07 15:01:00,34.8100,34.8300,34.7600,34.7700,42222
2025-01-07 15:02:00,34.7700,34.7700,34.7201,34.7250,37174
2025-01-07 15:03:00,34.7200,34.7450,34.6800,34.7393,38529
2025-01-07 15:04:00,34.7300,34.8300,34.7200,34.7900,52078
2025-01-07 15:05:00,34.7800,34.8000,34.7300,34.7400,31921
2025-01-07 15:06:00,34.7477,34.8600,34.7425,34.8200,32141
2025-01-07 15:07:00,34.8000,34.8168,34.7200,34.7300,29751
2025-01-07 15:08:00,34.7400,34.7699,34.7100,34.7200,33157
2025-01-07 15:09:00,34.7200,34.7300,34.6650,34.6700,22653
2025-01-07 15:10:00,34.6700,34.7500,34.6700,34.7300,34500
2025-01-07 15:11:00,34.7276,34.7300,34.6900,34.7000,19778
2025-01-07 15:12:00,34.7100,34.7199,34.6700,34.7100,28906
2025-01-07 15:13:00,34.7000,34.7000,34.6600,34.6650,29953
2025-01-07 15:14:00,34.6650,34.6800,34.6300,34.6600,42714
2025-01-07 15:15:00,34.6800,34.6900,34.6036,34.6300,53848
2025-01-07 15:16:00,34.6300,34.6700,34.5800,34.5853,224217
2025-01-07 15:17:00,34.5850,34.6593,34.5850,34.6140,35085
2025-01-07 15:18:00,34.6150,34.6150,34.5300,34.5500,59004
2025-01-07 15:19:00,34.5600,34.5800,34.5400,34.5775,25215
2025-01-07 15:20:00,34.5650,34.6100,34.5610,34.5750,45805
2025-01-07 15:21:00,34.5750,34.5800,34.5300,34.5500,35355
2025-01-07 15:22:00,34.5488,34.5488,34.4100,34.4114,115545
2025-01-07 15:23:00,34.4150,34.4400,34.4000,34.4300,67660
2025-01-07 15:24:00,34.4350,34.4400,34.3600,34.3900,107079
2025-01-07 15:25:00,34.3900,34.4700,34.3900,34.4600,66242
2025-01-07 15:26:00,34.4500,34.4500,34.3650,34.3700,20781
2025-01-07 15:27:00,34.3782,34.4200,34.3500,34.4200,74970
2025-01-07 15:28:00,34.4200,34.4386,34.3390,34.3600,58445
2025-01-07 15:29:00,34.3650,34.3700,34.3400,34.3500,35916
2025-01-07 15:30:00,34.3500,34.3800,34.3300,34.3350,56426
2025-01-07 15:31:00,34.3350,34.3350,34.2950,34.3250,52262
2025-01-07 15:32:00,34.3250,34.3250,34.2501,34.2800,66830
2025-01-07 15:33:00,34.2800,34.2800,34.1200,34.1350,112604
2025-01-07 15:34:00,34.1350,34.1500,34.1030,34.1200,116264
2025-01-07 15:35:00,34.1268,34.1600,34.1140,34.1400,60429
2025-01-07 15:36:00,34.1400,34.1500,34.0600,34.0800,97522
2025-01-07 15:37:00,34.0801,34.1300,34.0801,34.1300,45371
2025-01-07 15:38:00,34.1230,34.2000,34.1200,34.1967,56797
2025-01-07 15:39:00,34.1850,34.3299,34.1850,34.3299,78841
2025-01-07 15:40:00,34.3150,34.3600,34.3100,34.3250,85207
2025-01-07 15:41:00,34.3300,34.3550,34.2900,34.3300,78197
2025-01-07 15:42:00,34.3300,34.3500,34.2850,34.3200,67168
2025-01-07 15:43:00,34.3199,34.3400,34.2850,34.3250,33809
2025-01-07 15:44:00,34.3288,34.3288,34.2200,34.2300,83434
2025-01-07 15:45:00,34.2312,34.3200,34.2312,34.3199,53546
2025-01-07 15:46:00,34.3100,34.3350,34.2750,34.3050,50728
2025-01-07 15:47:00,34.3050,34.3800,34.3000,34.3190,50972
2025-01-07 15:48:00,34.3299,34.3500,34.3101,34.3400,34535
2025-01-07 15:49:00,34.3400,34.3900,34.3350,34.3899,45420
2025-01-07 15:50:00,34.3900,34.4300,34.2750,34.4088,125200
2025-01-07 15:51:00,34.4000,34.4000,34.2800,34.2800,120847
2025-01-07 15:52:00,34.2700,34.3000,34.1750,34.2350,164825
2025-01-07 15:53:00,34.2300,34.3350,34.2150,34.3300,103954
2025-01-07 15:54:00,34.3250,34.4100,34.3100,34.3850,136313
2025-01-07 15:55:00,34.3850,34.4200,34.3600,34.3850,125288
2025-01-07 15:56:00,34.3850,34.4600,34.3700,34.4309,144184
2025-01-07 15:57:00,34.4350,34.4584,34.3950,34.4100,173760
2025-01-07 15:58:00,34.4199,34.4300,34.3750,34.3850,170932
2025-01-07 15:59:00,34.3900,34.4100,34.3700,34.4100,267213
2025-01-07 16:00:00,34.4100,34.4700,34.3500,34.4100,3695862
2025-01-07 16:01:00,34.4000,34.4700,34.3500,34.3800,21938
2025-01-07 16:02:00,34.5000,34.5000,34.3800,34.4300,10383
2025-01-07 16:03:00,34.4500,34.5000,34.3800,34.3800,7857
2025-01-07 16:04:00,34.5000,34.5000,34.4890,34.4900,2885
2025-01-07 16:05:00,34.4900,34.5000,34.3800,34.4800,3401
2025-01-07 16:06:00,34.4500,34.4700,34.4500,34.4700,1739
2025-01-07 16:07:00,34.4700,34.4700,34.3800,34.3800,494
2025-01-07 16:08:00,34.4502,34.4600,34.4300,34.4600,4275
2025-01-07 16:09:00,34.4600,34.4900,34.3800,34.4600,49044
2025-01-07 16:10:00,34.4300,34.5000,34.4300,34.4900,1052
2025-01-07 16:11:00,34.4900,34.5000,34.4900,34.5000,12966
2025-01-07 16:12:00,34.5300,34.5300,34.4500,34.4500,3440
2025-01-07 16:13:00,34.4600,34.4900,34.4500,34.4800,381
2025-01-07 16:14:00,34.4516,34.4900,34.4500,34.4900,2117
2025-01-07 16:15:00,34.4600,34.4900,34.3800,34.4600,3920
2025-01-07 16:16:00,34.4600,34.4600,34.4200,34.4500,200
2025-01-07 16:17:00,34.4500,34.4500,34.4000,34.4001,1527
2025-01-07 16:18:00,34.4400,34.4400,34.4201,34.4399,5932
2025-01-07 16:19:00,34.4400,34.4900,34.4100,34.4900,9117
2025-01-07 16:20:00,34.4100,34.4900,34.3800,34.4900,46058
2025-01-07 16:21:00,34.4400,34.5000,34.4100,34.4100,2624
2025-01-07 16:22:00,34.5000,34.5000,34.4600,34.4900,3249
2025-01-07 16:23:00,34.4900,34.5000,34.4500,34.4500,113
2025-01-07 16:24:00,34.4600,34.5000,34.4600,34.4900,94
2025-01-07 16:25:00,34.4900,34.4900,34.4600,34.4900,884
2025-01-07 16:26:00,34.4900,34.4900,34.4793,34.4793,422
2025-01-07 16:27:00,34.4600,34.4601,34.4600,34.4601,496
2025-01-07 16:28:00,34.3800,34.4800,34.3800,34.4600,1216
2025-01-07 16:29:00,34.4899,34.4900,34.4600,34.4900,1711
2025-01-07 16:30:00,34.4600,34.5000,34.4600,34.4900,176
2025-01-07 16:31:00,34.4700,34.4800,34.4600,34.4800,1224
2025-01-07 16:32:00,34.5000,34.5000,34.4604,34.4900,1178
2025-01-07 16:33:00,34.5000,34.5000,34.4900,34.4998,8911
2025-01-07 16:34:00,34.4800,34.5000,34.4600,34.4900,159
2025-01-07 16:35:00,34.5000,34.5000,34.4700,34.4900,635
2025-01-07 16:36:00,34.4900,34.4900,34.4700,34.4700,636
2025-01-07 16:37:00,34.4700,34.5000,34.4700,34.5000,2796
2025-01-07 16:38:00,34.4900,34.5000,34.4900,34.4997,162
2025-01-07 16:39:00,34.5000,34.5000,34.4600,34.5000,36
2025-01-07 16:40:00,34.4800,34.5000,34.4600,34.4600,3693
2025-01-07 16:41:00,34.4900,34.5400,34.4605,34.5400,2565
2025-01-07 16:42:00,34.4608,34.4900,34.4608,34.4619,549
2025-01-07 16:43:00,34.4900,34.4900,34.4900,34.4900,1
2025-01-07 16:44:00,34.5000,34.5000,34.4600,34.4800,2024
2025-01-07 16:45:00,34.4899,34.4899,34.4600,34.4600,131
2025-01-07 16:46:00,34.4800,34.4900,34.4700,34.4900,228
2025-01-07 16:47:00,34.4900,34.4900,34.4601,34.4900,725
2025-01-07 16:48:00,34.4600,34.4900,34.4600,34.4600,557
2025-01-07 16:49:00,34.4700,34.4900,34.4600,34.4601,1703
2025-01-07 16:50:00,34.4700,34.4800,34.4600,34.4800,467
2025-01-07 16:51:00,34.4604,34.4800,34.4600,34.4600,1559
2025-01-07 16:52:00,34.4500,34.4600,34.4200,34.4500,6282
2025-01-07 16:53:00,34.4500,34.4500,34.4100,34.4100,242
2025-01-07 16:54:00,34.4400,34.4400,34.4100,34.4400,1120
2025-01-07 16:55:00,34.4300,34.4300,34.4000,34.4300,264
2025-01-07 16:56:00,34.4300,34.4300,34.4000,34.4100,1193
2025-01-07 16:57:00,34.4200,34.4300,34.4200,34.4200,2464
2025-01-07 16:58:00,34.4500,34.4500,34.4200,34.4400,711
2025-01-07 16:59:00,34.4300,34.4400,34.4200,34.4200,363
2025-01-07 17:00:00,34.4300,34.4500,34.4200,34.4300,2994
2025-01-07 17:01:00,34.4400,34.4749,34.4200,34.4200,1540
2025-01-07 17:02:00,34.4800,34.4800,34.4100,34.4500,198
2025-01-07 17:03:00,34.4505,34.4775,34.4505,34.4505,56
2025-01-07 17:04:00,34.4600,34.4900,34.4501,34.4800,830
2025-01-07 17:05:00,34.4600,34.4900,34.4500,34.4500,592
2025-01-07 17:06:00,34.4691,34.4700,34.4500,34.4501,2700
2025-01-07 17:07:00,34.4600,34.4700,34.3800,34.4698,39490
2025-01-07 17:08:00,34.4500,34.4500,34.4300,34.4300,494
2025-01-07 17:09:00,34.4301,34.4301,34.4300,34.4301,82
2025-01-07 17:10:00,34.4400,34.4400,34.4300,34.4400,1057
2025-01-07 17:11:00,34.4399,34.4400,34.4300,34.4300,1010
2025-01-07 17:12:00,34.4300,34.4700,34.4300,34.4700,710
2025-01-07 17:13:00,34.4600,34.4900,34.4300,34.4300,1778
2025-01-07 17:14:00,34.4610,34.4900,34.4300,34.4900,201
2025-01-07 17:15:00,34.4300,34.4540,34.4300,34.4500,39
2025-01-07 17:16:00,34.4900,34.5000,34.4300,34.4900,763
2025-01-07 17:17:00,34.4900,34.5000,34.4700,34.4700,58
2025-01-07 17:18:00,34.4500,34.5000,34.4300,34.5000,1140
2025-01-07 17:19:00,34.5000,34.5000,34.4494,34.4500,1072
2025-01-07 17:20:00,34.5000,34.5200,34.4800,34.5000,528
2025-01-07 17:21:00,34.5000,34.5400,34.4800,34.5400,1382
2025-01-07 17:22:00,34.5300,34.5400,34.4500,34.4800,1040
2025-01-07 17:23:00,34.4600,36.2100,34.4509,36.2100,2635
2025-01-07 17:24:00,34.5400,34.5500,34.5400,34.5400,862
2025-01-07 17:25:00,34.5499,34.6000,34.5400,34.6000,3330
2025-01-07 17:26:00,34.5900,34.6000,34.5800,34.5998,924
2025-01-07 17:27:00,34.5900,34.6500,34.5800,34.6200,2565
2025-01-07 17:28:00,34.6200,34.6500,34.5800,34.6400,1647
2025-01-07 17:29:00,34.6400,34.6500,34.6200,34.6400,242
2025-01-07 17:30:00,34.6500,34.6500,34.6200,34.6200,50
2025-01-07 17:31:00,34.6400,34.6500,34.6400,34.6500,3986
2025-01-07 17:32:00,34.6500,34.6800,34.6400,34.6800,8066
2025-01-07 17:33:00,34.6800,34.6800,34.6300,34.6800,1078
2025-01-07 17:34:00,34.6800,34.6800,34.6700,34.6700,224
2025-01-07 17:35:00,34.6500,34.6500,34.5800,34.6199,8760
2025-01-07 17:36:00,34.6288,34.6800,34.6288,34.6800,912
2025-01-07 17:37:00,34.6300,34.6700,34.6300,34.6699,556
2025-01-07 17:38:00,34.6700,34.6800,34.6700,34.6797,57
2025-01-07 17:39:00,34.6800,34.6800,34.6500,34.6700,1132
2025-01-07 17:40:00,34.6500,34.6700,34.6500,34.6700,1478
2025-01-07 17:41:00,34.6700,34.6800,34.6700,34.6792,204
2025-01-07 17:42:00,34.6600,34.6600,34.5863,34.5863,1500
2025-01-07 17:43:00,34.6500,34.6800,34.6500,34.6800,7
2025-01-07 17:44:00,34.6800,34.6800,34.6500,34.6700,47
2025-01-07 17:45:00,34.6700,34.6700,34.5500,34.6700,5039
2025-01-07 17:46:00,34.6700,34.6700,34.5800,34.5800,26
2025-01-07 17:47:00,34.6000,34.6688,34.6000,34.6688,119
2025-01-07 17:48:00,34.6000,34.6693,34.6000,34.6000,112
2025-01-07 17:49:00,34.5800,34.6000,34.5800,34.6000,210
2025-01-07 17:50:00,34.5993,34.5993,34.5800,34.5800,31
2025-01-07 17:51:00,34.6000,34.6000,34.6000,34.6000,905
2025-01-07 17:52:00,34.6700,34.6700,34.5500,34.5700,408
2025-01-07 17:53:00,34.5800,34.5800,34.5800,34.5800,111
2025-01-07 17:54:00,34.5800,34.5800,34.5400,34.5700,44
2025-01-07 17:55:00,34.5600,34.5600,34.5600,34.5600,26
2025-01-07 17:56:00,34.5500,34.5500,34.5400,34.5500,88
2025-01-07 17:57:00,34.5400,34.5800,34.5400,34.5800,140
2025-01-07 17:58:00,34.5800,34.6500,34.5127,34.5127,1395
2025-01-07 17:59:00,34.6500,34.6500,34.5100,34.5700,1015
2025-01-07 18:00:00,34.5700,34.5700,34.5700,34.5700,1
2025-01-07 18:01:00,34.5700,34.6500,34.5200,34.5200,51
2025-01-07 18:02:00,34.5700,34.6500,34.5700,34.6500,352
2025-01-07 18:03:00,34.5750,34.5750,34.5700,34.5700,4
2025-01-07 18:04:00,34.6500,34.6500,34.6500,34.6500,3
2025-01-07 18:05:00,34.6500,34.6500,34.5200,34.5700,33
2025-01-07 18:06:00,34.6400,34.6400,34.5000,34.5200,1480
2025-01-07 18:07:00,34.5700,34.5700,34.5000,34.5000,111
2025-01-07 18:08:00,34.5600,34.5699,34.5000,34.5000,1020
2025-01-07 18:09:00,34.5699,34.5699,34.5100,34.5100,183
2025-01-07 18:10:00,34.5700,34.5700,34.5000,34.5100,156
2025-01-07 18:11:00,34.5400,34.5400,34.5000,34.5200,392
2025-01-07 18:12:00,34.5100,34.5500,34.4800,34.4800,1153
2025-01-07 18:13:00,34.5400,34.5500,34.5400,34.5486,515
2025-01-07 18:14:00,34.5100,34.5300,34.5100,34.5300,1003
2025-01-07 18:15:00,34.5003,34.5500,34.5003,34.5500,988
2025-01-07 18:16:00,34.5500,34.6500,34.5100,34.5100,2888
2025-01-07 18:17:00,34.6500,34.6500,34.5100,34.6448,705
2025-01-07 18:18:00,34.6500,34.6500,34.4500,34.4500,886
2025-01-07 18:19:00,34.4900,34.5600,34.4000,34.4000,25
2025-01-07 18:20:00,34.4900,34.4900,34.3800,34.4300,2181
2025-01-07 18:21:00,34.4291,34.4300,34.4000,34.4299,406
2025-01-07 18:22:00,34.4299,34.4300,34.3800,34.4200,322
2025-01-07 18:23:00,34.4200,34.4299,34.4000,34.4297,342
2025-01-07 18:24:00,34.4296,34.5900,34.3800,34.5300,647
2025-01-07 18:25:00,34.5300,34.5300,34.5000,34.5000,5
2025-01-07 18:26:00,34.5700,34.6400,34.5000,34.6400,638
2025-01-07 18:27:00,34.5900,34.6500,34.5700,34.6500,2783
2025-01-07 18:28:00,34.6500,34.6500,34.6500,34.6500,375
2025-01-07 18:29:00,34.6500,34.6500,34.5700,34.5700,131
2025-01-07 18:30:00,34.6500,34.6500,34.6500,34.6500,285
2025-01-07 18:31:00,34.6500,34.6500,34.6400,34.6400,41
2025-01-07 18:32:00,34.6200,34.6200,34.5500,34.5800,1100
2025-01-07 18:33:00,34.5800,34.5800,34.5700,34.5700,182
2025-01-07 18:34:00,34.5800,34.6500,34.5400,34.6499,1221
2025-01-07 18:35:00,34.6300,34.6300,34.6100,34.6100,300
2025-01-07 18:36:00,34.5000,34.6500,34.5000,34.6400,365
2025-01-07 18:37:00,34.6400,34.6500,34.6383,34.6500,27
2025-01-07 18:38:00,34.6200,34.6200,34.5200,34.5791,772
2025-01-07 18:39:00,34.6000,34.6000,34.6000,34.6000,123
2025-01-07 18:40:00,34.5983,34.6000,34.5983,34.6000,39
2025-01-07 18:41:00,34.6000,34.6400,34.5800,34.6400,582
2025-01-07 18:42:00,34.4600,34.6200,34.4600,34.6000,1621
2025-01-07 18:43:00,34.6200,34.6200,34.4600,34.4600,40
2025-01-07 18:44:00,34.6000,34.6000,34.6000,34.6000,55
2025-01-07 18:45:00,34.5900,34.5900,34.5800,34.5800,31
2025-01-07 18:46:00,34.5500,34.5500,34.5200,34.5200,520
2025-01-07 18:47:00,34.5300,34.5300,34.5000,34.5000,189
2025-01-07 18:48:00,34.5000,34.5000,34.4995,34.5000,649
2025-01-07 18:49:00,34.5000,34.6200,34.5000,34.6100,998
2025-01-07 18:50:00,34.6100,34.6200,34.6000,34.6200,339
2025-01-07 18:51:00,34.6200,34.6200,34.4700,34.6184,58
2025-01-07 18:52:00,34.6200,34.6200,34.4700,34.4808,348
2025-01-07 18:53:00,34.6000,34.6000,34.4700,34.4700,259
2025-01-07 18:54:00,34.5600,34.6199,34.4700,34.6000,312
2025-01-07 18:55:00,34.4700,34.6200,34.4700,34.6200,26
2025-01-07 18:56:00,34.5400,34.5500,34.5400,34.5500,176
2025-01-07 18:57:00,34.5608,34.6200,34.5608,34.6200,848
2025-01-07 18:58:00,34.6200,34.6200,34.5600,34.6200,656
2025-01-07 18:59:00,34.6000,34.6100,34.6000,34.6000,29
2025-01-07 19:00:00,34.6200,34.6200,34.6000,34.6199,250
2025-01-07 19:01:00,34.6200,34.6200,34.5700,34.5700,93
2025-01-07 19:02:00,34.5619,34.6200,34.5619,34.6200,13
2025-01-07 19:03:00,34.6200,34.6200,34.5600,34.6100,151
2025-01-07 19:04:00,34.5800,34.6100,34.5800,34.6100,105
2025-01-07 19:05:00,34.6000,34.6000,34.6000,34.6000,2
2025-01-07 19:06:00,34.5994,34.6000,34.5800,34.5800,410
2025-01-07 19:07:00,34.5793,34.6000,34.5700,34.5700,178
2025-01-07 19:08:00,34.5600,34.5601,34.5000,34.5000,844
2025-01-07 19:09:00,34.5200,34.5200,34.5200,34.5200,15
2025-01-07 19:10:00,34.5600,34.5600,34.5600,34.5600,28
2025-01-07 19:11:00,34.6184,34.6184,34.5500,34.5800,240
2025-01-07 19:12:00,34.5800,34.5992,34.5700,34.5700,814
2025-01-07 19:13:00,34.5700,34.5900,34.5700,34.5900,184
2025-01-07 19:14:00,34.6000,34.6000,34.5800,34.5800,1100
2025-01-07 19:15:00,34.6000,34.6000,34.6000,34.6000,251
2025-01-07 19:16:00,34.5800,34.6000,34.5800,34.6000,3399
2025-01-07 19:17:00,34.6000,34.6000,34.6000,34.6000,1
2025-01-07 19:18:00,34.6100,34.6200,34.6028,34.6028,213
2025-01-07 19:19:00,34.6000,34.6399,34.6000,34.6399,201
2025-01-07 19:20:00,34.6200,34.6500,34.6000,34.6000,1455
2025-01-07 19:21:00,34.6100,34.6500,34.5300,34.6000,1300
2025-01-07 19:22:00,34.5900,34.6000,34.5700,34.5998,458
2025-01-07 19:23:00,34.6000,34.6000,34.5999,34.6000,27
2025-01-07 19:24:00,34.6000,34.6000,34.5900,34.6000,163
2025-01-07 19:25:00,34.6000,34.6000,34.5700,34.6000,563
2025-01-07 19:26:00,34.6000,34.6000,34.6000,34.6000,2
2025-01-07 19:27:00,34.5997,34.5999,34.5700,34.5999,43
2025-01-07 19:28:00,34.6000,34.6000,34.5900,34.5900,750
2025-01-07 19:29:00,34.5700,34.6000,34.5700,34.6000,434
2025-01-07 19:30:00,34.5702,34.6000,34.5702,34.6000,69
2025-01-07 19:31:00,34.6000,34.6000,34.5700,34.5700,793
2025-01-07 19:32:00,34.6000,34.6000,34.5700,34.5700,231
2025-01-07 19:33:00,34.5700,34.5700,34.5497,34.5500,1482
2025-01-07 19:34:00,34.5500,34.5500,34.5400,34.5500,620
2025-01-07 19:35:00,34.5400,34.5500,34.5400,34.5500,281
2025-01-07 19:36:00,34.5500,34.5500,34.5390,34.5500,187
2025-01-07 19:37:00,34.5400,34.5500,34.5300,34.5400,234
2025-01-07 19:38:00,34.5400,34.5400,34.5200,34.5400,297
2025-01-07 19:39:00,34.5400,34.5500,34.5400,34.5500,200
2025-01-07 19:40:00,34.5300,34.6000,34.5300,34.5700,3181
2025-01-07 19:41:00,34.6285,34.6285,34.5700,34.5700,30
2025-01-07 19:42:00,34.5700,34.6300,34.5700,34.6300,400
2025-01-07 19:43:00,34.6200,34.6300,34.6200,34.6300,343
2025-01-07 19:44:00,34.6300,34.6500,34.6200,34.6500,565
2025-01-07 19:45:00,34.6595,34.7000,34.6595,34.6900,907
2025-01-07 19:46:00,34.7000,34.7100,34.6900,34.6900,1596
2025-01-07 19:47:00,34.7000,34.7200,34.7000,34.7200,1092
2025-01-07 19:48:00,34.7200,34.7700,34.7100,34.7700,2426
2025-01-07 19:49:00,34.7299,34.7300,34.7200,34.7297,367
2025-01-07 19:50:00,34.7300,34.7600,34.7200,34.7300,623
2025-01-07 19:51:00,34.7300,34.7500,34.7299,34.7500,396
2025-01-07 19:52:00,34.7200,34.7200,34.6800,34.7200,1398
2025-01-07 19:53:00,34.7000,34.7200,34.7000,34.7199,109
2025-01-07 19:54:00,34.7100,34.7200,34.7100,34.7200,155
2025-01-07 19:55:00,34.7200,34.7200,34.7100,34.7100,282
2025-01-07 19:56:00,34.7100,34.7200,34.6800,34.6800,2289
2025-01-07 19:57:00,34.7100,34.7200,34.6800,34.6899,2578
2025-01-07 19:58:00,34.6800,34.7200,34.6800,34.7200,577
2025-01-07 19:59:00,34.7199,34.7500,34.7000,34.7200,2413
2025-01-08 04:00:00,35.1400,35.1400,34.7200,34.9900,1882
2025-01-08 04:01:00,34.9900,35.0800,34.9500,35.0800,175
2025-01-08 04:02:00,35.0000,35.0800,34.8700,35.0800,933
2025-01-08 04:03:00,34.9700,35.1200,34.9700,35.0500,442
2025-01-08 04:04:00,35.1200,35.1200,35.0700,35.1000,577
2025-01-08 04:05:00,35.1000,35.1300,35.0600,35.0900,7697
2025-01-08 04:06:00,35.1200,35.1200,35.0000,35.0600,5730
2025-01-08 04:07:00,35.0000,35.0500,35.0000,35.0100,269
2025-01-08 04:08:00,35.0300,35.0400,35.0000,35.0400,1432
2025-01-08 04:09:00,35.0300,35.0300,34.9100,34.9600,4890
2025-01-08 04:10:00,34.9300,34.9400,34.8900,34.9100,1913
2025-01-08 04:11:00,34.9100,34.9700,34.9100,34.9400,241
2025-01-08 04:12:00,34.9600,34.9600,34.9600,34.9600,68
2025-01-08 04:13:00,34.9900,34.9900,34.9700,34.9800,362
2025-01-08 04:14:00,34.9800,34.9950,34.9800,34.9900,227
2025-01-08 04:15:00,34.9900,35.0000,34.9900,35.0000,1454
2025-01-08 04:16:00,35.0500,35.0600,35.0100,35.0100,101
2025-01-08 04:17:00,35.0100,35.0200,34.9500,34.9800,3380
2025-01-08 04:18:00,35.0400,35.0400,34.9400,34.9400,707
2025-01-08 04:19:00,34.9900,34.9900,34.9900,34.9900,143
2025-01-08 04:20:00,34.9000,34.9000,34.9000,34.9000,762
2025-01-08 04:21:00,34.9000,34.9100,34.8800,34.9000,321
2025-01-08 04:23:00,34.9800,34.9800,34.8900,34.8900,23
2025-01-08 04:24:00,35.0100,35.0300,34.8900,35.0300,1521
2025-01-08 04:25:00,35.0300,35.0300,34.9900,35.0300,133
2025-01-08 04:26:00,34.9900,35.0000,34.9900,35.0000,254
2025-01-08 04:27:00,35.0300,35.0300,34.8800,34.8800,1509
2025-01-08 04:28:00,34.8600,34.9000,34.8600,34.8800,834
2025-01-08 04:29:00,34.8900,34.9100,34.8600,34.8800,3564
2025-01-08 04:30:00,34.8400,34.8500,34.7200,34.7600,2621
2025-01-08 04:31:00,34.7600,34.8400,34.7600,34.7900,416
2025-01-08 04:32:00,34.8200,34.8400,34.8000,34.8100,165
2025-01-08 04:33:00,34.8300,34.8300,34.8300,34.8300,180
2025-01-08 04:34:00,34.8400,34.8400,34.8400,34.8400,3
2025-01-08 04:35:00,34.8300,34.8700,34.8200,34.8400,2030
2025-01-08 04:36:00,34.8300,34.8300,34.7100,34.7400,704
2025-01-08 04:37:00,34.7100,34.7100,34.7100,34.7100,50
2025-01-08 04:38:00,34.7600,34.7600,34.7100,34.7200,1272
2025-01-08 04:39:00,34.8500,34.8700,34.7800,34.8500,158
2025-01-08 04:40:00,34.9000,34.9000,34.7500,34.7500,1263
2025-01-08 04:41:00,34.7600,34.8000,34.7600,34.8000,338
2025-01-08 04:42:00,34.7600,34.7600,34.7200,34.7200,211
2025-01-08 04:43:00,34.7700,34.7700,34.7600,34.7600,10
2025-01-08 04:44:00,34.7600,34.7700,34.7600,34.7700,56
2025-01-08 04:45:00,34.8000,34.8000,34.8000,34.8000,900
2025-01-08 04:46:00,34.7600,34.7600,34.7600,34.7600,1
2025-01-08 04:47:00,34.8400,34.8400,34.7600,34.7600,141
2025-01-08 04:48:00,34.7500,34.7600,34.7500,34.7600,6
2025-01-08 04:49:00,34.7500,34.7500,34.7500,34.7500,40
2025-01-08 04:50:00,34.8300,34.8300,34.8300,34.8300,36
2025-01-08 04:51:00,34.8000,34.8400,34.8000,34.8400,301
2025-01-08 04:52:00,34.8300,34.8500,34.8300,34.8500,300
2025-01-08 04:54:00,34.8500,34.8500,34.8000,34.8000,5
2025-01-08 04:55:00,34.8300,34.8300,34.8200,34.8200,21
2025-01-08 04:56:00,34.8200,34.8200,34.7600,34.7600,29
2025-01-08 04:57:00,34.7400,34.8000,34.7400,34.8000,21
2025-01-08 04:58:00,34.8100,34.8200,34.8100,34.8200,21
2025-01-08 04:59:00,34.8100,34.8200,34.7600,34.8200,201
2025-01-08 05:01:00,34.8100,34.8100,34.8100,34.8100,286
2025-01-08 05:02:00,34.8000,34.8000,34.8000,34.8000,375
2025-01-08 05:03:00,34.8100,34.8100,34.7600,34.7900,389
2025-01-08 05:04:00,34.7800,34.7800,34.7800,34.7800,16
2025-01-08 05:05:00,34.7800,34.7800,34.6000,34.6800,1494
2025-01-08 05:06:00,34.6900,34.6900,34.6900,34.6900,1
2025-01-08 05:07:00,34.7300,34.7400,34.7300,34.7400,86
2025-01-08 05:08:00,34.7300,34.7300,34.7200,34.7300,68
2025-01-08 05:09:00,34.7300,34.7300,34.7300,34.7300,2020
2025-01-08 05:10:00,34.7400,34.7800,34.7400,34.7800,153
2025-01-08 05:11:00,34.8000,34.8000,34.8000,34.8000,2
2025-01-08 05:12:00,34.8000,34.8300,34.8000,34.8300,152
2025-01-08 05:13:00,34.8300,34.8300,34.7500,34.8300,47
2025-01-08 05:14:00,34.8400,34.9000,34.8400,34.8500,7146
2025-01-08 05:15:00,34.8600,34.8700,34.8600,34.8600,1100
2025-01-08 05:16:00,34.8100,34.8200,34.7600,34.7700,1230
2025-01-08 05:17:00,34.7700,34.7700,34.7200,34.7300,532
2025-01-08 05:18:00,34.8300,34.8300,34.7500,34.7500,115
2025-01-08 05:19:00,34.8300,34.8300,34.8300,34.8300,2
2025-01-08 05:20:00,34.8200,34.8300,34.8200,34.8300,112
2025-01-08 05:22:00,34.8100,34.8100,34.8100,34.8100,3
2025-01-08 05:23:00,34.8300,34.8300,34.8100,34.8100,68
2025-01-08 05:24:00,34.8200,34.8200,34.8200,34.8200,20
2025-01-08 05:25:00,34.7900,34.8000,34.7800,34.7900,1125
2025-01-08 05:26:00,34.7900,34.7900,34.7900,34.7900,2
2025-01-08 05:27:00,34.7900,34.8300,34.7900,34.8200,190
2025-01-08 05:29:00,34.8400,34.8500,34.8400,34.8500,19
2025-01-08 05:30:00,34.8500,34.8800,34.8500,34.8600,1088
2025-01-08 05:31:00,34.8400,34.8900,34.7400,34.7900,2735
2025-01-08 05:32:00,34.7800,34.7900,34.7800,34.7800,405
2025-01-08 05:33:00,34.8100,34.8400,34.7800,34.7800,289
2025-01-08 05:34:00,34.8500,34.8500,34.7500,34.8200,887
2025-01-08 05:35:00,34.7500,34.7700,34.7500,34.7700,774
2025-01-08 05:36:00,34.7500,34.8100,34.7500,34.8100,21
2025-01-08 05:37:00,34.8100,34.8600,34.8100,34.8600,43
2025-01-08 05:38:00,34.8600,34.8600,34.8600,34.8600,10
2025-01-08 05:39:00,34.8700,34.8800,34.8700,34.8700,447
2025-01-08 05:40:00,34.8700,34.8700,34.8700,34.8700,3
2025-01-08 05:41:00,34.8600,34.8600,34.8000,34.8000,1745
2025-01-08 05:42:00,34.8000,34.8700,34.8000,34.8200,1106
2025-01-08 05:43:00,34.8000,34.8000,34.8000,34.8000,1
2025-01-08 05:44:00,34.8300,34.8300,34.8300,34.8300,1
2025-01-08 05:46:00,34.8300,34.8300,34.8300,34.8300,57
2025-01-08 05:47:00,34.8300,34.8300,34.8300,34.8300,450
2025-01-08 05:48:00,34.8800,34.8800,34.8800,34.8800,1
2025-01-08 05:50:00,34.8300,34.8300,34.8200,34.8300,93
2025-01-08 05:51:00,34.8700,34.8700,34.8300,34.8700,947
2025-01-08 05:52:00,34.8500,34.8500,34.8500,34.8500,25
2025-01-08 05:53:00,34.8500,34.8500,34.8500,34.8500,260
2025-01-08 05:54:00,34.8600,34.8600,34.8600,34.8600,200
2025-01-08 05:55:00,34.8500,34.8500,34.8500,34.8500,5
2025-01-08 05:56:00,34.8800,34.8800,34.8500,34.8500,742
2025-01-08 05:57:00,34.8800,34.8800,34.8800,34.8800,7
2025-01-08 05:58:00,34.8900,34.8900,34.8900,34.8900,514
2025-01-08 05:59:00,34.8900,34.8900,34.8900,34.8900,121
2025-01-08 06:00:00,34.8900,34.8900,34.8900,34.8900,201
2025-01-08 06:01:00,34.8800,35.0000,34.8700,34.9000,9826
2025-01-08 06:02:00,34.9000,34.9100,34.9000,34.9000,807
2025-01-08 06:03:00,34.9000,34.9100,34.8800,34.9000,837
2025-01-08 06:04:00,34.8800,34.9100,34.8800,34.9100,200
2025-01-08 06:06:00,34.9100,34.9400,34.9100,34.9400,439
2025-01-08 06:07:00,34.9400,34.9400,34.8400,34.8700,4151
2025-01-08 06:08:00,34.8700,34.9400,34.8400,34.9000,665
2025-01-08 06:09:00,34.9000,34.9000,34.9000,34.9000,38
2025-01-08 06:10:00,34.9400,34.9400,34.8600,34.9300,911
2025-01-08 06:11:00,34.9200,34.9200,34.9200,34.9200,2
2025-01-08 06:12:00,34.9200,34.9200,34.9100,34.9100,7
2025-01-08 06:13:00,34.9000,34.9000,34.8700,34.8800,481
2025-01-08 06:14:00,34.8600,34.8600,34.8600,34.8600,387
2025-01-08 06:15:00,34.8300,34.8600,34.8300,34.8600,23
2025-01-08 06:16:00,34.8600,34.8600,34.8600,34.8600,5
2025-01-08 06:17:00,34.8400,34.8400,34.8300,34.8300,1121
2025-01-08 06:18:00,34.8400,34.8400,34.8300,34.8300,528
2025-01-08 06:19:00,34.8200,34.8200,34.8100,34.8100,452
2025-01-08 06:20:00,34.8000,34.8300,34.7700,34.8300,1185
2025-01-08 06:21:00,34.8200,34.8200,34.8200,34.8200,424
2025-01-08 06:22:00,34.8300,34.8600,34.8200,34.8200,1251
2025-01-08 06:24:00,34.8300,34.8800,34.8300,34.8300,179
2025-01-08 06:25:00,34.8500,34.8500,34.8400,34.8400,34
2025-01-08 06:26:00,34.8400,34.8500,34.8200,34.8200,3744
2025-01-08 06:27:00,34.8000,34.8000,34.7100,34.7200,3795
2025-01-08 06:28:00,34.7100,34.7100,34.6900,34.6900,460
2025-01-08 06:29:00,34.7300,34.7300,34.6300,34.6800,848
2025-01-08 06:30:00,34.6900,34.6900,34.6300,34.6800,550
2025-01-08 06:31:00,34.6700,34.7100,34.5200,34.5500,3169
2025-01-08 06:32:00,34.5900,34.5900,34.3600,34.4000,11016
2025-01-08 06:33:00,34.4000,34.4500,34.3500,34.4500,320
2025-01-08 06:34:00,34.4800,34.5000,34.4200,34.4200,3253
2025-01-08 06:35:00,34.5000,34.5900,34.4400,34.5100,3558
2025-01-08 06:36:00,34.5100,34.5800,34.4700,34.5800,450
2025-01-08 06:37:00,34.5100,34.5100,34.4600,34.4600,378
2025-01-08 06:38:00,34.5100,34.5400,34.4400,34.4400,500
2025-01-08 06:39:00,34.4700,34.4700,34.3700,34.4500,1400
2025-01-08 06:40:00,34.3700,34.3900,34.3400,34.3500,1541
2025-01-08 06:41:00,34.3600,34.4400,34.3400,34.3800,1171
2025-01-08 06:42:00,34.3900,34.3900,34.3900,34.3900,182
2025-01-08 06:43:00,34.4000,34.4900,34.3900,34.3900,964
2025-01-08 06:44:00,34.4100,34.4100,34.3700,34.4100,391
2025-01-08 06:45:00,34.4200,34.5000,34.4200,34.4400,811
2025-01-08 06:46:00,34.4400,34.4600,34.4100,34.4400,2649
2025-01-08 06:47:00,34.4400,34.4400,34.4400,34.4400,476
2025-01-08 06:48:00,34.4500,34.5200,34.4500,34.4800,778
2025-01-08 06:49:00,34.4900,34.5500,34.4800,34.5500,676
2025-01-08 06:50:00,34.5100,34.5100,34.5100,34.5100,49
2025-01-08 06:51:00,34.5100,34.5100,34.4400,34.5000,1630
2025-01-08 06:52:00,34.5700,34.5700,34.4800,34.4900,88
2025-01-08 06:53:00,34.5700,34.5700,34.5000,34.5700,505
2025-01-08 06:54:00,34.5700,34.5700,34.4800,34.5600,228
2025-01-08 06:55:00,34.5000,34.5600,34.4800,34.5500,15
2025-01-08 06:56:00,34.5500,34.5500,34.5500,34.5500,100
2025-01-08 06:57:00,34.5400,34.5500,34.5300,34.5500,1031
2025-01-08 06:58:00,34.5100,34.5500,34.4900,34.4900,317
2025-01-08 06:59:00,34.4900,34.4900,34.4100,34.4200,1052
2025-01-08 07:00:00,34.4600,34.4900,34.4500,34.4500,2631
2025-01-08 07:01:00,34.4500,34.4500,34.3700,34.3700,341
2025-01-08 07:02:00,34.3600,34.3700,34.3100,34.3100,3141
2025-01-08 07:03:00,34.3200,34.3200,34.2100,34.2200,3306
2025-01-08 07:04:00,34.2000,34.2000,34.0900,34.1300,5941
2025-01-08 07:05:00,34.1100,34.1100,34.0500,34.1000,3434
2025-01-08 07:06:00,34.1100,34.1600,34.1000,34.1600,1111
2025-01-08 07:07:00,34.1600,34.1600,34.1400,34.1500,2004
2025-01-08 07:08:00,34.1600,34.2700,34.1600,34.2400,2861
2025-01-08 07:09:00,34.3000,34.3000,34.2600,34.2600,202
2025-01-08 07:10:00,34.2800,34.3400,34.2500,34.3400,1424
2025-01-08 07:11:00,34.2900,34.2900,34.2500,34.2500,809
2025-01-08 07:12:00,34.2100,34.2300,34.1700,34.1700,2045
2025-01-08 07:13:00,34.1300,34.2000,34.0900,34.1600,2222
2025-01-08 07:14:00,34.1600,34.1600,34.1200,34.1200,55
2025-01-08 07:15:00,34.1000,34.1400,34.0600,34.0600,738
2025-01-08 07:16:00,34.0600,34.0600,34.0100,34.0200,2639
2025-01-08 07:17:00,34.0400,34.0400,33.9300,34.0000,10344
2025-01-08 07:18:00,34.0300,34.0300,33.9800,33.9800,1709
2025-01-08 07:19:00,33.9700,33.9900,33.9500,33.9600,721
2025-01-08 07:20:00,33.9200,33.9500,33.9000,33.9100,2370
2025-01-08 07:21:00,33.9400,34.0600,33.9400,34.0100,4038
2025-01-08 07:22:00,34.0100,34.0500,33.9400,33.9500,2362
2025-01-08 07:23:00,33.9500,33.9900,33.9500,33.9500,2375
2025-01-08 07:24:00,33.9500,34.0400,33.9500,33.9900,8314
2025-01-08 07:25:00,33.9600,34.0000,33.9600,33.9900,1118
2025-01-08 07:26:00,33.9800,34.0200,33.9500,34.0200,955
2025-01-08 07:27:00,34.0100,34.1300,33.9900,34.0000,9162
2025-01-08 07:28:00,34.0000,34.0300,33.9800,33.9900,1294
2025-01-08 07:29:00,33.9700,33.9800,33.9300,33.9600,6957
2025-01-08 07:30:00,33.9600,33.9600,33.8600,33.8800,7915
2025-01-08 07:31:00,33.8700,33.9900,33.8700,33.9200,6842
2025-01-08 07:32:00,33.9300,33.9400,33.8700,33.8800,4600
2025-01-08 07:33:00,33.8800,33.8800,33.8000,33.8100,4265
2025-01-08 07:34:00,33.8300,33.8300,33.8000,33.8300,1798
2025-01-08 07:35:00,33.8400,33.9100,33.8200,33.9100,3637
2025-01-08 07:36:00,33.9400,33.9800,33.9200,33.9600,1902
2025-01-08 07:37:00,33.9800,34.0000,33.9800,33.9900,4823
2025-01-08 07:38:00,34.0000,34.0200,33.9900,33.9900,6791
2025-01-08 07:39:00,33.9900,34.0000,33.9700,33.9800,289
2025-01-08 07:40:00,33.9700,33.9700,33.9200,33.9200,1328
2025-01-08 07:41:00,33.9500,33.9500,33.9100,33.9400,908
2025-01-08 07:42:00,33.9300,33.9500,33.9100,33.9500,613
2025-01-08 07:43:00,33.9600,33.9600,33.9100,33.9500,143
2025-01-08 07:44:00,33.9300,33.9500,33.9200,33.9500,1122
2025-01-08 07:45:00,33.9900,33.9900,33.9600,33.9600,176
2025-01-08 07:46:00,33.9700,33.9700,33.9400,33.9400,444
2025-01-08 07:47:00,33.9200,33.9600,33.9000,33.9000,3138
2025-01-08 07:48:00,33.9000,33.9000,33.9000,33.9000,3
2025-01-08 07:49:00,33.9200,33.9200,33.8900,33.8900,198
2025-01-08 07:50:00,33.8800,33.8800,33.8400,33.8500,1203
2025-01-08 07:51:00,33.8600,33.9500,33.8600,33.9500,2646
2025-01-08 07:52:00,33.9200,33.9700,33.9200,33.9500,639
2025-01-08 07:53:00,33.9700,33.9700,33.9400,33.9400,102
2025-01-08 07:54:00,33.9300,33.9300,33.8700,33.8700,567
2025-01-08 07:55:00,33.8600,33.8800,33.8500,33.8500,224
2025-01-08 07:56:00,33.8300,33.8500,33.8300,33.8500,1012
2025-01-08 07:57:00,33.8300,33.8400,33.7400,33.7400,3305
2025-01-08 07:58:00,33.7200,33.8700,33.7200,33.8200,5771
2025-01-08 07:59:00,33.8200,33.8400,33.7800,33.8400,1387
2025-01-08 08:00:00,34.9100,35.1700,33.7200,34.7900,151825
2025-01-08 08:01:00,33.9800,35.0300,33.9500,34.0519,26127
2025-01-08 08:02:00,33.8003,34.1500,33.8003,34.1499,999
2025-01-08 08:03:00,34.1000,34.1394,34.0400,34.0700,3023
2025-01-08 08:04:00,34.0200,34.0700,33.9600,34.0200,133
2025-01-08 08:05:00,34.0000,34.0200,33.9000,33.9300,3960
2025-01-08 08:06:00,33.9000,33.9900,33.8699,33.9100,1053
2025-01-08 08:07:00,33.9200,34.0000,33.8700,33.9200,5414
2025-01-08 08:08:00,33.8803,34.0000,33.8800,33.9200,4055
2025-01-08 08:09:00,33.9005,33.9200,33.8900,33.8997,1439
2025-01-08 08:10:00,33.8900,33.9000,33.8600,33.8900,3454
2025-01-08 08:11:00,33.8700,33.9000,33.8500,33.9000,2040
2025-01-08 08:12:00,33.9000,33.9500,33.8615,33.9200,7099
2025-01-08 08:13:00,33.9200,33.9200,33.8612,33.9100,13283
2025-01-08 08:14:00,33.9000,33.9100,33.8800,33.9000,2003
2025-01-08 08:15:00,33.8800,34.0000,33.8710,33.9900,24817
2025-01-08 08:16:00,33.9900,34.1000,33.9899,34.1000,6451
2025-01-08 08:17:00,34.0700,34.1000,34.0000,34.0700,3143
2025-01-08 08:18:00,34.0200,34.1000,33.9400,34.1000,8223
2025-01-08 08:19:00,33.9892,34.0000,33.9400,34.0000,1318
2025-01-08 08:20:00,34.0960,34.0960,33.9412,34.0600,1935
2025-01-08 08:21:00,33.9500,34.1000,33.9500,34.0000,1159
2025-01-08 08:22:00,34.0830,34.0888,33.9800,33.9800,1684
2025-01-08 08:23:00,33.9800,34.0700,33.9799,34.0100,15399
2025-01-08 08:24:00,34.0000,34.0699,33.9900,34.0300,3738
2025-01-08 08:25:00,34.0400,34.0800,33.9800,34.0000,15269
2025-01-08 08:26:00,34.0300,34.0800,33.9900,34.0700,1332
2025-01-08 08:27:00,34.0700,34.0800,34.0300,34.0700,7886
2025-01-08 08:28:00,34.0687,34.1200,33.9718,34.0300,33751
2025-01-08 08:29:00,34.0200,34.0300,33.9616,33.9616,6887
2025-01-08 08:30:00,33.9999,34.1000,33.9600,34.0400,7718
2025-01-08 08:31:00,34.0800,34.0800,34.0100,34.0100,5073
2025-01-08 08:32:00,34.0100,34.1200,34.0069,34.1200,4140
2025-01-08 08:33:00,34.1390,34.1400,34.0000,34.0550,12055
2025-01-08 08:34:00,34.0500,34.0500,33.9700,34.0000,13433
2025-01-08 08:35:00,34.0000,34.1400,33.9600,34.1400,3531
2025-01-08 08:36:00,34.0400,34.1400,34.0000,34.0000,3410
2025-01-08 08:37:00,34.1399,34.1399,34.0000,34.0000,1297
2025-01-08 08:38:00,34.0000,34.1000,34.0000,34.0009,634
2025-01-08 08:39:00,34.1000,34.1000,34.0000,34.0000,2583
2025-01-08 08:40:00,34.0897,34.0899,34.0000,34.0000,956
2025-01-08 08:41:00,34.0500,34.0800,34.0000,34.0015,3768
2025-01-08 08:42:00,34.0000,34.0800,34.0000,34.0000,1238
2025-01-08 08:43:00,34.0800,34.0800,34.0000,34.0000,2132
2025-01-08 08:44:00,34.0300,34.0800,34.0000,34.0100,7725
2025-01-08 08:45:00,34.0000,34.0500,34.0000,34.0500,862
2025-01-08 08:46:00,34.0000,34.0600,34.0000,34.0300,3476
2025-01-08 08:47:00,34.0300,34.0500,33.9400,34.0500,7493
2025-01-08 08:48:00,34.0483,34.0800,34.0000,34.0011,4546
2025-01-08 08:49:00,34.0100,34.0700,34.0100,34.0700,437
2025-01-08 08:50:00,34.0500,34.0800,34.0300,34.0800,1986
2025-01-08 08:51:00,34.0900,34.0900,34.0500,34.0500,1822
2025-01-08 08:52:00,34.0548,34.0900,34.0400,34.0400,4982
2025-01-08 08:53:00,34.0878,34.0900,34.0300,34.0600,321
2025-01-08 08:54:00,34.0500,34.0700,34.0300,34.0300,551
2025-01-08 08:55:00,34.0900,34.1200,34.0500,34.1100,2848
2025-01-08 08:56:00,34.1200,34.1500,34.1000,34.1400,11899
2025-01-08 08:57:00,34.1101,34.2000,34.1101,34.2000,209
2025-01-08 08:58:00,34.2000,34.2000,34.1100,34.1900,708
2025-01-08 08:59:00,34.1880,34.1900,34.1100,34.1900,1580
2025-01-08 09:00:00,34.1900,34.2000,34.1700,34.1900,3236
2025-01-08 09:01:00,34.1650,34.2000,34.1650,34.1800,4558
2025-01-08 09:02:00,34.1995,34.2000,34.1200,34.1370,4020
2025-01-08 09:03:00,34.1300,34.1900,34.1300,34.1300,1128
2025-01-08 09:04:00,34.1400,34.1700,34.1000,34.1100,1736
2025-01-08 09:05:00,34.1300,34.1900,34.1000,34.1107,1732
2025-01-08 09:06:00,34.1300,34.1900,34.0500,34.0500,1971
2025-01-08 09:07:00,34.1100,34.1900,34.0500,34.1100,1362
2025-01-08 09:08:00,34.1000,34.1900,34.1000,34.1000,716
2025-01-08 09:09:00,34.1450,34.1860,34.0300,34.1860,1595
2025-01-08 09:10:00,34.0500,34.1700,34.0301,34.0319,582
2025-01-08 09:11:00,34.1600,34.1600,34.0600,34.1000,713
2025-01-08 09:12:00,34.1000,34.1600,34.0700,34.1600,303
2025-01-08 09:13:00,34.1600,34.1600,34.1200,34.1493,136
2025-01-08 09:14:00,34.1500,34.1500,34.0400,34.0400,1622
2025-01-08 09:15:00,34.0500,34.1500,34.0300,34.1400,1028
2025-01-08 09:16:00,34.0400,34.1300,34.0000,34.0201,2048
2025-01-08 09:17:00,34.1294,34.1300,34.0000,34.1300,7449
2025-01-08 09:18:00,34.0000,34.1200,33.9400,34.0000,156
2025-01-08 09:19:00,34.0600,34.1200,33.9995,34.1200,856
2025-01-08 09:20:00,34.1200,34.1200,34.1198,34.1198,34
2025-01-08 09:21:00,34.0900,34.1023,34.0100,34.1023,3629
2025-01-08 09:22:00,34.0400,34.0985,33.9900,34.0985,5261
2025-01-08 09:23:00,34.0800,34.1000,33.9901,33.9901,2076
2025-01-08 09:24:00,34.0300,34.0800,34.0000,34.0000,1521
2025-01-08 09:25:00,34.0900,34.1400,33.9800,34.0900,4252
2025-01-08 09:26:00,34.1200,34.1600,34.0900,34.1500,3441
2025-01-08 09:27:00,34.1000,34.1600,33.8300,33.8600,9614
2025-01-08 09:28:00,33.8600,33.9200,33.8000,33.8300,7494
2025-01-08 09:29:00,33.8500,33.9900,33.8000,33.8200,14871
2025-01-08 09:30:00,33.9700,33.9700,33.6000,33.7300,593206
2025-01-08 09:31:00,33.7850,33.8400,33.3300,33.3400,251041
2025-01-08 09:32:00,33.3400,33.5909,33.2700,33.5200,214645
2025-01-08 09:33:00,33.5600,33.8220,33.4142,33.8200,239082
2025-01-08 09:34:00,33.8300,33.8350,33.5000,33.6900,133608
2025-01-08 09:35:00,33.7000,33.7500,33.4700,33.7200,141355
2025-01-08 09:36:00,33.6950,33.6950,33.4000,33.5400,112544
2025-01-08 09:37:00,33.5420,33.6250,33.2900,33.3418,185419
2025-01-08 09:38:00,33.3450,33.3700,33.0600,33.2100,183564
2025-01-08 09:39:00,33.2100,33.2799,33.0800,33.0801,152994
2025-01-08 09:40:00,33.0800,33.1100,32.7300,32.8100,467162
2025-01-08 09:41:00,32.8000,33.0600,32.7500,33.0440,199350
2025-01-08 09:42:00,33.0499,33.1100,32.9200,32.9400,177459
2025-01-08 09:43:00,32.9300,32.9900,32.8100,32.8833,132225
2025-01-08 09:44:00,32.8800,33.2300,32.8800,33.1801,143188
2025-01-08 09:45:00,33.1817,33.2100,33.0300,33.0600,107219
2025-01-08 09:46:00,33.0500,33.0604,32.8000,32.8600,139041
2025-01-08 09:47:00,32.8600,33.0100,32.8000,32.9900,99969
2025-01-08 09:48:00,32.9937,33.0900,32.7000,32.7300,235481
2025-01-08 09:49:00,32.7343,32.8500,32.7200,32.7800,131408
2025-01-08 09:50:00,32.7700,32.9094,32.7478,32.9094,85544
2025-01-08 09:51:00,32.9000,32.9252,32.7001,32.8361,120151
2025-01-08 09:52:00,32.8400,32.8600,32.6900,32.7300,102400
2025-01-08 09:53:00,32.7220,32.7900,32.3200,32.3500,357226
2025-01-08 09:54:00,32.3727,32.5800,32.3600,32.5140,161976
2025-01-08 09:55:00,32.5000,32.5600,32.3800,32.4500,181518
2025-01-08 09:56:00,32.4400,32.4800,32.2900,32.3700,216370
2025-01-08 09:57:00,32.3600,32.4900,32.3500,32.4350,135545
2025-01-08 09:58:00,32.4320,32.6250,32.4299,32.6100,147650
2025-01-08 09:59:00,32.6200,32.6200,32.4700,32.5399,85193
2025-01-08 10:00:00,32.5100,32.6700,32.5000,32.6700,103291
2025-01-08 10:01:00,32.6750,32.8000,32.6400,32.7150,180086
2025-01-08 10:02:00,32.7400,32.8352,32.7050,32.8300,146925
2025-01-08 10:03:00,32.8300,33.0100,32.8200,32.9600,211235
2025-01-08 10:04:00,32.9600,33.0270,32.9300,33.0200,149495
2025-01-08 10:05:00,33.0300,33.0350,32.8400,32.8476,158769
2025-01-08 10:06:00,32.8600,32.9000,32.7721,32.8950,179688
2025-01-08 10:07:00,32.8950,33.0050,32.8950,33.0000,76750
2025-01-08 10:08:00,33.0000,33.0200,32.8800,32.9850,117563
2025-01-08 10:09:00,32.9900,33.0800,32.8800,32.9000,139597
2025-01-08 10:10:00,32.9000,32.9700,32.7300,32.7500,128847
2025-01-08 10:11:00,32.7600,32.8800,32.7600,32.8050,54326
2025-01-08 10:12:00,32.8000,32.8947,32.7672,32.8500,76314
2025-01-08 10:13:00,32.8400,32.8658,32.7050,32.7550,72039
2025-01-08 10:14:00,32.7500,32.8100,32.6600,32.6600,99247
2025-01-08 10:15:00,32.6700,32.7100,32.5300,32.5950,122922
2025-01-08 10:16:00,32.5976,32.6300,32.5100,32.6200,150457
2025-01-08 10:17:00,32.6200,32.6400,32.5101,32.5400,78772
2025-01-08 10:18:00,32.5400,32.6700,32.5200,32.6300,102399
2025-01-08 10:19:00,32.6399,32.6800,32.5811,32.6700,64482
2025-01-08 10:20:00,32.6700,32.6800,32.5650,32.5809,68206
2025-01-08 10:21:00,32.5900,32.6620,32.5900,32.6150,74727
2025-01-08 10:22:00,32.6000,32.6118,32.4800,32.5599,119815
2025-01-08 10:23:00,32.5600,32.7300,32.5460,32.7000,52432
2025-01-08 10:24:00,32.6800,32.7200,32.6177,32.6780,48663
2025-01-08 10:25:00,32.6726,32.7900,32.6600,32.7500,94138
2025-01-08 10:26:00,32.7550,32.8280,32.7200,32.8050,54902
2025-01-08 10:27:00,32.8100,32.8500,32.6300,32.6800,50595
2025-01-08 10:28:00,32.6700,32.6800,32.5600,32.5700,69602
2025-01-08 10:29:00,32.5600,32.6000,32.5100,32.5900,49836
2025-01-08 10:30:00,32.5743,32.6200,32.5500,32.6150,24963
2025-01-08 10:31:00,32.6000,32.6200,32.5200,32.5600,47324
2025-01-08 10:32:00,32.5600,32.5600,32.4820,32.5100,91562
2025-01-08 10:33:00,32.5200,32.6000,32.5100,32.5998,60252
2025-01-08 10:34:00,32.5700,32.6000,32.5400,32.5950,38335
2025-01-08 10:35:00,32.5950,32.7700,32.5950,32.7450,62575
2025-01-08 10:36:00,32.7450,32.8900,32.7450,32.8897,76166
2025-01-08 10:37:00,32.8900,32.9300,32.8000,32.8450,79622
2025-01-08 10:38:00,32.8300,32.8500,32.7200,32.7200,63834
2025-01-08 10:39:00,32.7199,32.7400,32.5600,32.5700,65295
2025-01-08 10:40:00,32.5770,32.6078,32.5316,32.5842,50385
2025-01-08 10:41:00,32.6000,32.6982,32.5700,32.6982,51795
2025-01-08 10:42:00,32.7000,32.7000,32.6400,32.6663,26628
2025-01-08 10:43:00,32.6650,32.7100,32.6000,32.6500,58993
2025-01-08 10:44:00,32.6235,32.6850,32.6208,32.6800,24916
2025-01-08 10:45:00,32.6850,32.7440,32.6600,32.6800,63727
2025-01-08 10:46:00,32.6900,32.7450,32.6000,32.6000,61835
2025-01-08 10:47:00,32.6100,32.6150,32.4800,32.5271,93444
2025-01-08 10:48:00,32.5150,32.5900,32.5000,32.5900,29485
2025-01-08 10:49:00,32.5900,32.6350,32.5801,32.6070,36568
2025-01-08 10:50:00,32.6100,32.7500,32.6075,32.7400,38319
2025-01-08 10:51:00,32.7300,32.8095,32.7000,32.7900,55339
2025-01-08 10:52:00,32.7980,32.8500,32.7200,32.8440,47164
2025-01-08 10:53:00,32.8411,32.8600,32.7900,32.8000,37566
2025-01-08 10:54:00,32.8000,32.8450,32.7700,32.8270,25837
2025-01-08 10:55:00,32.8428,32.8900,32.8050,32.8200,68361
2025-01-08 10:56:00,32.8300,32.8392,32.7800,32.7800,39505
2025-01-08 10:57:00,32.7800,32.8375,32.7700,32.7800,22432
2025-01-08 10:58:00,32.7923,32.7923,32.7541,32.7700,33985
2025-01-08 10:59:00,32.7800,32.8900,32.7735,32.8700,43665
2025-01-08 11:00:00,32.8600,32.8700,32.7600,32.7690,29374
2025-01-08 11:01:00,32.7700,32.8600,32.7059,32.8400,49837
2025-01-08 11:02:00,32.8300,32.8600,32.7500,32.7700,31941
2025-01-08 11:03:00,32.7500,32.7800,32.7200,32.7652,33843
2025-01-08 11:04:00,32.7800,32.7860,32.7100,32.7400,87390
2025-01-08 11:05:00,32.7500,32.7500,32.6700,32.6900,56158
2025-01-08 11:06:00,32.6900,32.6900,32.5800,32.6100,76213
2025-01-08 11:07:00,32.6100,32.6800,32.5900,32.6800,44650
2025-01-08 11:08:00,32.6900,32.7500,32.6700,32.7300,42457
2025-01-08 11:09:00,32.7300,32.7900,32.6800,32.7200,22175
2025-01-08 11:10:00,32.7250,32.7965,32.7200,32.7900,25820
2025-01-08 11:11:00,32.8000,32.8050,32.6650,32.6650,33178
2025-01-08 11:12:00,32.6699,32.6900,32.6300,32.6500,31559
2025-01-08 11:13:00,32.6620,32.7200,32.6400,32.6900,35996
2025-01-08 11:14:00,32.6715,32.6900,32.6050,32.6850,35644
2025-01-08 11:15:00,32.6800,32.6900,32.5900,32.6250,43069
2025-01-08 11:16:00,32.6300,32.6700,32.6200,32.6500,25685
2025-01-08 11:17:00,32.6400,32.6500,32.5800,32.5826,30197
2025-01-08 11:18:00,32.5800,32.6699,32.5800,32.6600,23051
2025-01-08 11:19:00,32.6700,32.6900,32.6100,32.6200,45580
2025-01-08 11:20:00,32.6200,32.7180,32.6200,32.6704,36420
2025-01-08 11:21:00,32.6800,32.7299,32.6200,32.6300,28479
2025-01-08 11:22:00,32.6350,32.6500,32.5510,32.5510,33834
2025-01-08 11:23:00,32.5527,32.6300,32.5300,32.6220,57944
2025-01-08 11:24:00,32.6100,32.6310,32.5180,32.5300,33139
2025-01-08 11:25:00,32.5300,32.5399,32.4500,32.4500,93767
2025-01-08 11:26:00,32.4501,32.4948,32.4426,32.4600,53597
2025-01-08 11:27:00,32.4599,32.4962,32.4301,32.4700,47658
2025-01-08 11:28:00,32.4700,32.4750,32.4300,32.4600,36758
2025-01-08 11:29:00,32.4500,32.4700,32.4100,32.4400,45696
2025-01-08 11:30:00,32.4400,32.5000,32.4400,32.4700,59489
2025-01-08 11:31:00,32.4600,32.4800,32.3701,32.3800,45225
2025-01-08 11:32:00,32.3900,32.4200,32.3700,32.4100,46928
2025-01-08 11:33:00,32.4101,32.4200,32.3500,32.3800,60099
2025-01-08 11:34:00,32.3800,32.3900,32.3500,32.3800,31046
2025-01-08 11:35:00,32.3800,32.4091,32.3500,32.3850,64007
2025-01-08 11:36:00,32.3900,32.4975,32.3701,32.4778,29894
2025-01-08 11:37:00,32.4700,32.5800,32.4700,32.5650,39609
2025-01-08 11:38:00,32.5600,32.5999,32.5500,32.5820,75986
2025-01-08 11:39:00,32.5800,32.6300,32.5540,32.5819,82489
2025-01-08 11:40:00,32.5800,32.5900,32.5300,32.5750,32382
2025-01-08 11:41:00,32.5750,32.5900,32.5700,32.5800,30036
2025-01-08 11:42:00,32.5900,32.6355,32.5500,32.5550,49307
2025-01-08 11:43:00,32.5500,32.5700,32.4900,32.4900,72976
2025-01-08 11:44:00,32.4900,32.5350,32.4800,32.5213,44931
2025-01-08 11:45:00,32.5200,32.6100,32.5200,32.5850,35718
2025-01-08 11:46:00,32.5800,32.6600,32.5800,32.6550,32786
2025-01-08 11:47:00,32.6550,32.6682,32.6147,32.6650,32458
2025-01-08 11:48:00,32.6600,32.6600,32.5900,32.6100,30358
2025-01-08 11:49:00,32.6100,32.6199,32.5400,32.5750,25863
2025-01-08 11:50:00,32.5700,32.6100,32.5500,32.6012,34410
2025-01-08 11:51:00,32.6050,32.6068,32.5800,32.5900,13039
2025-01-08 11:52:00,32.5850,32.5850,32.5500,32.5700,26299
2025-01-08 11:53:00,32.5500,32.6000,32.5500,32.5950,13855
2025-01-08 11:54:00,32.5912,32.6100,32.5200,32.5250,28695
2025-01-08 11:55:00,32.5200,32.5700,32.4800,32.4800,49019
2025-01-08 11:56:00,32.4800,32.5000,32.4204,32.4204,41581
2025-01-08 11:57:00,32.4250,32.4250,32.3500,32.3600,55080
2025-01-08 11:58:00,32.3584,32.3900,32.3400,32.3850,72945
2025-01-08 11:59:00,32.3850,32.4400,32.3800,32.4300,47827
2025-01-08 12:00:00,32.4205,32.5000,32.3500,32.4400,115334
2025-01-08 12:01:00,32.4500,32.4500,32.2500,32.3500,202750
2025-01-08 12:02:00,32.3400,32.3656,32.2700,32.3100,44946
2025-01-08 12:03:00,32.3020,32.3470,32.3000,32.3397,44399
2025-01-08 12:04:00,32.3200,32.3200,32.2800,32.2850,25207
2025-01-08 12:05:00,32.2819,32.2819,32.2100,32.2150,73036
2025-01-08 12:06:00,32.2100,32.2100,32.0800,32.1100,159627
2025-01-08 12:07:00,32.1100,32.1700,32.1100,32.1626,47182
2025-01-08 12:08:00,32.1650,32.1900,32.0700,32.0701,78444
2025-01-08 12:09:00,32.0800,32.2100,32.0700,32.2001,53516
2025-01-08 12:10:00,32.2050,32.2600,32.1800,32.2420,58935
2025-01-08 12:11:00,32.2320,32.2680,32.2000,32.2600,35185
2025-01-08 12:12:00,32.2600,32.2900,32.2000,32.2116,32431
2025-01-08 12:13:00,32.2160,32.2500,32.2021,32.2500,14169
2025-01-08 12:14:00,32.2498,32.2500,32.2000,32.2400,17592
2025-01-08 12:15:00,32.2420,32.2850,32.2300,32.2399,42546
2025-01-08 12:16:00,32.2400,32.2600,32.2000,32.2300,24610
2025-01-08 12:17:00,32.2300,32.2600,32.1600,32.1701,43235
2025-01-08 12:18:00,32.1760,32.1760,32.0700,32.0799,56790
2025-01-08 12:19:00,32.0724,32.0900,32.0200,32.0236,86701
2025-01-08 12:20:00,32.0245,32.1500,32.0200,32.1400,45739
2025-01-08 12:21:00,32.1331,32.1400,32.0100,32.0400,55073
2025-01-08 12:22:00,32.0450,32.1400,32.0400,32.0800,33250
2025-01-08 12:23:00,32.0700,32.0700,31.9800,32.0200,246622
2025-01-08 12:24:00,32.0300,32.0800,32.0000,32.0500,109044
2025-01-08 12:25:00,32.0600,32.0800,32.0200,32.0400,50661
2025-01-08 12:26:00,32.0400,32.0900,32.0301,32.0900,30061
2025-01-08 12:27:00,32.1000,32.1000,31.9500,31.9600,70119
2025-01-08 12:28:00,31.9650,32.0300,31.8600,31.8850,131895
2025-01-08 12:29:00,31.8800,31.8800,31.8000,31.8100,129561
2025-01-08 12:30:00,31.8048,31.8584,31.7200,31.7550,133774
2025-01-08 12:31:00,31.7550,31.9600,31.7300,31.9475,85673
2025-01-08 12:32:00,31.9650,32.0600,31.9650,32.0306,66423
2025-01-08 12:33:00,32.0450,32.1000,32.0201,32.0400,44974
2025-01-08 12:34:00,32.0400,32.1200,32.0241,32.1100,27682
2025-01-08 12:35:00,32.1100,32.1200,32.0301,32.0900,30639
2025-01-08 12:36:00,32.0811,32.1400,32.0800,32.1247,38617
2025-01-08 12:37:00,32.1440,32.1599,32.1000,32.1300,36176
2025-01-08 12:38:00,32.1500,32.2200,32.1500,32.1990,59790
2025-01-08 12:39:00,32.2100,32.2100,32.0700,32.0700,36677
2025-01-08 12:40:00,32.0600,32.1500,32.0304,32.1486,35408
2025-01-08 12:41:00,32.1403,32.2500,32.1403,32.2200,44377
2025-01-08 12:42:00,32.2300,32.2900,32.1700,32.2800,43214
2025-01-08 12:43:00,32.2718,32.2900,32.2400,32.2500,59295
2025-01-08 12:44:00,32.2500,32.2600,32.1900,32.2000,35704
2025-01-08 12:45:00,32.2001,32.2350,32.1600,32.2030,49460
2025-01-08 12:46:00,32.2000,32.2500,32.1600,32.1850,52246
2025-01-08 12:47:00,32.1900,32.2300,32.1200,32.1380,43021
2025-01-08 12:48:00,32.1315,32.2200,32.1100,32.2000,30845
2025-01-08 12:49:00,32.2000,32.2200,32.1500,32.1800,25268
2025-01-08 12:50:00,32.1756,32.2160,32.1700,32.1800,11214
2025-01-08 12:51:00,32.1700,32.2100,32.1500,32.2100,18789
2025-01-08 12:52:00,32.2100,32.3000,32.2000,32.2600,27442
2025-01-08 12:53:00,32.2600,32.2800,32.2000,32.2460,31431
2025-01-08 12:54:00,32.2570,32.2600,32.2000,32.2300,18390
2025-01-08 12:55:00,32.2300,32.2500,32.1600,32.1652,24596
2025-01-08 12:56:00,32.1700,32.2350,32.1700,32.1800,23892
2025-01-08 12:57:00,32.1790,32.2400,32.1790,32.2300,17630
2025-01-08 12:58:00,32.2200,32.2400,32.1850,32.2300,48616
2025-01-08 12:59:00,32.2419,32.2500,32.1800,32.1800,14426
2025-01-08 13:00:00,32.1700,32.2900,32.1699,32.2800,36464
2025-01-08 13:01:00,32.2800,32.3099,32.2600,32.2700,40887
2025-01-08 13:02:00,32.2600,32.3987,32.2500,32.3850,77211
2025-01-08 13:03:00,32.3800,32.3900,32.3100,32.3470,40489
2025-01-08 13:04:00,32.3500,32.4300,32.3400,32.3900,68637
2025-01-08 13:05:00,32.3980,32.4100,32.3500,32.3640,39961
2025-01-08 13:06:00,32.3700,32.4601,32.3700,32.4400,42706
2025-01-08 13:07:00,32.4552,32.5200,32.4552,32.5100,77602
2025-01-08 13:08:00,32.5000,32.5300,32.4700,32.5000,43676
2025-01-08 13:09:00,32.5050,32.5600,32.5000,32.5300,36356
2025-01-08 13:10:00,32.5300,32.5600,32.4676,32.5550,31183
2025-01-08 13:11:00,32.5500,32.6150,32.5450,32.6100,46598
2025-01-08 13:12:00,32.6200,32.6400,32.5900,32.6100,56700
2025-01-08 13:13:00,32.6300,32.6400,32.5900,32.6200,26655
2025-01-08 13:14:00,32.6216,32.6312,32.5800,32.6000,32657
2025-01-08 13:15:00,32.6200,32.6700,32.6100,32.6400,29856
2025-01-08 13:16:00,32.6300,32.6900,32.6142,32.6700,37530
2025-01-08 13:17:00,32.6601,32.7399,32.6600,32.7200,73363
2025-01-08 13:18:00,32.7300,32.7900,32.7200,32.7900,77998
2025-01-08 13:19:00,32.7826,32.8000,32.7400,32.7700,45778
2025-01-08 13:20:00,32.7700,32.7700,32.6876,32.7300,41443
2025-01-08 13:21:00,32.7300,32.7600,32.6505,32.7500,62355
2025-01-08 13:22:00,32.7600,32.7600,32.6100,32.6400,71740
2025-01-08 13:23:00,32.6300,32.7000,32.6300,32.6400,35348
2025-01-08 13:24:00,32.6450,32.7300,32.6300,32.7200,27787
2025-01-08 13:25:00,32.7250,32.8000,32.7250,32.7900,38176
2025-01-08 13:26:00,32.7910,32.8300,32.7600,32.8003,43056
2025-01-08 13:27:00,32.8050,32.8300,32.7600,32.7628,30667
2025-01-08 13:28:00,32.7800,32.8300,32.7800,32.8200,46788
2025-01-08 13:29:00,32.8000,32.8199,32.7600,32.8000,56412
2025-01-08 13:30:00,32.7900,32.7900,32.6900,32.7000,50498
2025-01-08 13:31:00,32.7000,32.7300,32.6450,32.7100,36819
2025-01-08 13:32:00,32.7200,32.7300,32.6800,32.7300,17933
2025-01-08 13:33:00,32.7200,32.7200,32.6422,32.6650,24343
2025-01-08 13:34:00,32.6700,32.7300,32.6700,32.7100,24260
2025-01-08 13:35:00,32.7100,32.7550,32.7000,32.7090,16269
2025-01-08 13:36:00,32.7015,32.7800,32.7015,32.7780,24657
2025-01-08 13:37:00,32.7800,32.7800,32.6900,32.6900,24933
2025-01-08 13:38:00,32.6800,32.7240,32.6616,32.7240,19034
2025-01-08 13:39:00,32.7300,32.7800,32.7200,32.7384,26979
2025-01-08 13:40:00,32.7649,32.7676,32.7100,32.7100,17038
2025-01-08 13:41:00,32.7150,32.7350,32.6600,32.7199,25975
2025-01-08 13:42:00,32.7006,32.7100,32.6000,32.6200,26667
2025-01-08 13:43:00,32.6288,32.6400,32.6076,32.6100,18113
2025-01-08 13:44:00,32.6050,32.6700,32.6000,32.6301,16023
2025-01-08 13:45:00,32.6300,32.6400,32.6000,32.6300,27345
2025-01-08 13:46:00,32.6400,32.6800,32.6300,32.6452,17939
2025-01-08 13:47:00,32.6300,32.6400,32.5700,32.5800,32057
2025-01-08 13:48:00,32.5900,32.6500,32.5800,32.6301,35641
2025-01-08 13:49:00,32.6400,32.6500,32.6100,32.6150,22577
2025-01-08 13:50:00,32.6200,32.6671,32.6100,32.6355,28028
2025-01-08 13:51:00,32.6300,32.6500,32.6000,32.6100,21919
2025-01-08 13:52:00,32.6000,32.6400,32.5840,32.6000,18010
2025-01-08 13:53:00,32.5920,32.5921,32.4700,32.4800,57787
2025-01-08 13:54:00,32.4900,32.4900,32.4300,32.4600,41330
2025-01-08 13:55:00,32.4615,32.5300,32.4600,32.4900,31382
2025-01-08 13:56:00,32.4700,32.5000,32.4500,32.4900,22616
2025-01-08 13:57:00,32.5000,32.5300,32.4814,32.4900,30488
2025-01-08 13:58:00,32.5100,32.5499,32.5002,32.5300,17327
2025-01-08 13:59:00,32.5370,32.6300,32.5370,32.5900,30074
2025-01-08 14:00:00,32.5800,32.6000,32.5300,32.5500,31257
2025-01-08 14:01:00,32.5501,32.5664,32.5000,32.5400,39278
2025-01-08 14:02:00,32.5500,32.5593,32.4400,32.4600,27681
2025-01-08 14:03:00,32.4600,32.4700,32.4000,32.4400,38817
2025-01-08 14:04:00,32.4400,32.5400,32.4400,32.5300,31067
2025-01-08 14:05:00,32.5150,32.6500,32.5126,32.6158,28911
2025-01-08 14:06:00,32.6100,32.6900,32.5700,32.6750,32087
2025-01-08 14:07:00,32.6600,32.7150,32.6520,32.7000,37163
2025-01-08 14:08:00,32.6900,32.8000,32.6900,32.7872,41418
2025-01-08 14:09:00,32.7900,32.8600,32.7500,32.8600,45890
2025-01-08 14:10:00,32.8520,32.8520,32.8000,32.8280,22893
2025-01-08 14:11:00,32.8200,32.8398,32.7500,32.7700,31366
2025-01-08 14:12:00,32.7700,32.7700,32.6900,32.7100,23616
2025-01-08 14:13:00,32.7000,32.7100,32.6700,32.6800,12623
2025-01-08 14:14:00,32.6800,32.6960,32.5937,32.6050,18460
2025-01-08 14:15:00,32.6200,32.7200,32.6001,32.7100,14759
2025-01-08 14:16:00,32.7200,32.7400,32.6762,32.7000,20203
2025-01-08 14:17:00,32.7000,32.7100,32.6800,32.6850,10729
2025-01-08 14:18:00,32.6900,32.7550,32.6600,32.7550,20281
2025-01-08 14:19:00,32.7477,32.8300,32.7477,32.8300,38145
2025-01-08 14:20:00,32.8300,32.8550,32.8006,32.8499,29949
2025-01-08 14:21:00,32.8400,32.8599,32.8000,32.8219,31353
2025-01-08 14:22:00,32.8252,32.8300,32.7900,32.8000,17276
2025-01-08 14:23:00,32.8000,32.8600,32.8000,32.8400,17631
2025-01-08 14:24:00,32.8500,32.9100,32.8500,32.8600,50676
2025-01-08 14:25:00,32.8700,32.9000,32.8100,32.8499,44043
2025-01-08 14:26:00,32.8400,32.8900,32.8400,32.8800,15714
2025-01-08 14:27:00,32.8876,32.9575,32.8500,32.9300,55591
2025-01-08 14:28:00,32.9300,33.0100,32.9300,33.0000,77898
2025-01-08 14:29:00,33.0050,33.0700,32.9500,32.9667,109493
2025-01-08 14:30:00,32.9700,32.9700,32.8350,32.8550,46378
2025-01-08 14:31:00,32.8550,32.8600,32.8100,32.8300,42265
2025-01-08 14:32:00,32.8200,32.8300,32.7850,32.8100,16023
2025-01-08 14:33:00,32.8000,32.8070,32.7700,32.7900,26340
2025-01-08 14:34:00,32.7800,32.7890,32.7500,32.7600,22106
2025-01-08 14:35:00,32.7700,32.7950,32.7500,32.7700,23021
2025-01-08 14:36:00,32.7600,32.7850,32.7200,32.7287,23509
2025-01-08 14:37:00,32.7400,32.8200,32.7300,32.8150,31885
2025-01-08 14:38:00,32.8100,32.8100,32.7600,32.7631,13787
2025-01-08 14:39:00,32.7700,32.7700,32.7219,32.7219,13246
2025-01-08 14:40:00,32.7300,32.7600,32.7100,32.7500,25415
2025-01-08 14:41:00,32.7400,32.7700,32.6801,32.7700,20804
2025-01-08 14:42:00,32.7614,32.7900,32.6800,32.7100,25835
2025-01-08 14:43:00,32.7000,32.7500,32.6900,32.7350,12198
2025-01-08 14:44:00,32.7400,32.7400,32.6900,32.7000,18071
2025-01-08 14:45:00,32.6900,32.7700,32.6701,32.7700,32656
2025-01-08 14:46:00,32.7500,32.7840,32.7200,32.7700,18909
2025-01-08 14:47:00,32.7600,32.8100,32.7427,32.7520,19509
2025-01-08 14:48:00,32.7580,32.7700,32.7300,32.7401,19216
2025-01-08 14:49:00,32.7500,32.7700,32.7300,32.7516,10612
2025-01-08 14:50:00,32.7700,32.8000,32.7700,32.7800,12967
2025-01-08 14:51:00,32.7900,32.8250,32.7700,32.7932,10795
2025-01-08 14:52:00,32.8000,32.8300,32.7500,32.7500,16390
2025-01-08 14:53:00,32.7550,32.7600,32.7400,32.7500,9527
2025-01-08 14:54:00,32.7600,32.7600,32.7100,32.7200,11414
2025-01-08 14:55:00,32.7220,32.7600,32.6800,32.7400,27329
2025-01-08 14:56:00,32.7400,32.7700,32.7300,32.7635,11974
2025-01-08 14:57:00,32.7700,32.8000,32.7601,32.7627,19961
2025-01-08 14:58:00,32.7800,32.7800,32.7300,32.7700,19671
2025-01-08 14:59:00,32.7650,32.7700,32.7300,32.7650,9874
2025-01-08 15:00:00,32.7800,32.8000,32.7500,32.7950,14713
2025-01-08 15:01:00,32.7909,32.8300,32.7900,32.8000,16320
2025-01-08 15:02:00,32.8100,32.8200,32.7700,32.7870,13102
2025-01-08 15:03:00,32.7700,32.7800,32.7300,32.7731,14140
2025-01-08 15:04:00,32.7800,32.7900,32.7700,32.7900,8083
2025-01-08 15:05:00,32.7790,32.7800,32.7200,32.7200,25193
2025-01-08 15:06:00,32.7100,32.7100,32.6420,32.6550,18731
2025-01-08 15:07:00,32.6600,32.7150,32.6500,32.6999,38123
2025-01-08 15:08:00,32.6800,32.7199,32.6800,32.7000,20833
2025-01-08 15:09:00,32.7100,32.7300,32.6500,32.6688,18314
2025-01-08 15:10:00,32.6684,32.7180,32.6684,32.6700,31123
2025-01-08 15:11:00,32.6600,32.6600,32.6300,32.6300,14298
2025-01-08 15:12:00,32.6250,32.6300,32.5724,32.5950,27903
2025-01-08 15:13:00,32.6020,32.6500,32.5907,32.6150,24633
2025-01-08 15:14:00,32.6100,32.6200,32.5600,32.5601,23278
2025-01-08 15:15:00,32.5624,32.6200,32.5624,32.6150,37990
2025-01-08 15:16:00,32.6100,32.6375,32.5711,32.5711,29904
2025-01-08 15:17:00,32.5800,32.6098,32.5600,32.5600,17202
2025-01-08 15:18:00,32.5700,32.6200,32.5400,32.6200,26641
2025-01-08 15:19:00,32.6000,32.6000,32.5600,32.5700,14355
2025-01-08 15:20:00,32.5800,32.6116,32.5750,32.6000,18682
2025-01-08 15:21:00,32.5900,32.6599,32.5811,32.6100,24414
2025-01-08 15:22:00,32.6100,32.6152,32.5550,32.5600,24413
2025-01-08 15:23:00,32.5550,32.6099,32.5508,32.5850,22937
2025-01-08 15:24:00,32.5880,32.5900,32.5699,32.5724,17435
2025-01-08 15:25:00,32.5700,32.5799,32.5300,32.5391,18287
2025-01-08 15:26:00,32.5350,32.5800,32.5100,32.5400,44413
2025-01-08 15:27:00,32.5300,32.5757,32.5300,32.5700,16387
2025-01-08 15:28:00,32.5650,32.6350,32.5600,32.6200,22560
2025-01-08 15:29:00,32.6300,32.6400,32.5650,32.5677,25986
2025-01-08 15:30:00,32.5700,32.6300,32.5600,32.6000,18718
2025-01-08 15:31:00,32.6078,32.6800,32.6078,32.6378,31228
2025-01-08 15:32:00,32.6300,32.6400,32.5900,32.5900,25169
2025-01-08 15:33:00,32.5800,32.6200,32.5800,32.6100,18737
2025-01-08 15:34:00,32.6100,32.6100,32.5500,32.5500,25261
2025-01-08 15:35:00,32.5500,32.5724,32.5101,32.5724,35526
2025-01-08 15:36:00,32.5700,32.6000,32.5507,32.5507,24597
2025-01-08 15:37:00,32.5650,32.6200,32.5650,32.5900,46718
2025-01-08 15:38:00,32.5900,32.6200,32.5700,32.6100,38307
2025-01-08 15:39:00,32.6000,32.6200,32.5950,32.6100,29190
2025-01-08 15:40:00,32.6100,32.6350,32.6000,32.6081,28643
2025-01-08 15:41:00,32.6200,32.6300,32.5400,32.5500,28707
2025-01-08 15:42:00,32.5450,32.5600,32.5200,32.5500,34629
2025-01-08 15:43:00,32.5450,32.5500,32.4800,32.5301,83257
2025-01-08 15:44:00,32.5500,32.5550,32.5300,32.5450,36519
2025-01-08 15:45:00,32.5400,32.5600,32.5200,32.5250,35943
2025-01-08 15:46:00,32.5250,32.5400,32.4750,32.5400,54931
2025-01-08 15:47:00,32.5400,32.5400,32.4950,32.5100,28107
2025-01-08 15:48:00,32.5001,32.5200,32.4800,32.5000,56439
2025-01-08 15:49:00,32.5100,32.5200,32.4700,32.4805,44278
2025-01-08 15:50:00,32.4800,32.5700,32.4200,32.5300,120413
2025-01-08 15:51:00,32.5300,32.5500,32.5000,32.5100,65175
2025-01-08 15:52:00,32.5050,32.5600,32.4950,32.5500,85584
2025-01-08 15:53:00,32.5500,32.5600,32.5100,32.5300,76397
2025-01-08 15:54:00,32.5300,32.5650,32.4800,32.5250,109824
2025-01-08 15:55:00,32.5250,32.7050,32.5200,32.7000,197039
2025-01-08 15:56:00,32.7050,32.7200,32.6600,32.6950,123746
2025-01-08 15:57:00,32.6950,32.7000,32.6050,32.6150,120935
2025-01-08 15:58:00,32.6199,32.6600,32.6150,32.6200,179677
2025-01-08 15:59:00,32.6200,32.6400,32.5900,32.6300,265805
2025-01-08 16:00:00,32.6100,32.6300,32.5000,32.6090,3012628
2025-01-08 16:01:00,32.6100,32.7000,32.6000,32.6600,10072
2025-01-08 16:02:00,32.6100,32.7000,32.6100,32.6100,1858
2025-01-08 16:03:00,32.6500,32.6500,32.6200,32.6301,885
2025-01-08 16:04:00,32.6495,32.6499,32.6100,32.6100,2865
2025-01-08 16:05:00,32.6089,32.6100,32.5000,32.6000,274
2025-01-08 16:06:00,32.6000,32.6100,32.5500,32.6100,1640
2025-01-08 16:07:00,32.5700,32.6100,32.5100,32.6000,976
2025-01-08 16:08:00,32.5500,32.6100,32.5000,32.6100,1625
2025-01-08 16:09:00,32.6100,32.6100,32.5600,32.5707,5409
2025-01-08 16:10:00,32.5800,32.7000,32.5800,32.5801,4557
2025-01-08 16:11:00,32.6500,32.6500,32.6000,32.6000,617
2025-01-08 16:12:00,32.6196,32.6196,32.6000,32.6000,345
2025-01-08 16:13:00,32.5800,32.5800,32.5010,32.5800,2269
2025-01-08 16:14:00,32.5800,32.6198,32.5100,32.5200,371
2025-01-08 16:15:00,32.5100,32.6200,32.5100,32.6200,43397
2025-01-08 16:16:00,32.6100,32.6400,32.5101,32.6200,14152
2025-01-08 16:17:00,32.6100,32.6200,32.5101,32.5101,56
2025-01-08 16:18:00,32.6100,32.7000,32.5800,32.6100,2254
2025-01-08 16:20:00,32.6100,32.6371,32.6100,32.6200,9159
2025-01-08 16:21:00,32.5700,32.6800,32.5000,32.6800,12861
2025-01-08 16:22:00,32.6710,32.6710,32.5500,32.6000,514
2025-01-08 16:23:00,32.6000,32.6000,32.5997,32.5999,318
2025-01-08 16:24:00,32.5100,32.6300,32.5100,32.6300,105
2025-01-08 16:25:00,32.6100,32.6300,32.6100,32.6200,524
2025-01-08 16:26:00,32.6300,32.6400,32.5900,32.6400,171
2025-01-08 16:27:00,32.6000,32.6200,32.5800,32.6200,2218
2025-01-08 16:28:00,32.5800,32.5800,32.5800,32.5800,10
2025-01-08 16:29:00,32.5155,32.6200,32.5155,32.6200,1100
2025-01-08 16:30:00,32.6200,32.6200,32.5200,32.6200,58
2025-01-08 16:31:00,32.6100,32.6200,32.5900,32.6200,44
2025-01-08 16:32:00,32.5900,32.6200,32.5700,32.5800,112
2025-01-08 16:33:00,32.5200,32.5800,32.5200,32.5800,101
2025-01-08 16:34:00,32.6150,32.6150,32.5200,32.5500,908
2025-01-08 16:35:00,32.5500,32.5500,32.3300,32.4400,15855
2025-01-08 16:36:00,32.4500,32.4500,32.4000,32.4000,254
2025-01-08 16:37:00,32.4000,32.4000,32.3000,32.3000,160
2025-01-08 16:38:00,32.3411,32.4500,32.2900,32.3000,2297
2025-01-08 16:39:00,32.3100,32.4500,32.3000,32.3400,771
2025-01-08 16:40:00,32.3300,32.3300,32.1500,32.1500,13839
2025-01-08 16:41:00,32.1500,32.2800,32.1200,32.2800,2671
2025-01-08 16:42:00,32.2300,32.6100,32.1200,32.2200,46699
2025-01-08 16:43:00,32.2000,32.2800,32.1500,32.2500,203
2025-01-08 16:44:00,32.2800,32.6100,32.1500,32.2700,16017
2025-01-08 16:45:00,32.3500,32.3500,32.2600,32.2600,51
2025-01-08 16:46:00,32.2610,32.3600,32.2610,32.3000,767
2025-01-08 16:47:00,32.3100,32.4000,32.2800,32.3200,1584
2025-01-08 16:48:00,32.3000,32.4356,32.3000,32.3006,21078
2025-01-08 16:49:00,32.3700,32.4100,32.3001,32.3300,668
2025-01-08 16:50:00,32.3299,32.3600,32.2503,32.3200,2971
2025-01-08 16:51:00,32.3300,32.4000,32.3300,32.4000,1053
2025-01-08 16:52:00,32.3200,32.3200,32.3200,32.3200,370
2025-01-08 16:53:00,32.3993,32.4000,32.3600,32.4000,13
2025-01-08 16:54:00,32.4000,32.4000,32.3300,32.3300,11
2025-01-08 16:55:00,32.3900,32.4000,32.3500,32.3900,294
2025-01-08 16:56:00,32.3500,32.4000,32.3400,32.4000,1240
2025-01-08 16:57:00,32.3800,32.3999,32.3750,32.3750,327
2025-01-08 16:59:00,32.3900,32.4000,32.3800,32.3900,506
2025-01-08 17:00:00,32.4000,32.4000,32.3900,32.3900,528
2025-01-08 17:01:00,32.3900,32.4000,32.3800,32.3999,2123
2025-01-08 17:02:00,32.3800,32.3900,32.3800,32.3900,65
2025-01-08 17:03:00,32.3800,32.4000,32.3800,32.3999,2271
2025-01-08 17:04:00,32.3995,32.4000,32.3900,32.3900,1363
2025-01-08 17:05:00,32.3899,32.3900,32.3800,32.3800,3811
2025-01-08 17:06:00,32.3900,32.3900,32.3600,32.3600,256
2025-01-08 17:07:00,32.3500,32.3600,32.3500,32.3600,941
2025-01-08 17:08:00,32.6100,32.6100,32.3500,32.3500,275322
2025-01-08 17:09:00,32.3600,32.3700,32.3400,32.3700,1051
2025-01-08 17:10:00,32.3201,32.3201,32.3201,32.3201,500
2025-01-08 17:11:00,32.3700,32.3700,32.3000,32.3600,13012
2025-01-08 17:12:00,32.3600,32.4000,32.3600,32.3990,1074
2025-01-08 17:13:00,32.3900,32.3900,32.3750,32.3750,13
2025-01-08 17:14:00,32.3900,32.4200,32.3900,32.4200,1283
2025-01-08 17:15:00,32.4200,32.5000,32.3900,32.3900,4471
2025-01-08 17:16:00,32.5000,32.5000,32.4800,32.5000,44
2025-01-08 17:17:00,32.4982,32.5000,32.4200,32.5000,8116
2025-01-08 17:18:00,32.4998,32.5000,32.4300,32.4800,250
2025-01-08 17:19:00,32.4793,32.4799,32.4401,32.4799,405
2025-01-08 17:20:00,32.4401,32.4800,32.4400,32.4800,414
2025-01-08 17:21:00,32.4600,32.4600,32.4405,32.4405,471
2025-01-08 17:22:00,32.4699,32.4699,32.4412,32.4600,82
2025-01-08 17:23:00,32.4500,32.4700,32.4500,32.4700,126
2025-01-08 17:24:00,32.4500,32.4700,32.4500,32.4600,916
2025-01-08 17:25:00,32.4700,32.4794,32.4500,32.4500,652
2025-01-08 17:26:00,32.4695,32.4700,32.4000,32.4000,1007
2025-01-08 17:27:00,32.4500,32.4700,32.4100,32.4600,256
2025-01-08 17:28:00,32.4499,32.4500,32.4200,32.4500,6
2025-01-08 17:29:00,32.4200,32.4500,32.4100,32.4500,527
2025-01-08 17:31:00,32.4500,32.4500,32.4400,32.4500,116
2025-01-08 17:32:00,32.5000,32.5000,32.3600,32.3600,286
2025-01-08 17:33:00,32.3800,32.4000,32.3800,32.4000,51
2025-01-08 17:34:00,32.3900,32.4000,32.3600,32.3600,1243
2025-01-08 17:35:00,32.3700,32.3800,32.3499,32.3500,1181
2025-01-08 17:36:00,32.3500,32.3500,32.3488,32.3497,17
2025-01-08 17:37:00,32.3500,32.3500,32.3100,32.3400,798
2025-01-08 17:38:00,32.3400,32.3400,32.3000,32.3001,301
2025-01-08 17:39:00,32.3500,32.3500,32.3000,32.3000,660
2025-01-08 17:40:00,32.3250,32.3500,32.3000,32.3500,280
2025-01-08 17:41:00,32.3100,32.3500,32.3100,32.3100,447
2025-01-08 17:42:00,32.3500,32.3500,32.3100,32.3500,27
2025-01-08 17:43:00,32.3499,32.3500,32.2500,32.2598,1795
2025-01-08 17:44:00,32.2599,32.3500,32.2400,32.3500,789
2025-01-08 17:45:00,32.2400,32.3000,32.2400,32.2915,571
2025-01-08 17:46:00,32.2400,32.2400,32.2100,32.2300,38
2025-01-08 17:47:00,32.2200,32.2500,32.2200,32.2500,599
2025-01-08 17:48:00,32.2500,32.2800,32.2500,32.2501,334
2025-01-08 17:49:00,32.2650,32.2800,32.2650,32.2650,147
2025-01-08 17:50:00,32.4000,32.4000,32.4000,32.4000,1
2025-01-08 17:51:00,32.2900,32.4000,32.2500,32.3900,922
2025-01-08 17:52:00,32.3900,32.3900,32.2300,32.2400,509
2025-01-08 17:53:00,32.2200,32.3900,32.2200,32.2300,1851
2025-01-08 17:54:00,32.2900,32.3892,32.2900,32.3700,209
2025-01-08 17:55:00,32.3900,32.4000,32.3701,32.4000,1212
2025-01-08 17:56:00,32.4000,32.4000,32.3500,32.3901,587
2025-01-08 17:57:00,32.3999,32.4000,32.3900,32.3997,220
2025-01-08 17:58:00,32.4000,32.4000,32.3900,32.3900,88
2025-01-08 17:59:00,32.3999,32.4000,32.3998,32.3998,91
2025-01-08 18:00:00,32.3998,32.3998,32.3800,32.3800,127
2025-01-08 18:01:00,32.3983,32.3983,32.3983,32.3983,5
2025-01-08 18:02:00,32.4000,32.4000,32.3800,32.3800,310
2025-01-08 18:03:00,32.3800,32.4000,32.3500,32.4000,1352
2025-01-08 18:04:00,32.4000,32.4000,32.4000,32.4000,2
2025-01-08 18:05:00,32.4000,32.4000,32.4000,32.4000,53
2025-01-08 18:06:00,32.3800,32.3800,32.3350,32.3700,95
2025-01-08 18:07:00,32.3799,32.3800,32.3797,32.3800,343
2025-01-08 18:08:00,32.3800,32.3800,32.3784,32.3784,24
2025-01-08 18:09:00,32.3800,32.3800,32.3700,32.3700,3731
2025-01-08 18:10:00,32.3700,32.3700,32.3689,32.3689,4344
2025-01-08 18:11:00,32.3700,32.3700,32.3517,32.3517,31
2025-01-08 18:12:00,32.3700,32.3700,32.3300,32.3700,68
2025-01-08 18:13:00,32.3700,32.3700,32.3500,32.3500,617
2025-01-08 18:14:00,32.3300,32.3700,32.3000,32.3700,394
2025-01-08 18:15:00,32.3500,32.3500,32.3000,32.3000,327
2025-01-08 18:16:00,32.3700,32.3700,32.3500,32.3500,68
2025-01-08 18:17:00,32.3499,32.3500,32.3000,32.3500,125
2025-01-08 18:18:00,32.3400,32.3500,32.3400,32.3500,55
2025-01-08 18:19:00,32.3400,32.3500,32.3001,32.3001,723
2025-01-08 18:20:00,32.3300,32.3400,32.3300,32.3400,6
2025-01-08 18:21:00,32.3200,32.3500,32.3000,32.3000,2133
2025-01-08 18:22:00,32.3000,32.3100,32.3000,32.3000,173
2025-01-08 18:23:00,32.3000,32.3099,32.3000,32.3099,1031
2025-01-08 18:24:00,32.3000,32.3500,32.2600,32.3500,640
2025-01-08 18:25:00,32.3000,32.3500,32.3000,32.3000,30
2025-01-08 18:26:00,32.3000,32.3500,32.3000,32.3000,13
2025-01-08 18:27:00,32.3000,32.3000,32.2600,32.2601,496
2025-01-08 18:28:00,32.2600,32.2700,32.2600,32.2700,160
2025-01-08 18:29:00,32.2700,32.2700,32.2601,32.2700,66
2025-01-08 18:30:00,32.2700,32.2700,32.2700,32.2700,63
2025-01-08 18:31:00,32.2700,32.3000,32.2700,32.2808,1052
2025-01-08 18:32:00,32.2800,32.3000,32.2800,32.3000,1551
2025-01-08 18:33:00,32.2600,32.3000,32.2600,32.3000,264
2025-01-08 18:34:00,32.3000,32.3000,32.2989,32.2989,61
2025-01-08 18:35:00,32.2800,32.2996,32.2600,32.2801,228
2025-01-08 18:36:00,32.3000,32.3000,32.2800,32.2800,122
2025-01-08 18:37:00,32.3000,32.3000,32.2981,32.2981,480
2025-01-08 18:38:00,32.3000,32.3000,32.3000,32.3000,49
2025-01-08 18:39:00,32.2900,32.3300,32.2500,32.2500,2731
2025-01-08 18:40:00,32.2500,32.2800,32.2500,32.2600,1465
2025-01-08 18:41:00,32.2800,32.3600,32.2500,32.2797,3042
2025-01-08 18:42:00,32.2798,32.2798,32.2798,32.2798,14
2025-01-08 18:43:00,32.2600,32.2800,32.2600,32.2800,1015
2025-01-08 18:44:00,32.2800,32.2800,32.2500,32.2500,709
2025-01-08 18:45:00,32.2500,32.2800,32.2500,32.2800,847
2025-01-08 18:46:00,32.2800,32.2800,32.2700,32.2700,1132
2025-01-08 18:47:00,32.2750,32.2800,32.2750,32.2799,54
2025-01-08 18:48:00,32.2800,32.2800,32.2798,32.2798,102
2025-01-08 18:49:00,32.2800,32.2800,32.2797,32.2798,238
2025-01-08 18:50:00,32.2703,32.2800,32.2700,32.2800,554
2025-01-08 18:51:00,32.2797,32.2800,32.0900,32.1999,14423
2025-01-08 18:52:00,32.2000,32.2000,32.1000,32.1000,127
2025-01-08 18:53:00,32.1700,32.1700,32.1134,32.1134,100
2025-01-08 18:54:00,32.1700,32.2000,32.1500,32.1500,405
2025-01-08 18:55:00,32.1700,32.1700,32.1000,32.1000,58
2025-01-08 18:56:00,32.1988,32.2000,32.1900,32.1995,512
2025-01-08 18:57:00,32.1700,32.1700,32.1500,32.1500,25
2025-01-08 18:58:00,32.2800,32.2800,32.2000,32.2000,84
2025-01-08 18:59:00,32.1800,32.2500,32.1600,32.2500,352
2025-01-08 19:01:00,32.2499,32.2500,32.2499,32.2499,19
2025-01-08 19:02:00,32.2500,32.2500,32.2500,32.2500,95
2025-01-08 19:03:00,32.2500,32.2500,32.2000,32.2000,1150
2025-01-08 19:04:00,32.2200,32.2500,32.2000,32.2500,4199
2025-01-08 19:05:00,32.2350,32.2500,32.2200,32.2200,795
2025-01-08 19:06:00,32.2499,32.2500,32.2209,32.2500,2370
2025-01-08 19:07:00,32.2488,32.2500,32.2488,32.2500,137
2025-01-08 19:08:00,32.2500,32.2500,32.2500,32.2500,55
2025-01-08 19:09:00,32.2500,32.2500,32.2200,32.2499,24
2025-01-08 19:11:00,32.2300,32.2700,32.2300,32.2700,511
2025-01-08 19:13:00,32.2500,32.2800,32.2300,32.2800,658
2025-01-08 19:14:00,32.2700,32.2781,32.2300,32.2300,502
2025-01-08 19:15:00,32.2500,32.2700,32.2500,32.2507,249
2025-01-08 19:16:00,32.2600,32.2600,32.2500,32.2599,584
2025-01-08 19:17:00,32.2501,32.2600,32.2501,32.2599,832
2025-01-08 19:18:00,32.2602,32.2800,32.2602,32.2800,138
2025-01-08 19:19:00,32.2600,32.2700,32.2600,32.2700,35
2025-01-08 19:20:00,32.2700,32.2787,32.2600,32.2787,145
2025-01-08 19:21:00,32.2605,32.2783,32.2605,32.2783,123
2025-01-08 19:22:00,32.2700,32.2800,32.2700,32.2800,203
2025-01-08 19:23:00,32.2799,32.2800,32.2600,32.2800,470
2025-01-08 19:24:00,32.2798,32.2800,32.2798,32.2800,70
2025-01-08 19:25:00,32.2700,32.2800,32.2600,32.2800,9
2025-01-08 19:26:00,32.2796,32.2800,32.2600,32.2600,1550
2025-01-08 19:27:00,32.2800,32.2800,32.2600,32.2600,343
2025-01-08 19:28:00,32.2603,32.2799,32.2600,32.2600,1325
2025-01-08 19:29:00,32.2600,32.2600,32.2500,32.2600,610
2025-01-08 19:30:00,32.2100,32.2800,32.2100,32.2800,82
2025-01-08 19:31:00,32.2600,32.2800,32.2100,32.2450,69
2025-01-08 19:32:00,32.2600,32.2600,32.2400,32.2400,21
2025-01-08 19:33:00,32.2400,32.2800,32.2100,32.2600,617
2025-01-08 19:34:00,32.2100,32.2500,32.2100,32.2500,1082
2025-01-08 19:35:00,32.2800,32.2800,32.2300,32.2300,904
2025-01-08 19:36:00,32.2600,32.2600,32.1900,32.2100,4054
2025-01-08 19:37:00,32.2100,32.2100,32.2000,32.2000,495
2025-01-08 19:38:00,32.2100,32.2100,32.2001,32.2001,106
2025-01-08 19:39:00,32.2100,32.2600,32.2100,32.2600,273
2025-01-08 19:40:00,32.2800,32.3000,32.2600,32.2989,442
2025-01-08 19:41:00,32.3000,32.3800,32.3000,32.3800,946
2025-01-08 19:42:00,32.3800,32.3800,32.3700,32.3700,1210
2025-01-08 19:43:00,32.3700,32.3800,32.2000,32.3800,455
2025-01-08 19:44:00,32.2800,32.3800,32.2500,32.3600,76
2025-01-08 19:45:00,32.3700,32.3800,32.3700,32.3800,167
2025-01-08 19:46:00,32.3700,32.4000,32.3700,32.3900,6622
2025-01-08 19:47:00,32.4000,32.4000,32.3000,32.3000,466
2025-01-08 19:48:00,32.3800,32.3998,32.3800,32.3900,218
2025-01-08 19:49:00,32.3002,32.3500,32.3002,32.3100,195
2025-01-08 19:50:00,32.3100,32.3500,32.3000,32.3000,391
2025-01-08 19:51:00,32.3100,32.3100,32.2500,32.2800,2260
2025-01-08 19:52:00,32.3000,32.3100,32.3000,32.3100,138
2025-01-08 19:53:00,32.3100,32.3100,32.2800,32.2800,371
2025-01-08 19:54:00,32.2950,32.3100,32.2700,32.3100,976
2025-01-08 19:55:00,32.3100,32.3900,32.3100,32.3200,1222
2025-01-08 19:56:00,32.3500,32.3900,32.3500,32.3500,151
2025-01-08 19:57:00,32.3700,32.3900,32.3500,32.3500,2018
2025-01-08 19:58:00,32.3500,32.4000,32.2000,32.3990,3400
2025-01-08 19:59:00,32.3000,32.4000,32.3000,32.3995,642
2025-01-10 04:00:00,32.6100,32.8400,32.6000,32.8300,3583
2025-01-10 04:01:00,32.8500,32.9600,32.7700,32.7700,4388
2025-01-10 04:02:00,32.7400,32.8100,32.7400,32.8100,753
2025-01-10 04:03:00,32.8000,32.8300,32.6900,32.7700,1774
2025-01-10 04:04:00,32.7500,32.7800,32.7000,32.7800,177
2025-01-10 04:05:00,32.7500,32.7500,32.6500,32.6500,2418
2025-01-10 04:06:00,32.6400,32.6900,32.6200,32.6600,5209
2025-01-10 04:07:00,32.6900,32.7000,32.6800,32.6900,491
2025-01-10 04:08:00,32.6800,32.6800,32.6700,32.6700,299
2025-01-10 04:09:00,32.6700,32.7000,32.6400,32.7000,5767
2025-01-10 04:10:00,32.7400,32.8000,32.6900,32.7900,2184
2025-01-10 04:11:00,32.7100,32.7600,32.6900,32.7600,567
2025-01-10 04:12:00,32.7900,32.7900,32.7200,32.7200,95
2025-01-10 04:13:00,32.7800,32.7800,32.7100,32.7300,161
2025-01-10 04:14:00,32.7800,32.7800,32.7200,32.7600,713
2025-01-10 04:15:00,32.7700,32.7700,32.7700,32.7700,1701
2025-01-10 04:16:00,32.8100,32.8100,32.7800,32.8000,63
2025-01-10 04:17:00,32.7900,32.8100,32.7800,32.8000,2708
2025-01-10 04:18:00,32.8000,32.8000,32.8000,32.8000,2
2025-01-10 04:19:00,32.8000,32.8000,32.7600,32.7600,28
2025-01-10 04:20:00,32.7800,32.8000,32.7800,32.7900,155
2025-01-10 04:21:00,32.7900,32.7900,32.7900,32.7900,58
2025-01-10 04:22:00,32.7900,32.8100,32.7800,32.7800,302
2025-01-10 04:23:00,32.8000,32.8000,32.7900,32.8000,126
2025-01-10 04:24:00,32.7700,32.7700,32.7600,32.7600,74
2025-01-10 04:25:00,32.7500,32.7500,32.7500,32.7500,69
2025-01-10 04:26:00,32.7500,32.7600,32.7000,32.7000,128
2025-01-10 04:27:00,32.7000,32.7100,32.6700,32.6700,819
2025-01-10 04:28:00,32.7100,32.7100,32.7100,32.7100,2
2025-01-10 04:29:00,32.7300,32.7300,32.7300,32.7300,7
2025-01-10 04:30:00,32.7300,32.7400,32.7300,32.7400,100
2025-01-10 04:32:00,32.7100,32.7200,32.7100,32.7200,31
2025-01-10 04:33:00,32.7200,32.7200,32.7200,32.7200,114
2025-01-10 04:34:00,32.7300,32.7300,32.7300,32.7300,3
2025-01-10 04:35:00,32.7700,32.7700,32.7300,32.7400,28
2025-01-10 04:36:00,32.7700,32.7700,32.7700,32.7700,6
2025-01-10 04:37:00,32.7700,32.8000,32.7700,32.8000,428
2025-01-10 04:38:00,32.8000,32.8000,32.8000,32.8000,35
2025-01-10 04:39:00,32.7900,32.7900,32.7900,32.7900,1
2025-01-10 04:40:00,32.7900,32.7900,32.7900,32.7900,1
2025-01-10 04:41:00,32.7900,32.8600,32.7900,32.8400,2530
2025-01-10 04:42:00,32.8400,32.8400,32.8400,32.8400,1
2025-01-10 04:43:00,32.8800,32.9900,32.8800,32.9500,2706
2025-01-10 04:44:00,32.9500,33.0000,32.9200,32.9900,3162
2025-01-10 04:45:00,32.9600,32.9600,32.8500,32.8500,13
2025-01-10 04:47:00,32.9600,32.9600,32.9600,32.9600,579
2025-01-10 04:48:00,32.9300,32.9300,32.8800,32.8800,49
2025-01-10 04:49:00,32.8800,32.8800,32.8800,32.8800,85
2025-01-10 04:50:00,32.8900,32.8900,32.8900,32.8900,4
2025-01-10 04:51:00,32.9700,32.9700,32.9700,32.9700,50
2025-01-10 04:52:00,32.9700,32.9900,32.9700,32.9700,2623
2025-01-10 04:53:00,32.9700,32.9800,32.9700,32.9800,251
2025-01-10 04:54:00,32.9600,32.9600,32.9600,32.9600,83
2025-01-10 04:55:00,32.9600,32.9600,32.9600,32.9600,50
2025-01-10 04:56:00,32.9500,32.9500,32.9500,32.9500,8
2025-01-10 04:57:00,32.9500,32.9500,32.9500,32.9500,138
2025-01-10 04:58:00,32.9500,32.9500,32.9500,32.9500,179
2025-01-10 04:59:00,32.9500,32.9800,32.9500,32.9500,277
2025-01-10 05:00:00,32.9500,33.0000,32.9500,32.9800,1256
2025-01-10 05:01:00,32.9600,33.0000,32.9600,32.9900,239
2025-01-10 05:02:00,32.9900,32.9900,32.9900,32.9900,57
2025-01-10 05:03:00,32.9700,32.9800,32.9600,32.9700,180
2025-01-10 05:04:00,32.9800,33.0000,32.9800,33.0000,306
2025-01-10 05:05:00,33.0000,33.0000,33.0000,33.0000,205
2025-01-10 05:07:00,33.0000,33.0000,32.9900,33.0000,308
2025-01-10 05:08:00,33.0000,33.0000,33.0000,33.0000,1
2025-01-10 05:09:00,32.9900,32.9900,32.9600,32.9800,101
2025-01-10 05:10:00,32.9900,32.9900,32.9500,32.9500,314
2025-01-10 05:11:00,32.9900,33.0000,32.9900,33.0000,1206
2025-01-10 05:12:00,33.0000,33.0000,32.9800,32.9800,105
2025-01-10 05:14:00,32.9800,32.9900,32.9800,32.9900,163
2025-01-10 05:15:00,32.9700,32.9800,32.9700,32.9800,1000
2025-01-10 05:16:00,33.0000,33.0000,33.0000,33.0000,10
2025-01-10 05:17:00,33.0000,33.0000,32.9700,32.9900,5
2025-01-10 05:18:00,32.9900,33.0000,32.9900,33.0000,592
2025-01-10 05:19:00,32.9700,32.9800,32.9600,32.9800,303
2025-01-10 05:20:00,32.9500,32.9500,32.9500,32.9500,50
2025-01-10 05:21:00,32.9500,32.9500,32.9400,32.9400,1340
2025-01-10 05:23:00,32.9400,32.9400,32.9000,32.9000,526
2025-01-10 05:24:00,32.9100,32.9100,32.8800,32.8800,101
2025-01-10 05:25:00,32.8800,32.9100,32.8700,32.9100,1235
2025-01-10 05:26:00,32.9100,32.9300,32.9100,32.9300,377
2025-01-10 05:27:00,32.9300,32.9300,32.9300,32.9300,11
2025-01-10 05:28:00,32.9300,32.9300,32.9000,32.9000,23
2025-01-10 05:29:00,32.9000,32.9200,32.9000,32.9200,23
2025-01-10 05:30:00,32.9300,33.0000,32.9300,32.9900,2202
2025-01-10 05:31:00,32.9900,33.0000,32.9800,32.9800,866
2025-01-10 05:32:00,32.9800,32.9800,32.9800,32.9800,17
2025-01-10 05:33:00,32.9800,32.9900,32.9800,32.9800,66
2025-01-10 05:34:00,32.9800,32.9800,32.9700,32.9800,325
2025-01-10 05:35:00,32.9900,32.9900,32.9800,32.9800,101
2025-01-10 05:36:00,32.9900,33.0000,32.9900,33.0000,4254
2025-01-10 05:37:00,33.0100,33.0100,32.9700,32.9700,604
2025-01-10 05:38:00,32.9900,32.9900,32.9900,32.9900,10
2025-01-10 05:39:00,33.0000,33.0000,33.0000,33.0000,21
2025-01-10 05:40:00,33.0000,33.0000,33.0000,33.0000,2
2025-01-10 05:41:00,32.9900,33.0000,32.9900,32.9900,500
2025-01-10 05:42:00,32.9700,32.9900,32.9600,32.9900,351
2025-01-10 05:43:00,32.9900,33.0000,32.9900,33.0000,551
2025-01-10 05:44:00,32.9900,33.0100,32.9900,33.0000,1993
2025-01-10 05:45:00,33.0100,33.0100,33.0100,33.0100,50
2025-01-10 05:47:00,33.0100,33.0200,33.0100,33.0100,737
2025-01-10 05:48:00,33.0100,33.0400,33.0100,33.0400,1528
2025-01-10 05:49:00,33.0400,33.0700,32.9600,32.9800,2760
2025-01-10 05:50:00,32.9600,32.9600,32.9600,32.9600,190
2025-01-10 05:51:00,32.9700,32.9900,32.9700,32.9700,118
2025-01-10 05:52:00,32.9700,32.9700,32.9300,32.9700,2505
2025-01-10 05:53:00,32.9900,33.0100,32.9900,33.0100,671
2025-01-10 05:54:00,33.0000,33.0100,33.0000,33.0100,30
2025-01-10 05:55:00,33.0100,33.0600,33.0100,33.0600,799
2025-01-10 05:56:00,33.0600,33.0600,33.0600,33.0600,350
2025-01-10 05:57:00,33.0600,33.0700,33.0300,33.0700,1064
2025-01-10 05:58:00,33.0700,33.0700,33.0200,33.0200,275
2025-01-10 05:59:00,33.0100,33.0100,33.0100,33.0100,300
2025-01-10 06:00:00,33.0200,33.0600,33.0100,33.0500,238
2025-01-10 06:01:00,33.0600,33.1000,33.0600,33.1000,1025
2025-01-10 06:02:00,33.0900,33.1000,33.0900,33.1000,100
2025-01-10 06:04:00,33.0800,33.0800,33.0200,33.0200,640
2025-01-10 06:05:00,33.0300,33.0800,33.0300,33.0300,42
2025-01-10 06:06:00,33.0700,33.0700,33.0700,33.0700,50
2025-01-10 06:08:00,33.0300,33.0700,33.0200,33.0200,141
2025-01-10 06:09:00,33.0300,33.0300,33.0300,33.0300,100
2025-01-10 06:10:00,33.0500,33.0800,33.0500,33.0800,20
2025-01-10 06:11:00,33.0800,33.0900,33.0800,33.0900,300
2025-01-10 06:12:00,33.0900,33.1000,33.0900,33.0900,151
2025-01-10 06:13:00,33.0900,33.1400,33.0900,33.1200,1182
2025-01-10 06:14:00,33.1400,33.1400,33.1100,33.1200,111
2025-01-10 06:15:00,33.1300,33.2300,33.1300,33.2100,3884
2025-01-10 06:16:00,33.2000,33.2000,33.1900,33.2000,1182
2025-01-10 06:17:00,33.1900,33.1900,33.1700,33.1800,600
2025-01-10 06:18:00,33.1500,33.1800,33.1500,33.1800,673
2025-01-10 06:19:00,33.1600,33.1800,33.1500,33.1500,200
2025-01-10 06:20:00,33.1500,33.1600,33.1200,33.1200,721
2025-01-10 06:21:00,33.1500,33.1500,33.1000,33.1200,458
2025-01-10 06:22:00,33.1000,33.1300,33.0300,33.0800,6792
2025-01-10 06:24:00,33.0900,33.1000,33.0900,33.1000,107
2025-01-10 06:25:00,33.0800,33.1000,33.0800,33.0800,1084
2025-01-10 06:26:00,33.1000,33.1000,33.1000,33.1000,1
2025-01-10 06:27:00,33.0600,33.0900,33.0600,33.0900,535
2025-01-10 06:28:00,33.0600,33.0600,33.0600,33.0600,200
2025-01-10 06:29:00,33.0900,33.1700,33.0900,33.1700,1249
2025-01-10 06:31:00,33.1500,33.1500,33.0900,33.0900,1661
2025-01-10 06:32:00,33.1600,33.1600,33.1600,33.1600,105
2025-01-10 06:33:00,33.1600,33.1900,33.1600,33.1800,793
2025-01-10 06:35:00,33.1400,33.1400,33.1000,33.1400,1210
2025-01-10 06:36:00,33.1000,33.1300,33.1000,33.1300,550
2025-01-10 06:37:00,33.1400,33.1400,33.1400,33.1400,500
2025-01-10 06:39:00,33.1400,33.1500,33.1400,33.1500,2051
2025-01-10 06:40:00,33.1400,33.1400,33.1400,33.1400,130
2025-01-10 06:41:00,33.1400,33.1400,33.1400,33.1400,150
2025-01-10 06:43:00,33.1400,33.1500,33.1000,33.1000,1528
2025-01-10 06:44:00,33.1000,33.1400,33.1000,33.1400,1210
2025-01-10 06:45:00,33.1000,33.1700,33.1000,33.1600,1251
2025-01-10 06:47:00,33.1700,33.1700,33.1700,33.1700,10
2025-01-10 06:48:00,33.1600,33.1700,33.1600,33.1700,130
2025-01-10 06:49:00,33.1500,33.1500,33.1200,33.1200,513
2025-01-10 06:50:00,33.1400,33.1400,33.1200,33.1200,54
2025-01-10 06:51:00,33.1100,33.1400,33.1000,33.1000,1657
2025-01-10 06:53:00,33.1400,33.1400,33.0800,33.0800,414
2025-01-10 06:54:00,33.1300,33.1300,33.0600,33.1300,929
2025-01-10 06:55:00,33.1000,33.1000,33.1000,33.1000,301
2025-01-10 06:56:00,33.1300,33.1400,33.1000,33.1000,60
2025-01-10 06:57:00,33.1000,33.1200,33.1000,33.1200,300
2025-01-10 06:58:00,33.1000,33.1000,33.1000,33.1000,3
2025-01-10 06:59:00,33.1000,33.1000,33.0400,33.0400,2937
2025-01-10 07:00:00,33.0400,33.0600,32.9100,32.9900,8176
2025-01-10 07:01:00,32.9700,32.9700,32.9100,32.9500,2198
2025-01-10 07:02:00,32.9100,32.9100,32.9000,32.9000,2918
2025-01-10 07:03:00,32.9000,32.9300,32.7900,32.7900,10444
2025-01-10 07:04:00,32.7900,32.7900,32.6900,32.6900,1807
2025-01-10 07:05:00,32.6900,32.6900,32.5000,32.5500,10065
2025-01-10 07:06:00,32.5300,32.5700,32.5000,32.5300,1055
2025-01-10 07:07:00,32.5500,32.5600,32.5000,32.5000,2061
2025-01-10 07:08:00,32.5400,32.5500,32.5200,32.5200,56
2025-01-10 07:09:00,32.5500,32.5900,32.5500,32.5900,936
2025-01-10 07:10:00,32.5700,32.6100,32.5700,32.6100,374
2025-01-10 07:11:00,32.6500,32.6600,32.6200,32.6600,2640
2025-01-10 07:12:00,32.6300,32.6400,32.6100,32.6100,1356
2025-01-10 07:13:00,32.6700,32.6900,32.6700,32.6900,5143
2025-01-10 07:14:00,32.6900,32.6900,32.6800,32.6800,508
2025-01-10 07:15:00,32.7000,32.7100,32.7000,32.7100,400
2025-01-10 07:16:00,32.7300,32.7400,32.6900,32.7300,653
2025-01-10 07:17:00,32.7000,32.7000,32.7000,32.7000,621
2025-01-10 07:18:00,32.7000,32.7100,32.6800,32.7100,327
2025-01-10 07:19:00,32.7100,32.7100,32.6600,32.6800,492
2025-01-10 07:20:00,32.6900,32.6900,32.6500,32.6700,3534
2025-01-10 07:22:00,32.7000,32.7000,32.6500,32.6500,108
2025-01-10 07:23:00,32.6900,32.6900,32.6900,32.6900,20
2025-01-10 07:24:00,32.6900,32.6900,32.6300,32.6300,1527
2025-01-10 07:25:00,32.6600,32.6600,32.6600,32.6600,317
2025-01-10 07:26:00,32.6600,32.6600,32.6500,32.6500,57
2025-01-10 07:27:00,32.6300,32.7000,32.6300,32.6600,1224
2025-01-10 07:28:00,32.6800,32.6800,32.6800,32.6800,1
2025-01-10 07:30:00,32.6800,32.6800,32.6800,32.6800,1
2025-01-10 07:31:00,32.6500,32.6700,32.6500,32.6700,96
2025-01-10 07:32:00,32.6700,32.6700,32.6600,32.6600,278
2025-01-10 07:33:00,32.6600,32.6900,32.6600,32.6600,1022
2025-01-10 07:34:00,32.6500,32.6800,32.6500,32.6700,126
2025-01-10 07:35:00,32.6700,32.6900,32.6600,32.6900,409
2025-01-10 07:36:00,32.6500,32.6600,32.6500,32.6500,478
2025-01-10 07:37:00,32.6400,32.6400,32.6400,32.6400,5
2025-01-10 07:39:00,32.6400,32.6500,32.6400,32.6400,81
2025-01-10 07:40:00,32.6400,32.6400,32.6400,32.6400,200
2025-01-10 07:41:00,32.6500,32.6500,32.6500,32.6500,4100
2025-01-10 07:42:00,32.6700,32.6700,32.6600,32.6600,605
2025-01-10 07:43:00,32.6600,32.7100,32.6600,32.7100,2622
2025-01-10 07:44:00,32.7100,32.7100,32.6100,32.6300,3441
2025-01-10 07:45:00,32.6100,32.6400,32.6100,32.6300,416
2025-01-10 07:46:00,32.6200,32.6200,32.6000,32.6200,485
2025-01-10 07:47:00,32.6200,32.6200,32.6100,32.6100,370
2025-01-10 07:48:00,32.6100,32.6100,32.6100,32.6100,373
2025-01-10 07:49:00,32.6200,32.6500,32.6200,32.6400,3572
2025-01-10 07:50:00,32.6400,32.6400,32.6400,32.6400,19
2025-01-10 07:51:00,32.6500,32.6500,32.6500,32.6500,1585
2025-01-10 07:52:00,32.6500,32.6500,32.6200,32.6400,616
2025-01-10 07:53:00,32.6300,32.6400,32.6000,32.6300,2233
2025-01-10 07:54:00,32.6000,32.6000,32.6000,32.6000,50
2025-01-10 07:56:00,32.6100,32.6100,32.5000,32.5000,2865
2025-01-10 07:57:00,32.5400,32.5400,32.4500,32.4600,2441
2025-01-10 07:58:00,32.4600,32.4600,32.4100,32.4500,1517
2025-01-10 07:59:00,32.4500,32.4700,32.4500,32.4600,1496
2025-01-10 08:00:00,32.6700,33.2100,32.4003,32.5900,97372
2025-01-10 08:01:00,33.1429,33.1880,32.5020,32.5020,5049
2025-01-10 08:02:00,32.5581,32.9900,32.5006,32.5500,3154
2025-01-10 08:03:00,32.5500,32.5500,32.5499,32.5500,355
2025-01-10 08:04:00,32.5500,32.5882,32.5300,32.5882,4182
2025-01-10 08:05:00,32.5800,32.5900,32.5400,32.5400,57
2025-01-10 08:06:00,32.5900,32.5900,32.5700,32.5700,1880
2025-01-10 08:07:00,32.5695,32.5900,32.5500,32.5700,1653
2025-01-10 08:08:00,32.5700,32.5900,32.5400,32.5500,723
2025-01-10 08:09:00,32.5700,32.5700,32.5500,32.5500,58
2025-01-10 08:10:00,32.5400,32.5600,32.5200,32.5200,414
2025-01-10 08:11:00,32.5600,32.5900,32.5201,32.5700,2205
2025-01-10 08:12:00,32.5700,32.5900,32.5700,32.5895,171
2025-01-10 08:13:00,32.5500,32.5900,32.5100,32.5900,560
2025-01-10 08:14:00,32.5900,32.5900,32.5100,32.5497,542
2025-01-10 08:15:00,32.5500,32.5500,32.5500,32.5500,50
2025-01-10 08:16:00,32.5100,32.5800,32.5100,32.5100,197
2025-01-10 08:17:00,32.5300,32.5800,32.5300,32.5300,447
2025-01-10 08:18:00,32.5200,32.5400,32.4100,32.5000,2722
2025-01-10 08:19:00,32.5000,32.5300,32.4600,32.5300,543
2025-01-10 08:20:00,32.4800,32.5400,32.4000,32.4000,787
2025-01-10 08:21:00,32.5300,32.5300,32.4000,32.4200,61
2025-01-10 08:22:00,32.4200,32.4924,32.4200,32.4924,111
2025-01-10 08:23:00,32.4912,32.4912,32.4900,32.4900,140
2025-01-10 08:24:00,32.4200,32.4500,32.4100,32.4500,1526
2025-01-10 08:25:00,32.5000,32.5000,32.4200,32.4990,1952
2025-01-10 08:26:00,32.4994,32.4994,32.4994,32.4994,1
2025-01-10 08:27:00,32.4999,32.5000,32.4310,32.5000,224
2025-01-10 08:28:00,32.5000,32.5000,32.4000,32.4800,2761
2025-01-10 08:29:00,32.4400,32.4500,32.4400,32.4500,229
2025-01-10 08:30:00,32.4800,32.5000,31.7300,31.8700,27366
2025-01-10 08:31:00,32.4500,32.4500,31.8100,32.0400,2789
2025-01-10 08:32:00,32.0400,32.4300,32.0000,32.0300,13702
2025-01-10 08:33:00,32.1300,32.1300,31.7500,31.8899,10496
2025-01-10 08:34:00,31.7560,31.8100,31.5000,31.8100,28772
2025-01-10 08:35:00,31.7000,32.2400,31.7000,32.2400,8350
2025-01-10 08:36:00,32.2400,32.2400,31.9000,32.0900,8308
2025-01-10 08:37:00,32.0800,32.0900,31.9720,32.0600,6358
2025-01-10 08:38:00,31.9700,32.0600,31.9400,32.0600,5712
2025-01-10 08:39:00,32.0000,32.0900,32.0000,32.0000,3777
2025-01-10 08:40:00,32.0800,32.2500,32.0000,32.2200,46491
2025-01-10 08:41:00,32.2400,32.3000,32.0100,32.2700,1911
2025-01-10 08:42:00,32.1200,32.1200,31.9000,31.9800,23945
2025-01-10 08:43:00,31.9800,31.9999,31.7900,31.7900,10878
2025-01-10 08:44:00,31.9787,31.9800,31.7900,31.8230,2174
2025-01-10 08:45:00,31.9200,32.0000,31.8200,31.9700,21780
2025-01-10 08:46:00,31.9986,32.0000,31.9500,32.0000,29218
2025-01-10 08:47:00,31.9998,32.0000,31.8500,31.9990,2808
2025-01-10 08:48:00,31.8900,32.0000,31.8500,31.9800,4116
2025-01-10 08:49:00,31.8800,32.0000,31.8500,31.8800,703
2025-01-10 08:50:00,31.8800,31.9000,31.7600,31.7900,8360
2025-01-10 08:51:00,31.8000,31.9000,31.7900,31.9000,4583
2025-01-10 08:52:00,31.8500,31.9900,31.8200,31.8600,1519
2025-01-10 08:53:00,31.8900,31.9900,31.8601,31.8900,13209
2025-01-10 08:54:00,31.8900,31.9000,31.8800,31.9000,3188
2025-01-10 08:55:00,31.8900,31.9300,31.8800,31.8900,1089
2025-01-10 08:56:00,31.8500,31.9000,31.8000,31.8500,960
2025-01-10 08:57:00,31.8200,31.9000,31.8000,31.8975,496
2025-01-10 08:58:00,31.8989,31.9300,31.8206,31.8900,1238
2025-01-10 08:59:00,31.8800,31.9273,31.8500,31.8700,854
2025-01-10 09:00:00,31.8700,31.9114,31.7900,31.7900,10742
2025-01-10 09:01:00,31.7600,31.9298,31.7600,31.8500,2721
2025-01-10 09:02:00,31.8500,31.9000,31.8200,31.8401,1913
2025-01-10 09:03:00,31.8410,31.9300,31.8410,31.9000,495
2025-01-10 09:04:00,31.8667,31.9200,31.8400,31.8800,3562
2025-01-10 09:05:00,31.9100,31.9800,31.8805,31.9400,15084
2025-01-10 09:06:00,31.9400,31.9800,31.8600,31.9000,3178
2025-01-10 09:07:00,31.9000,31.9800,31.8700,31.9800,1532
2025-01-10 09:08:00,31.9700,31.9800,31.8803,31.9600,1698
2025-01-10 09:09:00,32.0000,32.0000,31.8900,31.9782,807
2025-01-10 09:10:00,31.9100,31.9800,31.8900,31.9200,15363
2025-01-10 09:11:00,31.9300,31.9600,31.8500,31.8600,23535
2025-01-10 09:12:00,31.8900,31.9600,31.8300,31.9600,31874
2025-01-10 09:13:00,31.9200,32.0000,31.9200,32.0000,11135
2025-01-10 09:14:00,31.9600,32.0000,31.9500,32.0000,27178
2025-01-10 09:15:00,31.9900,32.1000,31.9900,32.1000,11178
2025-01-10 09:16:00,32.0800,32.2400,32.0000,32.1205,5333
2025-01-10 09:17:00,32.1600,32.2400,32.1500,32.2400,558
2025-01-10 09:18:00,32.1800,32.2500,32.1700,32.2400,4524
2025-01-10 09:19:00,32.2200,32.3400,32.1600,32.2800,7638
2025-01-10 09:20:00,32.2500,32.2800,32.1400,32.1600,3268
2025-01-10 09:21:00,32.1600,32.2300,32.1100,32.1100,2231
