Datetime,Open,High,Low,Close,Volume
2025-01-02 04:00:00,62.8000,62.8000,62.3900,62.3900,40
2025-01-02 04:02:00,61.8400,61.8400,61.8400,61.8400,4
2025-01-02 04:03:00,62.2600,62.2600,62.2600,62.2600,50
2025-01-02 04:04:00,62.7500,62.7500,62.7500,62.7500,1
2025-01-02 04:05:00,62.2600,62.2600,62.2600,62.2600,20
2025-01-02 04:07:00,62.6000,62.6000,62.6000,62.6000,40
2025-01-02 04:08:00,62.6000,62.6000,62.4900,62.6000,92
2025-01-02 04:09:00,62.5000,62.5000,62.5000,62.5000,100
2025-01-02 04:10:00,62.6500,62.6500,62.6500,62.6500,5
2025-01-02 04:11:00,62.7700,62.7700,62.7700,62.7700,50
2025-01-02 04:12:00,62.5000,62.5700,62.4800,62.5700,12
2025-01-02 04:13:00,62.5700,62.5700,62.5700,62.5700,2
2025-01-02 04:14:00,62.6000,62.6000,62.3100,62.3100,12
2025-01-02 04:19:00,62.8100,62.9400,62.8100,62.9200,194
2025-01-02 04:20:00,62.8800,62.8800,62.8800,62.8800,26
2025-01-02 04:21:00,62.8600,62.8900,62.5800,62.6200,202
2025-01-02 04:23:00,62.6100,62.6100,62.5000,62.5000,819
2025-01-02 04:24:00,62.5600,62.5600,62.5600,62.5600,5
2025-01-02 04:27:00,62.5000,62.5000,62.5000,62.5000,19
2025-01-02 04:28:00,62.5500,62.5500,62.5500,62.5500,3
2025-01-02 04:29:00,62.5000,62.5000,62.5000,62.5000,6
2025-01-02 04:30:00,62.5500,62.5500,62.5000,62.5000,14
2025-01-02 04:33:00,62.5100,62.5200,62.5000,62.5200,107
2025-01-02 04:35:00,62.4800,62.4800,62.4800,62.4800,50
2025-01-02 04:36:00,62.5200,62.5200,62.5200,62.5200,10
2025-01-02 04:38:00,62.5000,62.5000,62.4000,62.4000,30
2025-01-02 04:39:00,62.4100,62.4100,62.4000,62.4000,135
2025-01-02 04:40:00,62.4000,62.4000,62.4000,62.4000,100
2025-01-02 04:41:00,62.4000,62.4000,62.4000,62.4000,129
2025-01-02 04:44:00,62.5600,62.5700,62.3600,62.3600,861
2025-01-02 04:47:00,62.3400,62.3400,62.2100,62.2100,271
2025-01-02 04:51:00,62.2400,62.4500,62.2400,62.4500,8
2025-01-02 04:59:00,62.4800,62.4800,62.4800,62.4800,100
2025-01-02 05:00:00,62.4300,62.4800,62.4300,62.4800,6
2025-01-02 05:01:00,62.4800,62.5300,62.4800,62.5300,25
2025-01-02 05:04:00,62.4800,62.4800,62.4800,62.4800,11
2025-01-02 05:07:00,62.4400,62.4400,62.4400,62.4400,5
2025-01-02 05:09:00,62.4500,62.4500,62.4500,62.4500,123
2025-01-02 05:12:00,62.4400,62.4400,62.4400,62.4400,1
2025-01-02 05:13:00,62.3200,62.3200,62.3200,62.3200,9
2025-01-02 05:14:00,62.2900,62.2900,62.2900,62.2900,14
2025-01-02 05:17:00,62.2800,62.2800,62.2800,62.2800,1
2025-01-02 05:18:00,62.3300,62.3300,62.3300,62.3300,88
2025-01-02 05:22:00,62.3300,62.3300,62.3300,62.3300,38
2025-01-02 05:26:00,62.3300,62.3900,62.3300,62.3900,62
2025-01-02 05:30:00,62.3300,62.3300,62.3300,62.3300,100
2025-01-02 05:37:00,62.3800,62.3800,62.3800,62.3800,2
2025-01-02 05:38:00,62.3300,62.3300,62.3300,62.3300,22
2025-01-02 05:39:00,62.3300,62.3300,62.3300,62.3300,5
2025-01-02 05:40:00,62.3100,62.3900,62.3100,62.3300,59
2025-01-02 05:41:00,62.3300,62.3300,62.3300,62.3300,38
2025-01-02 05:42:00,62.3300,62.3300,62.3300,62.3300,68
2025-01-02 05:49:00,62.3900,62.3900,62.3900,62.3900,29
2025-01-02 05:52:00,62.3300,62.3300,62.2900,62.3000,79
2025-01-02 06:02:00,62.3600,62.3900,62.3600,62.3900,200
2025-01-02 06:07:00,62.2900,62.2900,62.2900,62.2900,9
2025-01-02 06:10:00,62.2800,62.2900,62.2500,62.2900,405
2025-01-02 06:14:00,62.3800,62.3800,62.3800,62.3800,1
2025-01-02 06:17:00,62.4000,62.4000,62.4000,62.4000,80
2025-01-02 06:22:00,62.4000,62.4000,62.4000,62.4000,10
2025-01-02 06:27:00,62.3000,62.3000,62.3000,62.3000,50
2025-01-02 06:33:00,62.4000,62.4000,62.3600,62.3700,3263
2025-01-02 06:37:00,62.3100,62.3100,62.1100,62.1100,617
2025-01-02 06:39:00,62.1900,62.1900,62.1300,62.1300,2
2025-01-02 06:47:00,62.4400,62.4400,62.4400,62.4400,25
2025-01-02 06:51:00,62.4200,62.4200,62.4200,62.4200,20
2025-01-02 06:53:00,62.3300,62.3900,62.3300,62.3900,86
2025-01-02 06:54:00,62.3900,62.4400,62.3200,62.4400,305
2025-01-02 06:56:00,62.4500,62.4500,62.4500,62.4500,35
2025-01-02 06:58:00,62.5100,62.5100,62.5000,62.5000,40
2025-01-02 06:59:00,62.5500,62.6300,62.5500,62.6300,105
2025-01-02 07:00:00,62.6000,62.6900,62.6000,62.6000,204
2025-01-02 07:01:00,62.5000,62.5000,62.5000,62.5000,1
2025-01-02 07:03:00,62.6500,62.6500,62.6500,62.6500,28
2025-01-02 07:06:00,62.5900,62.6000,62.4900,62.4900,165
2025-01-02 07:09:00,62.6000,62.6000,62.6000,62.6000,293
2025-01-02 07:10:00,62.6500,62.6500,62.6500,62.6500,1
2025-01-02 07:11:00,62.5600,62.5600,62.5400,62.5400,101
2025-01-02 07:13:00,62.6000,62.6000,62.5800,62.5800,296
2025-01-02 07:14:00,62.5100,62.5100,62.3300,62.4000,128
2025-01-02 07:15:00,62.4000,62.4000,62.4000,62.4000,239
2025-01-02 07:16:00,62.5400,62.5400,62.5400,62.5400,109
2025-01-02 07:17:00,62.5900,62.6000,62.5900,62.6000,2396
2025-01-02 07:19:00,62.6000,62.6100,62.5000,62.5000,898
2025-01-02 07:21:00,62.5100,62.5100,62.4400,62.4400,1350
2025-01-02 07:27:00,62.5600,62.5600,62.5600,62.5600,10
2025-01-02 07:29:00,62.7600,62.7800,62.7600,62.7800,200
2025-01-02 07:32:00,62.7500,62.7600,62.7500,62.7600,308
2025-01-02 07:34:00,62.7500,62.7500,62.6600,62.6600,1102
2025-01-02 07:35:00,62.7500,62.8100,62.7500,62.8100,283
2025-01-02 07:36:00,62.8100,62.8100,62.8100,62.8100,86
2025-01-02 07:37:00,62.8000,62.8100,62.8000,62.8100,55
2025-01-02 07:38:00,62.7800,62.8000,62.7500,62.7500,2615
2025-01-02 07:39:00,62.7200,62.7300,62.7200,62.7300,101
2025-01-02 07:40:00,62.8700,62.8700,62.8700,62.8700,9
2025-01-02 07:42:00,62.7600,62.8000,62.7500,62.7500,1372
2025-01-02 07:43:00,62.7900,62.7900,62.7900,62.7900,10
2025-01-02 07:44:00,62.7600,62.7600,62.7300,62.7300,529
2025-01-02 07:45:00,62.7200,62.7200,62.7200,62.7200,51
2025-01-02 07:46:00,62.8400,62.8500,62.8400,62.8500,125
2025-01-02 07:47:00,62.7300,62.7300,62.7000,62.7000,1155
2025-01-02 07:48:00,62.6800,62.6800,62.5700,62.5800,219
2025-01-02 07:49:00,62.5700,62.5800,62.5700,62.5800,13
2025-01-02 07:50:00,62.6000,62.6000,62.6000,62.6000,105
2025-01-02 07:52:00,62.7100,62.7100,62.7100,62.7100,2
2025-01-02 07:53:00,62.6400,62.6400,62.5400,62.5400,1251
2025-01-02 07:55:00,62.6000,62.6000,62.5100,62.5100,299
2025-01-02 07:57:00,62.5700,62.5900,62.5700,62.5700,127
2025-01-02 07:58:00,62.5900,62.6000,62.5000,62.5000,595
2025-01-02 08:00:00,62.4000,63.1000,62.0000,62.2000,14512
2025-01-02 08:01:00,62.6500,62.9988,62.3300,62.7800,804
2025-01-02 08:02:00,62.7400,62.7400,62.6000,62.6000,1394
2025-01-02 08:03:00,62.6400,62.8785,62.6100,62.8785,310
2025-01-02 08:04:00,62.6800,62.7400,62.6800,62.7000,450
2025-01-02 08:05:00,62.7400,62.9342,62.7100,62.7300,588
2025-01-02 08:06:00,62.8740,62.8740,62.8740,62.8740,10
2025-01-02 08:07:00,62.9300,62.9300,62.7800,62.7800,138
2025-01-02 08:08:00,62.9188,63.0000,62.7800,62.7900,310
2025-01-02 08:09:00,62.8200,62.8300,62.7700,62.7900,59
2025-01-02 08:10:00,62.7700,62.8000,62.7700,62.8000,117
2025-01-02 08:11:00,62.8600,62.9000,62.8500,62.9000,317
2025-01-02 08:12:00,62.8800,62.9100,62.8700,62.9100,312
2025-01-02 08:13:00,62.9300,62.9400,62.8500,62.8500,2205
2025-01-02 08:14:00,62.9100,62.9100,62.8600,62.8700,385
2025-01-02 08:15:00,62.8700,62.8700,62.8600,62.8600,1017
2025-01-02 08:16:00,62.8100,62.8100,62.8100,62.8100,21
2025-01-02 08:17:00,62.8900,62.8900,62.8000,62.8000,1423
2025-01-02 08:18:00,63.0000,63.0000,63.0000,63.0000,10
2025-01-02 08:19:00,62.9200,62.9700,62.9200,62.9400,36
2025-01-02 08:21:00,62.7900,62.8200,62.7900,62.7903,526
2025-01-02 08:22:00,62.8000,62.8000,62.8000,62.8000,90
2025-01-02 08:23:00,62.8600,62.8700,62.8600,62.8700,238
2025-01-02 08:24:00,62.8700,62.8800,62.8200,62.8200,1092
2025-01-02 08:25:00,62.7600,62.8600,62.7500,62.8200,346
2025-01-02 08:26:00,62.8599,62.8600,62.8599,62.8600,5
2025-01-02 08:27:00,62.8600,62.8600,62.8200,62.8500,1211
2025-01-02 08:28:00,62.8499,62.8499,62.8499,62.8499,100
2025-01-02 08:29:00,62.8500,62.8500,62.8200,62.8300,1154
2025-01-02 08:30:00,62.8300,62.8500,62.6500,62.6800,1544
2025-01-02 08:31:00,62.7400,62.8000,62.6000,62.6000,1292
2025-01-02 08:32:00,62.7500,62.7500,62.7500,62.7500,114
2025-01-02 08:33:00,62.7500,62.7500,62.7500,62.7500,86
2025-01-02 08:34:00,62.8500,62.8500,62.8500,62.8500,500
2025-01-02 08:35:00,62.8500,62.8500,62.8500,62.8500,5
2025-01-02 08:36:00,62.8200,62.8300,62.7300,62.7400,232
2025-01-02 08:37:00,62.8500,62.8500,62.6300,62.6300,15
2025-01-02 08:38:00,62.8200,62.8200,62.8200,62.8200,30
2025-01-02 08:39:00,61.5700,62.8200,61.5700,62.8200,4184
2025-01-02 08:40:00,62.8100,62.8300,62.8000,62.8300,403
2025-01-02 08:41:00,62.7800,62.8100,62.7800,62.8100,17
2025-01-02 08:42:00,62.8300,62.8800,62.7500,62.8300,4311
2025-01-02 08:43:00,62.8100,62.8500,62.8100,62.8500,200
2025-01-02 08:45:00,62.7400,62.8200,62.7000,62.8200,102
2025-01-02 08:46:00,62.8599,62.8599,62.8599,62.8599,244
2025-01-02 08:47:00,62.6800,62.8599,62.6600,62.8599,570
2025-01-02 08:49:00,62.7000,62.7000,62.7000,62.7000,34
2025-01-02 08:50:00,62.8000,62.8599,62.8000,62.8599,117
2025-01-02 08:51:00,62.8000,62.8100,62.7600,62.7600,173
2025-01-02 08:52:00,62.7600,62.7600,62.6600,62.6600,448
2025-01-02 08:54:00,62.5100,62.8599,62.5100,62.6600,77
2025-01-02 08:55:00,62.6600,62.7000,62.6600,62.7000,133
2025-01-02 08:56:00,62.7700,62.8200,62.7700,62.8200,305
2025-01-02 08:57:00,62.7900,62.7900,62.7900,62.7900,250
2025-01-02 08:58:00,62.6000,62.6000,62.6000,62.6000,70
2025-01-02 08:59:00,62.6500,62.8500,62.6500,62.6500,352
2025-01-02 09:00:00,62.6500,62.7100,62.6500,62.7100,102
2025-01-02 09:01:00,62.8200,62.8200,62.6000,62.6000,890
2025-01-02 09:02:00,62.6000,62.7000,62.5100,62.7000,418
2025-01-02 09:03:00,62.7000,62.7000,62.5000,62.5000,2914
2025-01-02 09:04:00,62.6000,62.6000,62.6000,62.6000,200
2025-01-02 09:05:00,62.7700,62.7700,62.7700,62.7700,8
2025-01-02 09:06:00,62.1600,62.7900,62.1600,62.7900,51
2025-01-02 09:07:00,62.7900,62.8200,62.7900,62.8200,55
2025-01-02 09:08:00,62.5500,62.8200,62.5500,62.8200,103
2025-01-02 09:09:00,62.5350,62.5350,62.5350,62.5350,5
2025-01-02 09:10:00,62.2100,62.5500,62.2100,62.5500,40
2025-01-02 09:11:00,62.5600,62.5600,62.2100,62.2100,37
2025-01-02 09:12:00,62.2100,62.2100,62.2100,62.2100,101
2025-01-02 09:13:00,62.4800,62.5600,62.2100,62.5600,205
2025-01-02 09:14:00,62.6000,62.6000,62.2600,62.2600,106
2025-01-02 09:16:00,62.6000,64.1400,62.6000,64.1400,213
2025-01-02 09:18:00,62.8600,62.8600,62.8600,62.8600,50
2025-01-02 09:19:00,62.7600,62.7600,62.6000,62.6000,44
2025-01-02 09:20:00,62.6000,62.6800,62.5900,62.5900,77
2025-01-02 09:21:00,62.6000,62.6000,62.5800,62.5800,331
2025-01-02 09:23:00,62.8500,62.8500,62.8500,62.8500,5
2025-01-02 09:24:00,62.5600,62.5800,62.5600,62.5600,545
2025-01-02 09:25:00,62.7900,62.8577,62.7900,62.8577,1291
2025-01-02 09:26:00,62.7800,62.8100,62.7800,62.8100,329
2025-01-02 09:27:00,62.8600,62.9100,62.7900,62.8200,1240
2025-01-02 09:28:00,62.6900,62.7000,62.6500,62.6500,384
2025-01-02 09:30:00,62.4800,63.0000,62.3600,62.8150,58459
2025-01-02 09:31:00,62.8100,62.8600,62.3200,62.6050,17091
2025-01-02 09:32:00,62.5300,62.5300,62.0800,62.1200,15066
2025-01-02 09:33:00,62.1200,62.1200,61.2500,61.2500,24050
2025-01-02 09:34:00,61.1700,61.6400,61.1500,61.1900,28755
2025-01-02 09:35:00,61.2600,61.4800,60.8000,60.9300,38882
2025-01-02 09:36:00,60.9400,61.1700,60.8000,60.9164,26841
2025-01-02 09:37:00,61.0100,61.0500,60.5801,60.7600,29959
2025-01-02 09:38:00,60.8300,61.1710,60.7000,60.7000,13225
2025-01-02 09:39:00,60.7700,61.4400,60.7500,61.3300,17613
2025-01-02 09:40:00,61.2778,61.8700,61.1500,61.8700,12848
2025-01-02 09:41:00,61.8900,62.1200,61.7000,61.9300,26707
2025-01-02 09:42:00,61.8400,62.3000,61.8290,62.0600,15313
2025-01-02 09:43:00,62.0800,62.2282,61.7500,61.9150,15518
2025-01-02 09:44:00,61.9150,62.2000,61.9000,62.1300,9984
2025-01-02 09:45:00,62.0930,62.2500,62.0000,62.0500,10346
2025-01-02 09:46:00,62.1507,62.3500,61.9200,62.0400,30647
2025-01-02 09:47:00,62.1050,62.3200,62.0700,62.2500,10378
2025-01-02 09:48:00,62.2200,62.3000,62.0000,62.1900,8751
2025-01-02 09:49:00,62.2486,62.3400,61.9500,62.2950,12746
2025-01-02 09:50:00,62.3800,62.7400,62.3000,62.3100,29493
2025-01-02 09:51:00,62.4000,62.8550,62.4000,62.7400,24782
2025-01-02 09:52:00,62.7050,62.8900,62.6500,62.8900,10518
2025-01-02 09:53:00,62.8600,63.1800,62.8372,63.0100,19736
2025-01-02 09:54:00,63.0100,63.0400,62.7300,63.0000,50461
2025-01-02 09:55:00,63.0162,63.2350,62.8900,63.1400,20364
2025-01-02 09:56:00,63.0700,63.2100,62.9500,62.9700,8050
2025-01-02 09:57:00,62.9790,63.0400,62.8000,62.8050,11224
2025-01-02 09:58:00,62.8094,62.8600,62.7500,62.7700,19665
2025-01-02 09:59:00,62.7750,62.8100,62.6800,62.7500,7398
2025-01-02 10:00:00,62.7313,62.7400,62.3800,62.5700,10479
2025-01-02 10:01:00,62.4900,62.6200,62.4710,62.5750,4003
2025-01-02 10:02:00,62.5750,62.6500,62.1500,62.1500,10869
2025-01-02 10:03:00,62.1500,62.5000,62.1450,62.2400,10066
2025-01-02 10:04:00,62.2000,62.6027,62.2000,62.6000,8647
2025-01-02 10:05:00,62.7000,62.9300,62.6113,62.7000,8083
2025-01-02 10:06:00,62.7200,62.9400,62.5861,62.6800,9100
2025-01-02 10:07:00,62.7280,62.7280,62.4600,62.5400,8676
2025-01-02 10:08:00,62.5200,62.8300,62.4500,62.7200,55701
2025-01-02 10:09:00,62.7500,62.9200,62.7200,62.9200,16605
2025-01-02 10:10:00,62.8900,63.2900,62.8100,63.2900,35641
2025-01-02 10:11:00,63.2300,63.3250,63.0900,63.1287,20474
2025-01-02 10:12:00,63.1100,63.3000,63.0500,63.2000,15320
2025-01-02 10:13:00,63.2400,63.4500,63.2200,63.2750,20210
2025-01-02 10:14:00,63.2600,63.3200,63.1700,63.2000,10787
2025-01-02 10:15:00,63.2300,63.3000,63.0000,63.0800,12330
2025-01-02 10:16:00,63.0701,63.3000,63.0200,63.2050,5227
2025-01-02 10:17:00,63.1101,63.1690,62.8200,62.8200,19684
2025-01-02 10:18:00,62.8450,63.0400,62.8200,62.9750,11358
2025-01-02 10:19:00,62.9604,62.9604,62.4551,62.4564,14261
2025-01-02 10:20:00,62.5400,62.7000,62.2100,62.2797,9444
2025-01-02 10:21:00,62.2250,62.2250,62.0538,62.1400,8889
2025-01-02 10:22:00,62.1300,62.1500,61.8700,61.8800,31198
2025-01-02 10:23:00,61.9900,61.9900,61.7700,61.8600,10115
2025-01-02 10:24:00,61.8600,62.0600,61.8600,62.0250,8079
2025-01-02 10:25:00,62.0000,62.5000,61.9572,62.4970,12378
2025-01-02 10:26:00,62.5050,62.8000,62.5050,62.6250,13342
2025-01-02 10:27:00,62.7000,62.7000,62.4900,62.5939,6876
2025-01-02 10:28:00,62.5900,62.6400,62.3100,62.3400,3898
2025-01-02 10:29:00,62.2900,62.3050,62.1350,62.1900,6384
2025-01-02 10:30:00,62.1750,62.3600,62.1500,62.1600,11537
2025-01-02 10:31:00,62.1100,62.2000,62.0500,62.1100,7424
2025-01-02 10:32:00,62.1800,62.6100,62.1350,62.6100,10879
2025-01-02 10:33:00,62.5300,62.6100,62.3800,62.5050,7024
2025-01-02 10:34:00,62.5100,62.6599,62.3900,62.3900,10272
2025-01-02 10:35:00,62.4050,62.4050,61.9700,62.0500,10453
2025-01-02 10:36:00,62.1300,62.2800,62.0500,62.2800,4288
2025-01-02 10:37:00,62.1724,62.3800,62.1101,62.1101,5618
2025-01-02 10:38:00,62.1100,62.1700,62.0307,62.1200,6293
2025-01-02 10:39:00,62.1079,62.1200,61.8101,61.8950,10846
2025-01-02 10:40:00,61.9700,62.0750,61.8900,61.8900,13069
2025-01-02 10:41:00,61.8500,61.9262,61.6400,61.6750,12619
2025-01-02 10:42:00,61.7200,61.7750,61.6100,61.7500,7291
2025-01-02 10:43:00,61.7500,61.7891,61.6500,61.6500,4512
2025-01-02 10:44:00,61.6808,61.9000,61.5700,61.8500,17493
2025-01-02 10:45:00,61.8000,61.9400,61.7100,61.8400,8877
2025-01-02 10:46:00,61.7700,61.7700,61.5000,61.5800,8822
2025-01-02 10:47:00,61.5700,61.6600,61.4500,61.4500,12281
2025-01-02 10:48:00,61.5200,61.7900,61.5200,61.7700,7002
2025-01-02 10:49:00,61.7650,62.1700,61.7650,62.0702,7317
2025-01-02 10:50:00,62.0550,62.0700,61.8600,62.0100,5909
2025-01-02 10:51:00,62.0150,62.0800,61.9100,62.0700,7362
2025-01-02 10:52:00,61.9965,62.2584,61.9965,62.0900,14193
2025-01-02 10:53:00,62.0500,62.0500,61.7000,61.9700,4817
2025-01-02 10:54:00,61.8252,62.1100,61.8252,62.0000,14941
2025-01-02 10:55:00,62.1200,62.2200,61.9600,61.9600,3541
2025-01-02 10:56:00,61.9127,62.0899,61.9000,62.0800,3945
2025-01-02 10:57:00,61.9600,62.0800,61.9600,62.0000,7571
2025-01-02 10:58:00,61.9300,62.0000,61.7800,61.7800,9985
2025-01-02 10:59:00,61.8300,61.8999,61.6300,61.6650,6178
2025-01-02 11:00:00,61.6650,61.7700,61.6400,61.7500,15171
2025-01-02 11:01:00,61.7400,61.8800,61.7100,61.8800,13688
2025-01-02 11:02:00,61.9000,62.0200,61.5400,61.5400,6145
2025-01-02 11:03:00,61.6000,61.6799,61.5000,61.5400,10020
2025-01-02 11:04:00,61.5200,61.5200,61.3100,61.4000,10525
2025-01-02 11:05:00,61.4600,61.5900,61.3800,61.5900,6152
2025-01-02 11:06:00,61.5900,61.9100,61.5100,61.8600,8895
2025-01-02 11:07:00,61.8500,61.9700,61.7800,61.9700,8197
2025-01-02 11:08:00,61.9350,62.1000,61.8700,61.8700,14383
2025-01-02 11:09:00,61.8300,62.0250,61.8300,61.9950,4696
2025-01-02 11:10:00,61.9600,61.9700,61.7600,61.7701,4539
2025-01-02 11:11:00,61.8550,61.9700,61.8550,61.9700,2778
2025-01-02 11:12:00,61.9050,61.9700,61.6900,61.6900,6863
2025-01-02 11:13:00,61.7572,61.8900,61.7025,61.8780,8554
2025-01-02 11:14:00,61.8952,62.0998,61.8501,61.9300,5408
2025-01-02 11:15:00,61.9400,62.0200,61.9000,62.0200,4316
2025-01-02 11:16:00,61.9900,62.1200,61.9550,62.0550,5629
2025-01-02 11:17:00,62.0189,62.0550,61.9700,62.0550,4049
2025-01-02 11:18:00,62.0611,62.1300,61.9722,62.0900,3704
2025-01-02 11:19:00,62.0200,62.3200,62.0200,62.3200,5296
2025-01-02 11:20:00,62.2700,62.2700,62.1200,62.1200,9657
2025-01-02 11:21:00,62.1400,62.1574,62.1100,62.1500,2842
2025-01-02 11:22:00,62.0800,62.2400,62.0600,62.1050,7482
2025-01-02 11:23:00,62.1100,62.3500,62.0598,62.3500,3838
2025-01-02 11:24:00,62.2800,62.6200,62.2800,62.5850,11123
2025-01-02 11:25:00,62.5550,62.6200,62.4900,62.5772,5421
2025-01-02 11:26:00,62.5120,62.6808,62.5000,62.6808,4867
2025-01-02 11:27:00,62.6700,62.7400,62.6001,62.6300,5957
2025-01-02 11:28:00,62.6340,62.7300,62.5855,62.7300,4970
2025-01-02 11:29:00,62.7000,62.7600,62.6600,62.6600,4701
2025-01-02 11:30:00,62.6700,62.7500,62.5801,62.6600,4391
2025-01-02 11:31:00,62.7400,62.7400,62.4800,62.5552,3030
2025-01-02 11:32:00,62.5500,62.5900,62.3900,62.4141,3594
2025-01-02 11:33:00,62.4898,62.5800,62.3812,62.4600,4850
2025-01-02 11:34:00,62.5999,62.6500,62.5100,62.6500,4177
2025-01-02 11:35:00,62.6036,62.7100,62.6036,62.7100,2700
2025-01-02 11:36:00,62.6700,62.7900,62.6000,62.7400,5353
2025-01-02 11:37:00,62.7700,62.9200,62.7446,62.8700,8481
2025-01-02 11:38:00,62.8900,62.9600,62.8700,62.9000,5909
2025-01-02 11:39:00,62.9014,63.0700,62.8900,62.8900,22376
2025-01-02 11:40:00,62.9100,63.0900,62.9000,62.9230,4430
2025-01-02 11:41:00,62.8919,62.9900,62.8300,62.9246,3232
2025-01-02 11:42:00,62.8950,63.0700,62.8950,62.9092,4773
2025-01-02 11:43:00,62.9200,62.9700,62.8100,62.9000,6148
2025-01-02 11:44:00,62.9150,62.9899,62.8301,62.8900,3450
2025-01-02 11:45:00,62.9150,63.0300,62.8401,62.9600,8817
2025-01-02 11:46:00,63.0100,63.0500,62.9469,62.9711,7371
2025-01-02 11:47:00,63.0150,63.0800,62.9001,63.0350,5435
2025-01-02 11:48:00,63.0400,63.2100,63.0100,63.2100,9740
2025-01-02 11:49:00,63.2600,63.2800,63.1400,63.2800,6079
2025-01-02 11:50:00,63.2900,63.2900,63.1200,63.2400,5970
2025-01-02 11:51:00,63.2900,63.3000,63.1713,63.2315,5670
2025-01-02 11:52:00,63.2813,63.2813,63.1350,63.1350,5570
2025-01-02 11:53:00,63.0950,63.1500,63.0552,63.1500,3934
2025-01-02 11:54:00,63.1248,63.2000,62.8900,62.9250,16962
2025-01-02 11:55:00,62.9300,63.0700,62.9027,63.0050,5049
2025-01-02 11:56:00,62.9547,63.0100,62.9500,62.9800,2165
2025-01-02 11:57:00,62.9400,63.1000,62.8884,63.0900,6650
2025-01-02 11:58:00,63.0300,63.1900,62.9981,63.1700,5511
2025-01-02 11:59:00,63.2300,63.2300,62.9300,62.9300,6047
2025-01-02 12:00:00,63.0100,63.0400,62.8900,63.0400,3139
2025-01-02 12:01:00,62.9500,63.0000,62.9000,62.9850,3787
2025-01-02 12:02:00,62.9355,63.0100,62.7600,62.8644,7261
2025-01-02 12:03:00,62.8600,62.8950,62.8200,62.8763,4139
2025-01-02 12:04:00,62.9400,62.9900,62.8137,62.9600,6815
2025-01-02 12:05:00,62.9900,62.9900,62.8800,62.9218,4275
2025-01-02 12:06:00,62.9293,62.9500,62.8300,62.8550,3337
2025-01-02 12:07:00,62.8700,62.8900,62.7500,62.8000,3740
2025-01-02 12:08:00,62.8500,62.8500,62.7260,62.7600,3150
2025-01-02 12:09:00,62.8000,62.8500,62.7344,62.7344,3201
2025-01-02 12:10:00,62.8300,62.8800,62.7950,62.8100,2041
2025-01-02 12:11:00,62.8300,62.9400,62.8300,62.9000,3901
2025-01-02 12:12:00,62.9500,63.0900,62.9500,63.0900,2450
2025-01-02 12:13:00,63.1600,63.4000,63.1600,63.4000,7356
2025-01-02 12:14:00,63.3104,63.3800,63.3104,63.3800,2566
2025-01-02 12:15:00,63.3600,63.4000,63.3500,63.4000,5426
2025-01-02 12:16:00,63.4092,63.4092,63.0300,63.0300,7141
2025-01-02 12:17:00,62.9400,63.0800,62.9400,63.0100,8471
2025-01-02 12:18:00,63.0050,63.0799,62.9600,62.9600,4151
2025-01-02 12:19:00,62.9500,63.1000,62.9500,63.0800,6146
2025-01-02 12:20:00,63.0600,63.0900,62.8670,62.8900,5985
2025-01-02 12:21:00,62.8300,63.0529,62.7400,62.8900,8493
2025-01-02 12:22:00,62.9900,62.9900,62.8410,62.8410,1893
2025-01-02 12:23:00,62.8800,62.9000,62.7150,62.7150,3767
2025-01-02 12:24:00,62.7000,62.7650,62.6750,62.7200,2619
2025-01-02 12:25:00,62.6400,62.7000,62.6100,62.7000,4731
2025-01-02 12:26:00,62.7105,62.7300,62.5501,62.6800,5038
2025-01-02 12:27:00,62.5500,62.5500,62.1800,62.2300,11026
2025-01-02 12:28:00,62.2500,62.3200,62.1800,62.2000,3629
2025-01-02 12:29:00,62.2100,62.2300,61.8800,62.0400,11702
2025-01-02 12:30:00,61.9600,62.0000,61.8200,61.9290,6976
2025-01-02 12:31:00,61.9700,61.9800,61.8500,61.9600,5677
2025-01-02 12:32:00,61.9900,62.1300,61.9100,61.9900,24997
2025-01-02 12:33:00,61.8700,62.1300,61.8100,61.8500,8903
2025-01-02 12:34:00,61.7900,61.8200,61.6250,61.6300,12493
2025-01-02 12:35:00,61.6900,61.8200,61.6300,61.7480,4973
2025-01-02 12:36:00,61.8200,61.8200,61.6900,61.7100,5727
2025-01-02 12:37:00,61.7998,61.7998,61.5800,61.6000,4209
2025-01-02 12:38:00,61.5400,61.5400,61.4100,61.4400,11650
2025-01-02 12:39:00,61.5900,61.6099,61.5000,61.5000,5353
2025-01-02 12:40:00,61.5366,61.6299,61.4000,61.4700,12197
2025-01-02 12:41:00,61.5400,61.6900,61.4975,61.6100,5864
2025-01-02 12:42:00,61.5200,61.6436,61.3500,61.3562,5230
2025-01-02 12:43:00,61.4000,61.5400,61.3644,61.4555,3488
2025-01-02 12:44:00,61.5300,61.5999,61.4000,61.5000,4307
2025-01-02 12:45:00,61.4500,61.6100,61.4141,61.6100,10105
2025-01-02 12:46:00,61.4500,61.5700,61.3200,61.4300,11356
2025-01-02 12:47:00,61.3000,61.3200,61.2300,61.3150,4583
2025-01-02 12:48:00,61.2972,61.2972,61.0984,61.1000,9451
2025-01-02 12:49:00,61.3300,61.3300,61.0600,61.1000,4253
2025-01-02 12:50:00,61.0300,61.4400,61.0000,61.4400,12504
2025-01-02 12:51:00,61.1800,61.4700,61.1226,61.4700,6393
2025-01-02 12:52:00,61.5000,61.6807,61.4400,61.6000,6548
2025-01-02 12:53:00,61.5900,61.6972,61.4958,61.5750,9291
2025-01-02 12:54:00,61.5750,61.6500,61.5200,61.5600,7449
2025-01-02 12:55:00,61.6000,61.7300,61.5470,61.6557,5412
2025-01-02 12:56:00,61.5300,61.6900,61.5300,61.5555,12124
2025-01-02 12:57:00,61.6600,61.6750,61.5500,61.5500,4581
2025-01-02 12:58:00,61.6050,61.6799,61.5700,61.5800,3166
2025-01-02 12:59:00,61.6800,61.6850,61.5509,61.6500,3895
2025-01-02 13:00:00,61.5918,61.6500,61.3800,61.3800,7311
2025-01-02 13:01:00,61.2700,61.4700,61.2400,61.4000,3341
2025-01-02 13:02:00,61.2900,61.4400,61.1900,61.1900,4204
2025-01-02 13:03:00,61.2800,61.2800,61.0800,61.1550,5205
2025-01-02 13:04:00,61.1143,61.2500,61.0217,61.1550,4937
2025-01-02 13:05:00,61.1531,61.3000,61.0589,61.2229,4799
2025-01-02 13:06:00,61.2100,61.2900,61.2100,61.2100,1887
2025-01-02 13:07:00,61.3700,61.5200,61.3300,61.4793,3821
2025-01-02 13:08:00,61.5300,61.5369,61.4972,61.4972,3412
2025-01-02 13:09:00,61.5700,61.7300,61.4901,61.5841,7679
2025-01-02 13:10:00,61.5700,61.6000,61.4600,61.5050,2813
2025-01-02 13:11:00,61.4400,61.5100,61.3891,61.4014,4043
2025-01-02 13:12:00,61.2900,61.3100,61.2200,61.2200,977
2025-01-02 13:13:00,61.1100,61.2600,61.1100,61.1874,2988
2025-01-02 13:14:00,61.1800,61.2900,61.1216,61.2257,5648
2025-01-02 13:15:00,61.2200,61.2400,61.1000,61.1200,5317
2025-01-02 13:16:00,61.2400,61.2500,61.0800,61.0800,4523
2025-01-02 13:17:00,61.2100,61.2100,61.1000,61.1750,3828
2025-01-02 13:18:00,61.1700,61.3100,61.1105,61.2700,5670
2025-01-02 13:19:00,61.2400,61.2749,61.2156,61.2749,4179
2025-01-02 13:20:00,61.2700,61.4599,61.2700,61.3200,5223
2025-01-02 13:21:00,61.3999,61.3999,61.1639,61.1639,4410
2025-01-02 13:22:00,61.2250,61.3300,61.1675,61.1932,2763
2025-01-02 13:23:00,61.3400,61.4400,61.3100,61.4400,4624
2025-01-02 13:24:00,61.3250,61.3250,61.1527,61.1900,2236
2025-01-02 13:25:00,61.1408,61.2105,61.1408,61.1899,3163
2025-01-02 13:26:00,61.1900,61.2400,61.0700,61.0700,4634
2025-01-02 13:27:00,61.1000,61.2700,61.0950,61.2150,6060
2025-01-02 13:28:00,61.2150,61.2500,61.1540,61.1800,1964
2025-01-02 13:29:00,61.1300,61.1781,61.0400,61.0950,18079
2025-01-02 13:30:00,61.0200,61.0689,60.8400,60.8458,15973
2025-01-02 13:31:00,60.8646,60.9500,60.7500,60.7850,13904
2025-01-02 13:32:00,60.8300,60.8300,60.7000,60.7150,8673
2025-01-02 13:33:00,60.6500,60.9188,60.6500,60.9150,9131
2025-01-02 13:34:00,60.8700,60.9800,60.8600,60.8816,11496
2025-01-02 13:35:00,60.9100,60.9799,60.8300,60.9000,7545
2025-01-02 13:36:00,60.8227,61.2400,60.8227,61.2300,9050
2025-01-02 13:37:00,61.2100,61.3100,61.1493,61.3000,4177
2025-01-02 13:38:00,61.2600,61.2700,61.1700,61.1700,3475
2025-01-02 13:39:00,61.2100,61.2400,61.0842,61.0842,2271
2025-01-02 13:40:00,61.1000,61.1800,61.0000,61.0000,6622
2025-01-02 13:41:00,61.0000,61.0400,60.9402,60.9402,4499
2025-01-02 13:42:00,60.9300,60.9300,60.8500,60.8650,4776
2025-01-02 13:43:00,60.8450,61.0700,60.8450,61.0700,9068
2025-01-02 13:44:00,61.0700,61.1800,61.0200,61.1700,3658
2025-01-02 13:45:00,61.0900,61.2200,61.0501,61.1200,2996
2025-01-02 13:46:00,61.1200,61.2000,61.0600,61.1600,10723
2025-01-02 13:47:00,61.1500,61.1500,61.0000,61.0400,9505
2025-01-02 13:48:00,61.0100,61.0100,60.8500,60.8500,1924
2025-01-02 13:49:00,60.9150,61.0000,60.9150,61.0000,3114
2025-01-02 13:50:00,60.9750,61.0000,60.8701,60.8701,4573
2025-01-02 13:51:00,61.0000,61.1100,60.9640,61.0900,5412
2025-01-02 13:52:00,60.9960,61.0500,60.9686,61.0158,2929
2025-01-02 13:53:00,61.0300,61.0800,60.9550,61.0264,5302
2025-01-02 13:54:00,61.0150,61.0299,60.9124,60.9222,3506
2025-01-02 13:55:00,60.9288,61.0900,60.9288,61.0084,5036
2025-01-02 13:56:00,61.0900,61.1250,60.9983,61.0281,12653
2025-01-02 13:57:00,61.0800,61.1500,61.0050,61.0300,4738
2025-01-02 13:58:00,61.0600,61.1500,61.0005,61.1150,9011
2025-01-02 13:59:00,61.1150,61.1785,61.0601,61.0601,3314
2025-01-02 14:00:00,61.1350,61.1350,61.0400,61.0800,2725
2025-01-02 14:01:00,61.0800,61.1100,60.9900,61.0500,4950
2025-01-02 14:02:00,61.0100,61.0700,61.0000,61.0000,12270
2025-01-02 14:03:00,61.0650,61.1900,61.0650,61.1500,17157
2025-01-02 14:04:00,61.1400,61.3500,61.1200,61.3500,13425
2025-01-02 14:05:00,61.3799,61.3799,61.3100,61.3100,2567
2025-01-02 14:06:00,61.3100,61.3900,61.3100,61.3650,3018
2025-01-02 14:07:00,61.3800,61.3800,61.1357,61.1357,4949
2025-01-02 14:08:00,61.2899,61.2899,61.0827,61.0900,3016
2025-01-02 14:09:00,61.1050,61.1050,60.9910,61.0850,3411
2025-01-02 14:10:00,61.1700,61.2400,61.0194,61.1800,15030
2025-01-02 14:11:00,61.2182,61.2182,61.0500,61.0850,4839
2025-01-02 14:12:00,61.0942,61.0942,60.9900,61.0250,4696
2025-01-02 14:13:00,60.9301,61.0000,60.8838,60.8838,2713
2025-01-02 14:14:00,60.9899,61.0400,60.8800,61.0050,6089
2025-01-02 14:15:00,60.9671,61.0410,60.9100,60.9600,3925
2025-01-02 14:16:00,60.9350,60.9575,60.8571,60.8571,1951
2025-01-02 14:17:00,60.8900,61.0500,60.8900,60.9706,3624
2025-01-02 14:18:00,61.0150,61.1700,61.0150,61.1700,4093
2025-01-02 14:19:00,61.0500,61.1100,60.9655,61.0499,2813
2025-01-02 14:20:00,60.9950,61.0400,60.9267,60.9267,10562
2025-01-02 14:21:00,60.9900,61.0600,60.9400,61.0100,4737
2025-01-02 14:22:00,61.0700,61.1500,61.0100,61.1350,6998
2025-01-02 14:23:00,61.1900,61.2600,61.1500,61.2600,1293
2025-01-02 14:24:00,61.1650,61.2600,61.1200,61.2600,3430
2025-01-02 14:25:00,61.2300,61.2900,61.1700,61.2250,5459
2025-01-02 14:26:00,61.2406,61.2600,61.1500,61.2096,4303
2025-01-02 14:27:00,61.2900,61.3500,61.2400,61.3400,2880
2025-01-02 14:28:00,61.3042,61.3700,61.2501,61.2600,5211
2025-01-02 14:29:00,61.2650,61.3100,61.1900,61.3100,3244
2025-01-02 14:30:00,61.2700,61.2900,61.1300,61.1800,6048
2025-01-02 14:31:00,61.1201,61.2899,61.1201,61.1800,3397
2025-01-02 14:32:00,61.1800,61.2100,61.1138,61.1296,3466
2025-01-02 14:33:00,61.1900,61.1900,61.1300,61.1400,454
2025-01-02 14:34:00,61.0600,61.0800,60.9954,61.0500,1962
2025-01-02 14:35:00,61.0350,61.0400,60.8500,60.8500,3181
2025-01-02 14:36:00,60.8400,60.9500,60.8400,60.8700,7194
2025-01-02 14:37:00,60.9104,60.9700,60.8319,60.9400,4436
2025-01-02 14:38:00,60.9500,61.0200,60.8900,61.0050,4365
2025-01-02 14:39:00,60.9932,61.0100,60.9300,60.9300,5431
2025-01-02 14:41:00,61.0000,61.0600,60.8700,60.8750,3929
2025-01-02 14:42:00,60.8900,61.0400,60.8400,61.0400,22032
2025-01-02 14:43:00,61.0500,61.0500,60.9100,60.9100,8024
2025-01-02 14:44:00,60.9361,60.9597,60.9000,60.9597,2763
2025-01-02 14:45:00,60.9250,61.0700,60.8314,60.8806,8673
2025-01-02 14:46:00,60.8500,60.8500,60.5800,60.7200,44139
2025-01-02 14:47:00,60.7093,60.8700,60.7093,60.8100,5311
2025-01-02 14:48:00,60.8224,61.1100,60.8100,61.0950,5293
2025-01-02 14:49:00,61.1000,61.1900,61.0200,61.0900,6349
2025-01-02 14:50:00,61.1500,61.1500,61.0300,61.0900,3925
2025-01-02 14:51:00,61.0300,61.1600,61.0300,61.0774,8492
2025-01-02 14:52:00,61.0710,61.3100,61.0710,61.2800,9242
2025-01-02 14:53:00,61.2400,61.2400,61.1600,61.1700,5970
2025-01-02 14:54:00,61.1850,61.2500,61.1600,61.2500,1328
2025-01-02 14:55:00,61.1900,61.2600,61.1300,61.1300,6963
2025-01-02 14:56:00,61.1100,61.1100,61.0300,61.0500,4350
2025-01-02 14:57:00,61.0100,61.0100,60.8700,60.8762,6128
2025-01-02 14:58:00,60.8750,60.8840,60.8000,60.8300,4987
2025-01-02 14:59:00,60.8400,60.8400,60.7500,60.7829,2136
2025-01-02 15:00:00,60.8000,60.9700,60.7900,60.9600,8608
2025-01-02 15:01:00,60.9500,60.9700,60.9200,60.9450,3328
2025-01-02 15:02:00,60.9500,61.0000,60.9500,60.9550,1655
2025-01-02 15:03:00,61.0000,61.1000,60.9700,61.0100,6755
2025-01-02 15:04:00,60.9500,61.1000,60.9301,61.0950,6742
2025-01-02 15:05:00,61.0600,61.0700,61.0100,61.0200,4242
2025-01-02 15:06:00,61.0550,61.0550,60.9800,60.9800,3880
2025-01-02 15:07:00,60.9600,60.9600,60.9600,60.9600,891
2025-01-02 15:08:00,60.9200,60.9800,60.9200,60.9700,2093
2025-01-02 15:09:00,60.9800,60.9800,60.9200,60.9300,1759
2025-01-02 15:10:00,61.0400,61.0500,61.0400,61.0500,1247
2025-01-02 15:11:00,61.0000,61.1000,60.9900,61.0400,6393
2025-01-02 15:12:00,61.1200,61.1600,61.1150,61.1600,3004
2025-01-02 15:13:00,61.1800,61.2100,61.0306,61.0306,7780
2025-01-02 15:14:00,61.0300,61.1000,61.0300,61.0600,2342
2025-01-02 15:15:00,61.0250,61.0250,60.8700,60.8700,4432
2025-01-02 15:16:00,60.9050,60.9050,60.9006,60.9006,1456
2025-01-02 15:17:00,60.9050,60.9050,60.9050,60.9050,340
2025-01-02 15:18:00,60.9050,60.9600,60.9000,60.9500,4631
2025-01-02 15:19:00,60.9300,60.9900,60.9200,60.9700,2979
2025-01-02 15:20:00,60.9900,61.0300,60.9700,61.0200,7757
2025-01-02 15:21:00,61.0000,61.1500,61.0000,61.0600,8170
2025-01-02 15:22:00,61.0500,61.1200,61.0500,61.0500,1804
2025-01-02 15:23:00,61.0500,61.0500,60.9793,61.0100,2985
2025-01-02 15:24:00,61.0300,61.0500,61.0300,61.0429,3895
2025-01-02 15:25:00,61.0596,61.0707,60.9300,60.9400,4696
2025-01-02 15:26:00,60.9250,60.9600,60.9250,60.9600,2206
2025-01-02 15:27:00,60.9800,61.0400,60.9650,60.9650,6400
2025-01-02 15:28:00,61.0100,61.0500,60.9300,61.0450,7410
2025-01-02 15:29:00,61.0450,61.1000,60.9400,60.9700,5875
2025-01-02 15:30:00,61.0200,61.0200,60.9000,60.9000,16364
2025-01-02 15:31:00,60.9100,61.1050,60.9100,61.1050,11675
2025-01-02 15:32:00,61.1050,61.1050,60.8400,60.9500,9037
2025-01-02 15:33:00,60.9900,60.9900,60.8200,60.8850,3668
2025-01-02 15:34:00,60.9250,60.9300,60.8700,60.8700,3789
2025-01-02 15:35:00,60.8600,60.8600,60.7600,60.7600,3905
2025-01-02 15:36:00,60.8000,60.8300,60.7000,60.7100,6670
2025-01-02 15:37:00,60.7100,60.8200,60.6900,60.8200,10406
2025-01-02 15:38:00,60.8100,60.8500,60.7650,60.7900,9044
2025-01-02 15:39:00,60.7500,60.7500,60.6200,60.6400,6230
2025-01-02 15:40:00,60.6200,60.7600,60.6200,60.7400,8514
2025-01-02 15:41:00,60.7600,60.7900,60.7300,60.7550,4672
2025-01-02 15:42:00,60.7550,60.7700,60.6800,60.7000,11577
2025-01-02 15:43:00,60.7100,60.7400,60.6300,60.6450,11929
2025-01-02 15:44:00,60.6350,60.7750,60.6350,60.6700,15157
2025-01-02 15:45:00,60.7200,60.7200,60.6600,60.6800,7854
2025-01-02 15:46:00,60.7000,60.8100,60.7000,60.7600,8537
2025-01-02 15:47:00,60.7100,60.7600,60.7000,60.7350,7406
2025-01-02 15:48:00,60.7200,60.7434,60.7043,60.7300,11793
2025-01-02 15:49:00,60.7250,60.9200,60.7250,60.8750,29168
2025-01-02 15:50:00,60.9200,61.1400,60.9200,61.0350,15529
2025-01-02 15:51:00,61.0200,61.0400,60.9200,60.9250,10339
2025-01-02 15:52:00,60.9300,60.9900,60.9000,60.9700,17802
2025-01-02 15:53:00,60.9900,61.0200,60.8200,60.8500,22084
2025-01-02 15:54:00,60.8600,60.9700,60.7650,60.8300,36286
2025-01-02 15:55:00,60.7600,60.8100,60.6000,60.6900,29405
2025-01-02 15:56:00,60.6800,60.7450,60.6400,60.7400,26430
2025-01-02 15:57:00,60.7100,60.7750,60.6501,60.7610,22086
2025-01-02 15:58:00,60.7550,60.7900,60.7400,60.7600,26017
2025-01-02 15:59:00,60.7400,60.8500,60.7400,60.7700,67181
2025-01-02 16:00:00,60.7600,61.0000,60.7600,60.8000,388845
2025-01-02 16:01:00,60.6000,61.0000,60.6000,60.8000,4157
2025-01-02 16:02:00,60.9433,60.9433,60.5216,60.5216,40
2025-01-02 16:03:00,60.8000,61.0000,60.8000,61.0000,31017
2025-01-02 16:04:00,60.8300,60.8300,60.8300,60.8300,1
2025-01-02 16:05:00,60.8000,60.8000,60.8000,60.8000,17
2025-01-02 16:06:00,60.8000,60.8000,60.8000,60.8000,1
2025-01-02 16:07:00,60.8000,60.8000,60.7300,60.7300,804
2025-01-02 16:08:00,60.8000,60.8000,60.8000,60.8000,35
2025-01-02 16:09:00,60.8000,60.8000,60.8000,60.8000,20
2025-01-02 16:10:00,60.8000,61.0000,60.6700,61.0000,135
2025-01-02 16:11:00,60.9958,60.9958,60.9958,60.9958,200
2025-01-02 16:12:00,60.9983,60.9983,60.9983,60.9983,500
2025-01-02 16:13:00,60.8400,60.8400,60.8400,60.8400,36
2025-01-02 16:14:00,60.8300,60.8300,60.8300,60.8300,5
2025-01-02 16:15:00,60.8000,60.8300,60.8000,60.8300,16
2025-01-02 16:16:00,61.0000,61.0000,60.8300,60.8300,66
2025-01-02 16:17:00,60.8300,60.8300,60.8000,60.8000,6
2025-01-02 16:18:00,60.6700,60.6700,60.6700,60.6700,25
2025-01-02 16:19:00,60.6700,60.6700,60.6700,60.6700,1
2025-01-02 16:20:00,60.8000,60.8000,60.8000,60.8000,1368
2025-01-02 16:21:00,60.9000,60.9300,60.9000,60.9300,34
2025-01-02 16:22:00,60.9300,60.9300,60.9300,60.9300,1
2025-01-02 16:23:00,60.9000,60.9000,60.9000,60.9000,30
2025-01-02 16:25:00,60.9300,60.9983,60.9300,60.9983,505
2025-01-02 16:26:00,60.9991,61.0000,60.9991,61.0000,1071
2025-01-02 16:28:00,60.9000,61.0000,60.9000,61.0000,1442
2025-01-02 16:29:00,60.9994,60.9994,60.9994,60.9994,10
2025-01-02 16:30:00,60.9200,61.0300,60.9200,61.0000,268
2025-01-02 16:32:00,60.9500,61.1600,60.9500,61.1600,5
2025-01-02 16:33:00,60.8500,60.9500,60.8500,60.9500,82
2025-01-02 16:34:00,60.9600,60.9600,60.9600,60.9600,10
2025-01-02 16:35:00,61.0000,61.0000,60.9500,60.9500,5
2025-01-02 16:36:00,60.9500,60.9500,60.8500,60.8500,501
2025-01-02 16:37:00,60.8000,60.8900,60.8000,60.8800,396
2025-01-02 16:38:00,61.0000,61.0000,61.0000,61.0000,2
2025-01-02 16:39:00,60.9500,60.9600,60.9500,60.9500,64
2025-01-02 16:40:00,61.0000,61.0000,60.9700,60.9700,33
2025-01-02 16:41:00,60.9800,60.9800,60.9700,60.9700,100
2025-01-02 16:42:00,60.9500,60.9500,60.9000,60.9000,17
2025-01-02 16:43:00,60.9700,60.9700,60.9700,60.9700,2
2025-01-02 16:44:00,60.8600,60.8600,60.8600,60.8600,1
2025-01-02 16:45:00,60.6782,60.6782,60.6782,60.6782,1
2025-01-02 16:46:00,60.9900,60.9900,60.9900,60.9900,500
2025-01-02 16:49:00,61.0000,61.0000,60.9900,60.9900,19
2025-01-02 16:51:00,60.9800,60.9800,60.9700,60.9700,55
2025-01-02 16:52:00,60.9000,60.9900,60.9000,60.9900,46
2025-01-02 16:53:00,60.9500,60.9500,60.9500,60.9500,472
2025-01-02 16:54:00,60.9500,60.9500,60.9000,60.9000,325
2025-01-02 16:56:00,60.9100,61.0000,60.9100,61.0000,152
2025-01-02 16:57:00,60.9200,61.0000,60.9200,60.9400,167
2025-01-02 16:58:00,60.9300,61.0000,60.9300,61.0000,201
2025-01-02 16:59:00,61.0000,61.0000,61.0000,61.0000,1
2025-01-02 17:02:00,60.9486,60.9486,60.9486,60.9486,500
2025-01-02 17:03:00,60.9300,60.9300,60.9000,60.9000,551
2025-01-02 17:05:00,60.9500,60.9500,60.9000,60.9000,35
2025-01-02 17:06:00,60.9486,60.9486,60.9000,60.9000,18
2025-01-02 17:07:00,60.9000,60.9000,60.9000,60.9000,20
2025-01-02 17:08:00,60.8996,60.8996,60.8996,60.8996,250
2025-01-02 17:09:00,60.8100,60.8800,60.8100,60.8800,8
2025-01-02 17:11:00,60.8987,60.8987,60.8800,60.8800,2
2025-01-02 17:13:00,60.8500,60.9300,60.8500,60.9300,186
2025-01-02 17:15:00,60.9487,60.9487,60.9487,60.9487,100
2025-01-02 17:16:00,60.8800,60.9490,60.8600,60.9490,40
2025-01-02 17:20:00,60.9500,60.9500,60.9500,60.9500,20
2025-01-02 17:22:00,60.9000,60.9000,60.9000,60.9000,100
2025-01-02 17:23:00,60.8500,60.9200,60.8500,60.9100,154
2025-01-02 17:24:00,60.9500,60.9500,60.9000,60.9500,208
2025-01-02 17:25:00,60.9084,60.9084,60.9000,60.9000,5
2025-01-02 17:27:00,60.8800,60.9000,60.8800,60.8800,118
2025-01-02 17:28:00,60.8900,60.9000,60.8900,60.9000,321
2025-01-02 17:29:00,60.8900,60.8900,60.8800,60.8800,100
2025-01-02 17:30:00,60.9492,60.9492,60.9492,60.9492,2
2025-01-02 17:31:00,60.9500,60.9500,60.9400,60.9400,3
2025-01-02 17:35:00,60.8500,60.8500,60.8500,60.8500,5
2025-01-02 17:36:00,60.8600,60.8600,60.8500,60.8500,686
2025-01-02 17:38:00,60.6863,60.6863,60.6863,60.6863,797
2025-01-02 17:39:00,60.8500,60.8500,60.8500,60.8500,2
2025-01-02 17:40:00,60.8500,60.8500,60.8500,60.8500,29
2025-01-02 17:43:00,60.8500,60.8500,60.8500,60.8500,2
2025-01-02 17:44:00,60.8500,60.8500,60.8500,60.8500,10
2025-01-02 17:45:00,60.8500,60.8800,60.8500,60.8500,99
2025-01-02 17:49:00,60.8400,60.8484,60.8400,60.8484,502
2025-01-02 17:51:00,60.8100,60.8100,60.8100,60.8100,10
2025-01-02 17:55:00,60.8100,60.8498,60.8000,60.8498,112
2025-01-02 17:59:00,60.8000,60.8000,60.8000,60.8000,8
2025-01-02 18:01:00,60.8000,60.8000,60.8000,60.8000,30
2025-01-02 18:03:00,60.8000,60.8000,60.8000,60.8000,5
2025-01-02 18:04:00,60.8000,60.8000,60.8000,60.8000,25
2025-01-02 18:05:00,60.6700,60.6700,60.6700,60.6700,1
2025-01-02 18:06:00,60.7500,60.8000,60.7000,60.8000,5
2025-01-02 18:08:00,60.8000,60.8000,60.8000,60.8000,1
2025-01-02 18:09:00,60.8000,60.8000,60.8000,60.8000,16
2025-01-02 18:11:00,60.8499,60.8499,60.8499,60.8499,5
2025-01-02 18:13:00,60.8400,60.8400,60.8400,60.8400,4
2025-01-02 18:14:00,60.8100,60.8100,60.8100,60.8100,60
2025-01-02 18:15:00,60.8484,60.8500,60.8484,60.8487,55
2025-01-02 18:16:00,60.8400,60.8499,60.8400,60.8499,15
2025-01-02 18:17:00,60.8400,60.8400,60.8400,60.8400,100
2025-01-02 18:18:00,60.8500,60.8500,60.8100,60.8100,60
2025-01-02 18:20:00,60.8500,60.8500,60.8500,60.8500,5
2025-01-02 18:23:00,60.8500,60.8500,60.8500,60.8500,10
2025-01-02 18:24:00,60.8485,60.8485,60.8485,60.8485,1
2025-01-02 18:26:00,60.8300,60.8300,60.8200,60.8200,60
2025-01-02 18:27:00,60.8199,60.8199,60.8199,60.8199,5044
2025-01-02 18:28:00,60.8900,61.2700,60.8200,61.2700,5002
2025-01-02 18:29:00,61.2700,61.2700,61.2700,61.2700,2
2025-01-02 18:31:00,60.9982,60.9982,60.9982,60.9982,2000
2025-01-02 18:32:00,61.0000,61.0000,61.0000,61.0000,100
2025-01-02 18:34:00,60.8200,60.8200,60.8200,60.8200,25
2025-01-02 18:37:00,60.8100,60.8100,60.8100,60.8100,4
2025-01-02 18:40:00,60.9000,60.9000,60.8500,60.8500,220
2025-01-02 18:41:00,60.8500,60.8500,60.8500,60.8500,100
2025-01-02 18:43:00,60.8500,60.8500,60.8000,60.8000,3000
2025-01-02 18:45:00,60.8100,61.0000,60.8000,60.9000,165
2025-01-02 18:48:00,60.8200,60.8200,60.8200,60.8200,50
2025-01-02 18:50:00,60.8800,60.8800,60.8800,60.8800,19
2025-01-02 18:51:00,60.8200,60.8200,60.8200,60.8200,100
2025-01-02 18:52:00,60.9000,60.9000,60.8200,60.8200,538
2025-01-02 18:53:00,60.8000,60.8000,60.8000,60.8000,49
2025-01-02 19:00:00,60.8200,60.8200,60.8200,60.8200,1
2025-01-02 19:01:00,60.8000,60.8000,60.8000,60.8000,2
2025-01-02 19:03:00,60.8100,60.8198,60.8100,60.8198,10
2025-01-02 19:04:00,60.7500,60.7500,60.7000,60.7000,12
2025-01-02 19:06:00,60.7200,60.7200,60.7000,60.7000,100
2025-01-02 19:08:00,60.7000,60.7000,60.7000,60.7000,54
2025-01-02 19:09:00,60.7000,60.7000,60.6700,60.6700,396
2025-01-02 19:10:00,61.0000,61.0000,61.0000,61.0000,1
2025-01-02 19:11:00,61.0000,61.0000,61.0000,61.0000,4
2025-01-02 19:12:00,60.9940,61.0000,60.9940,61.0000,200
2025-01-02 19:16:00,60.8800,60.8800,60.8800,60.8800,35
2025-01-02 19:17:00,60.6800,60.7200,60.6800,60.6800,137
2025-01-02 19:20:00,60.9000,60.9900,60.8000,60.8000,250
2025-01-02 19:21:00,60.9900,60.9900,60.9000,60.9000,71
2025-01-02 19:25:00,60.9200,60.9200,60.9000,60.9000,35
2025-01-02 19:26:00,60.8500,60.8500,60.8500,60.8500,50
2025-01-02 19:27:00,60.8500,60.8500,60.8500,60.8500,41
2025-01-02 19:28:00,60.9000,60.9000,60.8800,60.8800,6
2025-01-02 19:29:00,60.8500,60.9900,60.6800,60.9792,4060
2025-01-02 19:30:00,60.8100,60.8100,60.8100,60.8100,50
2025-01-02 19:31:00,60.9000,60.9000,60.8800,60.8800,2
2025-01-02 19:32:00,60.8800,60.8800,60.8800,60.8800,40
2025-01-02 19:33:00,60.9500,60.9500,60.9500,60.9500,4
2025-01-02 19:34:00,60.8800,60.9000,60.8800,60.9000,71
2025-01-02 19:35:00,60.8900,60.8900,60.8900,60.8900,2
2025-01-02 19:36:00,60.8500,60.8800,60.8100,60.8100,169
2025-01-02 19:38:00,60.9000,60.9000,60.9000,60.9000,25
2025-01-02 19:40:00,60.9000,60.9000,60.8900,60.9000,300
2025-01-02 19:41:00,60.9000,60.9000,60.9000,60.9000,100
2025-01-02 19:42:00,60.9000,60.9500,60.9000,60.9500,110
2025-01-02 19:45:00,60.9500,60.9500,60.9500,60.9500,30
2025-01-02 19:46:00,60.9500,60.9900,60.9500,60.9900,422
2025-01-02 19:51:00,61.2700,61.2700,61.2700,61.2700,2
2025-01-02 19:53:00,61.2000,61.2000,60.8700,60.8700,160
2025-01-02 19:54:00,61.2000,61.2000,60.8700,60.8800,400
2025-01-02 19:55:00,61.2000,61.2000,61.2000,61.2000,1
2025-01-02 19:56:00,61.1000,61.1000,61.0600,61.1000,200
2025-01-02 19:57:00,61.2000,61.2000,61.2000,61.2000,1
2025-01-03 04:04:00,61.1700,61.2000,61.1700,61.1800,144
2025-01-03 04:06:00,61.1500,61.2000,61.1400,61.1400,1116
2025-01-03 04:08:00,61.3900,61.3900,61.3900,61.3900,1
2025-01-03 04:09:00,61.3800,61.3900,61.1500,61.1500,265
2025-01-03 04:12:00,61.1700,61.1700,61.1700,61.1700,2
2025-01-03 04:18:00,61.1700,61.1700,61.1700,61.1700,3
2025-01-03 04:30:00,61.1500,61.3600,61.1500,61.3600,5
2025-01-03 04:32:00,61.1700,61.1700,61.1500,61.1500,26
2025-01-03 04:33:00,61.1700,61.1700,61.1700,61.1700,3
2025-01-03 04:35:00,61.1700,61.1700,61.1700,61.1700,10
2025-01-03 04:36:00,61.1700,61.1700,61.1700,61.1700,53
2025-01-03 04:40:00,61.3600,61.3600,61.3600,61.3600,1
2025-01-03 04:42:00,61.3600,61.3800,61.3500,61.3800,25
2025-01-03 04:44:00,61.3800,61.3800,61.3800,61.3800,1
2025-01-03 04:47:00,61.3800,61.3800,61.3800,61.3800,9
2025-01-03 04:49:00,61.3800,61.3800,61.3800,61.3800,1
2025-01-03 04:54:00,61.2900,61.2900,61.2900,61.2900,37
2025-01-03 04:55:00,61.2200,61.2200,61.2100,61.2100,200
2025-01-03 04:58:00,61.2200,61.2200,61.2200,61.2200,10
2025-01-03 05:02:00,61.2900,61.3400,61.2900,61.3400,100
2025-01-03 05:06:00,61.3700,61.3700,61.3700,61.3700,4
2025-01-03 05:08:00,61.3600,61.3600,61.3600,61.3600,15
2025-01-03 05:09:00,61.3600,61.3600,61.3600,61.3600,10
2025-01-03 05:14:00,61.3500,61.3500,61.3500,61.3500,5
2025-01-03 05:17:00,61.3500,61.3500,61.2500,61.2500,5
2025-01-03 05:19:00,61.2300,61.2300,61.2300,61.2300,4
2025-01-03 05:22:00,61.2400,61.2500,61.1800,61.1800,464
2025-01-03 05:26:00,61.1800,61.1800,61.1400,61.1400,61
2025-01-03 05:36:00,61.2000,61.2000,61.2000,61.2000,1
2025-01-03 05:46:00,61.1500,61.1500,61.1500,61.1500,4
2025-01-03 05:48:00,61.2000,61.2000,61.2000,61.2000,10
2025-01-03 05:49:00,61.1500,61.1500,61.1500,61.1500,37
2025-01-03 05:50:00,61.1500,61.1500,61.1400,61.1400,195
2025-01-03 05:52:00,61.1400,61.1400,61.1400,61.1400,96
2025-01-03 05:53:00,61.1400,61.1400,61.1400,61.1400,25
2025-01-03 05:55:00,61.1400,61.1400,61.1400,61.1400,247
2025-01-03 06:00:00,61.2000,61.2000,61.2000,61.2000,7
2025-01-03 06:01:00,61.1800,61.1800,61.1800,61.1800,18
2025-01-03 06:02:00,61.1700,61.1800,61.1500,61.1500,402
2025-01-03 06:03:00,61.1800,61.1800,61.1800,61.1800,28
2025-01-03 06:06:00,61.1600,61.1600,61.1500,61.1500,432
2025-01-03 06:07:00,61.1500,61.1500,61.1500,61.1500,500
2025-01-03 06:08:00,61.1500,61.1500,61.1500,61.1500,3923
2025-01-03 06:09:00,61.1500,61.1500,60.8600,61.1000,259
2025-01-03 06:13:00,61.0000,61.0000,61.0000,61.0000,9
2025-01-03 06:18:00,61.0100,61.0100,61.0100,61.0100,10
2025-01-03 06:24:00,61.0100,61.0100,60.8700,60.8700,8
2025-01-03 06:25:00,61.2400,61.2400,61.2400,61.2400,8
2025-01-03 06:33:00,61.1000,61.3000,61.1000,61.3000,655
2025-01-03 06:34:00,61.3000,61.3000,61.2300,61.2300,303
2025-01-03 06:37:00,61.2300,61.2300,61.1600,61.1600,5
2025-01-03 06:53:00,61.2200,61.3000,61.2200,61.3000,301
2025-01-03 06:54:00,61.3000,61.3000,61.3000,61.3000,100
2025-01-03 07:00:00,61.1000,61.1000,61.1000,61.1000,2
2025-01-03 07:04:00,61.0100,61.2300,60.9200,61.0100,1001
2025-01-03 07:06:00,61.1300,61.1300,61.1300,61.1300,25
2025-01-03 07:09:00,61.1900,61.1900,61.1900,61.1900,2
2025-01-03 07:10:00,61.1000,61.1000,61.1000,61.1000,98
2025-01-03 07:12:00,60.9700,61.1100,60.9400,61.1000,253
2025-01-03 07:17:00,61.1300,61.1300,61.1100,61.1300,39
2025-01-03 07:20:00,61.0400,61.0400,61.0400,61.0400,2
2025-01-03 07:21:00,61.0500,61.0800,60.9300,61.0300,642
2025-01-03 07:22:00,61.0300,61.0300,60.9200,60.9200,266
2025-01-03 07:23:00,60.9700,60.9700,60.9700,60.9700,93
2025-01-03 07:24:00,60.9700,61.0600,60.9700,61.0600,28
2025-01-03 07:25:00,61.1700,61.1700,61.1700,61.1700,15
2025-01-03 07:34:00,61.1700,61.1700,61.1700,61.1700,1
2025-01-03 07:43:00,61.2100,61.2900,61.2100,61.2500,228
2025-01-03 07:50:00,61.1800,61.1800,61.1700,61.1700,201
2025-01-03 07:51:00,61.1200,61.1200,61.1200,61.1200,500
2025-01-03 07:57:00,61.1800,61.1800,61.1800,61.1800,1
2025-01-03 07:58:00,61.1700,61.1700,61.1700,61.1700,32
2025-01-03 08:00:00,64.6788,64.6788,60.9000,61.1531,5743
2025-01-03 08:01:00,61.1222,61.1222,61.0100,61.0100,11
2025-01-03 08:02:00,61.4800,61.4800,61.1300,61.1300,60
2025-01-03 08:03:00,61.0700,61.0700,61.0700,61.0700,100
2025-01-03 08:04:00,61.2000,61.2000,61.1200,61.1400,163
2025-01-03 08:05:00,61.2000,61.2000,61.1000,61.1000,1278
2025-01-03 08:08:00,61.0100,61.0100,61.0100,61.0100,30
2025-01-03 08:09:00,61.1100,61.1100,61.1100,61.1100,70
2025-01-03 08:10:00,61.1100,61.1500,61.0100,61.1500,145
2025-01-03 08:11:00,61.0800,61.4000,61.0300,61.0400,215
2025-01-03 08:12:00,61.0300,61.1500,61.0300,61.0300,861
2025-01-03 08:13:00,61.0600,61.0600,61.0100,61.0300,850
2025-01-03 08:14:00,61.0100,61.1000,60.9700,60.9700,643
2025-01-03 08:15:00,60.9700,60.9800,60.9100,60.9600,967
2025-01-03 08:16:00,60.9100,61.0500,60.9100,60.9900,608
2025-01-03 08:17:00,60.9800,60.9800,60.9200,60.9200,203
2025-01-03 08:18:00,60.8800,60.9400,60.8800,60.9400,1055
2025-01-03 08:19:00,61.0350,61.0350,60.9600,60.9600,161
2025-01-03 08:20:00,60.9600,61.2000,60.8600,60.9900,712
2025-01-03 08:22:00,61.2000,61.2000,61.2000,61.2000,30
2025-01-03 08:23:00,61.0000,61.0000,60.9900,60.9900,101
2025-01-03 08:24:00,61.2000,61.2000,61.2000,61.2000,3
2025-01-03 08:25:00,61.1000,61.1000,61.0984,61.0984,6
2025-01-03 08:26:00,61.0000,61.0000,60.9600,60.9600,352
2025-01-03 08:28:00,60.8600,61.2000,60.8600,61.2000,24
2025-01-03 08:29:00,61.0200,61.0200,60.9100,60.9100,416
2025-01-03 08:30:00,60.9700,61.0000,60.9700,60.9999,2050
2025-01-03 08:31:00,61.0000,61.0000,61.0000,61.0000,525
2025-01-03 08:32:00,61.0200,61.4000,61.0200,61.2100,3252
2025-01-03 08:33:00,61.2100,61.2100,61.2000,61.2000,2100
2025-01-03 08:34:00,61.2000,61.2000,61.2000,61.2000,2000
2025-01-03 08:38:00,61.2000,61.2000,61.2000,61.2000,710
2025-01-03 08:40:00,61.2100,61.2100,61.2100,61.2100,1341
2025-01-03 08:41:00,61.2200,61.2400,61.1200,61.2000,2765
2025-01-03 08:43:00,61.2500,61.2500,61.2500,61.2500,21
2025-01-03 08:44:00,61.2500,61.2500,61.2500,61.2500,25
2025-01-03 08:46:00,61.1200,61.1200,61.1200,61.1200,100
2025-01-03 08:48:00,61.1800,61.1800,61.1300,61.1300,1100
2025-01-03 08:49:00,61.1400,61.1600,61.1000,61.1000,5219
2025-01-03 08:50:00,61.0600,61.0600,61.0600,61.0600,1
2025-01-03 08:53:00,61.0000,61.1000,60.9100,61.0000,24
2025-01-03 08:54:00,61.0000,61.0000,61.0000,61.0000,1
2025-01-03 08:55:00,60.9600,61.1100,60.9600,61.1100,20
2025-01-03 08:58:00,60.9900,61.0200,60.9900,61.0200,63
2025-01-03 08:59:00,60.9800,61.1000,60.9800,60.9900,2037
2025-01-03 09:00:00,60.9900,61.0000,60.9900,61.0000,1036
2025-01-03 09:01:00,61.1900,61.1900,61.1900,61.1900,100
2025-01-03 09:02:00,61.1000,61.1000,61.1000,61.1000,37
2025-01-03 09:03:00,61.0201,61.1000,61.0201,61.1000,150
2025-01-03 09:04:00,61.1950,61.1950,61.0200,61.0200,163
2025-01-03 09:05:00,61.0010,61.0010,61.0010,61.0010,2000
2025-01-03 09:06:00,61.0300,61.0300,61.0300,61.0300,15
2025-01-03 09:07:00,61.3800,61.3800,61.3800,61.3800,5
2025-01-03 09:09:00,61.3431,61.3431,61.3431,61.3431,150
2025-01-03 09:10:00,61.2400,61.3800,61.1100,61.1200,6
2025-01-03 09:11:00,61.1200,61.2000,61.1200,61.2000,73
2025-01-03 09:12:00,61.1300,61.3000,61.1300,61.2200,36
2025-01-03 09:14:00,61.2200,61.2200,61.2200,61.2200,1
2025-01-03 09:15:00,61.2500,61.2500,61.2000,61.2400,365
2025-01-03 09:16:00,61.2700,61.2700,61.2700,61.2700,3
2025-01-03 09:17:00,61.2500,61.2500,61.2100,61.2500,103
2025-01-03 09:18:00,61.2200,61.3000,61.2200,61.2999,133
2025-01-03 09:19:00,61.2700,61.2700,61.2700,61.2700,1
2025-01-03 09:20:00,61.2900,61.3800,61.2900,61.3800,195
2025-01-03 09:21:00,61.4300,61.4300,61.4300,61.4300,1
2025-01-03 09:22:00,61.4300,61.4300,61.2902,61.2902,4924
2025-01-03 09:23:00,61.3100,61.3100,61.3100,61.3100,130
2025-01-03 09:24:00,61.3800,61.3805,61.3800,61.3800,105
2025-01-03 09:25:00,61.3400,61.4800,61.3400,61.4500,1165
2025-01-03 09:26:00,61.4600,61.4800,61.3900,61.4000,982
2025-01-03 09:27:00,61.4800,61.4800,61.3300,61.3300,1068
2025-01-03 09:28:00,61.4700,61.4700,61.2100,61.4500,49
2025-01-03 09:29:00,61.4500,61.4500,61.0200,61.0200,175
2025-01-03 09:30:00,61.1000,61.4000,61.0000,61.2000,56456
2025-01-03 09:31:00,61.3100,61.9000,61.1731,61.7900,34481
2025-01-03 09:32:00,61.7600,62.1900,61.7600,62.1900,16389
2025-01-03 09:33:00,62.1650,62.5000,62.1200,62.3200,21662
2025-01-03 09:34:00,62.2724,62.3300,62.0350,62.1100,16837
2025-01-03 09:35:00,62.0962,62.1828,61.9350,62.1250,14057
2025-01-03 09:36:00,62.1250,62.1250,61.7300,61.9900,11992
2025-01-03 09:37:00,62.0050,62.3150,62.0000,62.3150,9669
2025-01-03 09:38:00,62.3900,62.4200,62.1560,62.4199,9034
2025-01-03 09:39:00,62.3900,62.4400,62.2600,62.4200,7890
2025-01-03 09:40:00,62.3900,62.4299,62.2200,62.2400,10204
2025-01-03 09:41:00,62.3500,62.5000,62.2700,62.5000,30875
2025-01-03 09:42:00,62.3750,62.4500,62.0900,62.1900,26431
2025-01-03 09:43:00,62.2600,62.3300,62.0790,62.1400,5967
2025-01-03 09:44:00,62.1400,62.4400,62.0600,62.2700,10208
2025-01-03 09:45:00,62.3100,62.3100,62.0159,62.1000,20102
2025-01-03 09:46:00,62.0800,62.1500,62.0200,62.0200,2996
2025-01-03 09:47:00,62.0285,62.1200,61.7800,61.8000,20868
2025-01-03 09:48:00,61.8400,61.8400,61.4500,61.5500,18273
2025-01-03 09:49:00,61.4600,61.5800,61.4000,61.4800,10156
2025-01-03 09:50:00,61.4900,61.8700,61.4900,61.7900,10261
2025-01-03 09:51:00,61.7100,61.7100,61.2800,61.4499,13775
2025-01-03 09:52:00,61.3400,61.4600,61.2700,61.3569,4601
2025-01-03 09:53:00,61.4300,61.5500,61.3600,61.5500,13240
2025-01-03 09:54:00,61.5800,61.5800,61.3135,61.3550,7500
2025-01-03 09:55:00,61.3632,61.3632,61.1000,61.1500,20459
2025-01-03 09:56:00,61.1450,61.4000,61.1450,61.4000,13618
2025-01-03 09:57:00,61.3307,61.4450,61.2100,61.3000,7979
2025-01-03 09:58:00,61.2653,61.2653,61.1000,61.2070,8540
2025-01-03 09:59:00,61.2100,61.3200,61.1298,61.2250,7713
2025-01-03 10:00:00,61.1609,61.1900,60.9400,61.1100,26713
2025-01-03 10:01:00,61.0200,61.0840,60.7100,60.7750,11611
2025-01-03 10:02:00,60.7154,61.1515,60.7154,61.1150,7620
2025-01-03 10:03:00,61.1125,61.3000,61.0400,61.3000,8468
2025-01-03 10:04:00,61.2810,61.5000,61.2001,61.4200,19148
2025-01-03 10:05:00,61.4000,61.6800,61.3800,61.6800,7188
2025-01-03 10:06:00,61.6800,61.7400,61.4700,61.5650,6168
2025-01-03 10:07:00,61.5000,61.5199,61.3085,61.3800,7808
2025-01-03 10:08:00,61.4300,61.5200,61.3000,61.3910,5033
2025-01-03 10:09:00,61.5000,61.5600,61.3781,61.4531,4654
2025-01-03 10:10:00,61.5600,61.6400,61.4900,61.5700,7632
2025-01-03 10:11:00,61.5500,61.6500,61.4783,61.4974,13110
2025-01-03 10:12:00,61.4900,61.4900,61.3000,61.4350,7278
2025-01-03 10:13:00,61.3800,61.4112,61.2936,61.3400,4744
2025-01-03 10:14:00,61.3500,61.3750,61.2700,61.3750,2399
2025-01-03 10:15:00,61.2700,61.4000,61.2300,61.2550,9486
2025-01-03 10:16:00,61.3200,61.4100,61.2200,61.2250,2744
2025-01-03 10:17:00,61.2250,61.2400,61.0500,61.0500,7805
2025-01-03 10:18:00,61.0000,61.0550,60.9681,61.0500,13018
2025-01-03 10:19:00,61.0500,61.1400,61.0100,61.0800,5214
2025-01-03 10:20:00,61.0600,61.0600,60.6800,60.7200,25602
2025-01-03 10:21:00,60.7000,60.7750,60.6200,60.6900,6486
2025-01-03 10:22:00,60.7000,61.0400,60.7000,60.9500,9575
2025-01-03 10:23:00,60.9500,61.2800,60.9500,61.2800,14405
2025-01-03 10:24:00,61.2364,61.4600,61.2100,61.4169,18453
2025-01-03 10:25:00,61.4000,61.7500,61.3400,61.6670,18018
2025-01-03 10:26:00,61.6600,62.0600,61.6500,61.9700,24675
2025-01-03 10:27:00,61.9700,62.1700,61.9200,62.0018,13858
2025-01-03 10:28:00,62.0726,62.3000,62.0000,62.3000,10958
2025-01-03 10:29:00,62.2850,62.4000,62.2381,62.3550,11356
2025-01-03 10:30:00,62.3100,62.3299,62.1000,62.2000,15714
2025-01-03 10:31:00,62.2600,62.2999,62.1600,62.2315,4001
2025-01-03 10:32:00,62.2500,62.2999,62.2000,62.2000,4237
2025-01-03 10:33:00,62.2900,62.5000,62.2388,62.4800,23765
2025-01-03 10:34:00,62.5500,62.6400,62.4900,62.5750,11398
2025-01-03 10:35:00,62.5868,62.7000,62.4800,62.7000,16633
2025-01-03 10:36:00,62.7300,62.8650,62.6214,62.7899,16719
2025-01-03 10:37:00,62.7882,62.9718,62.7882,62.8700,10362
2025-01-03 10:38:00,62.8292,62.9199,62.7486,62.7900,13372
2025-01-03 10:39:00,62.8750,62.9600,62.7600,62.8815,13930
2025-01-03 10:40:00,62.9900,63.0300,62.6600,62.7200,24618
2025-01-03 10:41:00,62.7200,62.7700,62.6700,62.6903,12974
2025-01-03 10:42:00,62.6800,62.6900,62.3900,62.5100,28999
2025-01-03 10:43:00,62.5500,62.5500,62.4000,62.5100,5779
2025-01-03 10:44:00,62.5700,62.6700,62.4300,62.4600,6883
2025-01-03 10:45:00,62.5400,62.5400,62.4300,62.4652,2414
2025-01-03 10:46:00,62.5000,62.5747,62.2607,62.3400,18177
2025-01-03 10:47:00,62.3400,62.4000,62.2400,62.3180,16539
2025-01-03 10:48:00,62.3700,62.4500,62.3405,62.4500,13707
2025-01-03 10:49:00,62.3950,62.4600,62.2786,62.3170,27767
2025-01-03 10:50:00,62.2650,62.3400,62.1500,62.1900,4795
2025-01-03 10:51:00,62.2700,62.4000,62.2043,62.3550,7255
2025-01-03 10:52:00,62.3550,62.7099,62.3550,62.5900,20763
2025-01-03 10:53:00,62.5538,62.6100,62.4400,62.5299,14737
2025-01-03 10:54:00,62.4650,62.5700,62.4001,62.4300,4781
2025-01-03 10:55:00,62.5150,62.6700,62.4100,62.6700,4373
2025-01-03 10:56:00,62.5900,62.7100,62.5900,62.7050,6433
2025-01-03 10:57:00,62.6700,62.7200,62.6500,62.6582,3714
2025-01-03 10:58:00,62.6900,62.7200,62.6308,62.7031,5363
2025-01-03 10:59:00,62.7300,62.8999,62.7100,62.7900,8612
2025-01-03 11:00:00,62.7400,62.7900,62.6500,62.6500,14475
2025-01-03 11:01:00,62.6950,62.7500,62.6950,62.7100,2270
2025-01-03 11:02:00,62.7000,62.7836,62.6529,62.7450,7203
2025-01-03 11:03:00,62.7450,62.7900,62.7018,62.7500,5290
2025-01-03 11:04:00,62.7600,62.8000,62.6600,62.6600,9304
2025-01-03 11:05:00,62.6500,62.6500,62.4100,62.4100,11957
2025-01-03 11:06:00,62.3750,62.3806,62.3000,62.3000,1769
2025-01-03 11:07:00,62.3900,62.3900,62.2000,62.2500,19104
2025-01-03 11:08:00,62.2450,62.3800,62.1350,62.2050,7919
2025-01-03 11:09:00,62.2600,62.3700,62.2000,62.2000,5832
2025-01-03 11:10:00,62.2700,62.3552,62.1900,62.1950,5865
2025-01-03 11:11:00,62.1500,62.1500,62.0000,62.0012,10635
2025-01-03 11:12:00,62.0100,62.1900,62.0100,62.1000,4127
2025-01-03 11:13:00,62.1200,62.1250,62.0700,62.0700,1111
2025-01-03 11:14:00,62.1100,62.2250,62.0101,62.2250,4801
2025-01-03 11:15:00,62.1300,62.2050,62.0800,62.1600,28990
2025-01-03 11:16:00,62.2400,62.4800,62.2400,62.4300,3985
2025-01-03 11:17:00,62.4900,62.5975,62.4900,62.5500,2562
2025-01-03 11:18:00,62.5800,62.7000,62.5300,62.6475,5227
2025-01-03 11:19:00,62.6300,62.7000,62.6200,62.6400,4759
2025-01-03 11:20:00,62.6950,62.7850,62.5000,62.5000,5270
2025-01-03 11:21:00,62.4800,62.4814,62.3500,62.3500,8238
2025-01-03 11:22:00,62.4350,62.4500,62.3200,62.3450,5438
2025-01-03 11:23:00,62.3401,62.3800,62.2701,62.2931,1629
2025-01-03 11:24:00,62.4200,62.4200,62.3200,62.3520,3908
2025-01-03 11:25:00,62.4000,62.4800,62.3400,62.4100,3430
2025-01-03 11:26:00,62.4747,62.4747,62.2400,62.2400,4679
2025-01-03 11:27:00,62.2400,62.3900,62.1900,62.3050,8292
2025-01-03 11:28:00,62.2700,62.3050,62.1600,62.2700,2884
2025-01-03 11:29:00,62.2700,62.4100,62.2700,62.3782,1970
2025-01-03 11:30:00,62.3800,62.4399,62.2800,62.3088,4338
2025-01-03 11:31:00,62.2800,62.3690,62.1300,62.1300,4468
2025-01-03 11:32:00,62.1700,62.1750,62.1600,62.1750,2958
2025-01-03 11:33:00,62.1800,62.3100,62.1800,62.2750,2381
2025-01-03 11:34:00,62.2700,62.3700,62.2400,62.3000,7969
2025-01-03 11:35:00,62.2400,62.3000,62.2000,62.2582,4656
2025-01-03 11:36:00,62.3200,62.3800,62.2583,62.3000,3856
2025-01-03 11:37:00,62.3150,62.3150,62.0800,62.0900,8715
2025-01-03 11:38:00,62.0700,62.1500,62.0000,62.1500,10412
2025-01-03 11:39:00,62.1750,62.2400,62.1000,62.2294,6012
2025-01-03 11:40:00,62.2600,62.3201,62.1715,62.1715,7428
2025-01-03 11:41:00,62.1700,62.1700,62.0701,62.1150,3152
2025-01-03 11:42:00,62.1600,62.2500,62.1110,62.2000,3730
2025-01-03 11:43:00,62.2000,62.2000,62.1100,62.1100,3113
2025-01-03 11:44:00,62.2400,62.3000,62.1900,62.2500,4698
2025-01-03 11:45:00,62.2150,62.2500,62.1500,62.2500,5993
2025-01-03 11:46:00,62.2300,62.2600,62.0500,62.1700,6987
2025-01-03 11:47:00,62.0900,62.0900,61.9100,62.0000,5011
2025-01-03 11:48:00,62.0399,62.1100,62.0000,62.0100,8795
2025-01-03 11:49:00,62.1200,62.2400,62.1200,62.2300,2114
2025-01-03 11:50:00,62.2050,62.2800,62.1842,62.2800,5322
2025-01-03 11:51:00,62.2470,62.2470,62.1101,62.1101,7539
2025-01-03 11:52:00,62.2200,62.2200,62.1700,62.2200,4648
2025-01-03 11:53:00,62.2200,62.4700,62.1900,62.4300,8481
2025-01-03 11:54:00,62.4200,62.4966,62.3900,62.3900,4742
2025-01-03 11:55:00,62.4000,62.5699,62.4000,62.4500,6755
2025-01-03 11:56:00,62.3600,62.3600,62.2200,62.2600,4602
2025-01-03 11:57:00,62.2600,62.3400,62.1946,62.3200,4200
2025-01-03 11:58:00,62.3599,62.3599,62.1600,62.2200,4924
2025-01-03 11:59:00,62.3200,62.4400,62.2925,62.4100,6604
2025-01-03 12:00:00,62.4300,62.4900,62.3800,62.4000,3261
2025-01-03 12:01:00,62.4350,62.5450,62.3800,62.5000,4668
2025-01-03 12:02:00,62.5900,62.5900,62.4232,62.4232,2751
2025-01-03 12:03:00,62.4650,62.5200,62.4500,62.4696,2603
2025-01-03 12:04:00,62.4650,62.6200,62.4650,62.6200,4091
2025-01-03 12:05:00,62.5400,62.5726,62.5000,62.5600,3134
2025-01-03 12:06:00,62.5600,62.6000,62.5600,62.5600,1960
2025-01-03 12:07:00,62.5600,62.6000,62.5000,62.5343,4663
2025-01-03 12:08:00,62.4802,62.4900,62.4300,62.4550,4283
2025-01-03 12:09:00,62.5100,62.6299,62.4783,62.6076,10804
2025-01-03 12:10:00,62.5000,62.5000,62.2900,62.3800,8010
2025-01-03 12:11:00,62.2989,62.3670,62.2989,62.3300,2237
2025-01-03 12:12:00,62.2900,62.3700,62.2600,62.3700,4757
2025-01-03 12:13:00,62.3600,62.3900,62.3400,62.3450,2424
2025-01-03 12:14:00,62.2900,62.4000,62.2900,62.3000,4132
2025-01-03 12:15:00,62.3100,62.5100,62.3100,62.4507,8004
2025-01-03 12:16:00,62.4800,62.5400,62.4800,62.5028,3798
2025-01-03 12:17:00,62.5000,62.5100,62.4500,62.4800,3244
2025-01-03 12:18:00,62.5121,62.5500,62.4656,62.5001,6374
2025-01-03 12:19:00,62.5100,62.6800,62.5000,62.5300,5041
2025-01-03 12:20:00,62.5350,62.5900,62.4700,62.5100,4925
2025-01-03 12:21:00,62.5400,62.5400,62.3350,62.4089,4549
2025-01-03 12:22:00,62.4170,62.4400,62.3500,62.4250,3229
2025-01-03 12:23:00,62.4544,62.4900,62.4082,62.4900,3794
2025-01-03 12:24:00,62.4326,62.5123,62.4326,62.5123,6921
2025-01-03 12:25:00,62.5120,62.6700,62.4584,62.5100,4033
2025-01-03 12:26:00,62.5720,62.6000,62.5078,62.5078,2268
2025-01-03 12:27:00,62.5750,62.5750,62.4400,62.4400,2954
2025-01-03 12:28:00,62.4900,62.4900,62.3900,62.3900,5811
2025-01-03 12:29:00,62.3100,62.4200,62.3100,62.4200,2330
2025-01-03 12:30:00,62.4500,62.5900,62.4500,62.4600,3559
2025-01-03 12:31:00,62.4000,62.4550,62.4000,62.4550,866
2025-01-03 12:32:00,62.5090,62.5090,62.3900,62.3900,1751
2025-01-03 12:33:00,62.4100,62.4500,62.3900,62.4500,2627
2025-01-03 12:34:00,62.3620,62.4700,62.3620,62.4600,1167
2025-01-03 12:35:00,62.4500,62.4500,62.4350,62.4350,675
2025-01-03 12:36:00,62.4300,62.4700,62.4000,62.4700,2519
2025-01-03 12:37:00,62.4188,62.5099,62.4188,62.4400,1949
2025-01-03 12:38:00,62.4500,62.4900,62.4000,62.4392,1970
2025-01-03 12:39:00,62.4900,62.5300,62.4400,62.4500,2947
2025-01-03 12:40:00,62.5300,62.5400,62.4000,62.4427,4739
2025-01-03 12:41:00,62.4900,62.4900,62.3401,62.3500,2161
2025-01-03 12:42:00,62.3500,62.4200,62.3300,62.3500,4088
2025-01-03 12:43:00,62.3850,62.4200,62.2899,62.2899,5053
2025-01-03 12:44:00,62.3000,62.3400,62.2150,62.3300,12176
2025-01-03 12:45:00,62.2201,62.2300,62.1100,62.1699,13142
2025-01-03 12:46:00,62.1700,62.2199,62.1200,62.1200,6397
2025-01-03 12:47:00,62.2200,62.2200,62.0700,62.0700,6515
2025-01-03 12:48:00,62.1500,62.2300,62.0600,62.2000,8661
2025-01-03 12:49:00,62.2250,62.2250,62.1900,62.2250,2703
2025-01-03 12:50:00,62.2250,62.2400,62.0325,62.0400,9683
2025-01-03 12:51:00,62.0300,62.0600,61.9500,61.9900,11012
2025-01-03 12:52:00,62.0000,62.0000,61.9500,61.9500,2989
2025-01-03 12:53:00,61.9150,61.9175,61.8400,61.8775,10386
2025-01-03 12:54:00,61.8400,61.8600,61.8033,61.8400,2178
2025-01-03 12:55:00,61.8342,61.8889,61.8101,61.8101,7673
2025-01-03 12:56:00,61.8100,61.8900,61.8100,61.8201,4245
2025-01-03 12:57:00,61.8839,61.8900,61.6901,61.7170,19056
2025-01-03 12:58:00,61.7150,61.8199,61.7100,61.7900,6583
2025-01-03 12:59:00,61.7430,61.9092,61.7430,61.8113,5260
2025-01-03 13:00:00,61.8200,61.9800,61.8200,61.8704,6573
2025-01-03 13:01:00,61.8600,62.1400,61.8600,62.0501,6682
2025-01-03 13:02:00,62.0616,62.3400,62.0616,62.3400,15791
2025-01-03 13:03:00,62.2900,62.5600,62.2900,62.4000,17078
2025-01-03 13:04:00,62.4300,62.4700,62.3749,62.4607,8346
2025-01-03 13:05:00,62.3301,62.4200,62.2425,62.3793,5387
2025-01-03 13:06:00,62.4300,62.4300,62.3700,62.3773,3601
2025-01-03 13:07:00,62.4300,62.5799,62.3397,62.5200,5971
2025-01-03 13:08:00,62.4700,62.5594,62.3100,62.3700,7433
2025-01-03 13:09:00,62.2860,62.3693,62.2700,62.2700,3133
2025-01-03 13:10:00,62.3500,62.3500,62.1900,62.3100,3240
2025-01-03 13:11:00,62.1911,62.1911,62.1900,62.1900,1686
2025-01-03 13:12:00,62.1950,62.4300,62.1800,62.4086,7039
2025-01-03 13:13:00,62.4100,62.4600,62.3600,62.3691,5282
2025-01-03 13:14:00,62.4700,62.6500,62.4700,62.6100,14308
2025-01-03 13:15:00,62.5694,62.6200,62.4600,62.5200,6725
2025-01-03 13:16:00,62.5495,62.5495,62.5200,62.5200,2137
2025-01-03 13:17:00,62.5639,62.5639,62.4500,62.4887,12319
2025-01-03 13:18:00,62.4900,62.5000,62.4100,62.4496,2897
2025-01-03 13:19:00,62.4250,62.5700,62.4200,62.5700,6787
2025-01-03 13:20:00,62.5400,62.7099,62.5400,62.6391,12294
2025-01-03 13:21:00,62.7000,62.7400,62.5700,62.5700,2593
2025-01-03 13:22:00,62.5783,62.6564,62.5700,62.5820,2950
2025-01-03 13:23:00,62.5554,62.6450,62.5554,62.6364,2552
2025-01-03 13:24:00,62.6450,62.6850,62.6100,62.6700,2808
2025-01-03 13:25:00,62.6700,62.7300,62.6559,62.7000,3689
2025-01-03 13:26:00,62.6670,62.7499,62.6300,62.6800,3671
2025-01-03 13:27:00,62.6727,62.7400,62.6300,62.7400,2933
2025-01-03 13:28:00,62.7500,62.8350,62.7300,62.7600,14298
2025-01-03 13:29:00,62.8050,62.8900,62.7600,62.8760,6254
2025-01-03 13:30:00,62.8700,62.8700,62.7600,62.8500,6240
2025-01-03 13:31:00,62.7800,62.8400,62.7800,62.8100,1836
2025-01-03 13:32:00,62.8500,62.8700,62.7732,62.7732,3015
2025-01-03 13:33:00,62.8400,62.8400,62.6800,62.7700,5855
2025-01-03 13:34:00,62.7371,62.9400,62.7300,62.9400,10922
2025-01-03 13:35:00,62.9100,62.9200,62.8100,62.9200,4244
2025-01-03 13:36:00,62.9500,62.9900,62.8538,62.9700,5993
2025-01-03 13:37:00,62.8600,62.9899,62.8600,62.9899,1890
2025-01-03 13:38:00,62.9500,63.0300,62.8600,63.0300,9653
2025-01-03 13:39:00,63.0300,63.0300,62.9850,63.0000,1540
2025-01-03 13:40:00,62.9800,63.1500,62.9572,63.1500,18138
2025-01-03 13:41:00,63.1400,63.1400,63.0608,63.0608,3897
2025-01-03 13:42:00,63.0937,63.0950,62.9800,62.9800,5398
2025-01-03 13:43:00,63.0141,63.0400,62.9600,63.0322,7458
2025-01-03 13:44:00,63.0250,63.0500,63.0000,63.0029,3674
2025-01-03 13:45:00,63.0000,63.0300,63.0000,63.0300,3259
2025-01-03 13:46:00,63.0076,63.1800,63.0076,63.1400,24405
2025-01-03 13:47:00,63.1400,63.1500,63.0754,63.0754,5158
2025-01-03 13:48:00,63.1059,63.3800,63.1000,63.3800,20386
2025-01-03 13:49:00,63.2854,63.4000,63.2854,63.3400,7932
2025-01-03 13:50:00,63.3212,63.3800,63.2800,63.2900,8082
2025-01-03 13:51:00,63.3200,63.3400,63.2100,63.2250,11569
2025-01-03 13:52:00,63.2000,63.2250,63.1243,63.1243,5898
2025-01-03 13:53:00,63.1800,63.3100,63.1200,63.2850,16905
2025-01-03 13:54:00,63.2850,63.3585,63.2500,63.2500,3469
2025-01-03 13:55:00,63.2500,63.3200,63.2000,63.2500,7460
2025-01-03 13:56:00,63.2389,63.2389,62.9790,62.9790,6161
2025-01-03 13:57:00,62.9850,63.0000,62.9550,63.0000,1405
2025-01-03 13:58:00,62.9197,63.0700,62.9197,63.0450,10709
2025-01-03 13:59:00,63.0450,63.1700,63.0100,63.0750,10433
2025-01-03 14:00:00,63.0700,63.2600,63.0200,63.1500,6029
2025-01-03 14:01:00,63.1301,63.2900,63.1301,63.2110,5567
2025-01-03 14:02:00,63.2900,63.3300,63.2000,63.3300,3426
2025-01-03 14:03:00,63.3300,63.3300,63.2102,63.2102,3106
2025-01-03 14:04:00,63.2650,63.3200,63.2113,63.2600,3146
2025-01-03 14:05:00,63.2600,63.3500,63.2550,63.2900,10709
2025-01-03 14:06:00,63.2220,63.3400,63.2100,63.3050,8233
2025-01-03 14:07:00,63.3700,63.4000,63.3600,63.3600,2673
2025-01-03 14:08:00,63.3600,63.4980,63.3600,63.4488,6152
2025-01-03 14:09:00,63.4339,63.4500,63.3950,63.4450,3861
2025-01-03 14:10:00,63.4450,63.4450,63.3500,63.4050,3576
2025-01-03 14:11:00,63.3700,63.3800,63.2201,63.3350,7735
2025-01-03 14:12:00,63.3350,63.3700,63.2800,63.2886,2846
2025-01-03 14:13:00,63.3570,63.3570,63.2800,63.2801,2987
2025-01-03 14:14:00,63.2889,63.4300,63.2800,63.3600,6559
2025-01-03 14:15:00,63.4000,63.4200,63.3100,63.4200,3983
2025-01-03 14:16:00,63.4000,63.4000,63.3750,63.3750,1262
2025-01-03 14:17:00,63.4000,63.4500,63.3200,63.4400,11006
2025-01-03 14:18:00,63.4150,63.4300,63.3400,63.3886,5534
2025-01-03 14:19:00,63.3800,63.5100,63.3800,63.4500,9126
2025-01-03 14:20:00,63.4900,63.5300,63.4100,63.4550,5511
2025-01-03 14:21:00,63.3900,63.4500,63.3700,63.4200,2536
2025-01-03 14:22:00,63.3800,63.3800,63.3200,63.3800,2592
2025-01-03 14:23:00,63.3600,63.3870,63.3300,63.3494,4083
2025-01-03 14:24:00,63.3800,63.4100,63.3200,63.4000,2908
2025-01-03 14:25:00,63.4100,63.4100,63.2900,63.2900,1690
2025-01-03 14:26:00,63.3000,63.3900,63.2700,63.3900,3977
2025-01-03 14:27:00,63.4000,63.4000,63.3075,63.3799,1446
2025-01-03 14:28:00,63.3600,63.3800,63.3300,63.3800,1554
2025-01-03 14:29:00,63.4100,63.4999,63.3700,63.3790,7161
2025-01-03 14:30:00,63.3850,63.4300,63.3850,63.3950,1168
2025-01-03 14:31:00,63.4200,63.4200,63.3950,63.4000,581
2025-01-03 14:32:00,63.3900,63.4500,63.3900,63.4400,4558
2025-01-03 14:33:00,63.4700,63.5100,63.4700,63.5100,3850
2025-01-03 14:34:00,63.5200,63.6300,63.5050,63.6300,7794
2025-01-03 14:35:00,63.5400,63.5900,63.4700,63.4800,6419
2025-01-03 14:36:00,63.5100,63.6100,63.3700,63.4200,8882
2025-01-03 14:37:00,63.4000,63.4700,63.3400,63.3900,9622
2025-01-03 14:38:00,63.3700,63.4493,63.3700,63.4493,673
2025-01-03 14:39:00,63.4200,63.4400,63.4200,63.4400,1603
2025-01-03 14:40:00,63.3900,63.4500,63.3900,63.4500,1407
2025-01-03 14:41:00,63.4900,63.4900,63.4100,63.4100,1768
2025-01-03 14:42:00,63.4700,63.4800,63.4286,63.4286,965
2025-01-03 14:43:00,63.3700,63.4800,63.3700,63.4059,2980
2025-01-03 14:44:00,63.4300,63.4500,63.4072,63.4250,2756
2025-01-03 14:45:00,63.4400,63.4400,63.3800,63.3800,3298
2025-01-03 14:46:00,63.4300,63.4900,63.4162,63.4550,3722
2025-01-03 14:47:00,63.4511,63.4900,63.3401,63.3800,5279
2025-01-03 14:48:00,63.4033,63.4400,63.3573,63.3573,2202
2025-01-03 14:49:00,63.4350,63.5200,63.4301,63.4400,4350
2025-01-03 14:50:00,63.4657,63.5100,63.4301,63.4301,2396
2025-01-03 14:51:00,63.4650,63.4650,63.4000,63.4381,3852
2025-01-03 14:52:00,63.4312,63.4699,63.4009,63.4699,2409
2025-01-03 14:53:00,63.4000,63.4500,63.3265,63.3265,6842
2025-01-03 14:54:00,63.4000,63.5300,63.4000,63.4850,9519
2025-01-03 14:55:00,63.5300,63.5700,63.4500,63.4501,3872
2025-01-03 14:56:00,63.5100,63.5100,63.5099,63.5099,1826
2025-01-03 14:57:00,63.5700,63.6500,63.5501,63.6404,4762
2025-01-03 14:58:00,63.6800,63.7500,63.6100,63.7200,6072
2025-01-03 14:59:00,63.7200,63.7800,63.7054,63.7800,3527
2025-01-03 15:00:00,63.7100,63.7100,63.5200,63.6400,7467
2025-01-03 15:01:00,63.6000,63.6000,63.5823,63.5850,1791
2025-01-03 15:02:00,63.5400,63.6200,63.5400,63.5700,3646
2025-01-03 15:03:00,63.5500,63.5500,63.4400,63.4950,5394
2025-01-03 15:04:00,63.4950,63.6400,63.4950,63.5200,4276
2025-01-03 15:05:00,63.4800,63.4900,63.3800,63.3800,3447
2025-01-03 15:06:00,63.3800,63.3800,63.3600,63.3600,948
2025-01-03 15:07:00,63.3900,63.4859,63.3900,63.4829,3335
2025-01-03 15:08:00,63.4891,63.5400,63.4767,63.5400,3926
2025-01-03 15:09:00,63.5400,63.5600,63.5159,63.5600,5563
2025-01-03 15:10:00,63.5700,63.6400,63.5700,63.6400,4023
2025-01-03 15:11:00,63.6100,63.6800,63.6100,63.6400,3187
2025-01-03 15:12:00,63.5900,63.7000,63.5900,63.6574,20630
2025-01-03 15:13:00,63.6500,63.7400,63.6500,63.7400,8713
2025-01-03 15:14:00,63.7400,63.8500,63.7400,63.8400,7882
2025-01-03 15:15:00,63.8100,63.8400,63.7500,63.8400,10811
2025-01-03 15:16:00,63.8300,63.8800,63.8200,63.8300,5737
2025-01-03 15:17:00,63.8100,64.0000,63.7800,64.0000,18940
2025-01-03 15:18:00,63.9900,64.0500,63.9800,63.9800,12378
2025-01-03 15:19:00,64.0100,64.0800,64.0100,64.0800,6797
2025-01-03 15:20:00,64.1000,64.1599,64.0200,64.1350,13531
2025-01-03 15:21:00,64.1350,64.1350,64.0200,64.0790,13440
2025-01-03 15:22:00,64.0800,64.1501,64.0200,64.0900,21583
2025-01-03 15:23:00,64.1100,64.1700,64.0600,64.0600,11669
2025-01-03 15:24:00,64.0682,64.2483,64.0682,64.1500,19028
2025-01-03 15:25:00,64.1900,64.2500,64.1500,64.2500,8276
2025-01-03 15:26:00,64.2500,64.3500,64.2500,64.3001,8975
2025-01-03 15:27:00,64.3500,64.3800,64.2700,64.3300,9976
2025-01-03 15:28:00,64.3360,64.3900,64.2400,64.2602,12355
2025-01-03 15:29:00,64.2608,64.3700,64.2608,64.3400,5988
2025-01-03 15:30:00,64.3550,64.4900,64.3200,64.4300,36300
2025-01-03 15:31:00,64.4427,64.5700,64.4200,64.4650,21112
2025-01-03 15:32:00,64.4983,64.5200,64.4200,64.4449,10084
2025-01-03 15:33:00,64.4200,64.4500,64.4200,64.4450,2607
2025-01-03 15:34:00,64.4800,64.6199,64.4450,64.6199,13983
2025-01-03 15:35:00,64.5600,64.6000,64.5000,64.5250,9839
2025-01-03 15:36:00,64.5000,64.5100,64.4432,64.5100,5043
2025-01-03 15:37:00,64.5100,64.6700,64.5000,64.6700,11309
2025-01-03 15:38:00,64.7000,64.7500,64.6900,64.7300,11134
2025-01-03 15:39:00,64.7500,64.7800,64.6807,64.7000,12727
2025-01-03 15:40:00,64.6800,64.7200,64.6200,64.6800,15023
2025-01-03 15:41:00,64.6800,64.7600,64.6600,64.7500,15961
2025-01-03 15:42:00,64.7400,64.7500,64.6500,64.7100,13374
2025-01-03 15:43:00,64.6900,64.7500,64.6600,64.7050,4940
2025-01-03 15:44:00,64.6728,64.7500,64.5900,64.6234,21934
2025-01-03 15:45:00,64.6200,64.7500,64.6200,64.7100,7276
2025-01-03 15:46:00,64.7100,64.7900,64.6900,64.7400,10555
2025-01-03 15:47:00,64.7400,64.8400,64.7000,64.8150,15954
2025-01-03 15:48:00,64.8150,64.9000,64.7500,64.7700,18092
2025-01-03 15:49:00,64.7700,64.7953,64.6800,64.6900,12779
2025-01-03 15:50:00,64.6600,64.7375,64.6200,64.6950,11858
2025-01-03 15:51:00,64.6600,64.6600,64.5200,64.6550,9465
2025-01-03 15:52:00,64.6300,64.6799,64.5200,64.5350,17098
2025-01-03 15:53:00,64.5193,64.6800,64.5193,64.6300,14041
2025-01-03 15:54:00,64.5800,64.6100,64.4500,64.5250,24505
2025-01-03 15:55:00,64.4600,64.4650,64.0900,64.2501,67541
2025-01-03 15:56:00,64.2500,64.2535,64.1800,64.1900,38574
2025-01-03 15:57:00,64.1950,64.2400,64.1300,64.1300,33919
2025-01-03 15:58:00,64.1600,64.1700,64.0300,64.0400,64306
2025-01-03 15:59:00,64.0400,64.0800,64.0100,64.0800,77775
2025-01-03 16:00:00,64.0800,64.7400,64.0800,64.1100,883812
2025-01-03 16:01:00,64.0800,64.7300,64.0800,64.1000,594
2025-01-03 16:02:00,64.7300,64.7300,64.7300,64.7300,20
2025-01-03 16:03:00,64.4700,64.6600,64.4700,64.6600,18
2025-01-03 16:05:00,64.0800,64.5400,64.0800,64.5400,442
2025-01-03 16:06:00,64.5500,64.5500,64.5500,64.5500,26
2025-01-03 16:07:00,64.5200,64.5200,64.5200,64.5200,40
2025-01-03 16:08:00,64.1201,64.1201,64.1201,64.1201,5
2025-01-03 16:09:00,64.2600,64.2600,64.1200,64.1200,43
2025-01-03 16:10:00,64.1600,64.1600,64.1300,64.1307,101
2025-01-03 16:11:00,64.1300,64.1500,64.1200,64.1500,505
2025-01-03 16:12:00,64.1000,64.1000,64.1000,64.1000,40
2025-01-03 16:13:00,64.2500,64.2500,64.1000,64.1000,161
2025-01-03 16:14:00,64.1500,64.5500,64.1500,64.5500,115
2025-01-03 16:15:00,64.0800,64.0800,64.0800,64.0800,2
2025-01-03 16:16:00,64.1000,64.5500,64.1000,64.5500,25
2025-01-03 16:17:00,64.2500,64.2500,64.2500,64.2500,77
2025-01-03 16:19:00,64.1000,64.2000,64.1000,64.2000,512
2025-01-03 16:20:00,64.2000,64.2000,64.1000,64.1000,305
2025-01-03 16:21:00,64.1500,64.5380,64.1500,64.2000,770
2025-01-03 16:22:00,64.1700,64.2000,64.1700,64.1800,414
2025-01-03 16:24:00,64.0800,64.0800,64.0800,64.0800,150
2025-01-03 16:25:00,64.0800,64.0800,64.0800,64.0800,75
2025-01-03 16:26:00,64.1700,64.2000,64.1700,64.2000,342
2025-01-03 16:27:00,64.0800,64.0800,64.0800,64.0800,2
2025-01-03 16:28:00,64.2000,64.4000,64.2000,64.2500,2051
2025-01-03 16:30:00,64.2500,64.2500,64.2500,64.2500,100
2025-01-03 16:31:00,64.2500,64.4000,64.2500,64.4000,200
2025-01-03 16:33:00,64.0800,64.0800,64.0800,64.0800,2939
2025-01-03 16:34:00,64.2100,64.2100,64.2100,64.2100,47
2025-01-03 16:35:00,64.2500,64.2500,64.2500,64.2500,100
2025-01-03 16:36:00,64.2100,64.2100,64.2100,64.2100,10
2025-01-03 16:37:00,64.2100,64.3600,64.2100,64.3600,401
2025-01-03 16:44:00,64.0800,64.4000,64.0800,64.3400,33593
2025-01-03 16:47:00,64.4000,64.4000,64.3999,64.3999,4
2025-01-03 16:48:00,64.2900,64.2900,64.2900,64.2900,10
2025-01-03 16:49:00,64.2500,64.2500,64.2500,64.2500,29
2025-01-03 16:50:00,64.3000,64.3000,64.3000,64.3000,25
2025-01-03 16:51:00,64.0800,64.0800,64.0800,64.0800,7
2025-01-03 16:56:00,64.2100,64.2100,64.2100,64.2100,5
2025-01-03 16:59:00,64.2100,64.2100,64.1900,64.2000,41
2025-01-03 17:00:00,64.2000,64.2200,64.1700,64.2200,75
2025-01-03 17:01:00,64.2000,64.2000,64.2000,64.2000,100
2025-01-03 17:02:00,64.1700,64.1800,64.1700,64.1800,22
2025-01-03 17:04:00,64.2000,64.2400,64.2000,64.2400,32
2025-01-03 17:06:00,64.3000,64.3000,64.3000,64.3000,25
2025-01-03 17:07:00,64.2900,64.2900,64.2900,64.2900,140
2025-01-03 17:09:00,64.2867,64.2867,64.2800,64.2800,20
2025-01-03 17:12:00,64.2400,64.2400,64.2400,64.2400,2
2025-01-03 17:13:00,64.2000,64.2000,64.2000,64.2000,8
2025-01-03 17:14:00,64.2000,64.2000,64.2000,64.2000,1
2025-01-03 17:16:00,64.1900,64.2000,64.1900,64.2000,183
2025-01-03 17:17:00,64.2800,64.2899,64.1900,64.1900,66
2025-01-03 17:18:00,64.2900,64.2900,64.2900,64.2900,5
2025-01-03 17:22:00,64.2900,64.2900,64.0800,64.2900,78012
2025-01-03 17:24:00,64.1900,64.1900,64.1900,64.1900,5
2025-01-03 17:28:00,64.2400,64.2400,64.2300,64.2300,113
2025-01-03 17:30:00,64.2000,64.2000,64.2000,64.2000,11
2025-01-03 17:31:00,64.2000,64.2000,64.1500,64.1500,293
2025-01-03 17:32:00,64.1100,64.1100,64.1100,64.1100,147
2025-01-03 17:33:00,64.1490,64.1490,64.1490,64.1490,1
2025-01-03 17:34:00,64.1100,64.1100,64.1100,64.1100,1
2025-01-03 17:37:00,64.1400,64.1500,64.1400,64.1500,200
2025-01-03 17:39:00,64.1500,64.1500,64.1500,64.1500,5
2025-01-03 17:42:00,64.1500,64.1500,64.1500,64.1500,604
2025-01-03 17:43:00,64.1000,64.2300,64.1000,64.2300,3
2025-01-03 17:44:00,64.2000,64.2900,64.1300,64.2900,13
2025-01-03 17:45:00,64.2408,64.2408,64.2408,64.2408,100
2025-01-03 17:46:00,64.1000,64.1000,64.1000,64.1000,253
2025-01-03 17:48:00,64.2300,64.2500,64.2300,64.2500,92
2025-01-03 17:49:00,64.2895,64.2900,64.2000,64.2000,1023
2025-01-03 17:50:00,64.2200,64.2400,64.2200,64.2400,43
2025-01-03 17:51:00,64.2900,64.2900,64.2900,64.2900,75
2025-01-03 17:52:00,64.2400,64.2400,64.1500,64.1500,141
2025-01-03 17:54:00,64.4000,64.4000,64.4000,64.4000,3
2025-01-03 17:55:00,64.1500,64.1500,64.1500,64.1500,25
2025-01-03 17:57:00,64.2100,64.2100,64.2000,64.2000,100
2025-01-03 17:58:00,64.4000,64.4000,64.4000,64.4000,500
2025-01-03 18:01:00,64.2500,64.2500,64.2500,64.2500,14
2025-01-03 18:02:00,64.2500,64.2900,64.2500,64.2900,595
2025-01-03 18:03:00,64.2500,64.2500,64.2500,64.2500,30
2025-01-03 18:05:00,64.4000,64.4000,64.4000,64.4000,10
2025-01-03 18:07:00,64.2800,64.2800,64.2800,64.2800,1
2025-01-03 18:08:00,64.2800,64.2800,64.2800,64.2800,1
2025-01-03 18:09:00,64.2500,64.2500,64.2500,64.2500,500
2025-01-03 18:12:00,64.3000,64.3000,64.3000,64.3000,2
2025-01-03 18:14:00,64.2800,64.2800,64.2800,64.2800,18
2025-01-03 18:17:00,64.2200,64.2200,64.2200,64.2200,100
2025-01-03 18:18:00,64.2000,64.2000,64.1500,64.1500,103
2025-01-03 18:20:00,64.2000,64.2000,64.2000,64.2000,9
2025-01-03 18:26:00,64.1000,64.1100,64.1000,64.1100,10
2025-01-03 18:27:00,64.1900,64.2000,64.1900,64.2000,76
2025-01-03 18:29:00,64.2500,64.2500,64.2500,64.2500,100
2025-01-03 18:30:00,64.3000,64.3000,64.3000,64.3000,1
2025-01-03 18:31:00,64.2500,64.2500,64.2500,64.2500,50
2025-01-03 18:32:00,64.2900,64.2900,64.2900,64.2900,8
2025-01-03 18:33:00,64.2960,64.2960,64.2960,64.2960,5
2025-01-03 18:34:00,64.2600,64.3806,64.2500,64.3806,150
2025-01-03 18:35:00,64.2500,64.3000,64.2500,64.3000,175
2025-01-03 18:37:00,64.3500,64.3500,64.3500,64.3500,25
2025-01-03 18:39:00,64.3500,64.4500,64.3200,64.4000,693
2025-01-03 18:43:00,64.2000,64.2000,64.2000,64.2000,50
2025-01-03 18:44:00,64.5000,64.5000,64.3000,64.3000,602
2025-01-03 18:45:00,64.3492,64.3492,64.3492,64.3492,35
2025-01-03 18:47:00,64.3400,64.3500,64.3400,64.3500,200
2025-01-03 18:49:00,64.3400,64.3400,64.3400,64.3400,1
2025-01-03 18:52:00,64.3500,64.3500,64.2000,64.2000,21
2025-01-03 18:53:00,64.3000,64.3000,64.3000,64.3000,50
2025-01-03 18:55:00,64.3500,64.3500,64.3500,64.3500,4
2025-01-03 18:56:00,64.3100,64.3100,64.3100,64.3100,4
2025-01-03 18:57:00,64.3500,64.3500,64.3500,64.3500,20
2025-01-03 19:01:00,64.3500,64.3500,64.3500,64.3500,5
2025-01-03 19:06:00,64.3400,64.3400,64.3400,64.3400,50
2025-01-03 19:07:00,64.3100,64.3100,64.3100,64.3100,5
2025-01-03 19:08:00,64.3100,64.3488,64.3100,64.3488,21
2025-01-03 19:09:00,64.3500,64.3500,64.3500,64.3500,1
2025-01-03 19:19:00,64.3500,64.3500,64.3500,64.3500,1
2025-01-03 19:22:00,64.3100,64.7400,64.3100,64.3100,22
2025-01-03 19:23:00,64.7400,64.7400,64.7400,64.7400,10000
2025-01-03 19:24:00,64.3400,64.4000,64.3400,64.3500,415
2025-01-03 19:25:00,64.3500,64.5000,64.3500,64.4900,2079
2025-01-03 19:27:00,64.5000,64.5000,64.4000,64.4000,6
2025-01-03 19:29:00,64.5000,64.5000,64.4000,64.4000,313
2025-01-03 19:31:00,64.4000,64.4000,64.4000,64.4000,1
2025-01-03 19:37:00,64.7400,64.7400,64.7400,64.7400,20
2025-01-03 19:43:00,64.3000,64.3000,64.2100,64.2100,500
2025-01-03 19:46:00,64.2100,64.2100,64.2100,64.2100,7
2025-01-03 19:47:00,64.3900,64.3900,64.3900,64.3900,1
2025-01-03 19:48:00,64.4000,64.4000,64.4000,64.4000,1
2025-01-03 19:49:00,64.3900,64.3900,64.3900,64.3900,2
2025-01-03 19:53:00,64.2000,64.2000,64.2000,64.2000,21
2025-01-03 19:54:00,64.3700,64.3700,64.2400,64.2500,40
2025-01-03 19:55:00,64.7400,64.7400,64.7400,64.7400,100
2025-01-03 19:56:00,64.3500,64.6700,64.3500,64.3500,97
2025-01-03 19:57:00,64.3500,64.4000,64.2500,64.2500,21
2025-01-03 19:58:00,64.6800,64.7083,64.6800,64.7083,80
2025-01-03 19:59:00,64.4000,64.6800,64.3400,64.6800,412
2025-01-06 04:00:00,64.8800,65.1700,64.8100,64.8800,96
2025-01-06 04:01:00,64.8800,65.1700,64.6000,65.1700,327
2025-01-06 04:02:00,64.7000,64.8900,64.7000,64.8900,5
2025-01-06 04:06:00,64.6800,64.6800,64.6800,64.6800,12
2025-01-06 04:08:00,64.6100,64.6100,64.6100,64.6100,10
2025-01-06 04:15:00,64.6400,64.6400,64.6400,64.6400,29
2025-01-06 04:18:00,64.7300,64.7400,64.7300,64.7400,38
2025-01-06 04:19:00,64.7500,64.9000,64.6600,64.8200,344
2025-01-06 04:20:00,64.8900,64.8900,64.8900,64.8900,5
2025-01-06 04:21:00,64.8900,64.8900,64.6400,64.6400,169
2025-01-06 04:23:00,64.8000,64.9000,64.8000,64.9000,697
2025-01-06 04:24:00,64.8900,64.8900,64.8900,64.8900,5
2025-01-06 04:25:00,64.8200,64.8200,64.8200,64.8200,16
2025-01-06 04:26:00,64.8000,64.8000,64.6700,64.6700,116
2025-01-06 04:27:00,64.8000,64.8000,64.7800,64.7800,50
2025-01-06 04:28:00,64.8000,64.8000,64.8000,64.8000,2
2025-01-06 04:30:00,64.7300,64.8500,64.6700,64.8500,864
2025-01-06 04:31:00,64.8800,64.8800,64.8500,64.8500,31
2025-01-06 04:32:00,64.8500,64.9100,64.8500,64.9100,58
2025-01-06 04:34:00,64.9000,65.2300,64.8500,64.8500,440
2025-01-06 04:35:00,65.1600,65.1600,65.1600,65.1600,5
2025-01-06 04:37:00,65.0000,65.2500,64.9400,64.9900,609
2025-01-06 04:38:00,65.0200,65.0200,64.9900,64.9900,80
2025-01-06 04:39:00,64.9900,64.9900,64.9000,64.9000,146
2025-01-06 04:40:00,64.9000,64.9000,64.9000,64.9000,50
2025-01-06 04:42:00,64.9000,64.9900,64.8200,64.8200,17
2025-01-06 04:43:00,64.9100,64.9100,64.9100,64.9100,16
2025-01-06 04:44:00,64.9000,64.9200,64.9000,64.9200,203
2025-01-06 04:46:00,65.1200,65.1200,65.1200,65.1200,40
2025-01-06 04:47:00,65.1200,65.1200,65.1100,65.1100,7
2025-01-06 04:48:00,65.0500,65.1200,65.0500,65.1200,30
2025-01-06 04:50:00,65.0500,65.0500,65.0500,65.0500,31
2025-01-06 04:51:00,65.0300,65.0300,64.6400,64.6500,1319
2025-01-06 04:53:00,64.8900,64.8900,64.8900,64.8900,11
2025-01-06 04:55:00,64.8900,64.8900,64.8900,64.8900,1
2025-01-06 04:56:00,64.6600,64.6600,64.6600,64.6600,5
2025-01-06 04:58:00,64.8700,64.8900,64.8700,64.8900,504
2025-01-06 05:02:00,64.8700,64.8700,64.8700,64.8700,5
2025-01-06 05:04:00,64.8200,64.8700,64.8200,64.8700,79
2025-01-06 05:05:00,64.8800,64.9000,64.8800,64.9000,52
2025-01-06 05:06:00,64.8900,64.8900,64.7600,64.7600,10
2025-01-06 05:08:00,64.8900,64.9900,64.8800,64.9900,34
2025-01-06 05:13:00,64.8900,64.8900,64.8900,64.8900,9
2025-01-06 05:19:00,64.8600,64.8600,64.8600,64.8600,20
2025-01-06 05:23:00,64.8800,64.8800,64.8800,64.8800,45
2025-01-06 05:24:00,64.8800,64.8800,64.8600,64.8600,32
2025-01-06 05:26:00,64.8300,64.8300,64.8300,64.8300,10
2025-01-06 05:27:00,64.8300,64.8300,64.8300,64.8300,10
2025-01-06 05:28:00,64.8300,64.9000,64.8300,64.9000,167
2025-01-06 05:35:00,64.8300,64.8300,64.8300,64.8300,10
2025-01-06 05:38:00,64.8900,64.8900,64.8200,64.8200,189
2025-01-06 05:43:00,64.8600,64.8700,64.8600,64.8700,19
2025-01-06 05:44:00,64.8000,64.8000,64.7700,64.7700,10
2025-01-06 05:46:00,64.8200,64.8200,64.8200,64.8200,38
2025-01-06 05:47:00,64.8400,64.8600,64.8400,64.8600,155
2025-01-06 05:48:00,64.8100,64.8200,64.8000,64.8200,42
2025-01-06 05:50:00,64.8200,64.8400,64.8200,64.8400,60
2025-01-06 05:52:00,64.8400,64.8600,64.8200,64.8600,142
2025-01-06 05:54:00,64.8000,64.8000,64.7600,64.7600,200
2025-01-06 05:56:00,64.8000,64.8000,64.8000,64.8000,2
2025-01-06 05:57:00,64.8100,64.8100,64.8000,64.8000,82
2025-01-06 05:58:00,64.8000,64.8000,64.7500,64.7500,393
2025-01-06 05:59:00,64.7500,64.7500,64.7500,64.7500,10
2025-01-06 06:00:00,64.7600,64.7600,64.7600,64.7600,15
2025-01-06 06:02:00,64.7500,64.7500,64.7000,64.7000,614
2025-01-06 06:06:00,64.7800,64.7900,64.7700,64.7700,65
2025-01-06 06:08:00,64.7600,64.7600,64.7600,64.7600,50
2025-01-06 06:19:00,64.8000,64.8000,64.8000,64.8000,5
2025-01-06 06:20:00,64.8500,64.8700,64.7600,64.7600,105
2025-01-06 06:21:00,64.7600,64.8800,64.7600,64.8800,316
2025-01-06 06:22:00,64.7800,64.7800,64.7800,64.7800,12
2025-01-06 06:24:00,64.8700,64.8700,64.8700,64.8700,16
2025-01-06 06:26:00,64.8700,64.8700,64.8700,64.8700,3
2025-01-06 06:27:00,64.8800,64.8800,64.8800,64.8800,6
2025-01-06 06:28:00,64.8900,64.9300,64.8900,64.9300,20
2025-01-06 06:30:00,64.8700,64.8900,64.8700,64.8900,23
2025-01-06 06:32:00,64.9400,64.9400,64.9400,64.9400,8
2025-01-06 06:33:00,64.9100,64.9700,64.9100,64.9700,113
2025-01-06 06:35:00,64.9800,64.9800,64.9800,64.9800,40
2025-01-06 06:37:00,64.9800,64.9900,64.9800,64.9900,252
2025-01-06 06:38:00,65.0000,65.0000,65.0000,65.0000,200
2025-01-06 06:39:00,65.0000,65.0600,64.9900,65.0600,417
2025-01-06 06:41:00,65.0200,65.0200,65.0200,65.0200,2
2025-01-06 06:43:00,65.1600,65.1600,65.1600,65.1600,6
2025-01-06 06:46:00,65.1900,65.1900,65.1900,65.1900,27
2025-01-06 06:47:00,65.1900,65.1900,65.1900,65.1900,100
2025-01-06 06:48:00,65.1600,65.1700,65.1300,65.1300,210
2025-01-06 06:49:00,65.2000,65.2000,65.2000,65.2000,6
2025-01-06 06:50:00,65.3500,65.5000,65.3400,65.3400,403
2025-01-06 06:51:00,65.5000,65.7000,65.4300,65.5100,452
2025-01-06 06:53:00,65.7500,65.7500,65.5000,65.5000,17
2025-01-06 06:54:00,65.7900,65.7900,65.7900,65.7900,10
2025-01-06 06:55:00,65.4200,65.5100,65.4200,65.5000,108
2025-01-06 06:59:00,65.7700,65.7700,65.7700,65.7700,80
2025-01-06 07:00:00,65.4600,65.7300,65.4600,65.4600,15
2025-01-06 07:03:00,65.7500,65.8100,65.6400,65.6400,2539
2025-01-06 07:04:00,65.7800,65.7800,65.7800,65.7800,1
2025-01-06 07:07:00,65.6600,65.6600,65.6500,65.6500,100
2025-01-06 07:08:00,65.7800,65.7800,65.7800,65.7800,10
2025-01-06 07:09:00,65.7500,65.7500,65.6500,65.6500,284
2025-01-06 07:10:00,65.6100,65.7000,65.5900,65.7000,506
2025-01-06 07:11:00,65.7000,65.7000,65.7000,65.7000,19
2025-01-06 07:12:00,65.5700,65.5700,65.5700,65.5700,16
2025-01-06 07:14:00,65.7000,65.7000,65.7000,65.7000,8
2025-01-06 07:16:00,65.6600,65.6700,65.5600,65.5600,343
2025-01-06 07:18:00,65.5600,65.5600,65.5600,65.5600,10
2025-01-06 07:21:00,65.5400,65.6200,65.5200,65.6200,858
2025-01-06 07:23:00,65.5700,65.5700,65.5700,65.5700,50
2025-01-06 07:25:00,65.6400,65.6400,65.6400,65.6400,78
2025-01-06 07:29:00,65.6000,65.6500,65.6000,65.6500,122
2025-01-06 07:32:00,65.6400,65.6400,65.6000,65.6000,136
2025-01-06 07:33:00,65.6000,65.6600,65.5300,65.6600,201
2025-01-06 07:34:00,65.5400,65.6500,65.5400,65.6500,16
2025-01-06 07:36:00,65.5600,65.6000,65.5600,65.6000,4
2025-01-06 07:37:00,65.6000,65.6000,65.6000,65.6000,1
2025-01-06 07:38:00,65.6000,65.6000,65.6000,65.6000,15
2025-01-06 07:39:00,65.5600,65.5700,65.5400,65.5400,514
2025-01-06 07:42:00,65.5500,65.5900,65.5200,65.5200,261
2025-01-06 07:44:00,65.5500,65.5500,65.5500,65.5500,2
2025-01-06 07:45:00,65.5300,65.5300,65.5300,65.5300,4
2025-01-06 07:46:00,65.6000,65.6000,65.6000,65.6000,82
2025-01-06 07:47:00,65.6600,65.6600,65.6600,65.6600,5
2025-01-06 07:48:00,65.6800,65.6800,65.6800,65.6800,50
2025-01-06 07:52:00,65.6600,65.6600,65.6600,65.6600,10
2025-01-06 07:53:00,65.6400,65.6400,65.6400,65.6400,79
2025-01-06 07:54:00,65.6400,65.6400,65.6200,65.6200,365
2025-01-06 07:55:00,65.6700,65.6800,65.6500,65.6500,200
2025-01-06 07:56:00,65.6500,65.6500,65.6500,65.6500,50
2025-01-06 07:57:00,65.6500,65.6500,65.6500,65.6500,150
2025-01-06 07:59:00,65.6400,65.6400,65.6400,65.6400,7
2025-01-06 08:00:00,65.6100,65.8500,64.5000,64.6735,14740
2025-01-06 08:01:00,64.8800,65.7863,64.6835,65.7262,770
2025-01-06 08:02:00,65.5303,65.7000,64.9000,65.7000,11
2025-01-06 08:03:00,65.7100,65.7800,65.7000,65.7800,1310
2025-01-06 08:04:00,65.7887,65.7900,65.7600,65.7600,277
2025-01-06 08:05:00,65.8000,65.8000,65.8000,65.8000,200
2025-01-06 08:06:00,65.7800,65.7997,65.7800,65.7997,60
2025-01-06 08:07:00,65.7500,65.8000,65.7000,65.7500,400
2025-01-06 08:08:00,65.7000,65.7000,65.7000,65.7000,500
2025-01-06 08:09:00,65.8000,65.8000,65.7000,65.7000,6
2025-01-06 08:10:00,65.6500,65.6800,65.6500,65.6800,11
2025-01-06 08:11:00,65.6100,65.6300,65.6000,65.6000,546
2025-01-06 08:12:00,65.6500,65.7000,65.6500,65.7000,200
2025-01-06 08:13:00,65.6999,65.6999,65.6900,65.6995,289
2025-01-06 08:14:00,65.6500,65.6500,65.6500,65.6500,10
2025-01-06 08:15:00,65.6001,65.6700,65.6000,65.6700,177
2025-01-06 08:16:00,65.7000,65.7000,65.7000,65.7000,15
2025-01-06 08:17:00,65.6800,65.6800,65.6800,65.6800,1
2025-01-06 08:18:00,65.6994,65.6994,65.6983,65.6983,35
2025-01-06 08:19:00,65.6989,65.6989,65.6200,65.6200,1000
2025-01-06 08:20:00,65.6500,65.6600,65.6200,65.6500,121
2025-01-06 08:21:00,65.7000,65.7500,65.7000,65.7500,245
2025-01-06 08:22:00,65.7250,65.7500,65.7250,65.7500,32
2025-01-06 08:23:00,65.7500,65.8400,65.7500,65.8400,69
2025-01-06 08:24:00,65.7800,65.8400,65.7800,65.8400,97
2025-01-06 08:25:00,65.8000,65.8000,65.7250,65.7250,220
2025-01-06 08:26:00,65.7500,65.7500,65.7100,65.7100,197
2025-01-06 08:27:00,65.7800,65.7800,65.7800,65.7800,56
2025-01-06 08:28:00,65.7800,65.8400,65.7800,65.8391,2280
2025-01-06 08:29:00,65.8400,65.8400,65.8400,65.8400,101
2025-01-06 08:31:00,65.8300,65.8300,65.7000,65.7000,14
2025-01-06 08:32:00,65.8100,66.0000,65.7200,66.0000,1491
2025-01-06 08:33:00,65.8400,65.8800,65.8399,65.8399,22
2025-01-06 08:34:00,65.8400,65.8400,65.7700,65.7700,341
2025-01-06 08:35:00,65.8100,65.8400,65.8100,65.8400,11
2025-01-06 08:36:00,65.7600,65.8100,65.7600,65.8000,131
2025-01-06 08:37:00,65.7900,65.8000,65.7800,65.8000,41
2025-01-06 08:38:00,65.7900,65.7900,65.7500,65.7700,66
2025-01-06 08:39:00,65.7992,65.8000,65.7992,65.8000,5010
2025-01-06 08:40:00,65.7800,65.9871,65.7800,65.9871,4109
2025-01-06 08:41:00,65.8600,65.8600,65.8600,65.8600,20
2025-01-06 08:42:00,65.9000,65.9000,65.8100,65.8100,235
2025-01-06 08:43:00,65.9000,65.9000,65.7800,65.7900,315
2025-01-06 08:44:00,65.7900,65.8200,65.7900,65.8200,793
2025-01-06 08:45:00,65.7700,65.7800,65.7600,65.7800,460
2025-01-06 08:46:00,65.7900,65.8200,65.7900,65.8000,748
2025-01-06 08:47:00,65.7900,65.8000,65.7800,65.7900,377
2025-01-06 08:48:00,65.7900,65.8500,65.7900,65.8500,300
2025-01-06 08:49:00,65.8500,65.9000,65.8300,65.9000,131
2025-01-06 08:50:00,65.8900,65.9100,65.8100,65.9100,715
2025-01-06 08:51:00,65.9100,65.9900,65.9100,65.9900,402
2025-01-06 08:52:00,65.9900,65.9900,65.9900,65.9900,10
2025-01-06 08:53:00,65.9900,65.9900,65.9900,65.9900,10
2025-01-06 08:54:00,65.9100,65.9400,65.8315,65.9400,110
2025-01-06 08:55:00,65.9100,65.9300,65.9100,65.9300,89
2025-01-06 08:56:00,65.9300,65.9300,65.9200,65.9200,208
2025-01-06 08:57:00,65.9300,65.9900,65.9200,65.9200,1023
2025-01-06 08:58:00,65.9500,65.9900,65.9200,65.9900,248
2025-01-06 08:59:00,65.9500,65.9600,65.9500,65.9600,52
2025-01-06 09:00:00,65.9800,65.9900,65.9100,65.9100,520
2025-01-06 09:01:00,65.9100,65.9100,65.9100,65.9100,37
2025-01-06 09:02:00,65.9500,65.9500,65.9100,65.9100,390
2025-01-06 09:03:00,65.9800,65.9800,65.9800,65.9800,10
2025-01-06 09:04:00,65.9100,65.9200,65.9000,65.9000,372
2025-01-06 09:05:00,65.8414,65.9500,65.8400,65.8400,161
2025-01-06 09:06:00,65.8400,65.8400,65.8400,65.8400,50
2025-01-06 09:07:00,65.8400,65.9700,65.8400,65.9000,1169
2025-01-06 09:08:00,65.9006,65.9800,65.9006,65.9800,15
2025-01-06 09:09:00,65.9500,65.9784,65.9000,65.9000,216
2025-01-06 09:11:00,65.9000,65.9800,65.9000,65.9100,846
2025-01-06 09:13:00,65.9784,65.9784,65.9000,65.9000,116
2025-01-06 09:14:00,65.9500,65.9600,65.9400,65.9400,137
2025-01-06 09:15:00,65.9300,65.9300,65.9000,65.9000,676
2025-01-06 09:16:00,65.8900,65.8900,65.7100,65.7300,999
2025-01-06 09:17:00,65.7100,65.7300,65.7100,65.7100,2024
2025-01-06 09:18:00,65.6700,65.7000,65.5000,65.5686,2566
2025-01-06 09:19:00,65.5300,65.5400,65.3700,65.4300,4722
2025-01-06 09:20:00,65.3500,65.3500,65.0000,65.2000,898
2025-01-06 09:21:00,65.2250,65.3200,65.2250,65.2700,380
2025-01-06 09:22:00,65.3900,65.3900,65.2500,65.2500,226
2025-01-06 09:23:00,65.3100,65.3400,65.3100,65.3400,55
2025-01-06 09:24:00,65.3400,65.3400,65.1000,65.3000,267
2025-01-06 09:25:00,65.0000,65.3500,64.8700,65.2600,2771
2025-01-06 09:26:00,65.3200,65.3200,65.1300,65.1300,143
2025-01-06 09:27:00,65.1500,65.4500,65.0000,65.2900,1327
2025-01-06 09:29:00,65.1808,65.3300,65.0500,65.0500,764
2025-01-06 09:30:00,65.0900,65.7700,65.0000,65.1050,71792
2025-01-06 09:31:00,65.2750,65.2750,64.3750,64.5000,65260
2025-01-06 09:32:00,64.4827,64.9700,64.2600,64.4400,22522
2025-01-06 09:33:00,64.4450,64.8400,64.3900,64.4000,16709
2025-01-06 09:34:00,64.4500,64.7700,64.4000,64.6000,17470
2025-01-06 09:35:00,64.6116,64.6116,64.0800,64.0800,27072
2025-01-06 09:36:00,64.1350,64.3500,63.7500,63.7900,24159
2025-01-06 09:37:00,63.7900,64.2500,63.5100,64.1500,25147
2025-01-06 09:38:00,64.1350,64.2617,63.7500,63.8800,23749
2025-01-06 09:39:00,63.7700,63.8600,63.5741,63.6500,14890
2025-01-06 09:40:00,63.6100,64.2600,63.6100,64.1425,23999
2025-01-06 09:41:00,64.2550,64.5200,64.1000,64.3500,19196
2025-01-06 09:42:00,64.4050,64.4100,64.1600,64.2001,14227
2025-01-06 09:43:00,64.2250,64.4300,64.1500,64.1500,28563
2025-01-06 09:44:00,64.1600,64.1600,63.7517,63.9000,12872
2025-01-06 09:45:00,64.0500,64.2200,63.9950,64.0300,11183
2025-01-06 09:46:00,64.1500,64.5250,64.1000,64.2500,19866
2025-01-06 09:47:00,64.2700,64.3800,64.1800,64.1800,12206
2025-01-06 09:48:00,64.3000,64.5100,64.2606,64.5100,11065
2025-01-06 09:49:00,64.4900,64.5750,64.2300,64.4650,11200
2025-01-06 09:50:00,64.5300,64.7300,64.1100,64.2312,11850
2025-01-06 09:51:00,64.1700,64.2400,64.0600,64.0750,8489
2025-01-06 09:52:00,64.0078,64.1800,63.8629,64.1300,16038
2025-01-06 09:53:00,64.2700,64.6100,64.2137,64.4950,6843
2025-01-06 09:54:00,64.3900,64.6500,64.3900,64.6500,11397
2025-01-06 09:55:00,64.6500,64.7300,64.4500,64.5400,23232
2025-01-06 09:56:00,64.5000,64.5500,64.2100,64.3092,14487
2025-01-06 09:57:00,64.3900,64.4500,64.0000,64.0100,16065
2025-01-06 09:58:00,64.1100,64.1800,63.9316,63.9745,7064
2025-01-06 09:59:00,64.0100,64.0422,63.8800,63.9850,7340
2025-01-06 10:00:00,64.0000,64.3600,64.0000,64.2300,18281
2025-01-06 10:01:00,64.2500,64.2500,63.8300,64.0155,22575
2025-01-06 10:02:00,63.9408,64.2600,63.9408,64.2600,12098
2025-01-06 10:03:00,64.1910,64.3600,64.1700,64.3600,7826
2025-01-06 10:04:00,64.3550,64.4400,64.1900,64.3850,16936
2025-01-06 10:05:00,64.3310,64.4100,64.1200,64.3200,17626
2025-01-06 10:06:00,64.3400,64.5499,64.3200,64.3800,10256
2025-01-06 10:07:00,64.2700,64.4100,64.1000,64.3150,18587
2025-01-06 10:08:00,64.3700,64.5000,64.2500,64.4750,11123
2025-01-06 10:09:00,64.4863,64.4863,64.2200,64.3556,5114
2025-01-06 10:10:00,64.4400,64.5500,63.9402,64.1450,15714
2025-01-06 10:11:00,64.0700,64.1700,64.0000,64.1700,18047
2025-01-06 10:12:00,64.0950,64.2500,64.0394,64.1800,14512
2025-01-06 10:13:00,64.1500,64.2400,64.0600,64.1500,4524
2025-01-06 10:14:00,64.1101,64.3600,64.0650,64.2654,15605
2025-01-06 10:15:00,64.2600,64.3600,64.1195,64.1900,10184
2025-01-06 10:16:00,64.2500,64.2900,64.0000,64.0925,22661
2025-01-06 10:17:00,64.1550,64.3200,64.1550,64.2001,16190
2025-01-06 10:18:00,64.3500,64.4800,64.2200,64.4400,13428
2025-01-06 10:19:00,64.3350,64.3540,63.9400,64.0500,21386
2025-01-06 10:20:00,64.0383,64.0383,63.7500,63.9600,17252
2025-01-06 10:21:00,63.9300,64.0500,63.7601,64.0000,29914
2025-01-06 10:22:00,64.0000,64.4983,63.9100,64.4400,16765
2025-01-06 10:23:00,64.5000,64.5100,64.2900,64.4350,16267
2025-01-06 10:24:00,64.4900,64.6400,64.3458,64.4800,11748
2025-01-06 10:25:00,64.5300,64.7250,64.4147,64.6112,19990
2025-01-06 10:26:00,64.7800,64.8121,64.6000,64.8050,11271
2025-01-06 10:27:00,64.8150,64.8500,64.5400,64.5400,9954
2025-01-06 10:28:00,64.5300,64.6200,64.4500,64.6200,9424
2025-01-06 10:29:00,64.6900,64.7999,64.5100,64.5258,6690
2025-01-06 10:30:00,64.5250,64.7200,64.4982,64.6200,7695
2025-01-06 10:31:00,64.5364,64.6900,64.1800,64.2350,9936
2025-01-06 10:32:00,64.2400,64.2700,64.1500,64.1900,5282
2025-01-06 10:33:00,64.1425,64.4699,64.1425,64.4699,12915
2025-01-06 10:34:00,64.3789,64.4000,64.2001,64.2001,7516
2025-01-06 10:35:00,64.2900,64.3800,64.2000,64.3750,8942
2025-01-06 10:36:00,64.3000,64.3900,64.2000,64.2800,8323
2025-01-06 10:37:00,64.3300,64.5500,64.2600,64.4550,7231
2025-01-06 10:38:00,64.5652,64.5652,64.2800,64.4500,6310
2025-01-06 10:39:00,64.5000,64.5400,64.2250,64.2700,9184
2025-01-06 10:40:00,64.3000,64.4900,64.3000,64.3669,4759
2025-01-06 10:41:00,64.4200,64.5300,64.3343,64.5050,4843
2025-01-06 10:42:00,64.4950,64.5900,64.4383,64.5091,9970
2025-01-06 10:43:00,64.6000,64.6350,64.5241,64.6150,4319
2025-01-06 10:44:00,64.5333,64.7000,64.5300,64.6550,6942
2025-01-06 10:45:00,64.6500,64.7900,64.6483,64.7400,5536
2025-01-06 10:46:00,64.6650,64.7050,64.3900,64.4850,29398
2025-01-06 10:47:00,64.4900,64.4900,64.2400,64.3107,10926
2025-01-06 10:48:00,64.2800,64.3500,64.2000,64.2550,19957
2025-01-06 10:49:00,64.2550,64.4952,64.1700,64.3377,7449
2025-01-06 10:50:00,64.4300,64.6987,64.3500,64.6000,11748
2025-01-06 10:51:00,64.5950,64.5950,64.4654,64.5524,9483
2025-01-06 10:52:00,64.5450,64.6800,64.5450,64.6487,6025
2025-01-06 10:53:00,64.5300,64.7100,64.5300,64.6200,49736
2025-01-06 10:54:00,64.6500,64.6600,64.5100,64.5400,8685
2025-01-06 10:55:00,64.5200,64.5200,64.2313,64.3150,6508
2025-01-06 10:56:00,64.3200,64.4300,64.2500,64.2500,10439
2025-01-06 10:57:00,64.2000,64.2900,64.1500,64.2000,11478
2025-01-06 10:58:00,64.1670,64.1900,64.0000,64.1199,16401
2025-01-06 10:59:00,64.0130,64.1000,63.7700,63.9750,21956
2025-01-06 11:00:00,64.0500,64.0500,63.9200,63.9500,4739
2025-01-06 11:01:00,63.9000,63.9280,63.6300,63.7000,23755
2025-01-06 11:02:00,63.7075,63.8000,63.6830,63.7600,11132
2025-01-06 11:03:00,63.7650,63.9600,63.7319,63.9600,8066
2025-01-06 11:04:00,63.9100,64.0000,63.9000,63.9500,5135
2025-01-06 11:05:00,63.9880,63.9880,63.8350,63.8350,5303
2025-01-06 11:06:00,63.8870,63.8870,63.7500,63.7650,7367
2025-01-06 11:07:00,63.7650,64.1300,63.7300,64.0500,11116
2025-01-06 11:08:00,64.0450,64.1200,63.9789,64.0300,18108
2025-01-06 11:09:00,63.9595,64.1800,63.9595,64.0850,13001
2025-01-06 11:10:00,64.0100,64.1499,64.0100,64.0800,5875
2025-01-06 11:11:00,64.0800,64.1500,64.0600,64.1050,6237
2025-01-06 11:12:00,64.1499,64.1499,63.9640,63.9800,11121
2025-01-06 11:13:00,63.9700,64.0200,63.8400,63.9951,10467
2025-01-06 11:14:00,63.9001,63.9600,63.6500,63.6500,12659
2025-01-06 11:15:00,63.6000,63.7399,63.5500,63.6800,15249
2025-01-06 11:16:00,63.7200,63.7800,63.5500,63.5500,6293
2025-01-06 11:17:00,63.5200,63.5200,63.3500,63.3600,22740
2025-01-06 11:18:00,63.3248,63.5300,63.3062,63.5000,17505
2025-01-06 11:19:00,63.5200,63.6200,63.4630,63.5506,4885
2025-01-06 11:20:00,63.5550,63.7299,63.5101,63.6700,6323
2025-01-06 11:21:00,63.7000,63.8900,63.7000,63.8900,8166
2025-01-06 11:22:00,63.9000,63.9000,63.6500,63.6607,8714
2025-01-06 11:23:00,63.6500,63.7700,63.6100,63.7503,3485
2025-01-06 11:24:00,63.6650,63.7000,63.6100,63.6100,6186
2025-01-06 11:25:00,63.6600,63.7400,63.6217,63.6500,9046
2025-01-06 11:26:00,63.7000,63.8200,63.6450,63.7900,6021
2025-01-06 11:27:00,63.7900,64.0204,63.7576,63.9600,7620
2025-01-06 11:28:00,63.9400,64.0600,63.9300,64.0000,4546
2025-01-06 11:29:00,63.9800,64.0800,63.9100,64.0500,13415
2025-01-06 11:30:00,64.0650,64.2000,64.0200,64.1681,12464
2025-01-06 11:31:00,64.1850,64.1850,64.0700,64.0800,5348
2025-01-06 11:32:00,64.0800,64.0800,63.9501,64.0400,4531
2025-01-06 11:33:00,63.9258,64.0650,63.8700,64.0600,6061
2025-01-06 11:34:00,64.0550,64.1000,63.8901,63.9650,5667
2025-01-06 11:35:00,63.9750,64.1700,63.9400,63.9973,11718
2025-01-06 11:36:00,64.0339,64.0771,64.0000,64.0414,7488
2025-01-06 11:37:00,64.0500,64.0500,64.0000,64.0400,3387
2025-01-06 11:38:00,64.0350,64.1000,63.9260,64.0792,6373
2025-01-06 11:39:00,64.0600,64.2900,64.0400,64.2900,9486
2025-01-06 11:40:00,64.1900,64.2765,64.1300,64.1800,4485
2025-01-06 11:41:00,64.1600,64.1600,63.9400,64.0900,6366
2025-01-06 11:42:00,64.0900,64.1600,64.0400,64.0400,7406
2025-01-06 11:43:00,64.0874,64.0900,64.0350,64.0900,10527
2025-01-06 11:44:00,64.0700,64.1900,64.0620,64.0719,5498
2025-01-06 11:45:00,64.1200,64.1600,64.0300,64.1600,5097
2025-01-06 11:46:00,64.1800,64.1800,63.9100,63.9500,11241
2025-01-06 11:47:00,63.9500,64.1100,63.9000,64.0700,19694
2025-01-06 11:48:00,64.0800,64.1500,63.7143,63.7600,16228
2025-01-06 11:49:00,63.8200,63.8900,63.7100,63.8500,10872
2025-01-06 11:50:00,63.8821,63.8900,63.7806,63.8800,7229
2025-01-06 11:51:00,63.8950,64.2699,63.8950,64.2400,9299
2025-01-06 11:52:00,64.1865,64.3300,64.1800,64.2850,9431
2025-01-06 11:53:00,64.2900,64.3800,64.2400,64.3250,23214
2025-01-06 11:54:00,64.3800,64.6808,64.3500,64.6350,15197
2025-01-06 11:55:00,64.5901,64.8800,64.5650,64.8600,18462
2025-01-06 11:56:00,64.8425,64.8900,64.6900,64.8900,19980
2025-01-06 11:57:00,64.8200,65.0350,64.8200,64.9000,23196
2025-01-06 11:58:00,64.9600,65.0300,64.9400,65.0000,9476
2025-01-06 11:59:00,64.9999,65.0500,64.9074,64.9443,6227
2025-01-06 12:00:00,64.9165,64.9165,64.4300,64.5025,15573
2025-01-06 12:01:00,64.4900,64.5500,64.3600,64.4000,8637
2025-01-06 12:02:00,64.4200,64.5600,64.3400,64.4350,13798
2025-01-06 12:03:00,64.4719,64.5300,64.4600,64.4900,3592
2025-01-06 12:04:00,64.5100,64.5200,64.4100,64.4500,5259
2025-01-06 12:05:00,64.4100,64.5000,64.1800,64.1800,13483
2025-01-06 12:06:00,64.2244,64.4272,64.1400,64.4272,13201
2025-01-06 12:07:00,64.3121,64.4400,64.2100,64.2949,3955
2025-01-06 12:08:00,64.3800,64.4900,64.3500,64.4300,5079
2025-01-06 12:09:00,64.4900,64.6100,64.4250,64.6100,4207
2025-01-06 12:10:00,64.6000,64.6100,64.5500,64.5650,8368
2025-01-06 12:11:00,64.5800,64.5800,64.4417,64.4417,4389
2025-01-06 12:12:00,64.5368,64.5368,64.4200,64.4200,3171
2025-01-06 12:13:00,64.4750,64.5300,64.4750,64.4900,4683
2025-01-06 12:14:00,64.5300,64.5300,64.2400,64.3800,5945
2025-01-06 12:15:00,64.3800,64.3800,64.2174,64.2174,2654
2025-01-06 12:16:00,64.2600,64.4446,64.2600,64.4446,3279
2025-01-06 12:17:00,64.4500,64.4500,64.3613,64.3850,6507
2025-01-06 12:18:00,64.4404,64.4404,64.3300,64.3301,3457
2025-01-06 12:19:00,64.3300,64.3300,64.1500,64.2117,7553
2025-01-06 12:20:00,64.2500,64.2800,64.1300,64.1500,3328
2025-01-06 12:21:00,64.1500,64.3674,64.0600,64.2950,6066
2025-01-06 12:22:00,64.3700,64.4100,64.2600,64.2600,5801
2025-01-06 12:23:00,64.2950,64.3100,64.2000,64.2379,4546
2025-01-06 12:24:00,64.2400,64.3000,64.0300,64.2299,3447
2025-01-06 12:25:00,64.2100,64.2100,64.0859,64.1350,2464
2025-01-06 12:26:00,64.2000,64.2800,64.1650,64.2413,4280
2025-01-06 12:27:00,64.2300,64.3000,64.2050,64.2500,3194
2025-01-06 12:28:00,64.2700,64.2900,64.1800,64.2100,4621
2025-01-06 12:29:00,64.2508,64.2800,64.1899,64.2100,2969
2025-01-06 12:30:00,64.1700,64.3400,64.1400,64.2500,7961
2025-01-06 12:31:00,64.2400,64.2700,64.1400,64.1500,3255
2025-01-06 12:32:00,64.2000,64.3500,64.1523,64.3391,4243
2025-01-06 12:33:00,64.2600,64.3500,64.2300,64.3400,3853
2025-01-06 12:34:00,64.4041,64.4041,64.3400,64.3400,2355
2025-01-06 12:35:00,64.3700,64.4600,64.3350,64.4000,4078
2025-01-06 12:36:00,64.3300,64.4534,64.2100,64.2900,2937
2025-01-06 12:37:00,64.2500,64.3946,64.2500,64.3946,4887
2025-01-06 12:38:00,64.3097,64.4000,64.2200,64.3900,3141
2025-01-06 12:39:00,64.2200,64.3100,64.1800,64.3100,4078
2025-01-06 12:40:00,64.2500,64.3500,64.2250,64.2250,4284
2025-01-06 12:41:00,64.1501,64.2250,64.0700,64.1600,5054
2025-01-06 12:42:00,64.1600,64.2248,64.0100,64.0100,6196
2025-01-06 12:43:00,64.0650,64.2400,64.0650,64.2400,6086
2025-01-06 12:44:00,64.1800,64.3100,64.1800,64.2850,48313
2025-01-06 12:45:00,64.2965,64.2965,64.0800,64.1350,4635
2025-01-06 12:46:00,64.1900,64.2404,64.1317,64.1850,2910
2025-01-06 12:47:00,64.1950,64.3300,64.1200,64.3100,5361
2025-01-06 12:48:00,64.3100,64.3300,64.2500,64.2664,8167
2025-01-06 12:49:00,64.2000,64.2800,64.1701,64.2450,3595
2025-01-06 12:50:00,64.2450,64.2800,64.1800,64.1800,5651
2025-01-06 12:51:00,64.2000,64.3400,64.1500,64.3000,8643
2025-01-06 12:52:00,64.2525,64.3000,64.1900,64.2450,2797
2025-01-06 12:53:00,64.2928,64.3461,64.2301,64.3056,3055
2025-01-06 12:54:00,64.2950,64.3800,64.2500,64.2500,4587
2025-01-06 12:55:00,64.1900,64.2600,64.1700,64.2055,3153
2025-01-06 12:56:00,64.1600,64.2311,64.1001,64.1001,3426
2025-01-06 12:57:00,64.1755,64.2300,64.1755,64.2300,1972
2025-01-06 12:58:00,64.1744,64.2900,64.1101,64.2900,3947
2025-01-06 12:59:00,64.2800,64.4600,64.2450,64.4000,4222
2025-01-06 13:00:00,64.3900,64.4600,64.2000,64.2200,6469
2025-01-06 13:01:00,64.1700,64.1700,63.8900,64.0001,14516
2025-01-06 13:02:00,63.9600,64.1300,63.8500,64.0985,9201
2025-01-06 13:03:00,64.0950,64.1800,64.0501,64.0953,7216
2025-01-06 13:04:00,64.1500,64.2900,64.1000,64.2274,19602
2025-01-06 13:05:00,64.2800,64.4500,64.2150,64.4500,6316
2025-01-06 13:06:00,64.3800,64.4500,64.2000,64.2400,5516
2025-01-06 13:07:00,64.2000,64.2700,64.1950,64.2700,2457
2025-01-06 13:08:00,64.3418,64.3418,64.2000,64.2800,1249
2025-01-06 13:09:00,64.2550,64.4500,64.2550,64.3850,6001
2025-01-06 13:10:00,64.3300,64.4500,64.3100,64.4500,3856
2025-01-06 13:11:00,64.4700,64.4700,64.3300,64.3300,1760
2025-01-06 13:12:00,64.3300,64.5000,64.3300,64.3900,4423
2025-01-06 13:13:00,64.4300,64.5200,64.4300,64.4600,6493
2025-01-06 13:14:00,64.5100,64.5100,64.4100,64.4100,587
2025-01-06 13:15:00,64.4500,64.4800,64.3850,64.3850,3159
2025-01-06 13:16:00,64.3850,64.4499,64.3104,64.4499,1371
2025-01-06 13:17:00,64.2801,64.4681,64.2801,64.3501,7361
2025-01-06 13:18:00,64.3500,64.4700,64.3500,64.4100,2485
2025-01-06 13:19:00,64.4623,64.5400,64.3814,64.5400,5096
2025-01-06 13:20:00,64.4889,64.5800,64.4000,64.4600,5936
2025-01-06 13:21:00,64.4000,64.4000,64.2000,64.2600,2496
2025-01-06 13:22:00,64.3200,64.3900,64.2600,64.3900,4291
2025-01-06 13:23:00,64.3400,64.4300,64.2996,64.4050,3789
2025-01-06 13:24:00,64.4000,64.4500,64.3700,64.4200,3442
2025-01-06 13:25:00,64.4600,64.5450,64.4301,64.5100,4476
2025-01-06 13:26:00,64.4800,64.4800,64.4050,64.4050,4159
2025-01-06 13:27:00,64.3900,64.4717,64.3500,64.4239,2693
2025-01-06 13:28:00,64.4150,64.4724,64.3400,64.3889,5740
2025-01-06 13:29:00,64.3050,64.3900,64.3050,64.3900,2437
2025-01-06 13:30:00,64.3750,64.3750,64.2850,64.2850,1779
2025-01-06 13:31:00,64.2900,64.3500,64.2000,64.2050,2245
2025-01-06 13:32:00,64.1000,64.1534,64.0300,64.0526,6770
2025-01-06 13:33:00,64.0550,64.1899,64.0500,64.1500,3889
2025-01-06 13:34:00,64.1035,64.1035,64.0200,64.0200,2089
2025-01-06 13:35:00,64.1200,64.1700,64.0825,64.1000,5032
2025-01-06 13:36:00,64.1500,64.1900,64.1100,64.1450,2216
2025-01-06 13:37:00,64.1500,64.1500,64.0600,64.0700,3512
2025-01-06 13:38:00,64.0500,64.1200,64.0101,64.0700,5792
2025-01-06 13:39:00,64.1000,64.1400,64.1000,64.1400,1938
2025-01-06 13:40:00,64.1500,64.1600,64.1300,64.1300,1493
2025-01-06 13:41:00,64.1589,64.1589,64.0001,64.0500,10978
2025-01-06 13:42:00,64.0100,64.0100,63.8650,63.9501,11690
2025-01-06 13:43:00,64.0400,64.1600,63.9990,64.0901,2235
2025-01-06 13:44:00,64.1100,64.1800,63.9411,64.0100,2479
2025-01-06 13:45:00,63.9400,64.1000,63.7500,63.8500,5631
2025-01-06 13:46:00,63.8500,63.9600,63.8500,63.9600,2706
2025-01-06 13:47:00,63.9600,64.0200,63.9400,63.9550,3363
2025-01-06 13:48:00,63.9600,64.0600,63.9600,63.9750,2880
2025-01-06 13:49:00,63.9950,64.0300,63.9400,64.0000,4124
2025-01-06 13:50:00,64.0200,64.0800,63.9333,64.0800,2332
2025-01-06 13:51:00,64.0000,64.1000,64.0000,64.0900,2302
2025-01-06 13:52:00,64.0900,64.2050,64.0900,64.2050,2775
2025-01-06 13:53:00,64.2000,64.2700,64.1900,64.2100,2011
2025-01-06 13:54:00,64.1700,64.1900,64.1100,64.1500,3544
2025-01-06 13:55:00,64.2000,64.2300,64.1850,64.1850,1608
2025-01-06 13:56:00,64.1100,64.2156,64.1100,64.1100,3694
2025-01-06 13:57:00,64.1500,64.1500,63.9300,63.9850,5517
2025-01-06 13:58:00,63.9500,64.0200,63.9300,63.9300,2793
2025-01-06 13:59:00,63.9100,63.9171,63.7300,63.7300,3915
2025-01-06 14:00:00,63.7800,63.7822,63.6000,63.6000,6747
2025-01-06 14:01:00,63.5800,63.5950,63.3000,63.3100,15705
2025-01-06 14:02:00,63.3700,63.5335,63.3500,63.3850,12809
2025-01-06 14:03:00,63.3700,63.4600,63.2600,63.2750,12903
2025-01-06 14:04:00,63.2712,63.2900,63.2712,63.2850,1240
2025-01-06 14:05:00,63.3500,63.5200,63.3200,63.4900,4331
2025-01-06 14:06:00,63.4850,63.4900,63.3800,63.4400,19663
2025-01-06 14:07:00,63.4400,63.4900,63.4000,63.4200,3904
2025-01-06 14:08:00,63.4000,63.5400,63.4000,63.5300,4587
2025-01-06 14:09:00,63.4143,63.5000,63.4000,63.4500,4148
2025-01-06 14:10:00,63.4000,63.4000,63.2000,63.2000,5433
2025-01-06 14:11:00,63.2700,63.5000,63.2168,63.5000,4673
2025-01-06 14:12:00,63.4750,63.5300,63.4600,63.5300,3652
2025-01-06 14:13:00,63.5300,63.5413,63.4100,63.4250,4696
2025-01-06 14:14:00,63.3800,63.5300,63.3800,63.5300,2377
2025-01-06 14:15:00,63.5340,63.5340,63.4500,63.5300,2926
2025-01-06 14:16:00,63.5300,63.6700,63.5300,63.6700,4748
2025-01-06 14:17:00,63.7071,63.7200,63.6950,63.7100,2850
2025-01-06 14:18:00,63.7300,63.7500,63.6200,63.6500,5589
2025-01-06 14:19:00,63.6600,63.6600,63.6100,63.6200,3406
2025-01-06 14:20:00,63.5768,63.6600,63.5768,63.6300,3204
2025-01-06 14:21:00,63.6650,63.7183,63.6500,63.6800,4037
2025-01-06 14:22:00,63.7090,63.7400,63.6500,63.7400,1931
2025-01-06 14:23:00,63.7400,63.7603,63.6600,63.7039,4328
2025-01-06 14:24:00,63.7400,63.7482,63.6801,63.6801,5898
2025-01-06 14:25:00,63.6700,63.6939,63.6100,63.6200,2115
2025-01-06 14:26:00,63.6700,63.6800,63.5900,63.6000,2535
2025-01-06 14:27:00,63.6000,63.7000,63.6000,63.6850,2866
2025-01-06 14:28:00,63.7100,63.7100,63.6852,63.7000,4971
2025-01-06 14:29:00,63.7100,63.7100,63.5800,63.6400,3758
2025-01-06 14:30:00,63.5850,63.6200,63.5400,63.6200,3430
2025-01-06 14:31:00,63.6200,63.6421,63.5950,63.5950,1266
2025-01-06 14:32:00,63.5820,63.6200,63.5300,63.6200,5118
2025-01-06 14:33:00,63.5850,63.7100,63.5850,63.7099,2772
2025-01-06 14:34:00,63.6750,63.6897,63.6300,63.6500,1592
2025-01-06 14:35:00,63.6570,63.6570,63.6000,63.6500,849
2025-01-06 14:36:00,63.6000,63.6000,63.5000,63.5500,8083
2025-01-06 14:37:00,63.5500,63.5800,63.5200,63.5400,5777
2025-01-06 14:38:00,63.5304,63.7200,63.5304,63.7200,2325
2025-01-06 14:39:00,63.7000,63.7000,63.6250,63.6300,1535
2025-01-06 14:40:00,63.7000,63.7000,63.6550,63.6850,1800
2025-01-06 14:41:00,63.6200,63.6900,63.6000,63.6750,1425
2025-01-06 14:42:00,63.6650,63.7200,63.6600,63.6600,1289
2025-01-06 14:43:00,63.6400,63.6700,63.6100,63.6250,3930
2025-01-06 14:44:00,63.6700,63.7100,63.6550,63.7100,1125
2025-01-06 14:45:00,63.7000,63.8320,63.7000,63.7200,4911
2025-01-06 14:46:00,63.7700,63.8050,63.7500,63.7500,1394
2025-01-06 14:47:00,63.8000,63.8798,63.8000,63.8798,22650
2025-01-06 14:48:00,63.8550,63.9400,63.8400,63.9300,3121
2025-01-06 14:49:00,63.9300,63.9300,63.8950,63.9128,2582
2025-01-06 14:50:00,63.8800,63.9300,63.8780,63.9000,3006
2025-01-06 14:51:00,63.8500,63.8900,63.7700,63.8000,2448
2025-01-06 14:52:00,63.8000,63.8150,63.6300,63.6300,27463
2025-01-06 14:53:00,63.6200,63.7100,63.6200,63.7000,4738
2025-01-06 14:54:00,63.7200,63.7300,63.7000,63.7050,2197
2025-01-06 14:55:00,63.7191,63.7400,63.6600,63.7400,3165
2025-01-06 14:56:00,63.7594,63.7594,63.7300,63.7400,2814
2025-01-06 14:57:00,63.7100,63.7100,63.6000,63.6300,13707
2025-01-06 14:58:00,63.6400,63.6800,63.5300,63.6700,13451
2025-01-06 14:59:00,63.6500,63.7300,63.5800,63.6000,6932
2025-01-06 15:00:00,63.5400,63.6400,63.5000,63.5500,19956
2025-01-06 15:01:00,63.6100,63.6100,63.5100,63.5700,4173
2025-01-06 15:02:00,63.5900,63.6000,63.5400,63.5400,3268
2025-01-06 15:03:00,63.5700,63.6500,63.5500,63.6500,4517
2025-01-06 15:04:00,63.7000,63.7500,63.6700,63.6950,4260
2025-01-06 15:05:00,63.7100,63.7349,63.6700,63.7349,999
2025-01-06 15:06:00,63.6850,63.7400,63.6200,63.6600,4104
2025-01-06 15:07:00,63.5750,63.6500,63.5750,63.6500,2127
2025-01-06 15:08:00,63.5950,63.7200,63.5800,63.6750,4176
2025-01-06 15:09:00,63.7300,63.7800,63.7050,63.7800,4280
2025-01-06 15:10:00,63.7800,63.8100,63.7775,63.7800,2074
2025-01-06 15:11:00,63.7700,63.8100,63.7401,63.8100,6517
2025-01-06 15:12:00,63.7962,63.8600,63.7100,63.8400,15977
2025-01-06 15:13:00,63.8400,63.9000,63.8400,63.8548,3331
2025-01-06 15:14:00,63.8940,63.9200,63.8600,63.8650,3906
2025-01-06 15:15:00,63.8650,63.9000,63.8523,63.9000,1885
2025-01-06 15:16:00,63.8550,63.9300,63.8550,63.8900,4610
2025-01-06 15:17:00,63.9200,63.9200,63.7100,63.7950,14493
2025-01-06 15:18:00,63.7900,63.9300,63.7900,63.8800,5457
2025-01-06 15:19:00,63.8950,63.9400,63.8700,63.9400,6533
2025-01-06 15:20:00,63.9250,63.9250,63.8500,63.8600,2930
2025-01-06 15:21:00,63.8800,63.8800,63.7200,63.7300,8899
2025-01-06 15:22:00,63.7100,63.7800,63.7000,63.7800,3768
2025-01-06 15:23:00,63.7306,63.9300,63.7306,63.9300,7779
2025-01-06 15:24:00,63.8700,64.0400,63.8700,64.0300,8422
2025-01-06 15:25:00,64.0150,64.0150,63.8700,63.8700,5304
2025-01-06 15:26:00,63.8750,63.9800,63.8100,63.8700,16390
2025-01-06 15:27:00,63.9100,63.9300,63.9100,63.9300,2127
2025-01-06 15:28:00,63.9300,64.0300,63.9241,64.0300,4645
2025-01-06 15:29:00,64.0300,64.0500,64.0000,64.0250,1917
2025-01-06 15:30:00,64.0100,64.1800,64.0000,64.1296,21018
2025-01-06 15:31:00,64.1500,64.1500,63.9700,64.0400,8876
2025-01-06 15:32:00,64.0400,64.0700,63.9600,63.9925,5486
2025-01-06 15:33:00,63.9950,64.0000,63.9500,63.9950,5059
2025-01-06 15:34:00,63.9800,64.0500,63.9800,64.0500,5255
2025-01-06 15:35:00,64.1100,64.1100,64.0224,64.0900,4023
2025-01-06 15:36:00,64.0800,64.1350,64.0600,64.0750,6325
2025-01-06 15:37:00,64.1100,64.1200,64.0400,64.1000,3483
2025-01-06 15:38:00,64.1000,64.1000,63.9500,63.9547,9928
2025-01-06 15:39:00,63.9500,64.0000,63.8400,63.8401,5324
2025-01-06 15:40:00,63.8900,63.9500,63.8600,63.9400,4226
2025-01-06 15:41:00,63.9200,63.9200,63.7700,63.8250,5066
2025-01-06 15:42:00,63.8250,63.8600,63.7900,63.8500,5460
2025-01-06 15:43:00,63.8450,63.8900,63.8300,63.8700,5279
2025-01-06 15:44:00,63.8900,63.8900,63.7500,63.7500,15835
2025-01-06 15:45:00,63.7700,63.7850,63.6400,63.6500,4870
2025-01-06 15:46:00,63.6700,63.6900,63.6133,63.6500,8142
2025-01-06 15:47:00,63.6200,63.6200,63.4800,63.5000,9762
2025-01-06 15:48:00,63.5000,63.5000,63.4100,63.4450,7735
2025-01-06 15:49:00,63.4450,63.4450,63.2900,63.3100,11496
2025-01-06 15:50:00,63.2600,63.4700,63.2600,63.4350,21048
2025-01-06 15:51:00,63.4600,63.5600,63.4000,63.5450,15797
2025-01-06 15:52:00,63.5400,63.5600,63.4100,63.4100,15150
2025-01-06 15:53:00,63.4200,63.4900,63.3000,63.4500,33602
2025-01-06 15:54:00,63.4700,63.5400,63.3400,63.4900,23669
2025-01-06 15:55:00,63.4200,63.4600,63.2100,63.2450,40328
2025-01-06 15:56:00,63.2000,63.3800,63.1000,63.3300,36330
2025-01-06 15:57:00,63.3400,63.3486,63.1400,63.1500,36585
2025-01-06 15:58:00,63.1500,63.4700,63.1400,63.4200,87213
2025-01-06 15:59:00,63.3750,63.5600,63.2600,63.5490,148838
2025-01-06 16:00:00,63.5500,63.9800,63.4700,63.5200,789929
2025-01-06 16:01:00,63.5200,63.5200,63.4200,63.5200,8552
2025-01-06 16:02:00,63.8500,63.8500,63.8500,63.8500,1
2025-01-06 16:03:00,63.9800,63.9800,63.9800,63.9800,1
2025-01-06 16:04:00,63.8400,63.8400,63.3390,63.5000,41
2025-01-06 16:05:00,63.5200,63.8000,63.5200,63.5400,37
2025-01-06 16:06:00,63.9800,63.9800,63.9800,63.9800,110
2025-01-06 16:08:00,63.8000,63.8000,63.5400,63.5400,130
2025-01-06 16:11:00,63.9800,63.9800,63.9800,63.9800,5
2025-01-06 16:13:00,63.9782,63.9782,63.5600,63.5600,1004
2025-01-06 16:14:00,63.5500,63.9800,63.5500,63.9800,17
2025-01-06 16:15:00,63.5200,63.9800,63.5200,63.5500,45
2025-01-06 16:16:00,63.8000,63.8000,63.8000,63.8000,8
2025-01-06 16:17:00,63.8600,63.8600,63.6001,63.6001,32
2025-01-06 16:18:00,63.8000,63.8000,63.8000,63.8000,16
2025-01-06 16:19:00,63.6200,63.9800,63.6200,63.9800,230
2025-01-06 16:20:00,63.9000,63.9000,63.9000,63.9000,18
2025-01-06 16:21:00,63.6800,63.6800,63.6800,63.6800,10
2025-01-06 16:25:00,63.6100,63.6100,63.6100,63.6100,40
2025-01-06 16:26:00,63.6800,63.6800,63.6000,63.6100,662
2025-01-06 16:27:00,63.6000,63.6000,63.6000,63.6000,452
2025-01-06 16:29:00,63.8000,63.9000,63.8000,63.9000,25
2025-01-06 16:30:00,63.8800,63.8800,63.8800,63.8800,5
2025-01-06 16:31:00,63.5200,63.5200,63.5200,63.5200,13145
2025-01-06 16:35:00,63.8800,63.8800,63.8800,63.8800,20
2025-01-06 16:36:00,63.6700,63.6700,63.6700,63.6700,17
2025-01-06 16:38:00,63.8500,63.8500,63.8500,63.8500,4
2025-01-06 16:40:00,63.7600,63.8400,63.6600,63.7000,528
2025-01-06 16:41:00,63.7000,63.7000,63.7000,63.7000,39
2025-01-06 16:42:00,63.7000,63.7000,63.6600,63.6600,7
2025-01-06 16:43:00,63.8800,63.8800,63.8800,63.8800,10
2025-01-06 16:44:00,63.6700,63.6700,63.6600,63.6600,314
2025-01-06 16:45:00,63.8800,63.8800,63.8800,63.8800,60
2025-01-06 16:46:00,63.6000,63.6000,63.6000,63.6000,2
2025-01-06 16:50:00,63.6500,63.6500,63.6500,63.6500,42
2025-01-06 16:51:00,63.6200,63.6200,63.6200,63.6200,8
2025-01-06 16:52:00,63.6600,63.6600,63.6200,63.6200,100
2025-01-06 16:53:00,63.6200,63.6200,63.6200,63.6200,100
2025-01-06 16:54:00,63.6200,63.6200,63.6200,63.6200,25
2025-01-06 16:57:00,63.7700,63.7700,63.7700,63.7700,1
2025-01-06 16:58:00,63.6200,63.7800,63.6200,63.7800,201
2025-01-06 16:59:00,63.6200,63.6200,63.6200,63.6200,35
2025-01-06 17:03:00,63.6200,63.6200,63.6100,63.6100,367
2025-01-06 17:04:00,63.7500,63.7500,63.7500,63.7500,30
2025-01-06 17:06:00,63.6500,63.6500,63.6000,63.6000,100
2025-01-06 17:07:00,63.7300,63.7500,63.7300,63.7500,30
2025-01-06 17:08:00,63.7300,63.7300,63.7300,63.7300,20
2025-01-06 17:11:00,63.6000,63.7500,63.6000,63.7500,5
2025-01-06 17:12:00,63.7500,63.7500,63.7500,63.7500,20
2025-01-06 17:13:00,63.7481,63.7481,63.7481,63.7481,10
2025-01-06 17:14:00,63.7500,63.7500,63.5200,63.7500,307707
2025-01-06 17:15:00,63.7500,63.7500,63.7500,63.7500,1000
2025-01-06 17:16:00,63.6500,63.6500,63.6500,63.6500,20
2025-01-06 17:18:00,63.7492,63.7492,63.6000,63.7400,286
2025-01-06 17:20:00,63.6100,63.6100,63.6100,63.6100,4
2025-01-06 17:21:00,63.7300,63.7300,63.7300,63.7300,10
2025-01-06 17:22:00,63.7500,63.7500,63.7500,63.7500,2
2025-01-06 17:24:00,63.6100,63.6100,63.6100,63.6100,20
2025-01-06 17:28:00,63.7000,63.7000,63.7000,63.7000,5
2025-01-06 17:32:00,63.7500,63.7500,63.7499,63.7499,6
2025-01-06 17:34:00,63.7499,63.7500,63.7499,63.7500,2
2025-01-06 17:35:00,63.7500,63.7500,63.7499,63.7499,2
2025-01-06 17:37:00,63.7500,63.7500,63.7500,63.7500,82
2025-01-06 17:40:00,63.7500,63.7500,63.7499,63.7500,7
2025-01-06 17:41:00,63.6500,63.6500,63.6500,63.6500,1
2025-01-06 17:44:00,63.6700,63.6700,63.6700,63.6700,9
2025-01-06 17:45:00,63.7500,63.7500,63.7500,63.7500,50
2025-01-06 17:47:00,63.6500,63.6500,63.6500,63.6500,1
2025-01-06 17:52:00,63.6500,63.6700,63.6500,63.6700,205
2025-01-06 17:53:00,63.6500,63.6500,63.6500,63.6500,11
2025-01-06 17:55:00,63.6700,63.6700,63.6700,63.6700,22
2025-01-06 17:57:00,63.6800,63.6800,63.6800,63.6800,200
2025-01-06 18:03:00,63.6800,63.6800,63.6800,63.6800,1
2025-01-06 18:08:00,63.7498,63.7498,63.7498,63.7498,1000
2025-01-06 18:12:00,63.7485,63.7485,63.7485,63.7485,1
2025-01-06 18:13:00,63.6989,63.6989,63.6989,63.6989,1
2025-01-06 18:15:00,63.7000,63.7000,63.7000,63.7000,259
2025-01-06 18:16:00,63.7000,63.7000,63.7000,63.7000,12
2025-01-06 18:18:00,63.7000,63.7000,63.7000,63.7000,10
2025-01-06 18:22:00,63.6900,63.6900,63.6800,63.6800,124
2025-01-06 18:23:00,63.6700,63.6700,63.6600,63.6600,1030
2025-01-06 18:24:00,63.6600,63.6600,63.6600,63.6600,15
2025-01-06 18:28:00,63.6600,63.6600,63.6300,63.6300,80
2025-01-06 18:29:00,63.6100,63.6100,63.6000,63.6000,10
2025-01-06 18:37:00,63.6000,63.6000,63.6000,63.6000,2
2025-01-06 18:38:00,63.6300,63.6300,63.6300,63.6300,7
2025-01-06 18:42:00,63.6000,63.6000,63.6000,63.6000,188
2025-01-06 18:44:00,63.5500,63.6100,63.5500,63.6100,229
2025-01-06 18:45:00,63.6200,63.6300,63.6200,63.6300,266
2025-01-06 18:46:00,63.6000,63.6000,63.6000,63.6000,2
2025-01-06 18:51:00,63.6300,63.6300,63.6300,63.6300,15
2025-01-06 18:52:00,63.6300,63.6300,63.6300,63.6300,10
2025-01-06 18:53:00,63.6100,63.6100,63.6100,63.6100,40
2025-01-06 18:56:00,63.6200,63.6200,63.6100,63.6100,33
2025-01-06 18:57:00,63.6200,63.6200,63.6200,63.6200,2
2025-01-06 18:58:00,63.6100,63.6100,63.5500,63.5500,233
2025-01-06 19:05:00,63.6000,63.6000,63.5700,63.5700,173
2025-01-06 19:06:00,63.5700,63.6500,63.5617,63.6500,49
2025-01-06 19:07:00,63.6499,63.6499,63.5600,63.5600,31
2025-01-06 19:14:00,63.6400,63.6500,63.6400,63.6500,710
2025-01-06 19:18:00,63.6500,63.6500,63.6000,63.6000,440
2025-01-06 19:19:00,63.5600,63.5600,63.5600,63.5600,70
2025-01-06 19:21:00,63.7500,63.7500,63.7500,63.7500,2
2025-01-06 19:24:00,63.7300,63.7300,63.7300,63.7300,5
2025-01-06 19:25:00,63.5700,63.5700,63.5700,63.5700,95
2025-01-06 19:29:00,63.5900,63.5900,63.5900,63.5900,199
2025-01-06 19:30:00,63.7000,63.7000,63.7000,63.7000,10
2025-01-06 19:36:00,63.6600,63.6600,63.6600,63.6600,50
2025-01-06 19:40:00,63.7500,63.7500,63.7500,63.7500,1
2025-01-06 19:41:00,63.7300,63.8999,63.7300,63.7300,14
2025-01-06 19:44:00,63.7300,63.7700,63.7300,63.7400,239
2025-01-06 19:45:00,63.9000,63.9000,63.7700,63.9000,70
2025-01-06 19:46:00,63.7600,63.8824,63.7600,63.8824,120
2025-01-06 19:47:00,63.7600,63.7600,63.7600,63.7600,60
2025-01-06 19:48:00,63.9000,63.9000,63.8800,63.8800,110
2025-01-06 19:50:00,63.8824,63.8824,63.8824,63.8824,100
2025-01-06 19:51:00,63.8800,63.8800,63.8800,63.8800,106
2025-01-06 19:52:00,63.7537,63.7600,63.7537,63.7600,3
2025-01-06 19:53:00,63.8800,63.8800,63.8800,63.8800,1
2025-01-06 19:54:00,63.9000,63.9000,63.8800,63.8800,101
2025-01-06 19:55:00,63.8824,63.8824,63.8824,63.8824,100
2025-01-06 19:56:00,63.7600,63.8800,63.7600,63.8800,136
2025-01-06 19:58:00,63.8800,63.8800,63.7500,63.8800,122
2025-01-06 19:59:00,63.8800,63.8800,63.8000,63.8000,101
2025-01-07 04:00:00,63.8000,63.8900,63.8000,63.8900,28
2025-01-07 04:02:00,63.7200,63.7300,63.6200,63.7300,17
2025-01-07 04:05:00,63.7400,63.7400,63.7400,63.7400,49
2025-01-07 04:06:00,63.8000,63.8000,63.8000,63.8000,1
2025-01-07 04:09:00,63.7300,63.7300,63.7300,63.7300,11
2025-01-07 04:14:00,63.7200,63.7200,63.7200,63.7200,24
2025-01-07 04:16:00,63.7600,63.7600,63.7600,63.7600,1
2025-01-07 04:20:00,63.7500,63.8200,63.7500,63.8200,94
2025-01-07 04:24:00,63.8300,63.8300,63.8300,63.8300,7
2025-01-07 04:25:00,63.7500,63.7500,63.7500,63.7500,1
2025-01-07 04:26:00,63.7500,63.7500,63.7300,63.7300,52
2025-01-07 04:27:00,63.7200,63.7200,63.7000,63.7000,26
2025-01-07 04:29:00,63.7400,63.7400,63.7400,63.7400,10
2025-01-07 04:30:00,63.7400,63.7400,63.7400,63.7400,5
2025-01-07 04:33:00,63.6800,63.7000,63.5200,63.5200,1298
2025-01-07 04:40:00,63.6800,63.6800,63.6800,63.6800,9
2025-01-07 04:42:00,63.6600,63.6600,63.6400,63.6400,47
2025-01-07 04:44:00,63.5600,63.5600,63.5500,63.5500,75
2025-01-07 04:45:00,63.5600,63.5600,63.5600,63.5600,15
2025-01-07 04:46:00,63.6000,63.6000,63.5300,63.5300,73
2025-01-07 05:03:00,63.6500,63.6500,63.6400,63.6400,501
2025-01-07 05:04:00,63.5300,63.5300,63.5300,63.5300,3
2025-01-07 05:08:00,63.6800,63.7300,63.6800,63.7300,466
2025-01-07 05:12:00,63.6800,63.6800,63.6800,63.6800,1
2025-01-07 05:13:00,63.6800,63.6800,63.6800,63.6800,99
2025-01-07 05:15:00,63.6500,63.6500,63.6500,63.6500,7
2025-01-07 05:20:00,63.6900,63.6900,63.6700,63.6700,182
2025-01-07 05:21:00,63.6700,63.6700,63.6700,63.6700,30
2025-01-07 05:28:00,63.6700,63.6700,63.6700,63.6700,19
2025-01-07 05:34:00,63.6700,63.7200,63.6700,63.7200,110
2025-01-07 05:36:00,63.7200,63.7200,63.7200,63.7200,10
2025-01-07 05:39:00,63.7000,63.7900,63.7000,63.7900,318
2025-01-07 05:42:00,63.7700,63.7700,63.7300,63.7300,35
2025-01-07 05:43:00,63.7500,63.7500,63.7500,63.7500,431
2025-01-07 05:46:00,63.7500,63.7500,63.7500,63.7500,1
2025-01-07 05:50:00,63.7100,63.7100,63.6100,63.6100,50
2025-01-07 05:52:00,63.6100,63.6100,63.6100,63.6100,60
2025-01-07 05:54:00,63.7500,63.7500,63.7500,63.7500,10
2025-01-07 05:55:00,63.7500,63.7500,63.7500,63.7500,3
2025-01-07 06:06:00,63.7500,63.7500,63.7500,63.7500,3
2025-01-07 06:14:00,63.7500,63.7500,63.7500,63.7500,12
2025-01-07 06:20:00,63.7500,63.8100,63.7500,63.8100,654
2025-01-07 06:21:00,63.8200,63.8400,63.8200,63.8400,218
2025-01-07 06:28:00,63.6700,63.6700,63.6700,63.6700,2
2025-01-07 06:29:00,63.7100,63.7500,63.7100,63.7500,2
2025-01-07 06:34:00,63.6300,63.6300,63.6300,63.6300,15
2025-01-07 06:35:00,63.6300,63.7300,63.6100,63.7300,453
2025-01-07 06:36:00,63.6000,63.6100,63.5900,63.5900,1048
2025-01-07 06:37:00,63.5700,63.5700,63.5700,63.5700,563
2025-01-07 06:40:00,63.6000,63.6100,63.5200,63.5400,560
2025-01-07 06:41:00,63.5200,63.5300,63.4500,63.4500,875
2025-01-07 06:42:00,63.4000,63.4100,63.4000,63.4100,83
2025-01-07 06:43:00,63.3700,63.3700,63.3500,63.3500,418
2025-01-07 06:44:00,63.3300,63.3300,63.3200,63.3200,215
2025-01-07 06:45:00,63.3200,63.3200,63.3200,63.3200,100
2025-01-07 06:46:00,63.2600,63.2600,63.2600,63.2600,200
2025-01-07 06:47:00,63.2600,63.3200,63.2600,63.3200,1019
2025-01-07 06:48:00,63.3200,63.3200,63.2400,63.2400,255
2025-01-07 06:49:00,63.2400,63.2400,63.2400,63.2400,20
2025-01-07 06:50:00,63.2100,63.2100,63.2100,63.2100,118
2025-01-07 06:51:00,63.2200,63.2200,63.2200,63.2200,17
2025-01-07 07:00:00,63.3500,63.3500,63.2700,63.2700,58
2025-01-07 07:03:00,63.3700,63.3700,63.3700,63.3700,20
2025-01-07 07:05:00,63.2700,63.2700,63.2700,63.2700,50
2025-01-07 07:07:00,63.3900,63.3900,63.3900,63.3900,1
2025-01-07 07:08:00,63.3900,63.4000,63.3900,63.4000,100
2025-01-07 07:10:00,63.3800,63.4700,63.3800,63.4700,305
2025-01-07 07:11:00,63.4200,63.4500,63.4200,63.4500,16
2025-01-07 07:14:00,63.4000,63.5100,63.4000,63.5100,400
2025-01-07 07:19:00,63.4300,63.4300,63.4300,63.4300,50
2025-01-07 07:21:00,63.4300,63.4300,63.4300,63.4300,41
2025-01-07 07:22:00,63.3700,63.4200,63.3700,63.4200,122
2025-01-07 07:28:00,63.4300,63.4300,63.4300,63.4300,5
2025-01-07 07:29:00,63.4000,63.4000,63.4000,63.4000,50
2025-01-07 07:30:00,63.3900,63.3900,63.3900,63.3900,50
2025-01-07 07:33:00,63.4300,63.4300,63.4000,63.4000,81
2025-01-07 07:34:00,63.4300,63.4300,63.4200,63.4200,55
2025-01-07 07:36:00,63.4200,63.4200,63.4200,63.4200,2
2025-01-07 07:40:00,63.4200,63.4900,63.4200,63.4900,167
2025-01-07 07:42:00,63.4100,63.4100,63.4100,63.4100,5
2025-01-07 07:45:00,63.4700,63.5300,63.4700,63.5300,871
2025-01-07 07:46:00,63.5400,63.5400,63.5300,63.5300,700
2025-01-07 07:50:00,63.5400,63.5400,63.5400,63.5400,6
2025-01-07 07:52:00,63.5600,63.5600,63.5600,63.5600,2
2025-01-07 07:58:00,63.5400,63.5400,63.5400,63.5400,2
2025-01-07 07:59:00,63.5800,63.5800,63.5500,63.5500,12
2025-01-07 08:00:00,63.3200,63.8800,63.2000,63.5200,5936
2025-01-07 08:01:00,63.5900,63.7488,63.2700,63.2700,102
2025-01-07 08:02:00,63.5500,63.5500,63.5500,63.5500,35
2025-01-07 08:05:00,63.5200,63.5400,63.5200,63.5200,10
2025-01-07 08:06:00,63.5200,63.7900,63.5200,63.7900,53
2025-01-07 08:07:00,63.7900,63.7900,63.7900,63.7900,200
2025-01-07 08:11:00,63.5000,63.5000,63.5000,63.5000,1
2025-01-07 08:12:00,63.5200,63.5200,63.5200,63.5200,3
2025-01-07 08:13:00,63.4900,63.4900,63.4900,63.4900,3
2025-01-07 08:16:00,63.5000,63.5050,63.5000,63.5050,299
2025-01-07 08:17:00,63.5100,63.8000,63.5100,63.8000,357
2025-01-07 08:18:00,63.7000,63.7000,63.7000,63.7000,8
2025-01-07 08:19:00,63.8000,63.8000,63.7600,63.7900,292
2025-01-07 08:22:00,63.7900,63.7900,63.5000,63.5000,305
2025-01-07 08:23:00,63.5400,63.6500,63.5400,63.6199,87
2025-01-07 08:24:00,63.5400,63.5500,63.5400,63.5500,1201
2025-01-07 08:25:00,63.6500,63.8000,63.5400,63.6000,228
2025-01-07 08:26:00,63.5200,63.5200,63.5000,63.5000,1140
2025-01-07 08:27:00,63.8200,63.8200,63.8200,63.8200,4
2025-01-07 08:28:00,63.8200,63.8200,63.5000,63.5000,758
2025-01-07 08:31:00,63.5000,63.5000,63.5000,63.5000,48
2025-01-07 08:32:00,63.5000,63.5000,63.5000,63.5000,546
2025-01-07 08:33:00,63.5500,63.5500,63.5000,63.5000,52
2025-01-07 08:34:00,63.5000,63.5000,63.5000,63.5000,1
2025-01-07 08:35:00,63.4410,63.4410,63.4410,63.4410,94
2025-01-07 08:41:00,63.5100,63.5100,63.5100,63.5100,25
2025-01-07 08:42:00,63.5100,63.5100,63.5100,63.5100,1
2025-01-07 08:43:00,63.5000,63.5100,63.5000,63.5100,6
2025-01-07 08:44:00,63.5100,63.5100,63.4400,63.4400,1125
2025-01-07 08:45:00,63.4500,63.4500,63.4500,63.4500,1
2025-01-07 08:46:00,63.4500,63.6300,63.4500,63.6300,1095
2025-01-07 08:48:00,63.5200,63.5300,63.5200,63.5300,103
2025-01-07 08:49:00,63.6200,63.6200,63.6200,63.6200,11
2025-01-07 08:51:00,63.6300,63.6500,63.5300,63.5300,816
2025-01-07 08:52:00,63.6200,63.6200,63.6200,63.6200,99
2025-01-07 08:53:00,63.7000,63.7000,63.7000,63.7000,15
2025-01-07 08:54:00,63.6300,63.7000,63.6200,63.7000,1502
2025-01-07 08:55:00,63.6200,63.6700,63.6200,63.6700,58
2025-01-07 08:57:00,63.7000,63.7700,63.5500,63.7000,2890
2025-01-07 08:58:00,63.6700,63.6700,63.6700,63.6700,801
2025-01-07 08:59:00,63.7000,63.7000,63.6800,63.6800,24
2025-01-07 09:00:00,63.6800,63.7000,63.6500,63.7000,659
2025-01-07 09:01:00,63.7000,63.7000,63.5500,63.7000,95
2025-01-07 09:02:00,63.5500,63.5500,63.5500,63.5500,1486
2025-01-07 09:03:00,63.6900,63.7800,63.6900,63.7800,1109
2025-01-07 09:04:00,63.7800,63.7800,63.7800,63.7800,11
2025-01-07 09:05:00,63.7700,63.7700,63.7700,63.7700,8
2025-01-07 09:06:00,63.7700,63.7700,63.7700,63.7700,9
2025-01-07 09:07:00,63.7800,63.7800,63.7800,63.7800,3
2025-01-07 09:08:00,63.7800,63.7800,63.7800,63.7800,202
2025-01-07 09:09:00,63.7800,63.7800,63.7600,63.7600,238
2025-01-07 09:10:00,63.6700,63.7600,63.6700,63.6800,300
2025-01-07 09:11:00,63.7300,63.7800,63.6800,63.7799,31
2025-01-07 09:12:00,63.7700,63.7700,63.7700,63.7700,154
2025-01-07 09:13:00,63.7800,63.7800,63.7800,63.7800,50
2025-01-07 09:14:00,63.7681,63.7786,63.7681,63.7786,92
2025-01-07 09:15:00,63.7800,63.8000,63.7800,63.7800,797
2025-01-07 09:16:00,63.9490,64.0000,63.9490,64.0000,150
2025-01-07 09:17:00,63.8500,64.0000,63.8300,63.8300,139
2025-01-07 09:18:00,63.8500,63.9500,63.8500,63.8500,158
2025-01-07 09:19:00,63.9500,64.0000,63.9500,63.9500,104
2025-01-07 09:20:00,63.8300,63.8300,63.8300,63.8300,20
2025-01-07 09:21:00,63.8300,63.9500,63.8300,63.8300,511
2025-01-07 09:22:00,63.8500,63.8500,63.8200,63.8200,70
2025-01-07 09:23:00,63.8500,63.9497,63.8250,63.8250,132
2025-01-07 09:24:00,63.8200,63.8400,63.7001,63.8000,308
2025-01-07 09:25:00,63.7000,63.8000,63.7000,63.8000,19
2025-01-07 09:27:00,64.0000,64.0000,63.5000,63.6100,2083
2025-01-07 09:28:00,63.4000,63.4900,63.2700,63.3600,1707
2025-01-07 09:29:00,63.9300,63.9300,63.3700,63.6500,4
2025-01-07 09:30:00,63.3500,63.5500,62.5000,62.7650,55045
2025-01-07 09:31:00,62.9576,63.3800,62.7200,62.9500,18348
2025-01-07 09:32:00,63.2800,63.7500,63.2800,63.7500,9517
2025-01-07 09:33:00,63.8200,63.8800,63.4100,63.6001,11558
2025-01-07 09:34:00,63.6902,63.7235,63.2000,63.2700,13921
2025-01-07 09:35:00,63.4200,63.4600,62.8801,63.0550,19197
2025-01-07 09:36:00,63.0527,63.2970,62.9110,62.9110,13765
2025-01-07 09:37:00,62.9668,63.0735,62.7500,63.0500,9995
2025-01-07 09:38:00,62.9000,63.1484,62.8284,63.1100,34007
2025-01-07 09:39:00,62.9100,63.3200,62.9000,62.9400,9888
2025-01-07 09:40:00,62.9400,63.1000,62.8700,63.0100,4886
2025-01-07 09:41:00,62.8895,62.9907,62.7575,62.7600,8268
2025-01-07 09:42:00,62.7600,62.9600,62.6500,62.6900,26355
2025-01-07 09:43:00,62.6900,63.0000,62.6600,62.8550,6312
2025-01-07 09:44:00,62.9000,62.9400,62.4600,62.5400,51051
2025-01-07 09:45:00,62.5900,62.8900,62.5500,62.6500,9479
2025-01-07 09:46:00,62.6560,62.7058,62.4500,62.6350,30702
2025-01-07 09:47:00,62.7300,62.7300,62.5500,62.6550,14766
2025-01-07 09:48:00,62.7600,62.7900,62.5844,62.6300,10224
2025-01-07 09:49:00,62.7150,62.7650,62.4500,62.5150,29094
2025-01-07 09:50:00,62.5000,62.5900,62.2595,62.5200,47997
2025-01-07 09:51:00,62.5002,62.9676,62.4001,62.8700,16295
2025-01-07 09:52:00,62.9400,63.2137,62.8400,63.0600,12951
2025-01-07 09:53:00,63.0600,63.4000,62.9795,63.0350,33142
2025-01-07 09:54:00,63.0752,63.1000,62.8300,63.0700,7389
2025-01-07 09:55:00,63.1000,63.2000,63.0083,63.1300,4788
2025-01-07 09:56:00,63.0921,63.3000,62.7600,62.9424,11054
2025-01-07 09:57:00,62.9681,62.9681,62.3804,62.5250,12947
2025-01-07 09:58:00,62.6200,62.6200,62.3100,62.3800,13349
2025-01-07 09:59:00,62.3111,62.5100,62.2800,62.4300,11403
2025-01-07 10:00:00,62.3300,62.4700,61.5300,61.5700,53987
2025-01-07 10:01:00,61.7000,61.7000,61.0276,61.0710,40401
2025-01-07 10:02:00,61.0200,61.5000,61.0100,61.3250,31523
2025-01-07 10:03:00,61.4000,61.5050,61.1875,61.5050,15739
2025-01-07 10:04:00,61.4350,61.4400,60.8800,60.9900,27019
2025-01-07 10:05:00,60.9300,61.2300,60.8600,61.0700,25908
2025-01-07 10:06:00,61.1300,61.1325,60.7500,60.9000,13677
2025-01-07 10:07:00,60.9250,60.9758,60.7500,60.8400,20958
2025-01-07 10:08:00,60.8500,61.1500,60.6570,61.1500,18466
2025-01-07 10:09:00,61.1400,61.1500,60.6000,60.6000,53113
2025-01-07 10:10:00,60.5500,60.6300,60.3000,60.4000,47933
2025-01-07 10:11:00,60.4500,60.6700,60.3255,60.4500,26543
2025-01-07 10:12:00,60.4500,60.5300,60.1600,60.4400,38837
2025-01-07 10:13:00,60.3400,60.5300,60.2000,60.3100,32121
2025-01-07 10:14:00,60.3100,60.3100,60.0450,60.1883,34628
2025-01-07 10:15:00,60.0600,60.1750,59.6600,59.7819,94744
2025-01-07 10:16:00,59.8200,60.0100,59.7600,59.8600,23749
2025-01-07 10:17:00,59.8323,59.9800,59.5737,59.7200,28311
2025-01-07 10:18:00,59.6000,59.9100,59.5800,59.9100,12246
2025-01-07 10:19:00,59.8450,60.0999,59.7800,59.9255,35587
2025-01-07 10:20:00,59.9200,60.3200,59.9200,60.1000,21375
2025-01-07 10:21:00,60.1100,60.3999,60.0000,60.3300,73061
2025-01-07 10:22:00,60.3400,60.3999,59.8100,59.9200,28108
2025-01-07 10:23:00,59.9707,60.0200,59.7700,59.7800,24333
2025-01-07 10:24:00,59.7860,60.0000,59.6600,59.8835,25700
2025-01-07 10:25:00,60.0200,60.4400,59.8200,60.3001,27947
2025-01-07 10:26:00,60.3001,60.5100,60.3000,60.5100,12616
2025-01-07 10:27:00,60.3681,60.6000,60.3597,60.3792,15849
2025-01-07 10:28:00,60.3400,60.3600,59.9414,60.1434,34151
2025-01-07 10:29:00,60.0800,60.2900,59.9300,59.9950,16961
2025-01-07 10:30:00,59.9301,60.1200,59.6000,59.6541,14924
2025-01-07 10:31:00,59.6600,59.6600,59.4900,59.5300,30189
2025-01-07 10:32:00,59.5300,59.7800,59.4000,59.6286,23380
2025-01-07 10:33:00,59.5000,59.6500,59.4200,59.5200,14037
2025-01-07 10:34:00,59.5200,59.6440,59.4700,59.6300,22951
2025-01-07 10:35:00,59.6300,59.7200,59.3800,59.4200,15483
2025-01-07 10:36:00,59.5680,59.6900,59.4200,59.5695,10181
2025-01-07 10:37:00,59.5600,59.7900,59.5400,59.6336,14229
2025-01-07 10:38:00,59.6650,59.6900,59.4000,59.4300,16478
2025-01-07 10:39:00,59.4069,59.4069,59.1517,59.1600,23164
2025-01-07 10:40:00,59.2800,59.4200,59.0600,59.1044,13116
2025-01-07 10:41:00,59.1127,59.2652,58.9300,59.2000,43266
2025-01-07 10:42:00,59.1950,59.2416,59.0200,59.1150,18315
2025-01-07 10:43:00,59.1665,59.4064,59.0500,59.0800,26794
2025-01-07 10:44:00,59.1000,59.3300,59.0800,59.1900,12131
2025-01-07 10:45:00,59.2000,59.3300,59.1400,59.2600,13068
2025-01-07 10:46:00,59.2519,59.4100,59.2100,59.4100,11799
2025-01-07 10:47:00,59.3191,59.3191,58.9200,59.1885,16828
2025-01-07 10:48:00,59.0331,59.2599,59.0331,59.0814,11126
2025-01-07 10:49:00,59.1550,59.5800,59.1550,59.5800,16546
2025-01-07 10:50:00,59.5500,59.7300,59.4600,59.6000,21208
2025-01-07 10:51:00,59.8000,59.9000,59.6117,59.8450,11124
2025-01-07 10:52:00,59.9000,59.9000,59.4000,59.8200,46504
2025-01-07 10:53:00,59.8600,59.9284,59.8000,59.9000,9730
2025-01-07 10:54:00,59.8500,60.1200,59.8000,59.9792,11552
2025-01-07 10:55:00,60.0362,60.2000,60.0300,60.1600,12579
2025-01-07 10:56:00,60.1104,60.3200,60.1104,60.3000,13948
2025-01-07 10:57:00,60.3000,60.3800,60.2535,60.3298,7738
2025-01-07 10:58:00,60.3800,60.3800,60.0971,60.3000,17903
2025-01-07 10:59:00,60.2100,60.4200,60.2100,60.3001,9059
2025-01-07 11:00:00,60.3500,60.5400,60.3500,60.4496,10162
2025-01-07 11:01:00,60.4275,60.4900,60.3400,60.3584,9722
2025-01-07 11:02:00,60.3856,60.5000,60.3100,60.4499,12137
2025-01-07 11:03:00,60.4500,60.5799,60.3907,60.5400,9384
2025-01-07 11:04:00,60.5115,60.6899,60.5115,60.6896,8631
2025-01-07 11:05:00,60.5900,60.6500,60.2856,60.3900,11625
2025-01-07 11:06:00,60.4400,60.7600,60.3519,60.6500,19760
2025-01-07 11:07:00,60.6700,60.6700,60.4700,60.5350,4462
2025-01-07 11:08:00,60.5250,60.8600,60.5250,60.8150,12049
2025-01-07 11:09:00,60.7900,60.8700,60.7400,60.8100,12573
2025-01-07 11:10:00,60.8631,60.9030,60.5900,60.6700,14582
2025-01-07 11:11:00,60.6100,60.6700,60.4000,60.4200,12200
2025-01-07 11:12:00,60.4000,60.4900,60.3100,60.4100,10677
2025-01-07 11:13:00,60.4600,60.4600,60.2400,60.3500,15291
2025-01-07 11:14:00,60.3500,60.5499,60.3500,60.4450,14281
2025-01-07 11:15:00,60.4002,60.6300,60.4002,60.4700,7957
2025-01-07 11:16:00,60.6400,60.6400,60.5100,60.5461,7506
2025-01-07 11:17:00,60.6450,60.6450,60.3700,60.4800,7638
2025-01-07 11:18:00,60.3100,60.5000,60.2800,60.4200,6858
2025-01-07 11:19:00,60.3301,60.5800,60.3301,60.4100,6116
2025-01-07 11:20:00,60.4699,60.5800,60.4000,60.5800,4101
2025-01-07 11:21:00,60.5763,60.5950,60.4900,60.5600,5384
2025-01-07 11:22:00,60.5810,60.6600,60.3000,60.3300,6468
2025-01-07 11:23:00,60.2600,60.4400,60.2471,60.4400,3389
2025-01-07 11:24:00,60.4050,60.5300,60.3798,60.4950,3397
2025-01-07 11:25:00,60.5700,60.6900,60.5700,60.6600,3536
2025-01-07 11:26:00,60.6600,60.8100,60.6103,60.6800,12225
2025-01-07 11:27:00,60.6900,60.6900,60.5300,60.6000,4603
2025-01-07 11:28:00,60.5700,60.7028,60.5100,60.6800,4159
2025-01-07 11:29:00,60.6700,60.6900,60.4500,60.5000,10119
2025-01-07 11:30:00,60.4900,60.5500,60.2400,60.2700,12210
2025-01-07 11:31:00,60.2400,60.3000,60.1500,60.2300,11119
2025-01-07 11:32:00,60.1670,60.4499,60.1670,60.3200,5096
2025-01-07 11:33:00,60.4500,60.4500,60.3100,60.3700,3575
2025-01-07 11:34:00,60.2701,60.3773,60.2701,60.2787,4971
2025-01-07 11:35:00,60.2700,60.2800,60.1700,60.2300,4962
2025-01-07 11:36:00,60.1800,60.2341,60.0101,60.0950,11331
2025-01-07 11:37:00,60.1100,60.2450,60.0800,60.1850,6649
2025-01-07 11:38:00,60.2400,60.2750,60.1500,60.1600,5179
2025-01-07 11:39:00,60.1500,60.3600,60.1500,60.3600,5011
2025-01-07 11:40:00,60.4162,60.5500,60.4161,60.5000,3376
2025-01-07 11:41:00,60.5600,60.5600,60.1300,60.1300,9189
2025-01-07 11:42:00,60.1200,60.1200,59.9444,60.0450,17705
2025-01-07 11:43:00,59.9907,60.0999,59.9713,60.0050,9051
2025-01-07 11:44:00,60.0200,60.0200,59.9000,59.9204,14191
2025-01-07 11:45:00,59.8800,59.9300,59.7944,59.9300,13974
2025-01-07 11:46:00,59.9300,59.9700,59.8900,59.8900,6041
2025-01-07 11:47:00,59.9100,59.9150,59.7886,59.8500,10700
2025-01-07 11:48:00,59.8164,59.8400,59.7000,59.7000,7283
2025-01-07 11:49:00,59.6900,59.7300,59.6700,59.7000,7798
2025-01-07 11:50:00,59.6700,59.6700,59.4400,59.6018,22818
2025-01-07 11:51:00,59.5650,59.5900,59.3200,59.3200,11518
2025-01-07 11:52:00,59.2800,59.2900,59.1500,59.2200,17736
2025-01-07 11:53:00,59.2200,59.2500,59.1100,59.1550,14105
2025-01-07 11:54:00,59.1300,59.2100,59.0500,59.0700,12104
2025-01-07 11:55:00,59.0750,59.2500,59.0539,59.2500,13159
2025-01-07 11:56:00,59.1900,59.2800,59.1601,59.2340,11929
2025-01-07 11:57:00,59.2800,59.3900,59.2200,59.2800,9263
2025-01-07 11:58:00,59.2800,59.2800,59.1000,59.1001,11550
2025-01-07 11:59:00,59.1650,59.1650,59.0528,59.1350,13126
2025-01-07 12:00:00,59.1200,59.3699,59.0300,59.1800,26423
2025-01-07 12:01:00,59.1900,59.2700,59.1100,59.2059,5004
2025-01-07 12:02:00,59.2700,59.3803,59.1800,59.3000,7233
2025-01-07 12:03:00,59.3000,59.3000,59.2000,59.2277,5513
2025-01-07 12:04:00,59.2326,59.2700,59.1800,59.2375,8174
2025-01-07 12:05:00,59.2600,59.3400,59.2000,59.3400,4246
2025-01-07 12:06:00,59.3500,59.3850,59.2900,59.3000,5925
2025-01-07 12:07:00,59.3198,59.3700,59.2700,59.2700,4571
2025-01-07 12:08:00,59.3200,59.3999,59.2300,59.2400,7017
2025-01-07 12:09:00,59.3999,59.4900,59.2800,59.4150,6380
2025-01-07 12:10:00,59.4150,59.4599,59.3300,59.3300,4231
2025-01-07 12:11:00,59.3100,59.5500,59.3100,59.4200,6698
2025-01-07 12:12:00,59.4850,59.5700,59.4200,59.4750,7446
2025-01-07 12:13:00,59.5275,59.5900,59.4801,59.5000,7901
2025-01-07 12:14:00,59.4700,59.6200,59.4400,59.6200,3954
2025-01-07 12:15:00,59.6095,59.6400,59.6095,59.6400,2994
2025-01-07 12:16:00,59.5801,59.7000,59.5801,59.6500,4824
2025-01-07 12:17:00,59.6300,59.7200,59.6063,59.6800,10338
2025-01-07 12:18:00,59.7300,59.7400,59.6200,59.6350,6208
2025-01-07 12:19:00,59.6700,59.7787,59.6312,59.6700,4301
2025-01-07 12:20:00,59.6554,59.7000,59.6300,59.6850,3327
2025-01-07 12:21:00,59.6846,59.8528,59.6800,59.7473,6431
2025-01-07 12:22:00,59.7200,59.7300,59.5100,59.5394,7225
2025-01-07 12:23:00,59.5000,59.5300,59.3800,59.5150,22203
2025-01-07 12:24:00,59.4900,59.5600,59.4600,59.5500,10728
2025-01-07 12:25:00,59.5700,59.6593,59.5400,59.6593,4419
2025-01-07 12:26:00,59.6650,59.6650,59.5700,59.6000,4848
2025-01-07 12:27:00,59.7100,59.7400,59.6800,59.7300,6008
2025-01-07 12:28:00,59.6850,59.7400,59.5600,59.5600,5016
2025-01-07 12:29:00,59.6200,59.6400,59.5500,59.5900,10610
2025-01-07 12:30:00,59.5900,59.6450,59.5300,59.6450,4365
2025-01-07 12:31:00,59.6100,59.6699,59.5700,59.5701,3239
2025-01-07 12:32:00,59.6337,59.6900,59.6100,59.6360,5137
2025-01-07 12:33:00,59.6200,59.6900,59.5401,59.6900,6385
2025-01-07 12:34:00,59.6200,59.7200,59.6200,59.6200,2983
2025-01-07 12:35:00,59.6750,59.6750,59.5225,59.6300,9555
2025-01-07 12:36:00,59.5650,59.6800,59.5650,59.6100,3202
2025-01-07 12:37:00,59.5500,59.5600,59.4500,59.4650,7783
2025-01-07 12:38:00,59.4400,59.5500,59.3500,59.4900,8847
2025-01-07 12:39:00,59.4750,59.5000,59.3700,59.5000,20438
2025-01-07 12:40:00,59.5700,59.5800,59.4897,59.5250,4363
2025-01-07 12:41:00,59.5800,59.6400,59.4401,59.4768,8823
2025-01-07 12:42:00,59.4400,59.5275,59.4000,59.4900,3322
2025-01-07 12:43:00,59.4655,59.5100,59.4140,59.4600,7234
2025-01-07 12:44:00,59.4900,59.6400,59.4200,59.5099,5601
2025-01-07 12:45:00,59.6050,59.6500,59.4700,59.5000,4556
2025-01-07 12:46:00,59.5100,59.5200,59.2800,59.2950,14170
2025-01-07 12:47:00,59.2900,59.4700,59.2900,59.3577,5808
2025-01-07 12:48:00,59.4000,59.4900,59.3300,59.4408,5138
2025-01-07 12:49:00,59.4800,59.5000,59.3601,59.3601,6812
2025-01-07 12:50:00,59.3900,59.4100,59.3300,59.3501,5450
2025-01-07 12:51:00,59.4200,59.4200,59.2200,59.3100,6619
2025-01-07 12:52:00,59.2650,59.2650,59.2200,59.2550,5158
2025-01-07 12:53:00,59.2550,59.3700,59.2400,59.3570,4994
2025-01-07 12:54:00,59.4199,59.4300,59.3120,59.4088,4320
2025-01-07 12:55:00,59.4100,59.5700,59.3848,59.4800,6642
2025-01-07 12:56:00,59.5100,59.6400,59.4700,59.6400,10584
2025-01-07 12:57:00,59.6500,59.6500,59.4952,59.5016,3209
2025-01-07 12:58:00,59.5450,59.5453,59.3900,59.3937,5476
2025-01-07 12:59:00,59.4350,59.5336,59.4100,59.4900,3057
2025-01-07 13:00:00,59.5700,59.6000,59.5100,59.5600,2163
2025-01-07 13:01:00,59.6000,59.6700,59.5100,59.5300,5021
2025-01-07 13:02:00,59.5000,59.6700,59.5000,59.6500,5925
2025-01-07 13:03:00,59.5900,59.5900,59.4886,59.5301,5351
2025-01-07 13:04:00,59.5300,59.5550,59.3600,59.3850,5937
2025-01-07 13:05:00,59.3800,59.4000,59.3000,59.3001,10247
2025-01-07 13:06:00,59.3000,59.4200,59.3000,59.4100,10058
2025-01-07 13:07:00,59.4200,59.4500,59.3200,59.3206,5566
2025-01-07 13:08:00,59.3900,59.5000,59.3300,59.5000,5017
2025-01-07 13:09:00,59.5050,59.6000,59.4900,59.5001,6474
2025-01-07 13:10:00,59.5100,59.5800,59.4777,59.4900,6881
2025-01-07 13:11:00,59.4600,59.5400,59.4600,59.5400,3432
2025-01-07 13:12:00,59.5081,59.6500,59.5081,59.6032,7045
2025-01-07 13:13:00,59.6900,59.6900,59.5800,59.6150,4100
2025-01-07 13:14:00,59.6400,59.6500,59.6000,59.6500,8217
2025-01-07 13:15:00,59.6500,59.6500,59.5753,59.6050,3352
2025-01-07 13:16:00,59.5800,59.6300,59.5500,59.5900,6348
2025-01-07 13:17:00,59.5900,59.6200,59.5200,59.5300,4046
2025-01-07 13:18:00,59.5900,59.6000,59.5649,59.5750,2838
2025-01-07 13:19:00,59.6100,59.6100,59.5889,59.6000,2050
2025-01-07 13:20:00,59.5800,59.6300,59.5300,59.5300,11289
2025-01-07 13:21:00,59.5200,59.5200,59.4800,59.4836,4565
2025-01-07 13:22:00,59.5300,59.6500,59.5250,59.5350,6448
2025-01-07 13:23:00,59.5700,59.6000,59.5100,59.5650,5317
2025-01-07 13:24:00,59.5394,59.7500,59.5394,59.7500,5246
2025-01-07 13:25:00,59.6800,59.7000,59.6800,59.7000,774
2025-01-07 13:26:00,59.7500,59.7500,59.6300,59.6800,8590
2025-01-07 13:27:00,59.6800,59.7097,59.6400,59.7097,2528
2025-01-07 13:28:00,59.6341,59.7099,59.6300,59.6300,3678
2025-01-07 13:29:00,59.6300,59.7200,59.6300,59.7100,3791
2025-01-07 13:30:00,59.6999,59.6999,59.5900,59.6223,8072
2025-01-07 13:31:00,59.6100,59.6700,59.5100,59.6206,10404
2025-01-07 13:32:00,59.6150,59.6599,59.5801,59.6100,2419
2025-01-07 13:33:00,59.5820,59.7800,59.5700,59.7500,38291
2025-01-07 13:34:00,59.7100,59.8000,59.7100,59.7200,4187
2025-01-07 13:35:00,59.6800,59.7900,59.6800,59.7200,3494
2025-01-07 13:36:00,59.7200,59.7200,59.6100,59.6100,4611
2025-01-07 13:37:00,59.5800,59.5900,59.4209,59.4700,11751
2025-01-07 13:38:00,59.4500,59.4500,59.3300,59.4000,4337
2025-01-07 13:39:00,59.4125,59.5600,59.3900,59.5600,5829
2025-01-07 13:40:00,59.5131,59.5131,59.4000,59.4500,7214
2025-01-07 13:41:00,59.4750,59.4750,59.3900,59.4100,5520
2025-01-07 13:42:00,59.3900,59.4100,59.3300,59.3300,2277
2025-01-07 13:43:00,59.3405,59.4099,59.3100,59.3450,4991
2025-01-07 13:44:00,59.3400,59.3900,59.3000,59.3500,4391
2025-01-07 13:45:00,59.3900,59.4400,59.3700,59.4100,6192
2025-01-07 13:46:00,59.3700,59.4000,59.3400,59.3400,5314
2025-01-07 13:47:00,59.3200,59.3800,59.3079,59.3500,4262
2025-01-07 13:48:00,59.3574,59.3574,59.2600,59.3200,6725
2025-01-07 13:49:00,59.2742,59.3300,59.2700,59.3294,8720
2025-01-07 13:50:00,59.3300,59.3300,59.2286,59.2552,6835
2025-01-07 13:51:00,59.2900,59.3500,59.2400,59.3000,3435
2025-01-07 13:52:00,59.3400,59.4500,59.3100,59.4500,6539
2025-01-07 13:53:00,59.4400,59.4500,59.3500,59.3800,6328
2025-01-07 13:54:00,59.4600,59.4600,59.2800,59.3000,6060
2025-01-07 13:55:00,59.2900,59.3400,59.2400,59.3400,5963
2025-01-07 13:56:00,59.3300,59.4900,59.2900,59.4342,7066
2025-01-07 13:57:00,59.4600,59.5200,59.4212,59.4900,12061
2025-01-07 13:58:00,59.4953,59.5400,59.4380,59.5300,7431
2025-01-07 13:59:00,59.4709,59.7500,59.4709,59.7300,13600
2025-01-07 14:00:00,59.7200,59.8428,59.6800,59.8428,5866
2025-01-07 14:01:00,59.8500,59.9100,59.8500,59.9088,5518
2025-01-07 14:02:00,59.9000,60.0200,59.8600,59.9950,8156
2025-01-07 14:03:00,59.9500,60.0600,59.9300,60.0300,13132
2025-01-07 14:04:00,60.0200,60.0900,59.9815,60.0196,6817
2025-01-07 14:05:00,60.0500,60.1800,60.0479,60.1800,6169
2025-01-07 14:06:00,60.1700,60.1700,60.0488,60.0700,5420
2025-01-07 14:07:00,60.0300,60.1300,60.0300,60.1100,3886
2025-01-07 14:08:00,60.1900,60.1900,60.0700,60.0754,6287
2025-01-07 14:09:00,60.1100,60.1900,60.0700,60.1900,8453
2025-01-07 14:10:00,60.1500,60.1900,60.1106,60.1550,4349
2025-01-07 14:11:00,60.1550,60.1900,60.1000,60.1350,7007
2025-01-07 14:12:00,60.1014,60.2150,60.0900,60.2000,9335
2025-01-07 14:13:00,60.1700,60.2050,60.0900,60.1300,5921
2025-01-07 14:14:00,60.1300,60.1600,60.0900,60.1163,3898
2025-01-07 14:15:00,60.1150,60.1400,60.0114,60.0114,6628
2025-01-07 14:16:00,60.0400,60.1499,60.0100,60.0663,7191
2025-01-07 14:17:00,60.0900,60.1000,60.0300,60.0337,4460
2025-01-07 14:18:00,60.0642,60.0799,59.9900,60.0400,6096
2025-01-07 14:19:00,60.0040,60.1650,60.0040,60.1600,5709
2025-01-07 14:20:00,60.1650,60.1650,60.1000,60.1000,4269
2025-01-07 14:21:00,60.1300,60.1300,60.0601,60.0602,3688
2025-01-07 14:22:00,60.0900,60.2500,60.0400,60.1900,9063
2025-01-07 14:23:00,60.1400,60.2000,60.0500,60.1300,7011
2025-01-07 14:24:00,60.1300,60.1300,60.0500,60.0626,2808
2025-01-07 14:25:00,60.1500,60.2000,60.1100,60.2000,4837
2025-01-07 14:26:00,60.1779,60.2300,60.1650,60.2200,4612
2025-01-07 14:27:00,60.1850,60.3250,60.1850,60.3200,8017
2025-01-07 14:28:00,60.3250,60.3250,60.2465,60.2500,4515
2025-01-07 14:29:00,60.2500,60.3500,60.2300,60.3500,7341
2025-01-07 14:30:00,60.3200,60.3400,60.2460,60.2650,6409
2025-01-07 14:31:00,60.2650,60.3200,60.2650,60.3200,2327
2025-01-07 14:32:00,60.3150,60.3200,60.2875,60.3100,4002
2025-01-07 14:33:00,60.3400,60.3699,60.2900,60.3100,6901
2025-01-07 14:34:00,60.3700,60.3700,60.2600,60.3000,6968
2025-01-07 14:35:00,60.3000,60.3034,60.2300,60.2835,5934
2025-01-07 14:36:00,60.2900,60.2900,60.1750,60.1750,5461
2025-01-07 14:37:00,60.1800,60.1899,60.0800,60.1450,16323
2025-01-07 14:38:00,60.1050,60.1899,60.1050,60.1300,4191
2025-01-07 14:39:00,60.1300,60.1300,60.0800,60.0950,11741
2025-01-07 14:40:00,60.0900,60.1600,60.0500,60.1000,14765
2025-01-07 14:41:00,60.1000,60.1300,59.9750,59.9900,9936
2025-01-07 14:42:00,59.9600,59.9900,59.9250,59.9900,8858
2025-01-07 14:43:00,59.9838,60.2100,59.9628,60.1377,13058
2025-01-07 14:44:00,60.2400,60.3400,60.1400,60.3230,6043
2025-01-07 14:45:00,60.3500,60.3701,60.3000,60.3500,5130
2025-01-07 14:46:00,60.4000,60.4000,60.2800,60.3150,5780
2025-01-07 14:47:00,60.3200,60.3200,60.1150,60.1150,4960
2025-01-07 14:48:00,60.1100,60.1100,60.0300,60.0400,4688
2025-01-07 14:49:00,60.0350,60.0355,60.0000,60.0050,5627
2025-01-07 14:50:00,59.9950,60.2400,59.9950,60.1900,5684
2025-01-07 14:51:00,60.1901,60.1950,60.0800,60.0800,6701
2025-01-07 14:52:00,60.1400,60.1800,60.0900,60.1100,6303
2025-01-07 14:53:00,60.1000,60.1500,60.0800,60.0800,4492
2025-01-07 14:54:00,60.1000,60.1000,60.0000,60.0000,5435
2025-01-07 14:55:00,59.9700,60.0700,59.9700,60.0400,9629
2025-01-07 14:56:00,60.0600,60.1300,60.0200,60.0977,10237
2025-01-07 14:57:00,60.0950,60.1300,59.9995,60.0607,8416
2025-01-07 14:58:00,60.0950,60.1200,60.0500,60.1000,4855
2025-01-07 14:59:00,60.1000,60.1200,60.0400,60.1200,5558
2025-01-07 15:00:00,60.0900,60.1299,60.0500,60.1000,4221
2025-01-07 15:01:00,60.0700,60.0700,59.9600,59.9800,7416
2025-01-07 15:02:00,59.9600,60.0100,59.9300,59.9300,8047
2025-01-07 15:03:00,59.9301,59.9700,59.8600,59.9250,5878
2025-01-07 15:04:00,59.9000,59.9700,59.9000,59.9600,4364
2025-01-07 15:05:00,59.9600,59.9900,59.8700,59.9200,4826
2025-01-07 15:06:00,59.9200,60.1200,59.9200,60.0863,6639
2025-01-07 15:07:00,60.1100,60.1100,59.9700,60.0350,8065
2025-01-07 15:08:00,59.9701,60.0350,59.9500,59.9500,3504
2025-01-07 15:09:00,59.9600,60.0100,59.9100,59.9300,7004
2025-01-07 15:10:00,59.8980,59.9300,59.8250,59.8450,6172
2025-01-07 15:11:00,59.8457,59.9999,59.8400,59.9600,5504
2025-01-07 15:12:00,60.0000,60.0000,59.8300,59.9400,6108
2025-01-07 15:13:00,59.9350,59.9350,59.8801,59.8801,2632
2025-01-07 15:14:00,59.8900,59.9700,59.8815,59.9400,4713
2025-01-07 15:15:00,59.9375,60.0400,59.8400,59.8987,9348
2025-01-07 15:16:00,59.8590,59.9400,59.8518,59.8907,17081
2025-01-07 15:17:00,59.9300,59.9700,59.8900,59.9100,4119
2025-01-07 15:18:00,59.9000,59.9699,59.8900,59.9300,3903
2025-01-07 15:19:00,59.9300,59.9900,59.8900,59.9000,9741
2025-01-07 15:20:00,59.9400,59.9600,59.7700,59.8800,22551
2025-01-07 15:21:00,59.9200,59.9200,59.8200,59.8350,4845
2025-01-07 15:22:00,59.8350,59.8350,59.7500,59.7650,7511
2025-01-07 15:23:00,59.7900,59.9800,59.7782,59.9300,9929
2025-01-07 15:24:00,59.9350,59.9800,59.8600,59.9216,9299
2025-01-07 15:25:00,59.9100,60.0500,59.8900,60.0300,7032
2025-01-07 15:26:00,60.0600,60.0600,59.9453,59.9800,7282
2025-01-07 15:27:00,59.9800,60.0000,59.9000,59.9900,8153
2025-01-07 15:28:00,59.9700,60.0200,59.9500,60.0000,5104
2025-01-07 15:29:00,59.9850,59.9850,59.8700,59.9200,9954
2025-01-07 15:30:00,59.9300,59.9500,59.7670,59.8350,12056
2025-01-07 15:31:00,59.7800,59.8500,59.7625,59.8400,7951
2025-01-07 15:32:00,59.7900,59.8599,59.7500,59.8200,15463
2025-01-07 15:33:00,59.8100,59.8800,59.8000,59.8250,12370
2025-01-07 15:34:00,59.8300,59.8600,59.7200,59.7300,19052
2025-01-07 15:35:00,59.7600,59.8100,59.6700,59.6850,8736
2025-01-07 15:36:00,59.6950,59.7799,59.6900,59.7500,5731
2025-01-07 15:37:00,59.7800,59.8300,59.7500,59.7500,11798
2025-01-07 15:38:00,59.7500,59.8800,59.7200,59.8000,11790
2025-01-07 15:39:00,59.8400,60.0400,59.8200,60.0400,11327
2025-01-07 15:40:00,59.9801,60.2000,59.9801,60.2000,16796
2025-01-07 15:41:00,60.1750,60.2100,60.0750,60.2100,17221
2025-01-07 15:42:00,60.1800,60.2200,60.0100,60.0648,14543
2025-01-07 15:43:00,60.1050,60.1900,60.0600,60.1150,49390
2025-01-07 15:44:00,60.0700,60.1387,59.9300,59.9700,17475
2025-01-07 15:45:00,59.9450,59.9600,59.8400,59.8650,9520
2025-01-07 15:46:00,59.8400,59.9500,59.8300,59.9296,12292
2025-01-07 15:47:00,59.9300,59.9900,59.8900,59.9500,10806
2025-01-07 15:48:00,59.9550,59.9600,59.8600,59.9300,11008
2025-01-07 15:49:00,59.9600,60.0000,59.9300,59.9700,9398
2025-01-07 15:50:00,60.0000,60.3200,59.9900,60.3200,25821
2025-01-07 15:51:00,60.3100,60.3100,60.1800,60.2001,25940
2025-01-07 15:52:00,60.2400,60.2400,60.1270,60.2200,15848
2025-01-07 15:53:00,60.2500,60.4000,60.2400,60.3373,20145
2025-01-07 15:54:00,60.3500,60.4800,60.3401,60.4500,26856
2025-01-07 15:55:00,60.4800,60.5000,60.1400,60.2100,57086
2025-01-07 15:56:00,60.2100,60.3400,60.1800,60.3400,32662
2025-01-07 15:57:00,60.3400,60.3800,60.2800,60.3100,43954
2025-01-07 15:58:00,60.3100,60.3500,60.2500,60.2700,47336
2025-01-07 15:59:00,60.2650,60.3400,60.2500,60.2500,75394
2025-01-07 16:00:00,60.2500,60.2500,60.2500,60.2500,607703
2025-01-07 16:01:00,60.2500,60.2500,60.2500,60.2500,9057
2025-01-07 16:02:00,60.2500,60.2500,60.2500,60.2500,1
2025-01-07 16:03:00,60.2100,60.2100,60.2100,60.2100,2
2025-01-07 16:04:00,60.2000,60.2000,60.2000,60.2000,2
2025-01-07 16:05:00,60.2500,60.2500,60.2500,60.2500,2
2025-01-07 16:06:00,60.2600,60.2600,60.2600,60.2600,5
2025-01-07 16:07:00,60.2000,60.2000,60.2000,60.2000,30
2025-01-07 16:08:00,60.0000,60.2500,60.0000,60.2400,88
2025-01-07 16:09:00,60.2300,60.4000,60.2300,60.3999,1227
2025-01-07 16:11:00,60.3900,60.4000,60.3900,60.4000,30
2025-01-07 16:13:00,60.0700,60.0700,60.0700,60.0700,1
2025-01-07 16:14:00,60.2400,60.2400,60.2400,60.2400,20
2025-01-07 16:15:00,60.2500,60.2500,60.2200,60.2200,3
2025-01-07 16:16:00,60.0000,60.1700,60.0000,60.1700,20
2025-01-07 16:17:00,60.1300,60.1300,60.0000,60.0500,70
2025-01-07 16:18:00,60.3000,60.3000,60.3000,60.3000,1
2025-01-07 16:19:00,60.0000,60.0000,60.0000,60.0000,175
2025-01-07 16:20:00,60.2500,60.2500,60.2500,60.2500,3
2025-01-07 16:22:00,60.1000,60.1000,60.0000,60.0000,200
2025-01-07 16:23:00,60.0700,60.0700,60.0700,60.0700,14
2025-01-07 16:24:00,60.1000,60.1000,60.0800,60.0800,11
2025-01-07 16:26:00,60.0900,60.0900,60.0900,60.0900,16
2025-01-07 16:27:00,60.2000,60.2000,60.2000,60.2000,256
2025-01-07 16:28:00,60.2000,60.2000,60.2000,60.2000,5
2025-01-07 16:30:00,60.1400,60.1400,60.1400,60.1400,20
2025-01-07 16:31:00,60.3000,60.3000,60.1200,60.2000,180
2025-01-07 16:33:00,60.0900,60.0900,60.0900,60.0900,100
2025-01-07 16:34:00,60.1000,60.1000,60.0900,60.1000,150
2025-01-07 16:35:00,60.1800,60.1800,60.1800,60.1800,80
2025-01-07 16:37:00,60.1700,60.1800,60.1700,60.1800,231
2025-01-07 16:38:00,60.0800,60.0900,60.0800,60.0900,23
2025-01-07 16:39:00,60.0900,60.2700,60.0900,60.2700,330
2025-01-07 16:41:00,60.2600,60.2600,60.0900,60.2600,20
2025-01-07 16:44:00,60.2600,60.2600,60.2600,60.2600,21
2025-01-07 16:48:00,60.2500,60.2500,60.2500,60.2500,2
2025-01-07 16:49:00,60.2800,60.2800,60.2500,60.2800,239
2025-01-07 16:50:00,60.2800,60.2800,60.0900,60.0900,26
2025-01-07 16:51:00,60.2400,60.2500,60.0801,60.0801,140
2025-01-07 16:52:00,60.2600,60.2600,60.2400,60.2400,3
2025-01-07 16:53:00,60.2800,60.2800,60.1100,60.1100,120
2025-01-07 16:54:00,60.1200,60.1200,60.1200,60.1200,4
2025-01-07 16:55:00,60.1900,60.2000,60.1900,60.2000,500
2025-01-07 16:56:00,60.2000,60.2000,60.1002,60.1002,103
2025-01-07 16:57:00,60.1000,60.1000,60.1000,60.1000,67
2025-01-07 16:58:00,60.2500,60.2500,60.2500,60.2500,1
2025-01-07 16:59:00,60.1000,60.1000,60.1000,60.1000,60
2025-01-07 17:00:00,60.1300,60.1300,60.1300,60.1300,15
2025-01-07 17:03:00,60.2789,60.2789,60.2600,60.2600,6
2025-01-07 17:07:00,60.1400,60.1400,60.1300,60.1300,200
2025-01-07 17:10:00,60.2200,60.2200,60.2200,60.2200,5
2025-01-07 17:11:00,60.1200,60.1200,60.1200,60.1200,3
2025-01-07 17:12:00,60.1200,60.1200,60.1200,60.1200,78
2025-01-07 17:13:00,60.2800,60.2800,60.2800,60.2800,25
2025-01-07 17:17:00,60.2000,60.2000,60.1000,60.1100,430
2025-01-07 17:21:00,60.1400,60.1400,60.1400,60.1400,3
2025-01-07 17:22:00,60.2800,60.2800,60.1400,60.2800,43
2025-01-07 17:23:00,60.1500,60.1500,60.1500,60.1500,80
2025-01-07 17:27:00,60.1600,60.1800,60.1600,60.1800,200
2025-01-07 17:28:00,60.2800,60.2800,60.2800,60.2800,5
2025-01-07 17:30:00,60.2000,60.2000,60.2000,60.2000,4
2025-01-07 17:31:00,60.2000,60.2000,60.2000,60.2000,105
2025-01-07 17:32:00,60.2000,60.2000,60.2000,60.2000,6
2025-01-07 17:33:00,60.2000,60.2100,60.2000,60.2100,5
2025-01-07 17:34:00,60.2100,60.2200,60.2100,60.2100,120
2025-01-07 17:35:00,60.2100,60.2100,60.2100,60.2100,5
2025-01-07 17:36:00,60.2000,60.2001,60.2000,60.2001,200
2025-01-07 17:38:00,60.2800,60.2800,60.2800,60.2800,30
2025-01-07 17:39:00,60.2800,60.2800,60.2800,60.2800,1
2025-01-07 17:40:00,60.2500,60.2500,60.2500,60.2500,102000
2025-01-07 17:41:00,60.2800,60.2800,60.2800,60.2800,1
2025-01-07 17:46:00,60.2100,60.2100,60.2100,60.2100,50
2025-01-07 17:47:00,60.2500,60.2500,60.2100,60.2100,41
2025-01-07 17:49:00,60.2800,60.2800,60.2800,60.2800,3
2025-01-07 17:50:00,60.2000,60.2000,60.2000,60.2000,2
2025-01-07 17:54:00,60.2800,60.2800,60.2800,60.2800,1
2025-01-07 17:55:00,60.1500,60.1500,60.1500,60.1500,138
2025-01-07 17:57:00,60.2100,60.2100,60.2100,60.2100,7
2025-01-07 17:58:00,60.1900,60.1900,60.1900,60.1900,40
2025-01-07 18:01:00,60.2100,60.2100,60.0700,60.0800,575
2025-01-07 18:02:00,60.0800,60.0800,60.0800,60.0800,1526
2025-01-07 18:05:00,59.8900,59.8900,59.8900,59.8900,8
2025-01-07 18:06:00,60.2000,60.2000,60.2000,60.2000,5
2025-01-07 18:09:00,60.1900,60.2000,60.1900,60.2000,198
2025-01-07 18:10:00,60.2000,60.2000,60.2000,60.2000,205
2025-01-07 18:14:00,60.2400,60.2400,60.2400,60.2400,62
2025-01-07 18:15:00,60.2300,60.2300,60.2300,60.2300,7
2025-01-07 18:16:00,60.0000,60.0000,60.0000,60.0000,7
2025-01-07 18:17:00,60.2300,60.2300,60.0000,60.0000,654
2025-01-07 18:18:00,60.0000,60.0000,60.0000,60.0000,200
2025-01-07 18:19:00,60.0000,60.0000,60.0000,60.0000,247
2025-01-07 18:20:00,60.2500,60.2500,60.2500,60.2500,1
2025-01-07 18:21:00,60.2900,60.2900,60.2900,60.2900,854
2025-01-07 18:25:00,60.1200,60.1200,60.1200,60.1200,1
2025-01-07 18:27:00,60.1100,60.1200,60.1100,60.1200,100
2025-01-07 18:28:00,60.0000,60.1200,60.0000,60.1200,2
2025-01-07 18:30:00,60.1200,60.1200,60.1200,60.1200,5
2025-01-07 18:33:00,60.1200,60.1500,60.1200,60.1500,121
2025-01-07 18:34:00,60.2400,60.2500,60.2400,60.2500,250
2025-01-07 18:35:00,60.2500,60.2500,60.2500,60.2500,2
2025-01-07 18:36:00,60.2400,60.2400,60.1000,60.1000,345
2025-01-07 18:37:00,60.2000,60.2000,60.2000,60.2000,100
2025-01-07 18:39:00,60.2000,60.2000,60.2000,60.2000,500
2025-01-07 18:41:00,60.2400,60.3000,60.2400,60.3000,35
2025-01-07 18:43:00,60.2500,60.2800,60.2500,60.2800,30
2025-01-07 18:45:00,60.2000,60.2000,60.2000,60.2000,15
2025-01-07 18:49:00,60.2100,60.2100,60.2100,60.2100,7
2025-01-07 18:53:00,60.2100,60.2100,60.2000,60.2000,1101
2025-01-07 18:56:00,60.2000,60.2100,60.1800,60.1800,135
2025-01-07 18:57:00,60.1000,60.1000,60.1000,60.1000,165
2025-01-07 18:58:00,60.2700,60.2900,60.2700,60.2900,149
2025-01-07 18:59:00,60.3000,60.3000,60.3000,60.3000,4
2025-01-07 19:01:00,60.2600,60.2600,60.2600,60.2600,1
2025-01-07 19:02:00,60.3000,60.3000,60.3000,60.3000,10
2025-01-07 19:03:00,60.3000,60.3000,60.3000,60.3000,936
2025-01-07 19:05:00,60.3500,60.3500,60.3500,60.3500,5
2025-01-07 19:07:00,60.2600,60.2600,60.2600,60.2600,66
2025-01-07 19:08:00,60.2900,60.3000,60.2900,60.3000,200
2025-01-07 19:09:00,60.3000,60.3000,60.3000,60.3000,5
2025-01-07 19:10:00,60.3000,60.3500,60.3000,60.3500,421
2025-01-07 19:11:00,60.2600,60.2600,60.2600,60.2600,20
2025-01-07 19:12:00,60.3500,60.3500,60.2700,60.2700,7
2025-01-07 19:13:00,60.2900,60.2900,60.2900,60.2900,20
2025-01-07 19:14:00,60.2900,60.3000,60.2900,60.2900,102
2025-01-07 19:15:00,60.2900,60.2900,60.2800,60.2800,53
2025-01-07 19:16:00,60.2800,60.2800,60.2800,60.2800,9
2025-01-07 19:19:00,60.2800,60.3000,60.2800,60.3000,841
2025-01-07 19:20:00,60.3000,60.3500,60.3000,60.3500,11
2025-01-07 19:21:00,60.3000,60.3000,60.3000,60.3000,169
2025-01-07 19:23:00,60.2800,60.2800,60.2500,60.2500,10
2025-01-07 19:29:00,60.2800,60.2900,60.2800,60.2900,200
2025-01-07 19:31:00,60.2900,60.2900,60.2900,60.2900,31
2025-01-07 19:32:00,60.2891,60.2891,60.2891,60.2891,10
2025-01-07 19:33:00,60.2895,60.2900,60.2895,60.2900,121
2025-01-07 19:34:00,60.2900,60.2900,60.2900,60.2900,100
2025-01-07 19:35:00,60.3500,60.3500,60.2900,60.2900,30
2025-01-07 19:36:00,60.3000,60.3000,60.3000,60.3000,2
2025-01-07 19:38:00,60.3000,60.3500,60.2600,60.2600,550
2025-01-07 19:41:00,60.2600,60.2600,60.2600,60.2600,1
2025-01-07 19:42:00,60.2500,60.2500,60.2500,60.2500,1
2025-01-07 19:43:00,60.2900,60.3000,60.2900,60.3000,5
2025-01-07 19:45:00,60.2900,60.3000,60.2900,60.3000,500
2025-01-07 19:46:00,60.3000,60.3000,60.3000,60.3000,1
2025-01-07 19:49:00,60.3492,60.3492,60.3492,60.3492,50
2025-01-07 19:51:00,60.2700,60.2700,60.2500,60.2500,100
2025-01-07 19:52:00,60.3500,60.3500,60.3500,60.3500,4
2025-01-07 19:53:00,60.3000,60.3000,60.3000,60.3000,100
2025-01-07 19:54:00,60.2500,60.2500,60.2500,60.2500,1
2025-01-07 19:55:00,60.3000,60.3000,60.3000,60.3000,50
2025-01-07 19:56:00,60.3500,60.3500,60.3500,60.3500,250
2025-01-07 19:58:00,60.3499,60.3499,60.3499,60.3499,4
2025-01-07 19:59:00,60.3500,60.3500,60.2625,60.3500,1780
2025-01-08 04:00:00,60.2500,60.2500,60.2500,60.2500,4
2025-01-08 04:01:00,60.5900,60.5900,60.5900,60.5900,5
2025-01-08 04:02:00,60.7200,60.7200,60.7200,60.7200,78
2025-01-08 04:04:00,60.4200,60.4500,60.4200,60.4500,9
2025-01-08 04:10:00,60.6900,60.6900,60.6900,60.6900,3
2025-01-08 04:13:00,60.7200,60.7200,60.7100,60.7100,11
2025-01-08 04:14:00,60.7100,60.7100,60.7100,60.7100,1
2025-01-08 04:18:00,60.7400,60.7400,60.7300,60.7300,52
2025-01-08 04:19:00,60.7400,60.7400,60.6600,60.6600,91
2025-01-08 04:21:00,60.6900,60.6900,60.6900,60.6900,2
2025-01-08 04:25:00,60.7500,60.7500,60.5200,60.5200,69
2025-01-08 04:26:00,60.5100,60.5100,60.5100,60.5100,10
2025-01-08 04:27:00,60.6000,60.6000,60.6000,60.6000,50
2025-01-08 04:35:00,60.6000,60.6000,60.6000,60.6000,10
2025-01-08 04:36:00,60.6000,60.6000,60.6000,60.6000,9
2025-01-08 04:37:00,60.6000,60.6000,60.6000,60.6000,59
2025-01-08 04:38:00,60.6000,60.6000,60.6000,60.6000,9
2025-01-08 04:40:00,60.6000,60.6000,60.6000,60.6000,10
2025-01-08 04:42:00,60.6000,60.6000,60.6000,60.6000,25
2025-01-08 04:44:00,60.6000,60.6000,60.6000,60.6000,2
2025-01-08 04:49:00,60.5900,60.5900,60.5000,60.5000,56
2025-01-08 04:53:00,60.6000,60.6000,60.6000,60.6000,1
2025-01-08 04:57:00,60.4500,60.4500,60.4500,60.4500,2
2025-01-08 05:11:00,60.5300,60.5300,60.5300,60.5300,3
2025-01-08 05:14:00,60.5200,60.5200,60.5200,60.5200,3
2025-01-08 05:16:00,60.5200,60.5200,60.5200,60.5200,6
2025-01-08 05:17:00,60.5300,60.5300,60.5300,60.5300,83
2025-01-08 05:20:00,60.5200,60.5200,60.4700,60.4700,50
2025-01-08 05:24:00,60.4700,60.4700,60.4700,60.4700,3
2025-01-08 05:28:00,60.5500,60.5500,60.5500,60.5500,200
2025-01-08 05:42:00,60.6000,60.6000,60.6000,60.6000,36
2025-01-08 05:51:00,60.6000,60.6700,60.6000,60.6700,4
2025-01-08 05:58:00,60.5800,60.6000,60.5800,60.6000,208
2025-01-08 05:59:00,60.6500,60.6500,60.6500,60.6500,7
2025-01-08 06:00:00,60.5500,60.5500,60.5500,60.5500,1
2025-01-08 06:03:00,60.6500,60.7000,60.6500,60.7000,40
2025-01-08 06:04:00,60.5600,60.5600,60.5600,60.5600,10
2025-01-08 06:06:00,60.5600,60.5600,60.5600,60.5600,40
2025-01-08 06:07:00,60.5400,60.5400,60.5400,60.5400,40
2025-01-08 06:10:00,60.6400,60.6400,60.6400,60.6400,1
2025-01-08 06:12:00,60.6200,60.6200,60.6200,60.6200,2
2025-01-08 06:14:00,60.5500,60.5500,60.5500,60.5500,16
2025-01-08 06:15:00,60.5900,60.5900,60.5900,60.5900,3
2025-01-08 06:16:00,60.5500,60.5800,60.5200,60.5800,161
2025-01-08 06:19:00,60.6100,60.6100,60.6100,60.6100,2
2025-01-08 06:20:00,60.6100,60.6100,60.6100,60.6100,100
2025-01-08 06:25:00,60.5700,60.5700,60.3800,60.3800,205
2025-01-08 06:26:00,60.4000,60.4000,60.4000,60.4000,20
2025-01-08 06:27:00,60.3300,60.3300,60.3300,60.3300,100
2025-01-08 06:28:00,60.3500,60.3500,60.3500,60.3500,1
2025-01-08 06:29:00,60.2600,60.2600,60.1900,60.1900,245
2025-01-08 06:30:00,60.4300,60.4300,60.4300,60.4300,10
2025-01-08 06:31:00,60.3700,60.3700,60.0000,60.0000,488
2025-01-08 06:32:00,60.0100,60.0100,60.0000,60.0000,181
2025-01-08 06:37:00,60.3900,60.3900,60.3900,60.3900,1
2025-01-08 06:39:00,60.0000,60.0000,60.0000,60.0000,45
2025-01-08 06:41:00,60.1000,60.1000,59.9000,59.9000,43
2025-01-08 06:43:00,59.7500,59.7800,59.7000,59.7800,210
2025-01-08 06:44:00,59.8400,59.8400,59.7600,59.7600,20
2025-01-08 06:45:00,59.7600,59.7600,59.7600,59.7600,20
2025-01-08 06:46:00,59.9800,59.9800,59.9800,59.9800,49
2025-01-08 06:47:00,59.7500,59.7500,59.7500,59.7500,20
2025-01-08 06:48:00,59.8900,59.9500,59.7100,59.7100,426
2025-01-08 06:49:00,59.7500,59.7500,59.7500,59.7500,13
2025-01-08 06:50:00,59.8000,59.8000,59.7100,59.7100,270
2025-01-08 06:52:00,59.9600,59.9600,59.9600,59.9600,5
2025-01-08 06:55:00,59.8200,59.8200,59.7700,59.7700,202
2025-01-08 06:57:00,59.8400,59.8600,59.7000,59.7100,1834
2025-01-08 06:58:00,59.7000,59.7000,59.7000,59.7000,975
2025-01-08 07:00:00,59.7700,59.9800,59.7700,59.9800,86
2025-01-08 07:01:00,59.7000,59.7000,59.7000,59.7000,10
2025-01-08 07:02:00,59.8200,59.8200,59.7000,59.7000,4
2025-01-08 07:03:00,59.5000,59.5700,59.4800,59.5700,293
2025-01-08 07:04:00,59.4500,59.5200,59.4300,59.5200,91
2025-01-08 07:05:00,59.3800,59.3800,59.2500,59.2700,2442
2025-01-08 07:07:00,59.3200,59.4400,59.3200,59.3500,113
2025-01-08 07:08:00,59.3200,59.3400,59.3200,59.3400,2001
2025-01-08 07:09:00,59.3500,59.3500,59.3500,59.3500,18
2025-01-08 07:11:00,59.3600,59.3600,59.3400,59.3500,1397
2025-01-08 07:12:00,59.3900,59.3900,59.3900,59.3900,4
2025-01-08 07:13:00,59.3800,59.3800,59.3000,59.3100,611
2025-01-08 07:14:00,59.3100,59.3100,59.3100,59.3100,300
2025-01-08 07:15:00,59.3100,59.3100,59.3000,59.3000,654
2025-01-08 07:16:00,59.3000,59.3000,59.1600,59.1800,1616
2025-01-08 07:17:00,59.1200,59.1200,59.0600,59.0600,200
2025-01-08 07:18:00,59.1100,59.1100,59.1100,59.1100,133
2025-01-08 07:19:00,59.1100,59.1100,59.1100,59.1100,100
2025-01-08 07:20:00,59.1100,59.1100,59.0800,59.1000,598
2025-01-08 07:21:00,59.1100,59.1400,59.0400,59.0500,570
2025-01-08 07:22:00,59.0300,59.0300,59.0300,59.0300,50
2025-01-08 07:23:00,59.0200,59.0400,59.0200,59.0400,88
2025-01-08 07:24:00,59.0100,59.0100,58.8700,58.8800,1656
2025-01-08 07:25:00,58.8600,58.8600,58.6800,58.6800,1460
2025-01-08 07:26:00,58.7700,58.8300,58.6100,58.8000,780
2025-01-08 07:27:00,58.8200,58.9000,58.8200,58.9000,3822
2025-01-08 07:28:00,58.6900,58.8900,58.6200,58.8000,584
2025-01-08 07:29:00,58.8800,58.8800,58.8800,58.8800,5
2025-01-08 07:30:00,58.7900,58.7900,58.7900,58.7900,9
2025-01-08 07:31:00,58.7700,58.7700,58.6100,58.6100,174
2025-01-08 07:32:00,58.7000,58.7000,58.7000,58.7000,5
2025-01-08 07:33:00,58.6200,58.6800,58.6100,58.6200,298
2025-01-08 07:34:00,58.6400,58.6800,58.6400,58.6800,110
2025-01-08 07:35:00,58.6400,58.7000,58.6400,58.7000,4747
2025-01-08 07:37:00,58.7000,59.1100,58.6400,59.1100,2493
2025-01-08 07:38:00,58.9800,59.3700,58.7800,59.3700,2525
2025-01-08 07:39:00,59.2500,59.2600,59.2500,59.2600,32
2025-01-08 07:40:00,59.1500,59.1500,59.1500,59.1500,5
2025-01-08 07:41:00,59.1100,59.1100,59.1000,59.1000,115
2025-01-08 07:42:00,59.1700,59.2500,59.1700,59.1700,75
2025-01-08 07:44:00,59.1700,59.1700,59.1700,59.1700,9
2025-01-08 07:47:00,59.0800,59.0800,59.0700,59.0700,141
2025-01-08 07:48:00,59.0000,59.1400,59.0000,59.1400,53
2025-01-08 07:49:00,58.9900,59.0000,58.8500,58.8600,2387
2025-01-08 07:50:00,58.8700,58.8700,58.8500,58.8700,310
2025-01-08 07:51:00,58.8000,58.8000,58.8000,58.8000,30
2025-01-08 07:53:00,58.8400,58.8700,58.7800,58.8700,152
2025-01-08 07:54:00,58.8900,58.8900,58.7800,58.7800,49
2025-01-08 07:56:00,58.7500,58.8600,58.7400,58.8600,142
2025-01-08 08:00:00,58.7000,60.7400,58.5457,58.8500,16037
2025-01-08 08:01:00,58.8800,59.6741,58.8098,58.9097,7970
2025-01-08 08:02:00,59.2400,59.3903,59.0000,59.1900,118
2025-01-08 08:03:00,59.1600,59.1700,59.1000,59.1700,1223
2025-01-08 08:04:00,59.2499,59.2500,59.0000,59.0000,85
2025-01-08 08:05:00,59.2400,59.2400,58.8600,58.8600,1856
2025-01-08 08:06:00,59.0100,59.1100,59.0100,59.0500,104
2025-01-08 08:08:00,59.2500,59.2500,59.0500,59.0500,26
2025-01-08 08:09:00,58.9500,58.9500,58.9000,58.9500,307
2025-01-08 08:10:00,58.8850,58.9000,58.8850,58.8900,42
2025-01-08 08:11:00,59.2499,59.2499,59.2499,59.2499,10
2025-01-08 08:12:00,58.8827,58.8827,58.8827,58.8827,15
2025-01-08 08:13:00,59.0650,59.2500,59.0650,59.2500,52
2025-01-08 08:14:00,59.0000,59.2500,58.9700,59.2500,1481
2025-01-08 08:15:00,59.2200,59.2500,59.2100,59.2500,8521
2025-01-08 08:16:00,59.5000,59.5000,59.3000,59.3000,20
2025-01-08 08:17:00,59.3000,59.4500,59.2300,59.2300,672
2025-01-08 08:18:00,59.3500,59.4999,59.3500,59.4999,501
2025-01-08 08:19:00,59.4200,59.4700,59.0900,59.4700,25
2025-01-08 08:20:00,59.0600,59.3500,59.0600,59.3500,4
2025-01-08 08:21:00,59.3500,59.3500,59.0000,59.3500,144
2025-01-08 08:22:00,59.1950,59.3500,59.1950,59.3500,4
2025-01-08 08:23:00,59.2324,59.2324,59.2324,59.2324,1759
2025-01-08 08:24:00,59.2000,59.2600,59.2000,59.2600,617
2025-01-08 08:27:00,59.4000,59.4500,59.4000,59.4300,302
2025-01-08 08:28:00,59.4500,59.4500,59.4500,59.4500,5
2025-01-08 08:29:00,59.4400,59.4400,59.2600,59.2600,12
2025-01-08 08:30:00,59.4500,59.5000,59.4500,59.4500,632
2025-01-08 08:31:00,59.4000,59.5000,59.2750,59.5000,1224
2025-01-08 08:32:00,59.5000,59.5000,59.2800,59.5000,3650
2025-01-08 08:33:00,59.4800,59.5000,59.4800,59.5000,201
2025-01-08 08:34:00,59.3500,59.3500,59.3500,59.3500,15
2025-01-08 08:35:00,59.3500,59.3500,59.3000,59.3000,15
2025-01-08 08:36:00,59.3300,59.3800,59.3300,59.3800,170
2025-01-08 08:37:00,59.3800,59.3800,59.3800,59.3800,200
2025-01-08 08:39:00,59.3200,59.5000,59.2500,59.3300,860
2025-01-08 08:40:00,59.3200,59.4900,59.3200,59.4900,70
2025-01-08 08:41:00,59.3200,59.4300,59.2600,59.3000,305
2025-01-08 08:42:00,59.3300,59.4840,59.3300,59.3800,35
2025-01-08 08:43:00,59.3800,59.3800,59.3800,59.3800,5
2025-01-08 08:44:00,59.4400,59.4800,59.1000,59.4800,948
2025-01-08 08:45:00,59.4000,59.4000,59.3500,59.3500,13
2025-01-08 08:47:00,59.1300,59.1900,59.1300,59.1600,384
2025-01-08 08:48:00,59.1300,59.1300,59.1300,59.1300,10
2025-01-08 08:49:00,59.2100,59.2100,59.2100,59.2100,100
2025-01-08 08:50:00,59.2200,59.2200,59.1600,59.1600,725
2025-01-08 08:52:00,59.4000,59.4000,59.0330,59.0330,15
2025-01-08 08:53:00,59.1700,59.1700,59.1700,59.1700,100
2025-01-08 08:54:00,59.0200,59.0200,59.0200,59.0200,100
2025-01-08 08:55:00,59.4500,59.4500,59.2800,59.2800,13
2025-01-08 08:57:00,59.4300,59.4300,59.1500,59.1500,68
2025-01-08 08:59:00,59.3800,59.4000,59.3800,59.3900,402
2025-01-08 09:00:00,59.3900,59.4800,59.3900,59.4800,410
2025-01-08 09:01:00,59.4500,59.5000,59.3500,59.3500,1545
2025-01-08 09:02:00,59.4400,59.5500,59.3500,59.3500,1311
2025-01-08 09:03:00,59.5100,59.5400,59.2000,59.5396,6520
2025-01-08 09:04:00,59.5400,59.5400,59.5300,59.5400,6120
2025-01-08 09:05:00,59.5400,59.5500,59.3400,59.4000,1024
2025-01-08 09:06:00,59.4000,59.4000,59.4000,59.4000,25
2025-01-08 09:07:00,59.3400,59.4000,59.3400,59.4000,380
2025-01-08 09:09:00,59.4082,59.4100,59.4000,59.4100,460
2025-01-08 09:11:00,59.5400,59.5400,59.4100,59.5400,20
2025-01-08 09:12:00,59.4400,59.4400,59.3700,59.3700,205
2025-01-08 09:13:00,59.4600,59.5000,59.4600,59.5000,104
2025-01-08 09:14:00,59.4600,59.4600,59.3200,59.3200,610
2025-01-08 09:15:00,59.3100,59.3100,59.3100,59.3100,150
2025-01-08 09:17:00,59.5000,59.5500,59.2200,59.4500,57
2025-01-08 09:19:00,59.4500,59.4500,59.4500,59.4500,60
2025-01-08 09:20:00,59.4500,59.4500,59.4500,59.4500,20
2025-01-08 09:21:00,59.4500,59.4500,59.4500,59.4500,4
2025-01-08 09:22:00,59.3400,59.4500,59.3215,59.4500,137
2025-01-08 09:23:00,59.6000,59.6000,59.3600,59.5925,426
2025-01-08 09:24:00,59.3500,59.3500,59.3000,59.3000,760
2025-01-08 09:25:00,59.2100,59.2300,58.9000,58.9400,2722
2025-01-08 09:26:00,58.9200,59.0200,58.6500,58.6500,2049
2025-01-08 09:27:00,58.6200,59.5999,58.4500,58.5900,3373
2025-01-08 09:28:00,58.5300,58.7954,58.5200,58.5400,1582
2025-01-08 09:29:00,58.6500,58.6500,58.6500,58.6500,50
2025-01-08 09:30:00,58.6500,59.1100,58.6000,59.0300,123144
2025-01-08 09:31:00,58.9500,59.4300,58.8000,59.4300,21568
2025-01-08 09:32:00,59.4300,59.4300,59.0000,59.4300,8528
2025-01-08 09:33:00,59.4400,59.5000,59.2200,59.2200,12650
2025-01-08 09:34:00,59.3500,59.9400,59.3400,59.8301,18133
2025-01-08 09:35:00,59.8100,59.8200,59.5700,59.6200,9507
2025-01-08 09:36:00,59.5500,59.6400,59.4000,59.5350,9623
2025-01-08 09:37:00,59.6900,59.6900,59.4800,59.6000,7048
2025-01-08 09:38:00,59.5921,59.5921,59.3800,59.5550,6541
2025-01-08 09:39:00,59.4400,59.6625,59.0101,59.0700,18788
2025-01-08 09:40:00,59.1186,59.2000,58.9500,58.9500,24332
2025-01-08 09:41:00,59.0900,59.3050,59.0800,59.3050,9704
2025-01-08 09:42:00,59.3200,59.7000,59.3200,59.3700,9882
2025-01-08 09:43:00,59.4500,59.4500,59.0000,59.1600,6362
2025-01-08 09:44:00,59.2400,59.3000,59.0462,59.3000,4463
2025-01-08 09:45:00,59.1600,59.1600,58.7100,58.8000,12761
2025-01-08 09:46:00,58.9000,58.9800,58.5400,58.6100,32089
2025-01-08 09:47:00,58.5500,58.8050,58.4000,58.8050,22944
2025-01-08 09:48:00,58.8300,58.8400,58.1100,58.2100,32633
2025-01-08 09:49:00,58.1501,58.4000,58.1200,58.2600,25572
2025-01-08 09:50:00,58.2000,58.2600,57.9000,58.1600,70989
2025-01-08 09:51:00,58.0700,58.5800,57.9000,58.5700,45404
2025-01-08 09:52:00,58.5700,58.5700,57.9560,57.9900,12625
2025-01-08 09:53:00,58.0000,58.0100,57.6200,57.6600,31817
2025-01-08 09:54:00,57.7700,58.1000,57.6900,57.9500,18319
2025-01-08 09:55:00,57.9192,58.1300,57.9000,57.9900,28250
2025-01-08 09:56:00,58.1390,58.4300,57.8850,58.1900,14626
2025-01-08 09:57:00,58.2950,58.3800,58.0881,58.0881,13592
2025-01-08 09:58:00,58.1200,58.1200,57.9200,58.1200,13294
2025-01-08 09:59:00,58.1900,58.2500,58.0400,58.1500,5119
2025-01-08 10:00:00,58.1500,58.5700,58.1500,58.5700,39811
2025-01-08 10:01:00,58.5600,58.8500,58.5600,58.8500,25107
2025-01-08 10:02:00,58.8500,59.0250,58.7600,58.9450,74809
2025-01-08 10:03:00,58.9350,59.2900,58.9350,59.2000,15355
2025-01-08 10:04:00,59.1800,59.3200,59.1300,59.1300,18228
2025-01-08 10:05:00,59.2000,59.2000,58.6700,58.7700,35829
2025-01-08 10:06:00,58.8300,59.0000,58.7327,58.9000,13414
2025-01-08 10:07:00,58.8850,59.0394,58.8400,59.0394,11249
2025-01-08 10:08:00,58.9450,58.9450,58.6950,58.8700,19714
2025-01-08 10:09:00,58.9000,59.0400,58.8100,58.8100,7778
2025-01-08 10:10:00,58.8600,58.9000,58.5500,58.5600,13897
2025-01-08 10:11:00,58.5600,58.6400,58.4000,58.4850,8163
2025-01-08 10:12:00,58.4600,58.4600,58.2600,58.2600,7016
2025-01-08 10:13:00,58.2900,58.2900,57.8300,57.9000,24327
2025-01-08 10:14:00,57.8500,57.9800,57.8400,57.8600,10352
2025-01-08 10:15:00,57.9100,57.9100,57.6600,57.7459,15654
2025-01-08 10:16:00,57.7800,57.8997,57.6980,57.8800,27193
2025-01-08 10:17:00,57.8450,58.2425,57.8200,58.0600,20383
2025-01-08 10:18:00,58.0900,58.1800,57.9342,58.0100,18062
2025-01-08 10:19:00,58.0100,58.0999,57.8300,57.8300,13883
2025-01-08 10:20:00,57.9008,57.9949,57.5650,57.5650,18345
2025-01-08 10:21:00,57.6150,58.0100,57.5500,57.8600,14595
2025-01-08 10:22:00,57.8600,57.9210,57.6800,57.7050,13136
2025-01-08 10:23:00,57.7150,57.9099,57.6200,57.6801,17032
2025-01-08 10:24:00,57.7750,58.1000,57.7750,58.0001,22985
2025-01-08 10:25:00,58.0950,58.2800,58.0300,58.1100,6562
2025-01-08 10:26:00,58.1600,58.4299,58.0700,58.4299,8957
2025-01-08 10:27:00,58.3250,58.4299,58.0000,58.1001,8127
2025-01-08 10:28:00,58.1050,58.1550,58.0200,58.1000,5150
2025-01-08 10:29:00,58.0900,58.1750,58.0200,58.0638,8840
2025-01-08 10:30:00,58.1100,58.1100,58.0100,58.0200,7167
2025-01-08 10:31:00,58.0200,58.0550,57.9100,57.9150,6383
2025-01-08 10:32:00,57.9700,58.0250,57.7600,57.7600,10953
2025-01-08 10:33:00,57.9100,58.1500,57.8800,57.9000,15701
2025-01-08 10:34:00,58.0000,58.0000,57.8500,57.9400,5987
2025-01-08 10:35:00,58.0191,58.3999,58.0050,58.2400,12485
2025-01-08 10:36:00,58.2010,58.4000,58.2010,58.3900,4046
2025-01-08 10:37:00,58.4200,58.5000,58.3400,58.4850,5911
2025-01-08 10:38:00,58.6000,58.6357,58.4300,58.4750,5283
2025-01-08 10:39:00,58.4700,58.5300,58.1950,58.2200,5391
2025-01-08 10:40:00,58.2100,58.3100,58.1065,58.1236,3653
2025-01-08 10:41:00,58.1950,58.3000,58.0900,58.3000,4846
2025-01-08 10:42:00,58.1500,58.2990,58.1000,58.1000,2955
2025-01-08 10:43:00,58.1700,58.1780,57.9100,57.9150,6720
2025-01-08 10:44:00,57.9800,58.0200,57.9150,57.9900,14022
2025-01-08 10:45:00,58.0150,58.2700,58.0150,58.0479,7875
2025-01-08 10:46:00,58.1497,58.1497,58.0300,58.0300,1500
2025-01-08 10:47:00,58.0200,58.0800,57.8800,58.0800,5980
2025-01-08 10:48:00,58.0280,58.2900,58.0280,58.2853,5154
2025-01-08 10:49:00,58.2300,58.2300,58.1740,58.1740,2753
2025-01-08 10:50:00,58.2100,58.3700,58.2100,58.3700,4585
2025-01-08 10:51:00,58.3700,58.5500,58.3002,58.5400,5921
2025-01-08 10:52:00,58.5600,58.6500,58.5000,58.5524,6065
2025-01-08 10:53:00,58.7300,58.7700,58.6200,58.6500,18994
2025-01-08 10:54:00,58.6500,58.8500,58.6200,58.7400,11206
2025-01-08 10:55:00,58.8000,58.8000,58.5400,58.6292,11764
2025-01-08 10:56:00,58.6250,58.8800,58.6250,58.8100,22421
2025-01-08 10:57:00,58.8100,58.8500,58.7600,58.8000,5963
2025-01-08 10:58:00,58.7650,58.7750,58.7000,58.7129,3402
2025-01-08 10:59:00,58.7100,58.7800,58.6300,58.7100,2902
2025-01-08 11:00:00,58.6400,58.6600,58.5000,58.5700,4712
2025-01-08 11:01:00,58.5000,58.5500,58.4700,58.5500,3930
2025-01-08 11:02:00,58.5500,58.5550,58.4600,58.4800,3607
2025-01-08 11:03:00,58.4950,58.5400,58.4350,58.5200,13810
2025-01-08 11:04:00,58.4900,58.6000,58.4500,58.4950,21279
2025-01-08 11:05:00,58.4400,58.5400,58.4400,58.4900,5996
2025-01-08 11:06:00,58.5000,58.5000,58.2800,58.2800,13512
2025-01-08 11:07:00,58.2679,58.3800,58.2600,58.2800,3916
2025-01-08 11:08:00,58.3350,58.4900,58.3350,58.4900,2024
2025-01-08 11:09:00,58.4241,58.7350,58.4241,58.7350,7225
2025-01-08 11:10:00,58.7400,58.8800,58.7400,58.8101,3729
2025-01-08 11:11:00,58.8800,58.8800,58.6100,58.6100,6245
2025-01-08 11:12:00,58.6050,58.6050,58.5600,58.5600,696
2025-01-08 11:13:00,58.5700,58.6400,58.5700,58.6400,1071
2025-01-08 11:14:00,58.5900,58.6000,58.5400,58.6000,3183
2025-01-08 11:15:00,58.6000,58.6000,58.4200,58.4500,4225
2025-01-08 11:16:00,58.4800,58.5000,58.3600,58.4400,5215
2025-01-08 11:17:00,58.4800,58.5100,58.4700,58.5100,6271
2025-01-08 11:18:00,58.5300,58.5700,58.4850,58.4850,2130
2025-01-08 11:19:00,58.4700,58.5700,58.4700,58.5600,2702
2025-01-08 11:20:00,58.6100,58.6100,58.5307,58.5800,1696
2025-01-08 11:21:00,58.6000,58.6500,58.5800,58.6000,6689
2025-01-08 11:22:00,58.6200,58.6400,58.5950,58.6000,2195
2025-01-08 11:23:00,58.6000,58.7700,58.6000,58.7700,3730
2025-01-08 11:24:00,58.7300,58.7350,58.6100,58.6100,2324
2025-01-08 11:25:00,58.6700,58.7000,58.6500,58.6500,1780
2025-01-08 11:26:00,58.6200,58.7200,58.6100,58.6100,3471
2025-01-08 11:27:00,58.5700,58.6100,58.5190,58.5775,990
2025-01-08 11:28:00,58.5050,58.6600,58.4600,58.5400,20156
2025-01-08 11:29:00,58.5700,58.6200,58.5700,58.5800,3648
2025-01-08 11:30:00,58.6400,58.8700,58.6400,58.8000,3845
2025-01-08 11:31:00,58.7750,58.8400,58.7200,58.8000,2069
2025-01-08 11:32:00,58.8200,58.8200,58.7700,58.8200,1621
2025-01-08 11:33:00,58.7500,58.7500,58.6700,58.6950,1383
2025-01-08 11:34:00,58.7195,58.8800,58.7195,58.8800,3202
2025-01-08 11:35:00,58.8800,58.9900,58.8700,58.9500,17250
2025-01-08 11:36:00,58.9100,59.0200,58.9000,58.9400,22362
2025-01-08 11:37:00,58.9450,59.1600,58.9450,59.1550,7132
2025-01-08 11:38:00,59.1200,59.1899,59.1000,59.1700,3870
2025-01-08 11:39:00,59.0700,59.1450,59.0000,59.1000,6466
2025-01-08 11:40:00,59.0700,59.1800,59.0700,59.0900,8592
2025-01-08 11:41:00,59.1025,59.3700,59.0500,59.3050,23362
2025-01-08 11:42:00,59.2500,59.6000,59.2500,59.5850,15128
2025-01-08 11:43:00,59.6600,59.7300,59.6000,59.7080,39972
2025-01-08 11:44:00,59.6600,59.7300,59.6200,59.6450,8674
2025-01-08 11:45:00,59.6500,59.7900,59.6001,59.6925,9946
2025-01-08 11:46:00,59.7250,59.7300,59.4800,59.5000,14497
2025-01-08 11:47:00,59.5400,59.5500,59.3295,59.5000,11323
2025-01-08 11:48:00,59.5396,59.5396,59.3100,59.3900,6842
2025-01-08 11:49:00,59.3400,59.3700,59.2000,59.2400,7118
2025-01-08 11:50:00,59.2400,59.2400,59.1400,59.1800,7129
2025-01-08 11:51:00,59.1809,59.3600,59.1400,59.2000,11179
2025-01-08 11:52:00,59.1400,59.1732,59.1125,59.1125,3320
2025-01-08 11:53:00,59.2000,59.2000,59.0143,59.1000,7331
2025-01-08 11:54:00,59.1000,59.1900,59.1000,59.1700,1705
2025-01-08 11:55:00,59.1800,59.2599,59.1000,59.1850,9928
2025-01-08 11:56:00,59.1900,59.2400,59.0750,59.2400,2645
2025-01-08 11:57:00,59.2200,59.2400,59.1336,59.1999,3477
2025-01-08 11:58:00,59.1350,59.2000,59.0927,59.2000,3907
2025-01-08 11:59:00,59.2300,59.2400,59.0922,59.1600,2795
2025-01-08 12:00:00,59.1201,59.2100,59.0900,59.1600,4320
2025-01-08 12:01:00,59.1700,59.3793,59.1700,59.3793,3767
2025-01-08 12:02:00,59.3100,59.3100,58.9200,58.9200,6076
2025-01-08 12:03:00,58.8750,58.9000,58.8500,58.8500,3588
2025-01-08 12:04:00,58.8300,58.8900,58.7300,58.7700,6253
2025-01-08 12:05:00,58.8050,58.8100,58.7400,58.8000,5429
2025-01-08 12:06:00,58.7500,58.8500,58.7400,58.8300,5456
2025-01-08 12:07:00,58.7600,58.8500,58.7400,58.7950,3264
2025-01-08 12:08:00,58.7915,58.8400,58.7100,58.7700,6762
2025-01-08 12:09:00,58.7440,58.9000,58.6800,58.8929,14081
2025-01-08 12:10:00,58.8209,58.8791,58.8145,58.8350,2860
2025-01-08 12:11:00,58.8000,58.8500,58.7601,58.8292,11253
2025-01-08 12:12:00,58.9700,59.0099,58.8936,58.8936,3589
2025-01-08 12:13:00,58.8850,58.9300,58.8300,58.9300,2663
2025-01-08 12:14:00,58.9200,58.9200,58.8000,58.8800,5997
2025-01-08 12:15:00,58.8900,58.9500,58.8400,58.8400,4117
2025-01-08 12:16:00,58.8400,58.9200,58.8218,58.8218,3721
2025-01-08 12:17:00,58.8300,58.8300,58.7400,58.7800,6094
2025-01-08 12:18:00,58.7850,58.8300,58.7600,58.7650,4422
2025-01-08 12:19:00,58.7500,58.8100,58.7000,58.7250,14227
2025-01-08 12:20:00,58.7300,58.7800,58.7300,58.7800,968
2025-01-08 12:21:00,58.7300,58.7600,58.6800,58.7200,31440
2025-01-08 12:22:00,58.7200,58.8700,58.6800,58.6885,5257
2025-01-08 12:23:00,58.7350,58.7500,58.6800,58.6800,13862
2025-01-08 12:24:00,58.7600,58.8564,58.7300,58.7310,8593
2025-01-08 12:25:00,58.8000,58.8300,58.7600,58.7600,6288
2025-01-08 12:26:00,58.7000,58.7600,58.6600,58.7600,3271
2025-01-08 12:27:00,58.7200,58.7200,58.4100,58.4300,8809
2025-01-08 12:28:00,58.4480,58.4800,58.3000,58.3100,9045
2025-01-08 12:29:00,58.2000,58.2000,58.0600,58.1100,10502
2025-01-08 12:30:00,58.1100,58.1700,57.9400,57.9600,8129
2025-01-08 12:31:00,58.0194,58.1486,57.8600,58.0213,9973
2025-01-08 12:32:00,58.0792,58.2400,58.0792,58.1100,11065
2025-01-08 12:33:00,58.0750,58.1900,58.0500,58.0800,4707
2025-01-08 12:34:00,58.0900,58.2000,58.0523,58.0700,2615
2025-01-08 12:35:00,58.1100,58.2600,58.1000,58.1500,2078
2025-01-08 12:36:00,58.1150,58.1700,58.0700,58.1500,2097
2025-01-08 12:37:00,58.1892,58.1900,58.0729,58.1900,3703
2025-01-08 12:38:00,58.1600,58.4100,58.1600,58.2800,6399
2025-01-08 12:39:00,58.3300,58.3800,58.1700,58.2600,7407
2025-01-08 12:40:00,58.3700,58.5100,58.3200,58.4908,8769
2025-01-08 12:41:00,58.4300,58.6600,58.4300,58.5810,3246
2025-01-08 12:42:00,58.5701,58.7300,58.5701,58.6291,2789
2025-01-08 12:43:00,58.6900,58.7200,58.4900,58.5000,8494
2025-01-08 12:44:00,58.5000,58.5000,58.4450,58.4600,5490
2025-01-08 12:45:00,58.4550,58.5599,58.4550,58.5300,5879
2025-01-08 12:46:00,58.5253,58.5341,58.4200,58.5000,11331
2025-01-08 12:47:00,58.4700,58.5299,58.4100,58.4600,11462
2025-01-08 12:48:00,58.4600,58.5300,58.4000,58.4550,12018
2025-01-08 12:49:00,58.4641,58.5700,58.4641,58.5700,4925
2025-01-08 12:50:00,58.6300,58.6900,58.5272,58.6000,4066
2025-01-08 12:51:00,58.5529,58.7099,58.5529,58.7099,7108
2025-01-08 12:52:00,58.5800,58.8699,58.5800,58.8699,4713
2025-01-08 12:53:00,58.7300,58.7900,58.6800,58.7350,3115
2025-01-08 12:54:00,58.7000,58.7600,58.6442,58.7341,4329
2025-01-08 12:55:00,58.6400,58.7616,58.5919,58.5919,3716
2025-01-08 12:56:00,58.7300,58.8000,58.6300,58.7401,3819
2025-01-08 12:57:00,58.8352,58.8800,58.7831,58.8800,1250
2025-01-08 12:58:00,58.8302,58.8800,58.7978,58.8550,3162
2025-01-08 12:59:00,58.9284,58.9284,58.7400,58.8400,8193
2025-01-08 13:00:00,58.7700,58.8850,58.7700,58.8800,4208
2025-01-08 13:01:00,58.8900,58.9400,58.8400,58.8400,6521
2025-01-08 13:02:00,58.9100,59.2700,58.9100,59.2578,20006
2025-01-08 13:03:00,59.1800,59.2200,59.1200,59.1300,10046
2025-01-08 13:04:00,59.1600,59.2000,59.1200,59.1900,5555
2025-01-08 13:05:00,59.1800,59.1800,58.9100,58.9250,4694
2025-01-08 13:06:00,59.0100,59.1689,58.9500,59.1689,4747
2025-01-08 13:07:00,59.1700,59.1700,58.9900,59.1210,4764
2025-01-08 13:08:00,59.0300,59.1200,59.0300,59.0528,4697
2025-01-08 13:09:00,59.0650,59.2500,59.0650,59.2400,5643
2025-01-08 13:10:00,59.2153,59.2201,59.1500,59.1601,7478
2025-01-08 13:11:00,59.2000,59.3300,59.2000,59.3300,5149
2025-01-08 13:12:00,59.2328,59.5500,59.2328,59.4800,10443
2025-01-08 13:13:00,59.4560,59.5200,59.3100,59.3750,13373
2025-01-08 13:14:00,59.3554,59.3800,59.1750,59.2300,7714
2025-01-08 13:15:00,59.2200,59.2800,59.1600,59.1900,2173
2025-01-08 13:16:00,59.2200,59.3350,59.2200,59.3347,5080
2025-01-08 13:17:00,59.4000,59.4399,59.2716,59.3787,3557
2025-01-08 13:18:00,59.3400,59.4500,59.3122,59.4450,3828
2025-01-08 13:19:00,59.4100,59.5000,59.3800,59.4358,5386
2025-01-08 13:20:00,59.3901,59.4700,59.3500,59.4250,4642
2025-01-08 13:21:00,59.4242,59.4242,59.2900,59.4200,3862
2025-01-08 13:22:00,59.4200,59.4200,59.2600,59.3100,3527
2025-01-08 13:23:00,59.3100,59.4700,59.2900,59.4450,3682
2025-01-08 13:24:00,59.4482,59.6400,59.4482,59.6400,12457
2025-01-08 13:25:00,59.6019,59.6800,59.5600,59.6450,3994
2025-01-08 13:26:00,59.6660,59.7700,59.6660,59.7700,4110
2025-01-08 13:27:00,59.7899,59.7899,59.6759,59.7700,2078
2025-01-08 13:28:00,59.7800,59.8400,59.7737,59.8100,5029
2025-01-08 13:29:00,59.7700,59.7700,59.5900,59.7400,18299
2025-01-08 13:30:00,59.6000,59.6499,59.4100,59.6499,15224
2025-01-08 13:31:00,59.6400,59.8100,59.4900,59.5200,38068
2025-01-08 13:32:00,59.5153,59.6100,59.4800,59.5783,4784
2025-01-08 13:33:00,59.6061,59.6061,59.2600,59.2600,3818
2025-01-08 13:34:00,59.2926,59.3100,59.2100,59.2100,4822
2025-01-08 13:35:00,59.3000,59.4300,59.2750,59.4200,2535
2025-01-08 13:36:00,59.4800,59.5450,59.4500,59.5450,5770
2025-01-08 13:37:00,59.5450,59.5900,59.5450,59.5750,4101
2025-01-08 13:38:00,59.5700,59.6900,59.5700,59.6800,5453
2025-01-08 13:39:00,59.6600,59.8000,59.6500,59.8000,3218
2025-01-08 13:40:00,59.7300,59.7300,59.6208,59.7000,7971
2025-01-08 13:41:00,59.6050,59.6050,59.5000,59.5100,7366
2025-01-08 13:42:00,59.5900,59.6100,59.3900,59.3900,3402
2025-01-08 13:43:00,59.4161,59.4161,59.3900,59.4000,823
2025-01-08 13:44:00,59.4460,59.5350,59.4375,59.5000,3358
2025-01-08 13:45:00,59.5250,59.5250,59.3500,59.4050,2683
2025-01-08 13:46:00,59.4100,59.4100,59.3090,59.3542,2965
2025-01-08 13:47:00,59.3500,59.3500,59.1350,59.1500,4722
2025-01-08 13:48:00,59.2000,59.2900,59.1400,59.2400,6032
2025-01-08 13:49:00,59.2900,59.3200,59.1377,59.1377,5278
2025-01-08 13:50:00,59.2338,59.2479,59.2200,59.2398,2185
2025-01-08 13:51:00,59.2900,59.2900,59.1500,59.1500,3032
2025-01-08 13:52:00,59.2200,59.2200,59.0500,59.0500,2962
2025-01-08 13:53:00,59.0000,59.0300,58.8800,58.9300,9497
2025-01-08 13:54:00,58.9450,58.9450,58.8000,58.8750,5782
2025-01-08 13:55:00,58.9100,58.9700,58.8850,58.9700,2466
2025-01-08 13:56:00,58.9624,59.0100,58.8885,59.0100,4447
2025-01-08 13:57:00,58.8900,59.0900,58.8900,58.9791,6120
2025-01-08 13:58:00,59.0100,59.0800,58.9700,59.0300,5421
2025-01-08 13:59:00,59.0400,59.0700,59.0000,59.0000,1884
2025-01-08 14:00:00,59.0000,59.0000,58.9000,58.9650,5955
2025-01-08 14:01:00,58.9500,59.0200,58.9201,58.9900,5621
2025-01-08 14:02:00,58.9500,59.0200,58.8800,58.9925,19006
2025-01-08 14:03:00,59.0400,59.1200,58.9500,59.1060,2471
2025-01-08 14:04:00,59.0700,59.2000,59.0700,59.2000,2671
2025-01-08 14:05:00,59.1200,59.3500,59.1200,59.3500,2797
2025-01-08 14:06:00,59.2700,59.4900,59.2700,59.4900,10469
2025-01-08 14:07:00,59.4200,59.5600,59.3300,59.3500,6734
2025-01-08 14:08:00,59.2880,59.5087,59.2880,59.4866,5140
2025-01-08 14:09:00,59.5250,59.6500,59.4500,59.5800,5086
2025-01-08 14:10:00,59.5449,59.7599,59.5449,59.6750,11737
2025-01-08 14:11:00,59.5900,59.6963,59.4950,59.5650,3085
2025-01-08 14:12:00,59.5000,59.5200,59.3516,59.4800,4197
2025-01-08 14:13:00,59.4450,59.5377,59.4441,59.4850,4507
2025-01-08 14:14:00,59.5000,59.5100,59.2600,59.3200,2485
2025-01-08 14:15:00,59.3400,59.4127,59.3350,59.4000,3195
2025-01-08 14:16:00,59.4300,59.4300,59.1300,59.2575,19005
2025-01-08 14:17:00,59.2200,59.4000,59.2200,59.3350,3658
2025-01-08 14:18:00,59.3900,59.4300,59.3300,59.4002,3701
2025-01-08 14:19:00,59.4001,59.4600,59.3700,59.4050,2598
2025-01-08 14:20:00,59.4050,59.5300,59.3600,59.4909,4080
2025-01-08 14:21:00,59.4600,59.6599,59.4600,59.5200,3740
2025-01-08 14:22:00,59.5221,59.5400,59.4300,59.4600,3256
2025-01-08 14:23:00,59.5178,59.5799,59.4801,59.4801,2725
2025-01-08 14:24:00,59.5800,59.7200,59.5500,59.6450,11625
2025-01-08 14:25:00,59.6000,59.6800,59.5300,59.5800,11155
2025-01-08 14:26:00,59.6036,59.7199,59.5889,59.6500,8015
2025-01-08 14:27:00,59.6774,59.8600,59.6600,59.8464,10655
2025-01-08 14:28:00,59.8300,59.9100,59.8100,59.8875,8419
2025-01-08 14:29:00,59.8700,59.8800,59.7501,59.8050,6704
2025-01-08 14:30:00,59.8650,59.9100,59.6000,59.6000,25493
2025-01-08 14:31:00,59.5600,59.6290,59.5000,59.5285,7981
2025-01-08 14:32:00,59.5100,59.5400,59.4600,59.5100,8724
2025-01-08 14:33:00,59.4700,59.5500,59.4000,59.5101,2782
2025-01-08 14:34:00,59.5085,59.5500,59.4600,59.4900,2526
2025-01-08 14:35:00,59.4300,59.4819,59.4300,59.4300,1994
2025-01-08 14:36:00,59.4500,59.4500,59.3100,59.3450,3944
2025-01-08 14:37:00,59.2600,59.5124,59.2600,59.3971,2922
2025-01-08 14:38:00,59.3800,59.4600,59.3300,59.4600,3594
2025-01-08 14:39:00,59.3250,59.3250,59.2300,59.2500,9976
2025-01-08 14:40:00,59.1800,59.3400,59.1800,59.2225,3839
2025-01-08 14:41:00,59.2100,59.2900,59.2100,59.2450,2503
2025-01-08 14:42:00,59.3000,59.3000,59.1200,59.1350,4462
2025-01-08 14:43:00,59.1100,59.1550,59.1100,59.1300,1226
2025-01-08 14:44:00,59.2200,59.2300,59.1201,59.1581,3915
2025-01-08 14:45:00,59.2382,59.2400,59.1500,59.2400,3010
2025-01-08 14:46:00,59.2400,59.3450,59.1800,59.3069,4154
2025-01-08 14:47:00,59.3100,59.3180,59.1800,59.2799,5504
2025-01-08 14:48:00,59.1800,59.2400,59.1500,59.2000,3071
2025-01-08 14:49:00,59.2200,59.3300,59.1900,59.3100,6074
2025-01-08 14:50:00,59.3400,59.3999,59.2601,59.3115,3240
2025-01-08 14:51:00,59.3004,59.3700,59.2600,59.3688,2737
2025-01-08 14:52:00,59.3350,59.3700,59.2300,59.2300,4648
2025-01-08 14:53:00,59.2250,59.2600,59.1900,59.2598,3832
2025-01-08 14:54:00,59.1953,59.2600,59.1400,59.1950,5204
2025-01-08 14:55:00,59.1700,59.2600,59.1500,59.2600,3560
2025-01-08 14:56:00,59.2200,59.2950,59.1773,59.2500,3512
2025-01-08 14:57:00,59.2700,59.4000,59.2544,59.4000,2382
2025-01-08 14:58:00,59.3550,59.3850,59.2500,59.2500,2713
2025-01-08 14:59:00,59.2750,59.3000,59.2500,59.3000,2292
2025-01-08 15:00:00,59.3378,59.3600,59.2400,59.3500,4415
2025-01-08 15:01:00,59.3100,59.4217,59.2801,59.4217,5026
2025-01-08 15:02:00,59.3750,59.4399,59.2000,59.2100,5066
2025-01-08 15:03:00,59.1950,59.2479,59.1500,59.1500,9600
2025-01-08 15:04:00,59.1500,59.2000,59.0400,59.1100,9343
2025-01-08 15:05:00,59.0400,59.0800,58.9901,59.0550,13514
2025-01-08 15:06:00,59.0592,59.0592,58.9450,58.9450,4790
2025-01-08 15:07:00,58.9900,59.0400,58.9301,59.0400,7923
2025-01-08 15:08:00,59.0399,59.0399,58.9850,58.9898,1818
2025-01-08 15:09:00,58.9501,59.1100,58.9300,59.1100,7859
2025-01-08 15:10:00,59.0650,59.2100,59.0650,59.1331,10454
2025-01-08 15:11:00,59.0600,59.1600,58.9900,58.9900,5506
2025-01-08 15:12:00,58.9696,59.0000,58.9113,58.9802,3719
2025-01-08 15:13:00,59.0200,59.1161,59.0000,59.0000,5521
2025-01-08 15:14:00,59.0200,59.0500,58.9600,58.9600,5927
2025-01-08 15:15:00,58.9763,59.1300,58.9763,59.0884,3207
2025-01-08 15:16:00,59.0400,59.1200,58.9869,59.0400,2871
2025-01-08 15:17:00,59.0432,59.1100,59.0000,59.0300,3394
2025-01-08 15:18:00,58.9700,59.0600,58.9700,59.0308,4395
2025-01-08 15:19:00,59.0900,59.0900,58.9400,58.9550,4862
2025-01-08 15:20:00,58.9475,58.9950,58.9400,58.9400,1201
2025-01-08 15:21:00,58.9900,59.0200,58.9400,58.9700,6969
2025-01-08 15:22:00,58.9600,59.0200,58.9500,58.9800,3632
2025-01-08 15:23:00,58.9500,59.1300,58.9500,59.0700,7635
2025-01-08 15:24:00,59.0472,59.1000,58.9900,58.9971,1967
2025-01-08 15:25:00,58.9900,59.1000,58.9900,59.0400,4305
2025-01-08 15:26:00,59.0100,59.0700,58.9900,59.0700,3765
2025-01-08 15:27:00,59.0400,59.1800,59.0400,59.0631,7830
2025-01-08 15:28:00,59.1280,59.2000,59.1280,59.1500,4443
2025-01-08 15:29:00,59.1700,59.1890,59.1100,59.1400,2616
2025-01-08 15:30:00,59.1400,59.1750,59.1100,59.1100,3557
2025-01-08 15:31:00,59.1700,59.2500,59.1700,59.2500,2363
2025-01-08 15:32:00,59.1800,59.2000,59.1800,59.2000,1738
2025-01-08 15:33:00,59.1800,59.2000,59.1700,59.2000,2392
2025-01-08 15:34:00,59.1600,59.2600,59.1200,59.1200,5331
2025-01-08 15:35:00,59.1200,59.1400,59.0423,59.1400,3226
2025-01-08 15:36:00,59.1400,59.1431,59.0700,59.1100,4004
2025-01-08 15:37:00,59.1899,59.1899,59.0818,59.1100,9039
2025-01-08 15:38:00,59.1100,59.1599,59.0800,59.1000,4090
2025-01-08 15:39:00,59.0800,59.1100,59.0100,59.0400,5510
2025-01-08 15:40:00,59.0100,59.1694,59.0100,59.1694,5621
2025-01-08 15:41:00,59.1700,59.2100,59.1000,59.1000,4552
2025-01-08 15:42:00,59.1246,59.1600,59.0900,59.1300,11105
2025-01-08 15:43:00,59.1000,59.1300,59.0100,59.1199,16182
2025-01-08 15:44:00,59.1200,59.2899,59.1200,59.2400,9397
2025-01-08 15:45:00,59.2354,59.2900,59.1600,59.2400,14355
2025-01-08 15:46:00,59.2300,59.2800,59.1200,59.1200,7157
2025-01-08 15:47:00,59.1200,59.1200,59.0400,59.0400,6014
2025-01-08 15:48:00,59.0300,59.0400,58.9450,59.0200,11131
2025-01-08 15:49:00,58.9840,59.0400,58.9547,58.9800,7510
2025-01-08 15:50:00,58.9800,59.0700,58.9800,59.0700,17000
2025-01-08 15:51:00,59.0800,59.0800,58.9800,59.0201,8111
2025-01-08 15:52:00,59.0200,59.0700,58.9800,59.0000,10373
2025-01-08 15:53:00,59.0000,59.0900,58.9800,59.0532,11657
2025-01-08 15:54:00,59.0600,59.0900,59.0000,59.0200,22726
2025-01-08 15:55:00,59.0200,59.2300,59.0100,59.2300,32600
2025-01-08 15:56:00,59.2000,59.2800,59.1300,59.2800,31736
2025-01-08 15:57:00,59.2700,59.3000,59.1600,59.2025,38815
2025-01-08 15:58:00,59.1700,59.2500,59.1548,59.1899,42951
2025-01-08 15:59:00,59.1800,59.3300,59.1600,59.2700,51607
2025-01-08 16:00:00,59.2700,59.2700,58.9900,59.2200,262628
2025-01-08 16:01:00,59.2200,59.4500,58.9000,59.2200,3739
2025-01-08 16:03:00,59.2300,59.2300,59.2200,59.2200,105
2025-01-08 16:04:00,59.5261,59.5261,59.4500,59.4500,2100
2025-01-08 16:05:00,59.4500,59.5000,59.2200,59.5000,3152
2025-01-08 16:10:00,59.0700,59.0700,59.0700,59.0700,1
2025-01-08 16:11:00,59.5000,59.5000,59.5000,59.5000,2
2025-01-08 16:12:00,59.1500,59.1500,59.1500,59.1500,7
2025-01-08 16:15:00,59.2200,59.4700,58.9000,58.9000,123
2025-01-08 16:16:00,59.5000,59.5000,58.9056,58.9056,51
2025-01-08 16:17:00,59.3000,59.3000,59.3000,59.3000,3
2025-01-08 16:18:00,59.2200,59.2200,59.2200,59.2200,5379
2025-01-08 16:20:00,59.2000,59.2000,59.1100,59.1800,17
2025-01-08 16:21:00,59.0500,59.0500,59.0500,59.0500,493
2025-01-08 16:24:00,59.1800,59.1800,58.9100,58.9100,13
2025-01-08 16:25:00,58.9000,58.9000,58.9000,58.9000,24
2025-01-08 16:27:00,58.9013,58.9013,58.9013,58.9013,300
2025-01-08 16:28:00,58.9000,59.2900,58.9000,58.9800,6
2025-01-08 16:32:00,59.2700,59.2700,59.2700,59.2700,1
2025-01-08 16:34:00,58.9020,58.9020,58.9020,58.9020,200
2025-01-08 16:36:00,58.9000,58.9000,58.9000,58.9000,10
2025-01-08 16:39:00,59.2800,59.2800,59.2800,59.2800,2
2025-01-08 16:42:00,59.2200,59.2200,59.2200,59.2200,24432
2025-01-08 16:46:00,59.1000,59.1000,59.1000,59.1000,100
2025-01-08 16:47:00,59.1000,59.2800,59.1000,59.2800,51
2025-01-08 16:48:00,58.9800,58.9800,58.9800,58.9800,1
2025-01-08 16:50:00,59.2800,59.2800,59.0200,59.0200,2
2025-01-08 16:51:00,59.1000,59.1000,59.1000,59.1000,200
2025-01-08 16:53:00,59.2700,59.2800,59.2700,59.2800,300
2025-01-08 17:04:00,59.2700,59.2700,59.2700,59.2700,3
2025-01-08 17:08:00,59.2000,59.2000,59.2000,59.2000,5
2025-01-08 17:16:00,59.2600,59.2700,59.2600,59.2700,100
2025-01-08 17:20:00,59.2700,59.3100,59.2700,59.2700,715
2025-01-08 17:21:00,59.2800,59.2800,59.2800,59.2800,4
2025-01-08 17:23:00,59.3000,59.3000,59.2002,59.2002,206
2025-01-08 17:24:00,59.2100,59.2100,59.2100,59.2100,15
2025-01-08 17:25:00,59.4499,59.4499,59.2800,59.3000,89
2025-01-08 17:26:00,59.4000,59.4000,59.4000,59.4000,1478
2025-01-08 17:27:00,59.4000,59.4000,59.4000,59.4000,93
2025-01-08 17:28:00,59.3000,59.3000,59.3000,59.3000,100
2025-01-08 17:36:00,59.2200,59.2200,59.2200,59.2200,264100
2025-01-08 17:37:00,59.4000,59.4000,59.3000,59.3000,525
2025-01-08 17:38:00,59.3250,59.3250,59.3250,59.3250,20
2025-01-08 17:39:00,59.3900,59.3900,59.3900,59.3900,1
2025-01-08 17:40:00,59.2200,59.2200,59.2200,59.2200,50
2025-01-08 17:41:00,59.3000,59.3000,59.3000,59.3000,4
2025-01-08 17:45:00,59.2900,59.3000,59.2900,59.3000,200
2025-01-08 17:46:00,59.2200,59.2300,59.2000,59.2000,605
2025-01-08 17:47:00,59.2900,59.3900,59.2900,59.3900,3977
2025-01-08 17:49:00,59.1900,59.3600,59.1900,59.3600,26
2025-01-08 17:50:00,59.3400,59.3400,59.3400,59.3400,20
2025-01-08 17:51:00,59.1900,59.1900,59.1800,59.1800,36
2025-01-08 17:56:00,59.1300,59.1300,59.1300,59.1300,14
2025-01-08 18:07:00,59.2000,59.2000,59.2000,59.2000,1
2025-01-08 18:08:00,59.1800,59.1800,59.1800,59.1800,16
2025-01-08 18:09:00,59.3000,59.3000,59.3000,59.3000,60
2025-01-08 18:10:00,59.2800,59.2800,59.2800,59.2800,6
2025-01-08 18:12:00,59.2600,59.2600,59.2600,59.2600,7
2025-01-08 18:15:00,59.2699,59.2699,59.2600,59.2600,16
2025-01-08 18:19:00,59.1900,59.1900,59.1900,59.1900,13
2025-01-08 18:20:00,59.1900,59.2000,59.1900,59.2000,487
2025-01-08 18:21:00,59.2800,59.2800,59.2100,59.2100,12
2025-01-08 18:24:00,59.2800,59.3000,59.2800,59.3000,16
2025-01-08 18:25:00,59.3000,59.3000,59.2000,59.2000,72
2025-01-08 18:26:00,59.2000,59.2000,59.2000,59.2000,122
2025-01-08 18:27:00,59.1900,59.2700,59.1900,59.2700,165
2025-01-08 18:28:00,59.2700,59.2700,59.2700,59.2700,2
2025-01-08 18:30:00,59.1950,59.3500,59.1950,59.3500,52
2025-01-08 18:34:00,59.3000,59.3000,59.3000,59.3000,17
2025-01-08 18:35:00,59.3899,59.3899,59.3899,59.3899,300
2025-01-08 18:36:00,59.0000,59.3500,59.0000,59.3500,14
2025-01-08 18:37:00,59.3000,59.3000,59.2200,59.2200,34
2025-01-08 18:39:00,59.3900,59.3900,59.2500,59.2500,627
2025-01-08 18:41:00,59.3000,59.3000,59.3000,59.3000,10
2025-01-08 18:42:00,59.3100,59.3100,59.3100,59.3100,3
2025-01-08 18:43:00,59.3200,59.3200,59.3200,59.3200,40
2025-01-08 18:46:00,59.3100,59.3100,59.3100,59.3100,10
2025-01-08 18:47:00,59.3800,59.3800,59.3800,59.3800,2
2025-01-08 18:55:00,59.3000,59.3000,59.3000,59.3000,10
2025-01-08 19:08:00,59.2800,59.2800,59.2800,59.2800,1
2025-01-08 19:09:00,59.2900,59.2900,59.2900,59.2900,1
2025-01-08 19:11:00,59.2900,59.2900,59.2900,59.2900,6
2025-01-08 19:12:00,59.2900,59.2900,59.2900,59.2900,1
2025-01-08 19:14:00,59.1900,59.1900,59.1900,59.1900,1
2025-01-08 19:17:00,59.1900,59.1900,59.1900,59.1900,1
2025-01-08 19:22:00,59.1800,59.1800,59.1800,59.1800,6
2025-01-08 19:25:00,59.1800,59.1800,59.1800,59.1800,10
2025-01-08 19:27:00,59.1800,59.1800,59.1800,59.1800,19
2025-01-08 19:33:00,59.0100,59.0100,59.0100,59.0100,200
2025-01-08 19:39:00,59.0750,59.0750,59.0750,59.0750,100
2025-01-08 19:40:00,59.1500,59.1500,59.1500,59.1500,1
2025-01-08 19:43:00,59.0000,59.0900,59.0000,59.0900,93
2025-01-08 19:45:00,59.0000,59.0100,59.0000,59.0100,101
2025-01-08 19:49:00,59.1500,59.1500,59.0900,59.1500,2500
2025-01-08 19:51:00,59.1493,59.2200,59.1493,59.2200,2501
2025-01-08 19:53:00,59.2200,59.2200,59.2200,59.2200,5
2025-01-08 19:56:00,59.0501,59.2200,59.0501,59.2200,33
2025-01-08 19:58:00,59.2200,59.2200,59.2200,59.2200,200
2025-01-08 19:59:00,59.2200,59.2200,59.2200,59.2200,200
2025-01-10 04:00:00,59.0500,60.0000,59.0500,59.6000,22
2025-01-10 04:02:00,59.4900,59.6000,59.4700,59.6000,28
2025-01-10 04:03:00,59.5500,59.6000,59.5500,59.6000,67
2025-01-10 04:05:00,59.2600,59.2600,59.1100,59.1100,117
2025-01-10 04:08:00,59.8500,59.8500,59.8500,59.8500,1
2025-01-10 04:09:00,59.2200,59.2200,59.2100,59.2200,257
2025-01-10 04:10:00,59.3000,59.3000,59.3000,59.3000,5
2025-01-10 04:11:00,59.7900,59.7900,59.7900,59.7900,2
2025-01-10 04:16:00,59.2800,59.2800,59.2800,59.2800,6
2025-01-10 04:20:00,59.5200,59.5200,59.5200,59.5200,3
2025-01-10 04:21:00,59.2400,59.2400,59.0400,59.0400,204
2025-01-10 04:30:00,59.3900,59.3900,59.3900,59.3900,4
2025-01-10 04:33:00,59.3700,59.3900,59.3700,59.3900,100
2025-01-10 04:35:00,59.3900,59.3900,59.3900,59.3900,1
2025-01-10 04:39:00,59.3800,59.5800,59.2900,59.2900,2555
2025-01-10 04:42:00,59.1000,59.1000,59.1000,59.1000,3
2025-01-10 04:45:00,59.2200,59.2200,59.2200,59.2200,1
2025-01-10 04:48:00,59.2200,59.7000,59.2200,59.7000,402
2025-01-10 04:53:00,59.7000,59.7000,59.7000,59.7000,100
2025-01-10 04:56:00,59.7000,59.7000,59.6400,59.7000,500
2025-01-10 04:58:00,59.7000,59.7000,59.7000,59.7000,2
2025-01-10 05:01:00,59.8400,59.8400,59.8400,59.8400,1
2025-01-10 05:05:00,59.7000,59.7000,59.7000,59.7000,32
2025-01-10 05:08:00,59.5600,59.5600,59.5600,59.5600,15
2025-01-10 05:13:00,59.5800,59.5900,59.5800,59.5900,50
2025-01-10 05:17:00,59.5100,59.5700,59.5100,59.5700,63
2025-01-10 05:19:00,59.5000,59.5000,59.5000,59.5000,2
2025-01-10 05:27:00,59.4800,59.4800,59.4800,59.4800,5
2025-01-10 05:36:00,59.4700,59.4700,59.4700,59.4700,3
2025-01-10 05:37:00,59.4900,59.4900,59.4900,59.4900,100
2025-01-10 05:38:00,59.2300,59.2300,59.2300,59.2300,1
2025-01-10 05:44:00,59.4800,59.4800,59.4800,59.4800,57
2025-01-10 05:50:00,59.4900,59.4900,59.4900,59.4900,5
2025-01-10 05:57:00,59.4800,59.4800,59.4800,59.4800,1
2025-01-10 05:58:00,59.4800,59.4900,59.4800,59.4900,500
2025-01-10 05:59:00,59.5000,59.5000,59.5000,59.5000,1
2025-01-10 06:00:00,59.4900,59.4900,59.4900,59.4900,3
2025-01-10 06:02:00,59.2000,59.2000,59.2000,59.2000,51
2025-01-10 06:03:00,59.1600,59.1600,59.0500,59.0500,2009
2025-01-10 06:08:00,59.1600,59.1600,59.1600,59.1600,30
2025-01-10 06:09:00,59.2400,59.2400,59.2400,59.2400,1
2025-01-10 06:10:00,59.0100,59.0100,59.0000,59.0000,766
2025-01-10 06:12:00,59.0000,59.0000,59.0000,59.0000,233
2025-01-10 06:15:00,59.0100,59.2900,59.0100,59.2900,393
2025-01-10 06:20:00,59.2700,59.2700,59.2700,59.2700,50
2025-01-10 06:21:00,59.0800,59.0800,59.0800,59.0800,1
2025-01-10 06:26:00,59.1000,59.1000,59.1000,59.1000,27
2025-01-10 06:30:00,59.2700,59.2700,59.2700,59.2700,1
2025-01-10 06:36:00,59.2900,59.2900,59.2900,59.2900,1
2025-01-10 06:37:00,59.2400,59.2400,59.2400,59.2400,1
2025-01-10 06:38:00,59.2200,59.2900,59.2200,59.2900,155
2025-01-10 06:39:00,59.2800,59.2800,59.2800,59.2800,2
2025-01-10 06:40:00,59.2700,59.3000,59.2600,59.3000,335
2025-01-10 06:41:00,59.2700,59.2800,59.2600,59.2600,51
2025-01-10 06:58:00,59.1900,59.1900,59.1900,59.1900,1
2025-01-10 07:00:00,59.2500,59.2500,59.2000,59.2000,35
2025-01-10 07:02:00,59.2200,59.2200,59.1900,59.1900,21
2025-01-10 07:03:00,59.2500,59.2500,59.2000,59.2000,371
2025-01-10 07:04:00,59.1900,59.1900,59.1500,59.1600,821
2025-01-10 07:05:00,59.1500,59.1500,59.1200,59.1200,601
2025-01-10 07:09:00,59.0700,59.0700,59.0700,59.0700,10
2025-01-10 07:10:00,59.0500,59.0500,59.0500,59.0500,10
2025-01-10 07:11:00,59.1200,59.1200,58.9000,59.0000,624
2025-01-10 07:12:00,58.8800,58.8800,58.6700,58.6700,1267
2025-01-10 07:15:00,58.6900,58.8500,58.6900,58.8500,156
2025-01-10 07:16:00,58.9100,58.9100,58.9100,58.9100,5
2025-01-10 07:17:00,58.6000,58.6000,58.5300,58.5300,333
2025-01-10 07:21:00,59.1300,59.1300,59.1300,59.1300,30
2025-01-10 07:23:00,58.9700,58.9700,58.9700,58.9700,5
2025-01-10 07:25:00,58.9900,59.0000,58.9900,59.0000,113
2025-01-10 07:26:00,59.1600,59.2900,59.1600,59.2600,1212
2025-01-10 07:29:00,59.2000,59.2000,59.2000,59.2000,500
2025-01-10 07:30:00,59.2600,59.3000,59.2600,59.3000,2414
2025-01-10 07:31:00,59.3000,59.3000,59.3000,59.3000,3
2025-01-10 07:33:00,59.3200,59.3200,59.2000,59.2000,1143
2025-01-10 07:34:00,59.2000,59.2000,59.2000,59.2000,500
2025-01-10 07:40:00,59.2800,59.3700,59.2500,59.3700,1107
2025-01-10 07:41:00,59.4000,59.4500,59.4000,59.4500,600
2025-01-10 07:42:00,59.3900,59.3900,59.3000,59.3000,123
2025-01-10 07:45:00,59.2600,59.2600,59.2600,59.2600,45
2025-01-10 07:49:00,59.3800,59.5400,59.2000,59.5200,2837
2025-01-10 07:50:00,59.5400,59.5400,59.5400,59.5400,1
2025-01-10 07:51:00,59.5300,59.5300,59.5300,59.5300,17
2025-01-10 07:52:00,59.5900,59.5900,59.5900,59.5900,250
2025-01-10 07:53:00,59.5500,59.5500,59.5500,59.5500,20
2025-01-10 07:54:00,59.5600,59.5600,59.5600,59.5600,10
2025-01-10 07:57:00,59.5200,59.5200,59.5000,59.5000,4277
2025-01-10 07:58:00,59.5100,59.5100,59.4900,59.5000,3473
2025-01-10 07:59:00,59.5500,59.6000,59.5500,59.5900,791
2025-01-10 08:00:00,59.2989,60.0000,58.6000,59.6500,11364
2025-01-10 08:01:00,59.6300,59.7000,59.5000,59.6600,472
2025-01-10 08:02:00,59.6900,59.6900,59.5000,59.5000,402
2025-01-10 08:03:00,59.9700,59.9700,59.9500,59.9500,31
2025-01-10 08:04:00,59.6020,59.6020,59.6020,59.6020,10
2025-01-10 08:05:00,59.6100,59.9700,59.6100,59.9700,41
2025-01-10 08:06:00,59.6000,59.6000,59.6000,59.6000,1500
2025-01-10 08:08:00,59.7000,59.7000,59.6000,59.6000,1005
2025-01-10 08:09:00,59.6200,59.6200,59.6000,59.6000,753
2025-01-10 08:10:00,59.7000,59.8000,59.7000,59.7500,1143
2025-01-10 08:11:00,59.7500,59.7500,59.5600,59.7000,7256
2025-01-10 08:12:00,59.7400,59.7500,59.7400,59.7500,1000
2025-01-10 08:13:00,59.6000,59.7400,59.5000,59.7250,1130
2025-01-10 08:14:00,59.6300,59.6300,59.6300,59.6300,10
2025-01-10 08:15:00,59.7200,59.7500,59.6500,59.7500,1016
2025-01-10 08:16:00,59.7500,59.7500,59.6500,59.6500,2351
2025-01-10 08:17:00,59.8500,59.8500,59.8500,59.8500,1
2025-01-10 08:18:00,59.6500,59.6500,59.6500,59.6500,10
2025-01-10 08:20:00,59.6500,59.6500,59.6500,59.6500,10
2025-01-10 08:21:00,59.6200,59.6200,59.6000,59.6168,1052
2025-01-10 08:22:00,59.5500,59.6000,59.5000,59.6000,1696
2025-01-10 08:23:00,59.6100,59.6100,59.6000,59.6000,2000
2025-01-10 08:24:00,59.6000,59.6500,59.6000,59.6500,624
2025-01-10 08:25:00,59.6500,59.7000,59.6500,59.7000,1028
2025-01-10 08:26:00,59.6900,59.8000,59.6900,59.8000,2072
2025-01-10 08:28:00,59.7500,59.7500,59.7500,59.7500,1070
2025-01-10 08:29:00,59.7500,59.7500,59.7000,59.7000,1614
2025-01-10 08:30:00,59.5800,59.5800,57.9000,58.5000,11706
2025-01-10 08:31:00,58.4800,58.5000,57.5000,57.9800,9917
2025-01-10 08:32:00,57.5600,58.1900,57.5600,58.1000,2795
2025-01-10 08:33:00,57.7500,57.9900,57.3000,57.3000,2908
2025-01-10 08:34:00,57.4000,57.5400,56.5500,56.5500,9976
2025-01-10 08:35:00,56.5500,57.7100,56.5500,57.3300,1720
2025-01-10 08:36:00,57.7000,57.7200,57.3200,57.7200,3428
2025-01-10 08:37:00,57.6200,57.9900,57.4400,57.4400,1471
2025-01-10 08:38:00,57.3200,57.5000,57.2100,57.5000,2221
2025-01-10 08:39:00,57.3000,57.7800,57.0000,57.7800,8
2025-01-10 08:40:00,57.5000,58.1900,57.5000,58.0200,5581
2025-01-10 08:41:00,58.0400,58.6700,57.9900,58.3700,6348
2025-01-10 08:42:00,58.2500,58.4000,58.0600,58.2000,1468
2025-01-10 08:43:00,58.1900,58.1900,57.8100,57.8100,2616
2025-01-10 08:44:00,57.8300,57.9000,57.8100,57.9000,483
2025-01-10 08:45:00,57.9000,57.9920,57.6001,57.9000,1534
2025-01-10 08:46:00,57.6000,57.9000,57.6000,57.6085,453
2025-01-10 08:47:00,57.6170,57.9100,57.6000,57.9100,105
2025-01-10 08:48:00,57.8900,57.8900,57.8900,57.8900,3
2025-01-10 08:49:00,57.6072,57.6072,57.6072,57.6072,10
2025-01-10 08:50:00,57.8000,57.9900,57.8000,57.8500,1190
2025-01-10 08:51:00,57.8500,57.8500,57.5000,57.5000,2031
2025-01-10 08:52:00,57.5990,57.6600,57.4765,57.6600,1636
2025-01-10 08:53:00,57.6200,57.8400,57.5000,57.8300,526
2025-01-10 08:54:00,57.8200,58.2000,57.8200,58.2000,3619
2025-01-10 08:55:00,58.0500,58.0500,57.8600,57.8600,150
2025-01-10 08:56:00,57.8600,57.8600,57.8500,57.8500,617
2025-01-10 08:58:00,57.8700,58.0000,57.8700,57.8900,1427
2025-01-10 08:59:00,57.7500,57.8700,57.5190,57.8700,123
2025-01-10 09:00:00,57.7500,57.7500,57.7000,57.7200,573
2025-01-10 09:01:00,57.5500,57.6100,57.4500,57.4900,1662
2025-01-10 09:02:00,57.4700,57.5200,57.4700,57.5200,1137
2025-01-10 09:03:00,57.5000,57.6000,57.3400,57.6000,2548
2025-01-10 09:04:00,57.6800,57.8700,57.6100,57.7000,1367
2025-01-10 09:05:00,57.8000,57.8360,57.7000,57.8360,176
2025-01-10 09:06:00,57.7200,57.8300,57.7200,57.8300,24
2025-01-10 09:07:00,57.7500,57.8000,57.7000,57.7000,563
2025-01-10 09:08:00,57.6400,57.8700,57.6400,57.8000,1599
2025-01-10 09:09:00,57.8000,57.8700,57.8000,57.8700,720
2025-01-10 09:10:00,58.0000,58.0500,57.9000,58.0000,67
2025-01-10 09:11:00,58.0000,58.0500,57.9800,58.0500,3125
2025-01-10 09:12:00,58.1900,58.1900,58.1400,58.1400,20
2025-01-10 09:13:00,58.1400,58.2200,58.0000,58.0000,3854
2025-01-10 09:14:00,57.9900,58.0000,57.8000,57.9000,3198
2025-01-10 09:15:00,58.2200,58.2200,58.1200,58.2200,586
2025-01-10 09:16:00,58.1200,58.1200,58.0500,58.0500,180
2025-01-10 09:17:00,58.0400,58.2300,58.0200,58.2000,5624
2025-01-10 09:18:00,58.0000,58.3300,58.0000,58.2000,4868
2025-01-10 09:19:00,58.2000,58.2500,58.1700,58.2500,79
2025-01-10 09:20:00,58.2900,58.3000,58.0000,58.0100,2048
2025-01-10 09:22:00,58.1000,58.1000,58.1000,58.1000,70
2025-01-10 09:23:00,58.0100,58.1000,57.8500,57.8500,4391
2025-01-10 09:24:00,57.8400,58.0500,57.8400,58.0500,3388
2025-01-10 09:25:00,58.0000,58.3000,57.9800,58.2800,7230
2025-01-10 09:26:00,58.0100,58.2900,58.0100,58.2900,60
2025-01-10 09:27:00,58.1000,58.1000,57.8400,57.8400,2039
2025-01-10 09:28:00,58.8000,58.8000,57.8400,57.9100,71
2025-01-10 09:29:00,57.9000,57.9400,57.8400,57.8400,680
2025-01-10 09:30:00,57.8900,58.0250,56.8000,57.2500,237896
2025-01-10 09:31:00,57.3700,58.0000,57.3500,57.7200,125164
2025-01-10 09:32:00,57.6400,57.7400,57.0000,57.0000,84273
2025-01-10 09:33:00,56.9900,57.5300,56.9100,57.3600,32325
2025-01-10 09:34:00,57.4000,57.4100,56.7243,56.8400,54766
2025-01-10 09:35:00,56.8500,56.9800,56.6000,56.9500,31778
2025-01-10 09:36:00,56.9900,57.1000,56.5500,56.5500,57816
2025-01-10 09:37:00,56.5800,56.7000,56.1500,56.2950,54358
2025-01-10 09:38:00,56.3200,56.4100,56.0818,56.1600,31252
2025-01-10 09:39:00,56.1422,56.2900,55.9300,56.2250,37596
2025-01-10 09:40:00,56.2250,56.5100,56.0890,56.4707,30291
2025-01-10 09:41:00,56.4770,56.6500,56.2689,56.3623,23704
2025-01-10 09:42:00,56.3900,56.5150,56.2600,56.4250,5641
2025-01-10 09:43:00,56.4100,56.7700,56.3000,56.6550,36518
2025-01-10 09:44:00,56.6750,56.9575,56.4700,56.9575,15716
2025-01-10 09:45:00,56.9025,57.1650,56.7900,57.1200,40291
2025-01-10 09:46:00,57.1179,57.1179,56.5000,56.5400,15258
2025-01-10 09:47:00,56.4400,56.6400,56.0500,56.0500,42314
2025-01-10 09:48:00,56.1600,56.1800,56.0000,56.0700,22935
2025-01-10 09:49:00,56.0700,56.3800,56.0439,56.2700,23356
2025-01-10 09:50:00,56.3000,56.6299,56.2000,56.5820,17589
2025-01-10 09:51:00,56.6100,56.9150,56.5600,56.9150,16748
2025-01-10 09:52:00,56.9135,57.0500,56.6300,56.7250,25168
2025-01-10 09:53:00,56.6900,56.8200,56.6700,56.7700,9083
2025-01-10 09:54:00,56.7500,56.9300,56.7500,56.7651,7775
2025-01-10 09:55:00,56.8000,57.0400,56.7836,56.8550,22702
2025-01-10 09:56:00,56.8300,57.0700,56.7900,56.9301,20521
2025-01-10 09:57:00,56.9800,57.1600,56.9000,57.1350,13088
2025-01-10 09:58:00,57.1400,57.1400,56.9700,57.1043,16146
2025-01-10 09:59:00,57.0145,57.0145,56.7400,56.8700,12040
2025-01-10 10:00:00,56.8000,56.8000,56.2366,56.2550,22445
2025-01-10 10:01:00,56.2600,56.3100,55.9600,56.1300,63652
2025-01-10 10:02:00,56.1200,56.1900,56.0400,56.1300,17154
2025-01-10 10:03:00,56.0500,56.0650,55.8300,55.9100,40741
2025-01-10 10:04:00,55.9500,56.1000,55.7800,56.0600,57867
2025-01-10 10:05:00,56.1100,56.2500,56.0000,56.1900,8981
2025-01-10 10:06:00,56.1600,56.2000,56.0550,56.1500,6355
2025-01-10 10:07:00,56.2000,56.2750,56.0700,56.1000,16357
2025-01-10 10:08:00,56.1100,56.2500,56.0400,56.1800,21409
2025-01-10 10:09:00,56.1800,56.3200,56.1500,56.2900,26445
2025-01-10 10:10:00,56.2900,56.5300,56.1700,56.4500,25017
2025-01-10 10:11:00,56.5500,56.6900,56.4100,56.5211,42174
2025-01-10 10:12:00,56.5500,56.7600,56.4600,56.7100,9522
2025-01-10 10:13:00,56.7100,56.7600,56.4200,56.4250,17658
2025-01-10 10:14:00,56.4250,56.7600,56.4250,56.7350,4651
2025-01-10 10:15:00,56.7400,56.8286,56.6100,56.6300,13966
2025-01-10 10:16:00,56.7000,56.7900,56.4750,56.4750,48826
2025-01-10 10:17:00,56.4900,56.7300,56.4800,56.7300,20169
2025-01-10 10:18:00,56.6900,56.7400,56.5900,56.6900,21467
2025-01-10 10:19:00,56.6700,56.9100,56.5701,56.5701,22430
2025-01-10 10:20:00,56.6500,56.8300,56.5700,56.6750,32236
2025-01-10 10:21:00,56.6750,56.9100,56.6650,56.6800,9058
2025-01-10 10:22:00,56.8000,56.8582,56.5000,56.5200,9107
2025-01-10 10:23:00,56.6000,56.7100,56.5300,56.6899,9534
2025-01-10 10:24:00,56.5200,56.5900,56.4601,56.4900,22865
2025-01-10 10:25:00,56.4600,56.5600,56.3000,56.5000,14479
2025-01-10 10:26:00,56.4800,56.7600,56.4700,56.6400,13539
2025-01-10 10:27:00,56.6800,56.7699,56.5600,56.5600,8712
2025-01-10 10:28:00,56.6200,56.7300,56.5600,56.7100,8240
2025-01-10 10:29:00,56.7300,56.9700,56.6708,56.9700,12519
2025-01-10 10:30:00,56.9400,56.9700,56.7500,56.8000,18753
2025-01-10 10:31:00,56.8400,56.9700,56.7699,56.9600,8407
2025-01-10 10:32:00,56.9350,56.9350,56.8400,56.8700,2680
2025-01-10 10:33:00,56.8000,57.0050,56.7500,57.0050,21665
2025-01-10 10:34:00,56.9150,56.9400,56.8000,56.8746,4068
2025-01-10 10:35:00,56.7500,56.8958,56.6500,56.8958,14035
2025-01-10 10:36:00,56.8500,56.9699,56.7900,56.8589,6579
2025-01-10 10:37:00,56.8100,56.8660,56.7900,56.8660,4546
2025-01-10 10:38:00,56.9000,56.9500,56.7600,56.9500,16398
2025-01-10 10:39:00,56.8750,57.0700,56.8750,57.0700,3174
2025-01-10 10:40:00,57.0250,57.0500,56.7300,56.7800,11643
2025-01-10 10:41:00,56.7100,56.9400,56.7100,56.9200,6986
2025-01-10 10:42:00,56.9300,56.9300,56.7500,56.8500,8891
2025-01-10 10:43:00,56.7500,56.7500,56.5701,56.6500,7915
2025-01-10 10:44:00,56.6738,56.6800,56.5400,56.5700,3854
2025-01-10 10:45:00,56.6200,56.6700,56.4700,56.5300,10449
2025-01-10 10:46:00,56.5200,56.7200,56.5200,56.7050,12848
2025-01-10 10:47:00,56.8300,56.9400,56.8300,56.8700,3767
2025-01-10 10:48:00,56.8168,56.9300,56.8168,56.9000,5916
2025-01-10 10:49:00,56.9500,57.0400,56.9100,56.9450,10816
2025-01-10 10:50:00,56.9450,56.9450,56.6950,56.6950,17051
2025-01-10 10:51:00,56.6100,56.6800,56.5600,56.5900,7723
2025-01-10 10:52:00,56.5400,56.5700,56.4500,56.4700,5986
2025-01-10 10:53:00,56.5500,56.6225,56.4800,56.5800,7668
2025-01-10 10:54:00,56.5950,56.7600,56.5950,56.6790,2618
2025-01-10 10:55:00,56.6800,56.6800,56.5400,56.5400,5234
2025-01-10 10:56:00,56.5000,56.5800,56.4300,56.4300,25350
2025-01-10 10:57:00,56.4950,56.5150,56.2282,56.2800,15706
2025-01-10 10:58:00,56.2700,56.3600,56.2000,56.3350,5185
2025-01-10 10:59:00,56.3900,56.4200,56.2905,56.2905,7483
2025-01-10 11:00:00,56.3247,56.4399,56.2400,56.2700,6958
2025-01-10 11:01:00,56.2825,56.3050,56.1600,56.2419,6229
2025-01-10 11:02:00,56.1600,56.3300,56.1000,56.3300,6715
2025-01-10 11:03:00,56.3588,56.4400,56.3000,56.3600,5075
2025-01-10 11:04:00,56.3240,56.4100,56.2500,56.4000,19338
2025-01-10 11:05:00,56.3700,56.4500,56.3669,56.3669,3176
2025-01-10 11:06:00,56.5000,56.5000,56.3600,56.4600,7446
2025-01-10 11:07:00,56.4900,56.4900,56.3300,56.3300,4972
2025-01-10 11:08:00,56.3700,56.5000,56.3700,56.4400,20659
2025-01-10 11:09:00,56.4600,56.5000,56.4200,56.4200,3447
2025-01-10 11:10:00,56.3600,56.4200,56.3600,56.4200,2185
2025-01-10 11:11:00,56.3677,56.4886,56.3677,56.4100,1885
2025-01-10 11:12:00,56.4625,56.5400,56.3929,56.4300,7342
2025-01-10 11:13:00,56.3945,56.5800,56.3300,56.4200,14925
2025-01-10 11:14:00,56.3850,56.4200,56.3000,56.3200,5105
2025-01-10 11:15:00,56.3200,56.4800,56.3200,56.3616,1853
2025-01-10 11:16:00,56.3600,56.4700,56.3600,56.3900,1950
2025-01-10 11:17:00,56.4500,56.5200,56.3685,56.4100,10303
2025-01-10 11:18:00,56.4300,56.4400,56.3400,56.3400,7955
2025-01-10 11:19:00,56.3000,56.3000,56.1100,56.1400,28178
2025-01-10 11:20:00,56.1450,56.3400,56.1200,56.3200,4467
2025-01-10 11:21:00,56.3400,56.3600,56.2864,56.3400,3792
2025-01-10 11:22:00,56.4000,56.4000,56.2900,56.3511,4256
2025-01-10 11:23:00,56.3250,56.4250,56.2950,56.3800,9275
2025-01-10 11:24:00,56.4000,56.4599,56.3700,56.4050,2810
2025-01-10 11:25:00,56.4600,56.5400,56.4600,56.4950,5104
2025-01-10 11:26:00,56.5000,56.5000,56.3300,56.3300,3340
2025-01-10 11:27:00,56.2600,56.2700,56.0900,56.1300,5257
2025-01-10 11:28:00,56.1000,56.1500,56.0000,56.1200,4799
2025-01-10 11:29:00,56.1400,56.1400,56.0300,56.0900,9678
2025-01-10 11:30:00,56.0900,56.0900,56.0100,56.0700,3997
2025-01-10 11:31:00,56.0450,56.3200,56.0450,56.3027,6042
2025-01-10 11:32:00,56.2608,56.3500,56.2000,56.3444,14864
2025-01-10 11:33:00,56.3450,56.4200,56.3450,56.4200,1562
2025-01-10 11:34:00,56.4600,56.4800,56.3800,56.3800,6646
2025-01-10 11:35:00,56.4700,56.5500,56.4400,56.4400,3800
2025-01-10 11:36:00,56.4500,56.6200,56.4300,56.6200,13867
2025-01-10 11:37:00,56.5500,56.5600,56.4500,56.5300,19159
2025-01-10 11:38:00,56.5000,56.6100,56.5000,56.5900,7215
2025-01-10 11:39:00,56.6497,56.6500,56.5400,56.5400,3107
2025-01-10 11:40:00,56.5600,56.6400,56.5600,56.6150,1328
2025-01-10 11:41:00,56.6400,56.7300,56.5828,56.6900,3416
2025-01-10 11:42:00,56.7500,56.7700,56.6100,56.6100,11544
2025-01-10 11:43:00,56.6350,56.7200,56.6300,56.6500,2926
2025-01-10 11:44:00,56.6650,56.7100,56.6390,56.6800,5093
2025-01-10 11:45:00,56.6400,56.6400,56.5500,56.6200,4417
2025-01-10 11:46:00,56.5800,56.7200,56.5800,56.6000,4562
2025-01-10 11:47:00,56.6100,56.6100,56.5000,56.5200,6702
2025-01-10 11:48:00,56.5400,56.6400,56.5200,56.6150,4697
2025-01-10 11:49:00,56.5800,56.5800,56.4700,56.4700,11480
2025-01-10 11:50:00,56.4800,56.6000,56.4800,56.5568,3140
2025-01-10 11:51:00,56.5900,56.6000,56.5100,56.5100,2881
2025-01-10 11:52:00,56.5600,56.7200,56.5400,56.7200,4494
2025-01-10 11:53:00,56.6400,56.6600,56.6100,56.6325,3989
2025-01-10 11:54:00,56.6350,56.6500,56.6000,56.6500,3379
2025-01-10 11:55:00,56.6500,56.6800,56.5300,56.5700,10795
2025-01-10 11:56:00,56.5500,56.6000,56.5000,56.5500,16839
2025-01-10 11:57:00,56.5400,56.6350,56.5300,56.6350,3869
2025-01-10 11:58:00,56.5900,56.6100,56.5600,56.5600,3013
2025-01-10 11:59:00,56.5300,56.5600,56.4320,56.4320,5945
2025-01-10 12:00:00,56.4400,56.4400,56.3300,56.3300,2915
2025-01-10 12:01:00,56.3750,56.3900,56.3400,56.3900,1755
2025-01-10 12:02:00,56.4100,56.5800,56.4000,56.5600,11681
2025-01-10 12:03:00,56.5800,56.6200,56.4600,56.4600,5918
2025-01-10 12:04:00,56.4600,56.5100,56.3000,56.5100,8445
2025-01-10 12:05:00,56.5000,56.5250,56.3325,56.3325,4639
2025-01-10 12:06:00,56.3400,56.4400,56.3400,56.4300,4090
2025-01-10 12:07:00,56.3651,56.4150,56.3500,56.3900,5272
2025-01-10 12:08:00,56.3750,56.3750,56.2900,56.3200,2824
2025-01-10 12:09:00,56.2800,56.4100,56.2500,56.4100,13003
2025-01-10 12:10:00,56.3719,56.3888,56.3600,56.3888,1625
2025-01-10 12:11:00,56.4050,56.4050,56.3600,56.3600,2092
2025-01-10 12:12:00,56.4050,56.4500,56.3600,56.4500,3254
2025-01-10 12:13:00,56.4050,56.5200,56.3400,56.4900,32779
2025-01-10 12:14:00,56.5000,56.5000,56.4600,56.4600,2480
2025-01-10 12:15:00,56.5000,56.5300,56.4100,56.4500,12886
2025-01-10 12:16:00,56.4350,56.4700,56.4000,56.4000,6988
2025-01-10 12:17:00,56.4100,56.4300,56.3550,56.4300,6426
2025-01-10 12:18:00,56.3800,56.5200,56.3800,56.4600,7234
2025-01-10 12:19:00,56.4899,56.5050,56.4300,56.4700,3671
2025-01-10 12:20:00,56.4700,56.5200,56.4700,56.5100,3893
2025-01-10 12:21:00,56.4700,56.6200,56.4700,56.5396,9267
2025-01-10 12:22:00,56.5425,56.5425,56.3563,56.3850,3861
2025-01-10 12:23:00,56.3501,56.4900,56.3500,56.4500,5516
2025-01-10 12:24:00,56.5100,56.5600,56.4600,56.5600,3108
2025-01-10 12:25:00,56.5550,56.7600,56.5200,56.7000,7934
2025-01-10 12:26:00,56.7500,56.7650,56.6700,56.7650,10741
2025-01-10 12:27:00,56.7650,56.8500,56.6200,56.6200,13876
2025-01-10 12:28:00,56.6800,56.9100,56.6600,56.8600,5316
2025-01-10 12:29:00,56.9075,57.0200,56.8900,56.9100,8216
2025-01-10 12:30:00,56.8900,56.9299,56.8400,56.8800,8186
2025-01-10 12:31:00,56.8800,56.8800,56.7800,56.7800,5998
2025-01-10 12:32:00,56.8250,56.8300,56.8001,56.8100,2487
2025-01-10 12:33:00,56.7900,56.8300,56.7600,56.7600,3449
2025-01-10 12:34:00,56.7512,56.8100,56.7500,56.7500,4646
2025-01-10 12:35:00,56.7500,56.8100,56.7300,56.7600,4652
2025-01-10 12:36:00,56.7000,56.7596,56.6500,56.6800,3671
2025-01-10 12:37:00,56.7200,56.8200,56.7200,56.8150,3997
2025-01-10 12:38:00,56.8200,56.9300,56.7900,56.9000,6204
2025-01-10 12:39:00,56.9300,56.9900,56.8600,56.9000,6983
2025-01-10 12:40:00,56.9000,56.9200,56.8500,56.8600,6425
2025-01-10 12:41:00,56.8800,56.9700,56.8700,56.9600,2032
2025-01-10 12:42:00,56.9600,57.0000,56.9450,56.9650,2153
2025-01-10 12:43:00,56.9850,56.9850,56.9188,56.9450,5533
2025-01-10 12:44:00,56.9200,57.1900,56.9200,57.1100,12960
2025-01-10 12:45:00,57.1000,57.1500,56.9500,56.9800,7052
2025-01-10 12:46:00,56.9750,57.0200,56.9400,57.0200,3730
2025-01-10 12:47:00,57.0200,57.0200,56.9705,56.9705,2812
2025-01-10 12:48:00,56.9900,57.0500,56.9850,57.0350,3659
2025-01-10 12:49:00,57.0500,57.0900,56.9800,57.0000,4727
2025-01-10 12:50:00,56.9900,57.0200,56.9400,57.0200,1841
2025-01-10 12:51:00,56.9700,57.0730,56.9700,57.0375,2719
2025-01-10 12:52:00,57.0500,57.0900,57.0100,57.0100,3448
2025-01-10 12:53:00,57.0000,57.1200,57.0000,57.0900,4279
2025-01-10 12:54:00,57.0894,57.1200,57.0400,57.0500,3146
2025-01-10 12:55:00,57.1000,57.1000,57.0200,57.1000,5906
2025-01-10 12:56:00,57.0700,57.1999,57.0700,57.1999,9488
2025-01-10 12:57:00,57.1700,57.2200,57.1700,57.2000,1033
2025-01-10 12:58:00,57.2400,57.3500,57.2100,57.2800,12309
2025-01-10 12:59:00,57.3150,57.5000,57.2900,57.3779,36356
2025-01-10 13:00:00,57.3400,57.4500,57.2000,57.2300,14060
2025-01-10 13:01:00,57.2480,57.3300,57.2246,57.3300,3118
2025-01-10 13:02:00,57.3500,57.4099,57.3400,57.3439,8299
2025-01-10 13:03:00,57.3500,57.3692,57.3000,57.3000,3195
2025-01-10 13:04:00,57.2600,57.2800,57.2200,57.2500,15186
2025-01-10 13:05:00,57.2500,57.4400,57.2500,57.4400,6627
2025-01-10 13:06:00,57.4600,57.5600,57.4470,57.5200,12749
2025-01-10 13:07:00,57.5600,57.5900,57.5200,57.5452,1927
2025-01-10 13:08:00,57.5200,57.6900,57.5200,57.6813,18592
2025-01-10 13:09:00,57.6400,57.6700,57.6000,57.6400,4861
2025-01-10 13:10:00,57.6250,57.7350,57.6200,57.7350,5641
2025-01-10 13:11:00,57.7302,57.8200,57.6600,57.8200,10350
2025-01-10 13:12:00,57.7900,57.9600,57.7550,57.8600,26501
2025-01-10 13:13:00,57.8800,57.9800,57.8800,57.9250,16390
2025-01-10 13:14:00,57.9200,57.9550,57.8000,57.9000,17016
2025-01-10 13:15:00,57.9050,57.9400,57.7500,57.8000,19098
2025-01-10 13:16:00,57.9000,57.9300,57.6700,57.6700,11549
2025-01-10 13:17:00,57.6400,57.7250,57.5800,57.6500,7724
2025-01-10 13:18:00,57.7000,57.7000,57.7000,57.7000,544
2025-01-10 13:19:00,57.6545,57.7400,57.6504,57.7000,6386
2025-01-10 13:20:00,57.7000,57.7000,57.6500,57.6750,2929
2025-01-10 13:21:00,57.6650,57.7200,57.6600,57.6600,3617
2025-01-10 13:22:00,57.6400,57.7500,57.6400,57.7200,5337
2025-01-10 13:23:00,57.6850,57.7800,57.6800,57.7050,5590
2025-01-10 13:24:00,57.7600,57.8700,57.7300,57.7300,4717
2025-01-10 13:25:00,57.6500,57.6500,57.5200,57.6000,6421
2025-01-10 13:26:00,57.6300,57.6500,57.6050,57.6050,2506
2025-01-10 13:27:00,57.5820,57.6500,57.5713,57.6400,3617
2025-01-10 13:28:00,57.6600,57.8500,57.5800,57.7500,9103
2025-01-10 13:29:00,57.7500,57.8500,57.6900,57.8500,8140
2025-01-10 13:30:00,57.8015,57.8800,57.5850,57.6400,6878
2025-01-10 13:31:00,57.5400,57.7000,57.5400,57.6400,4391
2025-01-10 13:32:00,57.6700,57.7500,57.6300,57.6985,6602
2025-01-10 13:33:00,57.6900,57.7850,57.6899,57.7850,3285
2025-01-10 13:34:00,57.7625,57.7850,57.6400,57.6800,12665
2025-01-10 13:35:00,57.6400,57.7300,57.6300,57.7300,4909
2025-01-10 13:36:00,57.7000,57.7000,57.6600,57.6600,665
2025-01-10 13:37:00,57.6600,57.6900,57.6400,57.6600,1763
2025-01-10 13:38:00,57.6400,57.6400,57.5200,57.5433,4607
2025-01-10 13:39:00,57.5800,57.6400,57.5400,57.5400,7070
2025-01-10 13:40:00,57.5950,57.7000,57.5950,57.6700,1957
2025-01-10 13:41:00,57.5700,57.5700,57.5300,57.5300,1274
2025-01-10 13:42:00,57.5000,57.5000,57.4296,57.5000,1836
2025-01-10 13:43:00,57.5100,57.5100,57.4000,57.4450,4123
2025-01-10 13:44:00,57.4780,57.4900,57.3550,57.3550,3040
2025-01-10 13:45:00,57.3900,57.4900,57.3900,57.4400,1200
2025-01-10 13:46:00,57.4336,57.4500,57.3800,57.4300,6419
2025-01-10 13:47:00,57.3700,57.4000,57.3500,57.3800,3004
2025-01-10 13:48:00,57.3101,57.3200,57.2700,57.2700,2071
2025-01-10 13:49:00,57.3100,57.5000,57.3100,57.5000,5830
2025-01-10 13:50:00,57.5000,57.5000,57.4800,57.4800,1475
2025-01-10 13:51:00,57.4950,57.5900,57.4850,57.5900,3424
2025-01-10 13:52:00,57.6615,57.6615,57.4100,57.4200,5803
2025-01-10 13:53:00,57.3700,57.5300,57.3700,57.4845,2848
2025-01-10 13:54:00,57.5000,57.5448,57.4800,57.5400,1571
2025-01-10 13:55:00,57.4800,57.5700,57.4800,57.5350,4261
2025-01-10 13:56:00,57.5100,57.5400,57.4300,57.5350,3920
2025-01-10 13:57:00,57.5900,57.6000,57.5600,57.5950,3976
2025-01-10 13:58:00,57.6000,57.6000,57.3600,57.3800,4469
2025-01-10 13:59:00,57.4700,57.5100,57.4300,57.4500,2820
2025-01-10 14:00:00,57.4200,57.4200,57.4200,57.4200,883
2025-01-10 14:01:00,57.4530,57.4530,57.2700,57.2700,2978
2025-01-10 14:02:00,57.2800,57.2800,57.2050,57.2400,2774
2025-01-10 14:03:00,57.2450,57.2450,57.2100,57.2200,2814
2025-01-10 14:04:00,57.1700,57.1720,57.1111,57.1111,5234
2025-01-10 14:05:00,57.1100,57.1500,57.0100,57.0900,7884
2025-01-10 14:06:00,57.1100,57.1400,57.0407,57.0407,4566
2025-01-10 14:07:00,57.1300,57.1500,57.0500,57.1100,4713
2025-01-10 14:08:00,57.0900,57.1100,57.0500,57.0550,7068
2025-01-10 14:09:00,57.0000,57.0450,56.7800,56.8100,22394
2025-01-10 14:10:00,56.8000,56.9300,56.7800,56.8817,8760
2025-01-10 14:11:00,56.9700,57.2800,56.9700,57.2450,42405
2025-01-10 14:12:00,57.2450,57.3100,57.2304,57.2700,4544
2025-01-10 14:13:00,57.3000,57.3200,57.1800,57.2150,11400
2025-01-10 14:14:00,57.2200,57.3500,57.1800,57.2450,7807
2025-01-10 14:15:00,57.2450,57.3500,57.1600,57.1600,10487
2025-01-10 14:16:00,57.1400,57.2645,57.1300,57.2645,8606
2025-01-10 14:17:00,57.2900,57.3900,57.2800,57.2800,9281
2025-01-10 14:18:00,57.2800,57.4000,57.2300,57.3650,10947
2025-01-10 14:19:00,57.3650,57.3650,57.2900,57.2900,3477
2025-01-10 14:20:00,57.2900,57.3198,57.1100,57.1100,10309
2025-01-10 14:21:00,57.1400,57.1850,57.0400,57.1000,16693
2025-01-10 14:22:00,57.0900,57.0900,57.0000,57.0038,5591
2025-01-10 14:23:00,56.9950,57.0500,56.9500,57.0500,11654
2025-01-10 14:24:00,57.0600,57.1100,57.0301,57.0800,4400
2025-01-10 14:25:00,57.0800,57.1800,57.0800,57.1550,6239
2025-01-10 14:26:00,57.1800,57.3100,57.1550,57.2800,10826
2025-01-10 14:27:00,57.2800,57.4500,57.2800,57.4500,12931
2025-01-10 14:28:00,57.4500,57.4700,57.3950,57.4050,4972
2025-01-10 14:29:00,57.3900,57.4100,57.3225,57.3300,7295
2025-01-10 14:30:00,57.2800,57.3000,57.2500,57.3000,1631
2025-01-10 14:31:00,57.3000,57.3000,57.1700,57.2700,7852
2025-01-10 14:32:00,57.2950,57.4150,57.2950,57.4150,2100
2025-01-10 14:33:00,57.4200,57.4200,57.3300,57.3400,3090
2025-01-10 14:34:00,57.3400,57.3600,57.3000,57.3300,3593
2025-01-10 14:35:00,57.3000,57.3650,57.2900,57.3150,4662
2025-01-10 14:36:00,57.2800,57.2900,57.2000,57.2400,4809
2025-01-10 14:37:00,57.2400,57.3000,57.1700,57.1700,6006
2025-01-10 14:38:00,57.2700,57.3300,57.2700,57.3250,3503
2025-01-10 14:39:00,57.3000,57.4500,57.2900,57.4050,6187
2025-01-10 14:40:00,57.4450,57.5200,57.4450,57.5150,3669
2025-01-10 14:41:00,57.5150,57.5350,57.4900,57.4900,4112
2025-01-10 14:42:00,57.4900,57.5000,57.3900,57.3900,5738
2025-01-10 14:43:00,57.3900,57.5050,57.3600,57.5050,3225
2025-01-10 14:44:00,57.5050,57.5200,57.4700,57.4700,2414
2025-01-10 14:45:00,57.4650,57.4675,57.4200,57.4650,1648
2025-01-10 14:46:00,57.4200,57.4375,57.3900,57.3900,4803
2025-01-10 14:47:00,57.3400,57.6000,57.3000,57.6000,10885
2025-01-10 14:48:00,57.5800,57.6700,57.5700,57.6550,7619
2025-01-10 14:49:00,57.6800,57.7000,57.5800,57.5800,6954
2025-01-10 14:50:00,57.6000,57.6700,57.5800,57.6550,4970
2025-01-10 14:51:00,57.6400,57.6850,57.6400,57.6700,7380
2025-01-10 14:52:00,57.6600,57.7300,57.6200,57.7300,5986
2025-01-10 14:53:00,57.7600,57.8000,57.7600,57.7800,2470
2025-01-10 14:54:00,57.8000,57.8600,57.8000,57.8200,6018
2025-01-10 14:55:00,57.8500,57.8900,57.7800,57.8900,6708
2025-01-10 14:56:00,57.8950,57.8950,57.8500,57.8550,3534
2025-01-10 14:57:00,57.8200,57.8800,57.8200,57.8300,6605
2025-01-10 14:58:00,57.8350,57.8500,57.7900,57.8100,3265
2025-01-10 14:59:00,57.8400,57.8600,57.7801,57.8250,3198
2025-01-10 15:00:00,57.8250,57.8500,57.5800,57.6250,9674
2025-01-10 15:01:00,57.6250,57.7300,57.5711,57.7300,9608
2025-01-10 15:02:00,57.7238,57.8300,57.7131,57.8300,6121
2025-01-10 15:03:00,57.7739,57.8350,57.6800,57.7200,8588
2025-01-10 15:04:00,57.7150,57.7500,57.6500,57.6800,10182
2025-01-10 15:05:00,57.6600,57.7200,57.6600,57.7050,3822
2025-01-10 15:06:00,57.7050,57.7700,57.6900,57.6900,5126
2025-01-10 15:07:00,57.6900,57.7600,57.6900,57.6927,8809
2025-01-10 15:08:00,57.7100,57.8000,57.6800,57.8000,11697
2025-01-10 15:09:00,57.8000,57.8000,57.7500,57.7600,6331
2025-01-10 15:10:00,57.7800,57.8600,57.7800,57.7900,14277
2025-01-10 15:11:00,57.7423,57.7900,57.7200,57.7500,5397
2025-01-10 15:12:00,57.7500,57.7500,57.5300,57.6300,11587
2025-01-10 15:13:00,57.6250,57.6250,57.4600,57.4700,8139
2025-01-10 15:14:00,57.4400,57.4700,57.3650,57.3650,3947
2025-01-10 15:15:00,57.4500,57.5300,57.4200,57.5300,8435
2025-01-10 15:16:00,57.4900,57.4900,57.3200,57.3400,8287
2025-01-10 15:17:00,57.3250,57.4600,57.2600,57.4600,5871
2025-01-10 15:18:00,57.4300,57.5000,57.4100,57.5000,7119
2025-01-10 15:19:00,57.4800,57.5000,57.4300,57.4700,4834
2025-01-10 15:20:00,57.4800,57.5050,57.4700,57.4700,2626
2025-01-10 15:21:00,57.4436,57.5000,57.3700,57.4950,6287
2025-01-10 15:22:00,57.5200,57.5600,57.4600,57.5400,20975
2025-01-10 15:23:00,57.5700,57.5800,57.5300,57.5300,5196
2025-01-10 15:24:00,57.5450,57.6000,57.5000,57.5600,9553
2025-01-10 15:25:00,57.5600,57.6000,57.5200,57.5750,7881
2025-01-10 15:26:00,57.5500,57.6200,57.5400,57.6200,5035
2025-01-10 15:27:00,57.5660,57.5800,57.5100,57.5700,9116
2025-01-10 15:28:00,57.5700,57.6000,57.5600,57.5700,2191
2025-01-10 15:29:00,57.6000,57.6900,57.5800,57.6900,5596
2025-01-10 15:30:00,57.6600,57.6900,57.5900,57.6700,6693
2025-01-10 15:31:00,57.6225,57.6300,57.5000,57.5000,9816
2025-01-10 15:32:00,57.5400,57.5400,57.4700,57.5000,5268
2025-01-10 15:33:00,57.5100,57.5900,57.4850,57.5700,9140
2025-01-10 15:34:00,57.5700,57.6000,57.5200,57.5750,8359
2025-01-10 15:35:00,57.5900,57.7700,57.5600,57.7600,14950
2025-01-10 15:36:00,57.7700,57.8200,57.7600,57.7600,23916
2025-01-10 15:37:00,57.7700,57.7700,57.7000,57.7200,10548
2025-01-10 15:38:00,57.7700,57.8100,57.7500,57.7800,11049
2025-01-10 15:39:00,57.7800,57.7800,57.5300,57.5900,14767
2025-01-10 15:40:00,57.6100,57.7000,57.5800,57.7000,8564
2025-01-10 15:41:00,57.7000,57.7200,57.5700,57.6000,9370
2025-01-10 15:42:00,57.6000,57.6500,57.5950,57.6400,5684
2025-01-10 15:43:00,57.6500,57.7400,57.6400,57.7075,14585
2025-01-10 15:44:00,57.7100,57.7100,57.6400,57.6800,10063
2025-01-10 15:45:00,57.6800,57.6800,57.5800,57.5904,13971
2025-01-10 15:46:00,57.6100,57.6100,57.5000,57.5200,13768
2025-01-10 15:47:00,57.5100,57.5500,57.4400,57.5250,58173
2025-01-10 15:48:00,57.5300,57.5600,57.3800,57.4410,23591
2025-01-10 15:49:00,57.4900,57.6400,57.4800,57.5500,42556
2025-01-10 15:50:00,57.5400,57.5800,57.4000,57.5700,21406
2025-01-10 15:51:00,57.5900,57.6200,57.5300,57.5450,26602
2025-01-10 15:52:00,57.5600,57.6800,57.5400,57.6700,21251
2025-01-10 15:53:00,57.6500,57.7000,57.6100,57.6750,31939
2025-01-10 15:54:00,57.6800,57.7600,57.5400,57.5900,50892
2025-01-10 15:55:00,57.5500,57.5500,57.3300,57.3832,45526
2025-01-10 15:56:00,57.3900,57.6800,57.3750,57.6600,61195
2025-01-10 15:57:00,57.6600,57.7800,57.5800,57.7600,61437
2025-01-10 15:58:00,57.7500,57.7900,57.7150,57.7300,56145
2025-01-10 15:59:00,57.7300,57.8100,57.7100,57.7600,125591
2025-01-10 16:00:00,57.7600,57.7600,57.6700,57.6700,404899
2025-01-10 16:01:00,57.7400,58.0000,57.4000,57.7400,2071
2025-01-10 16:03:00,57.8000,57.8000,57.8000,57.8000,400
2025-01-10 16:04:00,57.8000,57.8000,57.8000,57.8000,1
2025-01-10 16:05:00,57.7400,57.7400,57.7400,57.7400,2
2025-01-10 16:06:00,57.7700,57.7700,57.7700,57.7700,15
2025-01-10 16:07:00,57.8000,57.8000,57.6000,57.6000,550
2025-01-10 16:08:00,57.6000,57.7000,57.6000,57.7000,75
2025-01-10 16:11:00,57.7500,57.7500,57.7500,57.7500,25
2025-01-10 16:13:00,57.5200,57.5200,57.5200,57.5200,59
2025-01-10 16:14:00,57.6800,57.7700,57.6800,57.7700,250
2025-01-10 16:15:00,57.7400,57.7400,57.7300,57.7300,51
2025-01-10 16:16:00,57.7300,57.7400,57.7300,57.7400,100
2025-01-10 16:19:00,57.4000,57.4000,57.4000,57.4000,1
2025-01-10 16:20:00,57.7000,57.7100,57.7000,57.7000,45
2025-01-10 16:21:00,57.7000,57.7000,57.7000,57.7000,22
2025-01-10 16:23:00,57.7200,57.7300,57.7200,57.7300,10
2025-01-10 16:24:00,57.5100,57.5100,57.5100,57.5100,5
2025-01-10 16:25:00,57.7100,57.7100,57.5700,57.5700,28
2025-01-10 16:28:00,57.6900,57.6900,57.6900,57.6900,1
2025-01-10 16:30:00,57.5100,57.5100,57.5100,57.5100,100
2025-01-10 16:31:00,57.7060,57.7060,57.7060,57.7060,25
2025-01-10 16:34:00,57.6900,57.6900,57.6900,57.6900,100
2025-01-10 16:35:00,57.5200,57.5200,57.5200,57.5200,5
2025-01-10 16:36:00,57.5200,57.5200,57.5200,57.5200,200
2025-01-10 16:45:00,57.5500,57.5500,57.5500,57.5500,500
2025-01-10 16:46:00,57.7700,57.7700,57.7700,57.7700,8
2025-01-10 16:49:00,57.5600,57.5600,57.5600,57.5600,10
2025-01-10 16:50:00,57.4200,57.4200,57.4200,57.4200,500
2025-01-10 16:52:00,57.4200,57.4200,57.4200,57.4200,200
2025-01-10 16:55:00,57.4700,57.4700,57.4200,57.4200,19
2025-01-10 16:56:00,57.4100,57.4100,57.4100,57.4100,25
2025-01-10 17:01:00,57.4200,57.4200,57.4200,57.4200,3
2025-01-10 17:10:00,57.7700,57.7700,57.4301,57.4301,6
2025-01-10 17:12:00,57.4400,57.4400,57.4400,57.4400,16
2025-01-10 17:13:00,57.6500,57.6500,57.6500,57.6500,25
2025-01-10 17:15:00,57.7700,57.7700,57.7700,57.7700,3
2025-01-10 17:21:00,57.6700,57.7000,57.6600,57.7000,293
2025-01-10 17:22:00,57.6300,57.6300,57.6300,57.6300,20
2025-01-10 17:25:00,57.6300,57.6700,57.6300,57.6700,8
2025-01-10 17:31:00,57.4500,57.4500,57.4500,57.4500,3
2025-01-10 17:36:00,57.4600,57.4600,57.4600,57.4600,10
2025-01-10 17:42:00,57.4300,57.4300,57.4300,57.4300,5
2025-01-10 17:45:00,57.7000,57.7000,57.7000,57.7000,15
2025-01-10 17:48:00,57.4300,57.4300,57.4300,57.4300,40
2025-01-10 17:53:00,57.7000,57.7000,57.7000,57.7000,31
2025-01-10 17:55:00,57.5600,57.5600,57.5600,57.5600,1
2025-01-10 18:02:00,57.5600,57.5600,57.5600,57.5600,4
2025-01-10 18:05:00,57.6500,57.6500,57.6500,57.6500,4
2025-01-10 18:06:00,57.5600,57.5600,57.5000,57.5000,101
2025-01-10 18:10:00,57.5000,57.5000,57.5000,57.5000,8
2025-01-10 18:14:00,57.4500,57.4500,57.4500,57.4500,200
2025-01-10 18:16:00,57.7000,57.7000,57.7000,57.7000,1
2025-01-10 18:25:00,57.6500,57.6500,57.6500,57.6500,2
2025-01-10 18:27:00,57.6500,57.6500,57.4600,57.4600,200
2025-01-10 18:28:00,57.6900,57.6900,57.6900,57.6900,7
2025-01-10 18:30:00,57.6900,57.6900,57.6900,57.6900,410
2025-01-10 18:31:00,57.6900,57.7000,57.6900,57.7000,95
2025-01-10 18:32:00,57.7000,57.7000,57.7000,57.7000,13
2025-01-10 18:34:00,57.4501,57.7000,57.4501,57.7000,35
2025-01-10 18:35:00,57.7000,57.7000,57.7000,57.7000,10
2025-01-10 18:36:00,57.7000,57.7000,57.7000,57.7000,5
2025-01-10 18:41:00,57.4500,57.4500,57.4500,57.4500,10
2025-01-10 18:48:00,57.6600,57.7100,57.6600,57.7100,302
2025-01-10 18:50:00,57.7400,57.7400,57.7400,57.7400,101
2025-01-10 18:52:00,57.4501,57.4501,57.4501,57.4501,1
2025-01-10 18:53:00,57.4600,57.7500,57.4500,57.6100,105
2025-01-10 18:55:00,57.4500,57.4600,57.4500,57.4600,5
2025-01-10 18:56:00,57.4501,57.4501,57.4501,57.4501,1
2025-01-10 18:57:00,57.4600,57.4600,57.4600,57.4600,62
2025-01-10 19:03:00,57.4600,57.4600,57.4600,57.4600,62
2025-01-10 19:06:00,57.6100,57.6100,57.6100,57.6100,10
2025-01-10 19:07:00,57.6100,57.6100,57.6100,57.6100,10
2025-01-10 19:08:00,57.6400,57.6400,57.6400,57.6400,100
2025-01-10 19:09:00,57.4500,57.4500,57.4500,57.4500,20
2025-01-10 19:13:00,57.4501,57.4501,57.4501,57.4501,25
2025-01-10 19:16:00,57.4900,57.5300,57.4900,57.5300,2
2025-01-10 19:20:00,57.4500,57.4500,57.4500,57.4500,14
2025-01-10 19:22:00,57.4600,57.4600,57.4600,57.4600,4
2025-01-10 19:23:00,57.4501,57.4501,57.4501,57.4501,3
2025-01-10 19:26:00,57.5000,57.5000,57.5000,57.5000,132
2025-01-10 19:27:00,57.4900,57.4900,57.4900,57.4900,16
2025-01-10 19:34:00,57.6900,57.6900,57.6900,57.6900,1
2025-01-10 19:35:00,57.4900,57.6900,57.4900,57.6900,260
2025-01-10 19:36:00,57.6900,57.6900,57.6900,57.6900,15
2025-01-10 19:37:00,57.6900,57.6900,57.6900,57.6900,5
2025-01-10 19:40:00,57.6000,57.6000,57.6000,57.6000,1
2025-01-10 19:41:00,57.6600,57.6600,57.6600,57.6600,6
2025-01-10 19:44:00,57.6000,57.6000,57.6000,57.6000,5
2025-01-10 19:45:00,57.6000,57.6000,57.6000,57.6000,10
2025-01-10 19:47:00,57.6900,57.6900,57.5500,57.6900,54
2025-01-10 19:49:00,57.6100,57.6100,57.6100,57.6100,17
2025-01-10 19:50:00,57.6100,57.6100,57.6100,57.6100,20
2025-01-10 19:51:00,57.6100,57.6100,57.6000,57.6000,73
2025-01-10 19:53:00,57.5900,57.5900,57.5900,57.5900,1
2025-01-10 19:55:00,57.4500,57.5900,57.4500,57.5900,3
2025-01-10 19:56:00,57.5800,57.5900,57.5800,57.5900,500
2025-01-10 19:58:00,57.5100,57.5100,57.5100,57.5100,5
2025-01-10 19:59:00,57.5200,57.5900,57.5200,57.5900,441
2025-01-13 04:00:00,56.4700,56.4700,56.0400,56.2800,16
2025-01-13 04:01:00,56.2800,56.2800,56.2800,56.2800,1
2025-01-13 04:02:00,56.2400,56.2400,56.2400,56.2400,8
2025-01-13 04:03:00,56.0100,56.0200,56.0000,56.0000,442
2025-01-13 04:04:00,55.9900,55.9900,55.7700,55.8000,1015
2025-01-13 04:05:00,56.0000,56.0000,56.0000,56.0000,1
2025-01-13 04:06:00,55.9200,56.0100,55.8200,55.8200,1008
2025-01-13 04:07:00,55.9600,55.9600,55.9600,55.9600,3
2025-01-13 04:09:00,55.8400,55.9800,55.8000,55.9800,2173
2025-01-13 04:14:00,56.1000,56.1700,56.1000,56.1700,300
2025-01-13 04:15:00,56.1500,56.1500,56.1000,56.1000,180
2025-01-13 04:16:00,56.1000,56.1000,56.1000,56.1000,2
2025-01-13 04:17:00,55.9900,56.1000,55.9900,56.0300,40
2025-01-13 04:18:00,56.0100,56.0100,55.9900,56.0000,272
2025-01-13 04:19:00,56.0000,56.0000,56.0000,56.0000,308
2025-01-13 04:20:00,56.0100,56.0100,55.9900,55.9900,292
2025-01-13 04:23:00,55.8000,55.8400,55.7900,55.8200,246
2025-01-13 04:25:00,55.7400,55.7400,55.7400,55.7400,50
2025-01-13 04:27:00,55.6500,55.6500,55.0000,55.0000,9905
2025-01-13 04:28:00,55.0000,55.1000,55.0000,55.0100,2940
2025-01-13 04:29:00,55.4800,55.9400,55.4800,55.9400,1000
2025-01-13 04:30:00,55.8000,55.8000,55.8000,55.8000,3
2025-01-13 04:36:00,55.2900,55.2900,55.2500,55.2500,100
2025-01-13 04:45:00,55.4800,55.5500,55.2800,55.3100,299
2025-01-13 04:46:00,55.5500,55.5500,55.5500,55.5500,1
2025-01-13 04:50:00,55.3500,55.5100,55.3500,55.5100,11
2025-01-13 04:51:00,55.5100,55.5100,55.5100,55.5100,1
2025-01-13 04:54:00,55.5000,55.5000,55.2800,55.3200,193
2025-01-13 04:55:00,55.3000,55.3200,55.2400,55.2700,405
2025-01-13 04:56:00,55.2500,55.2500,54.9700,54.9700,1555
2025-01-13 04:57:00,54.9700,54.9700,54.7900,54.8000,957
2025-01-13 04:59:00,54.9500,55.0000,54.9500,55.0000,105
2025-01-13 05:01:00,55.1900,55.5400,55.1400,55.5400,545
2025-01-13 05:07:00,55.2800,55.2800,55.2800,55.2800,62
2025-01-13 05:08:00,55.0300,55.2800,55.0300,55.2800,5
2025-01-13 05:11:00,55.0300,55.0300,55.0300,55.0300,6
2025-01-13 05:12:00,55.0100,55.0300,54.9600,55.0200,3479
2025-01-13 05:15:00,55.0800,55.0800,55.0800,55.0800,50
2025-01-13 05:16:00,55.0800,55.0800,55.0800,55.0800,100
2025-01-13 05:17:00,55.0800,55.2100,55.0500,55.2100,201
2025-01-13 05:20:00,55.0900,55.0900,55.0900,55.0900,7
2025-01-13 05:21:00,55.1500,55.2000,55.1500,55.1800,287
2025-01-13 05:22:00,55.1800,55.2700,55.1800,55.2700,3
2025-01-13 05:25:00,55.1800,55.1900,55.1300,55.1300,350
2025-01-13 05:26:00,55.1300,55.1900,55.1300,55.1900,210
2025-01-13 05:28:00,55.2600,55.2600,55.2600,55.2600,70
2025-01-13 05:29:00,55.3400,55.3400,55.2600,55.2700,82
2025-01-13 05:30:00,55.1500,55.4000,55.1500,55.4000,2358
2025-01-13 05:31:00,55.4500,55.5000,55.3500,55.5000,1237
2025-01-13 05:32:00,55.2600,55.2600,55.2600,55.2600,50
2025-01-13 05:34:00,55.5100,55.5400,55.5000,55.5400,857
2025-01-13 05:35:00,55.6400,55.6400,55.6400,55.6400,60
2025-01-13 05:36:00,55.5300,55.6400,55.5300,55.6400,200
2025-01-13 05:41:00,55.5600,55.5600,55.5600,55.5600,100
2025-01-13 05:45:00,55.6400,55.6500,55.6400,55.6500,100
2025-01-13 05:46:00,55.7000,55.7000,55.7000,55.7000,1
2025-01-13 05:47:00,55.7000,55.7000,55.7000,55.7000,100
2025-01-13 05:54:00,55.7000,55.7000,55.7000,55.7000,7
2025-01-13 05:55:00,55.7000,55.7000,55.7000,55.7000,10
2025-01-13 05:57:00,55.6000,55.6000,55.5500,55.5500,100
2025-01-13 06:03:00,55.6400,55.6400,55.6000,55.6000,640
2025-01-13 06:05:00,55.6100,55.7000,55.6000,55.7000,359
2025-01-13 06:06:00,55.5700,55.5700,55.5400,55.5400,380
2025-01-13 06:10:00,55.6100,55.6100,55.6100,55.6100,1
2025-01-13 06:11:00,55.5400,55.5400,55.5400,55.5400,31
2025-01-13 06:13:00,55.5400,55.5400,55.5300,55.5300,110
2025-01-13 06:15:00,55.6000,55.6100,55.6000,55.6100,57
2025-01-13 06:17:00,55.5600,55.5600,55.5600,55.5600,4
2025-01-13 06:18:00,55.6100,55.6100,55.6100,55.6100,20
2025-01-13 06:19:00,55.5500,55.5500,55.5500,55.5500,70
2025-01-13 06:21:00,55.6000,55.6000,55.5500,55.5500,170
2025-01-13 06:22:00,55.5500,55.5500,55.5500,55.5500,30
2025-01-13 06:24:00,55.6100,55.6100,55.6100,55.6100,1
2025-01-13 06:29:00,55.5500,55.5500,55.1500,55.1500,1450
2025-01-13 06:32:00,55.1600,55.1600,55.1600,55.1600,178
2025-01-13 06:37:00,55.2000,55.2000,55.1600,55.1600,187
2025-01-13 06:38:00,55.2100,55.2800,55.1600,55.1800,1078
2025-01-13 06:39:00,55.2100,55.4800,55.2100,55.4700,381
2025-01-13 06:40:00,55.4700,55.5200,55.4700,55.4700,450
2025-01-13 06:42:00,55.3800,55.3800,55.3800,55.3800,30
2025-01-13 06:46:00,55.4700,55.5500,55.4700,55.5500,1164
2025-01-13 06:47:00,55.5100,55.6300,55.5000,55.6300,402
2025-01-13 06:48:00,55.6100,55.6100,55.6100,55.6100,2
2025-01-13 06:52:00,55.6000,55.6500,55.5400,55.6500,205
2025-01-13 06:57:00,55.6600,55.6600,55.6600,55.6600,1
2025-01-13 06:58:00,55.6000,55.6000,55.6000,55.6000,46
2025-01-13 06:59:00,55.6100,55.6100,55.6000,55.6000,4
2025-01-13 07:00:00,55.6100,55.7200,55.6000,55.6600,245
2025-01-13 07:03:00,55.6600,55.6600,55.6600,55.6600,2
2025-01-13 07:04:00,55.5500,55.6600,55.5000,55.6500,680
2025-01-13 07:06:00,55.5200,55.5200,55.4900,55.4900,550
2025-01-13 07:07:00,55.4800,55.4800,55.4700,55.4700,34
2025-01-13 07:08:00,55.5000,55.5000,55.4000,55.4000,55
2025-01-13 07:10:00,55.3700,55.3700,55.3700,55.3700,20
2025-01-13 07:12:00,55.4100,55.4100,55.4000,55.4000,36
2025-01-13 07:13:00,55.4000,55.4100,55.4000,55.4100,100
2025-01-13 07:19:00,55.3500,55.3900,55.3500,55.3900,18
2025-01-13 07:21:00,55.4700,55.5100,55.4700,55.5100,840
2025-01-13 07:22:00,55.5100,55.5100,55.5100,55.5100,62
2025-01-13 07:23:00,55.5500,55.6500,55.5500,55.6500,743
2025-01-13 07:24:00,55.6700,55.6800,55.6600,55.6800,404
2025-01-13 07:26:00,55.6000,55.6000,55.5500,55.5500,5005
2025-01-13 07:27:00,55.5400,55.5400,55.5400,55.5400,40
2025-01-13 07:28:00,55.5000,55.6000,55.5000,55.6000,960
2025-01-13 07:29:00,55.5000,55.5300,55.4000,55.4000,2583
2025-01-13 07:30:00,55.4000,55.4000,55.3900,55.3900,3113
2025-01-13 07:31:00,55.4000,55.4500,55.3900,55.4500,2090
2025-01-13 07:33:00,55.4000,55.4500,55.3800,55.3900,1252
2025-01-13 07:34:00,55.3900,55.3900,55.3900,55.3900,2
2025-01-13 07:35:00,55.3600,55.3900,55.3500,55.3900,985
2025-01-13 07:36:00,55.3900,55.4000,55.3200,55.3200,73
2025-01-13 07:37:00,55.4000,55.4600,55.3800,55.4100,585
2025-01-13 07:38:00,55.3800,55.5500,55.3800,55.5500,1930
2025-01-13 07:39:00,55.5000,55.6500,55.5000,55.6100,3560
2025-01-13 07:40:00,55.6500,55.6500,55.6500,55.6500,57
2025-01-13 07:42:00,55.7500,55.7900,55.7500,55.7900,526
2025-01-13 07:46:00,55.8200,55.8200,55.8200,55.8200,1
2025-01-13 07:48:00,55.6500,55.6500,55.6100,55.6100,51
2025-01-13 07:49:00,55.6200,55.6200,55.6200,55.6200,2
2025-01-13 07:52:00,55.6400,55.6500,55.6100,55.6100,1380
2025-01-13 07:53:00,55.6800,55.6900,55.6500,55.6500,82
2025-01-13 07:56:00,55.6000,55.6000,55.6000,55.6000,200
2025-01-13 07:57:00,55.5500,55.5500,55.4900,55.5100,2522
2025-01-13 07:58:00,55.5000,55.5100,55.5000,55.5100,2743
2025-01-13 07:59:00,55.4500,55.4800,55.4400,55.4500,56
2025-01-13 08:00:00,55.7500,56.5700,55.0500,55.4300,16551
2025-01-13 08:01:00,55.6000,55.6000,55.5000,55.5000,107
2025-01-13 08:02:00,55.5000,55.5800,55.5000,55.5000,225
2025-01-13 08:03:00,55.5000,55.5000,55.3550,55.4100,37
2025-01-13 08:04:00,55.5000,55.5000,55.3080,55.3080,174
2025-01-13 08:05:00,55.2660,55.5800,55.2660,55.4800,765
2025-01-13 08:07:00,55.4800,55.4800,55.2743,55.2743,90
2025-01-13 08:09:00,55.5800,55.5800,55.4300,55.5800,41
2025-01-13 08:10:00,55.4900,55.5800,55.2968,55.2968,1422
2025-01-13 08:11:00,55.6400,55.8000,55.6400,55.8000,239
2025-01-13 08:13:00,55.7000,55.7000,55.6900,55.6900,90
2025-01-13 08:14:00,55.8000,55.8000,55.8000,55.8000,1
2025-01-13 08:16:00,55.8065,55.8100,55.8065,55.8100,7
2025-01-13 08:17:00,55.5800,55.8200,55.5500,55.5500,1102
2025-01-13 08:18:00,55.7000,55.7700,55.7000,55.7700,10
2025-01-13 08:19:00,55.5020,56.0000,55.5020,56.0000,1867
2025-01-13 08:21:00,56.0000,56.0000,56.0000,56.0000,100
2025-01-13 08:23:00,55.9878,55.9878,55.9878,55.9878,2
2025-01-13 08:25:00,55.9400,55.9500,55.9400,55.9500,5
2025-01-13 08:26:00,55.7100,55.7100,55.7100,55.7100,80
2025-01-13 08:28:00,55.9500,55.9500,55.9500,55.9500,4
2025-01-13 08:31:00,55.9100,55.9100,55.8500,55.8500,2
2025-01-13 08:33:00,55.6000,55.6000,55.6000,55.6000,65
2025-01-13 08:34:00,55.7200,55.7300,55.7200,55.7300,52
2025-01-13 08:35:00,55.9123,55.9123,55.5302,55.5302,105
2025-01-13 08:36:00,55.6200,55.6200,55.6200,55.6200,11
2025-01-13 08:37:00,55.5210,55.5210,55.5210,55.5210,25
2025-01-13 08:39:00,55.8500,55.8600,55.8500,55.8600,14
2025-01-13 08:40:00,55.7000,55.7100,55.5200,55.6500,154
2025-01-13 08:44:00,55.6500,55.6500,55.6500,55.6500,19
2025-01-13 08:45:00,55.6600,55.6600,55.5200,55.5200,6
2025-01-13 08:47:00,55.8000,55.8000,55.6000,55.6000,147
2025-01-13 08:49:00,55.5800,55.6100,55.5800,55.6100,21
2025-01-13 08:50:00,55.5270,55.5270,55.5270,55.5270,9
2025-01-13 08:51:00,55.5900,55.6200,55.5900,55.6200,2
2025-01-13 08:52:00,55.6000,55.6800,55.5900,55.5900,9
2025-01-13 08:53:00,55.7400,55.7400,55.6300,55.7100,58
2025-01-13 08:54:00,55.7100,55.7100,55.6122,55.6122,93
2025-01-13 08:56:00,55.6300,55.6300,55.5977,55.5977,505
2025-01-13 08:57:00,55.6050,55.6400,55.6050,55.6300,543
2025-01-13 08:58:00,55.6900,55.6900,55.6200,55.6200,11
2025-01-13 09:00:00,55.6200,55.6200,55.6200,55.6200,5
2025-01-13 09:01:00,55.5900,55.6200,55.5100,55.5300,2102
2025-01-13 09:02:00,55.5000,55.5500,55.5000,55.5400,332
2025-01-13 09:03:00,55.5700,55.5800,55.5700,55.5800,65
2025-01-13 09:04:00,55.6047,55.6047,55.6000,55.6000,815
2025-01-13 09:05:00,55.6116,55.6200,55.6000,55.6000,1636
2025-01-13 09:06:00,55.6100,55.6100,55.5500,55.5500,249
2025-01-13 09:07:00,55.5800,55.5800,55.5500,55.5500,100
2025-01-13 09:08:00,55.5600,55.7838,55.5600,55.7838,850
2025-01-13 09:09:00,55.5600,55.6000,55.5500,55.6000,238
2025-01-13 09:10:00,55.5500,55.5800,55.5400,55.5400,731
2025-01-13 09:11:00,55.5499,55.5500,55.5499,55.5500,260
2025-01-13 09:12:00,55.5500,55.5500,55.5300,55.5300,785
2025-01-13 09:13:00,55.5400,55.5500,55.5400,55.5500,200
2025-01-13 09:15:00,55.6000,55.6000,55.5200,55.5200,200
2025-01-13 09:16:00,55.6500,55.6500,55.6500,55.6500,50
2025-01-13 09:17:00,55.6100,55.7900,55.6000,55.7841,188
2025-01-13 09:18:00,55.6100,55.6100,55.6100,55.6100,100
2025-01-13 09:19:00,55.7828,55.7828,55.7828,55.7828,20
2025-01-13 09:20:00,55.6400,55.6400,55.6400,55.6400,60
2025-01-13 09:21:00,55.6500,55.7000,55.6500,55.7000,8
2025-01-13 09:22:00,55.6000,55.6000,55.6000,55.6000,100
2025-01-13 09:23:00,55.6800,55.7848,55.5072,55.5072,368
2025-01-13 09:24:00,55.7900,55.7900,55.6000,55.6000,70
2025-01-13 09:25:00,55.6000,55.6000,55.5000,55.5000,1219
2025-01-13 09:26:00,55.5000,55.5300,55.2900,55.3100,10222
2025-01-13 09:27:00,55.3000,55.3000,55.2000,55.2000,2338
2025-01-13 09:28:00,55.2100,55.2100,55.2100,55.2100,8
2025-01-13 09:29:00,55.2100,55.4400,55.2100,55.4400,107
2025-01-13 09:30:00,55.3900,56.0000,55.3700,55.6700,116817
2025-01-13 09:31:00,55.6700,56.0000,55.2200,56.0000,47116
2025-01-13 09:32:00,55.8922,56.3900,55.8100,55.8400,31917
2025-01-13 09:33:00,56.0400,56.2400,55.6800,56.1450,26972
2025-01-13 09:34:00,56.1700,56.2000,55.3600,55.5050,43765
2025-01-13 09:35:00,55.6100,56.0000,55.5711,55.8300,40770
2025-01-13 09:36:00,55.7900,56.0650,55.7600,56.0000,28040
2025-01-13 09:37:00,55.8550,55.9850,55.5500,55.7050,28890
2025-01-13 09:38:00,55.7600,55.9500,55.3750,55.4700,48617
2025-01-13 09:39:00,55.4721,55.7000,55.3700,55.4200,39284
2025-01-13 09:40:00,55.3500,55.4450,55.2000,55.3600,18695
2025-01-13 09:41:00,55.4600,55.6150,55.2900,55.3162,9300
2025-01-13 09:42:00,55.4000,55.7200,55.3135,55.7100,14053
2025-01-13 09:43:00,55.6254,56.1499,55.5900,56.0250,22121
2025-01-13 09:44:00,56.1000,56.2800,55.7300,56.1850,31814
2025-01-13 09:45:00,56.1850,56.3000,56.0200,56.1000,27196
2025-01-13 09:46:00,56.0304,56.0600,55.6500,55.7150,22813
2025-01-13 09:47:00,55.8100,55.9421,55.7500,55.9350,9190
2025-01-13 09:48:00,55.8500,56.3100,55.8500,56.3100,33889
2025-01-13 09:49:00,56.3135,56.7900,56.3135,56.5001,33221
2025-01-13 09:50:00,56.5400,56.6600,56.4000,56.6600,34927
2025-01-13 09:51:00,56.6264,57.0000,56.5800,57.0000,14799
2025-01-13 09:52:00,57.0000,57.1800,56.9500,57.1300,27497
2025-01-13 09:53:00,57.1600,57.2800,56.9200,56.9600,17647
2025-01-13 09:54:00,56.9600,57.4262,56.9600,57.3700,25837
2025-01-13 09:55:00,57.3550,57.3803,57.1100,57.2300,24433
2025-01-13 09:56:00,57.1850,57.5999,57.1502,57.5245,33201
2025-01-13 09:57:00,57.4400,57.4700,57.3200,57.4194,9231
2025-01-13 09:58:00,57.4200,57.4700,57.2400,57.2521,12647
2025-01-13 09:59:00,57.3400,57.4700,57.1800,57.3300,8251
2025-01-13 10:00:00,57.3300,57.3300,57.1800,57.2700,10411
2025-01-13 10:01:00,57.3200,57.4300,57.1361,57.3200,13083
2025-01-13 10:02:00,57.4100,57.4800,57.2929,57.3800,9595
2025-01-13 10:03:00,57.3850,57.5000,57.3050,57.3050,7286
2025-01-13 10:04:00,57.2679,57.4100,57.1100,57.1600,13667
2025-01-13 10:05:00,57.0900,57.2600,56.9300,57.1850,11224
2025-01-13 10:06:00,57.2200,57.3649,57.1600,57.3649,20329
2025-01-13 10:07:00,57.4100,57.6000,57.3042,57.4008,16914
2025-01-13 10:08:00,57.4000,57.5000,57.2900,57.5000,5203
2025-01-13 10:09:00,57.4800,57.4800,56.8300,56.9200,12326
2025-01-13 10:10:00,56.9600,56.9600,56.7300,56.7300,5024
2025-01-13 10:11:00,56.6100,56.9800,56.6000,56.8200,9448
2025-01-13 10:12:00,56.7900,56.8500,56.6500,56.8300,6702
2025-01-13 10:13:00,56.7700,56.9500,56.7400,56.8200,7987
2025-01-13 10:14:00,56.8200,56.9899,56.8200,56.9117,8633
2025-01-13 10:15:00,56.8500,56.9400,56.6913,56.6913,7281
2025-01-13 10:16:00,56.6800,56.9000,56.6000,56.8200,6579
2025-01-13 10:17:00,56.8200,56.9000,56.7200,56.9000,3470
2025-01-13 10:18:00,56.9400,57.0150,56.7900,57.0150,4785
2025-01-13 10:19:00,56.9100,57.0800,56.8600,56.9450,4516
2025-01-13 10:20:00,57.0100,57.2600,56.9000,57.0800,4923
2025-01-13 10:21:00,57.2350,57.2350,57.0600,57.1350,6947
2025-01-13 10:22:00,57.1350,57.1350,56.8055,56.8055,11141
2025-01-13 10:23:00,56.7600,56.9099,56.4500,56.4500,13985
2025-01-13 10:24:00,56.3800,56.3800,56.1700,56.3700,7214
2025-01-13 10:25:00,56.3700,56.4500,56.0247,56.1250,4959
2025-01-13 10:26:00,56.1250,56.1900,55.9700,56.0200,9897
2025-01-13 10:27:00,56.1000,56.1800,55.9500,56.1050,4646
2025-01-13 10:28:00,56.1000,56.1050,55.9860,56.0800,13604
2025-01-13 10:29:00,56.0850,56.1500,55.9590,56.0200,12520
2025-01-13 10:30:00,55.9550,56.1600,55.9000,56.1600,19926
2025-01-13 10:31:00,56.2900,56.3641,56.2300,56.2500,6373
2025-01-13 10:32:00,56.2750,56.4245,56.1640,56.3400,6528
2025-01-13 10:33:00,56.3400,56.4200,56.3200,56.3200,6816
2025-01-13 10:34:00,56.2900,56.3300,56.2200,56.3000,9346
2025-01-13 10:35:00,56.2900,56.3900,56.2900,56.3462,6143
2025-01-13 10:36:00,56.4000,56.4400,56.3268,56.4100,5000
2025-01-13 10:37:00,56.3987,56.5000,56.3987,56.5000,6733
2025-01-13 10:38:00,56.5300,56.5800,56.4800,56.5800,9260
2025-01-13 10:39:00,56.6300,56.7700,56.6300,56.6303,7219
2025-01-13 10:40:00,56.6900,56.9400,56.6450,56.6750,5779
2025-01-13 10:41:00,56.7000,56.7000,56.5500,56.6425,11691
2025-01-13 10:42:00,56.6350,56.7500,56.5661,56.7450,23637
2025-01-13 10:43:00,56.6300,56.7550,56.6300,56.6900,5083
2025-01-13 10:44:00,56.7800,56.9500,56.7800,56.8300,5780
2025-01-13 10:45:00,56.8600,57.0000,56.8600,56.9450,3887
2025-01-13 10:46:00,56.9400,57.0842,56.7900,57.0842,5710
2025-01-13 10:47:00,57.0009,57.2300,56.9900,57.2200,34341
2025-01-13 10:48:00,57.2200,57.2200,56.9819,57.0201,9644
2025-01-13 10:49:00,57.1200,57.1700,57.0000,57.1500,9011
2025-01-13 10:50:00,57.1850,57.2800,57.1200,57.2500,7602
2025-01-13 10:51:00,57.1201,57.2600,57.1200,57.2000,8780
2025-01-13 10:52:00,57.2000,57.2000,56.9213,57.0100,6561
2025-01-13 10:53:00,57.0100,57.0800,56.9400,56.9700,9819
2025-01-13 10:54:00,57.0400,57.0500,56.8500,56.9150,12247
2025-01-13 10:55:00,56.9118,57.0100,56.8300,56.8300,6058
2025-01-13 10:56:00,56.8500,56.9099,56.7400,56.8301,8843
2025-01-13 10:57:00,56.7700,56.7700,56.5800,56.5900,13408
2025-01-13 10:58:00,56.5900,56.7200,56.4700,56.5150,6559
2025-01-13 10:59:00,56.5150,56.5300,56.4400,56.4900,8766
2025-01-13 11:00:00,56.4900,56.4982,56.2500,56.2500,14663
2025-01-13 11:01:00,56.2300,56.4800,56.2300,56.4050,16378
2025-01-13 11:02:00,56.4700,56.4700,56.2200,56.2200,11106
2025-01-13 11:03:00,56.2900,56.4000,56.2850,56.3561,14889
2025-01-13 11:04:00,56.4000,56.4300,56.2562,56.2950,4875
2025-01-13 11:05:00,56.2558,56.3100,56.2100,56.2100,6383
2025-01-13 11:06:00,56.2000,56.2200,56.1375,56.2000,5455
2025-01-13 11:07:00,56.1750,56.2199,56.1200,56.1201,9143
2025-01-13 11:08:00,56.1500,56.2100,56.0900,56.1150,11243
2025-01-13 11:09:00,56.1300,56.2300,56.0300,56.1634,10163
2025-01-13 11:10:00,56.1650,56.2600,56.1000,56.1800,12760
2025-01-13 11:11:00,56.1800,56.1800,56.0000,56.0500,10096
2025-01-13 11:12:00,56.0800,56.1900,56.0650,56.1400,9895
2025-01-13 11:13:00,56.1000,56.1000,55.9100,56.0099,28525
2025-01-13 11:14:00,55.9500,56.1500,55.9080,56.0701,12829
2025-01-13 11:15:00,56.0800,56.2300,56.0300,56.1866,10152
2025-01-13 11:16:00,56.1800,56.2400,56.1380,56.1380,4514
2025-01-13 11:17:00,56.1800,56.2100,55.9000,55.9000,11368
2025-01-13 11:18:00,55.9400,56.1000,55.9386,56.0760,9371
2025-01-13 11:19:00,56.1050,56.3600,56.1050,56.3600,9641
2025-01-13 11:20:00,56.3600,56.5400,56.2728,56.5099,17120
2025-01-13 11:21:00,56.4008,56.5100,56.2900,56.3207,9515
2025-01-13 11:22:00,56.3219,56.4700,56.3214,56.4700,7291
2025-01-13 11:23:00,56.5100,56.5587,56.4413,56.5500,6606
2025-01-13 11:24:00,56.4665,56.4800,56.2900,56.2900,15611
2025-01-13 11:25:00,56.3200,56.4250,56.2876,56.4250,4344
2025-01-13 11:26:00,56.4800,56.5000,56.3000,56.3900,11496
2025-01-13 11:27:00,56.3100,56.4250,56.3000,56.3900,3524
2025-01-13 11:28:00,56.3835,56.5500,56.3100,56.5050,6317
2025-01-13 11:29:00,56.5500,56.5800,56.5100,56.5300,4839
2025-01-13 11:30:00,56.5900,56.7650,56.5100,56.7650,16816
2025-01-13 11:31:00,56.7300,56.8700,56.6647,56.8700,9461
2025-01-13 11:32:00,56.7900,56.8000,56.7100,56.7906,5284
2025-01-13 11:33:00,56.7925,56.9100,56.7500,56.7950,8285
2025-01-13 11:34:00,56.7800,56.8800,56.7200,56.8800,8409
2025-01-13 11:35:00,56.7950,56.9700,56.7950,56.8880,6878
2025-01-13 11:36:00,56.9900,57.0000,56.8400,56.8550,14884
2025-01-13 11:37:00,56.8450,56.8600,56.7700,56.8041,4679
2025-01-13 11:38:00,56.8200,56.8600,56.7700,56.8600,2272
2025-01-13 11:39:00,56.8100,56.8100,56.6600,56.6600,2814
2025-01-13 11:40:00,56.6100,56.8300,56.6100,56.8100,11664
2025-01-13 11:41:00,56.8150,56.9300,56.8150,56.8950,5255
2025-01-13 11:42:00,56.8400,56.8850,56.7335,56.7335,8378
2025-01-13 11:43:00,56.7050,56.7600,56.7000,56.7000,4396
2025-01-13 11:44:00,56.7450,56.7450,56.6100,56.6200,6788
2025-01-13 11:45:00,56.6100,56.6600,56.5650,56.6300,4482
2025-01-13 11:46:00,56.6750,56.6800,56.6300,56.6448,1680
2025-01-13 11:47:00,56.7600,56.7820,56.7300,56.7300,5217
2025-01-13 11:48:00,56.6800,56.6880,56.6100,56.6100,4917
2025-01-13 11:49:00,56.6300,56.7100,56.5900,56.6400,4312
2025-01-13 11:50:00,56.5700,56.6400,56.5700,56.6350,2605
2025-01-13 11:51:00,56.5705,56.6999,56.5300,56.6208,9808
2025-01-13 11:52:00,56.5800,56.6400,56.5450,56.5700,8400
2025-01-13 11:53:00,56.5999,56.5999,56.4200,56.4200,6185
2025-01-13 11:54:00,56.4500,56.4700,56.3800,56.4300,4369
2025-01-13 11:55:00,56.3600,56.3600,56.1900,56.2100,4707
2025-01-13 11:56:00,56.1636,56.2450,56.1500,56.2350,3482
2025-01-13 11:57:00,56.1600,56.2450,56.1501,56.2450,7458
2025-01-13 11:58:00,56.1837,56.2500,56.1100,56.1500,6185
2025-01-13 11:59:00,56.2300,56.2500,56.0000,56.0200,12013
2025-01-13 12:00:00,56.0100,56.0200,55.8046,55.8775,32993
2025-01-13 12:01:00,55.9600,55.9700,55.7600,55.7800,23105
2025-01-13 12:02:00,55.7695,56.1100,55.7695,56.0400,13820
2025-01-13 12:03:00,56.0284,56.2000,55.9700,56.2000,16270
2025-01-13 12:04:00,56.1201,56.1700,56.0400,56.0450,6042
2025-01-13 12:05:00,56.0600,56.1100,55.9600,56.0796,14265
2025-01-13 12:06:00,56.0652,56.1500,56.0652,56.0700,9738
2025-01-13 12:07:00,56.1050,56.3200,56.1050,56.3050,8932
2025-01-13 12:08:00,56.3000,56.4917,56.2200,56.2550,13679
2025-01-13 12:09:00,56.2900,56.4300,56.2900,56.3400,6747
2025-01-13 12:10:00,56.3400,56.3400,56.2500,56.2899,8083
2025-01-13 12:11:00,56.2900,56.4400,56.2900,56.3850,11508
2025-01-13 12:12:00,56.3798,56.5400,56.3300,56.4150,10740
2025-01-13 12:13:00,56.4150,56.4700,56.2700,56.3500,22722
2025-01-13 12:14:00,56.3400,56.5300,56.3100,56.5000,7155
2025-01-13 12:15:00,56.5700,56.8000,56.4707,56.7827,27394
2025-01-13 12:16:00,56.6849,56.7300,56.5901,56.6100,9649
2025-01-13 12:17:00,56.6400,56.6450,56.5500,56.5750,8817
2025-01-13 12:18:00,56.5645,56.7400,56.5400,56.7100,10828
2025-01-13 12:19:00,56.7700,56.9400,56.6966,56.9400,12192
2025-01-13 12:20:00,56.8900,56.9800,56.8500,56.9300,10530
2025-01-13 12:21:00,56.9400,56.9900,56.9107,56.9900,5798
2025-01-13 12:22:00,56.9450,57.0300,56.9436,57.0300,6077
2025-01-13 12:23:00,57.0400,57.0400,56.9000,56.9600,8881
2025-01-13 12:24:00,56.9321,57.0500,56.9321,57.0400,22742
2025-01-13 12:25:00,57.0500,57.2000,57.0100,57.2000,13354
2025-01-13 12:26:00,57.1500,57.4000,57.0600,57.3900,37487
2025-01-13 12:27:00,57.3928,57.4500,57.2800,57.3500,29681
2025-01-13 12:28:00,57.3447,57.3450,57.2800,57.3100,7801
2025-01-13 12:29:00,57.3800,57.4500,57.3200,57.3920,10164
2025-01-13 12:30:00,57.3300,57.3900,57.2381,57.3500,11890
2025-01-13 12:31:00,57.3100,57.4000,57.2700,57.2900,9448
2025-01-13 12:32:00,57.3200,57.3835,57.2900,57.3700,3061
2025-01-13 12:33:00,57.3700,57.4200,57.2900,57.3775,5312
2025-01-13 12:34:00,57.3700,57.4400,57.3000,57.3650,5536
2025-01-13 12:35:00,57.4099,57.4099,57.1176,57.1727,10165
2025-01-13 12:36:00,57.0800,57.3050,57.0800,57.3050,17351
2025-01-13 12:37:00,57.3050,57.3400,57.2600,57.2600,3828
2025-01-13 12:38:00,57.2400,57.2400,57.1630,57.2300,905
2025-01-13 12:39:00,57.0900,57.1300,57.0900,57.0953,3806
2025-01-13 12:40:00,57.0900,57.3000,57.0900,57.3000,4666
2025-01-13 12:41:00,57.2250,57.2500,57.1500,57.2050,4455
2025-01-13 12:42:00,57.2050,57.2050,57.1500,57.1600,6960
2025-01-13 12:43:00,57.1550,57.1550,57.0200,57.0550,12287
2025-01-13 12:44:00,57.0900,57.1700,57.0501,57.1700,10905
2025-01-13 12:45:00,57.1050,57.3700,57.1050,57.3700,7383
2025-01-13 12:46:00,57.3200,57.4300,57.2550,57.4300,9105
2025-01-13 12:47:00,57.3777,57.4300,57.3300,57.4300,4899
2025-01-13 12:48:00,57.4300,57.6300,57.4200,57.6100,22572
2025-01-13 12:49:00,57.6300,57.6300,57.5063,57.5500,6087
2025-01-13 12:50:00,57.5400,57.7800,57.5100,57.7400,19158
2025-01-13 12:51:00,57.7450,57.7500,57.6300,57.6356,8832
2025-01-13 12:52:00,57.7100,57.7900,57.6500,57.6800,28116
2025-01-13 12:53:00,57.6600,57.7115,57.6100,57.6800,9037
2025-01-13 12:54:00,57.7099,57.7099,57.5300,57.5300,8883
2025-01-13 12:55:00,57.5800,57.6000,57.5600,57.5750,3556
2025-01-13 12:56:00,57.5300,57.5322,57.4300,57.4600,7444
2025-01-13 12:57:00,57.4900,57.6200,57.4900,57.6000,4995
2025-01-13 12:58:00,57.6300,57.7300,57.6000,57.6000,7136
2025-01-13 12:59:00,57.6900,57.7100,57.6171,57.6600,6891
2025-01-13 13:00:00,57.6550,57.6700,57.5400,57.6000,5670
2025-01-13 13:01:00,57.6800,57.7500,57.6000,57.7340,9843
2025-01-13 13:02:00,57.7450,57.7900,57.6500,57.6500,5123
2025-01-13 13:03:00,57.7499,57.7500,57.6686,57.6686,2858
2025-01-13 13:04:00,57.7300,57.8000,57.6900,57.7200,8553
2025-01-13 13:05:00,57.7100,57.7200,57.5400,57.5400,8975
2025-01-13 13:06:00,57.5775,57.6400,57.5000,57.5700,3397
2025-01-13 13:07:00,57.5700,57.5700,57.5000,57.5500,1537
2025-01-13 13:08:00,57.5800,57.6100,57.5700,57.5850,6102
2025-01-13 13:09:00,57.5750,57.5750,57.5300,57.5500,4708
2025-01-13 13:10:00,57.6000,57.6400,57.5505,57.6171,3902
2025-01-13 13:11:00,57.6900,57.6900,57.5900,57.6050,4154
2025-01-13 13:12:00,57.6150,57.6150,57.5700,57.6100,2560
2025-01-13 13:13:00,57.5901,57.5901,57.5050,57.5050,4783
2025-01-13 13:14:00,57.5000,57.5000,57.4850,57.4850,1242
2025-01-13 13:15:00,57.4400,57.4700,57.4000,57.4450,16609
2025-01-13 13:16:00,57.4500,57.4900,57.4055,57.4497,6347
2025-01-13 13:17:00,57.4500,57.4500,57.2800,57.3350,7532
2025-01-13 13:18:00,57.3250,57.3250,57.2800,57.3000,1749
2025-01-13 13:19:00,57.3100,57.3500,57.3000,57.3500,1485
2025-01-13 13:20:00,57.3100,57.3300,57.2800,57.2800,1031
2025-01-13 13:21:00,57.3400,57.3800,57.3400,57.3800,2112
2025-01-13 13:22:00,57.3350,57.3350,57.2430,57.3025,1324
2025-01-13 13:23:00,57.3400,57.4000,57.2884,57.3450,4167
2025-01-13 13:24:00,57.2900,57.3550,57.2900,57.3200,3579
2025-01-13 13:25:00,57.4000,57.4200,57.3300,57.3524,5881
2025-01-13 13:26:00,57.4250,57.4600,57.3800,57.4300,2507
2025-01-13 13:27:00,57.4300,57.4300,57.3450,57.3450,4237
2025-01-13 13:28:00,57.2900,57.3450,57.2900,57.2900,2422
2025-01-13 13:29:00,57.2900,57.4000,57.2900,57.4000,3843
2025-01-13 13:30:00,57.4100,57.5300,57.4100,57.4800,6127
2025-01-13 13:31:00,57.4700,57.4700,57.3104,57.3104,4534
2025-01-13 13:32:00,57.3100,57.3999,57.2618,57.3999,3684
2025-01-13 13:33:00,57.2715,57.4000,57.2715,57.2828,4992
2025-01-13 13:34:00,57.3600,57.4200,57.3501,57.4200,3655
2025-01-13 13:35:00,57.4200,57.4700,57.4200,57.4550,4648
2025-01-13 13:36:00,57.4200,57.4600,57.3950,57.3950,4572
2025-01-13 13:37:00,57.3100,57.3100,57.2800,57.2800,1735
2025-01-13 13:38:00,57.2100,57.3500,57.2100,57.3472,3341
2025-01-13 13:39:00,57.3700,57.4000,57.3188,57.3188,3150
2025-01-13 13:40:00,57.3223,57.3902,57.3000,57.3128,8590
2025-01-13 13:41:00,57.3500,57.4000,57.2400,57.2836,3425
2025-01-13 13:42:00,57.1200,57.2000,57.1200,57.1405,16508
2025-01-13 13:43:00,57.1230,57.1800,57.1200,57.1673,5030
2025-01-13 13:44:00,57.2150,57.2400,57.1600,57.2150,1951
2025-01-13 13:45:00,57.2123,57.3000,57.1600,57.2800,4531
2025-01-13 13:46:00,57.2700,57.5000,57.2600,57.5000,6410
2025-01-13 13:47:00,57.4501,57.5800,57.4200,57.5800,4814
2025-01-13 13:48:00,57.4800,57.5358,57.3300,57.4500,3379
2025-01-13 13:49:00,57.4500,57.6000,57.4500,57.5600,6616
2025-01-13 13:50:00,57.5263,57.5900,57.5263,57.5900,2851
2025-01-13 13:51:00,57.5800,57.6600,57.5000,57.5500,3519
2025-01-13 13:52:00,57.5999,57.6500,57.5600,57.6200,4358
2025-01-13 13:53:00,57.6050,57.6200,57.5600,57.6050,6334
2025-01-13 13:54:00,57.6499,57.6499,57.3800,57.5500,16534
2025-01-13 13:55:00,57.4600,57.4800,57.4600,57.4800,3371
2025-01-13 13:56:00,57.5499,57.5499,57.4100,57.4100,4264
2025-01-13 13:57:00,57.5100,57.5100,57.3000,57.4100,5473
2025-01-13 13:58:00,57.4820,57.4820,57.4000,57.4550,1712
2025-01-13 13:59:00,57.4000,57.5000,57.4000,57.5000,1149
2025-01-13 14:00:00,57.4900,57.5500,57.4276,57.4538,4397
2025-01-13 14:01:00,57.4360,57.5500,57.4360,57.4500,8072
2025-01-13 14:02:00,57.3700,57.3800,57.1900,57.2250,2672
2025-01-13 14:03:00,57.1601,57.2700,57.1300,57.1800,12273
2025-01-13 14:04:00,57.2300,57.2450,57.1700,57.1793,2877
2025-01-13 14:05:00,57.2450,57.3900,57.2450,57.3900,4989
2025-01-13 14:06:00,57.3069,57.3900,57.3000,57.3000,2648
2025-01-13 14:07:00,57.2850,57.2901,57.2850,57.2850,1781
2025-01-13 14:08:00,57.2850,57.3400,57.2500,57.2950,5973
2025-01-13 14:09:00,57.2800,57.3100,57.2500,57.3100,2386
2025-01-13 14:10:00,57.3100,57.3400,57.1900,57.2500,19629
2025-01-13 14:11:00,57.2600,57.2600,57.1100,57.1100,1479
2025-01-13 14:12:00,57.0700,57.1700,57.0700,57.1400,4118
2025-01-13 14:13:00,57.1550,57.1550,57.0000,57.0100,3901
2025-01-13 14:14:00,57.0000,57.0400,56.9844,57.0400,3979
2025-01-13 14:15:00,57.0000,57.0000,56.8800,56.8800,6852
2025-01-13 14:16:00,56.9400,57.0051,56.8900,56.9800,7930
2025-01-13 14:17:00,56.8900,57.0000,56.8900,56.9300,2234
2025-01-13 14:18:00,56.9258,56.9800,56.9258,56.9400,5876
2025-01-13 14:19:00,56.9400,56.9500,56.7700,56.8400,13698
2025-01-13 14:20:00,56.8400,56.9150,56.8400,56.9150,3443
2025-01-13 14:21:00,56.9100,57.0100,56.9096,56.9250,1144
2025-01-13 14:22:00,56.9250,57.0100,56.8693,56.9800,7564
2025-01-13 14:23:00,57.0100,57.1000,57.0000,57.1000,9224
2025-01-13 14:24:00,57.1000,57.2200,57.0300,57.1250,6059
2025-01-13 14:25:00,57.0500,57.2000,57.0500,57.1800,8576
2025-01-13 14:26:00,57.1800,57.3300,57.1407,57.3300,6561
2025-01-13 14:27:00,57.4000,57.4687,57.2900,57.3950,13610
2025-01-13 14:28:00,57.4500,57.4700,57.3600,57.4200,3676
2025-01-13 14:29:00,57.3900,57.4700,57.3600,57.3600,17489
2025-01-13 14:30:00,57.3100,57.3150,57.2700,57.2700,2355
2025-01-13 14:31:00,57.2700,57.3700,57.2300,57.3250,8088
2025-01-13 14:32:00,57.3300,57.4000,57.3177,57.3700,7114
2025-01-13 14:33:00,57.4100,57.4700,57.3900,57.3900,10622
2025-01-13 14:34:00,57.3400,57.3400,57.1800,57.2250,46320
2025-01-13 14:35:00,57.2250,57.2600,57.1400,57.1500,11316
2025-01-13 14:36:00,57.1300,57.1600,57.0600,57.0600,10289
2025-01-13 14:37:00,57.0850,57.2300,57.0850,57.2250,15834
2025-01-13 14:38:00,57.2600,57.3000,57.2300,57.2500,8215
2025-01-13 14:39:00,57.2800,57.4500,57.2400,57.4500,10119
2025-01-13 14:40:00,57.4500,57.4500,57.4300,57.4400,1006
2025-01-13 14:41:00,57.4900,57.6000,57.4450,57.5700,7844
2025-01-13 14:42:00,57.5700,57.6300,57.5200,57.5585,3073
2025-01-13 14:43:00,57.6000,57.6400,57.5272,57.5780,10565
2025-01-13 14:44:00,57.5400,57.6200,57.5100,57.5200,13157
2025-01-13 14:45:00,57.5000,57.7100,57.4900,57.6972,23486
2025-01-13 14:46:00,57.7000,57.8000,57.6296,57.7600,16356
2025-01-13 14:47:00,57.7500,57.7700,57.4300,57.4300,13641
2025-01-13 14:48:00,57.5000,57.6299,57.5000,57.5900,12580
2025-01-13 14:49:00,57.5900,57.6200,57.4400,57.4550,10473
2025-01-13 14:50:00,57.4580,57.6800,57.4500,57.6800,11944
2025-01-13 14:51:00,57.6800,57.6800,57.4100,57.4400,13584
2025-01-13 14:52:00,57.4300,57.5100,57.3700,57.3700,6661
2025-01-13 14:53:00,57.4276,57.4450,57.3830,57.4450,3671
2025-01-13 14:54:00,57.4900,57.5000,57.4000,57.4000,8112
2025-01-13 14:55:00,57.4702,57.5300,57.4550,57.5100,5194
2025-01-13 14:56:00,57.5500,57.6000,57.5150,57.5450,13100
2025-01-13 14:57:00,57.5000,57.5835,57.4187,57.4187,5195
2025-01-13 14:58:00,57.4600,57.5700,57.4024,57.5700,8149
2025-01-13 14:59:00,57.5700,57.6100,57.4300,57.5250,9248
2025-01-13 15:00:00,57.4600,57.5200,57.3500,57.3800,8362
2025-01-13 15:01:00,57.4300,57.4300,57.2500,57.2500,8785
2025-01-13 15:02:00,57.3050,57.4245,57.3050,57.4245,4144
2025-01-13 15:03:00,57.3900,57.3900,57.2600,57.2600,7015
2025-01-13 15:04:00,57.2327,57.3565,57.2327,57.3095,8543
2025-01-13 15:05:00,57.3799,57.4000,57.2678,57.2700,4642
2025-01-13 15:06:00,57.2900,57.3300,57.2100,57.2550,7455
2025-01-13 15:07:00,57.2800,57.3200,57.1550,57.3200,7752
2025-01-13 15:08:00,57.2271,57.3499,57.2271,57.3499,8230
2025-01-13 15:09:00,57.3150,57.3299,57.2300,57.2650,7390
2025-01-13 15:10:00,57.3200,57.3200,57.2300,57.2450,4953
2025-01-13 15:11:00,57.2403,57.2800,57.1600,57.1900,17916
2025-01-13 15:12:00,57.1600,57.2900,57.1600,57.2260,5575
2025-01-13 15:13:00,57.2800,57.2900,57.1600,57.1600,11116
2025-01-13 15:14:00,57.2100,57.3300,57.1634,57.3300,4807
2025-01-13 15:15:00,57.3300,57.4400,57.2792,57.4300,12125
2025-01-13 15:16:00,57.4300,57.4400,57.3001,57.3700,8306
2025-01-13 15:17:00,57.3687,57.4300,57.3500,57.3500,6646
2025-01-13 15:18:00,57.3500,57.4599,57.3500,57.4150,8128
2025-01-13 15:19:00,57.4112,57.4800,57.4112,57.4700,7474
2025-01-13 15:20:00,57.4700,57.5300,57.4300,57.4300,7159
2025-01-13 15:21:00,57.4700,57.5000,57.4300,57.4650,6228
2025-01-13 15:22:00,57.4650,57.4650,57.3152,57.3152,7561
2025-01-13 15:23:00,57.3700,57.3700,57.2800,57.3225,4985
2025-01-13 15:24:00,57.3250,57.3250,57.1750,57.2000,5967
2025-01-13 15:25:00,57.1850,57.2500,57.1500,57.1500,4991
2025-01-13 15:26:00,57.1800,57.2600,57.1800,57.1850,9571
2025-01-13 15:27:00,57.2200,57.2600,57.1800,57.1801,6786
2025-01-13 15:28:00,57.2600,57.3000,57.1966,57.2800,7605
2025-01-13 15:29:00,57.3000,57.3000,57.1600,57.1900,5602
2025-01-13 15:30:00,57.1900,57.2297,57.1600,57.1800,4373
2025-01-13 15:31:00,57.1800,57.1800,57.0600,57.0950,20384
2025-01-13 15:32:00,57.0850,57.2300,57.0675,57.1600,18074
2025-01-13 15:33:00,57.1500,57.3400,57.1500,57.3036,6749
2025-01-13 15:34:00,57.3100,57.3600,57.2850,57.3300,4049
2025-01-13 15:35:00,57.3100,57.3350,57.3000,57.3150,6978
2025-01-13 15:36:00,57.2900,57.2950,57.1600,57.2500,9736
2025-01-13 15:37:00,57.2450,57.2450,57.1400,57.2100,8051
2025-01-13 15:38:00,57.3200,57.3700,57.3200,57.3700,1472
2025-01-13 15:39:00,57.3450,57.3600,57.2200,57.2400,23835
2025-01-13 15:40:00,57.2400,57.2800,57.2000,57.2700,6851
2025-01-13 15:41:00,57.2700,57.3300,57.2700,57.3050,13022
2025-01-13 15:42:00,57.3150,57.3150,57.2800,57.3100,3700
2025-01-13 15:43:00,57.2900,57.3500,57.2200,57.2200,5265
2025-01-13 15:44:00,57.2400,57.2700,57.2150,57.2700,5775
2025-01-13 15:45:00,57.2700,57.3800,57.2400,57.3400,24497
2025-01-13 15:46:00,57.3400,57.4100,57.3400,57.3550,9971
2025-01-13 15:47:00,57.3200,57.3200,57.2400,57.2700,7340
2025-01-13 15:48:00,57.2700,57.2800,57.2300,57.2650,11914
2025-01-13 15:49:00,57.2650,57.3000,57.1850,57.2100,18850
2025-01-13 15:50:00,57.1900,57.6000,57.1700,57.5633,13412
2025-01-13 15:51:00,57.5800,57.6100,57.5000,57.5250,21461
2025-01-13 15:52:00,57.5500,57.5600,57.5100,57.5400,9297
2025-01-13 15:53:00,57.5100,57.5300,57.4000,57.4100,46444
2025-01-13 15:54:00,57.4100,57.4400,57.2000,57.3000,31713
2025-01-13 15:55:00,57.3400,57.3400,57.2200,57.2400,66707
2025-01-13 15:56:00,57.2500,57.2800,57.1100,57.1350,48332
2025-01-13 15:57:00,57.1350,57.3750,57.1300,57.3550,60973
2025-01-13 15:58:00,57.3550,57.3550,57.1300,57.1400,80321
2025-01-13 15:59:00,57.1400,57.1750,57.0000,57.0000,155411
2025-01-13 16:00:00,57.0000,57.3500,57.0000,57.3500,1107972
2025-01-13 16:01:00,57.3900,57.4500,57.0700,57.4000,4712
2025-01-13 16:02:00,57.2600,57.3992,57.2502,57.2502,204
2025-01-13 16:04:00,57.2500,57.4000,57.2500,57.3995,328
2025-01-13 16:05:00,57.2500,57.2500,57.0700,57.2100,531
2025-01-13 16:06:00,57.1500,57.1500,57.1500,57.1500,10
2025-01-13 16:09:00,57.4000,57.4000,57.1600,57.3900,46
2025-01-13 16:11:00,57.3970,57.3970,57.3970,57.3970,10
2025-01-13 16:12:00,57.1600,57.1600,57.1600,57.1600,2
2025-01-13 16:13:00,57.4000,57.4000,57.4000,57.4000,15
2025-01-13 16:14:00,57.3900,57.3900,57.2000,57.2000,2
2025-01-13 16:15:00,57.0700,57.2100,57.0700,57.2100,3152
2025-01-13 16:16:00,57.3000,57.3000,57.3000,57.3000,110
2025-01-13 16:18:00,57.3000,57.3000,57.2100,57.2100,117
2025-01-13 16:19:00,57.2000,57.2000,57.2000,57.2000,570
2025-01-13 16:21:00,57.1500,57.1500,57.1500,57.1500,665
2025-01-13 16:22:00,57.2000,57.2000,57.2000,57.2000,38
2025-01-13 16:23:00,57.1600,57.1600,57.1600,57.1600,21
2025-01-13 16:24:00,57.2100,57.2100,57.2100,57.2100,100
2025-01-13 16:25:00,57.1600,57.1600,57.1600,57.1600,200
2025-01-13 16:26:00,57.1600,57.1600,57.1500,57.1500,280
2025-01-13 16:27:00,57.1500,57.1500,57.0700,57.0700,112
2025-01-13 16:31:00,57.3000,57.3000,57.3000,57.3000,10
2025-01-13 16:33:00,57.3400,57.3900,57.3400,57.3900,120
2025-01-13 16:34:00,57.0700,57.0700,57.0700,57.0700,51516
2025-01-13 16:37:00,57.3500,57.3500,57.3500,57.3500,300
2025-01-13 16:38:00,57.2000,57.3400,57.1500,57.3400,20
2025-01-13 16:41:00,57.2982,57.3000,57.2982,57.3000,3001
2025-01-13 16:43:00,57.3000,57.3000,57.3000,57.3000,1
2025-01-13 16:45:00,57.3000,57.3000,57.3000,57.3000,19
2025-01-13 16:47:00,57.2250,57.2250,57.2250,57.2250,50
2025-01-13 16:48:00,57.2100,57.2100,57.1700,57.1700,18
2025-01-13 16:49:00,57.1500,57.1500,57.1500,57.1500,10
2025-01-13 16:50:00,57.2500,57.3000,57.1800,57.1800,498
2025-01-13 16:52:00,57.2250,57.2250,57.2250,57.2250,100
2025-01-13 16:55:00,57.1500,57.1500,57.1500,57.1500,20
2025-01-13 16:56:00,57.1517,57.1517,57.1517,57.1517,14
2025-01-13 16:57:00,57.1512,57.1512,57.1512,57.1512,1
2025-01-13 16:59:00,57.1600,57.2900,57.1500,57.2900,1677
2025-01-13 17:00:00,57.1800,57.1800,57.1800,57.1800,34
2025-01-13 17:01:00,57.1500,57.1500,57.1500,57.1500,13
2025-01-13 17:02:00,57.1500,57.1500,57.1500,57.1500,10
2025-01-13 17:03:00,57.1500,57.3000,57.1500,57.1500,1515
2025-01-13 17:04:00,57.1500,57.1500,57.1500,57.1500,1
2025-01-13 17:07:00,57.2900,57.2900,57.1600,57.1600,15
2025-01-13 17:08:00,57.2999,57.3000,57.1600,57.1600,35
2025-01-13 17:09:00,57.3000,57.3000,57.3000,57.3000,230
2025-01-13 17:10:00,57.3000,57.3000,57.1600,57.1600,338
2025-01-13 17:11:00,57.2987,57.2987,57.2987,57.2987,1
2025-01-13 17:14:00,57.1900,57.1900,57.1900,57.1900,2
2025-01-13 17:16:00,57.3000,57.3000,57.3000,57.3000,46
2025-01-13 17:19:00,57.2900,57.2900,57.2100,57.2100,152
2025-01-13 17:20:00,57.2900,57.2900,57.2900,57.2900,50
2025-01-13 17:21:00,57.2400,57.2887,57.2400,57.2887,23
2025-01-13 17:23:00,57.2400,57.2400,57.1900,57.1900,45
2025-01-13 17:24:00,57.2881,57.2900,57.2881,57.2900,65
2025-01-13 17:26:00,57.2899,57.2900,57.2899,57.2900,60
2025-01-13 17:27:00,57.2899,57.2899,57.2899,57.2899,1
2025-01-13 17:28:00,57.2700,57.2700,57.2700,57.2700,12
2025-01-13 17:30:00,57.2500,57.2500,57.2500,57.2500,17
2025-01-13 17:31:00,57.2900,57.2900,57.2900,57.2900,3
2025-01-13 17:38:00,57.2800,57.2900,57.2800,57.2900,30
2025-01-13 17:39:00,57.2900,57.2900,57.2500,57.2900,107
2025-01-13 17:40:00,57.2500,57.2500,57.2500,57.2500,3
2025-01-13 17:41:00,57.2500,57.2500,57.2500,57.2500,2
2025-01-13 17:42:00,57.2500,57.2900,57.2500,57.2900,13
2025-01-13 17:44:00,57.2500,57.2500,57.2500,57.2500,11
2025-01-13 17:46:00,57.2500,57.2500,57.2500,57.2500,1
2025-01-13 17:48:00,57.2500,57.2900,57.2500,57.2900,20
2025-01-13 17:52:00,57.2500,57.2500,57.2500,57.2500,4
2025-01-13 17:53:00,57.2900,57.2900,57.2900,57.2900,400
2025-01-13 17:58:00,57.5000,57.5000,57.5000,57.5000,30
2025-01-13 17:59:00,57.5900,57.5900,57.4200,57.4200,105
2025-01-13 18:00:00,57.2600,57.2600,57.2600,57.2600,100
2025-01-13 18:05:00,57.2500,57.2500,57.2500,57.2500,65
2025-01-13 18:07:00,57.2900,57.2900,57.2900,57.2900,25
2025-01-13 18:08:00,57.3200,57.5900,57.2800,57.2800,1002
2025-01-13 18:09:00,57.3000,57.5900,57.3000,57.5900,540
2025-01-13 18:13:00,57.5900,57.5900,57.5800,57.5800,110
2025-01-13 18:14:00,57.5100,57.5100,57.4800,57.4800,412
2025-01-13 18:15:00,57.4800,57.4800,57.4800,57.4800,100
2025-01-13 18:16:00,57.3300,57.3300,57.3200,57.3200,84
2025-01-13 18:19:00,57.3300,57.3300,57.3300,57.3300,55
2025-01-13 18:20:00,57.4000,57.4000,57.4000,57.4000,1
2025-01-13 18:26:00,57.3200,57.3300,57.3200,57.3200,600
2025-01-13 18:27:00,57.4000,57.4000,57.4000,57.4000,1
2025-01-13 18:29:00,57.5900,57.5900,57.5700,57.5700,117
2025-01-13 18:30:00,57.5900,57.5900,57.5900,57.5900,30
2025-01-13 18:31:00,57.5700,57.5900,57.5700,57.5900,2349
2025-01-13 18:32:00,57.5000,57.5000,57.5000,57.5000,500
2025-01-13 18:33:00,57.5900,57.5900,57.5900,57.5900,500
2025-01-13 18:36:00,57.6000,57.6000,57.6000,57.6000,100
2025-01-13 18:40:00,57.8700,57.8700,57.6100,57.6100,202
2025-01-13 18:42:00,57.8000,57.8000,57.6100,57.7500,250
2025-01-13 18:43:00,57.7500,57.7500,57.7500,57.7500,10
2025-01-13 18:44:00,57.6000,57.7000,57.6000,57.7000,14
2025-01-13 18:45:00,57.8600,57.8600,57.8600,57.8600,3
2025-01-13 18:46:00,57.8500,57.8600,57.8500,57.8600,121
2025-01-13 18:47:00,57.8600,57.8600,57.8600,57.8600,15
2025-01-13 18:49:00,57.8000,57.8000,57.8000,57.8000,100
2025-01-13 18:51:00,57.6100,57.8000,57.6100,57.8000,26
2025-01-13 18:52:00,57.6000,57.6000,57.6000,57.6000,15
2025-01-13 18:53:00,57.8500,57.8500,57.8500,57.8500,101
2025-01-13 18:54:00,57.8500,57.8500,57.6500,57.6500,206
2025-01-13 18:55:00,57.6500,57.6500,57.6500,57.6500,10
2025-01-13 18:56:00,57.8400,57.8400,57.8400,57.8400,1
2025-01-13 18:57:00,57.8499,57.8500,57.8499,57.8500,182
2025-01-13 19:01:00,57.8300,57.8500,57.7500,57.7500,42
2025-01-13 19:02:00,57.8000,57.8000,57.7400,57.7600,90
2025-01-13 19:04:00,57.8500,57.8500,57.8500,57.8500,16
2025-01-13 19:06:00,57.7000,57.7000,57.7000,57.7000,10
2025-01-13 19:07:00,57.6988,57.6988,57.6988,57.6988,1
2025-01-13 19:08:00,57.6800,57.6900,57.6800,57.6900,462
2025-01-13 19:09:00,57.4100,57.4100,57.4100,57.4100,10
2025-01-13 19:11:00,57.6999,57.6999,57.6999,57.6999,10
2025-01-13 19:14:00,57.6000,57.6000,57.6000,57.6000,20
2025-01-13 19:22:00,57.6100,57.6700,57.6100,57.6700,110
2025-01-13 19:24:00,57.6100,57.6100,57.6100,57.6100,5
2025-01-13 19:25:00,57.6200,57.6200,57.6200,57.6200,100
2025-01-13 19:32:00,57.7000,57.7000,57.6000,57.6000,15
2025-01-13 19:38:00,57.6800,57.6800,57.6800,57.6800,1
2025-01-13 19:40:00,57.6600,57.6600,57.6000,57.6000,14
2025-01-13 19:42:00,57.6800,57.6800,57.6800,57.6800,4
2025-01-13 19:45:00,57.6700,57.6700,57.6700,57.6700,2
2025-01-13 19:51:00,57.6500,57.6500,57.6500,57.6500,13
2025-01-13 19:52:00,57.6500,57.6500,57.6500,57.6500,37
2025-01-13 19:53:00,57.6800,57.6800,57.6800,57.6800,6
2025-01-13 19:54:00,57.7000,57.7000,57.6800,57.7000,214
2025-01-13 19:55:00,57.7000,57.7100,57.6800,57.7000,336
2025-01-13 19:56:00,57.7000,57.7000,57.7000,57.7000,150
2025-01-13 19:57:00,57.6300,57.6750,57.6200,57.6750,10152
2025-01-13 19:58:00,57.6700,57.6700,57.6700,57.6700,2
2025-01-13 19:59:00,57.8100,57.8100,57.5100,57.6700,3
2025-01-14 04:00:00,58.0000,58.4900,57.6500,58.4900,620
2025-01-14 04:02:00,58.0600,58.0600,58.0600,58.0600,2
2025-01-14 04:04:00,58.2500,58.2500,58.2500,58.2500,84
2025-01-14 04:12:00,58.2500,58.2500,58.2500,58.2500,10
2025-01-14 04:13:00,58.2500,58.2500,58.2500,58.2500,13
2025-01-14 04:14:00,58.2500,58.2500,58.2500,58.2500,159
2025-01-14 04:17:00,58.2500,58.3600,58.2500,58.3500,242
2025-01-14 04:18:00,58.2500,58.4400,58.2500,58.4400,240
2025-01-14 04:19:00,58.2600,58.2600,58.2600,58.2600,50
2025-01-14 04:21:00,58.2600,58.2600,58.2600,58.2600,50
2025-01-14 04:24:00,58.4200,58.6400,58.4200,58.6400,186
2025-01-14 04:26:00,58.2800,58.2800,58.2500,58.2500,72
2025-01-14 04:28:00,58.2500,58.2500,58.2500,58.2500,28
2025-01-14 04:29:00,58.5000,58.5700,58.5000,58.5700,32
2025-01-14 04:31:00,58.5600,58.5600,58.5600,58.5600,15
2025-01-14 04:34:00,58.5700,58.5700,58.5600,58.5600,23
2025-01-14 04:35:00,58.5600,58.5600,58.5600,58.5600,28
2025-01-14 04:36:00,58.5700,58.5700,58.5700,58.5700,1
2025-01-14 04:37:00,58.5600,58.5600,58.5600,58.5600,2
2025-01-14 04:38:00,58.4900,58.4900,58.4000,58.4000,102
2025-01-14 04:43:00,58.3200,58.3400,58.3200,58.3400,65
2025-01-14 04:48:00,58.4500,58.4500,58.4500,58.4500,8
2025-01-14 04:51:00,58.3600,58.4500,58.3600,58.4500,265
2025-01-14 04:52:00,58.3200,58.3200,58.3200,58.3200,100
2025-01-14 04:53:00,58.4400,58.4400,58.4400,58.4400,17
2025-01-14 04:54:00,58.3500,58.3500,58.3400,58.3400,106
2025-01-14 04:55:00,58.3200,58.3200,58.3200,58.3200,11
2025-01-14 04:58:00,58.4500,58.4500,58.4500,58.4500,46
2025-01-14 05:07:00,58.5000,58.5000,58.4900,58.4900,140
2025-01-14 05:09:00,58.4900,58.4900,58.4900,58.4900,20
2025-01-14 05:10:00,58.4700,58.4700,58.4700,58.4700,5
2025-01-14 05:12:00,58.4500,58.4500,58.4500,58.4500,10
2025-01-14 05:14:00,58.3600,58.4200,58.2800,58.4200,170
2025-01-14 05:15:00,58.4000,58.4000,58.4000,58.4000,50
2025-01-14 05:16:00,58.4500,58.4700,58.4500,58.4700,100
2025-01-14 05:17:00,58.4900,58.4900,58.4400,58.4400,523
2025-01-14 05:18:00,58.4700,58.4700,58.4700,58.4700,3
2025-01-14 05:23:00,58.4800,58.4900,58.4800,58.4900,100
2025-01-14 05:24:00,58.4000,58.4500,58.4000,58.4500,260
2025-01-14 05:29:00,58.4500,58.4500,58.4500,58.4500,7
2025-01-14 05:33:00,58.4300,58.4300,58.4300,58.4300,100
2025-01-14 05:35:00,58.4300,58.4300,58.4300,58.4300,5
2025-01-14 05:36:00,58.4500,58.4500,58.4500,58.4500,257
2025-01-14 05:38:00,58.4800,58.4900,58.4700,58.4900,543
2025-01-14 05:39:00,58.5100,58.5100,58.4900,58.4900,3948
2025-01-14 05:45:00,58.4900,58.4900,58.4900,58.4900,20
2025-01-14 05:52:00,58.4800,58.4900,58.4800,58.4900,50
2025-01-14 06:03:00,58.3800,58.3800,58.3800,58.3800,10
2025-01-14 06:04:00,58.3700,58.3700,58.3700,58.3700,4
2025-01-14 06:07:00,58.2900,58.2900,58.2500,58.2500,100
2025-01-14 06:08:00,58.2500,58.2500,58.2500,58.2500,22
2025-01-14 06:09:00,58.3700,58.3700,58.3700,58.3700,6
2025-01-14 06:11:00,58.4700,58.4700,58.4700,58.4700,1
2025-01-14 06:12:00,58.4500,58.4500,58.4500,58.4500,2
2025-01-14 06:14:00,58.5200,58.5900,58.4700,58.4700,828
2025-01-14 06:15:00,58.4700,58.4700,58.4700,58.4700,20
2025-01-14 06:17:00,58.4100,58.4100,58.4100,58.4100,27
2025-01-14 06:18:00,58.4700,58.5300,58.4700,58.5300,12
2025-01-14 06:19:00,58.5300,58.5300,58.5300,58.5300,1
2025-01-14 06:20:00,58.4200,58.4200,58.4200,58.4200,26
2025-01-14 06:22:00,58.4200,58.4200,58.4100,58.4100,160
2025-01-14 06:23:00,58.4900,58.4900,58.4000,58.4000,270
2025-01-14 06:24:00,58.4000,58.4000,58.4000,58.4000,50
2025-01-14 06:25:00,58.4000,58.4600,58.4000,58.4600,110
2025-01-14 06:26:00,58.4900,58.5100,58.4900,58.5100,4
2025-01-14 06:31:00,58.4000,58.4500,58.3800,58.4500,330
2025-01-14 06:33:00,58.4100,58.4100,58.4000,58.4000,282
2025-01-14 06:35:00,58.4000,58.4000,58.4000,58.4000,2
2025-01-14 06:36:00,58.4200,58.4700,58.3800,58.4200,1155
2025-01-14 06:37:00,58.4800,58.4800,58.3800,58.3800,1434
2025-01-14 06:41:00,58.3500,58.3500,58.3500,58.3500,2
2025-01-14 06:45:00,58.2200,58.3200,58.2000,58.3200,104
2025-01-14 06:54:00,58.3300,58.3300,58.3300,58.3300,2
2025-01-14 06:55:00,58.2000,58.2000,58.2000,58.2000,5
2025-01-14 07:00:00,58.3300,58.3600,58.2100,58.2100,110
2025-01-14 07:01:00,58.3400,58.3400,58.3400,58.3400,90
2025-01-14 07:07:00,58.2500,58.2600,58.2500,58.2600,11
2025-01-14 07:08:00,58.2000,58.2000,58.1400,58.1400,116
2025-01-14 07:09:00,58.1300,58.1300,57.9700,57.9700,1131
2025-01-14 07:10:00,57.9500,58.0000,57.9500,58.0000,45
2025-01-14 07:12:00,58.1000,58.1000,58.1000,58.1000,20
2025-01-14 07:14:00,57.9800,57.9900,57.8900,57.8900,335
2025-01-14 07:17:00,58.0000,58.0000,58.0000,58.0000,98
2025-01-14 07:18:00,57.8800,57.8800,57.8200,57.8200,200
2025-01-14 07:19:00,57.8200,57.8200,57.8000,57.8000,101
2025-01-14 07:21:00,57.8200,57.8200,57.8200,57.8200,200
2025-01-14 07:22:00,57.8900,57.8900,57.8900,57.8900,1
2025-01-14 07:25:00,57.7100,57.7100,57.5500,57.5500,197
2025-01-14 07:29:00,57.8900,57.8900,57.8900,57.8900,5
2025-01-14 07:33:00,57.7900,57.7900,57.7900,57.7900,40
2025-01-14 07:34:00,57.7900,57.7900,57.7900,57.7900,19
2025-01-14 07:39:00,57.6800,57.6800,57.5600,57.5600,11
2025-01-14 07:41:00,57.7700,57.7700,57.7700,57.7700,1
2025-01-14 07:46:00,57.7500,57.9000,57.7500,57.9000,27
2025-01-14 07:48:00,57.8900,57.9300,57.8900,57.9300,100
2025-01-14 07:49:00,57.9500,57.9500,57.9500,57.9500,7
