Datetime,Open,High,Low,Close,Volume
2025-01-02 04:00:00,121.88,121.91,121.35,121.7,2055
2025-01-02 04:01:00,121.78,121.9,121.77,121.85,957
2025-01-02 04:02:00,121.89,121.89,121.76,121.84,572
2025-01-02 04:03:00,121.84,121.84,121.68,121.74,1714
2025-01-02 04:04:00,121.7,121.82,121.69,121.82,1270
2025-01-02 04:05:00,121.8,121.97,121.75,121.94,2776
2025-01-02 04:06:00,121.96,122.29,121.96,122.17,6848
2025-01-02 04:07:00,122.26,122.26,122.1,122.2,499
2025-01-02 04:08:00,122.13,122.24,122.1,122.2,829
2025-01-02 04:09:00,122.2,122.23,122.12,122.21,578
2025-01-02 04:10:00,122.18,122.2,122.12,122.15,212
2025-01-02 04:11:00,122.14,122.18,122.07,122.11,386
2025-01-02 04:12:00,122.08,122.12,122.08,122.08,232
2025-01-02 04:13:00,122.08,122.08,122.01,122.03,155
2025-01-02 04:14:00,122.02,122.08,122.0,122.04,1142
2025-01-02 04:15:00,122.04,122.12,122.04,122.07,239
2025-01-02 04:16:00,122.14,122.19,122.11,122.12,1808
2025-01-02 04:17:00,122.14,122.15,122.12,122.15,953
2025-01-02 04:18:00,122.15,122.15,122.0,122.0,1706
2025-01-02 04:19:00,122.04,122.17,122.04,122.1,2720
2025-01-02 04:20:00,122.14,122.14,122.07,122.13,268
2025-01-02 04:21:00,122.08,122.14,122.08,122.08,1420
2025-01-02 04:22:00,122.14,122.15,122.08,122.14,778
2025-01-02 04:23:00,122.14,122.2,122.11,122.2,2247
2025-01-02 04:24:00,122.2,122.27,122.17,122.17,1557
2025-01-02 04:25:00,122.14,122.19,122.14,122.18,48
2025-01-02 04:26:00,122.21,122.24,122.11,122.15,117
2025-01-02 04:27:00,122.16,122.17,122.08,122.08,1426
2025-01-02 04:28:00,122.11,122.11,122.09,122.11,228
2025-01-02 04:29:00,122.11,122.13,122.1,122.13,632
2025-01-02 04:30:00,122.15,122.17,122.1,122.16,426
2025-01-02 04:31:00,122.15,122.15,121.88,121.99,2982
2025-01-02 04:32:00,122.01,122.02,121.93,121.93,131
2025-01-02 04:33:00,122.02,122.1,121.92,121.92,1331
2025-01-02 04:34:00,122.08,122.09,121.91,122.06,64
2025-01-02 04:35:00,122.06,122.1,121.96,121.96,92
2025-01-02 04:36:00,122.06,122.09,121.96,122.08,213
2025-01-02 04:37:00,122.0,122.0,121.89,121.98,397
2025-01-02 04:38:00,121.9,121.99,121.9,121.99,300
2025-01-02 04:39:00,121.97,121.97,121.89,121.91,80
2025-01-02 04:40:00,121.99,121.99,121.89,121.89,689
2025-01-02 04:41:00,121.98,121.98,121.87,121.88,445
2025-01-02 04:42:00,121.9,122.0,121.87,122.0,307
2025-01-02 04:43:00,121.95,122.01,121.92,121.95,269
2025-01-02 04:44:00,122.03,122.06,121.91,122.06,1729
2025-01-02 04:45:00,122.07,122.09,121.99,122.09,174
2025-01-02 04:46:00,122.09,122.11,122.0,122.0,163
2025-01-02 04:47:00,122.05,122.09,122.01,122.01,216
2025-01-02 04:48:00,122.03,122.09,122.01,122.01,795
2025-01-02 04:49:00,122.06,122.1,122.02,122.07,392
2025-01-02 04:50:00,122.07,122.1,122.05,122.1,126
2025-01-02 04:51:00,122.06,122.1,122.06,122.09,1031
2025-01-02 04:52:00,122.08,122.1,122.08,122.1,28
2025-01-02 04:53:00,122.09,122.16,122.09,122.16,958
2025-01-02 04:54:00,122.14,122.14,122.1,122.1,529
2025-01-02 04:55:00,122.1,122.14,122.05,122.13,331
2025-01-02 04:56:00,122.09,122.13,122.09,122.13,306
2025-01-02 04:57:00,122.13,122.18,122.13,122.16,226
2025-01-02 04:58:00,122.16,122.16,122.07,122.07,345
2025-01-02 04:59:00,122.08,122.13,122.06,122.06,364
2025-01-02 05:00:00,122.1,122.21,122.1,122.21,795
2025-01-02 05:01:00,122.22,122.22,122.11,122.11,232
2025-01-02 05:02:00,122.2,122.2,122.1,122.13,205
2025-01-02 05:03:00,122.19,122.2,122.1,122.13,323
2025-01-02 05:04:00,122.12,122.14,122.08,122.08,241
2025-01-02 05:05:00,122.11,122.13,122.1,122.13,302
2025-01-02 05:06:00,122.1,122.1,122.07,122.1,301
2025-01-02 05:07:00,122.15,122.16,122.13,122.16,93
2025-01-02 05:08:00,122.13,122.2,122.12,122.13,249
2025-01-02 05:09:00,122.09,122.13,122.09,122.13,161
2025-01-02 05:10:00,122.1,122.17,122.1,122.15,302
2025-01-02 05:11:00,122.18,122.18,122.07,122.1,311
2025-01-02 05:12:00,122.1,122.1,122.05,122.07,78
2025-01-02 05:13:00,122.07,122.08,121.97,121.98,995
2025-01-02 05:14:00,121.98,122.0,121.95,121.95,487
2025-01-02 05:15:00,121.93,121.94,121.89,121.94,477
2025-01-02 05:16:00,121.97,122.03,121.95,121.96,110
2025-01-02 05:17:00,121.96,122.0,121.94,121.94,196
2025-01-02 05:18:00,121.94,122.02,121.94,122.0,306
2025-01-02 05:19:00,121.96,122.02,121.95,122.02,1419
2025-01-02 05:20:00,122.02,122.02,121.99,121.99,124
2025-01-02 05:21:00,121.99,122.02,121.99,122.02,142
2025-01-02 05:22:00,122.06,122.1,122.05,122.1,470
2025-01-02 05:23:00,122.11,122.11,122.06,122.09,16
2025-01-02 05:24:00,122.06,122.09,122.06,122.09,1700
2025-01-02 05:25:00,122.05,122.1,122.03,122.08,161
2025-01-02 05:26:00,122.08,122.15,122.08,122.14,982
2025-01-02 05:27:00,122.11,122.15,122.11,122.15,51
2025-01-02 05:28:00,122.1,122.17,122.1,122.17,175
2025-01-02 05:29:00,122.16,122.17,122.11,122.11,96
2025-01-02 05:30:00,122.11,122.15,122.1,122.13,184
2025-01-02 05:31:00,122.16,122.16,122.13,122.13,174
2025-01-02 05:32:00,122.15,122.17,122.11,122.16,154
2025-01-02 05:33:00,122.14,122.14,122.09,122.09,289
2025-01-02 05:34:00,122.12,122.13,122.12,122.13,86
2025-01-02 05:35:00,122.14,122.17,122.12,122.14,419
2025-01-02 05:36:00,122.17,122.2,122.15,122.17,626
2025-01-02 05:37:00,122.19,122.19,122.19,122.19,9
2025-01-02 05:38:00,122.19,122.29,122.18,122.27,2876
2025-01-02 05:39:00,122.27,122.28,122.27,122.28,132
2025-01-02 05:40:00,122.28,122.29,122.22,122.22,489
2025-01-02 05:41:00,122.23,122.23,122.21,122.22,74
2025-01-02 05:42:00,122.27,122.27,122.17,122.27,641
2025-01-02 05:43:00,122.17,122.17,122.17,122.17,46
2025-01-02 05:44:00,122.18,122.18,122.17,122.17,11
2025-01-02 05:46:00,122.19,122.25,122.19,122.22,103
2025-01-02 05:47:00,122.22,122.22,122.18,122.18,113
2025-01-02 05:48:00,122.2,122.28,122.2,122.28,605
2025-01-02 05:49:00,122.23,122.23,122.2,122.21,299
2025-01-02 05:50:00,122.25,122.25,122.25,122.25,1
2025-01-02 05:51:00,122.21,122.21,122.11,122.11,1608
2025-01-02 05:52:00,122.1,122.16,122.08,122.08,2031
2025-01-02 05:53:00,122.09,122.17,122.09,122.17,113
2025-01-02 05:54:00,122.18,122.21,122.18,122.2,80
2025-01-02 05:55:00,122.2,122.22,122.14,122.2,82
2025-01-02 05:56:00,122.19,122.19,122.14,122.16,153
2025-01-02 05:57:00,122.18,122.2,122.09,122.1,515
2025-01-02 05:58:00,122.18,122.2,122.17,122.2,82
2025-01-02 05:59:00,122.17,122.18,122.17,122.17,34
2025-01-02 06:00:00,122.2,122.22,121.95,121.99,7073
2025-01-02 06:01:00,122.07,122.21,122.07,122.16,940
2025-01-02 06:02:00,122.11,122.11,122.07,122.08,171
2025-01-02 06:03:00,122.09,122.17,122.08,122.17,361
2025-01-02 06:04:00,122.1,122.17,122.09,122.09,463
2025-01-02 06:05:00,122.1,122.14,122.07,122.14,100
2025-01-02 06:06:00,122.14,122.15,122.14,122.15,7
2025-01-02 06:07:00,122.1,122.1,122.08,122.09,490
2025-01-02 06:08:00,122.15,122.15,122.12,122.12,26
2025-01-02 06:09:00,122.12,122.12,122.12,122.12,10
2025-01-02 06:10:00,122.13,122.18,122.13,122.18,38
2025-01-02 06:11:00,122.18,122.18,122.13,122.13,115
2025-01-02 06:12:00,122.18,122.18,122.13,122.18,256
2025-01-02 06:13:00,122.15,122.19,122.15,122.19,62
2025-01-02 06:14:00,122.22,122.23,122.2,122.2,144
2025-01-02 06:15:00,122.18,122.2,122.15,122.2,255
2025-01-02 06:16:00,122.2,122.28,122.19,122.28,865
2025-01-02 06:17:00,122.25,122.25,122.2,122.2,1824
2025-01-02 06:18:00,122.22,122.28,122.22,122.25,941
2025-01-02 06:19:00,122.27,122.28,122.26,122.28,431
2025-01-02 06:20:00,122.28,122.29,122.24,122.25,270
2025-01-02 06:21:00,122.25,122.26,122.21,122.21,747
2025-01-02 06:22:00,122.21,122.21,122.21,122.21,106
2025-01-02 06:23:00,122.28,122.28,122.28,122.28,3
2025-01-02 06:24:00,122.28,122.28,122.23,122.23,93
2025-01-02 06:25:00,122.24,122.24,122.23,122.23,45
2025-01-02 06:26:00,122.25,122.27,122.25,122.26,277
2025-01-02 06:27:00,122.26,122.33,122.25,122.33,2884
2025-01-02 06:28:00,122.3,122.31,122.29,122.31,362
2025-01-02 06:29:00,122.31,122.31,122.3,122.3,144
2025-01-02 06:30:00,122.27,122.27,122.23,122.23,125
2025-01-02 06:31:00,122.25,122.25,122.22,122.25,112
2025-01-02 06:32:00,122.26,122.3,122.25,122.25,1387
2025-01-02 06:33:00,122.29,122.3,122.24,122.24,355
2025-01-02 06:34:00,122.22,122.29,122.22,122.27,53
2025-01-02 06:35:00,122.27,122.28,122.25,122.28,245
2025-01-02 06:36:00,122.28,122.28,122.27,122.28,40
2025-01-02 06:38:00,122.28,122.28,122.24,122.27,22
2025-01-02 06:39:00,122.28,122.36,122.28,122.35,3540
2025-01-02 06:40:00,122.35,122.36,122.35,122.36,627
2025-01-02 06:41:00,122.35,122.39,122.31,122.32,1316
2025-01-02 06:42:00,122.32,122.42,122.31,122.42,2056
2025-01-02 06:43:00,122.42,122.49,122.37,122.37,815
2025-01-02 06:44:00,122.39,122.4,122.39,122.4,90
2025-01-02 06:45:00,122.4,122.53,122.4,122.52,1941
2025-01-02 06:46:00,122.58,122.69,122.58,122.63,791
2025-01-02 06:47:00,122.67,122.7,122.63,122.68,555
2025-01-02 06:48:00,122.64,122.73,122.64,122.7,559
2025-01-02 06:49:00,122.7,122.72,122.68,122.7,627
2025-01-02 06:50:00,122.64,122.66,122.55,122.57,1108
2025-01-02 06:51:00,122.53,122.55,122.51,122.51,283
2025-01-02 06:52:00,122.51,122.55,122.51,122.54,1333
2025-01-02 06:53:00,122.57,122.61,122.54,122.55,444
2025-01-02 06:54:00,122.53,122.54,122.51,122.52,1289
2025-01-02 06:55:00,122.51,122.51,122.47,122.49,517
2025-01-02 06:56:00,122.47,122.65,122.45,122.58,1128
2025-01-02 06:57:00,122.53,122.68,122.51,122.56,1168
2025-01-02 06:58:00,122.58,122.58,122.55,122.56,160
2025-01-02 06:59:00,122.55,122.64,122.55,122.64,771
2025-01-02 07:00:00,122.6,122.66,122.3,122.36,7251
2025-01-02 07:01:00,122.36,122.61,122.34,122.55,5206
2025-01-02 07:02:00,122.51,122.51,122.39,122.43,1006
2025-01-02 07:03:00,122.43,122.48,122.35,122.37,1404
2025-01-02 07:04:00,122.35,122.38,122.31,122.33,1000
2025-01-02 07:05:00,122.34,122.4,122.31,122.4,1114
2025-01-02 07:06:00,122.36,122.38,122.33,122.33,901
2025-01-02 07:07:00,122.34,122.39,122.27,122.33,1120
2025-01-02 07:08:00,122.29,122.33,122.25,122.27,336
2025-01-02 07:09:00,122.27,122.35,122.27,122.3,4842
2025-01-02 07:10:00,122.33,122.34,122.29,122.3,322
2025-01-02 07:11:00,122.32,122.32,122.25,122.26,1220
2025-01-02 07:12:00,122.25,122.33,122.23,122.3,988
2025-01-02 07:13:00,122.31,122.31,122.15,122.24,18756
2025-01-02 07:14:00,122.3,122.32,122.25,122.31,256
2025-01-02 07:15:00,122.26,122.4,122.25,122.4,2248
2025-01-02 07:16:00,122.39,122.45,122.39,122.45,1292
2025-01-02 07:17:00,122.45,122.48,122.41,122.47,1010
2025-01-02 07:18:00,122.43,122.47,122.39,122.4,846
2025-01-02 07:19:00,122.4,122.43,122.39,122.42,341
2025-01-02 07:20:00,122.42,122.42,122.35,122.35,188
2025-01-02 07:21:00,122.35,122.39,122.34,122.36,400
2025-01-02 07:22:00,122.38,122.38,122.31,122.34,502
2025-01-02 07:23:00,122.36,122.36,122.29,122.31,1123
2025-01-02 07:24:00,122.34,122.34,122.29,122.33,184
2025-01-02 07:25:00,122.31,122.37,122.31,122.33,743
2025-01-02 07:26:00,122.34,122.34,122.32,122.32,303
2025-01-02 07:27:00,122.32,122.32,122.26,122.29,618
2025-01-02 07:28:00,122.3,122.37,122.3,122.35,1036
2025-01-02 07:29:00,122.36,122.37,122.35,122.35,931
2025-01-02 07:30:00,122.36,122.44,122.35,122.39,2480
2025-01-02 07:31:00,122.35,122.35,122.28,122.28,1684
2025-01-02 07:32:00,122.29,122.31,122.26,122.3,427
2025-01-02 07:33:00,122.31,122.31,122.3,122.31,1034
2025-01-02 07:34:00,122.3,122.31,122.3,122.3,462
2025-01-02 07:35:00,122.3,122.31,122.3,122.31,682
2025-01-02 07:36:00,122.3,122.31,122.3,122.3,855
2025-01-02 07:37:00,122.31,122.31,122.29,122.29,1201
2025-01-02 07:38:00,122.31,122.31,122.31,122.31,112
2025-01-02 07:39:00,122.31,122.31,122.3,122.3,351
2025-01-02 07:40:00,122.31,122.34,122.3,122.34,1140
2025-01-02 07:41:00,122.34,122.42,122.29,122.29,2454
2025-01-02 07:42:00,122.34,122.37,122.3,122.32,514
2025-01-02 07:43:00,122.34,122.39,122.27,122.27,6563
2025-01-02 07:44:00,122.29,122.29,122.27,122.28,795
2025-01-02 07:45:00,122.29,122.35,122.28,122.31,1704
2025-01-02 07:46:00,122.33,122.33,122.27,122.31,1282
2025-01-02 07:47:00,122.28,122.28,122.26,122.28,434
2025-01-02 07:48:00,122.3,122.35,122.26,122.26,2136
2025-01-02 07:49:00,122.28,122.32,122.23,122.27,3106
2025-01-02 07:50:00,122.26,122.28,122.23,122.25,1730
2025-01-02 07:51:00,122.25,122.27,122.17,122.17,2377
2025-01-02 07:52:00,122.22,122.22,122.11,122.16,1859
2025-01-02 07:53:00,122.2,122.23,122.18,122.2,736
2025-01-02 07:54:00,122.23,122.23,122.19,122.22,569
2025-01-02 07:55:00,122.2,122.25,122.2,122.25,2528
2025-01-02 07:56:00,122.27,122.3,122.26,122.27,725
2025-01-02 07:57:00,122.3,122.32,122.25,122.3,1684
2025-01-02 07:58:00,122.31,122.32,122.25,122.25,162
2025-01-02 07:59:00,122.28,122.32,122.25,122.29,425
2025-01-02 08:00:00,122.61,122.74,121.64,122.1669,134125
2025-01-02 08:01:00,122.61,122.7148,121.75,122.6,5132
2025-01-02 08:02:00,122.56,122.57,120.79,122.55,814
2025-01-02 08:03:00,122.47,122.54,122.375,122.38,2090
2025-01-02 08:04:00,122.45,122.45,122.38,122.45,534
2025-01-02 08:05:00,122.4492,122.45,122.3262,122.4484,818
2025-01-02 08:06:00,122.45,122.45,122.3304,122.37,569
2025-01-02 08:07:00,122.4,122.45,122.34,122.35,2631
2025-01-02 08:08:00,122.34,122.37,122.31,122.37,1113
2025-01-02 08:09:00,122.36,122.37,122.21,122.29,4896
2025-01-02 08:10:00,122.28,122.3,122.21,122.3,571
2025-01-02 08:11:00,122.29,122.3,122.25,122.25,3677
2025-01-02 08:12:00,122.3,122.3,122.2,122.265,610
2025-01-02 08:13:00,122.28,122.29,122.22,122.24,2247
2025-01-02 08:14:00,122.22,122.24,122.2,122.2,1706
2025-01-02 08:15:00,122.22,122.22,122.11,122.22,198
2025-01-02 08:16:00,122.2,122.22,122.11,122.14,1443
2025-01-02 08:17:00,122.165,122.22,122.11,122.2069,1754
2025-01-02 08:18:00,122.17,122.22,122.1114,122.13,1146
2025-01-02 08:19:00,122.125,122.22,122.0,122.0,4902
2025-01-02 08:20:00,122.0,122.22,122.0,122.085,764
2025-01-02 08:21:00,122.16,122.16,122.03,122.1,1343
2025-01-02 08:22:00,122.1,122.16,122.05,122.16,2507
2025-01-02 08:23:00,122.16,122.2199,122.105,122.2199,2306
2025-01-02 08:24:00,122.22,122.22,122.14,122.18,921
2025-01-02 08:25:00,122.18,122.18,122.06,122.18,4057
2025-01-02 08:26:00,122.18,122.18,122.12,122.12,970
2025-01-02 08:27:00,122.17,122.22,122.05,122.19,1910
2025-01-02 08:28:00,122.18,122.25,122.18,122.18,1403
2025-01-02 08:29:00,122.18,122.25,122.14,122.14,3404
2025-01-02 08:30:00,122.14,122.25,122.05,122.05,958
2025-01-02 08:31:00,122.25,122.31,122.05,122.19,3840
2025-01-02 08:32:00,122.2,122.28,122.0607,122.2,4087
2025-01-02 08:33:00,122.28,122.33,122.1566,122.24,1453
2025-01-02 08:34:00,122.22,122.33,122.1104,122.33,1790
2025-01-02 08:35:00,122.28,122.33,122.23,122.29,3956
2025-01-02 08:36:00,122.24,122.31,122.23,122.295,2043
2025-01-02 08:37:00,122.29,122.4,122.28,122.375,2740
2025-01-02 08:38:00,122.38,122.5,122.38,122.48,4388
2025-01-02 08:39:00,122.44,122.55,122.44,122.4882,10040
2025-01-02 08:40:00,122.49,122.55,122.4701,122.53,5210
2025-01-02 08:41:00,122.51,122.62,122.51,122.59,15451
2025-01-02 08:42:00,122.59,122.59,122.5,122.5393,4125
2025-01-02 08:43:00,122.53,122.58,122.48,122.5406,7639
2025-01-02 08:44:00,122.59,122.77,122.5401,122.77,24581
2025-01-02 08:45:00,122.72,122.78,122.63,122.65,6832
2025-01-02 08:46:00,122.67,122.7,122.59,122.6,3635
2025-01-02 08:47:00,122.68,122.68,122.4885,122.55,1989
2025-01-02 08:48:00,122.64,122.7,122.55,122.63,3457
2025-01-02 08:49:00,122.61,122.68,122.6,122.61,3725
2025-01-02 08:50:00,122.6,122.61,122.49,122.51,21495
2025-01-02 08:51:00,122.6,122.6,122.5,122.52,3673
2025-01-02 08:52:00,122.54,122.59,122.45,122.51,9931
2025-01-02 08:53:00,122.45,122.54,122.45,122.51,3607
2025-01-02 08:54:00,122.53,122.55,122.47,122.49,5534
2025-01-02 08:55:00,122.47,122.5,122.36,122.47,12978
2025-01-02 08:56:00,122.47,122.5,122.47,122.47,5549
2025-01-02 08:57:00,122.49,122.5,122.36,122.42,5141
2025-01-02 08:58:00,122.42,122.48,122.36,122.44,884
2025-01-02 08:59:00,122.45,122.59,122.45,122.53,6809
2025-01-02 09:00:00,122.53,122.59,122.2,122.47,11089
2025-01-02 09:01:00,122.42,122.57,122.23,122.3,13771
2025-01-02 09:02:00,122.3,122.3,122.15,122.22,4264
2025-01-02 09:03:00,122.1546,122.3,121.99,122.01,21862
2025-01-02 09:04:00,122.0799,122.08,121.95,121.96,7071
2025-01-02 09:05:00,121.99,122.07,121.95,121.99,7443
2025-01-02 09:06:00,121.96,122.15,121.96,122.08,6842
2025-01-02 09:07:00,122.08,122.15,121.99,122.0,1551
2025-01-02 09:08:00,122.0393,122.13,121.96,122.04,2461
2025-01-02 09:09:00,122.0585,122.15,122.02,122.033,3872
2025-01-02 09:10:00,122.033,122.23,122.0,122.04,6175
2025-01-02 09:11:00,122.08,122.23,121.94,122.075,4766
2025-01-02 09:12:00,122.0001,122.15,122.0,122.0,2850
2025-01-02 09:13:00,122.04,122.08,121.96,122.02,4009
2025-01-02 09:14:00,122.02,122.13,122.0,122.0901,4821
2025-01-02 09:15:00,122.1,122.21,122.0,122.18,12824
2025-01-02 09:16:00,122.19,122.21,122.12,122.1792,4022
2025-01-02 09:17:00,122.17,122.2,122.06,122.1,3709
2025-01-02 09:18:00,122.1099,122.54,122.02,122.07,2322
2025-01-02 09:19:00,122.04,122.122,122.03,122.03,943
2025-01-02 09:20:00,122.055,122.08,121.9619,122.04,3534
2025-01-02 09:21:00,122.03,122.08,122.01,122.01,2666
2025-01-02 09:22:00,122.005,122.03,122.0,122.02,4336
2025-01-02 09:23:00,122.015,122.1,122.0,122.08,4230
2025-01-02 09:24:00,122.06,122.18,122.05,122.08,2512
2025-01-02 09:25:00,122.08,122.17,121.99,122.01,4127
2025-01-02 09:26:00,122.06,122.07,121.88,122.07,1643
2025-01-02 09:27:00,122.07,122.2,122.03,122.1,3116
2025-01-02 09:28:00,122.4,122.5,122.11,122.225,9794
2025-01-02 09:29:00,122.275,122.3,122.15,122.28,5010
2025-01-02 09:30:00,122.29,122.5,122.0401,122.37,400488
2025-01-02 09:31:00,122.37,122.5,121.98,122.4,207047
2025-01-02 09:32:00,122.36,122.68,122.335,122.61,233642
2025-01-02 09:33:00,122.61,122.75,122.41,122.433,159410
2025-01-02 09:34:00,122.4621,122.61,121.97,121.98,193251
2025-01-02 09:35:00,121.96,122.0582,121.4,121.4812,186352
2025-01-02 09:36:00,121.4762,121.72,121.19,121.26,191555
2025-01-02 09:37:00,121.28,121.55,121.12,121.48,120696
2025-01-02 09:38:00,121.45,121.48,121.1,121.145,120810
2025-01-02 09:39:00,121.1459,121.23,121.0,121.025,139928
2025-01-02 09:40:00,121.04,121.2,120.86,121.11,220262
2025-01-02 09:41:00,121.1501,121.29,121.01,121.29,110080
2025-01-02 09:42:00,121.2999,121.39,121.0301,121.2462,115071
2025-01-02 09:43:00,121.23,121.56,121.23,121.425,136322
2025-01-02 09:44:00,121.42,121.89,121.37,121.89,125837
2025-01-02 09:45:00,121.9,122.15,121.7501,122.055,145425
2025-01-02 09:46:00,122.03,122.37,121.97,122.22,162164
2025-01-02 09:47:00,122.25,122.4,122.14,122.3001,138190
2025-01-02 09:48:00,122.3,122.34,122.03,122.12,97377
2025-01-02 09:49:00,122.14,122.2987,121.91,122.2987,127577
2025-01-02 09:50:00,122.3,122.66,122.23,122.32,186370
2025-01-02 09:51:00,122.34,122.47,122.2501,122.34,97400
2025-01-02 09:52:00,122.38,122.59,122.32,122.4996,143456
2025-01-02 09:53:00,122.5,122.59,122.46,122.4792,93603
2025-01-02 09:54:00,122.47,122.69,122.4316,122.65,145610
2025-01-02 09:55:00,122.665,122.8,122.5504,122.6346,180400
2025-01-02 09:56:00,122.6346,122.82,122.63,122.79,186307
2025-01-02 09:57:00,122.81,123.0,122.785,123.0,207020
2025-01-02 09:58:00,122.99,123.0744,122.764,122.847,372603
2025-01-02 09:59:00,122.8363,122.9196,122.68,122.91,158386
2025-01-02 10:00:00,122.89,123.06,122.7,122.775,164109
2025-01-02 10:01:00,122.74,122.82,122.6,122.745,129954
2025-01-02 10:02:00,122.73,122.96,122.65,122.68,180639
2025-01-02 10:03:00,122.67,122.9296,122.6578,122.7,105136
2025-01-02 10:04:00,122.71,122.94,122.68,122.86,83312
2025-01-02 10:05:00,122.89,122.99,122.752,122.81,131144
2025-01-02 10:06:00,122.8,123.14,122.76,122.81,220267
2025-01-02 10:07:00,122.81,122.86,122.65,122.7285,100211
2025-01-02 10:08:00,122.75,122.76,122.55,122.74,118240
2025-01-02 10:09:00,122.765,122.8,122.5519,122.63,120047
2025-01-02 10:10:00,122.58,122.74,122.45,122.67,166743
2025-01-02 10:11:00,122.66,122.89,122.63,122.8,70478
2025-01-02 10:12:00,122.78,122.84,122.72,122.755,60242
2025-01-02 10:13:00,122.761,122.9334,122.69,122.93,72821
2025-01-02 10:14:00,122.94,122.9573,122.75,122.78,76845
2025-01-02 10:15:00,122.7503,122.83,122.65,122.795,102224
2025-01-02 10:16:00,122.81,122.93,122.7833,122.801,85714
2025-01-02 10:17:00,122.82,122.825,122.52,122.53,151615
2025-01-02 10:18:00,122.535,122.648,122.4,122.58,122134
2025-01-02 10:19:00,122.555,122.62,122.3,122.34,77545
2025-01-02 10:20:00,122.35,122.43,122.0603,122.1439,127590
2025-01-02 10:21:00,122.13,122.131,121.7899,121.885,365120
2025-01-02 10:22:00,121.8601,121.9291,121.7,121.87,117245
2025-01-02 10:23:00,121.85,121.85,121.62,121.7634,93198
2025-01-02 10:24:00,121.76,121.87,121.61,121.7474,78304
2025-01-02 10:25:00,121.73,121.93,121.6664,121.9,69793
2025-01-02 10:26:00,121.92,122.16,121.84,122.0401,88405
2025-01-02 10:27:00,122.04,122.076,121.8463,121.95,60533
2025-01-02 10:28:00,121.94,121.945,121.71,121.74,84928
2025-01-02 10:29:00,121.73,121.7616,121.64,121.7017,76736
2025-01-02 10:30:00,121.69,121.75,121.47,121.475,128794
2025-01-02 10:31:00,121.475,121.49,121.15,121.24,172111
2025-01-02 10:32:00,121.25,121.45,121.24,121.3831,130399
2025-01-02 10:33:00,121.3999,121.53,121.38,121.425,102300
2025-01-02 10:34:00,121.4264,121.67,121.4,121.495,68289
2025-01-02 10:35:00,121.49,121.5395,121.26,121.45,77730
2025-01-02 10:36:00,121.4736,121.73,121.4,121.68,93152
2025-01-02 10:37:00,121.7,121.8299,121.49,121.6199,111839
2025-01-02 10:38:00,121.58,121.62,121.4201,121.5432,67023
2025-01-02 10:39:00,121.56,121.57,121.41,121.44,61659
2025-01-02 10:40:00,121.455,121.56,121.35,121.35,93256
2025-01-02 10:41:00,121.35,121.3958,121.1238,121.1788,212419
2025-01-02 10:42:00,121.175,121.355,121.13,121.33,110230
2025-01-02 10:43:00,121.29,121.33,121.18,121.33,64154
2025-01-02 10:44:00,121.286,121.3399,121.215,121.29,38023
2025-01-02 10:45:00,121.3112,121.4,121.19,121.37,47530
2025-01-02 10:46:00,121.34,121.395,121.2287,121.245,41425
2025-01-02 10:47:00,121.245,121.29,121.1284,121.15,69025
2025-01-02 10:48:00,121.14,121.59,121.1,121.57,139824
2025-01-02 10:49:00,121.5891,121.79,121.54,121.773,137371
2025-01-02 10:50:00,121.78,121.88,121.65,121.88,104222
2025-01-02 10:51:00,121.84,121.9714,121.7516,121.88,104313
2025-01-02 10:52:00,121.87,122.0267,121.74,121.7825,103706
2025-01-02 10:53:00,121.8,121.84,121.45,121.585,113480
2025-01-02 10:54:00,121.58,121.8907,121.58,121.8612,191622
2025-01-02 10:55:00,121.855,121.8999,121.72,121.78,53307
2025-01-02 10:56:00,121.78,121.88,121.7592,121.82,34935
2025-01-02 10:57:00,121.82,121.82,121.66,121.7212,55457
2025-01-02 10:58:00,121.7203,121.79,121.5949,121.5949,35723
2025-01-02 10:59:00,121.605,121.68,121.48,121.68,77729
2025-01-02 11:00:00,121.66,121.76,121.5501,121.6639,45298
2025-01-02 11:01:00,121.62,121.7011,121.52,121.68,24878
2025-01-02 11:02:00,121.69,121.76,121.35,121.3984,118486
2025-01-02 11:03:00,121.4,121.47,121.31,121.375,56967
2025-01-02 11:04:00,121.39,121.41,121.2,121.3228,70915
2025-01-02 11:05:00,121.31,121.3999,121.21,121.315,38684
2025-01-02 11:06:00,121.3249,121.48,121.2921,121.36,68991
2025-01-02 11:07:00,121.35,121.42,121.12,121.285,68923
2025-01-02 11:08:00,121.3,121.39,121.23,121.3,49390
2025-01-02 11:09:00,121.33,121.58,121.3,121.56,71664
2025-01-02 11:10:00,121.55,121.56,121.2664,121.4,42171
2025-01-02 11:11:00,121.388,121.54,121.3247,121.515,41359
2025-01-02 11:12:00,121.53,121.58,121.2402,121.28,56584
2025-01-02 11:13:00,121.28,121.29,121.14,121.186,57866
2025-01-02 11:14:00,121.21,121.4453,121.21,121.31,47613
2025-01-02 11:15:00,121.33,121.39,121.233,121.33,37898
2025-01-02 11:16:00,121.31,121.5,121.2323,121.41,55202
2025-01-02 11:17:00,121.415,121.5,121.32,121.49,45931
2025-01-02 11:18:00,121.46,121.55,121.4,121.5148,40512
2025-01-02 11:19:00,121.527,121.6199,121.45,121.595,105095
2025-01-02 11:20:00,121.58,121.63,121.31,121.34,53504
2025-01-02 11:21:00,121.3408,121.435,121.32,121.42,49854
2025-01-02 11:22:00,121.4,121.455,121.24,121.27,64965
2025-01-02 11:23:00,121.285,121.505,121.25,121.5,71583
2025-01-02 11:24:00,121.51,121.71,121.5,121.5962,106783
2025-01-02 11:25:00,121.59,121.63,121.4801,121.5314,49712
2025-01-02 11:26:00,121.522,121.7,121.47,121.7,57898
2025-01-02 11:27:00,121.7,121.725,121.597,121.6698,58983
2025-01-02 11:28:00,121.665,121.7854,121.665,121.739,40622
2025-01-02 11:29:00,121.745,121.82,121.73,121.82,54501
2025-01-02 11:30:00,121.8,121.805,121.7,121.7438,39680
2025-01-02 11:31:00,121.73,121.7399,121.46,121.5997,113737
2025-01-02 11:32:00,121.56,121.6,121.47,121.5467,62350
2025-01-02 11:33:00,121.533,121.57,121.4,121.54,98130
2025-01-02 11:34:00,121.55,121.67,121.49,121.6342,47098
2025-01-02 11:35:00,121.63,121.71,121.61,121.705,31996
2025-01-02 11:36:00,121.71,121.71,121.58,121.608,85834
2025-01-02 11:37:00,121.605,121.605,121.4742,121.51,57001
2025-01-02 11:38:00,121.515,121.54,121.41,121.415,47157
2025-01-02 11:39:00,121.4153,121.57,121.36,121.39,65599
2025-01-02 11:40:00,121.38,121.56,121.37,121.45,54177
2025-01-02 11:41:00,121.465,121.53,121.419,121.5,38006
2025-01-02 11:42:00,121.49,121.54,121.4,121.4106,67923
2025-01-02 11:43:00,121.4,121.405,121.31,121.365,81215
2025-01-02 11:44:00,121.36,121.4,121.28,121.32,46380
2025-01-02 11:45:00,121.35,121.42,121.3,121.405,54213
2025-01-02 11:46:00,121.39,121.45,121.32,121.4,66792
2025-01-02 11:47:00,121.41,121.54,121.4,121.5009,62640
2025-01-02 11:48:00,121.5,121.677,121.46,121.6325,89499
2025-01-02 11:49:00,121.66,121.6799,121.6,121.64,60902
2025-01-02 11:50:00,121.6401,121.72,121.53,121.61,68772
2025-01-02 11:51:00,121.6111,121.71,121.56,121.7,52896
2025-01-02 11:52:00,121.7,121.71,121.47,121.5281,54656
2025-01-02 11:53:00,121.53,121.66,121.5,121.6,52084
2025-01-02 11:54:00,121.6,121.6,121.31,121.475,90080
2025-01-02 11:55:00,121.48,121.54,121.45,121.53,53103
2025-01-02 11:56:00,121.525,121.6,121.52,121.568,27289
2025-01-02 11:57:00,121.5501,121.57,121.48,121.49,23293
2025-01-02 11:58:00,121.495,121.5,121.41,121.45,43741
2025-01-02 11:59:00,121.46,121.48,121.39,121.4,78231
2025-01-02 12:00:00,121.41,121.445,121.32,121.34,60764
2025-01-02 12:01:00,121.32,121.3299,121.2,121.2702,79280
2025-01-02 12:02:00,121.29,121.36,121.17,121.26,93181
2025-01-02 12:03:00,121.2767,121.4,121.2,121.37,61195
2025-01-02 12:04:00,121.36,121.39,121.2697,121.39,52069
2025-01-02 12:05:00,121.37,121.3799,121.2437,121.25,30368
2025-01-02 12:06:00,121.25,121.335,121.1422,121.17,85063
2025-01-02 12:07:00,121.17,121.18,121.04,121.0674,88076
2025-01-02 12:08:00,121.05,121.05,120.9,121.0197,199222
2025-01-02 12:09:00,121.02,121.0399,120.9,120.965,55524
2025-01-02 12:10:00,120.97,121.12,120.95,121.105,70071
2025-01-02 12:11:00,121.1,121.2,121.08,121.18,65279
2025-01-02 12:12:00,121.19,121.26,121.19,121.2392,42029
2025-01-02 12:13:00,121.2497,121.4399,121.23,121.4002,93892
2025-01-02 12:14:00,121.4,121.42,121.33,121.3455,44164
2025-01-02 12:15:00,121.355,121.4,121.31,121.385,38898
2025-01-02 12:16:00,121.39,121.4,121.2301,121.24,104693
2025-01-02 12:17:00,121.23,121.37,121.21,121.31,32736
2025-01-02 12:18:00,121.31,121.38,121.2201,121.2499,48400
2025-01-02 12:19:00,121.24,121.27,121.15,121.245,34266
2025-01-02 12:20:00,121.26,121.2608,121.03,121.03,88593
2025-01-02 12:21:00,121.05,121.25,121.0109,121.2002,70449
2025-01-02 12:22:00,121.22,121.24,121.1211,121.14,33444
2025-01-02 12:23:00,121.125,121.14,120.97,121.01,70975
2025-01-02 12:24:00,121.015,121.015,120.85,120.9094,107944
2025-01-02 12:25:00,120.89,120.8998,120.735,120.795,144829
2025-01-02 12:26:00,120.78,120.82,120.6,120.64,134519
2025-01-02 12:27:00,120.6197,120.6239,120.46,120.5,133665
2025-01-02 12:28:00,120.517,120.56,120.41,120.47,74817
2025-01-02 12:29:00,120.4698,120.4698,120.2325,120.2776,114606
2025-01-02 12:30:00,120.28,120.28,120.02,120.067,130308
2025-01-02 12:31:00,120.0538,120.1,119.852,120.085,388169
2025-01-02 12:32:00,120.06,120.22,120.01,120.04,107087
2025-01-02 12:33:00,120.054,120.08,119.94,120.026,77188
2025-01-02 12:34:00,120.04,120.04,119.83,119.88,97823
2025-01-02 12:35:00,119.89,119.9791,119.84,119.8935,96666
2025-01-02 12:36:00,119.86,119.915,119.81,119.8802,79087
2025-01-02 12:37:00,119.875,119.875,119.6069,119.63,137258
2025-01-02 12:38:00,119.65,119.71,119.55,119.71,96914
2025-01-02 12:39:00,119.72,119.8299,119.67,119.77,95504
2025-01-02 12:40:00,119.78,119.845,119.66,119.72,157194
2025-01-02 12:41:00,119.725,119.985,119.68,119.8574,97444
2025-01-02 12:42:00,119.85,119.89,119.68,119.7893,87640
2025-01-02 12:43:00,119.79,120.02,119.79,119.97,73606
2025-01-02 12:44:00,119.9436,119.99,119.85,119.91,40120
2025-01-02 12:45:00,119.95,119.96,119.81,119.84,36424
2025-01-02 12:46:00,119.85,119.85,119.68,119.68,87335
2025-01-02 12:47:00,119.68,119.79,119.585,119.78,125116
2025-01-02 12:48:00,119.765,119.79,119.61,119.64,90890
2025-01-02 12:49:00,119.62,119.69,119.56,119.56,112580
2025-01-02 12:50:00,119.56,119.79,119.44,119.75,135792
2025-01-02 12:51:00,119.765,119.97,119.75,119.94,75264
2025-01-02 12:52:00,119.94,120.16,119.9201,120.05,93646
2025-01-02 12:53:00,120.055,120.14,120.0,120.1081,59889
2025-01-02 12:54:00,120.14,120.18,119.95,119.98,59092
2025-01-02 12:55:00,119.98,120.09,119.97,120.02,54876
2025-01-02 12:56:00,120.04,120.16,119.94,120.15,43619
2025-01-02 12:57:00,120.18,120.2,120.08,120.15,83328
2025-01-02 12:58:00,120.125,120.23,120.11,120.19,52861
2025-01-02 12:59:00,120.24,120.36,120.2028,120.28,78970
2025-01-02 13:00:00,120.28,120.28,119.97,120.02,58066
2025-01-02 13:01:00,120.0307,120.1,119.91,119.94,60403
2025-01-02 13:02:00,119.9635,120.0512,119.83,119.87,55026
2025-01-02 13:03:00,119.875,119.9,119.7543,119.8,34172
2025-01-02 13:04:00,119.7999,119.815,119.64,119.755,51360
2025-01-02 13:05:00,119.775,119.82,119.67,119.815,41764
2025-01-02 13:06:00,119.81,119.96,119.81,119.935,38076
2025-01-02 13:07:00,119.95,120.14,119.91,120.14,46364
2025-01-02 13:08:00,120.14,120.2199,120.1316,120.2191,45413
2025-01-02 13:09:00,120.205,120.3798,120.2,120.28,60029
2025-01-02 13:10:00,120.27,120.27,120.02,120.0684,58983
2025-01-02 13:11:00,120.035,120.2068,120.035,120.0584,35206
2025-01-02 13:12:00,120.04,120.11,119.97,120.0725,50563
2025-01-02 13:13:00,120.04,120.12,120.0,120.0,19610
2025-01-02 13:14:00,120.04,120.04,119.9701,119.99,37333
2025-01-02 13:15:00,119.9989,120.02,119.83,119.985,49047
2025-01-02 13:16:00,119.96,120.0984,119.92,120.04,46267
2025-01-02 13:17:00,120.04,120.14,120.02,120.04,33607
2025-01-02 13:18:00,120.03,120.15,120.0176,120.1496,26033
2025-01-02 13:19:00,120.125,120.15,120.07,120.09,18604
2025-01-02 13:20:00,120.09,120.255,120.09,120.19,44695
2025-01-02 13:21:00,120.2,120.22,119.915,119.9999,46296
2025-01-02 13:22:00,120.0,120.11,119.94,120.06,21682
2025-01-02 13:23:00,120.05,120.11,119.96,120.04,25470
2025-01-02 13:24:00,120.04,120.0508,119.995,120.02,19067
2025-01-02 13:25:00,120.03,120.03,119.94,119.9945,26842
2025-01-02 13:26:00,120.03,120.04,119.9,119.9399,20844
2025-01-02 13:27:00,119.92,120.05,119.9,120.03,27218
2025-01-02 13:28:00,120.03,120.05,119.98,120.01,15833
2025-01-02 13:29:00,120.0108,120.15,119.99,120.135,29551
2025-01-02 13:30:00,120.08,120.08,119.93,119.93,37204
2025-01-02 13:31:00,119.92,119.955,119.75,119.77,64542
2025-01-02 13:32:00,119.78,119.809,119.7,119.77,73457
2025-01-02 13:33:00,119.75,119.89,119.7028,119.8638,34353
2025-01-02 13:34:00,119.83,119.84,119.7509,119.77,42543
2025-01-02 13:35:00,119.77,119.83,119.73,119.8172,33332
2025-01-02 13:36:00,119.83,120.15,119.82,120.14,69045
2025-01-02 13:37:00,120.12,120.17,120.09,120.11,36965
2025-01-02 13:38:00,120.11,120.1178,119.9,119.9,36255
2025-01-02 13:39:00,119.89,119.9497,119.88,119.92,24663
2025-01-02 13:40:00,119.91,119.93,119.84,119.86,46177
2025-01-02 13:41:00,119.835,119.95,119.83,119.92,31232
2025-01-02 13:42:00,119.94,119.9527,119.86,119.94,20050
2025-01-02 13:43:00,119.95,120.2199,119.95,120.15,51659
2025-01-02 13:44:00,120.12,120.28,120.12,120.2501,77845
2025-01-02 13:45:00,120.25,120.27,120.16,120.19,26457
2025-01-02 13:46:00,120.21,120.247,120.13,120.1855,19210
2025-01-02 13:47:00,120.195,120.24,120.17,120.218,21785
2025-01-02 13:48:00,120.23,120.24,120.0192,120.025,32514
2025-01-02 13:49:00,120.01,120.0599,119.96,120.01,38203
2025-01-02 13:50:00,120.02,120.0367,119.87,119.89,33594
2025-01-02 13:51:00,119.9,119.99,119.9,119.92,23280
2025-01-02 13:52:00,119.9,119.9425,119.825,119.8846,92987
2025-01-02 13:53:00,119.89,119.95,119.807,119.88,31277
2025-01-02 13:54:00,119.89,119.9511,119.826,119.9462,18491
2025-01-02 13:55:00,119.94,120.098,119.94,120.065,40270
2025-01-02 13:56:00,120.0701,120.1495,120.03,120.082,29725
2025-01-02 13:57:00,120.0899,120.18,120.05,120.11,32028
2025-01-02 13:58:00,120.14,120.24,120.135,120.2,30572
2025-01-02 13:59:00,120.21,120.28,120.2,120.22,35697
2025-01-02 14:00:00,120.2144,120.29,120.16,120.24,39376
2025-01-02 14:01:00,120.24,120.28,120.16,120.21,32765
2025-01-02 14:02:00,120.15,120.29,120.14,120.28,22739
2025-01-02 14:03:00,120.29,120.45,120.29,120.34,58433
2025-01-02 14:04:00,120.38,120.48,120.36,120.4498,38603
2025-01-02 14:05:00,120.43,120.48,120.39,120.444,85472
2025-01-02 14:06:00,120.44,120.56,120.39,120.52,50449
2025-01-02 14:07:00,120.5,120.55,120.35,120.3525,52907
2025-01-02 14:08:00,120.36,120.4199,120.33,120.35,23243
2025-01-02 14:09:00,120.36,120.41,120.29,120.38,21002
2025-01-02 14:10:00,120.41,120.4491,120.36,120.41,18130
2025-01-02 14:11:00,120.406,120.5099,120.406,120.43,26375
2025-01-02 14:12:00,120.438,120.438,120.3267,120.35,20009
2025-01-02 14:13:00,120.36,120.375,120.24,120.279,29425
2025-01-02 14:14:00,120.28,120.3465,120.2655,120.29,18639
2025-01-02 14:15:00,120.305,120.4,120.25,120.29,20958
2025-01-02 14:16:00,120.25,120.32,120.21,120.2592,24169
2025-01-02 14:17:00,120.26,120.3799,120.25,120.33,23006
2025-01-02 14:18:00,120.33,120.49,120.32,120.49,48155
2025-01-02 14:19:00,120.4911,120.4911,120.32,120.38,46217
2025-01-02 14:20:00,120.385,120.39,120.29,120.33,23776
2025-01-02 14:21:00,120.33,120.43,120.33,120.41,32351
2025-01-02 14:22:00,120.405,120.53,120.38,120.52,42682
2025-01-02 14:23:00,120.55,120.6169,120.51,120.54,51131
2025-01-02 14:24:00,120.53,120.59,120.48,120.5801,35340
2025-01-02 14:25:00,120.58,120.63,120.455,120.4808,33193
2025-01-02 14:26:00,120.48,120.5008,120.42,120.5008,23425
2025-01-02 14:27:00,120.52,120.59,120.4944,120.54,31684
2025-01-02 14:28:00,120.5762,120.61,120.52,120.52,26680
2025-01-02 14:29:00,120.52,120.53,120.45,120.5,32100
2025-01-02 14:30:00,120.485,120.485,120.2801,120.3599,43143
2025-01-02 14:31:00,120.352,120.41,120.34,120.38,19934
2025-01-02 14:32:00,120.37,120.465,120.33,120.43,36942
2025-01-02 14:33:00,120.44,120.44,120.285,120.3,25133
2025-01-02 14:34:00,120.31,120.32,120.22,120.2712,39734
2025-01-02 14:35:00,120.265,120.28,120.11,120.128,47000
2025-01-02 14:36:00,120.12,120.17,120.0902,120.15,34598
2025-01-02 14:37:00,120.145,120.25,120.11,120.22,27074
2025-01-02 14:38:00,120.22,120.32,120.21,120.2712,25739
2025-01-02 14:39:00,120.2999,120.3,120.2428,120.2524,18621
2025-01-02 14:40:00,120.24,120.33,120.2001,120.33,21475
2025-01-02 14:41:00,120.3358,120.3358,120.225,120.25,16343
2025-01-02 14:42:00,120.24,120.3299,120.22,120.3125,17231
2025-01-02 14:43:00,120.31,120.338,120.19,120.2075,20422
2025-01-02 14:44:00,120.2,120.27,120.1801,120.2,17995
2025-01-02 14:45:00,120.21,120.25,120.205,120.22,15386
2025-01-02 14:46:00,120.19,120.19,120.1,120.1,29413
2025-01-02 14:47:00,120.12,120.35,120.11,120.32,127475
2025-01-02 14:48:00,120.31,120.48,120.27,120.4601,76567
2025-01-02 14:49:00,120.455,120.51,120.33,120.3387,51437
2025-01-02 14:50:00,120.34,120.39,120.31,120.3599,43073
2025-01-02 14:51:00,120.345,120.5,120.345,120.5,36303
2025-01-02 14:52:00,120.49,120.615,120.49,120.572,68583
2025-01-02 14:53:00,120.56,120.62,120.448,120.49,56882
2025-01-02 14:54:00,120.48,120.53,120.44,120.48,28269
2025-01-02 14:55:00,120.49,120.49,120.34,120.38,29246
2025-01-02 14:56:00,120.3703,120.38,120.25,120.3,50805
2025-01-02 14:57:00,120.3,120.3,120.13,120.14,35581
2025-01-02 14:58:00,120.145,120.18,120.12,120.16,36533
2025-01-02 14:59:00,120.16,120.17,120.0016,120.03,61462
2025-01-02 15:00:00,120.03,120.19,120.03,120.14,37138
2025-01-02 15:01:00,120.18,120.24,120.14,120.17,23771
2025-01-02 15:02:00,120.17,120.3,120.17,120.29,26022
2025-01-02 15:03:00,120.285,120.43,120.285,120.38,34005
2025-01-02 15:04:00,120.37,120.6,120.34,120.5607,52231
2025-01-02 15:05:00,120.56,120.5665,120.48,120.5,52145
2025-01-02 15:06:00,120.505,120.625,120.49,120.5254,43383
2025-01-02 15:07:00,120.53,120.57,120.4609,120.52,38241
2025-01-02 15:08:00,120.51,120.678,120.48,120.65,41307
2025-01-02 15:09:00,120.65,120.7,120.61,120.64,35998
2025-01-02 15:10:00,120.64,120.7219,120.61,120.686,43474
2025-01-02 15:11:00,120.69,120.748,120.64,120.74,45031
2025-01-02 15:12:00,120.73,120.89,120.72,120.89,80083
2025-01-02 15:13:00,120.9,120.96,120.87,120.94,71007
2025-01-02 15:14:00,120.93,120.95,120.87,120.895,65751
2025-01-02 15:15:00,120.87,120.887,120.77,120.8285,59842
2025-01-02 15:16:00,120.82,120.87,120.7629,120.85,76257
2025-01-02 15:17:00,120.83,120.92,120.82,120.89,46869
2025-01-02 15:18:00,120.88,120.895,120.7999,120.86,34504
2025-01-02 15:19:00,120.82,120.91,120.81,120.88,38694
2025-01-02 15:20:00,120.89,120.91,120.78,120.79,38258
2025-01-02 15:21:00,120.78,120.91,120.74,120.8,60110
2025-01-02 15:22:00,120.79,120.92,120.79,120.8409,48092
2025-01-02 15:23:00,120.83,120.87,120.77,120.87,63366
2025-01-02 15:24:00,120.87,120.87,120.77,120.81,76602
2025-01-02 15:25:00,120.81,120.89,120.7601,120.78,44736
2025-01-02 15:26:00,120.765,120.8509,120.765,120.81,44796
2025-01-02 15:27:00,120.82,120.93,120.82,120.92,80883
2025-01-02 15:28:00,120.92,121.01,120.91,120.9646,76515
2025-01-02 15:29:00,120.965,121.03,120.92,120.94,69705
2025-01-02 15:30:00,120.939,121.0,120.83,120.87,79183
2025-01-02 15:31:00,120.86,121.1,120.835,121.0675,86347
2025-01-02 15:32:00,121.06,121.102,120.96,121.06,58692
2025-01-02 15:33:00,121.06,121.07,120.92,120.96,61774
2025-01-02 15:34:00,120.955,120.9698,120.8601,120.9399,62792
2025-01-02 15:35:00,120.94,120.9401,120.73,120.74,129834
2025-01-02 15:36:00,120.74,120.85,120.73,120.8399,62386
2025-01-02 15:37:00,120.84,120.86,120.705,120.83,77180
2025-01-02 15:38:00,120.81,120.85,120.78,120.8,46607
2025-01-02 15:39:00,120.79,120.79,120.62,120.7052,63596
2025-01-02 15:40:00,120.71,120.82,120.71,120.78,56909
2025-01-02 15:41:00,120.765,120.82,120.6992,120.78,58940
2025-01-02 15:42:00,120.81,120.83,120.733,120.77,57662
2025-01-02 15:43:00,120.76,120.79,120.67,120.7211,40798
2025-01-02 15:44:00,120.73,120.75,120.6211,120.66,45814
2025-01-02 15:45:00,120.67,120.7899,120.62,120.7899,48500
2025-01-02 15:46:00,120.78,121.03,120.779,120.8921,86074
2025-01-02 15:47:00,120.89,120.94,120.81,120.93,39278
2025-01-02 15:48:00,120.9196,120.99,120.8721,120.91,67195
2025-01-02 15:49:00,120.91,121.0,120.91,120.96,40926
2025-01-02 15:50:00,120.96,121.0,120.85,120.85,107771
2025-01-02 15:51:00,120.8521,120.89,120.73,120.75,98965
2025-01-02 15:52:00,120.74,120.9122,120.68,120.9122,92436
2025-01-02 15:53:00,120.9159,121.015,120.8755,120.9,81316
2025-01-02 15:54:00,120.89,120.96,120.78,120.82,155632
2025-01-02 15:55:00,120.8,120.8,120.6,120.72,174779
2025-01-02 15:56:00,120.71,120.76,120.605,120.62,127147
2025-01-02 15:57:00,120.616,120.69,120.605,120.645,103331
2025-01-02 15:58:00,120.645,120.675,120.55,120.605,182113
2025-01-02 15:59:00,120.61,120.67,120.5,120.63,421221
2025-01-02 16:00:00,120.63,120.8,120.5007,120.7,3965146
2025-01-02 16:01:00,120.7,120.92,120.63,120.9,23355
2025-01-02 16:02:00,120.77,120.99,120.63,120.9585,82580
2025-01-02 16:03:00,120.9484,120.95,120.63,120.8118,3599
2025-01-02 16:04:00,120.85,120.95,120.84,120.885,1867
2025-01-02 16:05:00,120.87,120.87,120.63,120.81,5913
2025-01-02 16:06:00,120.81,120.81,120.75,120.75,2997
2025-01-02 16:07:00,120.75,120.81,120.63,120.81,14157
2025-01-02 16:08:00,120.81,120.81,120.63,120.74,7412
2025-01-02 16:09:00,120.75,120.81,120.7,120.81,494
2025-01-02 16:10:00,120.76,120.81,120.7225,120.79,181
2025-01-02 16:11:00,120.77,120.8,120.63,120.77,11390
2025-01-02 16:12:00,120.75,120.8,120.75,120.7999,1212
2025-01-02 16:13:00,120.8,120.8,120.78,120.785,446
2025-01-02 16:14:00,120.7998,120.81,120.7672,120.8,4185
2025-01-02 16:15:00,120.805,120.81,120.63,120.7611,4174
2025-01-02 16:16:00,120.78,120.81,120.76,120.81,5053
2025-01-02 16:17:00,120.8096,120.8096,120.76,120.775,943
2025-01-02 16:18:00,120.79,120.8,120.74,120.763,1974
2025-01-02 16:19:00,120.8,120.81,120.72,120.72,2734
2025-01-02 16:20:00,120.8,120.89,120.75,120.785,5493
2025-01-02 16:21:00,120.84,120.85,120.72,120.84,179
2025-01-02 16:22:00,120.849,120.85,120.72,120.84,295
2025-01-02 16:23:00,120.85,120.85,120.72,120.79,2014
2025-01-02 16:24:00,120.72,120.84,120.72,120.75,520
2025-01-02 16:25:00,120.8,120.89,120.75,120.82,1517
2025-01-02 16:26:00,120.89,120.89,120.78,120.78,1245
2025-01-02 16:27:00,120.89,120.89,120.78,120.815,675
2025-01-02 16:28:00,120.815,121.05,120.815,121.04,7171
2025-01-02 16:29:00,121.0485,121.06,121.0,121.0,8349
2025-01-02 16:30:00,120.95,121.0,120.9,120.95,1695
2025-01-02 16:31:00,120.95,121.0,120.9,120.944,2540
2025-01-02 16:32:00,120.944,121.0,120.89,120.9,896
2025-01-02 16:33:00,120.79,120.91,120.79,120.8998,759
2025-01-02 16:34:00,120.845,120.9,120.79,120.8996,738
2025-01-02 16:35:00,120.9,120.9,120.81,120.845,10338
2025-01-02 16:36:00,120.89,120.9,120.845,120.9,568
2025-01-02 16:37:00,120.9,120.94,120.86,120.94,731
2025-01-02 16:38:00,120.92,120.94,120.9,120.9399,911
2025-01-02 16:39:00,120.94,120.94,120.9,120.94,70
2025-01-02 16:40:00,120.94,120.94,120.9,120.92,42
2025-01-02 16:41:00,120.939,120.94,120.89,120.89,1062
2025-01-02 16:42:00,120.94,120.94,120.86,120.9,290
2025-01-02 16:43:00,120.9,120.93,120.85,120.85,5779
2025-01-02 16:44:00,120.875,120.9,120.85,120.875,1141
2025-01-02 16:45:00,120.8515,120.9,120.85,120.8512,571
2025-01-02 16:46:00,120.875,120.9,120.875,120.9,112
2025-01-02 16:47:00,120.9,120.9,120.8017,120.835,1961
2025-01-02 16:48:00,120.835,120.87,120.835,120.86,623
2025-01-02 16:49:00,120.86,120.87,120.63,120.87,4674
2025-01-02 16:50:00,120.84,120.86,120.81,120.85,381
2025-01-02 16:51:00,120.86,120.87,120.835,120.8694,536
2025-01-02 16:52:00,120.87,120.9,120.63,120.855,1704
2025-01-02 16:53:00,120.82,120.8996,120.81,120.89,107
2025-01-02 16:54:00,120.9,120.9,120.81,120.82,1094
2025-01-02 16:55:00,120.865,120.9,120.82,120.875,64
2025-01-02 16:56:00,120.9,120.9,120.86,120.8999,1196
2025-01-02 16:57:00,120.9,120.91,120.85,120.88,2798
2025-01-02 16:58:00,120.8803,120.94,120.88,120.91,223
2025-01-02 16:59:00,120.9,120.94,120.8809,120.93,212
2025-01-02 17:00:00,120.92,120.94,120.91,120.91,131
2025-01-02 17:01:00,120.91,120.94,120.9,120.91,584
2025-01-02 17:02:00,120.9,120.94,120.9,120.91,43
2025-01-02 17:03:00,120.9,120.91,120.9,120.905,650
2025-01-02 17:04:00,120.9,120.91,120.63,120.8642,818586
2025-01-02 17:05:00,120.88,120.91,120.88,120.895,55
2025-01-02 17:06:00,120.91,120.91,120.85,120.85,888
2025-01-02 17:07:00,120.88,120.91,120.86,120.9,135
2025-01-02 17:08:00,120.86,120.91,120.85,120.91,299
2025-01-02 17:09:00,120.86,120.91,120.8516,120.89,595
2025-01-02 17:10:00,120.91,120.91,120.8214,120.85,5012
2025-01-02 17:11:00,120.85,120.88,120.82,120.8799,1319
2025-01-02 17:12:00,120.85,120.88,120.83,120.85,71
2025-01-02 17:13:00,120.86,120.88,120.85,120.85,187
2025-01-02 17:14:00,120.88,120.88,120.82,120.86,72
2025-01-02 17:15:00,120.88,120.88,120.85,120.88,62
2025-01-02 17:16:00,120.87,120.8799,120.85,120.85,122
2025-01-02 17:17:00,120.86,120.88,120.85,120.88,636
2025-01-02 17:18:00,120.88,120.88,120.82,120.85,547
2025-01-02 17:19:00,120.88,120.88,120.85,120.88,2173
2025-01-02 17:20:00,120.95,120.95,120.9,120.91,292
2025-01-02 17:21:00,120.91,120.99,120.9,120.94,4504
2025-01-02 17:22:00,120.98,120.98,120.9001,120.97,227
2025-01-02 17:23:00,120.97,120.98,120.93,120.95,201
2025-01-02 17:24:00,120.95,129.317,120.88,120.88,556
2025-01-02 17:25:00,120.9,120.93,120.82,120.93,286
2025-01-02 17:26:00,128.9543,128.9543,120.85,120.93,357
2025-01-02 17:27:00,120.95,120.95,120.82,120.8201,941
2025-01-02 17:28:00,120.88,129.0203,120.1206,120.9,649
2025-01-02 17:29:00,120.88,127.2918,120.82,120.9,3371
2025-01-02 17:30:00,120.82,120.9,118.5039,120.886,490
2025-01-02 17:31:00,120.86,120.9,120.86,120.87,206
2025-01-02 17:32:00,120.86,120.9,120.1206,120.8589,533121
2025-01-02 17:33:00,120.8595,120.86,120.82,120.84,15970
2025-01-02 17:34:00,120.8598,120.86,118.5039,120.86,606
2025-01-02 17:35:00,120.84,120.9,120.84,120.85,196
2025-01-02 17:36:00,120.84,120.88,120.82,120.82,55
2025-01-02 17:37:00,120.88,120.92,120.82,120.87,55
2025-01-02 17:38:00,120.86,120.92,120.82,120.88,251
2025-01-02 17:39:00,120.88,120.92,120.84,120.9,532
2025-01-02 17:40:00,120.9199,120.98,120.84,120.9,39
2025-01-02 17:41:00,120.9,120.9,120.84,120.86,142
2025-01-02 17:42:00,120.8994,120.9,120.84,120.87,79
2025-01-02 17:43:00,120.85,120.87,120.84,120.87,248
2025-01-02 17:44:00,120.8698,120.87,120.84,120.84,542
2025-01-02 17:45:00,120.84,120.84,120.83,120.83,44
2025-01-02 17:46:00,120.82,120.87,120.82,120.83,418
2025-01-02 17:47:00,120.83,120.83,120.82,120.83,127
2025-01-02 17:48:00,120.8299,120.845,120.8299,120.845,193
2025-01-02 17:49:00,120.87,120.87,120.84,120.845,30
2025-01-02 17:50:00,120.85,120.87,120.82,120.826,193
2025-01-02 17:51:00,120.835,120.86,120.82,120.86,129
2025-01-02 17:52:00,120.82,120.87,120.81,120.81,352
2025-01-02 17:53:00,120.81,120.82,120.81,120.82,132
2025-01-02 17:54:00,120.8001,120.82,120.8,120.81,1044
2025-01-02 17:55:00,120.8,120.82,120.8,120.82,1028
2025-01-02 17:56:00,120.8201,120.87,120.8,120.85,1487
2025-01-02 17:57:00,120.86,120.87,120.83,120.87,75
2025-01-02 17:58:00,120.85,120.87,120.84,120.8694,217
2025-01-02 17:59:00,120.87,120.87,120.85,120.85,583
2025-01-02 18:00:00,120.85,120.9,120.835,120.87,338
2025-01-02 18:01:00,120.9,120.9,120.8,120.85,606
2025-01-02 18:02:00,120.83,120.9,120.81,120.9,371
2025-01-02 18:03:00,120.85,120.9,120.81,120.85,919
2025-01-02 18:04:00,120.85,120.86,120.8,120.86,357
2025-01-02 18:05:00,120.84,120.84,120.8,120.8385,413
2025-01-02 18:06:00,120.84,120.84,120.8,120.8,341
2025-01-02 18:07:00,120.8399,120.8399,120.76,120.8,917
2025-01-02 18:08:00,120.77,120.8,120.76,120.7985,447
2025-01-02 18:09:00,120.8,120.8382,120.77,120.77,371
2025-01-02 18:10:00,120.78,120.825,120.77,120.8,521
2025-01-02 18:11:00,120.8,120.89,120.76,120.89,51
2025-01-02 18:12:00,120.76,120.89,120.76,120.8,720
2025-01-02 18:13:00,120.825,120.83,120.76,120.76,564
2025-01-02 18:14:00,120.88,120.9,120.76,120.83,481
2025-01-02 18:15:00,120.83,120.9,120.79,120.82,54
2025-01-02 18:16:00,120.82,120.9,120.78,120.85,131
2025-01-02 18:17:00,120.8485,120.85,120.84,120.85,36
2025-01-02 18:18:00,120.85,120.85,120.805,120.85,77
2025-01-02 18:19:00,120.8488,120.85,120.7645,120.8499,155
2025-01-02 18:20:00,120.85,120.85,120.76,120.8,215
2025-01-02 18:21:00,120.8,120.81,120.78,120.799,127
2025-01-02 18:22:00,120.78,120.8,120.78,120.78,23
2025-01-02 18:23:00,120.8,120.8,120.76,120.78,707
2025-01-02 18:24:00,120.78,120.78,120.77,120.78,111
2025-01-02 18:25:00,120.8,120.8,120.76,120.76,963
2025-01-02 18:26:00,120.78,120.8,120.76,120.78,219
2025-01-02 18:27:00,120.78,120.8,120.76,120.78,548
2025-01-02 18:28:00,120.76,120.8,120.68,120.7997,11028
2025-01-02 18:29:00,120.8,120.8,120.68,120.715,288
2025-01-02 18:30:00,120.715,120.75,120.7,120.7,64
2025-01-02 18:31:00,120.7,120.7,120.6,120.68,5974
2025-01-02 18:32:00,120.75,120.75,120.61,120.75,162
2025-01-02 18:33:00,120.75,120.75,120.65,120.7,273
2025-01-02 18:34:00,120.68,120.75,120.65,120.7,208
2025-01-02 18:35:00,120.75,120.75,120.65,120.75,106
2025-01-02 18:36:00,120.75,120.75,120.65,120.75,189
2025-01-02 18:37:00,120.7,120.75,120.65,120.65,313
2025-01-02 18:38:00,120.65,120.75,120.65,120.73,454
2025-01-02 18:39:00,120.68,120.75,120.65,120.75,241
2025-01-02 18:40:00,120.71,120.75,120.67,120.75,593
2025-01-02 18:41:00,120.66,120.75,120.6502,120.72,999
2025-01-02 18:42:00,120.72,124.45,120.695,120.695,545
2025-01-02 18:43:00,120.695,120.73,120.68,120.68,77
2025-01-02 18:44:00,120.68,120.74,120.68,120.68,1282
2025-01-02 18:45:00,120.7,120.7188,120.7,120.7182,3
2025-01-02 18:46:00,120.7184,120.72,120.69,120.7,277
2025-01-02 18:47:00,120.7,120.71,120.69,120.7099,141
2025-01-02 18:48:00,120.7,120.71,120.66,120.685,572
2025-01-02 18:49:00,120.66,120.7092,120.66,120.66,52
2025-01-02 18:50:00,120.7,120.71,120.65,120.68,732
2025-01-02 18:51:00,120.68,120.704,120.62,120.704,2554
2025-01-02 18:52:00,120.71,120.71,120.65,120.65,11
2025-01-02 18:53:00,120.68,120.7,120.62,120.665,1230
2025-01-02 18:54:00,120.66,120.665,120.62,120.665,431
2025-01-02 18:55:00,120.71,120.71,120.62,120.71,1002
2025-01-02 18:56:00,120.65,120.71,120.62,120.71,367
2025-01-02 18:57:00,120.66,120.71,120.63,120.71,2019
2025-01-02 18:58:00,120.665,120.71,120.62,120.665,145
2025-01-02 18:59:00,120.665,120.71,120.665,120.67,185
2025-01-02 19:00:00,120.68,120.7,120.67,120.69,64
2025-01-02 19:01:00,120.68,120.7,120.62,120.6909,318
2025-01-02 19:02:00,120.66,120.7,120.66,120.7,128
2025-01-02 19:03:00,120.68,120.69,120.65,120.66,536
2025-01-02 19:04:00,120.66,120.7,120.6201,120.65,35
2025-01-02 19:05:00,120.65,120.65,120.64,120.6494,47
2025-01-02 19:06:00,120.6498,120.7,120.64,120.65,938
2025-01-02 19:07:00,120.7,120.7,120.65,120.675,4117
2025-01-02 19:08:00,120.7,120.71,120.65,120.68,1870
2025-01-02 19:09:00,120.66,120.75,120.66,120.75,861
2025-01-02 19:10:00,120.74,120.75,120.63,120.7499,4474
2025-01-02 19:11:00,120.75,120.75,120.7,120.74,1002
2025-01-02 19:12:00,120.75,120.75,120.72,120.72,674
2025-01-02 19:13:00,120.74,120.75,120.72,120.72,224
2025-01-02 19:14:00,120.69,120.8,120.69,120.75,287
2025-01-02 19:15:00,120.71,120.8,120.6959,120.75,835
2025-01-02 19:16:00,120.75,120.75,120.7,120.75,16
2025-01-02 19:17:00,120.8,120.8,120.7,120.79,200
2025-01-02 19:18:00,120.79,120.8,120.7,120.8,220
2025-01-02 19:19:00,120.7799,120.8,120.75,120.799,589
2025-01-02 19:20:00,120.79,120.7999,120.76,120.76,863
2025-01-02 19:21:00,120.8,120.8,120.72,120.75,77
2025-01-02 19:22:00,120.78,120.78,120.75,120.75,379
2025-01-02 19:23:00,120.78,120.79,120.7,120.745,21
2025-01-02 19:24:00,120.75,120.8,120.75,120.7998,298
2025-01-02 19:25:00,120.7981,120.8,120.76,120.76,829
2025-01-02 19:26:00,120.76,120.8,120.76,120.8,814
2025-01-02 19:27:00,120.76,120.9,120.76,120.76,3021
2025-01-02 19:28:00,120.89,120.9,120.83,120.88,424
2025-01-02 19:29:00,120.835,120.9,120.82,120.89,531
2025-01-02 19:30:00,120.89,121.0,120.88,121.0,13295
2025-01-02 19:31:00,121.0,121.05,120.95,121.01,588
2025-01-02 19:32:00,121.01,121.05,120.9544,121.02,357
2025-01-02 19:33:00,121.02,121.05,121.005,121.0491,779
2025-01-02 19:34:00,121.05,121.05,120.96,121.04,439
2025-01-02 19:35:00,121.005,121.08,120.9612,121.05,1383
2025-01-02 19:36:00,121.02,121.08,120.96,121.05,224
2025-01-02 19:37:00,121.08,121.08,120.9782,121.0,344
2025-01-02 19:38:00,121.0,121.05,120.96,121.04,216
2025-01-02 19:39:00,121.0482,121.05,121.0,121.05,615
2025-01-02 19:40:00,121.04,121.05,121.0,121.025,345
2025-01-02 19:41:00,121.025,121.07,121.0,121.07,1470
2025-01-02 19:42:00,121.06,121.07,121.0007,121.07,2333
2025-01-02 19:43:00,121.0007,121.07,121.0,121.025,832
2025-01-02 19:44:00,121.04,121.07,121.01,121.0699,1378
2025-01-02 19:45:00,121.07,121.09,121.025,121.09,277
2025-01-02 19:46:00,121.089,121.09,121.05,121.06,293
2025-01-02 19:47:00,121.09,121.18,121.02,121.09,2089
2025-01-02 19:48:00,121.09,121.09,121.02,121.09,429
2025-01-02 19:49:00,121.055,121.09,121.02,121.09,2030
2025-01-02 19:50:00,121.07,121.09,121.0301,121.06,560
2025-01-02 19:51:00,121.02,121.08,121.02,121.05,846
2025-01-02 19:52:00,121.05,121.07,121.0,121.05,1265
2025-01-02 19:53:00,121.05,121.08,121.04,121.05,95
2025-01-02 19:54:00,121.05,121.07,120.99,121.03,754
2025-01-02 19:55:00,121.02,121.03,120.995,121.0,905
2025-01-02 19:56:00,120.995,121.03,120.96,121.029,620
2025-01-02 19:57:00,120.96,121.03,120.96,121.03,3217
2025-01-02 19:58:00,121.02,121.07,120.9706,121.07,4686
2025-01-02 19:59:00,121.0,121.07,121.0,121.06,2780
2025-01-03 04:00:00,121.42,121.44,121.13,121.41,509
2025-01-03 04:01:00,121.41,121.41,121.27,121.38,1392
2025-01-03 04:02:00,121.37,121.44,121.26,121.32,763
2025-01-03 04:03:00,121.43,121.43,121.25,121.27,589
2025-01-03 04:04:00,121.34,121.49,121.3,121.44,1404
2025-01-03 04:05:00,121.47,121.5,121.45,121.48,2897
2025-01-03 04:06:00,121.48,121.66,121.48,121.61,1942
2025-01-03 04:07:00,121.6,121.65,121.57,121.57,241
2025-01-03 04:08:00,121.53,121.67,121.53,121.6,572
2025-01-03 04:09:00,121.6,121.7,121.6,121.7,404
2025-01-03 04:10:00,121.63,121.7,121.62,121.7,382
2025-01-03 04:11:00,121.62,121.68,121.58,121.66,385
2025-01-03 04:12:00,121.59,121.62,121.58,121.6,230
2025-01-03 04:13:00,121.64,121.64,121.62,121.62,364
2025-01-03 04:14:00,121.62,121.62,121.6,121.62,37
2025-01-03 04:15:00,121.6,121.64,121.6,121.6,310
2025-01-03 04:16:00,121.62,121.68,121.61,121.67,93
2025-01-03 04:17:00,121.67,121.68,121.59,121.65,319
2025-01-03 04:18:00,121.66,121.66,121.65,121.65,71
2025-01-03 04:19:00,121.62,121.62,121.49,121.49,631
2025-01-03 04:20:00,121.54,121.62,121.53,121.62,456
2025-01-03 04:21:00,121.54,121.63,121.54,121.6,1152
2025-01-03 04:22:00,121.57,121.58,121.52,121.57,187
2025-01-03 04:23:00,121.53,121.58,121.53,121.58,235
2025-01-03 04:24:00,121.54,121.61,121.53,121.58,329
2025-01-03 04:25:00,121.59,121.59,121.59,121.59,10
2025-01-03 04:26:00,121.61,121.61,121.59,121.6,22
2025-01-03 04:27:00,121.6,121.62,121.57,121.57,980
2025-01-03 04:28:00,121.57,121.57,121.53,121.53,630
2025-01-03 04:29:00,121.52,121.53,121.37,121.41,1513
2025-01-03 04:30:00,121.45,121.45,121.4,121.41,678
2025-01-03 04:31:00,121.39,121.39,121.32,121.33,381
2025-01-03 04:32:00,121.35,121.36,121.32,121.35,173
2025-01-03 04:33:00,121.35,121.35,121.33,121.34,217
2025-01-03 04:34:00,121.36,121.41,121.36,121.38,2072
2025-01-03 04:35:00,121.41,121.41,121.37,121.41,229
2025-01-03 04:36:00,121.4,121.41,121.36,121.36,992
2025-01-03 04:37:00,121.44,121.44,121.44,121.44,20
2025-01-03 04:39:00,121.39,121.39,121.39,121.39,196
2025-01-03 04:40:00,121.42,121.42,121.28,121.28,2747
2025-01-03 04:41:00,121.35,121.41,121.31,121.36,101
2025-01-03 04:42:00,121.36,121.41,121.28,121.41,150
2025-01-03 04:43:00,121.28,121.29,121.28,121.29,56
2025-01-03 04:44:00,121.31,121.41,121.3,121.41,1145
2025-01-03 04:45:00,121.4,121.42,121.33,121.39,1105
2025-01-03 04:46:00,121.38,121.42,121.36,121.42,268
2025-01-03 04:47:00,121.39,121.39,121.39,121.39,1
2025-01-03 04:48:00,121.36,121.37,121.35,121.37,478
2025-01-03 04:49:00,121.37,121.41,121.35,121.38,243
2025-01-03 04:51:00,121.38,121.38,121.38,121.38,10
2025-01-03 04:52:00,121.37,121.37,121.37,121.37,3
2025-01-03 04:53:00,121.38,121.38,121.38,121.38,1
2025-01-03 04:54:00,121.38,121.41,121.33,121.41,376
2025-01-03 04:55:00,121.41,121.55,121.41,121.55,4534
2025-01-03 04:56:00,121.54,121.55,121.54,121.54,224
2025-01-03 04:57:00,121.55,121.55,121.5,121.54,1391
2025-01-03 04:58:00,121.51,121.53,121.5,121.5,46
2025-01-03 04:59:00,121.53,121.53,121.53,121.53,1
2025-01-03 05:00:00,121.53,121.53,121.49,121.49,55
2025-01-03 05:01:00,121.41,121.41,121.36,121.38,113
2025-01-03 05:02:00,121.37,121.48,121.33,121.47,363
2025-01-03 05:03:00,121.4,121.41,121.28,121.35,938
2025-01-03 05:04:00,121.3,121.3,121.3,121.3,10
2025-01-03 05:05:00,121.35,121.35,121.32,121.32,4
2025-01-03 05:06:00,121.36,121.45,121.35,121.45,214
2025-01-03 05:07:00,121.4,121.4,121.38,121.38,70
2025-01-03 05:09:00,121.38,121.5,121.36,121.5,58
2025-01-03 05:10:00,121.46,121.48,121.46,121.48,29
2025-01-03 05:13:00,121.44,121.44,121.41,121.41,189
2025-01-03 05:14:00,121.41,121.49,121.4,121.42,261
2025-01-03 05:15:00,121.49,121.49,121.46,121.46,31
2025-01-03 05:16:00,121.44,121.44,121.44,121.44,8
2025-01-03 05:17:00,121.41,121.41,121.39,121.39,55
2025-01-03 05:18:00,121.46,121.46,121.46,121.46,12
2025-01-03 05:19:00,121.44,121.5,121.44,121.5,14
2025-01-03 05:20:00,121.47,121.49,121.47,121.49,111
2025-01-03 05:21:00,121.46,121.46,121.46,121.46,5
2025-01-03 05:22:00,121.44,121.44,121.34,121.36,526
2025-01-03 05:23:00,121.35,121.43,121.35,121.43,61
2025-01-03 05:25:00,121.43,121.49,121.43,121.49,49
2025-01-03 05:26:00,121.45,121.45,121.36,121.43,373
2025-01-03 05:27:00,121.44,121.47,121.4,121.4,79
2025-01-03 05:28:00,121.4,121.42,121.4,121.42,45
2025-01-03 05:29:00,121.44,121.48,121.44,121.45,96
2025-01-03 05:30:00,121.45,121.48,121.45,121.48,526
2025-01-03 05:31:00,121.47,121.47,121.43,121.44,735
2025-01-03 05:32:00,121.45,121.47,121.45,121.47,71
2025-01-03 05:33:00,121.47,121.47,121.47,121.47,18
2025-01-03 05:34:00,121.47,121.49,121.45,121.49,364
2025-01-03 05:35:00,121.44,121.47,121.42,121.47,183
2025-01-03 05:36:00,121.43,121.44,121.4,121.4,60
2025-01-03 05:37:00,121.41,121.45,121.36,121.45,167
2025-01-03 05:38:00,121.4,121.4,121.4,121.4,10
2025-01-03 05:39:00,121.42,121.48,121.36,121.45,1033
2025-01-03 05:40:00,121.42,121.42,121.42,121.42,3
2025-01-03 05:42:00,121.47,121.47,121.41,121.41,26
2025-01-03 05:44:00,121.43,121.49,121.42,121.42,192
2025-01-03 05:45:00,121.43,121.43,121.42,121.42,48
2025-01-03 05:46:00,121.46,121.46,121.41,121.41,158
2025-01-03 05:47:00,121.41,121.41,121.39,121.4,102
2025-01-03 05:48:00,121.39,121.39,121.37,121.37,65
2025-01-03 05:49:00,121.37,121.43,121.36,121.43,41
2025-01-03 05:50:00,121.39,121.4,121.35,121.35,56
2025-01-03 05:51:00,121.36,121.36,121.36,121.36,10
2025-01-03 05:52:00,121.35,121.35,121.33,121.33,83
2025-01-03 05:53:00,121.35,121.35,121.3,121.31,578
2025-01-03 05:54:00,121.35,121.35,121.35,121.35,3
2025-01-03 05:55:00,121.31,121.33,121.3,121.3,882
2025-01-03 05:56:00,121.32,121.32,121.3,121.3,155
2025-01-03 05:57:00,121.3,121.39,121.3,121.39,75
2025-01-03 05:58:00,121.32,121.32,121.32,121.32,7
2025-01-03 05:59:00,121.32,121.39,121.32,121.39,28
2025-01-03 06:00:00,121.32,121.4,121.32,121.39,162
2025-01-03 06:01:00,121.33,121.39,121.33,121.39,152
2025-01-03 06:02:00,121.37,121.38,121.31,121.31,226
2025-01-03 06:03:00,121.37,121.38,121.31,121.32,446
2025-01-03 06:04:00,121.31,121.31,121.31,121.31,24
2025-01-03 06:05:00,121.32,121.4,121.31,121.32,137
2025-01-03 06:06:00,121.4,121.4,121.35,121.35,60
2025-01-03 06:07:00,121.4,121.43,121.4,121.43,33
2025-01-03 06:08:00,121.4,121.4,121.32,121.4,182
2025-01-03 06:09:00,121.39,121.4,121.39,121.4,27
2025-01-03 06:10:00,121.34,121.45,121.32,121.45,2429
2025-01-03 06:11:00,121.45,121.49,121.45,121.49,58
2025-01-03 06:12:00,121.45,121.45,121.44,121.45,435
2025-01-03 06:13:00,121.49,121.5,121.48,121.48,56
2025-01-03 06:14:00,121.5,121.5,121.48,121.49,108
2025-01-03 06:15:00,121.51,121.53,121.51,121.53,37
2025-01-03 06:16:00,121.51,121.51,121.5,121.51,119
2025-01-03 06:17:00,121.52,121.52,121.48,121.48,92
2025-01-03 06:18:00,121.53,121.53,121.49,121.49,258
2025-01-03 06:19:00,121.49,121.5,121.49,121.49,173
2025-01-03 06:20:00,121.49,121.49,121.48,121.48,107
2025-01-03 06:21:00,121.49,121.49,121.49,121.49,111
2025-01-03 06:22:00,121.49,121.49,121.49,121.49,21
2025-01-03 06:23:00,121.48,121.5,121.48,121.5,161
2025-01-03 06:24:00,121.49,121.54,121.49,121.54,372
2025-01-03 06:25:00,121.54,121.57,121.5,121.57,1205
2025-01-03 06:26:00,121.58,121.6,121.55,121.59,2059
2025-01-03 06:27:00,121.59,121.69,121.59,121.69,1830
2025-01-03 06:28:00,121.67,121.74,121.67,121.7,2312
2025-01-03 06:29:00,121.63,121.7,121.63,121.63,31
2025-01-03 06:30:00,121.63,121.68,121.59,121.59,76
2025-01-03 06:31:00,121.6,121.65,121.6,121.61,100
2025-01-03 06:32:00,121.61,121.73,121.61,121.66,279
2025-01-03 06:33:00,121.65,121.7,121.63,121.64,28
2025-01-03 06:34:00,121.69,121.7,121.66,121.7,93
2025-01-03 06:35:00,121.65,121.65,121.55,121.59,1186
2025-01-03 06:36:00,121.6,121.69,121.6,121.69,1697
2025-01-03 06:37:00,121.68,121.68,121.62,121.65,48
2025-01-03 06:38:00,121.65,121.65,121.51,121.55,1131
2025-01-03 06:40:00,121.57,121.59,121.55,121.58,129
2025-01-03 06:41:00,121.57,121.57,121.54,121.54,91
2025-01-03 06:42:00,121.58,121.58,121.58,121.58,5
2025-01-03 06:43:00,121.57,121.57,121.57,121.57,2
2025-01-03 06:45:00,121.56,121.56,121.56,121.56,2
2025-01-03 06:46:00,121.56,121.57,121.54,121.54,257
2025-01-03 06:47:00,121.56,121.56,121.54,121.54,372
2025-01-03 06:48:00,121.54,121.54,121.52,121.52,85
2025-01-03 06:49:00,121.53,121.55,121.53,121.55,178
2025-01-03 06:50:00,121.52,121.52,121.43,121.45,2584
2025-01-03 06:51:00,121.5,121.52,121.49,121.49,506
2025-01-03 06:52:00,121.49,121.57,121.49,121.57,153
2025-01-03 06:54:00,121.57,121.57,121.57,121.57,50
2025-01-03 06:55:00,121.5,121.55,121.5,121.55,11
2025-01-03 06:56:00,121.55,121.55,121.5,121.54,185
2025-01-03 06:57:00,121.54,121.54,121.5,121.5,147
2025-01-03 06:58:00,121.5,121.5,121.5,121.5,22
2025-01-03 06:59:00,121.54,121.54,121.49,121.49,97
2025-01-03 07:00:00,121.49,121.5,121.4,121.42,2072
2025-01-03 07:01:00,121.42,121.43,121.34,121.35,758
2025-01-03 07:02:00,121.36,121.39,121.34,121.36,289
2025-01-03 07:03:00,121.35,121.37,121.28,121.34,1349
2025-01-03 07:04:00,121.33,121.37,121.28,121.28,969
2025-01-03 07:05:00,121.3,121.32,121.17,121.19,2044
2025-01-03 07:06:00,121.2,121.25,121.19,121.24,722
2025-01-03 07:07:00,121.24,121.25,121.22,121.22,331
2025-01-03 07:08:00,121.25,121.27,121.25,121.26,70
2025-01-03 07:09:00,121.3,121.34,121.3,121.33,689
2025-01-03 07:10:00,121.26,121.27,121.24,121.27,121
2025-01-03 07:11:00,121.28,121.28,121.24,121.24,548
2025-01-03 07:12:00,121.24,121.25,121.17,121.2,1498
2025-01-03 07:13:00,121.21,121.21,121.17,121.17,605
2025-01-03 07:14:00,121.2,121.2,121.18,121.18,359
2025-01-03 07:15:00,121.16,121.18,121.13,121.13,1353
2025-01-03 07:16:00,121.15,121.18,121.13,121.15,113
2025-01-03 07:17:00,121.15,121.19,121.1,121.11,2117
2025-01-03 07:18:00,121.1,121.14,121.02,121.06,2554
2025-01-03 07:19:00,121.11,121.11,121.07,121.07,200
2025-01-03 07:20:00,121.07,121.07,121.07,121.07,2
2025-01-03 07:21:00,121.07,121.12,121.07,121.12,446
2025-01-03 07:22:00,121.12,121.16,121.1,121.15,709
2025-01-03 07:23:00,121.14,121.19,121.14,121.17,659
2025-01-03 07:24:00,121.2,121.2,121.2,121.2,243
2025-01-03 07:25:00,121.25,121.32,121.25,121.3,603
2025-01-03 07:26:00,121.32,121.32,121.28,121.28,604
2025-01-03 07:27:00,121.32,121.32,121.32,121.32,100
2025-01-03 07:28:00,121.33,121.33,121.3,121.31,521
2025-01-03 07:29:00,121.3,121.33,121.3,121.33,82
2025-01-03 07:30:00,121.25,121.34,121.22,121.29,456
2025-01-03 07:31:00,121.3,121.32,121.3,121.32,340
2025-01-03 07:32:00,121.32,121.32,121.29,121.29,223
2025-01-03 07:33:00,121.26,121.26,121.15,121.15,959
2025-01-03 07:34:00,121.23,121.23,121.19,121.19,2
2025-01-03 07:35:00,121.19,121.2,121.19,121.2,302
2025-01-03 07:36:00,121.2,121.23,121.2,121.2,560
2025-01-03 07:37:00,121.24,121.25,121.24,121.25,40
2025-01-03 07:39:00,121.23,121.26,121.21,121.24,217
2025-01-03 07:40:00,121.24,121.3,121.24,121.29,1831
2025-01-03 07:42:00,121.22,121.22,121.22,121.22,10
2025-01-03 07:43:00,121.27,121.27,121.27,121.27,15
2025-01-03 07:44:00,121.22,121.24,121.16,121.24,1154
2025-01-03 07:45:00,121.2,121.21,121.18,121.2,1912
2025-01-03 07:46:00,121.2,121.2,121.15,121.15,2168
2025-01-03 07:47:00,121.15,121.21,121.15,121.21,252
2025-01-03 07:48:00,121.23,121.24,121.22,121.24,570
2025-01-03 07:49:00,121.21,121.23,121.21,121.23,195
2025-01-03 07:50:00,121.22,121.3,121.22,121.3,1327
2025-01-03 07:51:00,121.3,121.3,121.3,121.3,574
2025-01-03 07:52:00,121.27,121.29,121.26,121.26,137
2025-01-03 07:53:00,121.26,121.27,121.25,121.26,62
2025-01-03 07:54:00,121.26,121.3,121.26,121.28,447
2025-01-03 07:55:00,121.26,121.32,121.26,121.32,261
2025-01-03 07:56:00,121.3,121.32,121.3,121.32,310
2025-01-03 07:57:00,121.31,121.31,121.31,121.31,75
2025-01-03 07:58:00,121.31,121.31,121.27,121.27,361
2025-01-03 07:59:00,121.29,121.32,121.29,121.32,383
2025-01-03 08:00:00,121.21,121.75,120.63,121.28,91666
2025-01-03 08:01:00,121.28,121.45,121.06,121.2985,2314
2025-01-03 08:02:00,121.25,121.3,121.23,121.23,846
2025-01-03 08:03:00,121.25,121.35,121.2,121.2986,2778
2025-01-03 08:04:00,121.3,121.3791,121.25,121.36,3354
2025-01-03 08:05:00,121.36,121.39,121.24,121.3,1306
2025-01-03 08:06:00,121.3493,121.35,121.295,121.35,1476
2025-01-03 08:07:00,121.35,121.35,121.3005,121.32,744
2025-01-03 08:08:00,121.35,121.4,121.3,121.38,2697
2025-01-03 08:09:00,121.4,121.4293,121.34,121.425,4148
2025-01-03 08:10:00,121.43,121.43,121.34,121.4059,5144
2025-01-03 08:11:00,121.4,121.41,121.34,121.38,1039
2025-01-03 08:12:00,121.36,121.41,121.29,121.29,1331
2025-01-03 08:13:00,121.3,121.37,121.25,121.27,538
2025-01-03 08:14:00,121.3,121.3,121.23,121.25,326
2025-01-03 08:15:00,121.2717,121.3,121.23,121.3,228
2025-01-03 08:16:00,121.21,121.3,121.2,121.22,971
2025-01-03 08:17:00,121.22,121.2869,121.19,121.22,741
2025-01-03 08:18:00,121.23,121.3,121.2,121.25,460
2025-01-03 08:19:00,121.22,121.25,121.21,121.2483,247
2025-01-03 08:20:00,121.25,121.25,121.2,121.25,758
2025-01-03 08:21:00,121.2,121.24,121.2,121.21,1069
2025-01-03 08:22:00,121.21,121.28,121.21,121.25,833
2025-01-03 08:23:00,121.2764,121.34,121.25,121.3328,1122
2025-01-03 08:24:00,121.3,121.33,121.25,121.31,1033
2025-01-03 08:25:00,121.25,121.3,121.2039,121.24,1350
2025-01-03 08:26:00,121.21,121.2481,121.12,121.195,2261
2025-01-03 08:27:00,121.21,121.2299,121.19,121.19,564
2025-01-03 08:28:00,121.19,121.25,121.12,121.2497,2497
2025-01-03 08:29:00,121.25,121.31,121.16,121.16,2551
2025-01-03 08:30:00,121.25,121.31,121.16,121.235,434
2025-01-03 08:31:00,121.3,121.31,120.63,121.255,519120
2025-01-03 08:32:00,121.31,121.34,121.2,121.29,1724
2025-01-03 08:33:00,121.24,121.41,121.24,121.365,708
2025-01-03 08:34:00,121.41,121.41,121.2641,121.39,1607
2025-01-03 08:35:00,121.39,121.39,121.26,121.3776,284
2025-01-03 08:36:00,121.39,121.39,121.3,121.32,389
2025-01-03 08:37:00,121.32,121.34,121.28,121.3,1822
2025-01-03 08:38:00,121.3,121.34,121.26,121.3,169
2025-01-03 08:39:00,121.3,121.34,121.24,121.27,908
2025-01-03 08:40:00,121.3,121.3,121.27,121.2999,210
2025-01-03 08:41:00,121.259,121.3,121.259,121.3,774
2025-01-03 08:42:00,121.27,121.3,121.27,121.28,1313
2025-01-03 08:43:00,121.3,121.3,121.28,121.2999,1139
2025-01-03 08:44:00,121.29,121.3,121.2,121.3,2340
2025-01-03 08:45:00,121.23,121.3,121.2,121.245,1151
2025-01-03 08:46:00,121.22,121.29,121.14,121.2385,1649
2025-01-03 08:47:00,121.2399,121.2399,121.15,121.235,2344
2025-01-03 08:48:00,121.2,121.24,121.16,121.18,1153
2025-01-03 08:49:00,121.18,121.22,121.1601,121.21,1462
2025-01-03 08:50:00,121.19,121.23,121.19,121.22,1724
2025-01-03 08:51:00,121.19,121.22,121.16,121.22,972
2025-01-03 08:52:00,121.2,121.24,121.12,121.12,2945
2025-01-03 08:53:00,121.14,121.16,121.1,121.145,1429
2025-01-03 08:54:00,121.15,121.19,121.14,121.19,652
2025-01-03 08:55:00,121.16,121.2,121.12,121.2,625
2025-01-03 08:56:00,121.15,121.2,121.1061,121.2,1267
2025-01-03 08:57:00,121.15,121.2,121.1,121.1899,892
2025-01-03 08:58:00,121.15,121.19,121.1,121.15,778
2025-01-03 08:59:00,121.13,121.19,121.1,121.145,685
2025-01-03 09:00:00,121.19,121.19,121.1,121.15,968
2025-01-03 09:01:00,121.17,121.17,121.125,121.14,296
2025-01-03 09:02:00,121.15,121.19,121.11,121.19,3724
2025-01-03 09:03:00,121.19,121.29,121.19,121.29,2111
2025-01-03 09:04:00,121.23,121.25,121.1,121.2,1669
2025-01-03 09:05:00,121.2,121.26,121.15,121.24,333
2025-01-03 09:06:00,121.23,121.3,121.21,121.28,4525
2025-01-03 09:07:00,121.29,121.29,121.204,121.28,2166
2025-01-03 09:08:00,121.27,121.3,121.2,121.26,3055
2025-01-03 09:09:00,121.25,121.3,121.223,121.3,1075
2025-01-03 09:10:00,121.3,121.33,121.25,121.31,2388
2025-01-03 09:11:00,121.3,121.34,121.25,121.3,2538
2025-01-03 09:12:00,121.31,121.4,121.3007,121.375,1218
2025-01-03 09:13:00,121.38,121.4,121.35,121.3883,1994
2025-01-03 09:14:00,121.35,121.4,121.35,121.4,3108
2025-01-03 09:15:00,121.4,121.42,121.36,121.4,4199
2025-01-03 09:16:00,121.39,121.4,121.36,121.4,1369
2025-01-03 09:17:00,121.4,121.41,121.38,121.3808,473
2025-01-03 09:18:00,121.39,121.44,121.38,121.44,6372
2025-01-03 09:19:00,121.42,121.43,121.4,121.42,10102
2025-01-03 09:20:00,121.41,121.49,121.41,121.45,4425
2025-01-03 09:21:00,121.45,121.47,121.38,121.41,13438
2025-01-03 09:22:00,121.4105,122.295,121.36,121.361,3061
2025-01-03 09:23:00,121.39,121.4,119.1711,121.36,1150
2025-01-03 09:24:00,121.39,121.4,121.3501,121.36,1928
2025-01-03 09:25:00,121.4,121.77,121.27,121.54,31168
2025-01-03 09:26:00,121.54,121.65,121.505,121.65,5384
2025-01-03 09:27:00,121.62,121.7,121.49,121.5785,9282
2025-01-03 09:28:00,121.54,121.61,121.5,121.54,1877
2025-01-03 09:29:00,121.52,121.7,121.5,121.5,5622
2025-01-03 09:30:00,121.65,121.98,121.42,121.88,556722
2025-01-03 09:31:00,121.8934,122.29,121.885,122.13,283044
2025-01-03 09:32:00,122.1395,122.35,121.82,122.2904,198234
2025-01-03 09:33:00,122.285,122.846,122.2652,122.8446,247395
2025-01-03 09:34:00,122.8399,123.25,122.77,123.0019,422827
2025-01-03 09:35:00,123.0301,123.2,122.97,123.0738,245027
2025-01-03 09:36:00,123.07,123.15,122.66,123.005,271876
2025-01-03 09:37:00,123.0199,123.3,122.7947,123.28,321302
2025-01-03 09:38:00,123.25,123.37,123.1,123.31,264234
2025-01-03 09:39:00,123.31,123.36,123.163,123.27,182343
2025-01-03 09:40:00,123.26,123.3397,122.99,123.05,240453
2025-01-03 09:41:00,123.0301,123.1508,122.78,122.8889,175850
2025-01-03 09:42:00,122.87,122.89,122.55,122.75,200846
2025-01-03 09:43:00,122.77,122.89,122.69,122.86,115226
2025-01-03 09:44:00,122.87,123.05,122.73,123.05,147625
2025-01-03 09:45:00,123.04,123.04,122.68,122.745,147425
2025-01-03 09:46:00,122.82,123.0208,122.76,122.83,106078
2025-01-03 09:47:00,122.82,122.8823,122.5403,122.61,207978
2025-01-03 09:48:00,122.65,122.72,122.3892,122.5424,152610
2025-01-03 09:49:00,122.55,122.65,122.44,122.51,119251
2025-01-03 09:50:00,122.52,122.9,122.51,122.85,152954
2025-01-03 09:51:00,122.81,122.81,122.21,122.2701,209656
2025-01-03 09:52:00,122.28,122.54,122.19,122.43,187626
2025-01-03 09:53:00,122.43,122.84,122.4,122.805,113970
2025-01-03 09:54:00,122.79,122.84,122.6117,122.743,51543
2025-01-03 09:55:00,122.74,122.89,122.61,122.83,115983
2025-01-03 09:56:00,122.8361,122.86,122.7,122.82,82794
2025-01-03 09:57:00,122.82,122.8293,122.66,122.74,71101
2025-01-03 09:58:00,122.74,122.93,122.71,122.91,89315
2025-01-03 09:59:00,122.91,122.93,122.7345,122.8,96891
2025-01-03 10:00:00,122.82,122.91,122.6,122.69,141550
2025-01-03 10:01:00,122.66,122.67,122.38,122.51,127077
2025-01-03 10:02:00,122.515,122.62,122.35,122.56,96496
2025-01-03 10:03:00,122.56,122.5962,122.31,122.45,66470
2025-01-03 10:04:00,122.43,122.79,122.43,122.7099,99256
2025-01-03 10:05:00,122.695,122.85,122.62,122.66,92305
2025-01-03 10:06:00,122.6901,122.83,122.66,122.76,78317
2025-01-03 10:07:00,122.75,122.75,122.52,122.573,89088
2025-01-03 10:08:00,122.5961,122.85,122.5961,122.85,62388
2025-01-03 10:09:00,122.83,122.88,122.72,122.78,99748
2025-01-03 10:10:00,122.7715,123.1,122.7715,123.04,242725
2025-01-03 10:11:00,123.03,123.06,122.5892,122.605,118243
2025-01-03 10:12:00,122.64,122.645,122.05,122.38,210714
2025-01-03 10:13:00,122.36,122.38,122.22,122.2969,106790
2025-01-03 10:14:00,122.32,122.32,122.13,122.21,85595
2025-01-03 10:15:00,122.17,122.28,122.06,122.13,126230
2025-01-03 10:16:00,122.135,122.3437,121.97,122.09,122737
2025-01-03 10:17:00,122.06,122.1151,121.76,121.94,151662
2025-01-03 10:18:00,121.9599,122.09,121.86,122.0303,115921
2025-01-03 10:19:00,122.01,122.19,121.97,122.08,75786
2025-01-03 10:20:00,122.09,122.13,121.816,121.825,76022
2025-01-03 10:21:00,121.82,121.88,121.66,121.71,97662
2025-01-03 10:22:00,121.67,121.8848,121.62,121.88,98846
2025-01-03 10:23:00,121.854,121.96,121.84,121.94,73541
2025-01-03 10:24:00,121.93,122.29,121.89,122.2059,139153
2025-01-03 10:25:00,122.2612,122.39,122.15,122.35,104510
2025-01-03 10:26:00,122.33,122.42,122.25,122.365,71961
2025-01-03 10:27:00,122.3616,122.445,122.2701,122.323,71696
2025-01-03 10:28:00,122.35,122.46,122.29,122.4348,65491
2025-01-03 10:29:00,122.4474,122.53,122.4,122.52,93719
2025-01-03 10:30:00,122.524,122.524,122.3301,122.44,78360
2025-01-03 10:31:00,122.4897,122.49,122.38,122.465,41406
2025-01-03 10:32:00,122.4591,122.73,122.4591,122.63,99252
2025-01-03 10:33:00,122.63,122.915,122.62,122.89,93751
2025-01-03 10:34:00,122.8999,122.96,122.8544,122.9301,91060
2025-01-03 10:35:00,122.945,123.15,122.9,123.15,140238
2025-01-03 10:36:00,123.16,123.36,123.1217,123.29,211360
2025-01-03 10:37:00,123.3,123.35,123.05,123.13,139577
2025-01-03 10:38:00,123.13,123.23,123.02,123.13,118026
2025-01-03 10:39:00,123.13,123.31,123.08,123.31,102192
2025-01-03 10:40:00,123.31,123.34,123.2,123.27,158009
2025-01-03 10:41:00,123.27,123.45,123.2601,123.401,227404
2025-01-03 10:42:00,123.3901,123.6299,123.3901,123.616,179777
2025-01-03 10:43:00,123.61,123.68,123.51,123.67,148782
2025-01-03 10:44:00,123.678,123.77,123.46,123.47,144939
2025-01-03 10:45:00,123.47,123.61,123.43,123.54,127081
2025-01-03 10:46:00,123.5499,123.57,123.37,123.395,101950
2025-01-03 10:47:00,123.407,123.42,123.2801,123.3592,94945
2025-01-03 10:48:00,123.34,123.5,123.29,123.44,95040
2025-01-03 10:49:00,123.428,123.5,123.37,123.43,49803
2025-01-03 10:50:00,123.42,123.43,123.27,123.3568,86441
2025-01-03 10:51:00,123.34,123.3899,123.15,123.188,88051
2025-01-03 10:52:00,123.19,123.28,123.16,123.18,78540
2025-01-03 10:53:00,123.1799,123.19,122.98,123.065,114167
2025-01-03 10:54:00,123.07,123.11,122.93,123.06,100392
2025-01-03 10:55:00,123.06,123.08,122.85,122.96,75789
2025-01-03 10:56:00,122.9638,123.1,122.92,123.06,76314
2025-01-03 10:57:00,123.05,123.11,122.98,123.09,56232
2025-01-03 10:58:00,123.0965,123.25,123.07,123.24,61313
2025-01-03 10:59:00,123.23,123.28,123.13,123.2008,55982
2025-01-03 11:00:00,123.22,123.22,123.01,123.06,50560
2025-01-03 11:01:00,123.065,123.1699,123.02,123.04,44057
2025-01-03 11:02:00,123.02,123.18,122.9204,123.1799,94428
2025-01-03 11:03:00,123.1797,123.45,123.1797,123.32,129933
2025-01-03 11:04:00,123.3435,123.53,123.2901,123.495,99797
2025-01-03 11:05:00,123.51,123.53,123.26,123.29,91473
2025-01-03 11:06:00,123.2916,123.43,123.24,123.33,87436
2025-01-03 11:07:00,123.4,123.51,123.29,123.32,88662
2025-01-03 11:08:00,123.33,123.48,123.18,123.2462,84189
2025-01-03 11:09:00,123.26,123.34,123.19,123.23,57398
2025-01-03 11:10:00,123.24,123.336,123.2,123.3,44876
2025-01-03 11:11:00,123.3199,123.36,123.22,123.35,40575
2025-01-03 11:12:00,123.3755,123.52,123.3359,123.465,68878
2025-01-03 11:13:00,123.475,123.59,123.4401,123.5834,55533
2025-01-03 11:14:00,123.585,123.84,123.54,123.77,116784
2025-01-03 11:15:00,123.77,123.84,123.74,123.82,73096
2025-01-03 11:16:00,123.812,123.8634,123.75,123.8634,90080
2025-01-03 11:17:00,123.87,123.89,123.7,123.81,69190
2025-01-03 11:18:00,123.8,123.81,123.668,123.7,46446
2025-01-03 11:19:00,123.7,123.94,123.66,123.85,134267
2025-01-03 11:20:00,123.83,123.97,123.81,123.83,107559
2025-01-03 11:21:00,123.812,123.97,123.81,123.97,73914
2025-01-03 11:22:00,123.9603,124.04,123.86,124.0036,178438
2025-01-03 11:23:00,124.015,124.015,123.763,123.98,72284
2025-01-03 11:24:00,123.98,123.985,123.83,123.8414,70741
2025-01-03 11:25:00,123.84,124.05,123.83,123.97,68390
2025-01-03 11:26:00,123.98,123.99,123.8,123.8236,60917
2025-01-03 11:27:00,123.8299,123.94,123.76,123.915,64422
2025-01-03 11:28:00,123.93,123.95,123.84,123.86,51143
2025-01-03 11:29:00,123.865,123.95,123.8401,123.92,46184
2025-01-03 11:30:00,123.93,124.03,123.86,123.99,72674
2025-01-03 11:31:00,123.98,124.02,123.79,123.875,77104
2025-01-03 11:32:00,123.89,123.92,123.74,123.91,48272
2025-01-03 11:33:00,123.91,124.02,123.78,123.84,76498
2025-01-03 11:34:00,123.8451,123.87,123.75,123.86,51143
2025-01-03 11:35:00,123.84,123.92,123.7,123.9144,76156
2025-01-03 11:36:00,123.88,124.04,123.8609,124.01,92626
2025-01-03 11:37:00,124.01,124.1548,124.01,124.044,101981
2025-01-03 11:38:00,124.04,124.19,124.04,124.17,66384
2025-01-03 11:39:00,124.15,124.17,124.07,124.115,52401
2025-01-03 11:40:00,124.12,124.25,124.0565,124.1,85697
2025-01-03 11:41:00,124.115,124.24,124.1001,124.12,57233
2025-01-03 11:42:00,124.12,124.21,124.0801,124.2,56000
2025-01-03 11:43:00,124.21,124.28,124.1724,124.28,52631
2025-01-03 11:44:00,124.28,124.34,124.265,124.31,62354
2025-01-03 11:45:00,124.3,124.39,124.22,124.34,89035
2025-01-03 11:46:00,124.345,124.4,124.3,124.34,43912
2025-01-03 11:47:00,124.33,124.335,124.21,124.24,81600
2025-01-03 11:48:00,124.24,124.34,124.2284,124.32,48454
2025-01-03 11:49:00,124.315,124.42,124.315,124.38,66019
2025-01-03 11:50:00,124.38,124.4099,124.27,124.34,70778
2025-01-03 11:51:00,124.35,124.46,124.28,124.36,104671
2025-01-03 11:52:00,124.35,124.39,124.26,124.35,49643
2025-01-03 11:53:00,124.34,124.47,124.315,124.37,83044
2025-01-03 11:54:00,124.39,124.52,124.39,124.482,93193
2025-01-03 11:55:00,124.5,124.555,124.3815,124.42,82839
2025-01-03 11:56:00,124.44,124.46,124.32,124.34,62218
2025-01-03 11:57:00,124.3408,124.355,124.26,124.2703,45550
2025-01-03 11:58:00,124.2714,124.29,124.16,124.2682,71674
2025-01-03 11:59:00,124.27,124.38,124.25,124.38,56404
2025-01-03 12:00:00,124.38,124.53,124.37,124.4673,64686
2025-01-03 12:01:00,124.45,124.51,124.38,124.475,51309
2025-01-03 12:02:00,124.48,124.51,124.4148,124.46,34435
2025-01-03 12:03:00,124.48,124.4988,124.44,124.49,29624
2025-01-03 12:04:00,124.49,124.52,124.385,124.52,59432
2025-01-03 12:05:00,124.5113,124.55,124.42,124.44,48849
2025-01-03 12:06:00,124.43,124.485,124.37,124.44,43746
2025-01-03 12:07:00,124.44,124.48,124.38,124.465,43662
2025-01-03 12:08:00,124.469,124.48,124.425,124.4402,26632
2025-01-03 12:09:00,124.435,124.48,124.3692,124.4699,63571
2025-01-03 12:10:00,124.46,124.62,124.45,124.604,127009
2025-01-03 12:11:00,124.61,124.6815,124.56,124.58,82386
2025-01-03 12:12:00,124.58,124.64,124.37,124.37,119743
2025-01-03 12:13:00,124.39,124.45,124.27,124.3099,76839
2025-01-03 12:14:00,124.3,124.4,124.2701,124.3,40159
2025-01-03 12:15:00,124.3,124.4451,124.25,124.4104,57153
2025-01-03 12:16:00,124.43,124.46,124.35,124.35,40430
2025-01-03 12:17:00,124.33,124.345,124.27,124.2842,33111
2025-01-03 12:18:00,124.28,124.304,124.18,124.2793,53378
2025-01-03 12:19:00,124.27,124.35,124.18,124.21,49408
2025-01-03 12:20:00,124.22,124.29,124.21,124.2584,30308
2025-01-03 12:21:00,124.245,124.3,124.12,124.26,44051
2025-01-03 12:22:00,124.25,124.3,124.19,124.29,48541
2025-01-03 12:23:00,124.29,124.32,124.21,124.255,38818
2025-01-03 12:24:00,124.2511,124.36,124.24,124.327,42507
2025-01-03 12:25:00,124.3058,124.41,124.3001,124.31,33453
2025-01-03 12:26:00,124.31,124.3574,124.2486,124.29,37016
2025-01-03 12:27:00,124.3,124.32,124.11,124.1292,49897
2025-01-03 12:28:00,124.13,124.22,124.08,124.0819,48276
2025-01-03 12:29:00,124.08,124.1608,124.05,124.0501,46383
2025-01-03 12:30:00,124.08,124.21,124.0605,124.1244,42061
2025-01-03 12:31:00,124.13,124.22,124.13,124.15,20221
2025-01-03 12:32:00,124.158,124.17,124.09,124.09,42529
2025-01-03 12:33:00,124.09,124.17,124.03,124.07,42384
2025-01-03 12:34:00,124.06,124.0999,124.02,124.08,38722
2025-01-03 12:35:00,124.06,124.15,124.02,124.1,45358
2025-01-03 12:36:00,124.1087,124.12,124.055,124.07,28994
2025-01-03 12:37:00,124.05,124.07,123.95,124.07,76826
2025-01-03 12:38:00,124.06,124.06,123.93,123.9799,31497
2025-01-03 12:39:00,123.98,124.06,123.96,124.03,32436
2025-01-03 12:40:00,124.03,124.14,124.03,124.12,38792
2025-01-03 12:41:00,124.1375,124.17,124.1,124.1272,35947
2025-01-03 12:42:00,124.1119,124.15,124.06,124.115,31388
2025-01-03 12:43:00,124.13,124.21,124.0901,124.18,42332
2025-01-03 12:44:00,124.18,124.208,124.13,124.15,22981
2025-01-03 12:45:00,124.16,124.16,124.0403,124.09,35563
2025-01-03 12:46:00,124.091,124.115,123.98,124.01,37645
2025-01-03 12:47:00,124.015,124.04,123.93,123.97,58585
2025-01-03 12:48:00,123.965,124.05,123.94,124.04,38869
2025-01-03 12:49:00,124.04,124.14,124.0,124.1199,34806
2025-01-03 12:50:00,124.1092,124.1898,124.0986,124.14,52107
2025-01-03 12:51:00,124.14,124.19,124.135,124.165,33586
2025-01-03 12:52:00,124.175,124.28,124.15,124.25,50189
2025-01-03 12:53:00,124.258,124.258,124.13,124.18,28762
2025-01-03 12:54:00,124.18,124.18,124.11,124.1101,26164
2025-01-03 12:55:00,124.13,124.13,124.04,124.06,32381
2025-01-03 12:56:00,124.059,124.06,123.92,123.926,45282
2025-01-03 12:57:00,123.915,123.9999,123.87,123.9999,43574
2025-01-03 12:58:00,123.995,124.0,123.9401,123.99,27961
2025-01-03 12:59:00,123.995,124.01,123.92,123.96,31024
2025-01-03 13:00:00,123.96,123.96,123.81,123.8301,37052
2025-01-03 13:01:00,123.85,123.8777,123.82,123.8777,31589
2025-01-03 13:02:00,123.8768,124.02,123.84,123.9899,46991
2025-01-03 13:03:00,123.97,124.0,123.93,123.9401,22338
2025-01-03 13:04:00,123.94,123.99,123.91,123.95,24982
2025-01-03 13:05:00,123.945,123.98,123.88,123.98,28930
2025-01-03 13:06:00,123.97,123.98,123.9,123.98,31591
2025-01-03 13:07:00,123.98,124.16,123.9746,124.14,64281
2025-01-03 13:08:00,124.14,124.25,124.135,124.238,85830
2025-01-03 13:09:00,124.235,124.275,124.16,124.218,65663
2025-01-03 13:10:00,124.22,124.25,124.175,124.175,26787
2025-01-03 13:11:00,124.18,124.23,124.133,124.17,46395
2025-01-03 13:12:00,124.18,124.25,124.17,124.1792,30487
2025-01-03 13:13:00,124.185,124.2685,124.18,124.26,61727
2025-01-03 13:14:00,124.26,124.33,124.22,124.32,58338
2025-01-03 13:15:00,124.312,124.315,124.22,124.26,28469
2025-01-03 13:16:00,124.23,124.33,124.23,124.295,30380
2025-01-03 13:17:00,124.275,124.3,124.21,124.25,57220
2025-01-03 13:18:00,124.24,124.26,124.22,124.22,31418
2025-01-03 13:19:00,124.22,124.24,124.15,124.19,61444
2025-01-03 13:20:00,124.2,124.26,124.16,124.25,51728
2025-01-03 13:21:00,124.25,124.255,124.15,124.1701,31218
2025-01-03 13:22:00,124.1911,124.2,124.15,124.18,22812
2025-01-03 13:23:00,124.185,124.1999,124.15,124.1781,20041
2025-01-03 13:24:00,124.17,124.22,124.15,124.1901,25411
2025-01-03 13:25:00,124.21,124.25,124.21,124.25,53229
2025-01-03 13:26:00,124.245,124.25,124.2,124.21,53228
2025-01-03 13:27:00,124.21,124.2337,124.19,124.2036,20589
2025-01-03 13:28:00,124.206,124.26,124.2001,124.25,65572
2025-01-03 13:29:00,124.24,124.44,124.22,124.4,129798
2025-01-03 13:30:00,124.3959,124.425,124.31,124.42,55969
2025-01-03 13:31:00,124.43,124.58,124.4101,124.4911,75118
2025-01-03 13:32:00,124.5,124.558,124.429,124.45,45044
2025-01-03 13:33:00,124.44,124.48,124.37,124.38,43743
2025-01-03 13:34:00,124.38,124.39,124.26,124.3684,65099
2025-01-03 13:35:00,124.37,124.47,124.368,124.44,33974
2025-01-03 13:36:00,124.45,124.4575,124.3402,124.4108,71124
2025-01-03 13:37:00,124.4162,124.47,124.411,124.45,20725
2025-01-03 13:38:00,124.46,124.48,124.25,124.33,83742
2025-01-03 13:39:00,124.34,124.3799,124.31,124.3102,33048
2025-01-03 13:40:00,124.32,124.37,124.29,124.304,33357
2025-01-03 13:41:00,124.305,124.39,124.27,124.375,37515
2025-01-03 13:42:00,124.3686,124.37,124.27,124.28,34408
2025-01-03 13:43:00,124.2954,124.3384,124.268,124.27,18947
2025-01-03 13:44:00,124.27,124.28,124.18,124.23,49577
2025-01-03 13:45:00,124.2432,124.3499,124.23,124.34,25012
2025-01-03 13:46:00,124.335,124.36,124.325,124.34,24630
2025-01-03 13:47:00,124.34,124.35,124.2404,124.3,30084
2025-01-03 13:48:00,124.3,124.3099,124.21,124.24,29148
2025-01-03 13:49:00,124.26,124.2691,124.2,124.23,28910
2025-01-03 13:50:00,124.24,124.27,124.15,124.15,27883
2025-01-03 13:51:00,124.16,124.26,124.16,124.2208,55674
2025-01-03 13:52:00,124.23,124.34,124.19,124.285,49403
2025-01-03 13:53:00,124.29,124.35,124.29,124.33,22201
2025-01-03 13:54:00,124.33,124.41,124.32,124.4,34339
2025-01-03 13:55:00,124.4,124.475,124.4,124.452,38382
2025-01-03 13:56:00,124.4592,124.54,124.4501,124.54,38544
2025-01-03 13:57:00,124.5377,124.6,124.52,124.59,39848
2025-01-03 13:58:00,124.595,124.5999,124.53,124.555,32934
2025-01-03 13:59:00,124.5503,124.6308,124.38,124.52,139256
2025-01-03 14:00:00,124.49,124.53,124.39,124.49,41689
2025-01-03 14:01:00,124.49,124.54,124.41,124.475,39224
2025-01-03 14:02:00,124.49,124.5293,124.44,124.5176,30520
2025-01-03 14:03:00,124.52,124.61,124.5,124.5,49247
2025-01-03 14:04:00,124.51,124.5608,124.4701,124.53,35597
2025-01-03 14:05:00,124.53,124.83,124.48,124.755,183569
2025-01-03 14:06:00,124.76,124.7899,124.66,124.71,77211
2025-01-03 14:07:00,124.7,124.7299,124.61,124.64,322305
2025-01-03 14:08:00,124.6299,124.65,124.59,124.635,34087
2025-01-03 14:09:00,124.6331,124.65,124.57,124.62,31868
2025-01-03 14:10:00,124.63,124.7101,124.5968,124.6737,32963
2025-01-03 14:11:00,124.67,124.72,124.66,124.695,21082
2025-01-03 14:12:00,124.695,124.7,124.64,124.68,27792
2025-01-03 14:13:00,124.67,124.77,124.65,124.75,61973
2025-01-03 14:14:00,124.756,124.8,124.6619,124.67,44724
2025-01-03 14:15:00,124.675,124.68,124.54,124.5799,42066
2025-01-03 14:16:00,124.58,124.6132,124.58,124.605,38239
2025-01-03 14:17:00,124.61,124.67,124.6,124.66,32393
2025-01-03 14:18:00,124.66,124.68,124.55,124.57,35264
2025-01-03 14:19:00,124.57,124.625,124.57,124.61,28954
2025-01-03 14:20:00,124.6162,124.65,124.58,124.5985,29639
2025-01-03 14:21:00,124.5954,124.64,124.59,124.6226,20179
2025-01-03 14:22:00,124.6246,124.629,124.51,124.5484,38836
2025-01-03 14:23:00,124.54,124.57,124.52,124.5595,30796
2025-01-03 14:24:00,124.555,124.58,124.53,124.56,41151
2025-01-03 14:25:00,124.56,124.565,124.47,124.494,38321
2025-01-03 14:26:00,124.49,124.53,124.43,124.4701,65246
2025-01-03 14:27:00,124.47,124.55,124.47,124.52,25553
2025-01-03 14:28:00,124.51,124.54,124.5,124.51,25343
2025-01-03 14:29:00,124.51,124.57,124.5001,124.57,21748
2025-01-03 14:30:00,124.56,124.56,124.47,124.47,34595
2025-01-03 14:31:00,124.4676,124.47,124.43,124.44,35800
2025-01-03 14:32:00,124.4315,124.45,124.38,124.41,49508
2025-01-03 14:33:00,124.412,124.43,124.378,124.42,30453
2025-01-03 14:34:00,124.4,124.44,124.38,124.4003,37145
2025-01-03 14:35:00,124.4052,124.49,124.364,124.47,28982
2025-01-03 14:36:00,124.48,124.55,124.47,124.5405,49275
2025-01-03 14:37:00,124.55,124.59,124.54,124.59,50376
2025-01-03 14:38:00,124.59,124.61,124.57,124.59,39442
2025-01-03 14:39:00,124.585,124.585,124.49,124.49,41218
2025-01-03 14:40:00,124.49,124.57,124.46,124.5401,45318
2025-01-03 14:41:00,124.5446,124.55,124.4701,124.48,29961
2025-01-03 14:42:00,124.48,124.55,124.48,124.55,18920
2025-01-03 14:43:00,124.545,124.55,124.4734,124.525,26884
2025-01-03 14:44:00,124.525,124.53,124.46,124.475,28752
2025-01-03 14:45:00,124.47,124.52,124.41,124.52,44206
2025-01-03 14:46:00,124.51,124.5277,124.49,124.5,36320
2025-01-03 14:47:00,124.49,124.49,124.4,124.42,38831
2025-01-03 14:48:00,124.43,124.45,124.38,124.43,27688
2025-01-03 14:49:00,124.43,124.48,124.42,124.48,17336
2025-01-03 14:50:00,124.47,124.52,124.455,124.47,44977
2025-01-03 14:51:00,124.46,124.48,124.37,124.396,47904
2025-01-03 14:52:00,124.4,124.45,124.39,124.405,29890
2025-01-03 14:53:00,124.405,124.5,124.375,124.4538,52662
2025-01-03 14:54:00,124.47,124.55,124.455,124.55,41054
2025-01-03 14:55:00,124.55,124.55,124.4,124.4392,41293
2025-01-03 14:56:00,124.45,124.57,124.44,124.56,37487
2025-01-03 14:57:00,124.56,124.6,124.54,124.58,37121
2025-01-03 14:58:00,124.585,124.8078,124.5805,124.741,152576
2025-01-03 14:59:00,124.73,124.76,124.72,124.72,39232
2025-01-03 15:00:00,124.71,124.7445,124.64,124.725,60260
2025-01-03 15:01:00,124.73,124.74,124.6092,124.61,60025
2025-01-03 15:02:00,124.6,124.7599,124.6,124.72,42178
2025-01-03 15:03:00,124.72,124.74,124.67,124.69,41239
2025-01-03 15:04:00,124.6827,124.72,124.65,124.675,26497
2025-01-03 15:05:00,124.675,124.68,124.62,124.62,37310
2025-01-03 15:06:00,124.6392,124.79,124.6201,124.78,81035
2025-01-03 15:07:00,124.79,124.875,124.7899,124.86,55558
2025-01-03 15:08:00,124.8501,124.95,124.8501,124.92,88350
2025-01-03 15:09:00,124.92,124.94,124.875,124.93,62844
2025-01-03 15:10:00,124.925,124.96,124.88,124.915,62759
2025-01-03 15:11:00,124.895,124.91,124.835,124.84,74119
2025-01-03 15:12:00,124.8499,124.8669,124.79,124.8499,32732
2025-01-03 15:13:00,124.85,124.86,124.781,124.85,35328
2025-01-03 15:14:00,124.8476,124.91,124.83,124.8954,44143
2025-01-03 15:15:00,124.905,124.96,124.89,124.95,38745
2025-01-03 15:16:00,124.945,124.95,124.89,124.91,33263
2025-01-03 15:17:00,124.92,124.9454,124.9001,124.9454,43955
2025-01-03 15:18:00,124.94,124.985,124.92,124.9362,54628
2025-01-03 15:19:00,124.93,124.94,124.906,124.9116,48354
2025-01-03 15:20:00,124.915,124.95,124.905,124.94,54437
2025-01-03 15:21:00,124.95,124.955,124.88,124.9,36432
2025-01-03 15:22:00,124.91,125.125,124.91,125.095,242592
2025-01-03 15:23:00,125.0874,125.12,125.05,125.0679,89501
2025-01-03 15:24:00,125.0682,125.14,125.03,125.06,61736
2025-01-03 15:25:00,125.05,125.075,124.97,125.0309,100613
2025-01-03 15:26:00,125.0338,125.04,124.93,124.9776,63263
2025-01-03 15:27:00,124.9701,125.11,124.9701,125.1095,77363
2025-01-03 15:28:00,125.11,125.24,125.0901,125.23,87241
2025-01-03 15:29:00,125.23,125.28,125.2,125.255,106615
2025-01-03 15:30:00,125.255,125.255,125.12,125.124,82233
2025-01-03 15:31:00,125.1201,125.1301,125.05,125.0954,65244
2025-01-03 15:32:00,125.0925,125.16,125.02,125.0435,96134
2025-01-03 15:33:00,125.08,125.1,125.03,125.03,54153
2025-01-03 15:34:00,125.03,125.095,125.03,125.09,46644
2025-01-03 15:35:00,125.1,125.11,125.03,125.09,74624
2025-01-03 15:36:00,125.08,125.1881,125.07,125.175,116067
2025-01-03 15:37:00,125.175,125.24,125.07,125.17,77883
2025-01-03 15:38:00,125.17,125.239,125.16,125.2254,61742
2025-01-03 15:39:00,125.2287,125.2966,125.201,125.28,59521
2025-01-03 15:40:00,125.28,125.33,125.2,125.32,87987
2025-01-03 15:41:00,125.3284,125.415,125.3101,125.41,147062
2025-01-03 15:42:00,125.416,125.56,125.37,125.51,143706
2025-01-03 15:43:00,125.5,125.52,125.34,125.36,126800
2025-01-03 15:44:00,125.35,125.415,125.218,125.2384,94460
2025-01-03 15:45:00,125.235,125.3278,125.1511,125.16,85098
2025-01-03 15:46:00,125.16,125.29,125.15,125.16,77736
2025-01-03 15:47:00,125.15,125.16,125.04,125.07,76281
2025-01-03 15:48:00,125.07,125.07,124.915,124.9874,116380
2025-01-03 15:49:00,124.98,125.025,124.89,124.99,91851
2025-01-03 15:50:00,124.99,124.99,124.8601,124.926,112550
2025-01-03 15:51:00,124.925,125.05,124.83,125.05,160557
2025-01-03 15:52:00,125.04,125.1,124.96,125.06,96126
2025-01-03 15:53:00,125.06,125.15,125.04,125.08,144412
2025-01-03 15:54:00,125.09,125.2524,125.026,125.18,197242
2025-01-03 15:55:00,125.19,125.55,125.13,125.395,231712
2025-01-03 15:56:00,125.395,125.54,125.395,125.45,298236
2025-01-03 15:57:00,125.46,125.46,125.24,125.26,299680
2025-01-03 15:58:00,125.27,125.33,125.1501,125.29,261202
2025-01-03 15:59:00,125.29,125.43,125.28,125.36,543685
2025-01-03 16:00:00,125.37,125.41,125.3,125.38,5796628
2025-01-03 16:01:00,125.38,125.38,125.3,125.31,193727
2025-01-03 16:02:00,125.31,125.38,125.3,125.32,16113
2025-01-03 16:03:00,125.37,125.43,125.35,125.39,14815
2025-01-03 16:04:00,125.4,125.47,125.39,125.42,2010
2025-01-03 16:05:00,125.44,125.5,125.37,125.4999,19240
2025-01-03 16:06:00,125.48,125.51,125.37,125.5,19084
2025-01-03 16:07:00,125.49,125.55,125.47,125.5,2787
2025-01-03 16:08:00,125.55,125.55,125.47,125.5,4580
2025-01-03 16:09:00,125.5,125.5,125.37,125.4801,6271
2025-01-03 16:10:00,125.4802,125.5,125.42,125.43,8239
2025-01-03 16:11:00,125.48,125.48,125.37,125.43,1935
2025-01-03 16:12:00,125.42,125.47,125.37,125.432,4026
2025-01-03 16:13:00,125.4698,125.4698,125.43,125.45,1581
2025-01-03 16:14:00,125.43,125.45,125.43,125.44,1553
2025-01-03 16:15:00,125.43,125.45,125.37,125.42,925
2025-01-03 16:16:00,125.45,125.45,125.4,125.41,511
2025-01-03 16:17:00,125.43,125.45,125.4,125.4,3676
2025-01-03 16:18:00,125.43,125.43,125.37,125.3995,780
2025-01-03 16:19:00,125.4,125.4,125.35,125.35,28835
2025-01-03 16:20:00,125.33,125.4,125.33,125.38,1154
2025-01-03 16:21:00,125.34,125.4,125.33,125.3597,1121
2025-01-03 16:22:00,125.33,125.36,125.3001,125.3001,4580
2025-01-03 16:23:00,125.33,125.36,125.3,125.32,1059
2025-01-03 16:24:00,125.3,125.36,125.3,125.3,1276
2025-01-03 16:25:00,125.29,125.36,125.29,125.3,1197
2025-01-03 16:26:00,125.33,125.36,125.3,125.33,958
2025-01-03 16:27:00,125.32,125.36,125.3,125.35,338
2025-01-03 16:28:00,125.35,125.36,125.12,125.3,9441
2025-01-03 16:29:00,125.2,125.2782,125.2,125.27,2829
2025-01-03 16:30:00,125.27,125.34,125.24,125.25,5175
2025-01-03 16:31:00,125.28,125.31,125.2,125.28,2016
2025-01-03 16:32:00,125.275,125.275,125.06,125.2,7808
2025-01-03 16:33:00,125.185,125.19,125.13,125.18,817
2025-01-03 16:34:00,125.13,125.37,125.13,125.2,93474
2025-01-03 16:35:00,125.2,125.37,125.14,125.24,740
2025-01-03 16:36:00,125.23,125.34,125.2,125.23,244
2025-01-03 16:37:00,125.2075,125.34,125.2,125.34,524
2025-01-03 16:38:00,125.34,125.37,125.2,125.37,1393
2025-01-03 16:39:00,125.225,125.34,125.2,125.33,3572
2025-01-03 16:40:00,125.34,125.34,125.2,125.2,301
2025-01-03 16:41:00,125.31,125.327,125.2,125.2,259
2025-01-03 16:42:00,125.28,125.33,125.25,125.33,540
2025-01-03 16:43:00,125.2501,125.33,125.25,125.28,451
2025-01-03 16:44:00,125.28,125.33,125.28,125.29,293
2025-01-03 16:45:00,125.29,125.37,125.2,125.2,4770
2025-01-03 16:46:00,125.2,125.28,125.2,125.28,1095
2025-01-03 16:47:00,125.2505,125.29,125.25,125.29,149
2025-01-03 16:48:00,125.2711,125.3299,125.26,125.3,1164
2025-01-03 16:49:00,125.25,125.26,125.22,125.22,2501
2025-01-03 16:50:00,125.22,125.26,125.22,125.26,254
2025-01-03 16:51:00,125.26,125.26,124.2213,125.19,8199
2025-01-03 16:52:00,125.19,125.22,125.12,125.22,774
2025-01-03 16:53:00,125.12,125.37,121.8518,125.165,15488
2025-01-03 16:54:00,125.19,125.21,125.12,125.21,1569
2025-01-03 16:55:00,125.2,125.3,125.185,125.25,581
2025-01-03 16:56:00,125.25,125.3,125.23,125.3,268
2025-01-03 16:57:00,125.25,125.3,121.0716,125.2011,1209
2025-01-03 16:58:00,125.2,125.24,125.2,125.24,203
2025-01-03 16:59:00,125.24,125.24,125.22,125.22,1027
2025-01-03 17:00:00,125.2397,125.27,125.2,125.27,192
2025-01-03 17:01:00,125.27,125.28,125.25,125.25,276
2025-01-03 17:02:00,125.24,130.1043,125.24,125.28,694
2025-01-03 17:03:00,125.26,125.28,125.2588,125.2588,377
2025-01-03 17:04:00,125.26,125.28,125.22,125.28,900
2025-01-03 17:05:00,125.27,125.28,125.22,125.28,337
2025-01-03 17:06:00,125.28,125.28,125.22,125.22,25
2025-01-03 17:07:00,125.25,125.28,125.22,125.24,1050
2025-01-03 17:08:00,125.22,125.28,125.22,125.26,1885
2025-01-03 17:09:00,125.2793,125.29,125.26,125.29,422
2025-01-03 17:10:00,125.27,125.37,125.27,125.2701,6368
2025-01-03 17:11:00,125.22,125.3,125.22,125.29,1988
2025-01-03 17:12:00,125.29,125.3,125.26,125.2987,1700
2025-01-03 17:13:00,125.26,125.3,125.25,125.26,137
2025-01-03 17:14:00,125.275,125.3,125.25,125.26,201
2025-01-03 17:15:00,125.29,125.3,125.25,125.275,283
2025-01-03 17:16:00,125.29,125.3,125.25,125.285,102
2025-01-03 17:17:00,125.28,125.3,125.25,125.25,839
2025-01-03 17:18:00,125.2,125.29,125.2,125.245,79
2025-01-03 17:19:00,125.2,125.26,125.15,125.1895,2212
2025-01-03 17:20:00,125.19,125.2,125.15,125.2,1094
2025-01-03 17:21:00,125.18,125.2,125.18,125.19,315
2025-01-03 17:22:00,125.19,125.37,125.16,125.18,1164811
2025-01-03 17:23:00,125.18,125.2,125.18,125.2,274
2025-01-03 17:24:00,125.2,125.2,125.16,125.1602,585
2025-01-03 17:25:00,125.19,125.19,125.16,125.19,695
2025-01-03 17:26:00,125.17,125.19,125.16,125.19,172
2025-01-03 17:27:00,125.18,125.2,125.16,125.1997,5614
2025-01-03 17:28:00,125.195,125.235,125.1894,125.22,5423
2025-01-03 17:29:00,125.25,125.3,125.25,125.27,201
2025-01-03 17:30:00,125.27,125.3,125.26,125.3,296
2025-01-03 17:31:00,125.3,125.3,125.24,125.27,431
2025-01-03 17:32:00,125.3,125.38,125.29,125.37,5530
2025-01-03 17:33:00,125.37,125.37,125.31,125.37,573
2025-01-03 17:34:00,125.31,125.37,125.31,125.345,235
2025-01-03 17:35:00,125.33,125.37,125.33,125.36,156
2025-01-03 17:36:00,125.35,125.37,125.35,125.36,95
2025-01-03 17:37:00,125.37,125.3897,125.35,125.38,4141
2025-01-03 17:38:00,125.39,125.39,125.35,125.38,119
2025-01-03 17:39:00,125.37,125.39,125.35,125.39,53
2025-01-03 17:40:00,125.3899,125.39,125.35,125.39,191
2025-01-03 17:41:00,125.35,125.39,125.35,125.3884,824
2025-01-03 17:42:00,125.38,125.4,125.35,125.4,722
2025-01-03 17:43:00,125.405,125.45,125.35,125.4,591
2025-01-03 17:44:00,125.4,125.4,125.24,125.4,451
2025-01-03 17:45:00,125.32,125.4,125.24,125.3213,691
2025-01-03 17:46:00,125.36,125.4,125.244,125.35,607
2025-01-03 17:47:00,125.32,125.4,125.28,125.32,808
2025-01-03 17:48:00,125.24,125.4,125.24,125.4,1361
2025-01-03 17:49:00,125.34,125.39,125.25,125.3,201
2025-01-03 17:50:00,125.33,125.39,125.3,125.3,46
2025-01-03 17:51:00,125.335,125.335,125.24,125.24,88
2025-01-03 17:52:00,125.3845,125.39,125.24,125.3,486
2025-01-03 17:53:00,125.3,125.39,125.28,125.39,102
2025-01-03 17:54:00,125.3,125.39,125.3,125.34,134
2025-01-03 17:55:00,125.24,125.35,125.24,125.34,68
2025-01-03 17:56:00,125.345,125.365,125.315,125.3499,1572
2025-01-03 17:57:00,125.315,125.37,125.315,125.35,144
2025-01-03 17:58:00,125.38,125.39,125.24,125.3693,130
2025-01-03 17:59:00,125.36,125.38,125.24,125.35,238
2025-01-03 18:00:00,125.29,125.35,125.24,125.35,365
2025-01-03 18:01:00,125.31,125.35,125.24,125.32,398
2025-01-03 18:02:00,125.3,125.32,125.24,125.24,153
2025-01-03 18:03:00,125.28,125.35,125.26,125.35,158
2025-01-03 18:04:00,125.295,125.35,125.24,125.32,207
2025-01-03 18:05:00,125.3,125.35,125.24,125.32,510
2025-01-03 18:06:00,125.33,125.33,125.25,125.295,802
2025-01-03 18:07:00,125.34,125.34,125.295,125.34,91
2025-01-03 18:08:00,125.33,125.34,125.3,125.34,51
2025-01-03 18:09:00,125.33,125.36,125.26,125.32,1228
2025-01-03 18:10:00,125.3,125.3,125.29,125.3,95
2025-01-03 18:11:00,125.31,125.34,125.31,125.31,592
2025-01-03 18:12:00,125.32,125.34,125.3,125.3387,772
2025-01-03 18:13:00,125.32,125.34,125.3,125.32,505
2025-01-03 18:14:00,125.33,125.34,125.3013,125.32,51
2025-01-03 18:15:00,125.32,125.39,125.31,125.35,1449
2025-01-03 18:16:00,125.32,125.35,125.3,125.345,324
2025-01-03 18:17:00,125.32,125.39,125.32,125.35,580
2025-01-03 18:18:00,125.39,125.39,125.31,125.38,216
2025-01-03 18:19:00,125.35,125.39,125.31,125.35,11
2025-01-03 18:20:00,125.35,125.39,125.31,125.31,192
2025-01-03 18:21:00,125.39,125.39,125.31,125.32,157
2025-01-03 18:22:00,125.35,125.39,125.31,125.39,392
2025-01-03 18:23:00,125.33,125.38,125.3,125.37,244
2025-01-03 18:24:00,125.3,125.37,125.3,125.3,946
2025-01-03 18:25:00,125.35,125.37,125.3207,125.37,1537
2025-01-03 18:26:00,125.37,125.39,125.31,125.35,223
2025-01-03 18:27:00,125.35,125.39,125.35,125.37,384
2025-01-03 18:28:00,125.35,125.39,125.35,125.355,102
2025-01-03 18:29:00,125.35,125.39,125.32,125.38,84
2025-01-03 18:30:00,125.39,125.39,125.32,125.36,430
2025-01-03 18:31:00,125.36,125.39,125.34,125.34,1272
2025-01-03 18:32:00,125.31,125.39,125.31,125.35,353
2025-01-03 18:33:00,125.39,125.39,125.38,125.39,926
2025-01-03 18:34:00,125.31,125.3993,125.31,125.3986,126
2025-01-03 18:35:00,125.4,125.4,125.31,125.4,425
2025-01-03 18:36:00,125.35,125.4,125.31,125.4,52
2025-01-03 18:37:00,125.4,125.4,125.355,125.37,3654
2025-01-03 18:38:00,125.3701,125.4,125.37,125.4,136
2025-01-03 18:39:00,125.38,125.4,125.38,125.4,1496
2025-01-03 18:40:00,125.3992,125.4,125.37,125.37,139
2025-01-03 18:41:00,125.385,125.4,125.37,125.39,1169
2025-01-03 18:42:00,125.4,125.4,125.39,125.39,1875
2025-01-03 18:43:00,125.39,125.4,125.3738,125.39,2517
2025-01-03 18:44:00,125.385,125.4,125.38,125.39,160
2025-01-03 18:45:00,125.3999,125.4,125.39,125.4,1135
2025-01-03 18:46:00,125.395,125.4,125.39,125.3991,506
2025-01-03 18:47:00,125.39,125.39,125.38,125.39,323
2025-01-03 18:48:00,125.385,125.4,125.3701,125.385,1250
2025-01-03 18:49:00,125.4,125.4,125.37,125.375,353
2025-01-03 18:50:00,125.38,125.39,125.37,125.3896,730
2025-01-03 18:51:00,125.37,125.37,125.33,125.37,235
2025-01-03 18:52:00,125.36,125.36,125.34,125.34,190
2025-01-03 18:53:00,125.36,125.36,125.35,125.35,37
2025-01-03 18:54:00,125.36,125.39,125.3412,125.36,446
2025-01-03 18:55:00,125.37,125.38,125.37,125.37,1679
2025-01-03 18:56:00,125.38,125.39,125.37,125.38,276
2025-01-03 18:57:00,125.38,125.4,125.37,125.4,1891
2025-01-03 18:58:00,125.39,125.4,125.3722,125.38,586
2025-01-03 18:59:00,125.4,125.4,125.37,125.37,658
2025-01-03 19:00:00,125.4,125.4,125.36,125.4,139
2025-01-03 19:01:00,125.4,125.4,125.38,125.4,167
2025-01-03 19:02:00,125.38,125.4,125.38,125.38,157
2025-01-03 19:03:00,125.39,125.4,125.39,125.39,271
2025-01-03 19:04:00,125.4,125.405,125.3999,125.405,1682
2025-01-03 19:05:00,125.3901,125.405,125.39,125.4,40
2025-01-03 19:06:00,125.4,125.45,125.3901,125.42,401
2025-01-03 19:07:00,125.39,125.45,125.39,125.45,179
2025-01-03 19:08:00,125.39,125.45,125.39,125.44,346
2025-01-03 19:09:00,125.44,125.5,125.42,125.46,5556
2025-01-03 19:10:00,125.4997,125.5,125.46,125.5,205
2025-01-03 19:11:00,125.49,125.5,125.46,125.49,266
2025-01-03 19:12:00,125.5,125.5,125.48,125.49,539
2025-01-03 19:13:00,125.48,125.5,125.47,125.49,115
2025-01-03 19:14:00,125.5,125.5,125.48,125.49,307
2025-01-03 19:15:00,125.49,125.51,125.48,125.5,1216
2025-01-03 19:16:00,125.5,125.52,125.5,125.51,61
2025-01-03 19:17:00,125.51,125.52,125.49,125.52,929
2025-01-03 19:18:00,125.5196,125.52,125.49,125.51,174
2025-01-03 19:19:00,125.51,125.55,125.5,125.51,522
2025-01-03 19:20:00,125.55,125.55,125.51,125.525,461
2025-01-03 19:21:00,125.54,125.55,125.5,125.55,309
2025-01-03 19:22:00,125.55,125.55,125.5,125.54,271
2025-01-03 19:23:00,125.545,125.55,125.52,125.55,772
2025-01-03 19:24:00,125.56,125.6,125.55,125.56,864
2025-01-03 19:25:00,125.56,125.6,125.55,125.55,1124
2025-01-03 19:26:00,125.5999,125.6,125.55,125.5985,472
2025-01-03 19:27:00,125.575,125.6,125.575,125.58,105
2025-01-03 19:28:00,125.58,125.6,125.55,125.59,1173
2025-01-03 19:29:00,125.56,125.6,125.55,125.57,195
2025-01-03 19:30:00,125.6,125.6,125.56,125.57,340
2025-01-03 19:31:00,125.575,125.575,125.55,125.56,230
2025-01-03 19:32:00,125.56,125.59,125.55,125.57,255
2025-01-03 19:33:00,125.57,125.59,125.52,125.52,2246
2025-01-03 19:34:00,125.59,125.59,125.5275,125.55,1979
2025-01-03 19:35:00,125.52,125.57,125.52,125.56,316
2025-01-03 19:36:00,125.56,125.57,125.54,125.54,305
2025-01-03 19:37:00,125.5598,125.57,125.5002,125.5009,390
2025-01-03 19:38:00,125.5012,125.56,125.5,125.53,468
2025-01-03 19:39:00,125.5161,125.55,125.51,125.5393,784
2025-01-03 19:40:00,125.54,125.54,125.525,125.525,54
2025-01-03 19:41:00,125.53,125.54,125.51,125.525,60
2025-01-03 19:42:00,125.54,125.54,125.51,125.52,478
2025-01-03 19:43:00,125.54,125.54,125.5,125.5097,748
2025-01-03 19:44:00,125.5,125.51,125.48,125.48,999
2025-01-03 19:45:00,125.49,125.53,125.49,125.495,321
2025-01-03 19:46:00,125.51,125.59,125.49,125.5799,2429
2025-01-03 19:47:00,125.58,125.58,125.55,125.58,999
2025-01-03 19:48:00,125.55,125.57,125.55,125.57,277
2025-01-03 19:49:00,125.55,125.58,125.55,125.57,480
2025-01-03 19:50:00,125.57,125.58,125.57,125.575,570
2025-01-03 19:51:00,125.5798,125.58,125.57,125.57,1458
2025-01-03 19:52:00,125.57,125.58,125.55,125.58,468
2025-01-03 19:53:00,125.57,125.5797,125.5,125.5,378
2025-01-03 19:54:00,125.54,125.54,125.5,125.53,1177
2025-01-03 19:55:00,125.52,125.58,125.51,125.5799,476
2025-01-03 19:56:00,125.55,125.595,125.55,125.595,1287
2025-01-03 19:57:00,125.59,125.6,125.55,125.57,853
2025-01-03 19:58:00,125.57,125.6,125.55,125.59,944
2025-01-03 19:59:00,125.59,125.6,125.55,125.55,19451
2025-01-06 04:00:00,127.85,127.88,126.72,127.85,16915
2025-01-06 04:01:00,127.78,127.9,127.69,127.7,1742
2025-01-06 04:02:00,127.72,127.8,127.5,127.54,6496
2025-01-06 04:03:00,127.61,127.65,127.55,127.6,1811
2025-01-06 04:04:00,127.6,127.65,127.55,127.6,2913
2025-01-06 04:05:00,127.59,127.64,127.59,127.59,1915
2025-01-06 04:06:00,127.59,127.65,127.57,127.57,3418
2025-01-06 04:07:00,127.6,127.66,127.55,127.66,1763
2025-01-06 04:08:00,127.65,127.75,127.61,127.73,1885
2025-01-06 04:09:00,127.72,127.85,127.72,127.84,2689
2025-01-06 04:10:00,127.84,127.85,127.8,127.85,1647
2025-01-06 04:11:00,127.85,127.89,127.75,127.82,1712
2025-01-06 04:12:00,127.82,127.9,127.77,127.89,3406
2025-01-06 04:13:00,127.87,128.0,127.82,127.97,6267
2025-01-06 04:14:00,127.95,127.97,127.87,127.89,1726
2025-01-06 04:15:00,127.9,127.95,127.82,127.9,972
2025-01-06 04:16:00,127.85,127.98,127.83,127.97,5084
2025-01-06 04:17:00,127.98,128.06,127.83,127.85,8121
2025-01-06 04:18:00,127.96,128.0,127.9,127.98,1020
2025-01-06 04:19:00,127.96,127.98,127.87,127.88,1341
2025-01-06 04:20:00,127.9,127.9,127.85,127.9,584
2025-01-06 04:21:00,127.89,127.99,127.86,127.97,2394
2025-01-06 04:22:00,127.93,128.0,127.9,127.93,2087
2025-01-06 04:23:00,127.95,127.97,127.9,127.93,1625
2025-01-06 04:24:00,127.94,128.08,127.93,128.06,5041
2025-01-06 04:25:00,128.06,128.1,127.94,127.94,2347
2025-01-06 04:26:00,127.99,128.04,127.91,128.0,984
2025-01-06 04:27:00,128.0,128.06,127.9,127.99,1944
2025-01-06 04:28:00,128.0,128.07,127.96,128.04,2035
2025-01-06 04:29:00,128.02,128.02,127.88,127.93,6520
2025-01-06 04:30:00,127.94,127.95,127.87,127.94,2191
2025-01-06 04:31:00,127.92,127.98,127.87,127.98,1076
2025-01-06 04:32:00,127.98,128.02,127.97,128.02,1325
2025-01-06 04:33:00,128.01,128.14,128.0,128.14,888
2025-01-06 04:34:00,128.15,128.15,128.12,128.14,1270
2025-01-06 04:35:00,128.15,128.25,128.15,128.2,2841
2025-01-06 04:36:00,128.23,128.24,128.19,128.19,1314
2025-01-06 04:37:00,128.19,128.21,128.12,128.13,786
2025-01-06 04:38:00,128.13,128.13,128.08,128.12,2886
2025-01-06 04:39:00,128.12,128.13,128.0,128.01,2422
2025-01-06 04:40:00,128.02,128.06,128.02,128.06,1711
2025-01-06 04:41:00,128.05,128.11,128.05,128.07,1070
2025-01-06 04:42:00,128.1,128.12,128.09,128.11,255
2025-01-06 04:43:00,128.12,128.14,128.1,128.11,265
2025-01-06 04:44:00,128.12,128.17,128.11,128.17,308
2025-01-06 04:45:00,128.18,128.19,128.16,128.19,1800
2025-01-06 04:46:00,128.18,128.27,128.17,128.27,2833
2025-01-06 04:47:00,128.28,128.4,128.28,128.4,1975
2025-01-06 04:48:00,128.38,128.43,128.38,128.4,4004
2025-01-06 04:49:00,128.4,128.44,128.39,128.44,1891
2025-01-06 04:50:00,128.43,128.46,128.43,128.46,1751
2025-01-06 04:51:00,128.46,128.51,128.45,128.51,5889
2025-01-06 04:52:00,128.5,128.55,128.5,128.54,1698
2025-01-06 04:53:00,128.56,128.63,128.55,128.62,1726
2025-01-06 04:54:00,128.63,128.68,128.6,128.65,1773
2025-01-06 04:55:00,128.67,128.75,128.65,128.73,2729
2025-01-06 04:56:00,128.74,128.76,128.63,128.67,5862
2025-01-06 04:57:00,128.67,128.8,128.63,128.8,6117
2025-01-06 04:58:00,128.79,128.84,128.75,128.84,2487
2025-01-06 04:59:00,128.82,128.89,128.82,128.88,4700
2025-01-06 05:00:00,128.88,128.88,128.78,128.79,2084
2025-01-06 05:01:00,128.79,128.82,128.7,128.7,5255
2025-01-06 05:02:00,128.7,128.8,128.7,128.74,3500
2025-01-06 05:03:00,128.75,128.75,128.7,128.74,1707
2025-01-06 05:04:00,128.74,128.76,128.7,128.73,1116
2025-01-06 05:05:00,128.71,128.8,128.7,128.8,3297
2025-01-06 05:06:00,128.8,128.81,128.77,128.8,1050
2025-01-06 05:07:00,128.8,128.89,128.8,128.89,3442
2025-01-06 05:08:00,128.89,128.89,128.87,128.87,1005
2025-01-06 05:09:00,128.87,128.9,128.8,128.84,1633
2025-01-06 05:10:00,128.84,128.84,128.7,128.7,3039
2025-01-06 05:11:00,128.7,128.78,128.7,128.78,3974
2025-01-06 05:12:00,128.76,128.79,128.72,128.77,426
2025-01-06 05:13:00,128.77,128.77,128.71,128.74,206
2025-01-06 05:14:00,128.74,128.79,128.73,128.76,557
2025-01-06 05:15:00,128.76,128.76,128.7,128.73,1477
2025-01-06 05:16:00,128.72,128.75,128.71,128.74,449
2025-01-06 05:17:00,128.74,128.75,128.71,128.75,708
2025-01-06 05:18:00,128.75,128.75,128.6,128.61,5040
2025-01-06 05:19:00,128.61,128.64,128.54,128.58,1954
2025-01-06 05:20:00,128.57,128.59,128.53,128.54,686
2025-01-06 05:21:00,128.53,128.54,128.51,128.54,655
2025-01-06 05:22:00,128.53,128.55,128.5,128.52,1976
2025-01-06 05:23:00,128.5,128.58,128.5,128.58,6779
2025-01-06 05:24:00,128.58,128.6,128.56,128.58,292
2025-01-06 05:25:00,128.58,128.67,128.58,128.67,283
2025-01-06 05:26:00,128.65,128.65,128.55,128.55,2448
2025-01-06 05:27:00,128.55,128.6,128.55,128.6,1075
2025-01-06 05:28:00,128.6,128.64,128.55,128.58,312
2025-01-06 05:29:00,128.58,128.65,128.57,128.62,389
2025-01-06 05:30:00,128.62,128.69,128.6,128.69,725
2025-01-06 05:31:00,128.65,128.65,128.58,128.6,876
2025-01-06 05:32:00,128.62,128.68,128.57,128.62,956
2025-01-06 05:33:00,128.62,128.62,128.55,128.59,926
2025-01-06 05:34:00,128.6,128.6,128.56,128.58,1045
2025-01-06 05:35:00,128.6,128.63,128.59,128.6,364
2025-01-06 05:36:00,128.6,128.69,128.6,128.69,330
2025-01-06 05:37:00,128.69,128.79,128.69,128.78,2195
2025-01-06 05:38:00,128.78,128.8,128.75,128.75,589
2025-01-06 05:39:00,128.75,128.76,128.7,128.73,326
2025-01-06 05:40:00,128.73,128.76,128.69,128.74,817
2025-01-06 05:41:00,128.75,128.76,128.71,128.74,101
2025-01-06 05:42:00,128.75,128.76,128.7,128.7,1267
2025-01-06 05:43:00,128.7,128.74,128.66,128.67,1907
2025-01-06 05:44:00,128.68,128.69,128.57,128.6,2900
2025-01-06 05:45:00,128.62,128.69,128.58,128.68,936
2025-01-06 05:46:00,128.62,128.69,128.61,128.69,653
2025-01-06 05:47:00,128.69,128.7,128.66,128.66,526
2025-01-06 05:48:00,128.66,128.69,128.64,128.66,498
2025-01-06 05:49:00,128.62,128.67,128.61,128.61,870
2025-01-06 05:50:00,128.61,128.68,128.6,128.68,1386
2025-01-06 05:51:00,128.66,128.67,128.66,128.67,223
2025-01-06 05:52:00,128.67,128.67,128.55,128.58,1974
2025-01-06 05:53:00,128.61,128.65,128.56,128.63,1446
2025-01-06 05:54:00,128.64,128.65,128.57,128.65,214
2025-01-06 05:55:00,128.62,128.65,128.56,128.61,556
2025-01-06 05:56:00,128.62,128.62,128.6,128.6,1209
2025-01-06 05:57:00,128.6,128.6,128.55,128.57,753
2025-01-06 05:58:00,128.57,128.58,128.55,128.58,965
2025-01-06 05:59:00,128.59,128.65,128.59,128.63,485
2025-01-06 06:00:00,128.65,128.65,128.62,128.65,715
2025-01-06 06:01:00,128.65,128.68,128.65,128.67,330
2025-01-06 06:02:00,128.66,128.7,128.55,128.63,3390
2025-01-06 06:03:00,128.63,128.7,128.55,128.69,1695
2025-01-06 06:04:00,128.69,128.7,128.5,128.69,5061
2025-01-06 06:05:00,128.69,128.84,128.69,128.81,5722
2025-01-06 06:06:00,128.82,128.86,128.8,128.86,1418
2025-01-06 06:07:00,128.87,128.95,128.86,128.89,1865
2025-01-06 06:08:00,128.88,128.92,128.81,128.86,1008
2025-01-06 06:09:00,128.88,128.95,128.83,128.95,1193
2025-01-06 06:10:00,128.91,128.98,128.91,128.97,2005
2025-01-06 06:11:00,128.93,129.0,128.86,128.94,4906
2025-01-06 06:12:00,128.91,128.93,128.9,128.91,206
2025-01-06 06:13:00,128.97,128.97,128.87,128.97,680
2025-01-06 06:14:00,128.94,128.97,128.91,128.97,364
2025-01-06 06:15:00,128.97,128.98,128.9,128.91,573
2025-01-06 06:16:00,128.92,128.94,128.85,128.94,760
2025-01-06 06:17:00,128.9,128.94,128.9,128.94,219
2025-01-06 06:18:00,128.92,128.92,128.9,128.92,1030
2025-01-06 06:19:00,128.91,128.95,128.91,128.95,1241
2025-01-06 06:20:00,128.98,128.99,128.94,128.98,1434
2025-01-06 06:21:00,128.95,128.95,128.9,128.95,1079
2025-01-06 06:22:00,128.94,129.0,128.94,128.97,895
2025-01-06 06:23:00,128.98,129.0,128.96,128.98,1906
2025-01-06 06:24:00,128.98,129.0,128.98,129.0,2266
2025-01-06 06:25:00,129.0,129.0,128.95,129.0,7860
2025-01-06 06:26:00,129.0,129.18,128.97,129.18,4657
2025-01-06 06:27:00,129.19,129.2,129.15,129.2,1709
2025-01-06 06:28:00,129.2,129.2,129.12,129.15,1428
2025-01-06 06:29:00,129.16,129.16,129.08,129.1,3481
2025-01-06 06:30:00,129.13,129.19,129.1,129.15,1357
2025-01-06 06:31:00,129.15,129.25,129.15,129.25,1882
2025-01-06 06:32:00,129.22,129.26,129.19,129.23,3967
2025-01-06 06:33:00,129.21,129.26,129.19,129.23,2590
2025-01-06 06:34:00,129.22,129.22,129.12,129.16,2775
2025-01-06 06:35:00,129.18,129.19,129.11,129.15,2389
2025-01-06 06:36:00,129.15,129.17,129.05,129.08,3038
2025-01-06 06:37:00,129.11,129.15,129.05,129.1,1091
2025-01-06 06:38:00,129.1,129.1,129.0,129.0,2188
2025-01-06 06:39:00,129.01,129.07,129.0,129.07,507
2025-01-06 06:40:00,129.07,129.1,129.07,129.07,1704
2025-01-06 06:41:00,129.07,129.07,128.97,129.0,1793
2025-01-06 06:42:00,129.02,129.06,128.98,129.0,789
2025-01-06 06:43:00,129.04,129.05,129.0,129.04,94
2025-01-06 06:44:00,129.04,129.04,128.98,129.02,1520
2025-01-06 06:45:00,129.0,129.04,128.88,129.0,2468
2025-01-06 06:46:00,128.98,129.07,128.97,129.07,159
2025-01-06 06:47:00,129.06,129.07,129.0,129.0,658
2025-01-06 06:48:00,129.0,129.13,128.92,129.08,4694
2025-01-06 06:49:00,129.08,129.16,129.01,129.02,1392
2025-01-06 06:50:00,129.06,129.09,128.99,129.04,1798
2025-01-06 06:51:00,129.0,129.06,128.93,129.06,4093
2025-01-06 06:52:00,129.01,129.07,129.0,129.02,843
2025-01-06 06:53:00,129.03,129.05,129.0,129.05,1297
2025-01-06 06:54:00,129.06,129.08,129.05,129.06,447
2025-01-06 06:55:00,129.07,129.15,129.07,129.09,2040
2025-01-06 06:56:00,129.1,129.16,129.05,129.12,1064
2025-01-06 06:57:00,129.12,129.12,129.0,129.02,1573
2025-01-06 06:58:00,129.04,129.12,129.0,129.1,2191
2025-01-06 06:59:00,129.11,129.12,129.09,129.11,312
2025-01-06 07:00:00,129.11,129.12,128.8,129.0,61507
2025-01-06 07:01:00,129.0,129.01,128.82,128.91,4353
2025-01-06 07:02:00,128.94,129.07,128.91,129.05,2675
2025-01-06 07:03:00,129.04,129.12,129.0,129.01,3853
2025-01-06 07:04:00,129.01,129.01,128.95,128.95,9238
2025-01-06 07:05:00,128.97,128.97,128.92,128.92,1427
2025-01-06 07:06:00,128.92,128.99,128.91,128.97,3549
2025-01-06 07:07:00,128.98,129.0,128.98,129.0,2197
2025-01-06 07:08:00,128.99,129.05,128.99,129.01,5347
2025-01-06 07:09:00,129.0,129.11,129.0,129.1,2856
2025-01-06 07:10:00,129.11,129.11,129.0,129.05,4218
2025-01-06 07:11:00,129.07,129.1,129.01,129.06,1280
2025-01-06 07:12:00,129.02,129.08,128.98,128.98,1706
2025-01-06 07:13:00,129.03,129.13,129.0,129.13,5886
2025-01-06 07:14:00,129.13,129.15,129.1,129.12,5149
2025-01-06 07:15:00,129.15,129.27,129.15,129.27,4871
2025-01-06 07:16:00,129.27,129.29,129.24,129.26,4810
2025-01-06 07:17:00,129.27,129.27,129.19,129.24,3021
2025-01-06 07:18:00,129.24,129.26,129.2,129.23,3281
2025-01-06 07:19:00,129.23,129.28,129.2,129.26,2362
2025-01-06 07:20:00,129.25,129.29,129.19,129.2,7343
2025-01-06 07:21:00,129.19,129.23,129.04,129.04,10748
2025-01-06 07:22:00,129.01,129.1,129.01,129.1,1774
2025-01-06 07:23:00,129.11,129.15,129.06,129.06,1268
2025-01-06 07:24:00,129.07,129.23,129.07,129.22,3703
2025-01-06 07:25:00,129.21,129.28,129.21,129.26,1966
2025-01-06 07:26:00,129.26,129.29,129.25,129.28,4607
2025-01-06 07:27:00,129.28,129.29,129.25,129.27,4404
2025-01-06 07:28:00,129.27,129.27,129.2,129.2,4507
2025-01-06 07:29:00,129.2,129.24,129.18,129.18,2384
2025-01-06 07:30:00,129.2,129.27,129.18,129.27,2881
2025-01-06 07:31:00,129.28,129.28,129.23,129.24,4060
2025-01-06 07:32:00,129.24,129.24,129.15,129.15,2639
2025-01-06 07:33:00,129.15,129.18,129.1,129.17,2131
2025-01-06 07:34:00,129.12,129.16,129.1,129.14,2698
2025-01-06 07:35:00,129.13,129.17,129.09,129.13,3161
2025-01-06 07:36:00,129.12,129.15,129.1,129.11,318
2025-01-06 07:37:00,129.12,129.15,129.09,129.14,1255
2025-01-06 07:38:00,129.15,129.15,129.08,129.1,6788
2025-01-06 07:39:00,129.12,129.14,129.11,129.13,338
2025-01-06 07:40:00,129.13,129.13,129.05,129.1,6521
2025-01-06 07:41:00,129.08,129.1,129.05,129.09,369
2025-01-06 07:42:00,129.08,129.1,129.05,129.05,2797
2025-01-06 07:43:00,129.05,129.09,129.05,129.09,2436
2025-01-06 07:44:00,129.08,129.08,129.02,129.04,3494
2025-01-06 07:45:00,129.02,129.05,129.01,129.04,3073
2025-01-06 07:46:00,129.04,129.1,129.04,129.1,3838
2025-01-06 07:47:00,129.11,129.17,129.09,129.12,7840
2025-01-06 07:48:00,129.12,129.14,129.05,129.05,3420
2025-01-06 07:49:00,129.06,129.12,129.06,129.09,552
2025-01-06 07:50:00,129.1,129.11,129.07,129.09,1149
2025-01-06 07:51:00,129.09,129.09,129.04,129.06,550
2025-01-06 07:52:00,129.07,129.07,129.02,129.04,2443
2025-01-06 07:53:00,129.03,129.03,128.95,128.96,12244
2025-01-06 07:54:00,128.97,128.97,128.91,128.95,2987
2025-01-06 07:55:00,128.94,128.94,128.9,128.92,3066
2025-01-06 07:56:00,128.92,129.0,128.92,128.99,1806
2025-01-06 07:57:00,128.99,129.05,128.99,129.03,1138
2025-01-06 07:58:00,129.01,129.03,128.97,129.0,646
2025-01-06 07:59:00,128.98,128.98,128.9,128.9,3237
2025-01-06 08:00:00,128.92,129.29,127.44,128.9481,291926
2025-01-06 08:01:00,128.7352,129.285,127.45,128.77,14313
2025-01-06 08:02:00,128.8803,129.02,127.55,128.87,3689
2025-01-06 08:03:00,128.88,128.95,128.85,128.94,4649
2025-01-06 08:04:00,128.94,128.95,128.9,128.911,2875
2025-01-06 08:05:00,128.95,129.06,128.9102,128.9801,6760
2025-01-06 08:06:00,129.06,129.06,128.96,129.02,4800
2025-01-06 08:07:00,129.02,129.06,128.99,129.03,6052
2025-01-06 08:08:00,129.0292,129.03,128.99,129.01,2879
2025-01-06 08:09:00,129.03,129.03,129.0,129.02,2630
2025-01-06 08:10:00,129.01,129.01,128.96,128.998,4812
2025-01-06 08:11:00,128.98,129.0,128.96,128.96,2204
2025-01-06 08:12:00,128.97,128.98,128.91,128.92,7333
2025-01-06 08:13:00,128.91,128.96,128.81,128.865,8037
2025-01-06 08:14:00,128.92,128.92,128.81,128.83,3075
2025-01-06 08:15:00,128.84,128.88,128.83,128.83,2623
2025-01-06 08:16:00,128.85,128.899,128.83,128.88,6712
2025-01-06 08:17:00,128.88,128.92,128.88,128.92,6045
2025-01-06 08:18:00,128.9,128.93,128.88,128.91,2821
2025-01-06 08:19:00,128.93,128.97,128.9,128.945,4436
2025-01-06 08:20:00,128.91,128.97,128.9,128.93,1347
2025-01-06 08:21:00,128.9,128.97,128.89,128.93,3308
2025-01-06 08:22:00,128.93,128.97,128.88,128.9,4167
2025-01-06 08:23:00,128.9,128.91,128.88,128.89,4252
2025-01-06 08:24:00,128.9,128.95,128.88,128.88,10202
2025-01-06 08:25:00,128.88,128.97,128.88,128.97,4656
2025-01-06 08:26:00,128.94,128.97,128.9,128.9452,3426
2025-01-06 08:27:00,128.95,128.95,128.885,128.95,6037
2025-01-06 08:28:00,128.92,128.96,128.9,128.9299,9631
2025-01-06 08:29:00,128.93,129.03,128.93,129.01,27052
2025-01-06 08:30:00,129.01,129.08,129.0,129.04,7344
2025-01-06 08:31:00,129.08,129.11,128.98,129.09,41206
2025-01-06 08:32:00,129.09,129.2,129.08,129.105,17607
2025-01-06 08:33:00,129.12,129.29,129.095,129.245,15148
2025-01-06 08:34:00,129.28,129.29,129.2,129.23,11019
2025-01-06 08:35:00,129.24,129.26,129.2,129.24,7396
2025-01-06 08:36:00,129.24,129.25,129.17,129.1701,14110
2025-01-06 08:37:00,129.18,129.22,129.14,129.22,15281
2025-01-06 08:38:00,129.22,129.3,121.625,129.28,15956
2025-01-06 08:39:00,129.28,129.29,117.14,129.25,15434
2025-01-06 08:40:00,129.22,129.26,129.12,129.12,11163
2025-01-06 08:41:00,129.13,129.25,129.13,129.18,7409
2025-01-06 08:42:00,129.18,129.18,129.03,129.0301,16873
2025-01-06 08:43:00,129.065,129.0781,128.92,128.99,13156
2025-01-06 08:44:00,128.99,129.1,128.92,129.01,4820
2025-01-06 08:45:00,129.025,129.1,128.99,128.995,11776
2025-01-06 08:46:00,129.0,129.05,128.96,128.98,16708
2025-01-06 08:47:00,128.99,129.08,128.97,129.02,6807
2025-01-06 08:48:00,129.01,129.08,129.0,129.0499,4541
2025-01-06 08:49:00,129.04,129.09,128.98,128.9807,12802
2025-01-06 08:50:00,129.0,129.0,128.95,128.99,2969
2025-01-06 08:51:00,128.9894,129.05,128.95,129.0,6249
2025-01-06 08:52:00,129.0,129.11,128.99,129.06,9526
2025-01-06 08:53:00,129.06,129.14,129.01,129.12,4266
2025-01-06 08:54:00,129.13,129.14,129.052,129.06,2956
2025-01-06 08:55:00,129.0231,129.1,129.02,129.1,1334
2025-01-06 08:56:00,129.0834,129.1,129.01,129.1,7070
2025-01-06 08:57:00,129.06,129.07,129.0,129.026,4931
2025-01-06 08:58:00,129.07,129.07,128.98,129.02,76953
2025-01-06 08:59:00,129.0,129.1,129.0,129.08,20416
2025-01-06 09:00:00,129.0976,129.16,129.06,129.12,6296
2025-01-06 09:01:00,129.15,129.17,129.06,129.12,18905
2025-01-06 09:02:00,129.1001,129.16,129.1,129.14,17249
2025-01-06 09:03:00,129.15,129.17,129.05,129.078,54161
2025-01-06 09:04:00,129.13,129.15,129.0,129.04,4392
2025-01-06 09:05:00,129.01,129.05,128.95,128.97,12038
2025-01-06 09:06:00,128.9899,129.0,128.89,128.89,7720
2025-01-06 09:07:00,128.9,129.0,128.8,128.82,7102
2025-01-06 09:08:00,128.87,128.9544,128.83,128.93,3452
2025-01-06 09:09:00,128.88,128.93,128.88,128.93,3409
2025-01-06 09:10:00,128.92,129.05,128.91,129.03,5247
2025-01-06 09:11:00,129.01,129.01,128.96,129.0,5019
2025-01-06 09:12:00,129.0,129.0,128.84,128.84,6293
2025-01-06 09:13:00,128.87,129.0,128.75,128.9,5481
2025-01-06 09:14:00,128.8999,128.9,128.76,128.87,9409
2025-01-06 09:15:00,128.83,128.87,128.47,128.57,19621
2025-01-06 09:16:00,128.5301,128.75,128.35,128.44,20579
2025-01-06 09:17:00,128.4857,128.53,128.35,128.5,15148
2025-01-06 09:18:00,128.48,128.7,128.45,128.53,15831
2025-01-06 09:19:00,128.54,128.58,128.43,128.52,17106
2025-01-06 09:20:00,128.43,128.55,128.4,128.48,8224
2025-01-06 09:21:00,128.5,128.68,128.45,128.68,13321
2025-01-06 09:22:00,128.64,128.71,128.6,128.67,6855
2025-01-06 09:23:00,128.68,128.78,128.65,128.75,8840
2025-01-06 09:24:00,128.7785,128.79,128.71,128.7893,15313
2025-01-06 09:25:00,128.79,129.25,128.79,129.2,41199
2025-01-06 09:26:00,129.2,129.27,129.18,129.18,28670
2025-01-06 09:27:00,129.2,129.51,129.02,129.5091,47850
2025-01-06 09:28:00,129.49,129.495,128.88,129.19,26129
2025-01-06 09:29:00,129.17,129.25,128.92,129.02,9894
2025-01-06 09:30:00,129.07,129.44,127.36,127.965,1614042
2025-01-06 09:31:00,127.995,128.7,127.9601,128.15,445793
2025-01-06 09:32:00,128.13,128.969,127.95,128.8099,264736
2025-01-06 09:33:00,128.8,129.0475,128.43,128.75,400024
2025-01-06 09:34:00,128.75,129.07,128.61,128.9092,221322
2025-01-06 09:35:00,128.91,129.01,128.45,128.68,295096
2025-01-06 09:36:00,128.675,129.38,128.62,129.37,389422
2025-01-06 09:37:00,129.366,129.76,128.9101,129.67,393560
2025-01-06 09:38:00,129.64,129.99,129.39,129.53,524609
2025-01-06 09:39:00,129.53,129.95,129.5,129.9486,260500
2025-01-06 09:40:00,129.946,130.16,129.34,129.46,569660
2025-01-06 09:41:00,129.51,129.51,129.07,129.24,225217
2025-01-06 09:42:00,129.25,129.3895,129.14,129.3015,205714
2025-01-06 09:43:00,129.32,129.39,128.9401,128.9642,253266
2025-01-06 09:44:00,128.99,129.38,128.58,128.7399,388845
2025-01-06 09:45:00,128.8,129.2799,128.8,128.88,227975
2025-01-06 09:46:00,128.9,129.2306,128.84,129.025,156490
2025-01-06 09:47:00,129.05,129.22,128.87,129.19,156953
2025-01-06 09:48:00,129.2,129.305,128.63,128.885,246071
2025-01-06 09:49:00,128.87,129.1306,128.7601,129.11,169572
2025-01-06 09:50:00,129.12,129.1699,128.65,128.65,232262
2025-01-06 09:51:00,128.69,129.43,128.69,129.41,272991
2025-01-06 09:52:00,129.42,129.44,128.9801,129.02,211834
2025-01-06 09:53:00,129.015,129.3,129.015,129.1568,174661
2025-01-06 09:54:00,129.15,129.36,129.14,129.3462,122767
2025-01-06 09:55:00,129.335,129.46,129.22,129.46,280545
2025-01-06 09:56:00,129.4527,129.5,129.3049,129.4244,150431
2025-01-06 09:57:00,129.45,129.55,129.22,129.2329,164926
2025-01-06 09:58:00,129.255,129.455,129.2,129.43,117935
2025-01-06 09:59:00,129.4301,129.77,129.4301,129.75,199495
2025-01-06 10:00:00,129.75,129.945,129.7,129.82,258681
2025-01-06 10:01:00,129.845,129.845,129.3,129.5,218997
2025-01-06 10:02:00,129.53,129.6899,129.32,129.61,144855
2025-01-06 10:03:00,129.61,129.77,129.5,129.69,84927
2025-01-06 10:04:00,129.68,129.7403,129.55,129.72,86146
2025-01-06 10:05:00,129.72,129.77,129.48,129.495,84707
2025-01-06 10:06:00,129.53,129.61,129.36,129.4,88861
2025-01-06 10:07:00,129.36,129.36,129.17,129.195,134166
2025-01-06 10:08:00,129.21,129.35,129.12,129.16,113887
2025-01-06 10:09:00,129.16,129.3,129.08,129.285,177357
2025-01-06 10:10:00,129.285,129.43,129.07,129.13,117486
2025-01-06 10:11:00,129.12,129.29,128.96,129.265,246548
2025-01-06 10:12:00,129.25,129.3255,129.1103,129.18,121200
2025-01-06 10:13:00,129.18,129.36,129.12,129.31,131779
2025-01-06 10:14:00,129.327,129.48,129.28,129.451,157400
2025-01-06 10:15:00,129.455,129.68,129.35,129.635,253866
2025-01-06 10:16:00,129.6225,129.7,129.42,129.65,117539
2025-01-06 10:17:00,129.65,129.72,129.074,129.65,132530
2025-01-06 10:18:00,129.645,129.92,129.62,129.75,281425
2025-01-06 10:19:00,129.75,129.78,129.62,129.7,110502
2025-01-06 10:20:00,129.6901,129.74,129.4853,129.56,168171
2025-01-06 10:21:00,129.5598,129.6,129.46,129.52,66863
2025-01-06 10:22:00,129.5,129.5453,129.35,129.41,96344
2025-01-06 10:23:00,129.44,129.52,129.35,129.48,98596
2025-01-06 10:24:00,129.47,129.59,129.42,129.4917,92647
2025-01-06 10:25:00,129.5,129.5499,129.23,129.357,209508
2025-01-06 10:26:00,129.36,129.36,129.25,129.29,66912
2025-01-06 10:27:00,129.28,129.3796,129.21,129.3137,114672
2025-01-06 10:28:00,129.3155,129.5397,129.2705,129.4621,82998
2025-01-06 10:29:00,129.48,129.55,129.425,129.51,76036
2025-01-06 10:30:00,129.53,129.67,129.4372,129.63,90829
2025-01-06 10:31:00,129.6399,129.66,129.23,129.4501,164335
2025-01-06 10:32:00,129.515,129.78,129.4925,129.7502,135010
2025-01-06 10:33:00,129.765,129.82,129.5848,129.64,90284
2025-01-06 10:34:00,129.645,129.67,129.42,129.5199,71400
2025-01-06 10:35:00,129.498,129.54,129.15,129.22,132861
2025-01-06 10:36:00,129.23,129.35,129.23,129.24,71336
2025-01-06 10:37:00,129.24,129.24,128.69,128.851,339038
2025-01-06 10:38:00,128.86,128.95,128.7,128.71,148525
2025-01-06 10:39:00,128.7,128.86,128.61,128.68,153787
2025-01-06 10:40:00,128.68,128.9,128.6703,128.817,106780
2025-01-06 10:41:00,128.805,128.84,128.51,128.57,113270
2025-01-06 10:42:00,128.57,128.6,128.316,128.38,191079
2025-01-06 10:43:00,128.39,128.7099,128.3801,128.61,134108
2025-01-06 10:44:00,128.6,128.8299,128.56,128.684,131864
2025-01-06 10:45:00,128.6601,128.82,128.6601,128.69,71769
2025-01-06 10:46:00,128.7,128.74,128.46,128.59,130425
2025-01-06 10:47:00,128.597,128.5999,128.43,128.5992,63840
2025-01-06 10:48:00,128.6,128.7643,128.57,128.5994,116829
2025-01-06 10:49:00,128.61,128.71,128.35,128.485,135972
2025-01-06 10:50:00,128.5,128.62,128.325,128.5,78807
2025-01-06 10:51:00,128.49,128.6,128.456,128.5352,74130
2025-01-06 10:52:00,128.54,128.72,128.5044,128.571,105663
2025-01-06 10:53:00,128.56,128.71,128.5599,128.6399,57065
2025-01-06 10:54:00,128.6239,128.78,128.6,128.75,100524
2025-01-06 10:55:00,128.72,128.79,128.685,128.79,60644
2025-01-06 10:56:00,128.798,128.8297,128.65,128.67,87250
2025-01-06 10:57:00,128.65,128.68,128.5,128.56,106242
2025-01-06 10:58:00,128.585,128.63,128.39,128.423,115852
2025-01-06 10:59:00,128.415,128.54,128.36,128.4835,80859
2025-01-06 11:00:00,128.49,128.61,128.4,128.505,67674
2025-01-06 11:01:00,128.499,128.52,128.3921,128.48,62169
2025-01-06 11:02:00,128.4701,128.57,128.46,128.49,124153
2025-01-06 11:03:00,128.48,128.65,128.44,128.625,70932
2025-01-06 11:04:00,128.66,128.77,128.65,128.68,71734
2025-01-06 11:05:00,128.69,128.9,128.68,128.89,115813
2025-01-06 11:06:00,128.89,129.0221,128.86,129.0105,104853
2025-01-06 11:07:00,129.02,129.19,129.02,129.14,133155
2025-01-06 11:08:00,129.12,129.12,129.04,129.0761,53008
2025-01-06 11:09:00,129.078,129.154,129.05,129.154,68073
2025-01-06 11:10:00,129.16,129.335,129.09,129.32,97799
2025-01-06 11:11:00,129.312,129.3299,129.06,129.17,100443
2025-01-06 11:12:00,129.17,129.26,129.12,129.2001,58525
2025-01-06 11:13:00,129.22,129.25,129.15,129.23,56815
2025-01-06 11:14:00,129.23,129.34,129.2101,129.26,70344
2025-01-06 11:15:00,129.22,129.38,129.17,129.28,59163
2025-01-06 11:16:00,129.3194,129.375,129.18,129.185,50743
2025-01-06 11:17:00,129.19,129.318,129.148,129.23,86121
2025-01-06 11:18:00,129.22,129.23,129.11,129.18,67591
2025-01-06 11:19:00,129.162,129.39,129.15,129.33,105156
2025-01-06 11:20:00,129.322,129.4175,129.3,129.388,53269
2025-01-06 11:21:00,129.4,129.52,129.3801,129.4267,164838
2025-01-06 11:22:00,129.43,129.45,129.36,129.42,45199
2025-01-06 11:23:00,129.41,129.5,129.38,129.46,49515
2025-01-06 11:24:00,129.4671,129.4671,129.2079,129.2315,92885
2025-01-06 11:25:00,129.21,129.2698,129.11,129.2399,79331
2025-01-06 11:26:00,129.2224,129.45,129.15,129.3,143556
2025-01-06 11:27:00,129.31,129.31,129.09,129.09,47772
2025-01-06 11:28:00,129.11,129.16,128.97,128.97,125165
2025-01-06 11:29:00,128.98,129.0599,128.9728,129.04,48715
2025-01-06 11:30:00,129.045,129.11,128.97,129.09,74499
2025-01-06 11:31:00,129.1,129.32,129.04,129.27,92470
2025-01-06 11:32:00,129.2601,129.365,129.25,129.32,38113
2025-01-06 11:33:00,129.32,129.34,129.1781,129.34,36924
2025-01-06 11:34:00,129.33,129.42,129.25,129.4,59116
2025-01-06 11:35:00,129.385,129.51,129.3397,129.491,92029
2025-01-06 11:36:00,129.498,129.6767,129.498,129.57,103784
2025-01-06 11:37:00,129.565,129.69,129.55,129.6789,99434
2025-01-06 11:38:00,129.675,129.95,129.67,129.94,207662
2025-01-06 11:39:00,129.941,129.9699,129.84,129.942,105209
2025-01-06 11:40:00,129.9443,129.9443,129.73,129.78,112728
2025-01-06 11:41:00,129.7736,129.99,129.735,129.9738,121402
2025-01-06 11:42:00,129.975,130.2,129.93,130.18,438881
2025-01-06 11:43:00,130.178,130.24,130.1,130.22,144104
2025-01-06 11:44:00,130.2168,130.33,130.1701,130.33,151272
2025-01-06 11:45:00,130.32,130.45,130.2901,130.435,155296
2025-01-06 11:46:00,130.439,130.64,130.4201,130.63,192078
2025-01-06 11:47:00,130.6238,130.6414,130.47,130.51,146303
2025-01-06 11:48:00,130.51,130.5266,130.32,130.44,133999
2025-01-06 11:49:00,130.43,130.58,130.43,130.57,140137
2025-01-06 11:50:00,130.575,130.63,130.4201,130.507,121110
2025-01-06 11:51:00,130.483,130.67,130.44,130.66,118678
2025-01-06 11:52:00,130.6501,130.67,130.58,130.662,65072
2025-01-06 11:53:00,130.66,130.67,130.6001,130.6621,68431
2025-01-06 11:54:00,130.67,130.73,130.48,130.49,112220
2025-01-06 11:55:00,130.5,130.5599,130.4425,130.45,63731
2025-01-06 11:56:00,130.4458,130.6,130.41,130.4474,112310
2025-01-06 11:57:00,130.446,130.446,130.27,130.31,96967
2025-01-06 11:58:00,130.315,130.38,130.25,130.3,76296
2025-01-06 11:59:00,130.3299,130.4867,130.26,130.275,102065
2025-01-06 12:00:00,130.2952,130.2952,130.0001,130.02,112648
2025-01-06 12:01:00,130.04,130.16,130.003,130.08,105451
2025-01-06 12:02:00,130.09,130.18,130.05,130.1481,60209
2025-01-06 12:03:00,130.14,130.24,130.04,130.24,54166
2025-01-06 12:04:00,130.24,130.426,130.24,130.4,88433
2025-01-06 12:05:00,130.4,130.4,130.175,130.1851,58429
2025-01-06 12:06:00,130.18,130.25,130.15,130.25,45756
2025-01-06 12:07:00,130.25,130.38,130.2425,130.35,65793
2025-01-06 12:08:00,130.35,130.425,130.3401,130.385,53299
2025-01-06 12:09:00,130.385,130.385,130.2,130.33,62364
2025-01-06 12:10:00,130.315,130.315,130.1701,130.2263,55176
2025-01-06 12:11:00,130.23,130.3,130.213,130.24,55663
2025-01-06 12:12:00,130.244,130.28,130.2,130.26,48664
2025-01-06 12:13:00,130.26,130.2891,130.143,130.25,65568
2025-01-06 12:14:00,130.24,130.3362,130.1049,130.115,63873
2025-01-06 12:15:00,130.11,130.4,130.09,130.25,75056
2025-01-06 12:16:00,130.26,130.5,130.2444,130.472,106324
2025-01-06 12:17:00,130.478,130.49,130.39,130.46,53648
2025-01-06 12:18:00,130.465,130.48,130.37,130.395,43248
2025-01-06 12:19:00,130.395,130.47,130.35,130.395,68902
2025-01-06 12:20:00,130.39,130.41,130.21,130.225,40178
2025-01-06 12:21:00,130.225,130.25,130.16,130.25,37552
2025-01-06 12:22:00,130.26,130.265,130.15,130.23,31794
2025-01-06 12:23:00,130.25,130.415,130.24,130.415,39896
2025-01-06 12:24:00,130.415,130.415,130.2776,130.33,44010
2025-01-06 12:25:00,130.335,130.36,130.29,130.318,30988
2025-01-06 12:26:00,130.32,130.33,130.24,130.328,29477
2025-01-06 12:27:00,130.325,130.335,130.17,130.21,38055
2025-01-06 12:28:00,130.21,130.3,130.17,130.2998,46356
2025-01-06 12:29:00,130.3,130.33,130.25,130.31,38031
2025-01-06 12:30:00,130.3,130.3,130.06,130.115,48804
2025-01-06 12:31:00,130.12,130.12,129.93,129.95,122800
2025-01-06 12:32:00,129.9434,129.9434,129.78,129.78,79107
2025-01-06 12:33:00,129.791,130.07,129.77,130.055,81530
2025-01-06 12:34:00,130.05,130.07,129.95,129.9809,45795
2025-01-06 12:35:00,129.9701,130.07,129.9001,129.91,41377
2025-01-06 12:36:00,129.9,129.9399,129.83,129.85,36637
2025-01-06 12:37:00,129.86,129.88,129.71,129.76,68352
2025-01-06 12:38:00,129.78,129.93,129.754,129.9,61665
2025-01-06 12:39:00,129.9,129.94,129.66,129.735,73027
2025-01-06 12:40:00,129.7444,129.8199,129.5702,129.605,68081
2025-01-06 12:41:00,129.62,129.7,129.5,129.52,72046
2025-01-06 12:42:00,129.5,129.58,129.38,129.39,112692
2025-01-06 12:43:00,129.4,129.54,129.3801,129.505,53921
2025-01-06 12:44:00,129.5039,129.65,129.49,129.55,74608
2025-01-06 12:45:00,129.516,129.56,129.4401,129.56,59751
2025-01-06 12:46:00,129.5745,129.59,129.47,129.58,48547
2025-01-06 12:47:00,129.58,129.65,129.51,129.615,91146
2025-01-06 12:48:00,129.6267,129.63,129.5101,129.62,75156
2025-01-06 12:49:00,129.6293,129.7608,129.606,129.76,87230
2025-01-06 12:50:00,129.7676,129.858,129.76,129.79,62254
2025-01-06 12:51:00,129.7999,129.856,129.7,129.81,56964
2025-01-06 12:52:00,129.8001,129.998,129.74,129.97,86200
2025-01-06 12:53:00,129.985,130.0699,129.95,130.055,92000
2025-01-06 12:54:00,130.0419,130.25,130.0419,130.189,89617
2025-01-06 12:55:00,130.161,130.175,130.0601,130.12,45429
2025-01-06 12:56:00,130.15,130.1538,130.05,130.1,34410
2025-01-06 12:57:00,130.11,130.2,130.105,130.1686,30988
2025-01-06 12:58:00,130.17,130.265,130.17,130.23,39171
2025-01-06 12:59:00,130.2201,130.3,130.21,130.26,39858
2025-01-06 13:00:00,130.25,130.29,130.195,130.21,57456
2025-01-06 13:01:00,130.21,130.21,129.87,129.88,101730
2025-01-06 13:02:00,129.89,130.13,129.7843,130.063,69537
2025-01-06 13:03:00,130.0304,130.1059,129.985,130.07,45416
2025-01-06 13:04:00,130.08,130.125,130.0409,130.07,53351
2025-01-06 13:05:00,130.07,130.12,129.935,130.11,70495
2025-01-06 13:06:00,130.11,130.17,130.01,130.05,41747
2025-01-06 13:07:00,130.05,130.1136,129.955,130.1136,37078
2025-01-06 13:08:00,130.1141,130.15,130.05,130.115,42928
2025-01-06 13:09:00,130.11,130.19,130.09,130.155,37384
2025-01-06 13:10:00,130.16,130.2,130.1,130.15,46450
2025-01-06 13:11:00,130.13,130.157,130.087,130.13,39867
2025-01-06 13:12:00,130.1261,130.14,130.02,130.1,28613
2025-01-06 13:13:00,130.09,130.205,130.08,130.2022,38179
2025-01-06 13:14:00,130.2,130.2795,130.15,130.2795,43426
2025-01-06 13:15:00,130.28,130.28,130.1,130.24,34296
2025-01-06 13:16:00,130.215,130.28,130.16,130.25,27297
2025-01-06 13:17:00,130.25,130.267,130.12,130.2094,24224
2025-01-06 13:18:00,130.19,130.26,130.12,130.202,37868
2025-01-06 13:19:00,130.21,130.33,130.19,130.275,43066
2025-01-06 13:20:00,130.2899,130.33,130.26,130.327,26550
2025-01-06 13:21:00,130.3199,130.32,130.1901,130.3019,35732
2025-01-06 13:22:00,130.308,130.4599,130.308,130.4377,67744
2025-01-06 13:23:00,130.42,130.51,130.42,130.4295,198255
2025-01-06 13:24:00,130.415,130.46,130.26,130.28,63222
2025-01-06 13:25:00,130.27,130.38,130.27,130.36,36922
2025-01-06 13:26:00,130.35,130.4296,130.35,130.4296,31111
2025-01-06 13:27:00,130.43,130.46,130.36,130.425,36465
2025-01-06 13:28:00,130.44,130.46,130.35,130.4,37906
2025-01-06 13:29:00,130.39,130.46,130.37,130.445,42622
2025-01-06 13:30:00,130.44,130.49,130.32,130.35,88495
2025-01-06 13:31:00,130.33,130.4,130.21,130.24,85383
2025-01-06 13:32:00,130.27,130.29,130.07,130.13,64161
2025-01-06 13:33:00,130.13,130.29,130.1,130.27,39913
2025-01-06 13:34:00,130.2476,130.2476,130.029,130.07,71771
2025-01-06 13:35:00,130.07,130.2,130.03,130.2,36254
2025-01-06 13:36:00,130.23,130.265,130.2,130.25,38484
2025-01-06 13:37:00,130.245,130.27,130.05,130.085,33902
2025-01-06 13:38:00,130.085,130.11,130.0,130.0236,44013
2025-01-06 13:39:00,130.035,130.12,130.01,130.1043,39577
2025-01-06 13:40:00,130.11,130.2,130.08,130.13,36404
2025-01-06 13:41:00,130.135,130.19,130.061,130.09,24500
2025-01-06 13:42:00,130.08,130.12,129.97,130.1,52292
2025-01-06 13:43:00,130.105,130.16,130.06,130.14,39296
2025-01-06 13:44:00,130.16,130.267,130.16,130.21,62766
2025-01-06 13:45:00,130.23,130.267,129.95,130.07,91854
2025-01-06 13:46:00,130.06,130.16,130.01,130.0966,86801
2025-01-06 13:47:00,130.11,130.1128,129.9,130.05,55930
2025-01-06 13:48:00,130.05,130.2,130.05,130.1,39479
2025-01-06 13:49:00,130.1,130.12,129.97,129.98,63893
2025-01-06 13:50:00,129.99,130.0,129.915,129.94,36901
2025-01-06 13:51:00,129.94,130.07,129.91,130.055,48652
2025-01-06 13:52:00,130.04,130.04,130.0,130.03,32072
2025-01-06 13:53:00,130.04,130.09,129.9401,129.965,40429
2025-01-06 13:54:00,129.94,129.965,129.87,129.8951,50260
2025-01-06 13:55:00,129.89,129.955,129.85,129.9,43031
2025-01-06 13:56:00,129.91,129.97,129.8,129.88,37617
2025-01-06 13:57:00,129.89,129.92,129.8,129.829,56217
2025-01-06 13:58:00,129.83,129.84,129.75,129.839,65352
2025-01-06 13:59:00,129.8399,129.8499,129.565,129.58,82141
2025-01-06 14:00:00,129.59,129.645,129.4012,129.4271,116993
2025-01-06 14:01:00,129.4,129.416,129.18,129.2,79801
2025-01-06 14:02:00,129.2,129.39,129.19,129.37,93066
2025-01-06 14:03:00,129.385,129.425,129.26,129.3,63394
2025-01-06 14:04:00,129.3,129.36,129.2188,129.255,36624
2025-01-06 14:05:00,129.27,129.51,129.23,129.4956,67727
2025-01-06 14:06:00,129.47,129.4894,129.29,129.35,43260
2025-01-06 14:07:00,129.33,129.54,129.32,129.5369,39616
2025-01-06 14:08:00,129.54,129.67,129.54,129.6101,57607
2025-01-06 14:09:00,129.63,129.69,129.52,129.52,45176
2025-01-06 14:10:00,129.5201,129.54,129.4036,129.44,39740
2025-01-06 14:11:00,129.46,129.497,129.3701,129.42,48398
2025-01-06 14:12:00,129.42,129.43,129.3417,129.43,46889
2025-01-06 14:13:00,129.44,129.5699,129.42,129.555,74481
2025-01-06 14:14:00,129.57,129.6699,129.5,129.63,58108
2025-01-06 14:15:00,129.62,129.63,129.515,129.5295,27062
2025-01-06 14:16:00,129.5294,129.62,129.5294,129.545,35503
2025-01-06 14:17:00,129.545,129.585,129.47,129.57,56160
2025-01-06 14:18:00,129.575,129.7,129.575,129.69,50694
2025-01-06 14:19:00,129.69,129.72,129.63,129.65,39577
2025-01-06 14:20:00,129.65,129.7,129.5813,129.63,31012
2025-01-06 14:21:00,129.63,129.7238,129.63,129.65,38689
2025-01-06 14:22:00,129.65,129.7299,129.61,129.626,51353
2025-01-06 14:23:00,129.625,129.6499,129.5601,129.6301,38200
2025-01-06 14:24:00,129.64,129.65,129.59,129.6138,24280
2025-01-06 14:25:00,129.605,129.655,129.49,129.65,40490
2025-01-06 14:26:00,129.655,129.75,129.5239,129.5239,36092
2025-01-06 14:27:00,129.535,129.64,129.535,129.61,20589
2025-01-06 14:28:00,129.6,129.6,129.5301,129.575,40475
2025-01-06 14:29:00,129.57,129.57,129.44,129.475,59033
2025-01-06 14:30:00,129.46,129.4864,129.33,129.4265,62674
2025-01-06 14:31:00,129.43,129.43,129.27,129.3087,85309
2025-01-06 14:32:00,129.3093,129.43,129.28,129.35,45772
2025-01-06 14:33:00,129.365,129.4276,129.34,129.41,25949
2025-01-06 14:34:00,129.42,129.65,129.41,129.64,98373
2025-01-06 14:35:00,129.61,129.6999,129.54,129.61,69617
2025-01-06 14:36:00,129.62,129.6497,129.47,129.63,60685
2025-01-06 14:37:00,129.64,129.7,129.58,129.5806,46092
2025-01-06 14:38:00,129.61,129.72,129.595,129.71,30173
2025-01-06 14:39:00,129.7099,129.7099,129.51,129.55,36908
2025-01-06 14:40:00,129.54,129.59,129.48,129.57,29772
2025-01-06 14:41:00,129.56,129.61,129.53,129.57,57616
2025-01-06 14:42:00,129.57,129.67,129.51,129.52,67356
2025-01-06 14:43:00,129.525,129.53,129.33,129.37,137541
2025-01-06 14:44:00,129.385,129.588,129.385,129.537,102487
2025-01-06 14:45:00,129.52,130.0,129.46,129.485,407081
2025-01-06 14:46:00,129.485,129.6,129.36,129.57,112038
2025-01-06 14:47:00,129.57,129.7,129.56,129.665,89070
2025-01-06 14:48:00,129.67,129.86,129.66,129.8296,115966
2025-01-06 14:49:00,129.81,129.83,129.42,129.445,145156
2025-01-06 14:50:00,129.445,129.63,129.42,129.54,74145
2025-01-06 14:51:00,129.54,129.65,129.54,129.609,71268
2025-01-06 14:52:00,129.5984,129.61,129.27,129.3156,117875
2025-01-06 14:53:00,129.3252,129.3499,129.21,129.2149,77158
2025-01-06 14:54:00,129.2176,129.2399,129.113,129.178,106967
2025-01-06 14:55:00,129.1874,129.3295,129.16,129.315,49431
2025-01-06 14:56:00,129.31,129.31,129.07,129.0887,98198
2025-01-06 14:57:00,129.09,129.1299,128.701,128.745,239141
2025-01-06 14:58:00,128.755,128.97,128.66,128.86,97698
2025-01-06 14:59:00,128.86,129.0,128.86,128.915,106358
2025-01-06 15:00:00,128.9227,128.9227,128.69,128.74,74650
2025-01-06 15:01:00,128.73,128.931,128.72,128.7838,71636
2025-01-06 15:02:00,128.77,128.8994,128.7451,128.88,36476
2025-01-06 15:03:00,128.8798,128.8798,128.8061,128.87,39146
2025-01-06 15:04:00,128.88,128.92,128.76,128.89,84938
2025-01-06 15:05:00,128.89,128.94,128.83,128.915,35456
2025-01-06 15:06:00,128.93,128.985,128.85,128.91,42137
2025-01-06 15:07:00,128.93,129.07,128.8801,129.047,65466
2025-01-06 15:08:00,129.04,129.11,128.9403,129.0985,53165
2025-01-06 15:09:00,129.095,129.2097,129.0827,129.16,105243
2025-01-06 15:10:00,129.155,129.17,129.0,129.085,55704
2025-01-06 15:11:00,129.08,129.24,129.08,129.22,82039
2025-01-06 15:12:00,129.22,129.355,129.1843,129.355,102625
2025-01-06 15:13:00,129.35,129.4999,129.34,129.41,90978
2025-01-06 15:14:00,129.425,129.48,129.39,129.45,68638
2025-01-06 15:15:00,129.45,129.5089,129.3723,129.462,73787
2025-01-06 15:16:00,129.46,129.4933,129.379,129.379,54299
2025-01-06 15:17:00,129.377,129.4169,129.33,129.38,52853
2025-01-06 15:18:00,129.37,129.3799,129.28,129.32,43697
2025-01-06 15:19:00,129.31,129.4332,129.25,129.41,45673
2025-01-06 15:20:00,129.4,129.4,129.3301,129.37,44189
2025-01-06 15:21:00,129.3728,129.5949,129.37,129.542,77945
2025-01-06 15:22:00,129.5482,129.68,129.49,129.66,53114
2025-01-06 15:23:00,129.64,129.8,129.63,129.785,92452
2025-01-06 15:24:00,129.785,129.85,129.7601,129.8399,50863
2025-01-06 15:25:00,129.81,129.8799,129.7208,129.79,60616
2025-01-06 15:26:00,129.785,129.89,129.74,129.875,56781
2025-01-06 15:27:00,129.87,129.95,129.8,129.9,69788
2025-01-06 15:28:00,129.885,129.93,129.85,129.89,32857
2025-01-06 15:29:00,129.89,130.02,129.84,129.9901,87700
2025-01-06 15:30:00,130.0,130.09,129.93,129.9913,167035
2025-01-06 15:31:00,130.0,130.0,129.874,129.925,52215
2025-01-06 15:32:00,129.9,130.0,129.87,129.97,40883
2025-01-06 15:33:00,129.96,130.1099,129.96,130.07,96221
2025-01-06 15:34:00,130.07,130.08,129.98,130.035,38736
2025-01-06 15:35:00,130.03,130.1,130.02,130.0999,78044
2025-01-06 15:36:00,130.07,130.2,130.055,130.19,110955
2025-01-06 15:37:00,130.185,130.188,130.07,130.07,61459
2025-01-06 15:38:00,130.075,130.13,130.06,130.0738,69549
2025-01-06 15:39:00,130.0783,130.15,129.98,129.995,88152
2025-01-06 15:40:00,129.995,129.995,129.85,129.945,88497
2025-01-06 15:41:00,129.95,130.1092,129.8906,130.1,104691
2025-01-06 15:42:00,130.1,130.11,130.02,130.1,62856
2025-01-06 15:43:00,130.11,130.15,130.0518,130.13,88565
2025-01-06 15:44:00,130.13,130.15,130.06,130.1099,93957
2025-01-06 15:45:00,130.11,130.126,129.96,129.99,122456
2025-01-06 15:46:00,129.98,130.03,129.945,130.02,82267
2025-01-06 15:47:00,130.01,130.03,129.84,129.93,96330
2025-01-06 15:48:00,129.93,129.95,129.815,129.84,84846
2025-01-06 15:49:00,129.83,129.84,129.58,129.6,123897
2025-01-06 15:50:00,129.59,129.75,129.55,129.6935,188771
2025-01-06 15:51:00,129.69,129.865,129.67,129.84,161162
2025-01-06 15:52:00,129.84,129.9199,129.8,129.89,143455
2025-01-06 15:53:00,129.9,130.01,129.87,129.92,629306
2025-01-06 15:54:00,129.92,129.97,129.8,129.84,151219
2025-01-06 15:55:00,129.83,129.83,129.52,129.54,183831
2025-01-06 15:56:00,129.54,129.65,129.54,129.57,139226
2025-01-06 15:57:00,129.57,129.59,129.39,129.445,176419
2025-01-06 15:58:00,129.455,129.57,129.4405,129.57,163036
2025-01-06 15:59:00,129.56,129.61,129.42,129.55,342247
2025-01-06 16:00:00,129.55,129.7,129.48,129.55,6061663
2025-01-06 16:01:00,129.6085,129.69,129.55,129.64,6342
2025-01-06 16:02:00,129.63,129.67,129.5,129.55,673084
2025-01-06 16:03:00,129.5499,129.65,129.51,129.61,3581
2025-01-06 16:04:00,129.6,129.65,129.55,129.65,9741
2025-01-06 16:05:00,129.63,129.64,129.55,129.5891,3382
2025-01-06 16:06:00,129.5899,129.65,129.55,129.65,3489
2025-01-06 16:07:00,129.61,129.65,129.57,129.6488,234
2025-01-06 16:08:00,129.64,129.65,129.57,129.63,1999
2025-01-06 16:09:00,129.6499,129.65,129.61,129.6301,2790
2025-01-06 16:10:00,129.64,129.64,129.55,129.63,1972
2025-01-06 16:11:00,129.6,129.7,129.6,129.6894,6373
2025-01-06 16:12:00,129.6797,129.74,129.65,129.72,3773
2025-01-06 16:13:00,129.6602,129.74,129.66,129.7,1643
2025-01-06 16:14:00,129.7,129.74,129.67,129.705,948
2025-01-06 16:15:00,129.73,129.74,129.55,129.6899,1682
2025-01-06 16:16:00,129.66,129.7,129.65,129.6999,4022
2025-01-06 16:17:00,129.68,129.71,129.67,129.71,2496
2025-01-06 16:18:00,129.73,129.8,129.55,129.8,1739
2025-01-06 16:19:00,129.73,129.75,129.65,129.68,2495
2025-01-06 16:20:00,129.55,129.8,129.55,129.7,16043
2025-01-06 16:21:00,129.73,129.73,129.65,129.68,825
2025-01-06 16:22:00,129.6701,129.68,129.65,129.6505,2939
2025-01-06 16:23:00,129.66,129.7,129.66,129.68,697
2025-01-06 16:24:00,129.7,129.75,129.68,129.75,1767
2025-01-06 16:25:00,129.74,129.76,129.72,129.74,1172
2025-01-06 16:26:00,129.74,129.75,129.705,129.73,1400
2025-01-06 16:27:00,129.73,129.75,129.55,129.74,147138
2025-01-06 16:28:00,129.74,129.75,129.69,129.72,1544
2025-01-06 16:29:00,129.74,129.74,129.55,129.7281,323585
2025-01-06 16:30:00,129.71,129.74,129.68,129.74,730
2025-01-06 16:31:00,129.73,129.74,129.71,129.73,156
2025-01-06 16:32:00,129.735,129.735,129.6,129.605,3637
2025-01-06 16:33:00,129.62,129.65,129.605,129.62,3488
2025-01-06 16:34:00,129.64,129.64,129.57,129.57,3150
2025-01-06 16:35:00,129.57,129.59,129.561,129.57,668
2025-01-06 16:36:00,129.56,129.57,129.25,129.565,14773
2025-01-06 16:37:00,129.5697,129.57,129.55,129.56,2749
2025-01-06 16:38:00,129.57,129.57,129.55,129.555,1158
2025-01-06 16:39:00,129.555,129.62,129.55,129.55,5269
2025-01-06 16:40:00,129.55,129.59,129.55,129.56,1012
2025-01-06 16:41:00,129.55,129.59,129.55,129.56,921
2025-01-06 16:42:00,129.58,129.6,129.55,129.56,456
2025-01-06 16:43:00,129.59,129.63,129.58,129.63,648
2025-01-06 16:44:00,129.6,129.64,129.6,129.6,713
2025-01-06 16:45:00,129.62,129.72,129.62,129.68,2151
2025-01-06 16:46:00,129.65,129.72,129.6,129.67,1387
2025-01-06 16:47:00,129.6,129.7084,129.6,129.7,439
2025-01-06 16:48:00,129.7,129.7,129.55,129.69,2992
2025-01-06 16:49:00,129.7,129.7,129.6,129.6,485
2025-01-06 16:50:00,129.62,129.66,129.6002,129.65,913
2025-01-06 16:51:00,129.25,129.65,129.25,129.65,247
2025-01-06 16:52:00,129.65,129.67,129.65,129.66,806
2025-01-06 16:53:00,129.65,129.69,129.65,129.6876,892
2025-01-06 16:54:00,129.66,134.2756,129.65,129.74,2480
2025-01-06 16:55:00,129.7499,129.82,123.0039,123.0039,8429
2025-01-06 16:56:00,129.77,129.77,129.7,129.7,9911
2025-01-06 16:57:00,129.71,129.73,123.0039,129.73,1135
2025-01-06 16:58:00,129.73,129.73,129.65,129.68,508
2025-01-06 16:59:00,129.68,129.68,129.62,129.62,1516
2025-01-06 17:00:00,129.63,129.67,129.63,129.6688,1337
2025-01-06 17:01:00,129.65,129.67,129.65,129.6501,647
2025-01-06 17:02:00,129.66,129.66,129.63,129.64,636
2025-01-06 17:03:00,129.66,129.67,122.9069,129.67,1929
2025-01-06 17:04:00,129.65,129.67,129.63,129.64,1159
2025-01-06 17:05:00,129.64,129.64,129.63,129.63,1123
2025-01-06 17:06:00,129.66,129.66,129.62,129.66,3709
2025-01-06 17:07:00,129.6584,129.66,129.6,129.61,401
2025-01-06 17:08:00,129.61,129.67,129.61,129.63,5924
2025-01-06 17:09:00,129.66,129.66,129.59,129.61,2203
2025-01-06 17:10:00,129.66,129.7,129.62,129.67,816
2025-01-06 17:11:00,129.65,129.7,129.56,129.69,2886
2025-01-06 17:12:00,129.625,129.69,129.5616,129.58,427
2025-01-06 17:13:00,129.635,129.69,129.26,129.69,953
2025-01-06 17:14:00,129.6,129.68,129.55,129.655,1010798
2025-01-06 17:15:00,129.68,129.68,129.63,129.67,712
2025-01-06 17:16:00,129.6696,129.67,129.6,129.6,3674
2025-01-06 17:17:00,129.63,129.67,129.6,129.67,1144
2025-01-06 17:18:00,129.61,129.67,129.6,129.67,125
2025-01-06 17:19:00,129.67,129.67,129.6,129.62,501
2025-01-06 17:20:00,129.67,129.67,129.62,129.635,83
2025-01-06 17:21:00,129.61,129.67,129.6,129.65,367
2025-01-06 17:22:00,129.62,129.7,129.62,129.6999,3184
2025-01-06 17:23:00,129.69,129.837,129.67,129.7,1253
2025-01-06 17:24:00,129.75,129.84,129.67,129.84,421
2025-01-06 17:25:00,129.76,129.83,129.75,129.83,2360
2025-01-06 17:26:00,129.83,129.83,129.75,129.78,372
2025-01-06 17:27:00,129.83,129.83,129.75,129.83,1392
2025-01-06 17:28:00,129.83,129.83,129.79,129.82,2820
2025-01-06 17:29:00,129.84,129.88,129.8,129.87,6017
2025-01-06 17:30:00,129.8788,129.88,129.8,129.84,1046
2025-01-06 17:31:00,129.88,129.88,129.8,129.88,176
2025-01-06 17:32:00,129.8,129.88,129.8,129.85,589
2025-01-06 17:33:00,129.8,129.88,129.8,129.8,408
2025-01-06 17:34:00,129.86,129.88,129.81,129.81,1514
2025-01-06 17:35:00,129.845,129.88,129.835,129.88,584
2025-01-06 17:36:00,129.88,129.88,129.81,129.81,305
2025-01-06 17:37:00,129.85,129.88,129.85,129.865,1835
2025-01-06 17:38:00,129.865,129.88,129.86,129.88,2286
2025-01-06 17:39:00,129.87,129.88,129.85,129.85,3069
2025-01-06 17:40:00,129.55,129.88,129.55,129.8785,6119
2025-01-06 17:41:00,129.88,129.88,129.75,129.77,1745
2025-01-06 17:42:00,129.87,129.87,129.77,129.82,1302
2025-01-06 17:43:00,129.83,129.84,129.8,129.84,307
2025-01-06 17:44:00,129.8,129.84,129.8,129.84,479
2025-01-06 17:45:00,129.82,129.86,129.82,129.86,988
2025-01-06 17:46:00,129.84,129.86,129.809,129.85,2367
2025-01-06 17:47:00,129.86,129.86,129.8018,129.86,1831
2025-01-06 17:48:00,129.86,129.86,129.84,129.85,519
2025-01-06 17:49:00,129.83,129.86,129.8015,129.85,1863
2025-01-06 17:50:00,129.85,129.89,129.8,129.85,2154
2025-01-06 17:51:00,129.86,129.9,129.8,129.9,258
2025-01-06 17:52:00,129.9,129.91,129.86,129.91,377
2025-01-06 17:53:00,129.91,129.938,129.86,129.9233,3107
2025-01-06 17:54:00,129.88,129.94,129.55,129.86,7486
2025-01-06 17:55:00,129.92,129.94,129.86,129.94,117
2025-01-06 17:56:00,129.92,129.94,129.86,129.94,501
2025-01-06 17:57:00,129.94,129.95,129.87,129.89,434
2025-01-06 17:58:00,129.9,129.9,129.82,129.83,1136
2025-01-06 17:59:00,129.83,129.9,129.815,129.9,3250
2025-01-06 18:00:00,129.9,129.95,129.9,129.9499,1581
2025-01-06 18:01:00,129.94,129.98,129.93,129.98,3935
2025-01-06 18:02:00,129.98,130.07,129.95,130.01,19249
2025-01-06 18:03:00,130.0,130.07,130.0,130.0001,1216
2025-01-06 18:04:00,130.01,130.07,129.91,130.06,8304
2025-01-06 18:05:00,130.05,130.07,129.95,130.03,3736
2025-01-06 18:06:00,130.03,130.03,129.91,130.02,610
2025-01-06 18:07:00,130.0,130.03,130.0,130.02,1303
2025-01-06 18:08:00,130.0,130.03,129.92,130.02,763
2025-01-06 18:09:00,130.03,130.06,130.0,130.03,1097
2025-01-06 18:10:00,130.06,130.1,130.05,130.1,9243
2025-01-06 18:11:00,130.09,130.24,130.06,130.24,2746
2025-01-06 18:12:00,130.2,130.26,130.1,130.16,5774
2025-01-06 18:13:00,130.23,130.26,130.18,130.2499,1244
2025-01-06 18:14:00,130.24,130.25,130.07,130.2193,5020
2025-01-06 18:15:00,130.22,130.22,130.16,130.22,632
2025-01-06 18:16:00,130.2,130.25,130.1,130.2,1105
2025-01-06 18:17:00,130.1988,130.22,130.1,130.18,1497
2025-01-06 18:18:00,130.1,130.21,130.1,130.19,964
2025-01-06 18:19:00,130.18,130.2,130.1,130.112,926
2025-01-06 18:20:00,130.14,130.17,130.0,130.1,2324
2025-01-06 18:21:00,130.17,130.17,130.05,130.07,333
2025-01-06 18:22:00,130.1,130.12,130.075,130.12,703
2025-01-06 18:23:00,130.11,130.17,130.05,130.15,692
2025-01-06 18:24:00,130.09,130.15,130.07,130.1,356
2025-01-06 18:25:00,130.12,130.14,130.1001,130.1001,1615
2025-01-06 18:26:00,130.14,130.14,130.1,130.14,241
2025-01-06 18:27:00,130.1388,130.14,130.1,130.1006,324
2025-01-06 18:28:00,130.12,130.14,130.05,130.05,1970
2025-01-06 18:29:00,130.05,130.14,130.05,130.13,1347
2025-01-06 18:30:00,130.0578,130.14,130.05,130.07,1064
2025-01-06 18:31:00,130.1,130.14,130.03,130.12,393
2025-01-06 18:32:00,130.12,130.17,130.12,130.14,2757
2025-01-06 18:33:00,130.15,130.155,130.14,130.15,395
2025-01-06 18:34:00,130.17,130.19,130.14,130.1799,538
2025-01-06 18:35:00,130.15,130.19,130.065,130.11,7192
2025-01-06 18:36:00,130.11,130.11,130.065,130.11,34
2025-01-06 18:37:00,130.1,130.11,130.05,130.0501,4031
2025-01-06 18:38:00,130.06,130.11,130.05,130.11,565
2025-01-06 18:39:00,130.075,130.1,130.05,130.06,413
2025-01-06 18:40:00,130.1,130.1,130.02,130.02,302
2025-01-06 18:41:00,130.06,130.08,130.02,130.06,337
2025-01-06 18:42:00,130.07,130.07,130.02,130.0697,1256
2025-01-06 18:43:00,130.06,130.07,130.05,130.07,976
2025-01-06 18:44:00,130.07,130.11,130.05,130.11,1160
2025-01-06 18:45:00,130.08,130.11,130.06,130.07,576
2025-01-06 18:46:00,130.08,130.11,130.07,130.09,1066
2025-01-06 18:47:00,130.11,130.11,130.07,130.07,1131
2025-01-06 18:48:00,130.09,130.2,130.07,130.13,693
2025-01-06 18:49:00,130.08,130.19,130.08,130.15,2591
2025-01-06 18:50:00,130.15,130.15,130.08,130.14,771
2025-01-06 18:51:00,130.11,130.15,130.08,130.1,926
2025-01-06 18:52:00,130.115,130.15,130.08,130.14,200
2025-01-06 18:53:00,130.15,130.15,130.08,130.14,440
2025-01-06 18:54:00,130.12,130.15,130.08,130.15,491
2025-01-06 18:55:00,130.1495,130.18,130.08,130.15,1568
2025-01-06 18:56:00,130.15,130.19,130.135,130.17,475
2025-01-06 18:57:00,130.18,130.2,130.0955,130.175,1343
2025-01-06 18:58:00,130.2,130.2,130.11,130.16,1245
2025-01-06 18:59:00,130.2,130.21,130.15,130.21,726
2025-01-06 19:00:00,130.2,130.21,130.2,130.205,744
2025-01-06 19:01:00,130.2,130.24,130.2,130.22,1771
2025-01-06 19:02:00,130.22,130.24,130.2,130.23,958
2025-01-06 19:03:00,130.2,130.24,130.2,130.23,1350
2025-01-06 19:04:00,130.21,130.21,130.15,130.1997,1228
2025-01-06 19:05:00,130.15,130.2,130.1349,130.18,1563
2025-01-06 19:06:00,130.15,130.2,130.07,130.07,211
2025-01-06 19:07:00,130.23,130.23,130.06,130.06,598
2025-01-06 19:08:00,130.15,130.2,130.12,130.145,248
2025-01-06 19:09:00,130.14,130.1999,130.09,130.14,219
2025-01-06 19:10:00,130.1888,130.19,130.14,130.1882,265
2025-01-06 19:11:00,130.19,130.19,130.14,130.1893,418
2025-01-06 19:12:00,130.1897,130.19,130.14,130.19,298
2025-01-06 19:13:00,130.18,130.19,130.16,130.19,668
2025-01-06 19:14:00,130.15,130.2,130.15,130.19,1316
2025-01-06 19:15:00,130.19,130.2,130.15,130.2,2624
2025-01-06 19:16:00,130.2,130.2,130.175,130.2,893
2025-01-06 19:17:00,130.185,130.2,130.175,130.2,337
2025-01-06 19:18:00,130.1997,130.2,130.15,130.17,2610
2025-01-06 19:19:00,130.18,130.25,130.18,130.215,994
2025-01-06 19:20:00,130.2,130.25,130.19,130.2,674
2025-01-06 19:21:00,130.2,130.23,130.19,130.23,461
2025-01-06 19:22:00,130.25,130.25,130.18,130.19,2098
2025-01-06 19:23:00,130.19,130.2,130.18,130.2,3511
2025-01-06 19:24:00,130.25,130.25,130.18,130.25,747
2025-01-06 19:25:00,130.25,130.25,130.2,130.2,1158
2025-01-06 19:26:00,130.25,130.25,130.21,130.225,217
2025-01-06 19:27:00,130.22,130.25,130.2001,130.225,189
2025-01-06 19:28:00,130.225,130.25,130.2,130.25,1312
2025-01-06 19:29:00,130.21,130.25,130.2,130.24,621
2025-01-06 19:30:00,130.2,130.25,130.2,130.25,687
2025-01-06 19:31:00,130.2001,130.25,130.2001,130.24,428
2025-01-06 19:32:00,130.225,130.25,130.2,130.24,1762
2025-01-06 19:33:00,130.24,130.25,130.21,130.23,1582
2025-01-06 19:34:00,130.2485,130.25,130.22,130.25,2660
2025-01-06 19:35:00,130.2499,130.25,130.23,130.24,4955
2025-01-06 19:36:00,130.25,130.25,130.24,130.25,7294
2025-01-06 19:37:00,130.25,130.29,130.24,130.25,3286
2025-01-06 19:38:00,130.3,130.37,130.25,130.325,2809
2025-01-06 19:39:00,130.34,130.4,130.3,130.35,1198
2025-01-06 19:40:00,130.38,130.4,130.3,130.35,1280
2025-01-06 19:41:00,130.3504,130.4,130.3,130.35,709
2025-01-06 19:42:00,130.38,130.4,130.3,130.3499,686
2025-01-06 19:43:00,130.35,130.35,130.3,130.33,852
2025-01-06 19:44:00,130.31,130.3297,130.31,130.31,557
2025-01-06 19:45:00,130.3197,130.32,130.3,130.305,864
2025-01-06 19:46:00,130.31,130.32,130.3,130.3097,201
2025-01-06 19:47:00,130.3,130.33,130.3,130.33,535
2025-01-06 19:48:00,130.32,130.39,130.32,130.33,970
2025-01-06 19:49:00,130.37,130.39,130.31,130.39,636
2025-01-06 19:50:00,130.38,130.4,130.31,130.4,353
2025-01-06 19:51:00,130.31,130.35,130.31,130.34,1176
2025-01-06 19:52:00,130.35,130.4,130.32,130.39,991
2025-01-06 19:53:00,130.38,130.4,130.35,130.39,3269
2025-01-06 19:54:00,130.399,130.45,130.39,130.44,1908
2025-01-06 19:55:00,130.46,130.46,130.4,130.4,3890
2025-01-06 19:56:00,130.41,130.42,130.4,130.41,3638
2025-01-06 19:57:00,130.4,130.46,130.39,130.42,4011
2025-01-06 19:58:00,130.42,130.42,130.4,130.4097,1754
2025-01-06 19:59:00,130.4,130.42,130.37,130.42,9547
2025-01-07 04:00:00,130.3,130.6,129.72,130.22,2678
2025-01-07 04:01:00,130.22,130.31,130.16,130.16,7899
2025-01-07 04:02:00,130.19,130.31,130.15,130.29,1045
2025-01-07 04:03:00,130.24,130.35,130.24,130.28,2741
2025-01-07 04:04:00,130.25,130.37,130.21,130.36,2556
2025-01-07 04:05:00,130.36,130.39,130.23,130.34,1244
2025-01-07 04:06:00,130.28,130.35,130.27,130.29,806
2025-01-07 04:07:00,130.29,130.29,130.25,130.26,1226
2025-01-07 04:08:00,130.29,130.39,130.29,130.35,1663
2025-01-07 04:09:00,130.39,130.39,130.31,130.38,3269
2025-01-07 04:10:00,130.36,130.4,130.34,130.39,1554
2025-01-07 04:11:00,130.35,130.4,130.35,130.39,2701
2025-01-07 04:12:00,130.39,130.45,130.37,130.45,771
2025-01-07 04:13:00,130.41,130.45,130.36,130.39,2260
2025-01-07 04:14:00,130.4,130.4,130.3,130.32,1416
2025-01-07 04:15:00,130.35,130.37,130.3,130.33,1133
2025-01-07 04:16:00,130.32,130.36,130.24,130.24,4045
2025-01-07 04:17:00,130.26,130.31,130.18,130.25,7180
2025-01-07 04:18:00,130.26,130.29,130.15,130.2,1555
2025-01-07 04:19:00,130.26,130.31,130.16,130.27,1099
2025-01-07 04:20:00,130.22,130.26,130.22,130.26,49
2025-01-07 04:21:00,130.27,130.27,130.18,130.23,637
2025-01-07 04:22:00,130.2,130.24,130.19,130.24,311
2025-01-07 04:23:00,130.24,130.26,130.23,130.26,109
2025-01-07 04:24:00,130.27,130.33,130.27,130.3,1539
2025-01-07 04:25:00,130.3,130.32,130.23,130.28,790
2025-01-07 04:26:00,130.29,130.29,130.18,130.26,610
2025-01-07 04:27:00,130.23,130.28,130.11,130.12,3315
2025-01-07 04:28:00,130.14,130.21,130.12,130.18,1319
2025-01-07 04:29:00,130.18,130.21,130.17,130.21,344
2025-01-07 04:30:00,130.18,130.21,130.17,130.19,3228
2025-01-07 04:31:00,130.19,130.21,130.14,130.21,2007
2025-01-07 04:32:00,130.18,130.19,129.89,129.89,6825
2025-01-07 04:33:00,129.98,130.0,129.9,129.92,900
2025-01-07 04:34:00,129.92,130.0,129.91,130.0,901
2025-01-07 04:35:00,130.0,130.04,129.91,129.94,486
2025-01-07 04:36:00,129.99,130.04,129.94,130.0,390
2025-01-07 04:37:00,130.01,130.22,130.01,130.19,2163
2025-01-07 04:38:00,130.23,130.23,130.17,130.21,134
2025-01-07 04:39:00,130.17,130.24,130.15,130.16,261
2025-01-07 04:40:00,130.17,130.23,130.15,130.22,539
2025-01-07 04:41:00,130.19,130.26,130.16,130.2,817
2025-01-07 04:42:00,130.2,130.26,130.16,130.17,1175
2025-01-07 04:43:00,130.15,130.25,130.12,130.2,623
2025-01-07 04:44:00,130.19,130.19,130.08,130.08,589
2025-01-07 04:45:00,130.14,130.14,130.07,130.12,673
2025-01-07 04:46:00,130.05,130.05,129.91,129.97,1702
2025-01-07 04:47:00,129.94,129.96,129.9,129.95,667
2025-01-07 04:48:00,129.91,129.92,129.85,129.86,970
2025-01-07 04:49:00,129.85,129.86,129.74,129.8,4042
2025-01-07 04:50:00,129.8,129.99,129.77,129.84,3567
2025-01-07 04:51:00,129.83,129.93,129.82,129.86,299
2025-01-07 04:52:00,129.9,129.97,129.86,129.97,126
2025-01-07 04:53:00,129.89,129.96,129.85,129.89,1090
2025-01-07 04:54:00,129.96,129.96,129.83,129.85,437
2025-01-07 04:55:00,129.84,129.84,129.82,129.84,266
2025-01-07 04:56:00,129.84,129.87,129.8,129.85,1479
2025-01-07 04:57:00,129.84,129.9,129.8,129.83,939
2025-01-07 04:58:00,129.82,129.92,129.81,129.92,2463
2025-01-07 04:59:00,129.91,129.95,129.9,129.9,365
2025-01-07 05:00:00,129.93,129.93,129.82,129.82,195
2025-01-07 05:01:00,129.89,129.9,129.82,129.9,203
2025-01-07 05:02:00,129.82,129.85,129.82,129.82,285
2025-01-07 05:03:00,129.87,129.9,129.78,129.79,1133
2025-01-07 05:04:00,129.78,129.8,129.7,129.8,573
2025-01-07 05:05:00,129.79,129.87,129.79,129.81,285
2025-01-07 05:06:00,129.82,129.89,129.81,129.89,287
2025-01-07 05:07:00,129.87,129.91,129.83,129.83,255
2025-01-07 05:08:00,129.85,129.91,129.83,129.85,312
2025-01-07 05:09:00,129.9,129.93,129.9,129.93,110
2025-01-07 05:10:00,129.95,129.96,129.91,129.96,231
2025-01-07 05:11:00,129.95,130.06,129.94,130.06,679
2025-01-07 05:12:00,130.1,130.16,130.1,130.14,443
2025-01-07 05:13:00,130.19,130.28,130.17,130.22,1513
2025-01-07 05:14:00,130.27,130.27,130.22,130.25,65
2025-01-07 05:15:00,130.25,130.27,130.2,130.27,298
2025-01-07 05:16:00,130.25,130.27,130.22,130.25,148
2025-01-07 05:17:00,130.24,130.24,130.2,130.22,1670
2025-01-07 05:18:00,130.21,130.27,130.2,130.26,404
2025-01-07 05:19:00,130.28,130.36,130.28,130.34,776
2025-01-07 05:20:00,130.36,130.37,130.33,130.34,1157
2025-01-07 05:21:00,130.32,130.35,130.31,130.33,383
2025-01-07 05:22:00,130.35,130.35,130.29,130.33,304
2025-01-07 05:23:00,130.32,130.38,130.27,130.38,1331
2025-01-07 05:24:00,130.38,130.44,130.37,130.38,2959
2025-01-07 05:25:00,130.38,130.39,130.0,130.33,5502
2025-01-07 05:26:00,130.22,130.29,130.2,130.28,236
2025-01-07 05:27:00,130.28,130.37,130.28,130.37,18
2025-01-07 05:28:00,130.3,130.37,130.3,130.37,618
2025-01-07 05:29:00,130.29,130.37,130.29,130.33,24
2025-01-07 05:30:00,130.37,130.45,130.35,130.45,1011
2025-01-07 05:31:00,130.45,130.45,130.4,130.41,213
2025-01-07 05:32:00,130.39,130.45,130.35,130.35,439
2025-01-07 05:33:00,130.4,130.43,130.35,130.4,292
2025-01-07 05:34:00,130.4,130.41,130.34,130.35,1341
2025-01-07 05:35:00,130.35,130.4,130.31,130.33,1387
2025-01-07 05:36:00,130.36,130.39,130.33,130.33,1190
2025-01-07 05:37:00,130.33,130.38,130.33,130.38,602
2025-01-07 05:38:00,130.38,130.38,130.38,130.38,29
2025-01-07 05:39:00,130.36,130.39,130.35,130.36,121
2025-01-07 05:40:00,130.38,130.38,130.31,130.37,932
2025-01-07 05:41:00,130.38,130.38,130.31,130.37,260
2025-01-07 05:42:00,130.36,130.36,130.35,130.35,10
2025-01-07 05:43:00,130.37,130.4,130.36,130.4,1458
2025-01-07 05:44:00,130.4,130.41,130.36,130.36,984
2025-01-07 05:45:00,130.35,130.36,130.33,130.36,371
2025-01-07 05:46:00,130.36,130.36,130.29,130.29,808
2025-01-07 05:47:00,130.3,130.36,130.3,130.36,1268
2025-01-07 05:48:00,130.35,130.36,130.32,130.32,199
2025-01-07 05:49:00,130.36,130.38,130.36,130.38,5
2025-01-07 05:50:00,130.38,130.41,130.34,130.41,1274
2025-01-07 05:51:00,130.41,130.42,130.38,130.39,443
2025-01-07 05:52:00,130.4,130.43,130.4,130.43,381
2025-01-07 05:53:00,130.43,130.44,130.41,130.42,198
2025-01-07 05:54:00,130.44,130.47,130.42,130.47,883
2025-01-07 05:55:00,130.48,130.55,130.47,130.54,10415
2025-01-07 05:56:00,130.55,130.6,130.55,130.6,1390
2025-01-07 05:57:00,130.59,130.6,130.56,130.6,1183
2025-01-07 05:58:00,130.59,130.6,130.5,130.52,1147
2025-01-07 05:59:00,130.52,130.59,130.52,130.57,1184
2025-01-07 06:00:00,130.56,130.59,130.49,130.52,615
2025-01-07 06:01:00,130.53,130.53,130.5,130.52,340
2025-01-07 06:02:00,130.51,130.51,130.43,130.5,957
2025-01-07 06:03:00,130.43,130.48,130.42,130.42,90
2025-01-07 06:04:00,130.46,130.47,130.43,130.47,45
2025-01-07 06:05:00,130.47,130.48,130.45,130.48,403
2025-01-07 06:06:00,130.48,130.49,130.46,130.47,883
2025-01-07 06:07:00,130.49,130.49,130.46,130.48,95
2025-01-07 06:08:00,130.47,130.47,130.42,130.43,705
2025-01-07 06:09:00,130.43,130.45,130.42,130.42,168
2025-01-07 06:10:00,130.43,130.44,130.39,130.43,377
2025-01-07 06:11:00,130.45,130.45,130.45,130.45,44
2025-01-07 06:12:00,130.48,130.51,130.45,130.45,453
2025-01-07 06:13:00,130.42,130.44,130.39,130.39,729
2025-01-07 06:14:00,130.39,130.41,130.37,130.4,1563
2025-01-07 06:15:00,130.41,130.42,130.35,130.35,499
2025-01-07 06:16:00,130.35,130.4,130.35,130.35,253
2025-01-07 06:17:00,130.4,130.41,130.36,130.41,135
2025-01-07 06:18:00,130.4,130.45,130.37,130.37,184
2025-01-07 06:19:00,130.39,130.41,130.37,130.4,361
2025-01-07 06:20:00,130.4,130.41,130.4,130.4,203
2025-01-07 06:21:00,130.41,130.45,130.38,130.38,199
2025-01-07 06:22:00,130.4,130.45,130.4,130.41,1061
2025-01-07 06:23:00,130.45,130.47,130.44,130.46,798
2025-01-07 06:24:00,130.46,130.47,130.45,130.46,308
2025-01-07 06:25:00,130.49,130.5,130.48,130.49,260
2025-01-07 06:26:00,130.49,130.5,130.44,130.46,519
2025-01-07 06:27:00,130.46,130.5,130.45,130.49,257
2025-01-07 06:28:00,130.5,130.5,130.48,130.48,130
2025-01-07 06:29:00,130.48,130.5,130.47,130.5,739
2025-01-07 06:30:00,130.5,130.58,130.5,130.56,2657
2025-01-07 06:31:00,130.54,130.55,130.41,130.41,2448
2025-01-07 06:32:00,130.44,130.49,130.41,130.49,288
2025-01-07 06:33:00,130.47,130.47,130.46,130.47,256
2025-01-07 06:34:00,130.45,130.54,130.45,130.5,943
2025-01-07 06:35:00,130.54,130.54,130.37,130.44,912
2025-01-07 06:36:00,130.41,130.41,130.37,130.4,502
2025-01-07 06:37:00,130.45,130.48,130.4,130.45,421
2025-01-07 06:38:00,130.48,130.49,130.45,130.48,305
2025-01-07 06:39:00,130.49,130.49,130.45,130.45,21
2025-01-07 06:40:00,130.46,130.48,130.45,130.48,331
2025-01-07 06:41:00,130.49,130.49,130.41,130.46,117
2025-01-07 06:42:00,130.46,130.49,130.41,130.43,518
2025-01-07 06:43:00,130.43,130.49,130.43,130.45,433
2025-01-07 06:44:00,130.45,130.48,130.42,130.45,1481
2025-01-07 06:45:00,130.43,130.44,130.34,130.39,1822
2025-01-07 06:46:00,130.36,130.4,130.33,130.34,172
2025-01-07 06:47:00,130.39,130.39,130.31,130.37,499
2025-01-07 06:48:00,130.38,130.39,130.35,130.35,68
2025-01-07 06:49:00,130.37,130.44,130.33,130.44,631
2025-01-07 06:50:00,130.37,130.4,130.37,130.39,166
2025-01-07 06:51:00,130.42,130.48,130.41,130.48,637
2025-01-07 06:52:00,130.47,130.47,130.42,130.42,1408
2025-01-07 06:53:00,130.45,130.47,130.36,130.36,663
2025-01-07 06:54:00,130.36,130.45,130.32,130.4,1757
2025-01-07 06:55:00,130.33,130.45,130.33,130.44,607
2025-01-07 06:56:00,130.42,130.47,130.37,130.47,411
2025-01-07 06:57:00,130.39,130.47,130.39,130.42,56
2025-01-07 06:58:00,130.4,130.43,130.36,130.38,750
2025-01-07 06:59:00,130.45,130.45,130.4,130.4,201
2025-01-07 07:00:00,130.4,130.5,130.37,130.42,7349
2025-01-07 07:01:00,130.45,130.45,130.38,130.38,2482
2025-01-07 07:02:00,130.39,130.41,130.32,130.32,6365
2025-01-07 07:03:00,130.42,130.42,130.37,130.38,958
2025-01-07 07:04:00,130.39,130.42,130.39,130.4,1273
2025-01-07 07:05:00,130.42,130.48,130.42,130.48,980
2025-01-07 07:06:00,130.48,130.64,130.48,130.64,5754
2025-01-07 07:07:00,130.63,130.8,130.61,130.79,7247
2025-01-07 07:08:00,130.8,130.88,130.771,130.84,3392
2025-01-07 07:09:00,130.82,130.9,130.8,130.9,5030
2025-01-07 07:10:00,130.9,130.99,130.89,130.98,5142
2025-01-07 07:11:00,130.99,130.99,130.77,130.8,12300
2025-01-07 07:12:00,130.8,130.8,130.61,130.62,4226
2025-01-07 07:13:00,130.63,130.63,130.39,130.4,6528
2025-01-07 07:14:00,130.39,130.4,130.35,130.36,4614
2025-01-07 07:15:00,130.38,130.45,130.2,130.45,16159
2025-01-07 07:16:00,130.44,130.45,130.35,130.45,4066
2025-01-07 07:17:00,130.42,130.45,130.35,130.35,1574
2025-01-07 07:18:00,130.3,130.38,130.3,130.35,510
2025-01-07 07:19:00,130.4,130.4,130.32,130.38,3071
2025-01-07 07:20:00,130.38,130.38,130.27,130.31,1426
2025-01-07 07:21:00,130.3,130.35,130.3,130.3,6688
2025-01-07 07:22:00,130.31,130.33,130.3,130.33,3053
2025-01-07 07:23:00,130.33,130.34,130.3,130.33,716
2025-01-07 07:24:00,130.34,130.34,130.3,130.31,2050
2025-01-07 07:25:00,130.3,130.38,130.3,130.31,11020
2025-01-07 07:26:00,130.31,130.37,130.31,130.37,1817
2025-01-07 07:27:00,130.38,130.38,130.33,130.35,717
2025-01-07 07:28:00,130.33,130.37,130.29,130.29,3445
2025-01-07 07:29:00,130.29,130.35,130.2,130.32,6944
2025-01-07 07:30:00,130.34,130.35,130.32,130.32,1136
2025-01-07 07:31:00,130.34,130.4,130.32,130.4,4487
2025-01-07 07:32:00,130.39,130.47,130.39,130.47,4346
2025-01-07 07:33:00,130.48,130.5,130.41,130.46,1225
2025-01-07 07:34:00,130.46,130.47,130.41,130.47,552
2025-01-07 07:35:00,130.46,130.47,130.44,130.45,255
2025-01-07 07:36:00,130.41,130.42,130.38,130.38,1262
2025-01-07 07:37:00,130.35,130.39,130.35,130.38,27
2025-01-07 07:38:00,130.33,130.34,130.33,130.34,24
2025-01-07 07:39:00,130.35,130.35,130.32,130.32,411
2025-01-07 07:40:00,130.32,130.39,130.3,130.34,2129
2025-01-07 07:41:00,130.34,130.35,130.32,130.32,1123
2025-01-07 07:42:00,130.34,130.35,130.34,130.35,793
2025-01-07 07:43:00,130.35,130.35,130.34,130.34,928
2025-01-07 07:44:00,130.35,130.35,130.31,130.31,2120
2025-01-07 07:45:00,130.3,130.3,130.27,130.29,2597
2025-01-07 07:46:00,130.27,130.3,130.27,130.29,760
2025-01-07 07:47:00,130.28,130.3,130.26,130.27,3841
2025-01-07 07:48:00,130.3,130.33,130.3,130.33,384
2025-01-07 07:49:00,130.35,130.35,130.34,130.35,587
2025-01-07 07:50:00,130.34,130.36,130.33,130.35,804
2025-01-07 07:51:00,130.35,130.4,130.35,130.39,2524
2025-01-07 07:52:00,130.4,130.41,130.35,130.4,4271
2025-01-07 07:53:00,130.39,130.41,130.38,130.39,319
2025-01-07 07:54:00,130.38,130.45,130.38,130.44,702
2025-01-07 07:55:00,130.42,130.5,130.42,130.46,935
2025-01-07 07:56:00,130.45,130.46,130.37,130.39,760
2025-01-07 07:57:00,130.39,130.42,130.35,130.35,681
2025-01-07 07:58:00,130.35,130.44,130.34,130.44,1654
2025-01-07 07:59:00,130.39,130.44,130.36,130.37,475
2025-01-07 08:00:00,130.4,131.0,122.2,130.3769,185128
2025-01-07 08:01:00,130.3131,130.9905,129.15,130.34,3555
2025-01-07 08:02:00,130.36,130.48,129.55,129.55,1881
2025-01-07 08:03:00,130.3799,130.45,129.55,130.395,721
2025-01-07 08:04:00,130.37,130.45,129.55,130.365,3004
2025-01-07 08:05:00,130.4069,130.4069,129.55,130.315,5440
2025-01-07 08:06:00,130.345,130.35,129.55,130.2795,10344
2025-01-07 08:07:00,130.265,130.37,130.26,130.2601,2370
2025-01-07 08:08:00,130.3,130.3,130.26,130.27,4331
2025-01-07 08:09:00,130.3,130.36,130.22,130.22,15674
2025-01-07 08:10:00,130.25,130.25,130.11,130.11,14653
2025-01-07 08:11:00,130.12,130.2,130.0212,130.13,2588
2025-01-07 08:12:00,130.05,130.15,129.94,130.1,10935
2025-01-07 08:13:00,130.1,130.12,130.0,130.0695,509
2025-01-07 08:14:00,130.055,130.07,130.0,130.07,4154
2025-01-07 08:15:00,130.04,130.1,130.0105,130.1,3073
2025-01-07 08:16:00,130.0999,130.12,130.07,130.07,2066
2025-01-07 08:17:00,130.11,130.11,130.03,130.05,2497
2025-01-07 08:18:00,130.065,130.11,130.02,130.02,2225
2025-01-07 08:19:00,130.1,130.2,130.02,130.1998,3094
2025-01-07 08:20:00,130.18,130.2,130.1003,130.1899,2154
2025-01-07 08:21:00,130.19,130.19,129.55,130.19,4164
2025-01-07 08:22:00,130.16,130.18,130.1,130.16,1471
2025-01-07 08:23:00,130.16,130.18,130.1,130.13,1821
2025-01-07 08:24:00,130.18,130.2,130.15,130.2,3477
2025-01-07 08:25:00,130.17,130.2,130.16,130.2,1048
2025-01-07 08:26:00,130.1619,130.2,130.11,130.155,3122
2025-01-07 08:27:00,130.13,130.2,130.1,130.1003,7362
2025-01-07 08:28:00,130.11,130.17,130.1,130.11,2129
2025-01-07 08:29:00,130.11,130.2,129.55,130.2,14474
2025-01-07 08:30:00,130.2,130.2,130.07,130.11,1788
2025-01-07 08:31:00,130.07,130.19,130.07,130.19,1878
2025-01-07 08:32:00,130.13,130.19,130.07,130.15,1837
2025-01-07 08:33:00,130.17,130.2,130.1,130.18,2008
2025-01-07 08:34:00,130.18,130.23,130.15,130.17,3719
2025-01-07 08:35:00,130.17,130.19,130.15,130.17,1835
2025-01-07 08:36:00,130.1887,130.2,130.15,130.2,1879
2025-01-07 08:37:00,130.2,130.2,130.17,130.17,2082
2025-01-07 08:38:00,130.18,130.18,130.1,130.105,2529
2025-01-07 08:39:00,130.13,130.19,130.13,130.17,3766
2025-01-07 08:40:00,130.18,130.21,130.1619,130.195,2098
2025-01-07 08:41:00,130.19,130.22,130.17,130.18,2827
2025-01-07 08:42:00,130.18,130.19,130.07,130.13,1942
2025-01-07 08:43:00,130.1,130.13,130.07,130.0701,1534
2025-01-07 08:44:00,130.1,130.18,130.1,130.18,1625
2025-01-07 08:45:00,130.18,130.19,130.16,130.185,2345
2025-01-07 08:46:00,130.19,130.25,130.1802,130.225,5964
2025-01-07 08:47:00,130.2304,130.26,130.225,130.25,3363
2025-01-07 08:48:00,130.25,130.26,130.2,130.23,7883
2025-01-07 08:49:00,130.23,130.35,130.215,130.34,9892
2025-01-07 08:50:00,130.34,130.35,130.3,130.34,1860
2025-01-07 08:51:00,130.34,130.38,130.32,130.38,2450
2025-01-07 08:52:00,130.38,130.38,130.3,130.3013,1174
2025-01-07 08:53:00,130.34,130.38,130.3001,130.38,2108
2025-01-07 08:54:00,130.38,130.4,130.35,130.39,2273
2025-01-07 08:55:00,130.3976,130.49,130.36,130.4514,9257
2025-01-07 08:56:00,130.5,130.69,130.47,130.65,11285
2025-01-07 08:57:00,130.64,130.8,130.6007,130.65,9746
2025-01-07 08:58:00,130.7,130.7492,130.6,130.66,2510
2025-01-07 08:59:00,130.698,130.74,130.62,130.73,1217
2025-01-07 09:00:00,130.73,130.8,130.73,130.77,6445
2025-01-07 09:01:00,130.7989,130.89,130.75,130.88,12848
2025-01-07 09:02:00,130.88,131.0,130.86,130.99,28707
2025-01-07 09:03:00,130.99,130.99,130.9,130.97,9029
2025-01-07 09:04:00,130.98,131.01,130.96,130.98,20121
2025-01-07 09:05:00,130.98,131.0,130.88,130.935,10199
2025-01-07 09:06:00,130.95,130.99,130.88,130.89,6256
2025-01-07 09:07:00,130.93,130.96,130.81,130.82,6023
2025-01-07 09:08:00,130.8156,130.9,130.8156,130.89,2888
2025-01-07 09:09:00,130.89,130.93,130.85,130.875,4673
2025-01-07 09:10:00,130.91,130.95,130.87,130.95,1971
2025-01-07 09:11:00,130.925,130.95,130.9,130.92,2933
2025-01-07 09:12:00,130.9002,130.99,130.88,130.96,6780
2025-01-07 09:13:00,130.96,131.0,130.9,131.0,5554
2025-01-07 09:14:00,130.97,131.09,130.96,131.0,8295
2025-01-07 09:15:00,130.995,131.02,130.91,130.98,6815
2025-01-07 09:16:00,130.96,131.0,130.92,130.975,4629
2025-01-07 09:17:00,131.0,131.0,130.93,130.965,3928
2025-01-07 09:18:00,130.9792,131.0,130.94,130.99,5616
2025-01-07 09:19:00,130.96,130.98,130.86,130.87,6500
2025-01-07 09:20:00,130.8799,130.9,129.095,130.8,4693
2025-01-07 09:21:00,130.81,130.9,130.79,130.835,5683
2025-01-07 09:22:00,130.82,130.9,130.81,130.8301,5536
2025-01-07 09:23:00,130.84,131.0,130.83,130.99,7946
2025-01-07 09:24:00,130.9902,131.0,130.97,130.975,5025
2025-01-07 09:25:00,130.97,131.45,130.96,131.0,89516
2025-01-07 09:26:00,131.0,131.0,130.9,130.96,16759
2025-01-07 09:27:00,130.96,131.03,130.82,130.93,30460
2025-01-07 09:28:00,130.92,130.92,130.69,130.9092,27785
2025-01-07 09:29:00,130.9,130.91,130.49,130.5,14199
2025-01-07 09:30:00,130.51,130.51,129.53,129.675,900888
2025-01-07 09:31:00,129.6941,130.1588,129.59,130.0239,261362
2025-01-07 09:32:00,130.0165,130.47,129.79,130.08,302654
2025-01-07 09:33:00,130.085,130.58,130.0,130.36,254465
2025-01-07 09:34:00,130.35,130.5299,129.84,129.96,285867
2025-01-07 09:35:00,129.97,130.26,129.9201,130.09,200206
2025-01-07 09:36:00,130.11,130.25,129.83,129.9759,208516
2025-01-07 09:37:00,129.9678,130.1799,129.58,130.145,243880
2025-01-07 09:38:00,130.1599,130.78,130.13,130.7177,257438
2025-01-07 09:39:00,130.72,130.83,130.53,130.555,264133
2025-01-07 09:40:00,130.57,130.8,130.29,130.45,243695
2025-01-07 09:41:00,130.44,130.44,130.072,130.27,164694
2025-01-07 09:42:00,130.25,130.5699,130.2228,130.53,99410
2025-01-07 09:43:00,130.544,131.19,130.51,131.125,349094
2025-01-07 09:44:00,131.125,131.14,130.8,131.05,174018
2025-01-07 09:45:00,131.0584,131.5,131.05,131.4442,264758
2025-01-07 09:46:00,131.4499,131.45,131.22,131.43,183401
2025-01-07 09:47:00,131.43,131.71,131.41,131.54,299401
2025-01-07 09:48:00,131.545,131.69,131.31,131.41,185875
2025-01-07 09:49:00,131.37,131.38,131.0129,131.065,198469
2025-01-07 09:50:00,131.03,131.1432,130.73,130.87,194980
2025-01-07 09:51:00,130.855,131.12,130.79,131.085,110769
2025-01-07 09:52:00,131.1115,131.17,130.96,131.12,135252
2025-01-07 09:53:00,131.1297,131.27,131.03,131.03,133064
2025-01-07 09:54:00,131.0489,131.15,130.63,130.683,160365
2025-01-07 09:55:00,130.68,130.921,130.68,130.87,95412
2025-01-07 09:56:00,130.82,130.84,130.33,130.3694,162679
2025-01-07 09:57:00,130.355,130.39,129.8,129.95,243348
2025-01-07 09:58:00,129.9419,129.975,129.3,129.31,274195
2025-01-07 09:59:00,129.33,129.3699,129.18,129.25,206333
2025-01-07 10:00:00,129.18,129.25,128.6501,128.6501,348434
2025-01-07 10:01:00,128.67,128.71,128.34,128.4799,255008
2025-01-07 10:02:00,128.465,128.78,128.2301,128.7199,252731
2025-01-07 10:03:00,128.705,128.8799,128.53,128.8711,189374
2025-01-07 10:04:00,128.83,128.8491,128.56,128.62,139443
2025-01-07 10:05:00,128.615,128.77,128.43,128.7,244866
2025-01-07 10:06:00,128.71,128.88,128.59,128.685,184760
2025-01-07 10:07:00,128.71,128.86,128.635,128.66,129692
2025-01-07 10:08:00,128.67,128.7884,128.412,128.6803,166941
2025-01-07 10:09:00,128.665,128.7599,128.07,128.273,228370
2025-01-07 10:10:00,128.285,128.41,128.01,128.0302,180190
2025-01-07 10:11:00,128.05,128.38,127.97,128.285,251577
2025-01-07 10:12:00,128.285,128.89,128.18,128.81,203744
2025-01-07 10:13:00,128.79,129.0,128.7,128.71,142796
2025-01-07 10:14:00,128.7,128.95,128.53,128.57,177637
2025-01-07 10:15:00,128.55,128.68,128.44,128.525,117075
2025-01-07 10:16:00,128.54,128.65,128.35,128.59,70826
2025-01-07 10:17:00,128.61,128.71,128.26,128.27,131601
2025-01-07 10:18:00,128.25,128.372,128.16,128.36,93861
2025-01-07 10:19:00,128.37,128.69,128.37,128.66,122530
2025-01-07 10:20:00,128.615,128.83,128.57,128.79,102959
2025-01-07 10:21:00,128.8,129.1472,128.8,129.085,177662
2025-01-07 10:22:00,129.08,129.14,128.8514,128.967,109188
2025-01-07 10:23:00,128.9649,129.15,128.93,128.94,99928
2025-01-07 10:24:00,128.9546,129.1314,128.91,129.05,78636
2025-01-07 10:25:00,129.04,129.36,129.025,129.33,134733
2025-01-07 10:26:00,129.34,129.5,129.3399,129.44,142881
2025-01-07 10:27:00,129.44,129.45,129.23,129.27,124576
2025-01-07 10:28:00,129.28,129.28,128.87,129.07,119543
2025-01-07 10:29:00,129.08,129.21,128.782,128.782,83063
2025-01-07 10:30:00,128.8,128.95,128.64,128.685,104664
2025-01-07 10:31:00,128.68,128.7,128.27,128.295,151689
2025-01-07 10:32:00,128.306,128.49,128.0701,128.38,112097
2025-01-07 10:33:00,128.385,128.56,128.25,128.4937,81798
2025-01-07 10:34:00,128.5,128.64,128.4236,128.4999,126944
2025-01-07 10:35:00,128.47,128.54,128.33,128.4417,82531
2025-01-07 10:36:00,128.43,128.45,128.21,128.3,72416
2025-01-07 10:37:00,128.305,128.35,128.105,128.15,80285
2025-01-07 10:38:00,128.152,128.19,127.64,127.6699,266142
2025-01-07 10:39:00,127.67,127.74,127.16,127.2623,310221
2025-01-07 10:40:00,127.31,127.5,127.26,127.31,192745
2025-01-07 10:41:00,127.35,127.73,127.24,127.627,105073
2025-01-07 10:42:00,127.6581,127.67,127.34,127.43,87712
2025-01-07 10:43:00,127.44,127.6,127.32,127.58,87629
2025-01-07 10:44:00,127.58,127.6,127.4,127.54,72905
2025-01-07 10:45:00,127.545,127.55,127.33,127.45,100085
2025-01-07 10:46:00,127.47,127.48,127.0901,127.13,128609
2025-01-07 10:47:00,127.14,127.307,126.865,127.1801,205621
2025-01-07 10:48:00,127.19,127.3599,127.145,127.2852,152078
2025-01-07 10:49:00,127.29,127.59,127.275,127.5388,93306
2025-01-07 10:50:00,127.5678,127.74,127.45,127.55,134206
2025-01-07 10:51:00,127.54,127.76,127.44,127.6479,153409
2025-01-07 10:52:00,127.665,127.88,127.62,127.86,157722
2025-01-07 10:53:00,127.86,128.03,127.75,127.95,105370
2025-01-07 10:54:00,127.95,128.31,127.93,128.2299,122062
2025-01-07 10:55:00,128.23,128.4,128.21,128.34,118244
2025-01-07 10:56:00,128.34,128.52,128.3301,128.495,160835
2025-01-07 10:57:00,128.49,128.6381,128.48,128.6,131127
2025-01-07 10:58:00,128.5839,128.68,128.52,128.632,74354
2025-01-07 10:59:00,128.64,128.765,128.62,128.675,80558
2025-01-07 11:00:00,128.68,128.75,128.4,128.52,135388
2025-01-07 11:01:00,128.51,128.5931,128.38,128.535,60113
2025-01-07 11:02:00,128.57,128.63,128.36,128.368,552982
2025-01-07 11:03:00,128.37,128.49,128.185,128.41,104754
2025-01-07 11:04:00,128.42,128.61,128.37,128.61,66394
2025-01-07 11:05:00,128.6246,128.63,128.23,128.318,98674
2025-01-07 11:06:00,128.3,128.57,128.295,128.49,49101
2025-01-07 11:07:00,128.485,128.52,128.29,128.36,44516
2025-01-07 11:08:00,128.3599,128.72,128.3599,128.6007,51378
2025-01-07 11:09:00,128.62,128.76,128.57,128.59,52019
2025-01-07 11:10:00,128.59,128.75,128.57,128.62,61767
2025-01-07 11:11:00,128.625,128.6885,128.43,128.44,51643
2025-01-07 11:12:00,128.44,128.47,128.3,128.4319,51923
2025-01-07 11:13:00,128.43,128.52,128.28,128.52,48105
2025-01-07 11:14:00,128.525,128.66,128.48,128.55,57900
2025-01-07 11:15:00,128.55,128.598,128.43,128.598,71783
2025-01-07 11:16:00,128.57,128.7432,128.545,128.6964,47246
2025-01-07 11:17:00,128.69,128.83,128.64,128.81,71475
2025-01-07 11:18:00,128.8,128.81,128.68,128.74,66679
2025-01-07 11:19:00,128.76,128.8,128.72,128.7999,39568
2025-01-07 11:20:00,128.8,128.99,128.79,128.9201,89057
2025-01-07 11:21:00,128.96,129.0,128.8381,128.845,81106
2025-01-07 11:22:00,128.845,128.96,128.69,128.6994,71390
2025-01-07 11:23:00,128.688,128.724,128.62,128.7,39234
2025-01-07 11:24:00,128.71,129.0,128.71,128.995,51152
2025-01-07 11:25:00,128.98,129.12,128.97,129.099,54956
2025-01-07 11:26:00,129.09,129.2399,129.0701,129.09,123170
2025-01-07 11:27:00,129.095,129.12,128.99,129.0935,64700
2025-01-07 11:28:00,129.12,129.22,129.02,129.22,59904
2025-01-07 11:29:00,129.2009,129.21,128.906,128.98,76615
2025-01-07 11:30:00,128.97,128.98,128.69,128.6948,41765
2025-01-07 11:31:00,128.685,128.71,128.49,128.64,80607
2025-01-07 11:32:00,128.645,128.91,128.64,128.79,42793
2025-01-07 11:33:00,128.7999,128.91,128.55,128.5601,40812
2025-01-07 11:34:00,128.58,128.62,128.355,128.375,65646
2025-01-07 11:35:00,128.38,128.4,128.24,128.32,54196
2025-01-07 11:36:00,128.37,128.3701,128.17,128.31,51270
2025-01-07 11:37:00,128.315,128.36,128.26,128.296,37052
2025-01-07 11:38:00,128.2638,128.49,128.26,128.44,45083
2025-01-07 11:39:00,128.4451,128.81,128.42,128.8011,54230
2025-01-07 11:40:00,128.81,128.81,128.6701,128.75,40506
2025-01-07 11:41:00,128.76,128.77,128.5,128.52,44350
2025-01-07 11:42:00,128.52,128.68,128.46,128.665,30608
2025-01-07 11:43:00,128.68,128.68,128.56,128.58,30029
2025-01-07 11:44:00,128.58,128.6053,128.42,128.49,38415
2025-01-07 11:45:00,128.495,128.6,128.495,128.52,19912
2025-01-07 11:46:00,128.5224,128.56,128.44,128.45,37418
2025-01-07 11:47:00,128.45,128.545,128.41,128.52,49918
2025-01-07 11:48:00,128.54,128.56,128.39,128.4,25686
2025-01-07 11:49:00,128.395,128.41,128.3024,128.3593,31427
2025-01-07 11:50:00,128.36,128.36,128.14,128.2818,48958
2025-01-07 11:51:00,128.26,128.265,128.05,128.055,68811
2025-01-07 11:52:00,128.04,128.37,128.035,128.26,67244
2025-01-07 11:53:00,128.2894,128.365,128.248,128.34,37520
2025-01-07 11:54:00,128.34,128.34,128.11,128.13,22437
2025-01-07 11:55:00,128.14,128.3199,128.14,128.1801,39642
2025-01-07 11:56:00,128.21,128.29,128.14,128.24,45168
2025-01-07 11:57:00,128.25,128.3,128.07,128.09,50911
2025-01-07 11:58:00,128.11,128.12,128.0275,128.0724,36669
2025-01-07 11:59:00,128.08,128.29,128.08,128.265,41879
2025-01-07 12:00:00,128.28,128.5651,128.28,128.3629,63052
2025-01-07 12:01:00,128.35,128.44,128.345,128.44,25909
2025-01-07 12:02:00,128.425,128.45,128.3,128.32,31051
2025-01-07 12:03:00,128.335,128.37,128.26,128.29,24401
2025-01-07 12:04:00,128.285,128.35,128.18,128.35,33153
2025-01-07 12:05:00,128.345,128.4299,128.24,128.42,49806
2025-01-07 12:06:00,128.41,128.41,128.136,128.14,41388
2025-01-07 12:07:00,128.16,128.41,128.1,128.318,50602
2025-01-07 12:08:00,128.33,128.43,128.26,128.37,15101
2025-01-07 12:09:00,128.37,128.47,128.3401,128.426,34405
2025-01-07 12:10:00,128.41,128.41,128.2101,128.255,35585
2025-01-07 12:11:00,128.26,128.3514,128.25,128.32,35267
2025-01-07 12:12:00,128.35,128.48,128.29,128.46,22234
2025-01-07 12:13:00,128.46,128.5099,128.37,128.38,25866
2025-01-07 12:14:00,128.38,128.5,128.33,128.455,28821
2025-01-07 12:15:00,128.455,128.54,128.38,128.385,36799
2025-01-07 12:16:00,128.38,128.42,128.34,128.41,19146
2025-01-07 12:17:00,128.405,128.4876,128.35,128.46,30985
2025-01-07 12:18:00,128.48,128.55,128.432,128.51,30699
2025-01-07 12:19:00,128.52,128.59,128.38,128.39,34946
2025-01-07 12:20:00,128.38,128.38,128.233,128.3,45789
2025-01-07 12:21:00,128.3,128.43,128.2878,128.335,34078
2025-01-07 12:22:00,128.315,128.33,128.185,128.24,22567
2025-01-07 12:23:00,128.2,128.2391,128.1401,128.22,38782
2025-01-07 12:24:00,128.222,128.248,128.151,128.2,20104
2025-01-07 12:25:00,128.21,128.24,128.16,128.16,24853
2025-01-07 12:26:00,128.15,128.17,128.01,128.11,59037
2025-01-07 12:27:00,128.105,128.33,128.105,128.33,33143
2025-01-07 12:28:00,128.33,128.37,128.2,128.25,46510
2025-01-07 12:29:00,128.275,128.4,128.27,128.285,35976
2025-01-07 12:30:00,128.3,128.39,128.2449,128.375,26886
2025-01-07 12:31:00,128.38,128.46,128.36,128.41,24066
2025-01-07 12:32:00,128.4,128.53,128.31,128.32,41402
2025-01-07 12:33:00,128.3199,128.46,128.255,128.43,29236
2025-01-07 12:34:00,128.418,128.49,128.4,128.48,18364
2025-01-07 12:35:00,128.47,128.487,128.363,128.4099,23806
2025-01-07 12:36:00,128.4,128.54,128.39,128.46,36819
2025-01-07 12:37:00,128.49,128.56,128.323,128.36,42183
2025-01-07 12:38:00,128.36,128.37,128.23,128.34,25150
2025-01-07 12:39:00,128.33,128.35,128.2065,128.2065,21902
2025-01-07 12:40:00,128.22,128.31,128.1701,128.29,29427
2025-01-07 12:41:00,128.275,128.34,128.2,128.205,20601
2025-01-07 12:42:00,128.19,128.3,128.14,128.3,19663
2025-01-07 12:43:00,128.3,128.3095,128.2,128.24,21090
2025-01-07 12:44:00,128.26,128.35,128.2,128.33,18892
2025-01-07 12:45:00,128.34,128.34,128.16,128.205,27258
2025-01-07 12:46:00,128.21,128.23,128.05,128.05,69731
2025-01-07 12:47:00,128.08,128.2499,128.07,128.24,35602
2025-01-07 12:48:00,128.24,128.25,128.132,128.1806,18355
2025-01-07 12:49:00,128.1985,128.26,128.1617,128.2,16083
2025-01-07 12:50:00,128.215,128.27,128.1386,128.16,20628
2025-01-07 12:51:00,128.155,128.175,128.0903,128.12,21895
2025-01-07 12:52:00,128.1481,128.18,128.1003,128.167,28403
2025-01-07 12:53:00,128.15,128.23,128.12,128.21,19024
2025-01-07 12:54:00,128.2,128.26,128.15,128.174,33413
2025-01-07 12:55:00,128.1641,128.3,128.12,128.275,34859
2025-01-07 12:56:00,128.259,128.4566,128.259,128.435,67875
2025-01-07 12:57:00,128.46,128.46,128.35,128.42,20367
2025-01-07 12:58:00,128.43,128.4374,128.38,128.41,28769
2025-01-07 12:59:00,128.42,128.53,128.42,128.505,36967
2025-01-07 13:00:00,128.49,128.5499,128.46,128.53,29705
2025-01-07 13:01:00,128.54,128.57,128.43,128.46,43682
2025-01-07 13:02:00,128.46,128.58,128.44,128.53,60511
2025-01-07 13:03:00,128.5301,128.56,128.47,128.55,25945
2025-01-07 13:04:00,128.54,128.5531,128.45,128.5201,40807
2025-01-07 13:05:00,128.515,128.5964,128.5101,128.525,28573
2025-01-07 13:06:00,128.54,128.615,128.525,128.585,49166
2025-01-07 13:07:00,128.6,128.6295,128.52,128.5914,22609
2025-01-07 13:08:00,128.585,128.7,128.57,128.6583,36459
2025-01-07 13:09:00,128.652,128.735,128.652,128.6776,42719
2025-01-07 13:10:00,128.68,128.72,128.61,128.64,38012
2025-01-07 13:11:00,128.6,128.6531,128.59,128.63,24468
2025-01-07 13:12:00,128.63,128.69,128.583,128.675,78266
2025-01-07 13:13:00,128.675,128.79,128.67,128.789,37825
2025-01-07 13:14:00,128.765,128.91,128.76,128.91,62977
2025-01-07 13:15:00,128.91,128.967,128.85,128.91,47396
2025-01-07 13:16:00,128.92,129.0258,128.8901,129.0199,58411
2025-01-07 13:17:00,129.0101,129.095,129.0101,129.0677,59081
2025-01-07 13:18:00,129.0745,129.1751,129.0745,129.17,57431
2025-01-07 13:19:00,129.16,129.2367,129.16,129.23,509709
2025-01-07 13:20:00,129.22,129.3,129.19,129.2985,58451
2025-01-07 13:21:00,129.29,129.45,129.29,129.44,81629
2025-01-07 13:22:00,129.44,129.5368,129.405,129.46,91904
2025-01-07 13:23:00,129.44,129.57,129.42,129.57,49287
2025-01-07 13:24:00,129.56,129.63,129.54,129.58,102700
2025-01-07 13:25:00,129.58,129.72,129.56,129.72,77454
2025-01-07 13:26:00,129.7225,129.86,129.712,129.8488,93261
2025-01-07 13:27:00,129.845,129.94,129.8,129.914,86946
2025-01-07 13:28:00,129.935,129.935,129.78,129.78,105390
2025-01-07 13:29:00,129.7588,129.83,129.61,129.625,79968
2025-01-07 13:30:00,129.6,129.6599,129.5269,129.527,79379
2025-01-07 13:31:00,129.53,129.7062,129.51,129.61,62503
2025-01-07 13:32:00,129.6,129.6576,129.57,129.6,47405
2025-01-07 13:33:00,129.58,129.58,129.4601,129.48,94596
2025-01-07 13:34:00,129.49,129.6386,129.47,129.585,38300
2025-01-07 13:35:00,129.5701,129.69,129.5544,129.687,37001
2025-01-07 13:36:00,129.6899,129.768,129.5801,129.6,58905
2025-01-07 13:37:00,129.58,129.64,129.5501,129.5932,41699
2025-01-07 13:38:00,129.585,129.605,129.45,129.555,55322
2025-01-07 13:39:00,129.57,129.63,129.53,129.5578,37525
2025-01-07 13:40:00,129.57,129.59,129.35,129.4181,60949
2025-01-07 13:41:00,129.41,129.41,129.25,129.286,64004
2025-01-07 13:42:00,129.298,129.4,129.23,129.4,43486
2025-01-07 13:43:00,129.395,129.4377,129.37,129.379,20256
2025-01-07 13:44:00,129.37,129.3938,129.29,129.31,21876
2025-01-07 13:45:00,129.32,129.41,129.32,129.4,24087
2025-01-07 13:46:00,129.39,129.39,129.275,129.29,37161
2025-01-07 13:47:00,129.28,129.37,129.25,129.37,33148
2025-01-07 13:48:00,129.38,129.4,128.8641,129.0,192759
2025-01-07 13:49:00,128.98,128.98,128.6701,128.77,142133
2025-01-07 13:50:00,128.765,128.89,128.7102,128.8207,56202
2025-01-07 13:51:00,128.82,128.84,128.725,128.83,54571
2025-01-07 13:52:00,128.83,128.93,128.81,128.905,45666
2025-01-07 13:53:00,128.91,129.06,128.905,129.06,56430
2025-01-07 13:54:00,129.0591,129.085,128.96,129.085,52463
2025-01-07 13:55:00,129.0877,129.0877,128.94,129.0,28107
2025-01-07 13:56:00,129.01,129.05,128.824,128.84,40695
2025-01-07 13:57:00,128.8536,128.92,128.8165,128.87,27423
2025-01-07 13:58:00,128.87,128.9,128.8299,128.85,19393
2025-01-07 13:59:00,128.845,128.87,128.82,128.87,20525
2025-01-07 14:00:00,128.86,128.92,128.84,128.92,23198
2025-01-07 14:01:00,128.92,129.0299,128.8202,128.99,55581
2025-01-07 14:02:00,128.985,129.1,128.958,129.07,33025
2025-01-07 14:03:00,129.075,129.075,128.9322,128.9555,39521
2025-01-07 14:04:00,128.9733,128.98,128.83,128.89,30312
2025-01-07 14:05:00,128.915,129.0365,128.89,129.02,27291
2025-01-07 14:06:00,129.03,129.08,129.0,129.07,30954
2025-01-07 14:07:00,129.08,129.18,129.07,129.1118,40924
2025-01-07 14:08:00,129.09,129.22,129.0503,129.19,29575
2025-01-07 14:09:00,129.19,129.197,129.045,129.17,18282
2025-01-07 14:10:00,129.16,129.24,129.09,129.105,29343
2025-01-07 14:11:00,129.11,129.1995,129.09,129.1199,29222
2025-01-07 14:12:00,129.12,129.2265,129.12,129.2265,28113
2025-01-07 14:13:00,129.22,129.27,129.1781,129.21,27321
2025-01-07 14:14:00,129.21,129.21,129.11,129.15,25463
2025-01-07 14:15:00,129.13,129.1499,129.044,129.06,22178
2025-01-07 14:16:00,129.0699,129.071,128.89,128.9101,69726
2025-01-07 14:17:00,128.915,128.94,128.83,128.8675,43354
2025-01-07 14:18:00,128.885,128.94,128.87,128.89,40474
2025-01-07 14:19:00,128.885,128.91,128.84,128.85,17067
2025-01-07 14:20:00,128.8562,128.91,128.811,128.829,27406
2025-01-07 14:21:00,128.82,128.82,128.73,128.7799,41241
2025-01-07 14:22:00,128.7899,128.81,128.75,128.77,19938
2025-01-07 14:23:00,128.77,128.79,128.71,128.79,20788
2025-01-07 14:24:00,128.8,128.82,128.722,128.81,19494
2025-01-07 14:25:00,128.81,128.89,128.8,128.85,30835
2025-01-07 14:26:00,128.85,128.9573,128.845,128.895,30680
2025-01-07 14:27:00,128.885,129.01,128.875,128.955,44962
2025-01-07 14:28:00,128.96,129.0581,128.94,129.02,37208
2025-01-07 14:29:00,129.02,129.06,128.97,129.032,30079
2025-01-07 14:30:00,129.03,129.0562,128.95,128.98,42950
2025-01-07 14:31:00,128.98,129.09,128.98,129.09,26041
2025-01-07 14:32:00,129.08,129.1,129.04,129.065,30458
2025-01-07 14:33:00,129.085,129.09,129.055,129.078,14133
2025-01-07 14:34:00,129.07,129.07,128.915,128.9583,26502
2025-01-07 14:35:00,128.95,129.0,128.9,128.9,18745
2025-01-07 14:36:00,128.9176,128.94,128.822,128.83,33265
2025-01-07 14:37:00,128.82,128.84,128.76,128.78,36984
2025-01-07 14:38:00,128.76,128.8299,128.65,128.73,83905
2025-01-07 14:39:00,128.73,128.735,128.68,128.72,24568
2025-01-07 14:40:00,128.7264,128.76,128.62,128.6399,42668
2025-01-07 14:41:00,128.64,128.65,128.57,128.59,44770
2025-01-07 14:42:00,128.58,128.61,128.56,128.5798,27156
2025-01-07 14:43:00,128.569,128.7252,128.52,128.7252,45145
2025-01-07 14:44:00,128.72,128.7978,128.71,128.745,34428
2025-01-07 14:45:00,128.73,128.8449,128.73,128.82,29473
2025-01-07 14:46:00,128.8201,128.83,128.71,128.75,20243
2025-01-07 14:47:00,128.755,128.77,128.63,128.69,29489
2025-01-07 14:48:00,128.6641,128.69,128.61,128.64,23140
2025-01-07 14:49:00,128.6239,128.65,128.55,128.56,24482
2025-01-07 14:50:00,128.565,128.7316,128.53,128.725,45576
2025-01-07 14:51:00,128.74,128.74,128.6,128.605,28923
2025-01-07 14:52:00,128.61,128.638,128.56,128.575,36603
2025-01-07 14:53:00,128.585,128.5877,128.475,128.498,41504
2025-01-07 14:54:00,128.508,128.54,128.45,128.4775,34512
2025-01-07 14:55:00,128.5,128.538,128.475,128.52,32858
2025-01-07 14:56:00,128.51,128.51,128.3938,128.3938,30215
2025-01-07 14:57:00,128.3802,128.4798,128.36,128.47,27889
2025-01-07 14:58:00,128.46,128.49,128.423,128.48,20782
2025-01-07 14:59:00,128.48,128.49,128.42,128.45,24352
2025-01-07 15:00:00,128.455,128.5,128.34,128.35,40618
2025-01-07 15:01:00,128.35,128.36,128.22,128.26,66936
2025-01-07 15:02:00,128.24,128.3,128.23,128.24,35648
2025-01-07 15:03:00,128.235,128.26,128.15,128.24,47919
2025-01-07 15:04:00,128.24,128.35,128.24,128.28,45882
2025-01-07 15:05:00,128.289,128.3,128.12,128.12,48018
2025-01-07 15:06:00,128.12,128.29,128.12,128.1905,47953
2025-01-07 15:07:00,128.18,128.19,128.03,128.095,62560
2025-01-07 15:08:00,128.1,128.1176,127.96,127.97,90509
2025-01-07 15:09:00,127.975,128.07,127.8901,127.956,74937
2025-01-07 15:10:00,127.95,127.96,127.835,127.915,60272
2025-01-07 15:11:00,127.9199,127.9493,127.74,127.81,103398
2025-01-07 15:12:00,127.8095,127.8117,127.635,127.74,94847
2025-01-07 15:13:00,127.72,127.84,127.71,127.74,80737
2025-01-07 15:14:00,127.74,127.87,127.74,127.82,52894
2025-01-07 15:15:00,127.83,127.9184,127.74,127.75,49563
2025-01-07 15:16:00,127.75,127.84,127.73,127.75,34103
2025-01-07 15:17:00,127.75,127.785,127.7,127.735,52337
2025-01-07 15:18:00,127.735,127.81,127.69,127.7,32386
2025-01-07 15:19:00,127.7,127.7599,127.69,127.7315,38700
2025-01-07 15:20:00,127.75,127.75,127.63,127.66,40926
2025-01-07 15:21:00,127.66,127.67,127.48,127.52,99055
2025-01-07 15:22:00,127.52,127.53,127.4,127.43,74880
2025-01-07 15:23:00,127.43,127.49,127.35,127.49,89749
2025-01-07 15:24:00,127.48,127.51,127.43,127.45,58652
2025-01-07 15:25:00,127.49,127.6164,127.49,127.575,54554
2025-01-07 15:26:00,127.5604,127.5604,127.445,127.468,50513
2025-01-07 15:27:00,127.47,127.47,127.3567,127.42,70526
2025-01-07 15:28:00,127.41,127.46,127.31,127.32,59597
2025-01-07 15:29:00,127.33,127.35,127.26,127.31,47735
2025-01-07 15:30:00,127.3,127.39,127.22,127.2336,144016
2025-01-07 15:31:00,127.25,127.3299,127.21,127.2999,46691
2025-01-07 15:32:00,127.29,127.29,127.17,127.17,61321
2025-01-07 15:33:00,127.17,127.2899,127.16,127.22,55456
2025-01-07 15:34:00,127.22,127.22,127.05,127.05,98726
2025-01-07 15:35:00,127.07,127.08,126.8537,126.865,135543
2025-01-07 15:36:00,126.865,127.1,126.865,127.095,95264
2025-01-07 15:37:00,127.095,127.2399,127.0802,127.17,79768
2025-01-07 15:38:00,127.185,127.2629,127.165,127.22,61587
2025-01-07 15:39:00,127.24,127.51,127.2213,127.46,126867
2025-01-07 15:40:00,127.45,127.59,127.39,127.56,93223
2025-01-07 15:41:00,127.55,127.72,127.48,127.68,74227
2025-01-07 15:42:00,127.68,127.73,127.57,127.64,72077
2025-01-07 15:43:00,127.62,127.74,127.59,127.7199,71857
2025-01-07 15:44:00,127.72,127.72,127.4,127.405,68115
2025-01-07 15:45:00,127.405,127.5,127.37,127.41,69308
2025-01-07 15:46:00,127.41,127.62,127.39,127.565,111836
2025-01-07 15:47:00,127.58,127.66,127.55,127.65,69551
2025-01-07 15:48:00,127.64,127.72,127.59,127.72,39996
2025-01-07 15:49:00,127.72,127.83,127.7,127.74,102059
2025-01-07 15:50:00,127.73,127.85,127.6,127.84,121682
2025-01-07 15:51:00,127.84,127.84,127.64,127.7,100517
2025-01-07 15:52:00,127.705,127.78,127.6101,127.75,141791
2025-01-07 15:53:00,127.73,127.92,127.7,127.8901,103214
2025-01-07 15:54:00,127.895,127.93,127.66,127.76,117458
2025-01-07 15:55:00,127.76,127.76,127.405,127.465,218549
2025-01-07 15:56:00,127.46,127.518,127.225,127.29,232991
2025-01-07 15:57:00,127.2997,127.38,127.235,127.285,182066
2025-01-07 15:58:00,127.28,127.32,127.2,127.265,207396
2025-01-07 15:59:00,127.27,127.47,127.22,127.34,414962
2025-01-07 16:00:00,127.34,127.5,127.27,127.5,5921324
2025-01-07 16:01:00,127.35,127.5,127.33,127.4481,12992
2025-01-07 16:02:00,127.4485,127.5,127.33,127.5,63845
2025-01-07 16:03:00,127.5,127.5,127.33,127.495,20849
2025-01-07 16:04:00,127.5,127.6,127.33,127.33,11005
2025-01-07 16:05:00,127.58,127.61,127.33,127.605,15225
2025-01-07 16:06:00,127.501,127.6,127.5,127.6,1837
2025-01-07 16:07:00,127.57,127.59,127.33,127.56,1312
2025-01-07 16:08:00,127.5602,127.61,127.56,127.6,6779
2025-01-07 16:09:00,127.6001,127.61,127.56,127.6094,2283
2025-01-07 16:10:00,127.61,127.61,127.56,127.58,806
2025-01-07 16:11:00,127.59,127.61,127.57,127.61,548
2025-01-07 16:12:00,127.6,127.75,127.33,127.7,881834
2025-01-07 16:13:00,127.73,127.76,127.7,127.74,3521
2025-01-07 16:14:00,127.74,127.74,127.66,127.69,1963
2025-01-07 16:15:00,127.72,127.73,127.33,127.69,2549
2025-01-07 16:16:00,127.66,127.73,127.65,127.6987,1845
2025-01-07 16:17:00,127.66,127.69,127.6,127.63,6083
2025-01-07 16:18:00,127.65,127.69,127.645,127.69,849
2025-01-07 16:19:00,127.69,127.69,127.6,127.68,632
2025-01-07 16:20:00,127.33,127.69,127.33,127.645,110669
2025-01-07 16:21:00,127.68,127.69,127.6,127.65,9304
2025-01-07 16:22:00,127.6001,127.68,127.6,127.6,4422
2025-01-07 16:23:00,127.63,127.63,127.5712,127.63,1262
2025-01-07 16:24:00,127.6291,127.64,127.6,127.63,496
2025-01-07 16:25:00,127.62,127.64,127.6,127.64,1882
2025-01-07 16:26:00,127.62,127.64,127.33,127.64,783
2025-01-07 16:27:00,127.64,127.64,127.62,127.63,373
2025-01-07 16:28:00,127.33,127.64,127.33,127.64,1354
2025-01-07 16:29:00,127.64,127.64,127.42,127.5199,6799
2025-01-07 16:30:00,127.51,127.52,127.33,127.5184,22976
2025-01-07 16:31:00,127.33,127.52,127.33,127.48,512808
2025-01-07 16:32:00,127.5,127.52,127.46,127.52,367
2025-01-07 16:33:00,127.52,127.52,127.4893,127.4894,316
2025-01-07 16:34:00,127.4896,127.51,127.33,127.49,386158
2025-01-07 16:35:00,127.48,127.64,127.48,127.56,2892
2025-01-07 16:36:00,127.56,127.7,127.55,127.64,3204
2025-01-07 16:37:00,127.68,127.68,127.63,127.68,211
2025-01-07 16:38:00,127.65,127.69,127.33,127.63,137798
2025-01-07 16:39:00,127.66,127.7,127.62,127.66,356
2025-01-07 16:40:00,127.6201,127.7,127.6201,127.68,424
2025-01-07 16:41:00,127.66,127.7,127.62,127.62,702
2025-01-07 16:42:00,127.66,127.7,127.6217,127.68,883
2025-01-07 16:43:00,127.6203,127.65,127.62,127.63,1481
2025-01-07 16:44:00,127.63,127.63,127.61,127.63,3324
2025-01-07 16:45:00,127.66,127.66,127.58,127.58,3534
2025-01-07 16:46:00,127.5995,127.61,127.59,127.5999,4000
2025-01-07 16:47:00,127.5998,127.61,127.56,127.564,1747
2025-01-07 16:48:00,127.57,127.68,127.55,127.56,2275
2025-01-07 16:49:00,127.5886,127.59,127.5,127.54,759
2025-01-07 16:50:00,127.59,127.59,127.52,127.555,724
2025-01-07 16:51:00,127.52,127.575,127.52,127.56,241
2025-01-07 16:52:00,127.53,127.59,127.52,127.57,3548
2025-01-07 16:53:00,127.555,127.59,127.53,127.53,280
2025-01-07 16:54:00,127.53,127.57,127.42,127.43,3239
2025-01-07 16:55:00,127.43,127.45,127.4,127.4498,1516
2025-01-07 16:56:00,127.4433,127.45,127.4,127.45,722
2025-01-07 16:57:00,127.43,127.45,127.4,127.45,643
2025-01-07 16:58:00,127.45,127.45,127.4,127.44,334
2025-01-07 16:59:00,127.44,127.45,127.33,127.33,1655
2025-01-07 17:00:00,127.4,127.51,127.4,127.485,1285
2025-01-07 17:01:00,127.49,127.515,127.43,127.5,327
2025-01-07 17:02:00,127.515,127.5527,127.51,127.5101,238
2025-01-07 17:03:00,127.54,127.54,121.7021,127.485,1788
2025-01-07 17:04:00,127.43,127.54,127.43,127.44,717
2025-01-07 17:05:00,127.49,127.54,127.43,127.5,2158
2025-01-07 17:06:00,127.4308,130.936,127.43,127.43,306
2025-01-07 17:07:00,127.4987,127.51,127.43,127.48,204
2025-01-07 17:08:00,127.48,134.0053,127.45,127.5,1506
2025-01-07 17:09:00,127.48,127.5,127.43,127.5,561
2025-01-07 17:10:00,127.5,127.5,127.46,127.4991,373
2025-01-07 17:11:00,127.49,127.5,127.46,127.47,1798
2025-01-07 17:12:00,127.46,127.5,127.43,127.48,1133
2025-01-07 17:13:00,127.46,127.5,127.43,127.43,2534
2025-01-07 17:14:00,127.44,127.5,127.44,127.49,233
2025-01-07 17:15:00,127.5,127.5,127.49,127.5,1297
2025-01-07 17:16:00,127.49,127.54,127.49,127.5,451
2025-01-07 17:17:00,127.5,127.53,127.41,127.5,708
2025-01-07 17:18:00,127.48,127.53,127.43,127.495,1072
2025-01-07 17:19:00,127.54,127.54,127.45,127.5,3308
2025-01-07 17:20:00,127.53,127.5388,127.45,127.475,171
2025-01-07 17:21:00,127.5,127.5,127.45,127.475,331
2025-01-07 17:22:00,127.5,127.5,127.45,127.4989,806
2025-01-07 17:23:00,127.5,127.5,127.45,127.475,348
2025-01-07 17:24:00,127.5,127.54,127.45,127.5,654
2025-01-07 17:25:00,127.54,127.54,127.45,127.54,1138
2025-01-07 17:26:00,127.5,127.54,127.45,127.53,1358
2025-01-07 17:27:00,127.6,127.6,127.54,127.57,1640
2025-01-07 17:28:00,127.57,127.6,127.54,127.57,352
2025-01-07 17:29:00,127.57,127.6,127.54,127.59,50
2025-01-07 17:30:00,127.58,127.6,127.54,127.54,716
2025-01-07 17:31:00,127.6,127.6,127.54,127.57,667
2025-01-07 17:32:00,127.6,127.6,127.54,127.57,262
2025-01-07 17:33:00,127.57,127.6,127.54,127.586,292
2025-01-07 17:34:00,127.57,127.6,127.57,127.6,332
2025-01-07 17:35:00,127.58,127.6,127.57,127.5901,1472
2025-01-07 17:36:00,127.5997,127.6,127.57,127.585,310
2025-01-07 17:37:00,127.585,127.6,127.57,127.57,2291
2025-01-07 17:38:00,127.6,127.6,127.57,127.57,811
2025-01-07 17:39:00,127.58,127.6,127.57,127.585,430
2025-01-07 17:40:00,127.5994,127.6,127.55,127.59,800
2025-01-07 17:41:00,127.6,127.6,127.55,127.6,100
2025-01-07 17:42:00,127.575,127.6,127.56,127.6,4320
2025-01-07 17:43:00,127.6,127.6,127.55,127.5519,480
2025-01-07 17:44:00,127.6,127.6,127.55,127.59,29
2025-01-07 17:45:00,127.57,127.6,127.55,127.6,350
2025-01-07 17:46:00,127.58,127.5933,127.5,127.55,906
2025-01-07 17:47:00,127.55,127.55,127.45,127.55,1590
2025-01-07 17:48:00,127.5,127.55,127.45,127.5,916
2025-01-07 17:49:00,127.5,127.6,127.5,127.55,189
2025-01-07 17:50:00,127.52,127.59,127.5,127.55,430
2025-01-07 17:51:00,127.52,127.59,127.45,127.52,793
2025-01-07 17:52:00,127.48,127.59,127.45,127.59,70
2025-01-07 17:53:00,127.55,127.59,127.5,127.5,240
2025-01-07 17:54:00,127.59,127.59,127.5,127.59,275
2025-01-07 17:55:00,127.6,127.6,127.51,127.5893,454
2025-01-07 17:56:00,127.545,127.59,127.51,127.54,174
2025-01-07 17:57:00,127.5,127.59,127.5,127.5575,325
2025-01-07 17:58:00,127.55,127.59,127.5001,127.54,395
2025-01-07 17:59:00,127.55,127.59,127.5,127.5,118
2025-01-07 18:00:00,127.5,127.59,127.5,127.51,548
2025-01-07 18:01:00,127.56,127.59,127.5,127.56,187
2025-01-07 18:02:00,127.56,127.59,127.5,127.5001,107
2025-01-07 18:03:00,127.53,127.55,127.5011,127.5011,1005
2025-01-07 18:04:00,127.55,127.59,127.51,127.52,283
2025-01-07 18:05:00,127.51,127.59,127.51,127.51,429
2025-01-07 18:06:00,127.54,127.59,127.5,127.55,758
2025-01-07 18:07:00,127.54,127.57,127.4987,127.5,2777
2025-01-07 18:08:00,127.5,127.57,127.46,127.57,101
2025-01-07 18:09:00,127.4505,127.57,127.4505,127.57,20
2025-01-07 18:10:00,127.5,127.57,127.465,127.49,167
2025-01-07 18:11:00,127.49,127.53,127.45,127.495,44
2025-01-07 18:12:00,127.475,127.57,127.475,127.5,626
2025-01-07 18:13:00,127.5,127.59,127.41,127.5,3142
2025-01-07 18:14:00,127.46,127.59,127.41,127.55,46
2025-01-07 18:15:00,127.5489,127.55,127.41,127.45,225
2025-01-07 18:16:00,127.4,127.55,127.4,127.55,106
2025-01-07 18:17:00,127.475,127.55,127.4,127.55,545
2025-01-07 18:18:00,127.45,127.55,127.4,127.5,555
2025-01-07 18:19:00,127.55,127.55,127.4,127.475,173
2025-01-07 18:20:00,127.4119,127.475,127.4119,127.44,236
2025-01-07 18:21:00,127.475,127.55,127.44,127.44,469
2025-01-07 18:22:00,127.47,127.55,127.43,127.485,81
2025-01-07 18:23:00,127.43,127.59,127.42,127.43,430
2025-01-07 18:24:00,127.44,127.5899,127.44,127.52,195
2025-01-07 18:25:00,127.47,127.53,127.45,127.45,302
2025-01-07 18:26:00,127.49,127.53,127.45,127.475,356
2025-01-07 18:27:00,127.5,127.54,127.49,127.49,698
2025-01-07 18:28:00,127.491,127.54,127.49,127.5,261
2025-01-07 18:29:00,127.49,127.54,127.49,127.5,176
2025-01-07 18:30:00,127.54,127.54,127.49,127.515,264
2025-01-07 18:31:00,127.539,127.54,127.5,127.5,139
2025-01-07 18:32:00,127.515,127.515,127.49,127.5,197
2025-01-07 18:33:00,127.51,127.54,127.49,127.51,249
2025-01-07 18:34:00,127.51,127.53,127.49,127.5,1178
2025-01-07 18:35:00,127.495,127.51,127.49,127.495,1938
2025-01-07 18:36:00,127.54,127.54,127.49,127.5,600
2025-01-07 18:37:00,127.5,127.53,127.5,127.53,166
2025-01-07 18:38:00,127.53,127.58,127.51,127.55,1141
2025-01-07 18:39:00,127.54,127.59,127.53,127.58,1272
2025-01-07 18:40:00,127.53,127.59,127.53,127.565,124
2025-01-07 18:41:00,127.58,127.59,127.54,127.565,645
2025-01-07 18:42:00,127.59,127.59,127.5484,127.59,132
2025-01-07 18:43:00,127.58,127.59,127.565,127.565,349
2025-01-07 18:44:00,127.59,127.59,127.57,127.59,472
2025-01-07 18:45:00,127.59,127.59,127.54,127.59,164
2025-01-07 18:46:00,127.565,127.65,127.54,127.59,849
2025-01-07 18:47:00,127.57,127.65,127.54,127.65,209
2025-01-07 18:48:00,127.59,127.65,127.57,127.65,4826
2025-01-07 18:49:00,127.58,127.65,127.54,127.595,625
2025-01-07 18:50:00,127.59,127.65,127.54,127.6,285
2025-01-07 18:51:00,127.65,127.65,127.56,127.63,259
2025-01-07 18:52:00,127.65,127.65,127.6,127.63,297
2025-01-07 18:53:00,127.63,127.65,127.6,127.6,819
2025-01-07 18:54:00,127.6,127.65,127.54,127.65,254
2025-01-07 18:55:00,127.63,127.65,127.54,127.6,504
2025-01-07 18:56:00,127.56,127.6,127.54,127.5997,3841
2025-01-07 18:57:00,127.6,127.6,127.56,127.59,312
2025-01-07 18:58:00,127.59,127.6,127.57,127.59,110
2025-01-07 18:59:00,127.57,127.5988,127.56,127.59,64
2025-01-07 19:00:00,127.56,127.6,127.54,127.59,21
2025-01-07 19:01:00,127.6,127.6,127.55,127.5898,105
2025-01-07 19:02:00,127.59,127.6,127.5501,127.58,573
2025-01-07 19:03:00,127.55,127.6,127.55,127.6,58
2025-01-07 19:04:00,127.57,127.6,127.55,127.55,358
2025-01-07 19:05:00,127.6,127.6,127.55,127.575,123
2025-01-07 19:06:00,127.6,127.65,127.59,127.65,1219
2025-01-07 19:07:00,127.64,127.65,127.6,127.625,1002
2025-01-07 19:08:00,127.65,127.65,127.63,127.6472,163
2025-01-07 19:09:00,127.62,127.67,127.6,127.67,3023
2025-01-07 19:10:00,127.67,127.67,127.6006,127.67,2235
2025-01-07 19:11:00,127.66,127.7,127.6073,127.66,2387
2025-01-07 19:12:00,127.66,127.75,127.61,127.75,409
2025-01-07 19:13:00,127.69,127.75,127.61,127.66,2250
2025-01-07 19:14:00,127.67,127.67,127.62,127.62,246
2025-01-07 19:15:00,127.67,127.67,127.6,127.67,561
2025-01-07 19:16:00,127.6683,127.67,127.6,127.65,47
2025-01-07 19:17:00,127.635,127.67,127.62,127.62,849
2025-01-07 19:18:00,127.64,127.64,127.6,127.62,403
2025-01-07 19:19:00,127.615,127.63,127.6,127.62,392
2025-01-07 19:20:00,127.625,127.63,127.61,127.615,1049
2025-01-07 19:21:00,127.629,127.65,127.6,127.65,457
2025-01-07 19:22:00,127.6012,127.65,127.6,127.63,447
2025-01-07 19:23:00,127.61,127.65,127.58,127.63,114
2025-01-07 19:24:00,127.65,127.65,127.61,127.64,243
2025-01-07 19:25:00,127.64,127.65,127.6,127.65,308
2025-01-07 19:26:00,127.615,127.65,127.58,127.65,68
2025-01-07 19:27:00,127.63,127.65,127.58,127.58,2956
2025-01-07 19:28:00,127.61,127.64,127.58,127.61,120
2025-01-07 19:29:00,127.61,127.64,127.61,127.63,817
2025-01-07 19:30:00,127.63,127.64,127.58,127.6,566
2025-01-07 19:31:00,127.6,127.6375,127.58,127.6,491
2025-01-07 19:32:00,127.55,127.6,127.55,127.595,282
2025-01-07 19:33:00,127.6,127.64,127.58,127.64,1422
2025-01-07 19:34:00,127.595,127.64,127.575,127.6,132
2025-01-07 19:35:00,127.6,127.6,127.55,127.6,321
2025-01-07 19:36:00,127.6,127.6,127.575,127.59,412
2025-01-07 19:37:00,127.6253,127.6253,127.55,127.6,358
2025-01-07 19:38:00,127.58,127.63,127.58,127.605,222
2025-01-07 19:39:00,127.6,127.63,127.586,127.6,708
2025-01-07 19:40:00,127.61,127.63,127.56,127.6,214
2025-01-07 19:41:00,127.63,127.63,127.55,127.62,745
2025-01-07 19:42:00,127.63,127.63,127.58,127.63,816
2025-01-07 19:43:00,127.6299,127.64,127.55,127.64,249
2025-01-07 19:44:00,127.61,127.64,127.6,127.61,111
2025-01-07 19:45:00,127.6072,127.64,127.6072,127.626,414
2025-01-07 19:46:00,127.62,127.64,127.61,127.63,877
2025-01-07 19:47:00,127.63,127.64,127.61,127.61,1771
2025-01-07 19:48:00,127.63,127.63,127.55,127.59,2026
2025-01-07 19:49:00,127.59,127.63,127.55,127.55,1160
2025-01-07 19:50:00,127.6,127.63,127.55,127.63,233
2025-01-07 19:51:00,127.55,127.64,127.55,127.62,2293
2025-01-07 19:52:00,127.6,127.6,127.55,127.59,1027
2025-01-07 19:53:00,127.59,127.6,127.55,127.59,3240
2025-01-07 19:54:00,127.56,127.59,127.56,127.585,1808
2025-01-07 19:55:00,127.57,127.59,127.57,127.575,1719
2025-01-07 19:56:00,127.5799,127.6,127.57,127.585,877
2025-01-07 19:57:00,127.6,127.64,127.58,127.6392,2494
2025-01-07 19:58:00,127.62,127.64,127.6,127.63,825
2025-01-07 19:59:00,127.61,127.63,127.58,127.58,3935
2025-01-08 04:00:00,127.88,127.98,127.7,127.94,962
2025-01-08 04:01:00,127.95,127.98,127.79,127.79,937
2025-01-08 04:02:00,127.86,127.97,127.8,127.95,324
2025-01-08 04:03:00,127.9,127.99,127.9,127.95,1139
2025-01-08 04:04:00,127.94,128.03,127.91,128.01,958
2025-01-08 04:05:00,128.04,128.05,127.98,127.98,657
2025-01-08 04:06:00,127.96,128.01,127.96,128.01,275
2025-01-08 04:07:00,128.03,128.17,128.02,128.11,2354
2025-01-08 04:08:00,128.11,128.26,128.11,128.25,462
2025-01-08 04:09:00,128.25,128.36,128.21,128.36,1415
2025-01-08 04:10:00,128.36,128.4,128.15,128.21,816
2025-01-08 04:11:00,128.3,128.3,128.17,128.22,639
2025-01-08 04:12:00,128.16,128.29,128.16,128.27,167
2025-01-08 04:13:00,128.27,128.28,127.98,128.01,972
2025-01-08 04:14:00,128.06,128.15,128.03,128.09,191
2025-01-08 04:15:00,128.19,128.21,128.19,128.21,70
2025-01-08 04:16:00,128.1,128.11,128.09,128.1,105
2025-01-08 04:17:00,128.1,128.21,128.1,128.21,120
2025-01-08 04:18:00,128.21,128.21,128.2,128.21,46
2025-01-08 04:19:00,128.21,128.21,128.11,128.11,350
2025-01-08 04:20:00,128.11,128.11,128.05,128.09,321
2025-01-08 04:21:00,128.05,128.11,128.05,128.1,208
2025-01-08 04:22:00,128.07,128.1,128.07,128.1,46
2025-01-08 04:23:00,128.08,128.08,128.06,128.06,40
2025-01-08 04:24:00,128.05,128.1,128.04,128.06,506
2025-01-08 04:25:00,128.1,128.1,128.1,128.1,30
2025-01-08 04:26:00,128.1,128.14,128.1,128.14,112
2025-01-08 04:27:00,128.14,128.14,128.09,128.1,7
2025-01-08 04:28:00,128.04,128.09,128.01,128.09,171
2025-01-08 04:29:00,128.02,128.1,128.02,128.02,68
2025-01-08 04:30:00,128.1,128.12,128.0,128.06,967
2025-01-08 04:31:00,128.07,128.1,128.02,128.06,64
2025-01-08 04:32:00,128.06,128.06,128.0,128.04,134
2025-01-08 04:33:00,128.06,128.07,128.04,128.04,245
2025-01-08 04:34:00,128.06,128.1,128.01,128.1,615
2025-01-08 04:35:00,128.1,128.12,128.09,128.1,262
2025-01-08 04:36:00,128.1,128.1,128.1,128.1,35
2025-01-08 04:37:00,128.08,128.1,128.08,128.1,289
2025-01-08 04:38:00,128.07,128.1,127.95,127.95,345
2025-01-08 04:39:00,128.0,128.02,127.97,128.02,66
2025-01-08 04:40:00,128.0,128.0,127.93,127.97,107
2025-01-08 04:41:00,127.97,128.03,127.97,127.98,275
2025-01-08 04:42:00,127.98,128.03,127.98,127.98,299
2025-01-08 04:43:00,128.0,128.0,127.98,127.98,26
2025-01-08 04:44:00,127.99,128.01,127.95,127.96,15
2025-01-08 04:45:00,127.97,127.99,127.95,127.95,46
2025-01-08 04:46:00,127.97,127.97,127.85,127.85,182
2025-01-08 04:47:00,127.87,127.96,127.85,127.88,143
2025-01-08 04:48:00,127.85,127.96,127.85,127.96,733
2025-01-08 04:49:00,127.96,127.96,127.93,127.93,113
2025-01-08 04:50:00,127.9,127.93,127.88,127.93,181
2025-01-08 04:51:00,127.9,127.91,127.81,127.81,99
2025-01-08 04:52:00,127.82,127.84,127.8,127.8,168
2025-01-08 04:53:00,127.84,127.91,127.84,127.91,51
2025-01-08 04:54:00,127.85,127.85,127.85,127.85,200
2025-01-08 04:55:00,127.85,127.85,127.85,127.85,18
2025-01-08 04:56:00,127.87,127.93,127.87,127.93,12
2025-01-08 04:57:00,127.85,127.9,127.83,127.9,235
2025-01-08 04:58:00,127.9,127.9,127.89,127.9,229
2025-01-08 04:59:00,127.9,127.9,127.87,127.87,136
2025-01-08 05:00:00,127.9,127.9,127.85,127.9,139
2025-01-08 05:01:00,127.9,127.98,127.9,127.97,173
2025-01-08 05:02:00,127.97,128.0,127.97,128.0,232
2025-01-08 05:03:00,128.03,128.05,128.01,128.02,221
2025-01-08 05:04:00,128.01,128.01,127.98,127.98,142
2025-01-08 05:05:00,127.98,127.99,127.92,127.97,119
2025-01-08 05:06:00,127.98,128.03,127.98,128.03,3
2025-01-08 05:07:00,128.03,128.03,128.0,128.02,14
2025-01-08 05:08:00,128.0,128.03,128.0,128.03,82
2025-01-08 05:09:00,128.02,128.02,128.02,128.02,2
2025-01-08 05:10:00,128.0,128.05,128.0,128.05,51
2025-01-08 05:11:00,128.02,128.04,128.02,128.04,11
2025-01-08 05:12:00,128.04,128.04,127.99,127.99,315
2025-01-08 05:13:00,127.98,128.02,127.95,127.95,100
2025-01-08 05:14:00,127.99,128.02,127.94,128.02,73
2025-01-08 05:15:00,128.0,128.02,128.0,128.02,13
2025-01-08 05:16:00,127.98,128.0,127.94,127.98,320
2025-01-08 05:17:00,127.97,128.04,127.97,128.04,504
2025-01-08 05:18:00,128.05,128.05,128.02,128.02,15
2025-01-08 05:19:00,128.03,128.04,128.03,128.04,333
2025-01-08 05:20:00,128.04,128.04,128.04,128.04,1040
2025-01-08 05:21:00,128.01,128.01,127.98,128.01,1509
2025-01-08 05:22:00,128.03,128.05,127.95,127.95,1709
2025-01-08 05:23:00,127.96,128.04,127.96,128.04,80
2025-01-08 05:24:00,128.0,128.04,127.96,127.99,354
2025-01-08 05:25:00,128.0,128.05,128.0,128.0,342
2025-01-08 05:26:00,128.04,128.06,128.01,128.06,930
2025-01-08 05:27:00,128.08,128.15,128.08,128.15,216
2025-01-08 05:28:00,128.15,128.22,128.14,128.22,615
2025-01-08 05:29:00,128.23,128.26,128.21,128.25,240
2025-01-08 05:30:00,128.26,128.26,128.24,128.24,340
2025-01-08 05:31:00,128.28,128.34,127.91,128.0,5826
2025-01-08 05:32:00,128.0,128.0,124.79,124.97,70758
2025-01-08 05:33:00,124.8,125.37,124.5,124.7,13975
2025-01-08 05:34:00,124.51,125.0,124.5,124.8,8113
2025-01-08 05:35:00,124.9,125.36,124.07,124.89,20599
2025-01-08 05:36:00,124.99,125.14,124.51,124.7,8130
2025-01-08 05:37:00,124.76,125.24,124.52,125.24,7082
2025-01-08 05:38:00,125.06,125.24,124.98,125.1,8247
2025-01-08 05:39:00,125.13,125.37,125.01,125.36,3287
2025-01-08 05:40:00,125.43,125.77,125.37,125.49,9773
2025-01-08 05:41:00,125.41,125.5,125.36,125.5,4488
2025-01-08 05:42:00,125.55,125.71,125.5,125.71,5302
2025-01-08 05:43:00,125.7,125.7,125.41,125.51,8965
2025-01-08 05:44:00,125.51,125.74,125.39,125.39,7048
2025-01-08 05:45:00,125.39,125.39,125.03,125.13,3680
2025-01-08 05:46:00,125.14,125.17,125.06,125.06,3300
2025-01-08 05:47:00,125.1,125.2,125.06,125.16,5370
2025-01-08 05:48:00,125.1,125.3,125.04,125.19,2751
2025-01-08 05:49:00,125.12,125.21,125.08,125.2,3094
2025-01-08 05:50:00,125.15,125.39,125.13,125.39,1592
2025-01-08 05:51:00,125.33,125.4,125.28,125.35,5243
2025-01-08 05:52:00,125.37,125.39,125.29,125.39,2613
2025-01-08 05:53:00,125.39,125.39,125.26,125.36,2766
2025-01-08 05:54:00,125.36,125.45,125.35,125.42,2483
2025-01-08 05:55:00,125.46,125.46,125.31,125.42,3345
2025-01-08 05:56:00,125.42,125.43,125.4,125.4,1292
2025-01-08 05:57:00,125.43,125.46,125.25,125.4,8180
2025-01-08 05:58:00,125.38,125.4,125.27,125.3,416
2025-01-08 05:59:00,125.31,125.46,125.27,125.46,4026
2025-01-08 06:00:00,125.42,125.48,125.4,125.44,1781
2025-01-08 06:01:00,125.44,125.5,125.2,125.45,5863
2025-01-08 06:02:00,125.44,125.45,125.31,125.41,1070
2025-01-08 06:03:00,125.4,125.41,125.3,125.4,1085
2025-01-08 06:04:00,125.4,125.41,125.35,125.4,1667
2025-01-08 06:05:00,125.36,125.45,125.35,125.45,1307
2025-01-08 06:06:00,125.39,125.47,125.3,125.4,3393
2025-01-08 06:07:00,125.39,125.39,125.2,125.2,9145
2025-01-08 06:08:00,125.2,125.21,124.93,124.99,9611
2025-01-08 06:09:00,124.99,125.02,124.81,124.81,3456
2025-01-08 06:10:00,124.82,124.99,124.81,124.9,4574
2025-01-08 06:11:00,124.94,124.95,124.78,124.8,2120
2025-01-08 06:12:00,124.8,124.8,124.6,124.64,4822
2025-01-08 06:13:00,124.66,124.66,124.34,124.39,8307
2025-01-08 06:14:00,124.37,124.4,124.31,124.32,7480
2025-01-08 06:15:00,124.35,124.41,124.31,124.37,2211
2025-01-08 06:16:00,124.4,124.72,124.4,124.71,1811
2025-01-08 06:17:00,124.76,125.02,124.67,124.96,2548
2025-01-08 06:18:00,124.95,125.09,124.91,125.09,2874
2025-01-08 06:19:00,125.09,125.19,125.09,125.19,1648
2025-01-08 06:20:00,125.16,125.16,124.87,124.98,4145
2025-01-08 06:21:00,124.95,125.06,124.91,125.0,2027
2025-01-08 06:22:00,125.0,125.19,124.98,125.19,928
2025-01-08 06:23:00,125.19,125.19,125.09,125.14,1485
2025-01-08 06:24:00,125.14,125.18,125.09,125.11,1834
2025-01-08 06:25:00,125.15,125.16,124.9,124.9,4258
2025-01-08 06:26:00,124.9,124.94,124.75,124.76,2923
2025-01-08 06:27:00,124.79,124.79,124.5,124.62,2620
2025-01-08 06:28:00,124.6,124.6,124.41,124.41,3692
2025-01-08 06:29:00,124.45,124.45,124.21,124.36,9576
2025-01-08 06:30:00,124.35,124.63,124.35,124.49,2267
2025-01-08 06:31:00,124.49,124.53,124.21,124.34,9154
2025-01-08 06:32:00,124.3,124.34,124.0,124.0,12707
2025-01-08 06:33:00,124.01,124.02,123.67,123.95,18358
2025-01-08 06:34:00,123.93,124.21,123.87,124.16,4905
2025-01-08 06:35:00,124.13,124.48,124.03,124.47,4813
2025-01-08 06:36:00,124.35,124.46,124.0,124.02,7188
2025-01-08 06:37:00,124.02,124.18,123.86,123.88,12015
2025-01-08 06:38:00,123.88,123.98,123.75,123.81,8849
2025-01-08 06:39:00,123.83,123.91,123.64,123.64,9244
2025-01-08 06:40:00,123.64,123.74,123.63,123.66,4919
2025-01-08 06:41:00,123.71,123.72,123.55,123.55,3427
2025-01-08 06:42:00,123.57,123.76,123.52,123.65,6006
2025-01-08 06:43:00,123.58,123.83,123.56,123.83,3958
2025-01-08 06:44:00,123.89,124.0,123.88,123.95,5021
2025-01-08 06:45:00,123.95,124.11,123.61,124.08,9031
2025-01-08 06:46:00,124.17,124.26,124.11,124.11,6609
2025-01-08 06:47:00,124.11,124.17,123.97,124.0,4470
2025-01-08 06:48:00,124.0,124.1,123.97,124.1,3872
2025-01-08 06:49:00,124.1,124.27,124.08,124.2,4377
2025-01-08 06:50:00,124.2,124.24,124.0,124.09,7779
2025-01-08 06:51:00,124.14,124.3,124.11,124.2,5677
2025-01-08 06:52:00,124.2,124.3,124.16,124.19,1424
2025-01-08 06:53:00,124.19,124.19,124.02,124.02,1484
2025-01-08 06:54:00,124.06,124.06,124.02,124.02,3977
2025-01-08 06:55:00,124.02,124.05,124.0,124.0,6867
2025-01-08 06:56:00,124.0,124.0,123.93,123.99,1032
2025-01-08 06:57:00,123.99,123.99,123.9,123.94,3997
2025-01-08 06:58:00,123.94,124.1,123.92,123.92,5881
2025-01-08 06:59:00,124.0,124.0,123.9,123.95,3043
2025-01-08 07:00:00,123.96,124.0,123.8,123.8,23540
2025-01-08 07:01:00,123.8,123.8,123.66,123.73,6024
2025-01-08 07:02:00,123.74,123.88,123.7,123.84,2543
2025-01-08 07:03:00,123.85,123.91,123.83,123.9,2630
2025-01-08 07:04:00,123.85,123.88,123.72,123.74,4990
2025-01-08 07:05:00,123.73,123.82,123.65,123.82,8963
2025-01-08 07:06:00,123.87,124.0,123.84,123.98,13345
2025-01-08 07:07:00,123.97,123.99,123.84,123.89,1649
2025-01-08 07:08:00,123.92,123.98,123.88,123.95,5837
2025-01-08 07:09:00,123.97,124.0,123.92,123.92,4492
2025-01-08 07:10:00,123.96,124.0,123.91,124.0,2214
2025-01-08 07:11:00,123.99,124.0,123.67,123.8,11447
2025-01-08 07:12:00,123.79,123.88,123.77,123.77,2390
2025-01-08 07:13:00,123.85,123.85,123.79,123.85,3293
2025-01-08 07:14:00,123.85,123.86,123.78,123.78,2957
2025-01-08 07:15:00,123.79,123.83,123.73,123.81,2691
2025-01-08 07:16:00,123.75,123.79,123.7,123.75,6219
2025-01-08 07:17:00,123.8,123.8,123.72,123.75,4105
2025-01-08 07:18:00,123.75,123.8,123.7,123.7,4548
2025-01-08 07:19:00,123.7,123.7,123.63,123.65,6715
2025-01-08 07:20:00,123.64,123.64,123.41,123.51,13216
2025-01-08 07:21:00,123.45,123.64,123.45,123.58,6799
2025-01-08 07:22:00,123.6,123.69,123.6,123.69,2963
2025-01-08 07:23:00,123.65,123.69,123.6,123.6,4946
2025-01-08 07:24:00,123.58,123.65,123.5,123.53,12450
2025-01-08 07:25:00,123.54,123.56,123.4,123.411,4703
2025-01-08 07:26:00,123.43,123.45,123.37,123.43,6253
2025-01-08 07:27:00,123.43,123.43,123.27,123.3,7571
2025-01-08 07:28:00,123.28,123.35,123.11,123.13,11505
2025-01-08 07:29:00,123.19,123.29,123.12,123.15,10150
2025-01-08 07:30:00,123.15,123.22,123.12,123.12,4132
2025-01-08 07:31:00,123.12,123.15,123.0,123.08,13037
2025-01-08 07:32:00,123.07,123.25,123.07,123.24,6523
2025-01-08 07:33:00,123.3,123.3,123.19,123.2,3955
2025-01-08 07:34:00,123.19,123.23,123.13,123.2,7204
2025-01-08 07:35:00,123.19,123.43,123.15,123.39,21895
2025-01-08 07:36:00,123.33,123.42,123.26,123.33,2607
2025-01-08 07:37:00,123.35,123.5,123.35,123.47,4132
2025-01-08 07:38:00,123.5,123.5,123.4,123.5,7448
2025-01-08 07:39:00,123.49,123.57,123.48,123.52,3406
2025-01-08 07:40:00,123.58,123.58,123.51,123.51,728
2025-01-08 07:41:00,123.55,123.65,123.52,123.65,2908
2025-01-08 07:42:00,123.67,123.91,123.6,123.87,3015
2025-01-08 07:43:00,123.91,123.95,123.68,123.7,3310
2025-01-08 07:44:00,123.69,123.87,123.69,123.86,5730
2025-01-08 07:45:00,123.85,123.87,123.76,123.76,1418
2025-01-08 07:46:00,123.76,123.83,123.69,123.74,3939
2025-01-08 07:47:00,123.69,123.9,123.6,123.83,11079
2025-01-08 07:48:00,123.8,123.9,123.76,123.86,3079
2025-01-08 07:49:00,123.88,123.9,123.79,123.86,3118
2025-01-08 07:50:00,123.79,123.82,123.69,123.75,1030
2025-01-08 07:51:00,123.75,123.94,123.75,123.9,3225
2025-01-08 07:52:00,123.92,123.94,123.86,123.9,1855
2025-01-08 07:53:00,123.91,123.94,123.86,123.86,1815
2025-01-08 07:54:00,123.89,123.89,123.8,123.8,1271
2025-01-08 07:55:00,123.81,123.83,123.74,123.74,996
2025-01-08 07:56:00,123.72,123.74,123.7,123.74,1718
2025-01-08 07:57:00,123.73,123.74,123.66,123.67,2187
2025-01-08 07:58:00,123.67,123.85,123.67,123.85,2597
2025-01-08 07:59:00,123.85,123.91,123.75,123.85,4278
2025-01-08 08:00:00,123.96,128.4633,123.01,125.1397,244553
2025-01-08 08:01:00,124.16,128.04,123.065,123.2893,20086
2025-01-08 08:02:00,123.8497,127.012,123.0355,124.3,7057
2025-01-08 08:03:00,124.29,124.4,124.1503,124.39,14235
2025-01-08 08:04:00,124.3102,124.48,124.3102,124.45,19351
2025-01-08 08:05:00,124.41,124.45,124.2,124.28,12566
2025-01-08 08:06:00,124.37,124.45,124.2,124.201,16457
2025-01-08 08:07:00,124.2,124.45,124.0517,124.23,7311
2025-01-08 08:08:00,124.31,124.45,124.2,124.3,5054
2025-01-08 08:09:00,124.29,124.45,124.25,124.38,4431
2025-01-08 08:10:00,124.36,124.38,124.25,124.32,1471
2025-01-08 08:11:00,124.37,124.38,124.28,124.3,2846
2025-01-08 08:12:00,124.315,124.3795,124.27,124.37,3015
2025-01-08 08:13:00,124.31,127.33,124.28,124.28,67847
2025-01-08 08:14:00,124.3,124.34,124.27,124.34,2847
2025-01-08 08:15:00,124.31,124.49,124.31,124.395,6776
2025-01-08 08:16:00,124.48,124.59,124.36,124.51,6827
2025-01-08 08:17:00,124.54,124.54,124.368,124.54,18154
2025-01-08 08:18:00,124.5,124.6,124.37,124.42,7086
2025-01-08 08:19:00,124.42,124.5,124.2,124.2699,6408
2025-01-08 08:20:00,124.235,124.42,124.235,124.42,5760
2025-01-08 08:21:00,124.35,124.48,124.3,124.47,3409
2025-01-08 08:22:00,124.47,124.54,124.38,124.53,5363
2025-01-08 08:23:00,124.5,124.76,124.4702,124.76,5763
2025-01-08 08:24:00,124.69,124.99,124.69,124.88,7903
2025-01-08 08:25:00,124.94,125.13,124.81,125.1,15686
2025-01-08 08:26:00,125.13,125.13,125.0,125.09,9507
2025-01-08 08:27:00,125.095,125.15,125.0,125.15,13739
2025-01-08 08:28:00,125.12,125.19,125.02,125.02,6336
2025-01-08 08:29:00,125.03,125.14,124.98,125.0,12630
2025-01-08 08:30:00,124.9,125.08,124.76,124.77,7415
2025-01-08 08:31:00,124.76,124.98,124.71,124.93,7406
2025-01-08 08:32:00,124.7557,124.9748,124.7557,124.76,5201
2025-01-08 08:33:00,124.778,124.78,124.5,124.59,5343
2025-01-08 08:34:00,124.51,124.8,124.28,124.8,7331
2025-01-08 08:35:00,124.4,124.8,124.3,124.5,9718
2025-01-08 08:36:00,124.4,124.5,124.3,124.48,8906
2025-01-08 08:37:00,124.44,124.8,124.3,124.65,7471
2025-01-08 08:38:00,124.6,124.8,124.54,124.67,9333
2025-01-08 08:39:00,124.72,124.86,124.6519,124.78,5443
2025-01-08 08:40:00,124.81,124.81,124.65,124.74,3733
2025-01-08 08:41:00,124.76,124.79,124.65,124.65,3779
2025-01-08 08:42:00,124.69,124.96,124.65,124.9,11758
2025-01-08 08:43:00,124.9,124.9618,124.87,124.87,2866
2025-01-08 08:44:00,124.935,125.0,124.7,124.7,3544
2025-01-08 08:45:00,124.7,124.75,124.6,124.6,4373
2025-01-08 08:46:00,124.63,124.87,124.6003,124.84,7090
2025-01-08 08:47:00,124.8499,124.85,124.74,124.83,2654
2025-01-08 08:48:00,124.811,124.96,124.74,124.85,2685
2025-01-08 08:49:00,124.9,124.96,124.7486,124.95,1903
2025-01-08 08:50:00,124.8,124.96,124.8,124.92,3125
2025-01-08 08:51:00,124.92,125.0,124.85,124.87,5838
2025-01-08 08:52:00,124.86,124.88,124.7439,124.81,6068
2025-01-08 08:53:00,124.81,124.88,124.74,124.81,3749
2025-01-08 08:54:00,124.8,124.89,124.5358,124.65,15455
2025-01-08 08:55:00,124.8,124.8,124.5,124.8,5313
2025-01-08 08:56:00,124.8,124.96,124.75,124.81,4579
2025-01-08 08:57:00,124.95,124.96,124.82,124.93,4203
2025-01-08 08:58:00,124.92,124.94,124.71,124.845,2700
2025-01-08 08:59:00,124.94,125.0,124.75,125.0,13113
2025-01-08 09:00:00,124.9,125.0,124.83,124.95,6862
2025-01-08 09:01:00,124.92,125.19,124.8303,125.13,14838
2025-01-08 09:02:00,125.13,125.25,125.0,125.19,9676
2025-01-08 09:03:00,125.14,125.2,125.0,125.1,4114
2025-01-08 09:04:00,125.1,125.15,124.95,125.0501,11084
2025-01-08 09:05:00,125.075,125.1,124.93,124.995,5496
2025-01-08 09:06:00,125.0,125.01,124.75,124.97,6896
2025-01-08 09:07:00,124.81,125.0,124.62,124.9,14588
2025-01-08 09:08:00,124.8,124.95,124.8,124.825,6771
2025-01-08 09:09:00,124.825,124.85,124.75,124.82,6451
2025-01-08 09:10:00,124.8,124.87,124.67,124.725,7254
2025-01-08 09:11:00,124.72,124.79,124.5,124.7,4619
2025-01-08 09:12:00,124.79,124.79,124.6,124.7,4733
2025-01-08 09:13:00,124.64,124.8,124.64,124.75,7100
2025-01-08 09:14:00,124.78,124.8,124.7,124.71,4310
2025-01-08 09:15:00,124.75,124.77,124.43,124.7,19833
2025-01-08 09:16:00,124.71,124.8,124.7,124.79,12003
2025-01-08 09:17:00,124.79,124.82,124.7205,124.775,2947
2025-01-08 09:18:00,124.775,125.0,124.7212,124.8604,9943
2025-01-08 09:19:00,124.87,124.93,124.7,124.7283,3274
2025-01-08 09:20:00,124.8,124.9,124.7,124.85,3824
2025-01-08 09:21:00,124.85,124.87,124.7,124.72,14309
2025-01-08 09:22:00,124.71,124.75,124.67,124.694,9333
2025-01-08 09:23:00,124.6999,124.6999,124.5,124.57,9610
2025-01-08 09:24:00,124.6,124.65,124.49,124.49,7619
2025-01-08 09:25:00,124.55,125.0,124.49,124.97,25169
2025-01-08 09:26:00,124.95,125.0,124.64,124.94,11080
2025-01-08 09:27:00,124.78,125.1,124.64,125.05,19931
2025-01-08 09:28:00,124.64,124.65,124.419,124.59,15816
2025-01-08 09:29:00,124.59,124.64,124.41,124.5,9373
2025-01-08 09:30:00,124.51,125.3,124.1,124.825,905928
2025-01-08 09:31:00,124.797,124.85,123.26,123.56,552555
2025-01-08 09:32:00,123.578,123.78,122.24,122.38,596260
2025-01-08 09:33:00,122.37,122.68,122.22,122.55,458182
2025-01-08 09:34:00,122.6,122.89,122.37,122.69,333086
2025-01-08 09:35:00,122.6602,122.95,122.5,122.53,438217
2025-01-08 09:36:00,122.54,122.61,121.88,121.94,538498
2025-01-08 09:37:00,121.97,122.2,121.79,122.0,353737
2025-01-08 09:38:00,122.03,122.14,121.68,121.71,335078
2025-01-08 09:39:00,121.73,121.98,121.6001,121.8566,259301
2025-01-08 09:40:00,121.9,121.94,121.6401,121.9399,281903
2025-01-08 09:41:00,121.94,122.2399,121.65,122.21,365041
2025-01-08 09:42:00,122.2192,122.42,121.9309,122.04,323026
2025-01-08 09:43:00,122.08,122.41,122.0472,122.4,199395
2025-01-08 09:44:00,122.4,122.54,122.23,122.53,255031
2025-01-08 09:45:00,122.53,122.82,122.4568,122.55,322047
2025-01-08 09:46:00,122.56,122.63,122.18,122.31,205631
2025-01-08 09:47:00,122.31,122.8199,122.25,122.8,213853
2025-01-08 09:48:00,122.81,122.94,122.5329,122.67,193308
2025-01-08 09:49:00,122.68,123.115,122.68,123.115,329966
2025-01-08 09:50:00,123.1,123.21,122.84,123.1103,243525
2025-01-08 09:51:00,123.165,123.2099,122.849,123.01,141221
2025-01-08 09:52:00,122.98,123.01,122.65,122.7,224860
2025-01-08 09:53:00,122.71,122.7899,122.27,122.3,226866
2025-01-08 09:54:00,122.3099,122.45,122.16,122.3,181958
2025-01-08 09:55:00,122.32,122.5199,122.04,122.17,182771
2025-01-08 09:56:00,122.11,122.62,121.91,122.5344,289569
2025-01-08 09:57:00,122.5404,122.5579,122.13,122.32,109564
2025-01-08 09:58:00,122.32,122.55,122.16,122.38,131905
2025-01-08 09:59:00,122.38,122.53,122.245,122.499,105123
2025-01-08 10:00:00,122.45,122.7799,122.41,122.65,183401
2025-01-08 10:01:00,122.65,122.77,122.5427,122.6562,118119
2025-01-08 10:02:00,122.7,122.88,122.59,122.83,165674
2025-01-08 10:03:00,122.835,122.9,122.729,122.805,117159
2025-01-08 10:04:00,122.81,122.81,122.46,122.4601,186431
2025-01-08 10:05:00,122.49,122.495,122.21,122.255,183525
2025-01-08 10:06:00,122.25,122.35,122.0,122.1199,230969
2025-01-08 10:07:00,122.1,122.15,121.73,121.84,309794
2025-01-08 10:08:00,121.855,121.9074,121.734,121.82,175828
2025-01-08 10:09:00,121.82,121.84,121.62,121.6512,286138
2025-01-08 10:10:00,121.66,121.77,121.26,121.34,390497
2025-01-08 10:11:00,121.35,121.4499,121.17,121.32,303056
2025-01-08 10:12:00,121.32,121.37,121.0939,121.3577,232719
2025-01-08 10:13:00,121.34,121.4,121.03,121.04,207590
2025-01-08 10:14:00,121.03,121.052,120.84,120.89,387293
2025-01-08 10:15:00,120.9,121.0,120.8,120.89,211006
2025-01-08 10:16:00,120.88,121.005,120.77,121.005,270717
2025-01-08 10:17:00,120.99,121.08,120.85,120.9796,226116
2025-01-08 10:18:00,120.98,121.15,120.96,121.06,173104
2025-01-08 10:19:00,121.05,121.25,121.01,121.235,188697
2025-01-08 10:20:00,121.235,121.39,121.12,121.16,168854
2025-01-08 10:21:00,121.18,121.43,121.1754,121.39,118005
2025-01-08 10:22:00,121.3999,121.3999,121.0703,121.16,159530
2025-01-08 10:23:00,121.165,121.66,121.105,121.64,156399
2025-01-08 10:24:00,121.64,121.77,121.41,121.71,170763
2025-01-08 10:25:00,121.71,121.7499,121.542,121.635,101968
2025-01-08 10:26:00,121.652,121.7,121.4601,121.66,158323
2025-01-08 10:27:00,121.67,121.6725,121.33,121.48,114156
2025-01-08 10:28:00,121.5,121.54,121.27,121.305,79665
2025-01-08 10:29:00,121.3125,121.32,121.13,121.18,130363
2025-01-08 10:30:00,121.19,121.38,121.09,121.3,133113
2025-01-08 10:31:00,121.298,121.43,121.26,121.31,84940
2025-01-08 10:32:00,121.319,121.43,121.26,121.3,100975
2025-01-08 10:33:00,121.31,121.56,121.31,121.528,101675
2025-01-08 10:34:00,121.525,121.57,121.48,121.54,87751
2025-01-08 10:35:00,121.55,121.84,121.5377,121.63,135942
2025-01-08 10:36:00,121.61,121.82,121.61,121.81,110007
2025-01-08 10:37:00,121.81,121.98,121.66,121.94,159875
2025-01-08 10:38:00,121.95,122.0299,121.67,121.675,145353
2025-01-08 10:39:00,121.675,121.84,121.6606,121.7,84564
2025-01-08 10:40:00,121.72,121.8,121.55,121.7373,106375
2025-01-08 10:41:00,121.77,121.81,121.57,121.72,79611
2025-01-08 10:42:00,121.72,121.88,121.6801,121.8489,65128
2025-01-08 10:43:00,121.85,122.03,121.783,121.82,116961
2025-01-08 10:44:00,121.79,121.96,121.76,121.93,89084
2025-01-08 10:45:00,121.93,122.0352,121.8,121.85,99590
2025-01-08 10:46:00,121.8788,121.92,121.75,121.845,74666
2025-01-08 10:47:00,121.85,121.86,121.51,121.62,105717
2025-01-08 10:48:00,121.63,121.85,121.62,121.82,71548
2025-01-08 10:49:00,121.81,121.87,121.73,121.842,57321
2025-01-08 10:50:00,121.86,121.94,121.8,121.9186,70995
2025-01-08 10:51:00,121.9222,122.14,121.8884,122.12,100441
2025-01-08 10:52:00,122.0972,122.13,121.89,122.0844,108181
2025-01-08 10:53:00,122.08,122.16,121.88,121.899,104687
2025-01-08 10:54:00,121.89,121.9999,121.85,121.9,56281
2025-01-08 10:55:00,121.91,122.0474,121.88,121.88,58404
2025-01-08 10:56:00,121.885,121.95,121.822,121.83,57979
2025-01-08 10:57:00,121.835,122.0251,121.8237,122.0163,57461
2025-01-08 10:58:00,122.039,122.18,122.0,122.015,126135
2025-01-08 10:59:00,122.0299,122.06,121.93,121.95,63559
2025-01-08 11:00:00,121.97,122.015,121.86,121.875,77379
2025-01-08 11:01:00,121.875,121.9204,121.8,121.8299,46925
2025-01-08 11:02:00,121.81,121.95,121.7101,121.725,104275
2025-01-08 11:03:00,121.71,121.84,121.69,121.838,61300
2025-01-08 11:04:00,121.825,121.865,121.78,121.795,38680
2025-01-08 11:05:00,121.8,121.81,121.54,121.58,103091
2025-01-08 11:06:00,121.59,121.605,121.32,121.35,146281
2025-01-08 11:07:00,121.37,121.52,121.3,121.435,80316
2025-01-08 11:08:00,121.45,121.59,121.42,121.51,52334
2025-01-08 11:09:00,121.545,121.57,121.37,121.52,92197
2025-01-08 11:10:00,121.54,122.01,121.54,121.952,107800
2025-01-08 11:11:00,121.98,122.0198,121.91,121.99,81162
2025-01-08 11:12:00,121.9954,122.0178,121.86,121.9581,72346
2025-01-08 11:13:00,121.9501,122.11,121.8984,121.9803,65549
2025-01-08 11:14:00,122.01,122.1177,121.98,122.1,49853
2025-01-08 11:15:00,122.11,122.15,121.99,122.14,70278
2025-01-08 11:16:00,122.15,122.23,122.0201,122.215,83792
2025-01-08 11:17:00,122.2,122.22,122.08,122.12,59945
2025-01-08 11:18:00,122.1,122.165,122.055,122.1255,34180
2025-01-08 11:19:00,122.125,122.24,122.11,122.1576,38976
2025-01-08 11:20:00,122.17,122.33,122.17,122.32,138016
2025-01-08 11:21:00,122.31,122.37,122.26,122.35,96241
2025-01-08 11:22:00,122.37,122.465,122.37,122.4099,91022
2025-01-08 11:23:00,122.42,122.47,122.39,122.44,76242
2025-01-08 11:24:00,122.44,122.51,122.26,122.37,125886
2025-01-08 11:25:00,122.4,122.42,122.2158,122.25,64948
2025-01-08 11:26:00,122.29,122.35,122.18,122.275,78413
2025-01-08 11:27:00,122.26,122.3099,122.17,122.245,50508
2025-01-08 11:28:00,122.255,122.325,122.19,122.297,50507
2025-01-08 11:29:00,122.3,122.335,122.19,122.2404,58144
2025-01-08 11:30:00,122.26,122.46,122.26,122.44,51106
2025-01-08 11:31:00,122.45,122.46,122.38,122.41,64092
2025-01-08 11:32:00,122.41,122.6,122.405,122.5,99058
2025-01-08 11:33:00,122.49,122.64,122.47,122.62,60882
2025-01-08 11:34:00,122.64,122.68,122.6,122.61,116654
2025-01-08 11:35:00,122.6,122.71,122.59,122.66,61979
2025-01-08 11:36:00,122.65,122.97,122.64,122.84,135843
2025-01-08 11:37:00,122.84,122.97,122.84,122.85,96287
2025-01-08 11:38:00,122.86,122.96,122.85,122.905,78775
2025-01-08 11:39:00,122.89,122.92,122.72,122.7441,115534
2025-01-08 11:40:00,122.7599,122.82,122.6172,122.76,76068
2025-01-08 11:41:00,122.75,122.8099,122.685,122.77,43781
2025-01-08 11:42:00,122.776,122.94,122.77,122.9,65260
2025-01-08 11:43:00,122.89,122.9399,122.6613,122.6613,64824
2025-01-08 11:44:00,122.66,122.78,122.57,122.759,57414
2025-01-08 11:45:00,122.78,122.87,122.76,122.8,43430
2025-01-08 11:46:00,122.78,122.79,122.71,122.7327,40639
2025-01-08 11:47:00,122.741,122.741,122.63,122.694,40996
2025-01-08 11:48:00,122.6772,122.74,122.6504,122.68,28536
2025-01-08 11:49:00,122.68,122.685,122.57,122.6,43508
2025-01-08 11:50:00,122.6,122.65,122.55,122.61,48031
2025-01-08 11:51:00,122.62,122.62,122.48,122.5724,55580
2025-01-08 11:52:00,122.581,122.62,122.47,122.62,32676
2025-01-08 11:53:00,122.595,122.6697,122.5259,122.655,24567
2025-01-08 11:54:00,122.67,122.67,122.56,122.62,29121
2025-01-08 11:55:00,122.61,122.61,122.48,122.48,29912
2025-01-08 11:56:00,122.48,122.69,122.44,122.62,66546
2025-01-08 11:57:00,122.62,122.64,122.537,122.595,49947
2025-01-08 11:58:00,122.59,122.66,122.5681,122.6291,27698
2025-01-08 11:59:00,122.63,122.645,122.533,122.55,25438
2025-01-08 12:00:00,122.545,122.5795,122.5,122.55,61832
2025-01-08 12:01:00,122.55,122.56,122.46,122.53,216055
2025-01-08 12:02:00,122.52,122.55,122.32,122.365,85933
2025-01-08 12:03:00,122.36,122.3899,122.29,122.3,57034
2025-01-08 12:04:00,122.29,122.36,122.195,122.195,52030
2025-01-08 12:05:00,122.206,122.3437,122.19,122.275,48444
2025-01-08 12:06:00,122.275,122.315,122.13,122.1629,50194
2025-01-08 12:07:00,122.17,122.19,122.05,122.1,49990
2025-01-08 12:08:00,122.0999,122.139,121.94,121.97,107672
2025-01-08 12:09:00,121.985,122.07,121.96,122.055,38255
2025-01-08 12:10:00,122.07,122.1,121.97,122.0,33957
2025-01-08 12:11:00,121.985,122.015,121.91,121.9843,50413
2025-01-08 12:12:00,121.975,122.09,121.9,121.9101,51013
2025-01-08 12:13:00,121.93,122.0,121.9,121.985,32289
2025-01-08 12:14:00,121.99,122.05,121.89,121.975,48232
2025-01-08 12:15:00,121.97,122.0,121.924,121.9324,25783
2025-01-08 12:16:00,121.93,121.9799,121.88,121.885,67894
2025-01-08 12:17:00,121.87,121.94,121.7001,121.715,85470
2025-01-08 12:18:00,121.715,121.7524,121.64,121.64,80371
2025-01-08 12:19:00,121.63,121.65,121.57,121.6453,88743
2025-01-08 12:20:00,121.66,121.7299,121.63,121.64,74177
2025-01-08 12:21:00,121.64,121.65,121.4201,121.45,131259
2025-01-08 12:22:00,121.44,121.5,121.3,121.32,105246
2025-01-08 12:23:00,121.29,121.35,121.06,121.07,154264
2025-01-08 12:24:00,121.08,121.16,121.045,121.0784,95179
2025-01-08 12:25:00,121.08,121.12,120.9308,120.97,233381
2025-01-08 12:26:00,120.975,120.99,120.88,120.88,103630
2025-01-08 12:27:00,120.89,120.95,120.57,120.6,229531
2025-01-08 12:28:00,120.62,120.6499,120.42,120.4464,240101
2025-01-08 12:29:00,120.455,120.48,120.2601,120.37,134103
2025-01-08 12:30:00,120.36,120.4,120.19,120.22,129880
2025-01-08 12:31:00,120.23,120.3822,120.1201,120.3822,168359
2025-01-08 12:32:00,120.372,120.59,120.36,120.53,145462
2025-01-08 12:33:00,120.5496,120.69,120.52,120.657,93585
2025-01-08 12:34:00,120.655,120.69,120.62,120.66,80259
2025-01-08 12:35:00,120.6899,120.7,120.6,120.615,77661
2025-01-08 12:36:00,120.6499,120.66,120.4954,120.635,95035
2025-01-08 12:37:00,120.62,120.74,120.5554,120.727,60274
2025-01-08 12:38:00,120.72,120.7916,120.57,120.59,94330
2025-01-08 12:39:00,120.58,120.6186,120.51,120.5598,77030
2025-01-08 12:40:00,120.54,120.73,120.53,120.67,85872
2025-01-08 12:41:00,120.68,120.83,120.67,120.7976,86424
2025-01-08 12:42:00,120.8,120.92,120.8,120.83,122465
2025-01-08 12:43:00,120.815,120.96,120.8,120.92,60419
2025-01-08 12:44:00,120.92,120.96,120.8801,120.9233,44114
2025-01-08 12:45:00,120.91,120.93,120.76,120.84,75495
2025-01-08 12:46:00,120.83,120.9031,120.76,120.88,40105
2025-01-08 12:47:00,120.875,120.875,120.7,120.7,73790
2025-01-08 12:48:00,120.7,120.82,120.67,120.77,100669
2025-01-08 12:49:00,120.77,120.78,120.56,120.652,66566
2025-01-08 12:50:00,120.68,120.85,120.649,120.77,81864
2025-01-08 12:51:00,120.77,120.92,120.77,120.91,47843
2025-01-08 12:52:00,120.94,121.06,120.9192,121.015,87722
2025-01-08 12:53:00,121.015,121.04,120.8911,121.02,189074
2025-01-08 12:54:00,121.04,121.04,120.95,120.96,28340
2025-01-08 12:55:00,120.98,120.98,120.86,120.9799,47589
2025-01-08 12:56:00,120.98,121.165,120.98,121.135,51033
2025-01-08 12:57:00,121.135,121.28,121.12,121.25,73876
2025-01-08 12:58:00,121.26,121.31,121.2034,121.31,46834
2025-01-08 12:59:00,121.295,121.295,121.21,121.22,46024
2025-01-08 13:00:00,121.22,121.48,121.2,121.3778,84526
2025-01-08 13:01:00,121.41,121.4298,121.32,121.33,50679
2025-01-08 13:02:00,121.3263,121.64,121.3001,121.5499,131365
2025-01-08 13:03:00,121.53,121.5399,121.41,121.45,49974
2025-01-08 13:04:00,121.461,121.601,121.461,121.56,41207
2025-01-08 13:05:00,121.56,121.56,121.36,121.3701,72241
2025-01-08 13:06:00,121.4,121.65,121.4,121.61,65177
2025-01-08 13:07:00,121.6191,121.6397,121.47,121.4912,80593
2025-01-08 13:08:00,121.516,121.5967,121.4987,121.5548,39180
2025-01-08 13:09:00,121.555,121.67,121.555,121.61,51854
2025-01-08 13:10:00,121.62,121.65,121.58,121.64,29337
2025-01-08 13:11:00,121.63,121.73,121.6,121.72,67066
2025-01-08 13:12:00,121.72,121.8,121.66,121.71,61159
2025-01-08 13:13:00,121.69,121.7696,121.662,121.755,46027
2025-01-08 13:14:00,121.75,121.78,121.67,121.78,44845
2025-01-08 13:15:00,121.78,121.825,121.7456,121.81,50113
2025-01-08 13:16:00,121.805,121.94,121.7701,121.86,76452
2025-01-08 13:17:00,121.86,121.96,121.85,121.87,41939
2025-01-08 13:18:00,121.88,121.8999,121.82,121.823,49395
2025-01-08 13:19:00,121.85,121.93,121.81,121.86,42779
2025-01-08 13:20:00,121.8578,121.86,121.76,121.85,65172
2025-01-08 13:21:00,121.85,121.85,121.79,121.8293,40363
2025-01-08 13:22:00,121.81,121.8299,121.68,121.7498,80789
2025-01-08 13:23:00,121.7395,121.84,121.73,121.83,45232
2025-01-08 13:24:00,121.84,121.98,121.84,121.95,43464
2025-01-08 13:25:00,121.96,122.15,121.95,122.115,87993
2025-01-08 13:26:00,122.1,122.19,122.0858,122.16,56768
2025-01-08 13:27:00,122.16,122.18,122.0932,122.18,47804
2025-01-08 13:28:00,122.17,122.34,122.1508,122.2108,126120
2025-01-08 13:29:00,122.21,122.21,122.05,122.0667,50200
2025-01-08 13:30:00,122.06,122.06,121.83,121.89,97650
2025-01-08 13:31:00,121.9,122.0499,121.81,122.0129,72352
2025-01-08 13:32:00,122.03,122.0497,121.89,122.0002,54120
2025-01-08 13:33:00,122.01,122.02,121.9,121.9363,35084
2025-01-08 13:34:00,121.94,121.973,121.9,121.94,31652
2025-01-08 13:35:00,121.94,121.9897,121.9048,121.9243,39162
2025-01-08 13:36:00,121.9029,122.128,121.9029,122.09,59079
2025-01-08 13:37:00,122.0845,122.13,122.01,122.022,42973
2025-01-08 13:38:00,122.0173,122.22,122.01,122.155,59147
2025-01-08 13:39:00,122.14,122.32,122.14,122.28,68390
2025-01-08 13:40:00,122.28,122.305,122.07,122.1099,48787
2025-01-08 13:41:00,122.1001,122.11,122.0,122.0897,32172
2025-01-08 13:42:00,122.082,122.17,121.8851,121.92,117760
2025-01-08 13:43:00,121.8871,122.045,121.8871,122.0,73488
2025-01-08 13:44:00,122.02,122.11,122.02,122.11,30136
2025-01-08 13:45:00,122.1,122.141,121.98,121.99,41511
2025-01-08 13:46:00,122.0,122.08,122.0,122.02,21205
2025-01-08 13:47:00,122.015,122.08,121.93,121.995,150009
2025-01-08 13:48:00,121.9943,122.0299,121.9474,122.02,23869
2025-01-08 13:49:00,122.03,122.07,121.9202,121.935,39489
2025-01-08 13:50:00,121.94,122.0,121.8801,121.9401,66358
2025-01-08 13:51:00,121.97,121.97,121.8001,121.825,58427
2025-01-08 13:52:00,121.825,121.89,121.702,121.7402,89898
2025-01-08 13:53:00,121.752,121.765,121.45,121.55,96064
2025-01-08 13:54:00,121.55,121.58,121.43,121.5611,59140
2025-01-08 13:55:00,121.5448,121.65,121.515,121.5264,39385
2025-01-08 13:56:00,121.54,121.545,121.44,121.4996,87956
2025-01-08 13:57:00,121.48,121.64,121.45,121.6213,86327
2025-01-08 13:58:00,121.61,121.73,121.59,121.68,46552
2025-01-08 13:59:00,121.68,121.76,121.57,121.707,58688
2025-01-08 14:00:00,121.72,121.76,121.52,121.57,41841
2025-01-08 14:01:00,121.6,121.65,121.44,121.47,59481
2025-01-08 14:02:00,121.485,121.485,121.25,121.33,72300
2025-01-08 14:03:00,121.33,121.45,121.26,121.41,56677
2025-01-08 14:04:00,121.39,121.4834,121.36,121.41,51189
2025-01-08 14:05:00,121.41,121.636,121.41,121.54,66747
2025-01-08 14:06:00,121.5599,121.667,121.47,121.5928,51525
2025-01-08 14:07:00,121.6,121.78,121.52,121.73,66072
2025-01-08 14:08:00,121.713,121.97,121.7001,121.94,66710
2025-01-08 14:09:00,121.93,121.99,121.79,121.975,73557
2025-01-08 14:10:00,121.96,121.98,121.7903,121.8072,54908
2025-01-08 14:11:00,121.815,121.83,121.5967,121.61,46140
2025-01-08 14:12:00,121.6189,121.66,121.42,121.445,62766
2025-01-08 14:13:00,121.435,121.51,121.37,121.42,52498
2025-01-08 14:14:00,121.41,121.4299,121.33,121.38,50986
2025-01-08 14:15:00,121.37,121.64,121.37,121.56,46555
2025-01-08 14:16:00,121.6,121.69,121.53,121.6738,38864
2025-01-08 14:17:00,121.685,121.72,121.6103,121.7099,37096
2025-01-08 14:18:00,121.71,121.8199,121.7,121.79,43918
2025-01-08 14:19:00,121.8,121.85,121.73,121.755,41013
2025-01-08 14:20:00,121.74,121.88,121.7,121.845,30807
2025-01-08 14:21:00,121.815,121.92,121.8,121.85,38090
2025-01-08 14:22:00,121.84,121.88,121.7705,121.86,22975
2025-01-08 14:23:00,121.87,121.97,121.85,121.89,53879
2025-01-08 14:24:00,121.9,122.0,121.82,121.835,63697
2025-01-08 14:25:00,121.82,121.92,121.76,121.7796,62847
2025-01-08 14:26:00,121.78,121.865,121.78,121.83,34973
2025-01-08 14:27:00,121.83,122.07,121.81,122.017,71567
2025-01-08 14:28:00,122.04,122.15,122.03,122.08,72833
2025-01-08 14:29:00,122.09,122.09,121.9201,121.96,63236
2025-01-08 14:30:00,121.96,121.96,121.69,121.78,198927
2025-01-08 14:31:00,121.778,121.82,121.68,121.74,52963
2025-01-08 14:32:00,121.73,121.73,121.6,121.618,44273
2025-01-08 14:33:00,121.61,121.63,121.5101,121.63,46775
2025-01-08 14:34:00,121.6,121.63,121.54,121.57,34307
2025-01-08 14:35:00,121.58,121.7399,121.575,121.7365,33873
2025-01-08 14:36:00,121.74,121.76,121.53,121.54,32216
2025-01-08 14:37:00,121.55,121.79,121.52,121.75,35169
2025-01-08 14:38:00,121.77,121.81,121.665,121.68,26673
2025-01-08 14:39:00,121.66,121.6799,121.55,121.5839,42891
2025-01-08 14:40:00,121.587,121.7293,121.56,121.693,34397
2025-01-08 14:41:00,121.6355,121.6885,121.56,121.65,43883
2025-01-08 14:42:00,121.68,121.71,121.47,121.5299,62786
2025-01-08 14:43:00,121.4961,121.585,121.4828,121.54,28269
2025-01-08 14:44:00,121.54,121.64,121.52,121.6399,84266
2025-01-08 14:45:00,121.6,121.74,121.55,121.691,47227
2025-01-08 14:46:00,121.68,121.77,121.62,121.75,57007
2025-01-08 14:47:00,121.75,121.77,121.6218,121.6218,50106
2025-01-08 14:48:00,121.62,121.66,121.54,121.58,73478
2025-01-08 14:49:00,121.5789,121.635,121.52,121.62,49435
2025-01-08 14:50:00,121.62,121.74,121.62,121.67,49010
2025-01-08 14:51:00,121.7,121.735,121.64,121.675,27947
2025-01-08 14:52:00,121.68,121.696,121.56,121.61,59883
2025-01-08 14:53:00,121.59,121.62,121.49,121.595,86066
2025-01-08 14:54:00,121.59,121.59,121.46,121.4703,27641
2025-01-08 14:55:00,121.4934,121.55,121.45,121.51,37605
2025-01-08 14:56:00,121.52,121.56,121.4527,121.5327,31538
2025-01-08 14:57:00,121.53,121.58,121.512,121.5333,21033
2025-01-08 14:58:00,121.54,121.565,121.44,121.565,33849
2025-01-08 14:59:00,121.567,121.58,121.4883,121.58,42932
2025-01-08 15:00:00,121.57,121.69,121.505,121.636,73354
2025-01-08 15:01:00,121.65,121.75,121.61,121.655,62455
2025-01-08 15:02:00,121.6575,121.75,121.65,121.7181,70952
2025-01-08 15:03:00,121.725,121.8738,121.7131,121.8463,66061
2025-01-08 15:04:00,121.83,121.87,121.77,121.815,53228
2025-01-08 15:05:00,121.81,121.8456,121.75,121.81,41249
2025-01-08 15:06:00,121.81,121.81,121.72,121.74,49547
2025-01-08 15:07:00,121.76,121.7852,121.58,121.6,60044
2025-01-08 15:08:00,121.59,121.67,121.57,121.64,35319
2025-01-08 15:09:00,121.65,121.7,121.57,121.645,39461
2025-01-08 15:10:00,121.649,121.74,121.63,121.63,38506
2025-01-08 15:11:00,121.61,121.6194,121.3746,121.4001,62607
2025-01-08 15:12:00,121.41,121.4399,121.235,121.24,78195
2025-01-08 15:13:00,121.24,121.347,121.1501,121.1501,87078
2025-01-08 15:14:00,121.16,121.2199,121.09,121.145,58584
2025-01-08 15:15:00,121.16,121.39,121.15,121.32,74853
2025-01-08 15:16:00,121.33,121.4879,121.33,121.385,46098
2025-01-08 15:17:00,121.39,121.4381,121.35,121.37,42419
2025-01-08 15:18:00,121.365,121.5382,121.35,121.4908,52505
2025-01-08 15:19:00,121.48,121.485,121.42,121.47,37984
2025-01-08 15:20:00,121.4705,121.5199,121.43,121.44,31331
2025-01-08 15:21:00,121.45,121.48,121.39,121.46,56320
2025-01-08 15:22:00,121.4423,121.4423,121.31,121.319,48524
2025-01-08 15:23:00,121.32,121.48,121.32,121.393,57354
2025-01-08 15:24:00,121.42,121.4245,121.31,121.35,76971
2025-01-08 15:25:00,121.36,121.4228,121.25,121.265,97897
2025-01-08 15:26:00,121.29,121.31,121.22,121.29,70333
2025-01-08 15:27:00,121.3,121.33,121.2235,121.275,59587
2025-01-08 15:28:00,121.272,121.32,121.22,121.32,66122
2025-01-08 15:29:00,121.31,121.38,121.28,121.3042,93778
2025-01-08 15:30:00,121.29,121.36,121.29,121.3354,44404
2025-01-08 15:31:00,121.34,121.438,121.32,121.373,52042
2025-01-08 15:32:00,121.3801,121.395,121.27,121.27,36413
2025-01-08 15:33:00,121.28,121.31,121.2,121.28,64003
2025-01-08 15:34:00,121.28,121.28,121.23,121.26,39228
2025-01-08 15:35:00,121.24,121.29,121.2,121.28,70611
2025-01-08 15:36:00,121.29,121.33,121.246,121.285,57256
2025-01-08 15:37:00,121.3016,121.345,121.2,121.225,90432
2025-01-08 15:38:00,121.22,121.2328,121.15,121.17,102181
2025-01-08 15:39:00,121.17,121.25,121.15,121.18,41735
2025-01-08 15:40:00,121.18,121.21,121.08,121.19,101890
2025-01-08 15:41:00,121.21,121.25,121.11,121.148,89392
2025-01-08 15:42:00,121.14,121.33,121.14,121.3022,233450
2025-01-08 15:43:00,121.31,121.48,121.299,121.47,142905
2025-01-08 15:44:00,121.475,121.52,121.46,121.47,123357
2025-01-08 15:45:00,121.47,121.4913,121.372,121.47,117278
2025-01-08 15:46:00,121.4789,121.53,121.4251,121.52,73386
2025-01-08 15:47:00,121.528,121.55,121.43,121.54,92165
2025-01-08 15:48:00,121.54,121.61,121.48,121.49,102568
2025-01-08 15:49:00,121.5,121.54,121.48,121.49,79388
2025-01-08 15:50:00,121.49,121.56,121.3,121.42,181429
2025-01-08 15:51:00,121.42,121.42,121.22,121.22,97557
2025-01-08 15:52:00,121.21,121.33,121.17,121.295,131427
2025-01-08 15:53:00,121.31,121.35,121.22,121.2976,127341
2025-01-08 15:54:00,121.3,121.45,121.256,121.3825,134753
2025-01-08 15:55:00,121.38,121.85,121.37,121.735,352346
2025-01-08 15:56:00,121.73,121.74,121.6501,121.695,184430
2025-01-08 15:57:00,121.7,121.78,121.63,121.77,184501
2025-01-08 15:58:00,121.77,121.81,121.72,121.7225,210705
2025-01-08 15:59:00,121.72,121.89,121.66,121.85,424793
2025-01-08 16:00:00,121.85,121.9,121.75,121.9,4877154
2025-01-08 16:01:00,121.84,121.94,121.84,121.89,12808
2025-01-08 16:02:00,121.8898,121.97,121.84,121.93,760463
2025-01-08 16:03:00,121.96,121.96,121.87,121.87,12517
2025-01-08 16:04:00,121.88,121.88,121.83,121.8406,3144
2025-01-08 16:05:00,121.87,129.04,121.84,121.855,5363
2025-01-08 16:06:00,121.8694,121.87,121.79,121.83,5629
2025-01-08 16:07:00,121.82,121.84,121.77,121.77,16647
2025-01-08 16:08:00,121.7601,121.81,121.75,121.78,3455
2025-01-08 16:09:00,121.78,121.84,121.7609,121.81,5885
2025-01-08 16:10:00,121.82,121.83,121.8,121.815,563
2025-01-08 16:11:00,121.83,121.84,121.7817,121.84,8996
2025-01-08 16:12:00,121.83,121.84,121.82,121.83,3307
2025-01-08 16:13:00,121.82,121.83,121.79,121.82,722
2025-01-08 16:14:00,121.81,121.83,121.76,121.82,6683
2025-01-08 16:15:00,121.84,121.84,121.8,121.825,4657
2025-01-08 16:16:00,121.84,121.84,121.815,121.815,3016
2025-01-08 16:17:00,121.815,121.85,121.815,121.85,7569
2025-01-08 16:18:00,121.85,121.86,121.84,121.85,135601
2025-01-08 16:19:00,121.84,121.85,121.82,121.835,3012
2025-01-08 16:20:00,121.85,121.85,121.82,121.83,33709
2025-01-08 16:21:00,121.84,121.84,121.82,121.8201,674
2025-01-08 16:22:00,121.83,121.84,121.82,121.83,2681
2025-01-08 16:23:00,121.83,121.85,121.82,121.84,6126
2025-01-08 16:24:00,121.83,121.84,121.82,121.8395,1721
2025-01-08 16:25:00,121.8383,121.84,121.81,121.84,1518
2025-01-08 16:26:00,121.84,121.84,121.7998,121.8,3983
2025-01-08 16:27:00,121.8,121.8,121.75,121.7799,1193
2025-01-08 16:28:00,121.77,121.8,121.76,121.78,1896
2025-01-08 16:29:00,121.79,121.8,121.76,121.8,422
2025-01-08 16:30:00,121.8,121.82,121.6,121.8,8011
2025-01-08 16:31:00,121.77,121.819,121.75,121.819,2912
2025-01-08 16:32:00,121.8002,121.84,121.795,121.82,457
2025-01-08 16:33:00,121.83,121.83,121.5,121.8197,344
2025-01-08 16:34:00,121.82,121.84,121.25,121.63,19427
2025-01-08 16:35:00,121.37,121.8,121.2,121.6,1907
2025-01-08 16:36:00,121.45,121.6,121.16,121.16,4662
2025-01-08 16:37:00,121.21,121.25,121.0,121.14,33680
2025-01-08 16:38:00,121.15,121.1983,120.5,120.6,37281
2025-01-08 16:39:00,120.64,121.0,120.56,120.88,7162
2025-01-08 16:40:00,120.88,121.0,120.32,120.45,32066
2025-01-08 16:41:00,120.5,120.7,120.45,120.6097,15642
2025-01-08 16:42:00,120.6099,120.7,120.555,120.6,10104
2025-01-08 16:43:00,120.6,120.95,120.55,120.6,10445
2025-01-08 16:44:00,120.88,120.95,120.6,120.83,8117
2025-01-08 16:45:00,120.88,120.95,120.65,120.7982,11059
2025-01-08 16:46:00,120.76,120.85,120.65,120.84,6454
2025-01-08 16:47:00,120.85,120.85,120.68,120.7899,2193
2025-01-08 16:48:00,120.74,120.8,120.7,120.79,4426
2025-01-08 16:49:00,120.8,120.9,120.72,120.85,1745
2025-01-08 16:50:00,120.8582,120.9,120.78,120.85,2877
2025-01-08 16:51:00,120.8985,121.84,120.8,120.86,10957
2025-01-08 16:52:00,120.8796,120.88,120.76,120.85,8463
2025-01-08 16:53:00,120.85,120.9,120.8,120.9,2881
2025-01-08 16:54:00,120.875,120.96,120.8601,120.89,13360
2025-01-08 16:55:00,120.94,121.0,120.88,120.96,2766
2025-01-08 16:56:00,120.96,121.1,120.94,121.05,8460
2025-01-08 16:57:00,121.07,121.1,121.04,121.085,4040
2025-01-08 16:58:00,121.09,121.1,121.04,121.075,7660
2025-01-08 16:59:00,121.09,121.12,121.05,121.08,3442
2025-01-08 17:00:00,121.08,121.1,121.06,121.08,601
2025-01-08 17:01:00,121.07,121.08,120.85,120.9,6545
2025-01-08 17:02:00,121.03,121.03,120.8,120.9,828
2025-01-08 17:03:00,120.99,121.0,120.8101,120.95,1859
2025-01-08 17:04:00,120.91,121.0,120.9022,120.99,1152
2025-01-08 17:05:00,120.98,120.99,120.92,120.96,1238
2025-01-08 17:06:00,120.96,120.98,120.96,120.98,2055
2025-01-08 17:07:00,120.9601,121.0,120.96,120.9607,1905
2025-01-08 17:08:00,120.98,121.09,120.96,121.05,8457
2025-01-08 17:09:00,121.09,121.09,121.0,121.01,1079
2025-01-08 17:10:00,121.028,121.028,120.875,120.9,9330
2025-01-08 17:11:00,120.91,120.95,120.88,120.8804,1523
2025-01-08 17:12:00,120.94,120.95,120.9,120.9494,2559
2025-01-08 17:13:00,120.9493,120.95,120.9201,120.94,3694
2025-01-08 17:14:00,120.94,121.15,120.93,121.105,6176
2025-01-08 17:15:00,121.15,124.7151,121.01,121.055,2454
2025-01-08 17:16:00,121.08,121.09,121.0,121.015,2671
2025-01-08 17:17:00,121.05,121.07,120.85,120.85,6216
2025-01-08 17:18:00,120.8998,120.9,120.84,120.84,2809
2025-01-08 17:19:00,120.85,120.89,120.81,120.89,1762
2025-01-08 17:20:00,120.89,124.7151,120.83,120.9,6624
2025-01-08 17:21:00,120.8501,121.0,120.83,120.945,4857
2025-01-08 17:22:00,120.945,121.0,120.91,121.0,287
2025-01-08 17:23:00,120.95,126.3583,118.305,120.9,2329
2025-01-08 17:24:00,119.9247,120.9,119.9247,120.87,2217
2025-01-08 17:25:00,120.86,120.88,118.305,120.87,7292
2025-01-08 17:26:00,120.86,122.859,120.8,120.8,7400
2025-01-08 17:27:00,120.85,120.86,120.82,120.86,2508
2025-01-08 17:28:00,120.86,120.99,119.9247,120.9,669
2025-01-08 17:29:00,120.86,120.99,120.82,120.82,1537
2025-01-08 17:30:00,120.95,120.95,120.82,120.91,346
2025-01-08 17:31:00,120.86,120.95,120.82,120.85,5647
2025-01-08 17:32:00,120.85,120.9,120.8233,120.88,1831
2025-01-08 17:33:00,120.8894,120.89,120.8,120.835,4911
2025-01-08 17:34:00,120.87,120.88,120.8,120.84,1329
2025-01-08 17:35:00,120.8799,120.88,120.82,120.83,3705
2025-01-08 17:36:00,120.825,121.84,120.8,120.84,689232
2025-01-08 17:37:00,120.84,120.84,120.76,120.8,4662
2025-01-08 17:38:00,120.795,120.84,120.75,120.77,1738
2025-01-08 17:39:00,120.775,120.8,120.75,120.79,2057
2025-01-08 17:40:00,120.78,120.8,120.7601,120.78,753
2025-01-08 17:41:00,120.78,120.8,120.7,120.77,5241
2025-01-08 17:42:00,120.76,120.8,120.7,120.74,9317
2025-01-08 17:43:00,120.79,120.8,120.69,120.725,1009
2025-01-08 17:44:00,120.75,120.8,120.49,120.74,16537
2025-01-08 17:45:00,120.625,120.8,120.52,120.52,533
2025-01-08 17:46:00,120.8,120.8,120.5,120.8,1437
2025-01-08 17:47:00,120.65,120.8,120.55,120.67,3267
2025-01-08 17:48:00,120.75,120.8,120.55,120.8,2584
2025-01-08 17:49:00,120.7,120.8,120.65,120.78,1403
2025-01-08 17:50:00,120.7,120.8,120.65,120.685,2610
2025-01-08 17:51:00,120.7,120.72,120.65,120.7,756
2025-01-08 17:52:00,120.72,120.72,120.69,120.72,431
2025-01-08 17:53:00,120.72,120.78,120.7024,120.73,1702
2025-01-08 17:54:00,120.72,120.8,120.72,120.72,1248
2025-01-08 17:55:00,120.73,120.73,120.7,120.7,1082
2025-01-08 17:56:00,120.71,120.72,120.52,120.67,6002
2025-01-08 17:57:00,120.59,120.69,120.52,120.6,3911
2025-01-08 17:58:00,120.52,120.56,120.4,120.47,9120
2025-01-08 17:59:00,120.41,120.65,120.4,120.51,48789
2025-01-08 18:00:00,120.51,120.79,120.51,120.79,2628
2025-01-08 18:01:00,120.79,120.8,120.7,120.77,1725
2025-01-08 18:02:00,120.77,120.77,120.7,120.76,1126
2025-01-08 18:03:00,120.72,120.79,120.71,120.73,891
2025-01-08 18:04:00,120.73,120.73,120.7,120.72,1985
2025-01-08 18:05:00,120.7,120.73,120.66,120.73,1106
2025-01-08 18:06:00,120.72,120.73,120.7,120.7294,722
2025-01-08 18:07:00,120.73,120.89,120.71,120.85,6906
2025-01-08 18:08:00,120.85,120.89,120.7101,120.785,569
2025-01-08 18:09:00,120.8483,120.89,120.76,120.89,1282
2025-01-08 18:10:00,120.85,120.89,120.81,120.85,6057
2025-01-08 18:11:00,120.85,120.87,120.8,120.85,790
2025-01-08 18:12:00,120.8,120.87,120.8,120.84,1087
2025-01-08 18:13:00,120.8615,120.87,120.8,120.87,1544
2025-01-08 18:14:00,120.8699,120.8699,120.75,120.75,5700
2025-01-08 18:15:00,120.78,120.84,120.74,120.84,960
2025-01-08 18:16:00,120.8,120.84,120.75,120.84,1107
2025-01-08 18:17:00,120.79,120.84,120.75,120.84,937
2025-01-08 18:18:00,120.84,120.84,120.76,120.79,59
2025-01-08 18:19:00,120.81,120.81,120.75,120.81,1882
2025-01-08 18:20:00,120.8,120.85,120.795,120.82,1840
2025-01-08 18:21:00,120.82,120.85,120.75,120.82,271
2025-01-08 18:22:00,120.8499,120.87,120.7673,120.81,768
2025-01-08 18:23:00,120.85,120.87,120.8,120.85,505
2025-01-08 18:24:00,120.87,121.84,120.805,120.85,4344
2025-01-08 18:25:00,120.8484,120.85,120.77,120.8,369
2025-01-08 18:26:00,120.85,120.85,120.81,120.85,450
2025-01-08 18:27:00,120.85,120.85,120.78,120.78,369
2025-01-08 18:28:00,120.7704,120.85,120.7619,120.8488,583
2025-01-08 18:29:00,120.85,120.85,120.76,120.77,1008
2025-01-08 18:30:00,120.76,120.85,120.74,120.76,2070
2025-01-08 18:31:00,120.74,120.85,120.74,120.85,408
2025-01-08 18:32:00,120.84,120.85,120.76,120.801,1027
2025-01-08 18:33:00,120.85,120.85,120.8,120.805,742
2025-01-08 18:34:00,120.85,120.85,120.8,120.85,125
2025-01-08 18:35:00,120.8,120.85,120.8,120.83,427
2025-01-08 18:36:00,120.815,120.83,120.75,120.79,341
2025-01-08 18:37:00,120.82,120.83,120.7301,120.78,1177
2025-01-08 18:38:00,120.78,120.85,120.73,120.8,1372
2025-01-08 18:39:00,120.78,120.84,120.77,120.81,464
2025-01-08 18:40:00,120.81,120.84,120.78,120.84,2703
2025-01-08 18:41:00,120.84,120.84,120.75,120.78,971
2025-01-08 18:42:00,120.78,120.84,120.75,120.77,722
2025-01-08 18:43:00,120.7691,120.78,120.7504,120.77,2975
2025-01-08 18:44:00,120.77,120.77,120.73,120.74,1205
2025-01-08 18:45:00,120.72,120.75,120.7,120.75,1922
2025-01-08 18:46:00,120.72,120.78,120.71,120.77,2431
2025-01-08 18:47:00,120.74,120.84,120.74,120.8393,1082
2025-01-08 18:48:00,120.84,120.84,120.8,120.84,1049
2025-01-08 18:49:00,120.84,120.84,120.78,120.84,301
2025-01-08 18:50:00,120.84,120.84,120.7909,120.84,606
2025-01-08 18:51:00,120.84,120.84,120.78,120.79,701
2025-01-08 18:52:00,120.79,120.81,120.78,120.79,391
2025-01-08 18:53:00,120.8,120.84,120.78,120.81,1003
2025-01-08 18:54:00,120.83,120.84,120.8,120.8,450
2025-01-08 18:55:00,120.8,120.84,120.7846,120.79,1018
2025-01-08 18:56:00,120.8,120.82,120.79,120.82,92
2025-01-08 18:57:00,120.82,120.83,120.79,120.79,529
2025-01-08 18:58:00,120.7999,120.83,120.79,120.81,704
2025-01-08 18:59:00,120.82,120.83,120.7897,120.79,515
2025-01-08 19:00:00,120.78,120.79,120.78,120.79,3999
2025-01-08 19:01:00,120.785,120.84,120.78,120.82,1417
2025-01-08 19:02:00,120.84,120.84,120.79,120.8,1206
2025-01-08 19:03:00,120.81,120.85,120.78,120.85,880
2025-01-08 19:04:00,120.835,120.86,120.78,120.86,2273
2025-01-08 19:05:00,120.85,120.86,120.8,120.82,307
2025-01-08 19:06:00,120.82,120.86,120.78,120.7897,773
2025-01-08 19:07:00,120.79,120.86,120.78,120.82,655
2025-01-08 19:08:00,120.83,120.85,120.78,120.81,849
2025-01-08 19:09:00,120.83,120.85,120.78,120.84,461
2025-01-08 19:10:00,120.84,120.86,120.805,120.805,806
2025-01-08 19:11:00,120.805,120.83,120.78,120.815,940
2025-01-08 19:12:00,120.85,120.85,120.78,120.79,923
2025-01-08 19:13:00,120.8,120.85,120.78,120.8,1055
2025-01-08 19:14:00,120.85,120.85,120.8,120.805,149
2025-01-08 19:15:00,120.805,120.83,120.79,120.7997,1073
2025-01-08 19:16:00,120.79,120.83,120.78,120.81,1698
2025-01-08 19:17:00,120.83,120.84,120.8,120.8311,406
2025-01-08 19:18:00,120.82,120.84,120.79,120.82,279
2025-01-08 19:19:00,120.8001,120.83,120.8,120.83,425
2025-01-08 19:20:00,120.81,120.85,120.81,120.82,474
2025-01-08 19:21:00,120.82,120.83,120.8,120.815,754
2025-01-08 19:22:00,120.82,120.85,120.8,120.8,3426
2025-01-08 19:23:00,120.83,120.85,120.81,120.83,1269
2025-01-08 19:24:00,120.83,120.85,120.8004,120.83,1829
2025-01-08 19:25:00,120.84,120.85,120.81,120.84,436
2025-01-08 19:26:00,120.825,120.84,120.81,120.84,1014
2025-01-08 19:27:00,120.83,120.84,120.82,120.8395,205
2025-01-08 19:28:00,120.8395,120.84,120.82,120.82,185
2025-01-08 19:29:00,120.83,120.84,120.81,120.82,513
2025-01-08 19:30:00,120.8199,120.83,120.8001,120.8101,868
2025-01-08 19:31:00,120.82,120.87,120.82,120.87,2571
2025-01-08 19:32:00,120.87,120.88,120.8,120.8,828
2025-01-08 19:33:00,120.87,120.88,120.81,120.87,300
2025-01-08 19:34:00,120.84,120.88,120.8,120.85,344
2025-01-08 19:35:00,120.8484,120.85,120.8,120.84,990
2025-01-08 19:36:00,120.84,120.84,120.8,120.82,174
2025-01-08 19:37:00,120.8345,120.88,120.8,120.88,2001
2025-01-08 19:38:00,120.82,120.88,120.78,120.815,4389
2025-01-08 19:39:00,120.8482,120.87,120.8,120.82,1133
2025-01-08 19:40:00,120.8,120.87,120.8,120.81,839
2025-01-08 19:41:00,120.81,120.85,120.81,120.84,339
2025-01-08 19:42:00,120.84,120.87,120.83,120.85,1767
2025-01-08 19:43:00,120.8699,120.8699,120.81,120.83,1321
2025-01-08 19:44:00,120.83,120.83,120.8,120.815,2959
2025-01-08 19:45:00,120.8299,120.86,120.8,120.82,1788
2025-01-08 19:46:00,120.82,120.86,120.81,120.82,524
2025-01-08 19:47:00,120.85,120.85,120.81,120.84,843
2025-01-08 19:48:00,120.84,120.87,120.8201,120.87,1822
2025-01-08 19:49:00,120.86,120.89,120.84,120.8899,2960
2025-01-08 19:50:00,120.89,121.0,120.87,120.9208,2743
2025-01-08 19:51:00,120.9207,120.95,120.873,120.95,1096
2025-01-08 19:52:00,120.905,120.95,120.86,120.9,539
2025-01-08 19:53:00,120.9,120.94,120.89,120.92,538
2025-01-08 19:54:00,120.92,120.92,120.89,120.92,4689
2025-01-08 19:55:00,120.94,121.0,120.92,120.975,5274
2025-01-08 19:56:00,120.95,121.0,120.94,120.94,1647
2025-01-08 19:57:00,120.95,120.95,120.9311,120.94,2345
2025-01-08 19:58:00,120.94,120.95,120.93,120.93,1150
2025-01-08 19:59:00,120.95,120.99,120.92,120.96,3125
2025-01-10 04:00:00,119.94,120.38,119.5,119.6,23525
2025-01-10 04:01:00,119.63,119.87,119.36,119.62,11775
2025-01-10 04:02:00,119.6,119.79,119.5,119.67,6492
2025-01-10 04:03:00,119.65,119.7,119.52,119.59,4009
2025-01-10 04:04:00,119.58,119.59,119.11,119.29,9968
2025-01-10 04:05:00,119.39,119.44,119.24,119.36,2883
2025-01-10 04:06:00,119.34,119.36,119.21,119.26,5173
2025-01-10 04:07:00,119.27,119.4,119.27,119.4,710
2025-01-10 04:08:00,119.35,119.49,119.31,119.43,2200
2025-01-10 04:09:00,119.43,119.59,119.34,119.59,2920
2025-01-10 04:10:00,119.54,119.54,119.32,119.33,1325
2025-01-10 04:11:00,119.35,119.43,119.32,119.36,1260
2025-01-10 04:12:00,119.44,119.44,119.34,119.39,1004
2025-01-10 04:13:00,119.4,119.53,119.36,119.44,2280
2025-01-10 04:14:00,119.4,119.53,119.39,119.51,1285
2025-01-10 04:15:00,119.5,119.54,119.42,119.47,1272
2025-01-10 04:16:00,119.45,119.49,119.19,119.34,6277
2025-01-10 04:17:00,119.31,119.31,118.82,119.04,22368
2025-01-10 04:18:00,119.2,119.2,119.1,119.19,132
2025-01-10 04:19:00,119.19,119.2,119.12,119.2,109
2025-01-10 04:20:00,119.19,119.19,119.0,119.0,2564
2025-01-10 04:21:00,119.0,119.03,118.91,118.91,2232
2025-01-10 04:22:00,118.91,118.95,118.86,118.9,2660
2025-01-10 04:23:00,118.94,119.12,118.92,119.0,1950
2025-01-10 04:24:00,119.08,119.08,119.01,119.06,104
2025-01-10 04:25:00,119.06,119.15,119.0,119.11,4222
2025-01-10 04:26:00,119.09,119.14,119.02,119.09,1016
2025-01-10 04:27:00,119.1,119.25,119.1,119.22,1197
2025-01-10 04:28:00,119.22,119.27,119.15,119.23,616
2025-01-10 04:29:00,119.22,119.23,119.11,119.15,168
2025-01-10 04:30:00,119.15,119.21,119.12,119.21,308
2025-01-10 04:31:00,119.22,119.28,119.2,119.28,1405
2025-01-10 04:32:00,119.3,119.3,119.23,119.23,618
2025-01-10 04:33:00,119.27,119.31,119.21,119.31,688
2025-01-10 04:34:00,119.31,119.39,119.29,119.37,288
2025-01-10 04:35:00,119.31,119.38,119.31,119.38,183
2025-01-10 04:36:00,119.3,119.39,119.3,119.39,471
2025-01-10 04:37:00,119.4,119.4,119.35,119.35,328
2025-01-10 04:38:00,119.38,119.38,119.37,119.38,148
2025-01-10 04:39:00,119.37,119.49,119.36,119.49,624
2025-01-10 04:40:00,119.41,119.45,119.4,119.45,201
2025-01-10 04:41:00,119.47,119.49,119.45,119.45,415
2025-01-10 04:42:00,119.49,119.49,119.41,119.48,506
2025-01-10 04:43:00,119.45,119.48,119.38,119.4,607
2025-01-10 04:44:00,119.41,119.48,119.36,119.43,869
2025-01-10 04:45:00,119.42,119.42,119.31,119.35,1118
2025-01-10 04:46:00,119.41,119.43,119.3,119.3,93
2025-01-10 04:47:00,119.31,119.34,119.26,119.26,191
2025-01-10 04:48:00,119.26,119.37,119.19,119.37,1095
2025-01-10 04:49:00,119.35,119.38,119.25,119.35,162
2025-01-10 04:50:00,119.32,119.37,119.25,119.26,210
2025-01-10 04:51:00,119.28,119.36,119.25,119.36,138
2025-01-10 04:52:00,119.38,119.38,119.26,119.35,158
2025-01-10 04:53:00,119.28,119.34,119.28,119.3,27
2025-01-10 04:54:00,119.32,119.34,119.3,119.33,390
2025-01-10 04:55:00,119.33,119.38,119.28,119.31,506
2025-01-10 04:56:00,119.3,119.31,119.28,119.3,128
2025-01-10 04:57:00,119.28,119.28,119.0,119.15,8201
2025-01-10 04:58:00,119.19,119.19,119.1,119.15,905
2025-01-10 04:59:00,119.17,119.17,119.05,119.15,3320
2025-01-10 05:00:00,119.18,119.23,119.13,119.23,146
2025-01-10 05:01:00,119.2,119.21,119.13,119.2,106
2025-01-10 05:02:00,119.2,119.28,119.13,119.13,318
2025-01-10 05:03:00,119.16,119.2,119.15,119.16,221
2025-01-10 05:04:00,119.15,119.15,119.05,119.1,960
2025-01-10 05:05:00,119.09,119.12,119.08,119.11,24
2025-01-10 05:06:00,119.1,119.11,119.07,119.1,812
2025-01-10 05:07:00,119.1,119.1,118.95,118.95,2874
2025-01-10 05:08:00,118.95,118.98,118.89,118.9,2721
2025-01-10 05:09:00,118.9,119.29,118.85,119.25,5522
2025-01-10 05:10:00,119.24,119.28,119.2,119.21,506
2025-01-10 05:11:00,119.21,119.31,119.09,119.27,2682
2025-01-10 05:12:00,119.27,119.27,119.2,119.21,414
2025-01-10 05:13:00,119.17,119.25,119.16,119.24,179
2025-01-10 05:14:00,119.23,119.23,119.1,119.1,1346
2025-01-10 05:15:00,119.1,119.21,119.05,119.14,1573
2025-01-10 05:16:00,119.1,119.15,119.03,119.14,278
2025-01-10 05:17:00,119.16,119.16,119.02,119.1,471
2025-01-10 05:18:00,119.06,119.12,119.06,119.08,130
2025-01-10 05:19:00,119.08,119.13,119.06,119.13,2064
2025-01-10 05:20:00,119.1,119.13,119.07,119.07,1250
2025-01-10 05:21:00,119.14,119.14,119.09,119.09,591
2025-01-10 05:22:00,119.14,119.14,119.1,119.1,336
2025-01-10 05:23:00,119.1,119.15,119.05,119.05,2171
2025-01-10 05:24:00,119.07,119.15,119.03,119.09,2918
2025-01-10 05:25:00,119.13,119.15,119.08,119.08,106
2025-01-10 05:26:00,119.12,119.15,119.07,119.1,535
2025-01-10 05:27:00,119.1,119.14,119.1,119.1,132
2025-01-10 05:28:00,119.14,119.14,119.13,119.14,509
2025-01-10 05:29:00,119.14,119.15,119.1,119.1,1017
2025-01-10 05:30:00,119.1,119.15,119.07,119.14,1849
2025-01-10 05:31:00,119.13,119.14,119.09,119.1,178
2025-01-10 05:32:00,119.13,119.15,119.13,119.15,414
2025-01-10 05:33:00,119.14,119.24,119.14,119.21,1006
2025-01-10 05:34:00,119.2,119.2,119.16,119.17,378
2025-01-10 05:35:00,119.22,119.26,119.2,119.26,1452
2025-01-10 05:36:00,119.29,119.3,119.27,119.29,549
2025-01-10 05:37:00,119.28,119.3,119.22,119.25,549
2025-01-10 05:38:00,119.25,119.3,119.25,119.3,287
2025-01-10 05:39:00,119.34,119.4,119.31,119.4,791
2025-01-10 05:40:00,119.4,119.49,119.4,119.49,1311
2025-01-10 05:41:00,119.47,119.53,119.45,119.51,445
2025-01-10 05:42:00,119.52,119.53,119.47,119.47,561
2025-01-10 05:43:00,119.46,119.48,119.41,119.46,273
2025-01-10 05:44:00,119.46,119.5,119.46,119.5,1250
2025-01-10 05:45:00,119.49,119.6,119.49,119.57,1946
2025-01-10 05:46:00,119.58,119.58,119.41,119.41,1787
2025-01-10 05:47:00,119.4,119.52,119.38,119.5,932
2025-01-10 05:48:00,119.5,119.54,119.455,119.53,2638
2025-01-10 05:49:00,119.53,119.55,119.47,119.53,68
2025-01-10 05:50:00,119.53,119.58,119.45,119.55,3135
2025-01-10 05:51:00,119.55,119.55,119.46,119.5,2960
2025-01-10 05:52:00,119.5,119.56,119.5,119.55,715
2025-01-10 05:53:00,119.55,119.75,119.55,119.75,3893
2025-01-10 05:54:00,119.75,119.77,119.7,119.72,2141
2025-01-10 05:55:00,119.74,119.74,119.6,119.63,1215
2025-01-10 05:56:00,119.67,119.7,119.63,119.67,474
2025-01-10 05:57:00,119.67,119.7,119.67,119.68,1090
2025-01-10 05:58:00,119.68,119.68,119.63,119.68,2428
2025-01-10 05:59:00,119.67,119.72,119.64,119.64,1721
2025-01-10 06:00:00,119.71,119.72,119.53,119.67,2673
2025-01-10 06:01:00,119.59,119.76,119.58,119.66,1439
2025-01-10 06:02:00,119.65,119.8,119.63,119.75,1975
2025-01-10 06:03:00,119.75,119.75,119.65,119.73,345
2025-01-10 06:04:00,119.7,119.78,119.69,119.78,287
2025-01-10 06:05:00,119.78,119.8,119.71,119.72,854
2025-01-10 06:06:00,119.78,119.79,119.72,119.75,395
2025-01-10 06:07:00,119.75,119.78,119.71,119.72,148
2025-01-10 06:08:00,119.74,119.75,119.7,119.74,1418
2025-01-10 06:09:00,119.75,119.78,119.74,119.74,1030
2025-01-10 06:10:00,119.74,119.9,119.74,119.87,3552
2025-01-10 06:11:00,119.89,120.0,119.89,120.0,3922
2025-01-10 06:12:00,119.96,120.01,119.94,119.95,4803
2025-01-10 06:13:00,119.94,119.94,119.91,119.93,275
2025-01-10 06:14:00,119.94,119.94,119.81,119.81,1378
2025-01-10 06:15:00,119.81,119.94,119.78,119.9,1719
2025-01-10 06:16:00,119.92,119.92,119.8,119.88,296
2025-01-10 06:17:00,119.83,119.9,119.75,119.9,1555
2025-01-10 06:18:00,119.85,119.94,119.83,119.93,332
2025-01-10 06:19:00,119.87,119.9,119.81,119.83,175
2025-01-10 06:20:00,119.84,119.89,119.74,119.83,3043
2025-01-10 06:21:00,119.85,119.87,119.8,119.8,3359
2025-01-10 06:22:00,119.8,119.8,119.73,119.73,756
2025-01-10 06:23:00,119.78,119.85,119.77,119.85,110
2025-01-10 06:24:00,119.86,119.88,119.72,119.72,507
2025-01-10 06:25:00,119.74,119.86,119.74,119.84,273
2025-01-10 06:26:00,119.85,119.88,119.67,119.67,1453
2025-01-10 06:27:00,119.66,120.02,119.66,120.01,21101
2025-01-10 06:28:00,119.98,120.09,119.92,120.0,652
2025-01-10 06:29:00,120.09,120.11,120.02,120.02,382
2025-01-10 06:30:00,120.08,120.08,119.3,119.82,18678
2025-01-10 06:31:00,119.83,119.89,119.82,119.89,882
2025-01-10 06:32:00,119.9,119.94,119.81,119.82,367
2025-01-10 06:33:00,119.82,119.89,119.59,119.73,466
2025-01-10 06:34:00,119.7,119.8,119.69,119.8,185
2025-01-10 06:35:00,119.79,119.85,119.73,119.85,31
2025-01-10 06:36:00,119.8,119.86,119.74,119.81,282
2025-01-10 06:37:00,119.8,119.87,119.78,119.79,457
2025-01-10 06:38:00,119.81,119.81,119.71,119.71,252
2025-01-10 06:39:00,119.77,119.78,119.69,119.77,390
2025-01-10 06:40:00,119.78,119.78,119.72,119.72,106
2025-01-10 06:41:00,119.79,119.79,119.72,119.72,252
2025-01-10 06:42:00,119.73,119.8,119.73,119.8,47
2025-01-10 06:43:00,119.8,119.8,119.7,119.74,1807
2025-01-10 06:44:00,119.74,119.84,119.72,119.84,311
2025-01-10 06:45:00,119.8,119.83,119.75,119.79,520
2025-01-10 06:46:00,119.75,120.0,119.75,120.0,4209
2025-01-10 06:47:00,119.89,119.99,119.85,119.99,52
2025-01-10 06:48:00,119.97,119.97,119.81,119.82,467
2025-01-10 06:49:00,119.93,119.97,119.82,119.88,2693
2025-01-10 06:50:00,119.87,119.94,119.75,119.86,4703
2025-01-10 06:51:00,119.9,119.9,119.79,119.84,882
2025-01-10 06:52:00,119.85,119.85,119.85,119.85,91
2025-01-10 06:53:00,119.85,119.85,119.75,119.75,2877
2025-01-10 06:54:00,119.8,119.8,119.65,119.65,2457
2025-01-10 06:55:00,119.62,119.79,119.55,119.67,8083
2025-01-10 06:56:00,119.67,119.8,119.67,119.8,953
2025-01-10 06:57:00,119.72,119.77,119.72,119.75,728
2025-01-10 06:58:00,119.75,119.8,119.73,119.73,105
2025-01-10 06:59:00,119.75,119.92,119.6,119.68,2815
2025-01-10 07:00:00,119.68,120.2,119.6,119.89,34530
2025-01-10 07:01:00,119.87,119.96,119.7,119.74,7068
2025-01-10 07:02:00,119.7,119.92,119.56,119.78,7728
2025-01-10 07:03:00,119.76,119.9,119.68,119.68,3359
2025-01-10 07:04:00,119.75,119.85,119.61,119.69,6322
2025-01-10 07:05:00,119.68,119.72,119.3,119.5,12988
2025-01-10 07:06:00,119.5,119.5,119.36,119.4,3367
2025-01-10 07:07:00,119.36,119.4,119.31,119.31,2984
2025-01-10 07:08:00,119.35,119.39,119.3,119.35,1668
2025-01-10 07:09:00,119.34,119.4,119.3,119.38,2277
2025-01-10 07:10:00,119.38,119.4,119.37,119.4,1758
2025-01-10 07:11:00,119.46,119.49,119.38,119.42,1751
2025-01-10 07:12:00,119.42,119.42,119.26,119.32,2369
2025-01-10 07:13:00,119.3,119.35,119.25,119.34,1755
2025-01-10 07:14:00,119.35,119.47,119.35,119.46,1912
2025-01-10 07:15:00,119.44,119.48,119.41,119.42,2389
2025-01-10 07:16:00,119.47,119.48,119.41,119.43,805
2025-01-10 07:17:00,119.46,119.48,119.41,119.48,1929
2025-01-10 07:18:00,119.48,119.61,119.48,119.53,6429
2025-01-10 07:19:00,119.56,119.57,119.51,119.51,172
2025-01-10 07:20:00,119.51,119.58,119.5,119.55,485
2025-01-10 07:21:00,119.55,119.61,119.51,119.58,2248
2025-01-10 07:22:00,119.55,119.55,119.47,119.48,1009
2025-01-10 07:23:00,119.49,119.49,119.45,119.49,821
2025-01-10 07:24:00,119.5,119.55,119.5,119.5,1291
2025-01-10 07:25:00,119.5,119.55,119.46,119.48,1171
2025-01-10 07:26:00,119.47,119.49,119.4,119.41,4825
2025-01-10 07:27:00,119.39,119.42,119.34,119.35,1361
2025-01-10 07:28:00,119.33,119.33,119.14,119.27,8502
2025-01-10 07:29:00,119.22,119.25,119.19,119.23,285
2025-01-10 07:30:00,119.21,119.27,119.19,119.21,1179
2025-01-10 07:31:00,119.21,119.27,119.21,119.25,534
2025-01-10 07:32:00,119.25,119.26,119.2,119.26,2723
2025-01-10 07:33:00,119.27,119.34,119.23,119.32,894
2025-01-10 07:34:00,119.35,119.35,119.21,119.21,2091
